local authority: district / unitary (as of April 2023),lad_code,18-Jan,18-Feb,18-Mar,18-Apr,18-May,18-Jun,18-Jul,18-Aug,18-Sep,18-Oct,18-Nov,18-Dec,19-Jan,19-Feb,19-Mar,19-Apr,19-May,19-Jun,19-Jul,19-Aug,19-Sep,19-Oct,19-Nov,19-Dec,20-Jan,20-Feb,20-Mar,20-Apr,20-May,20-Jun,20-Jul,20-Aug,20-Sep,20-Oct,20-Nov,20-Dec,21-Jan,21-Feb,21-Mar,21-Apr,21-May,21-Jun,21-Jul,21-Aug,21-Sep,21-Oct,21-Nov,21-Dec,22-Jan,22-Feb,22-Mar,22-Apr,22-May,22-Jun,22-Jul,22-Aug,22-Sep,22-Oct,22-Nov,22-Dec,23-Jan,23-Feb,23-Mar,23-Apr,23-May,23-Jun,23-Jul,23-Aug,23-Sep,23-Oct,23-Nov,23-Dec,24-Jan,24-Feb,24-Mar,24-Apr,24-May,24-Jun,24-Jul,24-Aug,24-Sep,24-Oct,24-Nov,24-Dec,25-Jan,25-Feb,25-Mar,25-Apr,25-May,25-Jun,25-Jul,25-Aug,25-Sep,25-Oct,25-Nov,25-Dec,26-Jan,26-Feb
Hartlepool,E06000001,3890,4055,4075,4275,4000,3965,3860,3910,3920,3965,3970,3960,3965,3975,3985,3855,3750,3640,3525,3500,3340,3335,3300,3270,3395,3540,3465,4940,5375,5255,5315,5275,5170,4965,4850,4835,4860,4985,4975,4840,4535,4255,4135,3970,3895,3775,3675,3560,3510,3460,3225,3015,3085,2950,2925,2915,2915,2905,3010,3080,3020,2925,3040,3050,2960,2945,3005,2945,2850,2840,2855,2855,2875,2925,2885,2880,2860,2850,3050,3020,2925,2760,2715,2610,2700,2760,2755,2735,2660,2620,2665,2700,2615,2595,2555,2560,2625,2765
Middlesbrough,E06000002,4135,4275,4310,4155,4015,3910,3805,3805,3775,3670,3625,3910,4365,4565,4785,4850,4920,5030,5160,5180,4935,5030,5185,5215,5295,5435,5490,8055,8830,8905,9015,9070,9005,8900,8885,8830,8815,9160,9240,9065,8640,8065,7925,7550,7375,7030,6750,6595,6555,6430,6075,5655,5615,5400,5305,5305,5360,5410,5515,5590,5440,5475,5590,5610,5285,5240,5215,5165,5045,5000,5005,4960,5015,5165,5395,5340,5305,5340,5890,5745,5665,5680,5415,5290,5370,5265,5285,5150,5090,5090,4960,5015,4965,4975,4805,4715,4755,4990
Redcar and Cleveland,E06000003,2985,3090,3075,3035,2915,2710,2635,2600,2610,2600,2575,2625,2875,3030,3215,3270,3330,3285,3340,3395,3405,3500,3515,3640,3720,3815,3845,5665,6180,6010,6020,6080,6090,5935,5810,5760,5665,5900,5890,5725,5365,5005,4795,4655,4515,4240,4055,3900,3935,3985,3810,3470,3425,3400,3320,3295,3290,3275,3330,3360,3400,3470,3575,3535,3265,3230,3190,3225,3105,3190,3205,3220,3295,3435,3395,3305,3210,3180,3350,3405,3365,3180,3175,3175,3185,3235,3160,3070,2900,2930,2925,2920,2865,2880,2885,2885,2970,3135
Stockton-on-Tees,E06000004,3915,3960,3990,3955,3915,3720,3665,3725,3845,4045,4185,4410,4600,4795,4835,4805,4855,4970,4990,4970,4895,4950,4985,5070,5170,5290,5310,7850,8745,8620,8645,8730,8620,8480,8380,8120,8035,8395,8400,8235,7680,7175,6940,6690,6420,6180,5950,5805,5700,5725,5525,5250,5175,5005,4965,5050,5040,4890,4840,4880,4905,4990,5140,5185,4855,4850,4830,4835,4785,4625,4625,4670,4655,4755,4865,4855,4860,4845,5230,5230,5200,5090,4980,4850,4855,4865,4945,4810,4695,4740,4745,4840,4750,4630,4690,4610,4645,4840
Darlington,E06000005,2290,2355,2335,2385,2325,2310,2265,2365,2455,2500,2590,2590,2650,2730,2725,2760,2780,2835,2865,2915,2905,2940,2990,3010,3020,3090,3145,4565,4880,4735,4585,4600,4565,4510,4435,4460,4485,4660,4705,4605,4410,4125,4060,3890,3700,3600,3400,3290,3210,3150,2980,2825,2760,2705,2715,2765,2820,2775,2800,2820,2785,2805,2855,2905,2790,2785,2865,2870,2820,2785,2775,2765,2795,2845,2810,2740,2690,2725,2945,2960,2860,2725,2720,2585,2600,2645,2620,2570,2550,2525,2475,2520,2455,2435,2355,2320,2400,2495
County Durham,E06000047,8860,9540,9955,10490,10415,10340,10445,10830,11435,11845,12030,12170,12450,12705,12715,12585,12480,12610,12530,12535,12355,12745,12690,12765,12740,13160,13090,19915,21620,21365,21265,21600,21410,20790,20480,20035,19925,20475,20225,19895,18795,17675,17265,16730,16185,15570,14690,14140,13925,13815,13165,12365,11890,11450,11195,11135,11205,10805,10930,10915,10540,10645,10955,11015,10385,10425,10440,10450,10120,10205,10440,10445,10505,10705,10645,10580,10525,10555,11405,11555,11615,11405,11280,10875,10770,11040,10770,10505,10160,10115,9970,10120,9920,10085,10040,10050,10140,10485
Northumberland,E06000057,5010,5075,5210,5165,5010,4785,4600,4635,4595,4605,4630,4790,5135,5440,5680,5785,5850,5750,5790,6000,6090,6285,6390,6450,6455,6665,6765,10915,11850,11265,11330,11475,11165,10815,10985,10915,10940,11275,11185,10865,10060,9280,8965,8610,8210,8030,7725,7505,7500,7420,7135,6550,6275,6080,5955,6045,5945,5945,6150,6280,6350,6350,6375,6295,5975,5930,5920,5770,5700,5730,5850,5775,5815,5945,5875,5760,5775,5755,6130,6125,6045,5930,5865,5740,5755,5945,5935,5695,5450,5415,5290,5260,5225,5155,5205,5275,5345,5720
Newcastle upon Tyne,E08000021,7600,7945,8000,8545,8235,8135,8085,8210,8250,8385,8445,8680,8670,9070,9170,9100,8990,8995,8935,8940,8890,8935,8965,8970,9050,9305,9330,14000,15335,15185,15465,15610,15540,15220,15440,15230,15105,15510,15520,15200,14435,13570,13335,12930,12430,11860,11460,11090,10855,10855,10585,9845,9490,9320,9105,9085,8985,8810,9045,9150,9045,9070,9360,9525,8925,8915,8905,8735,8625,8490,8540,8350,8365,8440,8460,8470,8685,8830,9810,9640,9565,9500,9365,9125,9125,9160,9105,8785,8705,8795,8730,8790,8700,8455,8380,8390,8465,8765
North Tyneside,E08000022,3395,3430,3565,3555,3445,3380,3405,3610,3750,3945,4095,4200,4310,4565,4715,4810,4790,4710,4670,4580,4530,4610,4630,4595,4615,4770,4815,7680,8310,8120,8215,8255,8260,8050,8080,8015,7960,8250,8105,7840,7465,6900,6735,6455,6155,5890,5630,5380,5355,5355,5205,4775,4660,4475,4445,4440,4350,4255,4345,4485,4470,4455,4565,4495,4355,4375,4475,4380,4380,4360,4300,4305,4310,4345,4370,4275,4355,4425,4670,4645,4650,4660,4595,4520,4415,4515,4445,4190,4150,4155,4125,4125,4090,4090,4205,4175,4275,4515
South Tyneside,E08000023,4245,4345,4515,4500,4415,4150,4290,4340,4585,4755,4890,5055,5230,5525,5605,5655,5610,5595,5525,5490,5360,5460,5490,5530,5630,5720,5790,8395,8815,8670,8790,8850,8665,8445,8385,8215,8265,8380,8405,8245,7835,7435,7230,6990,6660,6435,6125,6000,5985,5975,5850,5585,5370,5350,5310,5185,5210,5060,5040,5100,5060,5135,5220,5205,5005,4955,4975,4840,4745,4675,4630,4655,4660,4790,4815,4715,4685,4715,4930,4905,4855,4860,4765,4730,4655,4690,4650,4495,4360,4395,4290,4370,4180,4250,4335,4350,4300,4530
Sunderland,E08000024,5570,5770,5950,5920,5870,5795,5830,5640,5950,6310,6640,7095,7405,7865,8185,8250,8335,8475,8405,8500,8475,8535,8540,8435,8500,8895,8900,13155,14405,14235,14310,14375,14235,13840,13720,13355,13110,13430,13300,13070,12480,11890,11610,11285,10765,10390,10020,9670,9635,9610,9235,8660,8345,8260,8065,8050,7975,7820,7970,7955,7920,8035,7990,7795,7430,7495,7535,7470,7300,7005,7045,7070,7090,7150,7170,7220,7310,7410,8065,7960,7930,7815,7705,7520,7500,7450,7455,7215,7060,7080,6910,6875,6810,6720,6615,6510,6635,6730
Gateshead,E08000037,3910,4290,4460,4840,4760,4870,4845,4975,5070,5140,5175,5260,5270,5560,5660,5615,5525,5590,5525,5575,5575,5580,5560,5510,5590,5875,5860,8970,9600,9535,9700,9800,9645,9485,9505,9315,9255,9515,9420,9240,8785,8340,8080,7750,7395,6980,6745,6445,6410,6410,6235,5800,5700,5585,5545,5515,5400,5320,5295,5275,5360,5440,5670,5900,5490,5485,5495,5450,5200,5210,5195,5245,5180,5395,5430,5315,5215,5305,5740,5735,5635,5475,5365,5250,5305,5400,5335,5325,5230,5180,5025,5000,4935,4830,4745,4725,4780,5090
Halton,E06000006,2755,3035,3085,3455,3150,3155,3145,3220,3235,3205,3170,3190,3220,3430,3480,3425,3385,3310,3285,3285,3215,3145,3180,3120,3100,3180,3250,5480,6030,5855,5875,5830,5730,5550,5505,5355,5345,5595,5595,5465,5070,4725,4640,4480,4220,3995,3800,3660,3680,3750,3670,3510,3420,3350,3370,3405,3415,3335,3305,3330,3310,3415,3490,3600,3380,3365,3460,3450,3505,3475,3545,3495,3525,3530,3600,3595,3625,3600,3800,3760,3760,3625,3560,3420,3480,3635,3585,3455,3420,3400,3370,3410,3370,3370,3370,3295,3305,3540
Warrington,E06000007,2760,2995,3020,3455,3155,3160,3105,3130,3225,3200,3200,3200,3220,3410,3490,3410,3330,3330,3245,3265,3170,3190,3250,3285,3215,3245,3285,5975,7070,6740,6780,6945,6880,6680,6660,6545,6420,6790,6840,6670,6215,5695,5510,5380,5090,4775,4580,4420,4335,4395,4275,4025,3880,3700,3630,3550,3500,3325,3290,3275,3225,3280,3275,3335,3195,3215,3180,3155,3225,3185,3230,3140,3140,3240,3265,3275,3230,3255,3615,3640,3590,3505,3475,3425,3400,3550,3535,3455,3455,3425,3410,3430,3410,3350,3380,3365,3365,3540
Blackburn with Darwen,E06000008,2815,2840,2765,2930,3040,3225,3365,3535,3575,3650,3725,3835,3970,4125,4200,4220,4245,4350,4380,4405,4355,4450,4440,4415,4480,4560,4530,6615,7730,7670,7645,7585,7540,7485,7580,7500,7475,7775,7840,7740,7270,6935,6730,6580,6325,6080,5940,5700,5620,5605,5450,5280,5220,5125,4875,4875,4855,4840,4925,5015,5010,5165,5250,5295,5080,4955,5060,4970,4910,4875,4895,4855,5035,5210,5535,5640,5840,5800,6530,6475,6565,6575,6310,6075,5980,6105,5915,5675,5650,5600,5545,5525,5455,5285,5305,5240,5215,5505
Blackpool,E06000009,4015,4200,4185,4120,3835,3695,3540,3540,3445,3515,3640,3845,4185,4405,4605,4735,4825,4865,4955,5120,5170,5255,5520,5645,5980,5940,6085,9405,10435,10310,10375,10265,9765,9480,9820,10030,10240,10510,10440,10120,9485,8665,8325,7885,7390,7205,7020,6965,7090,7140,7015,6635,6220,6000,5960,5765,5690,5635,5735,5760,5940,6100,6285,6075,5590,5520,5545,5315,5085,5075,5175,5225,5405,5555,5695,5530,5325,5180,5475,5315,5225,5220,5310,5220,5415,5570,5615,5410,5125,4910,4905,4810,4725,4695,4845,4835,5065,5345
Cheshire East,E06000049,3030,3255,3395,3465,3295,3310,3335,3395,3455,3600,3745,3770,3845,4080,4085,4125,4155,4220,4165,4235,4140,4320,4415,4480,4430,4615,4655,8890,10920,10490,10700,10965,10910,10355,10515,10310,10165,10625,10520,10260,9480,8625,8390,7880,7520,7140,6775,6555,6345,6320,6050,5770,5675,5670,5580,5605,5575,5525,5620,5645,5540,5655,5765,5750,5440,5520,5560,5605,5590,5590,5730,5685,5595,5830,5855,5750,5690,5685,6085,6120,6045,5895,5730,5665,5575,5955,5805,5565,5455,5555,5465,5505,5500,5450,5480,5540,5575,5975
Cheshire West and Chester,E06000050,3360,3645,3915,4450,4335,4435,4460,4580,4665,4795,4840,4815,4885,5160,5150,5115,5155,5145,5055,5095,5100,5210,5290,5230,5240,5335,5340,10185,11625,11130,11305,11460,11190,10765,10790,10495,10280,10845,10625,10455,9560,8805,8450,8095,7575,7315,7040,6660,6540,6500,6260,5800,5705,5630,5605,5615,5675,5610,5675,5715,5685,5830,5955,5695,5460,5410,5420,5375,5390,5525,5605,5480,5525,5680,5755,5675,5625,5610,6060,6085,6030,5990,5795,5780,5790,5990,5920,5765,5710,5675,5655,5695,5690,5725,5730,5685,5690,6060
Cumberland,E06000063,3640,3905,3940,4135,3970,3935,3925,3940,3940,3905,4005,4080,4110,4355,4405,4515,4370,4330,4385,4360,4310,4325,4365,4370,4480,4520,4560,7535,8520,8220,8300,8265,8030,7690,7735,7625,7650,8025,8120,8050,7520,6950,6655,6450,6060,5820,5470,5300,5225,5220,5035,4585,4435,4325,4195,4185,4235,4215,4410,4485,4390,4365,4480,4485,4180,4205,4255,4155,4055,4135,4140,4080,4090,4225,4300,4235,4220,4260,4630,4600,4445,4410,4285,4165,4200,4350,4220,4110,3990,3990,3895,3915,3905,3965,3950,3945,4045,4280
Westmorland and Furness,E06000064,1645,1735,1715,1660,1615,1590,1535,1495,1515,1540,1570,1625,1755,1895,2010,2030,2100,2115,2110,2125,2150,2205,2290,2280,2410,2390,2375,5005,5955,5685,5705,5550,5265,4820,4975,4985,4970,5255,5330,5150,4650,4110,3935,3750,3515,3415,3345,3285,3265,3310,3170,2925,2860,2750,2660,2670,2655,2720,2765,2830,2845,2805,2825,2790,2565,2485,2530,2525,2515,2430,2505,2545,2570,2650,2735,2670,2645,2655,2910,2905,2860,2780,2730,2590,2660,2710,2680,2575,2475,2495,2450,2425,2390,2420,2340,2315,2385,2530
Burnley,E07000117,2340,2480,2515,2775,2620,2610,2580,2655,2625,2690,2690,2695,2710,2830,2795,2805,2740,2745,2715,2735,2710,2730,2735,2770,2845,2850,2895,4055,4775,4750,4785,4780,4755,4680,4675,4750,4735,4950,4935,4820,4575,4360,4260,4135,4030,3820,3630,3490,3385,3370,3120,2970,2940,2895,2920,2950,2895,2865,2955,3010,3005,3090,3200,3300,3120,3100,3190,3160,3140,3155,3175,3275,3340,3485,3580,3670,3650,3620,3995,4000,3985,3880,3770,3835,3725,3735,3700,3555,3490,3455,3370,3355,3325,3340,3340,3300,3365,3550
Chorley,E07000118,1135,1165,1165,1150,1130,1130,1095,1100,1050,1115,1225,1310,1355,1425,1440,1430,1410,1450,1435,1520,1535,1550,1550,1575,1615,1630,1625,3055,3580,3395,3380,3370,3305,3110,3195,3120,3065,3250,3205,3140,2895,2650,2580,2485,2370,2285,2235,2110,2120,2100,2035,1915,1875,1850,1810,1820,1795,1850,1890,1920,1840,1945,1960,1880,1805,1755,1735,1720,1690,1715,1745,1730,1775,1845,1905,1885,1900,1880,2015,2010,2035,1945,1900,1885,1855,1865,1815,1785,1740,1765,1735,1760,1770,1760,1655,1645,1670,1810
Fylde,E07000119,660,675,670,670,625,600,595,570,570,585,610,635,680,740,785,795,825,850,890,930,955,995,1030,1025,1070,1050,1065,2235,2715,2560,2610,2595,2470,2405,2470,2485,2405,2475,2435,2315,2140,1935,1875,1755,1660,1600,1570,1500,1550,1515,1440,1350,1315,1295,1270,1275,1235,1240,1250,1320,1270,1325,1365,1325,1245,1230,1220,1185,1165,1140,1215,1315,1360,1335,1325,1305,1270,1240,1355,1350,1375,1360,1350,1305,1350,1405,1350,1340,1310,1295,1255,1230,1235,1215,1260,1295,1315,1380
Hyndburn,E07000120,1360,1455,1445,1470,1535,1645,1710,1785,1830,1785,1800,1795,1865,1990,2020,2005,2025,2045,2065,2135,2095,2145,2130,2140,2140,2230,2225,3565,4055,3930,4005,4035,3950,3790,3890,3850,3900,4130,4060,4020,3775,3605,3550,3440,3320,3130,3035,2940,2895,2915,2835,2725,2690,2710,2675,2675,2670,2600,2550,2680,2700,2835,2950,2960,2765,2805,2780,2745,2680,2695,2690,2690,2750,2870,3035,3035,3180,3145,3325,3300,3145,3135,3070,3030,3005,3075,3000,2915,2830,2865,2830,2770,2790,2765,2785,2775,2825,2925
Lancaster,E07000121,2395,2575,2635,2820,2620,2555,2555,2555,2570,2555,2625,2595,2635,2725,2805,2805,2740,2730,2675,2730,2690,2765,2740,2790,2865,2830,2865,4580,5155,5000,5080,5045,4920,4755,4800,4840,4750,4975,4920,4825,4495,4155,4095,3855,3700,3570,3490,3410,3320,3220,3120,2850,2760,2630,2550,2575,2590,2635,2710,2785,2785,2815,2835,2855,2685,2720,2770,2720,2650,2635,2675,2670,2630,2695,2695,2695,2670,2670,2865,2845,2865,2845,2820,2800,2790,2900,2810,2725,2670,2600,2600,2570,2540,2550,2625,2595,2610,2740
Pendle,E07000122,1155,1215,1245,1245,1195,1175,1170,1165,1160,1145,1175,1185,1295,1350,1385,1460,1500,1645,1680,1710,1755,1810,1920,1955,1995,2045,2045,3280,3950,3885,3925,3960,3960,3825,3900,4000,4000,4205,4180,4210,3975,3805,3715,3630,3475,3325,3185,3100,3005,3015,2895,2820,2745,2695,2710,2715,2655,2675,2725,2790,2790,2875,2940,3040,2925,2945,2925,2925,2865,2830,2865,3010,3200,3385,3610,3750,3845,3890,4270,4175,4150,4145,4095,4070,3980,4000,3805,3725,3700,3620,3495,3485,3405,3375,3300,3270,3305,3480
Preston,E07000123,2125,2195,2225,2300,2260,2220,2240,2185,2170,2255,2435,2515,2660,2760,2965,3030,3040,3110,3135,3205,3195,3210,3330,3345,3345,3440,3530,5330,6400,6185,6375,6380,6215,6075,6160,6185,6080,6385,6355,6220,5910,5585,5450,5340,5105,4870,4730,4520,4470,4510,4380,4245,4205,4170,4045,4050,4075,4010,4010,4105,4115,4185,4315,4375,4230,4340,4380,4445,4450,4450,4475,4415,4365,4470,4720,4740,4735,4785,5210,5240,5260,5185,5090,5005,4930,5015,4985,4920,4890,4845,4795,4790,4820,4845,4840,4785,4720,4925
Ribble Valley,E07000124,290,315,315,295,300,270,265,270,260,280,290,290,305,330,345,365,375,390,410,405,420,420,425,430,435,445,445,1085,1275,1195,1205,1230,1190,1155,1135,1140,1105,1195,1160,1125,1015,895,865,855,810,765,730,705,710,715,685,650,620,600,580,595,615,615,645,635,685,685,690,690,650,645,610,620,610,625,640,675,640,655,695,690,715,685,705,730,715,650,615,630,665,660,655,630,610,605,600,620,610,625,635,640,650,695
Rossendale,E07000125,930,980,980,990,970,955,945,945,970,975,965,955,1020,1095,1175,1205,1240,1305,1320,1395,1395,1435,1410,1380,1410,1465,1465,2595,3030,2885,2975,2965,2945,2820,2825,2860,2785,2890,2830,2800,2635,2490,2395,2350,2260,2205,2125,2005,1980,1975,1935,1840,1785,1760,1735,1720,1695,1705,1705,1740,1705,1715,1755,1800,1730,1710,1705,1670,1625,1620,1670,1730,1730,1760,1775,1805,1850,1745,1880,1900,1905,1800,1755,1735,1705,1700,1690,1670,1650,1650,1655,1690,1685,1665,1580,1640,1685,1760
South Ribble,E07000126,935,985,1000,980,945,905,930,905,910,940,1020,1005,1035,1130,1210,1245,1230,1255,1270,1280,1280,1300,1285,1255,1270,1310,1315,2625,3145,2990,2975,3000,2885,2750,2820,2750,2645,2745,2735,2635,2495,2200,2140,2085,1975,1870,1815,1755,1660,1700,1655,1585,1570,1545,1530,1540,1560,1555,1590,1600,1605,1615,1645,1655,1645,1605,1645,1635,1605,1600,1625,1640,1695,1775,1795,1780,1750,1750,1870,1875,1845,1745,1710,1675,1640,1695,1725,1625,1665,1695,1665,1715,1705,1735,1735,1715,1690,1770
West Lancashire,E07000127,1185,1305,1395,1510,1505,1520,1500,1560,1535,1585,1650,1565,1620,1765,1785,1775,1720,1715,1695,1685,1670,1695,1695,1655,1735,1725,1765,3265,3725,3575,3660,3725,3665,3510,3560,3565,3465,3630,3600,3510,3290,3095,3035,2905,2765,2665,2585,2475,2395,2405,2300,2195,2150,2105,2140,2125,2070,2040,2080,2085,2060,2110,2150,2205,2070,2035,2060,1995,1940,1965,1995,2050,2115,2100,2110,2070,2040,2085,2205,2220,2215,2190,2100,2055,2035,2150,2145,2125,2130,2110,2065,2035,2020,2000,1990,2020,2005,2090
Wyre,E07000128,1040,1085,1065,1035,985,915,885,925,950,965,1010,1010,1115,1160,1210,1260,1255,1330,1375,1425,1515,1570,1690,1685,1710,1750,1760,3230,3890,3745,3765,3810,3700,3565,3615,3680,3700,3885,3785,3660,3330,3005,2875,2745,2575,2485,2400,2285,2300,2260,2145,2065,1970,1900,1920,1885,1875,1895,1900,1975,1980,2020,2090,2070,1950,1910,1835,1840,1865,1870,1920,1940,1970,1970,2060,2030,1970,1970,2145,2140,2120,1955,1980,1890,1955,1980,1970,1890,1820,1850,1810,1790,1780,1750,1770,1760,1885,1960
Bolton,E08000001,5620,5820,5980,6140,6055,5910,5795,5715,5485,5380,5205,5380,5680,6250,6695,6850,7045,7190,7420,7605,7650,7755,7770,7760,7900,8375,8570,12855,15015,14615,14850,15150,14975,14775,15005,14795,14525,15050,15025,14915,14255,13540,13255,12905,12380,11990,11420,11035,10895,10930,10720,10400,10320,10155,10025,9960,9955,9745,9885,9875,9810,9900,10140,10340,10090,10185,10090,9855,9650,9610,9610,9690,9945,10325,10725,10680,10865,10990,11845,11670,11495,11375,11050,10855,10735,10850,10710,10480,10370,10340,10075,9990,9840,9795,9640,9520,9550,10065
Bury,E08000002,2795,2925,3000,3020,2945,2900,2870,2760,2825,2980,3125,3245,3410,3690,3725,3720,3760,3790,3870,3915,3990,4035,4100,4040,4085,4315,4340,7425,8465,8190,8245,8350,8300,8015,8185,7995,7985,8235,8245,8050,7660,7185,7060,6785,6460,6240,5950,5805,5690,5665,5575,5405,5260,5220,5130,5115,5110,5050,5110,5035,5080,5100,5160,5305,5105,5085,5040,4950,4800,4795,4880,4920,4985,5100,5235,5265,5385,5510,5935,5915,5920,5740,5575,5520,5470,5445,5440,5315,5325,5255,5200,5135,5130,5070,5045,4950,4995,5345
Manchester,E08000003,9700,10500,11120,11830,11860,12045,12255,12500,12805,13290,13720,14005,14190,15095,15450,15680,15845,16110,16425,16645,16355,16705,16390,16325,16390,17410,17740,28665,33745,33740,34255,34775,34645,33915,34510,34335,34110,35590,35895,35560,33645,31625,30905,29915,28535,27780,27005,25960,25485,25795,25515,24260,23725,23400,23010,22880,22675,21995,22055,22385,22020,22615,23435,24310,23680,23780,23815,23525,23395,23405,23500,23620,23530,24245,24535,24655,25095,25775,27920,27625,27415,26935,26160,25775,25755,26165,26335,26020,25715,25485,25085,24915,24690,24540,24070,23785,23755,25060
Oldham,E08000004,5390,5760,5880,6505,6030,6090,6105,6165,6200,6205,6110,6025,6095,6420,6670,6655,6550,6670,6750,6900,6900,7005,6890,6850,6700,7185,7470,11665,13540,13485,13670,13810,13775,13470,13530,13380,13710,14390,14445,14360,13755,13175,13010,12475,12035,11490,11055,10600,10400,10565,10375,9960,9885,9640,9435,9390,9360,9270,9350,9345,9235,9435,9810,10075,9590,9545,9585,9600,9540,9460,9430,9320,9360,9645,10205,10355,10570,10650,11665,11615,11620,11505,11100,10970,10725,10995,10915,10545,10280,10305,10110,10050,9965,10110,9875,9715,9640,10200
Rochdale,E08000005,3865,4100,4235,4175,4015,3955,3970,4190,4510,4835,4890,4950,5125,5470,5765,5700,5750,5870,5950,6055,5910,5910,5845,5715,5840,6265,6465,10315,12000,11935,11830,11915,11835,11575,11535,11460,11400,12040,12085,11925,11350,10735,10585,10410,10095,9815,9505,9250,9100,9215,9060,8820,8690,8530,8395,8250,8195,7975,8040,8080,8040,8190,8490,8480,8130,8120,8065,7935,7725,7630,7715,7695,7845,8105,8480,8625,8865,9110,9705,9580,9385,9330,9035,8845,8850,9055,9065,8925,8765,8820,8680,8680,8625,8565,8415,8245,8255,8720
Salford,E08000006,4360,4685,4815,4845,4820,4770,4640,4695,4675,4560,4580,5020,5445,5755,5910,6090,6235,6410,6470,6665,6590,6740,6750,6665,6685,7055,7225,11850,13980,13825,14010,14240,14215,13940,14240,13985,13925,14580,14600,14390,13585,12685,12420,12020,11495,11100,10715,10215,10030,10190,9980,9550,9350,9210,9045,9020,8945,8730,8955,9000,8965,9125,9500,9670,9475,9460,9295,9215,9250,9230,9250,9125,9110,9200,9185,9170,9405,9360,9965,10010,9895,9850,9605,9485,9480,9700,9780,9655,9655,9665,9515,9595,9500,9535,9600,9450,9475,9965
Stockport,E08000007,3355,3470,3465,3415,3375,3290,3265,3260,3210,3230,3235,3235,3520,3720,3920,4045,4060,4155,4230,4460,4460,4725,4875,4915,4950,5190,5225,8755,10935,10465,10625,10730,10650,10370,10575,10500,10220,10820,10670,10375,9765,9025,8745,8445,8015,7690,7305,7100,6955,6930,6785,6465,6335,6225,6105,6155,6065,6020,5895,5905,5835,5850,5900,5880,5690,5665,5605,5660,5580,5590,5700,5650,5730,5845,5790,5750,5780,5880,6335,6380,6275,6035,5820,5470,5465,5590,5505,5385,5295,5310,5340,5450,5480,5465,5400,5425,5465,5745
Tameside,E08000008,3725,3920,3925,3940,4020,4265,4405,4650,4810,4915,4980,5000,5120,5345,5375,5465,5340,5455,5540,5560,5510,5575,5485,5480,5515,5845,5895,9615,11250,11095,11195,11340,11105,10855,11055,11045,10995,11500,11230,10930,10145,9570,9425,9045,8550,8285,7930,7600,7450,7485,7280,6965,6820,6785,6755,6750,6760,6620,6555,6605,6555,6610,6835,6940,6615,6720,6790,6775,6655,6625,6665,6725,6785,6890,7005,7035,6975,7160,7625,7660,7680,7625,7545,7440,7395,7570,7495,7255,7120,7090,6955,7030,6980,6900,6920,6865,6970,7330
Trafford,E08000009,2615,2840,2885,3115,2995,3030,3115,3180,3235,3270,3255,3215,3275,3425,3415,3375,3385,3440,3455,3505,3470,3620,3510,3380,3415,3600,3615,6590,7745,7520,7750,7855,7815,7600,7730,7635,7425,7745,7745,7600,7080,6475,6365,6105,5755,5440,5210,5020,4865,4990,4895,4660,4520,4520,4435,4445,4425,4295,4290,4295,4235,4365,4500,4595,4400,4455,4430,4360,4315,4385,4355,4335,4325,4435,4480,4420,4395,4495,4890,4905,4800,4750,4625,4525,4565,4650,4585,4510,4370,4285,4290,4265,4315,4345,4330,4255,4300,4560
Wigan,E08000010,5295,5470,5620,5720,5570,5720,5830,6060,6400,6675,6735,6750,6910,7335,7475,7500,7470,7430,7545,7630,7385,7415,7450,7360,7460,7765,7980,12915,14665,14000,14225,14390,14030,13535,13675,13370,13015,13575,13425,13095,12300,11660,11325,10910,10395,10065,9660,9295,9080,9165,8955,8380,8180,8010,7910,7880,7755,7655,7745,7710,7705,7895,8090,8165,7900,7810,7690,7585,7520,7460,7605,7655,7605,7800,7795,7690,7680,7770,8265,8260,8130,7845,7700,7585,7570,7805,7710,7665,7585,7540,7545,7550,7485,7515,7400,7355,7490,7770
Knowsley,E08000011,3130,3305,3310,3285,3265,3235,3310,3465,3555,3610,3670,3795,3885,4150,4250,4335,4335,4380,4285,4340,4275,4280,4320,4220,4305,4370,4475,7380,8415,8120,8105,8145,8120,7920,8085,7930,7910,8080,8185,7970,7545,7110,6960,6790,6385,6140,5825,5545,5380,5390,5270,4980,4900,4760,4685,4675,4630,4550,4635,4620,4585,4715,4780,4785,4540,4540,4560,4455,4470,4485,4460,4370,4305,4375,4445,4410,4460,4585,5030,4980,4970,4910,4770,4615,4580,4775,4740,4590,4510,4520,4395,4335,4360,4330,4305,4200,4165,4375
Liverpool,E08000012,11270,11660,11870,11905,11815,11580,11370,11380,11075,10970,10860,11110,11810,12855,13255,13755,13800,14220,14280,14590,14595,14810,15115,15390,15315,15815,16115,25535,29575,28990,29235,29595,29495,29020,29465,29055,28725,29795,30045,29700,28490,26970,26315,25390,24085,23210,22325,21540,21245,21370,21035,20030,19495,19065,18690,18725,18180,17795,18050,18070,18065,18480,19135,19325,18800,18740,18750,18495,18345,18360,18515,18480,18455,18765,18730,18485,18615,19170,20745,20635,20500,20290,20110,19530,19425,19855,19955,19705,19400,19300,18895,18825,18650,18625,18480,18395,18505,19300
St. Helens,E08000013,2955,3100,3190,3285,3255,3110,3015,2990,3185,3295,3525,3710,3820,4075,4235,4210,4225,4305,4105,4130,4060,4180,4190,4165,4105,4190,4300,7200,8060,7680,7620,7705,7645,7460,7555,7370,7330,7500,7560,7380,6925,6535,6420,6210,5970,5720,5465,5265,5095,5160,4995,4810,4605,4540,4660,4685,4735,4550,4475,4470,4390,4480,4630,4585,4480,4390,4520,4465,4395,4375,4445,4420,4350,4495,4520,4435,4385,4510,4800,4835,4790,4680,4630,4535,4565,4650,4590,4415,4470,4390,4320,4385,4350,4325,4325,4295,4305,4500
Sefton,E08000014,4515,4955,5140,5500,5400,5330,5355,5570,5665,5765,5840,5850,5975,6220,6280,6275,6215,6210,6170,6175,6045,6140,6205,6205,6135,6170,6240,10565,11945,11620,11715,11755,11550,11190,11540,11360,11105,11595,11545,11375,10755,9980,9640,9275,8745,8380,8090,7770,7645,7685,7475,7190,6920,6665,6505,6525,6395,6235,6250,6215,6105,6205,6395,6475,6280,6250,6310,6230,6155,6160,6185,6190,6050,6090,6120,6010,6045,6260,6840,6780,6840,6740,6615,6430,6380,6595,6595,6530,6380,6325,6200,6200,6090,6110,6190,6200,6245,6405
Wirral,E08000015,4325,4635,4825,5470,5515,5665,5850,6065,6105,6195,6215,6350,6480,6935,6875,7010,6990,7135,7105,7100,6875,6820,6750,6810,6840,6940,7130,11605,13175,12770,12805,12860,12710,12215,12290,12190,12050,12390,12290,12025,11390,10545,10340,9985,9430,9065,8665,8385,8200,8145,7885,7605,7380,7285,7315,7325,7145,7070,7095,6995,7000,7130,7230,7245,6985,6890,6925,6975,6870,6725,6905,6850,6765,6845,6840,6685,6670,6900,7450,7490,7505,7410,7210,7105,7065,7210,7110,7055,6950,6955,6935,6945,6965,6805,6785,6685,6670,6975
"Kingston upon Hull, City of",E06000010,6300,6510,6590,6475,6415,6205,6120,6110,6130,6165,6235,6485,6875,7035,7600,7915,8280,8525,8595,8590,8510,8745,8970,9180,9500,9635,9875,14605,16330,16145,16245,16245,16045,15745,15915,15975,15985,16485,16400,16015,15320,14525,14170,13625,13090,12880,12680,12330,12195,12285,12030,11040,10595,10220,10145,9855,9475,9365,9715,9905,9830,9740,9920,10040,9720,9655,9550,9485,9305,9370,9640,9795,10010,10240,10345,10180,10250,10235,11060,10955,10730,10650,10655,10385,10300,10660,10750,10550,10225,10030,9690,9655,9445,9310,9120,9110,9205,9635
East Riding of Yorkshire,E06000011,3010,3120,3045,2940,2855,2790,2750,2825,3000,3165,3320,3570,3725,3960,4025,4005,3945,3955,3935,4005,4000,4165,4260,4375,4455,4580,4580,8500,9485,9145,9170,9275,8885,8375,8630,8510,8575,8840,8590,8400,7690,7040,6790,6550,6200,5945,5830,5630,5715,5660,5440,5065,4875,4710,4685,4680,4605,4555,4750,4800,4770,4890,4950,4850,4605,4555,4485,4520,4415,4555,4750,4885,4925,5060,5130,4970,4830,4810,5265,5325,5180,4980,5045,4965,5005,5265,5100,4880,4665,4620,4520,4470,4480,4455,4545,4570,4750,4970
North East Lincolnshire,E06000012,3310,3500,3760,3995,3910,3945,4000,4135,4170,4150,4125,4165,4240,4370,4250,4240,4120,4110,4185,4160,4080,4015,4020,4025,4105,4290,4345,6600,7105,7085,7175,7160,6995,6620,6650,6530,6485,6680,6525,6305,5915,5535,5360,5300,5165,5050,4860,4710,4695,4630,4455,4165,4065,4070,4000,3990,3905,3825,4010,3945,4015,4150,4290,4395,4135,4205,4145,4095,4075,4130,4190,4220,4275,4375,4400,4295,4200,4355,4670,4715,4610,4325,4125,4025,4010,4095,4045,3920,3845,3890,3845,3860,3840,3890,3820,3845,3875,4130
North Lincolnshire,E06000013,2410,2620,2790,3060,2995,3070,3070,3120,3150,3190,3175,3195,3195,3415,3405,3360,3325,3370,3345,3410,3340,3370,3400,3435,3430,3545,3600,6000,6560,6305,6325,6345,6185,5855,5830,5865,5885,6090,6025,5825,5550,5170,5065,4810,4655,4495,4350,4185,4130,4180,3995,3755,3695,3585,3480,3535,3485,3430,3530,3555,3480,3570,3600,3600,3450,3420,3410,3385,3395,3365,3400,3445,3580,3750,3695,3615,3595,3730,3980,3840,3875,3870,3725,3690,3675,3695,3650,3625,3575,3575,3515,3490,3495,3420,3425,3455,3430,3620
York,E06000014,1400,1535,1610,1830,1690,1675,1680,1680,1740,1720,1730,1690,1675,1825,1845,1850,1790,1730,1695,1730,1700,1730,1710,1715,1780,1790,1820,4340,5060,4760,4895,5080,4950,4680,4725,4705,4595,4925,4880,4800,4385,3895,3765,3570,3295,3165,3025,2885,2820,2795,2745,2660,2540,2475,2485,2440,2455,2400,2405,2400,2300,2235,2215,2305,2245,2235,2305,2215,2160,2205,2270,2265,2275,2325,2395,2305,2265,2300,2555,2590,2500,2525,2520,2475,2525,2610,2645,2585,2570,2530,2520,2505,2455,2400,2455,2420,2430,2610
North Yorkshire,E06000065,5285,5685,5655,5995,5345,5080,5110,5330,5430,5585,5680,5740,5845,6305,6230,6040,5840,5745,5630,5760,5630,5850,5930,6020,6185,6325,6295,14225,15930,15040,15340,15400,14885,13955,14205,14060,14060,14745,14715,14290,12805,11310,10735,10285,9675,9340,9010,8810,8870,8735,8360,7830,7465,7265,7315,7315,7315,7085,7160,7380,7500,7530,7570,7425,7085,6935,7040,6905,6730,6915,7110,7315,7490,7650,7725,7530,7380,7560,8070,8085,7980,7835,7875,7775,7865,8130,7930,7610,7325,7235,7050,6975,6870,6925,6960,7040,7280,7900
Barnsley,E08000016,4275,4640,4810,5270,5060,5000,4910,5010,5055,4970,4980,4935,5015,5265,5380,5420,5450,5350,5230,5195,5090,5075,4985,4840,4940,5095,5180,8990,10425,9925,9975,9660,9455,9190,9330,9240,9215,9685,9755,9590,8930,8420,8185,7970,7710,7485,7185,6785,6575,6490,6090,5755,5630,5440,5300,5350,5405,5285,5180,5130,5235,5420,5475,5520,5320,5430,5360,5285,5265,5225,5360,5265,5270,5305,5265,5190,5190,5230,5605,5680,5520,5355,5140,5005,5045,5355,5295,5125,4975,4865,4785,4870,4850,4845,4665,4660,4795,5170
Doncaster,E08000017,4945,5420,5780,6215,6115,6190,6180,6355,6390,6540,6495,6495,6625,6850,7065,7105,6960,6920,6815,6735,6815,6935,6865,6955,7120,7335,7635,12570,14520,14110,14335,14335,14040,13700,13905,13910,13820,14440,14615,14480,13630,12850,12580,12055,11580,11160,10650,10280,10095,10210,9795,9410,9285,9010,8805,8640,8695,8595,8640,8630,8675,8815,8990,9400,9085,9130,9025,8930,8810,8700,8685,8880,8915,8985,8825,8745,8805,8965,9705,9625,9580,9185,8930,8685,8630,8720,8725,8510,8275,8145,7965,8075,8110,7935,7840,7860,8070,8515
Rotherham,E08000018,4250,4440,4465,4505,4420,4155,4145,4080,4130,4355,4535,4800,4965,5170,5365,5490,5540,5330,5400,5595,5675,5735,5605,5645,5755,5940,6220,10290,11855,11340,11625,11715,11590,11220,11390,11375,11290,11745,11700,11520,10790,10320,10200,9920,9615,9145,8805,8495,8415,8465,8285,7915,7615,7305,7150,7030,6980,6700,6830,6855,6940,7170,7260,7160,6975,7035,6930,6780,6790,6860,6955,6920,7000,7020,7045,7060,7125,7250,7705,7845,7790,7570,7305,7055,7060,7220,7200,6910,6680,6510,6425,6405,6305,6270,6145,6190,6165,6495
Sheffield,E08000019,8940,9325,9525,9375,9200,8830,8660,8545,8395,8235,7945,7825,8390,8500,9190,9470,9545,9625,9890,10240,10355,10615,10770,10875,11125,11380,11825,18960,22875,22515,22905,23240,23000,22645,23315,23295,22955,23975,24125,23750,22600,21525,21220,20745,19940,19200,18475,17820,17370,17440,17050,16555,15915,15490,15340,15120,14995,14710,14800,14910,14915,15215,15720,16050,15620,15770,15800,15700,15455,15590,15845,15890,16055,16090,16065,15950,16475,17215,18435,18440,18495,18190,17800,17720,17580,17795,17740,17440,17050,16905,16635,16605,16520,16525,16105,15825,15950,16655
Bradford,E08000032,8670,9065,9280,9480,9545,9420,9160,9405,10055,10585,11270,11995,12445,12930,13310,13685,14075,14310,14580,15065,15250,15550,15730,15900,16265,16985,17090,24675,29865,30130,30425,30940,31015,30645,30810,30800,30890,31990,32190,31995,30480,29375,29130,28300,27165,26600,25655,24880,24265,24255,23975,23620,23205,22855,22305,22080,21885,21625,21800,21840,21575,21735,22300,22695,21905,21875,21980,21920,21760,21820,22110,22530,22670,23205,24495,25340,25650,26115,28485,28495,28630,28520,27990,27290,26555,26975,26410,25840,25510,25475,25070,24675,24435,24175,23775,23480,23445,24240
Calderdale,E08000033,3735,3995,4105,4495,4365,4365,4350,4350,4370,4435,4475,4385,4435,4605,4620,4640,4660,4720,4740,4755,4645,4690,4655,4645,4695,4745,4725,7545,8910,8720,9025,9185,8960,8810,8930,8865,8750,9040,9110,8890,8280,7750,7550,7240,6905,6610,6290,6065,5990,5940,5835,5515,5295,5115,5100,5175,4980,4800,4960,5065,5070,5155,5325,5535,5305,5295,5300,5280,5180,5170,5165,5370,5490,5565,5700,5705,5730,5720,6040,6085,6100,6070,5905,5805,5810,5900,5740,5565,5535,5510,5430,5470,5400,5350,5255,5290,5270,5610
Kirklees,E08000034,6120,6650,7095,7990,7810,8010,8125,8290,8315,8450,8580,8640,8860,9230,9270,9395,9370,9395,9410,9495,9485,9690,9695,9645,9820,10175,10225,15615,18750,18130,18460,18670,18525,18135,18160,18145,18035,18665,18605,18185,17190,16075,15845,15305,14780,14220,13750,13150,12840,12850,12475,12140,11955,11715,11790,11765,11510,11140,11155,11320,11205,11405,11810,12115,11595,11660,11730,11490,11360,11240,11375,11710,11760,12110,12785,13000,13225,13495,14760,14915,14790,14460,14170,13865,13690,13930,13675,13255,13235,13130,12875,12945,12820,12580,12490,12495,12555,13090
Leeds,E08000035,11400,11760,11860,11740,11580,11205,11100,11335,11340,11135,10970,11665,12570,13285,14000,14405,14740,15325,15630,16015,16110,16540,16815,16840,16945,17695,18120,28830,35050,35250,35790,36025,35855,35000,35040,35035,35140,36530,36605,35965,34185,32125,31440,30285,28865,27545,26445,25530,24920,24935,24445,23630,23050,22550,22285,22380,22310,22060,22235,22260,21865,22440,23240,23990,22925,22880,23080,22935,22620,22495,22915,23245,23325,23760,24000,23980,24225,24640,26450,26315,26210,26100,25680,24930,24995,25595,25775,25175,25055,24935,24415,24600,24635,24320,24100,24045,24325,25650
Wakefield,E08000036,4040,4305,4410,4355,4280,4090,3960,4145,4095,4005,4000,3920,4280,4660,5125,5355,5470,5645,5785,5980,6055,6125,6310,6400,6420,6875,6920,11145,13660,13135,13285,13220,13155,12725,12680,12625,12525,13295,13270,13035,12290,11460,11200,10840,10375,9995,9600,9230,8935,8890,8650,8260,7880,7690,7695,7780,7775,7690,7560,7530,7670,7815,8020,8145,7795,7795,7820,7710,7495,7505,7680,7775,7825,8040,8040,8080,8055,8140,8660,8730,8610,8525,8255,8005,8005,8375,8265,8100,7990,7975,7980,8040,7920,7970,7770,7840,7955,8660
Derby,E06000015,2830,3095,3265,3430,3530,3450,3360,3325,3305,3375,3500,3685,3950,4370,4615,4760,4880,4980,5090,5270,5295,5280,5325,5365,5485,5745,5875,8480,11725,11920,11890,12020,12115,11880,12005,11950,11905,12530,12495,12310,11760,11205,10855,10365,9920,9430,9125,8690,8435,8490,8310,8015,7745,7620,7535,7585,7470,7345,7495,7465,7575,7835,8180,8415,8190,8115,8085,7955,7880,7850,7965,8015,8085,8380,8850,8865,8895,9025,9520,9420,9350,9195,9175,8915,8890,9260,9175,8885,8785,8665,8595,8670,8520,8490,8400,8495,8530,8965
Leicester,E06000016,4045,4300,4365,4385,4335,4210,4260,4395,4585,4880,5045,5295,5560,6135,6370,6550,6605,6845,7080,7255,7290,7410,7415,7440,7545,7840,8020,12825,16400,16575,17070,17405,17420,17025,17095,17035,16945,17730,18150,18050,17165,16305,15820,15165,14615,14185,13655,13195,12935,13065,12765,12330,12145,11760,11450,11325,11145,10940,11045,11460,11445,11855,12195,12705,12515,12685,12800,12620,12650,12450,12165,11940,12055,12630,12770,13215,13785,14475,16015,15935,15910,16050,15505,14915,14860,15595,15600,15335,15235,15285,14910,14685,14480,14055,13515,13340,13275,14310
Rutland,E06000017,135,155,165,190,175,185,200,205,215,215,220,225,235,250,245,255,230,245,250,245,260,255,260,270,300,295,285,605,805,785,800,825,810,725,740,750,705,755,770,760,685,620,610,575,555,525,500,455,440,405,365,310,325,315,340,345,330,320,335,330,345,385,400,380,390,390,365,370,365,360,370,405,420,425,425,420,425,415,445,420,445,440,420,420,420,435,445,430,420,430,430,415,415,410,420,405,400,445
Nottingham,E06000018,7175,7475,7590,7590,7485,7150,6970,6890,6775,6610,6365,6390,6865,7385,7860,8210,8550,8755,8975,9215,9330,9545,9655,9680,9885,10280,10375,14275,17695,17670,17970,18005,17945,17690,17740,17500,17415,18285,18435,18255,17510,16640,16325,15840,15260,14725,14260,13750,13450,13535,13325,12640,12365,12120,11930,11960,11865,11590,11695,11855,11890,12100,12440,12710,12455,12455,12500,12300,12305,12190,12170,12360,12435,12955,13300,13360,13625,13825,14805,14585,14420,14205,13905,13765,13835,14070,14205,14060,13945,14020,13845,13805,13695,13640,13400,13350,13425,14005
North Northamptonshire,E06000061,3580,3875,4060,4230,4090,4035,3995,4015,3990,3930,3905,3985,4305,4615,4845,4955,5060,5195,5310,5370,5290,5335,5305,5270,5340,5595,5660,10675,12965,12545,12490,12540,12230,11610,11565,11415,11150,11990,11995,11655,10840,10055,9775,9445,8920,8540,8065,7680,7630,7660,7495,7170,6885,6935,6800,6725,6665,6565,6670,6765,6865,7265,7515,7695,7490,7560,7480,7425,7395,7435,7315,7365,7510,7730,7710,7770,7740,7745,8215,8095,8055,7615,7375,7260,7285,7720,7850,7710,7660,7680,7600,7605,7530,7425,7255,7165,7350,7830
West Northamptonshire,E06000062,3715,3950,4010,4200,4130,4030,3960,3985,3940,3880,3860,3730,3900,4335,4570,4795,4870,5175,5345,5520,5510,5520,5420,5485,5580,5875,5890,9675,14825,14360,14540,14735,14410,13960,13975,13630,13110,14025,13920,13890,12860,11930,11770,11260,10725,10420,9970,9570,9255,9400,9155,9025,8790,8460,8380,8395,8310,8100,8110,8070,8040,8225,8480,8600,8430,8405,8370,8320,8405,8360,8330,8230,8125,8510,8630,8540,8770,8900,9630,9665,9540,9285,8995,8845,8910,9565,9715,9615,9640,9555,9455,9305,9265,9120,8930,8715,8755,9475
Amber Valley,E07000032,975,1010,1045,1060,1110,1095,1050,1125,1170,1255,1300,1380,1430,1550,1595,1600,1545,1595,1620,1635,1640,1680,1705,1780,1825,1840,1810,3150,3900,3730,3695,3770,3710,3490,3480,3335,3260,3455,3475,3360,3135,2865,2770,2675,2535,2375,2275,2185,2070,2105,2020,1910,1925,1915,1885,1945,1915,1845,1930,1930,1955,2015,2055,2125,1980,1940,1980,1920,1905,1900,1940,2000,1980,2085,2095,2070,2055,2015,2110,2165,2145,2100,2070,2050,2050,2130,2080,2035,1990,1990,2025,1995,1995,1985,2000,1955,1965,2095
Bolsover,E07000033,695,760,810,855,855,850,835,845,855,885,875,880,915,975,1015,1060,1110,1110,1155,1130,1120,1155,1195,1190,1220,1285,1235,2250,2670,2555,2600,2565,2500,2435,2445,2410,2365,2480,2415,2390,2245,2080,2050,1975,1870,1765,1705,1600,1555,1575,1525,1520,1475,1455,1415,1460,1425,1400,1445,1485,1495,1480,1575,1615,1550,1530,1565,1545,1525,1595,1595,1565,1605,1650,1630,1630,1600,1630,1730,1715,1685,1655,1645,1595,1585,1605,1610,1570,1530,1515,1480,1440,1425,1435,1435,1465,1490,1570
Chesterfield,E07000034,1310,1440,1530,1655,1655,1640,1635,1670,1700,1740,1770,1820,1850,1915,2000,2025,1960,1965,1980,1970,1995,2045,2015,2010,2045,2050,2075,3250,3840,3755,3780,3790,3710,3510,3525,3575,3450,3640,3640,3600,3375,3155,3105,2965,2805,2680,2565,2485,2385,2320,2255,2195,2160,2130,2115,2065,2020,2020,2115,2175,2185,2230,2250,2260,2190,2220,2265,2225,2290,2305,2315,2360,2405,2445,2450,2380,2290,2295,2415,2375,2485,2445,2405,2335,2345,2380,2335,2300,2280,2260,2215,2250,2235,2160,2185,2150,2175,2195
Derbyshire Dales,E07000035,280,285,295,280,300,280,280,280,265,285,300,345,370,405,430,435,425,465,460,475,475,515,515,510,535,535,535,1240,1540,1435,1450,1460,1410,1300,1340,1310,1325,1395,1355,1315,1200,1070,1025,935,860,825,805,775,735,725,725,660,630,625,650,665,690,705,710,715,730,755,780,765,725,705,715,720,730,720,750,750,780,780,790,810,770,795,845,825,870,855,835,805,810,835,835,815,790,765,755,735,700,725,745,745,765,815
Erewash,E07000036,1680,1815,1900,2055,1970,1935,1935,1945,1885,1970,1975,1980,1940,2045,2025,2045,2030,2080,2060,2090,2060,2060,2050,2035,2060,2150,2055,3560,4205,3990,4035,4080,3975,3800,3835,3655,3570,3770,3780,3665,3435,3165,3040,2985,2835,2715,2550,2435,2365,2440,2370,2260,2250,2180,2155,2195,2155,2135,2105,2115,2090,2100,2175,2225,2145,2155,2240,2155,2110,2125,2180,2220,2310,2370,2410,2380,2235,2220,2390,2410,2395,2405,2405,2330,2355,2450,2485,2365,2350,2350,2425,2350,2355,2330,2290,2255,2275,2390
High Peak,E07000037,665,710,715,755,765,730,715,705,690,690,715,780,830,890,940,960,975,1010,1050,1045,1055,1085,1075,1130,1160,1190,1165,2395,2765,2600,2680,2760,2670,2505,2625,2575,2530,2650,2600,2535,2270,2075,2000,1925,1795,1750,1650,1595,1525,1500,1455,1370,1320,1280,1355,1385,1395,1350,1365,1415,1405,1395,1430,1450,1405,1450,1425,1380,1405,1390,1390,1380,1385,1440,1465,1400,1405,1380,1500,1525,1550,1545,1470,1415,1425,1435,1420,1355,1320,1275,1265,1290,1315,1345,1315,1265,1265,1340
North East Derbyshire,E07000038,770,820,855,845,815,800,775,850,930,955,965,1010,985,1075,1090,1110,1130,1130,1120,1155,1170,1195,1170,1205,1215,1260,1280,2340,2810,2640,2675,2690,2600,2475,2575,2580,2535,2695,2680,2575,2350,2160,2090,2020,1945,1840,1755,1680,1645,1665,1595,1535,1505,1510,1460,1425,1380,1385,1420,1460,1465,1520,1560,1550,1475,1490,1520,1500,1490,1570,1580,1600,1605,1650,1675,1650,1620,1620,1725,1730,1735,1705,1655,1600,1555,1620,1565,1490,1480,1440,1380,1425,1485,1420,1430,1410,1410,1505
South Derbyshire,E07000039,460,495,500,535,545,525,545,550,515,505,500,530,605,660,750,820,825,895,960,995,975,1020,1025,1050,1090,1130,1125,2130,2910,2730,2730,2840,2730,2570,2605,2620,2575,2680,2620,2555,2350,2155,2075,2015,1915,1855,1765,1670,1595,1550,1555,1460,1445,1400,1395,1390,1385,1385,1350,1395,1395,1445,1455,1470,1465,1465,1495,1460,1485,1515,1535,1545,1600,1655,1705,1645,1645,1660,1805,1805,1780,1710,1710,1700,1660,1770,1745,1705,1730,1710,1665,1670,1655,1685,1625,1645,1690,1785
Blaby,E07000129,445,490,480,475,460,430,465,505,545,565,580,590,620,680,690,675,705,735,770,810,805,810,820,810,840,895,900,2035,2685,2530,2610,2735,2625,2425,2375,2290,2255,2395,2335,2325,2070,1845,1800,1785,1660,1625,1590,1455,1480,1485,1385,1330,1330,1230,1265,1225,1180,1160,1230,1245,1235,1305,1250,1280,1255,1245,1295,1240,1240,1260,1220,1265,1270,1315,1315,1350,1415,1405,1500,1545,1520,1520,1465,1370,1390,1425,1450,1415,1410,1435,1415,1410,1405,1420,1400,1375,1415,1470
Charnwood,E07000130,900,980,995,1020,975,950,955,1015,1085,1115,1205,1310,1405,1590,1675,1725,1725,1755,1770,1830,1825,1850,1795,1835,1905,1890,1915,3930,4795,4535,4740,4830,4800,4580,4615,4540,4435,4660,4585,4485,4090,3715,3670,3580,3410,3325,3205,3100,2990,3030,2945,2725,2600,2570,2475,2535,2555,2480,2550,2560,2560,2595,2575,2595,2555,2605,2705,2675,2625,2605,2670,2575,2640,2645,2590,2595,2720,2810,3020,3025,2990,2915,2835,2900,2910,3040,3035,2930,2870,2860,2790,2825,2845,2820,2805,2750,2800,2925
Harborough,E07000131,420,495,495,550,525,495,485,505,545,540,540,535,515,570,585,570,600,620,620,645,645,660,640,650,665,710,710,1530,2135,2005,2125,2155,2105,1980,1970,1915,1865,1950,1910,1860,1645,1505,1435,1335,1250,1210,1150,1110,1105,1130,1055,995,1010,965,1005,1005,990,980,950,995,995,1020,980,980,940,960,950,950,935,950,990,950,980,1010,1030,1050,1055,1075,1175,1175,1135,1100,1095,1025,1070,1120,1135,1080,1055,1085,1055,1065,1090,1075,1050,1065,1095,1160
Hinckley and Bosworth,E07000132,910,975,970,1135,1030,1025,1020,1070,1105,1130,1155,1170,1215,1295,1345,1305,1335,1355,1420,1400,1395,1405,1365,1330,1370,1415,1400,2795,3140,2920,3030,3165,3095,3020,2995,2930,2870,3035,2990,2880,2610,2475,2410,2350,2210,2120,2010,1935,1925,1940,1845,1755,1715,1715,1655,1675,1650,1605,1595,1685,1705,1740,1710,1715,1660,1650,1635,1600,1580,1600,1585,1575,1585,1595,1590,1570,1635,1630,1785,1745,1790,1755,1685,1670,1645,1730,1745,1720,1685,1685,1695,1745,1750,1705,1685,1680,1680,1760
Melton,E07000133,510,580,600,660,645,630,630,630,650,615,630,630,630,670,670,645,645,620,605,595,575,595,560,565,585,600,625,1160,1365,1295,1310,1310,1305,1240,1250,1245,1225,1295,1265,1255,1135,1030,1010,970,925,905,855,820,805,805,795,750,730,720,715,735,755,770,810,815,830,865,880,855,845,840,885,865,850,845,855,820,825,875,865,885,895,910,980,1015,955,980,965,975,995,1070,1055,1030,1005,1015,965,945,955,950,920,885,900,910
North West Leicestershire,E07000134,530,560,570,640,655,675,700,735,740,740,755,770,830,915,925,915,955,960,960,990,995,1000,990,1000,1030,1025,1035,2220,2730,2605,2660,2760,2720,2580,2620,2530,2525,2620,2570,2485,2295,2065,1990,1900,1725,1705,1615,1630,1600,1625,1545,1435,1390,1315,1285,1325,1335,1250,1285,1330,1320,1395,1395,1380,1275,1330,1405,1360,1330,1365,1380,1345,1360,1410,1345,1340,1295,1320,1390,1415,1400,1400,1395,1350,1395,1490,1460,1405,1395,1405,1410,1430,1420,1390,1410,1350,1350,1435
Oadby and Wigston,E07000135,270,280,280,275,300,275,275,310,340,360,355,390,420,435,445,445,460,460,475,490,520,525,515,520,515,545,540,1195,1575,1565,1615,1660,1650,1600,1570,1560,1490,1565,1560,1525,1420,1315,1275,1260,1180,1120,1095,1040,1000,990,950,920,910,875,850,840,835,795,795,840,815,820,855,870,875,875,880,880,905,895,880,875,880,920,945,960,1005,1010,1135,1175,1190,1170,1155,1125,1115,1165,1165,1100,1075,1110,1090,1095,1100,1080,1080,1065,1080,1130
Boston,E07000136,625,680,680,695,680,645,620,610,605,615,730,775,855,940,960,995,1000,1000,1010,1075,1100,1100,1125,1155,1170,1240,1225,2005,2515,2565,2565,2610,2590,2535,2610,2665,2655,2810,2875,2775,2800,2615,2560,2455,2380,2330,2250,2185,2175,2275,2160,1945,1865,1850,1835,1815,1840,1785,1870,1930,1930,1950,2005,1980,1855,1890,1960,1905,1865,1860,1795,1825,1855,1915,1945,1825,1880,1865,2030,1960,1905,1875,1830,1875,1865,2000,1995,1870,1785,1775,1740,1770,1810,1820,1830,1900,1955,2095
East Lindsey,E07000137,2045,2065,1975,1780,1640,1540,1550,1575,1630,1735,2015,2340,2510,2740,2760,2590,2415,2380,2360,2370,2365,2475,2785,2935,3180,3405,3250,4985,5665,5495,5560,5220,4960,4740,5005,5035,5195,5525,5450,5285,4735,4150,3790,3550,3315,3175,3230,3250,3495,3525,3210,2655,2485,2395,2345,2270,2295,2290,2500,2610,2780,2750,2660,2355,2125,2055,2115,2030,1985,2145,2345,2535,2790,2870,2765,2480,2285,2250,2440,2400,2330,2425,2580,2645,2840,2970,2870,2595,2335,2295,2220,2210,2250,2300,2470,2595,2805,3070
Lincoln,E07000138,1640,1710,1715,1825,1850,1925,1985,1985,2015,2080,2090,2140,2215,2265,2350,2390,2405,2335,2405,2445,2410,2390,2360,2400,2485,2570,2555,3880,4510,4340,4410,4505,4415,4255,4265,4275,4225,4365,4375,4305,4110,3960,3865,3785,3635,3585,3435,3300,3205,3230,3145,3000,2905,2825,2805,2910,2865,2860,2915,3030,3050,3065,3075,3075,2870,2900,2850,2755,2790,2805,2740,2730,2775,2795,2850,2755,2710,2735,2940,2945,2885,2860,2750,2655,2680,2775,2785,2750,2705,2755,2715,2700,2700,2690,2700,2675,2745,2830
North Kesteven,E07000139,640,655,675,660,640,650,660,680,650,695,720,740,780,835,870,860,905,960,1020,1060,1015,1070,1100,1140,1155,1215,1195,2450,2895,2705,2815,2825,2730,2530,2555,2530,2445,2605,2565,2470,2325,2075,2080,2050,1890,1810,1710,1625,1590,1560,1485,1395,1365,1380,1340,1375,1405,1370,1405,1390,1385,1435,1435,1370,1280,1265,1300,1280,1285,1295,1315,1325,1380,1430,1430,1425,1385,1385,1510,1560,1525,1485,1450,1420,1415,1510,1545,1465,1450,1435,1450,1475,1460,1435,1430,1480,1505,1570
South Holland,E07000140,655,660,690,710,645,645,620,635,640,695,770,790,800,890,940,945,980,1045,1045,1065,1095,1180,1195,1185,1215,1270,1290,2430,2845,2745,2795,2875,2915,2800,2860,2915,2775,2935,2895,2885,2670,2495,2455,2355,2195,2135,2075,1985,1950,1965,1860,1800,1685,1630,1575,1570,1565,1500,1485,1525,1535,1530,1580,1620,1565,1610,1590,1570,1605,1600,1590,1590,1625,1725,1725,1660,1670,1675,1785,1800,1800,1755,1735,1760,1745,1850,1845,1810,1750,1765,1775,1710,1685,1665,1720,1710,1715,1820
South Kesteven,E07000141,1230,1405,1505,1625,1605,1630,1630,1655,1660,1690,1730,1735,1770,1885,1850,1875,1885,1875,1895,1900,1920,2010,2020,1995,2055,2125,2100,3750,4540,4325,4460,4505,4385,4140,4125,3975,3990,4130,4075,3955,3690,3365,3355,3245,3040,3055,2890,2745,2780,2725,2660,2420,2340,2325,2305,2290,2310,2240,2320,2350,2295,2320,2370,2330,2215,2245,2325,2330,2290,2285,2210,2285,2340,2375,2395,2350,2315,2260,2435,2475,2450,2410,2340,2365,2400,2445,2500,2445,2410,2395,2395,2420,2445,2430,2420,2430,2455,2595
West Lindsey,E07000142,1105,1170,1165,1185,1185,1185,1160,1195,1200,1210,1260,1280,1370,1465,1530,1555,1560,1555,1625,1610,1585,1610,1635,1615,1655,1720,1680,2670,2975,2860,2915,2990,2955,2785,2815,2765,2785,2880,2850,2795,2610,2405,2395,2305,2195,2100,2035,1980,1935,1915,1860,1810,1745,1715,1725,1770,1765,1735,1745,1760,1760,1750,1735,1710,1620,1635,1625,1610,1660,1615,1615,1650,1675,1735,1710,1675,1680,1680,1775,1775,1785,1765,1675,1660,1655,1700,1685,1700,1620,1605,1615,1615,1595,1625,1685,1670,1710,1790
Ashfield,E07000170,1620,1680,1685,1735,1675,1615,1560,1510,1495,1480,1505,1495,1660,1820,1920,2020,2060,2155,2155,2220,2235,2270,2305,2365,2515,2630,2570,4375,5150,4930,4970,4975,4810,4590,4585,4465,4465,4620,4620,4510,4315,4090,4040,3940,3780,3695,3555,3415,3355,3380,3320,3165,3090,3080,2975,2955,2895,2845,2845,2900,2885,2995,3005,3105,2985,3005,3020,2985,2930,2940,2915,2955,3005,3070,3100,3105,3090,3150,3315,3295,3285,3125,3080,3030,2990,3140,3110,3060,3065,3055,3050,3075,3035,3050,2950,2945,3000,3150
Bassetlaw,E07000171,1170,1270,1345,1470,1425,1455,1495,1550,1580,1600,1600,1600,1695,1815,1900,1900,1885,1880,1840,1840,1865,1860,1880,1840,1965,1995,1920,3405,3950,3690,3770,3835,3665,3510,3495,3455,3420,3565,3465,3430,3210,3030,2950,2830,2670,2640,2535,2460,2465,2455,2370,2275,2180,2175,2135,2160,2110,2040,2135,2115,2115,2175,2200,2285,2125,2140,2175,2165,2285,2555,2480,2430,2430,2415,2440,2410,2415,2385,2580,2570,2510,2460,2345,2335,2355,2385,2345,2265,2245,2260,2265,2270,2315,2255,2290,2300,2345,2450
Broxtowe,E07000172,1080,1080,1075,1105,1120,1065,1020,1015,1010,1050,1050,1055,1140,1265,1310,1350,1355,1365,1410,1435,1460,1490,1510,1505,1530,1585,1570,2755,3400,3245,3285,3415,3320,3130,3145,3055,2975,3135,3070,3020,2780,2570,2535,2530,2340,2230,2150,2055,1950,1980,1925,1825,1755,1750,1710,1760,1735,1675,1705,1740,1725,1790,1840,1865,1830,1765,1790,1765,1690,1730,1710,1770,1750,1870,1895,1885,1855,1845,2050,2040,2055,2055,1995,1955,1910,2005,2060,2015,1995,2045,2035,2050,2030,2000,1975,1985,1980,2005
Gedling,E07000173,1105,1165,1185,1155,1120,1065,1060,1085,1100,1105,1105,1125,1210,1310,1445,1475,1500,1495,1575,1620,1590,1695,1700,1705,1755,1860,1835,3025,3860,3645,3725,3820,3715,3600,3545,3490,3420,3565,3580,3500,3245,2970,2950,2810,2710,2625,2480,2425,2350,2370,2285,2245,2165,2145,2085,2085,2040,2015,2015,2060,2005,2080,2140,2180,2120,2135,2205,2125,2100,2095,2045,2105,2080,2125,2165,2150,2135,2175,2335,2390,2350,2315,2270,2225,2235,2345,2365,2270,2250,2295,2285,2290,2290,2295,2275,2255,2260,2350
Mansfield,E07000174,1425,1505,1515,1440,1375,1330,1290,1285,1210,1210,1310,1430,1535,1655,1805,1880,1870,1900,1945,1965,1935,2000,2035,2145,2185,2325,2325,3785,4685,4495,4470,4390,4225,4025,4030,3940,3820,4110,4120,4070,3825,3580,3450,3450,3355,3285,3105,3010,2920,2945,2880,2820,2740,2675,2605,2590,2575,2475,2535,2565,2535,2650,2685,2740,2630,2615,2725,2715,2670,2655,2605,2640,2655,2705,2765,2700,2650,2625,2860,2830,2780,2705,2680,2640,2670,2740,2815,2670,2645,2675,2670,2665,2665,2590,2625,2590,2650,2735
Newark and Sherwood,E07000175,990,1025,1025,1035,990,990,1005,1020,1000,1015,1055,1120,1185,1285,1330,1400,1445,1470,1510,1545,1570,1580,1595,1620,1680,1790,1735,2955,3775,3710,3705,3700,3615,3400,3440,3400,3295,3445,3480,3385,3135,2925,2810,2755,2680,2615,2555,2435,2415,2480,2380,2245,2195,2170,2175,2185,2115,2065,2065,2070,2115,2135,2095,2090,1965,2055,2090,2090,2110,2110,2070,2075,2120,2220,2235,2215,2145,2160,2280,2300,2260,2280,2190,2135,2115,2150,2125,2095,2070,2115,2085,2125,2060,2080,2050,2080,2140,2260
Rushcliffe,E07000176,645,685,665,645,615,590,555,540,530,525,510,555,600,650,715,775,805,840,850,875,900,935,965,975,1010,1030,1030,1895,2485,2380,2410,2450,2400,2305,2315,2265,2235,2325,2290,2230,2015,1875,1835,1760,1655,1585,1505,1465,1425,1430,1380,1285,1205,1215,1195,1230,1220,1225,1210,1245,1235,1245,1305,1325,1260,1265,1280,1290,1285,1275,1305,1350,1355,1410,1450,1410,1445,1475,1580,1565,1560,1565,1500,1515,1515,1530,1515,1510,1460,1465,1475,1475,1460,1455,1450,1440,1480,1560
"Herefordshire, County of",E06000019,1170,1235,1250,1265,1235,1140,1170,1205,1255,1370,1470,1580,1630,1730,1805,1820,1815,1840,1875,1890,1885,1970,2030,1965,2010,2045,2110,3930,5035,4730,4855,5020,4865,4585,4620,4545,4435,4775,4760,4675,4315,3880,3745,3615,3390,3210,3080,2955,2920,2980,2895,2710,2695,2630,2585,2555,2520,2470,2485,2535,2565,2610,2700,2730,2645,2620,2655,2590,2465,2435,2475,2580,2570,2655,2720,2665,2735,2890,3100,3130,3210,3180,3075,3005,2975,3135,3140,3020,2885,2855,2845,2855,2820,2810,2730,2635,2730,2895
Telford and Wrekin,E06000020,1930,2025,2100,2170,2145,1975,1920,1900,1860,1840,1855,1845,2060,2255,2430,2605,2685,2805,2905,3035,3145,3170,3310,3260,3295,3325,3430,6165,7140,6920,7035,7225,7115,6790,6810,6715,6510,6680,6605,6485,6130,5760,5670,5435,5215,5050,4920,4745,4675,4735,4645,4325,4220,4160,4060,4060,4060,3915,4010,3940,3950,3995,3935,4065,3890,3975,3935,3940,3925,4025,3965,3945,3985,4125,4160,4095,4240,4395,4695,4720,4815,4695,4660,4605,4550,4630,4580,4475,4415,4530,4590,4565,4605,4570,4490,4445,4475,4740
Stoke-on-Trent,E06000021,3990,4330,4485,4470,4495,4285,4095,4240,4435,4600,4775,4955,5240,5590,5990,6180,6280,6465,6555,6575,6565,6590,6675,6750,7015,7165,7320,10540,12990,12795,12820,12990,12975,12670,12645,12470,12355,12985,12880,12740,12150,11655,11565,11265,10725,10300,9980,9685,9520,9485,9355,9160,8840,8550,8450,8400,8335,8325,8385,8365,8395,8570,8900,9065,8665,8730,8810,8730,8590,8525,8660,8705,8900,9305,9645,9880,9560,9645,10200,10030,10120,10100,9900,9690,9795,10075,9915,9665,9625,9650,9445,9440,9330,9145,8890,8815,8850,9360
Shropshire,E06000051,2220,2340,2420,2395,2280,2255,2360,2440,2640,2785,2910,2970,3080,3220,3385,3475,3490,3540,3555,3645,3655,3805,3855,3765,3825,3840,4010,7265,9125,8685,8910,9025,8890,8405,8505,8440,8255,8695,8570,8330,7695,7045,6800,6495,6220,5910,5720,5575,5485,5440,5170,4820,4645,4545,4525,4540,4565,4485,4495,4505,4535,4565,4575,4575,4405,4440,4445,4315,4275,4195,4215,4130,4210,4345,4380,4350,4495,4705,5110,5125,5040,5000,4930,4825,4835,4900,4815,4650,4555,4540,4420,4440,4390,4420,4430,4345,4480,4785
Cannock Chase,E07000192,825,865,915,930,910,860,815,830,840,830,800,830,945,1015,1090,1180,1245,1300,1290,1375,1400,1445,1450,1520,1570,1640,1655,3000,3930,3590,3605,3750,3640,3485,3475,3350,3325,3465,3420,3315,3085,2830,2860,2720,2600,2460,2340,2280,2210,2215,2145,2045,1960,1925,1930,1975,1985,2010,2005,2015,2040,2080,2180,2240,2125,2125,2185,2120,2060,2045,2070,2070,2075,2115,2115,2055,2005,2055,2200,2230,2180,2175,2165,2090,2065,2085,2070,2010,1990,1970,1950,1920,1910,1915,1925,1950,1920,2080
East Staffordshire,E07000193,760,835,875,895,900,885,850,830,805,790,775,755,880,1040,1145,1195,1260,1325,1360,1410,1455,1520,1515,1530,1575,1705,1720,2775,3865,3905,3865,3885,3835,3705,3660,3685,3640,3855,3925,3890,3660,3470,3330,3200,3045,2865,2720,2535,2475,2495,2430,2370,2255,2200,2185,2160,2185,2120,2220,2240,2240,2315,2475,2680,2620,2605,2625,2585,2550,2580,2540,2575,2715,2810,2940,2915,2935,3000,3205,3130,3030,2950,2805,2780,2795,2870,2895,2865,2860,2805,2730,2715,2710,2630,2595,2575,2660,2795
Lichfield,E07000194,485,570,665,740,740,775,765,745,780,825,815,865,895,955,985,1010,1020,1045,1060,1095,1090,1145,1170,1190,1235,1280,1320,2305,3065,2945,3020,3085,2980,2750,2775,2725,2645,2750,2760,2700,2520,2280,2230,2110,2040,1920,1840,1735,1725,1685,1645,1605,1530,1530,1540,1560,1490,1455,1500,1540,1555,1530,1560,1600,1550,1510,1520,1470,1470,1430,1420,1435,1400,1525,1555,1445,1425,1445,1590,1620,1595,1520,1520,1475,1510,1570,1555,1515,1495,1520,1510,1455,1425,1460,1445,1435,1435,1520
Newcastle-under-Lyme,E07000195,1115,1205,1210,1220,1200,1155,1150,1210,1215,1190,1125,1085,1180,1255,1395,1510,1555,1650,1705,1740,1755,1785,1825,1845,1850,1970,1980,3260,4145,3910,3955,4015,3935,3810,3785,3765,3655,3810,3735,3670,3380,3115,3120,2990,2805,2720,2545,2490,2495,2520,2470,2410,2275,2225,2190,2165,2230,2165,2175,2190,2175,2285,2395,2430,2310,2340,2305,2300,2290,2275,2310,2315,2325,2465,2425,2350,2300,2330,2510,2505,2495,2400,2360,2320,2365,2475,2475,2400,2415,2375,2390,2360,2355,2310,2295,2240,2255,2360
South Staffordshire,E07000196,835,865,875,940,930,935,915,930,945,945,945,925,950,1025,1035,1050,1085,1095,1160,1200,1190,1210,1235,1250,1275,1300,1310,2525,3110,3000,3065,3080,3030,2950,2985,2965,2910,3075,3085,2925,2720,2515,2450,2385,2275,2220,2145,2110,2050,2035,1990,1855,1750,1700,1685,1695,1725,1710,1680,1700,1740,1760,1830,1870,1745,1725,1675,1645,1635,1670,1675,1675,1660,1700,1715,1680,1660,1735,1815,1830,1850,1825,1750,1700,1690,1755,1710,1655,1690,1655,1655,1685,1620,1685,1665,1675,1710,1810
Stafford,E07000197,755,835,795,835,830,820,800,840,810,815,810,800,890,970,1050,1135,1195,1275,1270,1325,1360,1400,1430,1515,1545,1590,1655,2810,3660,3495,3550,3735,3620,3440,3380,3375,3280,3445,3385,3360,3115,2860,2785,2685,2550,2465,2400,2325,2270,2295,2205,2065,1985,1960,1975,1990,2015,2000,2025,2055,2005,2070,2110,2090,2015,2040,1965,1965,1960,1995,2025,2050,2045,2155,2185,2135,2120,2170,2270,2290,2260,2220,2110,2045,2075,2115,1985,1945,1935,1940,1975,2035,2010,1955,2015,1985,2020,2145
Staffordshire Moorlands,E07000198,575,625,640,625,615,550,510,555,575,580,605,645,670,735,775,780,760,765,795,820,840,850,870,905,895,905,920,1765,2240,2090,2155,2275,2185,2105,2135,2115,2085,2200,2140,2055,1855,1710,1665,1595,1475,1425,1380,1315,1300,1305,1230,1150,1090,1080,1075,1045,1050,1050,1090,1055,1095,1105,1180,1130,1080,1055,1095,1045,1040,1075,1080,1155,1160,1220,1235,1220,1175,1260,1325,1315,1285,1300,1230,1245,1275,1335,1335,1280,1275,1270,1220,1225,1180,1195,1155,1145,1165,1215
Tamworth,E07000199,555,665,765,875,895,900,965,1005,1000,1020,1005,1045,1060,1140,1175,1175,1175,1195,1265,1250,1265,1310,1325,1350,1410,1435,1490,2345,3030,2820,2900,2965,2890,2810,2855,2875,2780,2890,2905,2855,2655,2435,2390,2325,2200,2100,2025,1910,1955,1940,1900,1780,1725,1680,1680,1660,1645,1605,1605,1640,1595,1655,1765,1810,1670,1660,1675,1620,1615,1615,1640,1695,1670,1710,1725,1715,1690,1660,1765,1725,1695,1645,1680,1610,1575,1655,1650,1600,1600,1605,1595,1620,1575,1590,1590,1535,1550,1695
North Warwickshire,E07000218,425,490,500,530,540,520,525,520,520,520,525,545,595,625,665,655,665,690,695,710,760,780,800,775,765,800,845,1785,2135,1980,2030,2100,2070,1960,1970,1975,1905,2045,2020,1960,1770,1580,1540,1480,1400,1335,1260,1210,1220,1230,1170,1065,1050,1030,995,995,1010,985,1040,1015,985,1005,1040,1060,1015,1005,980,985,955,945,985,980,980,1040,1040,1015,1015,1030,1095,1120,1110,1075,1075,1055,1060,1105,1105,1085,1095,1080,1065,1035,1035,1070,1065,1035,1070,1130
Nuneaton and Bedworth,E07000219,1525,1715,1900,2100,2155,2170,2250,2260,2240,2235,2205,2175,2220,2390,2430,2450,2460,2515,2535,2580,2635,2680,2665,2690,2670,2745,2830,4610,5370,5185,5300,5445,5355,5305,5190,5060,4895,5100,5105,4990,4720,4490,4350,4160,4070,3950,3870,3650,3605,3600,3505,3350,3260,3180,3135,3110,3120,3055,3050,3055,3080,3130,3220,3280,3200,3165,3235,3130,3075,3065,3050,2980,2940,3015,2970,3010,3100,3225,3495,3575,3580,3580,3455,3420,3460,3510,3525,3460,3460,3510,3545,3600,3560,3605,3470,3440,3465,3625
Rugby,E07000220,1305,1385,1405,1500,1420,1395,1375,1415,1360,1340,1335,1305,1325,1490,1500,1470,1470,1505,1490,1495,1520,1525,1520,1495,1495,1565,1535,2740,3195,3135,3205,3245,3200,3060,3060,2965,2990,3165,3120,3065,2880,2665,2620,2550,2430,2350,2210,2145,2110,2130,2065,1940,1870,1900,1965,1940,1920,1910,1900,1905,1910,1905,1995,2120,2045,2065,2020,1970,1945,1930,1870,1805,1770,1905,1905,1900,1940,2000,2175,2170,2165,2085,2045,1980,1980,2060,2090,2065,2070,2075,2045,2065,2055,2065,1985,1955,2005,2160
Stratford-on-Avon,E07000221,615,695,705,810,775,750,750,795,790,810,800,815,815,860,890,935,930,950,960,955,955,995,990,990,995,1055,1050,2235,3120,2955,3030,3160,3075,2885,2930,2915,2855,3050,3050,2965,2715,2425,2405,2300,2175,2125,2090,2035,1980,1935,1870,1745,1655,1610,1610,1645,1645,1630,1630,1610,1560,1600,1635,1675,1570,1580,1510,1510,1495,1470,1485,1510,1550,1595,1600,1545,1535,1635,1720,1785,1765,1720,1700,1670,1660,1720,1715,1645,1650,1635,1635,1640,1690,1705,1755,1760,1840,1925
Warwick,E07000222,680,705,725,765,775,740,735,765,745,755,725,790,860,940,1070,1140,1155,1205,1220,1275,1320,1385,1480,1475,1455,1545,1570,2710,3715,3560,3705,3800,3750,3590,3620,3565,3505,3700,3680,3585,3295,3030,2955,2805,2640,2575,2460,2430,2385,2355,2305,2200,2120,2135,2095,2085,2075,2070,2070,2020,1995,2005,2030,2105,2050,2055,2020,1935,1925,1925,1960,1940,1945,1975,1950,1920,1935,2020,2260,2255,2320,2305,2285,2280,2275,2355,2355,2300,2245,2250,2220,2235,2280,2255,2230,2190,2225,2380
Bromsgrove,E07000234,695,745,780,755,745,760,765,810,780,830,840,870,905,975,995,1040,1010,1020,1060,1090,1095,1125,1145,1095,1110,1145,1165,2315,2730,2575,2670,2720,2700,2610,2690,2660,2615,2725,2655,2560,2355,2190,2150,2110,2035,1950,1865,1805,1785,1825,1785,1640,1555,1525,1575,1565,1495,1490,1515,1525,1505,1515,1485,1535,1435,1470,1490,1430,1420,1385,1420,1395,1425,1440,1450,1390,1425,1490,1615,1635,1610,1580,1605,1560,1545,1540,1570,1530,1470,1475,1470,1500,1505,1540,1525,1495,1525,1590
Malvern Hills,E07000235,510,540,540,555,540,495,485,495,485,500,490,545,580,620,695,725,725,740,750,765,785,815,820,840,850,885,925,1770,2160,2120,2150,2220,2160,2010,2040,2065,1990,2095,2085,2005,1880,1685,1635,1595,1540,1465,1435,1380,1305,1350,1280,1230,1210,1180,1175,1170,1145,1140,1200,1155,1115,1185,1195,1215,1170,1180,1165,1135,1085,1110,1140,1080,1080,1120,1090,1110,1090,1155,1245,1260,1235,1215,1175,1135,1155,1165,1135,1090,1085,1085,1030,1075,1025,1010,1045,1015,1065,1110
Redditch,E07000236,945,1070,1180,1250,1205,1205,1275,1350,1385,1405,1365,1400,1425,1500,1505,1550,1540,1505,1505,1500,1485,1490,1450,1455,1490,1550,1535,2600,3440,3235,3220,3295,3260,3165,3295,3135,3060,3290,3215,3155,2940,2720,2680,2565,2420,2310,2280,2235,2220,2215,2145,2060,2040,2015,1975,1985,1965,1960,2010,2000,1980,2020,2040,2075,1980,1955,1980,1930,1885,1920,1930,1975,2035,2080,2070,2015,2055,2095,2215,2185,2125,2145,2155,2115,2125,2205,2175,2120,2045,2135,2100,2035,2030,2040,2025,1980,1990,2105
Worcester,E07000237,1020,1085,1120,1140,1135,1100,1095,1105,1140,1110,1035,1125,1235,1295,1430,1515,1545,1635,1645,1655,1655,1680,1715,1665,1705,1730,1780,3105,3840,3695,3770,3835,3805,3660,3655,3610,3480,3780,3770,3675,3400,3195,3060,2965,2780,2730,2625,2550,2505,2630,2590,2510,2450,2365,2295,2255,2290,2290,2385,2350,2335,2360,2450,2450,2345,2385,2355,2340,2295,2215,2300,2270,2275,2330,2415,2400,2485,2580,2750,2770,2735,2725,2595,2505,2470,2500,2510,2475,2430,2345,2320,2345,2305,2325,2260,2220,2295,2435
Wychavon,E07000238,720,755,770,815,815,800,780,760,765,800,765,760,840,885,965,1020,1085,1095,1100,1150,1165,1215,1230,1235,1260,1275,1320,2980,3660,3390,3475,3545,3540,3285,3345,3260,3165,3375,3355,3200,2980,2720,2715,2590,2480,2415,2305,2275,2255,2340,2295,2120,2080,2085,2035,2035,2045,2060,2125,2170,2070,2070,2095,2050,1980,2035,2040,1990,1940,2010,2085,2150,2155,2175,2160,2100,2125,2210,2315,2330,2360,2305,2245,2165,2155,2245,2190,2155,2075,2070,2045,2005,1995,2030,1980,2025,2075,2190
Wyre Forest,E07000239,905,960,945,990,990,955,980,970,900,915,890,950,1025,1115,1165,1260,1275,1380,1460,1470,1470,1510,1555,1535,1555,1575,1580,3010,3665,3495,3550,3665,3620,3430,3525,3480,3400,3570,3480,3325,3060,2835,2785,2635,2505,2420,2290,2195,2215,2225,2175,2010,1890,1920,1905,1900,1885,1890,1900,1915,1915,1900,1940,1945,1800,1825,1820,1820,1790,1750,1790,1835,1845,1880,1850,1795,1805,1885,2005,2040,2040,2030,1935,1940,1965,2035,2020,1935,1905,1845,1870,1875,1910,1830,1880,1845,1895,1950
Birmingham,E08000025,31170,32570,33505,35020,35740,37010,37930,38440,39145,39630,39670,39795,40440,42235,42990,44060,44565,46080,45700,46305,46975,47315,47705,47865,47985,48560,49370,65925,77630,77930,79265,80630,80865,80715,81265,81235,80815,83655,83920,83055,80450,77885,76550,74980,73035,71060,68995,67095,65935,66780,65985,64325,63160,62200,61270,61000,60535,59890,60550,60820,59775,60555,61765,63515,62420,62395,62825,62540,62695,62630,62540,63180,63420,64905,66020,65590,67195,72000,78095,78430,79520,79645,79325,78735,77570,79470,79935,79250,78515,78850,77395,77170,76970,76540,75890,75485,75015,77310
Coventry,E08000026,4165,4450,4555,4700,4680,4430,4280,4320,4230,4465,4635,4970,5195,5785,5965,6215,6465,6655,6865,7080,7115,7240,7365,7450,7525,7750,8000,12090,15650,15825,16090,16350,16520,16475,16430,16425,16195,17100,17245,16995,16075,15475,15125,14580,13945,13380,12975,12495,12285,12485,12205,12050,11830,11820,11575,11650,11690,11615,11775,11725,11725,12140,12640,13115,12895,12905,12830,12605,12455,12380,12195,12115,12175,12520,12485,12385,12685,13230,13925,13785,13775,13730,13515,13075,13045,13535,13770,13620,13555,13675,13430,13405,13325,13375,13295,12985,12980,13785
Dudley,E08000027,6460,6770,6935,7370,7200,7245,7320,7415,7460,7390,7435,7455,7555,7745,7800,7810,7820,7950,8000,8135,8230,8255,8350,8215,8155,8380,8515,12860,14635,14035,14310,14690,14600,14050,14390,14220,14065,14540,14400,14010,13305,12580,12335,12040,11570,11305,10845,10450,10365,10350,10135,10000,9715,9500,9375,9300,9155,9100,9130,9170,9135,9175,9235,9540,9075,9030,9055,8960,8980,8935,8985,8995,8945,9080,9100,8815,8815,9230,10170,10145,10235,10205,9885,9725,9790,9965,9920,9745,9565,9455,9250,9325,9250,9330,9225,9165,9220,9750
Sandwell,E08000028,7090,7300,7425,7590,7545,7450,7390,7375,7340,7255,7180,7040,7450,7520,7880,8115,8435,8845,9145,9420,9615,9860,10010,10065,9990,10410,10780,15125,18445,18400,18705,19070,19160,18965,19410,19385,19250,19930,19875,19630,18785,17830,17320,16790,16125,15750,15285,14830,14560,14525,14415,13975,13600,13480,13265,13195,13150,13090,13295,13400,13210,13255,13605,13905,13365,13320,13415,13220,13230,13285,13280,13150,13050,13200,13285,13165,13355,14230,15840,15915,16035,15975,15625,15410,15320,15850,15865,15605,15545,15435,15020,14945,15015,14925,14730,14505,14300,15140
Solihull,E08000029,2585,2790,2890,3080,3025,3010,3015,3070,3110,3115,3120,3065,3125,3320,3430,3475,3485,3540,3415,3490,3545,3620,3645,3595,3565,3595,3650,5835,7400,7215,7405,7525,7580,7395,7670,7515,7390,7650,7580,7360,6910,6435,6225,6060,5790,5570,5265,4975,4900,4965,4850,4690,4505,4380,4350,4205,4170,4035,4035,4040,3985,4035,4210,4275,4130,4115,4100,4030,4020,4045,4085,4050,4130,4180,4235,4095,4115,4270,4665,4730,4785,4740,4685,4655,4635,4790,4725,4730,4720,4735,4595,4625,4640,4625,4635,4590,4585,4775
Walsall,E08000030,4870,5055,5150,5130,5185,5045,5010,4970,5025,5085,5305,5660,5915,6185,6475,6645,6850,7225,7385,7595,7735,7890,8020,7955,7970,8270,8605,12260,15070,14835,14970,15185,15160,14735,14855,14685,14665,15320,15310,15035,14310,13595,13360,12850,12375,11965,11555,11160,10950,10885,10715,10265,9885,9690,9525,9620,9460,9315,9420,9395,9510,9500,9800,10100,9840,9840,9755,9545,9475,9495,9445,9485,9480,9600,9775,9510,9620,10200,11195,11315,11455,11405,11170,10965,10750,11090,10985,10790,10670,10765,10635,10550,10340,10305,10260,10070,10020,10550
Wolverhampton,E08000031,6765,6990,7180,7685,7810,7930,8045,8155,8350,8410,8500,8430,8590,8805,8995,9095,9210,9270,9495,9580,9645,9650,9765,9705,9670,10055,10380,14720,16780,16745,16810,17115,17020,16685,16865,16720,16710,17270,17435,17155,16530,15930,15570,15060,14475,14055,13615,13115,12860,12965,12825,12480,12165,12050,11930,11880,11885,11850,11950,12250,12130,12310,12640,12870,12510,12625,12530,12175,12170,12055,11915,11760,11690,11940,12135,11870,11950,12350,13290,13265,13415,13260,12905,12605,12465,12695,12635,12375,12185,12255,11950,11870,11810,11660,11570,11470,11405,12130
Peterborough,E06000031,1850,2130,2520,2980,2970,3085,3150,3270,3385,3340,3380,3425,3420,3765,3890,3950,3885,3995,4020,4130,4060,4240,4270,4245,4350,4615,4765,6840,9605,9490,9590,9665,9605,9295,9350,9345,9350,9985,10400,10355,9940,9280,9040,8745,8350,8135,7790,7445,7245,7275,7170,6765,6680,6555,6500,6475,6430,6355,6230,6345,6245,6385,6975,7350,6985,7045,7310,7060,7000,6975,6940,6920,7025,7350,7700,7685,7805,7815,8680,8545,8315,8160,8025,7855,7790,8030,8030,7770,7710,7795,7625,7480,7460,7370,7355,7245,7315,7715
Luton,E06000032,2520,2555,2625,2605,2600,2570,2515,2430,2450,2460,2470,2570,2725,2925,3120,3340,3380,3585,3740,3865,4020,4090,4220,4280,4325,4455,4515,6925,11050,11075,11285,11520,11485,11245,11445,11440,11315,12090,12340,12380,11920,11165,11030,10585,10110,9780,9515,9255,9145,9060,8825,8415,8220,7925,7710,7590,7515,7270,7350,7420,7370,7535,7870,8205,8145,8150,8275,8280,8400,8340,8315,8355,8385,8580,8695,8700,8825,9405,10705,10775,10955,11025,10745,10520,10585,10975,11065,10970,11100,11265,10970,10760,10595,10435,10310,10040,9895,10325
Southend-on-Sea,E06000033,2730,2985,3135,3465,3310,3370,3445,3530,3620,3690,3750,3780,3820,4070,4045,4010,4010,4035,3990,4025,3985,4055,4115,4075,4105,4305,4400,6865,8935,8560,8880,8980,8840,8465,8695,8745,8475,9015,9020,8700,7880,7350,7305,7040,6660,6410,6210,6045,5860,5890,5645,5305,5120,4970,4775,4770,4735,4650,4735,4730,4700,4685,4770,4870,4805,4800,4750,4650,4625,4640,4830,4820,4825,4960,5010,4835,4790,4815,5195,5120,5180,5200,5120,4975,5000,5125,5120,4965,4850,4885,4740,4760,4725,4805,4900,4815,4825,5010
Thurrock,E06000034,1855,2040,2160,2350,2295,2400,2425,2500,2520,2600,2670,2685,2760,2975,3065,3125,3135,3225,3220,3260,3205,3230,3245,3280,3295,3465,3585,5470,7975,7565,7685,7910,7760,7465,7570,7565,7410,7900,7810,7730,7295,6830,6570,6260,5835,5520,5215,4905,4725,4815,4575,4375,4315,4235,4265,4245,4125,4045,3980,4175,4065,4175,4370,4610,4480,4530,4510,4430,4440,4480,4555,4630,4625,4650,4740,4785,4685,4830,5145,5205,5215,5230,5110,5020,4965,5130,5160,5085,5100,5235,5115,5130,5035,4945,4860,4875,4850,5060
Bedford,E06000055,2710,2970,3005,3345,3120,3110,3160,3245,3275,3320,3250,3220,3160,3335,3370,3345,3345,3460,3530,3500,3525,3490,3475,3420,3460,3510,3510,5670,7320,7115,7285,7355,7290,6885,6935,6850,6810,7320,7435,7305,6865,6325,6245,6045,5750,5545,5390,5210,5040,5045,4900,4660,4520,4390,4285,4300,4305,4245,4210,4215,4240,4350,4450,4635,4525,4495,4690,4665,4660,4740,4675,4735,4710,4775,4730,4690,4730,4770,5290,5350,5335,5250,5125,5145,5175,5455,5500,5410,5390,5370,5265,5225,5260,5315,5190,5165,5075,5440
Central Bedfordshire,E06000056,1515,1580,1600,1685,1650,1630,1570,1575,1590,1580,1580,1475,1600,1780,1945,2035,2070,2175,2230,2310,2365,2465,2470,2515,2530,2725,2750,5665,8190,7575,7705,8005,7780,7210,7185,7115,6970,7450,7455,7370,6760,6195,6035,5845,5520,5335,5160,4890,4725,4705,4540,4395,4200,4055,4005,4020,4010,3965,3855,3850,3930,4015,4065,4165,4015,4035,4015,3970,4040,4040,4040,4130,4135,4200,4230,4220,4255,4430,4765,4855,4895,4895,4850,4785,4895,5035,5025,4980,4965,5020,4950,4950,5005,4980,4980,4890,4925,5230
Cambridge,E07000008,705,725,765,790,780,755,740,730,700,705,675,735,855,930,1000,1030,1065,1120,1185,1245,1255,1290,1325,1380,1400,1400,1425,2145,3450,3410,3500,3695,3675,3480,3540,3550,3395,3620,3560,3525,3365,2995,2945,2840,2620,2540,2385,2280,2230,2245,2145,2125,2060,2025,1985,2040,2075,2045,2040,2055,2035,2090,2075,2045,2010,1995,2020,1980,1970,2010,2015,2075,2090,2150,2135,2130,2110,2140,2265,2260,2355,2365,2365,2295,2295,2395,2375,2330,2315,2305,2280,2270,2320,2315,2270,2230,2250,2330
East Cambridgeshire,E07000009,370,385,420,395,370,355,340,350,340,340,350,405,465,495,490,520,525,570,565,570,580,620,645,665,660,725,710,1325,1925,1750,1835,1980,1955,1780,1805,1785,1735,1835,1845,1790,1680,1510,1475,1445,1365,1315,1275,1265,1205,1215,1180,1115,1080,1120,1085,1075,1060,1010,990,980,1030,1085,1080,1060,1005,1020,995,905,935,935,985,1015,1035,1100,1100,1090,1095,1080,1145,1170,1200,1180,1150,1140,1125,1205,1195,1175,1180,1150,1130,1130,1165,1170,1160,1130,1160,1220
Fenland,E07000010,685,730,730,795,780,815,840,845,845,810,900,980,1075,1185,1225,1265,1300,1360,1375,1390,1445,1490,1545,1585,1670,1720,1690,2625,3755,3565,3600,3610,3615,3420,3475,3470,3415,3595,3580,3525,3345,3165,3135,3025,2910,2805,2695,2610,2540,2565,2475,2405,2370,2295,2300,2290,2315,2195,2175,2210,2235,2250,2375,2390,2300,2285,2310,2275,2220,2215,2235,2230,2220,2325,2370,2310,2250,2315,2470,2365,2365,2335,2285,2240,2310,2400,2395,2315,2285,2255,2195,2220,2205,2155,2195,2205,2295,2395
Huntingdonshire,E07000011,805,880,895,915,870,855,880,850,850,845,850,875,930,1130,1170,1215,1245,1265,1330,1425,1415,1490,1515,1540,1575,1655,1640,3025,4610,4420,4495,4655,4590,4270,4285,4190,4000,4205,4125,4060,3725,3335,3345,3170,3040,2980,2790,2700,2640,2605,2515,2450,2415,2405,2385,2375,2425,2345,2355,2335,2290,2390,2445,2400,2340,2315,2295,2315,2285,2310,2330,2345,2420,2500,2550,2600,2575,2600,2820,2800,2775,2685,2640,2570,2565,2655,2630,2630,2640,2670,2665,2730,2645,2690,2625,2605,2660,2805
South Cambridgeshire,E07000012,470,490,495,500,495,470,490,485,480,495,460,500,555,625,655,685,740,785,835,840,865,915,955,985,1020,1045,1035,1915,3235,3125,3240,3325,3255,2990,3065,3025,2965,3110,3090,3045,2770,2475,2455,2375,2225,2140,2040,1940,1875,1880,1835,1765,1690,1675,1705,1730,1725,1720,1735,1770,1790,1765,1755,1770,1690,1730,1660,1610,1665,1710,1745,1765,1775,1825,1805,1735,1730,1770,1875,1860,1910,1885,1850,1850,1920,2060,2035,2030,2030,1990,1980,1950,1980,2010,1935,1950,2015,2110
Basildon,E07000066,1915,2130,2290,2605,2625,2660,2730,2780,2855,2930,2945,2950,3020,3185,3250,3295,3305,3385,3375,3405,3345,3325,3380,3415,3395,3505,3610,6175,8335,7780,7960,8255,8115,7695,7760,7795,7515,8015,7980,7905,7220,6550,6350,6015,5595,5325,5100,4945,4730,4790,4570,4365,4285,4215,4180,4115,4060,4040,4045,4005,3945,3980,3985,4165,4045,4140,4125,4065,4030,4040,4125,4095,4075,4235,4265,4240,4220,4405,4785,4675,4710,4665,4565,4610,4670,4800,4745,4605,4580,4660,4560,4575,4515,4450,4415,4410,4415,4655
Braintree,E07000067,1020,1125,1170,1315,1335,1335,1400,1415,1430,1470,1530,1525,1540,1665,1700,1710,1740,1770,1795,1790,1820,1850,1885,1960,1975,2025,2005,4010,5070,4640,4835,5050,4940,4660,4760,4745,4585,4860,4755,4665,4265,3890,3735,3620,3325,3140,3005,2910,2860,2825,2645,2490,2335,2315,2320,2360,2380,2345,2435,2410,2330,2415,2455,2545,2440,2525,2485,2475,2510,2490,2535,2515,2530,2660,2670,2660,2615,2635,2855,2870,2875,2830,2745,2645,2620,2695,2655,2550,2510,2485,2485,2510,2510,2580,2550,2545,2615,2750
Brentwood,E07000068,395,465,495,555,540,565,570,585,610,635,650,645,650,695,695,710,705,715,740,700,690,705,730,745,750,795,835,1635,2460,2290,2355,2460,2425,2265,2305,2310,2245,2360,2365,2310,2180,1940,1890,1835,1665,1595,1475,1450,1410,1455,1335,1225,1195,1175,1145,1145,1130,1105,1100,1060,1050,1080,1100,1140,1105,1105,1075,1110,1110,1150,1175,1160,1185,1195,1155,1130,1130,1155,1250,1210,1205,1210,1190,1185,1175,1225,1245,1195,1190,1240,1190,1190,1210,1180,1185,1195,1230,1270
Castle Point,E07000069,530,565,560,555,555,545,520,525,540,620,655,725,770,830,870,915,880,900,890,895,890,925,920,950,920,985,1045,2265,3305,2955,3005,3065,2940,2760,2740,2730,2645,2795,2770,2690,2425,2170,2065,1925,1765,1675,1605,1565,1515,1515,1400,1310,1240,1215,1170,1150,1140,1130,1145,1135,1135,1160,1185,1185,1175,1195,1185,1160,1195,1165,1165,1190,1205,1210,1220,1195,1205,1210,1320,1345,1330,1340,1290,1290,1295,1345,1325,1290,1310,1310,1260,1220,1220,1230,1250,1235,1250,1285
Chelmsford,E07000070,1160,1195,1230,1225,1210,1140,1170,1175,1230,1225,1230,1185,1275,1405,1490,1580,1610,1695,1750,1755,1785,1845,1890,1930,1910,2060,2085,3425,5385,5205,5330,5415,5345,5085,5105,5095,4965,5130,5105,4920,4550,4160,3995,3775,3560,3455,3360,3270,3190,3210,2965,2780,2720,2655,2690,2590,2520,2465,2485,2480,2455,2480,2605,2620,2575,2595,2565,2580,2675,2590,2660,2695,2680,2815,2745,2760,2795,2895,3095,3150,3165,3150,3065,3010,3010,3120,3155,3105,3035,3095,2945,3010,2990,3020,2975,2955,3045,3195
Colchester,E07000071,1380,1405,1435,1435,1395,1390,1360,1370,1465,1660,1810,1890,2015,2110,2185,2220,2240,2300,2240,2305,2320,2400,2420,2480,2510,2650,2720,4985,6500,6110,6260,6405,6430,6035,6095,6090,6000,6285,6240,6165,5690,5260,5160,4970,4655,4450,4275,4160,3980,3945,3725,3450,3330,3235,3170,3235,3265,3225,3285,3335,3330,3450,3455,3490,3355,3450,3425,3405,3400,3435,3500,3475,3570,3600,3690,3570,3650,3730,4040,4070,4115,4005,3965,3925,3905,4080,4040,3920,3875,3845,3800,3775,3745,3745,3785,3835,3895,3985
Epping Forest,E07000072,975,1015,1010,1010,985,965,955,940,935,955,955,925,980,1055,1125,1220,1290,1350,1370,1345,1385,1445,1425,1435,1455,1530,1530,2805,4950,4585,4700,4985,4880,4625,4770,4765,4665,4915,4880,4790,4355,3830,3680,3485,3280,3090,2970,2940,2855,2780,2680,2435,2370,2255,2165,2190,2210,2175,2245,2210,2150,2155,2170,2155,2075,2080,2145,2060,2115,2160,2220,2275,2320,2390,2430,2390,2435,2485,2695,2585,2565,2540,2440,2465,2470,2560,2505,2470,2475,2570,2525,2455,2500,2475,2450,2425,2445,2530
Harlow,E07000073,1200,1335,1405,1535,1510,1530,1575,1630,1655,1680,1730,1760,1805,1895,1885,1850,1860,1925,1890,1895,1870,1905,1950,1895,1940,2015,2075,3510,4695,4360,4410,4490,4375,4230,4265,4305,4255,4540,4545,4430,4050,3670,3700,3560,3360,3245,3170,3035,3030,3055,2915,2705,2630,2525,2480,2505,2505,2440,2395,2340,2365,2340,2415,2510,2470,2485,2535,2605,2595,2645,2685,2720,2755,2805,2815,2785,2795,2795,2970,3005,2935,2865,2760,2720,2715,2780,2795,2735,2720,2720,2605,2650,2685,2690,2710,2645,2685,2855
Maldon,E07000074,385,390,400,380,365,360,355,335,340,345,345,330,350,375,395,405,440,475,510,535,550,565,615,620,620,675,675,1215,2025,1845,1890,1950,1895,1800,1785,1780,1730,1800,1800,1795,1640,1450,1415,1355,1250,1180,1170,1165,1150,1115,1015,930,890,855,850,870,855,835,820,835,795,805,840,890,875,865,840,855,870,880,875,875,905,905,905,920,915,980,1025,1055,1050,1050,1040,1020,990,1035,1050,1025,980,960,955,945,950,930,940,930,965,980
Rochford,E07000075,425,435,455,465,440,445,445,455,480,530,550,575,615,665,690,700,700,735,730,740,715,760,800,795,795,845,865,1790,2505,2365,2390,2440,2385,2270,2320,2300,2155,2330,2325,2260,2000,1790,1730,1680,1535,1500,1440,1380,1310,1325,1255,1190,1120,1095,1075,1060,1030,1035,1030,1050,1045,1055,1045,1080,1035,1045,1025,1045,1000,995,1005,1050,1075,1120,1145,1140,1150,1120,1210,1190,1220,1215,1215,1210,1230,1255,1195,1190,1180,1200,1180,1165,1180,1185,1185,1155,1155,1235
Tendring,E07000076,2210,2230,2245,2170,2130,2070,2035,2020,2095,2305,2545,2740,2890,3055,3120,3130,3145,3130,3105,3075,3085,3155,3240,3325,3440,3615,3635,6085,6685,6265,6420,6545,6350,6060,6275,6340,6170,6470,6335,6275,5720,5150,4975,4830,4550,4345,4280,4220,4275,4225,4025,3670,3460,3340,3335,3350,3170,3230,3340,3335,3375,3390,3380,3420,3265,3200,3235,3120,3130,3130,3305,3295,3315,3445,3360,3280,3215,3230,3470,3565,3510,3555,3550,3520,3590,3755,3740,3630,3470,3330,3270,3245,3220,3245,3395,3410,3565,3725
Uttlesford,E07000077,275,320,325,370,380,400,395,415,420,430,435,445,465,495,515,505,515,540,550,545,560,600,590,620,615,665,650,1340,2245,2075,2130,2235,2200,2040,2090,2115,2045,2165,2130,2105,1910,1735,1705,1605,1445,1350,1250,1195,1140,1135,1060,985,960,920,945,960,955,930,945,950,935,965,945,945,935,980,970,960,980,975,1005,990,1040,1105,1140,1100,1125,1125,1145,1180,1140,1140,1125,1140,1130,1145,1140,1095,1070,1095,1095,1115,1090,1065,1030,1075,1100,1130
Broxbourne,E07000095,785,890,915,1055,1030,1085,1105,1080,1110,1115,1150,1125,1150,1220,1260,1265,1315,1305,1345,1370,1350,1380,1400,1405,1400,1425,1435,2545,4065,3770,3925,4050,3930,3865,3875,3885,3820,4065,4030,3980,3725,3345,3290,3130,2960,2745,2565,2495,2430,2430,2330,2270,2150,2030,1905,1905,1880,1880,1915,1950,1925,1950,1955,2045,2015,2015,2030,2015,2015,1995,2010,2015,2010,2070,2020,2020,2080,2105,2335,2285,2285,2185,2155,2180,2150,2200,2125,2085,2120,2150,2085,2105,2150,2135,2140,2125,2155,2205
Dacorum,E07000096,1140,1165,1150,1170,1100,1090,1055,1010,1000,980,950,945,1025,1080,1205,1250,1295,1365,1375,1465,1555,1595,1640,1620,1695,1780,1855,3315,5125,4840,4990,5045,5005,4830,4875,4800,4690,5005,5010,4950,4480,4180,4115,3960,3690,3510,3415,3210,3055,3000,2895,2745,2695,2570,2475,2515,2515,2555,2555,2545,2520,2575,2610,2710,2690,2735,2735,2740,2785,2780,2750,2800,2780,2900,2860,2810,2850,3020,3280,3340,3370,3345,3240,3135,3190,3315,3300,3260,3215,3310,3195,3175,3180,3180,3110,3090,3085,3225
Hertsmere,E07000098,785,805,820,875,845,815,845,845,835,850,910,875,935,1010,1045,1065,1105,1145,1190,1230,1235,1265,1290,1270,1290,1295,1335,2450,3715,3515,3585,3680,3685,3515,3590,3630,3580,3840,3820,3690,3430,3075,2955,2805,2575,2430,2400,2350,2230,2240,2180,2025,1985,1960,1965,1970,1970,1935,1920,1905,1845,1840,1840,1930,1895,1940,1920,1925,1960,1980,2030,2080,2075,2160,2135,2110,2125,2220,2430,2465,2445,2360,2345,2300,2275,2405,2395,2335,2355,2385,2365,2375,2375,2365,2330,2310,2320,2385
North Hertfordshire,E07000099,945,995,975,970,930,920,880,870,810,815,855,930,1020,1115,1165,1195,1210,1245,1280,1285,1290,1320,1315,1320,1345,1415,1425,2675,3825,3590,3710,3790,3765,3540,3660,3565,3440,3690,3575,3550,3260,2860,2865,2740,2595,2465,2385,2315,2235,2220,2095,1980,1920,1830,1765,1745,1705,1705,1710,1705,1700,1745,1700,1710,1650,1655,1665,1660,1655,1625,1665,1685,1695,1755,1780,1800,1755,1845,2005,1995,1950,1915,1905,1845,1900,2010,1985,2015,1965,1955,1920,1910,1910,1885,1815,1810,1865,1965
Three Rivers,E07000102,535,550,585,645,675,705,710,760,760,800,805,805,800,855,860,845,870,910,910,925,910,905,920,910,920,955,1000,1790,2690,2575,2675,2785,2745,2590,2630,2660,2565,2650,2620,2585,2320,2035,1950,1845,1700,1600,1520,1445,1420,1425,1345,1290,1245,1275,1260,1250,1265,1255,1255,1250,1205,1275,1275,1290,1285,1315,1335,1365,1355,1395,1390,1425,1435,1460,1450,1435,1480,1515,1625,1615,1660,1675,1635,1615,1585,1635,1670,1610,1660,1640,1620,1570,1575,1580,1520,1540,1555,1600
Watford,E07000103,885,945,990,1130,1160,1210,1250,1340,1375,1400,1385,1385,1410,1480,1485,1490,1490,1535,1540,1560,1580,1595,1575,1570,1555,1640,1705,2805,4110,3980,4120,4250,4225,4090,4220,4220,4195,4400,4380,4315,3940,3585,3415,3185,3000,2850,2645,2535,2455,2455,2375,2260,2210,2210,2155,2160,2155,2140,2180,2205,2185,2200,2260,2410,2390,2460,2570,2540,2525,2555,2560,2605,2620,2755,2675,2665,2685,2835,3055,3090,3255,3250,3155,3145,3070,3155,3165,3150,3180,3280,3170,3195,3135,3050,2990,2980,3015,3180
Breckland,E07000143,875,955,955,975,975,930,875,865,830,870,960,1055,1110,1200,1280,1295,1340,1370,1340,1380,1375,1450,1465,1505,1545,1610,1630,3090,3830,3540,3635,3575,3525,3370,3490,3490,3375,3550,3520,3450,3130,2855,2715,2640,2500,2490,2445,2330,2240,2295,2185,2075,1975,1975,1940,1935,1940,1820,1830,1810,1795,1820,1875,1895,1835,1805,1830,1775,1805,1835,1875,1905,1915,1980,1975,1960,1915,1920,2085,2130,2135,2045,1990,1980,2030,2065,2075,2025,1970,1990,1965,1945,1955,1995,1990,1990,2060,2200
Broadland,E07000144,530,595,640,680,650,590,580,565,540,535,540,585,655,750,800,790,830,840,890,910,890,955,965,1020,1065,1080,1105,2275,3085,2830,2970,3035,2915,2720,2745,2755,2580,2770,2725,2680,2445,2180,2105,1965,1900,1830,1760,1745,1690,1715,1685,1580,1475,1465,1445,1425,1370,1345,1315,1320,1355,1380,1365,1360,1360,1375,1380,1360,1330,1340,1380,1400,1475,1540,1605,1525,1490,1465,1605,1640,1650,1685,1665,1635,1590,1660,1650,1610,1595,1620,1600,1590,1570,1565,1570,1560,1600,1720
Great Yarmouth,E07000145,3015,3135,3230,3365,3005,2840,2785,2825,2770,2830,2935,2990,3105,3210,3175,3055,2865,2770,2675,2710,2625,2650,2840,2945,3085,3180,3075,4570,4870,4870,4875,4785,4575,4435,4715,4630,4905,5075,5005,4880,4430,4000,3720,3610,3405,3415,3505,3480,3630,3600,3395,2975,2735,2615,2475,2455,2370,2400,2585,2805,2960,3050,3055,3025,2805,2760,2720,2560,2545,2570,2730,2730,2955,3005,3045,3000,2885,2900,2995,2960,2855,2830,2880,2805,2915,3015,2975,2865,2760,2705,2675,2600,2515,2515,2630,2745,2860,3025
King's Lynn and West Norfolk,E07000146,920,955,960,985,975,910,875,865,870,895,915,940,1070,1180,1310,1400,1450,1510,1545,1635,1675,1725,1815,1925,1995,2070,2040,3495,4705,4420,4480,4460,4280,4060,4170,4210,4170,4435,4405,4300,3895,3585,3450,3200,3015,2950,2805,2695,2650,2640,2560,2410,2330,2205,2185,2250,2240,2215,2290,2270,2255,2325,2450,2445,2465,2435,2400,2305,2285,2280,2345,2375,2370,2430,2400,2400,2335,2385,2550,2540,2530,2475,2465,2495,2475,2615,2630,2560,2465,2515,2445,2450,2420,2410,2440,2495,2560,2700
North Norfolk,E07000147,540,575,585,580,545,470,450,435,435,435,455,485,565,640,685,745,735,800,775,785,795,855,915,955,1030,1130,1090,2320,2795,2580,2630,2630,2510,2270,2355,2380,2400,2560,2535,2510,2275,2020,1905,1810,1690,1695,1695,1710,1705,1730,1690,1565,1495,1460,1400,1385,1375,1355,1370,1425,1435,1510,1465,1465,1395,1365,1365,1305,1310,1315,1365,1415,1470,1520,1550,1510,1415,1410,1540,1540,1530,1545,1545,1530,1505,1570,1560,1480,1405,1395,1355,1330,1355,1330,1370,1410,1470,1585
Norwich,E07000148,1605,1665,1735,1830,1775,1700,1655,1695,1660,1715,1650,1815,2015,2190,2360,2495,2545,2695,2730,2835,2900,2990,3025,3070,3140,3225,3220,5025,6445,6115,6470,6470,6455,6080,6245,6240,6065,6390,6430,6375,5915,5520,5385,5250,4985,4795,4685,4545,4390,4440,4340,4110,3905,3820,3735,3680,3580,3460,3415,3510,3505,3515,3505,3585,3465,3485,3565,3535,3580,3595,3670,3710,3765,3905,3945,3845,3835,3865,4240,4215,4190,4140,4090,4020,4065,4175,4095,4050,3980,4000,4015,4075,4005,4080,4125,4080,4105,4360
South Norfolk,E07000149,650,670,675,725,700,665,645,665,705,700,685,765,825,895,935,980,985,1050,1085,1100,1125,1135,1180,1240,1270,1310,1330,2510,3365,3090,3250,3295,3185,2960,2995,2975,2895,3015,3010,2950,2685,2435,2380,2290,2140,2130,2075,2045,2025,1980,1930,1835,1760,1680,1680,1685,1665,1615,1625,1630,1650,1610,1620,1670,1585,1610,1585,1575,1620,1610,1665,1655,1680,1700,1715,1695,1715,1720,1880,1900,1940,1880,1835,1855,1910,1935,1865,1815,1780,1775,1780,1840,1815,1855,1890,1920,1960,2085
Babergh,E07000200,450,540,545,625,610,635,670,700,725,770,780,790,785,820,850,805,805,840,860,870,875,930,920,930,965,1015,1005,2060,2620,2425,2505,2580,2530,2390,2510,2450,2360,2485,2465,2370,2160,1945,1915,1805,1700,1650,1555,1490,1475,1455,1350,1315,1205,1175,1190,1215,1195,1165,1190,1195,1175,1160,1170,1210,1175,1195,1205,1160,1160,1160,1185,1245,1275,1330,1315,1265,1260,1320,1370,1420,1380,1355,1355,1345,1330,1375,1375,1350,1345,1370,1325,1285,1220,1255,1275,1295,1320,1405
Ipswich,E07000202,1770,1855,1875,1900,1895,1905,2045,2165,2275,2325,2395,2400,2480,2600,2590,2660,2720,2825,2845,2960,2940,2975,3000,3120,3195,3290,3275,4850,6095,6060,6160,6245,6185,6095,6175,6200,6185,6490,6675,6530,6185,5820,5670,5490,5290,5045,4960,4785,4610,4580,4475,4225,4070,3890,3780,3790,3735,3830,3970,4020,3980,3960,4060,4135,3970,3960,4030,4010,3990,3910,3875,3950,4025,4085,4060,3960,3955,4070,4500,4310,4090,3945,3840,3780,3810,3930,3885,3830,3855,3905,3705,3575,3640,3620,3600,3680,3730,4030
Mid Suffolk,E07000203,455,470,495,510,500,480,515,560,595,610,650,680,715,770,775,785,810,780,810,845,855,855,910,900,895,965,940,1800,2315,2210,2280,2290,2290,2160,2195,2205,2145,2295,2205,2120,1950,1800,1715,1595,1500,1435,1395,1345,1375,1335,1255,1180,1150,1100,1160,1155,1125,1165,1160,1225,1205,1160,1150,1160,1160,1145,1155,1150,1140,1150,1165,1190,1225,1255,1275,1295,1285,1320,1420,1420,1405,1325,1300,1255,1250,1250,1235,1210,1180,1200,1200,1200,1185,1210,1150,1185,1195,1320
St Albans,E07000240,840,945,1000,1110,1085,1120,1105,1130,1180,1225,1195,1125,1150,1230,1195,1215,1245,1265,1295,1325,1355,1375,1385,1400,1405,1480,1470,2415,3750,3595,3675,3765,3710,3570,3530,3470,3355,3535,3495,3470,3150,2910,2840,2760,2605,2535,2365,2280,2200,2120,2025,1935,1900,1845,1825,1820,1835,1840,1880,1885,1770,1810,1790,1800,1735,1745,1810,1850,1875,1880,1915,1905,1895,1935,1945,1900,1940,2090,2305,2390,2410,2380,2230,2175,2125,2185,2195,2215,2185,2140,2155,2160,2165,2210,2165,2155,2155,2255
Welwyn Hatfield,E07000241,950,1000,1070,1210,1170,1185,1270,1260,1335,1350,1355,1335,1310,1375,1410,1375,1405,1435,1445,1480,1440,1475,1515,1530,1530,1575,1585,2725,3720,3565,3635,3715,3735,3620,3745,3610,3590,3820,3795,3815,3595,3270,3205,3095,2925,2810,2655,2610,2470,2380,2280,2070,1950,1925,1815,1845,1795,1775,1860,1905,1900,1950,1935,1935,1895,1880,1900,1880,1870,1910,1950,2010,2015,2045,2045,2060,2085,2180,2425,2385,2370,2385,2400,2370,2440,2455,2430,2425,2420,2470,2395,2415,2425,2415,2315,2305,2350,2435
East Hertfordshire,E07000242,640,640,645,645,625,595,585,585,580,570,585,625,710,830,910,960,950,985,1025,1045,1045,1075,1060,1105,1120,1115,1135,2485,3980,3630,3690,3900,3845,3550,3740,3715,3630,3855,3790,3775,3410,3080,3000,2770,2560,2455,2335,2195,2110,2090,2010,1865,1760,1730,1690,1680,1700,1665,1660,1665,1650,1675,1725,1755,1635,1680,1700,1655,1700,1795,1795,1805,1865,1915,1870,1820,1850,1845,2000,1970,1990,1855,1810,1755,1755,1860,1885,1855,1835,1850,1790,1830,1920,1830,1775,1780,1815,1940
Stevenage,E07000243,935,935,910,885,920,880,870,865,850,820,805,890,990,1075,1110,1140,1205,1270,1300,1295,1280,1320,1300,1315,1385,1440,1435,2590,3575,3290,3365,3410,3400,3235,3220,3205,3170,3440,3425,3420,3230,2995,3020,2870,2690,2580,2420,2335,2250,2195,2050,1910,1765,1695,1645,1600,1595,1600,1670,1715,1735,1715,1725,1800,1745,1815,1800,1770,1675,1730,1765,1725,1795,1825,1810,1860,1845,1935,2040,2070,2060,2035,2035,2025,2035,2115,2100,2070,2050,2065,2040,1995,2010,1980,1915,1915,1955,2080
East Suffolk,E07000244,2900,2995,3040,3225,2980,2850,2875,2900,2880,2985,3010,3040,3145,3390,3370,3355,3340,3300,3315,3335,3355,3430,3590,3615,3775,3860,3780,6405,7365,6960,7080,7240,7100,6755,6975,6925,6910,7155,7175,7050,6490,5925,5710,5355,5085,4950,4865,4710,4740,4755,4540,4290,4075,3850,3700,3635,3625,3560,3680,3760,3670,3730,3765,3710,3585,3515,3530,3490,3410,3470,3625,3585,3670,3860,3810,3655,3600,3555,3840,3785,3745,3745,3755,3825,3820,4005,3950,3845,3755,3770,3730,3730,3695,3810,3890,3930,3965,4200
West Suffolk,E07000245,1230,1305,1400,1545,1505,1435,1425,1460,1450,1480,1470,1500,1515,1670,1745,1775,1800,1850,1850,1865,1895,1880,1910,1950,1990,2040,2065,3805,4715,4445,4505,4730,4670,4440,4490,4425,4380,4635,4535,4485,4180,3845,3680,3510,3355,3095,2935,2800,2725,2765,2715,2615,2500,2415,2410,2370,2355,2305,2280,2325,2325,2355,2435,2435,2415,2455,2420,2385,2395,2390,2435,2455,2520,2610,2590,2585,2570,2570,2825,2825,2720,2710,2710,2690,2695,2795,2750,2705,2685,2740,2690,2715,2780,2750,2740,2740,2810,2970
City of London,E09000001,65,60,65,70,65,65,65,60,65,65,60,65,65,70,70,70,70,70,70,75,75,80,80,80,80,85,90,160,235,220,250,255,250,240,245,260,260,245,260,260,260,235,225,205,205,265,340,330,335,340,320,315,310,290,275,270,250,220,210,210,195,185,180,165,160,155,160,155,155,145,145,140,140,140,130,135,130,145,155,155,150,160,150,145,155,150,155,160,160,160,140,145,150,145,145,135,145,160
Barking and Dagenham,E09000002,3170,3260,3330,3325,3475,3610,3705,3815,3960,4045,4155,4235,4325,4620,4695,4815,4940,5065,5050,5105,5180,5295,5420,5430,5445,5770,5850,8315,13500,13165,13530,13860,13645,13385,14075,14330,13985,14895,14940,14965,14305,13300,13195,12505,11635,11105,10605,10300,9865,9950,9610,9220,9080,8940,8775,8620,8695,8595,8735,8745,8590,8685,8995,9305,9085,9285,9495,9530,9620,9670,9585,9600,9555,9885,9885,9805,10110,10570,11865,11540,11465,11600,11470,11560,11390,11800,11775,11700,11815,12070,11715,11405,11570,11555,11360,11275,11205,11675
Barnet,E09000003,3490,3590,3645,3600,3600,3565,3645,3715,3925,4130,4240,4435,4540,4800,4945,5070,5225,5560,5625,5665,5805,6025,6145,6235,6315,6455,6690,10680,17500,17355,17750,18380,18480,18045,18425,18545,18025,19030,18930,19005,17795,16330,15915,15255,14455,14035,13505,13125,12690,12495,11965,11555,11345,11250,10905,10825,10955,10905,10995,10985,10695,10765,10845,10945,10585,10790,11000,10805,10895,10785,10795,10930,11035,11360,11265,11110,11430,11795,13545,13190,13260,13485,13105,13060,12865,13420,13410,13375,13535,13800,13485,13380,13335,13115,12925,12810,12755,13385
Bexley,E09000004,2165,2170,2160,2145,2100,1985,1880,1885,1835,1790,1820,2000,2175,2410,2595,2640,2710,2830,2950,3020,3095,3150,3205,3250,3205,3400,3440,6410,9155,8605,8855,9060,8950,8600,8825,8915,8645,9110,9150,8995,8330,7620,7470,7120,6585,6215,5820,5570,5285,5245,5100,4870,4730,4715,4615,4630,4645,4705,4745,4705,4565,4540,4615,4850,4760,4890,4955,4935,4925,4955,4905,4980,4950,5125,5155,5000,5125,5220,5625,5635,5710,5740,5580,5575,5510,5645,5715,5695,5520,5645,5600,5560,5530,5455,5320,5255,5245,5520
Brent,E09000005,4820,4895,4995,4900,4800,4715,4680,4645,4805,4755,4790,4805,5105,5185,5565,5880,6025,6330,6515,6750,6865,6975,7130,7240,7280,7690,7875,11970,20395,21135,21330,21620,22145,21990,22705,22885,22800,24125,24400,24230,22850,21215,20825,19795,18720,18165,17410,16460,16145,16015,15290,14745,14490,14245,13785,13705,13875,13865,14075,14105,13855,14050,14215,14495,14305,14600,14710,14655,14855,14985,14920,15200,15360,15800,15590,15505,15825,16430,18620,18340,18445,18500,18350,18155,18015,18630,18620,18345,18645,19055,18470,18175,18085,17880,17495,17310,17230,17875
Bromley,E09000006,2280,2385,2425,2420,2330,2365,2355,2295,2370,2510,2635,2865,2990,3175,3295,3440,3450,3640,3690,3785,3975,4040,4130,4085,4050,4225,4280,7045,11425,11005,11375,11595,11595,11040,11535,11395,11145,11750,11730,11490,10510,9530,9285,8825,8365,7940,7545,7170,6905,6870,6450,6135,5970,5890,5805,5785,5880,5835,5800,5905,5835,5870,5985,6055,5930,6015,6070,6120,6290,6270,6280,6445,6440,6700,6575,6530,6575,6725,7180,7130,7175,7185,7280,7275,7265,7460,7570,7400,7355,7415,7325,7160,7220,7210,7105,7145,7135,7405
Camden,E09000007,2735,2820,2875,2880,2865,2770,2695,2650,2705,2775,2885,2960,3105,3245,3375,3525,3580,3730,3855,3910,4030,4070,4125,4140,4130,4265,4315,7290,10200,10305,10545,10785,10875,10745,11060,11220,11070,11650,11690,11640,11030,10215,9920,9350,8935,8825,8725,8410,8080,8020,7680,7335,7100,6950,6730,6750,6790,6680,6745,6635,6455,6530,6585,6700,6650,6655,6680,6635,6725,6735,6690,6640,6670,6940,6880,6820,6935,7050,7645,7560,7650,7865,7675,7680,7555,7865,7860,7775,7715,7805,7595,7425,7465,7430,7285,7160,7020,7440
Croydon,E09000008,8690,9315,9335,10280,9565,9335,9355,9390,9540,9605,9655,9460,9395,10035,9985,10065,10110,10270,10230,10415,10475,10540,10555,10525,10440,10820,10835,16790,21860,21520,21855,22720,22890,22355,23140,23000,22600,23625,23695,23525,22065,20490,20270,19450,18485,17950,17105,16660,16100,16070,15375,14675,14415,14090,13810,13720,13835,13650,13780,13830,13685,13885,14010,14355,14055,14310,14510,14350,14550,14640,14430,14565,14605,15010,15045,14760,14860,15145,16470,16440,16450,16485,16435,16575,16410,17110,17330,17190,17330,17760,17335,17080,17065,16965,16690,16585,16560,17270
Ealing,E09000009,4970,5160,5230,5195,5195,5405,5445,5690,5960,6170,6255,6365,6455,6715,6910,7065,7235,7345,7430,7465,7515,7635,7685,7740,7735,8015,8165,12220,19845,20195,20490,20985,21265,20835,21830,21755,21515,22655,22790,22585,21470,19860,19730,18840,17740,17085,16430,15750,15255,15385,14725,14210,13975,13535,13135,13065,13070,12895,12940,13060,13065,13165,13300,13600,13295,13405,13615,13540,13695,13855,14025,14045,14170,14500,14585,14455,14645,15405,17680,17335,17210,17345,17280,17120,17065,17675,17650,17480,17710,17950,17415,17130,17170,17065,16790,16715,16645,17285
Enfield,E09000010,4490,4710,4840,5060,5045,5170,5300,5455,5630,5775,5890,5840,5905,6335,6505,6570,6680,6815,6860,6985,7090,7110,7285,7295,7285,7555,7715,12785,18275,18225,18330,18610,18715,18380,18930,19410,19235,20230,20405,20325,19640,18210,18205,17300,16060,15650,14920,14440,14065,14030,13565,13330,13015,12840,12475,12245,12140,11930,12065,11960,11725,11765,12075,12380,11985,12190,12355,12215,12315,12505,12505,12605,12505,12765,12710,12655,13130,13650,16945,16255,15980,16060,15715,15720,15435,15700,15610,15360,15760,16070,15545,15155,15105,15015,14720,14440,14365,14935
Greenwich,E09000011,4055,4200,4310,4335,4275,4165,4050,4060,4025,3840,3710,3950,4270,4545,4810,5035,5120,5440,5540,5730,5840,6005,6135,6040,6060,6315,6420,10385,15155,15010,15405,15820,16035,15530,15925,16070,15840,16580,16640,16495,15625,14525,14270,13720,13040,12435,11755,11365,11000,11005,10685,10270,10045,9850,9555,9520,9620,9455,9465,9455,9185,9355,9555,9755,9535,9720,9930,9925,10075,10020,9875,10120,10215,10450,10380,10305,10450,10665,11145,11225,11405,11495,11425,11340,11275,11695,11795,11780,11895,12115,11945,11740,11730,11755,11740,11650,11525,12045
Hackney,E09000012,4895,5025,5060,5085,5050,5095,5060,5015,5055,4985,5060,5375,5690,5935,6145,6285,6485,6600,6760,6855,6945,7135,7245,7350,7395,7605,7590,11985,17585,17255,17925,18375,18615,18210,18540,18805,18635,19270,19395,19290,18390,17090,16545,15855,14925,14215,13640,13085,12605,12710,12380,11865,11575,11385,11200,10950,11000,10925,10960,11015,10805,11000,11215,11465,11210,11350,11725,11610,11800,11845,11910,11835,11825,12135,12160,11940,12315,12525,13935,13750,13830,14065,14020,13905,13800,14145,13990,13800,14050,14125,13705,13540,13670,13660,13390,13335,13180,13800
Hammersmith and Fulham,E09000013,4105,4365,4355,4605,4465,4450,4475,4460,4500,4500,4440,4360,4300,4485,4485,4500,4520,4615,4600,4660,4660,4680,4560,4565,4525,4695,4645,6675,10065,10110,10235,10350,10505,10355,10730,10745,10680,11125,11105,10970,10385,9750,9310,8850,8505,8220,7810,7580,7300,7300,6960,6635,6470,6295,6175,6105,6095,5925,5990,6020,5870,5930,6000,6040,5890,6060,6145,6075,6010,5975,5955,6045,6090,6185,6235,6065,6130,6220,6795,6730,6680,6775,6680,6570,6615,6745,6725,6645,6760,6795,6670,6555,6560,6500,6500,6500,6405,6695
Haringey,E09000014,4480,4520,4635,4590,4580,4570,4505,4490,4525,4535,4430,4645,4980,5170,5440,5715,5785,6020,6080,6235,6365,6460,6625,6735,6745,7015,7180,11715,19015,18845,18980,19430,19820,19460,20270,20745,20485,21640,21875,21685,20805,19085,18575,17830,16800,16175,15485,14885,14460,14405,13935,13220,13010,12870,12570,12450,12390,12330,12310,12275,12035,12245,12450,12610,12390,12590,12710,12520,12550,12605,12500,12495,12435,12725,12705,12610,12915,13280,15190,14775,14480,14550,14265,14175,14070,14470,14515,14225,14355,14845,14345,14020,14130,14060,13735,13605,13530,14160
Harrow,E09000015,1780,1810,1860,1895,1865,1820,1770,1795,1975,2100,2185,2270,2295,2490,2600,2665,2750,2865,2950,3060,3135,3185,3265,3255,3235,3480,3435,5710,10360,10630,10620,10955,11040,10860,11165,11200,10945,11605,11580,11420,10620,9625,9655,9280,8625,8330,7945,7725,7395,7205,6755,6370,6175,6055,5830,5835,6010,5800,5695,5830,5770,5970,6090,6170,5965,6085,6210,6140,6245,6220,6235,6190,6265,6505,6450,6470,6625,7030,8040,7930,8300,8330,8205,8185,8285,8560,8480,8400,8505,8800,8530,8445,8455,8275,8015,8000,8025,8275
Havering,E09000016,2500,2605,2625,2645,2555,2535,2470,2525,2610,2725,2945,3120,3145,3395,3475,3625,3630,3735,3770,3795,3810,3885,3955,3990,3990,4175,4220,8000,10760,9990,10220,10640,10575,10045,10270,10380,10025,10685,10690,10620,9815,9035,8830,8370,7855,7510,7170,6975,6755,6680,6255,6000,5840,5800,5605,5730,5770,5815,5945,5990,5955,6100,6300,6435,6335,6345,6400,6365,6450,6535,6475,6425,6490,6750,6760,6655,6815,6975,7610,7630,7665,7715,7550,7505,7460,7755,7725,7505,7585,7765,7630,7550,7605,7525,7440,7350,7420,7775
Hillingdon,E09000017,2575,2645,2700,2670,2640,2535,2515,2485,2515,2505,2460,2635,2905,3235,3485,3640,3780,3875,3900,4015,4165,4275,4300,4325,4390,4660,4835,8020,13110,13015,13410,13810,14085,13875,14370,14405,14285,15000,14965,14635,13640,12580,12210,11670,10965,10480,9900,9335,8880,8815,8555,8175,8050,7800,7580,7580,7585,7485,7580,7765,7550,7845,7920,8120,7950,8085,8170,8105,8355,8430,8460,8495,8505,8740,8785,8845,9060,9300,10405,10305,10445,10635,10410,10425,10390,10815,10865,10880,10865,11030,10800,10700,10750,10670,10525,10465,10380,10905
Hounslow,E09000018,4800,5335,5360,5970,5450,5370,5365,5400,5520,5640,5595,5610,5600,5985,6040,6075,6105,6115,6105,6170,6195,6305,6275,6260,6315,6615,6690,10120,15040,14980,15325,15800,16090,15980,16770,16835,16440,17570,17695,17530,16485,15220,14795,14015,13170,12505,12020,11445,11125,11040,10400,9885,9565,9395,9210,9130,9230,9150,9130,9205,9220,9415,9575,9900,9600,9730,9745,9610,9815,9795,9850,9775,9780,9940,9845,9700,9830,10280,11310,11265,11225,11165,10905,10610,10550,11010,10855,10625,10640,10880,10665,10455,10415,10390,10175,10030,9860,10290
Islington,E09000019,3705,3815,3905,3865,3925,3945,3955,4000,4215,4310,4470,4625,4760,4960,5035,5110,5180,5385,5435,5490,5520,5630,5595,5580,5615,5780,5815,8825,12505,12475,12730,13015,13200,13110,13545,13730,13535,14115,14150,14060,13260,12410,11965,11330,10905,10425,9905,9460,9190,9265,8925,8685,8540,8330,8245,8195,8210,8150,8215,8140,8050,8255,8435,8560,8465,8615,8700,8570,8825,8855,8775,8750,8705,9075,9030,8990,9140,9230,9805,9820,9955,10005,9850,9795,9710,10040,10040,9790,9800,9885,9790,9760,9685,9650,9425,9280,9090,9420
Kensington and Chelsea,E09000020,1840,1950,1950,2045,1990,1960,1890,1925,1930,1930,1950,1940,1995,2080,2115,2130,2140,2210,2215,2240,2270,2260,2265,2275,2295,2385,2395,3680,5650,5775,5880,6055,6100,5975,6170,6255,6255,6505,6530,6445,6115,5680,5485,5225,4925,4885,4755,4565,4305,4245,4055,3850,3750,3705,3600,3540,3455,3425,3445,3420,3340,3345,3360,3280,3285,3355,3360,3310,3345,3335,3350,3350,3350,3385,3340,3315,3385,3430,3830,3775,3800,3860,3825,3845,3800,3865,3815,3780,3780,3775,3665,3670,3605,3610,3570,3525,3465,3625
Kingston upon Thames,E09000021,1305,1325,1310,1320,1285,1230,1245,1280,1320,1470,1600,1670,1710,1785,1835,1890,1870,1880,1935,1960,2045,2045,2100,2115,2170,2285,2260,3465,5860,5725,5935,6135,6205,5920,5995,5985,5795,6125,6095,6020,5500,4970,4900,4710,4280,4110,3840,3725,3560,3545,3375,3040,2970,2925,2855,2835,2825,2745,2765,2805,2830,2850,2925,3010,2970,3005,3060,3025,3110,3120,3080,3110,3110,3200,3215,3150,3155,3230,3655,3615,3650,3720,3705,3665,3645,3725,3680,3650,3705,3805,3755,3755,3685,3675,3655,3685,3670,3800
Lambeth,E09000022,5970,6145,6330,6555,6660,6800,6965,7185,7315,7345,7375,7420,7530,7885,7960,8055,8130,8315,8285,8440,8665,8610,8670,8720,8730,8890,9020,13590,19885,19865,20350,20780,21095,20815,21425,21630,21370,22300,22510,22165,21065,19520,18945,18125,17170,16400,15625,14820,14455,14595,14210,13455,13120,12765,12420,12340,12395,12285,12100,12055,11730,12100,12350,12475,12260,12435,12645,12600,12885,12840,12740,12695,12605,13120,13210,12950,13115,13290,14265,14275,14640,14830,14665,14640,14525,15035,15095,15040,15060,15420,15080,14910,15085,14800,14575,14555,14430,15145
Lewisham,E09000023,5280,5455,5480,5560,5500,5445,5360,5405,5550,5830,5930,6230,6345,6775,6960,7115,7230,7540,7665,7815,7935,8040,8125,8115,8055,8275,8410,12815,19010,18720,19105,19740,20070,19635,20335,20260,20000,20930,20950,20675,19690,18320,17800,17100,16230,15660,14890,14365,13905,14010,13430,12930,12545,12385,12120,12010,12130,12095,11985,12060,11830,11950,12115,12355,12120,12330,12610,12505,12710,12800,12840,13015,12995,13385,13615,13465,13490,13745,14680,14630,14760,14925,14905,14725,14605,14995,15025,14950,14970,15205,14930,14820,14950,14835,14545,14355,14240,14810
Merton,E09000024,2360,2480,2580,2735,2730,2740,2830,2810,2940,3005,3040,3015,3040,3250,3280,3320,3330,3325,3350,3395,3455,3530,3575,3595,3605,3690,3690,6450,9580,9415,9610,9965,9945,9525,9760,9855,9600,10060,10015,9875,9195,8295,8275,7750,7325,6955,6665,6425,6280,6255,6095,5790,5660,5565,5380,5400,5435,5450,5445,5485,5315,5485,5635,5830,5655,5745,5815,5800,5880,5915,6000,6030,6005,6080,6150,6075,6215,6315,6875,6835,7060,7020,6935,6845,6790,7050,6980,6870,6920,7080,6960,6870,6900,6810,6675,6640,6665,6870
Newham,E09000025,4580,4740,4750,4790,4750,4810,4765,4660,4855,5105,5305,5440,5680,5880,6195,6450,6755,6875,6930,7065,7265,7435,7620,7640,7750,8050,8170,12815,23030,23330,23515,24050,24445,24270,25655,26340,25985,27625,28000,28090,26820,24925,24655,23545,22075,21370,20595,19815,18820,18620,17645,16495,16095,15780,14985,15080,15180,15170,15285,15215,14975,15150,15675,16165,15895,16170,16490,16375,16700,16760,16660,16805,16775,17460,17340,17410,18000,18620,20460,20190,20585,21235,21020,20800,20665,21470,21445,21135,21285,21650,21090,20990,21010,20895,20455,20170,19890,20810
Redbridge,E09000026,2475,2515,2525,2560,2560,2580,2460,2575,2730,3000,3140,3210,3330,3625,3860,3965,4125,4305,4370,4490,4565,4695,4835,4910,4910,5195,5285,10485,15095,15040,15270,15610,15495,15070,15765,15870,15500,16640,16720,16665,15810,14745,14710,14045,13045,12735,12125,11605,11085,10860,10080,9520,9335,9265,9080,8985,9045,9055,9130,9285,9150,9285,9490,10025,9655,9855,10115,10075,10050,10060,9940,10015,10025,10320,10225,10275,10700,11065,12400,12175,12355,12420,12415,12410,12350,12755,12835,12680,12750,12900,12550,12455,12595,12525,12240,12120,11925,12630
Richmond upon Thames,E09000027,1520,1555,1555,1565,1525,1520,1470,1505,1610,1670,1740,1740,1805,1890,1950,2025,1975,2050,2065,2085,2095,2130,2110,2055,2045,2140,2205,3755,5545,5515,5730,5995,6090,5815,5905,5940,5780,6005,5955,5780,5310,4875,4745,4505,4200,3990,3760,3560,3495,3415,3270,3095,3000,2930,2910,2915,2890,2875,2930,2970,2855,2940,2990,3065,2925,2915,2930,2855,2855,2860,2825,2870,2855,2970,2960,2880,2885,2880,3180,3195,3250,3320,3190,3085,3145,3260,3285,3215,3195,3260,3225,3160,3170,3165,3135,3040,2970,3130
Southwark,E09000028,7155,7610,7675,8270,7930,7815,7885,7970,8130,8120,8005,8130,8010,8370,8300,8370,8365,8560,8520,8540,8640,8605,8550,8415,8275,8685,8580,13710,18530,18525,19075,19470,19945,19605,20310,20270,20195,21105,21225,20900,19640,18155,17480,16610,15750,15170,14520,13995,13590,13600,13135,12475,12195,11775,11430,11330,11435,11320,11240,11175,10980,11325,11455,11605,11275,11330,11405,11265,11420,11550,11530,11640,11640,12040,12060,11925,12140,12475,13550,13440,13480,13485,13350,13180,12975,13475,13420,13355,13420,13595,13280,13135,13340,13300,13070,13020,12965,13525
Sutton,E09000029,2685,2955,2865,3210,2920,2880,2910,2950,3105,3045,3075,3075,3020,3230,3185,3115,3155,3215,3185,3165,3175,3200,3160,3125,3100,3160,3155,5330,7550,7005,7230,7535,7605,7225,7400,7355,7190,7600,7610,7415,6830,6100,5990,5695,5325,5055,4765,4485,4300,4225,3980,3805,3775,3740,3705,3660,3660,3625,3640,3740,3675,3775,3840,3995,3865,3890,3955,3880,3895,3910,3865,3925,3910,4080,4090,4090,4205,4275,4730,4665,4730,4650,4620,4575,4545,4800,4815,4675,4745,4880,4760,4650,4730,4585,4500,4560,4560,4805
Tower Hamlets,E09000030,6145,6450,6440,6870,6600,6630,6685,6750,6925,6960,6970,6885,7010,7305,7310,7345,7475,7635,7750,7805,7905,8025,8050,7935,8010,8265,8315,14515,18950,18975,19565,19950,20280,20260,21110,21190,20950,21860,22065,21835,20655,19445,19165,18295,17245,16525,15605,15010,14475,14600,14100,13410,13085,12595,12240,12175,12165,12075,12160,12155,11725,11745,11945,12275,12075,12420,12825,12855,13030,12885,12895,13130,13065,13420,13630,13445,13910,14240,16385,16160,16855,17455,17200,17030,16655,17515,17520,17455,17580,17785,17445,17180,17165,16910,16610,16535,16395,17285
Waltham Forest,E09000031,3975,4070,4165,4145,4055,4035,4035,4030,4180,4370,4565,4735,4785,5035,5240,5385,5450,5700,5675,5725,5835,5905,5985,6100,6085,6340,6445,12185,17435,16920,17330,17885,18060,17605,18400,18855,18390,19465,19665,19445,18355,16665,16380,15635,14645,13970,13225,12615,12140,12085,11455,10755,10415,10230,9955,10020,10110,10300,10385,10560,10345,10550,10775,11385,11095,11300,11495,11430,11595,11655,11625,11650,11650,12030,12140,11955,12285,12640,13765,13540,13515,13645,13530,13355,13240,13705,13635,13510,13525,13670,13295,12965,13085,12965,12635,12525,12420,13025
Wandsworth,E09000032,3300,3400,3405,3455,3465,3470,3470,3535,3535,3545,3590,3705,3890,4045,4170,4245,4290,4440,4530,4650,4710,4855,4880,4860,4830,5100,5145,8275,13370,13310,13575,13950,14055,13650,14050,14215,13990,14635,14540,14215,13295,12185,11815,11245,10750,10280,9770,9260,8985,9015,8675,8335,8060,8000,7880,7860,7880,7760,7715,7645,7535,7655,7740,7885,7845,7920,7930,7990,8115,8155,8195,8155,8140,8375,8390,8335,8445,8605,9390,9385,9675,9945,10065,10150,9965,10495,10530,10465,10545,10695,10450,10275,10275,10110,9885,9750,9760,10110
Westminster,E09000033,2520,2590,2640,2605,2670,2600,2520,2515,2655,2790,2910,3005,3055,3240,3375,3430,3495,3620,3680,3760,3750,3775,3770,3825,3785,3685,3800,6015,9185,9345,9620,9750,9990,9875,10240,10600,10615,11035,11100,11015,10490,9900,9600,8970,8560,8250,8005,7770,7485,7365,7160,6885,6725,6540,6335,6300,6225,6180,6160,6105,5990,6080,6095,6130,6020,6010,6070,5980,6040,6110,6140,6205,6225,6310,6305,6205,6285,6365,7130,6845,6620,6625,6615,6650,6605,6920,6810,6735,6820,6800,6530,6480,6485,6430,6360,6370,6265,6445
Medway,E06000035,3345,3450,3475,3460,3470,3240,3305,3475,3620,3815,3850,4095,4295,4510,4750,4955,4985,5125,5250,5270,5325,5430,5495,5490,5630,5765,5800,9310,12325,11525,11885,12250,12015,11595,11695,11695,11475,12025,12165,12030,11425,10705,10430,10055,9505,9230,8860,8625,8315,8305,7990,7575,7235,6835,6655,6545,6560,6410,6485,6485,6565,6615,6655,6780,6610,6755,6785,6760,6755,6720,6790,6770,6790,6965,7090,6940,7065,7050,7625,7560,7525,7535,7410,7425,7325,7565,7630,7495,7415,7380,7335,7460,7420,7435,7425,7325,7360,7790
Bracknell Forest,E06000036,580,620,610,570,545,520,550,620,700,740,790,860,885,970,995,1075,1075,1070,1070,1080,1075,1105,1135,1180,1185,1220,1220,2470,3610,3355,3495,3585,3560,3355,3435,3400,3370,3615,3480,3435,3095,2710,2685,2530,2340,2235,2120,2000,1980,1955,1825,1730,1635,1590,1585,1580,1630,1610,1630,1600,1600,1630,1640,1635,1595,1630,1630,1600,1595,1585,1605,1615,1650,1765,1805,1820,1880,1920,2040,2040,2065,2060,2035,2000,2050,2155,2145,2120,2120,2200,2260,2195,2200,2240,2190,2160,2210,2255
West Berkshire,E06000037,630,685,760,870,850,875,940,980,1020,1065,1120,1125,1140,1250,1260,1250,1235,1305,1290,1300,1345,1410,1405,1440,1400,1490,1525,2790,3950,3765,3885,3995,3930,3775,3790,3755,3705,3855,3870,3800,3480,3185,3100,2970,2825,2725,2605,2495,2435,2465,2395,2250,2190,2065,2085,2080,2080,2105,2095,2060,2015,1990,2025,2035,2010,2020,1990,1975,1980,1960,1960,2000,1990,2050,2120,2070,2160,2125,2315,2315,2315,2330,2230,2175,2235,2395,2375,2295,2320,2345,2340,2300,2320,2280,2285,2320,2320,2430
Reading,E06000038,1650,1700,1730,1930,1950,2050,2145,2225,2225,2315,2360,2410,2460,2615,2625,2655,2675,2765,2800,2850,2865,2935,2925,2925,2930,3005,3050,4610,6745,6700,6795,6945,6915,6650,6800,6825,6820,7125,7180,7150,6750,6260,6045,5830,5525,5325,5100,4955,4795,4735,4550,4430,4365,4350,4275,4245,4300,4330,4290,4275,4190,4310,4390,4490,4375,4450,4475,4505,4595,4620,4640,4725,4725,4890,4960,4950,4975,5180,5500,5415,5380,5380,5330,5315,5280,5460,5495,5490,5485,5570,5450,5370,5440,5345,5345,5385,5365,5640
Slough,E06000039,1225,1305,1340,1320,1260,1255,1405,1470,1645,1665,1735,1815,1920,2125,2205,2250,2305,2380,2405,2470,2510,2570,2560,2650,2700,2810,2820,4780,7400,7320,7585,7810,7910,7720,8020,8000,7890,8415,8450,8405,7795,7045,6975,6580,6145,6045,5870,5735,5530,5575,5410,5250,5195,5045,4820,4790,4880,4715,4665,4635,4490,4550,4740,4940,4900,4970,5020,4990,5050,5125,5155,5095,5135,5410,5405,5435,5675,5705,6200,6310,6425,6630,6605,6495,6435,6755,6795,6685,6700,6695,6540,6455,6400,6315,6260,6195,6230,6595
Windsor and Maidenhead,E06000040,675,720,730,725,700,635,655,680,740,830,860,930,945,1040,1075,1090,1115,1150,1135,1190,1170,1195,1230,1225,1255,1275,1300,2545,3965,3850,4090,4200,4310,4115,4255,4235,4150,4350,4300,4140,3720,3335,3215,3025,2810,2765,2630,2540,2430,2445,2370,2275,2210,2205,2165,2100,2075,2040,2060,2020,1950,2005,2030,2000,1965,2000,1975,2000,1985,2015,2045,2065,2120,2170,2180,2200,2225,2220,2335,2380,2455,2495,2465,2470,2470,2590,2620,2520,2455,2480,2410,2380,2395,2385,2360,2315,2405,2560
Wokingham,E06000041,525,570,600,640,635,640,675,735,745,775,800,855,840,910,920,915,925,965,975,1010,1035,1080,1090,1085,1105,1155,1140,2245,3495,3340,3445,3685,3665,3515,3540,3505,3455,3600,3550,3460,3095,2775,2705,2605,2405,2270,2120,2025,1990,1920,1820,1720,1630,1625,1630,1650,1710,1750,1735,1715,1695,1730,1760,1805,1750,1800,1830,1845,1870,1885,1895,1915,1955,2030,1960,1965,1980,1960,2110,2120,2160,2170,2130,2090,2080,2160,2240,2190,2165,2175,2195,2240,2220,2190,2190,2235,2240,2340
Milton Keynes,E06000042,2600,2745,2780,2740,2770,2635,2600,2660,2615,2575,2480,2400,2525,2660,2995,3230,3300,3410,3500,3620,3750,3945,3995,4025,4110,4320,4495,6675,10465,10380,10625,10930,10880,10435,10365,9950,9890,10540,10840,10855,10195,9520,9330,8995,8525,8170,7710,7310,7150,7145,6870,6625,6495,6365,6210,6190,6280,6275,6210,6195,6150,6335,6680,6800,6555,6595,6630,6670,6700,6715,6680,6710,6810,7105,7325,7490,7540,7675,8200,8315,8390,8425,8170,7960,7880,8255,8285,8190,8150,8185,8065,7985,8055,8035,7880,7690,7750,8200
Brighton and Hove,E06000043,3200,3455,3670,4000,4070,4120,4240,4400,4445,4560,4645,4665,4745,4905,4865,4875,4870,5005,5060,5155,5240,5395,5460,5500,5570,5820,5860,10335,14080,13285,13855,14210,14225,13595,13780,13855,13590,14270,14245,13905,12865,11710,11525,10975,10410,9990,9730,9405,9185,9215,8950,8330,7985,7830,7715,7695,7675,7630,7725,7905,7730,7775,7710,7735,7460,7575,7695,7690,7660,7710,7750,7855,8010,8115,7925,7800,7640,7790,8315,8390,8405,8410,8395,8290,8380,8755,8760,8585,8450,8355,8315,8290,8225,8345,8385,8565,8610,8900
Portsmouth,E06000044,2365,2525,2525,2465,2465,2435,2400,2425,2430,2380,2365,2565,2825,2970,3195,3295,3445,3570,3610,3720,3835,3905,4085,4280,4340,4540,4545,8090,10365,9840,10060,10315,10000,9700,10035,9890,9730,10320,10250,10145,9410,8845,8675,8275,7800,7565,7325,7205,7115,7060,6935,6625,6360,6165,6095,6140,6100,6015,6140,6245,6220,6230,6295,6270,6110,6270,6275,6165,6225,6195,6265,6305,6485,6670,6655,6560,6595,6640,7165,7080,7090,6905,6850,6680,6630,6845,6875,6820,6725,6695,6505,6460,6450,6520,6540,6455,6410,6670
Southampton,E06000045,3845,4220,4275,4860,4505,4485,4435,4470,4540,4545,4715,4830,4855,5090,5005,4930,5025,5185,5075,5215,5160,5210,5280,5265,5295,5555,5595,9520,11965,11480,11735,11895,11780,11545,11715,11525,11410,12040,12145,12000,11085,10335,10055,9595,9105,8770,8510,8255,8080,8155,7865,7540,7300,7220,6985,6885,6610,6585,6680,6750,6675,6850,6930,6925,6780,6880,6825,6855,6925,6800,6935,6930,6955,7270,7295,7310,7310,7445,7765,7660,7755,7735,7505,7345,7510,7795,7735,7575,7460,7335,7205,7180,7135,7160,7070,7160,7320,7625
Isle of Wight,E06000046,1685,1760,1650,1490,1430,1325,1355,1365,1375,1510,1580,1740,1955,2115,2145,2145,2090,2010,1970,1985,2045,2105,2255,2380,2480,2575,2580,4725,5550,5260,5365,5245,4965,4730,5120,5160,5245,5525,5490,5370,4775,4290,3935,3705,3470,3330,3345,3335,3410,3425,3320,3110,2805,2660,2535,2570,2545,2580,2770,2900,2955,2975,3010,2890,2680,2610,2535,2520,2600,2660,2805,3015,3145,3305,3335,3200,3035,2935,3125,3125,3105,3065,3190,3230,3355,3490,3440,3255,3095,2955,2885,2825,2870,2895,2965,3025,3205,3370
Buckinghamshire,E06000060,2945,3050,3090,3060,3050,2925,2970,3075,3015,2910,2955,3170,3450,3680,3885,4065,4105,4350,4395,4590,4700,4850,4925,5020,5195,5365,5540,9500,15250,14605,15030,15660,15460,14625,14965,14870,14765,15515,15350,15040,13890,12745,12605,11970,11230,11030,10490,10125,9910,9760,9490,9120,8840,8755,8690,8755,8825,8695,8725,8715,8705,8665,8675,8725,8605,8735,8765,8750,8740,8785,8765,8880,8830,9160,9150,9300,9525,9770,10355,10330,10540,10645,10665,10595,10695,11180,11225,11080,11045,11105,10835,10825,10760,10785,10590,10400,10420,10895
Eastbourne,E07000061,1200,1375,1410,1610,1580,1590,1650,1680,1700,1695,1755,1865,1875,1975,1930,1955,1965,2030,2075,2015,2050,2055,2085,2155,2155,2215,2245,3855,4725,4480,4550,4630,4545,4330,4485,4440,4385,4620,4630,4510,4240,3925,3810,3600,3355,3340,3365,3280,3285,3280,3220,2935,2870,2750,2705,2735,2770,2730,2735,2645,2665,2685,2720,2775,2630,2670,2660,2520,2560,2535,2635,2615,2690,2750,2725,2670,2590,2540,2770,2780,2780,2760,2850,2800,2785,2950,2960,2850,2830,2880,2845,2885,2855,2840,2845,2795,2865,3020
Hastings,E07000062,2415,2535,2545,2750,2545,2505,2525,2520,2550,2545,2630,2670,2690,2800,2730,2725,2645,2570,2590,2550,2570,2635,2635,2620,2720,2770,2780,4405,5155,4830,4965,5120,5080,4915,5085,5070,4995,5210,5175,5105,4840,4420,4325,4130,3950,3860,3860,3760,3775,3800,3670,3410,3340,3190,3110,3060,3050,3025,3060,3090,3100,3180,3190,3100,2970,2955,2910,2925,2860,2930,2930,2970,3040,3040,2960,2880,2875,2930,3045,3045,2980,2930,2875,2930,2945,2965,2890,2840,2715,2655,2620,2620,2580,2625,2725,2735,2775,2920
Lewes,E07000063,710,755,740,730,715,685,690,710,715,715,740,845,930,1025,1065,1085,1080,1085,1120,1125,1165,1275,1265,1340,1330,1365,1410,2690,3490,3190,3280,3425,3360,3130,3220,3230,3165,3335,3330,3255,3055,2770,2655,2565,2445,2375,2320,2235,2160,2240,2110,1975,1905,1850,1880,1845,1815,1765,1790,1810,1795,1775,1760,1750,1650,1660,1680,1680,1705,1725,1720,1760,1720,1810,1825,1820,1820,1890,1940,1990,2025,2000,2030,1995,1990,2075,2035,2000,1930,1895,1945,1985,1970,1880,1885,1945,1975,2080
Rother,E07000064,990,1080,1115,1205,1115,1115,1120,1130,1160,1170,1220,1220,1240,1315,1305,1260,1225,1235,1205,1230,1255,1295,1305,1315,1365,1380,1380,2620,3075,2855,2950,2990,2950,2740,2885,2875,2870,3005,2960,2885,2665,2410,2320,2250,2110,2105,2025,1990,1975,1980,1905,1795,1755,1680,1660,1655,1635,1635,1685,1700,1725,1750,1690,1670,1600,1615,1605,1555,1575,1560,1575,1610,1580,1630,1590,1530,1550,1590,1710,1720,1645,1615,1605,1600,1660,1695,1660,1620,1565,1565,1535,1550,1545,1580,1580,1580,1620,1685
Wealden,E07000065,605,620,635,725,720,695,760,785,795,835,880,910,975,1030,1050,1070,1060,1105,1115,1160,1185,1230,1270,1275,1300,1325,1315,3105,4235,3830,3985,4075,4010,3730,3820,3815,3750,3985,3960,3855,3425,3060,3020,2910,2665,2575,2520,2415,2400,2360,2275,2130,2055,2020,1975,2010,2030,2020,1975,1965,1940,1965,1885,1895,1855,1825,1800,1810,1790,1790,1815,1880,1925,1950,1930,1940,1995,2095,2295,2280,2240,2110,2095,2115,2130,2210,2155,2100,2030,2070,2070,2050,2115,2135,2140,2165,2235,2335
Basingstoke and Deane,E07000084,1025,1095,1095,1065,1070,1010,1035,1095,1180,1255,1335,1360,1425,1535,1610,1625,1645,1760,1775,1805,1785,1760,1810,1810,1805,1895,2015,3295,4735,4480,4680,4805,4810,4700,4685,4680,4625,4850,4865,4795,4415,4040,3975,3755,3510,3390,3260,3185,3175,3155,3070,2975,2865,2900,2865,2885,2875,2870,2895,2920,2845,2925,3000,3080,2965,3025,3040,3050,3005,2965,2935,2885,2930,3010,2965,2875,2855,2870,3130,3090,3180,3195,3045,3005,3015,3150,3245,3120,3130,3190,3130,3160,3140,3130,3105,3130,3165,3335
East Hampshire,E07000085,420,430,445,455,445,430,430,425,435,405,405,445,495,570,610,635,635,660,675,695,690,770,770,790,805,860,885,2170,2945,2725,2750,2945,2860,2665,2715,2615,2560,2765,2740,2700,2440,2110,2070,1970,1840,1785,1680,1645,1610,1580,1565,1485,1410,1375,1360,1415,1395,1400,1385,1460,1440,1465,1445,1445,1410,1425,1395,1410,1415,1425,1440,1525,1510,1555,1555,1540,1560,1540,1650,1660,1640,1635,1580,1605,1640,1625,1600,1520,1520,1515,1490,1510,1510,1540,1520,1495,1525,1610
Eastleigh,E07000086,780,880,910,1030,945,905,920,940,1000,985,1005,995,1000,1080,1030,1045,1080,1080,1050,1135,1150,1165,1140,1155,1180,1245,1245,2540,3430,3145,3225,3250,3195,3100,3170,3070,3020,3165,3175,3060,2690,2425,2440,2335,2180,2110,2025,1990,1890,1885,1790,1745,1725,1720,1645,1650,1620,1605,1590,1610,1620,1660,1660,1610,1565,1590,1560,1580,1565,1600,1660,1695,1745,1750,1775,1755,1790,1775,1965,1995,2015,1995,1900,1865,1860,1925,1925,1840,1820,1870,1880,1870,1920,1920,1915,1915,1950,2050
Fareham,E07000087,535,555,530,555,555,525,520,495,500,485,470,455,525,515,585,595,615,635,625,710,720,760,760,780,795,805,835,1935,2680,2445,2525,2640,2590,2445,2475,2440,2410,2485,2420,2330,2065,1875,1815,1730,1650,1550,1510,1455,1410,1405,1340,1300,1240,1255,1250,1255,1230,1200,1185,1165,1135,1165,1195,1155,1125,1145,1160,1180,1155,1120,1140,1095,1105,1185,1215,1165,1200,1160,1260,1310,1340,1260,1235,1185,1205,1270,1280,1300,1275,1275,1295,1325,1315,1310,1335,1360,1340,1420
Gosport,E07000088,750,795,815,820,795,775,725,710,720,715,705,685,770,795,885,910,935,1000,1010,1030,1030,1110,1145,1145,1165,1210,1270,2485,2930,2720,2810,2845,2820,2770,2800,2750,2740,2960,2945,2825,2625,2465,2380,2335,2150,2110,2055,2010,1990,2000,1930,1835,1810,1770,1735,1720,1665,1620,1645,1660,1655,1685,1760,1790,1640,1585,1660,1620,1595,1660,1680,1620,1615,1685,1675,1715,1695,1655,1770,1715,1725,1655,1655,1645,1720,1780,1780,1775,1740,1725,1715,1745,1690,1690,1695,1740,1775,1885
Hart,E07000089,305,305,305,280,270,240,250,235,245,235,225,245,270,305,315,335,340,375,365,375,385,425,460,485,480,525,515,1135,1950,1790,1855,1950,1910,1830,1895,1830,1830,1955,1955,1845,1670,1480,1455,1370,1245,1185,1125,1070,1070,1040,1015,935,870,905,900,895,895,905,915,950,905,925,900,865,825,860,840,835,825,835,870,880,885,920,935,940,905,935,1040,1070,1085,1040,1000,1005,990,1030,1035,1035,1055,1035,1030,1010,1005,1035,1030,1045,1050,1120
Havant,E07000090,1195,1205,1215,1195,1185,1130,1115,1125,1120,1110,1130,1155,1265,1345,1445,1465,1485,1560,1600,1645,1645,1660,1770,1825,1810,1960,1965,4010,4830,4410,4540,4660,4520,4340,4470,4425,4355,4590,4580,4465,4090,3755,3655,3490,3265,3130,3060,2970,2935,2910,2820,2720,2620,2580,2535,2555,2460,2385,2465,2485,2495,2455,2520,2555,2455,2445,2460,2485,2480,2470,2445,2505,2495,2615,2610,2630,2560,2575,2755,2755,2680,2655,2635,2640,2705,2790,2740,2645,2630,2660,2595,2595,2540,2530,2535,2460,2470,2565
New Forest,E07000091,835,905,900,885,835,805,795,820,855,895,970,1040,1120,1185,1205,1195,1200,1255,1270,1320,1340,1345,1410,1425,1440,1495,1525,3145,4435,4065,4145,4245,4120,3910,3940,3905,3840,4005,4005,3905,3560,3105,2970,2805,2595,2510,2415,2330,2320,2310,2195,2060,1980,1960,1930,1960,1890,1875,1930,1945,1990,1955,1930,1900,1770,1805,1795,1790,1855,1910,1950,1975,1980,2120,2085,2045,2065,2025,2180,2170,2205,2165,2180,2195,2215,2290,2250,2185,2105,2140,2125,2170,2225,2245,2280,2270,2330,2410
Rushmoor,E07000092,560,580,560,530,530,520,520,525,535,555,550,545,620,665,730,790,795,830,835,885,970,990,1000,980,985,1025,1030,1920,2960,2875,2960,3050,3075,2955,2975,2980,2915,3040,3100,3110,2900,2660,2620,2545,2415,2355,2265,2125,2100,2050,1990,1820,1745,1730,1700,1710,1745,1760,1765,1790,1780,1780,1795,1780,1705,1760,1710,1715,1715,1740,1775,1840,1890,1945,1965,1945,1930,1995,2095,2140,2120,2095,1995,1985,2015,2065,2015,1980,1965,1965,1980,1990,2005,2035,2040,2045,2065,2165
Test Valley,E07000093,500,525,520,565,525,530,505,550,590,645,680,720,745,820,785,825,835,900,930,965,1000,1010,995,1010,1000,1040,1045,2055,2910,2700,2795,2890,2790,2665,2590,2565,2595,2805,2795,2695,2365,2165,2080,1960,1845,1805,1705,1660,1640,1645,1595,1485,1425,1460,1430,1450,1420,1420,1435,1470,1445,1445,1460,1440,1375,1400,1390,1400,1330,1375,1400,1420,1445,1505,1520,1475,1460,1480,1615,1615,1690,1635,1590,1580,1555,1595,1590,1535,1525,1590,1570,1555,1535,1605,1530,1520,1520,1650
Winchester,E07000094,475,495,490,490,490,480,460,475,540,555,580,605,680,705,730,745,765,785,795,815,825,855,915,900,910,980,1030,2170,2800,2665,2740,2725,2735,2630,2675,2655,2655,2795,2760,2725,2425,2210,2185,2060,1945,1840,1785,1745,1700,1665,1600,1500,1465,1450,1415,1430,1400,1440,1465,1485,1495,1500,1560,1585,1560,1510,1530,1535,1525,1535,1545,1555,1535,1590,1650,1630,1625,1655,1785,1810,1820,1790,1695,1675,1670,1705,1670,1610,1630,1685,1635,1660,1670,1645,1620,1620,1630,1740
Ashford,E07000105,1320,1360,1395,1380,1350,1360,1315,1365,1430,1535,1620,1690,1760,1845,1880,1860,1880,1895,1965,1950,1955,2050,2090,2095,2110,2190,2220,4000,4945,4650,4770,4930,4830,4605,4615,4585,4515,4695,4585,4450,4165,3835,3725,3550,3430,3275,3190,3060,3010,3025,2895,2735,2615,2505,2380,2355,2355,2290,2330,2325,2390,2380,2430,2490,2405,2420,2450,2410,2440,2430,2475,2460,2440,2550,2570,2530,2555,2510,2710,2655,2665,2675,2620,2655,2615,2690,2670,2590,2555,2560,2485,2460,2515,2520,2465,2455,2470,2595
Canterbury,E07000106,1405,1465,1485,1465,1415,1360,1275,1315,1430,1575,1690,1845,1905,2045,2120,2120,2140,2165,2225,2235,2225,2280,2305,2300,2365,2400,2415,4585,5475,5180,5395,5475,5405,5110,5100,5145,5045,5285,5200,5035,4690,4300,4185,3990,3790,3710,3710,3495,3480,3530,3430,3230,3085,2970,2870,2860,2835,2900,2925,3005,3015,3060,3140,3165,3125,3145,3085,3065,3105,3075,3155,3225,3295,3395,3365,3280,3225,3195,3420,3385,3305,3410,3310,3275,3305,3370,3405,3285,3230,3155,3110,3030,3075,3120,3150,3155,3165,3250
Dartford,E07000107,765,815,845,795,765,735,725,715,760,820,855,920,950,1085,1140,1175,1195,1300,1325,1385,1445,1500,1480,1475,1555,1590,1605,3135,4170,3895,4010,4060,3985,3790,3865,3890,3840,4070,4025,3990,3660,3350,3315,3100,2895,2725,2570,2480,2400,2390,2275,2180,2155,2095,2050,2060,2075,2100,2095,2110,2105,2145,2185,2265,2190,2230,2245,2185,2205,2225,2225,2220,2265,2315,2320,2250,2300,2360,2560,2530,2540,2415,2375,2395,2335,2395,2415,2340,2350,2365,2355,2345,2380,2435,2410,2365,2440,2550
Dover,E07000108,1985,2110,2140,2330,2180,2210,2210,2185,2170,2230,2265,2355,2410,2485,2490,2500,2490,2440,2460,2450,2465,2525,2435,2440,2465,2550,2575,4360,4845,4650,4710,4755,4720,4545,4540,4600,4460,4590,4525,4400,4070,3780,3670,3480,3355,3285,3200,3100,3065,3090,2955,2790,2665,2545,2465,2475,2490,2475,2540,2620,2615,2615,2695,2640,2610,2580,2595,2585,2580,2565,2605,2710,2675,2765,2760,2635,2635,2590,2680,2625,2650,2585,2530,2475,2425,2460,2460,2350,2330,2270,2275,2300,2245,2305,2345,2355,2395,2510
Gravesham,E07000109,1370,1440,1450,1400,1405,1365,1405,1440,1470,1520,1565,1610,1650,1730,1810,1920,1955,2015,2140,2165,2180,2160,2215,2240,2230,2305,2300,3755,4915,4745,4780,4895,4880,4740,4785,4760,4705,4920,4955,4895,4535,4220,4095,3885,3685,3505,3305,3245,3130,3095,2975,2815,2720,2650,2595,2610,2575,2570,2550,2615,2680,2695,2835,2925,2850,2805,2840,2785,2820,2800,2810,2805,2845,2940,2955,2980,2920,2940,3200,3125,3170,3165,2985,2980,2980,3025,2990,3020,2960,3045,2995,2940,2950,2935,2820,2805,2780,2890
Maidstone,E07000110,1260,1315,1295,1275,1245,1195,1165,1165,1165,1160,1170,1175,1320,1415,1485,1650,1665,1810,1860,1880,1980,2015,2080,2100,2185,2250,2250,4270,5745,5340,5410,5555,5445,5145,5215,5220,5140,5430,5445,5390,4995,4585,4500,4430,4280,4065,3930,3785,3730,3775,3580,3335,3145,3065,2970,2980,2935,2980,3025,3025,3010,3000,3080,3185,3090,3145,3145,3130,3165,3300,3225,3265,3340,3455,3500,3475,3445,3475,3755,3645,3745,3740,3570,3565,3510,3645,3650,3595,3635,3665,3620,3600,3725,3710,3710,3725,3745,3990
Sevenoaks,E07000111,530,540,540,540,535,490,465,460,470,480,510,570,610,700,715,730,745,800,830,855,905,930,910,915,940,970,985,2185,3025,2795,2890,2985,2960,2840,2880,2865,2785,3005,2925,2905,2630,2360,2305,2215,2030,1925,1845,1765,1705,1640,1570,1490,1440,1430,1440,1420,1375,1390,1390,1435,1385,1410,1410,1470,1400,1385,1380,1355,1410,1455,1455,1470,1450,1480,1460,1450,1440,1470,1570,1530,1555,1535,1515,1500,1540,1580,1590,1500,1475,1510,1510,1530,1550,1565,1540,1530,1545,1645
Folkestone and Hythe,E07000112,1510,1585,1610,1590,1590,1500,1470,1505,1580,1740,1800,1850,1945,2045,2105,2130,2175,2210,2195,2165,2220,2270,2330,2365,2440,2465,2420,4260,4895,4650,4800,4950,4900,4740,4790,4850,4735,4910,4775,4660,4355,3985,3890,3670,3560,3505,3410,3335,3295,3260,3105,2900,2730,2605,2605,2575,2545,2520,2540,2550,2580,2595,2595,2550,2440,2430,2445,2435,2475,2490,2535,2595,2650,2750,2700,2605,2520,2500,2690,2695,2655,2675,2640,2660,2600,2680,2665,2610,2555,2530,2425,2415,2375,2380,2470,2475,2490,2550
Swale,E07000113,2010,2110,2255,2470,2445,2440,2480,2560,2615,2640,2695,2720,2755,2920,2910,2895,2910,2980,2975,2980,3035,3115,3140,3155,3205,3260,3280,5520,6370,6065,6070,6130,6070,5845,5910,5890,5795,6010,6020,5865,5540,5130,5075,4875,4745,4520,4415,4235,4135,4155,4000,3775,3570,3420,3280,3325,3300,3280,3315,3405,3420,3515,3440,3425,3320,3255,3320,3240,3240,3370,3395,3465,3505,3560,3535,3440,3455,3365,3590,3620,3565,3490,3480,3400,3395,3510,3445,3345,3310,3280,3300,3310,3355,3380,3340,3410,3395,3655
Thanet,E07000114,3420,3650,3715,4140,4020,3955,3920,3950,3940,4035,4140,4200,4230,4430,4390,4330,4315,4320,4325,4305,4295,4355,4380,4340,4490,4635,4630,7310,8795,8290,8500,8630,8460,8100,8275,8230,7920,8095,7915,7835,7455,7010,6840,6545,6245,6090,5930,5860,5825,5790,5500,5155,4990,4765,4655,4585,4590,4540,4595,4640,4590,4625,4660,4735,4540,4555,4520,4450,4305,4335,4435,4530,4565,4640,4560,4415,4315,4260,4605,4545,4525,4580,4545,4600,4480,4595,4570,4465,4430,4235,4110,4105,4060,4190,4320,4335,4335,4490
Tonbridge and Malling,E07000115,780,790,775,770,740,715,695,680,675,660,650,655,740,785,835,900,915,975,1045,1080,1120,1165,1215,1190,1205,1265,1295,2540,3560,3290,3400,3480,3540,3335,3295,3305,3175,3375,3325,3285,3040,2740,2705,2600,2420,2255,2155,2015,1945,1925,1825,1735,1730,1660,1615,1595,1570,1615,1650,1665,1635,1630,1695,1765,1675,1675,1750,1730,1720,1735,1765,1775,1760,1830,1815,1760,1770,1730,1870,1845,1885,1900,1845,1845,1865,1955,1950,1945,1920,1955,1940,1900,1920,1975,1960,1935,1955,2075
Tunbridge Wells,E07000116,670,695,670,645,615,610,585,570,570,555,565,550,615,730,830,815,875,900,930,935,975,1040,1080,1075,1090,1135,1130,2325,3315,3040,3185,3325,3245,3065,3080,3120,3065,3265,3255,3125,2820,2545,2505,2400,2265,2155,2075,1990,1925,1895,1860,1725,1665,1635,1615,1610,1630,1580,1565,1565,1540,1560,1595,1645,1635,1660,1645,1675,1645,1635,1610,1630,1595,1665,1655,1650,1665,1655,1765,1765,1850,1865,1880,1820,1795,1825,1805,1720,1710,1670,1640,1620,1705,1695,1700,1675,1675,1815
Cherwell,E07000177,560,590,680,840,805,830,885,955,970,980,995,1025,1045,1105,1100,1140,1135,1170,1160,1175,1215,1265,1280,1275,1355,1435,1460,2840,3955,3870,3890,3940,3990,3815,3790,3745,3775,3985,4080,3975,3645,3315,3205,3155,3000,2880,2660,2465,2320,2285,2225,2130,2075,2115,2030,2075,1995,2025,2040,2100,2030,2105,2160,2205,2150,2160,2190,2165,2170,2110,2135,2110,2170,2210,2270,2335,2345,2405,2570,2560,2555,2485,2435,2460,2505,2590,2595,2555,2545,2555,2545,2555,2555,2580,2575,2560,2585,2700
Oxford,E07000178,1105,1220,1295,1445,1430,1460,1520,1565,1605,1670,1680,1730,1735,1840,1870,1870,1905,1915,1930,1935,1925,1990,1995,2040,2085,2085,2100,3220,4570,4510,4690,4755,4795,4625,4600,4665,4620,4905,5040,4965,4645,4315,4155,4035,3830,3695,3485,3300,3200,3165,3055,2915,2785,2780,2690,2730,2750,2700,2625,2710,2670,2615,2660,2770,2720,2755,2740,2705,2655,2680,2685,2685,2755,2800,2820,2825,2800,2870,3125,3130,3175,3125,3210,3245,3205,3230,3220,3150,3095,3040,2995,3010,3090,3015,3015,2955,2955,3095
South Oxfordshire,E07000179,485,530,555,670,650,675,710,760,765,815,795,820,840,895,915,890,905,895,915,940,945,985,985,1010,1030,1045,1050,2235,3220,3025,3085,3175,3080,2865,2865,2875,2800,3030,3035,2880,2665,2445,2365,2275,2110,2045,1950,1875,1835,1775,1730,1660,1575,1550,1615,1565,1610,1630,1675,1700,1700,1710,1725,1715,1645,1635,1650,1655,1670,1655,1685,1695,1740,1775,1740,1745,1780,1765,1875,1835,1815,1795,1810,1785,1800,1895,1855,1840,1785,1780,1720,1750,1770,1790,1760,1750,1775,1890
Vale of White Horse,E07000180,570,650,650,760,755,770,810,820,855,820,855,905,920,945,990,955,920,945,965,945,980,1000,1020,1030,1040,1095,1095,1930,2985,2795,2865,2960,2910,2725,2740,2670,2650,2815,2815,2765,2520,2315,2240,2135,2025,1980,1885,1825,1820,1875,1790,1750,1685,1665,1610,1610,1640,1605,1595,1635,1655,1680,1755,1750,1705,1740,1685,1685,1730,1725,1780,1775,1830,1920,1990,1960,1920,1950,2080,2095,2035,2020,1945,1885,1910,1950,1960,1925,1875,1850,1855,1795,1825,1840,1760,1675,1735,1870
West Oxfordshire,E07000181,405,460,470,585,565,590,615,625,635,650,675,685,700,720,730,735,740,730,720,765,800,815,830,875,905,985,955,1925,2625,2500,2620,2670,2530,2385,2355,2345,2305,2425,2440,2400,2185,2000,1945,1840,1755,1675,1630,1535,1490,1480,1475,1425,1285,1255,1280,1240,1320,1350,1320,1355,1320,1335,1295,1285,1195,1180,1130,1200,1220,1225,1270,1245,1220,1285,1265,1250,1220,1275,1310,1310,1285,1235,1230,1220,1250,1325,1320,1245,1240,1300,1310,1265,1295,1330,1320,1295,1315,1400
Elmbridge,E07000207,530,525,530,535,500,520,510,495,480,500,505,510,540,590,635,650,660,715,730,775,800,845,920,935,920,950,995,1780,3075,3040,3130,3275,3285,3150,3205,3220,3115,3260,3340,3230,2890,2585,2525,2375,2230,2100,2020,1940,1850,1865,1770,1665,1625,1630,1635,1665,1660,1695,1670,1650,1625,1700,1730,1725,1670,1740,1740,1715,1715,1735,1660,1715,1725,1790,1790,1765,1735,1760,1915,1930,1955,2020,2010,1945,1985,2065,2055,2000,1995,2025,1975,1980,1960,1975,1995,1970,2000,2065
Epsom and Ewell,E07000208,370,375,390,400,380,380,405,380,385,390,390,395,415,435,480,490,470,490,490,470,505,535,540,550,550,570,585,1145,1965,1850,1865,1970,1920,1825,1830,1825,1815,1940,1895,1845,1665,1490,1480,1380,1275,1220,1135,1085,1055,1060,1005,995,960,940,920,870,880,905,905,890,890,895,895,930,885,875,905,925,930,950,950,995,1015,1030,1005,950,965,975,1085,1095,1060,1090,1070,1060,1040,1095,1060,1025,1045,1040,1055,1045,1050,1100,1065,1055,1085,1150
Guildford,E07000209,570,590,595,580,565,560,565,550,530,540,505,530,605,660,680,730,735,795,805,845,845,890,910,970,970,1015,990,2080,3120,2975,3110,3240,3210,3090,3175,3120,3115,3280,3300,3210,2875,2550,2465,2365,2205,2105,2040,1955,1910,1880,1785,1700,1660,1625,1695,1735,1725,1740,1690,1715,1735,1770,1785,1745,1725,1715,1770,1730,1710,1760,1730,1795,1785,1830,1805,1760,1770,1825,1920,1925,1940,1960,1900,1885,1850,1940,1925,1880,1875,1890,1875,1850,1860,1850,1865,1860,1930,1985
Mole Valley,E07000210,290,300,285,290,285,300,305,290,285,285,275,275,310,365,400,380,395,410,450,480,455,515,515,515,535,540,550,1155,1910,1785,1835,1890,1895,1795,1855,1855,1840,1910,1900,1845,1685,1510,1455,1395,1295,1250,1160,1110,1100,1105,1090,1040,985,965,945,940,925,925,915,915,850,845,855,870,850,895,910,905,925,940,940,930,945,935,930,880,910,955,1040,1025,1010,1025,1015,1015,1020,1025,1010,970,975,970,960,960,940,975,935,900,950,1005
Reigate and Banstead,E07000211,730,775,770,735,760,760,735,695,680,690,665,695,775,850,920,930,960,985,995,1040,1075,1120,1145,1130,1135,1210,1245,2455,3825,3615,3710,3875,3865,3640,3840,3850,3830,4040,4005,3845,3535,3165,3090,2935,2770,2610,2450,2340,2325,2270,2185,2050,1995,1960,1875,1895,1890,1800,1790,1780,1745,1740,1750,1765,1690,1780,1770,1755,1815,1850,1815,1805,1850,1885,1910,1875,1905,1910,2050,2055,2130,2100,2030,2020,2105,2070,2060,2050,2040,2025,1960,1995,1995,1990,1955,2035,2050,2190
Runnymede,E07000212,390,410,380,375,370,380,385,380,390,390,375,370,395,420,450,470,485,520,525,535,570,610,660,695,715,725,750,1435,2375,2305,2350,2435,2465,2430,2450,2485,2460,2615,2610,2555,2265,2015,1985,1865,1755,1655,1575,1540,1475,1460,1410,1320,1300,1290,1320,1325,1340,1310,1320,1285,1290,1370,1325,1315,1285,1320,1355,1295,1330,1285,1295,1305,1350,1395,1370,1340,1360,1390,1525,1475,1455,1455,1465,1445,1450,1470,1450,1465,1450,1435,1425,1385,1390,1415,1435,1450,1455,1545
Spelthorne,E07000213,575,585,575,585,560,570,575,555,540,545,525,515,555,625,690,710,725,795,810,850,875,895,935,955,985,1050,1040,1985,3240,3125,3230,3360,3450,3370,3485,3490,3435,3615,3585,3520,3255,2930,2860,2655,2420,2310,2225,2155,2105,2060,1970,1900,1865,1785,1810,1790,1790,1850,1860,1865,1880,1955,1990,2070,2005,2010,2030,2005,2060,2060,2040,2015,2050,2065,2035,1940,2015,2060,2230,2220,2240,2220,2195,2170,2180,2245,2280,2270,2265,2270,2265,2260,2260,2275,2230,2275,2265,2395
Surrey Heath,E07000214,370,375,365,360,340,345,340,300,300,280,295,265,305,345,380,405,420,435,440,430,445,480,515,520,545,585,600,1255,2215,2095,2165,2270,2230,2120,2135,2145,2140,2250,2220,2045,1850,1670,1570,1455,1345,1330,1285,1240,1225,1215,1185,1105,1055,1045,1080,1085,1100,1110,1120,1075,1085,1080,1075,1135,1095,1110,1115,1110,1135,1145,1115,1155,1170,1215,1185,1135,1115,1175,1265,1245,1260,1275,1250,1230,1275,1305,1295,1265,1265,1275,1265,1270,1280,1285,1280,1285,1285,1325
Tandridge,E07000215,490,545,525,545,515,500,500,500,505,520,555,545,545,595,585,585,600,610,640,660,695,720,715,715,715,770,760,1475,2290,2200,2300,2350,2370,2195,2230,2255,2250,2360,2290,2205,2020,1835,1780,1695,1555,1440,1370,1335,1285,1290,1235,1155,1120,1110,1125,1125,1105,1070,1070,1065,1080,1065,1085,1090,1055,1090,1100,1075,1065,1090,1115,1125,1130,1155,1145,1125,1145,1205,1270,1270,1270,1310,1220,1220,1240,1275,1310,1290,1310,1365,1360,1330,1330,1340,1305,1325,1335,1380
Waverley,E07000216,380,410,400,390,385,375,375,395,390,390,370,400,445,480,520,525,540,585,565,615,605,665,695,690,690,725,700,1595,2525,2370,2440,2550,2540,2405,2410,2375,2350,2475,2420,2340,2085,1875,1810,1700,1590,1555,1520,1475,1410,1455,1350,1245,1170,1225,1280,1330,1355,1365,1300,1315,1300,1300,1270,1300,1230,1245,1260,1295,1255,1255,1260,1280,1295,1335,1355,1325,1330,1360,1510,1465,1485,1515,1450,1445,1440,1505,1490,1435,1445,1465,1400,1380,1450,1450,1465,1435,1425,1555
Woking,E07000217,420,440,435,455,425,440,405,395,395,380,365,395,485,530,565,560,625,610,630,645,680,700,715,695,745,775,825,1570,2645,2585,2710,2795,2785,2660,2700,2705,2685,2855,2835,2730,2495,2200,2125,2015,1890,1870,1750,1695,1620,1630,1540,1465,1395,1445,1460,1465,1490,1445,1425,1455,1445,1460,1470,1545,1475,1480,1505,1520,1590,1565,1575,1580,1560,1610,1560,1570,1565,1620,1705,1790,1810,1810,1720,1720,1720,1795,1760,1735,1715,1795,1715,1685,1725,1790,1725,1730,1725,1830
Adur,E07000223,520,540,560,535,490,490,440,485,530,545,610,655,680,690,690,705,700,720,740,755,760,785,805,790,825,855,855,1635,2400,2185,2240,2375,2335,2195,2210,2205,2170,2300,2290,2200,2030,1810,1775,1700,1560,1515,1415,1355,1285,1290,1210,1150,1125,1095,1080,1065,1035,1020,1035,1030,1030,1015,1035,1045,980,950,965,995,960,975,985,965,975,965,980,940,930,960,1060,1025,1020,1040,1025,1035,1075,1140,1120,1120,1090,1105,1130,1115,1115,1080,1105,1115,1140,1230
Arun,E07000224,1180,1250,1265,1215,1145,1115,1060,1085,1150,1230,1370,1465,1555,1660,1725,1760,1740,1750,1765,1805,1850,1915,1955,2000,2035,2120,2130,4450,5435,4885,5030,5225,5065,4835,4895,4945,4925,5335,5290,5180,4715,4310,4245,4040,3795,3660,3560,3455,3460,3365,3225,2975,2825,2800,2730,2770,2775,2705,2765,2865,2825,2800,2865,2880,2760,2770,2770,2775,2760,2780,2825,2895,3005,3075,3130,3135,3040,3135,3380,3430,3415,3415,3365,3290,3370,3440,3470,3420,3360,3360,3295,3365,3315,3305,3385,3360,3420,3675
Chichester,E07000225,700,720,745,735,725,685,665,675,690,740,800,825,895,965,1015,1030,1065,1115,1130,1140,1185,1225,1270,1275,1270,1320,1355,2725,3540,3305,3435,3480,3415,3205,3240,3280,3275,3460,3460,3395,3130,2860,2790,2670,2535,2510,2415,2405,2340,2315,2250,2095,2005,1940,1965,1950,1950,1925,1960,2015,2075,2095,2025,2045,1985,1995,1950,1985,1990,2020,2025,2040,2085,2160,2200,2115,2065,2110,2295,2285,2350,2325,2315,2350,2415,2495,2490,2460,2405,2355,2280,2270,2305,2305,2310,2315,2380,2515
Crawley,E07000226,950,1020,1050,1035,1010,945,930,1015,1150,1250,1300,1340,1370,1525,1560,1570,1565,1580,1620,1680,1675,1775,1825,1870,1860,1950,2030,3500,5200,5035,5115,5335,5595,5560,5945,5995,5990,6365,6390,6160,5565,5020,4820,4505,4170,3980,3785,3605,3545,3570,3455,3255,3105,2975,2910,2945,2955,2925,2950,2915,2805,2885,2950,3040,2935,3000,3060,2965,2960,2960,2975,3020,3015,3080,3145,3090,3205,3385,3530,3500,3535,3430,3340,3235,3265,3405,3635,3685,3700,3685,3580,3525,3550,3530,3590,3550,3625,3795
Horsham,E07000227,625,655,645,630,615,585,590,610,675,750,785,820,875,925,950,925,920,960,935,945,985,1100,1085,1085,1130,1130,1150,2355,3460,3145,3395,3535,3575,3405,3380,3340,3290,3485,3425,3325,2975,2620,2605,2480,2295,2150,2075,1975,1940,1910,1845,1730,1640,1610,1650,1710,1740,1700,1635,1620,1590,1635,1610,1650,1580,1570,1595,1580,1595,1645,1655,1650,1695,1675,1615,1585,1625,1645,1805,1805,1805,1755,1740,1680,1730,1795,1775,1750,1715,1710,1695,1715,1735,1720,1710,1720,1735,1825
Mid Sussex,E07000228,430,430,425,420,380,360,375,465,530,605,650,670,690,770,770,780,790,785,785,815,835,895,930,920,950,995,990,2235,3430,3135,3195,3400,3375,3140,3185,3180,3170,3350,3275,3170,2810,2485,2360,2230,2055,2010,1870,1815,1720,1740,1685,1625,1540,1530,1510,1525,1525,1475,1435,1450,1465,1525,1500,1505,1510,1575,1585,1590,1625,1630,1650,1645,1705,1790,1735,1700,1665,1700,1880,1955,1915,1845,1810,1720,1760,1845,1795,1760,1700,1775,1815,1820,1885,1900,1815,1835,1895,1995
Worthing,E07000229,920,960,970,905,875,855,835,855,895,980,1055,1150,1220,1355,1370,1365,1390,1395,1420,1440,1465,1550,1540,1545,1600,1660,1670,2930,4040,3745,3860,3970,3945,3625,3695,3790,3765,3960,3960,3825,3595,3315,3265,3140,2940,2790,2670,2595,2540,2550,2320,2180,2110,2060,2025,2035,1990,1995,2050,1995,1980,1980,1985,1930,1895,1875,1825,1780,1825,1815,1850,1855,1855,1880,1845,1805,1785,1915,2030,2060,2065,2065,2030,2040,2055,2120,2095,2070,2095,2120,2110,2145,2135,2170,2145,2175,2195,2310
Bath and North East Somerset,E06000022,1970,2105,2075,2300,2140,2040,2085,2080,2115,2085,2125,2120,2080,2250,2215,2210,2185,2215,2195,2200,2260,2265,2235,2145,2140,2200,2145,3795,5205,4975,5130,5345,5295,4990,5025,4945,4740,4930,5035,4940,4550,4055,3940,3760,3535,3375,3185,3055,3025,2905,2860,2645,2420,2300,2220,2155,2120,2075,2080,2110,2150,2180,2220,2285,2150,2185,2210,2235,2145,2210,2235,2195,2260,2290,2310,2340,2300,2315,2535,2485,2540,2470,2475,2390,2370,2530,2535,2405,2410,2425,2390,2415,2400,2330,2360,2380,2360,2530
"Bristol, City of",E06000023,5165,5410,5480,5360,5295,5165,5095,5125,5150,5325,5660,6030,6345,6685,6945,7170,7375,7700,7770,8010,7965,8145,8280,8220,8320,8345,8450,14915,20150,19655,20185,20595,20435,19605,19645,19430,18725,19785,19615,19355,18000,16570,16350,15675,14805,14310,13715,13325,12830,12865,12445,11755,11280,11060,10795,10640,10715,10595,10855,10865,10675,10805,10905,11065,10795,10935,10995,10965,11110,11240,11430,11340,11475,11755,11595,11370,11325,11545,12410,12465,12600,12435,12185,12055,12000,12605,12520,12400,12440,12465,12345,12330,12405,12500,12545,12370,12400,13065
North Somerset,E06000024,1725,1875,1940,2225,2045,1965,2035,2115,2125,2205,2215,2260,2295,2505,2485,2495,2450,2490,2495,2545,2555,2635,2665,2615,2655,2685,2575,5070,6200,5870,6070,6090,5855,5535,5630,5645,5600,5750,5715,5600,5085,4630,4555,4320,4065,3940,3780,3645,3585,3550,3435,3155,3035,2940,2905,2925,2910,2835,2885,2915,2870,2970,3035,3055,2880,2915,2915,2875,2950,3030,3110,3145,3190,3280,3330,3225,3175,3185,3440,3420,3490,3320,3215,3160,3200,3320,3225,3195,3180,3210,3140,3160,3125,3125,3150,3150,3195,3310
South Gloucestershire,E06000025,1510,1545,1585,1585,1560,1505,1490,1495,1455,1455,1435,1515,1690,1915,2005,2065,2135,2220,2275,2320,2340,2350,2440,2440,2430,2545,2500,5220,7175,6770,6815,7180,6955,6560,6550,6480,6290,6665,6685,6440,5890,5330,5170,4875,4605,4370,4225,3960,3835,3795,3645,3355,3300,3210,3145,3165,3120,3090,3125,3115,3045,3170,3100,3190,3090,3180,3135,3185,3085,3185,3300,3200,3285,3460,3500,3465,3435,3500,3930,3930,3935,3875,3725,3705,3710,3895,4000,3920,3905,3940,3955,3950,3960,3945,3890,3840,3860,4055
Plymouth,E06000026,3545,3580,3815,4225,4265,4415,4550,4705,4760,4860,4960,5120,5220,5465,5440,5405,5385,5365,5340,5390,5275,5320,5445,5405,5510,5875,5790,9555,10910,10390,10705,10895,10720,9995,10175,9895,9705,10075,10070,9830,9190,8515,8285,8020,7625,7480,7180,6795,6645,6600,6420,5985,5765,5715,5440,5390,5320,5190,5355,5445,5350,5445,5500,5500,5325,5460,5620,5525,5540,5525,5560,5625,5680,5895,5915,5740,5720,5685,6150,6125,5960,5790,5845,5805,5795,6090,6060,6050,5920,5960,5775,5735,5735,5815,5820,5815,5910,6195
Torbay,E06000027,1730,1815,1830,1760,1660,1520,1435,1435,1355,1400,1560,1840,1995,2215,2300,2360,2355,2330,2290,2295,2310,2385,2385,2415,2475,2675,2675,5485,6165,5845,5955,5985,5750,5350,5555,5455,5310,5635,5570,5455,4870,4315,4135,3825,3525,3395,3305,3160,3210,3220,3150,2860,2705,2555,2520,2450,2440,2395,2500,2480,2525,2535,2630,2625,2425,2460,2465,2450,2525,2505,2575,2545,2560,2765,2730,2660,2585,2530,2680,2725,2690,2490,2530,2570,2700,2805,2830,2710,2675,2650,2560,2590,2520,2585,2660,2705,2785,2920
Swindon,E06000030,2795,3080,3105,3460,3030,2990,3035,3090,3125,3125,3115,3050,3085,3300,3325,3335,3325,3440,3430,3460,3385,3390,3355,3240,3255,3435,3485,6295,8550,8145,8230,8385,8215,7890,7970,7825,7775,8235,8160,7955,7365,6845,6805,6665,6400,6260,6035,5710,5540,5570,5330,5000,4730,4610,4455,4430,4515,4510,4435,4490,4430,4435,4460,4630,4325,4355,4340,4465,4545,4420,4640,4540,4590,4830,5005,4910,4935,4955,5275,5315,5275,5245,5135,4950,5005,5200,5205,5105,5045,5045,4970,5115,5120,5100,5020,5005,4965,5230
Cornwall,E06000052,4555,4790,4820,4690,4560,4385,4550,4765,5245,5725,6245,6670,7070,7545,7610,7550,7395,7275,7225,7240,7145,7300,7665,8010,8395,8830,8805,19150,21595,19920,20160,20095,18760,17280,17925,17950,18085,19200,19225,18785,16740,14850,13965,13120,12320,11885,11525,11320,11400,11380,10835,9820,9170,8930,8630,8600,8525,8375,8895,9240,9375,9465,9495,9310,8845,8965,8950,8785,8740,8895,9290,9735,10080,10320,10180,9870,9735,9595,10295,10175,10170,10105,10345,10475,10870,11355,11100,10580,10070,10010,9615,9560,9455,9775,10065,10370,10830,11410
Isles of Scilly,E06000053,5,5,5,5,0,5,5,5,5,5,5,10,5,10,10,10,10,10,10,10,10,10,10,10,10,10,10,80,90,75,65,60,40,35,40,45,60,65,60,55,40,35,20,20,15,15,25,30,30,30,25,20,10,15,15,10,15,10,15,15,20,20,20,25,20,10,15,10,10,15,15,20,20,30,25,15,20,10,10,10,10,15,15,20,15,25,20,25,20,10,10,15,15,10,15,15,20,25
Wiltshire,E06000054,3455,3780,3980,4545,4145,4065,4135,4295,4285,4350,4390,4380,4390,4715,4775,4720,4630,4715,4635,4785,4800,4910,4920,4935,4950,5165,5185,9710,12890,12145,12420,12665,12365,11735,11770,11620,11470,12130,12145,11890,10960,10070,9780,9255,8825,8455,8160,7915,7695,7685,7340,6745,6400,6255,6190,6195,6230,6070,6125,6205,6130,6215,6270,6240,5965,6045,6050,6175,6060,6065,6255,6190,6405,6765,6755,6685,6705,6700,7220,7245,7250,7175,7135,7035,6975,7350,7195,7035,6980,6965,6880,6870,6945,6895,6840,6750,6825,7165
"Bournemouth, Christchurch and Poole",E06000058,3450,3615,3740,4410,4375,4545,4670,4790,4770,4910,5035,5210,5390,5675,5725,5710,5705,5865,5860,5860,5820,5805,5965,6040,6085,6330,6520,11540,16040,15165,15400,15650,15390,14655,14790,14715,14560,15140,15250,14900,13765,12585,12260,11555,10740,10285,9850,9560,9470,9520,9315,8880,8470,8405,7980,8030,7915,7705,7940,8195,8190,8240,8250,8505,8190,8045,8080,7795,7525,7650,7815,8240,8435,8660,8725,8665,8660,8720,9170,9185,9065,8770,8610,8530,8640,8930,8990,8980,8750,8675,8535,8320,8230,8195,8305,8390,8525,8900
Dorset,E06000059,2010,2090,2255,2575,2460,2515,2690,2695,2720,2725,2910,3050,3170,3400,3470,3360,3315,3305,3245,3275,3260,3355,3465,3535,3690,3755,3730,7625,9850,9235,9435,9505,9245,8715,8915,9005,8920,9560,9515,9285,8360,7395,7150,6685,6230,6020,5795,5715,5800,5835,5680,5260,4945,4790,4640,4690,4675,4665,4775,4905,4905,4905,4960,4910,4730,4625,4570,4495,4460,4525,4645,4785,4950,5210,5200,5080,5010,5075,5445,5455,5355,5285,5220,5210,5350,5480,5455,5270,5030,5000,4855,4725,4725,4720,4770,4755,4945,5170
East Devon,E07000040,695,680,695,655,605,550,525,540,550,570,645,745,825,955,980,985,955,980,1020,1030,1040,1085,1090,1155,1185,1250,1380,3180,3695,3425,3510,3580,3365,3040,3200,3210,3145,3345,3385,3215,2875,2540,2390,2265,2095,2035,2010,1925,1880,1875,1765,1595,1500,1435,1470,1450,1485,1445,1525,1490,1500,1545,1555,1515,1395,1415,1400,1370,1390,1405,1440,1460,1535,1590,1580,1590,1595,1630,1785,1825,1780,1650,1630,1675,1710,1845,1860,1735,1655,1665,1630,1645,1710,1710,1675,1710,1815,1885
Exeter,E07000041,860,910,910,865,860,800,760,765,745,730,805,895,1000,1120,1155,1170,1160,1215,1285,1315,1305,1360,1330,1380,1385,1460,1555,3165,3825,3635,3710,3820,3690,3425,3545,3540,3460,3635,3720,3625,3295,3000,2925,2690,2470,2375,2305,2220,2155,2140,2050,1930,1850,1780,1735,1715,1750,1670,1735,1725,1720,1755,1840,1810,1805,1845,1790,1765,1725,1770,1755,1800,1830,1875,1865,1890,1900,1930,2145,2165,2165,2075,2010,1990,1975,2060,2060,2000,1970,2020,1980,2055,1985,2050,2070,2100,2110,2210
Mid Devon,E07000042,435,450,470,440,430,410,395,405,425,435,500,545,585,630,665,670,680,710,715,745,710,715,730,735,775,820,820,1835,2175,1915,1985,2045,1995,1800,1830,1845,1755,1870,1865,1845,1665,1490,1470,1395,1330,1310,1260,1195,1140,1135,1110,1010,965,925,920,885,915,875,890,925,930,955,915,910,890,925,900,905,900,910,905,905,915,955,1000,1005,1040,1045,1140,1140,1125,1145,1115,1090,1120,1155,1145,1105,1040,1095,1090,1120,1105,1165,1155,1125,1115,1230
North Devon,E07000043,605,615,605,580,555,505,455,475,560,625,710,835,945,1030,1055,965,940,940,945,960,965,995,1030,1085,1105,1240,1230,2895,3315,3165,3205,3200,3005,2725,2800,2845,2860,3090,3070,2980,2670,2280,2115,1975,1855,1745,1700,1690,1750,1780,1740,1530,1440,1310,1305,1330,1290,1365,1415,1455,1525,1545,1545,1535,1400,1395,1435,1385,1350,1365,1445,1515,1540,1620,1590,1525,1445,1445,1555,1525,1545,1550,1585,1625,1755,1805,1845,1740,1640,1620,1580,1565,1590,1595,1620,1690,1750,1830
South Hams,E07000044,385,410,395,415,385,405,395,400,385,415,465,535,565,635,640,645,620,605,600,595,575,620,655,685,700,735,740,2030,2520,2330,2390,2385,2290,2050,2100,2080,2025,2165,2180,2095,1870,1625,1525,1455,1385,1345,1290,1255,1255,1270,1205,1105,1025,1025,1005,990,970,935,930,920,915,900,910,910,845,875,815,830,805,810,870,870,900,930,960,980,1030,1055,1085,1070,1105,1115,1095,1060,1105,1135,1135,1085,1045,1015,970,1000,1015,1040,1030,1030,1055,1135
Teignbridge,E07000045,715,755,710,680,675,635,625,625,565,575,660,775,875,1010,1050,1075,1060,1125,1135,1140,1185,1230,1285,1305,1295,1410,1465,3690,4070,3765,3790,3840,3655,3340,3410,3355,3325,3475,3535,3455,3120,2755,2580,2425,2300,2350,2155,2095,2095,2030,1860,1690,1575,1530,1465,1450,1445,1435,1465,1515,1500,1510,1550,1515,1400,1460,1500,1515,1490,1430,1500,1540,1575,1630,1655,1675,1705,1715,1825,1820,1870,1790,1775,1785,1785,1895,1865,1785,1665,1695,1645,1670,1660,1670,1660,1640,1735,1730
Torridge,E07000046,485,520,530,520,495,460,455,480,525,550,625,685,710,755,755,765,740,745,745,755,750,785,815,860,875,920,900,2030,2230,2070,2080,2130,2020,1855,1935,1890,1900,1990,1970,1905,1740,1520,1455,1360,1255,1180,1140,1115,1115,1090,1025,945,915,860,810,820,820,835,860,875,890,905,910,910,845,835,865,860,855,840,905,915,940,1000,980,1000,1005,1030,1115,1130,1105,1065,1080,1105,1135,1215,1190,1125,1105,1050,1000,990,960,975,1010,1020,1090,1140
West Devon,E07000047,265,270,280,310,315,315,310,295,305,315,335,345,365,385,385,400,400,400,410,435,410,430,455,465,455,480,490,1130,1365,1265,1340,1370,1290,1245,1275,1310,1255,1330,1295,1255,1150,1040,1030,920,860,835,815,775,755,760,725,660,640,635,600,555,550,560,585,595,585,620,600,610,565,595,605,590,575,545,590,605,635,665,670,670,685,685,765,780,785,750,755,715,705,770,750,720,690,680,670,655,660,690,675,680,695,765
Cheltenham,E07000078,690,750,870,965,945,1000,1050,1110,1135,1130,1155,1185,1240,1295,1310,1330,1350,1360,1370,1395,1410,1475,1460,1450,1560,1635,1645,2645,3785,3660,3855,3955,3810,3660,3705,3650,3575,3720,3695,3600,3260,3025,2925,2820,2605,2570,2470,2335,2230,2230,2125,1985,1885,1830,1740,1770,1770,1715,1685,1755,1735,1770,1835,1895,1855,1860,1900,1875,1930,1890,1975,1990,2025,2060,2040,2005,2010,2025,2200,2205,2190,2155,2050,2060,2090,2205,2235,2170,2090,2065,2120,2120,2135,2090,2045,1990,1990,2110
Cotswold,E07000079,335,355,390,440,455,485,490,515,540,540,575,595,620,655,680,675,690,640,645,645,675,700,720,695,710,705,710,1595,2235,2035,2120,2195,2110,1895,1860,1840,1760,1925,1895,1865,1665,1495,1465,1415,1285,1260,1220,1205,1155,1165,1085,960,930,890,870,895,920,860,885,850,895,910,925,925,865,865,850,890,855,900,940,955,945,990,970,970,960,960,1040,1035,980,985,990,975,1000,1080,1055,1005,960,990,1025,1025,1030,1020,1055,995,1045,1085
Forest of Dean,E07000080,620,710,755,855,825,855,860,915,890,950,970,985,1025,1065,1090,1070,1065,1100,1085,1120,1075,1070,1075,1125,1135,1165,1140,2145,2500,2400,2470,2565,2440,2325,2330,2305,2245,2395,2315,2255,2020,1805,1785,1695,1580,1585,1495,1445,1385,1345,1285,1210,1195,1150,1150,1185,1195,1165,1205,1195,1225,1245,1240,1250,1200,1195,1200,1195,1200,1240,1280,1320,1375,1465,1475,1505,1520,1590,1650,1610,1585,1510,1465,1430,1430,1465,1415,1350,1335,1355,1325,1335,1375,1375,1385,1330,1335,1410
Gloucester,E07000081,1240,1320,1310,1380,1385,1495,1600,1635,1700,1750,1800,1865,1890,2040,2070,2115,2145,2190,2210,2255,2220,2245,2210,2245,2285,2330,2325,3910,4815,4735,4910,5040,5000,4840,4790,4725,4640,4790,4840,4715,4430,4145,4030,3860,3640,3460,3355,3235,3100,3115,3015,2890,2730,2685,2605,2600,2600,2540,2550,2615,2540,2560,2685,2760,2685,2665,2795,2745,2785,2810,2890,2890,2905,3020,3000,2985,3015,3010,3220,3225,3310,3180,3100,3085,3135,3205,3195,3145,3110,3120,3095,3050,3080,3075,3055,3095,3035,3230
Stroud,E07000082,580,670,700,775,755,770,765,755,785,830,805,800,800,895,910,895,900,880,940,940,980,1010,1025,1050,1065,1080,1055,1920,2910,2815,2855,2995,2950,2675,2750,2645,2590,2720,2685,2560,2230,2000,1960,1900,1790,1695,1595,1560,1490,1445,1405,1230,1195,1145,1150,1090,1095,1100,1125,1165,1160,1180,1120,1230,1165,1175,1180,1215,1235,1260,1320,1340,1340,1440,1455,1450,1410,1405,1500,1470,1465,1485,1455,1475,1485,1550,1535,1455,1485,1525,1510,1480,1520,1510,1510,1495,1515,1620
Tewkesbury,E07000083,430,460,475,540,560,595,625,670,690,710,730,740,730,785,830,845,835,835,860,875,855,885,900,920,960,975,980,1930,2425,2255,2325,2405,2295,2140,2190,2145,2065,2205,2180,2100,1925,1745,1685,1640,1555,1485,1350,1290,1310,1350,1255,1150,1125,1065,1015,1025,1055,1045,1090,1090,1090,1120,1130,1185,1130,1130,1195,1190,1195,1165,1235,1220,1270,1315,1320,1295,1265,1260,1370,1395,1385,1320,1335,1355,1325,1380,1345,1320,1310,1315,1340,1335,1400,1365,1365,1395,1410,1475
Somerset,E06000066,6405,7020,7070,7895,7030,6945,6885,7040,6965,6960,7050,7025,7030,7570,7435,7445,7285,7195,7165,7215,7105,7280,7345,7415,7380,7535,7370,13640,16480,15880,16360,16935,16260,15295,15595,15235,15010,15775,15580,15185,13920,12690,12190,11635,10950,10530,10260,9830,9760,9700,9280,8720,8330,7890,7760,7795,7670,7690,7810,7860,7810,7855,8035,7990,7765,7760,7795,7725,7870,7995,8295,8300,8415,8750,8790,8670,8535,8495,8975,8940,8835,8735,8585,8495,8490,8705,8680,8455,8295,8345,8310,8310,8290,8395,8420,8450,8700,8990
Isle of Anglesey,W06000001,1010,1070,1055,1015,970,890,850,850,820,835,825,810,880,970,1045,1080,1050,1085,1085,1085,1120,1120,1195,1265,1255,1340,1335,2310,2615,2535,2630,2620,2515,2355,2400,2350,2310,2390,2380,2330,2205,2045,1955,1870,1750,1700,1655,1640,1595,1580,1550,1480,1380,1305,1275,1245,1225,1235,1265,1290,1285,1345,1435,1460,1435,1460,1435,1405,1395,1345,1410,1405,1425,1450,1420,1375,1340,1390,1465,1450,1455,1450,1455,1475,1480,1500,1455,1410,1360,1340,1330,1335,1335,1300,1325,1355,1395,1455
Gwynedd,W06000002,1405,1525,1420,1315,1255,1160,1145,1125,1115,1130,1150,1235,1380,1440,1435,1425,1395,1470,1500,1555,1545,1590,1745,1830,1915,2015,1985,3810,4305,4215,4365,4280,3975,3730,3805,3875,3930,4145,4045,3880,3430,3065,2925,2715,2580,2535,2510,2505,2555,2570,2420,2135,1975,1890,1885,1910,1840,1830,1960,2055,2100,2130,2130,2105,1955,1935,1885,1855,1780,1820,1910,1950,1995,2020,1990,1905,1850,1950,2120,2070,2015,2005,2045,2055,2145,2335,2230,2115,1980,1905,1850,1930,1905,1930,2050,2065,2150,2275
Conwy,W06000003,1360,1435,1420,1425,1395,1305,1335,1350,1430,1500,1610,1775,1900,2050,2130,2105,2015,2025,1990,2010,2040,2050,2160,2220,2285,2350,2335,4225,4655,4620,4740,4640,4455,4190,4260,4325,4285,4380,4330,4265,4020,3655,3415,3195,3030,2980,2930,2915,2900,2895,2740,2455,2335,2240,2245,2235,2205,2180,2265,2330,2345,2325,2395,2380,2275,2210,2220,2160,2160,2230,2290,2380,2435,2475,2500,2420,2380,2400,2540,2530,2515,2500,2480,2460,2515,2585,2565,2440,2380,2345,2260,2275,2265,2270,2265,2325,2370,2475
Denbighshire,W06000004,1140,1175,1160,1130,1125,1125,1185,1240,1350,1430,1515,1565,1640,1755,1760,1790,1760,1825,1810,1815,1835,1855,1900,1935,1995,2020,1970,3395,3765,3610,3780,3790,3655,3500,3555,3530,3470,3600,3615,3520,3310,3045,2880,2795,2655,2570,2545,2450,2430,2365,2245,2065,1965,1940,1915,1980,1985,1950,2020,2065,2030,2030,2075,2070,1940,1965,1935,1895,1910,1900,1945,1930,1995,2020,2030,1940,1940,2000,2155,2135,2080,2085,2105,2075,2110,2205,2170,2105,2035,1975,1980,1935,1935,1905,1930,1930,1990,2045
Flintshire,W06000005,1830,1960,2010,2245,2110,2100,2130,2190,2265,2265,2240,2265,2300,2440,2510,2435,2470,2550,2565,2595,2590,2600,2570,2580,2570,2665,2620,4585,5245,5065,5190,5250,5135,4920,4985,4845,4820,5035,5000,4880,4465,4080,3985,3845,3695,3610,3475,3380,3365,3395,3240,3015,2905,2775,2700,2730,2685,2655,2675,2660,2670,2760,2810,2860,2705,2720,2685,2635,2595,2580,2645,2630,2565,2640,2590,2560,2605,2620,2745,2755,2785,2705,2690,2545,2640,2720,2750,2730,2645,2680,2700,2765,2735,2685,2620,2590,2585,2750
Wrexham,W06000006,1545,1690,1775,2030,1950,2040,2110,2180,2230,2245,2270,2250,2320,2370,2435,2465,2480,2535,2525,2545,2645,2585,2705,2665,2650,2630,2615,4520,5140,4920,5055,5110,4980,4745,4830,4715,4790,4955,4900,4795,4450,4100,4030,3820,3690,3525,3415,3290,3240,3160,3000,2755,2665,2600,2525,2590,2470,2330,2395,2410,2510,2515,2590,2575,2480,2465,2440,2415,2430,2375,2480,2420,2555,2600,2515,2535,2520,2555,2800,2810,2805,2725,2650,2495,2540,2595,2535,2515,2450,2475,2490,2495,2470,2500,2425,2395,2395,2565
Ceredigion,W06000008,560,560,530,480,450,435,440,415,415,395,435,455,515,565,610,650,650,670,665,730,740,770,800,815,820,845,830,1730,2010,1890,2030,2015,1925,1800,1850,1875,1855,1900,1925,1845,1720,1585,1470,1415,1350,1320,1305,1285,1355,1365,1325,1220,1120,1075,1090,1120,1100,1055,1120,1190,1185,1185,1175,1155,1015,1005,955,960,965,955,1035,1110,1175,1215,1210,1200,1185,1210,1260,1275,1275,1230,1260,1235,1225,1205,1215,1135,1115,1100,1065,1035,1020,1020,1060,1085,1120,1170
Pembrokeshire,W06000009,1585,1610,1530,1515,1440,1425,1375,1305,1290,1315,1415,1655,1825,1865,1930,1900,1840,1845,1860,1890,1910,1920,2015,2085,2180,2210,2225,4160,4480,4330,4490,4515,4220,3945,3930,4000,3950,4140,4045,3925,3605,3275,3135,3035,2885,2815,2795,2795,2875,2870,2770,2395,2235,2175,2125,2150,2110,2175,2290,2335,2360,2395,2385,2375,2220,2155,2095,2060,2015,2055,2175,2270,2290,2345,2370,2315,2300,2330,2425,2490,2460,2365,2415,2400,2490,2495,2440,2335,2285,2310,2255,2265,2215,2270,2335,2410,2450,2605
Carmarthenshire,W06000010,1910,2105,2210,2180,2150,2165,2100,2080,2000,1950,1995,1995,2110,2175,2315,2420,2525,2725,2780,2885,2955,2950,3035,3020,3025,3025,3045,5480,6135,5940,6155,6230,6045,5795,5775,5615,5510,5815,5735,5665,5220,4820,4780,4585,4380,4145,3925,3780,3760,3700,3530,3310,3295,3170,3125,3185,3220,3130,3085,3120,3055,3095,3090,3110,3085,3050,2965,2945,2970,3030,3030,3050,3075,3205,3280,3320,3385,3380,3610,3625,3705,3565,3515,3395,3405,3380,3260,3230,3150,3170,3155,3165,3115,3175,3150,3160,3105,3245
Swansea,W06000011,3190,3560,3990,4385,4440,4615,4690,4835,4965,4885,4830,4800,4960,5150,5285,5285,5245,5285,5290,5385,5330,5230,5215,5200,5185,5320,5335,8425,9300,8995,9225,9345,9230,8725,8860,8655,8405,8795,8835,8780,8265,7705,7555,7250,6940,6725,6445,6275,6110,6105,5850,5650,5465,5395,5285,5325,5320,5155,5305,5305,5210,5325,5465,5545,5280,5180,5130,5105,5090,4970,5025,5000,5045,5235,5340,5215,5195,5280,5680,5735,5710,5380,5320,5260,5125,5285,5240,5260,5215,5180,5075,5155,5065,5080,5020,4940,4950,5260
Neath Port Talbot,W06000012,2140,2490,2635,2950,2860,2800,2800,2830,2880,2885,2840,2815,2870,3000,3045,2985,3020,3000,2940,3010,3015,2945,3015,3015,2970,2995,3020,4955,5380,5215,5285,5395,5235,5020,4950,4845,4700,4875,4805,4750,4475,4110,4055,3900,3725,3610,3450,3275,3230,3185,3155,2965,2860,2780,2685,2735,2745,2635,2715,2720,2610,2630,2785,2845,2710,2695,2650,2595,2555,2505,2585,2540,2575,2640,2665,2660,2620,2700,2820,2865,2795,2840,2895,2840,2885,2935,2915,2805,2805,2810,2760,2745,2685,2625,2620,2615,2660,2790
Bridgend,W06000013,1795,1840,1840,1825,1755,1735,1830,1870,1965,1970,2120,2145,2265,2350,2415,2395,2415,2445,2405,2500,2595,2575,2580,2535,2555,2635,2635,4620,5230,5055,5200,5255,5245,4970,5070,4990,4870,5055,4945,4825,4465,4095,3990,3850,3690,3540,3455,3330,3330,3320,3195,2985,2900,2890,2815,2810,2725,2620,2615,2555,2595,2650,2660,2745,2550,2575,2565,2500,2415,2425,2530,2410,2465,2495,2500,2450,2550,2625,2775,2810,2800,2670,2615,2610,2570,2655,2665,2540,2495,2490,2510,2570,2545,2585,2590,2535,2535,2765
Vale of Glamorgan,W06000014,1305,1340,1355,1315,1245,1180,1185,1140,1110,1105,1105,1235,1405,1535,1585,1600,1630,1735,1765,1835,1960,2040,2065,2030,2065,2095,2080,3865,4350,4250,4405,4430,4390,4185,4230,4185,4105,4255,4275,4150,3875,3610,3495,3275,3070,2915,2865,2725,2670,2720,2640,2555,2445,2445,2355,2365,2380,2280,2305,2330,2260,2325,2385,2380,2280,2270,2250,2215,2220,2230,2250,2285,2310,2335,2355,2410,2460,2465,2695,2665,2705,2590,2565,2485,2535,2590,2525,2470,2445,2480,2460,2500,2565,2535,2545,2560,2585,2670
Cardiff,W06000015,4920,5120,5085,5250,5315,5645,5880,6105,6350,6265,6460,6545,6770,7245,7345,7275,7260,7505,7330,7695,7780,7845,8030,8155,8065,8260,8225,13470,15660,15440,16005,16245,16050,15600,15935,15830,15510,16135,16075,15810,15050,13915,13430,12810,12025,11585,11210,10805,10705,10830,10595,9695,9365,9295,9195,9405,9415,9205,9125,9125,9000,9125,9320,9320,9160,9220,9205,9170,9025,9040,9315,9210,9205,9565,9790,9725,9845,9995,10895,10650,10430,10295,10195,10115,10110,10315,10265,10180,10145,10000,9670,9715,9720,9765,9600,9515,9500,10110
Rhondda Cynon Taf,W06000016,3090,3295,3320,3300,3190,3155,3125,3075,3015,3035,2920,2930,3285,3615,3910,4015,4140,4300,4340,4545,4545,4605,4735,4750,4760,4845,4785,8760,10010,9555,9665,9830,9485,9185,9100,9025,8745,9065,8975,8720,8095,7440,7210,7020,6740,6480,6145,5945,5950,5840,5705,5285,5200,5070,4900,4805,4720,4655,4620,4680,4585,4660,4800,4880,4630,4630,4545,4470,4535,4710,4775,4770,4520,4685,4615,4595,4600,4510,4900,4905,4940,4860,4790,4700,4705,4780,4720,4620,4640,4615,4615,4650,4605,4580,4540,4485,4615,4795
Caerphilly,W06000018,2885,2910,2960,2915,2850,2765,2720,2680,2445,2420,2555,2835,2995,3240,3370,3405,3425,3475,3530,3615,3600,3610,3615,3550,3495,3640,3630,6240,7000,6790,7005,6990,6880,6550,6630,6475,6405,6655,6560,6425,6135,5735,5600,5415,5140,4950,4830,4690,4625,4550,4395,4035,3915,3910,3840,3870,3790,3715,3670,3700,3660,3775,3830,3820,3645,3650,3685,3675,3610,3600,3630,3600,3525,3640,3620,3590,3610,3625,3835,3790,3820,3745,3720,3685,3695,3765,3710,3620,3625,3655,3600,3590,3640,3635,3690,3650,3705,3785
Blaenau Gwent,W06000019,1225,1275,1270,1260,1220,1135,1100,1095,1100,1170,1240,1340,1405,1520,1585,1580,1565,1620,1615,1690,1640,1660,1725,1705,1665,1740,1750,2785,3135,3115,3140,3085,2990,2880,2865,2800,2740,2860,2855,2815,2700,2555,2495,2450,2335,2245,2190,2140,2100,2095,2010,1925,1875,1870,1810,1795,1745,1750,1740,1775,1725,1790,1795,1830,1760,1865,1720,1700,1730,1740,1730,1660,1710,1775,1755,1755,1730,1745,1815,1790,1760,1670,1670,1695,1750,1735,1715,1645,1600,1630,1620,1635,1625,1630,1595,1605,1620,1710
Torfaen,W06000020,1665,1795,1835,2060,1940,1940,1945,1950,1930,1980,1960,1925,1955,2065,2055,1985,1990,1990,1960,1980,2000,1955,2020,1995,1955,2025,2035,3360,3755,3600,3720,3775,3705,3475,3475,3425,3405,3565,3545,3465,3235,3085,2995,2890,2795,2685,2570,2585,2540,2565,2460,2315,2225,2185,2090,2085,2055,2010,2020,2105,2005,2015,2065,2095,2040,2040,2035,2050,2005,2020,2080,2065,2050,2080,2145,2105,2065,2115,2255,2290,2245,2170,2175,2130,2120,2165,2125,2100,2065,2065,2030,2080,2040,2040,2030,1985,2030,2175
Monmouthshire,W06000021,625,680,655,630,610,605,580,610,635,750,785,785,780,850,855,880,865,860,900,920,930,950,950,970,965,980,975,2035,2345,2260,2320,2370,2310,2155,2155,2145,2120,2245,2235,2175,2030,1845,1800,1710,1685,1610,1530,1475,1445,1475,1410,1310,1320,1290,1330,1355,1265,1180,1190,1195,1180,1245,1250,1290,1210,1220,1200,1175,1180,1195,1260,1215,1205,1275,1310,1315,1315,1300,1395,1375,1360,1355,1350,1300,1330,1370,1345,1320,1305,1270,1250,1250,1250,1255,1215,1280,1250,1325
Newport,W06000022,2605,2875,2975,3270,3250,3320,3360,3480,3470,3490,3490,3480,3535,3675,3710,3675,3705,3800,3830,3880,3835,3795,3810,3790,3785,3870,3990,6145,7190,7140,7290,7390,7375,7200,7165,7075,7035,7395,7365,7270,6910,6590,6505,6250,6005,5860,5660,5450,5345,5370,5290,4975,4855,4685,4605,4570,4355,4190,4215,4270,4290,4450,4515,4670,4530,4555,4575,4575,4540,4665,4740,4585,4620,4785,4785,4835,4870,4935,5200,5145,5050,4915,4805,4660,4715,4840,4800,4755,4655,4600,4515,4465,4570,4540,4545,4590,4625,4770
Powys,W06000023,725,785,775,740,725,715,700,715,725,680,665,770,850,975,1050,1090,1130,1185,1140,1205,1255,1285,1335,1330,1365,1420,1425,2880,3635,3460,3585,3640,3580,3365,3375,3260,3235,3325,3305,3150,2970,2665,2570,2425,2285,2190,2200,2125,2125,2095,2005,1885,1805,1735,1680,1690,1670,1670,1755,1730,1740,1745,1750,1810,1760,1725,1680,1670,1630,1660,1695,1655,1670,1705,1735,1720,1790,1985,2110,2080,2105,2035,2040,2025,2030,2100,2100,2045,1990,1895,1885,1915,1895,1885,1850,1885,1930,2025
Merthyr Tydfil,W06000024,995,1050,1050,1035,975,940,905,930,935,990,1065,1150,1210,1300,1335,1335,1365,1395,1375,1410,1420,1465,1500,1510,1495,1455,1425,2480,2745,2630,2705,2700,2545,2430,2425,2375,2355,2410,2400,2330,2185,2035,1990,1935,1865,1750,1715,1655,1610,1660,1635,1500,1450,1435,1410,1385,1415,1350,1395,1345,1285,1320,1345,1335,1225,1225,1245,1215,1230,1230,1240,1235,1195,1240,1190,1165,1185,1190,1270,1230,1240,1200,1220,1175,1175,1200,1195,1145,1160,1200,1145,1150,1185,1150,1170,1180,1160,1220
Clackmannanshire,S12000005,1215,1280,1320,1430,1350,1365,1400,1410,1370,1355,1335,1295,1295,1370,1375,1355,1355,1330,1375,1380,1305,1270,1330,1305,1350,1390,1350,1975,2165,2135,2210,2255,2165,2100,2070,2065,2030,2095,2070,2025,1865,1720,1675,1620,1525,1510,1460,1370,1375,1340,1270,1235,1195,1160,1170,1210,1130,1115,1155,1175,1170,1175,1220,1250,1175,1155,1195,1175,1085,1075,1105,1120,1055,1100,1075,1025,1035,1065,1105,1090,1085,1010,1000,980,990,990,1010,990,995,1015,960,940,880,915,940,940,970,990
Dumfries and Galloway,S12000006,1630,1700,1655,1640,1575,1575,1705,1800,1905,2030,2100,2230,2350,2510,2640,2645,2605,2610,2630,2770,2670,2720,2690,2725,2830,2950,2910,4890,5115,4945,5040,5010,4715,4455,4510,4435,4490,4700,4670,4480,4230,3905,3805,3675,3445,3295,3200,3175,3170,3125,2930,2880,2670,2525,2500,2515,2455,2435,2470,2555,2500,2600,2585,2670,2515,2530,2540,2455,2370,2350,2380,2390,2355,2350,2490,2425,2405,2560,2670,2625,2510,2495,2400,2365,2405,2365,2265,2250,2195,2230,2285,2260,2210,2170,2205,2190,2225,2380
East Ayrshire,S12000008,2650,2840,3015,3260,3245,3350,3600,3620,3500,3530,3610,3635,3670,3775,3815,3750,3675,3690,3835,3830,3645,3655,3605,3620,3695,3685,3610,5405,5945,5965,6145,6280,6025,5665,5730,5615,5635,5760,5680,5605,5295,4950,4890,4785,4450,4275,4165,4090,4030,3965,3755,3555,3435,3330,3335,3235,3030,3000,3035,3125,3210,3220,3305,3375,3110,3105,3175,3060,2950,2960,2995,2935,2880,2825,2895,2905,2860,2865,2975,2960,2890,2730,2730,2735,2745,2835,2750,2695,2695,2710,2685,2690,2620,2640,2670,2590,2625,2760
East Lothian,S12000010,1765,1850,1865,2070,1880,1830,1805,1805,1785,1780,1820,1830,1800,1950,1890,1825,1755,1725,1715,1700,1685,1675,1740,1750,1750,1765,1720,3185,3680,3495,3620,3635,3400,3195,3255,3220,3285,3480,3485,3425,3100,2750,2700,2600,2405,2290,2245,2130,2100,2040,1875,1710,1630,1555,1470,1495,1450,1440,1465,1480,1470,1495,1570,1655,1565,1555,1555,1530,1500,1530,1575,1545,1530,1600,1595,1575,1575,1600,1670,1705,1620,1615,1605,1575,1635,1700,1625,1545,1505,1500,1485,1480,1445,1475,1490,1435,1525,1640
East Renfrewshire,S12000011,670,685,695,700,685,690,700,700,645,630,665,710,745,790,835,835,860,890,960,990,960,945,935,960,970,950,975,1855,2310,2265,2415,2410,2280,2150,2145,2135,2100,2135,2125,2050,1850,1710,1680,1570,1430,1340,1275,1235,1260,1210,1110,1050,995,995,990,965,955,925,950,955,950,995,1030,1090,1035,1045,1015,1025,1005,1000,1000,985,955,965,1005,1000,980,1045,1135,1160,1115,1035,975,965,940,980,985,940,935,950,940,990,965,940,935,925,920,960
Na h-Eileanan Siar,S12000013,275,295,295,280,260,230,230,235,225,240,260,290,295,335,350,330,315,310,330,335,340,340,360,400,420,465,465,805,870,830,870,880,795,745,755,755,730,770,775,745,705,620,585,545,495,485,455,460,470,445,450,415,365,330,345,335,315,290,295,290,305,320,315,300,285,300,290,280,275,265,260,280,290,305,315,295,265,270,280,290,260,275,295,305,330,350,330,325,300,275,270,285,275,270,295,285,320,355
Falkirk,S12000014,2350,2570,2635,2525,2500,2675,2735,2900,2920,2950,2995,3080,3220,3430,3475,3365,3225,3225,3265,3310,3175,3150,3280,3300,3280,3300,3325,5525,6245,6080,6335,6315,5995,5810,5890,5815,5820,5945,6035,5910,5440,5030,4900,4755,4340,4190,3910,3755,3745,3720,3560,3375,3240,3180,3240,3120,3040,2880,2955,3120,3080,3140,3175,3155,2990,2945,3010,3010,2815,2810,2840,2780,2830,2955,2960,2885,2835,2945,3070,3040,2985,2810,2770,2730,2790,2845,2875,2845,2825,2920,2870,2910,2865,2815,2815,2810,2825,2975
Highland,S12000017,3525,3765,3740,4020,3720,3550,3520,3475,3410,3385,3460,3510,3585,3875,3840,3725,3535,3440,3425,3370,3240,3235,3340,3540,3705,3715,3660,7080,8335,8200,8430,8325,7730,7215,7235,7200,7325,7765,7765,7510,6795,5945,5510,5130,4650,4295,4265,4205,4255,4325,4155,3750,3600,3405,3255,3280,3205,3165,3265,3340,3560,3645,3710,3650,3400,3190,3220,3140,2960,2975,3065,3160,3265,3335,3300,3130,3115,3170,3360,3295,3275,3255,3285,3260,3335,3550,3475,3315,3130,3055,2985,3020,2875,2870,2975,3065,3195,3475
Inverclyde,S12000018,2400,2515,2570,2750,2615,2630,2645,2645,2570,2470,2430,2400,2345,2480,2490,2490,2465,2405,2405,2405,2275,2235,2220,2160,2200,2255,2215,3000,3200,3130,3275,3265,3130,3025,3005,2890,2925,2995,3030,3080,2955,2740,2780,2640,2495,2390,2305,2275,2225,2225,2105,2000,1895,1845,1875,1920,1810,1730,1795,1805,1775,1735,1780,1895,1830,1840,1890,1840,1680,1625,1740,1725,1705,1685,1670,1595,1620,1655,1790,1770,1710,1695,1685,1605,1565,1620,1630,1595,1530,1535,1530,1565,1530,1475,1555,1535,1560,1610
Midlothian,S12000019,1405,1520,1505,1660,1515,1455,1425,1485,1380,1375,1370,1350,1365,1440,1460,1455,1400,1365,1380,1380,1350,1355,1400,1370,1410,1470,1495,2735,3160,2995,3060,3145,3050,2870,2950,2905,2920,3070,3090,2980,2770,2525,2455,2325,2065,1910,1785,1735,1705,1675,1530,1480,1385,1345,1340,1370,1310,1260,1275,1300,1330,1365,1375,1355,1320,1335,1405,1345,1345,1290,1325,1320,1285,1335,1340,1300,1305,1370,1395,1425,1395,1365,1295,1270,1315,1385,1380,1355,1355,1380,1405,1440,1380,1365,1370,1390,1425,1455
Moray,S12000020,1140,1220,1210,1145,1060,1030,1030,1110,1080,1145,1215,1290,1380,1490,1530,1510,1490,1475,1495,1495,1400,1415,1435,1465,1495,1550,1575,2545,2915,2905,3000,3030,2850,2735,2780,2755,2835,3040,3015,2895,2685,2480,2350,2305,2080,1980,1860,1810,1810,1785,1740,1655,1520,1485,1425,1395,1345,1305,1315,1360,1415,1385,1400,1440,1310,1325,1385,1290,1210,1195,1235,1225,1235,1280,1315,1210,1200,1270,1320,1350,1290,1275,1335,1305,1370,1450,1395,1390,1355,1330,1295,1310,1260,1270,1285,1285,1365,1535
North Ayrshire,S12000021,3285,3490,3695,4030,4005,4200,4415,4500,4365,4440,4430,4490,4535,4615,4650,4565,4525,4545,4690,4660,4410,4435,4465,4360,4475,4600,4495,6535,7025,7090,7290,7270,6990,6645,6715,6650,6605,6800,6760,6495,6080,5625,5605,5395,4915,4795,4605,4530,4475,4435,4280,4000,3845,3780,3785,3755,3655,3545,3645,3665,3640,3650,3695,3795,3610,3595,3675,3650,3480,3485,3555,3505,3480,3505,3555,3495,3435,3485,3740,3775,3650,3510,3405,3355,3420,3445,3380,3215,3120,3090,3150,3195,3110,3040,3065,3155,3180,3295
Orkney Islands,S12000023,120,130,125,110,100,100,85,80,65,75,110,135,155,185,195,190,170,185,170,165,170,180,180,175,190,195,200,380,415,380,400,420,405,370,370,365,360,375,385,370,340,290,285,265,245,240,240,250,250,260,245,225,205,200,200,200,185,205,210,215,210,240,245,230,220,220,195,210,205,195,200,215,190,195,215,195,220,245,235,240,255,215,205,210,215,230,230,215,220,200,200,200,190,200,210,225,230,250
Scottish Borders,S12000026,1090,1125,1145,1140,1110,1080,1080,1215,1220,1260,1370,1425,1560,1700,1740,1730,1725,1750,1785,1775,1730,1695,1805,1775,1835,1860,1900,3325,3735,3610,3835,3830,3640,3450,3485,3485,3500,3645,3630,3585,3320,3075,2980,2830,2655,2510,2415,2365,2365,2320,2225,2130,2025,1980,1970,1975,1955,1915,2005,2010,2050,2020,2045,2085,2040,2020,2000,1985,1890,1925,1920,1920,1945,2080,2085,2045,2055,2070,2190,2190,2100,2055,2045,1985,2045,2110,2045,1995,1915,1895,1895,1885,1815,1770,1815,1815,1915,1965
Shetland Islands,S12000027,105,110,120,130,120,125,130,135,125,120,125,150,155,185,190,205,200,200,195,220,210,230,240,245,230,265,265,430,480,490,525,540,545,505,465,450,455,470,445,435,395,380,360,340,315,320,315,315,280,315,300,280,285,260,240,240,230,245,235,240,245,255,255,255,235,235,230,205,210,205,205,210,205,215,215,220,220,215,240,235,220,200,200,195,195,205,175,165,170,155,150,155,165,160,180,175,175,205
South Ayrshire,S12000028,1640,1700,1685,1775,1855,1980,2210,2250,2295,2285,2350,2420,2490,2610,2640,2600,2560,2655,2645,2650,2570,2580,2635,2695,2740,2790,2755,4290,4615,4630,4845,4960,4820,4535,4575,4545,4725,4690,4620,4520,4245,3930,3785,3650,3360,3235,3140,3080,3105,3070,2940,2675,2495,2480,2420,2475,2430,2315,2315,2400,2440,2440,2490,2480,2260,2250,2335,2265,2190,2195,2235,2305,2275,2335,2315,2280,2180,2300,2415,2385,2355,2230,2200,2200,2260,2315,2210,2150,2070,2065,2070,2090,2005,1950,2005,2005,2040,2110
South Lanarkshire,S12000029,4980,5375,5620,6245,6120,6370,6620,6775,6605,6600,6695,6685,6695,7080,7260,7175,6990,7110,7125,7050,6785,6795,6805,6675,6830,7015,7045,11590,13250,12940,13345,13725,13175,12555,12490,12250,12195,12640,12645,12285,11460,10685,10550,10135,9355,8880,8515,8160,8040,7940,7660,7105,6820,6615,6645,6615,6290,6120,6245,6240,6090,6250,6480,6610,6335,6295,6355,6230,5965,5900,5955,5825,5765,5845,6010,5990,5970,5990,6440,6395,6110,5875,5860,5610,5630,5775,5640,5465,5395,5420,5400,5480,5265,5195,5235,5045,5125,5435
Stirling,S12000030,1225,1310,1410,1515,1420,1405,1430,1435,1420,1435,1410,1370,1460,1555,1545,1500,1485,1475,1510,1455,1430,1440,1475,1465,1495,1540,1530,2795,3100,3040,3125,3110,2895,2720,2715,2720,2660,2775,2730,2670,2385,2170,2075,1970,1835,1775,1690,1610,1620,1620,1510,1375,1355,1310,1420,1435,1365,1355,1400,1420,1455,1480,1490,1500,1410,1440,1435,1455,1390,1375,1395,1395,1395,1465,1510,1440,1395,1440,1495,1485,1440,1350,1360,1340,1340,1380,1360,1340,1350,1290,1270,1305,1245,1225,1285,1315,1365,1400
Aberdeen City,S12000033,3295,3385,3435,3430,3295,3200,3160,3060,2885,2860,2790,2760,3010,3270,3375,3460,3440,3470,3650,3830,3815,3820,3965,4035,4015,4150,4165,6705,7835,8200,8785,9170,9250,9265,9405,9295,9470,9725,9675,9465,8690,8210,8010,7510,7100,6760,6550,6410,6360,6205,6050,5620,5360,5195,5270,5270,5155,5125,5095,5020,4885,4990,5020,5050,4870,4905,4885,4875,4625,4610,4690,4610,4650,4780,4860,4825,4905,4855,5080,5120,4910,4840,4900,4875,4905,5160,5180,5215,5190,5215,5180,5180,5025,5055,5045,5045,5230,5635
Aberdeenshire,S12000034,2150,2230,2215,2165,2100,2050,2015,1995,2015,2085,2130,2180,2335,2565,2615,2645,2625,2665,2740,2820,2715,2800,2825,2915,2920,2975,2955,5185,5960,6035,6440,6675,6645,6485,6525,6410,6500,6655,6560,6370,5785,5365,5215,4945,4615,4395,4220,4155,4120,4055,3865,3550,3370,3240,3100,3065,2935,2885,2970,2985,3040,3145,3170,3160,3035,3025,3025,2890,2835,2785,2820,2795,2800,2880,2865,2840,2860,2850,2975,3030,2925,2860,2870,2775,2885,3020,3065,2995,2940,2995,2990,3010,2925,2910,2915,2950,3095,3245
Argyll and Bute,S12000035,915,940,915,890,855,840,835,840,805,865,975,1085,1200,1305,1375,1375,1350,1360,1385,1380,1330,1305,1340,1360,1445,1530,1510,2815,3290,3180,3245,3160,2910,2720,2780,2785,2775,2910,2875,2800,2565,2330,2210,2070,1925,1845,1835,1795,1825,1810,1755,1585,1495,1395,1340,1380,1310,1310,1365,1400,1420,1475,1505,1470,1350,1320,1350,1315,1285,1295,1330,1390,1425,1475,1540,1450,1330,1275,1350,1380,1390,1315,1320,1360,1400,1450,1440,1345,1265,1225,1180,1180,1150,1125,1210,1260,1330,1400
City of Edinburgh,S12000036,4660,4950,5030,5040,4940,4875,4800,4670,4455,4480,4490,4420,4865,5100,5525,5760,5890,6105,6270,6375,6380,6525,6830,6970,6910,7105,7285,13980,17775,17635,18290,18840,18280,17665,18170,17780,17475,18415,18425,18130,16700,15115,14695,13890,12745,12065,11405,10735,10425,10320,10040,9330,8920,8835,8790,8685,8580,8545,8505,8630,8505,8540,8730,8995,8570,8605,8725,8535,8355,8300,8415,8370,8370,8760,8925,8790,8760,8890,9535,9455,9230,9150,9310,8980,9115,9500,9415,9155,9190,9200,9130,9065,8765,8860,9130,9125,9355,9900
Renfrewshire,S12000038,3145,3245,3270,3270,3195,3205,3160,3115,2835,2805,2885,3135,3435,3650,3710,3710,3785,3900,3975,4025,3755,3775,3885,3875,3980,4025,4015,6685,7530,7480,7765,7780,7535,7050,7145,7045,6930,7190,7240,7030,6515,5985,5890,5635,5075,4725,4515,4420,4325,4330,4130,3830,3610,3525,3660,3700,3600,3455,3460,3485,3510,3660,3825,3975,3780,3720,3825,3755,3585,3505,3595,3680,3620,3615,3675,3660,3635,3670,3890,3870,3690,3505,3445,3305,3330,3410,3305,3205,3155,3235,3195,3230,3185,3125,3150,3140,3170,3490
West Dunbartonshire,S12000039,2080,2170,2200,2175,2175,2130,2065,2060,1960,1930,1945,1990,2180,2240,2350,2465,2530,2570,2705,2775,2705,2735,2770,2795,2830,2930,2885,4450,4770,4775,4865,4845,4660,4530,4560,4535,4525,4605,4515,4415,4180,3895,3780,3655,3400,3230,3210,3145,3135,3130,2970,2780,2650,2530,2505,2480,2430,2345,2415,2525,2460,2535,2595,2615,2460,2455,2565,2470,2365,2340,2345,2385,2365,2410,2350,2255,2225,2210,2405,2395,2310,2230,2160,2125,2165,2235,2185,2130,2075,2110,2065,2055,2015,1965,2020,2000,2050,2130
West Lothian,S12000040,1940,2105,2190,2220,2135,2080,2190,2295,2405,2490,2625,2705,2920,3210,3315,3270,3225,3285,3290,3320,3225,3190,3315,3305,3260,3425,3450,5600,6645,6405,6800,7005,6675,6255,6325,6140,6175,6385,6530,6345,5915,5375,5270,5020,4555,4215,4015,3795,3725,3715,3405,3330,3135,3115,3190,3305,3195,3045,3050,3000,3060,3065,3235,3360,3165,3205,3260,3195,3060,2940,3090,3105,3075,3160,3310,3130,3115,3130,3315,3310,3215,2995,3080,2935,3015,3155,3150,3050,2955,2975,2960,3005,2855,2870,2885,2855,2905,3090
Angus,S12000041,1615,1740,1800,1990,1925,1945,2035,2085,1955,1970,1990,2040,2070,2200,2210,2150,2140,2235,2270,2255,2080,2020,2060,2075,2045,2040,2030,3290,3755,3790,3960,3985,3875,3690,3740,3670,3720,3795,3760,3655,3395,3130,3095,3050,2810,2605,2480,2415,2340,2330,2195,2015,1985,1940,1990,1960,1870,1880,1980,2010,1990,2035,2070,2115,2020,2090,2135,2010,1835,1855,1860,1855,1900,1885,1910,1895,1865,1915,2070,2070,1955,1900,1960,1965,2030,2095,2110,2055,2040,2080,2090,2115,1980,1910,1940,1955,1995,2095
Dundee City,S12000042,3370,3575,3690,4105,4110,4310,4415,4465,4275,4140,4175,4270,4330,4620,4660,4590,4525,4675,4810,4835,4655,4500,4530,4455,4435,4530,4435,6430,7060,7130,7395,7490,7350,7015,7020,6805,6755,7015,6880,6800,6460,6105,6125,6070,5640,5240,5000,4875,4815,4825,4595,4360,4205,4110,4230,4255,4145,4005,4035,4055,4105,4165,4350,4420,4270,4255,4435,4275,4045,3975,3995,3970,3930,3965,4065,3920,3875,4055,4380,4420,4180,4105,3990,3805,3755,3805,3850,3790,3795,3865,3845,3940,3685,3655,3700,3670,3680,3860
East Dunbartonshire,S12000045,1075,1150,1140,1215,1140,1130,1145,1150,1120,1120,1110,1105,1140,1205,1210,1250,1255,1230,1235,1270,1200,1185,1225,1215,1215,1230,1235,2360,2765,2690,2885,2985,2840,2645,2605,2525,2455,2560,2555,2450,2295,2125,2090,2020,1885,1745,1680,1650,1575,1570,1475,1400,1310,1275,1310,1280,1255,1240,1225,1250,1215,1230,1275,1275,1255,1270,1275,1275,1215,1180,1200,1180,1175,1225,1190,1235,1210,1230,1315,1345,1320,1285,1220,1170,1210,1230,1200,1150,1130,1165,1145,1160,1125,1090,1105,1085,1105,1190
Fife,S12000047,5905,6425,7105,7790,7720,7930,8215,8490,8400,8260,8310,8275,8450,8875,9125,9020,8705,8750,8795,9005,8625,8505,8575,8610,8505,8765,8810,13690,15050,14955,15730,15840,15215,14480,14410,14080,14210,14735,14800,14515,13740,12860,12660,12200,11220,10525,10180,9800,9740,9785,9380,8840,8550,8295,8275,8105,7770,7740,7815,7920,7910,8070,8335,8535,8065,8040,8060,7820,7460,7340,7445,7365,7295,7465,7525,7335,7360,7560,8040,8035,7750,7610,7660,7450,7570,7800,7720,7455,7220,7345,7120,7195,6875,6915,6990,6815,7150,7540
Perth and Kinross,S12000048,1065,1130,1185,1165,1135,1075,1130,1205,1195,1255,1335,1445,1500,1700,1760,1745,1725,1750,1790,1825,1735,1760,1820,1810,1815,1865,1860,3575,4325,4360,4555,4595,4435,4160,4145,4055,4065,4150,4170,4090,3810,3475,3385,3305,3030,2815,2710,2630,2520,2595,2470,2355,2225,2215,2150,2205,2045,1995,1985,2035,2115,2145,2200,2300,2225,2230,2255,2260,2120,2050,2035,1975,1970,2045,2105,2055,2040,2080,2230,2250,2140,2140,2115,2050,2100,2170,2150,2035,1980,2015,2005,2045,2000,1930,1920,1935,2015,2215
Glasgow City,S12000049,13765,14025,14240,14165,13935,13860,13740,13755,13205,12835,12955,13600,14570,15350,16090,16910,17090,17820,18670,19145,18920,18995,19120,19405,19655,20055,20295,31590,36010,36220,37590,38205,37455,36030,36480,36040,35615,36405,36590,35995,34280,32155,31650,30660,28640,27450,26755,25895,25500,25315,24300,23110,22350,21870,21880,21725,21220,20810,21475,21590,21065,21180,21910,22495,21540,21505,21630,21200,20495,20185,20515,20680,20435,20985,21430,21205,21460,21955,23680,23805,23245,22880,22445,21940,21765,22350,21995,21415,21270,21460,21290,21500,21015,20750,20820,20640,20720,21765
North Lanarkshire,S12000050,5870,6145,6190,6070,6115,6585,7100,7470,7575,7635,7615,7675,7865,8270,8515,8435,8410,8500,8610,8500,8190,8110,8065,7890,8030,8230,8225,13465,15225,15045,15720,15870,15130,14400,14380,14195,14060,14505,14415,14100,13110,12410,12275,11670,10795,10295,9855,9580,9420,9310,8905,8370,7935,7775,7850,7870,7525,7310,7325,7330,7350,7495,7670,7890,7555,7580,7585,7475,7205,7090,7155,7270,7230,7470,7520,7450,7255,7295,7720,7840,7515,7280,7170,6935,7045,7220,7015,6875,6755,6585,6565,6600,6415,6295,6260,6170,6245,6615
Antrim and Newtownabbey,N09000001,1795,1890,1845,1805,1740,1660,1720,1745,1715,1595,1675,1590,1670,1735,1775,1795,1765,1820,1825,1850,1830,1915,1850,1795,1800,1800,1880,3665,4045,3880,3835,3945,3825,3735,3740,3615,3530,3665,3660,3665,3430,3255,3145,3070,2960,2840,2665,2485,2385,2380,2285,2235,2170,2165,2145,2160,2130,2125,2135,2155,2145,2150,2205,2365,2180,2190,2210,2225,2325,2250,2080,2075,2065,2150,2175,2190,2175,2245,2465,2565,2550,2525,2345,2240,2215,2320,2205,2170,2065,2120,2120,2105,2225,2235,2120,1990,1980,2115
"Armagh City, Banbridge and Craigavon",N09000002,2520,2595,2555,2430,2350,2255,2325,2365,2465,2530,2540,2600,2650,2725,2825,2760,2675,2720,2790,2755,2780,2760,2635,2560,2585,2635,2610,5175,6285,6090,6095,6250,6130,5980,5880,5750,5525,5775,5670,5595,5265,4920,4820,4680,4565,4455,4110,3825,3670,3665,3530,3465,3320,3285,3380,3405,3400,3395,3440,3555,3420,3530,3615,3845,3645,3620,3750,3780,3905,3765,3695,3645,3575,3680,3740,3750,3730,3925,4250,4380,4500,4450,4295,4070,3995,4210,4100,4020,3835,3875,3795,3960,3995,3970,3875,3670,3650,3755
Belfast,N09000003,6955,7075,7135,7105,6980,6840,6660,6765,6860,6695,6665,6540,6705,6535,6510,6500,6440,6395,6385,6320,6270,6245,6230,7085,6990,7175,7435,14140,14795,14555,14565,14605,14405,14195,14215,13845,13530,13950,14050,13950,13385,12790,12605,12325,12020,11645,11030,10505,10085,10090,9820,9650,9270,9080,9020,9060,9155,9085,9000,9035,8850,8955,9275,9575,8940,9070,9315,9285,9525,9335,9030,9120,8865,9155,9255,9220,9025,9260,10105,10120,10385,10315,9875,9480,9185,9600,9590,9615,9260,9490,9420,9380,9725,9675,9245,8855,8830,9150
Causeway Coast and Glens,N09000004,2485,2635,2640,2650,2540,2505,2555,2565,2635,2705,2730,2775,2825,2885,2820,2760,2680,2595,2560,2580,2560,2705,2700,2670,2630,2640,2540,4570,5255,5005,4935,4910,4740,4445,4450,4305,4180,4390,4325,4235,3985,3640,3575,3480,3340,3270,3100,3015,2950,2945,2860,2750,2610,2620,2655,2690,2635,2690,2690,2725,2720,2755,2760,2780,2600,2610,2735,2720,2725,2735,2690,2695,2625,2690,2730,2740,2685,2840,3020,3085,3170,3150,3015,2950,2850,3020,2845,2790,2655,2685,2645,2650,2675,2675,2620,2555,2545,2640
Derry City and Strabane,N09000005,4565,4465,4345,4415,4395,4410,4505,4640,4700,4720,4640,4615,4650,4600,4600,4535,4455,4490,4460,4460,4455,4450,4365,4285,4220,4205,4130,6170,7080,6985,7005,6995,6760,6680,6580,6405,6270,6425,6325,6370,6040,5880,5835,5735,5560,5450,5175,4945,4825,4830,4745,4630,4530,4480,4520,4605,4565,4605,4460,4485,4450,4485,4555,4720,4495,4505,4665,4700,4800,4830,4680,4565,4470,4595,4655,4620,4560,4685,4995,5150,5350,5360,5090,4890,4695,4865,4760,4675,4440,4525,4480,4510,4455,4445,4240,4120,4115,4125
Fermanagh and Omagh,N09000006,1510,1505,1455,1440,1475,1480,1515,1565,1635,1615,1575,1575,1600,1640,1645,1630,1630,1675,1695,1750,1735,1740,1625,1565,1575,1510,1495,2710,3215,3110,3105,3080,3025,2885,2835,2715,2685,2765,2725,2685,2525,2415,2365,2325,2220,2170,2010,1925,1855,1800,1755,1745,1675,1690,1720,1765,1715,1685,1635,1665,1635,1630,1675,1730,1595,1610,1655,1710,1735,1725,1705,1615,1595,1645,1695,1735,1770,1920,2125,2200,2200,2200,2200,2035,2045,2140,2050,1965,1885,1840,1800,1800,1830,1815,1740,1665,1660,1670
Lisburn and Castlereagh,N09000007,1325,1355,1330,1300,1255,1205,1230,1250,1260,1265,1205,1205,1280,1285,1350,1330,1325,1345,1400,1380,1370,1415,1400,1365,1345,1365,1415,3045,3405,3310,3370,3475,3365,3265,3265,3165,3040,3180,3195,3130,2920,2735,2650,2640,2505,2400,2205,2080,1970,1985,1920,1890,1845,1810,1855,1825,1745,1735,1745,1710,1690,1670,1695,1815,1745,1720,1765,1775,1820,1815,1720,1755,1700,1720,1750,1770,1785,1850,2045,2090,2150,2085,1980,1885,1830,1950,1865,1875,1785,1825,1850,1875,1900,1985,1885,1735,1770,1840
Mid and East Antrim,N09000008,2010,2035,2065,2005,1970,1875,1940,1990,1950,1880,1875,1845,1950,1960,1980,2030,2005,1995,2060,2115,2115,2650,2545,2405,2380,2290,2305,3690,4235,4105,4070,4080,4050,3950,3925,3855,3765,3955,3965,3950,3800,3585,3570,3475,3410,3360,3150,2950,2850,2820,2800,2720,2615,2600,2580,2645,2630,2650,2625,2555,2500,2600,2595,2695,2505,2515,2545,2560,2620,2565,2515,2450,2380,2495,2525,2525,2495,2570,2795,2880,2955,2970,2845,2700,2635,2745,2685,2645,2525,2520,2495,2565,2605,2560,2465,2360,2375,2515
Mid Ulster,N09000009,1390,1425,1430,1480,1450,1475,1515,1550,1575,1565,1545,1565,1555,1585,1585,1580,1570,1580,1600,1630,1620,1630,1555,1565,1555,1560,1575,3425,4120,4005,4095,4120,3985,3865,3725,3615,3460,3545,3400,3335,3125,2940,2975,2940,2865,2650,2460,2265,2200,2120,2070,2060,2010,2025,2045,2105,2075,2075,1995,2040,1955,1930,1985,2070,1945,1955,2040,2095,2125,2080,1980,1935,1870,2005,2075,2115,2205,2400,2645,2725,2800,2795,2575,2400,2365,2465,2345,2265,2195,2195,2150,2195,2250,2170,2090,1955,1935,2060
"Newry, Mourne and Down",N09000010,2320,2350,2355,2385,2265,2165,2230,2305,2320,2305,2335,2340,2400,2470,2475,2465,2410,2495,2595,2575,2580,2640,2520,2470,2470,2490,2465,5475,6600,6245,6250,6250,6055,5745,5690,5495,5220,5600,5510,5440,5000,4585,4490,4450,4230,4125,3805,3665,3525,3550,3350,3245,3160,3145,3195,3195,3185,3220,3150,3205,3105,3155,3200,3375,3195,3190,3290,3285,3385,3330,3095,3005,2940,3065,3115,3155,3190,3320,3680,3755,3830,3820,3590,3380,3330,3440,3345,3280,3090,3135,3115,3120,3280,3240,3025,2910,3010,3095
Ards and North Down,N09000011,2135,2215,2190,2100,2080,2020,2040,2145,2155,2045,1935,2000,2085,2080,2105,2175,2150,2180,2195,2170,2185,2210,2185,2210,2165,2245,2345,4365,4820,4630,4585,4655,4480,4400,4460,4365,4210,4400,4285,4315,4040,3845,3790,3710,3535,3415,3130,3005,2910,2900,2735,2715,2585,2590,2580,2585,2600,2560,2595,2630,2515,2615,2615,2700,2585,2595,2650,2660,2685,2665,2580,2625,2500,2620,2685,2660,2610,2750,2965,3060,2990,2985,2820,2790,2665,2770,2715,2745,2585,2630,2580,2605,2590,2645,2615,2495,2480,2540
Column Total,Column Total,821310,865350,883865,916745,896425,889860,892935,906795,917560,931140,945630,967220,1003670,1062430,1091805,1106610,1112855,1135440,1145690,1163945,1164740,1183895,1196765,1202795,1215555,1255770,1268620,2113560,2661340,2590175,2642815,2688110,2656115,2565320,2604825,2589740,2558550,2678280,2675305,2629480,2462865,2285995,2232760,2144330,2032690,1957735,1881715,1815325,1777485,1776875,1717660,1632180,1582215,1548500,1523345,1520035,1509885,1489340,1504010,1515210,1502820,1526525,1557915,1584450,1529090,1536465,1545730,1529745,1523970,1524915,1535890,1543460,1551970,1595355,1608340,1594025,1605290,1640155,1777620,1772555,1769680,1754330,1726340,1700385,1697365,1750620,1742415,1708420,1691215,1697420,1668595,1663580,1657110,1650220,1636235,1625690,1635860,1717150