year,quarter,lad_code,claimant_rate
2018,Q1,E06000001,7.067
2018,Q1,E06000002,4.8
2018,Q1,E06000003,3.767
2018,Q1,E06000004,3.2
2018,Q1,E06000005,3.567
2018,Q1,E06000006,3.7
2018,Q1,E06000007,2.2
2018,Q1,E06000008,2.933
2018,Q1,E06000009,4.733
2018,Q1,E06000010,3.7
2018,Q1,E06000011,1.567
2018,Q1,E06000012,3.633
2018,Q1,E06000013,2.5
2018,Q1,E06000014,1.1
2018,Q1,E06000015,1.867
2018,Q1,E06000016,1.7
2018,Q1,E06000017,0.667
2018,Q1,E06000018,3.3
2018,Q1,E06000019,1.1
2018,Q1,E06000020,1.8
2018,Q1,E06000021,2.667
2018,Q1,E06000022,1.667
2018,Q1,E06000023,1.667
2018,Q1,E06000024,1.467
2018,Q1,E06000025,0.9
2018,Q1,E06000026,2.133
2018,Q1,E06000027,2.267
2018,Q1,E06000030,2.033
2018,Q1,E06000031,1.633
2018,Q1,E06000032,1.8
2018,Q1,E06000033,2.6
2018,Q1,E06000034,1.833
2018,Q1,E06000035,1.933
2018,Q1,E06000036,0.767
2018,Q1,E06000037,0.7
2018,Q1,E06000038,1.4
2018,Q1,E06000039,1.267
2018,Q1,E06000040,0.767
2018,Q1,E06000041,0.533
2018,Q1,E06000042,1.467
2018,Q1,E06000043,1.7
2018,Q1,E06000044,1.767
2018,Q1,E06000045,2.367
2018,Q1,E06000046,2.1
2018,Q1,E06000047,2.967
2018,Q1,E06000049,1.4
2018,Q1,E06000050,1.7
2018,Q1,E06000051,1.233
2018,Q1,E06000052,1.467
2018,Q1,E06000053,0.433
2018,Q1,E06000054,1.233
2018,Q1,E06000055,2.567
2018,Q1,E06000056,0.9
2018,Q1,E06000057,2.733
2018,Q1,E06000058,1.433
2018,Q1,E06000059,1.033
2018,Q1,E06000060,0.9
2018,Q1,E06000061,1.767
2018,Q1,E06000062,1.467
2018,Q1,E06000063,2.333
2018,Q1,E06000064,1.267
2018,Q1,E06000065,1.567
2018,Q1,E06000066,2.067
2018,Q1,E07000008,0.7
2018,Q1,E07000009,0.733
2018,Q1,E07000010,1.167
2018,Q1,E07000011,0.767
2018,Q1,E07000012,0.5
2018,Q1,E07000032,1.333
2018,Q1,E07000033,1.533
2018,Q1,E07000034,2.2
2018,Q1,E07000035,0.7
2018,Q1,E07000036,2.567
2018,Q1,E07000037,1.267
2018,Q1,E07000038,1.367
2018,Q1,E07000039,0.767
2018,Q1,E07000040,0.9
2018,Q1,E07000041,1.067
2018,Q1,E07000042,0.967
2018,Q1,E07000043,1.1
2018,Q1,E07000044,0.8
2018,Q1,E07000045,0.933
2018,Q1,E07000046,1.367
2018,Q1,E07000047,0.833
2018,Q1,E07000061,2.2
2018,Q1,E07000062,4.333
2018,Q1,E07000063,1.267
2018,Q1,E07000064,2.167
2018,Q1,E07000065,0.7
2018,Q1,E07000066,1.8
2018,Q1,E07000067,1.2
2018,Q1,E07000068,0.933
2018,Q1,E07000069,1.067
2018,Q1,E07000070,1.067
2018,Q1,E07000071,1.167
2018,Q1,E07000072,1.2
2018,Q1,E07000073,2.267
2018,Q1,E07000074,1.033
2018,Q1,E07000075,0.867
2018,Q1,E07000076,2.8
2018,Q1,E07000077,0.567
2018,Q1,E07000078,1.0
2018,Q1,E07000079,0.7
2018,Q1,E07000080,1.367
2018,Q1,E07000081,1.567
2018,Q1,E07000082,0.933
2018,Q1,E07000083,0.867
2018,Q1,E07000084,0.967
2018,Q1,E07000085,0.6
2018,Q1,E07000086,1.067
2018,Q1,E07000087,0.8
2018,Q1,E07000088,1.533
2018,Q1,E07000089,0.5
2018,Q1,E07000090,1.633
2018,Q1,E07000091,0.867
2018,Q1,E07000092,0.833
2018,Q1,E07000093,0.7
2018,Q1,E07000094,0.633
2018,Q1,E07000095,1.4
2018,Q1,E07000096,1.2
2018,Q1,E07000098,1.2
2018,Q1,E07000099,1.2
2018,Q1,E07000102,0.933
2018,Q1,E07000103,1.4
2018,Q1,E07000105,1.733
2018,Q1,E07000106,1.467
2018,Q1,E07000107,1.133
2018,Q1,E07000108,3.033
2018,Q1,E07000109,2.167
2018,Q1,E07000110,1.2
2018,Q1,E07000111,0.8
2018,Q1,E07000112,2.433
2018,Q1,E07000113,2.333
2018,Q1,E07000114,4.367
2018,Q1,E07000115,1.0
2018,Q1,E07000116,1.0
2018,Q1,E07000117,4.333
2018,Q1,E07000118,1.6
2018,Q1,E07000119,1.467
2018,Q1,E07000120,2.833
2018,Q1,E07000121,2.867
2018,Q1,E07000122,2.1
2018,Q1,E07000123,2.367
2018,Q1,E07000124,0.867
2018,Q1,E07000125,2.167
2018,Q1,E07000126,1.467
2018,Q1,E07000127,1.833
2018,Q1,E07000128,1.733
2018,Q1,E07000129,0.767
2018,Q1,E07000130,0.833
2018,Q1,E07000131,0.867
2018,Q1,E07000132,1.367
2018,Q1,E07000133,1.833
2018,Q1,E07000134,0.867
2018,Q1,E07000135,0.8
2018,Q1,E07000136,1.567
2018,Q1,E07000137,2.6
2018,Q1,E07000138,2.367
2018,Q1,E07000139,0.967
2018,Q1,E07000140,1.233
2018,Q1,E07000141,1.667
2018,Q1,E07000142,2.067
2018,Q1,E07000143,1.167
2018,Q1,E07000144,0.8
2018,Q1,E07000145,5.3
2018,Q1,E07000146,1.067
2018,Q1,E07000147,1.067
2018,Q1,E07000148,1.7
2018,Q1,E07000149,0.833
2018,Q1,E07000170,2.167
2018,Q1,E07000171,1.767
2018,Q1,E07000172,1.6
2018,Q1,E07000173,1.6
2018,Q1,E07000174,2.167
2018,Q1,E07000175,1.367
2018,Q1,E07000176,0.967
2018,Q1,E07000177,0.633
2018,Q1,E07000178,1.0
2018,Q1,E07000179,0.6
2018,Q1,E07000180,0.767
2018,Q1,E07000181,0.667
2018,Q1,E07000192,1.4
2018,Q1,E07000193,1.1
2018,Q1,E07000194,0.933
2018,Q1,E07000195,1.467
2018,Q1,E07000196,1.3
2018,Q1,E07000197,0.967
2018,Q1,E07000198,1.067
2018,Q1,E07000199,1.367
2018,Q1,E07000200,1.0
2018,Q1,E07000202,2.033
2018,Q1,E07000203,0.8
2018,Q1,E07000207,0.6
2018,Q1,E07000208,0.767
2018,Q1,E07000209,0.6
2018,Q1,E07000210,0.6
2018,Q1,E07000211,0.8
2018,Q1,E07000212,0.7
2018,Q1,E07000213,0.9
2018,Q1,E07000214,0.7
2018,Q1,E07000215,1.0
2018,Q1,E07000216,0.533
2018,Q1,E07000217,0.667
2018,Q1,E07000218,1.233
2018,Q1,E07000219,2.1
2018,Q1,E07000220,2.0
2018,Q1,E07000221,0.867
2018,Q1,E07000222,0.767
2018,Q1,E07000223,1.433
2018,Q1,E07000224,1.367
2018,Q1,E07000225,1.033
2018,Q1,E07000226,1.3
2018,Q1,E07000227,0.767
2018,Q1,E07000228,0.5
2018,Q1,E07000229,1.433
2018,Q1,E07000234,1.267
2018,Q1,E07000235,1.2
2018,Q1,E07000236,2.0
2018,Q1,E07000237,1.567
2018,Q1,E07000238,1.0
2018,Q1,E07000239,1.567
2018,Q1,E07000240,1.0
2018,Q1,E07000241,1.3
2018,Q1,E07000242,0.7
2018,Q1,E07000243,1.6
2018,Q1,E07000244,2.167
2018,Q1,E07000245,1.2
2018,Q1,E08000001,3.2
2018,Q1,E08000002,2.467
2018,Q1,E08000003,2.8
2018,Q1,E08000004,3.867
2018,Q1,E08000005,2.967
2018,Q1,E08000006,2.667
2018,Q1,E08000007,1.9
2018,Q1,E08000008,2.667
2018,Q1,E08000009,1.9
2018,Q1,E08000010,2.7
2018,Q1,E08000011,3.433
2018,Q1,E08000012,3.533
2018,Q1,E08000013,2.8
2018,Q1,E08000014,2.933
2018,Q1,E08000015,2.4
2018,Q1,E08000016,3.033
2018,Q1,E08000017,2.8
2018,Q1,E08000018,2.667
2018,Q1,E08000019,2.567
2018,Q1,E08000021,3.933
2018,Q1,E08000022,2.733
2018,Q1,E08000023,4.733
2018,Q1,E08000024,3.367
2018,Q1,E08000025,4.4
2018,Q1,E08000026,1.967
2018,Q1,E08000027,3.467
2018,Q1,E08000028,3.467
2018,Q1,E08000029,2.167
2018,Q1,E08000030,2.9
2018,Q1,E08000031,4.233
2018,Q1,E08000032,2.7
2018,Q1,E08000033,3.067
2018,Q1,E08000034,2.467
2018,Q1,E08000035,2.267
2018,Q1,E08000036,1.967
2018,Q1,E08000037,3.333
2018,Q1,E09000001,1.0
2018,Q1,E09000002,2.333
2018,Q1,E09000003,1.4
2018,Q1,E09000004,1.4
2018,Q1,E09000005,2.067
2018,Q1,E09000006,1.167
2018,Q1,E09000007,1.767
2018,Q1,E09000008,3.6
2018,Q1,E09000009,2.067
2018,Q1,E09000010,2.2
2018,Q1,E09000011,2.133
2018,Q1,E09000012,2.567
2018,Q1,E09000013,3.033
2018,Q1,E09000014,2.333
2018,Q1,E09000015,1.1
2018,Q1,E09000016,1.567
2018,Q1,E09000017,1.333
2018,Q1,E09000018,2.7
2018,Q1,E09000019,2.267
2018,Q1,E09000020,1.8
2018,Q1,E09000021,1.2
2018,Q1,E09000022,2.467
2018,Q1,E09000023,2.533
2018,Q1,E09000024,1.7
2018,Q1,E09000025,1.933
2018,Q1,E09000026,1.2
2018,Q1,E09000027,1.2
2018,Q1,E09000028,3.233
2018,Q1,E09000029,2.133
2018,Q1,E09000030,2.833
2018,Q1,E09000031,2.133
2018,Q1,E09000032,1.367
2018,Q1,E09000033,1.667
2018,Q1,N09000001,2.033
2018,Q1,N09000002,1.9
2018,Q1,N09000003,3.1
2018,Q1,N09000004,2.933
2018,Q1,N09000005,4.667
2018,Q1,N09000006,2.067
2018,Q1,N09000007,1.467
2018,Q1,N09000008,2.367
2018,Q1,N09000009,1.5
2018,Q1,N09000010,2.1
2018,Q1,N09000011,2.233
2018,Q1,S12000005,3.9
2018,Q1,S12000006,1.933
2018,Q1,S12000008,3.767
2018,Q1,S12000010,2.767
2018,Q1,S12000011,1.2
2018,Q1,S12000013,1.867
2018,Q1,S12000014,2.467
2018,Q1,S12000017,2.533
2018,Q1,S12000018,4.967
2018,Q1,S12000019,2.533
2018,Q1,S12000020,2.067
2018,Q1,S12000021,4.233
2018,Q1,S12000023,0.967
2018,Q1,S12000026,1.633
2018,Q1,S12000027,0.8
2018,Q1,S12000028,2.533
2018,Q1,S12000029,2.567
2018,Q1,S12000030,2.233
2018,Q1,S12000033,2.233
2018,Q1,S12000034,1.367
2018,Q1,S12000035,1.733
2018,Q1,S12000036,1.367
2018,Q1,S12000038,2.767
2018,Q1,S12000039,3.733
2018,Q1,S12000040,1.8
2018,Q1,S12000041,2.467
2018,Q1,S12000042,3.667
2018,Q1,S12000045,1.733
2018,Q1,S12000047,2.833
2018,Q1,S12000048,1.233
2018,Q1,S12000049,3.267
2018,Q1,S12000050,2.767
2018,Q1,W06000001,2.667
2018,Q1,W06000002,2.033
2018,Q1,W06000003,2.167
2018,Q1,W06000004,2.133
2018,Q1,W06000005,2.033
2018,Q1,W06000006,1.967
2018,Q1,W06000008,1.267
2018,Q1,W06000009,2.267
2018,Q1,W06000010,1.867
2018,Q1,W06000011,2.4
2018,Q1,W06000012,2.8
2018,Q1,W06000013,2.067
2018,Q1,W06000014,1.733
2018,Q1,W06000015,2.133
2018,Q1,W06000016,2.233
2018,Q1,W06000018,2.667
2018,Q1,W06000019,2.967
2018,Q1,W06000020,3.167
2018,Q1,W06000021,1.233
2018,Q1,W06000022,2.933
2018,Q1,W06000023,1.0
2018,Q1,W06000024,2.767
2018,Q2,E06000001,7.167
2018,Q2,E06000002,4.533
2018,Q2,E06000003,3.533
2018,Q2,E06000004,3.133
2018,Q2,E06000005,3.6
2018,Q2,E06000006,4.067
2018,Q2,E06000007,2.467
2018,Q2,E06000008,3.233
2018,Q2,E06000009,4.433
2018,Q2,E06000010,3.633
2018,Q2,E06000011,1.467
2018,Q2,E06000012,4.1
2018,Q2,E06000013,2.967
2018,Q2,E06000014,1.3
2018,Q2,E06000015,2.1
2018,Q2,E06000016,1.767
2018,Q2,E06000017,0.8
2018,Q2,E06000018,3.3
2018,Q2,E06000019,1.1
2018,Q2,E06000020,1.867
2018,Q2,E06000021,2.7
2018,Q2,E06000022,1.8
2018,Q2,E06000023,1.633
2018,Q2,E06000024,1.667
2018,Q2,E06000025,0.867
2018,Q2,E06000026,2.533
2018,Q2,E06000027,2.067
2018,Q2,E06000030,2.1
2018,Q2,E06000031,2.233
2018,Q2,E06000032,1.8
2018,Q2,E06000033,3.0
2018,Q2,E06000034,2.133
2018,Q2,E06000035,1.933
2018,Q2,E06000036,0.7
2018,Q2,E06000037,0.9
2018,Q2,E06000038,1.633
2018,Q2,E06000039,1.233
2018,Q2,E06000040,0.733
2018,Q2,E06000041,0.6
2018,Q2,E06000042,1.5
2018,Q2,E06000043,2.033
2018,Q2,E06000044,1.7
2018,Q2,E06000045,2.667
2018,Q2,E06000046,1.767
2018,Q2,E06000047,3.267
2018,Q2,E06000049,1.433
2018,Q2,E06000050,2.067
2018,Q2,E06000051,1.233
2018,Q2,E06000052,1.367
2018,Q2,E06000053,0.25
2018,Q2,E06000054,1.433
2018,Q2,E06000055,2.867
2018,Q2,E06000056,0.933
2018,Q2,E06000057,2.7
2018,Q2,E06000058,1.8
2018,Q2,E06000059,1.2
2018,Q2,E06000060,0.9
2018,Q2,E06000061,1.867
2018,Q2,E06000062,1.567
2018,Q2,E06000063,2.433
2018,Q2,E06000064,1.2
2018,Q2,E06000065,1.533
2018,Q2,E06000066,2.2
2018,Q2,E07000008,0.733
2018,Q2,E07000009,0.7
2018,Q2,E07000010,1.3
2018,Q2,E07000011,0.8
2018,Q2,E07000012,0.5
2018,Q2,E07000032,1.433
2018,Q2,E07000033,1.7
2018,Q2,E07000034,2.567
2018,Q2,E07000035,0.7
2018,Q2,E07000036,2.8
2018,Q2,E07000037,1.333
2018,Q2,E07000038,1.367
2018,Q2,E07000039,0.833
2018,Q2,E07000040,0.767
2018,Q2,E07000041,0.967
2018,Q2,E07000042,0.9
2018,Q2,E07000043,0.967
2018,Q2,E07000044,0.833
2018,Q2,E07000045,0.867
2018,Q2,E07000046,1.3
2018,Q2,E07000047,1.0
2018,Q2,E07000061,2.633
2018,Q2,E07000062,4.533
2018,Q2,E07000063,1.233
2018,Q2,E07000064,2.367
2018,Q2,E07000065,0.8
2018,Q2,E07000066,2.233
2018,Q2,E07000067,1.4
2018,Q2,E07000068,1.167
2018,Q2,E07000069,1.067
2018,Q2,E07000070,1.067
2018,Q2,E07000071,1.2
2018,Q2,E07000072,1.2
2018,Q2,E07000073,2.633
2018,Q2,E07000074,1.0
2018,Q2,E07000075,0.9
2018,Q2,E07000076,2.7
2018,Q2,E07000077,0.7
2018,Q2,E07000078,1.267
2018,Q2,E07000079,0.9
2018,Q2,E07000080,1.667
2018,Q2,E07000081,1.7
2018,Q2,E07000082,1.1
2018,Q2,E07000083,1.033
2018,Q2,E07000084,0.9
2018,Q2,E07000085,0.6
2018,Q2,E07000086,1.2
2018,Q2,E07000087,0.8
2018,Q2,E07000088,1.533
2018,Q2,E07000089,0.467
2018,Q2,E07000090,1.567
2018,Q2,E07000091,0.833
2018,Q2,E07000092,0.8
2018,Q2,E07000093,0.7
2018,Q2,E07000094,0.633
2018,Q2,E07000095,1.733
2018,Q2,E07000096,1.133
2018,Q2,E07000098,1.267
2018,Q2,E07000099,1.133
2018,Q2,E07000102,1.167
2018,Q2,E07000103,1.733
2018,Q2,E07000105,1.7
2018,Q2,E07000106,1.433
2018,Q2,E07000107,1.067
2018,Q2,E07000108,3.267
2018,Q2,E07000109,2.1
2018,Q2,E07000110,1.167
2018,Q2,E07000111,0.767
2018,Q2,E07000112,2.433
2018,Q2,E07000113,2.7
2018,Q2,E07000114,4.9
2018,Q2,E07000115,0.933
2018,Q2,E07000116,0.9
2018,Q2,E07000117,4.7
2018,Q2,E07000118,1.6
2018,Q2,E07000119,1.4
2018,Q2,E07000120,3.1
2018,Q2,E07000121,3.033
2018,Q2,E07000122,2.133
2018,Q2,E07000123,2.433
2018,Q2,E07000124,0.8
2018,Q2,E07000125,2.233
2018,Q2,E07000126,1.4
2018,Q2,E07000127,2.1
2018,Q2,E07000128,1.6
2018,Q2,E07000129,0.767
2018,Q2,E07000130,0.833
2018,Q2,E07000131,0.933
2018,Q2,E07000132,1.567
2018,Q2,E07000133,2.067
2018,Q2,E07000134,1.033
2018,Q2,E07000135,0.8
2018,Q2,E07000136,1.567
2018,Q2,E07000137,2.133
2018,Q2,E07000138,2.633
2018,Q2,E07000139,0.967
2018,Q2,E07000140,1.233
2018,Q2,E07000141,1.9
2018,Q2,E07000142,2.2
2018,Q2,E07000143,1.167
2018,Q2,E07000144,0.867
2018,Q2,E07000145,5.2
2018,Q2,E07000146,1.067
2018,Q2,E07000147,1.0
2018,Q2,E07000148,1.767
2018,Q2,E07000149,0.867
2018,Q2,E07000170,2.133
2018,Q2,E07000171,2.067
2018,Q2,E07000172,1.6
2018,Q2,E07000173,1.567
2018,Q2,E07000174,2.0
2018,Q2,E07000175,1.333
2018,Q2,E07000176,0.867
2018,Q2,E07000177,0.833
2018,Q2,E07000178,1.233
2018,Q2,E07000179,0.767
2018,Q2,E07000180,0.9
2018,Q2,E07000181,0.867
2018,Q2,E07000192,1.467
2018,Q2,E07000193,1.2
2018,Q2,E07000194,1.233
2018,Q2,E07000195,1.5
2018,Q2,E07000196,1.4
2018,Q2,E07000197,1.0
2018,Q2,E07000198,1.067
2018,Q2,E07000199,1.867
2018,Q2,E07000200,1.2
2018,Q2,E07000202,2.1
2018,Q2,E07000203,0.867
2018,Q2,E07000207,0.633
2018,Q2,E07000208,0.8
2018,Q2,E07000209,0.6
2018,Q2,E07000210,0.6
2018,Q2,E07000211,0.8
2018,Q2,E07000212,0.7
2018,Q2,E07000213,0.9
2018,Q2,E07000214,0.633
2018,Q2,E07000215,1.033
2018,Q2,E07000216,0.5
2018,Q2,E07000217,0.667
2018,Q2,E07000218,1.333
2018,Q2,E07000219,2.633
2018,Q2,E07000220,2.1
2018,Q2,E07000221,1.033
2018,Q2,E07000222,0.8
2018,Q2,E07000223,1.333
2018,Q2,E07000224,1.267
2018,Q2,E07000225,1.0
2018,Q2,E07000226,1.267
2018,Q2,E07000227,0.7
2018,Q2,E07000228,0.433
2018,Q2,E07000229,1.333
2018,Q2,E07000234,1.3
2018,Q2,E07000235,1.2
2018,Q2,E07000236,2.233
2018,Q2,E07000237,1.667
2018,Q2,E07000238,1.1
2018,Q2,E07000239,1.667
2018,Q2,E07000240,1.2
2018,Q2,E07000241,1.533
2018,Q2,E07000242,0.667
2018,Q2,E07000243,1.533
2018,Q2,E07000244,2.2
2018,Q2,E07000245,1.367
2018,Q2,E08000001,3.367
2018,Q2,E08000002,2.467
2018,Q2,E08000003,3.167
2018,Q2,E08000004,4.2
2018,Q2,E08000005,2.967
2018,Q2,E08000006,2.8
2018,Q2,E08000007,1.867
2018,Q2,E08000008,2.867
2018,Q2,E08000009,2.1
2018,Q2,E08000010,2.8
2018,Q2,E08000011,3.433
2018,Q2,E08000012,3.567
2018,Q2,E08000013,2.9
2018,Q2,E08000014,3.233
2018,Q2,E08000015,2.867
2018,Q2,E08000016,3.367
2018,Q2,E08000017,3.2
2018,Q2,E08000018,2.667
2018,Q2,E08000019,2.5
2018,Q2,E08000021,4.167
2018,Q2,E08000022,2.733
2018,Q2,E08000023,4.733
2018,Q2,E08000024,3.4
2018,Q2,E08000025,4.9
2018,Q2,E08000026,2.067
2018,Q2,E08000027,3.733
2018,Q2,E08000028,3.567
2018,Q2,E08000029,2.367
2018,Q2,E08000030,2.967
2018,Q2,E08000031,4.733
2018,Q2,E08000032,2.8
2018,Q2,E08000033,3.433
2018,Q2,E08000034,2.967
2018,Q2,E08000035,2.2
2018,Q2,E08000036,1.967
2018,Q2,E08000037,3.833
2018,Q2,E09000001,1.033
2018,Q2,E09000002,2.5
2018,Q2,E09000003,1.4
2018,Q2,E09000004,1.367
2018,Q2,E09000005,2.033
2018,Q2,E09000006,1.133
2018,Q2,E09000007,1.8
2018,Q2,E09000008,3.867
2018,Q2,E09000009,2.133
2018,Q2,E09000010,2.4
2018,Q2,E09000011,2.167
2018,Q2,E09000012,2.6
2018,Q2,E09000013,3.233
2018,Q2,E09000014,2.3
2018,Q2,E09000015,1.1
2018,Q2,E09000016,1.6
2018,Q2,E09000017,1.3
2018,Q2,E09000018,2.9
2018,Q2,E09000019,2.333
2018,Q2,E09000020,1.9
2018,Q2,E09000021,1.133
2018,Q2,E09000022,2.667
2018,Q2,E09000023,2.567
2018,Q2,E09000024,1.9
2018,Q2,E09000025,2.0
2018,Q2,E09000026,1.3
2018,Q2,E09000027,1.2
2018,Q2,E09000028,3.467
2018,Q2,E09000029,2.267
2018,Q2,E09000030,2.933
2018,Q2,E09000031,2.1
2018,Q2,E09000032,1.4
2018,Q2,E09000033,1.7
2018,Q2,N09000001,1.9
2018,Q2,N09000002,1.767
2018,Q2,N09000003,3.067
2018,Q2,N09000004,2.9
2018,Q2,N09000005,4.6
2018,Q2,N09000006,2.067
2018,Q2,N09000007,1.367
2018,Q2,N09000008,2.267
2018,Q2,N09000009,1.6
2018,Q2,N09000010,2.0
2018,Q2,N09000011,2.133
2018,Q2,S12000005,4.267
2018,Q2,S12000006,1.833
2018,Q2,S12000008,4.333
2018,Q2,S12000010,2.9
2018,Q2,S12000011,1.2
2018,Q2,S12000013,1.667
2018,Q2,S12000014,2.533
2018,Q2,S12000017,2.633
2018,Q2,S12000018,5.3
2018,Q2,S12000019,2.667
2018,Q2,S12000020,1.867
2018,Q2,S12000021,4.967
2018,Q2,S12000023,0.8
2018,Q2,S12000026,1.633
2018,Q2,S12000027,0.867
2018,Q2,S12000028,2.833
2018,Q2,S12000029,3.067
2018,Q2,S12000030,2.467
2018,Q2,S12000033,2.2
2018,Q2,S12000034,1.3
2018,Q2,S12000035,1.633
2018,Q2,S12000036,1.4
2018,Q2,S12000038,2.8
2018,Q2,S12000039,3.767
2018,Q2,S12000040,1.833
2018,Q2,S12000041,2.833
2018,Q2,S12000042,4.267
2018,Q2,S12000045,1.767
2018,Q2,S12000047,3.367
2018,Q2,S12000048,1.267
2018,Q2,S12000049,3.3
2018,Q2,S12000050,2.867
2018,Q2,W06000001,2.467
2018,Q2,W06000002,1.733
2018,Q2,W06000003,2.1
2018,Q2,W06000004,2.1
2018,Q2,W06000005,2.267
2018,Q2,W06000006,2.367
2018,Q2,W06000008,1.033
2018,Q2,W06000009,2.133
2018,Q2,W06000010,2.0
2018,Q2,W06000011,3.0
2018,Q2,W06000012,3.3
2018,Q2,W06000013,2.033
2018,Q2,W06000014,1.6
2018,Q2,W06000015,2.267
2018,Q2,W06000016,2.233
2018,Q2,W06000018,2.6
2018,Q2,W06000019,2.867
2018,Q2,W06000020,3.567
2018,Q2,W06000021,1.133
2018,Q2,W06000022,3.367
2018,Q2,W06000023,0.967
2018,Q2,W06000024,2.633
2018,Q3,E06000001,6.867
2018,Q3,E06000002,4.3
2018,Q3,E06000003,3.2
2018,Q3,E06000004,3.033
2018,Q3,E06000005,3.633
2018,Q3,E06000006,3.967
2018,Q3,E06000007,2.333
2018,Q3,E06000008,3.633
2018,Q3,E06000009,3.967
2018,Q3,E06000010,3.5
2018,Q3,E06000011,1.433
2018,Q3,E06000012,4.267
2018,Q3,E06000013,3.0
2018,Q3,E06000014,1.3
2018,Q3,E06000015,2.0
2018,Q3,E06000016,1.8
2018,Q3,E06000017,0.9
2018,Q3,E06000018,3.067
2018,Q3,E06000019,1.1
2018,Q3,E06000020,1.7
2018,Q3,E06000021,2.6
2018,Q3,E06000022,1.7
2018,Q3,E06000023,1.6
2018,Q3,E06000024,1.667
2018,Q3,E06000025,0.8
2018,Q3,E06000026,2.733
2018,Q3,E06000027,1.767
2018,Q3,E06000030,2.067
2018,Q3,E06000031,2.4
2018,Q3,E06000032,1.733
2018,Q3,E06000033,3.133
2018,Q3,E06000034,2.267
2018,Q3,E06000035,1.967
2018,Q3,E06000036,0.8
2018,Q3,E06000037,0.967
2018,Q3,E06000038,1.8
2018,Q3,E06000039,1.467
2018,Q3,E06000040,0.733
2018,Q3,E06000041,0.667
2018,Q3,E06000042,1.467
2018,Q3,E06000043,2.167
2018,Q3,E06000044,1.7
2018,Q3,E06000045,2.6
2018,Q3,E06000046,1.7
2018,Q3,E06000047,3.433
2018,Q3,E06000049,1.467
2018,Q3,E06000050,2.133
2018,Q3,E06000051,1.333
2018,Q3,E06000052,1.467
2018,Q3,E06000053,0.2
2018,Q3,E06000054,1.4
2018,Q3,E06000055,2.867
2018,Q3,E06000056,0.9
2018,Q3,E06000057,2.5
2018,Q3,E06000058,1.9
2018,Q3,E06000059,1.3
2018,Q3,E06000060,0.9
2018,Q3,E06000061,1.8
2018,Q3,E06000062,1.5
2018,Q3,E06000063,2.4
2018,Q3,E06000064,1.1
2018,Q3,E06000065,1.467
2018,Q3,E06000066,2.1
2018,Q3,E07000008,0.7
2018,Q3,E07000009,0.633
2018,Q3,E07000010,1.4
2018,Q3,E07000011,0.8
2018,Q3,E07000012,0.5
2018,Q3,E07000032,1.467
2018,Q3,E07000033,1.7
2018,Q3,E07000034,2.567
2018,Q3,E07000035,0.667
2018,Q3,E07000036,2.7
2018,Q3,E07000037,1.233
2018,Q3,E07000038,1.433
2018,Q3,E07000039,0.867
2018,Q3,E07000040,0.7
2018,Q3,E07000041,0.9
2018,Q3,E07000042,0.867
2018,Q3,E07000043,0.9
2018,Q3,E07000044,0.8
2018,Q3,E07000045,0.767
2018,Q3,E07000046,1.267
2018,Q3,E07000047,0.967
2018,Q3,E07000061,2.767
2018,Q3,E07000062,4.433
2018,Q3,E07000063,1.2
2018,Q3,E07000064,2.333
2018,Q3,E07000065,0.9
2018,Q3,E07000066,2.367
2018,Q3,E07000067,1.5
2018,Q3,E07000068,1.233
2018,Q3,E07000069,1.0
2018,Q3,E07000070,1.1
2018,Q3,E07000071,1.133
2018,Q3,E07000072,1.133
2018,Q3,E07000073,2.8
2018,Q3,E07000074,0.9
2018,Q3,E07000075,0.9
2018,Q3,E07000076,2.633
2018,Q3,E07000077,0.767
2018,Q3,E07000078,1.433
2018,Q3,E07000079,0.967
2018,Q3,E07000080,1.767
2018,Q3,E07000081,1.933
2018,Q3,E07000082,1.1
2018,Q3,E07000083,1.233
2018,Q3,E07000084,0.967
2018,Q3,E07000085,0.6
2018,Q3,E07000086,1.167
2018,Q3,E07000087,0.733
2018,Q3,E07000088,1.4
2018,Q3,E07000089,0.4
2018,Q3,E07000090,1.5
2018,Q3,E07000091,0.833
2018,Q3,E07000092,0.8
2018,Q3,E07000093,0.733
2018,Q3,E07000094,0.633
2018,Q3,E07000095,1.8
2018,Q3,E07000096,1.033
2018,Q3,E07000098,1.3
2018,Q3,E07000099,1.067
2018,Q3,E07000102,1.267
2018,Q3,E07000103,1.967
2018,Q3,E07000105,1.733
2018,Q3,E07000106,1.333
2018,Q3,E07000107,1.033
2018,Q3,E07000108,3.2
2018,Q3,E07000109,2.167
2018,Q3,E07000110,1.1
2018,Q3,E07000111,0.7
2018,Q3,E07000112,2.367
2018,Q3,E07000113,2.8
2018,Q3,E07000114,4.8
2018,Q3,E07000115,0.9
2018,Q3,E07000116,0.8
2018,Q3,E07000117,4.633
2018,Q3,E07000118,1.5
2018,Q3,E07000119,1.3
2018,Q3,E07000120,3.567
2018,Q3,E07000121,2.9
2018,Q3,E07000122,2.033
2018,Q3,E07000123,2.333
2018,Q3,E07000124,0.733
2018,Q3,E07000125,2.2
2018,Q3,E07000126,1.367
2018,Q3,E07000127,2.167
2018,Q3,E07000128,1.467
2018,Q3,E07000129,0.833
2018,Q3,E07000130,0.867
2018,Q3,E07000131,0.933
2018,Q3,E07000132,1.567
2018,Q3,E07000133,2.033
2018,Q3,E07000134,1.167
2018,Q3,E07000135,0.9
2018,Q3,E07000136,1.4
2018,Q3,E07000137,2.033
2018,Q3,E07000138,2.8
2018,Q3,E07000139,1.0
2018,Q3,E07000140,1.167
2018,Q3,E07000141,1.967
2018,Q3,E07000142,2.167
2018,Q3,E07000143,1.067
2018,Q3,E07000144,0.767
2018,Q3,E07000145,4.733
2018,Q3,E07000146,1.0
2018,Q3,E07000147,0.8
2018,Q3,E07000148,1.7
2018,Q3,E07000149,0.833
2018,Q3,E07000170,1.933
2018,Q3,E07000171,2.167
2018,Q3,E07000172,1.5
2018,Q3,E07000173,1.5
2018,Q3,E07000174,1.867
2018,Q3,E07000175,1.4
2018,Q3,E07000176,0.8
2018,Q3,E07000177,0.967
2018,Q3,E07000178,1.333
2018,Q3,E07000179,0.867
2018,Q3,E07000180,1.033
2018,Q3,E07000181,0.9
2018,Q3,E07000192,1.3
2018,Q3,E07000193,1.1
2018,Q3,E07000194,1.267
2018,Q3,E07000195,1.5
2018,Q3,E07000196,1.4
2018,Q3,E07000197,1.0
2018,Q3,E07000198,0.967
2018,Q3,E07000199,2.067
2018,Q3,E07000200,1.367
2018,Q3,E07000202,2.4
2018,Q3,E07000203,0.967
2018,Q3,E07000207,0.6
2018,Q3,E07000208,0.8
2018,Q3,E07000209,0.6
2018,Q3,E07000210,0.6
2018,Q3,E07000211,0.767
2018,Q3,E07000212,0.7
2018,Q3,E07000213,0.867
2018,Q3,E07000214,0.533
2018,Q3,E07000215,1.0
2018,Q3,E07000216,0.5
2018,Q3,E07000217,0.6
2018,Q3,E07000218,1.3
2018,Q3,E07000219,2.767
2018,Q3,E07000220,2.033
2018,Q3,E07000221,1.067
2018,Q3,E07000222,0.8
2018,Q3,E07000223,1.3
2018,Q3,E07000224,1.233
2018,Q3,E07000225,0.967
2018,Q3,E07000226,1.333
2018,Q3,E07000227,0.733
2018,Q3,E07000228,0.5
2018,Q3,E07000229,1.3
2018,Q3,E07000234,1.333
2018,Q3,E07000235,1.1
2018,Q3,E07000236,2.5
2018,Q3,E07000237,1.633
2018,Q3,E07000238,1.0
2018,Q3,E07000239,1.6
2018,Q3,E07000240,1.267
2018,Q3,E07000241,1.633
2018,Q3,E07000242,0.6
2018,Q3,E07000243,1.5
2018,Q3,E07000244,2.1
2018,Q3,E07000245,1.3
2018,Q3,E08000001,3.167
2018,Q3,E08000002,2.367
2018,Q3,E08000003,3.333
2018,Q3,E08000004,4.2
2018,Q3,E08000005,3.1
2018,Q3,E08000006,2.7
2018,Q3,E08000007,1.8
2018,Q3,E08000008,3.267
2018,Q3,E08000009,2.167
2018,Q3,E08000010,3.033
2018,Q3,E08000011,3.6
2018,Q3,E08000012,3.467
2018,Q3,E08000013,2.767
2018,Q3,E08000014,3.3
2018,Q3,E08000015,3.133
2018,Q3,E08000016,3.267
2018,Q3,E08000017,3.267
2018,Q3,E08000018,2.5
2018,Q3,E08000019,2.367
2018,Q3,E08000021,4.067
2018,Q3,E08000022,2.8
2018,Q3,E08000023,4.8
2018,Q3,E08000024,3.4
2018,Q3,E08000025,5.233
2018,Q3,E08000026,1.9
2018,Q3,E08000027,3.8
2018,Q3,E08000028,3.5
2018,Q3,E08000029,2.367
2018,Q3,E08000030,2.9
2018,Q3,E08000031,5.0
2018,Q3,E08000032,2.833
2018,Q3,E08000033,3.4
2018,Q3,E08000034,3.067
2018,Q3,E08000035,2.167
2018,Q3,E08000036,1.867
2018,Q3,E08000037,3.9
2018,Q3,E09000001,1.0
2018,Q3,E09000002,2.733
2018,Q3,E09000003,1.5
2018,Q3,E09000004,1.2
2018,Q3,E09000005,1.967
2018,Q3,E09000006,1.1
2018,Q3,E09000007,1.7
2018,Q3,E09000008,3.733
2018,Q3,E09000009,2.3
2018,Q3,E09000010,2.533
2018,Q3,E09000011,2.1
2018,Q3,E09000012,2.6
2018,Q3,E09000013,3.2
2018,Q3,E09000014,2.3
2018,Q3,E09000015,1.1
2018,Q3,E09000016,1.567
2018,Q3,E09000017,1.3
2018,Q3,E09000018,2.833
2018,Q3,E09000019,2.433
2018,Q3,E09000020,1.8
2018,Q3,E09000021,1.133
2018,Q3,E09000022,2.867
2018,Q3,E09000023,2.533
2018,Q3,E09000024,1.933
2018,Q3,E09000025,1.967
2018,Q3,E09000026,1.267
2018,Q3,E09000027,1.233
2018,Q3,E09000028,3.467
2018,Q3,E09000029,2.233
2018,Q3,E09000030,3.033
2018,Q3,E09000031,2.133
2018,Q3,E09000032,1.4
2018,Q3,E09000033,1.633
2018,Q3,N09000001,1.9
2018,Q3,N09000002,1.767
2018,Q3,N09000003,2.967
2018,Q3,N09000004,2.933
2018,Q3,N09000005,4.833
2018,Q3,N09000006,2.2
2018,Q3,N09000007,1.367
2018,Q3,N09000008,2.3
2018,Q3,N09000009,1.667
2018,Q3,N09000010,2.067
2018,Q3,N09000011,2.167
2018,Q3,S12000005,4.267
2018,Q3,S12000006,2.1
2018,Q3,S12000008,4.733
2018,Q3,S12000010,2.7
2018,Q3,S12000011,1.167
2018,Q3,S12000013,1.467
2018,Q3,S12000014,2.833
2018,Q3,S12000017,2.4
2018,Q3,S12000018,5.233
2018,Q3,S12000019,2.5
2018,Q3,S12000020,1.867
2018,Q3,S12000021,5.4
2018,Q3,S12000023,0.567
2018,Q3,S12000026,1.733
2018,Q3,S12000027,0.9
2018,Q3,S12000028,3.4
2018,Q3,S12000029,3.233
2018,Q3,S12000030,2.467
2018,Q3,S12000033,2.0
2018,Q3,S12000034,1.2
2018,Q3,S12000035,1.567
2018,Q3,S12000036,1.333
2018,Q3,S12000038,2.633
2018,Q3,S12000039,3.533
2018,Q3,S12000040,2.0
2018,Q3,S12000041,2.9
2018,Q3,S12000042,4.5
2018,Q3,S12000045,1.767
2018,Q3,S12000047,3.633
2018,Q3,S12000048,1.267
2018,Q3,S12000049,3.167
2018,Q3,S12000050,3.333
2018,Q3,W06000001,2.167
2018,Q3,W06000002,1.6
2018,Q3,W06000003,2.133
2018,Q3,W06000004,2.333
2018,Q3,W06000005,2.333
2018,Q3,W06000006,2.6
2018,Q3,W06000008,1.0
2018,Q3,W06000009,1.933
2018,Q3,W06000010,1.867
2018,Q3,W06000011,3.2
2018,Q3,W06000012,3.267
2018,Q3,W06000013,2.133
2018,Q3,W06000014,1.467
2018,Q3,W06000015,2.6
2018,Q3,W06000016,2.1
2018,Q3,W06000018,2.4
2018,Q3,W06000019,2.6
2018,Q3,W06000020,3.5
2018,Q3,W06000021,1.133
2018,Q3,W06000022,3.567
2018,Q3,W06000023,0.933
2018,Q3,W06000024,2.467
2018,Q4,E06000001,7.0
2018,Q4,E06000002,4.233
2018,Q4,E06000003,3.2
2018,Q4,E06000004,3.433
2018,Q4,E06000005,3.933
2018,Q4,E06000006,4.0
2018,Q4,E06000007,2.4
2018,Q4,E06000008,3.9
2018,Q4,E06000009,4.2
2018,Q4,E06000010,3.6
2018,Q4,E06000011,1.7
2018,Q4,E06000012,4.3
2018,Q4,E06000013,3.1
2018,Q4,E06000014,1.3
2018,Q4,E06000015,2.1
2018,Q4,E06000016,2.1
2018,Q4,E06000017,0.933
2018,Q4,E06000018,2.833
2018,Q4,E06000019,1.333
2018,Q4,E06000020,1.6
2018,Q4,E06000021,2.9
2018,Q4,E06000022,1.7
2018,Q4,E06000023,1.8
2018,Q4,E06000024,1.8
2018,Q4,E06000025,0.833
2018,Q4,E06000026,2.9
2018,Q4,E06000027,2.033
2018,Q4,E06000030,2.067
2018,Q4,E06000031,2.5
2018,Q4,E06000032,1.733
2018,Q4,E06000033,3.333
2018,Q4,E06000034,2.4
2018,Q4,E06000035,2.233
2018,Q4,E06000036,1.0
2018,Q4,E06000037,1.1
2018,Q4,E06000038,1.967
2018,Q4,E06000039,1.7
2018,Q4,E06000040,0.933
2018,Q4,E06000041,0.767
2018,Q4,E06000042,1.367
2018,Q4,E06000043,2.3
2018,Q4,E06000044,1.733
2018,Q4,E06000045,2.7
2018,Q4,E06000046,2.033
2018,Q4,E06000047,3.767
2018,Q4,E06000049,1.567
2018,Q4,E06000050,2.2
2018,Q4,E06000051,1.567
2018,Q4,E06000052,1.867
2018,Q4,E06000053,0.4
2018,Q4,E06000054,1.467
2018,Q4,E06000055,2.933
2018,Q4,E06000056,0.867
2018,Q4,E06000057,2.533
2018,Q4,E06000058,2.033
2018,Q4,E06000059,1.4
2018,Q4,E06000060,0.933
2018,Q4,E06000061,1.8
2018,Q4,E06000062,1.467
2018,Q4,E06000063,2.433
2018,Q4,E06000064,1.2
2018,Q4,E06000065,1.6
2018,Q4,E06000066,2.1
2018,Q4,E07000008,0.667
2018,Q4,E07000009,0.7
2018,Q4,E07000010,1.467
2018,Q4,E07000011,0.8
2018,Q4,E07000012,0.5
2018,Q4,E07000032,1.7
2018,Q4,E07000033,1.8
2018,Q4,E07000034,2.733
2018,Q4,E07000035,0.733
2018,Q4,E07000036,2.8
2018,Q4,E07000037,1.3
2018,Q4,E07000038,1.633
2018,Q4,E07000039,0.8
2018,Q4,E07000040,0.8
2018,Q4,E07000041,0.933
2018,Q4,E07000042,1.067
2018,Q4,E07000043,1.3
2018,Q4,E07000044,0.967
2018,Q4,E07000045,0.9
2018,Q4,E07000046,1.6
2018,Q4,E07000047,1.067
2018,Q4,E07000061,2.933
2018,Q4,E07000062,4.567
2018,Q4,E07000063,1.333
2018,Q4,E07000064,2.467
2018,Q4,E07000065,0.967
2018,Q4,E07000066,2.5
2018,Q4,E07000067,1.6
2018,Q4,E07000068,1.367
2018,Q4,E07000069,1.3
2018,Q4,E07000070,1.1
2018,Q4,E07000071,1.5
2018,Q4,E07000072,1.167
2018,Q4,E07000073,2.967
2018,Q4,E07000074,0.9
2018,Q4,E07000075,1.067
2018,Q4,E07000076,3.2
2018,Q4,E07000077,0.8
2018,Q4,E07000078,1.5
2018,Q4,E07000079,1.067
2018,Q4,E07000080,1.9
2018,Q4,E07000081,2.133
2018,Q4,E07000082,1.133
2018,Q4,E07000083,1.367
2018,Q4,E07000084,1.167
2018,Q4,E07000085,0.6
2018,Q4,E07000086,1.233
2018,Q4,E07000087,0.7
2018,Q4,E07000088,1.367
2018,Q4,E07000089,0.4
2018,Q4,E07000090,1.533
2018,Q4,E07000091,1.0
2018,Q4,E07000092,0.8
2018,Q4,E07000093,0.867
2018,Q4,E07000094,0.767
2018,Q4,E07000095,1.833
2018,Q4,E07000096,1.0
2018,Q4,E07000098,1.333
2018,Q4,E07000099,1.033
2018,Q4,E07000102,1.4
2018,Q4,E07000103,2.1
2018,Q4,E07000105,2.033
2018,Q4,E07000106,1.733
2018,Q4,E07000107,1.233
2018,Q4,E07000108,3.367
2018,Q4,E07000109,2.367
2018,Q4,E07000110,1.1
2018,Q4,E07000111,0.733
2018,Q4,E07000112,2.8
2018,Q4,E07000113,2.967
2018,Q4,E07000114,5.0
2018,Q4,E07000115,0.8
2018,Q4,E07000116,0.8
2018,Q4,E07000117,4.8
2018,Q4,E07000118,1.7
2018,Q4,E07000119,1.333
2018,Q4,E07000120,3.6
2018,Q4,E07000121,2.967
2018,Q4,E07000122,2.067
2018,Q4,E07000123,2.567
2018,Q4,E07000124,0.8
2018,Q4,E07000125,2.2
2018,Q4,E07000126,1.467
2018,Q4,E07000127,2.233
2018,Q4,E07000128,1.6
2018,Q4,E07000129,0.933
2018,Q4,E07000130,1.033
2018,Q4,E07000131,1.0
2018,Q4,E07000132,1.7
2018,Q4,E07000133,2.0
2018,Q4,E07000134,1.2
2018,Q4,E07000135,1.033
2018,Q4,E07000136,1.633
2018,Q4,E07000137,2.6
2018,Q4,E07000138,2.933
2018,Q4,E07000139,1.067
2018,Q4,E07000140,1.367
2018,Q4,E07000141,2.033
2018,Q4,E07000142,2.3
2018,Q4,E07000143,1.2
2018,Q4,E07000144,0.733
2018,Q4,E07000145,4.967
2018,Q4,E07000146,1.033
2018,Q4,E07000147,0.833
2018,Q4,E07000148,1.733
2018,Q4,E07000149,0.933
2018,Q4,E07000170,1.9
2018,Q4,E07000171,2.3
2018,Q4,E07000172,1.5
2018,Q4,E07000173,1.533
2018,Q4,E07000174,1.9
2018,Q4,E07000175,1.433
2018,Q4,E07000176,0.733
2018,Q4,E07000177,1.0
2018,Q4,E07000178,1.433
2018,Q4,E07000179,0.9
2018,Q4,E07000180,1.033
2018,Q4,E07000181,1.0
2018,Q4,E07000192,1.3
2018,Q4,E07000193,1.0
2018,Q4,E07000194,1.333
2018,Q4,E07000195,1.433
2018,Q4,E07000196,1.4
2018,Q4,E07000197,1.0
2018,Q4,E07000198,1.067
2018,Q4,E07000199,2.133
2018,Q4,E07000200,1.5
2018,Q4,E07000202,2.633
2018,Q4,E07000203,1.1
2018,Q4,E07000207,0.6
2018,Q4,E07000208,0.8
2018,Q4,E07000209,0.567
2018,Q4,E07000210,0.533
2018,Q4,E07000211,0.733
2018,Q4,E07000212,0.7
2018,Q4,E07000213,0.833
2018,Q4,E07000214,0.5
2018,Q4,E07000215,1.033
2018,Q4,E07000216,0.5
2018,Q4,E07000217,0.6
2018,Q4,E07000218,1.333
2018,Q4,E07000219,2.7
2018,Q4,E07000220,1.967
2018,Q4,E07000221,1.1
2018,Q4,E07000222,0.8
2018,Q4,E07000223,1.6
2018,Q4,E07000224,1.467
2018,Q4,E07000225,1.133
2018,Q4,E07000226,1.667
2018,Q4,E07000227,0.933
2018,Q4,E07000228,0.7
2018,Q4,E07000229,1.6
2018,Q4,E07000234,1.433
2018,Q4,E07000235,1.167
2018,Q4,E07000236,2.567
2018,Q4,E07000237,1.567
2018,Q4,E07000238,1.033
2018,Q4,E07000239,1.567
2018,Q4,E07000240,1.3
2018,Q4,E07000241,1.7
2018,Q4,E07000242,0.633
2018,Q4,E07000243,1.433
2018,Q4,E07000244,2.2
2018,Q4,E07000245,1.333
2018,Q4,E08000001,2.967
2018,Q4,E08000002,2.6
2018,Q4,E08000003,3.6
2018,Q4,E08000004,4.167
2018,Q4,E08000005,3.567
2018,Q4,E08000006,2.767
2018,Q4,E08000007,1.8
2018,Q4,E08000008,3.467
2018,Q4,E08000009,2.2
2018,Q4,E08000010,3.3
2018,Q4,E08000011,3.9
2018,Q4,E08000012,3.333
2018,Q4,E08000013,3.167
2018,Q4,E08000014,3.467
2018,Q4,E08000015,3.233
2018,Q4,E08000016,3.3
2018,Q4,E08000017,3.4
2018,Q4,E08000018,2.8
2018,Q4,E08000019,2.233
2018,Q4,E08000021,4.233
2018,Q4,E08000022,3.2
2018,Q4,E08000023,5.333
2018,Q4,E08000024,3.9
2018,Q4,E08000025,5.4
2018,Q4,E08000026,2.1
2018,Q4,E08000027,3.8
2018,Q4,E08000028,3.367
2018,Q4,E08000029,2.4
2018,Q4,E08000030,3.1
2018,Q4,E08000031,5.133
2018,Q4,E08000032,3.4
2018,Q4,E08000033,3.467
2018,Q4,E08000034,3.167
2018,Q4,E08000035,2.133
2018,Q4,E08000036,1.867
2018,Q4,E08000037,4.133
2018,Q4,E09000001,1.0
2018,Q4,E09000002,2.967
2018,Q4,E09000003,1.7
2018,Q4,E09000004,1.233
2018,Q4,E09000005,2.0
2018,Q4,E09000006,1.3
2018,Q4,E09000007,1.833
2018,Q4,E09000008,3.767
2018,Q4,E09000009,2.533
2018,Q4,E09000010,2.7
2018,Q4,E09000011,1.967
2018,Q4,E09000012,2.667
2018,Q4,E09000013,3.167
2018,Q4,E09000014,2.333
2018,Q4,E09000015,1.267
2018,Q4,E09000016,1.8
2018,Q4,E09000017,1.267
2018,Q4,E09000018,2.9
2018,Q4,E09000019,2.7
2018,Q4,E09000020,1.833
2018,Q4,E09000021,1.4
2018,Q4,E09000022,2.967
2018,Q4,E09000023,2.8
2018,Q4,E09000024,2.067
2018,Q4,E09000025,2.167
2018,Q4,E09000026,1.533
2018,Q4,E09000027,1.367
2018,Q4,E09000028,3.5
2018,Q4,E09000029,2.3
2018,Q4,E09000030,3.1
2018,Q4,E09000031,2.367
2018,Q4,E09000032,1.467
2018,Q4,E09000033,1.867
2018,Q4,N09000001,1.833
2018,Q4,N09000002,1.9
2018,Q4,N09000003,2.9
2018,Q4,N09000004,3.1
2018,Q4,N09000005,4.867
2018,Q4,N09000006,2.233
2018,Q4,N09000007,1.333
2018,Q4,N09000008,2.167
2018,Q4,N09000009,1.7
2018,Q4,N09000010,2.1
2018,Q4,N09000011,2.067
2018,Q4,S12000005,4.1
2018,Q4,S12000006,2.433
2018,Q4,S12000008,4.767
2018,Q4,S12000010,2.767
2018,Q4,S12000011,1.2
2018,Q4,S12000013,1.7
2018,Q4,S12000014,2.933
2018,Q4,S12000017,2.4
2018,Q4,S12000018,4.833
2018,Q4,S12000019,2.367
2018,Q4,S12000020,2.1
2018,Q4,S12000021,5.4
2018,Q4,S12000023,0.8
2018,Q4,S12000026,1.967
2018,Q4,S12000027,0.9
2018,Q4,S12000028,3.5
2018,Q4,S12000029,3.267
2018,Q4,S12000030,2.4
2018,Q4,S12000033,1.833
2018,Q4,S12000034,1.3
2018,Q4,S12000035,1.9
2018,Q4,S12000036,1.3
2018,Q4,S12000038,2.533
2018,Q4,S12000039,3.433
2018,Q4,S12000040,2.267
2018,Q4,S12000041,2.867
2018,Q4,S12000042,4.333
2018,Q4,S12000045,1.7
2018,Q4,S12000047,3.6
2018,Q4,S12000048,1.5
2018,Q4,S12000049,3.067
2018,Q4,S12000050,3.5
2018,Q4,W06000001,2.1
2018,Q4,W06000002,1.633
2018,Q4,W06000003,2.5
2018,Q4,W06000004,2.767
2018,Q4,W06000005,2.4
2018,Q4,W06000006,2.7
2018,Q4,W06000008,1.0
2018,Q4,W06000009,2.1
2018,Q4,W06000010,1.8
2018,Q4,W06000011,3.233
2018,Q4,W06000012,3.267
2018,Q4,W06000013,2.333
2018,Q4,W06000014,1.467
2018,Q4,W06000015,2.7
2018,Q4,W06000016,2.033
2018,Q4,W06000018,2.367
2018,Q4,W06000019,2.967
2018,Q4,W06000020,3.533
2018,Q4,W06000021,1.467
2018,Q4,W06000022,3.6
2018,Q4,W06000023,0.933
2018,Q4,W06000024,2.9
2019,Q1,E06000001,7.0
2019,Q1,E06000002,5.133
2019,Q1,E06000003,3.733
2019,Q1,E06000004,3.9
2019,Q1,E06000005,4.167
2019,Q1,E06000006,4.2
2019,Q1,E06000007,2.533
2019,Q1,E06000008,4.267
2019,Q1,E06000009,5.0
2019,Q1,E06000010,4.067
2019,Q1,E06000011,2.0
2019,Q1,E06000012,4.5
2019,Q1,E06000013,3.233
2019,Q1,E06000014,1.367
2019,Q1,E06000015,2.6
2019,Q1,E06000016,2.433
2019,Q1,E06000017,1.067
2019,Q1,E06000018,3.3
2019,Q1,E06000019,1.6
2019,Q1,E06000020,1.967
2019,Q1,E06000021,3.433
2019,Q1,E06000022,1.767
2019,Q1,E06000023,2.067
2019,Q1,E06000024,1.933
2019,Q1,E06000025,1.033
2019,Q1,E06000026,3.167
2019,Q1,E06000027,2.733
2019,Q1,E06000030,2.167
2019,Q1,E06000031,2.733
2019,Q1,E06000032,2.033
2019,Q1,E06000033,3.533
2019,Q1,E06000034,2.667
2019,Q1,E06000035,2.533
2019,Q1,E06000036,1.2
2019,Q1,E06000037,1.233
2019,Q1,E06000038,2.133
2019,Q1,E06000039,2.033
2019,Q1,E06000040,1.067
2019,Q1,E06000041,0.867
2019,Q1,E06000042,1.533
2019,Q1,E06000043,2.467
2019,Q1,E06000044,2.1
2019,Q1,E06000045,2.9
2019,Q1,E06000046,2.6
2019,Q1,E06000047,3.967
2019,Q1,E06000049,1.667
2019,Q1,E06000050,2.333
2019,Q1,E06000051,1.7
2019,Q1,E06000052,2.233
2019,Q1,E06000053,0.7
2019,Q1,E06000054,1.533
2019,Q1,E06000055,2.9
2019,Q1,E06000056,1.0
2019,Q1,E06000057,2.867
2019,Q1,E06000058,2.267
2019,Q1,E06000059,1.6
2019,Q1,E06000060,1.1
2019,Q1,E06000061,2.1
2019,Q1,E06000062,1.6
2019,Q1,E06000063,2.6
2019,Q1,E06000064,1.4
2019,Q1,E06000065,1.667
2019,Q1,E06000066,2.233
2019,Q1,E07000008,0.867
2019,Q1,E07000009,0.9
2019,Q1,E07000010,1.867
2019,Q1,E07000011,1.0
2019,Q1,E07000012,0.633
2019,Q1,E07000032,2.0
2019,Q1,E07000033,2.0
2019,Q1,E07000034,3.0
2019,Q1,E07000035,1.0
2019,Q1,E07000036,2.867
2019,Q1,E07000037,1.6
2019,Q1,E07000038,1.767
2019,Q1,E07000039,1.033
2019,Q1,E07000040,1.133
2019,Q1,E07000041,1.267
2019,Q1,E07000042,1.3
2019,Q1,E07000043,1.8
2019,Q1,E07000044,1.267
2019,Q1,E07000045,1.267
2019,Q1,E07000046,1.967
2019,Q1,E07000047,1.2
2019,Q1,E07000061,3.2
2019,Q1,E07000062,4.867
2019,Q1,E07000063,1.767
2019,Q1,E07000064,2.667
2019,Q1,E07000065,1.167
2019,Q1,E07000066,2.7
2019,Q1,E07000067,1.733
2019,Q1,E07000068,1.467
2019,Q1,E07000069,1.6
2019,Q1,E07000070,1.233
2019,Q1,E07000071,1.733
2019,Q1,E07000072,1.3
2019,Q1,E07000073,3.167
2019,Q1,E07000074,0.967
2019,Q1,E07000075,1.3
2019,Q1,E07000076,3.867
2019,Q1,E07000077,0.933
2019,Q1,E07000078,1.667
2019,Q1,E07000079,1.267
2019,Q1,E07000080,2.067
2019,Q1,E07000081,2.367
2019,Q1,E07000082,1.233
2019,Q1,E07000083,1.4
2019,Q1,E07000084,1.3
2019,Q1,E07000085,0.767
2019,Q1,E07000086,1.267
2019,Q1,E07000087,0.833
2019,Q1,E07000088,1.633
2019,Q1,E07000089,0.5
2019,Q1,E07000090,1.833
2019,Q1,E07000091,1.167
2019,Q1,E07000092,1.0
2019,Q1,E07000093,1.033
2019,Q1,E07000094,0.933
2019,Q1,E07000095,1.967
2019,Q1,E07000096,1.133
2019,Q1,E07000098,1.5
2019,Q1,E07000099,1.333
2019,Q1,E07000102,1.467
2019,Q1,E07000103,2.167
2019,Q1,E07000105,2.3
2019,Q1,E07000106,2.033
2019,Q1,E07000107,1.467
2019,Q1,E07000108,3.567
2019,Q1,E07000109,2.6
2019,Q1,E07000110,1.3
2019,Q1,E07000111,0.967
2019,Q1,E07000112,3.167
2019,Q1,E07000113,3.133
2019,Q1,E07000114,5.333
2019,Q1,E07000115,0.967
2019,Q1,E07000116,1.033
2019,Q1,E07000117,4.9
2019,Q1,E07000118,1.967
2019,Q1,E07000119,1.6
2019,Q1,E07000120,3.9
2019,Q1,E07000121,3.1
2019,Q1,E07000122,2.367
2019,Q1,E07000123,2.933
2019,Q1,E07000124,0.933
2019,Q1,E07000125,2.5
2019,Q1,E07000126,1.667
2019,Q1,E07000127,2.433
2019,Q1,E07000128,1.9
2019,Q1,E07000129,1.067
2019,Q1,E07000130,1.333
2019,Q1,E07000131,0.967
2019,Q1,E07000132,1.9
2019,Q1,E07000133,2.167
2019,Q1,E07000134,1.4
2019,Q1,E07000135,1.233
2019,Q1,E07000136,2.133
2019,Q1,E07000137,3.4
2019,Q1,E07000138,3.2
2019,Q1,E07000139,1.2
2019,Q1,E07000140,1.6
2019,Q1,E07000141,2.167
2019,Q1,E07000142,2.667
2019,Q1,E07000143,1.5
2019,Q1,E07000144,1.0
2019,Q1,E07000145,5.367
2019,Q1,E07000146,1.333
2019,Q1,E07000147,1.167
2019,Q1,E07000148,2.233
2019,Q1,E07000149,1.1
2019,Q1,E07000170,2.3
2019,Q1,E07000171,2.567
2019,Q1,E07000172,1.8
2019,Q1,E07000173,1.833
2019,Q1,E07000174,2.4
2019,Q1,E07000175,1.7
2019,Q1,E07000176,0.933
2019,Q1,E07000177,1.067
2019,Q1,E07000178,1.567
2019,Q1,E07000179,1.0
2019,Q1,E07000180,1.133
2019,Q1,E07000181,1.067
2019,Q1,E07000192,1.633
2019,Q1,E07000193,1.367
2019,Q1,E07000194,1.567
2019,Q1,E07000195,1.633
2019,Q1,E07000196,1.533
2019,Q1,E07000197,1.2
2019,Q1,E07000198,1.3
2019,Q1,E07000199,2.333
2019,Q1,E07000200,1.567
2019,Q1,E07000202,2.867
2019,Q1,E07000203,1.267
2019,Q1,E07000207,0.733
2019,Q1,E07000208,0.9
2019,Q1,E07000209,0.7
2019,Q1,E07000210,0.7
2019,Q1,E07000211,0.9
2019,Q1,E07000212,0.733
2019,Q1,E07000213,1.0
2019,Q1,E07000214,0.6
2019,Q1,E07000215,1.133
2019,Q1,E07000216,0.667
2019,Q1,E07000217,0.8
2019,Q1,E07000218,1.6
2019,Q1,E07000219,2.867
2019,Q1,E07000220,2.1
2019,Q1,E07000221,1.133
2019,Q1,E07000222,1.0
2019,Q1,E07000223,1.8
2019,Q1,E07000224,1.8
2019,Q1,E07000225,1.367
2019,Q1,E07000226,1.933
2019,Q1,E07000227,1.067
2019,Q1,E07000228,0.867
2019,Q1,E07000229,1.933
2019,Q1,E07000234,1.667
2019,Q1,E07000235,1.433
2019,Q1,E07000236,2.767
2019,Q1,E07000237,1.933
2019,Q1,E07000238,1.2
2019,Q1,E07000239,1.867
2019,Q1,E07000240,1.333
2019,Q1,E07000241,1.767
2019,Q1,E07000242,0.9
2019,Q1,E07000243,1.833
2019,Q1,E07000244,2.4
2019,Q1,E07000245,1.5
2019,Q1,E08000001,3.433
2019,Q1,E08000002,3.033
2019,Q1,E08000003,3.933
2019,Q1,E08000004,4.3
2019,Q1,E08000005,3.967
2019,Q1,E08000006,3.267
2019,Q1,E08000007,2.1
2019,Q1,E08000008,3.667
2019,Q1,E08000009,2.267
2019,Q1,E08000010,3.567
2019,Q1,E08000011,4.233
2019,Q1,E08000012,3.867
2019,Q1,E08000013,3.633
2019,Q1,E08000014,3.7
2019,Q1,E08000015,3.533
2019,Q1,E08000016,3.433
2019,Q1,E08000017,3.6
2019,Q1,E08000018,3.167
2019,Q1,E08000019,2.4
2019,Q1,E08000021,4.433
2019,Q1,E08000022,3.567
2019,Q1,E08000023,5.933
2019,Q1,E08000024,4.567
2019,Q1,E08000025,5.667
2019,Q1,E08000026,2.533
2019,Q1,E08000027,3.967
2019,Q1,E08000028,3.567
2019,Q1,E08000029,2.567
2019,Q1,E08000030,3.567
2019,Q1,E08000031,5.333
2019,Q1,E08000032,3.8
2019,Q1,E08000033,3.567
2019,Q1,E08000034,3.367
2019,Q1,E08000035,2.533
2019,Q1,E08000036,2.167
2019,Q1,E08000037,4.433
2019,Q1,E09000001,0.967
2019,Q1,E09000002,3.233
2019,Q1,E09000003,1.867
2019,Q1,E09000004,1.567
2019,Q1,E09000005,2.2
2019,Q1,E09000006,1.5
2019,Q1,E09000007,2.067
2019,Q1,E09000008,3.833
2019,Q1,E09000009,2.7
2019,Q1,E09000010,2.867
2019,Q1,E09000011,2.3
2019,Q1,E09000012,3.1
2019,Q1,E09000013,3.167
2019,Q1,E09000014,2.633
2019,Q1,E09000015,1.467
2019,Q1,E09000016,2.033
2019,Q1,E09000017,1.6
2019,Q1,E09000018,3.033
2019,Q1,E09000019,2.9
2019,Q1,E09000020,1.967
2019,Q1,E09000021,1.567
2019,Q1,E09000022,3.1
2019,Q1,E09000023,3.067
2019,Q1,E09000024,2.167
2019,Q1,E09000025,2.4
2019,Q1,E09000026,1.767
2019,Q1,E09000027,1.467
2019,Q1,E09000028,3.533
2019,Q1,E09000029,2.367
2019,Q1,E09000030,3.133
2019,Q1,E09000031,2.6
2019,Q1,E09000032,1.633
2019,Q1,E09000033,2.1
2019,Q1,N09000001,1.867
2019,Q1,N09000002,2.033
2019,Q1,N09000003,2.9
2019,Q1,N09000004,3.233
2019,Q1,N09000005,4.833
2019,Q1,N09000006,2.267
2019,Q1,N09000007,1.433
2019,Q1,N09000008,2.3
2019,Q1,N09000009,1.7
2019,Q1,N09000010,2.167
2019,Q1,N09000011,2.133
2019,Q1,S12000005,4.167
2019,Q1,S12000006,2.9
2019,Q1,S12000008,5.0
2019,Q1,S12000010,2.8
2019,Q1,S12000011,1.4
2019,Q1,S12000013,2.133
2019,Q1,S12000014,3.333
2019,Q1,S12000017,2.633
2019,Q1,S12000018,4.9
2019,Q1,S12000019,2.433
2019,Q1,S12000020,2.533
2019,Q1,S12000021,5.6
2019,Q1,S12000023,1.367
2019,Q1,S12000026,2.433
2019,Q1,S12000027,1.267
2019,Q1,S12000028,3.933
2019,Q1,S12000029,3.467
2019,Q1,S12000030,2.6
2019,Q1,S12000033,2.133
2019,Q1,S12000034,1.533
2019,Q1,S12000035,2.467
2019,Q1,S12000036,1.467
2019,Q1,S12000038,3.067
2019,Q1,S12000039,3.933
2019,Q1,S12000040,2.733
2019,Q1,S12000041,3.133
2019,Q1,S12000042,4.633
2019,Q1,S12000045,1.867
2019,Q1,S12000047,3.867
2019,Q1,S12000048,1.867
2019,Q1,S12000049,3.567
2019,Q1,S12000050,3.733
2019,Q1,W06000001,2.5
2019,Q1,W06000002,1.967
2019,Q1,W06000003,3.133
2019,Q1,W06000004,3.133
2019,Q1,W06000005,2.6
2019,Q1,W06000006,2.833
2019,Q1,W06000008,1.3
2019,Q1,W06000009,2.7
2019,Q1,W06000010,2.0
2019,Q1,W06000011,3.433
2019,Q1,W06000012,3.433
2019,Q1,W06000013,2.667
2019,Q1,W06000014,1.933
2019,Q1,W06000015,2.967
2019,Q1,W06000016,2.467
2019,Q1,W06000018,2.967
2019,Q1,W06000019,3.6
2019,Q1,W06000020,3.633
2019,Q1,W06000021,1.567
2019,Q1,W06000022,3.7
2019,Q1,W06000023,1.267
2019,Q1,W06000024,3.467
2019,Q2,E06000001,6.6
2019,Q2,E06000002,5.6
2019,Q2,E06000003,4.067
2019,Q2,E06000004,4.033
2019,Q2,E06000005,4.3
2019,Q2,E06000006,4.2
2019,Q2,E06000007,2.5
2019,Q2,E06000008,4.433
2019,Q2,E06000009,5.467
2019,Q2,E06000010,4.7
2019,Q2,E06000011,2.0
2019,Q2,E06000012,4.333
2019,Q2,E06000013,3.267
2019,Q2,E06000014,1.333
2019,Q2,E06000015,2.933
2019,Q2,E06000016,2.7
2019,Q2,E06000017,1.033
2019,Q2,E06000018,3.8
2019,Q2,E06000019,1.7
2019,Q2,E06000020,2.4
2019,Q2,E06000021,3.9
2019,Q2,E06000022,1.8
2019,Q2,E06000023,2.3
2019,Q2,E06000024,1.967
2019,Q2,E06000025,1.2
2019,Q2,E06000026,3.2
2019,Q2,E06000027,2.967
2019,Q2,E06000030,2.233
2019,Q2,E06000031,2.933
2019,Q2,E06000032,2.367
2019,Q2,E06000033,3.6
2019,Q2,E06000034,2.833
2019,Q2,E06000035,2.833
2019,Q2,E06000036,1.367
2019,Q2,E06000037,1.267
2019,Q2,E06000038,2.233
2019,Q2,E06000039,2.233
2019,Q2,E06000040,1.167
2019,Q2,E06000041,0.9
2019,Q2,E06000042,1.833
2019,Q2,E06000043,2.5
2019,Q2,E06000044,2.4
2019,Q2,E06000045,2.933
2019,Q2,E06000046,2.6
2019,Q2,E06000047,3.9
2019,Q2,E06000049,1.8
2019,Q2,E06000050,2.4
2019,Q2,E06000051,1.867
2019,Q2,E06000052,2.233
2019,Q2,E06000053,0.7
2019,Q2,E06000054,1.567
2019,Q2,E06000055,2.933
2019,Q2,E06000056,1.167
2019,Q2,E06000057,3.1
2019,Q2,E06000058,2.333
2019,Q2,E06000059,1.6
2019,Q2,E06000060,1.233
2019,Q2,E06000061,2.333
2019,Q2,E06000062,1.833
2019,Q2,E06000063,2.633
2019,Q2,E06000064,1.567
2019,Q2,E06000065,1.633
2019,Q2,E06000066,2.233
2019,Q2,E07000008,1.033
2019,Q2,E07000009,1.033
2019,Q2,E07000010,2.133
2019,Q2,E07000011,1.133
2019,Q2,E07000012,0.767
2019,Q2,E07000032,2.067
2019,Q2,E07000033,2.233
2019,Q2,E07000034,3.033
2019,Q2,E07000035,1.067
2019,Q2,E07000036,2.933
2019,Q2,E07000037,1.733
2019,Q2,E07000038,1.9
2019,Q2,E07000039,1.333
2019,Q2,E07000040,1.2
2019,Q2,E07000041,1.4
2019,Q2,E07000042,1.433
2019,Q2,E07000043,1.7
2019,Q2,E07000044,1.267
2019,Q2,E07000045,1.433
2019,Q2,E07000046,1.967
2019,Q2,E07000047,1.3
2019,Q2,E07000061,3.3
2019,Q2,E07000062,4.667
2019,Q2,E07000063,1.9
2019,Q2,E07000064,2.533
2019,Q2,E07000065,1.2
2019,Q2,E07000066,2.833
2019,Q2,E07000067,1.867
2019,Q2,E07000068,1.5
2019,Q2,E07000069,1.733
2019,Q2,E07000070,1.433
2019,Q2,E07000071,1.867
2019,Q2,E07000072,1.567
2019,Q2,E07000073,3.233
2019,Q2,E07000074,1.2
2019,Q2,E07000075,1.4
2019,Q2,E07000076,4.0
2019,Q2,E07000077,0.967
2019,Q2,E07000078,1.767
2019,Q2,E07000079,1.267
2019,Q2,E07000080,2.133
2019,Q2,E07000081,2.533
2019,Q2,E07000082,1.267
2019,Q2,E07000083,1.5
2019,Q2,E07000084,1.433
2019,Q2,E07000085,0.9
2019,Q2,E07000086,1.3
2019,Q2,E07000087,0.9
2019,Q2,E07000088,1.867
2019,Q2,E07000089,0.6
2019,Q2,E07000090,2.033
2019,Q2,E07000091,1.233
2019,Q2,E07000092,1.233
2019,Q2,E07000093,1.133
2019,Q2,E07000094,1.0
2019,Q2,E07000095,2.067
2019,Q2,E07000096,1.333
2019,Q2,E07000098,1.667
2019,Q2,E07000099,1.5
2019,Q2,E07000102,1.533
2019,Q2,E07000103,2.233
2019,Q2,E07000105,2.367
2019,Q2,E07000106,2.167
2019,Q2,E07000107,1.667
2019,Q2,E07000108,3.633
2019,Q2,E07000109,2.933
2019,Q2,E07000110,1.633
2019,Q2,E07000111,1.067
2019,Q2,E07000112,3.4
2019,Q2,E07000113,3.2
2019,Q2,E07000114,5.3
2019,Q2,E07000115,1.133
2019,Q2,E07000116,1.233
2019,Q2,E07000117,4.833
2019,Q2,E07000118,2.0
2019,Q2,E07000119,1.8
2019,Q2,E07000120,4.033
2019,Q2,E07000121,3.133
2019,Q2,E07000122,2.667
2019,Q2,E07000123,3.233
2019,Q2,E07000124,1.033
2019,Q2,E07000125,2.867
2019,Q2,E07000126,1.867
2019,Q2,E07000127,2.433
2019,Q2,E07000128,2.067
2019,Q2,E07000129,1.133
2019,Q2,E07000130,1.5
2019,Q2,E07000131,1.067
2019,Q2,E07000132,1.967
2019,Q2,E07000133,2.067
2019,Q2,E07000134,1.467
2019,Q2,E07000135,1.3
2019,Q2,E07000136,2.3
2019,Q2,E07000137,3.133
2019,Q2,E07000138,3.333
2019,Q2,E07000139,1.333
2019,Q2,E07000140,1.8
2019,Q2,E07000141,2.2
2019,Q2,E07000142,2.9
2019,Q2,E07000143,1.667
2019,Q2,E07000144,1.1
2019,Q2,E07000145,4.933
2019,Q2,E07000146,1.633
2019,Q2,E07000147,1.433
2019,Q2,E07000148,2.6
2019,Q2,E07000149,1.233
2019,Q2,E07000170,2.667
2019,Q2,E07000171,2.7
2019,Q2,E07000172,2.0
2019,Q2,E07000173,2.1
2019,Q2,E07000174,2.733
2019,Q2,E07000175,1.967
2019,Q2,E07000176,1.133
2019,Q2,E07000177,1.133
2019,Q2,E07000178,1.633
2019,Q2,E07000179,1.0
2019,Q2,E07000180,1.133
2019,Q2,E07000181,1.1
2019,Q2,E07000192,2.0
2019,Q2,E07000193,1.667
2019,Q2,E07000194,1.667
2019,Q2,E07000195,2.0
2019,Q2,E07000196,1.633
2019,Q2,E07000197,1.5
2019,Q2,E07000198,1.367
2019,Q2,E07000199,2.433
2019,Q2,E07000200,1.6
2019,Q2,E07000202,3.067
2019,Q2,E07000203,1.333
2019,Q2,E07000207,0.833
2019,Q2,E07000208,0.967
2019,Q2,E07000209,0.833
2019,Q2,E07000210,0.767
2019,Q2,E07000211,1.033
2019,Q2,E07000212,0.867
2019,Q2,E07000213,1.133
2019,Q2,E07000214,0.733
2019,Q2,E07000215,1.167
2019,Q2,E07000216,0.733
2019,Q2,E07000217,0.867
2019,Q2,E07000218,1.733
2019,Q2,E07000219,3.033
2019,Q2,E07000220,2.133
2019,Q2,E07000221,1.233
2019,Q2,E07000222,1.233
2019,Q2,E07000223,1.9
2019,Q2,E07000224,1.9
2019,Q2,E07000225,1.533
2019,Q2,E07000226,2.0
2019,Q2,E07000227,1.1
2019,Q2,E07000228,0.9
2019,Q2,E07000229,2.067
2019,Q2,E07000234,1.767
2019,Q2,E07000235,1.7
2019,Q2,E07000236,2.867
2019,Q2,E07000237,2.3
2019,Q2,E07000238,1.433
2019,Q2,E07000239,2.2
2019,Q2,E07000240,1.367
2019,Q2,E07000241,1.8
2019,Q2,E07000242,1.033
2019,Q2,E07000243,2.1
2019,Q2,E07000244,2.4
2019,Q2,E07000245,1.633
2019,Q2,E08000001,3.9
2019,Q2,E08000002,3.167
2019,Q2,E08000003,4.167
2019,Q2,E08000004,4.467
2019,Q2,E08000005,4.233
2019,Q2,E08000006,3.6
2019,Q2,E08000007,2.3
2019,Q2,E08000008,3.767
2019,Q2,E08000009,2.333
2019,Q2,E08000010,3.7
2019,Q2,E08000011,4.533
2019,Q2,E08000012,4.233
2019,Q2,E08000013,3.833
2019,Q2,E08000014,3.733
2019,Q2,E08000015,3.667
2019,Q2,E08000016,3.567
2019,Q2,E08000017,3.633
2019,Q2,E08000018,3.367
2019,Q2,E08000019,2.633
2019,Q2,E08000021,4.5
2019,Q2,E08000022,3.733
2019,Q2,E08000023,6.133
2019,Q2,E08000024,4.9
2019,Q2,E08000025,6.067
2019,Q2,E08000026,2.9
2019,Q2,E08000027,4.033
2019,Q2,E08000028,3.933
2019,Q2,E08000029,2.7
2019,Q2,E08000030,3.967
2019,Q2,E08000031,5.567
2019,Q2,E08000032,4.167
2019,Q2,E08000033,3.633
2019,Q2,E08000034,3.5
2019,Q2,E08000035,2.8
2019,Q2,E08000036,2.533
2019,Q2,E08000037,4.467
2019,Q2,E09000001,1.0
2019,Q2,E09000002,3.5
2019,Q2,E09000003,2.067
2019,Q2,E09000004,1.733
2019,Q2,E09000005,2.5
2019,Q2,E09000006,1.733
2019,Q2,E09000007,2.3
2019,Q2,E09000008,3.933
2019,Q2,E09000009,2.867
2019,Q2,E09000010,3.133
2019,Q2,E09000011,2.6
2019,Q2,E09000012,3.367
2019,Q2,E09000013,3.233
2019,Q2,E09000014,3.0
2019,Q2,E09000015,1.633
2019,Q2,E09000016,2.233
2019,Q2,E09000017,1.867
2019,Q2,E09000018,3.1
2019,Q2,E09000019,3.1
2019,Q2,E09000020,2.067
2019,Q2,E09000021,1.7
2019,Q2,E09000022,3.233
2019,Q2,E09000023,3.367
2019,Q2,E09000024,2.3
2019,Q2,E09000025,2.7
2019,Q2,E09000026,2.0
2019,Q2,E09000027,1.6
2019,Q2,E09000028,3.633
2019,Q2,E09000029,2.367
2019,Q2,E09000030,3.233
2019,Q2,E09000031,2.833
2019,Q2,E09000032,1.733
2019,Q2,E09000033,2.267
2019,Q2,N09000001,1.967
2019,Q2,N09000002,2.0
2019,Q2,N09000003,2.833
2019,Q2,N09000004,3.0
2019,Q2,N09000005,4.7
2019,Q2,N09000006,2.3
2019,Q2,N09000007,1.433
2019,Q2,N09000008,2.333
2019,Q2,N09000009,1.7
2019,Q2,N09000010,2.2
2019,Q2,N09000011,2.2
2019,Q2,S12000005,4.167
2019,Q2,S12000006,3.033
2019,Q2,S12000008,4.933
2019,Q2,S12000010,2.633
2019,Q2,S12000011,1.533
2019,Q2,S12000013,2.067
2019,Q2,S12000014,3.233
2019,Q2,S12000017,2.5
2019,Q2,S12000018,4.9
2019,Q2,S12000019,2.433
2019,Q2,S12000020,2.567
2019,Q2,S12000021,5.567
2019,Q2,S12000023,1.367
2019,Q2,S12000026,2.533
2019,Q2,S12000027,1.433
2019,Q2,S12000028,3.967
2019,Q2,S12000029,3.467
2019,Q2,S12000030,2.533
2019,Q2,S12000033,2.3
2019,Q2,S12000034,1.633
2019,Q2,S12000035,2.6
2019,Q2,S12000036,1.667
2019,Q2,S12000038,3.233
2019,Q2,S12000039,4.4
2019,Q2,S12000040,2.8
2019,Q2,S12000041,3.133
2019,Q2,S12000042,4.7
2019,Q2,S12000045,1.9
2019,Q2,S12000047,3.833
2019,Q2,S12000048,1.9
2019,Q2,S12000049,4.033
2019,Q2,S12000050,3.833
2019,Q2,W06000001,2.767
2019,Q2,W06000002,2.033
2019,Q2,W06000003,3.167
2019,Q2,W06000004,3.267
2019,Q2,W06000005,2.633
2019,Q2,W06000006,3.0
2019,Q2,W06000008,1.533
2019,Q2,W06000009,2.733
2019,Q2,W06000010,2.333
2019,Q2,W06000011,3.5
2019,Q2,W06000012,3.5
2019,Q2,W06000013,2.733
2019,Q2,W06000014,2.133
2019,Q2,W06000015,3.033
2019,Q2,W06000016,2.8
2019,Q2,W06000018,3.167
2019,Q2,W06000019,3.8
2019,Q2,W06000020,3.6
2019,Q2,W06000021,1.6
2019,Q2,W06000022,3.8
2019,Q2,W06000023,1.533
2019,Q2,W06000024,3.7
2019,Q3,E06000001,6.1
2019,Q3,E06000002,5.733
2019,Q3,E06000003,4.167
2019,Q3,E06000004,4.067
2019,Q3,E06000005,4.467
2019,Q3,E06000006,4.067
2019,Q3,E06000007,2.4
2019,Q3,E06000008,4.533
2019,Q3,E06000009,5.767
2019,Q3,E06000010,4.9
2019,Q3,E06000011,2.0
2019,Q3,E06000012,4.367
2019,Q3,E06000013,3.233
2019,Q3,E06000014,1.3
2019,Q3,E06000015,3.133
2019,Q3,E06000016,2.9
2019,Q3,E06000017,1.1
2019,Q3,E06000018,4.1
2019,Q3,E06000019,1.7
2019,Q3,E06000020,2.7
2019,Q3,E06000021,4.033
2019,Q3,E06000022,1.833
2019,Q3,E06000023,2.467
2019,Q3,E06000024,2.0
2019,Q3,E06000025,1.3
2019,Q3,E06000026,3.133
2019,Q3,E06000027,2.9
2019,Q3,E06000030,2.3
2019,Q3,E06000031,3.033
2019,Q3,E06000032,2.7
2019,Q3,E06000033,3.533
2019,Q3,E06000034,2.9
2019,Q3,E06000035,3.0
2019,Q3,E06000036,1.367
2019,Q3,E06000037,1.333
2019,Q3,E06000038,2.367
2019,Q3,E06000039,2.367
2019,Q3,E06000040,1.2
2019,Q3,E06000041,0.933
2019,Q3,E06000042,2.0
2019,Q3,E06000043,2.567
2019,Q3,E06000044,2.6
2019,Q3,E06000045,3.033
2019,Q3,E06000046,2.533
2019,Q3,E06000047,3.9
2019,Q3,E06000049,1.8
2019,Q3,E06000050,2.3
2019,Q3,E06000051,1.9
2019,Q3,E06000052,2.2
2019,Q3,E06000053,0.7
2019,Q3,E06000054,1.567
2019,Q3,E06000055,3.1
2019,Q3,E06000056,1.3
2019,Q3,E06000057,3.2
2019,Q3,E06000058,2.367
2019,Q3,E06000059,1.6
2019,Q3,E06000060,1.367
2019,Q3,E06000061,2.4
2019,Q3,E06000062,2.067
2019,Q3,E06000063,2.633
2019,Q3,E06000064,1.6
2019,Q3,E06000065,1.6
2019,Q3,E06000066,2.2
2019,Q3,E07000008,1.167
2019,Q3,E07000009,1.1
2019,Q3,E07000010,2.267
2019,Q3,E07000011,1.267
2019,Q3,E07000012,0.9
2019,Q3,E07000032,2.1
2019,Q3,E07000033,2.3
2019,Q3,E07000034,3.1
2019,Q3,E07000035,1.167
2019,Q3,E07000036,2.933
2019,Q3,E07000037,1.9
2019,Q3,E07000038,1.967
2019,Q3,E07000039,1.5
2019,Q3,E07000040,1.3
2019,Q3,E07000041,1.5
2019,Q3,E07000042,1.533
2019,Q3,E07000043,1.7
2019,Q3,E07000044,1.2
2019,Q3,E07000045,1.5
2019,Q3,E07000046,2.0
2019,Q3,E07000047,1.333
2019,Q3,E07000061,3.367
2019,Q3,E07000062,4.533
2019,Q3,E07000063,1.967
2019,Q3,E07000064,2.533
2019,Q3,E07000065,1.267
2019,Q3,E07000066,2.9
2019,Q3,E07000067,1.9
2019,Q3,E07000068,1.533
2019,Q3,E07000069,1.7
2019,Q3,E07000070,1.6
2019,Q3,E07000071,1.9
2019,Q3,E07000072,1.633
2019,Q3,E07000073,3.2
2019,Q3,E07000074,1.4
2019,Q3,E07000075,1.433
2019,Q3,E07000076,3.9
2019,Q3,E07000077,1.0
2019,Q3,E07000078,1.8
2019,Q3,E07000079,1.233
2019,Q3,E07000080,2.133
2019,Q3,E07000081,2.633
2019,Q3,E07000082,1.333
2019,Q3,E07000083,1.6
2019,Q3,E07000084,1.567
2019,Q3,E07000085,0.967
2019,Q3,E07000086,1.367
2019,Q3,E07000087,1.0
2019,Q3,E07000088,2.0
2019,Q3,E07000089,0.6
2019,Q3,E07000090,2.267
2019,Q3,E07000091,1.333
2019,Q3,E07000092,1.367
2019,Q3,E07000093,1.233
2019,Q3,E07000094,1.067
2019,Q3,E07000095,2.2
2019,Q3,E07000096,1.5
2019,Q3,E07000098,1.867
2019,Q3,E07000099,1.6
2019,Q3,E07000102,1.6
2019,Q3,E07000103,2.3
2019,Q3,E07000105,2.5
2019,Q3,E07000106,2.3
2019,Q3,E07000107,1.9
2019,Q3,E07000108,3.6
2019,Q3,E07000109,3.233
2019,Q3,E07000110,1.833
2019,Q3,E07000111,1.233
2019,Q3,E07000112,3.433
2019,Q3,E07000113,3.233
2019,Q3,E07000114,5.267
2019,Q3,E07000115,1.367
2019,Q3,E07000116,1.333
2019,Q3,E07000117,4.8
2019,Q3,E07000118,2.067
2019,Q3,E07000119,2.033
2019,Q3,E07000120,4.2
2019,Q3,E07000121,3.067
2019,Q3,E07000122,3.0
2019,Q3,E07000123,3.367
2019,Q3,E07000124,1.133
2019,Q3,E07000125,3.133
2019,Q3,E07000126,1.9
2019,Q3,E07000127,2.367
2019,Q3,E07000128,2.333
2019,Q3,E07000129,1.267
2019,Q3,E07000130,1.567
2019,Q3,E07000131,1.1
2019,Q3,E07000132,2.067
2019,Q3,E07000133,1.933
2019,Q3,E07000134,1.567
2019,Q3,E07000135,1.433
2019,Q3,E07000136,2.5
2019,Q3,E07000137,3.0
2019,Q3,E07000138,3.4
2019,Q3,E07000139,1.5
2019,Q3,E07000140,1.933
2019,Q3,E07000141,2.267
2019,Q3,E07000142,2.967
2019,Q3,E07000143,1.667
2019,Q3,E07000144,1.2
2019,Q3,E07000145,4.5
2019,Q3,E07000146,1.867
2019,Q3,E07000147,1.467
2019,Q3,E07000148,2.867
2019,Q3,E07000149,1.4
2019,Q3,E07000170,2.833
2019,Q3,E07000171,2.6
2019,Q3,E07000172,2.1
2019,Q3,E07000173,2.233
2019,Q3,E07000174,2.833
2019,Q3,E07000175,2.1
2019,Q3,E07000176,1.233
2019,Q3,E07000177,1.2
2019,Q3,E07000178,1.7
2019,Q3,E07000179,1.067
2019,Q3,E07000180,1.167
2019,Q3,E07000181,1.133
2019,Q3,E07000192,2.2
2019,Q3,E07000193,1.867
2019,Q3,E07000194,1.767
2019,Q3,E07000195,2.2
2019,Q3,E07000196,1.8
2019,Q3,E07000197,1.633
2019,Q3,E07000198,1.467
2019,Q3,E07000199,2.6
2019,Q3,E07000200,1.7
2019,Q3,E07000202,3.267
2019,Q3,E07000203,1.4
2019,Q3,E07000207,0.933
2019,Q3,E07000208,0.967
2019,Q3,E07000209,0.9
2019,Q3,E07000210,0.9
2019,Q3,E07000211,1.133
2019,Q3,E07000212,0.933
2019,Q3,E07000213,1.333
2019,Q3,E07000214,0.8
2019,Q3,E07000215,1.267
2019,Q3,E07000216,0.8
2019,Q3,E07000217,1.0
2019,Q3,E07000218,1.833
2019,Q3,E07000219,3.133
2019,Q3,E07000220,2.2
2019,Q3,E07000221,1.3
2019,Q3,E07000222,1.367
2019,Q3,E07000223,2.0
2019,Q3,E07000224,1.967
2019,Q3,E07000225,1.633
2019,Q3,E07000226,2.167
2019,Q3,E07000227,1.133
2019,Q3,E07000228,0.9
2019,Q3,E07000229,2.167
2019,Q3,E07000234,1.867
2019,Q3,E07000235,1.767
2019,Q3,E07000236,2.8
2019,Q3,E07000237,2.4
2019,Q3,E07000238,1.5
2019,Q3,E07000239,2.5
2019,Q3,E07000240,1.467
2019,Q3,E07000241,1.833
2019,Q3,E07000242,1.1
2019,Q3,E07000243,2.233
2019,Q3,E07000244,2.4
2019,Q3,E07000245,1.7
2019,Q3,E08000001,4.167
2019,Q3,E08000002,3.333
2019,Q3,E08000003,4.333
2019,Q3,E08000004,4.667
2019,Q3,E08000005,4.333
2019,Q3,E08000006,3.767
2019,Q3,E08000007,2.467
2019,Q3,E08000008,3.867
2019,Q3,E08000009,2.4
2019,Q3,E08000010,3.7
2019,Q3,E08000011,4.467
2019,Q3,E08000012,4.467
2019,Q3,E08000013,3.7
2019,Q3,E08000014,3.667
2019,Q3,E08000015,3.667
2019,Q3,E08000016,3.4
2019,Q3,E08000017,3.567
2019,Q3,E08000018,3.4
2019,Q3,E08000019,2.8
2019,Q3,E08000021,4.4
2019,Q3,E08000022,3.6
2019,Q3,E08000023,5.967
2019,Q3,E08000024,4.967
2019,Q3,E08000025,6.3
2019,Q3,E08000026,3.167
2019,Q3,E08000027,4.167
2019,Q3,E08000028,4.4
2019,Q3,E08000029,2.667
2019,Q3,E08000030,4.4
2019,Q3,E08000031,5.833
2019,Q3,E08000032,4.433
2019,Q3,E08000033,3.667
2019,Q3,E08000034,3.5
2019,Q3,E08000035,3.033
2019,Q3,E08000036,2.767
2019,Q3,E08000037,4.467
2019,Q3,E09000001,1.067
2019,Q3,E09000002,3.633
2019,Q3,E09000003,2.233
2019,Q3,E09000004,1.933
2019,Q3,E09000005,2.8
2019,Q3,E09000006,1.833
2019,Q3,E09000007,2.5
2019,Q3,E09000008,4.067
2019,Q3,E09000009,3.0
2019,Q3,E09000010,3.233
2019,Q3,E09000011,2.9
2019,Q3,E09000012,3.567
2019,Q3,E09000013,3.3
2019,Q3,E09000014,3.2
2019,Q3,E09000015,1.767
2019,Q3,E09000016,2.3
2019,Q3,E09000017,2.0
2019,Q3,E09000018,3.133
2019,Q3,E09000019,3.267
2019,Q3,E09000020,2.167
2019,Q3,E09000021,1.733
2019,Q3,E09000022,3.4
2019,Q3,E09000023,3.6
2019,Q3,E09000024,2.3
2019,Q3,E09000025,2.833
2019,Q3,E09000026,2.167
2019,Q3,E09000027,1.633
2019,Q3,E09000028,3.7
2019,Q3,E09000029,2.4
2019,Q3,E09000030,3.4
2019,Q3,E09000031,2.933
2019,Q3,E09000032,1.867
2019,Q3,E09000033,2.4
2019,Q3,N09000001,2.0
2019,Q3,N09000002,2.067
2019,Q3,N09000003,2.8
2019,Q3,N09000004,2.9
2019,Q3,N09000005,4.7
2019,Q3,N09000006,2.433
2019,Q3,N09000007,1.5
2019,Q3,N09000008,2.467
2019,Q3,N09000009,1.733
2019,Q3,N09000010,2.3
2019,Q3,N09000011,2.2
2019,Q3,S12000005,4.2
2019,Q3,S12000006,3.133
2019,Q3,S12000008,5.0
2019,Q3,S12000010,2.567
2019,Q3,S12000011,1.733
2019,Q3,S12000013,2.167
2019,Q3,S12000014,3.2
2019,Q3,S12000017,2.367
2019,Q3,S12000018,4.733
2019,Q3,S12000019,2.367
2019,Q3,S12000020,2.533
2019,Q3,S12000021,5.6
2019,Q3,S12000023,1.267
2019,Q3,S12000026,2.567
2019,Q3,S12000027,1.5
2019,Q3,S12000028,3.967
2019,Q3,S12000029,3.4
2019,Q3,S12000030,2.5
2019,Q3,S12000033,2.467
2019,Q3,S12000034,1.7
2019,Q3,S12000035,2.667
2019,Q3,S12000036,1.8
2019,Q3,S12000038,3.367
2019,Q3,S12000039,4.767
2019,Q3,S12000040,2.867
2019,Q3,S12000041,3.2
2019,Q3,S12000042,4.867
2019,Q3,S12000045,1.9
2019,Q3,S12000047,3.8
2019,Q3,S12000048,1.967
2019,Q3,S12000049,4.4
2019,Q3,S12000050,3.833
2019,Q3,W06000001,2.833
2019,Q3,W06000002,2.167
2019,Q3,W06000003,3.133
2019,Q3,W06000004,3.333
2019,Q3,W06000005,2.767
2019,Q3,W06000006,3.1
2019,Q3,W06000008,1.667
2019,Q3,W06000009,2.733
2019,Q3,W06000010,2.6
2019,Q3,W06000011,3.567
2019,Q3,W06000012,3.467
2019,Q3,W06000013,2.8
2019,Q3,W06000014,2.4
2019,Q3,W06000015,3.2
2019,Q3,W06000016,3.067
2019,Q3,W06000018,3.3
2019,Q3,W06000019,3.933
2019,Q3,W06000020,3.567
2019,Q3,W06000021,1.7
2019,Q3,W06000022,3.933
2019,Q3,W06000023,1.6
2019,Q3,W06000024,3.8
2019,Q4,E06000001,5.833
2019,Q4,E06000002,5.8
2019,Q4,E06000003,4.367
2019,Q4,E06000004,4.133
2019,Q4,E06000005,4.567
2019,Q4,E06000006,3.933
2019,Q4,E06000007,2.433
2019,Q4,E06000008,4.6
2019,Q4,E06000009,6.233
2019,Q4,E06000010,5.1
2019,Q4,E06000011,2.167
2019,Q4,E06000012,4.2
2019,Q4,E06000013,3.3
2019,Q4,E06000014,1.3
2019,Q4,E06000015,3.2
2019,Q4,E06000016,3.0
2019,Q4,E06000017,1.133
2019,Q4,E06000018,4.3
2019,Q4,E06000019,1.833
2019,Q4,E06000020,2.867
2019,Q4,E06000021,4.133
2019,Q4,E06000022,1.833
2019,Q4,E06000023,2.5
2019,Q4,E06000024,2.1
2019,Q4,E06000025,1.367
2019,Q4,E06000026,3.167
2019,Q4,E06000027,3.0
2019,Q4,E06000030,2.233
2019,Q4,E06000031,3.133
2019,Q4,E06000032,2.9
2019,Q4,E06000033,3.633
2019,Q4,E06000034,2.9
2019,Q4,E06000035,3.1
2019,Q4,E06000036,1.433
2019,Q4,E06000037,1.4
2019,Q4,E06000038,2.4
2019,Q4,E06000039,2.533
2019,Q4,E06000040,1.3
2019,Q4,E06000041,1.0
2019,Q4,E06000042,2.2
2019,Q4,E06000043,2.767
2019,Q4,E06000044,2.9
2019,Q4,E06000045,3.1
2019,Q4,E06000046,2.8
2019,Q4,E06000047,4.0
2019,Q4,E06000049,1.867
2019,Q4,E06000050,2.4
2019,Q4,E06000051,2.0
2019,Q4,E06000052,2.3
2019,Q4,E06000053,0.833
2019,Q4,E06000054,1.6
2019,Q4,E06000055,3.067
2019,Q4,E06000056,1.4
2019,Q4,E06000057,3.4
2019,Q4,E06000058,2.367
2019,Q4,E06000059,1.667
2019,Q4,E06000060,1.467
2019,Q4,E06000061,2.4
2019,Q4,E06000062,2.033
2019,Q4,E06000063,2.633
2019,Q4,E06000064,1.7
2019,Q4,E06000065,1.633
2019,Q4,E06000066,2.233
2019,Q4,E07000008,1.233
2019,Q4,E07000009,1.233
2019,Q4,E07000010,2.5
2019,Q4,E07000011,1.4
2019,Q4,E07000012,0.967
2019,Q4,E07000032,2.233
2019,Q4,E07000033,2.367
2019,Q4,E07000034,3.133
2019,Q4,E07000035,1.3
2019,Q4,E07000036,2.9
2019,Q4,E07000037,1.933
2019,Q4,E07000038,2.0
2019,Q4,E07000039,1.6
2019,Q4,E07000040,1.4
2019,Q4,E07000041,1.6
2019,Q4,E07000042,1.5
2019,Q4,E07000043,1.833
2019,Q4,E07000044,1.333
2019,Q4,E07000045,1.667
2019,Q4,E07000046,2.167
2019,Q4,E07000047,1.467
2019,Q4,E07000061,3.5
2019,Q4,E07000062,4.667
2019,Q4,E07000063,2.233
2019,Q4,E07000064,2.7
2019,Q4,E07000065,1.4
2019,Q4,E07000066,2.867
2019,Q4,E07000067,2.033
2019,Q4,E07000068,1.533
2019,Q4,E07000069,1.8
2019,Q4,E07000070,1.7
2019,Q4,E07000071,2.033
2019,Q4,E07000072,1.7
2019,Q4,E07000073,3.267
2019,Q4,E07000074,1.567
2019,Q4,E07000075,1.567
2019,Q4,E07000076,4.1
2019,Q4,E07000077,1.133
2019,Q4,E07000078,1.9
2019,Q4,E07000079,1.333
2019,Q4,E07000080,2.133
2019,Q4,E07000081,2.667
2019,Q4,E07000082,1.467
2019,Q4,E07000083,1.633
2019,Q4,E07000084,1.567
2019,Q4,E07000085,1.1
2019,Q4,E07000086,1.4
2019,Q4,E07000087,1.1
2019,Q4,E07000088,2.267
2019,Q4,E07000089,0.767
2019,Q4,E07000090,2.4
2019,Q4,E07000091,1.433
2019,Q4,E07000092,1.5
2019,Q4,E07000093,1.3
2019,Q4,E07000094,1.167
2019,Q4,E07000095,2.267
2019,Q4,E07000096,1.667
2019,Q4,E07000098,1.9
2019,Q4,E07000099,1.6
2019,Q4,E07000102,1.6
2019,Q4,E07000103,2.3
2019,Q4,E07000105,2.6
2019,Q4,E07000106,2.3
2019,Q4,E07000107,2.033
2019,Q4,E07000108,3.633
2019,Q4,E07000109,3.3
2019,Q4,E07000110,1.967
2019,Q4,E07000111,1.3
2019,Q4,E07000112,3.6
2019,Q4,E07000113,3.4
2019,Q4,E07000114,5.3
2019,Q4,E07000115,1.5
2019,Q4,E07000116,1.5
2019,Q4,E07000117,4.833
2019,Q4,E07000118,2.2
2019,Q4,E07000119,2.233
2019,Q4,E07000120,4.267
2019,Q4,E07000121,3.167
2019,Q4,E07000122,3.3
2019,Q4,E07000123,3.467
2019,Q4,E07000124,1.2
2019,Q4,E07000125,3.233
2019,Q4,E07000126,1.9
2019,Q4,E07000127,2.367
2019,Q4,E07000128,2.633
2019,Q4,E07000129,1.3
2019,Q4,E07000130,1.567
2019,Q4,E07000131,1.167
2019,Q4,E07000132,2.033
2019,Q4,E07000133,1.833
2019,Q4,E07000134,1.6
2019,Q4,E07000135,1.5
2019,Q4,E07000136,2.633
2019,Q4,E07000137,3.533
2019,Q4,E07000138,3.333
2019,Q4,E07000139,1.633
2019,Q4,E07000140,2.133
2019,Q4,E07000141,2.4
2019,Q4,E07000142,3.0
2019,Q4,E07000143,1.833
2019,Q4,E07000144,1.333
2019,Q4,E07000145,4.767
2019,Q4,E07000146,2.1
2019,Q4,E07000147,1.7
2019,Q4,E07000148,3.067
2019,Q4,E07000149,1.467
2019,Q4,E07000170,2.933
2019,Q4,E07000171,2.633
2019,Q4,E07000172,2.2
2019,Q4,E07000173,2.4
2019,Q4,E07000174,3.0
2019,Q4,E07000175,2.167
2019,Q4,E07000176,1.367
2019,Q4,E07000177,1.3
2019,Q4,E07000178,1.733
2019,Q4,E07000179,1.1
2019,Q4,E07000180,1.2
2019,Q4,E07000181,1.233
2019,Q4,E07000192,2.333
2019,Q4,E07000193,2.0
2019,Q4,E07000194,1.9
2019,Q4,E07000195,2.333
2019,Q4,E07000196,1.867
2019,Q4,E07000197,1.8
2019,Q4,E07000198,1.533
2019,Q4,E07000199,2.733
2019,Q4,E07000200,1.8
2019,Q4,E07000202,3.4
2019,Q4,E07000203,1.467
2019,Q4,E07000207,1.067
2019,Q4,E07000208,1.1
2019,Q4,E07000209,1.0
2019,Q4,E07000210,1.0
2019,Q4,E07000211,1.2
2019,Q4,E07000212,1.167
2019,Q4,E07000213,1.467
2019,Q4,E07000214,0.9
2019,Q4,E07000215,1.4
2019,Q4,E07000216,0.9
2019,Q4,E07000217,1.1
2019,Q4,E07000218,2.0
2019,Q4,E07000219,3.267
2019,Q4,E07000220,2.2
2019,Q4,E07000221,1.3
2019,Q4,E07000222,1.567
2019,Q4,E07000223,2.1
2019,Q4,E07000224,2.133
2019,Q4,E07000225,1.767
2019,Q4,E07000226,2.367
2019,Q4,E07000227,1.3
2019,Q4,E07000228,1.0
2019,Q4,E07000229,2.3
2019,Q4,E07000234,1.933
2019,Q4,E07000235,1.9
2019,Q4,E07000236,2.733
2019,Q4,E07000237,2.467
2019,Q4,E07000238,1.6
2019,Q4,E07000239,2.6
2019,Q4,E07000240,1.5
2019,Q4,E07000241,1.933
2019,Q4,E07000242,1.2
2019,Q4,E07000243,2.267
2019,Q4,E07000244,2.567
2019,Q4,E07000245,1.733
2019,Q4,E08000001,4.3
2019,Q4,E08000002,3.4
2019,Q4,E08000003,4.333
2019,Q4,E08000004,4.667
2019,Q4,E08000005,4.267
2019,Q4,E08000006,3.8
2019,Q4,E08000007,2.7
2019,Q4,E08000008,3.833
2019,Q4,E08000009,2.4
2019,Q4,E08000010,3.667
2019,Q4,E08000011,4.433
2019,Q4,E08000012,4.6
2019,Q4,E08000013,3.767
2019,Q4,E08000014,3.7
2019,Q4,E08000015,3.567
2019,Q4,E08000016,3.267
2019,Q4,E08000017,3.6
2019,Q4,E08000018,3.467
2019,Q4,E08000019,2.967
2019,Q4,E08000021,4.4
2019,Q4,E08000022,3.6
2019,Q4,E08000023,6.033
2019,Q4,E08000024,4.967
2019,Q4,E08000025,6.467
2019,Q4,E08000026,3.267
2019,Q4,E08000027,4.233
2019,Q4,E08000028,4.667
2019,Q4,E08000029,2.8
2019,Q4,E08000030,4.6
2019,Q4,E08000031,5.9
2019,Q4,E08000032,4.667
2019,Q4,E08000033,3.633
2019,Q4,E08000034,3.6
2019,Q4,E08000035,3.167
2019,Q4,E08000036,2.867
2019,Q4,E08000037,4.467
2019,Q4,E09000001,1.133
2019,Q4,E09000002,3.767
2019,Q4,E09000003,2.4
2019,Q4,E09000004,2.067
2019,Q4,E09000005,2.967
2019,Q4,E09000006,2.0
2019,Q4,E09000007,2.6
2019,Q4,E09000008,4.1
2019,Q4,E09000009,3.1
2019,Q4,E09000010,3.367
2019,Q4,E09000011,3.067
2019,Q4,E09000012,3.767
2019,Q4,E09000013,3.333
2019,Q4,E09000014,3.367
2019,Q4,E09000015,1.9
2019,Q4,E09000016,2.433
2019,Q4,E09000017,2.133
2019,Q4,E09000018,3.2
2019,Q4,E09000019,3.3
2019,Q4,E09000020,2.2
2019,Q4,E09000021,1.867
2019,Q4,E09000022,3.467
2019,Q4,E09000023,3.7
2019,Q4,E09000024,2.4
2019,Q4,E09000025,3.067
2019,Q4,E09000026,2.367
2019,Q4,E09000027,1.667
2019,Q4,E09000028,3.667
2019,Q4,E09000029,2.367
2019,Q4,E09000030,3.467
2019,Q4,E09000031,3.067
2019,Q4,E09000032,2.0
2019,Q4,E09000033,2.433
2019,Q4,N09000001,2.033
2019,Q4,N09000002,1.967
2019,Q4,N09000003,2.833
2019,Q4,N09000004,3.067
2019,Q4,N09000005,4.6
2019,Q4,N09000006,2.3
2019,Q4,N09000007,1.5
2019,Q4,N09000008,2.967
2019,Q4,N09000009,1.733
2019,Q4,N09000010,2.3
2019,Q4,N09000011,2.267
2019,Q4,S12000005,4.0
2019,Q4,S12000006,3.167
2019,Q4,S12000008,4.833
2019,Q4,S12000010,2.567
2019,Q4,S12000011,1.7
2019,Q4,S12000013,2.367
2019,Q4,S12000014,3.167
2019,Q4,S12000017,2.367
2019,Q4,S12000018,4.433
2019,Q4,S12000019,2.367
2019,Q4,S12000020,2.467
2019,Q4,S12000021,5.4
2019,Q4,S12000023,1.367
2019,Q4,S12000026,2.567
2019,Q4,S12000027,1.733
2019,Q4,S12000028,4.0
2019,Q4,S12000029,3.3
2019,Q4,S12000030,2.5
2019,Q4,S12000033,2.6
2019,Q4,S12000034,1.733
2019,Q4,S12000035,2.567
2019,Q4,S12000036,1.933
2019,Q4,S12000038,3.267
2019,Q4,S12000039,4.867
2019,Q4,S12000040,2.867
2019,Q4,S12000041,2.967
2019,Q4,S12000042,4.6
2019,Q4,S12000045,1.867
2019,Q4,S12000047,3.7
2019,Q4,S12000048,2.0
2019,Q4,S12000049,4.467
2019,Q4,S12000050,3.667
2019,Q4,W06000001,3.1
2019,Q4,W06000002,2.433
2019,Q4,W06000003,3.3
2019,Q4,W06000004,3.467
2019,Q4,W06000005,2.733
2019,Q4,W06000006,3.167
2019,Q4,W06000008,1.867
2019,Q4,W06000009,2.9
2019,Q4,W06000010,2.767
2019,Q4,W06000011,3.5
2019,Q4,W06000012,3.467
2019,Q4,W06000013,2.9
2019,Q4,W06000014,2.633
2019,Q4,W06000015,3.367
2019,Q4,W06000016,3.167
2019,Q4,W06000018,3.3
2019,Q4,W06000019,4.067
2019,Q4,W06000020,3.567
2019,Q4,W06000021,1.8
2019,Q4,W06000022,3.9
2019,Q4,W06000023,1.767
2019,Q4,W06000024,4.067
2020,Q1,E06000001,6.133
2020,Q1,E06000002,6.1
2020,Q1,E06000003,4.7
2020,Q1,E06000004,4.367
2020,Q1,E06000005,4.7
2020,Q1,E06000006,4.0
2020,Q1,E06000007,2.433
2020,Q1,E06000008,4.667
2020,Q1,E06000009,6.867
2020,Q1,E06000010,5.6
2020,Q1,E06000011,2.3
2020,Q1,E06000012,4.467
2020,Q1,E06000013,3.433
2020,Q1,E06000014,1.367
2020,Q1,E06000015,3.4
2020,Q1,E06000016,3.167
2020,Q1,E06000017,1.267
2020,Q1,E06000018,4.533
2020,Q1,E06000019,1.933
2020,Q1,E06000020,2.933
2020,Q1,E06000021,4.4
2020,Q1,E06000022,1.733
2020,Q1,E06000023,2.533
2020,Q1,E06000024,2.067
2020,Q1,E06000025,1.367
2020,Q1,E06000026,3.367
2020,Q1,E06000027,3.3
2020,Q1,E06000030,2.267
2020,Q1,E06000031,3.367
2020,Q1,E06000032,3.067
2020,Q1,E06000033,3.8
2020,Q1,E06000034,3.067
2020,Q1,E06000035,3.267
2020,Q1,E06000036,1.5
2020,Q1,E06000037,1.467
2020,Q1,E06000038,2.467
2020,Q1,E06000039,2.667
2020,Q1,E06000040,1.333
2020,Q1,E06000041,1.033
2020,Q1,E06000042,2.4
2020,Q1,E06000043,2.933
2020,Q1,E06000044,3.167
2020,Q1,E06000045,3.233
2020,Q1,E06000046,3.233
2020,Q1,E06000047,4.067
2020,Q1,E06000049,1.967
2020,Q1,E06000050,2.4
2020,Q1,E06000051,2.033
2020,Q1,E06000052,2.633
2020,Q1,E06000053,0.867
2020,Q1,E06000054,1.667
2020,Q1,E06000055,3.067
2020,Q1,E06000056,1.467
2020,Q1,E06000057,3.567
2020,Q1,E06000058,2.567
2020,Q1,E06000059,1.8
2020,Q1,E06000060,1.567
2020,Q1,E06000061,2.5
2020,Q1,E06000062,2.167
2020,Q1,E06000063,2.767
2020,Q1,E06000064,1.8
2020,Q1,E06000065,1.733
2020,Q1,E06000066,2.233
2020,Q1,E07000008,1.3
2020,Q1,E07000009,1.367
2020,Q1,E07000010,2.767
2020,Q1,E07000011,1.467
2020,Q1,E07000012,1.067
2020,Q1,E07000032,2.4
2020,Q1,E07000033,2.533
2020,Q1,E07000034,3.2
2020,Q1,E07000035,1.3
2020,Q1,E07000036,2.967
2020,Q1,E07000037,2.1
2020,Q1,E07000038,2.1
2020,Q1,E07000039,1.7
2020,Q1,E07000040,1.567
2020,Q1,E07000041,1.7
2020,Q1,E07000042,1.667
2020,Q1,E07000043,2.133
2020,Q1,E07000044,1.467
2020,Q1,E07000045,1.8
2020,Q1,E07000046,2.367
2020,Q1,E07000047,1.5
2020,Q1,E07000061,3.7
2020,Q1,E07000062,4.933
2020,Q1,E07000063,2.4
2020,Q1,E07000064,2.8
2020,Q1,E07000065,1.467
2020,Q1,E07000066,3.0
2020,Q1,E07000067,2.133
2020,Q1,E07000068,1.667
2020,Q1,E07000069,1.9
2020,Q1,E07000070,1.8
2020,Q1,E07000071,2.167
2020,Q1,E07000072,1.767
2020,Q1,E07000073,3.4
2020,Q1,E07000074,1.733
2020,Q1,E07000075,1.667
2020,Q1,E07000076,4.5
2020,Q1,E07000077,1.167
2020,Q1,E07000078,2.167
2020,Q1,E07000079,1.4
2020,Q1,E07000080,2.233
2020,Q1,E07000081,2.767
2020,Q1,E07000082,1.5
2020,Q1,E07000083,1.767
2020,Q1,E07000084,1.633
2020,Q1,E07000085,1.167
2020,Q1,E07000086,1.467
2020,Q1,E07000087,1.2
2020,Q1,E07000088,2.4
2020,Q1,E07000089,0.867
2020,Q1,E07000090,2.633
2020,Q1,E07000091,1.533
2020,Q1,E07000092,1.567
2020,Q1,E07000093,1.3
2020,Q1,E07000094,1.267
2020,Q1,E07000095,2.267
2020,Q1,E07000096,1.8
2020,Q1,E07000098,1.933
2020,Q1,E07000099,1.667
2020,Q1,E07000102,1.633
2020,Q1,E07000103,2.4
2020,Q1,E07000105,2.7
2020,Q1,E07000106,2.433
2020,Q1,E07000107,2.167
2020,Q1,E07000108,3.7
2020,Q1,E07000109,3.467
2020,Q1,E07000110,2.067
2020,Q1,E07000111,1.367
2020,Q1,E07000112,3.833
2020,Q1,E07000113,3.533
2020,Q1,E07000114,5.633
2020,Q1,E07000115,1.567
2020,Q1,E07000116,1.6
2020,Q1,E07000117,4.933
2020,Q1,E07000118,2.267
2020,Q1,E07000119,2.3
2020,Q1,E07000120,4.333
2020,Q1,E07000121,3.2
2020,Q1,E07000122,3.567
2020,Q1,E07000123,3.6
2020,Q1,E07000124,1.2
2020,Q1,E07000125,3.333
2020,Q1,E07000126,1.967
2020,Q1,E07000127,2.433
2020,Q1,E07000128,2.8
2020,Q1,E07000129,1.367
2020,Q1,E07000130,1.6
2020,Q1,E07000131,1.2
2020,Q1,E07000132,2.067
2020,Q1,E07000133,1.967
2020,Q1,E07000134,1.6
2020,Q1,E07000135,1.533
2020,Q1,E07000136,2.833
2020,Q1,E07000137,4.233
2020,Q1,E07000138,3.567
2020,Q1,E07000139,1.7
2020,Q1,E07000140,2.267
2020,Q1,E07000141,2.467
2020,Q1,E07000142,3.1
2020,Q1,E07000143,1.967
2020,Q1,E07000144,1.433
2020,Q1,E07000145,5.3
2020,Q1,E07000146,2.3
2020,Q1,E07000147,2.0
2020,Q1,E07000148,3.267
2020,Q1,E07000149,1.6
2020,Q1,E07000170,3.3
2020,Q1,E07000171,2.767
2020,Q1,E07000172,2.267
2020,Q1,E07000173,2.567
2020,Q1,E07000174,3.333
2020,Q1,E07000175,2.367
2020,Q1,E07000176,1.4
2020,Q1,E07000177,1.367
2020,Q1,E07000178,1.8
2020,Q1,E07000179,1.2
2020,Q1,E07000180,1.267
2020,Q1,E07000181,1.367
2020,Q1,E07000192,2.6
2020,Q1,E07000193,2.167
2020,Q1,E07000194,2.067
2020,Q1,E07000195,2.5
2020,Q1,E07000196,1.967
2020,Q1,E07000197,1.967
2020,Q1,E07000198,1.6
2020,Q1,E07000199,3.0
2020,Q1,E07000200,1.867
2020,Q1,E07000202,3.667
2020,Q1,E07000203,1.567
2020,Q1,E07000207,1.133
2020,Q1,E07000208,1.133
2020,Q1,E07000209,1.067
2020,Q1,E07000210,1.067
2020,Q1,E07000211,1.267
2020,Q1,E07000212,1.3
2020,Q1,E07000213,1.567
2020,Q1,E07000214,1.033
2020,Q1,E07000215,1.467
2020,Q1,E07000216,0.933
2020,Q1,E07000217,1.2
2020,Q1,E07000218,2.033
2020,Q1,E07000219,3.3
2020,Q1,E07000220,2.167
2020,Q1,E07000221,1.367
2020,Q1,E07000222,1.633
2020,Q1,E07000223,2.267
2020,Q1,E07000224,2.267
2020,Q1,E07000225,1.867
2020,Q1,E07000226,2.5
2020,Q1,E07000227,1.3
2020,Q1,E07000228,1.067
2020,Q1,E07000229,2.467
2020,Q1,E07000234,1.967
2020,Q1,E07000235,2.0
2020,Q1,E07000236,2.867
2020,Q1,E07000237,2.567
2020,Q1,E07000238,1.7
2020,Q1,E07000239,2.667
2020,Q1,E07000240,1.567
2020,Q1,E07000241,1.967
2020,Q1,E07000242,1.2
2020,Q1,E07000243,2.467
2020,Q1,E07000244,2.733
2020,Q1,E07000245,1.867
2020,Q1,E08000001,4.567
2020,Q1,E08000002,3.533
2020,Q1,E08000003,4.533
2020,Q1,E08000004,4.767
2020,Q1,E08000005,4.5
2020,Q1,E08000006,3.967
2020,Q1,E08000007,2.867
2020,Q1,E08000008,4.0
2020,Q1,E08000009,2.433
2020,Q1,E08000010,3.8
2020,Q1,E08000011,4.5
2020,Q1,E08000012,4.833
2020,Q1,E08000013,3.733
2020,Q1,E08000014,3.7
2020,Q1,E08000015,3.633
2020,Q1,E08000016,3.367
2020,Q1,E08000017,3.833
2020,Q1,E08000018,3.633
2020,Q1,E08000019,3.2
2020,Q1,E08000021,4.567
2020,Q1,E08000022,3.7
2020,Q1,E08000023,6.3
2020,Q1,E08000024,5.133
2020,Q1,E08000025,6.6
2020,Q1,E08000026,3.4
2020,Q1,E08000027,4.3
2020,Q1,E08000028,4.8
2020,Q1,E08000029,2.8
2020,Q1,E08000030,4.8
2020,Q1,E08000031,6.1
2020,Q1,E08000032,4.933
2020,Q1,E08000033,3.7
2020,Q1,E08000034,3.767
2020,Q1,E08000035,3.3
2020,Q1,E08000036,3.067
2020,Q1,E08000037,4.7
2020,Q1,E09000001,1.3
2020,Q1,E09000002,4.0
2020,Q1,E09000003,2.533
2020,Q1,E09000004,2.167
2020,Q1,E09000005,3.2
2020,Q1,E09000006,2.033
2020,Q1,E09000007,2.7
2020,Q1,E09000008,4.167
2020,Q1,E09000009,3.2
2020,Q1,E09000010,3.5
2020,Q1,E09000011,3.167
2020,Q1,E09000012,3.967
2020,Q1,E09000013,3.367
2020,Q1,E09000014,3.6
2020,Q1,E09000015,1.967
2020,Q1,E09000016,2.533
2020,Q1,E09000017,2.3
2020,Q1,E09000018,3.333
2020,Q1,E09000019,3.467
2020,Q1,E09000020,2.267
2020,Q1,E09000021,1.967
2020,Q1,E09000022,3.567
2020,Q1,E09000023,3.8
2020,Q1,E09000024,2.467
2020,Q1,E09000025,3.2
2020,Q1,E09000026,2.5
2020,Q1,E09000027,1.667
2020,Q1,E09000028,3.667
2020,Q1,E09000029,2.367
2020,Q1,E09000030,3.567
2020,Q1,E09000031,3.233
2020,Q1,E09000032,2.067
2020,Q1,E09000033,2.467
2020,Q1,N09000001,2.033
2020,Q1,N09000002,1.9
2020,Q1,N09000003,3.167
2020,Q1,N09000004,2.967
2020,Q1,N09000005,4.367
2020,Q1,N09000006,2.133
2020,Q1,N09000007,1.5
2020,Q1,N09000008,2.733
2020,Q1,N09000009,1.7
2020,Q1,N09000010,2.2
2020,Q1,N09000011,2.3
2020,Q1,S12000005,4.233
2020,Q1,S12000006,3.4
2020,Q1,S12000008,4.9
2020,Q1,S12000010,2.6
2020,Q1,S12000011,1.7
2020,Q1,S12000013,3.0
2020,Q1,S12000014,3.267
2020,Q1,S12000017,2.6
2020,Q1,S12000018,4.533
2020,Q1,S12000019,2.467
2020,Q1,S12000020,2.667
2020,Q1,S12000021,5.567
2020,Q1,S12000023,1.467
2020,Q1,S12000026,2.733
2020,Q1,S12000027,1.833
2020,Q1,S12000028,4.233
2020,Q1,S12000029,3.4
2020,Q1,S12000030,2.567
2020,Q1,S12000033,2.733
2020,Q1,S12000034,1.833
2020,Q1,S12000035,2.9
2020,Q1,S12000036,2.033
2020,Q1,S12000038,3.4
2020,Q1,S12000039,5.1
2020,Q1,S12000040,2.933
2020,Q1,S12000041,3.0
2020,Q1,S12000042,4.533
2020,Q1,S12000045,1.9
2020,Q1,S12000047,3.767
2020,Q1,S12000048,2.067
2020,Q1,S12000049,4.667
2020,Q1,S12000050,3.667
2020,Q1,W06000001,3.333
2020,Q1,W06000002,2.767
2020,Q1,W06000003,3.567
2020,Q1,W06000004,3.633
2020,Q1,W06000005,2.767
2020,Q1,W06000006,3.167
2020,Q1,W06000008,1.933
2020,Q1,W06000009,3.167
2020,Q1,W06000010,2.8
2020,Q1,W06000011,3.567
2020,Q1,W06000012,3.433
2020,Q1,W06000013,2.967
2020,Q1,W06000014,2.667
2020,Q1,W06000015,3.367
2020,Q1,W06000016,3.267
2020,Q1,W06000018,3.3
2020,Q1,W06000019,4.133
2020,Q1,W06000020,3.567
2020,Q1,W06000021,1.8
2020,Q1,W06000022,3.9
2020,Q1,W06000023,1.867
2020,Q1,W06000024,4.0
2020,Q2,E06000001,9.167
2020,Q2,E06000002,9.7
2020,Q2,E06000003,7.367
2020,Q2,E06000004,6.933
2020,Q2,E06000005,7.267
2020,Q2,E06000006,7.2
2020,Q2,E06000007,4.967
2020,Q2,E06000008,7.567
2020,Q2,E06000009,11.5
2020,Q2,E06000010,9.033
2020,Q2,E06000011,4.567
2020,Q2,E06000012,7.333
2020,Q2,E06000013,6.1
2020,Q2,E06000014,3.567
2020,Q2,E06000015,6.433
2020,Q2,E06000016,6.167
2020,Q2,E06000017,3.067
2020,Q2,E06000018,7.4
2020,Q2,E06000019,4.233
2020,Q2,E06000020,5.867
2020,Q2,E06000021,7.467
2020,Q2,E06000022,3.767
2020,Q2,E06000023,5.6
2020,Q2,E06000024,4.533
2020,Q2,E06000025,3.533
2020,Q2,E06000026,6.033
2020,Q2,E06000027,7.367
2020,Q2,E06000030,5.1
2020,Q2,E06000031,6.4
2020,Q2,E06000032,6.667
2020,Q2,E06000033,7.233
2020,Q2,E06000034,6.267
2020,Q2,E06000035,6.267
2020,Q2,E06000036,3.933
2020,Q2,E06000037,3.533
2020,Q2,E06000038,5.033
2020,Q2,E06000039,6.3
2020,Q2,E06000040,3.6
2020,Q2,E06000041,2.8
2020,Q2,E06000042,5.033
2020,Q2,E06000043,6.333
2020,Q2,E06000044,6.7
2020,Q2,E06000045,6.467
2020,Q2,E06000046,6.567
2020,Q2,E06000047,6.533
2020,Q2,E06000049,4.267
2020,Q2,E06000050,5.033
2020,Q2,E06000051,4.4
2020,Q2,E06000052,6.1
2020,Q2,E06000053,7.133
2020,Q2,E06000054,3.8
2020,Q2,E06000055,5.833
2020,Q2,E06000056,3.933
2020,Q2,E06000057,6.067
2020,Q2,E06000058,5.767
2020,Q2,E06000059,4.267
2020,Q2,E06000060,3.867
2020,Q2,E06000061,5.467
2020,Q2,E06000062,4.8
2020,Q2,E06000063,4.933
2020,Q2,E06000064,4.2
2020,Q2,E06000065,4.167
2020,Q2,E06000066,4.633
2020,Q2,E07000008,2.8
2020,Q2,E07000009,3.167
2020,Q2,E07000010,5.4
2020,Q2,E07000011,3.667
2020,Q2,E07000012,2.833
2020,Q2,E07000032,4.7
2020,Q2,E07000033,5.033
2020,Q2,E07000034,5.667
2020,Q2,E07000035,3.433
2020,Q2,E07000036,5.6
2020,Q2,E07000037,4.633
2020,Q2,E07000038,4.333
2020,Q2,E07000039,3.9
2020,Q2,E07000040,4.233
2020,Q2,E07000041,4.1
2020,Q2,E07000042,4.1
2020,Q2,E07000043,5.567
2020,Q2,E07000044,4.633
2020,Q2,E07000045,5.0
2020,Q2,E07000046,5.567
2020,Q2,E07000047,3.967
2020,Q2,E07000061,7.3
2020,Q2,E07000062,8.567
2020,Q2,E07000063,5.467
2020,Q2,E07000064,5.867
2020,Q2,E07000065,4.167
2020,Q2,E07000066,6.367
2020,Q2,E07000067,4.867
2020,Q2,E07000068,4.467
2020,Q2,E07000069,5.5
2020,Q2,E07000070,4.2
2020,Q2,E07000071,4.8
2020,Q2,E07000072,4.933
2020,Q2,E07000073,7.133
2020,Q2,E07000074,4.433
2020,Q2,E07000075,4.4
2020,Q2,E07000076,8.0
2020,Q2,E07000077,3.433
2020,Q2,E07000078,4.433
2020,Q2,E07000079,3.767
2020,Q2,E07000080,4.6
2020,Q2,E07000081,5.3
2020,Q2,E07000082,3.6
2020,Q2,E07000083,4.0
2020,Q2,E07000084,3.6
2020,Q2,E07000085,3.567
2020,Q2,E07000086,3.7
2020,Q2,E07000087,3.433
2020,Q2,E07000088,5.367
2020,Q2,E07000089,2.7
2020,Q2,E07000090,6.1
2020,Q2,E07000091,4.0
2020,Q2,E07000092,3.9
2020,Q2,E07000093,3.267
2020,Q2,E07000094,3.3
2020,Q2,E07000095,5.567
2020,Q2,E07000096,4.567
2020,Q2,E07000098,4.867
2020,Q2,E07000099,4.133
2020,Q2,E07000102,4.033
2020,Q2,E07000103,5.367
2020,Q2,E07000105,5.667
2020,Q2,E07000106,5.2
2020,Q2,E07000107,5.033
2020,Q2,E07000108,6.767
2020,Q2,E07000109,6.767
2020,Q2,E07000110,4.8
2020,Q2,E07000111,3.8
2020,Q2,E07000112,7.233
2020,Q2,E07000113,6.5
2020,Q2,E07000114,10.0
2020,Q2,E07000115,3.9
2020,Q2,E07000116,4.1
2020,Q2,E07000117,7.833
2020,Q2,E07000118,4.633
2020,Q2,E07000119,5.5
2020,Q2,E07000120,7.633
2020,Q2,E07000121,5.567
2020,Q2,E07000122,6.467
2020,Q2,E07000123,6.267
2020,Q2,E07000124,3.267
2020,Q2,E07000125,6.533
2020,Q2,E07000126,4.333
2020,Q2,E07000127,4.933
2020,Q2,E07000128,5.833
2020,Q2,E07000129,3.9
2020,Q2,E07000130,3.8
2020,Q2,E07000131,3.3
2020,Q2,E07000132,4.333
2020,Q2,E07000133,4.133
2020,Q2,E07000134,3.967
2020,Q2,E07000135,4.133
2020,Q2,E07000136,5.533
2020,Q2,E07000137,6.933
2020,Q2,E07000138,5.933
2020,Q2,E07000139,3.867
2020,Q2,E07000140,4.8
2020,Q2,E07000141,4.967
2020,Q2,E07000142,5.233
2020,Q2,E07000143,4.267
2020,Q2,E07000144,3.6
2020,Q2,E07000145,8.133
2020,Q2,E07000146,4.767
2020,Q2,E07000147,4.767
2020,Q2,E07000148,5.933
2020,Q2,E07000149,3.667
2020,Q2,E07000170,6.167
2020,Q2,E07000171,5.2
2020,Q2,E07000172,4.567
2020,Q2,E07000173,4.933
2020,Q2,E07000174,6.3
2020,Q2,E07000175,4.7
2020,Q2,E07000176,3.167
2020,Q2,E07000177,3.5
2020,Q2,E07000178,3.533
2020,Q2,E07000179,3.167
2020,Q2,E07000180,3.067
2020,Q2,E07000181,3.467
2020,Q2,E07000192,5.633
2020,Q2,E07000193,4.567
2020,Q2,E07000194,4.433
2020,Q2,E07000195,4.833
2020,Q2,E07000196,4.367
2020,Q2,E07000197,4.067
2020,Q2,E07000198,3.633
2020,Q2,E07000199,5.633
2020,Q2,E07000200,4.5
2020,Q2,E07000202,6.4
2020,Q2,E07000203,3.533
2020,Q2,E07000207,3.133
2020,Q2,E07000208,3.3
2020,Q2,E07000209,2.9
2020,Q2,E07000210,3.133
2020,Q2,E07000211,3.567
2020,Q2,E07000212,3.6
2020,Q2,E07000213,4.333
2020,Q2,E07000214,3.267
2020,Q2,E07000215,3.8
2020,Q2,E07000216,2.9
2020,Q2,E07000217,3.433
2020,Q2,E07000218,5.067
2020,Q2,E07000219,6.133
2020,Q2,E07000220,4.333
2020,Q2,E07000221,3.6
2020,Q2,E07000222,3.567
2020,Q2,E07000223,5.5
2020,Q2,E07000224,5.333
2020,Q2,E07000225,4.533
2020,Q2,E07000226,5.9
2020,Q2,E07000227,3.467
2020,Q2,E07000228,3.267
2020,Q2,E07000229,5.333
2020,Q2,E07000234,4.367
2020,Q2,E07000235,4.567
2020,Q2,E07000236,5.733
2020,Q2,E07000237,5.267
2020,Q2,E07000238,4.367
2020,Q2,E07000239,5.8
2020,Q2,E07000240,3.6
2020,Q2,E07000241,4.233
2020,Q2,E07000242,3.633
2020,Q2,E07000243,5.467
2020,Q2,E07000244,4.967
2020,Q2,E07000245,3.967
2020,Q2,E08000001,7.833
2020,Q2,E08000002,6.733
2020,Q2,E08000003,8.433
2020,Q2,E08000004,8.7
2020,Q2,E08000005,8.3
2020,Q2,E08000006,7.467
2020,Q2,E08000007,5.6
2020,Q2,E08000008,7.4
2020,Q2,E08000009,5.0
2020,Q2,E08000010,6.8
2020,Q2,E08000011,8.233
2020,Q2,E08000012,8.6
2020,Q2,E08000013,6.833
2020,Q2,E08000014,6.833
2020,Q2,E08000015,6.567
2020,Q2,E08000016,6.433
2020,Q2,E08000017,7.2
2020,Q2,E08000018,6.867
2020,Q2,E08000019,6.0
2020,Q2,E08000021,7.333
2020,Q2,E08000022,6.267
2020,Q2,E08000023,9.467
2020,Q2,E08000024,8.233
2020,Q2,E08000025,9.967
2020,Q2,E08000026,6.433
2020,Q2,E08000027,7.1
2020,Q2,E08000028,8.067
2020,Q2,E08000029,5.267
2020,Q2,E08000030,8.1
2020,Q2,E08000031,9.8
2020,Q2,E08000032,8.333
2020,Q2,E08000033,6.567
2020,Q2,E08000034,6.5
2020,Q2,E08000035,6.267
2020,Q2,E08000036,5.767
2020,Q2,E08000037,7.633
2020,Q2,E09000001,3.167
2020,Q2,E09000002,8.2
2020,Q2,E09000003,5.967
2020,Q2,E09000004,5.167
2020,Q2,E09000005,7.5
2020,Q2,E09000006,4.733
2020,Q2,E09000007,5.933
2020,Q2,E09000008,7.8
2020,Q2,E09000009,6.933
2020,Q2,E09000010,7.667
2020,Q2,E09000011,6.8
2020,Q2,E09000012,8.167
2020,Q2,E09000013,6.467
2020,Q2,E09000014,8.6
2020,Q2,E09000015,5.267
2020,Q2,E09000016,5.867
2020,Q2,E09000017,5.667
2020,Q2,E09000018,6.833
2020,Q2,E09000019,6.767
2020,Q2,E09000020,4.9
2020,Q2,E09000021,4.467
2020,Q2,E09000022,7.167
2020,Q2,E09000023,7.8
2020,Q2,E09000024,5.767
2020,Q2,E09000025,7.933
2020,Q2,E09000026,6.6
2020,Q2,E09000027,3.933
2020,Q2,E09000028,7.3
2020,Q2,E09000029,4.933
2020,Q2,E09000030,7.567
2020,Q2,E09000031,8.0
2020,Q2,E09000032,4.7
2020,Q2,E09000033,5.333
2020,Q2,N09000001,4.233
2020,Q2,N09000002,4.333
2020,Q2,N09000003,6.367
2020,Q2,N09000004,5.633
2020,Q2,N09000005,7.133
2020,Q2,N09000006,4.233
2020,Q2,N09000007,3.533
2020,Q2,N09000008,4.667
2020,Q2,N09000009,4.133
2020,Q2,N09000010,5.467
2020,Q2,N09000011,4.7
2020,Q2,S12000005,6.567
2020,Q2,S12000006,5.933
2020,Q2,S12000008,7.767
2020,Q2,S12000010,5.167
2020,Q2,S12000011,3.8
2020,Q2,S12000013,5.5
2020,Q2,S12000014,5.9
2020,Q2,S12000017,5.567
2020,Q2,S12000018,6.3
2020,Q2,S12000019,5.067
2020,Q2,S12000020,4.867
2020,Q2,S12000021,8.5
2020,Q2,S12000023,3.0
2020,Q2,S12000026,5.233
2020,Q2,S12000027,3.4
2020,Q2,S12000028,6.933
2020,Q2,S12000029,6.167
2020,Q2,S12000030,5.1
2020,Q2,S12000033,5.0
2020,Q2,S12000034,3.567
2020,Q2,S12000035,6.0
2020,Q2,S12000036,4.633
2020,Q2,S12000038,6.167
2020,Q2,S12000039,8.3
2020,Q2,S12000040,5.433
2020,Q2,S12000041,5.267
2020,Q2,S12000042,7.033
2020,Q2,S12000045,4.067
2020,Q2,S12000047,6.367
2020,Q2,S12000048,4.567
2020,Q2,S12000049,8.033
2020,Q2,S12000050,6.6
2020,Q2,W06000001,6.367
2020,Q2,W06000002,5.767
2020,Q2,W06000003,6.933
2020,Q2,W06000004,6.567
2020,Q2,W06000005,5.3
2020,Q2,W06000006,5.833
2020,Q2,W06000008,4.367
2020,Q2,W06000009,6.2
2020,Q2,W06000010,5.333
2020,Q2,W06000011,5.933
2020,Q2,W06000012,5.967
2020,Q2,W06000013,5.6
2020,Q2,W06000014,5.3
2020,Q2,W06000015,6.167
2020,Q2,W06000016,6.433
2020,Q2,W06000018,6.133
2020,Q2,W06000019,7.233
2020,Q2,W06000020,6.367
2020,Q2,W06000021,4.133
2020,Q2,W06000022,6.867
2020,Q2,W06000023,4.433
2020,Q2,W06000024,7.133
2020,Q3,E06000001,9.3
2020,Q3,E06000002,10.2
2020,Q3,E06000003,7.5
2020,Q3,E06000004,7.167
2020,Q3,E06000005,7.033
2020,Q3,E06000006,7.267
2020,Q3,E06000007,5.167
2020,Q3,E06000008,7.833
2020,Q3,E06000009,11.633
2020,Q3,E06000010,9.333
2020,Q3,E06000011,4.6
2020,Q3,E06000012,7.5
2020,Q3,E06000013,6.133
2020,Q3,E06000014,3.733
2020,Q3,E06000015,7.2
2020,Q3,E06000016,7.0
2020,Q3,E06000017,3.433
2020,Q3,E06000018,8.0
2020,Q3,E06000019,4.567
2020,Q3,E06000020,6.2
2020,Q3,E06000021,7.967
2020,Q3,E06000022,4.267
2020,Q3,E06000023,6.233
2020,Q3,E06000024,4.733
2020,Q3,E06000025,3.9
2020,Q3,E06000026,6.333
2020,Q3,E06000027,7.433
2020,Q3,E06000030,5.533
2020,Q3,E06000031,7.1
2020,Q3,E06000032,7.867
2020,Q3,E06000033,7.933
2020,Q3,E06000034,6.967
2020,Q3,E06000035,6.8
2020,Q3,E06000036,4.433
2020,Q3,E06000037,3.967
2020,Q3,E06000038,5.767
2020,Q3,E06000039,7.533
2020,Q3,E06000040,4.4
2020,Q3,E06000041,3.333
2020,Q3,E06000042,5.933
2020,Q3,E06000043,7.133
2020,Q3,E06000044,7.167
2020,Q3,E06000045,6.933
2020,Q3,E06000046,6.567
2020,Q3,E06000047,6.667
2020,Q3,E06000049,4.567
2020,Q3,E06000050,5.167
2020,Q3,E06000051,4.733
2020,Q3,E06000052,5.967
2020,Q3,E06000053,4.9
2020,Q3,E06000054,4.067
2020,Q3,E06000055,6.333
2020,Q3,E06000056,4.333
2020,Q3,E06000057,6.067
2020,Q3,E06000058,6.233
2020,Q3,E06000059,4.5
2020,Q3,E06000060,4.567
2020,Q3,E06000061,5.6
2020,Q3,E06000062,5.433
2020,Q3,E06000063,5.0
2020,Q3,E06000064,4.133
2020,Q3,E06000065,4.233
2020,Q3,E06000066,5.0
2020,Q3,E07000008,3.433
2020,Q3,E07000009,3.667
2020,Q3,E07000010,5.9
2020,Q3,E07000011,4.2
2020,Q3,E07000012,3.333
2020,Q3,E07000032,4.867
2020,Q3,E07000033,5.2
2020,Q3,E07000034,5.867
2020,Q3,E07000035,3.567
2020,Q3,E07000036,5.733
2020,Q3,E07000037,4.833
2020,Q3,E07000038,4.467
2020,Q3,E07000039,4.233
2020,Q3,E07000040,4.3
2020,Q3,E07000041,4.333
2020,Q3,E07000042,4.2
2020,Q3,E07000043,5.6
2020,Q3,E07000044,4.8
2020,Q3,E07000045,4.933
2020,Q3,E07000046,5.467
2020,Q3,E07000047,4.2
2020,Q3,E07000061,7.633
2020,Q3,E07000062,9.033
2020,Q3,E07000063,5.867
2020,Q3,E07000064,6.1
2020,Q3,E07000065,4.467
2020,Q3,E07000066,6.933
2020,Q3,E07000067,5.267
2020,Q3,E07000068,5.067
2020,Q3,E07000069,5.8
2020,Q3,E07000070,4.8
2020,Q3,E07000071,5.233
2020,Q3,E07000072,5.8
2020,Q3,E07000073,7.5
2020,Q3,E07000074,5.0
2020,Q3,E07000075,4.733
2020,Q3,E07000076,8.1
2020,Q3,E07000077,4.0
2020,Q3,E07000078,5.1
2020,Q3,E07000079,4.133
2020,Q3,E07000080,4.9
2020,Q3,E07000081,5.9
2020,Q3,E07000082,4.133
2020,Q3,E07000083,4.2
2020,Q3,E07000084,4.067
2020,Q3,E07000085,3.867
2020,Q3,E07000086,3.933
2020,Q3,E07000087,3.8
2020,Q3,E07000088,5.633
2020,Q3,E07000089,3.167
2020,Q3,E07000090,6.3
2020,Q3,E07000091,4.3
2020,Q3,E07000092,4.567
2020,Q3,E07000093,3.633
2020,Q3,E07000094,3.567
2020,Q3,E07000095,6.367
2020,Q3,E07000096,5.2
2020,Q3,E07000098,5.467
2020,Q3,E07000099,4.567
2020,Q3,E07000102,4.7
2020,Q3,E07000103,6.2
2020,Q3,E07000105,6.067
2020,Q3,E07000106,5.533
2020,Q3,E07000107,5.433
2020,Q3,E07000108,6.933
2020,Q3,E07000109,7.333
2020,Q3,E07000110,5.133
2020,Q3,E07000111,4.167
2020,Q3,E07000112,7.633
2020,Q3,E07000113,6.6
2020,Q3,E07000114,10.467
2020,Q3,E07000115,4.3
2020,Q3,E07000116,4.6
2020,Q3,E07000117,8.267
2020,Q3,E07000118,4.667
2020,Q3,E07000119,5.6
2020,Q3,E07000120,7.9
2020,Q3,E07000121,5.667
2020,Q3,E07000122,6.867
2020,Q3,E07000123,6.633
2020,Q3,E07000124,3.333
2020,Q3,E07000125,6.8
2020,Q3,E07000126,4.4
2020,Q3,E07000127,5.133
2020,Q3,E07000128,6.067
2020,Q3,E07000129,4.267
2020,Q3,E07000130,4.067
2020,Q3,E07000131,3.733
2020,Q3,E07000132,4.5
2020,Q3,E07000133,4.267
2020,Q3,E07000134,4.2
2020,Q3,E07000135,4.7
2020,Q3,E07000136,6.033
2020,Q3,E07000137,6.767
2020,Q3,E07000138,6.233
2020,Q3,E07000139,3.967
2020,Q3,E07000140,5.133
2020,Q3,E07000141,5.267
2020,Q3,E07000142,5.4
2020,Q3,E07000143,4.367
2020,Q3,E07000144,3.9
2020,Q3,E07000145,8.067
2020,Q3,E07000146,5.033
2020,Q3,E07000147,4.833
2020,Q3,E07000148,6.5
2020,Q3,E07000149,4.0
2020,Q3,E07000170,6.3
2020,Q3,E07000171,5.3
2020,Q3,E07000172,4.867
2020,Q3,E07000173,5.267
2020,Q3,E07000174,6.367
2020,Q3,E07000175,4.967
2020,Q3,E07000176,3.4
2020,Q3,E07000177,3.933
2020,Q3,E07000178,4.1
2020,Q3,E07000179,3.433
2020,Q3,E07000180,3.467
2020,Q3,E07000181,3.8
2020,Q3,E07000192,5.867
2020,Q3,E07000193,5.033
2020,Q3,E07000194,4.9
2020,Q3,E07000195,5.133
2020,Q3,E07000196,4.667
2020,Q3,E07000197,4.467
2020,Q3,E07000198,3.967
2020,Q3,E07000199,6.033
2020,Q3,E07000200,4.833
2020,Q3,E07000202,6.967
2020,Q3,E07000203,3.8
2020,Q3,E07000207,3.867
2020,Q3,E07000208,3.8
2020,Q3,E07000209,3.4
2020,Q3,E07000210,3.667
2020,Q3,E07000211,4.133
2020,Q3,E07000212,4.233
2020,Q3,E07000213,5.2
2020,Q3,E07000214,3.967
2020,Q3,E07000215,4.467
2020,Q3,E07000216,3.367
2020,Q3,E07000217,4.233
2020,Q3,E07000218,5.3
2020,Q3,E07000219,6.5
2020,Q3,E07000220,4.6
2020,Q3,E07000221,4.0
2020,Q3,E07000222,4.033
2020,Q3,E07000223,6.133
2020,Q3,E07000224,5.567
2020,Q3,E07000225,4.933
2020,Q3,E07000226,6.9
2020,Q3,E07000227,4.1
2020,Q3,E07000228,3.633
2020,Q3,E07000229,5.833
2020,Q3,E07000234,4.633
2020,Q3,E07000235,4.967
2020,Q3,E07000236,6.067
2020,Q3,E07000237,5.633
2020,Q3,E07000238,4.6
2020,Q3,E07000239,6.167
2020,Q3,E07000240,4.067
2020,Q3,E07000241,4.7
2020,Q3,E07000242,4.1
2020,Q3,E07000243,5.867
2020,Q3,E07000244,5.133
2020,Q3,E07000245,4.233
2020,Q3,E08000001,8.3
2020,Q3,E08000002,6.967
2020,Q3,E08000003,9.067
2020,Q3,E08000004,9.267
2020,Q3,E08000005,8.633
2020,Q3,E08000006,7.967
2020,Q3,E08000007,5.933
2020,Q3,E08000008,7.8
2020,Q3,E08000009,5.367
2020,Q3,E08000010,7.0
2020,Q3,E08000011,8.4
2020,Q3,E08000012,9.067
2020,Q3,E08000013,6.833
2020,Q3,E08000014,6.967
2020,Q3,E08000015,6.667
2020,Q3,E08000016,6.4
2020,Q3,E08000017,7.433
2020,Q3,E08000018,7.133
2020,Q3,E08000019,6.433
2020,Q3,E08000021,7.667
2020,Q3,E08000022,6.467
2020,Q3,E08000023,9.633
2020,Q3,E08000024,8.433
2020,Q3,E08000025,10.833
2020,Q3,E08000026,7.2
2020,Q3,E08000027,7.433
2020,Q3,E08000028,8.833
2020,Q3,E08000029,5.8
2020,Q3,E08000030,8.667
2020,Q3,E08000031,10.333
2020,Q3,E08000032,9.1
2020,Q3,E08000033,7.1
2020,Q3,E08000034,6.9
2020,Q3,E08000035,6.8
2020,Q3,E08000036,6.033
2020,Q3,E08000037,7.9
2020,Q3,E09000001,3.833
2020,Q3,E09000002,9.6
2020,Q3,E09000003,7.167
2020,Q3,E09000004,5.767
2020,Q3,E09000005,9.133
2020,Q3,E09000006,5.567
2020,Q3,E09000007,6.867
2020,Q3,E09000008,8.733
2020,Q3,E09000009,8.367
2020,Q3,E09000010,8.7
2020,Q3,E09000011,7.967
2020,Q3,E09000012,9.567
2020,Q3,E09000013,7.5
2020,Q3,E09000014,10.1
2020,Q3,E09000015,6.367
2020,Q3,E09000016,6.433
2020,Q3,E09000017,6.867
2020,Q3,E09000018,8.033
2020,Q3,E09000019,7.767
2020,Q3,E09000020,5.833
2020,Q3,E09000021,5.433
2020,Q3,E09000022,8.367
2020,Q3,E09000023,9.067
2020,Q3,E09000024,6.7
2020,Q3,E09000025,9.633
2020,Q3,E09000026,7.533
2020,Q3,E09000027,4.667
2020,Q3,E09000028,8.4
2020,Q3,E09000029,5.567
2020,Q3,E09000030,8.567
2020,Q3,E09000031,9.133
2020,Q3,E09000032,5.6
2020,Q3,E09000033,6.4
2020,Q3,N09000001,4.233
2020,Q3,N09000002,4.533
2020,Q3,N09000003,6.367
2020,Q3,N09000004,5.567
2020,Q3,N09000005,7.3
2020,Q3,N09000006,4.367
2020,Q3,N09000007,3.667
2020,Q3,N09000008,4.733
2020,Q3,N09000009,4.367
2020,Q3,N09000010,5.533
2020,Q3,N09000011,4.7
2020,Q3,S12000005,6.9
2020,Q3,S12000006,5.833
2020,Q3,S12000008,8.233
2020,Q3,S12000010,5.3
2020,Q3,S12000011,4.2
2020,Q3,S12000013,5.567
2020,Q3,S12000014,6.133
2020,Q3,S12000017,5.733
2020,Q3,S12000018,6.5
2020,Q3,S12000019,5.267
2020,Q3,S12000020,5.167
2020,Q3,S12000021,8.867
2020,Q3,S12000023,3.133
2020,Q3,S12000026,5.5
2020,Q3,S12000027,3.867
2020,Q3,S12000028,7.467
2020,Q3,S12000029,6.567
2020,Q3,S12000030,5.167
2020,Q3,S12000033,6.0
2020,Q3,S12000034,4.133
2020,Q3,S12000035,6.0
2020,Q3,S12000036,5.233
2020,Q3,S12000038,6.6
2020,Q3,S12000039,8.5
2020,Q3,S12000040,5.933
2020,Q3,S12000041,5.767
2020,Q3,S12000042,7.567
2020,Q3,S12000045,4.5
2020,Q3,S12000047,6.767
2020,Q3,S12000048,5.067
2020,Q3,S12000049,8.767
2020,Q3,S12000050,7.067
2020,Q3,W06000001,6.667
2020,Q3,W06000002,5.9
2020,Q3,W06000003,7.133
2020,Q3,W06000004,6.833
2020,Q3,W06000005,5.5
2020,Q3,W06000006,6.067
2020,Q3,W06000008,4.633
2020,Q3,W06000009,6.333
2020,Q3,W06000010,5.6
2020,Q3,W06000011,6.233
2020,Q3,W06000012,6.1
2020,Q3,W06000013,5.867
2020,Q3,W06000014,5.633
2020,Q3,W06000015,6.633
2020,Q3,W06000016,6.6
2020,Q3,W06000018,6.367
2020,Q3,W06000019,7.367
2020,Q3,W06000020,6.7
2020,Q3,W06000021,4.333
2020,Q3,W06000022,7.367
2020,Q3,W06000023,4.833
2020,Q3,W06000024,7.233
2020,Q4,E06000001,8.667
2020,Q4,E06000002,10.0
2020,Q4,E06000003,7.233
2020,Q4,E06000004,6.867
2020,Q4,E06000005,6.833
2020,Q4,E06000006,6.833
2020,Q4,E06000007,4.967
2020,Q4,E06000008,7.767
2020,Q4,E06000009,11.167
2020,Q4,E06000010,9.167
2020,Q4,E06000011,4.3
2020,Q4,E06000012,6.967
2020,Q4,E06000013,5.7
2020,Q4,E06000014,3.567
2020,Q4,E06000015,7.167
2020,Q4,E06000016,6.9
2020,Q4,E06000017,3.133
2020,Q4,E06000018,7.867
2020,Q4,E06000019,4.233
2020,Q4,E06000020,5.933
2020,Q4,E06000021,7.767
2020,Q4,E06000022,4.033
2020,Q4,E06000023,5.967
2020,Q4,E06000024,4.467
2020,Q4,E06000025,3.6
2020,Q4,E06000026,5.9
2020,Q4,E06000027,6.867
2020,Q4,E06000030,5.267
2020,Q4,E06000031,6.9
2020,Q4,E06000032,7.867
2020,Q4,E06000033,7.7
2020,Q4,E06000034,6.767
2020,Q4,E06000035,6.567
2020,Q4,E06000036,4.233
2020,Q4,E06000037,3.8
2020,Q4,E06000038,5.667
2020,Q4,E06000039,7.667
2020,Q4,E06000040,4.367
2020,Q4,E06000041,3.233
2020,Q4,E06000042,5.6
2020,Q4,E06000043,6.967
2020,Q4,E06000044,7.0
2020,Q4,E06000045,6.833
2020,Q4,E06000046,6.333
2020,Q4,E06000047,6.4
2020,Q4,E06000049,4.433
2020,Q4,E06000050,4.867
2020,Q4,E06000051,4.5
2020,Q4,E06000052,5.333
2020,Q4,E06000053,3.567
2020,Q4,E06000054,3.8
2020,Q4,E06000055,6.0
2020,Q4,E06000056,3.967
2020,Q4,E06000057,5.867
2020,Q4,E06000058,5.933
2020,Q4,E06000059,4.267
2020,Q4,E06000060,4.367
2020,Q4,E06000061,5.2
2020,Q4,E06000062,5.167
2020,Q4,E06000063,4.667
2020,Q4,E06000064,3.667
2020,Q4,E06000065,3.9
2020,Q4,E06000066,4.633
2020,Q4,E07000008,3.3
2020,Q4,E07000009,3.4
2020,Q4,E07000010,5.667
2020,Q4,E07000011,3.867
2020,Q4,E07000012,3.1
2020,Q4,E07000032,4.533
2020,Q4,E07000033,4.9
2020,Q4,E07000034,5.533
2020,Q4,E07000035,3.233
2020,Q4,E07000036,5.367
2020,Q4,E07000037,4.6
2020,Q4,E07000038,4.267
2020,Q4,E07000039,3.967
2020,Q4,E07000040,3.933
2020,Q4,E07000041,4.067
2020,Q4,E07000042,3.833
2020,Q4,E07000043,5.0
2020,Q4,E07000044,4.233
2020,Q4,E07000045,4.433
2020,Q4,E07000046,5.0
2020,Q4,E07000047,4.0
2020,Q4,E07000061,7.367
2020,Q4,E07000062,8.967
2020,Q4,E07000063,5.567
2020,Q4,E07000064,5.8
2020,Q4,E07000065,4.167
2020,Q4,E07000066,6.633
2020,Q4,E07000067,5.033
2020,Q4,E07000068,4.833
2020,Q4,E07000069,5.3
2020,Q4,E07000070,4.567
2020,Q4,E07000071,5.0
2020,Q4,E07000072,5.633
2020,Q4,E07000073,7.233
2020,Q4,E07000074,4.7
2020,Q4,E07000075,4.567
2020,Q4,E07000076,7.833
2020,Q4,E07000077,3.8
2020,Q4,E07000078,4.833
2020,Q4,E07000079,3.567
2020,Q4,E07000080,4.567
2020,Q4,E07000081,5.667
2020,Q4,E07000082,3.8
2020,Q4,E07000083,3.9
2020,Q4,E07000084,4.0
2020,Q4,E07000085,3.633
2020,Q4,E07000086,3.8
2020,Q4,E07000087,3.6
2020,Q4,E07000088,5.533
2020,Q4,E07000089,3.067
2020,Q4,E07000090,6.1
2020,Q4,E07000091,4.0
2020,Q4,E07000092,4.5
2020,Q4,E07000093,3.333
2020,Q4,E07000094,3.433
2020,Q4,E07000095,6.2
2020,Q4,E07000096,5.0
2020,Q4,E07000098,5.367
2020,Q4,E07000099,4.4
2020,Q4,E07000102,4.533
2020,Q4,E07000103,6.133
2020,Q4,E07000105,5.767
2020,Q4,E07000106,5.2
2020,Q4,E07000107,5.2
2020,Q4,E07000108,6.7
2020,Q4,E07000109,7.2
2020,Q4,E07000110,4.867
2020,Q4,E07000111,4.067
2020,Q4,E07000112,7.5
2020,Q4,E07000113,6.367
2020,Q4,E07000114,10.067
2020,Q4,E07000115,4.133
2020,Q4,E07000116,4.4
2020,Q4,E07000117,8.133
2020,Q4,E07000118,4.333
2020,Q4,E07000119,5.367
2020,Q4,E07000120,7.6
2020,Q4,E07000121,5.433
2020,Q4,E07000122,6.833
2020,Q4,E07000123,6.467
2020,Q4,E07000124,3.133
2020,Q4,E07000125,6.533
2020,Q4,E07000126,4.133
2020,Q4,E07000127,4.967
2020,Q4,E07000128,5.8
2020,Q4,E07000129,3.8
2020,Q4,E07000130,3.9
2020,Q4,E07000131,3.367
2020,Q4,E07000132,4.367
2020,Q4,E07000133,4.033
2020,Q4,E07000134,4.0
2020,Q4,E07000135,4.533
2020,Q4,E07000136,6.067
2020,Q4,E07000137,6.333
2020,Q4,E07000138,5.967
2020,Q4,E07000139,3.633
2020,Q4,E07000140,5.1
2020,Q4,E07000141,4.833
2020,Q4,E07000142,5.133
2020,Q4,E07000143,4.233
2020,Q4,E07000144,3.6
2020,Q4,E07000145,7.8
2020,Q4,E07000146,4.7
2020,Q4,E07000147,4.333
2020,Q4,E07000148,6.233
2020,Q4,E07000149,3.667
2020,Q4,E07000170,5.833
2020,Q4,E07000171,4.933
2020,Q4,E07000172,4.567
2020,Q4,E07000173,5.0
2020,Q4,E07000174,5.833
2020,Q4,E07000175,4.633
2020,Q4,E07000176,3.2
2020,Q4,E07000177,3.767
2020,Q4,E07000178,4.0
2020,Q4,E07000179,3.2
2020,Q4,E07000180,3.267
2020,Q4,E07000181,3.467
2020,Q4,E07000192,5.533
2020,Q4,E07000193,4.8
2020,Q4,E07000194,4.433
2020,Q4,E07000195,4.9
2020,Q4,E07000196,4.5
2020,Q4,E07000197,4.133
2020,Q4,E07000198,3.8
2020,Q4,E07000199,5.867
2020,Q4,E07000200,4.7
2020,Q4,E07000202,6.933
2020,Q4,E07000203,3.667
2020,Q4,E07000207,3.833
2020,Q4,E07000208,3.6
2020,Q4,E07000209,3.333
2020,Q4,E07000210,3.567
2020,Q4,E07000211,4.067
2020,Q4,E07000212,4.333
2020,Q4,E07000213,5.333
2020,Q4,E07000214,3.8
2020,Q4,E07000215,4.267
2020,Q4,E07000216,3.2
2020,Q4,E07000217,4.1
2020,Q4,E07000218,5.0
2020,Q4,E07000219,6.267
2020,Q4,E07000220,4.333
2020,Q4,E07000221,3.767
2020,Q4,E07000222,3.833
2020,Q4,E07000223,5.833
2020,Q4,E07000224,5.333
2020,Q4,E07000225,4.633
2020,Q4,E07000226,7.533
2020,Q4,E07000227,3.933
2020,Q4,E07000228,3.5
2020,Q4,E07000229,5.5
2020,Q4,E07000234,4.567
2020,Q4,E07000235,4.633
2020,Q4,E07000236,5.933
2020,Q4,E07000237,5.367
2020,Q4,E07000238,4.333
2020,Q4,E07000239,5.9
2020,Q4,E07000240,3.867
2020,Q4,E07000241,4.667
2020,Q4,E07000242,3.933
2020,Q4,E07000243,5.567
2020,Q4,E07000244,5.0
2020,Q4,E07000245,4.1
2020,Q4,E08000001,8.233
2020,Q4,E08000002,6.767
2020,Q4,E08000003,9.0
2020,Q4,E08000004,9.067
2020,Q4,E08000005,8.367
2020,Q4,E08000006,7.933
2020,Q4,E08000007,5.867
2020,Q4,E08000008,7.633
2020,Q4,E08000009,5.233
2020,Q4,E08000010,6.633
2020,Q4,E08000011,8.233
2020,Q4,E08000012,8.933
2020,Q4,E08000013,6.667
2020,Q4,E08000014,6.8
2020,Q4,E08000015,6.4
2020,Q4,E08000016,6.1
2020,Q4,E08000017,7.267
2020,Q4,E08000018,6.967
2020,Q4,E08000019,6.433
2020,Q4,E08000021,7.533
2020,Q4,E08000022,6.3
2020,Q4,E08000023,9.167
2020,Q4,E08000024,8.067
2020,Q4,E08000025,10.967
2020,Q4,E08000026,7.3
2020,Q4,E08000027,7.3
2020,Q4,E08000028,8.933
2020,Q4,E08000029,5.8
2020,Q4,E08000030,8.533
2020,Q4,E08000031,10.233
2020,Q4,E08000032,9.1
2020,Q4,E08000033,6.933
2020,Q4,E08000034,6.733
2020,Q4,E08000035,6.6
2020,Q4,E08000036,5.8
2020,Q4,E08000037,7.667
2020,Q4,E09000001,3.8
2020,Q4,E09000002,9.8
2020,Q4,E09000003,7.2
2020,Q4,E09000004,5.633
2020,Q4,E09000005,9.433
2020,Q4,E09000006,5.467
2020,Q4,E09000007,7.067
2020,Q4,E09000008,8.867
2020,Q4,E09000009,8.567
2020,Q4,E09000010,8.867
2020,Q4,E09000011,7.967
2020,Q4,E09000012,9.667
2020,Q4,E09000013,7.7
2020,Q4,E09000014,10.467
2020,Q4,E09000015,6.533
2020,Q4,E09000016,6.3
2020,Q4,E09000017,7.1
2020,Q4,E09000018,8.467
2020,Q4,E09000019,8.033
2020,Q4,E09000020,5.967
2020,Q4,E09000021,5.3
2020,Q4,E09000022,8.567
2020,Q4,E09000023,9.3
2020,Q4,E09000024,6.6
2020,Q4,E09000025,10.233
2020,Q4,E09000026,7.6
2020,Q4,E09000027,4.667
2020,Q4,E09000028,8.6
2020,Q4,E09000029,5.467
2020,Q4,E09000030,8.967
2020,Q4,E09000031,9.433
2020,Q4,E09000032,5.633
2020,Q4,E09000033,6.7
2020,Q4,N09000001,4.067
2020,Q4,N09000002,4.367
2020,Q4,N09000003,6.167
2020,Q4,N09000004,5.033
2020,Q4,N09000005,6.867
2020,Q4,N09000006,3.967
2020,Q4,N09000007,3.467
2020,Q4,N09000008,4.567
2020,Q4,N09000009,4.033
2020,Q4,N09000010,5.067
2020,Q4,N09000011,4.533
2020,Q4,S12000005,6.5
2020,Q4,S12000006,5.267
2020,Q4,S12000008,7.6
2020,Q4,S12000010,4.833
2020,Q4,S12000011,3.8
2020,Q4,S12000013,4.967
2020,Q4,S12000014,5.767
2020,Q4,S12000017,5.1
2020,Q4,S12000018,6.033
2020,Q4,S12000019,4.967
2020,Q4,S12000020,4.8
2020,Q4,S12000021,8.233
2020,Q4,S12000023,2.8
2020,Q4,S12000026,5.1
2020,Q4,S12000027,3.467
2020,Q4,S12000028,7.0
2020,Q4,S12000029,6.1
2020,Q4,S12000030,4.6
2020,Q4,S12000033,6.133
2020,Q4,S12000034,4.067
2020,Q4,S12000035,5.367
2020,Q4,S12000036,5.033
2020,Q4,S12000038,6.033
2020,Q4,S12000039,8.033
2020,Q4,S12000040,5.4
2020,Q4,S12000041,5.433
2020,Q4,S12000042,7.1
2020,Q4,S12000045,4.0
2020,Q4,S12000047,6.233
2020,Q4,S12000048,4.6
2020,Q4,S12000049,8.433
2020,Q4,S12000050,6.467
2020,Q4,W06000001,6.067
2020,Q4,W06000002,5.3
2020,Q4,W06000003,6.6
2020,Q4,W06000004,6.433
2020,Q4,W06000005,5.2
2020,Q4,W06000006,5.733
2020,Q4,W06000008,4.3
2020,Q4,W06000009,5.667
2020,Q4,W06000010,5.233
2020,Q4,W06000011,5.833
2020,Q4,W06000012,5.7
2020,Q4,W06000013,5.633
2020,Q4,W06000014,5.4
2020,Q4,W06000015,6.567
2020,Q4,W06000016,6.167
2020,Q4,W06000018,6.033
2020,Q4,W06000019,6.833
2020,Q4,W06000020,6.167
2020,Q4,W06000021,4.0
2020,Q4,W06000022,7.2
2020,Q4,W06000023,4.467
2020,Q4,W06000024,6.567
2021,Q1,E06000001,8.733
2021,Q1,E06000002,10.1
2021,Q1,E06000003,7.2
2021,Q1,E06000004,6.8
2021,Q1,E06000005,6.967
2021,Q1,E06000006,6.9
2021,Q1,E06000007,5.033
2021,Q1,E06000008,7.933
2021,Q1,E06000009,11.967
2021,Q1,E06000010,9.467
2021,Q1,E06000011,4.367
2021,Q1,E06000012,6.9
2021,Q1,E06000013,5.9
2021,Q1,E06000014,3.633
2021,Q1,E06000015,7.4
2021,Q1,E06000016,7.167
2021,Q1,E06000017,3.067
2021,Q1,E06000018,8.1
2021,Q1,E06000019,4.3
2021,Q1,E06000020,5.7
2021,Q1,E06000021,7.933
2021,Q1,E06000022,4.0
2021,Q1,E06000023,5.9
2021,Q1,E06000024,4.467
2021,Q1,E06000025,3.533
2021,Q1,E06000026,5.833
2021,Q1,E06000027,6.9
2021,Q1,E06000030,5.367
2021,Q1,E06000031,7.233
2021,Q1,E06000032,8.133
2021,Q1,E06000033,7.933
2021,Q1,E06000034,6.833
2021,Q1,E06000035,6.733
2021,Q1,E06000036,4.267
2021,Q1,E06000037,3.833
2021,Q1,E06000038,5.9
2021,Q1,E06000039,7.967
2021,Q1,E06000040,4.433
2021,Q1,E06000041,3.167
2021,Q1,E06000042,5.6
2021,Q1,E06000043,7.167
2021,Q1,E06000044,7.267
2021,Q1,E06000045,7.033
2021,Q1,E06000046,6.9
2021,Q1,E06000047,6.3
2021,Q1,E06000049,4.333
2021,Q1,E06000050,4.8
2021,Q1,E06000051,4.467
2021,Q1,E06000052,5.633
2021,Q1,E06000053,4.567
2021,Q1,E06000054,3.833
2021,Q1,E06000055,6.1
2021,Q1,E06000056,3.933
2021,Q1,E06000057,5.933
2021,Q1,E06000058,6.067
2021,Q1,E06000059,4.4
2021,Q1,E06000060,4.467
2021,Q1,E06000061,5.2
2021,Q1,E06000062,5.033
2021,Q1,E06000063,4.8
2021,Q1,E06000064,3.867
2021,Q1,E06000065,3.967
2021,Q1,E06000066,4.633
2021,Q1,E07000008,3.3
2021,Q1,E07000009,3.367
2021,Q1,E07000010,5.733
2021,Q1,E07000011,3.667
2021,Q1,E07000012,3.067
2021,Q1,E07000032,4.433
2021,Q1,E07000033,4.8
2021,Q1,E07000034,5.6
2021,Q1,E07000035,3.3
2021,Q1,E07000036,5.3
2021,Q1,E07000037,4.633
2021,Q1,E07000038,4.4
2021,Q1,E07000039,3.9
2021,Q1,E07000040,3.967
2021,Q1,E07000041,4.067
2021,Q1,E07000042,3.767
2021,Q1,E07000043,5.267
2021,Q1,E07000044,4.2
2021,Q1,E07000045,4.467
2021,Q1,E07000046,5.067
2021,Q1,E07000047,4.0
2021,Q1,E07000061,7.667
2021,Q1,E07000062,9.133
2021,Q1,E07000063,5.8
2021,Q1,E07000064,5.967
2021,Q1,E07000065,4.267
2021,Q1,E07000066,6.7
2021,Q1,E07000067,4.967
2021,Q1,E07000068,4.9
2021,Q1,E07000069,5.267
2021,Q1,E07000070,4.467
2021,Q1,E07000071,5.067
2021,Q1,E07000072,5.767
2021,Q1,E07000073,7.467
2021,Q1,E07000074,4.533
2021,Q1,E07000075,4.467
2021,Q1,E07000076,7.8
2021,Q1,E07000077,3.8
2021,Q1,E07000078,4.833
2021,Q1,E07000079,3.5
2021,Q1,E07000080,4.533
2021,Q1,E07000081,5.6
2021,Q1,E07000082,3.7
2021,Q1,E07000083,3.833
2021,Q1,E07000084,4.033
2021,Q1,E07000085,3.6
2021,Q1,E07000086,3.733
2021,Q1,E07000087,3.633
2021,Q1,E07000088,5.767
2021,Q1,E07000089,3.133
2021,Q1,E07000090,6.2
2021,Q1,E07000091,4.033
2021,Q1,E07000092,4.567
2021,Q1,E07000093,3.433
2021,Q1,E07000094,3.5
2021,Q1,E07000095,6.367
2021,Q1,E07000096,5.067
2021,Q1,E07000098,5.567
2021,Q1,E07000099,4.367
2021,Q1,E07000102,4.467
2021,Q1,E07000103,6.367
2021,Q1,E07000105,5.7
2021,Q1,E07000106,5.3
2021,Q1,E07000107,5.3
2021,Q1,E07000108,6.6
2021,Q1,E07000109,7.333
2021,Q1,E07000110,4.9
2021,Q1,E07000111,4.067
2021,Q1,E07000112,7.467
2021,Q1,E07000113,6.333
2021,Q1,E07000114,9.7
2021,Q1,E07000115,4.1
2021,Q1,E07000116,4.533
2021,Q1,E07000117,8.367
2021,Q1,E07000118,4.367
2021,Q1,E07000119,5.2
2021,Q1,E07000120,7.967
2021,Q1,E07000121,5.433
2021,Q1,E07000122,7.1
2021,Q1,E07000123,6.5
2021,Q1,E07000124,3.133
2021,Q1,E07000125,6.5
2021,Q1,E07000126,4.033
2021,Q1,E07000127,4.933
2021,Q1,E07000128,5.933
2021,Q1,E07000129,3.7
2021,Q1,E07000130,3.9
2021,Q1,E07000131,3.2
2021,Q1,E07000132,4.333
2021,Q1,E07000133,4.1
2021,Q1,E07000134,3.933
2021,Q1,E07000135,4.433
2021,Q1,E07000136,6.4
2021,Q1,E07000137,6.9
2021,Q1,E07000138,6.133
2021,Q1,E07000139,3.6
2021,Q1,E07000140,5.067
2021,Q1,E07000141,4.8
2021,Q1,E07000142,5.1
2021,Q1,E07000143,4.2
2021,Q1,E07000144,3.533
2021,Q1,E07000145,8.467
2021,Q1,E07000146,4.867
2021,Q1,E07000147,4.567
2021,Q1,E07000148,6.4
2021,Q1,E07000149,3.567
2021,Q1,E07000170,5.833
2021,Q1,E07000171,4.867
2021,Q1,E07000172,4.5
2021,Q1,E07000173,4.933
2021,Q1,E07000174,5.833
2021,Q1,E07000175,4.567
2021,Q1,E07000176,3.167
2021,Q1,E07000177,3.867
2021,Q1,E07000178,4.167
2021,Q1,E07000179,3.233
2021,Q1,E07000180,3.233
2021,Q1,E07000181,3.433
2021,Q1,E07000192,5.4
2021,Q1,E07000193,4.933
2021,Q1,E07000194,4.3
2021,Q1,E07000195,4.9
2021,Q1,E07000196,4.6
2021,Q1,E07000197,4.1
2021,Q1,E07000198,3.8
2021,Q1,E07000199,5.833
2021,Q1,E07000200,4.567
2021,Q1,E07000202,7.267
2021,Q1,E07000203,3.633
2021,Q1,E07000207,3.833
2021,Q1,E07000208,3.767
2021,Q1,E07000209,3.433
2021,Q1,E07000210,3.667
2021,Q1,E07000211,4.233
2021,Q1,E07000212,4.5
2021,Q1,E07000213,5.467
2021,Q1,E07000214,3.933
2021,Q1,E07000215,4.4
2021,Q1,E07000216,3.2
2021,Q1,E07000217,4.233
2021,Q1,E07000218,5.0
2021,Q1,E07000219,6.067
2021,Q1,E07000220,4.333
2021,Q1,E07000221,3.733
2021,Q1,E07000222,3.833
2021,Q1,E07000223,6.0
2021,Q1,E07000224,5.6
2021,Q1,E07000225,4.8
2021,Q1,E07000226,8.033
2021,Q1,E07000227,3.9
2021,Q1,E07000228,3.533
2021,Q1,E07000229,5.8
2021,Q1,E07000234,4.567
2021,Q1,E07000235,4.533
2021,Q1,E07000236,5.933
2021,Q1,E07000237,5.467
2021,Q1,E07000238,4.233
2021,Q1,E07000239,5.9
2021,Q1,E07000240,3.8
2021,Q1,E07000241,4.767
2021,Q1,E07000242,4.0
2021,Q1,E07000243,5.833
2021,Q1,E07000244,5.133
2021,Q1,E07000245,4.067
2021,Q1,E08000001,8.2
2021,Q1,E08000002,6.833
2021,Q1,E08000003,9.167
2021,Q1,E08000004,9.533
2021,Q1,E08000005,8.533
2021,Q1,E08000006,7.9
2021,Q1,E08000007,5.867
2021,Q1,E08000008,7.767
2021,Q1,E08000009,5.233
2021,Q1,E08000010,6.467
2021,Q1,E08000011,8.2
2021,Q1,E08000012,9.033
2021,Q1,E08000013,6.6
2021,Q1,E08000014,6.8
2021,Q1,E08000015,6.4
2021,Q1,E08000016,6.3
2021,Q1,E08000017,7.433
2021,Q1,E08000018,7.1
2021,Q1,E08000019,6.6
2021,Q1,E08000021,7.633
2021,Q1,E08000022,6.3
2021,Q1,E08000023,9.233
2021,Q1,E08000024,7.8
2021,Q1,E08000025,11.233
2021,Q1,E08000026,7.5
2021,Q1,E08000027,7.3
2021,Q1,E08000028,9.1
2021,Q1,E08000029,5.833
2021,Q1,E08000030,8.667
2021,Q1,E08000031,10.4
2021,Q1,E08000032,9.333
2021,Q1,E08000033,7.033
2021,Q1,E08000034,6.833
2021,Q1,E08000035,6.8
2021,Q1,E08000036,5.9
2021,Q1,E08000037,7.7
2021,Q1,E09000001,3.733
2021,Q1,E09000002,10.233
2021,Q1,E09000003,7.367
2021,Q1,E09000004,5.8
2021,Q1,E09000005,10.133
2021,Q1,E09000006,5.6
2021,Q1,E09000007,7.467
2021,Q1,E09000008,9.067
2021,Q1,E09000009,8.9
2021,Q1,E09000010,9.4
2021,Q1,E09000011,8.167
2021,Q1,E09000012,10.067
2021,Q1,E09000013,8.1
2021,Q1,E09000014,11.333
2021,Q1,E09000015,6.733
2021,Q1,E09000016,6.367
2021,Q1,E09000017,7.367
2021,Q1,E09000018,8.833
2021,Q1,E09000019,8.5
2021,Q1,E09000020,6.233
2021,Q1,E09000021,5.4
2021,Q1,E09000022,9.1
2021,Q1,E09000023,9.667
2021,Q1,E09000024,6.8
2021,Q1,E09000025,10.867
2021,Q1,E09000026,8.0
2021,Q1,E09000027,4.733
2021,Q1,E09000028,9.067
2021,Q1,E09000029,5.6
2021,Q1,E09000030,9.1
2021,Q1,E09000031,9.933
2021,Q1,E09000032,5.933
2021,Q1,E09000033,7.1
2021,Q1,N09000001,3.967
2021,Q1,N09000002,4.2
2021,Q1,N09000003,6.067
2021,Q1,N09000004,4.967
2021,Q1,N09000005,6.7
2021,Q1,N09000006,3.867
2021,Q1,N09000007,3.367
2021,Q1,N09000008,4.533
2021,Q1,N09000009,3.7
2021,Q1,N09000010,4.867
2021,Q1,N09000011,4.4
2021,Q1,S12000005,6.4
2021,Q1,S12000006,5.467
2021,Q1,S12000008,7.633
2021,Q1,S12000010,5.0
2021,Q1,S12000011,3.767
2021,Q1,S12000013,4.967
2021,Q1,S12000014,5.9
2021,Q1,S12000017,5.3
2021,Q1,S12000018,6.1
2021,Q1,S12000019,5.1
2021,Q1,S12000020,5.167
2021,Q1,S12000021,8.333
2021,Q1,S12000023,2.867
2021,Q1,S12000026,5.233
2021,Q1,S12000027,3.3
2021,Q1,S12000028,7.2
2021,Q1,S12000029,6.133
2021,Q1,S12000030,4.7
2021,Q1,S12000033,6.5
2021,Q1,S12000034,4.133
2021,Q1,S12000035,5.467
2021,Q1,S12000036,5.2
2021,Q1,S12000038,6.067
2021,Q1,S12000039,8.133
2021,Q1,S12000040,5.467
2021,Q1,S12000041,5.533
2021,Q1,S12000042,7.133
2021,Q1,S12000045,3.933
2021,Q1,S12000047,6.367
2021,Q1,S12000048,4.567
2021,Q1,S12000049,8.433
2021,Q1,S12000050,6.533
2021,Q1,W06000001,6.033
2021,Q1,W06000002,5.767
2021,Q1,W06000003,6.667
2021,Q1,W06000004,6.433
2021,Q1,W06000005,5.233
2021,Q1,W06000006,5.9
2021,Q1,W06000008,4.5
2021,Q1,W06000009,5.733
2021,Q1,W06000010,5.167
2021,Q1,W06000011,5.867
2021,Q1,W06000012,5.5
2021,Q1,W06000013,5.533
2021,Q1,W06000014,5.333
2021,Q1,W06000015,6.6
2021,Q1,W06000016,6.067
2021,Q1,W06000018,6.067
2021,Q1,W06000019,6.8
2021,Q1,W06000020,6.267
2021,Q1,W06000021,4.033
2021,Q1,W06000022,7.233
2021,Q1,W06000023,4.367
2021,Q1,W06000024,6.533
2021,Q2,E06000001,8.0
2021,Q2,E06000002,9.567
2021,Q2,E06000003,6.667
2021,Q2,E06000004,6.333
2021,Q2,E06000005,6.633
2021,Q2,E06000006,6.333
2021,Q2,E06000007,4.667
2021,Q2,E06000008,7.533
2021,Q2,E06000009,10.833
2021,Q2,E06000010,8.867
2021,Q2,E06000011,3.9
2021,Q2,E06000012,6.233
2021,Q2,E06000013,5.4
2021,Q2,E06000014,3.267
2021,Q2,E06000015,7.067
2021,Q2,E06000016,6.967
2021,Q2,E06000017,2.8
2021,Q2,E06000018,7.867
2021,Q2,E06000019,3.967
2021,Q2,E06000020,5.3
2021,Q2,E06000021,7.533
2021,Q2,E06000022,3.667
2021,Q2,E06000023,5.5
2021,Q2,E06000024,4.0
2021,Q2,E06000025,3.2
2021,Q2,E06000026,5.4
2021,Q2,E06000027,6.1
2021,Q2,E06000030,4.933
2021,Q2,E06000031,7.167
2021,Q2,E06000032,8.1
2021,Q2,E06000033,7.133
2021,Q2,E06000034,6.5
2021,Q2,E06000035,6.467
2021,Q2,E06000036,3.767
2021,Q2,E06000037,3.5
2021,Q2,E06000038,5.6
2021,Q2,E06000039,7.467
2021,Q2,E06000040,3.9
2021,Q2,E06000041,2.8
2021,Q2,E06000042,5.467
2021,Q2,E06000043,6.567
2021,Q2,E06000044,6.833
2021,Q2,E06000045,6.6
2021,Q2,E06000046,6.1
2021,Q2,E06000047,5.833
2021,Q2,E06000049,3.933
2021,Q2,E06000050,4.367
2021,Q2,E06000051,4.033
2021,Q2,E06000052,5.0
2021,Q2,E06000053,3.233
2021,Q2,E06000054,3.533
2021,Q2,E06000055,5.8
2021,Q2,E06000056,3.7
2021,Q2,E06000057,5.367
2021,Q2,E06000058,5.567
2021,Q2,E06000059,3.967
2021,Q2,E06000060,4.067
2021,Q2,E06000061,4.833
2021,Q2,E06000062,4.733
2021,Q2,E06000063,4.567
2021,Q2,E06000064,3.467
2021,Q2,E06000065,3.5
2021,Q2,E06000066,4.167
2021,Q2,E07000008,3.067
2021,Q2,E07000009,3.067
2021,Q2,E07000010,5.4
2021,Q2,E07000011,3.3
2021,Q2,E07000012,2.8
2021,Q2,E07000032,4.067
2021,Q2,E07000033,4.467
2021,Q2,E07000034,5.333
2021,Q2,E07000035,2.9
2021,Q2,E07000036,4.867
2021,Q2,E07000037,4.1
2021,Q2,E07000038,3.933
2021,Q2,E07000039,3.5
2021,Q2,E07000040,3.5
2021,Q2,E07000041,3.733
2021,Q2,E07000042,3.433
2021,Q2,E07000043,4.633
2021,Q2,E07000044,3.7
2021,Q2,E07000045,4.033
2021,Q2,E07000046,4.5
2021,Q2,E07000047,3.567
2021,Q2,E07000061,7.1
2021,Q2,E07000062,8.533
2021,Q2,E07000063,5.333
2021,Q2,E07000064,5.367
2021,Q2,E07000065,3.767
2021,Q2,E07000066,6.2
2021,Q2,E07000067,4.5
2021,Q2,E07000068,4.533
2021,Q2,E07000069,4.7
2021,Q2,E07000070,4.033
2021,Q2,E07000071,4.7
2021,Q2,E07000072,5.167
2021,Q2,E07000073,6.833
2021,Q2,E07000074,4.167
2021,Q2,E07000075,3.933
2021,Q2,E07000076,7.0
2021,Q2,E07000077,3.433
2021,Q2,E07000078,4.367
2021,Q2,E07000079,3.167
2021,Q2,E07000080,3.933
2021,Q2,E07000081,5.233
2021,Q2,E07000082,3.133
2021,Q2,E07000083,3.4
2021,Q2,E07000084,3.733
2021,Q2,E07000085,3.233
2021,Q2,E07000086,3.233
2021,Q2,E07000087,3.067
2021,Q2,E07000088,5.3
2021,Q2,E07000089,2.7
2021,Q2,E07000090,5.633
2021,Q2,E07000091,3.633
2021,Q2,E07000092,4.367
2021,Q2,E07000093,3.033
2021,Q2,E07000094,3.133
2021,Q2,E07000095,5.933
2021,Q2,E07000096,4.667
2021,Q2,E07000098,5.067
2021,Q2,E07000099,3.933
2021,Q2,E07000102,3.967
2021,Q2,E07000103,5.8
2021,Q2,E07000105,5.1
2021,Q2,E07000106,4.8
2021,Q2,E07000107,4.9
2021,Q2,E07000108,5.967
2021,Q2,E07000109,6.9
2021,Q2,E07000110,4.567
2021,Q2,E07000111,3.7
2021,Q2,E07000112,6.767
2021,Q2,E07000113,5.9
2021,Q2,E07000114,9.033
2021,Q2,E07000115,3.767
2021,Q2,E07000116,4.0
2021,Q2,E07000117,7.867
2021,Q2,E07000118,4.0
2021,Q2,E07000119,4.533
2021,Q2,E07000120,7.5
2021,Q2,E07000121,5.0
2021,Q2,E07000122,6.833
2021,Q2,E07000123,6.1
2021,Q2,E07000124,2.767
2021,Q2,E07000125,6.033
2021,Q2,E07000126,3.633
2021,Q2,E07000127,4.6
2021,Q2,E07000128,5.2
2021,Q2,E07000129,3.3
2021,Q2,E07000130,3.5
2021,Q2,E07000131,2.8
2021,Q2,E07000132,3.867
2021,Q2,E07000133,3.733
2021,Q2,E07000134,3.5
2021,Q2,E07000135,4.1
2021,Q2,E07000136,6.3
2021,Q2,E07000137,6.0
2021,Q2,E07000138,5.833
2021,Q2,E07000139,3.233
2021,Q2,E07000140,4.733
2021,Q2,E07000141,4.3
2021,Q2,E07000142,4.667
2021,Q2,E07000143,3.8
2021,Q2,E07000144,3.167
2021,Q2,E07000145,7.533
2021,Q2,E07000146,4.4
2021,Q2,E07000147,4.167
2021,Q2,E07000148,6.033
2021,Q2,E07000149,3.233
2021,Q2,E07000170,5.5
2021,Q2,E07000171,4.5
2021,Q2,E07000172,4.1
2021,Q2,E07000173,4.567
2021,Q2,E07000174,5.567
2021,Q2,E07000175,4.2
2021,Q2,E07000176,2.833
2021,Q2,E07000177,3.533
2021,Q2,E07000178,4.0
2021,Q2,E07000179,2.9
2021,Q2,E07000180,2.967
2021,Q2,E07000181,3.133
2021,Q2,E07000192,4.9
2021,Q2,E07000193,4.733
2021,Q2,E07000194,3.967
2021,Q2,E07000195,4.433
2021,Q2,E07000196,4.133
2021,Q2,E07000197,3.8
2021,Q2,E07000198,3.367
2021,Q2,E07000199,5.4
2021,Q2,E07000200,4.1
2021,Q2,E07000202,7.0
2021,Q2,E07000203,3.233
2021,Q2,E07000207,3.433
2021,Q2,E07000208,3.333
2021,Q2,E07000209,3.033
2021,Q2,E07000210,3.267
2021,Q2,E07000211,3.767
2021,Q2,E07000212,4.0
2021,Q2,E07000213,4.967
2021,Q2,E07000214,3.3
2021,Q2,E07000215,3.833
2021,Q2,E07000216,2.767
2021,Q2,E07000217,3.767
2021,Q2,E07000218,4.467
2021,Q2,E07000219,5.7
2021,Q2,E07000220,4.0
2021,Q2,E07000221,3.367
2021,Q2,E07000222,3.5
2021,Q2,E07000223,5.333
2021,Q2,E07000224,5.1
2021,Q2,E07000225,4.4
2021,Q2,E07000226,7.167
2021,Q2,E07000227,3.4
2021,Q2,E07000228,3.067
2021,Q2,E07000229,5.3
2021,Q2,E07000234,4.033
2021,Q2,E07000235,4.1
2021,Q2,E07000236,5.4
2021,Q2,E07000237,5.133
2021,Q2,E07000238,3.8
2021,Q2,E07000239,5.2
2021,Q2,E07000240,3.5
2021,Q2,E07000241,4.567
2021,Q2,E07000242,3.633
2021,Q2,E07000243,5.567
2021,Q2,E07000244,4.7
2021,Q2,E07000245,3.767
2021,Q2,E08000001,7.833
2021,Q2,E08000002,6.367
2021,Q2,E08000003,8.767
2021,Q2,E08000004,9.3
2021,Q2,E08000005,8.2
2021,Q2,E08000006,7.467
2021,Q2,E08000007,5.4
2021,Q2,E08000008,7.067
2021,Q2,E08000009,4.867
2021,Q2,E08000010,6.033
2021,Q2,E08000011,7.667
2021,Q2,E08000012,8.667
2021,Q2,E08000013,6.133
2021,Q2,E08000014,6.4
2021,Q2,E08000015,5.9
2021,Q2,E08000016,5.9
2021,Q2,E08000017,7.133
2021,Q2,E08000018,6.667
2021,Q2,E08000019,6.3
2021,Q2,E08000021,7.1
2021,Q2,E08000022,5.767
2021,Q2,E08000023,8.667
2021,Q2,E08000024,7.367
2021,Q2,E08000025,10.933
2021,Q2,E08000026,7.167
2021,Q2,E08000027,6.767
2021,Q2,E08000028,8.667
2021,Q2,E08000029,5.333
2021,Q2,E08000030,8.233
2021,Q2,E08000031,10.0
2021,Q2,E08000032,9.033
2021,Q2,E08000033,6.533
2021,Q2,E08000034,6.367
2021,Q2,E08000035,6.467
2021,Q2,E08000036,5.567
2021,Q2,E08000037,7.2
2021,Q2,E09000001,3.667
2021,Q2,E09000002,9.933
2021,Q2,E09000003,7.0
2021,Q2,E09000004,5.367
2021,Q2,E09000005,9.667
2021,Q2,E09000006,5.1
2021,Q2,E09000007,7.167
2021,Q2,E09000008,8.567
2021,Q2,E09000009,8.5
2021,Q2,E09000010,9.167
2021,Q2,E09000011,7.8
2021,Q2,E09000012,9.633
2021,Q2,E09000013,7.667
2021,Q2,E09000014,10.9
2021,Q2,E09000015,6.233
2021,Q2,E09000016,6.0
2021,Q2,E09000017,6.8
2021,Q2,E09000018,8.433
2021,Q2,E09000019,8.1
2021,Q2,E09000020,5.867
2021,Q2,E09000021,4.967
2021,Q2,E09000022,8.667
2021,Q2,E09000023,9.167
2021,Q2,E09000024,6.267
2021,Q2,E09000025,10.6
2021,Q2,E09000026,7.733
2021,Q2,E09000027,4.267
2021,Q2,E09000028,8.533
2021,Q2,E09000029,5.067
2021,Q2,E09000030,8.7
2021,Q2,E09000031,9.4
2021,Q2,E09000032,5.467
2021,Q2,E09000033,6.8
2021,Q2,N09000001,3.8
2021,Q2,N09000002,3.867
2021,Q2,N09000003,5.867
2021,Q2,N09000004,4.567
2021,Q2,N09000005,6.433
2021,Q2,N09000006,3.6
2021,Q2,N09000007,3.2
2021,Q2,N09000008,4.4
2021,Q2,N09000009,3.4
2021,Q2,N09000010,4.5
2021,Q2,N09000011,4.133
2021,Q2,S12000005,5.833
2021,Q2,S12000006,4.967
2021,Q2,S12000008,7.1
2021,Q2,S12000010,4.533
2021,Q2,S12000011,3.3
2021,Q2,S12000013,4.533
2021,Q2,S12000014,5.433
2021,Q2,S12000017,4.733
2021,Q2,S12000018,5.967
2021,Q2,S12000019,4.6
2021,Q2,S12000020,4.667
2021,Q2,S12000021,7.5
2021,Q2,S12000023,2.533
2021,Q2,S12000026,4.867
2021,Q2,S12000027,2.933
2021,Q2,S12000028,6.467
2021,Q2,S12000029,5.6
2021,Q2,S12000030,4.133
2021,Q2,S12000033,5.933
2021,Q2,S12000034,3.667
2021,Q2,S12000035,4.933
2021,Q2,S12000036,4.767
2021,Q2,S12000038,5.567
2021,Q2,S12000039,7.467
2021,Q2,S12000040,5.067
2021,Q2,S12000041,5.0
2021,Q2,S12000042,6.667
2021,Q2,S12000045,3.567
2021,Q2,S12000047,5.967
2021,Q2,S12000048,4.2
2021,Q2,S12000049,7.967
2021,Q2,S12000050,6.0
2021,Q2,W06000001,5.667
2021,Q2,W06000002,4.933
2021,Q2,W06000003,6.133
2021,Q2,W06000004,5.967
2021,Q2,W06000005,4.733
2021,Q2,W06000006,5.4
2021,Q2,W06000008,4.1
2021,Q2,W06000009,5.133
2021,Q2,W06000010,4.733
2021,Q2,W06000011,5.567
2021,Q2,W06000012,5.133
2021,Q2,W06000013,5.0
2021,Q2,W06000014,4.933
2021,Q2,W06000015,6.2
2021,Q2,W06000016,5.5
2021,Q2,W06000018,5.633
2021,Q2,W06000019,6.467
2021,Q2,W06000020,5.833
2021,Q2,W06000021,3.7
2021,Q2,W06000022,6.9
2021,Q2,W06000023,3.867
2021,Q2,W06000024,6.0
2021,Q3,E06000001,7.067
2021,Q3,E06000002,8.467
2021,Q3,E06000003,5.8
2021,Q3,E06000004,5.5
2021,Q3,E06000005,5.867
2021,Q3,E06000006,5.567
2021,Q3,E06000007,4.033
2021,Q3,E06000008,6.733
2021,Q3,E06000009,9.067
2021,Q3,E06000010,7.9
2021,Q3,E06000011,3.267
2021,Q3,E06000012,5.6
2021,Q3,E06000013,4.767
2021,Q3,E06000014,2.667
2021,Q3,E06000015,6.233
2021,Q3,E06000016,6.167
2021,Q3,E06000017,2.4
2021,Q3,E06000018,7.1
2021,Q3,E06000019,3.267
2021,Q3,E06000020,4.7
2021,Q3,E06000021,6.967
2021,Q3,E06000022,3.067
2021,Q3,E06000023,4.767
2021,Q3,E06000024,3.4
2021,Q3,E06000025,2.667
2021,Q3,E06000026,4.7
2021,Q3,E06000027,4.8
2021,Q3,E06000030,4.4
2021,Q3,E06000031,6.367
2021,Q3,E06000032,7.2
2021,Q3,E06000033,6.233
2021,Q3,E06000034,5.533
2021,Q3,E06000035,5.667
2021,Q3,E06000036,3.1
2021,Q3,E06000037,2.967
2021,Q3,E06000038,4.867
2021,Q3,E06000039,6.333
2021,Q3,E06000040,3.167
2021,Q3,E06000041,2.333
2021,Q3,E06000042,4.8
2021,Q3,E06000043,5.6
2021,Q3,E06000044,5.933
2021,Q3,E06000045,5.7
2021,Q3,E06000046,4.7
2021,Q3,E06000047,5.2
2021,Q3,E06000049,3.3
2021,Q3,E06000050,3.633
2021,Q3,E06000051,3.433
2021,Q3,E06000052,3.933
2021,Q3,E06000053,1.333
2021,Q3,E06000054,3.033
2021,Q3,E06000055,5.1
2021,Q3,E06000056,3.167
2021,Q3,E06000057,4.6
2021,Q3,E06000058,4.633
2021,Q3,E06000059,3.2
2021,Q3,E06000060,3.5
2021,Q3,E06000061,4.2
2021,Q3,E06000062,4.167
2021,Q3,E06000063,3.867
2021,Q3,E06000064,2.767
2021,Q3,E06000065,2.8
2021,Q3,E06000066,3.5
2021,Q3,E07000008,2.567
2021,Q3,E07000009,2.7
2021,Q3,E07000010,4.9
2021,Q3,E07000011,2.833
2021,Q3,E07000012,2.367
2021,Q3,E07000032,3.467
2021,Q3,E07000033,3.9
2021,Q3,E07000034,4.667
2021,Q3,E07000035,2.3
2021,Q3,E07000036,4.2
2021,Q3,E07000037,3.4
2021,Q3,E07000038,3.367
2021,Q3,E07000039,2.967
2021,Q3,E07000040,2.7
2021,Q3,E07000041,3.033
2021,Q3,E07000042,2.867
2021,Q3,E07000043,3.433
2021,Q3,E07000044,2.9
2021,Q3,E07000045,3.133
2021,Q3,E07000046,3.533
2021,Q3,E07000047,2.933
2021,Q3,E07000061,6.0
2021,Q3,E07000062,7.333
2021,Q3,E07000063,4.5
2021,Q3,E07000064,4.533
2021,Q3,E07000065,3.133
2021,Q3,E07000066,5.133
2021,Q3,E07000067,3.733
2021,Q3,E07000068,3.8
2021,Q3,E07000069,3.7
2021,Q3,E07000070,3.333
2021,Q3,E07000071,4.033
2021,Q3,E07000072,4.167
2021,Q3,E07000073,5.933
2021,Q3,E07000074,3.433
2021,Q3,E07000075,3.233
2021,Q3,E07000076,5.867
2021,Q3,E07000077,2.867
2021,Q3,E07000078,3.7
2021,Q3,E07000079,2.633
2021,Q3,E07000080,3.3
2021,Q3,E07000081,4.567
2021,Q3,E07000082,2.6
2021,Q3,E07000083,2.9
2021,Q3,E07000084,3.2
2021,Q3,E07000085,2.633
2021,Q3,E07000086,2.767
2021,Q3,E07000087,2.533
2021,Q3,E07000088,4.6
2021,Q3,E07000089,2.2
2021,Q3,E07000090,4.767
2021,Q3,E07000091,2.867
2021,Q3,E07000092,3.867
2021,Q3,E07000093,2.467
2021,Q3,E07000094,2.633
2021,Q3,E07000095,5.033
2021,Q3,E07000096,4.033
2021,Q3,E07000098,4.133
2021,Q3,E07000099,3.333
2021,Q3,E07000102,3.167
2021,Q3,E07000103,4.7
2021,Q3,E07000105,4.4
2021,Q3,E07000106,4.1
2021,Q3,E07000107,4.133
2021,Q3,E07000108,5.133
2021,Q3,E07000109,5.9
2021,Q3,E07000110,4.033
2021,Q3,E07000111,3.1
2021,Q3,E07000112,5.767
2021,Q3,E07000113,5.233
2021,Q3,E07000114,7.967
2021,Q3,E07000115,3.2
2021,Q3,E07000116,3.4
2021,Q3,E07000117,7.1
2021,Q3,E07000118,3.433
2021,Q3,E07000119,3.767
2021,Q3,E07000120,6.8
2021,Q3,E07000121,4.333
2021,Q3,E07000122,6.2
2021,Q3,E07000123,5.467
2021,Q3,E07000124,2.267
2021,Q3,E07000125,5.367
2021,Q3,E07000126,3.067
2021,Q3,E07000127,4.0
2021,Q3,E07000128,4.267
2021,Q3,E07000129,2.767
2021,Q3,E07000130,3.033
2021,Q3,E07000131,2.267
2021,Q3,E07000132,3.367
2021,Q3,E07000133,3.167
2021,Q3,E07000134,2.833
2021,Q3,E07000135,3.533
2021,Q3,E07000136,5.7
2021,Q3,E07000137,4.5
2021,Q3,E07000138,5.333
2021,Q3,E07000139,2.833
2021,Q3,E07000140,4.133
2021,Q3,E07000141,3.767
2021,Q3,E07000142,4.167
2021,Q3,E07000143,3.167
2021,Q3,E07000144,2.6
2021,Q3,E07000145,6.067
2021,Q3,E07000146,3.633
2021,Q3,E07000147,3.3
2021,Q3,E07000148,5.3
2021,Q3,E07000149,2.767
2021,Q3,E07000170,5.033
2021,Q3,E07000171,3.933
2021,Q3,E07000172,3.6
2021,Q3,E07000173,3.933
2021,Q3,E07000174,4.967
2021,Q3,E07000175,3.7
2021,Q3,E07000176,2.4
2021,Q3,E07000177,3.033
2021,Q3,E07000178,3.467
2021,Q3,E07000179,2.467
2021,Q3,E07000180,2.5
2021,Q3,E07000181,2.633
2021,Q3,E07000192,4.333
2021,Q3,E07000193,4.1
2021,Q3,E07000194,3.333
2021,Q3,E07000195,3.9
2021,Q3,E07000196,3.6
2021,Q3,E07000197,3.267
2021,Q3,E07000198,2.867
2021,Q3,E07000199,4.7
2021,Q3,E07000200,3.4
2021,Q3,E07000202,6.2
2021,Q3,E07000203,2.633
2021,Q3,E07000207,2.8
2021,Q3,E07000208,2.767
2021,Q3,E07000209,2.467
2021,Q3,E07000210,2.667
2021,Q3,E07000211,3.133
2021,Q3,E07000212,3.3
2021,Q3,E07000213,4.067
2021,Q3,E07000214,2.6
2021,Q3,E07000215,3.2
2021,Q3,E07000216,2.233
2021,Q3,E07000217,3.067
2021,Q3,E07000218,3.7
2021,Q3,E07000219,5.033
2021,Q3,E07000220,3.567
2021,Q3,E07000221,2.867
2021,Q3,E07000222,2.933
2021,Q3,E07000223,4.433
2021,Q3,E07000224,4.367
2021,Q3,E07000225,3.733
2021,Q3,E07000226,5.8
2021,Q3,E07000227,2.8
2021,Q3,E07000228,2.4
2021,Q3,E07000229,4.567
2021,Q3,E07000234,3.6
2021,Q3,E07000235,3.5
2021,Q3,E07000236,4.733
2021,Q3,E07000237,4.367
2021,Q3,E07000238,3.333
2021,Q3,E07000239,4.5
2021,Q3,E07000240,3.0
2021,Q3,E07000241,3.9
2021,Q3,E07000242,2.933
2021,Q3,E07000243,4.967
2021,Q3,E07000244,3.9
2021,Q3,E07000245,3.167
2021,Q3,E08000001,7.067
2021,Q3,E08000002,5.667
2021,Q3,E08000003,7.733
2021,Q3,E08000004,8.433
2021,Q3,E08000005,7.5
2021,Q3,E08000006,6.567
2021,Q3,E08000007,4.7
2021,Q3,E08000008,6.233
2021,Q3,E08000009,4.2
2021,Q3,E08000010,5.3
2021,Q3,E08000011,6.833
2021,Q3,E08000012,7.733
2021,Q3,E08000013,5.5
2021,Q3,E08000014,5.467
2021,Q3,E08000015,5.167
2021,Q3,E08000016,5.233
2021,Q3,E08000017,6.333
2021,Q3,E08000018,6.067
2021,Q3,E08000019,5.733
2021,Q3,E08000021,6.4
2021,Q3,E08000022,5.0
2021,Q3,E08000023,7.7
2021,Q3,E08000024,6.6
2021,Q3,E08000025,10.167
2021,Q3,E08000026,6.467
2021,Q3,E08000027,6.1
2021,Q3,E08000028,7.767
2021,Q3,E08000029,4.667
2021,Q3,E08000030,7.4
2021,Q3,E08000031,9.1
2021,Q3,E08000032,8.333
2021,Q3,E08000033,5.667
2021,Q3,E08000034,5.7
2021,Q3,E08000035,5.7
2021,Q3,E08000036,4.9
2021,Q3,E08000037,6.367
2021,Q3,E09000001,3.1
2021,Q3,E09000002,8.733
2021,Q3,E09000003,6.0
2021,Q3,E09000004,4.533
2021,Q3,E09000005,8.433
2021,Q3,E09000006,4.267
2021,Q3,E09000007,6.133
2021,Q3,E09000008,7.567
2021,Q3,E09000009,7.5
2021,Q3,E09000010,8.133
2021,Q3,E09000011,6.833
2021,Q3,E09000012,8.333
2021,Q3,E09000013,6.567
2021,Q3,E09000014,9.433
2021,Q3,E09000015,5.433
2021,Q3,E09000016,5.1
2021,Q3,E09000017,5.8
2021,Q3,E09000018,7.2
2021,Q3,E09000019,6.967
2021,Q3,E09000020,5.067
2021,Q3,E09000021,4.167
2021,Q3,E09000022,7.467
2021,Q3,E09000023,7.967
2021,Q3,E09000024,5.333
2021,Q3,E09000025,9.333
2021,Q3,E09000026,6.833
2021,Q3,E09000027,3.6
2021,Q3,E09000028,7.233
2021,Q3,E09000029,4.267
2021,Q3,E09000030,7.7
2021,Q3,E09000031,8.067
2021,Q3,E09000032,4.633
2021,Q3,E09000033,5.867
2021,Q3,N09000001,3.333
2021,Q3,N09000002,3.5
2021,Q3,N09000003,5.4
2021,Q3,N09000004,4.0
2021,Q3,N09000005,6.067
2021,Q3,N09000006,3.267
2021,Q3,N09000007,2.8
2021,Q3,N09000008,4.1
2021,Q3,N09000009,3.167
2021,Q3,N09000010,3.933
2021,Q3,N09000011,3.767
2021,Q3,S12000005,5.0
2021,Q3,S12000006,4.333
2021,Q3,S12000008,6.333
2021,Q3,S12000010,3.767
2021,Q3,S12000011,2.767
2021,Q3,S12000013,3.6
2021,Q3,S12000014,4.633
2021,Q3,S12000017,3.6
2021,Q3,S12000018,5.4
2021,Q3,S12000019,3.833
2021,Q3,S12000020,3.9
2021,Q3,S12000021,6.567
2021,Q3,S12000023,2.033
2021,Q3,S12000026,4.133
2021,Q3,S12000027,2.467
2021,Q3,S12000028,5.533
2021,Q3,S12000029,4.9
2021,Q3,S12000030,3.4
2021,Q3,S12000033,5.1
2021,Q3,S12000034,3.1
2021,Q3,S12000035,3.967
2021,Q3,S12000036,3.933
2021,Q3,S12000038,4.7
2021,Q3,S12000039,6.467
2021,Q3,S12000040,4.267
2021,Q3,S12000041,4.367
2021,Q3,S12000042,6.133
2021,Q3,S12000045,3.133
2021,Q3,S12000047,5.233
2021,Q3,S12000048,3.633
2021,Q3,S12000049,7.1
2021,Q3,S12000050,5.267
2021,Q3,W06000001,4.767
2021,Q3,W06000002,3.933
2021,Q3,W06000003,4.933
2021,Q3,W06000004,5.033
2021,Q3,W06000005,4.067
2021,Q3,W06000006,4.667
2021,Q3,W06000008,3.367
2021,Q3,W06000009,4.3
2021,Q3,W06000010,4.167
2021,Q3,W06000011,4.9
2021,Q3,W06000012,4.5
2021,Q3,W06000013,4.3
2021,Q3,W06000014,4.167
2021,Q3,W06000015,5.3
2021,Q3,W06000016,4.767
2021,Q3,W06000018,5.0
2021,Q3,W06000019,5.833
2021,Q3,W06000020,5.167
2021,Q3,W06000021,3.167
2021,Q3,W06000022,6.233
2021,Q3,W06000023,3.2
2021,Q3,W06000024,5.267
2021,Q4,E06000001,6.5
2021,Q4,E06000002,7.567
2021,Q4,E06000003,5.033
2021,Q4,E06000004,4.933
2021,Q4,E06000005,5.167
2021,Q4,E06000006,4.8
2021,Q4,E06000007,3.467
2021,Q4,E06000008,6.1
2021,Q4,E06000009,8.133
2021,Q4,E06000010,7.333
2021,Q4,E06000011,2.9
2021,Q4,E06000012,5.133
2021,Q4,E06000013,4.267
2021,Q4,E06000014,2.3
2021,Q4,E06000015,5.467
2021,Q4,E06000016,5.6
2021,Q4,E06000017,2.067
2021,Q4,E06000018,6.4
2021,Q4,E06000019,2.8
2021,Q4,E06000020,4.233
2021,Q4,E06000021,6.2
2021,Q4,E06000022,2.6
2021,Q4,E06000023,4.233
2021,Q4,E06000024,3.0
2021,Q4,E06000025,2.3
2021,Q4,E06000026,4.2
2021,Q4,E06000027,4.133
2021,Q4,E06000030,4.0
2021,Q4,E06000031,5.667
2021,Q4,E06000032,6.5
2021,Q4,E06000033,5.533
2021,Q4,E06000034,4.633
2021,Q4,E06000035,5.033
2021,Q4,E06000036,2.6
2021,Q4,E06000037,2.6
2021,Q4,E06000038,4.3
2021,Q4,E06000039,5.667
2021,Q4,E06000040,2.767
2021,Q4,E06000041,1.933
2021,Q4,E06000042,4.133
2021,Q4,E06000043,4.967
2021,Q4,E06000044,5.3
2021,Q4,E06000045,5.033
2021,Q4,E06000046,4.2
2021,Q4,E06000047,4.6
2021,Q4,E06000049,2.833
2021,Q4,E06000050,3.167
2021,Q4,E06000051,3.0
2021,Q4,E06000052,3.5
2021,Q4,E06000053,1.667
2021,Q4,E06000054,2.633
2021,Q4,E06000055,4.567
2021,Q4,E06000056,2.767
2021,Q4,E06000057,4.133
2021,Q4,E06000058,4.0
2021,Q4,E06000059,2.8
2021,Q4,E06000060,3.1
2021,Q4,E06000061,3.6
2021,Q4,E06000062,3.667
2021,Q4,E06000063,3.333
2021,Q4,E06000064,2.467
2021,Q4,E06000065,2.5
2021,Q4,E06000066,3.067
2021,Q4,E07000008,2.233
2021,Q4,E07000009,2.433
2021,Q4,E07000010,4.4
2021,Q4,E07000011,2.533
2021,Q4,E07000012,2.1
2021,Q4,E07000032,3.0
2021,Q4,E07000033,3.367
2021,Q4,E07000034,4.033
2021,Q4,E07000035,1.967
2021,Q4,E07000036,3.667
2021,Q4,E07000037,3.0
2021,Q4,E07000038,2.933
2021,Q4,E07000039,2.6
2021,Q4,E07000040,2.4
2021,Q4,E07000041,2.6
2021,Q4,E07000042,2.6
2021,Q4,E07000043,3.0
2021,Q4,E07000044,2.6
2021,Q4,E07000045,2.833
2021,Q4,E07000046,3.0
2021,Q4,E07000047,2.5
2021,Q4,E07000061,5.6
2021,Q4,E07000062,6.833
2021,Q4,E07000063,4.067
2021,Q4,E07000064,4.133
2021,Q4,E07000065,2.733
2021,Q4,E07000066,4.4
2021,Q4,E07000067,3.2
2021,Q4,E07000068,3.2
2021,Q4,E07000069,3.1
2021,Q4,E07000070,3.0
2021,Q4,E07000071,3.533
2021,Q4,E07000072,3.6
2021,Q4,E07000073,5.3
2021,Q4,E07000074,3.0
2021,Q4,E07000075,2.8
2021,Q4,E07000076,5.267
2021,Q4,E07000077,2.3
2021,Q4,E07000078,3.267
2021,Q4,E07000079,2.333
2021,Q4,E07000080,2.933
2021,Q4,E07000081,3.967
2021,Q4,E07000082,2.233
2021,Q4,E07000083,2.433
2021,Q4,E07000084,2.8
2021,Q4,E07000085,2.267
2021,Q4,E07000086,2.433
2021,Q4,E07000087,2.2
2021,Q4,E07000088,4.1
2021,Q4,E07000089,1.8
2021,Q4,E07000090,4.2
2021,Q4,E07000091,2.5
2021,Q4,E07000092,3.4
2021,Q4,E07000093,2.167
2021,Q4,E07000094,2.3
2021,Q4,E07000095,4.167
2021,Q4,E07000096,3.467
2021,Q4,E07000098,3.567
2021,Q4,E07000099,2.9
2021,Q4,E07000102,2.633
2021,Q4,E07000103,3.933
2021,Q4,E07000105,3.9
2021,Q4,E07000106,3.733
2021,Q4,E07000107,3.433
2021,Q4,E07000108,4.667
2021,Q4,E07000109,5.067
2021,Q4,E07000110,3.6
2021,Q4,E07000111,2.6
2021,Q4,E07000112,5.333
2021,Q4,E07000113,4.667
2021,Q4,E07000114,7.233
2021,Q4,E07000115,2.667
2021,Q4,E07000116,2.967
2021,Q4,E07000117,6.267
2021,Q4,E07000118,3.067
2021,Q4,E07000119,3.333
2021,Q4,E07000120,6.0
2021,Q4,E07000121,3.9
2021,Q4,E07000122,5.5
2021,Q4,E07000123,4.867
2021,Q4,E07000124,2.0
2021,Q4,E07000125,4.833
2021,Q4,E07000126,2.7
2021,Q4,E07000127,3.567
2021,Q4,E07000128,3.767
2021,Q4,E07000129,2.467
2021,Q4,E07000130,2.7
2021,Q4,E07000131,1.933
2021,Q4,E07000132,2.933
2021,Q4,E07000133,2.8
2021,Q4,E07000134,2.533
2021,Q4,E07000135,3.1
2021,Q4,E07000136,5.2
2021,Q4,E07000137,4.067
2021,Q4,E07000138,4.9
2021,Q4,E07000139,2.433
2021,Q4,E07000140,3.667
2021,Q4,E07000141,3.4
2021,Q4,E07000142,3.7
2021,Q4,E07000143,2.9
2021,Q4,E07000144,2.333
2021,Q4,E07000145,5.867
2021,Q4,E07000146,3.133
2021,Q4,E07000147,3.1
2021,Q4,E07000148,4.767
2021,Q4,E07000149,2.533
2021,Q4,E07000170,4.567
2021,Q4,E07000171,3.533
2021,Q4,E07000172,3.167
2021,Q4,E07000173,3.533
2021,Q4,E07000174,4.567
2021,Q4,E07000175,3.4
2021,Q4,E07000176,2.1
2021,Q4,E07000177,2.6
2021,Q4,E07000178,3.0
2021,Q4,E07000179,2.1
2021,Q4,E07000180,2.2
2021,Q4,E07000181,2.3
2021,Q4,E07000192,3.733
2021,Q4,E07000193,3.5
2021,Q4,E07000194,2.867
2021,Q4,E07000195,3.4
2021,Q4,E07000196,3.3
2021,Q4,E07000197,2.9
2021,Q4,E07000198,2.5
2021,Q4,E07000199,4.1
2021,Q4,E07000200,2.933
2021,Q4,E07000202,5.567
2021,Q4,E07000203,2.3
2021,Q4,E07000207,2.4
2021,Q4,E07000208,2.3
2021,Q4,E07000209,2.167
2021,Q4,E07000210,2.233
2021,Q4,E07000211,2.633
2021,Q4,E07000212,2.8
2021,Q4,E07000213,3.433
2021,Q4,E07000214,2.3
2021,Q4,E07000215,2.6
2021,Q4,E07000216,1.967
2021,Q4,E07000217,2.7
2021,Q4,E07000218,3.2
2021,Q4,E07000219,4.633
2021,Q4,E07000220,3.133
2021,Q4,E07000221,2.633
2021,Q4,E07000222,2.633
2021,Q4,E07000223,3.767
2021,Q4,E07000224,3.8
2021,Q4,E07000225,3.433
2021,Q4,E07000226,4.867
2021,Q4,E07000227,2.4
2021,Q4,E07000228,2.067
2021,Q4,E07000229,3.967
2021,Q4,E07000234,3.2
2021,Q4,E07000235,3.167
2021,Q4,E07000236,4.2
2021,Q4,E07000237,3.933
2021,Q4,E07000238,3.0
2021,Q4,E07000239,3.9
2021,Q4,E07000240,2.633
2021,Q4,E07000241,3.433
2021,Q4,E07000242,2.467
2021,Q4,E07000243,4.267
2021,Q4,E07000244,3.5
2021,Q4,E07000245,2.633
2021,Q4,E08000001,6.333
2021,Q4,E08000002,5.033
2021,Q4,E08000003,7.0
2021,Q4,E08000004,7.4
2021,Q4,E08000005,6.9
2021,Q4,E08000006,5.867
2021,Q4,E08000007,4.1
2021,Q4,E08000008,5.5
2021,Q4,E08000009,3.6
2021,Q4,E08000010,4.7
2021,Q4,E08000011,5.933
2021,Q4,E08000012,6.833
2021,Q4,E08000013,4.867
2021,Q4,E08000014,4.8
2021,Q4,E08000015,4.533
2021,Q4,E08000016,4.7
2021,Q4,E08000017,5.6
2021,Q4,E08000018,5.4
2021,Q4,E08000019,5.133
2021,Q4,E08000021,5.7
2021,Q4,E08000022,4.4
2021,Q4,E08000023,6.833
2021,Q4,E08000024,5.9
2021,Q4,E08000025,9.333
2021,Q4,E08000026,5.733
2021,Q4,E08000027,5.533
2021,Q4,E08000028,7.1
2021,Q4,E08000029,4.1
2021,Q4,E08000030,6.633
2021,Q4,E08000031,8.2
2021,Q4,E08000032,7.567
2021,Q4,E08000033,4.967
2021,Q4,E08000034,5.1
2021,Q4,E08000035,5.0
2021,Q4,E08000036,4.333
2021,Q4,E08000037,5.5
2021,Q4,E09000001,4.533
2021,Q4,E09000002,7.467
2021,Q4,E09000003,5.367
2021,Q4,E09000004,3.8
2021,Q4,E09000005,7.367
2021,Q4,E09000006,3.633
2021,Q4,E09000007,5.633
2021,Q4,E09000008,6.733
2021,Q4,E09000009,6.567
2021,Q4,E09000010,7.067
2021,Q4,E09000011,5.933
2021,Q4,E09000012,7.2
2021,Q4,E09000013,5.833
2021,Q4,E09000014,8.233
2021,Q4,E09000015,4.733
2021,Q4,E09000016,4.433
2021,Q4,E09000017,4.967
2021,Q4,E09000018,6.167
2021,Q4,E09000019,6.1
2021,Q4,E09000020,4.567
2021,Q4,E09000021,3.533
2021,Q4,E09000022,6.467
2021,Q4,E09000023,7.0
2021,Q4,E09000024,4.6
2021,Q4,E09000025,8.2
2021,Q4,E09000026,5.933
2021,Q4,E09000027,3.033
2021,Q4,E09000028,6.333
2021,Q4,E09000029,3.6
2021,Q4,E09000030,6.633
2021,Q4,E09000031,6.833
2021,Q4,E09000032,4.0
2021,Q4,E09000033,5.2
2021,Q4,N09000001,2.9
2021,Q4,N09000002,3.033
2021,Q4,N09000003,4.833
2021,Q4,N09000004,3.633
2021,Q4,N09000005,5.5
2021,Q4,N09000006,2.867
2021,Q4,N09000007,2.4
2021,Q4,N09000008,3.667
2021,Q4,N09000009,2.6
2021,Q4,N09000010,3.467
2021,Q4,N09000011,3.267
2021,Q4,S12000005,4.5
2021,Q4,S12000006,3.833
2021,Q4,S12000008,5.6
2021,Q4,S12000010,3.267
2021,Q4,S12000011,2.3
2021,Q4,S12000013,3.067
2021,Q4,S12000014,3.933
2021,Q4,S12000017,2.967
2021,Q4,S12000018,4.733
2021,Q4,S12000019,3.033
2021,Q4,S12000020,3.267
2021,Q4,S12000021,5.733
2021,Q4,S12000023,1.833
2021,Q4,S12000026,3.567
2021,Q4,S12000027,2.3
2021,Q4,S12000028,4.833
2021,Q4,S12000029,4.167
2021,Q4,S12000030,2.933
2021,Q4,S12000033,4.433
2021,Q4,S12000034,2.633
2021,Q4,S12000035,3.467
2021,Q4,S12000036,3.3
2021,Q4,S12000038,3.867
2021,Q4,S12000039,5.7
2021,Q4,S12000040,3.467
2021,Q4,S12000041,3.633
2021,Q4,S12000042,5.2
2021,Q4,S12000045,2.633
2021,Q4,S12000047,4.433
2021,Q4,S12000048,3.0
2021,Q4,S12000049,6.2
2021,Q4,S12000050,4.533
2021,Q4,W06000001,4.3
2021,Q4,W06000002,3.6
2021,Q4,W06000003,4.533
2021,Q4,W06000004,4.533
2021,Q4,W06000005,3.7
2021,Q4,W06000006,4.133
2021,Q4,W06000008,3.1
2021,Q4,W06000009,4.0
2021,Q4,W06000010,3.6
2021,Q4,W06000011,4.367
2021,Q4,W06000012,4.0
2021,Q4,W06000013,3.867
2021,Q4,W06000014,3.6
2021,Q4,W06000015,4.667
2021,Q4,W06000016,4.2
2021,Q4,W06000018,4.467
2021,Q4,W06000019,5.267
2021,Q4,W06000020,4.667
2021,Q4,W06000021,2.833
2021,Q4,W06000022,5.6
2021,Q4,W06000023,2.867
2021,Q4,W06000024,4.667
2022,Q1,E06000001,5.9
2022,Q1,E06000002,6.8
2022,Q1,E06000003,4.833
2022,Q1,E06000004,4.567
2022,Q1,E06000005,4.667
2022,Q1,E06000006,4.633
2022,Q1,E06000007,3.267
2022,Q1,E06000008,5.667
2022,Q1,E06000009,8.1
2022,Q1,E06000010,7.0
2022,Q1,E06000011,2.8
2022,Q1,E06000012,4.833
2022,Q1,E06000013,4.033
2022,Q1,E06000014,2.067
2022,Q1,E06000015,5.0
2022,Q1,E06000016,5.167
2022,Q1,E06000017,1.667
2022,Q1,E06000018,5.867
2022,Q1,E06000019,2.7
2022,Q1,E06000020,3.967
2022,Q1,E06000021,5.833
2022,Q1,E06000022,2.333
2022,Q1,E06000023,3.767
2022,Q1,E06000024,2.767
2022,Q1,E06000025,2.033
2022,Q1,E06000026,3.833
2022,Q1,E06000027,4.0
2022,Q1,E06000030,3.633
2022,Q1,E06000031,5.267
2022,Q1,E06000032,6.1
2022,Q1,E06000033,5.233
2022,Q1,E06000034,4.2
2022,Q1,E06000035,4.633
2022,Q1,E06000036,2.333
2022,Q1,E06000037,2.467
2022,Q1,E06000038,3.9
2022,Q1,E06000039,5.3
2022,Q1,E06000040,2.5
2022,Q1,E06000041,1.7
2022,Q1,E06000042,3.767
2022,Q1,E06000043,4.633
2022,Q1,E06000044,5.0
2022,Q1,E06000045,4.667
2022,Q1,E06000046,4.333
2022,Q1,E06000047,4.167
2022,Q1,E06000049,2.567
2022,Q1,E06000050,2.867
2022,Q1,E06000051,2.8
2022,Q1,E06000052,3.333
2022,Q1,E06000053,2.067
2022,Q1,E06000054,2.467
2022,Q1,E06000055,4.267
2022,Q1,E06000056,2.467
2022,Q1,E06000057,3.9
2022,Q1,E06000058,3.767
2022,Q1,E06000059,2.767
2022,Q1,E06000060,2.833
2022,Q1,E06000061,3.367
2022,Q1,E06000062,3.433
2022,Q1,E06000063,3.167
2022,Q1,E06000064,2.433
2022,Q1,E06000065,2.367
2022,Q1,E06000066,2.867
2022,Q1,E07000008,2.0
2022,Q1,E07000009,2.2
2022,Q1,E07000010,4.133
2022,Q1,E07000011,2.267
2022,Q1,E07000012,1.867
2022,Q1,E07000032,2.667
2022,Q1,E07000033,3.067
2022,Q1,E07000034,3.6
2022,Q1,E07000035,1.8
2022,Q1,E07000036,3.433
2022,Q1,E07000037,2.667
2022,Q1,E07000038,2.667
2022,Q1,E07000039,2.233
2022,Q1,E07000040,2.167
2022,Q1,E07000041,2.267
2022,Q1,E07000042,2.3
2022,Q1,E07000043,3.033
2022,Q1,E07000044,2.467
2022,Q1,E07000045,2.567
2022,Q1,E07000046,2.8
2022,Q1,E07000047,2.267
2022,Q1,E07000061,5.467
2022,Q1,E07000062,6.733
2022,Q1,E07000063,3.8
2022,Q1,E07000064,3.933
2022,Q1,E07000065,2.567
2022,Q1,E07000066,4.0
2022,Q1,E07000067,2.9
2022,Q1,E07000068,2.967
2022,Q1,E07000069,2.833
2022,Q1,E07000070,2.733
2022,Q1,E07000071,3.133
2022,Q1,E07000072,3.333
2022,Q1,E07000073,5.033
2022,Q1,E07000074,2.767
2022,Q1,E07000075,2.5
2022,Q1,E07000076,5.067
2022,Q1,E07000077,2.0
2022,Q1,E07000078,2.933
2022,Q1,E07000079,2.167
2022,Q1,E07000080,2.6
2022,Q1,E07000081,3.567
2022,Q1,E07000082,1.967
2022,Q1,E07000083,2.267
2022,Q1,E07000084,2.633
2022,Q1,E07000085,2.1
2022,Q1,E07000086,2.167
2022,Q1,E07000087,2.067
2022,Q1,E07000088,3.967
2022,Q1,E07000089,1.7
2022,Q1,E07000090,3.967
2022,Q1,E07000091,2.367
2022,Q1,E07000092,3.1
2022,Q1,E07000093,2.033
2022,Q1,E07000094,2.067
2022,Q1,E07000095,3.867
2022,Q1,E07000096,3.1
2022,Q1,E07000098,3.3
2022,Q1,E07000099,2.633
2022,Q1,E07000102,2.367
2022,Q1,E07000103,3.567
2022,Q1,E07000105,3.633
2022,Q1,E07000106,3.533
2022,Q1,E07000107,3.1
2022,Q1,E07000108,4.433
2022,Q1,E07000109,4.633
2022,Q1,E07000110,3.333
2022,Q1,E07000111,2.3
2022,Q1,E07000112,5.0
2022,Q1,E07000113,4.333
2022,Q1,E07000114,6.967
2022,Q1,E07000115,2.367
2022,Q1,E07000116,2.733
2022,Q1,E07000117,5.567
2022,Q1,E07000118,2.867
2022,Q1,E07000119,3.2
2022,Q1,E07000120,5.6
2022,Q1,E07000121,3.5
2022,Q1,E07000122,5.133
2022,Q1,E07000123,4.467
2022,Q1,E07000124,1.867
2022,Q1,E07000125,4.467
2022,Q1,E07000126,2.433
2022,Q1,E07000127,3.233
2022,Q1,E07000128,3.433
2022,Q1,E07000129,2.3
2022,Q1,E07000130,2.533
2022,Q1,E07000131,1.8
2022,Q1,E07000132,2.767
2022,Q1,E07000133,2.6
2022,Q1,E07000134,2.367
2022,Q1,E07000135,2.767
2022,Q1,E07000136,5.167
2022,Q1,E07000137,4.333
2022,Q1,E07000138,4.5
2022,Q1,E07000139,2.167
2022,Q1,E07000140,3.367
2022,Q1,E07000141,3.2
2022,Q1,E07000142,3.4
2022,Q1,E07000143,2.7
2022,Q1,E07000144,2.2
2022,Q1,E07000145,6.067
2022,Q1,E07000146,2.967
2022,Q1,E07000147,3.133
2022,Q1,E07000148,4.367
2022,Q1,E07000149,2.367
2022,Q1,E07000170,4.267
2022,Q1,E07000171,3.367
2022,Q1,E07000172,2.833
2022,Q1,E07000173,3.267
2022,Q1,E07000174,4.233
2022,Q1,E07000175,3.233
2022,Q1,E07000176,1.933
2022,Q1,E07000177,2.167
2022,Q1,E07000178,2.667
2022,Q1,E07000179,1.933
2022,Q1,E07000180,2.133
2022,Q1,E07000181,2.1
2022,Q1,E07000192,3.467
2022,Q1,E07000193,3.167
2022,Q1,E07000194,2.633
2022,Q1,E07000195,3.2
2022,Q1,E07000196,3.067
2022,Q1,E07000197,2.733
2022,Q1,E07000198,2.3
2022,Q1,E07000199,3.933
2022,Q1,E07000200,2.633
2022,Q1,E07000202,5.167
2022,Q1,E07000203,2.133
2022,Q1,E07000207,2.167
2022,Q1,E07000208,2.067
2022,Q1,E07000209,1.967
2022,Q1,E07000210,2.1
2022,Q1,E07000211,2.367
2022,Q1,E07000212,2.467
2022,Q1,E07000213,3.133
2022,Q1,E07000214,2.167
2022,Q1,E07000215,2.367
2022,Q1,E07000216,1.833
2022,Q1,E07000217,2.433
2022,Q1,E07000218,3.0
2022,Q1,E07000219,4.267
2022,Q1,E07000220,2.867
2022,Q1,E07000221,2.367
2022,Q1,E07000222,2.433
2022,Q1,E07000223,3.333
2022,Q1,E07000224,3.6
2022,Q1,E07000225,3.167
2022,Q1,E07000226,4.5
2022,Q1,E07000227,2.167
2022,Q1,E07000228,1.867
2022,Q1,E07000229,3.633
2022,Q1,E07000234,3.033
2022,Q1,E07000235,2.9
2022,Q1,E07000236,4.067
2022,Q1,E07000237,3.833
2022,Q1,E07000238,2.933
2022,Q1,E07000239,3.733
2022,Q1,E07000240,2.3
2022,Q1,E07000241,3.033
2022,Q1,E07000242,2.167
2022,Q1,E07000243,3.767
2022,Q1,E07000244,3.367
2022,Q1,E07000245,2.433
2022,Q1,E08000001,5.867
2022,Q1,E08000002,4.667
2022,Q1,E08000003,6.4
2022,Q1,E08000004,6.933
2022,Q1,E08000005,6.5
2022,Q1,E08000006,5.333
2022,Q1,E08000007,3.833
2022,Q1,E08000008,5.067
2022,Q1,E08000009,3.367
2022,Q1,E08000010,4.367
2022,Q1,E08000011,5.367
2022,Q1,E08000012,6.367
2022,Q1,E08000013,4.467
2022,Q1,E08000014,4.567
2022,Q1,E08000015,4.2
2022,Q1,E08000016,4.2
2022,Q1,E08000017,5.2
2022,Q1,E08000018,5.067
2022,Q1,E08000019,4.667
2022,Q1,E08000021,5.167
2022,Q1,E08000022,4.067
2022,Q1,E08000023,6.533
2022,Q1,E08000024,5.533
2022,Q1,E08000025,8.833
2022,Q1,E08000026,5.333
2022,Q1,E08000027,5.167
2022,Q1,E08000028,6.633
2022,Q1,E08000029,3.767
2022,Q1,E08000030,6.2
2022,Q1,E08000031,7.667
2022,Q1,E08000032,7.067
2022,Q1,E08000033,4.633
2022,Q1,E08000034,4.667
2022,Q1,E08000035,4.567
2022,Q1,E08000036,3.967
2022,Q1,E08000037,5.167
2022,Q1,E09000001,3.5
2022,Q1,E09000002,6.833
2022,Q1,E09000003,4.933
2022,Q1,E09000004,3.367
2022,Q1,E09000005,6.733
2022,Q1,E09000006,3.233
2022,Q1,E09000007,4.967
2022,Q1,E09000008,6.1
2022,Q1,E09000009,5.967
2022,Q1,E09000010,6.633
2022,Q1,E09000011,5.367
2022,Q1,E09000012,6.567
2022,Q1,E09000013,5.233
2022,Q1,E09000014,7.7
2022,Q1,E09000015,4.233
2022,Q1,E09000016,4.0
2022,Q1,E09000017,4.267
2022,Q1,E09000018,5.567
2022,Q1,E09000019,5.5
2022,Q1,E09000020,4.033
2022,Q1,E09000021,3.133
2022,Q1,E09000022,5.967
2022,Q1,E09000023,6.467
2022,Q1,E09000024,4.267
2022,Q1,E09000025,7.2
2022,Q1,E09000026,5.2
2022,Q1,E09000027,2.733
2022,Q1,E09000028,5.833
2022,Q1,E09000029,3.133
2022,Q1,E09000030,5.8
2022,Q1,E09000031,6.233
2022,Q1,E09000032,3.633
2022,Q1,E09000033,4.7
2022,Q1,N09000001,2.567
2022,Q1,N09000002,2.667
2022,Q1,N09000003,4.367
2022,Q1,N09000004,3.367
2022,Q1,N09000005,5.067
2022,Q1,N09000006,2.567
2022,Q1,N09000007,2.1
2022,Q1,N09000008,3.3
2022,Q1,N09000009,2.3
2022,Q1,N09000010,3.133
2022,Q1,N09000011,2.933
2022,Q1,S12000005,4.133
2022,Q1,S12000006,3.667
2022,Q1,S12000008,5.267
2022,Q1,S12000010,2.933
2022,Q1,S12000011,2.1
2022,Q1,S12000013,3.0
2022,Q1,S12000014,3.633
2022,Q1,S12000017,2.967
2022,Q1,S12000018,4.5
2022,Q1,S12000019,2.7
2022,Q1,S12000020,3.1
2022,Q1,S12000021,5.467
2022,Q1,S12000023,1.933
2022,Q1,S12000026,3.4
2022,Q1,S12000027,2.167
2022,Q1,S12000028,4.667
2022,Q1,S12000029,3.833
2022,Q1,S12000030,2.733
2022,Q1,S12000033,4.1
2022,Q1,S12000034,2.5
2022,Q1,S12000035,3.467
2022,Q1,S12000036,2.867
2022,Q1,S12000038,3.633
2022,Q1,S12000039,5.533
2022,Q1,S12000040,3.1
2022,Q1,S12000041,3.367
2022,Q1,S12000042,4.833
2022,Q1,S12000045,2.433
2022,Q1,S12000047,4.2
2022,Q1,S12000048,2.833
2022,Q1,S12000049,5.7
2022,Q1,S12000050,4.2
2022,Q1,W06000001,4.067
2022,Q1,W06000002,3.533
2022,Q1,W06000003,4.4
2022,Q1,W06000004,4.233
2022,Q1,W06000005,3.533
2022,Q1,W06000006,3.767
2022,Q1,W06000008,3.167
2022,Q1,W06000009,4.033
2022,Q1,W06000010,3.333
2022,Q1,W06000011,3.967
2022,Q1,W06000012,3.667
2022,Q1,W06000013,3.667
2022,Q1,W06000014,3.367
2022,Q1,W06000015,4.267
2022,Q1,W06000016,3.9
2022,Q1,W06000018,4.2
2022,Q1,W06000019,5.0
2022,Q1,W06000020,4.467
2022,Q1,W06000021,2.667
2022,Q1,W06000022,5.233
2022,Q1,W06000023,2.767
2022,Q1,W06000024,4.467
2022,Q2,E06000001,5.233
2022,Q2,E06000002,5.933
2022,Q2,E06000003,4.233
2022,Q2,E06000004,4.2
2022,Q2,E06000005,4.1
2022,Q2,E06000006,4.3
2022,Q2,E06000007,2.933
2022,Q2,E06000008,5.3
2022,Q2,E06000009,7.2
2022,Q2,E06000010,6.133
2022,Q2,E06000011,2.433
2022,Q2,E06000012,4.333
2022,Q2,E06000013,3.6
2022,Q2,E06000014,1.9
2022,Q2,E06000015,4.633
2022,Q2,E06000016,4.833
2022,Q2,E06000017,1.333
2022,Q2,E06000018,5.4
2022,Q2,E06000019,2.467
2022,Q2,E06000020,3.6
2022,Q2,E06000021,5.433
2022,Q2,E06000022,1.933
2022,Q2,E06000023,3.4
2022,Q2,E06000024,2.4
2022,Q2,E06000025,1.767
2022,Q2,E06000026,3.4
2022,Q2,E06000027,3.4
2022,Q2,E06000030,3.167
2022,Q2,E06000031,4.867
2022,Q2,E06000032,5.567
2022,Q2,E06000033,4.633
2022,Q2,E06000034,3.833
2022,Q2,E06000035,4.067
2022,Q2,E06000036,2.0
2022,Q2,E06000037,2.2
2022,Q2,E06000038,3.633
2022,Q2,E06000039,4.933
2022,Q2,E06000040,2.333
2022,Q2,E06000041,1.5
2022,Q2,E06000042,3.467
2022,Q2,E06000043,4.1
2022,Q2,E06000044,4.533
2022,Q2,E06000045,4.267
2022,Q2,E06000046,3.667
2022,Q2,E06000047,3.633
2022,Q2,E06000049,2.333
2022,Q2,E06000050,2.567
2022,Q2,E06000051,2.433
2022,Q2,E06000052,2.767
2022,Q2,E06000053,1.1
2022,Q2,E06000054,2.1
2022,Q2,E06000055,3.833
2022,Q2,E06000056,2.233
2022,Q2,E06000057,3.333
2022,Q2,E06000058,3.467
2022,Q2,E06000059,2.367
2022,Q2,E06000060,2.633
2022,Q2,E06000061,3.133
2022,Q2,E06000062,3.2
2022,Q2,E06000063,2.7
2022,Q2,E06000064,2.1
2022,Q2,E06000065,2.033
2022,Q2,E06000066,2.5
2022,Q2,E07000008,1.867
2022,Q2,E07000009,2.067
2022,Q2,E07000010,3.867
2022,Q2,E07000011,2.133
2022,Q2,E07000012,1.733
2022,Q2,E07000032,2.5
2022,Q2,E07000033,2.933
2022,Q2,E07000034,3.367
2022,Q2,E07000035,1.533
2022,Q2,E07000036,3.167
2022,Q2,E07000037,2.4
2022,Q2,E07000038,2.5
2022,Q2,E07000039,2.067
2022,Q2,E07000040,1.8
2022,Q2,E07000041,2.0
2022,Q2,E07000042,2.0
2022,Q2,E07000043,2.467
2022,Q2,E07000044,2.067
2022,Q2,E07000045,2.067
2022,Q2,E07000046,2.367
2022,Q2,E07000047,1.967
2022,Q2,E07000061,4.767
2022,Q2,E07000062,5.933
2022,Q2,E07000063,3.333
2022,Q2,E07000064,3.5
2022,Q2,E07000065,2.233
2022,Q2,E07000066,3.667
2022,Q2,E07000067,2.467
2022,Q2,E07000068,2.533
2022,Q2,E07000069,2.433
2022,Q2,E07000070,2.4
2022,Q2,E07000071,2.7
2022,Q2,E07000072,2.833
2022,Q2,E07000073,4.367
2022,Q2,E07000074,2.3
2022,Q2,E07000075,2.2
2022,Q2,E07000076,4.2
2022,Q2,E07000077,1.733
2022,Q2,E07000078,2.5
2022,Q2,E07000079,1.767
2022,Q2,E07000080,2.267
2022,Q2,E07000081,3.233
2022,Q2,E07000082,1.633
2022,Q2,E07000083,1.967
2022,Q2,E07000084,2.433
2022,Q2,E07000085,1.9
2022,Q2,E07000086,2.033
2022,Q2,E07000087,1.867
2022,Q2,E07000088,3.633
2022,Q2,E07000089,1.467
2022,Q2,E07000090,3.667
2022,Q2,E07000091,2.033
2022,Q2,E07000092,2.633
2022,Q2,E07000093,1.833
2022,Q2,E07000094,1.833
2022,Q2,E07000095,3.5
2022,Q2,E07000096,2.767
2022,Q2,E07000098,2.967
2022,Q2,E07000099,2.3
2022,Q2,E07000102,2.167
2022,Q2,E07000103,3.233
2022,Q2,E07000105,3.167
2022,Q2,E07000106,3.133
2022,Q2,E07000107,2.833
2022,Q2,E07000108,3.9
2022,Q2,E07000109,4.133
2022,Q2,E07000110,2.867
2022,Q2,E07000111,2.033
2022,Q2,E07000112,4.3
2022,Q2,E07000113,3.8
2022,Q2,E07000114,6.067
2022,Q2,E07000115,2.067
2022,Q2,E07000116,2.4
2022,Q2,E07000117,4.967
2022,Q2,E07000118,2.567
2022,Q2,E07000119,2.8
2022,Q2,E07000120,5.267
2022,Q2,E07000121,3.0
2022,Q2,E07000122,4.7
2022,Q2,E07000123,4.2
2022,Q2,E07000124,1.667
2022,Q2,E07000125,4.1
2022,Q2,E07000126,2.3
2022,Q2,E07000127,2.933
2022,Q2,E07000128,3.033
2022,Q2,E07000129,2.067
2022,Q2,E07000130,2.233
2022,Q2,E07000131,1.633
2022,Q2,E07000132,2.533
2022,Q2,E07000133,2.367
2022,Q2,E07000134,2.067
2022,Q2,E07000135,2.567
2022,Q2,E07000136,4.433
2022,Q2,E07000137,3.167
2022,Q2,E07000138,4.1
2022,Q2,E07000139,1.933
2022,Q2,E07000140,3.0
2022,Q2,E07000141,2.767
2022,Q2,E07000142,3.133
2022,Q2,E07000143,2.433
2022,Q2,E07000144,1.933
2022,Q2,E07000145,4.767
2022,Q2,E07000146,2.6
2022,Q2,E07000147,2.767
2022,Q2,E07000148,3.933
2022,Q2,E07000149,2.1
2022,Q2,E07000170,3.933
2022,Q2,E07000171,3.033
2022,Q2,E07000172,2.533
2022,Q2,E07000173,3.033
2022,Q2,E07000174,4.0
2022,Q2,E07000175,2.933
2022,Q2,E07000176,1.7
2022,Q2,E07000177,2.0
2022,Q2,E07000178,2.367
2022,Q2,E07000179,1.733
2022,Q2,E07000180,1.933
2022,Q2,E07000181,1.867
2022,Q2,E07000192,3.1
2022,Q2,E07000193,2.9
2022,Q2,E07000194,2.433
2022,Q2,E07000195,2.933
2022,Q2,E07000196,2.7
2022,Q2,E07000197,2.433
2022,Q2,E07000198,2.0
2022,Q2,E07000199,3.5
2022,Q2,E07000200,2.267
2022,Q2,E07000202,4.6
2022,Q2,E07000203,1.867
2022,Q2,E07000207,1.933
2022,Q2,E07000208,1.933
2022,Q2,E07000209,1.733
2022,Q2,E07000210,1.933
2022,Q2,E07000211,2.133
2022,Q2,E07000212,2.233
2022,Q2,E07000213,2.833
2022,Q2,E07000214,1.933
2022,Q2,E07000215,2.133
2022,Q2,E07000216,1.567
2022,Q2,E07000217,2.167
2022,Q2,E07000218,2.633
2022,Q2,E07000219,3.9
2022,Q2,E07000220,2.633
2022,Q2,E07000221,2.1
2022,Q2,E07000222,2.233
2022,Q2,E07000223,3.0
2022,Q2,E07000224,3.067
2022,Q2,E07000225,2.8
2022,Q2,E07000226,4.0
2022,Q2,E07000227,1.9
2022,Q2,E07000228,1.667
2022,Q2,E07000229,3.1
2022,Q2,E07000234,2.667
2022,Q2,E07000235,2.633
2022,Q2,E07000236,3.767
2022,Q2,E07000237,3.6
2022,Q2,E07000238,2.667
2022,Q2,E07000239,3.267
2022,Q2,E07000240,2.067
2022,Q2,E07000241,2.533
2022,Q2,E07000242,1.9
2022,Q2,E07000243,3.133
2022,Q2,E07000244,2.933
2022,Q2,E07000245,2.233
2022,Q2,E08000001,5.6
2022,Q2,E08000002,4.4
2022,Q2,E08000003,5.933
2022,Q2,E08000004,6.533
2022,Q2,E08000005,6.2
2022,Q2,E08000006,4.933
2022,Q2,E08000007,3.5
2022,Q2,E08000008,4.7
2022,Q2,E08000009,3.133
2022,Q2,E08000010,3.9
2022,Q2,E08000011,4.9
2022,Q2,E08000012,5.833
2022,Q2,E08000013,4.067
2022,Q2,E08000014,4.133
2022,Q2,E08000015,3.833
2022,Q2,E08000016,3.7
2022,Q2,E08000017,4.8
2022,Q2,E08000018,4.6
2022,Q2,E08000019,4.333
2022,Q2,E08000021,4.633
2022,Q2,E08000022,3.6
2022,Q2,E08000023,6.0
2022,Q2,E08000024,4.9
2022,Q2,E08000025,8.467
2022,Q2,E08000026,5.133
2022,Q2,E08000027,4.933
2022,Q2,E08000028,6.267
2022,Q2,E08000029,3.5
2022,Q2,E08000030,5.667
2022,Q2,E08000031,7.267
2022,Q2,E08000032,6.8
2022,Q2,E08000033,4.133
2022,Q2,E08000034,4.367
2022,Q2,E08000035,4.3
2022,Q2,E08000036,3.533
2022,Q2,E08000037,4.6
2022,Q2,E09000001,3.233
2022,Q2,E09000002,6.3
2022,Q2,E09000003,4.533
2022,Q2,E09000004,3.033
2022,Q2,E09000005,6.133
2022,Q2,E09000006,2.933
2022,Q2,E09000007,4.5
2022,Q2,E09000008,5.567
2022,Q2,E09000009,5.5
2022,Q2,E09000010,6.233
2022,Q2,E09000011,5.0
2022,Q2,E09000012,6.033
2022,Q2,E09000013,4.7
2022,Q2,E09000014,7.0
2022,Q2,E09000015,3.7
2022,Q2,E09000016,3.533
2022,Q2,E09000017,3.9
2022,Q2,E09000018,4.933
2022,Q2,E09000019,5.1
2022,Q2,E09000020,3.6
2022,Q2,E09000021,2.667
2022,Q2,E09000022,5.433
2022,Q2,E09000023,5.933
2022,Q2,E09000024,3.9
2022,Q2,E09000025,6.333
2022,Q2,E09000026,4.6
2022,Q2,E09000027,2.433
2022,Q2,E09000028,5.267
2022,Q2,E09000029,2.8
2022,Q2,E09000030,5.267
2022,Q2,E09000031,5.5
2022,Q2,E09000032,3.333
2022,Q2,E09000033,4.3
2022,Q2,N09000001,2.4
2022,Q2,N09000002,2.467
2022,Q2,N09000003,4.067
2022,Q2,N09000004,3.1
2022,Q2,N09000005,4.833
2022,Q2,N09000006,2.433
2022,Q2,N09000007,2.0
2022,Q2,N09000008,3.1
2022,Q2,N09000009,2.2
2022,Q2,N09000010,2.867
2022,Q2,N09000011,2.733
2022,Q2,S12000005,3.7
2022,Q2,S12000006,3.2
2022,Q2,S12000008,4.633
2022,Q2,S12000010,2.4
2022,Q2,S12000011,1.833
2022,Q2,S12000013,2.433
2022,Q2,S12000014,3.267
2022,Q2,S12000017,2.5
2022,Q2,S12000018,3.933
2022,Q2,S12000019,2.333
2022,Q2,S12000020,2.733
2022,Q2,S12000021,4.833
2022,Q2,S12000023,1.6
2022,Q2,S12000026,3.0
2022,Q2,S12000027,2.0
2022,Q2,S12000028,3.9
2022,Q2,S12000029,3.333
2022,Q2,S12000030,2.267
2022,Q2,S12000033,3.6
2022,Q2,S12000034,2.1
2022,Q2,S12000035,2.9
2022,Q2,S12000036,2.533
2022,Q2,S12000038,3.067
2022,Q2,S12000039,4.8
2022,Q2,S12000040,2.767
2022,Q2,S12000041,2.933
2022,Q2,S12000042,4.333
2022,Q2,S12000045,2.1
2022,Q2,S12000047,3.733
2022,Q2,S12000048,2.533
2022,Q2,S12000049,5.133
2022,Q2,S12000050,3.633
2022,Q2,W06000001,3.567
2022,Q2,W06000002,2.833
2022,Q2,W06000003,3.633
2022,Q2,W06000004,3.567
2022,Q2,W06000005,3.067
2022,Q2,W06000006,3.2
2022,Q2,W06000008,2.633
2022,Q2,W06000009,3.233
2022,Q2,W06000010,2.967
2022,Q2,W06000011,3.633
2022,Q2,W06000012,3.3
2022,Q2,W06000013,3.233
2022,Q2,W06000014,3.133
2022,Q2,W06000015,3.8
2022,Q2,W06000016,3.5
2022,Q2,W06000018,3.633
2022,Q2,W06000019,4.533
2022,Q2,W06000020,3.967
2022,Q2,W06000021,2.4
2022,Q2,W06000022,4.767
2022,Q2,W06000023,2.4
2022,Q2,W06000024,4.0
2022,Q3,E06000001,5.1
2022,Q3,E06000002,5.7
2022,Q3,E06000003,4.1
2022,Q3,E06000004,4.067
2022,Q3,E06000005,4.133
2022,Q3,E06000006,4.2
2022,Q3,E06000007,2.733
2022,Q3,E06000008,5.0
2022,Q3,E06000009,6.633
2022,Q3,E06000010,5.7
2022,Q3,E06000011,2.3
2022,Q3,E06000012,4.167
2022,Q3,E06000013,3.433
2022,Q3,E06000014,1.8
2022,Q3,E06000015,4.5
2022,Q3,E06000016,4.533
2022,Q3,E06000017,1.4
2022,Q3,E06000018,5.2
2022,Q3,E06000019,2.367
2022,Q3,E06000020,3.4
2022,Q3,E06000021,5.167
2022,Q3,E06000022,1.733
2022,Q3,E06000023,3.2
2022,Q3,E06000024,2.3
2022,Q3,E06000025,1.7
2022,Q3,E06000026,3.133
2022,Q3,E06000027,3.133
2022,Q3,E06000030,2.933
2022,Q3,E06000031,4.7
2022,Q3,E06000032,5.133
2022,Q3,E06000033,4.267
2022,Q3,E06000034,3.767
2022,Q3,E06000035,3.7
2022,Q3,E06000036,1.933
2022,Q3,E06000037,2.1
2022,Q3,E06000038,3.5
2022,Q3,E06000039,4.633
2022,Q3,E06000040,2.233
2022,Q3,E06000041,1.5
2022,Q3,E06000042,3.3
2022,Q3,E06000043,3.9
2022,Q3,E06000044,4.333
2022,Q3,E06000045,3.933
2022,Q3,E06000046,3.267
2022,Q3,E06000047,3.4
2022,Q3,E06000049,2.3
2022,Q3,E06000050,2.533
2022,Q3,E06000051,2.4
2022,Q3,E06000052,2.567
2022,Q3,E06000053,0.9
2022,Q3,E06000054,2.0
2022,Q3,E06000055,3.6
2022,Q3,E06000056,2.1
2022,Q3,E06000057,3.2
2022,Q3,E06000058,3.2
2022,Q3,E06000059,2.2
2022,Q3,E06000060,2.567
2022,Q3,E06000061,3.0
2022,Q3,E06000062,3.1
2022,Q3,E06000063,2.533
2022,Q3,E06000064,2.0
2022,Q3,E06000065,2.0
2022,Q3,E06000066,2.3
2022,Q3,E07000008,1.867
2022,Q3,E07000009,2.0
2022,Q3,E07000010,3.767
2022,Q3,E07000011,2.1
2022,Q3,E07000012,1.7
2022,Q3,E07000032,2.467
2022,Q3,E07000033,2.833
2022,Q3,E07000034,3.233
2022,Q3,E07000035,1.633
2022,Q3,E07000036,3.1
2022,Q3,E07000037,2.467
2022,Q3,E07000038,2.333
2022,Q3,E07000039,2.0
2022,Q3,E07000040,1.733
2022,Q3,E07000041,1.867
2022,Q3,E07000042,1.867
2022,Q3,E07000043,2.267
2022,Q3,E07000044,1.967
2022,Q3,E07000045,1.9
2022,Q3,E07000046,2.1
2022,Q3,E07000047,1.733
2022,Q3,E07000061,4.567
2022,Q3,E07000062,5.533
2022,Q3,E07000063,3.233
2022,Q3,E07000064,3.3
2022,Q3,E07000065,2.167
2022,Q3,E07000066,3.533
2022,Q3,E07000067,2.467
2022,Q3,E07000068,2.4
2022,Q3,E07000069,2.233
2022,Q3,E07000070,2.3
2022,Q3,E07000071,2.633
2022,Q3,E07000072,2.633
2022,Q3,E07000073,4.167
2022,Q3,E07000074,2.2
2022,Q3,E07000075,2.067
2022,Q3,E07000076,3.933
2022,Q3,E07000077,1.7
2022,Q3,E07000078,2.333
2022,Q3,E07000079,1.733
2022,Q3,E07000080,2.267
2022,Q3,E07000081,3.0
2022,Q3,E07000082,1.533
2022,Q3,E07000083,1.8
2022,Q3,E07000084,2.4
2022,Q3,E07000085,1.867
2022,Q3,E07000086,1.9
2022,Q3,E07000087,1.867
2022,Q3,E07000088,3.433
2022,Q3,E07000089,1.5
2022,Q3,E07000090,3.467
2022,Q3,E07000091,2.0
2022,Q3,E07000092,2.6
2022,Q3,E07000093,1.8
2022,Q3,E07000094,1.8
2022,Q3,E07000095,3.067
2022,Q3,E07000096,2.6
2022,Q3,E07000098,2.9
2022,Q3,E07000099,2.1
2022,Q3,E07000102,2.167
2022,Q3,E07000103,3.2
2022,Q3,E07000105,2.9
2022,Q3,E07000106,2.9
2022,Q3,E07000107,2.7
2022,Q3,E07000108,3.6
2022,Q3,E07000109,3.933
2022,Q3,E07000110,2.7
2022,Q3,E07000111,1.967
2022,Q3,E07000112,4.033
2022,Q3,E07000113,3.5
2022,Q3,E07000114,5.633
2022,Q3,E07000115,1.967
2022,Q3,E07000116,2.3
2022,Q3,E07000117,4.967
2022,Q3,E07000118,2.5
2022,Q3,E07000119,2.667
2022,Q3,E07000120,5.2
2022,Q3,E07000121,2.8
2022,Q3,E07000122,4.633
2022,Q3,E07000123,4.033
2022,Q3,E07000124,1.633
2022,Q3,E07000125,3.933
2022,Q3,E07000126,2.3
2022,Q3,E07000127,2.867
2022,Q3,E07000128,2.933
2022,Q3,E07000129,1.933
2022,Q3,E07000130,2.133
2022,Q3,E07000131,1.667
2022,Q3,E07000132,2.4
2022,Q3,E07000133,2.367
2022,Q3,E07000134,1.967
2022,Q3,E07000135,2.4
2022,Q3,E07000136,4.3
2022,Q3,E07000137,2.933
2022,Q3,E07000138,4.033
2022,Q3,E07000139,1.933
2022,Q3,E07000140,2.733
2022,Q3,E07000141,2.7
2022,Q3,E07000142,3.133
2022,Q3,E07000143,2.3
2022,Q3,E07000144,1.833
2022,Q3,E07000145,4.167
2022,Q3,E07000146,2.467
2022,Q3,E07000147,2.533
2022,Q3,E07000148,3.667
2022,Q3,E07000149,2.0
2022,Q3,E07000170,3.767
2022,Q3,E07000171,2.933
2022,Q3,E07000172,2.5
2022,Q3,E07000173,2.9
2022,Q3,E07000174,3.767
2022,Q3,E07000175,2.867
2022,Q3,E07000176,1.667
2022,Q3,E07000177,1.933
2022,Q3,E07000178,2.3
2022,Q3,E07000179,1.7
2022,Q3,E07000180,1.9
2022,Q3,E07000181,1.833
2022,Q3,E07000192,3.1
2022,Q3,E07000193,2.8
2022,Q3,E07000194,2.367
2022,Q3,E07000195,2.833
2022,Q3,E07000196,2.6
2022,Q3,E07000197,2.4
2022,Q3,E07000198,1.9
2022,Q3,E07000199,3.367
2022,Q3,E07000200,2.233
2022,Q3,E07000202,4.267
2022,Q3,E07000203,1.867
2022,Q3,E07000207,1.967
2022,Q3,E07000208,1.767
2022,Q3,E07000209,1.8
2022,Q3,E07000210,1.8
2022,Q3,E07000211,2.0
2022,Q3,E07000212,2.3
2022,Q3,E07000213,2.733
2022,Q3,E07000214,1.933
2022,Q3,E07000215,2.1
2022,Q3,E07000216,1.733
2022,Q3,E07000217,2.233
2022,Q3,E07000218,2.5
2022,Q3,E07000219,3.733
2022,Q3,E07000220,2.667
2022,Q3,E07000221,2.0
2022,Q3,E07000222,2.133
2022,Q3,E07000223,2.833
2022,Q3,E07000224,2.967
2022,Q3,E07000225,2.7
2022,Q3,E07000226,3.767
2022,Q3,E07000227,1.967
2022,Q3,E07000228,1.6
2022,Q3,E07000229,2.967
2022,Q3,E07000234,2.633
2022,Q3,E07000235,2.567
2022,Q3,E07000236,3.7
2022,Q3,E07000237,3.4
2022,Q3,E07000238,2.6
2022,Q3,E07000239,3.2
2022,Q3,E07000240,2.0
2022,Q3,E07000241,2.333
2022,Q3,E07000242,1.8
2022,Q3,E07000243,2.833
2022,Q3,E07000244,2.633
2022,Q3,E07000245,2.133
2022,Q3,E08000001,5.433
2022,Q3,E08000002,4.233
2022,Q3,E08000003,5.7
2022,Q3,E08000004,6.233
2022,Q3,E08000005,5.9
2022,Q3,E08000006,4.767
2022,Q3,E08000007,3.4
2022,Q3,E08000008,4.6
2022,Q3,E08000009,3.033
2022,Q3,E08000010,3.767
2022,Q3,E08000011,4.7
2022,Q3,E08000012,5.533
2022,Q3,E08000013,4.1
2022,Q3,E08000014,3.867
2022,Q3,E08000015,3.767
2022,Q3,E08000016,3.5
2022,Q3,E08000017,4.533
2022,Q3,E08000018,4.267
2022,Q3,E08000019,4.133
2022,Q3,E08000021,4.367
2022,Q3,E08000022,3.4
2022,Q3,E08000023,5.733
2022,Q3,E08000024,4.667
2022,Q3,E08000025,8.167
2022,Q3,E08000026,5.033
2022,Q3,E08000027,4.667
2022,Q3,E08000028,6.033
2022,Q3,E08000029,3.3
2022,Q3,E08000030,5.433
2022,Q3,E08000031,7.1
2022,Q3,E08000032,6.467
2022,Q3,E08000033,3.967
2022,Q3,E08000034,4.267
2022,Q3,E08000035,4.167
2022,Q3,E08000036,3.5
2022,Q3,E08000037,4.467
2022,Q3,E09000001,2.767
2022,Q3,E09000002,6.033
2022,Q3,E09000003,4.333
2022,Q3,E09000004,3.0
2022,Q3,E09000005,5.833
2022,Q3,E09000006,2.8
2022,Q3,E09000007,4.233
2022,Q3,E09000008,5.3
2022,Q3,E09000009,5.2
2022,Q3,E09000010,5.867
2022,Q3,E09000011,4.7
2022,Q3,E09000012,5.767
2022,Q3,E09000013,4.433
2022,Q3,E09000014,6.733
2022,Q3,E09000015,3.533
2022,Q3,E09000016,3.467
2022,Q3,E09000017,3.7
2022,Q3,E09000018,4.7
2022,Q3,E09000019,4.933
2022,Q3,E09000020,3.367
2022,Q3,E09000021,2.533
2022,Q3,E09000022,5.1
2022,Q3,E09000023,5.667
2022,Q3,E09000024,3.733
2022,Q3,E09000025,5.9
2022,Q3,E09000026,4.433
2022,Q3,E09000027,2.367
2022,Q3,E09000028,4.9
2022,Q3,E09000029,2.733
2022,Q3,E09000030,4.9
2022,Q3,E09000031,5.267
2022,Q3,E09000032,3.2
2022,Q3,E09000033,4.0
2022,Q3,N09000001,2.367
2022,Q3,N09000002,2.5
2022,Q3,N09000003,3.933
2022,Q3,N09000004,3.1
2022,Q3,N09000005,4.867
2022,Q3,N09000006,2.467
2022,Q3,N09000007,1.967
2022,Q3,N09000008,3.067
2022,Q3,N09000009,2.233
2022,Q3,N09000010,2.9
2022,Q3,N09000011,2.7
2022,Q3,S12000005,3.633
2022,Q3,S12000006,2.967
2022,Q3,S12000008,4.333
2022,Q3,S12000010,2.133
2022,Q3,S12000011,1.7
2022,Q3,S12000013,2.2
2022,Q3,S12000014,3.1
2022,Q3,S12000017,2.3
2022,Q3,S12000018,3.8
2022,Q3,S12000019,2.233
2022,Q3,S12000020,2.433
2022,Q3,S12000021,4.633
2022,Q3,S12000023,1.467
2022,Q3,S12000026,2.9
2022,Q3,S12000027,1.7
2022,Q3,S12000028,3.733
2022,Q3,S12000029,3.167
2022,Q3,S12000030,2.367
2022,Q3,S12000033,3.467
2022,Q3,S12000034,1.867
2022,Q3,S12000035,2.6
2022,Q3,S12000036,2.433
2022,Q3,S12000038,3.067
2022,Q3,S12000039,4.467
2022,Q3,S12000040,2.767
2022,Q3,S12000041,2.867
2022,Q3,S12000042,4.267
2022,Q3,S12000045,2.033
2022,Q3,S12000047,3.5
2022,Q3,S12000048,2.4
2022,Q3,S12000049,4.933
2022,Q3,S12000050,3.533
2022,Q3,W06000001,3.2
2022,Q3,W06000002,2.633
2022,Q3,W06000003,3.467
2022,Q3,W06000004,3.567
2022,Q3,W06000005,2.867
2022,Q3,W06000006,3.033
2022,Q3,W06000008,2.567
2022,Q3,W06000009,3.0
2022,Q3,W06000010,2.867
2022,Q3,W06000011,3.5
2022,Q3,W06000012,3.133
2022,Q3,W06000013,3.067
2022,Q3,W06000014,3.0
2022,Q3,W06000015,3.767
2022,Q3,W06000016,3.233
2022,Q3,W06000018,3.567
2022,Q3,W06000019,4.3
2022,Q3,W06000020,3.667
2022,Q3,W06000021,2.4
2022,Q3,W06000022,4.433
2022,Q3,W06000023,2.2
2022,Q3,W06000024,3.867
2022,Q4,E06000001,5.167
2022,Q4,E06000002,5.9
2022,Q4,E06000003,4.133
2022,Q4,E06000004,3.967
2022,Q4,E06000005,4.167
2022,Q4,E06000006,4.1
2022,Q4,E06000007,2.5
2022,Q4,E06000008,5.0
2022,Q4,E06000009,6.567
2022,Q4,E06000010,5.567
2022,Q4,E06000011,2.367
2022,Q4,E06000012,4.133
2022,Q4,E06000013,3.467
2022,Q4,E06000014,1.8
2022,Q4,E06000015,4.433
2022,Q4,E06000016,4.467
2022,Q4,E06000017,1.367
2022,Q4,E06000018,5.133
2022,Q4,E06000019,2.3
2022,Q4,E06000020,3.333
2022,Q4,E06000021,5.133
2022,Q4,E06000022,1.7
2022,Q4,E06000023,3.2
2022,Q4,E06000024,2.267
2022,Q4,E06000025,1.7
2022,Q4,E06000026,3.1
2022,Q4,E06000027,3.067
2022,Q4,E06000030,2.967
2022,Q4,E06000031,4.567
2022,Q4,E06000032,4.967
2022,Q4,E06000033,4.2
2022,Q4,E06000034,3.6
2022,Q4,E06000035,3.633
2022,Q4,E06000036,1.967
2022,Q4,E06000037,2.1
2022,Q4,E06000038,3.533
2022,Q4,E06000039,4.5
2022,Q4,E06000040,2.1
2022,Q4,E06000041,1.533
2022,Q4,E06000042,3.3
2022,Q4,E06000043,3.933
2022,Q4,E06000044,4.367
2022,Q4,E06000045,3.867
2022,Q4,E06000046,3.5
2022,Q4,E06000047,3.333
2022,Q4,E06000049,2.3
2022,Q4,E06000050,2.567
2022,Q4,E06000051,2.367
2022,Q4,E06000052,2.667
2022,Q4,E06000053,1.033
2022,Q4,E06000054,2.0
2022,Q4,E06000055,3.6
2022,Q4,E06000056,2.067
2022,Q4,E06000057,3.233
2022,Q4,E06000058,3.2
2022,Q4,E06000059,2.267
2022,Q4,E06000060,2.5
2022,Q4,E06000061,2.967
2022,Q4,E06000062,3.0
2022,Q4,E06000063,2.667
2022,Q4,E06000064,2.067
2022,Q4,E06000065,1.967
2022,Q4,E06000066,2.3
2022,Q4,E07000008,1.9
2022,Q4,E07000009,1.833
2022,Q4,E07000010,3.6
2022,Q4,E07000011,2.1
2022,Q4,E07000012,1.733
2022,Q4,E07000032,2.467
2022,Q4,E07000033,2.833
2022,Q4,E07000034,3.3
2022,Q4,E07000035,1.7
2022,Q4,E07000036,3.033
2022,Q4,E07000037,2.467
2022,Q4,E07000038,2.333
2022,Q4,E07000039,1.967
2022,Q4,E07000040,1.767
2022,Q4,E07000041,1.867
2022,Q4,E07000042,1.833
2022,Q4,E07000043,2.467
2022,Q4,E07000044,1.867
2022,Q4,E07000045,1.933
2022,Q4,E07000046,2.233
2022,Q4,E07000047,1.767
2022,Q4,E07000061,4.533
2022,Q4,E07000062,5.467
2022,Q4,E07000063,3.133
2022,Q4,E07000064,3.367
2022,Q4,E07000065,2.133
2022,Q4,E07000066,3.433
2022,Q4,E07000067,2.467
2022,Q4,E07000068,2.267
2022,Q4,E07000069,2.2
2022,Q4,E07000070,2.2
2022,Q4,E07000071,2.667
2022,Q4,E07000072,2.667
2022,Q4,E07000073,4.0
2022,Q4,E07000074,2.1
2022,Q4,E07000075,2.0
2022,Q4,E07000076,3.967
2022,Q4,E07000077,1.7
2022,Q4,E07000078,2.267
2022,Q4,E07000079,1.633
2022,Q4,E07000080,2.3
2022,Q4,E07000081,3.033
2022,Q4,E07000082,1.533
2022,Q4,E07000083,1.867
2022,Q4,E07000084,2.4
2022,Q4,E07000085,1.867
2022,Q4,E07000086,1.9
2022,Q4,E07000087,1.767
2022,Q4,E07000088,3.3
2022,Q4,E07000089,1.5
2022,Q4,E07000090,3.367
2022,Q4,E07000091,1.967
2022,Q4,E07000092,2.667
2022,Q4,E07000093,1.8
2022,Q4,E07000094,1.833
2022,Q4,E07000095,3.1
2022,Q4,E07000096,2.6
2022,Q4,E07000098,2.9
2022,Q4,E07000099,2.1
2022,Q4,E07000102,2.167
2022,Q4,E07000103,3.167
2022,Q4,E07000105,2.8
2022,Q4,E07000106,3.0
2022,Q4,E07000107,2.8
2022,Q4,E07000108,3.7
2022,Q4,E07000109,3.933
2022,Q4,E07000110,2.7
2022,Q4,E07000111,2.0
2022,Q4,E07000112,3.967
2022,Q4,E07000113,3.533
2022,Q4,E07000114,5.633
2022,Q4,E07000115,2.033
2022,Q4,E07000116,2.233
2022,Q4,E07000117,5.0
2022,Q4,E07000118,2.567
2022,Q4,E07000119,2.667
2022,Q4,E07000120,5.1
2022,Q4,E07000121,2.967
2022,Q4,E07000122,4.7
2022,Q4,E07000123,4.033
2022,Q4,E07000124,1.7
2022,Q4,E07000125,3.933
2022,Q4,E07000126,2.3
2022,Q4,E07000127,2.8
2022,Q4,E07000128,2.933
2022,Q4,E07000129,1.933
2022,Q4,E07000130,2.133
2022,Q4,E07000131,1.6
2022,Q4,E07000132,2.367
2022,Q4,E07000133,2.567
2022,Q4,E07000134,1.933
2022,Q4,E07000135,2.333
2022,Q4,E07000136,4.367
2022,Q4,E07000137,3.133
2022,Q4,E07000138,4.133
2022,Q4,E07000139,1.933
2022,Q4,E07000140,2.633
2022,Q4,E07000141,2.7
2022,Q4,E07000142,3.1
2022,Q4,E07000143,2.2
2022,Q4,E07000144,1.7
2022,Q4,E07000145,4.433
2022,Q4,E07000146,2.533
2022,Q4,E07000147,2.533
2022,Q4,E07000148,3.467
2022,Q4,E07000149,1.9
2022,Q4,E07000170,3.633
2022,Q4,E07000171,2.9
2022,Q4,E07000172,2.467
2022,Q4,E07000173,2.833
2022,Q4,E07000174,3.667
2022,Q4,E07000175,2.733
2022,Q4,E07000176,1.7
2022,Q4,E07000177,1.967
2022,Q4,E07000178,2.267
2022,Q4,E07000179,1.8
2022,Q4,E07000180,1.867
2022,Q4,E07000181,1.9
2022,Q4,E07000192,3.2
2022,Q4,E07000193,2.8
2022,Q4,E07000194,2.333
2022,Q4,E07000195,2.8
2022,Q4,E07000196,2.6
2022,Q4,E07000197,2.433
2022,Q4,E07000198,1.933
2022,Q4,E07000199,3.3
2022,Q4,E07000200,2.2
2022,Q4,E07000202,4.5
2022,Q4,E07000203,1.933
2022,Q4,E07000207,1.967
2022,Q4,E07000208,1.8
2022,Q4,E07000209,1.8
2022,Q4,E07000210,1.8
2022,Q4,E07000211,1.9
2022,Q4,E07000212,2.233
2022,Q4,E07000213,2.867
2022,Q4,E07000214,1.967
2022,Q4,E07000215,2.0
2022,Q4,E07000216,1.733
2022,Q4,E07000217,2.2
2022,Q4,E07000218,2.533
2022,Q4,E07000219,3.7
2022,Q4,E07000220,2.6
2022,Q4,E07000221,2.0
2022,Q4,E07000222,2.1
2022,Q4,E07000223,2.733
2022,Q4,E07000224,3.0
2022,Q4,E07000225,2.733
2022,Q4,E07000226,3.733
2022,Q4,E07000227,1.867
2022,Q4,E07000228,1.567
2022,Q4,E07000229,2.933
2022,Q4,E07000234,2.567
2022,Q4,E07000235,2.533
2022,Q4,E07000236,3.667
2022,Q4,E07000237,3.467
2022,Q4,E07000238,2.7
2022,Q4,E07000239,3.2
2022,Q4,E07000240,2.067
2022,Q4,E07000241,2.367
2022,Q4,E07000242,1.8
2022,Q4,E07000243,2.9
2022,Q4,E07000244,2.667
2022,Q4,E07000245,2.067
2022,Q4,E08000001,5.367
2022,Q4,E08000002,4.2
2022,Q4,E08000003,5.533
2022,Q4,E08000004,6.2
2022,Q4,E08000005,5.7
2022,Q4,E08000006,4.7
2022,Q4,E08000007,3.3
2022,Q4,E08000008,4.5
2022,Q4,E08000009,2.9
2022,Q4,E08000010,3.7
2022,Q4,E08000011,4.667
2022,Q4,E08000012,5.367
2022,Q4,E08000013,3.933
2022,Q4,E08000014,3.7
2022,Q4,E08000015,3.667
2022,Q4,E08000016,3.433
2022,Q4,E08000017,4.5
2022,Q4,E08000018,4.133
2022,Q4,E08000019,4.0
2022,Q4,E08000021,4.367
2022,Q4,E08000022,3.4
2022,Q4,E08000023,5.6
2022,Q4,E08000024,4.6
2022,Q4,E08000025,8.067
2022,Q4,E08000026,5.067
2022,Q4,E08000027,4.6
2022,Q4,E08000028,6.067
2022,Q4,E08000029,3.1
2022,Q4,E08000030,5.367
2022,Q4,E08000031,7.167
2022,Q4,E08000032,6.367
2022,Q4,E08000033,3.9
2022,Q4,E08000034,4.1
2022,Q4,E08000035,4.1
2022,Q4,E08000036,3.4
2022,Q4,E08000037,4.3
2022,Q4,E09000001,2.233
2022,Q4,E09000002,6.067
2022,Q4,E09000003,4.367
2022,Q4,E09000004,3.033
2022,Q4,E09000005,5.967
2022,Q4,E09000006,2.833
2022,Q4,E09000007,4.2
2022,Q4,E09000008,5.3
2022,Q4,E09000009,5.133
2022,Q4,E09000010,5.733
2022,Q4,E09000011,4.7
2022,Q4,E09000012,5.733
2022,Q4,E09000013,4.333
2022,Q4,E09000014,6.6
2022,Q4,E09000015,3.433
2022,Q4,E09000016,3.567
2022,Q4,E09000017,3.733
2022,Q4,E09000018,4.7
2022,Q4,E09000019,4.9
2022,Q4,E09000020,3.3
2022,Q4,E09000021,2.5
2022,Q4,E09000022,5.033
2022,Q4,E09000023,5.667
2022,Q4,E09000024,3.8
2022,Q4,E09000025,5.967
2022,Q4,E09000026,4.5
2022,Q4,E09000027,2.367
2022,Q4,E09000028,4.833
2022,Q4,E09000029,2.733
2022,Q4,E09000030,4.9
2022,Q4,E09000031,5.433
2022,Q4,E09000032,3.167
2022,Q4,E09000033,3.9
2022,Q4,N09000001,2.333
2022,Q4,N09000002,2.533
2022,Q4,N09000003,3.933
2022,Q4,N09000004,3.133
2022,Q4,N09000005,4.8
2022,Q4,N09000006,2.367
2022,Q4,N09000007,1.867
2022,Q4,N09000008,3.067
2022,Q4,N09000009,2.167
2022,Q4,N09000010,2.867
2022,Q4,N09000011,2.667
2022,Q4,S12000005,3.567
2022,Q4,S12000006,2.933
2022,Q4,S12000008,4.1
2022,Q4,S12000010,2.133
2022,Q4,S12000011,1.667
2022,Q4,S12000013,1.933
2022,Q4,S12000014,2.967
2022,Q4,S12000017,2.267
2022,Q4,S12000018,3.667
2022,Q4,S12000019,2.133
2022,Q4,S12000020,2.333
2022,Q4,S12000021,4.5
2022,Q4,S12000023,1.6
2022,Q4,S12000026,2.933
2022,Q4,S12000027,1.767
2022,Q4,S12000028,3.633
2022,Q4,S12000029,3.0
2022,Q4,S12000030,2.367
2022,Q4,S12000033,3.367
2022,Q4,S12000034,1.867
2022,Q4,S12000035,2.6
2022,Q4,S12000036,2.4
2022,Q4,S12000038,2.9
2022,Q4,S12000039,4.367
2022,Q4,S12000040,2.6
2022,Q4,S12000041,2.9
2022,Q4,S12000042,4.1
2022,Q4,S12000045,1.967
2022,Q4,S12000047,3.433
2022,Q4,S12000048,2.233
2022,Q4,S12000049,4.833
2022,Q4,S12000050,3.3
2022,Q4,W06000001,3.233
2022,Q4,W06000002,2.767
2022,Q4,W06000003,3.5
2022,Q4,W06000004,3.6
2022,Q4,W06000005,2.8
2022,Q4,W06000006,2.867
2022,Q4,W06000008,2.633
2022,Q4,W06000009,3.2
2022,Q4,W06000010,2.8
2022,Q4,W06000011,3.467
2022,Q4,W06000012,3.067
2022,Q4,W06000013,2.9
2022,Q4,W06000014,2.9
2022,Q4,W06000015,3.7
2022,Q4,W06000016,3.133
2022,Q4,W06000018,3.4
2022,Q4,W06000019,4.233
2022,Q4,W06000020,3.633
2022,Q4,W06000021,2.2
2022,Q4,W06000022,4.133
2022,Q4,W06000023,2.267
2022,Q4,W06000024,3.733
2023,Q1,E06000001,5.1
2023,Q1,E06000002,5.7
2023,Q1,E06000003,4.3
2023,Q1,E06000004,4.0
2023,Q1,E06000005,4.133
2023,Q1,E06000006,4.2
2023,Q1,E06000007,2.467
2023,Q1,E06000008,5.133
2023,Q1,E06000009,6.9
2023,Q1,E06000010,5.567
2023,Q1,E06000011,2.433
2023,Q1,E06000012,4.367
2023,Q1,E06000013,3.467
2023,Q1,E06000014,1.633
2023,Q1,E06000015,4.6
2023,Q1,E06000016,4.567
2023,Q1,E06000017,1.6
2023,Q1,E06000018,5.333
2023,Q1,E06000019,2.433
2023,Q1,E06000020,3.3
2023,Q1,E06000021,5.233
2023,Q1,E06000022,1.7
2023,Q1,E06000023,3.167
2023,Q1,E06000024,2.267
2023,Q1,E06000025,1.633
2023,Q1,E06000026,3.133
2023,Q1,E06000027,3.233
2023,Q1,E06000030,2.9
2023,Q1,E06000031,4.7
2023,Q1,E06000032,4.933
2023,Q1,E06000033,4.2
2023,Q1,E06000034,3.7
2023,Q1,E06000035,3.667
2023,Q1,E06000036,1.967
2023,Q1,E06000037,2.0
2023,Q1,E06000038,3.467
2023,Q1,E06000039,4.267
2023,Q1,E06000040,2.067
2023,Q1,E06000041,1.5
2023,Q1,E06000042,3.333
2023,Q1,E06000043,3.867
2023,Q1,E06000044,4.333
2023,Q1,E06000045,3.867
2023,Q1,E06000046,3.8
2023,Q1,E06000047,3.233
2023,Q1,E06000049,2.267
2023,Q1,E06000050,2.567
2023,Q1,E06000051,2.4
2023,Q1,E06000052,2.8
2023,Q1,E06000053,1.467
2023,Q1,E06000054,2.0
2023,Q1,E06000055,3.6
2023,Q1,E06000056,2.067
2023,Q1,E06000057,3.333
2023,Q1,E06000058,3.267
2023,Q1,E06000059,2.3
2023,Q1,E06000060,2.5
2023,Q1,E06000061,3.167
2023,Q1,E06000062,3.0
2023,Q1,E06000063,2.633
2023,Q1,E06000064,2.1
2023,Q1,E06000065,2.067
2023,Q1,E06000066,2.333
2023,Q1,E07000008,1.9
2023,Q1,E07000009,1.967
2023,Q1,E07000010,3.733
2023,Q1,E07000011,2.067
2023,Q1,E07000012,1.733
2023,Q1,E07000032,2.567
2023,Q1,E07000033,2.967
2023,Q1,E07000034,3.467
2023,Q1,E07000035,1.867
2023,Q1,E07000036,3.033
2023,Q1,E07000037,2.533
2023,Q1,E07000038,2.467
2023,Q1,E07000039,1.967
2023,Q1,E07000040,1.8
2023,Q1,E07000041,1.9
2023,Q1,E07000042,1.9
2023,Q1,E07000043,2.667
2023,Q1,E07000044,1.8
2023,Q1,E07000045,1.933
2023,Q1,E07000046,2.333
2023,Q1,E07000047,1.833
2023,Q1,E07000061,4.433
2023,Q1,E07000062,5.633
2023,Q1,E07000063,3.1
2023,Q1,E07000064,3.433
2023,Q1,E07000065,2.067
2023,Q1,E07000066,3.367
2023,Q1,E07000067,2.467
2023,Q1,E07000068,2.267
2023,Q1,E07000069,2.233
2023,Q1,E07000070,2.2
2023,Q1,E07000071,2.767
2023,Q1,E07000072,2.6
2023,Q1,E07000073,3.9
2023,Q1,E07000074,2.033
2023,Q1,E07000075,2.0
2023,Q1,E07000076,4.0
2023,Q1,E07000077,1.7
2023,Q1,E07000078,2.333
2023,Q1,E07000079,1.733
2023,Q1,E07000080,2.367
2023,Q1,E07000081,2.967
2023,Q1,E07000082,1.567
2023,Q1,E07000083,1.867
2023,Q1,E07000084,2.433
2023,Q1,E07000085,1.9
2023,Q1,E07000086,1.9
2023,Q1,E07000087,1.733
2023,Q1,E07000088,3.4
2023,Q1,E07000089,1.467
2023,Q1,E07000090,3.4
2023,Q1,E07000091,2.033
2023,Q1,E07000092,2.6
2023,Q1,E07000093,1.8
2023,Q1,E07000094,1.833
2023,Q1,E07000095,3.1
2023,Q1,E07000096,2.633
2023,Q1,E07000098,2.7
2023,Q1,E07000099,2.033
2023,Q1,E07000102,2.133
2023,Q1,E07000103,3.167
2023,Q1,E07000105,2.833
2023,Q1,E07000106,3.1
2023,Q1,E07000107,2.767
2023,Q1,E07000108,3.833
2023,Q1,E07000109,4.067
2023,Q1,E07000110,2.7
2023,Q1,E07000111,2.0
2023,Q1,E07000112,4.0
2023,Q1,E07000113,3.633
2023,Q1,E07000114,5.633
2023,Q1,E07000115,2.033
2023,Q1,E07000116,2.233
2023,Q1,E07000117,5.133
2023,Q1,E07000118,2.6
2023,Q1,E07000119,2.8
2023,Q1,E07000120,5.4
2023,Q1,E07000121,3.067
2023,Q1,E07000122,4.867
2023,Q1,E07000123,4.0
2023,Q1,E07000124,1.8
2023,Q1,E07000125,3.9
2023,Q1,E07000126,2.333
2023,Q1,E07000127,2.867
2023,Q1,E07000128,3.1
2023,Q1,E07000129,1.967
2023,Q1,E07000130,2.133
2023,Q1,E07000131,1.6
2023,Q1,E07000132,2.5
2023,Q1,E07000133,2.733
2023,Q1,E07000134,1.967
2023,Q1,E07000135,2.333
2023,Q1,E07000136,4.6
2023,Q1,E07000137,3.467
2023,Q1,E07000138,4.3
2023,Q1,E07000139,1.967
2023,Q1,E07000140,2.667
2023,Q1,E07000141,2.733
2023,Q1,E07000142,3.1
2023,Q1,E07000143,2.167
2023,Q1,E07000144,1.733
2023,Q1,E07000145,5.167
2023,Q1,E07000146,2.6
2023,Q1,E07000147,2.7
2023,Q1,E07000148,3.5
2023,Q1,E07000149,1.9
2023,Q1,E07000170,3.733
2023,Q1,E07000171,2.933
2023,Q1,E07000172,2.567
2023,Q1,E07000173,2.9
2023,Q1,E07000174,3.8
2023,Q1,E07000175,2.8
2023,Q1,E07000176,1.733
2023,Q1,E07000177,1.967
2023,Q1,E07000178,2.2
2023,Q1,E07000179,1.8
2023,Q1,E07000180,1.933
2023,Q1,E07000181,1.833
2023,Q1,E07000192,3.267
2023,Q1,E07000193,2.933
2023,Q1,E07000194,2.367
2023,Q1,E07000195,2.933
2023,Q1,E07000196,2.667
2023,Q1,E07000197,2.467
2023,Q1,E07000198,2.033
2023,Q1,E07000199,3.333
2023,Q1,E07000200,2.133
2023,Q1,E07000202,4.533
2023,Q1,E07000203,1.833
2023,Q1,E07000207,1.967
2023,Q1,E07000208,1.8
2023,Q1,E07000209,1.8
2023,Q1,E07000210,1.633
2023,Q1,E07000211,1.8
2023,Q1,E07000212,2.233
2023,Q1,E07000213,2.967
2023,Q1,E07000214,1.9
2023,Q1,E07000215,2.0
2023,Q1,E07000216,1.667
2023,Q1,E07000217,2.2
2023,Q1,E07000218,2.533
2023,Q1,E07000219,3.7
2023,Q1,E07000220,2.633
2023,Q1,E07000221,1.933
2023,Q1,E07000222,2.067
2023,Q1,E07000223,2.733
2023,Q1,E07000224,3.033
2023,Q1,E07000225,2.867
2023,Q1,E07000226,3.6
2023,Q1,E07000227,1.833
2023,Q1,E07000228,1.567
2023,Q1,E07000229,2.9
2023,Q1,E07000234,2.5
2023,Q1,E07000235,2.533
2023,Q1,E07000236,3.733
2023,Q1,E07000237,3.5
2023,Q1,E07000238,2.6
2023,Q1,E07000239,3.2
2023,Q1,E07000240,1.967
2023,Q1,E07000241,2.433
2023,Q1,E07000242,1.767
2023,Q1,E07000243,3.0
2023,Q1,E07000244,2.667
2023,Q1,E07000245,2.067
2023,Q1,E08000001,5.3
2023,Q1,E08000002,4.233
2023,Q1,E08000003,5.533
2023,Q1,E08000004,6.2
2023,Q1,E08000005,5.767
2023,Q1,E08000006,4.733
2023,Q1,E08000007,3.2
2023,Q1,E08000008,4.5
2023,Q1,E08000009,3.0
2023,Q1,E08000010,3.7
2023,Q1,E08000011,4.7
2023,Q1,E08000012,5.433
2023,Q1,E08000013,3.9
2023,Q1,E08000014,3.7
2023,Q1,E08000015,3.667
2023,Q1,E08000016,3.5
2023,Q1,E08000017,4.533
2023,Q1,E08000018,4.267
2023,Q1,E08000019,4.067
2023,Q1,E08000021,4.3
2023,Q1,E08000022,3.433
2023,Q1,E08000023,5.6
2023,Q1,E08000024,4.567
2023,Q1,E08000025,8.0
2023,Q1,E08000026,5.167
2023,Q1,E08000027,4.6
2023,Q1,E08000028,6.033
2023,Q1,E08000029,3.133
2023,Q1,E08000030,5.367
2023,Q1,E08000031,7.2
2023,Q1,E08000032,6.3
2023,Q1,E08000033,4.0
2023,Q1,E08000034,4.167
2023,Q1,E08000035,4.1
2023,Q1,E08000036,3.467
2023,Q1,E08000037,4.433
2023,Q1,E09000001,1.633
2023,Q1,E09000002,5.867
2023,Q1,E09000003,4.2
2023,Q1,E09000004,2.9
2023,Q1,E09000005,5.8
2023,Q1,E09000006,2.833
2023,Q1,E09000007,4.067
2023,Q1,E09000008,5.233
2023,Q1,E09000009,5.067
2023,Q1,E09000010,5.667
2023,Q1,E09000011,4.533
2023,Q1,E09000012,5.633
2023,Q1,E09000013,4.267
2023,Q1,E09000014,6.567
2023,Q1,E09000015,3.467
2023,Q1,E09000016,3.633
2023,Q1,E09000017,3.633
2023,Q1,E09000018,4.7
2023,Q1,E09000019,4.9
2023,Q1,E09000020,3.2
2023,Q1,E09000021,2.533
2023,Q1,E09000022,4.967
2023,Q1,E09000023,5.6
2023,Q1,E09000024,3.7
2023,Q1,E09000025,5.733
2023,Q1,E09000026,4.5
2023,Q1,E09000027,2.367
2023,Q1,E09000028,4.8
2023,Q1,E09000029,2.767
2023,Q1,E09000030,4.633
2023,Q1,E09000031,5.5
2023,Q1,E09000032,3.067
2023,Q1,E09000033,3.833
2023,Q1,N09000001,2.333
2023,Q1,N09000002,2.567
2023,Q1,N09000003,3.9
2023,Q1,N09000004,3.2
2023,Q1,N09000005,4.833
2023,Q1,N09000006,2.333
2023,Q1,N09000007,1.8
2023,Q1,N09000008,2.967
2023,Q1,N09000009,2.1
2023,Q1,N09000010,2.833
2023,Q1,N09000011,2.667
2023,Q1,S12000005,3.667
2023,Q1,S12000006,3.067
2023,Q1,S12000008,4.367
2023,Q1,S12000010,2.2
2023,Q1,S12000011,1.733
2023,Q1,S12000013,2.067
2023,Q1,S12000014,3.133
2023,Q1,S12000017,2.567
2023,Q1,S12000018,3.633
2023,Q1,S12000019,2.233
2023,Q1,S12000020,2.433
2023,Q1,S12000021,4.533
2023,Q1,S12000023,1.8
2023,Q1,S12000026,3.0
2023,Q1,S12000027,1.8
2023,Q1,S12000028,3.8
2023,Q1,S12000029,3.0
2023,Q1,S12000030,2.467
2023,Q1,S12000033,3.267
2023,Q1,S12000034,1.967
2023,Q1,S12000035,2.833
2023,Q1,S12000036,2.333
2023,Q1,S12000038,3.067
2023,Q1,S12000039,4.533
2023,Q1,S12000040,2.667
2023,Q1,S12000041,3.0
2023,Q1,S12000042,4.267
2023,Q1,S12000045,1.933
2023,Q1,S12000047,3.5
2023,Q1,S12000048,2.367
2023,Q1,S12000049,4.733
2023,Q1,S12000050,3.4
2023,Q1,W06000001,3.467
2023,Q1,W06000002,2.9
2023,Q1,W06000003,3.633
2023,Q1,W06000004,3.633
2023,Q1,W06000005,2.9
2023,Q1,W06000006,3.033
2023,Q1,W06000008,2.7
2023,Q1,W06000009,3.367
2023,Q1,W06000010,2.8
2023,Q1,W06000011,3.4
2023,Q1,W06000012,3.067
2023,Q1,W06000013,2.933
2023,Q1,W06000014,2.9
2023,Q1,W06000015,3.533
2023,Q1,W06000016,3.1
2023,Q1,W06000018,3.467
2023,Q1,W06000019,4.233
2023,Q1,W06000020,3.567
2023,Q1,W06000021,2.267
2023,Q1,W06000022,4.233
2023,Q1,W06000023,2.3
2023,Q1,W06000024,3.6
2023,Q2,E06000001,5.067
2023,Q2,E06000002,5.567
2023,Q2,E06000003,4.133
2023,Q2,E06000004,3.967
2023,Q2,E06000005,4.167
2023,Q2,E06000006,4.233
2023,Q2,E06000007,2.433
2023,Q2,E06000008,5.1
2023,Q2,E06000009,6.5
2023,Q2,E06000010,5.567
2023,Q2,E06000011,2.333
2023,Q2,E06000012,4.433
2023,Q2,E06000013,3.467
2023,Q2,E06000014,1.633
2023,Q2,E06000015,4.8
2023,Q2,E06000016,4.9
2023,Q2,E06000017,1.667
2023,Q2,E06000018,5.533
2023,Q2,E06000019,2.433
2023,Q2,E06000020,3.3
2023,Q2,E06000021,5.333
2023,Q2,E06000022,1.733
2023,Q2,E06000023,3.2
2023,Q2,E06000024,2.267
2023,Q2,E06000025,1.667
2023,Q2,E06000026,3.133
2023,Q2,E06000027,3.133
2023,Q2,E06000030,2.867
2023,Q2,E06000031,5.133
2023,Q2,E06000032,5.333
2023,Q2,E06000033,4.3
2023,Q2,E06000034,3.967
2023,Q2,E06000035,3.733
2023,Q2,E06000036,1.967
2023,Q2,E06000037,2.0
2023,Q2,E06000038,3.567
2023,Q2,E06000039,4.6
2023,Q2,E06000040,2.0
2023,Q2,E06000041,1.567
2023,Q2,E06000042,3.433
2023,Q2,E06000043,3.8
2023,Q2,E06000044,4.267
2023,Q2,E06000045,3.867
2023,Q2,E06000046,3.467
2023,Q2,E06000047,3.2
2023,Q2,E06000049,2.233
2023,Q2,E06000050,2.433
2023,Q2,E06000051,2.333
2023,Q2,E06000052,2.7
2023,Q2,E06000053,1.233
2023,Q2,E06000054,1.933
2023,Q2,E06000055,3.8
2023,Q2,E06000056,2.133
2023,Q2,E06000057,3.167
2023,Q2,E06000058,3.267
2023,Q2,E06000059,2.233
2023,Q2,E06000060,2.5
2023,Q2,E06000061,3.333
2023,Q2,E06000062,3.033
2023,Q2,E06000063,2.567
2023,Q2,E06000064,1.933
2023,Q2,E06000065,1.933
2023,Q2,E06000066,2.333
2023,Q2,E07000008,1.833
2023,Q2,E07000009,1.833
2023,Q2,E07000010,3.767
2023,Q2,E07000011,2.033
2023,Q2,E07000012,1.7
2023,Q2,E07000032,2.567
2023,Q2,E07000033,3.033
2023,Q2,E07000034,3.433
2023,Q2,E07000035,1.8
2023,Q2,E07000036,3.033
2023,Q2,E07000037,2.567
2023,Q2,E07000038,2.433
2023,Q2,E07000039,2.033
2023,Q2,E07000040,1.7
2023,Q2,E07000041,1.933
2023,Q2,E07000042,1.867
2023,Q2,E07000043,2.5
2023,Q2,E07000044,1.733
2023,Q2,E07000045,1.867
2023,Q2,E07000046,2.267
2023,Q2,E07000047,1.767
2023,Q2,E07000061,4.4
2023,Q2,E07000062,5.367
2023,Q2,E07000063,2.933
2023,Q2,E07000064,3.233
2023,Q2,E07000065,2.0
2023,Q2,E07000066,3.467
2023,Q2,E07000067,2.567
2023,Q2,E07000068,2.333
2023,Q2,E07000069,2.3
2023,Q2,E07000070,2.267
2023,Q2,E07000071,2.767
2023,Q2,E07000072,2.533
2023,Q2,E07000073,4.067
2023,Q2,E07000074,2.2
2023,Q2,E07000075,2.033
2023,Q2,E07000076,3.933
2023,Q2,E07000077,1.7
2023,Q2,E07000078,2.433
2023,Q2,E07000079,1.733
2023,Q2,E07000080,2.333
2023,Q2,E07000081,3.133
2023,Q2,E07000082,1.633
2023,Q2,E07000083,1.933
2023,Q2,E07000084,2.5
2023,Q2,E07000085,1.9
2023,Q2,E07000086,1.833
2023,Q2,E07000087,1.7
2023,Q2,E07000088,3.367
2023,Q2,E07000089,1.367
2023,Q2,E07000090,3.4
2023,Q2,E07000091,1.9
2023,Q2,E07000092,2.567
2023,Q2,E07000093,1.733
2023,Q2,E07000094,1.9
2023,Q2,E07000095,3.2
2023,Q2,E07000096,2.767
2023,Q2,E07000098,2.833
2023,Q2,E07000099,2.033
2023,Q2,E07000102,2.2
2023,Q2,E07000103,3.467
2023,Q2,E07000105,2.867
2023,Q2,E07000106,3.167
2023,Q2,E07000107,2.867
2023,Q2,E07000108,3.767
2023,Q2,E07000109,4.267
2023,Q2,E07000110,2.767
2023,Q2,E07000111,2.033
2023,Q2,E07000112,3.833
2023,Q2,E07000113,3.5
2023,Q2,E07000114,5.633
2023,Q2,E07000115,2.033
2023,Q2,E07000116,2.333
2023,Q2,E07000117,5.3
2023,Q2,E07000118,2.5
2023,Q2,E07000119,2.667
2023,Q2,E07000120,5.433
2023,Q2,E07000121,3.0
2023,Q2,E07000122,5.033
2023,Q2,E07000123,4.167
2023,Q2,E07000124,1.733
2023,Q2,E07000125,3.967
2023,Q2,E07000126,2.367
2023,Q2,E07000127,2.867
2023,Q2,E07000128,3.033
2023,Q2,E07000129,2.0
2023,Q2,E07000130,2.167
2023,Q2,E07000131,1.533
2023,Q2,E07000132,2.433
2023,Q2,E07000133,2.7
2023,Q2,E07000134,1.933
2023,Q2,E07000135,2.4
2023,Q2,E07000136,4.433
2023,Q2,E07000137,2.767
2023,Q2,E07000138,4.133
2023,Q2,E07000139,1.833
2023,Q2,E07000140,2.767
2023,Q2,E07000141,2.633
2023,Q2,E07000142,2.9
2023,Q2,E07000143,2.167
2023,Q2,E07000144,1.7
2023,Q2,E07000145,4.9
2023,Q2,E07000146,2.733
2023,Q2,E07000147,2.6
2023,Q2,E07000148,3.433
2023,Q2,E07000149,1.933
2023,Q2,E07000170,3.833
2023,Q2,E07000171,2.967
2023,Q2,E07000172,2.6
2023,Q2,E07000173,2.967
2023,Q2,E07000174,3.867
2023,Q2,E07000175,2.7
2023,Q2,E07000176,1.733
2023,Q2,E07000177,2.033
2023,Q2,E07000178,2.3
2023,Q2,E07000179,1.767
2023,Q2,E07000180,1.967
2023,Q2,E07000181,1.733
2023,Q2,E07000192,3.367
2023,Q2,E07000193,3.333
2023,Q2,E07000194,2.367
2023,Q2,E07000195,3.033
2023,Q2,E07000196,2.667
2023,Q2,E07000197,2.433
2023,Q2,E07000198,1.967
2023,Q2,E07000199,3.433
2023,Q2,E07000200,2.2
2023,Q2,E07000202,4.567
2023,Q2,E07000203,1.8
2023,Q2,E07000207,2.0
2023,Q2,E07000208,1.733
2023,Q2,E07000209,1.8
2023,Q2,E07000210,1.667
2023,Q2,E07000211,1.767
2023,Q2,E07000212,2.2
2023,Q2,E07000213,3.067
2023,Q2,E07000214,1.933
2023,Q2,E07000215,2.0
2023,Q2,E07000216,1.633
2023,Q2,E07000217,2.233
2023,Q2,E07000218,2.533
2023,Q2,E07000219,3.767
2023,Q2,E07000220,2.833
2023,Q2,E07000221,1.933
2023,Q2,E07000222,2.133
2023,Q2,E07000223,2.633
2023,Q2,E07000224,3.0
2023,Q2,E07000225,2.767
2023,Q2,E07000226,3.767
2023,Q2,E07000227,1.833
2023,Q2,E07000228,1.633
2023,Q2,E07000229,2.767
2023,Q2,E07000234,2.5
2023,Q2,E07000235,2.567
2023,Q2,E07000236,3.7
2023,Q2,E07000237,3.5
2023,Q2,E07000238,2.567
2023,Q2,E07000239,3.067
2023,Q2,E07000240,1.933
2023,Q2,E07000241,2.4
2023,Q2,E07000242,1.767
2023,Q2,E07000243,3.067
2023,Q2,E07000244,2.6
2023,Q2,E07000245,2.133
2023,Q2,E08000001,5.433
2023,Q2,E08000002,4.267
2023,Q2,E08000003,5.833
2023,Q2,E08000004,6.367
2023,Q2,E08000005,5.767
2023,Q2,E08000006,4.933
2023,Q2,E08000007,3.133
2023,Q2,E08000008,4.567
2023,Q2,E08000009,3.033
2023,Q2,E08000010,3.767
2023,Q2,E08000011,4.6
2023,Q2,E08000012,5.567
2023,Q2,E08000013,3.9
2023,Q2,E08000014,3.733
2023,Q2,E08000015,3.6
2023,Q2,E08000016,3.533
2023,Q2,E08000017,4.733
2023,Q2,E08000018,4.233
2023,Q2,E08000019,4.233
2023,Q2,E08000021,4.3
2023,Q2,E08000022,3.367
2023,Q2,E08000023,5.533
2023,Q2,E08000024,4.3
2023,Q2,E08000025,8.267
2023,Q2,E08000026,5.533
2023,Q2,E08000027,4.633
2023,Q2,E08000028,6.1
2023,Q2,E08000029,3.233
2023,Q2,E08000030,5.567
2023,Q2,E08000031,7.367
2023,Q2,E08000032,6.367
2023,Q2,E08000033,4.167
2023,Q2,E08000034,4.267
2023,Q2,E08000035,4.267
2023,Q2,E08000036,3.467
2023,Q2,E08000037,4.5
2023,Q2,E09000001,1.367
2023,Q2,E09000002,6.167
2023,Q2,E09000003,4.2
2023,Q2,E09000004,3.067
2023,Q2,E09000005,6.0
2023,Q2,E09000006,2.867
2023,Q2,E09000007,4.2
2023,Q2,E09000008,5.367
2023,Q2,E09000009,5.167
2023,Q2,E09000010,5.8
2023,Q2,E09000011,4.667
2023,Q2,E09000012,5.8
2023,Q2,E09000013,4.3
2023,Q2,E09000014,6.7
2023,Q2,E09000015,3.533
2023,Q2,E09000016,3.8
2023,Q2,E09000017,3.767
2023,Q2,E09000018,4.9
2023,Q2,E09000019,5.067
2023,Q2,E09000020,3.133
2023,Q2,E09000021,2.667
2023,Q2,E09000022,5.067
2023,Q2,E09000023,5.767
2023,Q2,E09000024,3.933
2023,Q2,E09000025,6.067
2023,Q2,E09000026,4.7
2023,Q2,E09000027,2.433
2023,Q2,E09000028,4.833
2023,Q2,E09000029,2.933
2023,Q2,E09000030,4.833
2023,Q2,E09000031,5.867
2023,Q2,E09000032,3.2
2023,Q2,E09000033,3.833
2023,Q2,N09000001,2.467
2023,Q2,N09000002,2.733
2023,Q2,N09000003,3.967
2023,Q2,N09000004,3.067
2023,Q2,N09000005,4.867
2023,Q2,N09000006,2.367
2023,Q2,N09000007,1.9
2023,Q2,N09000008,2.967
2023,Q2,N09000009,2.133
2023,Q2,N09000010,2.933
2023,Q2,N09000011,2.7
2023,Q2,S12000005,3.7
2023,Q2,S12000006,3.067
2023,Q2,S12000008,4.3
2023,Q2,S12000010,2.3
2023,Q2,S12000011,1.833
2023,Q2,S12000013,1.967
2023,Q2,S12000014,3.0
2023,Q2,S12000017,2.4
2023,Q2,S12000018,3.833
2023,Q2,S12000019,2.2
2023,Q2,S12000020,2.367
2023,Q2,S12000021,4.567
2023,Q2,S12000023,1.733
2023,Q2,S12000026,3.033
2023,Q2,S12000027,1.733
2023,Q2,S12000028,3.6
2023,Q2,S12000029,3.1
2023,Q2,S12000030,2.433
2023,Q2,S12000033,3.233
2023,Q2,S12000034,1.933
2023,Q2,S12000035,2.7
2023,Q2,S12000036,2.433
2023,Q2,S12000038,3.2
2023,Q2,S12000039,4.5
2023,Q2,S12000040,2.767
2023,Q2,S12000041,3.067
2023,Q2,S12000042,4.367
2023,Q2,S12000045,2.0
2023,Q2,S12000047,3.567
2023,Q2,S12000048,2.5
2023,Q2,S12000049,4.867
2023,Q2,S12000050,3.467
2023,Q2,W06000001,3.7
2023,Q2,W06000002,2.767
2023,Q2,W06000003,3.533
2023,Q2,W06000004,3.567
2023,Q2,W06000005,2.933
2023,Q2,W06000006,3.0
2023,Q2,W06000008,2.433
2023,Q2,W06000009,3.133
2023,Q2,W06000010,2.767
2023,Q2,W06000011,3.4
2023,Q2,W06000012,3.167
2023,Q2,W06000013,2.9
2023,Q2,W06000014,2.9
2023,Q2,W06000015,3.6
2023,Q2,W06000016,3.133
2023,Q2,W06000018,3.433
2023,Q2,W06000019,4.367
2023,Q2,W06000020,3.633
2023,Q2,W06000021,2.267
2023,Q2,W06000022,4.433
2023,Q2,W06000023,2.333
2023,Q2,W06000024,3.5
2023,Q3,E06000001,5.0
2023,Q3,E06000002,5.3
2023,Q3,E06000003,3.9
2023,Q3,E06000004,3.867
2023,Q3,E06000005,4.2
2023,Q3,E06000006,4.3
2023,Q3,E06000007,2.4
2023,Q3,E06000008,5.0
2023,Q3,E06000009,6.033
2023,Q3,E06000010,5.367
2023,Q3,E06000011,2.2
2023,Q3,E06000012,4.333
2023,Q3,E06000013,3.333
2023,Q3,E06000014,1.633
2023,Q3,E06000015,4.633
2023,Q3,E06000016,4.933
2023,Q3,E06000017,1.567
2023,Q3,E06000018,5.433
2023,Q3,E06000019,2.367
2023,Q3,E06000020,3.3
2023,Q3,E06000021,5.267
2023,Q3,E06000022,1.7
2023,Q3,E06000023,3.2
2023,Q3,E06000024,2.233
2023,Q3,E06000025,1.667
2023,Q3,E06000026,3.2
2023,Q3,E06000027,3.133
2023,Q3,E06000030,2.9
2023,Q3,E06000031,5.133
2023,Q3,E06000032,5.433
2023,Q3,E06000033,4.133
2023,Q3,E06000034,3.9
2023,Q3,E06000035,3.733
2023,Q3,E06000036,1.933
2023,Q3,E06000037,2.0
2023,Q3,E06000038,3.633
2023,Q3,E06000039,4.7
2023,Q3,E06000040,2.0
2023,Q3,E06000041,1.6
2023,Q3,E06000042,3.467
2023,Q3,E06000043,3.8
2023,Q3,E06000044,4.3
2023,Q3,E06000045,3.9
2023,Q3,E06000046,3.233
2023,Q3,E06000047,3.167
2023,Q3,E06000049,2.2
2023,Q3,E06000050,2.4
2023,Q3,E06000051,2.267
2023,Q3,E06000052,2.633
2023,Q3,E06000053,0.867
2023,Q3,E06000054,1.933
2023,Q3,E06000055,3.9
2023,Q3,E06000056,2.1
2023,Q3,E06000057,3.033
2023,Q3,E06000058,3.1
2023,Q3,E06000059,2.133
2023,Q3,E06000060,2.5
2023,Q3,E06000061,3.233
2023,Q3,E06000062,3.0
2023,Q3,E06000063,2.5
2023,Q3,E06000064,1.9
2023,Q3,E06000065,1.867
2023,Q3,E06000066,2.3
2023,Q3,E07000008,1.8
2023,Q3,E07000009,1.7
2023,Q3,E07000010,3.7
2023,Q3,E07000011,2.0
2023,Q3,E07000012,1.6
2023,Q3,E07000032,2.533
2023,Q3,E07000033,3.0
2023,Q3,E07000034,3.533
2023,Q3,E07000035,1.8
2023,Q3,E07000036,3.067
2023,Q3,E07000037,2.533
2023,Q3,E07000038,2.433
2023,Q3,E07000039,2.067
2023,Q3,E07000040,1.6
2023,Q3,E07000041,1.867
2023,Q3,E07000042,1.8
2023,Q3,E07000043,2.4
2023,Q3,E07000044,1.6
2023,Q3,E07000045,1.9
2023,Q3,E07000046,2.2
2023,Q3,E07000047,1.767
2023,Q3,E07000061,4.233
2023,Q3,E07000062,5.167
2023,Q3,E07000063,2.933
2023,Q3,E07000064,3.133
2023,Q3,E07000065,1.9
2023,Q3,E07000066,3.433
2023,Q3,E07000067,2.533
2023,Q3,E07000068,2.3
2023,Q3,E07000069,2.267
2023,Q3,E07000070,2.233
2023,Q3,E07000071,2.7
2023,Q3,E07000072,2.533
2023,Q3,E07000073,4.2
2023,Q3,E07000074,2.133
2023,Q3,E07000075,1.967
2023,Q3,E07000076,3.733
2023,Q3,E07000077,1.7
2023,Q3,E07000078,2.5
2023,Q3,E07000079,1.633
2023,Q3,E07000080,2.3
2023,Q3,E07000081,3.2
2023,Q3,E07000082,1.633
2023,Q3,E07000083,2.0
2023,Q3,E07000084,2.5
2023,Q3,E07000085,1.9
2023,Q3,E07000086,1.8
2023,Q3,E07000087,1.733
2023,Q3,E07000088,3.233
2023,Q3,E07000089,1.3
2023,Q3,E07000090,3.4
2023,Q3,E07000091,1.9
2023,Q3,E07000092,2.5
2023,Q3,E07000093,1.7
2023,Q3,E07000094,1.9
2023,Q3,E07000095,3.2
2023,Q3,E07000096,2.8
2023,Q3,E07000098,2.833
2023,Q3,E07000099,2.0
2023,Q3,E07000102,2.3
2023,Q3,E07000103,3.633
2023,Q3,E07000105,2.9
2023,Q3,E07000106,3.1
2023,Q3,E07000107,2.833
2023,Q3,E07000108,3.733
2023,Q3,E07000109,4.167
2023,Q3,E07000110,2.8
2023,Q3,E07000111,1.933
2023,Q3,E07000112,3.8
2023,Q3,E07000113,3.433
2023,Q3,E07000114,5.4
2023,Q3,E07000115,2.1
2023,Q3,E07000116,2.333
2023,Q3,E07000117,5.267
2023,Q3,E07000118,2.333
2023,Q3,E07000119,2.5
2023,Q3,E07000120,5.2
2023,Q3,E07000121,2.967
2023,Q3,E07000122,4.9
2023,Q3,E07000123,4.267
2023,Q3,E07000124,1.6
2023,Q3,E07000125,3.767
2023,Q3,E07000126,2.367
2023,Q3,E07000127,2.7
2023,Q3,E07000128,2.8
2023,Q3,E07000129,1.933
2023,Q3,E07000130,2.233
2023,Q3,E07000131,1.5
2023,Q3,E07000132,2.333
2023,Q3,E07000133,2.767
2023,Q3,E07000134,1.967
2023,Q3,E07000135,2.433
2023,Q3,E07000136,4.5
2023,Q3,E07000137,2.6
2023,Q3,E07000138,3.9
2023,Q3,E07000139,1.8
2023,Q3,E07000140,2.767
2023,Q3,E07000141,2.7
2023,Q3,E07000142,2.867
2023,Q3,E07000143,2.133
2023,Q3,E07000144,1.733
2023,Q3,E07000145,4.5
2023,Q3,E07000146,2.633
2023,Q3,E07000147,2.433
2023,Q3,E07000148,3.5
2023,Q3,E07000149,1.9
2023,Q3,E07000170,3.767
2023,Q3,E07000171,2.967
2023,Q3,E07000172,2.5
2023,Q3,E07000173,2.967
2023,Q3,E07000174,3.9
2023,Q3,E07000175,2.8
2023,Q3,E07000176,1.7
2023,Q3,E07000177,2.033
2023,Q3,E07000178,2.267
2023,Q3,E07000179,1.8
2023,Q3,E07000180,1.933
2023,Q3,E07000181,1.667
2023,Q3,E07000192,3.3
2023,Q3,E07000193,3.267
2023,Q3,E07000194,2.3
2023,Q3,E07000195,2.9
2023,Q3,E07000196,2.5
2023,Q3,E07000197,2.3
2023,Q3,E07000198,1.933
2023,Q3,E07000199,3.3
2023,Q3,E07000200,2.133
2023,Q3,E07000202,4.6
2023,Q3,E07000203,1.8
2023,Q3,E07000207,2.0
2023,Q3,E07000208,1.8
2023,Q3,E07000209,1.767
2023,Q3,E07000210,1.8
2023,Q3,E07000211,1.833
2023,Q3,E07000212,2.233
2023,Q3,E07000213,3.067
2023,Q3,E07000214,1.967
2023,Q3,E07000215,2.0
2023,Q3,E07000216,1.633
2023,Q3,E07000217,2.333
2023,Q3,E07000218,2.433
2023,Q3,E07000219,3.7
2023,Q3,E07000220,2.667
2023,Q3,E07000221,1.8
2023,Q3,E07000222,2.033
2023,Q3,E07000223,2.6
2023,Q3,E07000224,2.933
2023,Q3,E07000225,2.7
2023,Q3,E07000226,3.733
2023,Q3,E07000227,1.8
2023,Q3,E07000228,1.7
2023,Q3,E07000229,2.667
2023,Q3,E07000234,2.433
2023,Q3,E07000235,2.467
2023,Q3,E07000236,3.6
2023,Q3,E07000237,3.433
2023,Q3,E07000238,2.5
2023,Q3,E07000239,3.0
2023,Q3,E07000240,2.033
2023,Q3,E07000241,2.4
2023,Q3,E07000242,1.767
2023,Q3,E07000243,3.0
2023,Q3,E07000244,2.5
2023,Q3,E07000245,2.1
2023,Q3,E08000001,5.233
2023,Q3,E08000002,4.1
2023,Q3,E08000003,5.733
2023,Q3,E08000004,6.267
2023,Q3,E08000005,5.567
2023,Q3,E08000006,4.733
2023,Q3,E08000007,3.1
2023,Q3,E08000008,4.567
2023,Q3,E08000009,2.967
2023,Q3,E08000010,3.567
2023,Q3,E08000011,4.467
2023,Q3,E08000012,5.433
2023,Q3,E08000013,3.867
2023,Q3,E08000014,3.667
2023,Q3,E08000015,3.567
2023,Q3,E08000016,3.433
2023,Q3,E08000017,4.567
2023,Q3,E08000018,4.1
2023,Q3,E08000019,4.167
2023,Q3,E08000021,4.1
2023,Q3,E08000022,3.4
2023,Q3,E08000023,5.333
2023,Q3,E08000024,4.267
2023,Q3,E08000025,8.233
2023,Q3,E08000026,5.333
2023,Q3,E08000027,4.5
2023,Q3,E08000028,6.033
2023,Q3,E08000029,3.133
2023,Q3,E08000030,5.4
2023,Q3,E08000031,7.167
2023,Q3,E08000032,6.3
2023,Q3,E08000033,4.067
2023,Q3,E08000034,4.167
2023,Q3,E08000035,4.167
2023,Q3,E08000036,3.4
2023,Q3,E08000037,4.333
2023,Q3,E09000001,1.367
2023,Q3,E09000002,6.433
2023,Q3,E09000003,4.233
2023,Q3,E09000004,3.1
2023,Q3,E09000005,6.133
2023,Q3,E09000006,2.933
2023,Q3,E09000007,4.2
2023,Q3,E09000008,5.467
2023,Q3,E09000009,5.233
2023,Q3,E09000010,5.867
2023,Q3,E09000011,4.833
2023,Q3,E09000012,6.033
2023,Q3,E09000013,4.367
2023,Q3,E09000014,6.733
2023,Q3,E09000015,3.6
2023,Q3,E09000016,3.8
2023,Q3,E09000017,3.833
2023,Q3,E09000018,4.867
2023,Q3,E09000019,5.133
2023,Q3,E09000020,3.2
2023,Q3,E09000021,2.733
2023,Q3,E09000022,5.233
2023,Q3,E09000023,5.867
2023,Q3,E09000024,4.0
2023,Q3,E09000025,6.233
2023,Q3,E09000026,4.833
2023,Q3,E09000027,2.333
2023,Q3,E09000028,4.8
2023,Q3,E09000029,2.9
2023,Q3,E09000030,5.1
2023,Q3,E09000031,5.967
2023,Q3,E09000032,3.233
2023,Q3,E09000033,3.8
2023,Q3,N09000001,2.433
2023,Q3,N09000002,2.8
2023,Q3,N09000003,4.033
2023,Q3,N09000004,3.2
2023,Q3,N09000005,5.033
2023,Q3,N09000006,2.433
2023,Q3,N09000007,1.933
2023,Q3,N09000008,3.033
2023,Q3,N09000009,2.233
2023,Q3,N09000010,3.033
2023,Q3,N09000011,2.733
2023,Q3,S12000005,3.567
2023,Q3,S12000006,2.9
2023,Q3,S12000008,4.133
2023,Q3,S12000010,2.233
2023,Q3,S12000011,1.8
2023,Q3,S12000013,1.833
2023,Q3,S12000014,2.933
2023,Q3,S12000017,2.2
2023,Q3,S12000018,3.7
2023,Q3,S12000019,2.233
2023,Q3,S12000020,2.233
2023,Q3,S12000021,4.467
2023,Q3,S12000023,1.567
2023,Q3,S12000026,2.9
2023,Q3,S12000027,1.533
2023,Q3,S12000028,3.5
2023,Q3,S12000029,3.0
2023,Q3,S12000030,2.367
2023,Q3,S12000033,3.133
2023,Q3,S12000034,1.833
2023,Q3,S12000035,2.533
2023,Q3,S12000036,2.333
2023,Q3,S12000038,3.1
2023,Q3,S12000039,4.4
2023,Q3,S12000040,2.7
2023,Q3,S12000041,2.967
2023,Q3,S12000042,4.3
2023,Q3,S12000045,1.967
2023,Q3,S12000047,3.367
2023,Q3,S12000048,2.433
2023,Q3,S12000049,4.667
2023,Q3,S12000050,3.367
2023,Q3,W06000001,3.633
2023,Q3,W06000002,2.5
2023,Q3,W06000003,3.333
2023,Q3,W06000004,3.433
2023,Q3,W06000005,2.767
2023,Q3,W06000006,2.9
2023,Q3,W06000008,2.2
2023,Q3,W06000009,2.9
2023,Q3,W06000010,2.7
2023,Q3,W06000011,3.267
2023,Q3,W06000012,3.033
2023,Q3,W06000013,2.767
2023,Q3,W06000014,2.8
2023,Q3,W06000015,3.567
2023,Q3,W06000016,3.0
2023,Q3,W06000018,3.367
2023,Q3,W06000019,4.1
2023,Q3,W06000020,3.567
2023,Q3,W06000021,2.167
2023,Q3,W06000022,4.4
2023,Q3,W06000023,2.2
2023,Q3,W06000024,3.4
2023,Q4,E06000001,4.867
2023,Q4,E06000002,5.167
2023,Q4,E06000003,3.967
2023,Q4,E06000004,3.7
2023,Q4,E06000005,4.1
2023,Q4,E06000006,4.333
2023,Q4,E06000007,2.4
2023,Q4,E06000008,4.867
2023,Q4,E06000009,5.867
2023,Q4,E06000010,5.467
2023,Q4,E06000011,2.367
2023,Q4,E06000012,4.367
2023,Q4,E06000013,3.367
2023,Q4,E06000014,1.667
2023,Q4,E06000015,4.633
2023,Q4,E06000016,4.7
2023,Q4,E06000017,1.6
2023,Q4,E06000018,5.333
2023,Q4,E06000019,2.3
2023,Q4,E06000020,3.333
2023,Q4,E06000021,5.167
2023,Q4,E06000022,1.7
2023,Q4,E06000023,3.3
2023,Q4,E06000024,2.367
2023,Q4,E06000025,1.7
2023,Q4,E06000026,3.2
2023,Q4,E06000027,3.167
2023,Q4,E06000030,2.967
2023,Q4,E06000031,5.0
2023,Q4,E06000032,5.467
2023,Q4,E06000033,4.233
2023,Q4,E06000034,3.967
2023,Q4,E06000035,3.733
2023,Q4,E06000036,1.9
2023,Q4,E06000037,2.0
2023,Q4,E06000038,3.733
2023,Q4,E06000039,4.8
2023,Q4,E06000040,2.1
2023,Q4,E06000041,1.7
2023,Q4,E06000042,3.5
2023,Q4,E06000043,3.867
2023,Q4,E06000044,4.333
2023,Q4,E06000045,3.867
2023,Q4,E06000046,3.6
2023,Q4,E06000047,3.167
2023,Q4,E06000049,2.267
2023,Q4,E06000050,2.467
2023,Q4,E06000051,2.2
2023,Q4,E06000052,2.767
2023,Q4,E06000053,1.1
2023,Q4,E06000054,2.0
2023,Q4,E06000055,3.9
2023,Q4,E06000056,2.1
2023,Q4,E06000057,3.033
2023,Q4,E06000058,3.133
2023,Q4,E06000059,2.2
2023,Q4,E06000060,2.533
2023,Q4,E06000061,3.233
2023,Q4,E06000062,3.0
2023,Q4,E06000063,2.5
2023,Q4,E06000064,1.867
2023,Q4,E06000065,1.933
2023,Q4,E06000066,2.467
2023,Q4,E07000008,1.833
2023,Q4,E07000009,1.767
2023,Q4,E07000010,3.6
2023,Q4,E07000011,2.0
2023,Q4,E07000012,1.7
2023,Q4,E07000032,2.5
2023,Q4,E07000033,3.067
2023,Q4,E07000034,3.633
2023,Q4,E07000035,1.8
2023,Q4,E07000036,3.067
2023,Q4,E07000037,2.5
2023,Q4,E07000038,2.6
2023,Q4,E07000039,2.133
2023,Q4,E07000040,1.667
2023,Q4,E07000041,1.9
2023,Q4,E07000042,1.833
2023,Q4,E07000043,2.5
2023,Q4,E07000044,1.667
2023,Q4,E07000045,1.9
2023,Q4,E07000046,2.333
2023,Q4,E07000047,1.767
2023,Q4,E07000061,4.267
2023,Q4,E07000062,5.233
2023,Q4,E07000063,3.033
2023,Q4,E07000064,3.133
2023,Q4,E07000065,1.967
2023,Q4,E07000066,3.467
2023,Q4,E07000067,2.567
2023,Q4,E07000068,2.433
2023,Q4,E07000069,2.3
2023,Q4,E07000070,2.3
2023,Q4,E07000071,2.767
2023,Q4,E07000072,2.667
2023,Q4,E07000073,4.4
2023,Q4,E07000074,2.2
2023,Q4,E07000075,1.933
2023,Q4,E07000076,3.833
2023,Q4,E07000077,1.767
2023,Q4,E07000078,2.567
2023,Q4,E07000079,1.767
2023,Q4,E07000080,2.433
2023,Q4,E07000081,3.267
2023,Q4,E07000082,1.767
2023,Q4,E07000083,2.067
2023,Q4,E07000084,2.433
2023,Q4,E07000085,1.933
2023,Q4,E07000086,1.933
2023,Q4,E07000087,1.667
2023,Q4,E07000088,3.3
2023,Q4,E07000089,1.367
2023,Q4,E07000090,3.367
2023,Q4,E07000091,2.033
2023,Q4,E07000092,2.633
2023,Q4,E07000093,1.733
2023,Q4,E07000094,1.9
2023,Q4,E07000095,3.2
2023,Q4,E07000096,2.8
2023,Q4,E07000098,3.0
2023,Q4,E07000099,2.0
2023,Q4,E07000102,2.4
2023,Q4,E07000103,3.7
2023,Q4,E07000105,2.9
2023,Q4,E07000106,3.167
2023,Q4,E07000107,2.9
2023,Q4,E07000108,3.8
2023,Q4,E07000109,4.2
2023,Q4,E07000110,2.9
2023,Q4,E07000111,2.1
2023,Q4,E07000112,3.9
2023,Q4,E07000113,3.567
2023,Q4,E07000114,5.4
2023,Q4,E07000115,2.133
2023,Q4,E07000116,2.3
2023,Q4,E07000117,5.333
2023,Q4,E07000118,2.367
2023,Q4,E07000119,2.567
2023,Q4,E07000120,5.1
2023,Q4,E07000121,2.9
2023,Q4,E07000122,4.933
2023,Q4,E07000123,4.267
2023,Q4,E07000124,1.7
2023,Q4,E07000125,3.8
2023,Q4,E07000126,2.367
2023,Q4,E07000127,2.733
2023,Q4,E07000128,2.9
2023,Q4,E07000129,1.967
2023,Q4,E07000130,2.2
2023,Q4,E07000131,1.533
2023,Q4,E07000132,2.3
2023,Q4,E07000133,2.667
2023,Q4,E07000134,2.0
2023,Q4,E07000135,2.433
2023,Q4,E07000136,4.3
2023,Q4,E07000137,2.967
2023,Q4,E07000138,3.833
2023,Q4,E07000139,1.8
2023,Q4,E07000140,2.8
2023,Q4,E07000141,2.667
2023,Q4,E07000142,2.833
2023,Q4,E07000143,2.233
2023,Q4,E07000144,1.767
2023,Q4,E07000145,4.6
2023,Q4,E07000146,2.633
2023,Q4,E07000147,2.5
2023,Q4,E07000148,3.6
2023,Q4,E07000149,1.967
2023,Q4,E07000170,3.7
2023,Q4,E07000171,3.4
2023,Q4,E07000172,2.467
2023,Q4,E07000173,2.867
2023,Q4,E07000174,3.8
2023,Q4,E07000175,2.733
2023,Q4,E07000176,1.767
2023,Q4,E07000177,2.0
2023,Q4,E07000178,2.2
2023,Q4,E07000179,1.8
2023,Q4,E07000180,2.0
2023,Q4,E07000181,1.733
2023,Q4,E07000192,3.2
2023,Q4,E07000193,3.267
2023,Q4,E07000194,2.2
2023,Q4,E07000195,2.933
2023,Q4,E07000196,2.5
2023,Q4,E07000197,2.4
2023,Q4,E07000198,2.0
2023,Q4,E07000199,3.3
2023,Q4,E07000200,2.2
2023,Q4,E07000202,4.467
2023,Q4,E07000203,1.833
2023,Q4,E07000207,1.967
2023,Q4,E07000208,1.933
2023,Q4,E07000209,1.8
2023,Q4,E07000210,1.8
2023,Q4,E07000211,1.9
2023,Q4,E07000212,2.2
2023,Q4,E07000213,3.1
2023,Q4,E07000214,2.0
2023,Q4,E07000215,2.067
2023,Q4,E07000216,1.6
2023,Q4,E07000217,2.4
2023,Q4,E07000218,2.433
2023,Q4,E07000219,3.567
2023,Q4,E07000220,2.5
2023,Q4,E07000221,1.8
2023,Q4,E07000222,2.0
2023,Q4,E07000223,2.6
2023,Q4,E07000224,3.033
2023,Q4,E07000225,2.8
2023,Q4,E07000226,3.733
2023,Q4,E07000227,1.9
2023,Q4,E07000228,1.7
2023,Q4,E07000229,2.667
2023,Q4,E07000234,2.367
2023,Q4,E07000235,2.4
2023,Q4,E07000236,3.633
2023,Q4,E07000237,3.333
2023,Q4,E07000238,2.6
2023,Q4,E07000239,2.967
2023,Q4,E07000240,2.1
2023,Q4,E07000241,2.467
2023,Q4,E07000242,1.9
2023,Q4,E07000243,3.0
2023,Q4,E07000244,2.567
2023,Q4,E07000245,2.133
2023,Q4,E08000001,5.133
2023,Q4,E08000002,4.033
2023,Q4,E08000003,5.7
2023,Q4,E08000004,6.167
2023,Q4,E08000005,5.367
2023,Q4,E08000006,4.7
2023,Q4,E08000007,3.1
2023,Q4,E08000008,4.5
2023,Q4,E08000009,3.0
2023,Q4,E08000010,3.567
2023,Q4,E08000011,4.433
2023,Q4,E08000012,5.4
2023,Q4,E08000013,3.833
2023,Q4,E08000014,3.667
2023,Q4,E08000015,3.533
2023,Q4,E08000016,3.433
2023,Q4,E08000017,4.533
2023,Q4,E08000018,4.133
2023,Q4,E08000019,4.167
2023,Q4,E08000021,3.967
2023,Q4,E08000022,3.3
2023,Q4,E08000023,5.1
2023,Q4,E08000024,4.0
2023,Q4,E08000025,8.233
2023,Q4,E08000026,5.167
2023,Q4,E08000027,4.5
2023,Q4,E08000028,5.967
2023,Q4,E08000029,3.1
2023,Q4,E08000030,5.3
2023,Q4,E08000031,6.9
2023,Q4,E08000032,6.4
2023,Q4,E08000033,4.067
2023,Q4,E08000034,4.133
2023,Q4,E08000035,4.167
2023,Q4,E08000036,3.367
2023,Q4,E08000037,4.2
2023,Q4,E09000001,1.267
2023,Q4,E09000002,6.433
2023,Q4,E09000003,4.233
2023,Q4,E09000004,3.1
2023,Q4,E09000005,6.233
2023,Q4,E09000006,3.033
2023,Q4,E09000007,4.2
2023,Q4,E09000008,5.467
2023,Q4,E09000009,5.367
2023,Q4,E09000010,6.0
2023,Q4,E09000011,4.867
2023,Q4,E09000012,6.1
2023,Q4,E09000013,4.3
2023,Q4,E09000014,6.733
2023,Q4,E09000015,3.6
2023,Q4,E09000016,3.867
2023,Q4,E09000017,4.0
2023,Q4,E09000018,4.9
2023,Q4,E09000019,5.2
2023,Q4,E09000020,3.2
2023,Q4,E09000021,2.767
2023,Q4,E09000022,5.233
2023,Q4,E09000023,6.033
2023,Q4,E09000024,4.067
2023,Q4,E09000025,6.3
2023,Q4,E09000026,4.8
2023,Q4,E09000027,2.3
2023,Q4,E09000028,4.9
2023,Q4,E09000029,2.9
2023,Q4,E09000030,5.133
2023,Q4,E09000031,6.0
2023,Q4,E09000032,3.3
2023,Q4,E09000033,3.9
2023,Q4,N09000001,2.333
2023,Q4,N09000002,2.733
2023,Q4,N09000003,3.933
2023,Q4,N09000004,3.133
2023,Q4,N09000005,5.033
2023,Q4,N09000006,2.4
2023,Q4,N09000007,1.933
2023,Q4,N09000008,2.933
2023,Q4,N09000009,2.133
2023,Q4,N09000010,2.833
2023,Q4,N09000011,2.667
2023,Q4,S12000005,3.4
2023,Q4,S12000006,2.833
2023,Q4,S12000008,4.0
2023,Q4,S12000010,2.233
2023,Q4,S12000011,1.7
2023,Q4,S12000013,1.767
2023,Q4,S12000014,2.8
2023,Q4,S12000017,2.167
2023,Q4,S12000018,3.467
2023,Q4,S12000019,2.167
2023,Q4,S12000020,2.133
2023,Q4,S12000021,4.367
2023,Q4,S12000023,1.567
2023,Q4,S12000026,2.833
2023,Q4,S12000027,1.5
2023,Q4,S12000028,3.433
2023,Q4,S12000029,2.833
2023,Q4,S12000030,2.3
2023,Q4,S12000033,3.033
2023,Q4,S12000034,1.8
2023,Q4,S12000035,2.6
2023,Q4,S12000036,2.3
2023,Q4,S12000038,3.0
2023,Q4,S12000039,4.233
2023,Q4,S12000040,2.567
2023,Q4,S12000041,2.733
2023,Q4,S12000042,4.0
2023,Q4,S12000045,1.9
2023,Q4,S12000047,3.2
2023,Q4,S12000048,2.233
2023,Q4,S12000049,4.533
2023,Q4,S12000050,3.233
2023,Q4,W06000001,3.533
2023,Q4,W06000002,2.6
2023,Q4,W06000003,3.533
2023,Q4,W06000004,3.433
2023,Q4,W06000005,2.767
2023,Q4,W06000006,2.9
2023,Q4,W06000008,2.4
2023,Q4,W06000009,3.067
2023,Q4,W06000010,2.733
2023,Q4,W06000011,3.2
2023,Q4,W06000012,2.933
2023,Q4,W06000013,2.733
2023,Q4,W06000014,2.833
2023,Q4,W06000015,3.567
2023,Q4,W06000016,3.167
2023,Q4,W06000018,3.3
2023,Q4,W06000019,4.1
2023,Q4,W06000020,3.633
2023,Q4,W06000021,2.233
2023,Q4,W06000022,4.5
2023,Q4,W06000023,2.2
2023,Q4,W06000024,3.4
2024,Q1,E06000001,4.833
2024,Q1,E06000002,5.267
2024,Q1,E06000003,4.133
2024,Q1,E06000004,3.733
2024,Q1,E06000005,4.1
2024,Q1,E06000006,4.333
2024,Q1,E06000007,2.433
2024,Q1,E06000008,5.133
2024,Q1,E06000009,6.267
2024,Q1,E06000010,5.733
2024,Q1,E06000011,2.467
2024,Q1,E06000012,4.567
2024,Q1,E06000013,3.6
2024,Q1,E06000014,1.667
2024,Q1,E06000015,4.833
2024,Q1,E06000016,4.767
2024,Q1,E06000017,1.767
2024,Q1,E06000018,5.6
2024,Q1,E06000019,2.433
2024,Q1,E06000020,3.367
2024,Q1,E06000021,5.5
2024,Q1,E06000022,1.8
2024,Q1,E06000023,3.333
2024,Q1,E06000024,2.467
2024,Q1,E06000025,1.767
2024,Q1,E06000026,3.333
2024,Q1,E06000027,3.333
2024,Q1,E06000030,3.067
2024,Q1,E06000031,5.233
2024,Q1,E06000032,5.5
2024,Q1,E06000033,4.3
2024,Q1,E06000034,4.033
2024,Q1,E06000035,3.8
2024,Q1,E06000036,2.067
2024,Q1,E06000037,2.033
2024,Q1,E06000038,3.833
2024,Q1,E06000039,4.833
2024,Q1,E06000040,2.167
2024,Q1,E06000041,1.733
2024,Q1,E06000042,3.6
2024,Q1,E06000043,3.933
2024,Q1,E06000044,4.567
2024,Q1,E06000045,4.033
2024,Q1,E06000046,4.133
2024,Q1,E06000047,3.2
2024,Q1,E06000049,2.267
2024,Q1,E06000050,2.467
2024,Q1,E06000051,2.267
2024,Q1,E06000052,3.0
2024,Q1,E06000053,1.7
2024,Q1,E06000054,2.167
2024,Q1,E06000055,3.9
2024,Q1,E06000056,2.133
2024,Q1,E06000057,3.067
2024,Q1,E06000058,3.367
2024,Q1,E06000059,2.367
2024,Q1,E06000060,2.567
2024,Q1,E06000061,3.267
2024,Q1,E06000062,3.033
2024,Q1,E06000063,2.533
2024,Q1,E06000064,1.967
2024,Q1,E06000065,2.067
2024,Q1,E06000066,2.567
2024,Q1,E07000008,1.933
2024,Q1,E07000009,1.933
2024,Q1,E07000010,3.733
2024,Q1,E07000011,2.133
2024,Q1,E07000012,1.733
2024,Q1,E07000032,2.6
2024,Q1,E07000033,3.133
2024,Q1,E07000034,3.767
2024,Q1,E07000035,1.9
2024,Q1,E07000036,3.333
2024,Q1,E07000037,2.567
2024,Q1,E07000038,2.633
2024,Q1,E07000039,2.267
2024,Q1,E07000040,1.833
2024,Q1,E07000041,1.967
2024,Q1,E07000042,1.9
2024,Q1,E07000043,2.733
2024,Q1,E07000044,1.833
2024,Q1,E07000045,2.067
2024,Q1,E07000046,2.5
2024,Q1,E07000047,1.967
2024,Q1,E07000061,4.467
2024,Q1,E07000062,5.367
2024,Q1,E07000063,3.067
2024,Q1,E07000064,3.133
2024,Q1,E07000065,2.067
2024,Q1,E07000066,3.5
2024,Q1,E07000067,2.633
2024,Q1,E07000068,2.433
2024,Q1,E07000069,2.333
2024,Q1,E07000070,2.333
2024,Q1,E07000071,2.867
2024,Q1,E07000072,2.833
2024,Q1,E07000073,4.467
2024,Q1,E07000074,2.3
2024,Q1,E07000075,2.1
2024,Q1,E07000076,3.933
2024,Q1,E07000077,1.9
2024,Q1,E07000078,2.667
2024,Q1,E07000079,1.867
2024,Q1,E07000080,2.733
2024,Q1,E07000081,3.367
2024,Q1,E07000082,1.9
2024,Q1,E07000083,2.167
2024,Q1,E07000084,2.433
2024,Q1,E07000085,2.033
2024,Q1,E07000086,2.0
2024,Q1,E07000087,1.733
2024,Q1,E07000088,3.333
2024,Q1,E07000089,1.467
2024,Q1,E07000090,3.533
2024,Q1,E07000091,2.167
2024,Q1,E07000092,2.767
2024,Q1,E07000093,1.867
2024,Q1,E07000094,1.933
2024,Q1,E07000095,3.2
2024,Q1,E07000096,2.867
2024,Q1,E07000098,3.1
2024,Q1,E07000099,2.067
2024,Q1,E07000102,2.433
2024,Q1,E07000103,3.8
2024,Q1,E07000105,2.967
2024,Q1,E07000106,3.367
2024,Q1,E07000107,2.867
2024,Q1,E07000108,3.967
2024,Q1,E07000109,4.267
2024,Q1,E07000110,2.967
2024,Q1,E07000111,2.033
2024,Q1,E07000112,4.133
2024,Q1,E07000113,3.633
2024,Q1,E07000114,5.533
2024,Q1,E07000115,2.167
2024,Q1,E07000116,2.267
2024,Q1,E07000117,5.7
2024,Q1,E07000118,2.5
2024,Q1,E07000119,2.767
2024,Q1,E07000120,5.433
2024,Q1,E07000121,2.967
2024,Q1,E07000122,5.633
2024,Q1,E07000123,4.233
2024,Q1,E07000124,1.733
2024,Q1,E07000125,3.867
2024,Q1,E07000126,2.467
2024,Q1,E07000127,2.8
2024,Q1,E07000128,2.967
2024,Q1,E07000129,1.967
2024,Q1,E07000130,2.2
2024,Q1,E07000131,1.6
2024,Q1,E07000132,2.3
2024,Q1,E07000133,2.667
2024,Q1,E07000134,1.967
2024,Q1,E07000135,2.467
2024,Q1,E07000136,4.5
2024,Q1,E07000137,3.533
2024,Q1,E07000138,3.867
2024,Q1,E07000139,1.967
2024,Q1,E07000140,2.933
2024,Q1,E07000141,2.733
2024,Q1,E07000142,2.967
2024,Q1,E07000143,2.3
2024,Q1,E07000144,1.9
2024,Q1,E07000145,5.133
2024,Q1,E07000146,2.7
2024,Q1,E07000147,2.8
2024,Q1,E07000148,3.8
2024,Q1,E07000149,2.0
2024,Q1,E07000170,3.867
2024,Q1,E07000171,3.233
2024,Q1,E07000172,2.6
2024,Q1,E07000173,2.9
2024,Q1,E07000174,3.9
2024,Q1,E07000175,2.867
2024,Q1,E07000176,1.867
2024,Q1,E07000177,2.067
2024,Q1,E07000178,2.3
2024,Q1,E07000179,1.833
2024,Q1,E07000180,2.1
2024,Q1,E07000181,1.733
2024,Q1,E07000192,3.267
2024,Q1,E07000193,3.533
2024,Q1,E07000194,2.233
2024,Q1,E07000195,3.033
2024,Q1,E07000196,2.533
2024,Q1,E07000197,2.5
2024,Q1,E07000198,2.167
2024,Q1,E07000199,3.367
2024,Q1,E07000200,2.367
2024,Q1,E07000202,4.633
2024,Q1,E07000203,1.933
2024,Q1,E07000207,2.067
2024,Q1,E07000208,2.0
2024,Q1,E07000209,1.8
2024,Q1,E07000210,1.8
2024,Q1,E07000211,1.9
2024,Q1,E07000212,2.267
2024,Q1,E07000213,3.033
2024,Q1,E07000214,2.033
2024,Q1,E07000215,2.1
2024,Q1,E07000216,1.667
2024,Q1,E07000217,2.333
2024,Q1,E07000218,2.533
2024,Q1,E07000219,3.433
2024,Q1,E07000220,2.433
2024,Q1,E07000221,1.867
2024,Q1,E07000222,2.0
2024,Q1,E07000223,2.6
2024,Q1,E07000224,3.233
2024,Q1,E07000225,2.933
2024,Q1,E07000226,3.8
2024,Q1,E07000227,1.867
2024,Q1,E07000228,1.8
2024,Q1,E07000229,2.7
2024,Q1,E07000234,2.4
2024,Q1,E07000235,2.333
2024,Q1,E07000236,3.767
2024,Q1,E07000237,3.4
2024,Q1,E07000238,2.7
2024,Q1,E07000239,3.067
2024,Q1,E07000240,2.067
2024,Q1,E07000241,2.567
2024,Q1,E07000242,1.933
2024,Q1,E07000243,3.067
2024,Q1,E07000244,2.7
2024,Q1,E07000245,2.267
2024,Q1,E08000001,5.4
2024,Q1,E08000002,4.167
2024,Q1,E08000003,5.767
2024,Q1,E08000004,6.267
2024,Q1,E08000005,5.6
2024,Q1,E08000006,4.567
2024,Q1,E08000007,3.133
2024,Q1,E08000008,4.567
2024,Q1,E08000009,2.967
2024,Q1,E08000010,3.567
2024,Q1,E08000011,4.3
2024,Q1,E08000012,5.467
2024,Q1,E08000013,3.8
2024,Q1,E08000014,3.6
2024,Q1,E08000015,3.467
2024,Q1,E08000016,3.4
2024,Q1,E08000017,4.533
2024,Q1,E08000018,4.133
2024,Q1,E08000019,4.2
2024,Q1,E08000021,3.867
2024,Q1,E08000022,3.3
2024,Q1,E08000023,5.167
2024,Q1,E08000024,4.0
2024,Q1,E08000025,8.4
2024,Q1,E08000026,5.067
2024,Q1,E08000027,4.467
2024,Q1,E08000028,5.867
2024,Q1,E08000029,3.2
2024,Q1,E08000030,5.3
2024,Q1,E08000031,6.8
2024,Q1,E08000032,6.7
2024,Q1,E08000033,4.3
2024,Q1,E08000034,4.367
2024,Q1,E08000035,4.267
2024,Q1,E08000036,3.467
2024,Q1,E08000037,4.233
2024,Q1,E09000001,1.067
2024,Q1,E09000002,6.333
2024,Q1,E09000003,4.267
2024,Q1,E09000004,3.167
2024,Q1,E09000005,6.4
2024,Q1,E09000006,3.133
2024,Q1,E09000007,4.267
2024,Q1,E09000008,5.533
2024,Q1,E09000009,5.467
2024,Q1,E09000010,6.067
2024,Q1,E09000011,4.967
2024,Q1,E09000012,6.133
2024,Q1,E09000013,4.433
2024,Q1,E09000014,6.767
2024,Q1,E09000015,3.667
2024,Q1,E09000016,3.867
2024,Q1,E09000017,3.967
2024,Q1,E09000018,4.867
2024,Q1,E09000019,5.233
2024,Q1,E09000020,3.3
2024,Q1,E09000021,2.767
2024,Q1,E09000022,5.367
2024,Q1,E09000023,6.167
2024,Q1,E09000024,4.133
2024,Q1,E09000025,6.333
2024,Q1,E09000026,4.8
2024,Q1,E09000027,2.367
2024,Q1,E09000028,5.033
2024,Q1,E09000029,2.967
2024,Q1,E09000030,5.2
2024,Q1,E09000031,6.167
2024,Q1,E09000032,3.267
2024,Q1,E09000033,4.0
2024,Q1,N09000001,2.3
2024,Q1,N09000002,2.667
2024,Q1,N09000003,3.9
2024,Q1,N09000004,3.133
2024,Q1,N09000005,4.8
2024,Q1,N09000006,2.367
2024,Q1,N09000007,1.833
2024,Q1,N09000008,2.9
2024,Q1,N09000009,2.1
2024,Q1,N09000010,2.767
2024,Q1,N09000011,2.667
2024,Q1,S12000005,3.333
2024,Q1,S12000006,2.867
2024,Q1,S12000008,3.867
2024,Q1,S12000010,2.267
2024,Q1,S12000011,1.667
2024,Q1,S12000013,2.0
2024,Q1,S12000014,2.867
2024,Q1,S12000017,2.3
2024,Q1,S12000018,3.467
2024,Q1,S12000019,2.167
2024,Q1,S12000020,2.233
2024,Q1,S12000021,4.367
2024,Q1,S12000023,1.567
2024,Q1,S12000026,3.033
2024,Q1,S12000027,1.5
2024,Q1,S12000028,3.567
2024,Q1,S12000029,2.833
2024,Q1,S12000030,2.433
2024,Q1,S12000033,3.1
2024,Q1,S12000034,1.8
2024,Q1,S12000035,2.9
2024,Q1,S12000036,2.367
2024,Q1,S12000038,3.0
2024,Q1,S12000039,4.233
2024,Q1,S12000040,2.7
2024,Q1,S12000041,2.8
2024,Q1,S12000042,4.033
2024,Q1,S12000045,1.9
2024,Q1,S12000047,3.233
2024,Q1,S12000048,2.2
2024,Q1,S12000049,4.567
2024,Q1,S12000050,3.367
2024,Q1,W06000001,3.7
2024,Q1,W06000002,2.7
2024,Q1,W06000003,3.833
2024,Q1,W06000004,3.567
2024,Q1,W06000005,2.733
2024,Q1,W06000006,3.033
2024,Q1,W06000008,2.767
2024,Q1,W06000009,3.267
2024,Q1,W06000010,2.9
2024,Q1,W06000011,3.3
2024,Q1,W06000012,2.967
2024,Q1,W06000013,2.767
2024,Q1,W06000014,2.9
2024,Q1,W06000015,3.667
2024,Q1,W06000016,3.067
2024,Q1,W06000018,3.267
2024,Q1,W06000019,4.167
2024,Q1,W06000020,3.667
2024,Q1,W06000021,2.3
2024,Q1,W06000022,4.467
2024,Q1,W06000023,2.267
2024,Q1,W06000024,3.333
2024,Q2,E06000001,4.8
2024,Q2,E06000002,5.4
2024,Q2,E06000003,3.967
2024,Q2,E06000004,3.8
2024,Q2,E06000005,3.967
2024,Q2,E06000006,4.4
2024,Q2,E06000007,2.433
2024,Q2,E06000008,5.633
2024,Q2,E06000009,6.0
2024,Q2,E06000010,5.767
2024,Q2,E06000011,2.4
2024,Q2,E06000012,4.5
2024,Q2,E06000013,3.6
2024,Q2,E06000014,1.667
2024,Q2,E06000015,5.133
2024,Q2,E06000016,5.3
2024,Q2,E06000017,1.733
2024,Q2,E06000018,5.9
2024,Q2,E06000019,2.5
2024,Q2,E06000020,3.5
2024,Q2,E06000021,5.733
2024,Q2,E06000022,1.8
2024,Q2,E06000023,3.267
2024,Q2,E06000024,2.433
2024,Q2,E06000025,1.8
2024,Q2,E06000026,3.3
2024,Q2,E06000027,3.233
2024,Q2,E06000030,3.167
2024,Q2,E06000031,5.567
2024,Q2,E06000032,5.733
2024,Q2,E06000033,4.2
2024,Q2,E06000034,4.133
2024,Q2,E06000035,3.833
2024,Q2,E06000036,2.233
2024,Q2,E06000037,2.1
2024,Q2,E06000038,3.967
2024,Q2,E06000039,5.133
2024,Q2,E06000040,2.2
2024,Q2,E06000041,1.7
2024,Q2,E06000042,3.833
2024,Q2,E06000043,3.8
2024,Q2,E06000044,4.6
2024,Q2,E06000045,4.133
2024,Q2,E06000046,3.9
2024,Q2,E06000047,3.2
2024,Q2,E06000049,2.267
2024,Q2,E06000050,2.5
2024,Q2,E06000051,2.333
2024,Q2,E06000052,2.867
2024,Q2,E06000053,0.967
2024,Q2,E06000054,2.133
2024,Q2,E06000055,3.867
2024,Q2,E06000056,2.233
2024,Q2,E06000057,3.0
2024,Q2,E06000058,3.4
2024,Q2,E06000059,2.4
2024,Q2,E06000060,2.7
2024,Q2,E06000061,3.333
2024,Q2,E06000062,3.167
2024,Q2,E06000063,2.533
2024,Q2,E06000064,2.0
2024,Q2,E06000065,2.0
2024,Q2,E06000066,2.5
2024,Q2,E07000008,1.9
2024,Q2,E07000009,1.9
2024,Q2,E07000010,3.667
2024,Q2,E07000011,2.2
2024,Q2,E07000012,1.7
2024,Q2,E07000032,2.6
2024,Q2,E07000033,3.1
2024,Q2,E07000034,3.567
2024,Q2,E07000035,1.967
2024,Q2,E07000036,3.233
2024,Q2,E07000037,2.5
2024,Q2,E07000038,2.6
2024,Q2,E07000039,2.233
2024,Q2,E07000040,1.867
2024,Q2,E07000041,2.0
2024,Q2,E07000042,2.067
2024,Q2,E07000043,2.533
2024,Q2,E07000044,2.0
2024,Q2,E07000045,2.167
2024,Q2,E07000046,2.633
2024,Q2,E07000047,2.067
2024,Q2,E07000061,4.267
2024,Q2,E07000062,5.133
2024,Q2,E07000063,3.167
2024,Q2,E07000064,3.067
2024,Q2,E07000065,2.133
2024,Q2,E07000066,3.567
2024,Q2,E07000067,2.633
2024,Q2,E07000068,2.333
2024,Q2,E07000069,2.3
2024,Q2,E07000070,2.433
2024,Q2,E07000071,2.9
2024,Q2,E07000072,2.867
2024,Q2,E07000073,4.5
2024,Q2,E07000074,2.333
2024,Q2,E07000075,2.133
2024,Q2,E07000076,3.767
2024,Q2,E07000077,1.967
2024,Q2,E07000078,2.6
2024,Q2,E07000079,1.833
2024,Q2,E07000080,2.933
2024,Q2,E07000081,3.4
2024,Q2,E07000082,1.933
2024,Q2,E07000083,2.1
2024,Q2,E07000084,2.367
2024,Q2,E07000085,2.033
2024,Q2,E07000086,2.0
2024,Q2,E07000087,1.733
2024,Q2,E07000088,3.367
2024,Q2,E07000089,1.467
2024,Q2,E07000090,3.533
2024,Q2,E07000091,2.133
2024,Q2,E07000092,2.833
2024,Q2,E07000093,1.8
2024,Q2,E07000094,2.0
2024,Q2,E07000095,3.267
2024,Q2,E07000096,2.867
2024,Q2,E07000098,3.167
2024,Q2,E07000099,2.133
2024,Q2,E07000102,2.467
2024,Q2,E07000103,3.867
2024,Q2,E07000105,2.967
2024,Q2,E07000106,3.233
2024,Q2,E07000107,2.9
2024,Q2,E07000108,3.767
2024,Q2,E07000109,4.333
2024,Q2,E07000110,3.0
2024,Q2,E07000111,2.033
2024,Q2,E07000112,3.9
2024,Q2,E07000113,3.567
2024,Q2,E07000114,5.2
2024,Q2,E07000115,2.1
2024,Q2,E07000116,2.3
2024,Q2,E07000117,5.967
2024,Q2,E07000118,2.533
2024,Q2,E07000119,2.633
2024,Q2,E07000120,5.867
2024,Q2,E07000121,2.933
2024,Q2,E07000122,6.367
2024,Q2,E07000123,4.433
2024,Q2,E07000124,1.8
2024,Q2,E07000125,4.0
2024,Q2,E07000126,2.5
2024,Q2,E07000127,2.767
2024,Q2,E07000128,2.933
2024,Q2,E07000129,2.067
2024,Q2,E07000130,2.267
2024,Q2,E07000131,1.7
2024,Q2,E07000132,2.267
2024,Q2,E07000133,2.833
2024,Q2,E07000134,1.9
2024,Q2,E07000135,2.667
2024,Q2,E07000136,4.367
2024,Q2,E07000137,2.933
2024,Q2,E07000138,3.8
2024,Q2,E07000139,1.933
2024,Q2,E07000140,2.9
2024,Q2,E07000141,2.667
2024,Q2,E07000142,2.9
2024,Q2,E07000143,2.267
2024,Q2,E07000144,1.867
2024,Q2,E07000145,5.0
2024,Q2,E07000146,2.667
2024,Q2,E07000147,2.667
2024,Q2,E07000148,3.8
2024,Q2,E07000149,2.0
2024,Q2,E07000170,3.933
2024,Q2,E07000171,3.2
2024,Q2,E07000172,2.633
2024,Q2,E07000173,2.933
2024,Q2,E07000174,3.833
2024,Q2,E07000175,2.833
2024,Q2,E07000176,1.9
2024,Q2,E07000177,2.2
2024,Q2,E07000178,2.333
2024,Q2,E07000179,1.867
2024,Q2,E07000180,2.167
2024,Q2,E07000181,1.733
2024,Q2,E07000192,3.167
2024,Q2,E07000193,3.733
2024,Q2,E07000194,2.167
2024,Q2,E07000195,2.933
2024,Q2,E07000196,2.533
2024,Q2,E07000197,2.533
2024,Q2,E07000198,2.2
2024,Q2,E07000199,3.367
2024,Q2,E07000200,2.333
2024,Q2,E07000202,4.533
2024,Q2,E07000203,2.0
2024,Q2,E07000207,2.0
2024,Q2,E07000208,1.9
2024,Q2,E07000209,1.8
2024,Q2,E07000210,1.767
2024,Q2,E07000211,1.9
2024,Q2,E07000212,2.267
2024,Q2,E07000213,3.0
2024,Q2,E07000214,1.967
2024,Q2,E07000215,2.133
2024,Q2,E07000216,1.7
2024,Q2,E07000217,2.367
2024,Q2,E07000218,2.5
2024,Q2,E07000219,3.6
2024,Q2,E07000220,2.533
2024,Q2,E07000221,1.833
2024,Q2,E07000222,2.033
2024,Q2,E07000223,2.5
2024,Q2,E07000224,3.267
2024,Q2,E07000225,2.867
2024,Q2,E07000226,4.0
2024,Q2,E07000227,1.833
2024,Q2,E07000228,1.767
2024,Q2,E07000229,2.667
2024,Q2,E07000234,2.4
2024,Q2,E07000235,2.4
2024,Q2,E07000236,3.8
2024,Q2,E07000237,3.6
2024,Q2,E07000238,2.7
2024,Q2,E07000239,3.033
2024,Q2,E07000240,2.167
2024,Q2,E07000241,2.633
2024,Q2,E07000242,1.9
2024,Q2,E07000243,3.2
2024,Q2,E07000244,2.6
2024,Q2,E07000245,2.233
2024,Q2,E08000001,5.7
2024,Q2,E08000002,4.4
2024,Q2,E08000003,6.033
2024,Q2,E08000004,6.8
2024,Q2,E08000005,6.1
2024,Q2,E08000006,4.667
2024,Q2,E08000007,3.133
2024,Q2,E08000008,4.7
2024,Q2,E08000009,3.0
2024,Q2,E08000010,3.6
2024,Q2,E08000011,4.4
2024,Q2,E08000012,5.467
2024,Q2,E08000013,3.833
2024,Q2,E08000014,3.6
2024,Q2,E08000015,3.433
2024,Q2,E08000016,3.333
2024,Q2,E08000017,4.533
2024,Q2,E08000018,4.233
2024,Q2,E08000019,4.333
2024,Q2,E08000021,3.967
2024,Q2,E08000022,3.267
2024,Q2,E08000023,5.1
2024,Q2,E08000024,4.067
2024,Q2,E08000025,8.867
2024,Q2,E08000026,5.233
2024,Q2,E08000027,4.467
2024,Q2,E08000028,6.1
2024,Q2,E08000029,3.167
2024,Q2,E08000030,5.367
2024,Q2,E08000031,6.867
2024,Q2,E08000032,7.333
2024,Q2,E08000033,4.4
2024,Q2,E08000034,4.733
2024,Q2,E08000035,4.367
2024,Q2,E08000036,3.533
2024,Q2,E08000037,4.167
2024,Q2,E09000001,1.033
2024,Q2,E09000002,6.633
2024,Q2,E09000003,4.4
2024,Q2,E09000004,3.167
2024,Q2,E09000005,6.533
2024,Q2,E09000006,3.133
2024,Q2,E09000007,4.333
2024,Q2,E09000008,5.533
2024,Q2,E09000009,5.6
2024,Q2,E09000010,6.3
2024,Q2,E09000011,5.0
2024,Q2,E09000012,6.267
2024,Q2,E09000013,4.4
2024,Q2,E09000014,6.933
2024,Q2,E09000015,3.833
2024,Q2,E09000016,4.0
2024,Q2,E09000017,4.133
2024,Q2,E09000018,4.9
2024,Q2,E09000019,5.367
2024,Q2,E09000020,3.3
2024,Q2,E09000021,2.8
2024,Q2,E09000022,5.433
2024,Q2,E09000023,6.333
2024,Q2,E09000024,4.2
2024,Q2,E09000025,6.633
2024,Q2,E09000026,5.067
2024,Q2,E09000027,2.3
2024,Q2,E09000028,5.133
2024,Q2,E09000029,3.067
2024,Q2,E09000030,5.4
2024,Q2,E09000031,6.333
2024,Q2,E09000032,3.367
2024,Q2,E09000033,3.967
2024,Q2,N09000001,2.367
2024,Q2,N09000002,2.767
2024,Q2,N09000003,3.967
2024,Q2,N09000004,3.2
2024,Q2,N09000005,4.867
2024,Q2,N09000006,2.567
2024,Q2,N09000007,1.933
2024,Q2,N09000008,2.967
2024,Q2,N09000009,2.433
2024,Q2,N09000010,2.933
2024,Q2,N09000011,2.733
2024,Q2,S12000005,3.233
2024,Q2,S12000006,2.967
2024,Q2,S12000008,3.9
2024,Q2,S12000010,2.3
2024,Q2,S12000011,1.733
2024,Q2,S12000013,1.8
2024,Q2,S12000014,2.833
2024,Q2,S12000017,2.2
2024,Q2,S12000018,3.333
2024,Q2,S12000019,2.133
2024,Q2,S12000020,2.133
2024,Q2,S12000021,4.367
2024,Q2,S12000023,1.7
2024,Q2,S12000026,3.067
2024,Q2,S12000027,1.567
2024,Q2,S12000028,3.467
2024,Q2,S12000029,2.9
2024,Q2,S12000030,2.367
2024,Q2,S12000033,3.133
2024,Q2,S12000034,1.8
2024,Q2,S12000035,2.633
2024,Q2,S12000036,2.4
2024,Q2,S12000038,3.0
2024,Q2,S12000039,4.0
2024,Q2,S12000040,2.6
2024,Q2,S12000041,2.833
2024,Q2,S12000042,4.0
2024,Q2,S12000045,1.967
2024,Q2,S12000047,3.233
2024,Q2,S12000048,2.233
2024,Q2,S12000049,4.7
2024,Q2,S12000050,3.333
2024,Q2,W06000001,3.533
2024,Q2,W06000002,2.567
2024,Q2,W06000003,3.733
2024,Q2,W06000004,3.433
2024,Q2,W06000005,2.767
2024,Q2,W06000006,3.0
2024,Q2,W06000008,2.767
2024,Q2,W06000009,3.233
2024,Q2,W06000010,3.0
2024,Q2,W06000011,3.3
2024,Q2,W06000012,3.033
2024,Q2,W06000013,2.8
2024,Q2,W06000014,3.067
2024,Q2,W06000015,3.767
2024,Q2,W06000016,3.0
2024,Q2,W06000018,3.3
2024,Q2,W06000019,4.167
2024,Q2,W06000020,3.667
2024,Q2,W06000021,2.4
2024,Q2,W06000022,4.633
2024,Q2,W06000023,2.433
2024,Q2,W06000024,3.267
2024,Q3,E06000001,5.0
2024,Q3,E06000002,5.867
2024,Q3,E06000003,4.133
2024,Q3,E06000004,4.1
2024,Q3,E06000005,4.267
2024,Q3,E06000006,4.6
2024,Q3,E06000007,2.7
2024,Q3,E06000008,6.367
2024,Q3,E06000009,6.033
2024,Q3,E06000010,6.167
2024,Q3,E06000011,2.567
2024,Q3,E06000012,4.867
2024,Q3,E06000013,3.833
2024,Q3,E06000014,1.833
2024,Q3,E06000015,5.4
2024,Q3,E06000016,6.1
2024,Q3,E06000017,1.8
2024,Q3,E06000018,6.3
2024,Q3,E06000019,2.867
2024,Q3,E06000020,3.933
2024,Q3,E06000021,5.967
2024,Q3,E06000022,1.967
2024,Q3,E06000023,3.567
2024,Q3,E06000024,2.633
2024,Q3,E06000025,2.0
2024,Q3,E06000026,3.467
2024,Q3,E06000027,3.367
2024,Q3,E06000030,3.4
2024,Q3,E06000031,6.067
2024,Q3,E06000032,6.9
2024,Q3,E06000033,4.5
2024,Q3,E06000034,4.5
2024,Q3,E06000035,4.133
2024,Q3,E06000036,2.433
2024,Q3,E06000037,2.3
2024,Q3,E06000038,4.333
2024,Q3,E06000039,5.8
2024,Q3,E06000040,2.433
2024,Q3,E06000041,1.833
2024,Q3,E06000042,4.233
2024,Q3,E06000043,4.1
2024,Q3,E06000044,4.933
2024,Q3,E06000045,4.3
2024,Q3,E06000046,4.0
2024,Q3,E06000047,3.467
2024,Q3,E06000049,2.4
2024,Q3,E06000050,2.667
2024,Q3,E06000051,2.667
2024,Q3,E06000052,3.0
2024,Q3,E06000053,0.8
2024,Q3,E06000054,2.3
2024,Q3,E06000055,4.367
2024,Q3,E06000056,2.467
2024,Q3,E06000057,3.2
2024,Q3,E06000058,3.6
2024,Q3,E06000059,2.567
2024,Q3,E06000060,2.933
2024,Q3,E06000061,3.5
2024,Q3,E06000062,3.467
2024,Q3,E06000063,2.767
2024,Q3,E06000064,2.167
2024,Q3,E06000065,2.2
2024,Q3,E06000066,2.6
2024,Q3,E07000008,2.1
2024,Q3,E07000009,2.067
2024,Q3,E07000010,3.867
2024,Q3,E07000011,2.4
2024,Q3,E07000012,1.8
2024,Q3,E07000032,2.7
2024,Q3,E07000033,3.267
2024,Q3,E07000034,3.733
2024,Q3,E07000035,2.067
2024,Q3,E07000036,3.4
2024,Q3,E07000037,2.733
2024,Q3,E07000038,2.8
2024,Q3,E07000039,2.467
2024,Q3,E07000040,2.1
2024,Q3,E07000041,2.267
2024,Q3,E07000042,2.3
2024,Q3,E07000043,2.667
2024,Q3,E07000044,2.133
2024,Q3,E07000045,2.333
2024,Q3,E07000046,2.9
2024,Q3,E07000047,2.367
2024,Q3,E07000061,4.5
2024,Q3,E07000062,5.367
2024,Q3,E07000063,3.4
2024,Q3,E07000064,3.333
2024,Q3,E07000065,2.4
2024,Q3,E07000066,3.933
2024,Q3,E07000067,2.9
2024,Q3,E07000068,2.533
2024,Q3,E07000069,2.6
2024,Q3,E07000070,2.667
2024,Q3,E07000071,3.233
2024,Q3,E07000072,3.1
2024,Q3,E07000073,4.767
2024,Q3,E07000074,2.6
2024,Q3,E07000075,2.267
2024,Q3,E07000076,4.1
2024,Q3,E07000077,2.033
2024,Q3,E07000078,2.9
2024,Q3,E07000079,1.967
2024,Q3,E07000080,3.1
2024,Q3,E07000081,3.633
2024,Q3,E07000082,2.0
2024,Q3,E07000083,2.3
2024,Q3,E07000084,2.567
2024,Q3,E07000085,2.2
2024,Q3,E07000086,2.3
2024,Q3,E07000087,1.967
2024,Q3,E07000088,3.467
2024,Q3,E07000089,1.7
2024,Q3,E07000090,3.767
2024,Q3,E07000091,2.3
2024,Q3,E07000092,3.033
2024,Q3,E07000093,2.033
2024,Q3,E07000094,2.2
2024,Q3,E07000095,3.633
2024,Q3,E07000096,3.333
2024,Q3,E07000098,3.6
2024,Q3,E07000099,2.367
2024,Q3,E07000102,2.733
2024,Q3,E07000103,4.433
2024,Q3,E07000105,3.133
2024,Q3,E07000106,3.367
2024,Q3,E07000107,3.2
2024,Q3,E07000108,3.833
2024,Q3,E07000109,4.633
2024,Q3,E07000110,3.267
2024,Q3,E07000111,2.167
2024,Q3,E07000112,4.1
2024,Q3,E07000113,3.7
2024,Q3,E07000114,5.467
2024,Q3,E07000115,2.267
2024,Q3,E07000116,2.533
2024,Q3,E07000117,6.567
2024,Q3,E07000118,2.7
2024,Q3,E07000119,2.8
2024,Q3,E07000120,6.1
2024,Q3,E07000121,3.1
2024,Q3,E07000122,6.967
2024,Q3,E07000123,4.9
2024,Q3,E07000124,1.833
2024,Q3,E07000125,4.2
2024,Q3,E07000126,2.633
2024,Q3,E07000127,3.0
2024,Q3,E07000128,3.2
2024,Q3,E07000129,2.3
2024,Q3,E07000130,2.5
2024,Q3,E07000131,1.867
2024,Q3,E07000132,2.533
2024,Q3,E07000133,3.1
2024,Q3,E07000134,2.0
2024,Q3,E07000135,3.1
2024,Q3,E07000136,4.633
2024,Q3,E07000137,3.0
2024,Q3,E07000138,4.067
2024,Q3,E07000139,2.1
2024,Q3,E07000140,3.1
2024,Q3,E07000141,2.833
2024,Q3,E07000142,3.1
2024,Q3,E07000143,2.5
2024,Q3,E07000144,2.033
2024,Q3,E07000145,5.033
2024,Q3,E07000146,2.833
2024,Q3,E07000147,2.867
2024,Q3,E07000148,4.133
2024,Q3,E07000149,2.233
2024,Q3,E07000170,4.133
2024,Q3,E07000171,3.367
2024,Q3,E07000172,2.9
2024,Q3,E07000173,3.233
2024,Q3,E07000174,4.067
2024,Q3,E07000175,3.0
2024,Q3,E07000176,2.1
2024,Q3,E07000177,2.4
2024,Q3,E07000178,2.6
2024,Q3,E07000179,1.933
2024,Q3,E07000180,2.267
2024,Q3,E07000181,1.8
2024,Q3,E07000192,3.4
2024,Q3,E07000193,3.9
2024,Q3,E07000194,2.4
2024,Q3,E07000195,3.167
2024,Q3,E07000196,2.733
2024,Q3,E07000197,2.7
2024,Q3,E07000198,2.367
2024,Q3,E07000199,3.433
2024,Q3,E07000200,2.533
2024,Q3,E07000202,4.9
2024,Q3,E07000203,2.2
2024,Q3,E07000207,2.233
2024,Q3,E07000208,2.1
2024,Q3,E07000209,1.9
2024,Q3,E07000210,2.0
2024,Q3,E07000211,2.133
2024,Q3,E07000212,2.433
2024,Q3,E07000213,3.3
2024,Q3,E07000214,2.167
2024,Q3,E07000215,2.3
2024,Q3,E07000216,1.9
2024,Q3,E07000217,2.667
2024,Q3,E07000218,2.733
2024,Q3,E07000219,4.067
2024,Q3,E07000220,2.833
2024,Q3,E07000221,2.067
2024,Q3,E07000222,2.333
2024,Q3,E07000223,2.733
2024,Q3,E07000224,3.6
2024,Q3,E07000225,3.133
2024,Q3,E07000226,4.367
2024,Q3,E07000227,2.0
2024,Q3,E07000228,1.967
2024,Q3,E07000229,2.967
2024,Q3,E07000234,2.7
2024,Q3,E07000235,2.667
2024,Q3,E07000236,4.0
2024,Q3,E07000237,4.0
2024,Q3,E07000238,2.9
2024,Q3,E07000239,3.367
2024,Q3,E07000240,2.567
2024,Q3,E07000241,3.0
2024,Q3,E07000242,2.033
2024,Q3,E07000243,3.5
2024,Q3,E07000244,2.733
2024,Q3,E07000245,2.467
2024,Q3,E08000001,6.1
2024,Q3,E08000002,4.8
2024,Q3,E08000003,6.633
2024,Q3,E08000004,7.5
2024,Q3,E08000005,6.6
2024,Q3,E08000006,4.967
2024,Q3,E08000007,3.4
2024,Q3,E08000008,5.1
2024,Q3,E08000009,3.267
2024,Q3,E08000010,3.8
2024,Q3,E08000011,4.9
2024,Q3,E08000012,6.0
2024,Q3,E08000013,4.1
2024,Q3,E08000014,4.0
2024,Q3,E08000015,3.8
2024,Q3,E08000016,3.633
2024,Q3,E08000017,4.9
2024,Q3,E08000018,4.567
2024,Q3,E08000019,4.8
2024,Q3,E08000021,4.433
2024,Q3,E08000022,3.5
2024,Q3,E08000023,5.333
2024,Q3,E08000024,4.433
2024,Q3,E08000025,10.2
2024,Q3,E08000026,5.7
2024,Q3,E08000027,5.033
2024,Q3,E08000028,7.133
2024,Q3,E08000029,3.633
2024,Q3,E08000030,6.233
2024,Q3,E08000031,7.6
2024,Q3,E08000032,8.133
2024,Q3,E08000033,4.7
2024,Q3,E08000034,5.333
2024,Q3,E08000035,4.733
2024,Q3,E08000036,3.8
2024,Q3,E08000037,4.567
2024,Q3,E09000001,1.167
2024,Q3,E09000002,7.567
2024,Q3,E09000003,5.1
2024,Q3,E09000004,3.5
2024,Q3,E09000005,7.567
2024,Q3,E09000006,3.4
2024,Q3,E09000007,4.767
2024,Q3,E09000008,6.1
2024,Q3,E09000009,6.567
2024,Q3,E09000010,7.833
2024,Q3,E09000011,5.4
2024,Q3,E09000012,7.067
2024,Q3,E09000013,4.833
2024,Q3,E09000014,7.933
2024,Q3,E09000015,4.633
2024,Q3,E09000016,4.433
2024,Q3,E09000017,4.767
2024,Q3,E09000018,5.533
2024,Q3,E09000019,5.833
2024,Q3,E09000020,3.7
2024,Q3,E09000021,3.2
2024,Q3,E09000022,5.967
2024,Q3,E09000023,6.833
2024,Q3,E09000024,4.7
2024,Q3,E09000025,7.5
2024,Q3,E09000026,5.833
2024,Q3,E09000027,2.6
2024,Q3,E09000028,5.7
2024,Q3,E09000029,3.467
2024,Q3,E09000030,6.433
2024,Q3,E09000031,7.033
2024,Q3,E09000032,3.733
2024,Q3,E09000033,4.367
2024,Q3,N09000001,2.767
2024,Q3,N09000002,3.2
2024,Q3,N09000003,4.367
2024,Q3,N09000004,3.6
2024,Q3,N09000005,5.433
2024,Q3,N09000006,3.067
2024,Q3,N09000007,2.233
2024,Q3,N09000008,3.4
2024,Q3,N09000009,2.9
2024,Q3,N09000010,3.4
2024,Q3,N09000011,3.067
2024,Q3,S12000005,3.4
2024,Q3,S12000006,3.1
2024,Q3,S12000008,3.967
2024,Q3,S12000010,2.367
2024,Q3,S12000011,1.967
2024,Q3,S12000013,1.833
2024,Q3,S12000014,2.967
2024,Q3,S12000017,2.333
2024,Q3,S12000018,3.6
2024,Q3,S12000019,2.3
2024,Q3,S12000020,2.333
2024,Q3,S12000021,4.667
2024,Q3,S12000023,1.867
2024,Q3,S12000026,3.233
2024,Q3,S12000027,1.667
2024,Q3,S12000028,3.667
2024,Q3,S12000029,3.033
2024,Q3,S12000030,2.467
2024,Q3,S12000033,3.267
2024,Q3,S12000034,1.867
2024,Q3,S12000035,2.667
2024,Q3,S12000036,2.567
2024,Q3,S12000038,3.167
2024,Q3,S12000039,4.233
2024,Q3,S12000040,2.767
2024,Q3,S12000041,3.033
2024,Q3,S12000042,4.433
2024,Q3,S12000045,2.1
2024,Q3,S12000047,3.467
2024,Q3,S12000048,2.4
2024,Q3,S12000049,5.1
2024,Q3,S12000050,3.467
2024,Q3,W06000001,3.767
2024,Q3,W06000002,2.8
2024,Q3,W06000003,3.9
2024,Q3,W06000004,3.767
2024,Q3,W06000005,2.9
2024,Q3,W06000006,3.3
2024,Q3,W06000008,2.9
2024,Q3,W06000009,3.433
2024,Q3,W06000010,3.267
2024,Q3,W06000011,3.6
2024,Q3,W06000012,3.233
2024,Q3,W06000013,3.1
2024,Q3,W06000014,3.367
2024,Q3,W06000015,4.1
2024,Q3,W06000016,3.233
2024,Q3,W06000018,3.5
2024,Q3,W06000019,4.267
2024,Q3,W06000020,3.967
2024,Q3,W06000021,2.5
2024,Q3,W06000022,4.867
2024,Q3,W06000023,2.767
2024,Q3,W06000024,3.433
2024,Q4,E06000001,4.467
2024,Q4,E06000002,5.567
2024,Q4,E06000003,3.9
2024,Q4,E06000004,3.9
2024,Q4,E06000005,3.933
2024,Q4,E06000006,4.3
2024,Q4,E06000007,2.6
2024,Q4,E06000008,6.167
2024,Q4,E06000009,5.933
2024,Q4,E06000010,5.967
2024,Q4,E06000011,2.433
2024,Q4,E06000012,4.333
2024,Q4,E06000013,3.7
2024,Q4,E06000014,1.8
2024,Q4,E06000015,5.233
2024,Q4,E06000016,5.9
2024,Q4,E06000017,1.767
2024,Q4,E06000018,6.067
2024,Q4,E06000019,2.833
2024,Q4,E06000020,3.833
2024,Q4,E06000021,5.867
2024,Q4,E06000022,1.9
2024,Q4,E06000023,3.5
2024,Q4,E06000024,2.433
2024,Q4,E06000025,1.933
2024,Q4,E06000026,3.3
2024,Q4,E06000027,3.167
2024,Q4,E06000030,3.3
2024,Q4,E06000031,5.7
2024,Q4,E06000032,6.867
2024,Q4,E06000033,4.5
2024,Q4,E06000034,4.4
2024,Q4,E06000035,4.067
2024,Q4,E06000036,2.4
2024,Q4,E06000037,2.233
2024,Q4,E06000038,4.233
2024,Q4,E06000039,6.0
2024,Q4,E06000040,2.5
2024,Q4,E06000041,1.833
2024,Q4,E06000042,4.2
2024,Q4,E06000043,4.1
2024,Q4,E06000044,4.733
2024,Q4,E06000045,4.2
2024,Q4,E06000046,4.033
2024,Q4,E06000047,3.367
2024,Q4,E06000049,2.267
2024,Q4,E06000050,2.533
2024,Q4,E06000051,2.567
2024,Q4,E06000052,3.067
2024,Q4,E06000053,1.0
2024,Q4,E06000054,2.3
2024,Q4,E06000055,4.233
2024,Q4,E06000056,2.467
2024,Q4,E06000057,3.067
2024,Q4,E06000058,3.433
2024,Q4,E06000059,2.467
2024,Q4,E06000060,3.0
2024,Q4,E06000061,3.2
2024,Q4,E06000062,3.233
2024,Q4,E06000063,2.567
2024,Q4,E06000064,2.0
2024,Q4,E06000065,2.1
2024,Q4,E06000066,2.533
2024,Q4,E07000008,2.1
2024,Q4,E07000009,2.033
2024,Q4,E07000010,3.7
2024,Q4,E07000011,2.267
2024,Q4,E07000012,1.8
2024,Q4,E07000032,2.633
2024,Q4,E07000033,3.167
2024,Q4,E07000034,3.7
2024,Q4,E07000035,2.067
2024,Q4,E07000036,3.367
2024,Q4,E07000037,2.633
2024,Q4,E07000038,2.633
2024,Q4,E07000039,2.3
2024,Q4,E07000040,1.9
2024,Q4,E07000041,2.133
2024,Q4,E07000042,2.267
2024,Q4,E07000043,2.733
2024,Q4,E07000044,2.133
2024,Q4,E07000045,2.3
2024,Q4,E07000046,2.833
2024,Q4,E07000047,2.267
2024,Q4,E07000061,4.6
2024,Q4,E07000062,5.167
2024,Q4,E07000063,3.433
2024,Q4,E07000064,3.167
2024,Q4,E07000065,2.233
2024,Q4,E07000066,3.833
2024,Q4,E07000067,2.7
2024,Q4,E07000068,2.467
2024,Q4,E07000069,2.533
2024,Q4,E07000070,2.633
2024,Q4,E07000071,3.133
2024,Q4,E07000072,2.933
2024,Q4,E07000073,4.467
2024,Q4,E07000074,2.567
2024,Q4,E07000075,2.3
2024,Q4,E07000076,4.1
2024,Q4,E07000077,2.0
2024,Q4,E07000078,2.733
2024,Q4,E07000079,1.9
2024,Q4,E07000080,2.8
2024,Q4,E07000081,3.533
2024,Q4,E07000082,2.0
2024,Q4,E07000083,2.2
2024,Q4,E07000084,2.533
2024,Q4,E07000085,2.133
2024,Q4,E07000086,2.2
2024,Q4,E07000087,1.833
2024,Q4,E07000088,3.3
2024,Q4,E07000089,1.633
2024,Q4,E07000090,3.6
2024,Q4,E07000091,2.3
2024,Q4,E07000092,2.933
2024,Q4,E07000093,2.0
2024,Q4,E07000094,2.1
2024,Q4,E07000095,3.4
2024,Q4,E07000096,3.2
2024,Q4,E07000098,3.433
2024,Q4,E07000099,2.267
2024,Q4,E07000102,2.733
2024,Q4,E07000103,4.5
2024,Q4,E07000105,3.1
2024,Q4,E07000106,3.333
2024,Q4,E07000107,3.0
2024,Q4,E07000108,3.667
2024,Q4,E07000109,4.467
2024,Q4,E07000110,3.167
2024,Q4,E07000111,2.1
2024,Q4,E07000112,4.1
2024,Q4,E07000113,3.567
2024,Q4,E07000114,5.5
2024,Q4,E07000115,2.233
2024,Q4,E07000116,2.567
2024,Q4,E07000117,6.3
2024,Q4,E07000118,2.567
2024,Q4,E07000119,2.767
2024,Q4,E07000120,5.8
2024,Q4,E07000121,3.1
2024,Q4,E07000122,6.833
2024,Q4,E07000123,4.733
2024,Q4,E07000124,1.633
2024,Q4,E07000125,3.9
2024,Q4,E07000126,2.433
2024,Q4,E07000127,2.8
2024,Q4,E07000128,2.9
2024,Q4,E07000129,2.2
2024,Q4,E07000130,2.4
2024,Q4,E07000131,1.7
2024,Q4,E07000132,2.433
2024,Q4,E07000133,3.067
2024,Q4,E07000134,1.967
2024,Q4,E07000135,3.067
2024,Q4,E07000136,4.367
2024,Q4,E07000137,3.233
2024,Q4,E07000138,3.833
2024,Q4,E07000139,2.0
2024,Q4,E07000140,3.0
2024,Q4,E07000141,2.733
2024,Q4,E07000142,2.967
2024,Q4,E07000143,2.333
2024,Q4,E07000144,2.067
2024,Q4,E07000145,4.833
2024,Q4,E07000146,2.8
2024,Q4,E07000147,2.867
2024,Q4,E07000148,4.0
2024,Q4,E07000149,2.167
2024,Q4,E07000170,3.867
2024,Q4,E07000171,3.167
2024,Q4,E07000172,2.833
2024,Q4,E07000173,3.1
2024,Q4,E07000174,3.867
2024,Q4,E07000175,2.9
2024,Q4,E07000176,2.033
2024,Q4,E07000177,2.3
2024,Q4,E07000178,2.667
2024,Q4,E07000179,1.9
2024,Q4,E07000180,2.167
2024,Q4,E07000181,1.7
2024,Q4,E07000192,3.267
2024,Q4,E07000193,3.567
2024,Q4,E07000194,2.267
2024,Q4,E07000195,2.967
2024,Q4,E07000196,2.6
2024,Q4,E07000197,2.5
2024,Q4,E07000198,2.233
2024,Q4,E07000199,3.267
2024,Q4,E07000200,2.433
2024,Q4,E07000202,4.4
2024,Q4,E07000203,1.967
2024,Q4,E07000207,2.3
2024,Q4,E07000208,2.1
2024,Q4,E07000209,1.933
2024,Q4,E07000210,2.0
2024,Q4,E07000211,2.067
2024,Q4,E07000212,2.4
2024,Q4,E07000213,3.267
2024,Q4,E07000214,2.167
2024,Q4,E07000215,2.333
2024,Q4,E07000216,1.833
2024,Q4,E07000217,2.633
2024,Q4,E07000218,2.633
2024,Q4,E07000219,4.0
2024,Q4,E07000220,2.667
2024,Q4,E07000221,2.0
2024,Q4,E07000222,2.3
2024,Q4,E07000223,2.733
2024,Q4,E07000224,3.533
2024,Q4,E07000225,3.2
2024,Q4,E07000226,4.1
2024,Q4,E07000227,1.967
2024,Q4,E07000228,1.867
2024,Q4,E07000229,2.967
2024,Q4,E07000234,2.633
2024,Q4,E07000235,2.5
2024,Q4,E07000236,3.933
2024,Q4,E07000237,3.8
2024,Q4,E07000238,2.8
2024,Q4,E07000239,3.267
2024,Q4,E07000240,2.467
2024,Q4,E07000241,3.0
2024,Q4,E07000242,1.867
2024,Q4,E07000243,3.467
2024,Q4,E07000244,2.733
2024,Q4,E07000245,2.367
2024,Q4,E08000001,5.833
2024,Q4,E08000002,4.567
2024,Q4,E08000003,6.3
2024,Q4,E08000004,7.2
2024,Q4,E08000005,6.233
2024,Q4,E08000006,4.8
2024,Q4,E08000007,3.133
2024,Q4,E08000008,5.0
2024,Q4,E08000009,3.133
2024,Q4,E08000010,3.6
2024,Q4,E08000011,4.667
2024,Q4,E08000012,5.833
2024,Q4,E08000013,3.967
2024,Q4,E08000014,3.9
2024,Q4,E08000015,3.7
2024,Q4,E08000016,3.333
2024,Q4,E08000017,4.533
2024,Q4,E08000018,4.333
2024,Q4,E08000019,4.7
2024,Q4,E08000021,4.267
2024,Q4,E08000022,3.467
2024,Q4,E08000023,5.233
2024,Q4,E08000024,4.3
2024,Q4,E08000025,10.267
2024,Q4,E08000026,5.533
2024,Q4,E08000027,4.933
2024,Q4,E08000028,7.0
2024,Q4,E08000029,3.6
2024,Q4,E08000030,6.167
2024,Q4,E08000031,7.4
2024,Q4,E08000032,7.967
2024,Q4,E08000033,4.567
2024,Q4,E08000034,5.1
2024,Q4,E08000035,4.6
2024,Q4,E08000036,3.6
2024,Q4,E08000037,4.3
2024,Q4,E09000001,1.167
2024,Q4,E09000002,7.5
2024,Q4,E09000003,5.067
2024,Q4,E09000004,3.433
2024,Q4,E09000005,7.5
2024,Q4,E09000006,3.467
2024,Q4,E09000007,4.833
2024,Q4,E09000008,6.1
2024,Q4,E09000009,6.533
2024,Q4,E09000010,7.567
2024,Q4,E09000011,5.467
2024,Q4,E09000012,7.167
2024,Q4,E09000013,4.767
2024,Q4,E09000014,7.667
2024,Q4,E09000015,4.733
2024,Q4,E09000016,4.433
2024,Q4,E09000017,4.833
2024,Q4,E09000018,5.367
2024,Q4,E09000019,5.833
2024,Q4,E09000020,3.767
2024,Q4,E09000021,3.267
2024,Q4,E09000022,6.1
2024,Q4,E09000023,6.9
2024,Q4,E09000024,4.7
2024,Q4,E09000025,7.767
2024,Q4,E09000026,5.9
2024,Q4,E09000027,2.6
2024,Q4,E09000028,5.633
2024,Q4,E09000029,3.4
2024,Q4,E09000030,6.7
2024,Q4,E09000031,6.967
2024,Q4,E09000032,4.0
2024,Q4,E09000033,4.2
2024,Q4,N09000001,2.533
2024,Q4,N09000002,3.1
2024,Q4,N09000003,4.233
2024,Q4,N09000004,3.533
2024,Q4,N09000005,5.433
2024,Q4,N09000006,3.033
2024,Q4,N09000007,2.1
2024,Q4,N09000008,3.333
2024,Q4,N09000009,2.767
2024,Q4,N09000010,3.267
2024,Q4,N09000011,2.933
2024,Q4,S12000005,3.067
2024,Q4,S12000006,2.9
2024,Q4,S12000008,3.7
2024,Q4,S12000010,2.3
2024,Q4,S12000011,1.733
2024,Q4,S12000013,1.933
2024,Q4,S12000014,2.733
2024,Q4,S12000017,2.3
2024,Q4,S12000018,3.433
2024,Q4,S12000019,2.133
2024,Q4,S12000020,2.267
2024,Q4,S12000021,4.3
2024,Q4,S12000023,1.633
2024,Q4,S12000026,3.033
2024,Q4,S12000027,1.4
2024,Q4,S12000028,3.4
2024,Q4,S12000029,2.767
2024,Q4,S12000030,2.267
2024,Q4,S12000033,3.167
2024,Q4,S12000034,1.767
2024,Q4,S12000035,2.633
2024,Q4,S12000036,2.467
2024,Q4,S12000038,2.833
2024,Q4,S12000039,3.9
2024,Q4,S12000040,2.533
2024,Q4,S12000041,2.867
2024,Q4,S12000042,4.067
2024,Q4,S12000045,1.933
2024,Q4,S12000047,3.267
2024,Q4,S12000048,2.267
2024,Q4,S12000049,4.9
2024,Q4,S12000050,3.2
2024,Q4,W06000001,3.733
2024,Q4,W06000002,2.767
2024,Q4,W06000003,3.833
2024,Q4,W06000004,3.7
2024,Q4,W06000005,2.8
2024,Q4,W06000006,3.067
2024,Q4,W06000008,2.833
2024,Q4,W06000009,3.367
2024,Q4,W06000010,3.167
2024,Q4,W06000011,3.367
2024,Q4,W06000012,3.233
2024,Q4,W06000013,2.933
2024,Q4,W06000014,3.167
2024,Q4,W06000015,3.9
2024,Q4,W06000016,3.167
2024,Q4,W06000018,3.4
2024,Q4,W06000019,4.033
2024,Q4,W06000020,3.767
2024,Q4,W06000021,2.467
2024,Q4,W06000022,4.533
2024,Q4,W06000023,2.7
2024,Q4,W06000024,3.3
2025,Q1,E06000001,4.567
2025,Q1,E06000002,5.4
2025,Q1,E06000003,3.933
2025,Q1,E06000004,3.833
2025,Q1,E06000005,3.833
2025,Q1,E06000006,4.367
2025,Q1,E06000007,2.667
2025,Q1,E06000008,5.867
2025,Q1,E06000009,6.233
2025,Q1,E06000010,5.967
2025,Q1,E06000011,2.533
2025,Q1,E06000012,4.233
2025,Q1,E06000013,3.6
2025,Q1,E06000014,1.867
2025,Q1,E06000015,5.233
2025,Q1,E06000016,5.9
2025,Q1,E06000017,1.833
2025,Q1,E06000018,6.1
2025,Q1,E06000019,2.833
2025,Q1,E06000020,3.767
2025,Q1,E06000021,5.9
2025,Q1,E06000022,1.933
2025,Q1,E06000023,3.533
2025,Q1,E06000024,2.467
2025,Q1,E06000025,2.0
2025,Q1,E06000026,3.433
2025,Q1,E06000027,3.467
2025,Q1,E06000030,3.267
2025,Q1,E06000031,5.667
2025,Q1,E06000032,6.967
2025,Q1,E06000033,4.467
2025,Q1,E06000034,4.4
2025,Q1,E06000035,4.1
2025,Q1,E06000036,2.533
2025,Q1,E06000037,2.333
2025,Q1,E06000038,4.3
2025,Q1,E06000039,6.1
2025,Q1,E06000040,2.6
2025,Q1,E06000041,1.867
2025,Q1,E06000042,4.133
2025,Q1,E06000043,4.233
2025,Q1,E06000044,4.7
2025,Q1,E06000045,4.3
2025,Q1,E06000046,4.367
2025,Q1,E06000047,3.233
2025,Q1,E06000049,2.3
2025,Q1,E06000050,2.567
2025,Q1,E06000051,2.5
2025,Q1,E06000052,3.3
2025,Q1,E06000053,1.433
2025,Q1,E06000054,2.3
2025,Q1,E06000055,4.4
2025,Q1,E06000056,2.567
2025,Q1,E06000057,3.067
2025,Q1,E06000058,3.467
2025,Q1,E06000059,2.567
2025,Q1,E06000060,3.133
2025,Q1,E06000061,3.267
2025,Q1,E06000062,3.367
2025,Q1,E06000063,2.533
2025,Q1,E06000064,2.0
2025,Q1,E06000065,2.133
2025,Q1,E06000066,2.567
2025,Q1,E07000008,2.167
2025,Q1,E07000009,2.067
2025,Q1,E07000010,3.833
2025,Q1,E07000011,2.267
2025,Q1,E07000012,1.933
2025,Q1,E07000032,2.633
2025,Q1,E07000033,3.067
2025,Q1,E07000034,3.633
2025,Q1,E07000035,2.067
2025,Q1,E07000036,3.433
2025,Q1,E07000037,2.567
2025,Q1,E07000038,2.533
2025,Q1,E07000039,2.367
2025,Q1,E07000040,2.1
2025,Q1,E07000041,2.167
2025,Q1,E07000042,2.3
2025,Q1,E07000043,3.1
2025,Q1,E07000044,2.2
2025,Q1,E07000045,2.367
2025,Q1,E07000046,3.067
2025,Q1,E07000047,2.233
2025,Q1,E07000061,4.733
2025,Q1,E07000062,5.2
2025,Q1,E07000063,3.5
2025,Q1,E07000064,3.3
2025,Q1,E07000065,2.333
2025,Q1,E07000066,3.967
2025,Q1,E07000067,2.667
2025,Q1,E07000068,2.5
2025,Q1,E07000069,2.567
2025,Q1,E07000070,2.667
2025,Q1,E07000071,3.167
2025,Q1,E07000072,2.967
2025,Q1,E07000073,4.467
2025,Q1,E07000074,2.567
2025,Q1,E07000075,2.333
2025,Q1,E07000076,4.333
2025,Q1,E07000077,2.0
2025,Q1,E07000078,2.833
2025,Q1,E07000079,2.0
2025,Q1,E07000080,2.733
2025,Q1,E07000081,3.567
2025,Q1,E07000082,2.067
2025,Q1,E07000083,2.233
2025,Q1,E07000084,2.6
2025,Q1,E07000085,2.133
2025,Q1,E07000086,2.167
2025,Q1,E07000087,1.867
2025,Q1,E07000088,3.533
2025,Q1,E07000089,1.633
2025,Q1,E07000090,3.733
2025,Q1,E07000091,2.333
2025,Q1,E07000092,2.933
2025,Q1,E07000093,1.967
2025,Q1,E07000094,2.033
2025,Q1,E07000095,3.367
2025,Q1,E07000096,3.267
2025,Q1,E07000098,3.433
2025,Q1,E07000099,2.367
2025,Q1,E07000102,2.767
2025,Q1,E07000103,4.433
2025,Q1,E07000105,3.1
2025,Q1,E07000106,3.367
2025,Q1,E07000107,2.967
2025,Q1,E07000108,3.533
2025,Q1,E07000109,4.4
2025,Q1,E07000110,3.167
2025,Q1,E07000111,2.167
2025,Q1,E07000112,4.067
2025,Q1,E07000113,3.567
2025,Q1,E07000114,5.467
2025,Q1,E07000115,2.3
2025,Q1,E07000116,2.5
2025,Q1,E07000117,6.1
2025,Q1,E07000118,2.467
2025,Q1,E07000119,2.833
2025,Q1,E07000120,5.667
2025,Q1,E07000121,3.133
2025,Q1,E07000122,6.5
2025,Q1,E07000123,4.633
2025,Q1,E07000124,1.7
2025,Q1,E07000125,3.767
2025,Q1,E07000126,2.367
2025,Q1,E07000127,2.833
2025,Q1,E07000128,2.933
2025,Q1,E07000129,2.167
2025,Q1,E07000130,2.467
2025,Q1,E07000131,1.767
2025,Q1,E07000132,2.433
2025,Q1,E07000133,3.267
2025,Q1,E07000134,2.067
2025,Q1,E07000135,3.067
2025,Q1,E07000136,4.6
2025,Q1,E07000137,3.667
2025,Q1,E07000138,3.8
2025,Q1,E07000139,2.033
2025,Q1,E07000140,3.133
2025,Q1,E07000141,2.833
2025,Q1,E07000142,2.933
2025,Q1,E07000143,2.4
2025,Q1,E07000144,2.067
2025,Q1,E07000145,5.1
2025,Q1,E07000146,2.9
2025,Q1,E07000147,2.867
2025,Q1,E07000148,4.033
2025,Q1,E07000149,2.233
2025,Q1,E07000170,3.867
2025,Q1,E07000171,3.133
2025,Q1,E07000172,2.8
2025,Q1,E07000173,3.167
2025,Q1,E07000174,3.933
2025,Q1,E07000175,2.8
2025,Q1,E07000176,2.0
2025,Q1,E07000177,2.367
2025,Q1,E07000178,2.7
2025,Q1,E07000179,1.967
2025,Q1,E07000180,2.167
2025,Q1,E07000181,1.767
2025,Q1,E07000192,3.2
2025,Q1,E07000193,3.567
2025,Q1,E07000194,2.333
2025,Q1,E07000195,3.067
2025,Q1,E07000196,2.567
2025,Q1,E07000197,2.433
2025,Q1,E07000198,2.367
2025,Q1,E07000199,3.233
2025,Q1,E07000200,2.467
2025,Q1,E07000202,4.4
2025,Q1,E07000203,1.9
2025,Q1,E07000207,2.367
2025,Q1,E07000208,2.067
2025,Q1,E07000209,1.933
2025,Q1,E07000210,2.0
2025,Q1,E07000211,2.1
2025,Q1,E07000212,2.4
2025,Q1,E07000213,3.3
2025,Q1,E07000214,2.233
2025,Q1,E07000215,2.367
2025,Q1,E07000216,1.867
2025,Q1,E07000217,2.633
2025,Q1,E07000218,2.667
2025,Q1,E07000219,4.0
2025,Q1,E07000220,2.667
2025,Q1,E07000221,1.967
2025,Q1,E07000222,2.367
2025,Q1,E07000223,2.933
2025,Q1,E07000224,3.633
2025,Q1,E07000225,3.367
2025,Q1,E07000226,4.233
2025,Q1,E07000227,1.967
2025,Q1,E07000228,1.867
2025,Q1,E07000229,3.033
2025,Q1,E07000234,2.6
2025,Q1,E07000235,2.467
2025,Q1,E07000236,4.0
2025,Q1,E07000237,3.6
2025,Q1,E07000238,2.733
2025,Q1,E07000239,3.3
2025,Q1,E07000240,2.367
2025,Q1,E07000241,3.033
2025,Q1,E07000242,1.867
2025,Q1,E07000243,3.567
2025,Q1,E07000244,2.833
2025,Q1,E07000245,2.4
2025,Q1,E08000001,5.633
2025,Q1,E08000002,4.433
2025,Q1,E08000003,6.267
2025,Q1,E08000004,7.0
2025,Q1,E08000005,6.167
2025,Q1,E08000006,4.8
2025,Q1,E08000007,3.0
2025,Q1,E08000008,4.967
2025,Q1,E08000009,3.1
2025,Q1,E08000010,3.567
2025,Q1,E08000011,4.6
2025,Q1,E08000012,5.767
2025,Q1,E08000013,3.933
2025,Q1,E08000014,3.867
2025,Q1,E08000015,3.633
2025,Q1,E08000016,3.4
2025,Q1,E08000017,4.4
2025,Q1,E08000018,4.233
2025,Q1,E08000019,4.633
2025,Q1,E08000021,4.2
2025,Q1,E08000022,3.367
2025,Q1,E08000023,5.1
2025,Q1,E08000024,4.2
2025,Q1,E08000025,10.267
2025,Q1,E08000026,5.567
2025,Q1,E08000027,4.9
2025,Q1,E08000028,7.0
2025,Q1,E08000029,3.6
2025,Q1,E08000030,6.033
2025,Q1,E08000031,7.167
2025,Q1,E08000032,7.6
2025,Q1,E08000033,4.467
2025,Q1,E08000034,4.933
2025,Q1,E08000035,4.567
2025,Q1,E08000036,3.6
2025,Q1,E08000037,4.233
2025,Q1,E09000001,1.167
2025,Q1,E09000002,7.6
2025,Q1,E09000003,5.033
2025,Q1,E09000004,3.467
2025,Q1,E09000005,7.533
2025,Q1,E09000006,3.533
2025,Q1,E09000007,4.833
2025,Q1,E09000008,6.267
2025,Q1,E09000009,6.6
2025,Q1,E09000010,7.467
2025,Q1,E09000011,5.533
2025,Q1,E09000012,7.1
2025,Q1,E09000013,4.767
2025,Q1,E09000014,7.667
2025,Q1,E09000015,4.833
2025,Q1,E09000016,4.433
2025,Q1,E09000017,4.867
2025,Q1,E09000018,5.3
2025,Q1,E09000019,5.833
2025,Q1,E09000020,3.733
2025,Q1,E09000021,3.233
2025,Q1,E09000022,6.133
2025,Q1,E09000023,6.933
2025,Q1,E09000024,4.7
2025,Q1,E09000025,7.8
2025,Q1,E09000026,5.967
2025,Q1,E09000027,2.567
2025,Q1,E09000028,5.633
2025,Q1,E09000029,3.433
2025,Q1,E09000030,6.7
2025,Q1,E09000031,6.967
2025,Q1,E09000032,4.133
2025,Q1,E09000033,4.3
2025,Q1,N09000001,2.433
2025,Q1,N09000002,3.0
2025,Q1,N09000003,4.033
2025,Q1,N09000004,3.367
2025,Q1,N09000005,5.033
2025,Q1,N09000006,2.967
2025,Q1,N09000007,2.033
2025,Q1,N09000008,3.133
2025,Q1,N09000009,2.533
2025,Q1,N09000010,3.033
2025,Q1,N09000011,2.767
2025,Q1,S12000005,3.1
2025,Q1,S12000006,2.8
2025,Q1,S12000008,3.733
2025,Q1,S12000010,2.333
2025,Q1,S12000011,1.667
2025,Q1,S12000013,2.233
2025,Q1,S12000014,2.8
2025,Q1,S12000017,2.4
2025,Q1,S12000018,3.3
2025,Q1,S12000019,2.167
2025,Q1,S12000020,2.433
2025,Q1,S12000021,4.267
2025,Q1,S12000023,1.767
2025,Q1,S12000026,3.033
2025,Q1,S12000027,1.4
2025,Q1,S12000028,3.5
2025,Q1,S12000029,2.733
2025,Q1,S12000030,2.267
2025,Q1,S12000033,3.3
2025,Q1,S12000034,1.867
2025,Q1,S12000035,2.767
2025,Q1,S12000036,2.533
2025,Q1,S12000038,2.767
2025,Q1,S12000039,3.933
2025,Q1,S12000040,2.633
2025,Q1,S12000041,3.067
2025,Q1,S12000042,3.867
2025,Q1,S12000045,1.933
2025,Q1,S12000047,3.333
2025,Q1,S12000048,2.333
2025,Q1,S12000049,4.8
2025,Q1,S12000050,3.233
2025,Q1,W06000001,3.833
2025,Q1,W06000002,3.033
2025,Q1,W06000003,3.967
2025,Q1,W06000004,3.8
2025,Q1,W06000005,2.867
2025,Q1,W06000006,3.033
2025,Q1,W06000008,2.8
2025,Q1,W06000009,3.467
2025,Q1,W06000010,3.0
2025,Q1,W06000011,3.267
2025,Q1,W06000012,3.333
2025,Q1,W06000013,2.867
2025,Q1,W06000014,3.167
2025,Q1,W06000015,3.933
2025,Q1,W06000016,3.133
2025,Q1,W06000018,3.433
2025,Q1,W06000019,4.133
2025,Q1,W06000020,3.733
2025,Q1,W06000021,2.433
2025,Q1,W06000022,4.533
2025,Q1,W06000023,2.767
2025,Q1,W06000024,3.267
2025,Q2,E06000001,4.467
2025,Q2,E06000002,5.2
2025,Q2,E06000003,3.667
2025,Q2,E06000004,3.733
2025,Q2,E06000005,3.7
2025,Q2,E06000006,4.2
2025,Q2,E06000007,2.6
2025,Q2,E06000008,5.5
2025,Q2,E06000009,5.8
2025,Q2,E06000010,5.8
2025,Q2,E06000011,2.333
2025,Q2,E06000012,4.067
2025,Q2,E06000013,3.533
2025,Q2,E06000014,1.867
2025,Q2,E06000015,5.033
2025,Q2,E06000016,5.833
2025,Q2,E06000017,1.8
2025,Q2,E06000018,6.067
2025,Q2,E06000019,2.667
2025,Q2,E06000020,3.667
2025,Q2,E06000021,5.7
2025,Q2,E06000022,1.9
2025,Q2,E06000023,3.567
2025,Q2,E06000024,2.4
2025,Q2,E06000025,2.0
2025,Q2,E06000026,3.433
2025,Q2,E06000027,3.333
2025,Q2,E06000030,3.233
2025,Q2,E06000031,5.533
2025,Q2,E06000032,7.1
2025,Q2,E06000033,4.267
2025,Q2,E06000034,4.433
2025,Q2,E06000035,4.033
2025,Q2,E06000036,2.533
2025,Q2,E06000037,2.3
2025,Q2,E06000038,4.4
2025,Q2,E06000039,6.1
2025,Q2,E06000040,2.533
2025,Q2,E06000041,1.9
2025,Q2,E06000042,4.2
2025,Q2,E06000043,4.167
2025,Q2,E06000044,4.667
2025,Q2,E06000045,4.167
2025,Q2,E06000046,3.933
2025,Q2,E06000047,3.1
2025,Q2,E06000049,2.2
2025,Q2,E06000050,2.5
2025,Q2,E06000051,2.4
2025,Q2,E06000052,3.033
2025,Q2,E06000053,1.2
2025,Q2,E06000054,2.233
2025,Q2,E06000055,4.4
2025,Q2,E06000056,2.533
2025,Q2,E06000057,2.867
2025,Q2,E06000058,3.433
2025,Q2,E06000059,2.4
2025,Q2,E06000060,3.1
2025,Q2,E06000061,3.3
2025,Q2,E06000062,3.467
2025,Q2,E06000063,2.433
2025,Q2,E06000064,1.833
2025,Q2,E06000065,2.033
2025,Q2,E06000066,2.467
2025,Q2,E07000008,2.1
2025,Q2,E07000009,2.067
2025,Q2,E07000010,3.667
2025,Q2,E07000011,2.267
2025,Q2,E07000012,1.967
2025,Q2,E07000032,2.533
2025,Q2,E07000033,2.933
2025,Q2,E07000034,3.533
2025,Q2,E07000035,1.933
2025,Q2,E07000036,3.3
2025,Q2,E07000037,2.367
2025,Q2,E07000038,2.367
2025,Q2,E07000039,2.333
2025,Q2,E07000040,1.933
2025,Q2,E07000041,2.1
2025,Q2,E07000042,2.167
2025,Q2,E07000043,2.867
2025,Q2,E07000044,2.033
2025,Q2,E07000045,2.2
2025,Q2,E07000046,2.833
2025,Q2,E07000047,2.133
2025,Q2,E07000061,4.667
2025,Q2,E07000062,4.867
2025,Q2,E07000063,3.333
2025,Q2,E07000064,3.133
2025,Q2,E07000065,2.2
2025,Q2,E07000066,3.833
2025,Q2,E07000067,2.5
2025,Q2,E07000068,2.533
2025,Q2,E07000069,2.5
2025,Q2,E07000070,2.667
2025,Q2,E07000071,3.1
2025,Q2,E07000072,2.967
2025,Q2,E07000073,4.4
2025,Q2,E07000074,2.467
2025,Q2,E07000075,2.233
2025,Q2,E07000076,4.033
2025,Q2,E07000077,1.9
2025,Q2,E07000078,2.733
2025,Q2,E07000079,1.867
2025,Q2,E07000080,2.6
2025,Q2,E07000081,3.5
2025,Q2,E07000082,2.0
2025,Q2,E07000083,2.2
2025,Q2,E07000084,2.6
2025,Q2,E07000085,2.0
2025,Q2,E07000086,2.1
2025,Q2,E07000087,1.9
2025,Q2,E07000088,3.533
2025,Q2,E07000089,1.633
2025,Q2,E07000090,3.6
2025,Q2,E07000091,2.233
2025,Q2,E07000092,2.8
2025,Q2,E07000093,1.933
2025,Q2,E07000094,1.967
2025,Q2,E07000095,3.333
2025,Q2,E07000096,3.267
2025,Q2,E07000098,3.467
2025,Q2,E07000099,2.333
2025,Q2,E07000102,2.767
2025,Q2,E07000103,4.533
2025,Q2,E07000105,3.0
2025,Q2,E07000106,3.233
2025,Q2,E07000107,2.933
2025,Q2,E07000108,3.367
2025,Q2,E07000109,4.4
2025,Q2,E07000110,3.167
2025,Q2,E07000111,2.1
2025,Q2,E07000112,3.933
2025,Q2,E07000113,3.433
2025,Q2,E07000114,5.267
2025,Q2,E07000115,2.333
2025,Q2,E07000116,2.367
2025,Q2,E07000117,5.733
2025,Q2,E07000118,2.367
2025,Q2,E07000119,2.733
2025,Q2,E07000120,5.4
2025,Q2,E07000121,2.933
2025,Q2,E07000122,6.1
2025,Q2,E07000123,4.567
2025,Q2,E07000124,1.6
2025,Q2,E07000125,3.7
2025,Q2,E07000126,2.367
2025,Q2,E07000127,2.833
2025,Q2,E07000128,2.767
2025,Q2,E07000129,2.133
2025,Q2,E07000130,2.4
2025,Q2,E07000131,1.7
2025,Q2,E07000132,2.433
2025,Q2,E07000133,3.2
2025,Q2,E07000134,2.0
2025,Q2,E07000135,2.933
2025,Q2,E07000136,4.267
2025,Q2,E07000137,3.033
2025,Q2,E07000138,3.767
2025,Q2,E07000139,2.0
2025,Q2,E07000140,3.033
2025,Q2,E07000141,2.8
2025,Q2,E07000142,2.867
2025,Q2,E07000143,2.333
2025,Q2,E07000144,2.0
2025,Q2,E07000145,4.733
2025,Q2,E07000146,2.833
2025,Q2,E07000147,2.667
2025,Q2,E07000148,3.933
2025,Q2,E07000149,2.1
2025,Q2,E07000170,3.8
2025,Q2,E07000171,3.0
2025,Q2,E07000172,2.833
2025,Q2,E07000173,3.1
2025,Q2,E07000174,3.833
2025,Q2,E07000175,2.733
2025,Q2,E07000176,1.933
2025,Q2,E07000177,2.4
2025,Q2,E07000178,2.567
2025,Q2,E07000179,1.9
2025,Q2,E07000180,2.067
2025,Q2,E07000181,1.733
2025,Q2,E07000192,3.067
2025,Q2,E07000193,3.567
2025,Q2,E07000194,2.3
2025,Q2,E07000195,3.0
2025,Q2,E07000196,2.5
2025,Q2,E07000197,2.3
2025,Q2,E07000198,2.3
2025,Q2,E07000199,3.2
2025,Q2,E07000200,2.433
2025,Q2,E07000202,4.4
2025,Q2,E07000203,1.867
2025,Q2,E07000207,2.333
2025,Q2,E07000208,2.0
2025,Q2,E07000209,1.9
2025,Q2,E07000210,1.9
2025,Q2,E07000211,2.1
2025,Q2,E07000212,2.4
2025,Q2,E07000213,3.4
2025,Q2,E07000214,2.2
2025,Q2,E07000215,2.433
2025,Q2,E07000216,1.833
2025,Q2,E07000217,2.633
2025,Q2,E07000218,2.7
2025,Q2,E07000219,4.0
2025,Q2,E07000220,2.7
2025,Q2,E07000221,1.9
2025,Q2,E07000222,2.3
2025,Q2,E07000223,2.933
2025,Q2,E07000224,3.533
2025,Q2,E07000225,3.3
2025,Q2,E07000226,4.567
2025,Q2,E07000227,1.933
2025,Q2,E07000228,1.8
2025,Q2,E07000229,3.033
2025,Q2,E07000234,2.533
2025,Q2,E07000235,2.3
2025,Q2,E07000236,3.867
2025,Q2,E07000237,3.5
2025,Q2,E07000238,2.633
2025,Q2,E07000239,3.1
2025,Q2,E07000240,2.367
2025,Q2,E07000241,3.033
2025,Q2,E07000242,1.9
2025,Q2,E07000243,3.5
2025,Q2,E07000244,2.733
2025,Q2,E07000245,2.367
2025,Q2,E08000001,5.433
2025,Q2,E08000002,4.3
2025,Q2,E08000003,6.167
2025,Q2,E08000004,6.667
2025,Q2,E08000005,6.067
2025,Q2,E08000006,4.8
2025,Q2,E08000007,2.9
2025,Q2,E08000008,4.733
2025,Q2,E08000009,2.933
2025,Q2,E08000010,3.533
2025,Q2,E08000011,4.433
2025,Q2,E08000012,5.633
2025,Q2,E08000013,3.8
2025,Q2,E08000014,3.767
2025,Q2,E08000015,3.533
2025,Q2,E08000016,3.2
2025,Q2,E08000017,4.2
2025,Q2,E08000018,3.933
2025,Q2,E08000019,4.5
2025,Q2,E08000021,4.0
2025,Q2,E08000022,3.133
2025,Q2,E08000023,4.8
2025,Q2,E08000024,3.967
2025,Q2,E08000025,10.233
2025,Q2,E08000026,5.6
2025,Q2,E08000027,4.733
2025,Q2,E08000028,6.933
2025,Q2,E08000029,3.6
2025,Q2,E08000030,5.9
2025,Q2,E08000031,7.0
2025,Q2,E08000032,7.333
2025,Q2,E08000033,4.267
2025,Q2,E08000034,4.733
2025,Q2,E08000035,4.5
2025,Q2,E08000036,3.5
2025,Q2,E08000037,4.167
2025,Q2,E09000001,1.2
2025,Q2,E09000002,7.7
2025,Q2,E09000003,5.2
2025,Q2,E09000004,3.467
2025,Q2,E09000005,7.633
2025,Q2,E09000006,3.5
2025,Q2,E09000007,4.867
2025,Q2,E09000008,6.467
2025,Q2,E09000009,6.7
2025,Q2,E09000010,7.533
2025,Q2,E09000011,5.7
2025,Q2,E09000012,7.133
2025,Q2,E09000013,4.833
2025,Q2,E09000014,7.733
2025,Q2,E09000015,4.9
2025,Q2,E09000016,4.433
2025,Q2,E09000017,5.0
2025,Q2,E09000018,5.267
2025,Q2,E09000019,5.8
2025,Q2,E09000020,3.7
2025,Q2,E09000021,3.267
2025,Q2,E09000022,6.267
2025,Q2,E09000023,7.033
2025,Q2,E09000024,4.733
2025,Q2,E09000025,7.867
2025,Q2,E09000026,6.033
2025,Q2,E09000027,2.6
2025,Q2,E09000028,5.667
2025,Q2,E09000029,3.5
2025,Q2,E09000030,6.867
2025,Q2,E09000031,7.033
2025,Q2,E09000032,4.233
2025,Q2,E09000033,4.3
2025,Q2,N09000001,2.267
2025,Q2,N09000002,2.833
2025,Q2,N09000003,4.067
2025,Q2,N09000004,3.167
2025,Q2,N09000005,4.8
2025,Q2,N09000006,2.7
2025,Q2,N09000007,1.967
2025,Q2,N09000008,3.033
2025,Q2,N09000009,2.333
2025,Q2,N09000010,2.867
2025,Q2,N09000011,2.7
2025,Q2,S12000005,3.1
2025,Q2,S12000006,2.667
2025,Q2,S12000008,3.6
2025,Q2,S12000010,2.167
2025,Q2,S12000011,1.6
2025,Q2,S12000013,1.967
2025,Q2,S12000014,2.833
2025,Q2,S12000017,2.2
2025,Q2,S12000018,3.2
2025,Q2,S12000019,2.2
2025,Q2,S12000020,2.367
2025,Q2,S12000021,3.933
2025,Q2,S12000023,1.633
2025,Q2,S12000026,2.9
2025,Q2,S12000027,1.167
2025,Q2,S12000028,3.233
2025,Q2,S12000029,2.6
2025,Q2,S12000030,2.233
2025,Q2,S12000033,3.4
2025,Q2,S12000034,1.9
2025,Q2,S12000035,2.5
2025,Q2,S12000036,2.5
2025,Q2,S12000038,2.667
2025,Q2,S12000039,3.767
2025,Q2,S12000040,2.533
2025,Q2,S12000041,3.067
2025,Q2,S12000042,3.9
2025,Q2,S12000045,1.8
2025,Q2,S12000047,3.167
2025,Q2,S12000048,2.2
2025,Q2,S12000049,4.667
2025,Q2,S12000050,3.067
2025,Q2,W06000001,3.533
2025,Q2,W06000002,2.733
2025,Q2,W06000003,3.7
2025,Q2,W06000004,3.6
2025,Q2,W06000005,2.833
2025,Q2,W06000006,2.933
2025,Q2,W06000008,2.567
2025,Q2,W06000009,3.233
2025,Q2,W06000010,2.867
2025,Q2,W06000011,3.3
2025,Q2,W06000012,3.2
2025,Q2,W06000013,2.8
2025,Q2,W06000014,3.067
2025,Q2,W06000015,3.867
2025,Q2,W06000016,3.1
2025,Q2,W06000018,3.333
2025,Q2,W06000019,3.867
2025,Q2,W06000020,3.633
2025,Q2,W06000021,2.367
2025,Q2,W06000022,4.433
2025,Q2,W06000023,2.6
2025,Q2,W06000024,3.233
2025,Q3,E06000001,4.433
2025,Q3,E06000002,5.033
2025,Q3,E06000003,3.567
2025,Q3,E06000004,3.733
2025,Q3,E06000005,3.633
2025,Q3,E06000006,4.133
2025,Q3,E06000007,2.6
2025,Q3,E06000008,5.367
2025,Q3,E06000009,5.4
2025,Q3,E06000010,5.4
2025,Q3,E06000011,2.2
2025,Q3,E06000012,4.0
2025,Q3,E06000013,3.433
2025,Q3,E06000014,1.8
2025,Q3,E06000015,4.933
2025,Q3,E06000016,5.6
2025,Q3,E06000017,1.733
2025,Q3,E06000018,5.967
2025,Q3,E06000019,2.6
2025,Q3,E06000020,3.767
2025,Q3,E06000021,5.567
2025,Q3,E06000022,1.9
2025,Q3,E06000023,3.5
2025,Q3,E06000024,2.4
2025,Q3,E06000025,2.0
2025,Q3,E06000026,3.3
2025,Q3,E06000027,3.167
2025,Q3,E06000030,3.267
2025,Q3,E06000031,5.333
2025,Q3,E06000032,6.9
2025,Q3,E06000033,4.133
2025,Q3,E06000034,4.4
2025,Q3,E06000035,4.033
2025,Q3,E06000036,2.633
2025,Q3,E06000037,2.3
2025,Q3,E06000038,4.3
2025,Q3,E06000039,5.9
2025,Q3,E06000040,2.4
2025,Q3,E06000041,1.9
2025,Q3,E06000042,4.1
2025,Q3,E06000043,4.1
2025,Q3,E06000044,4.5
2025,Q3,E06000045,4.0
2025,Q3,E06000046,3.667
2025,Q3,E06000047,3.0
2025,Q3,E06000049,2.2
2025,Q3,E06000050,2.5
2025,Q3,E06000051,2.3
2025,Q3,E06000052,2.8
2025,Q3,E06000053,0.867
2025,Q3,E06000054,2.2
2025,Q3,E06000055,4.3
2025,Q3,E06000056,2.533
2025,Q3,E06000057,2.733
2025,Q3,E06000058,3.3
2025,Q3,E06000059,2.233
2025,Q3,E06000060,3.067
2025,Q3,E06000061,3.267
2025,Q3,E06000062,3.367
2025,Q3,E06000063,2.3
2025,Q3,E06000064,1.8
2025,Q3,E06000065,1.9
2025,Q3,E06000066,2.4
2025,Q3,E07000008,2.1
2025,Q3,E07000009,2.033
2025,Q3,E07000010,3.567
2025,Q3,E07000011,2.3
2025,Q3,E07000012,1.9
2025,Q3,E07000032,2.533
2025,Q3,E07000033,2.767
2025,Q3,E07000034,3.467
2025,Q3,E07000035,1.8
2025,Q3,E07000036,3.333
2025,Q3,E07000037,2.333
2025,Q3,E07000038,2.3
2025,Q3,E07000039,2.267
2025,Q3,E07000040,1.933
2025,Q3,E07000041,2.133
2025,Q3,E07000042,2.233
2025,Q3,E07000043,2.7
2025,Q3,E07000044,1.933
2025,Q3,E07000045,2.1
2025,Q3,E07000046,2.567
2025,Q3,E07000047,2.0
2025,Q3,E07000061,4.7
2025,Q3,E07000062,4.667
2025,Q3,E07000063,3.367
2025,Q3,E07000064,3.0
2025,Q3,E07000065,2.233
2025,Q3,E07000066,3.8
2025,Q3,E07000067,2.5
2025,Q3,E07000068,2.5
2025,Q3,E07000069,2.4
2025,Q3,E07000070,2.567
2025,Q3,E07000071,3.0
2025,Q3,E07000072,2.967
2025,Q3,E07000073,4.267
2025,Q3,E07000074,2.4
2025,Q3,E07000075,2.2
2025,Q3,E07000076,3.8
2025,Q3,E07000077,1.933
2025,Q3,E07000078,2.8
2025,Q3,E07000079,2.0
2025,Q3,E07000080,2.567
2025,Q3,E07000081,3.467
2025,Q3,E07000082,2.0
2025,Q3,E07000083,2.233
2025,Q3,E07000084,2.6
2025,Q3,E07000085,2.0
2025,Q3,E07000086,2.167
2025,Q3,E07000087,1.967
2025,Q3,E07000088,3.433
2025,Q3,E07000089,1.6
2025,Q3,E07000090,3.5
2025,Q3,E07000091,2.267
2025,Q3,E07000092,2.867
2025,Q3,E07000093,1.9
2025,Q3,E07000094,2.0
2025,Q3,E07000095,3.333
2025,Q3,E07000096,3.2
2025,Q3,E07000098,3.5
2025,Q3,E07000099,2.3
2025,Q3,E07000102,2.633
2025,Q3,E07000103,4.467
2025,Q3,E07000105,2.9
2025,Q3,E07000106,3.067
2025,Q3,E07000107,2.967
2025,Q3,E07000108,3.267
2025,Q3,E07000109,4.333
2025,Q3,E07000110,3.133
2025,Q3,E07000111,2.133
2025,Q3,E07000112,3.7
2025,Q3,E07000113,3.433
2025,Q3,E07000114,4.9
2025,Q3,E07000115,2.3
2025,Q3,E07000116,2.333
2025,Q3,E07000117,5.467
2025,Q3,E07000118,2.367
2025,Q3,E07000119,2.6
2025,Q3,E07000120,5.233
2025,Q3,E07000121,2.833
2025,Q3,E07000122,5.733
2025,Q3,E07000123,4.5
2025,Q3,E07000124,1.567
2025,Q3,E07000125,3.7
2025,Q3,E07000126,2.4
2025,Q3,E07000127,2.733
2025,Q3,E07000128,2.7
2025,Q3,E07000129,2.1
2025,Q3,E07000130,2.367
2025,Q3,E07000131,1.7
2025,Q3,E07000132,2.467
2025,Q3,E07000133,3.0
2025,Q3,E07000134,2.033
2025,Q3,E07000135,2.9
2025,Q3,E07000136,4.2
2025,Q3,E07000137,2.8
2025,Q3,E07000138,3.733
2025,Q3,E07000139,2.0
2025,Q3,E07000140,2.967
2025,Q3,E07000141,2.8
2025,Q3,E07000142,2.8
2025,Q3,E07000143,2.3
2025,Q3,E07000144,2.0
2025,Q3,E07000145,4.433
2025,Q3,E07000146,2.733
2025,Q3,E07000147,2.5
2025,Q3,E07000148,3.933
2025,Q3,E07000149,2.1
2025,Q3,E07000170,3.833
2025,Q3,E07000171,3.033
2025,Q3,E07000172,2.9
2025,Q3,E07000173,3.1
2025,Q3,E07000174,3.8
2025,Q3,E07000175,2.733
2025,Q3,E07000176,1.9
2025,Q3,E07000177,2.4
2025,Q3,E07000178,2.533
2025,Q3,E07000179,1.833
2025,Q3,E07000180,2.033
2025,Q3,E07000181,1.767
2025,Q3,E07000192,2.967
2025,Q3,E07000193,3.4
2025,Q3,E07000194,2.2
2025,Q3,E07000195,3.0
2025,Q3,E07000196,2.467
2025,Q3,E07000197,2.367
2025,Q3,E07000198,2.167
2025,Q3,E07000199,3.167
2025,Q3,E07000200,2.3
2025,Q3,E07000202,4.133
2025,Q3,E07000203,1.833
2025,Q3,E07000207,2.3
2025,Q3,E07000208,2.033
2025,Q3,E07000209,1.9
2025,Q3,E07000210,1.867
2025,Q3,E07000211,2.0
2025,Q3,E07000212,2.333
2025,Q3,E07000213,3.4
2025,Q3,E07000214,2.2
2025,Q3,E07000215,2.5
2025,Q3,E07000216,1.767
2025,Q3,E07000217,2.567
2025,Q3,E07000218,2.6
2025,Q3,E07000219,4.1
2025,Q3,E07000220,2.7
2025,Q3,E07000221,1.933
2025,Q3,E07000222,2.3
2025,Q3,E07000223,2.933
2025,Q3,E07000224,3.5
2025,Q3,E07000225,3.1
2025,Q3,E07000226,4.4
2025,Q3,E07000227,1.933
2025,Q3,E07000228,1.9
2025,Q3,E07000229,3.067
2025,Q3,E07000234,2.5
2025,Q3,E07000235,2.233
2025,Q3,E07000236,3.767
2025,Q3,E07000237,3.4
2025,Q3,E07000238,2.533
2025,Q3,E07000239,3.133
2025,Q3,E07000240,2.3
2025,Q3,E07000241,3.0
2025,Q3,E07000242,1.9
2025,Q3,E07000243,3.433
2025,Q3,E07000244,2.7
2025,Q3,E07000245,2.367
2025,Q3,E08000001,5.233
2025,Q3,E08000002,4.2
2025,Q3,E08000003,5.967
2025,Q3,E08000004,6.467
2025,Q3,E08000005,5.967
2025,Q3,E08000006,4.733
2025,Q3,E08000007,2.933
2025,Q3,E08000008,4.633
2025,Q3,E08000009,2.9
2025,Q3,E08000010,3.5
2025,Q3,E08000011,4.267
2025,Q3,E08000012,5.467
2025,Q3,E08000013,3.733
2025,Q3,E08000014,3.6
2025,Q3,E08000015,3.5
2025,Q3,E08000016,3.1
2025,Q3,E08000017,4.1
2025,Q3,E08000018,3.767
2025,Q3,E08000019,4.367
2025,Q3,E08000021,4.0
2025,Q3,E08000022,3.1
2025,Q3,E08000023,4.667
2025,Q3,E08000024,3.833
2025,Q3,E08000025,10.033
2025,Q3,E08000026,5.5
2025,Q3,E08000027,4.6
2025,Q3,E08000028,6.7
2025,Q3,E08000029,3.5
2025,Q3,E08000030,5.8
2025,Q3,E08000031,6.767
2025,Q3,E08000032,7.067
2025,Q3,E08000033,4.2
2025,Q3,E08000034,4.6
2025,Q3,E08000035,4.4
2025,Q3,E08000036,3.5
2025,Q3,E08000037,3.967
2025,Q3,E09000001,1.133
2025,Q3,E09000002,7.5
2025,Q3,E09000003,5.133
2025,Q3,E09000004,3.433
2025,Q3,E09000005,7.5
2025,Q3,E09000006,3.433
2025,Q3,E09000007,4.733
2025,Q3,E09000008,6.333
2025,Q3,E09000009,6.533
2025,Q3,E09000010,7.3
2025,Q3,E09000011,5.633
2025,Q3,E09000012,6.967
2025,Q3,E09000013,4.733
2025,Q3,E09000014,7.6
2025,Q3,E09000015,4.833
2025,Q3,E09000016,4.4
2025,Q3,E09000017,4.9
2025,Q3,E09000018,5.2
2025,Q3,E09000019,5.767
2025,Q3,E09000020,3.567
2025,Q3,E09000021,3.267
2025,Q3,E09000022,6.2
2025,Q3,E09000023,6.933
2025,Q3,E09000024,4.667
2025,Q3,E09000025,7.733
2025,Q3,E09000026,5.933
2025,Q3,E09000027,2.533
2025,Q3,E09000028,5.567
2025,Q3,E09000029,3.467
2025,Q3,E09000030,6.733
2025,Q3,E09000031,6.8
2025,Q3,E09000032,4.133
2025,Q3,E09000033,4.133
2025,Q3,N09000001,2.333
2025,Q3,N09000002,2.867
2025,Q3,N09000003,4.067
2025,Q3,N09000004,3.1
2025,Q3,N09000005,4.733
2025,Q3,N09000006,2.6
2025,Q3,N09000007,2.0
2025,Q3,N09000008,3.0
2025,Q3,N09000009,2.333
2025,Q3,N09000010,2.867
2025,Q3,N09000011,2.633
2025,Q3,S12000005,2.867
2025,Q3,S12000006,2.7
2025,Q3,S12000008,3.567
2025,Q3,S12000010,2.1
2025,Q3,S12000011,1.667
2025,Q3,S12000013,1.833
2025,Q3,S12000014,2.833
2025,Q3,S12000017,2.067
2025,Q3,S12000018,3.2
2025,Q3,S12000019,2.267
2025,Q3,S12000020,2.267
2025,Q3,S12000021,3.933
2025,Q3,S12000023,1.567
2025,Q3,S12000026,2.767
2025,Q3,S12000027,1.133
2025,Q3,S12000028,3.167
2025,Q3,S12000029,2.567
2025,Q3,S12000030,2.133
2025,Q3,S12000033,3.367
2025,Q3,S12000034,1.867
2025,Q3,S12000035,2.3
2025,Q3,S12000036,2.467
2025,Q3,S12000038,2.633
2025,Q3,S12000039,3.667
2025,Q3,S12000040,2.467
2025,Q3,S12000041,3.033
2025,Q3,S12000042,3.9
2025,Q3,S12000045,1.8
2025,Q3,S12000047,3.067
2025,Q3,S12000048,2.2
2025,Q3,S12000049,4.633
2025,Q3,S12000050,2.967
2025,Q3,W06000001,3.4
2025,Q3,W06000002,2.567
2025,Q3,W06000003,3.5
2025,Q3,W06000004,3.433
2025,Q3,W06000005,2.9
2025,Q3,W06000006,2.9
2025,Q3,W06000008,2.4
2025,Q3,W06000009,3.167
2025,Q3,W06000010,2.8
2025,Q3,W06000011,3.233
2025,Q3,W06000012,3.133
2025,Q3,W06000013,2.8
2025,Q3,W06000014,3.133
2025,Q3,W06000015,3.7
2025,Q3,W06000016,3.067
2025,Q3,W06000018,3.3
2025,Q3,W06000019,3.9
2025,Q3,W06000020,3.6
2025,Q3,W06000021,2.3
2025,Q3,W06000022,4.267
2025,Q3,W06000023,2.5
2025,Q3,W06000024,3.2
2025,Q4,E06000001,4.3
2025,Q4,E06000002,4.933
2025,Q4,E06000003,3.5
2025,Q4,E06000004,3.667
2025,Q4,E06000005,3.433
2025,Q4,E06000006,4.067
2025,Q4,E06000007,2.5
2025,Q4,E06000008,5.167
2025,Q4,E06000009,5.433
2025,Q4,E06000010,5.133
2025,Q4,E06000011,2.2
2025,Q4,E06000012,4.033
2025,Q4,E06000013,3.4
2025,Q4,E06000014,1.733
2025,Q4,E06000015,4.867
2025,Q4,E06000016,5.233
2025,Q4,E06000017,1.7
2025,Q4,E06000018,5.833
2025,Q4,E06000019,2.5
2025,Q4,E06000020,3.733
2025,Q4,E06000021,5.3
2025,Q4,E06000022,1.8
2025,Q4,E06000023,3.567
2025,Q4,E06000024,2.4
2025,Q4,E06000025,2.0
2025,Q4,E06000026,3.3
2025,Q4,E06000027,3.3
2025,Q4,E06000030,3.233
2025,Q4,E06000031,5.233
2025,Q4,E06000032,6.567
2025,Q4,E06000033,4.233
2025,Q4,E06000034,4.233
2025,Q4,E06000035,4.033
2025,Q4,E06000036,2.633
2025,Q4,E06000037,2.3
2025,Q4,E06000038,4.233
2025,Q4,E06000039,5.733
2025,Q4,E06000040,2.367
2025,Q4,E06000041,1.9
2025,Q4,E06000042,4.0
2025,Q4,E06000043,4.133
2025,Q4,E06000044,4.5
2025,Q4,E06000045,4.0
2025,Q4,E06000046,3.8
2025,Q4,E06000047,3.0
2025,Q4,E06000049,2.2
2025,Q4,E06000050,2.5
2025,Q4,E06000051,2.3
2025,Q4,E06000052,3.0
2025,Q4,E06000053,0.867
2025,Q4,E06000054,2.2
2025,Q4,E06000055,4.3
2025,Q4,E06000056,2.5
2025,Q4,E06000057,2.733
2025,Q4,E06000058,3.267
2025,Q4,E06000059,2.2
2025,Q4,E06000060,3.0
2025,Q4,E06000061,3.133
2025,Q4,E06000062,3.2
2025,Q4,E06000063,2.4
2025,Q4,E06000064,1.733
2025,Q4,E06000065,1.9
2025,Q4,E06000066,2.5
2025,Q4,E07000008,2.067
2025,Q4,E07000009,2.067
2025,Q4,E07000010,3.533
2025,Q4,E07000011,2.233
2025,Q4,E07000012,1.9
2025,Q4,E07000032,2.5
2025,Q4,E07000033,2.733
2025,Q4,E07000034,3.333
2025,Q4,E07000035,1.8
2025,Q4,E07000036,3.233
2025,Q4,E07000037,2.367
2025,Q4,E07000038,2.3
2025,Q4,E07000039,2.233
2025,Q4,E07000040,1.967
2025,Q4,E07000041,2.167
2025,Q4,E07000042,2.333
2025,Q4,E07000043,2.833
2025,Q4,E07000044,2.0
2025,Q4,E07000045,2.1
2025,Q4,E07000046,2.567
2025,Q4,E07000047,2.1
2025,Q4,E07000061,4.633
2025,Q4,E07000062,4.833
2025,Q4,E07000063,3.233
2025,Q4,E07000064,3.1
2025,Q4,E07000065,2.3
2025,Q4,E07000066,3.7
2025,Q4,E07000067,2.533
2025,Q4,E07000068,2.433
2025,Q4,E07000069,2.4
2025,Q4,E07000070,2.533
2025,Q4,E07000071,3.0
2025,Q4,E07000072,2.9
2025,Q4,E07000073,4.3
2025,Q4,E07000074,2.3
2025,Q4,E07000075,2.2
2025,Q4,E07000076,3.933
2025,Q4,E07000077,1.867
2025,Q4,E07000078,2.667
2025,Q4,E07000079,1.967
2025,Q4,E07000080,2.567
2025,Q4,E07000081,3.467
2025,Q4,E07000082,2.0
2025,Q4,E07000083,2.3
2025,Q4,E07000084,2.567
2025,Q4,E07000085,2.0
2025,Q4,E07000086,2.2
2025,Q4,E07000087,2.0
2025,Q4,E07000088,3.433
2025,Q4,E07000089,1.667
2025,Q4,E07000090,3.433
2025,Q4,E07000091,2.367
2025,Q4,E07000092,2.9
2025,Q4,E07000093,1.933
2025,Q4,E07000094,2.0
2025,Q4,E07000095,3.333
2025,Q4,E07000096,3.133
2025,Q4,E07000098,3.433
2025,Q4,E07000099,2.2
2025,Q4,E07000102,2.633
2025,Q4,E07000103,4.233
2025,Q4,E07000105,2.9
2025,Q4,E07000106,3.167
2025,Q4,E07000107,3.033
2025,Q4,E07000108,3.367
2025,Q4,E07000109,4.167
2025,Q4,E07000110,3.2
2025,Q4,E07000111,2.167
2025,Q4,E07000112,3.767
2025,Q4,E07000113,3.467
2025,Q4,E07000114,5.133
2025,Q4,E07000115,2.367
2025,Q4,E07000116,2.367
2025,Q4,E07000117,5.467
2025,Q4,E07000118,2.267
2025,Q4,E07000119,2.6
2025,Q4,E07000120,5.2
2025,Q4,E07000121,2.833
2025,Q4,E07000122,5.5
2025,Q4,E07000123,4.5
2025,Q4,E07000124,1.633
2025,Q4,E07000125,3.6
2025,Q4,E07000126,2.467
2025,Q4,E07000127,2.7
2025,Q4,E07000128,2.6
2025,Q4,E07000129,2.1
2025,Q4,E07000130,2.3
2025,Q4,E07000131,1.7
2025,Q4,E07000132,2.4
2025,Q4,E07000133,2.9
2025,Q4,E07000134,1.967
2025,Q4,E07000135,2.867
2025,Q4,E07000136,4.367
2025,Q4,E07000137,3.1
2025,Q4,E07000138,3.7
2025,Q4,E07000139,2.0
2025,Q4,E07000140,2.933
2025,Q4,E07000141,2.8
2025,Q4,E07000142,2.867
2025,Q4,E07000143,2.3
2025,Q4,E07000144,1.967
2025,Q4,E07000145,4.5
2025,Q4,E07000146,2.733
2025,Q4,E07000147,2.567
2025,Q4,E07000148,4.0
2025,Q4,E07000149,2.2
2025,Q4,E07000170,3.733
2025,Q4,E07000171,3.067
2025,Q4,E07000172,2.8
2025,Q4,E07000173,3.1
2025,Q4,E07000174,3.733
2025,Q4,E07000175,2.7
2025,Q4,E07000176,1.9
2025,Q4,E07000177,2.4
2025,Q4,E07000178,2.5
2025,Q4,E07000179,1.867
2025,Q4,E07000180,1.933
2025,Q4,E07000181,1.8
2025,Q4,E07000192,3.0
2025,Q4,E07000193,3.267
2025,Q4,E07000194,2.2
2025,Q4,E07000195,2.867
2025,Q4,E07000196,2.5
2025,Q4,E07000197,2.333
2025,Q4,E07000198,2.1
2025,Q4,E07000199,3.167
2025,Q4,E07000200,2.3
2025,Q4,E07000202,4.133
2025,Q4,E07000203,1.833
2025,Q4,E07000207,2.3
2025,Q4,E07000208,2.1
2025,Q4,E07000209,1.9
2025,Q4,E07000210,1.8
2025,Q4,E07000211,2.033
2025,Q4,E07000212,2.367
2025,Q4,E07000213,3.367
2025,Q4,E07000214,2.2
2025,Q4,E07000215,2.467
2025,Q4,E07000216,1.833
2025,Q4,E07000217,2.633
2025,Q4,E07000218,2.6
2025,Q4,E07000219,4.033
2025,Q4,E07000220,2.633
2025,Q4,E07000221,2.067
2025,Q4,E07000222,2.267
2025,Q4,E07000223,2.9
2025,Q4,E07000224,3.533
2025,Q4,E07000225,3.2
2025,Q4,E07000226,4.4
2025,Q4,E07000227,1.9
2025,Q4,E07000228,1.933
2025,Q4,E07000229,3.1
2025,Q4,E07000234,2.567
2025,Q4,E07000235,2.2
2025,Q4,E07000236,3.7
2025,Q4,E07000237,3.3
2025,Q4,E07000238,2.5
2025,Q4,E07000239,3.033
2025,Q4,E07000240,2.333
2025,Q4,E07000241,2.933
2025,Q4,E07000242,1.833
2025,Q4,E07000243,3.333
2025,Q4,E07000244,2.767
2025,Q4,E07000245,2.4
2025,Q4,E08000001,5.067
2025,Q4,E08000002,4.067
2025,Q4,E08000003,5.8
2025,Q4,E08000004,6.4
2025,Q4,E08000005,5.8
2025,Q4,E08000006,4.767
2025,Q4,E08000007,2.933
2025,Q4,E08000008,4.6
2025,Q4,E08000009,2.9
2025,Q4,E08000010,3.433
2025,Q4,E08000011,4.167
2025,Q4,E08000012,5.4
2025,Q4,E08000013,3.7
2025,Q4,E08000014,3.6
2025,Q4,E08000015,3.467
2025,Q4,E08000016,3.033
2025,Q4,E08000017,4.0
2025,Q4,E08000018,3.667
2025,Q4,E08000019,4.2
2025,Q4,E08000021,3.833
2025,Q4,E08000022,3.167
2025,Q4,E08000023,4.667
2025,Q4,E08000024,3.7
2025,Q4,E08000025,9.867
2025,Q4,E08000026,5.433
2025,Q4,E08000027,4.567
2025,Q4,E08000028,6.6
2025,Q4,E08000029,3.5
2025,Q4,E08000030,5.633
2025,Q4,E08000031,6.567
2025,Q4,E08000032,6.8
2025,Q4,E08000033,4.067
2025,Q4,E08000034,4.5
2025,Q4,E08000035,4.333
2025,Q4,E08000036,3.433
2025,Q4,E08000037,3.8
2025,Q4,E09000001,1.067
2025,Q4,E09000002,7.4
2025,Q4,E09000003,4.933
2025,Q4,E09000004,3.3
2025,Q4,E09000005,7.2
2025,Q4,E09000006,3.4
2025,Q4,E09000007,4.6
2025,Q4,E09000008,6.233
2025,Q4,E09000009,6.333
2025,Q4,E09000010,7.033
2025,Q4,E09000011,5.6
2025,Q4,E09000012,6.867
2025,Q4,E09000013,4.7
2025,Q4,E09000014,7.4
2025,Q4,E09000015,4.633
2025,Q4,E09000016,4.333
2025,Q4,E09000017,4.833
2025,Q4,E09000018,5.0
2025,Q4,E09000019,5.6
2025,Q4,E09000020,3.5
2025,Q4,E09000021,3.2
2025,Q4,E09000022,6.033
2025,Q4,E09000023,6.8
2025,Q4,E09000024,4.533
2025,Q4,E09000025,7.533
2025,Q4,E09000026,5.8
2025,Q4,E09000027,2.467
2025,Q4,E09000028,5.533
2025,Q4,E09000029,3.333
2025,Q4,E09000030,6.533
2025,Q4,E09000031,6.567
2025,Q4,E09000032,3.933
2025,Q4,E09000033,4.067
2025,Q4,N09000001,2.3
2025,Q4,N09000002,2.8
2025,Q4,N09000003,4.0
2025,Q4,N09000004,3.067
2025,Q4,N09000005,4.5
2025,Q4,N09000006,2.5
2025,Q4,N09000007,2.0
2025,Q4,N09000008,2.9
2025,Q4,N09000009,2.2
2025,Q4,N09000010,2.733
2025,Q4,N09000011,2.667
2025,Q4,S12000005,2.867
2025,Q4,S12000006,2.6
2025,Q4,S12000008,3.567
2025,Q4,S12000010,2.1
2025,Q4,S12000011,1.6
2025,Q4,S12000013,1.9
2025,Q4,S12000014,2.8
2025,Q4,S12000017,2.1
2025,Q4,S12000018,3.133
2025,Q4,S12000019,2.2
2025,Q4,S12000020,2.2
2025,Q4,S12000021,3.833
2025,Q4,S12000023,1.633
2025,Q4,S12000026,2.667
2025,Q4,S12000027,1.233
2025,Q4,S12000028,3.067
2025,Q4,S12000029,2.467
2025,Q4,S12000030,2.167
2025,Q4,S12000033,3.3
2025,Q4,S12000034,1.833
2025,Q4,S12000035,2.367
2025,Q4,S12000036,2.467
2025,Q4,S12000038,2.6
2025,Q4,S12000039,3.567
2025,Q4,S12000040,2.4
2025,Q4,S12000041,2.867
2025,Q4,S12000042,3.733
2025,Q4,S12000045,1.733
2025,Q4,S12000047,3.0
2025,Q4,S12000048,2.1
2025,Q4,S12000049,4.5
2025,Q4,S12000050,2.8
2025,Q4,W06000001,3.433
2025,Q4,W06000002,2.733
2025,Q4,W06000003,3.533
2025,Q4,W06000004,3.4
2025,Q4,W06000005,2.767
2025,Q4,W06000006,2.867
2025,Q4,W06000008,2.4
2025,Q4,W06000009,3.3
2025,Q4,W06000010,2.833
2025,Q4,W06000011,3.167
2025,Q4,W06000012,3.0
2025,Q4,W06000013,2.867
2025,Q4,W06000014,3.2
2025,Q4,W06000015,3.667
2025,Q4,W06000016,3.0
2025,Q4,W06000018,3.367
2025,Q4,W06000019,3.833
2025,Q4,W06000020,3.567
2025,Q4,W06000021,2.267
2025,Q4,W06000022,4.3
2025,Q4,W06000023,2.467
2025,Q4,W06000024,3.2
2026,Q1,E06000001,4.5
2026,Q1,E06000002,4.95
2026,Q1,E06000003,3.7
2026,Q1,E06000004,3.75
2026,Q1,E06000005,3.55
2026,Q1,E06000006,4.15
2026,Q1,E06000007,2.6
2026,Q1,E06000008,5.25
2026,Q1,E06000009,5.85
2026,Q1,E06000010,5.3
2026,Q1,E06000011,2.35
2026,Q1,E06000012,4.2
2026,Q1,E06000013,3.5
2026,Q1,E06000014,1.85
2026,Q1,E06000015,5.0
2026,Q1,E06000016,5.3
2026,Q1,E06000017,1.8
2026,Q1,E06000018,5.95
2026,Q1,E06000019,2.55
2026,Q1,E06000020,3.8
2026,Q1,E06000021,5.35
2026,Q1,E06000022,1.9
2026,Q1,E06000023,3.6
2026,Q1,E06000024,2.45
2026,Q1,E06000025,2.05
2026,Q1,E06000026,3.45
2026,Q1,E06000027,3.55
2026,Q1,E06000030,3.3
2026,Q1,E06000031,5.35
2026,Q1,E06000032,6.45
2026,Q1,E06000033,4.3
2026,Q1,E06000034,4.3
2026,Q1,E06000035,4.15
2026,Q1,E06000036,2.65
2026,Q1,E06000037,2.35
2026,Q1,E06000038,4.4
2026,Q1,E06000039,5.85
2026,Q1,E06000040,2.5
2026,Q1,E06000041,1.95
2026,Q1,E06000042,4.05
2026,Q1,E06000043,4.3
2026,Q1,E06000044,4.55
2026,Q1,E06000045,4.2
2026,Q1,E06000046,4.2
2026,Q1,E06000047,3.15
2026,Q1,E06000049,2.3
2026,Q1,E06000050,2.6
2026,Q1,E06000051,2.4
2026,Q1,E06000052,3.3
2026,Q1,E06000053,1.45
2026,Q1,E06000054,2.25
2026,Q1,E06000055,4.35
2026,Q1,E06000056,2.6
2026,Q1,E06000057,2.9
2026,Q1,E06000058,3.45
2026,Q1,E06000059,2.35
2026,Q1,E06000060,3.05
2026,Q1,E06000061,3.3
2026,Q1,E06000062,3.3
2026,Q1,E06000063,2.5
2026,Q1,E06000064,1.85
2026,Q1,E06000065,2.05
2026,Q1,E06000066,2.6
2026,Q1,E07000008,2.05
2026,Q1,E07000009,2.15
2026,Q1,E07000010,3.8
2026,Q1,E07000011,2.35
2026,Q1,E07000012,1.95
2026,Q1,E07000032,2.6
2026,Q1,E07000033,2.95
2026,Q1,E07000034,3.4
2026,Q1,E07000035,1.95
2026,Q1,E07000036,3.3
2026,Q1,E07000037,2.35
2026,Q1,E07000038,2.35
2026,Q1,E07000039,2.35
2026,Q1,E07000040,2.15
2026,Q1,E07000041,2.25
2026,Q1,E07000042,2.4
2026,Q1,E07000043,3.1
2026,Q1,E07000044,2.15
2026,Q1,E07000045,2.2
2026,Q1,E07000046,2.85
2026,Q1,E07000047,2.2
2026,Q1,E07000061,4.8
2026,Q1,E07000062,5.05
2026,Q1,E07000063,3.5
2026,Q1,E07000064,3.25
2026,Q1,E07000065,2.45
2026,Q1,E07000066,3.8
2026,Q1,E07000067,2.65
2026,Q1,E07000068,2.55
2026,Q1,E07000069,2.45
2026,Q1,E07000070,2.65
2026,Q1,E07000071,3.15
2026,Q1,E07000072,2.95
2026,Q1,E07000073,4.45
2026,Q1,E07000074,2.4
2026,Q1,E07000075,2.25
2026,Q1,E07000076,4.25
2026,Q1,E07000077,1.95
2026,Q1,E07000078,2.7
2026,Q1,E07000079,2.05
2026,Q1,E07000080,2.6
2026,Q1,E07000081,3.5
2026,Q1,E07000082,2.1
2026,Q1,E07000083,2.35
2026,Q1,E07000084,2.65
2026,Q1,E07000085,2.05
2026,Q1,E07000086,2.3
2026,Q1,E07000087,2.05
2026,Q1,E07000088,3.7
2026,Q1,E07000089,1.75
2026,Q1,E07000090,3.45
2026,Q1,E07000091,2.45
2026,Q1,E07000092,3.05
2026,Q1,E07000093,1.95
2026,Q1,E07000094,2.05
2026,Q1,E07000095,3.45
2026,Q1,E07000096,3.15
2026,Q1,E07000098,3.45
2026,Q1,E07000099,2.25
2026,Q1,E07000102,2.65
2026,Q1,E07000103,4.4
2026,Q1,E07000105,2.95
2026,Q1,E07000106,3.25
2026,Q1,E07000107,3.15
2026,Q1,E07000108,3.55
2026,Q1,E07000109,4.15
2026,Q1,E07000110,3.4
2026,Q1,E07000111,2.25
2026,Q1,E07000112,3.85
2026,Q1,E07000113,3.65
2026,Q1,E07000114,5.3
2026,Q1,E07000115,2.45
2026,Q1,E07000116,2.4
2026,Q1,E07000117,5.65
2026,Q1,E07000118,2.35
2026,Q1,E07000119,2.8
2026,Q1,E07000120,5.4
2026,Q1,E07000121,2.95
2026,Q1,E07000122,5.65
2026,Q1,E07000123,4.5
2026,Q1,E07000124,1.75
2026,Q1,E07000125,3.8
2026,Q1,E07000126,2.45
2026,Q1,E07000127,2.75
2026,Q1,E07000128,2.85
2026,Q1,E07000129,2.15
2026,Q1,E07000130,2.35
2026,Q1,E07000131,1.8
2026,Q1,E07000132,2.45
2026,Q1,E07000133,2.85
2026,Q1,E07000134,2.0
2026,Q1,E07000135,2.95
2026,Q1,E07000136,4.8
2026,Q1,E07000137,3.7
2026,Q1,E07000138,3.85
2026,Q1,E07000139,2.15
2026,Q1,E07000140,3.05
2026,Q1,E07000141,2.9
2026,Q1,E07000142,3.05
2026,Q1,E07000143,2.5
2026,Q1,E07000144,2.05
2026,Q1,E07000145,5.05
2026,Q1,E07000146,2.95
2026,Q1,E07000147,2.8
2026,Q1,E07000148,4.15
2026,Q1,E07000149,2.35
2026,Q1,E07000170,3.9
2026,Q1,E07000171,3.2
2026,Q1,E07000172,2.8
2026,Q1,E07000173,3.15
2026,Q1,E07000174,3.85
2026,Q1,E07000175,2.9
2026,Q1,E07000176,2.05
2026,Q1,E07000177,2.45
2026,Q1,E07000178,2.55
2026,Q1,E07000179,1.95
2026,Q1,E07000180,2.0
2026,Q1,E07000181,1.85
2026,Q1,E07000192,3.1
2026,Q1,E07000193,3.4
2026,Q1,E07000194,2.25
2026,Q1,E07000195,2.9
2026,Q1,E07000196,2.65
2026,Q1,E07000197,2.45
2026,Q1,E07000198,2.15
2026,Q1,E07000199,3.25
2026,Q1,E07000200,2.45
2026,Q1,E07000202,4.4
2026,Q1,E07000203,1.9
2026,Q1,E07000207,2.35
2026,Q1,E07000208,2.15
2026,Q1,E07000209,1.95
2026,Q1,E07000210,1.85
2026,Q1,E07000211,2.15
2026,Q1,E07000212,2.5
2026,Q1,E07000213,3.5
2026,Q1,E07000214,2.25
2026,Q1,E07000215,2.55
2026,Q1,E07000216,1.9
2026,Q1,E07000217,2.65
2026,Q1,E07000218,2.7
2026,Q1,E07000219,4.1
2026,Q1,E07000220,2.7
2026,Q1,E07000221,2.25
2026,Q1,E07000222,2.35
2026,Q1,E07000223,3.15
2026,Q1,E07000224,3.75
2026,Q1,E07000225,3.3
2026,Q1,E07000226,4.6
2026,Q1,E07000227,2.05
2026,Q1,E07000228,2.05
2026,Q1,E07000229,3.25
2026,Q1,E07000234,2.65
2026,Q1,E07000235,2.35
2026,Q1,E07000236,3.8
2026,Q1,E07000237,3.4
2026,Q1,E07000238,2.65
2026,Q1,E07000239,3.15
2026,Q1,E07000240,2.35
2026,Q1,E07000241,2.95
2026,Q1,E07000242,1.95
2026,Q1,E07000243,3.4
2026,Q1,E07000244,2.95
2026,Q1,E07000245,2.55
2026,Q1,E08000001,5.15
2026,Q1,E08000002,4.25
2026,Q1,E08000003,5.85
2026,Q1,E08000004,6.4
2026,Q1,E08000005,5.85
2026,Q1,E08000006,4.85
2026,Q1,E08000007,3.05
2026,Q1,E08000008,4.75
2026,Q1,E08000009,3.0
2026,Q1,E08000010,3.55
2026,Q1,E08000011,4.2
2026,Q1,E08000012,5.5
2026,Q1,E08000013,3.8
2026,Q1,E08000014,3.75
2026,Q1,E08000015,3.45
2026,Q1,E08000016,3.2
2026,Q1,E08000017,4.2
2026,Q1,E08000018,3.7
2026,Q1,E08000019,4.3
2026,Q1,E08000021,3.95
2026,Q1,E08000022,3.3
2026,Q1,E08000023,4.8
2026,Q1,E08000024,3.75
2026,Q1,E08000025,9.85
2026,Q1,E08000026,5.5
2026,Q1,E08000027,4.7
2026,Q1,E08000028,6.6
2026,Q1,E08000029,3.6
2026,Q1,E08000030,5.65
2026,Q1,E08000031,6.7
2026,Q1,E08000032,6.8
2026,Q1,E08000033,4.2
2026,Q1,E08000034,4.6
2026,Q1,E08000035,4.5
2026,Q1,E08000036,3.65
2026,Q1,E08000037,3.9
2026,Q1,E09000001,1.15
2026,Q1,E09000002,7.45
2026,Q1,E09000003,5.0
2026,Q1,E09000004,3.3
2026,Q1,E09000005,7.2
2026,Q1,E09000006,3.45
2026,Q1,E09000007,4.55
2026,Q1,E09000008,6.25
2026,Q1,E09000009,6.4
2026,Q1,E09000010,7.0
2026,Q1,E09000011,5.65
2026,Q1,E09000012,6.85
2026,Q1,E09000013,4.7
2026,Q1,E09000014,7.4
2026,Q1,E09000015,4.65
2026,Q1,E09000016,4.4
2026,Q1,E09000017,4.85
2026,Q1,E09000018,5.0
2026,Q1,E09000019,5.5
2026,Q1,E09000020,3.45
2026,Q1,E09000021,3.25
2026,Q1,E09000022,6.15
2026,Q1,E09000023,6.75
2026,Q1,E09000024,4.55
2026,Q1,E09000025,7.5
2026,Q1,E09000026,5.8
2026,Q1,E09000027,2.45
2026,Q1,E09000028,5.6
2026,Q1,E09000029,3.4
2026,Q1,E09000030,6.55
2026,Q1,E09000031,6.55
2026,Q1,E09000032,3.95
2026,Q1,E09000033,4.05
2026,Q1,N09000001,2.2
2026,Q1,N09000002,2.7
2026,Q1,N09000003,3.85
2026,Q1,N09000004,3.05
2026,Q1,N09000005,4.35
2026,Q1,N09000006,2.4
2026,Q1,N09000007,1.95
2026,Q1,N09000008,2.85
2026,Q1,N09000009,2.15
2026,Q1,N09000010,2.75
2026,Q1,N09000011,2.55
2026,Q1,S12000005,3.05
2026,Q1,S12000006,2.8
2026,Q1,S12000008,3.6
2026,Q1,S12000010,2.3
2026,Q1,S12000011,1.65
2026,Q1,S12000013,2.2
2026,Q1,S12000014,2.85
2026,Q1,S12000017,2.3
2026,Q1,S12000018,3.25
2026,Q1,S12000019,2.35
2026,Q1,S12000020,2.55
2026,Q1,S12000021,4.05
2026,Q1,S12000023,1.85
2026,Q1,S12000026,2.85
2026,Q1,S12000027,1.4
2026,Q1,S12000028,3.2
2026,Q1,S12000029,2.55
2026,Q1,S12000030,2.3
2026,Q1,S12000033,3.55
2026,Q1,S12000034,1.95
2026,Q1,S12000035,2.65
2026,Q1,S12000036,2.6
2026,Q1,S12000038,2.75
2026,Q1,S12000039,3.75
2026,Q1,S12000040,2.5
2026,Q1,S12000041,3.05
2026,Q1,S12000042,3.8
2026,Q1,S12000045,1.85
2026,Q1,S12000047,3.2
2026,Q1,S12000048,2.3
2026,Q1,S12000049,4.6
2026,Q1,S12000050,2.9
2026,Q1,W06000001,3.7
2026,Q1,W06000002,3.0
2026,Q1,W06000003,3.75
2026,Q1,W06000004,3.55
2026,Q1,W06000005,2.8
2026,Q1,W06000006,2.9
2026,Q1,W06000008,2.65
2026,Q1,W06000009,3.5
2026,Q1,W06000010,2.85
2026,Q1,W06000011,3.2
2026,Q1,W06000012,3.1
2026,Q1,W06000013,2.95
2026,Q1,W06000014,3.25
2026,Q1,W06000015,3.75
2026,Q1,W06000016,3.1
2026,Q1,W06000018,3.45
2026,Q1,W06000019,4.0
2026,Q1,W06000020,3.7
2026,Q1,W06000021,2.35
2026,Q1,W06000022,4.45
2026,Q1,W06000023,2.6
2026,Q1,W06000024,3.3
