lad_code,date,claimant_rate
E06000001,2018-01-01,6.9
E06000001,2018-02-01,7.1
E06000001,2018-03-01,7.2
E06000001,2018-04-01,7.5
E06000001,2018-05-01,7
E06000001,2018-06-01,7.0
E06000001,2018-07-01,6.8
E06000001,2018-08-01,6.9
E06000001,2018-09-01,6.9
E06000001,2018-10-01,7.0
E06000001,2018-11-01,7.0
E06000001,2018-12-01,7.0
E06000001,2019-01-01,7.0
E06000001,2019-02-01,7.0
E06000001,2019-03-01,7.0
E06000001,2019-04-01,6.8
E06000001,2019-05-01,6.6
E06000001,2019-06-01,6.4
E06000001,2019-07-01,6.2
E06000001,2019-08-01,6.2
E06000001,2019-09-01,5.9
E06000001,2019-10-01,5.9
E06000001,2019-11-01,5.8
E06000001,2019-12-01,5.8
E06000001,2020-01-01,6.0
E06000001,2020-02-01,6.3
E06000001,2020-03-01,6.1
E06000001,2020-04-01,8.7
E06000001,2020-05-01,9.5
E06000001,2020-06-01,9.3
E06000001,2020-07-01,9.4
E06000001,2020-08-01,9.3
E06000001,2020-09-01,9.2
E06000001,2020-10-01,8.8
E06000001,2020-11-01,8.6
E06000001,2020-12-01,8.6
E06000001,2021-01-01,8.6
E06000001,2021-02-01,8.8
E06000001,2021-03-01,8.8
E06000001,2021-04-01,8.5
E06000001,2021-05-01,8.0
E06000001,2021-06-01,7.5
E06000001,2021-07-01,7.3
E06000001,2021-08-01,7.0
E06000001,2021-09-01,6.9
E06000001,2021-10-01,6.7
E06000001,2021-11-01,6.5
E06000001,2021-12-01,6.3
E06000001,2022-01-01,6.1
E06000001,2022-02-01,6.0
E06000001,2022-03-01,5.6
E06000001,2022-04-01,5.2
E06000001,2022-05-01,5.4
E06000001,2022-06-01,5.1
E06000001,2022-07-01,5.1
E06000001,2022-08-01,5.1
E06000001,2022-09-01,5.1
E06000001,2022-10-01,5.0
E06000001,2022-11-01,5.2
E06000001,2022-12-01,5.3
E06000001,2023-01-01,5.1
E06000001,2023-02-01,5.0
E06000001,2023-03-01,5.2
E06000001,2023-04-01,5.2
E06000001,2023-05-01,5.0
E06000001,2023-06-01,5.0
E06000001,2023-07-01,5.1
E06000001,2023-08-01,5.0
E06000001,2023-09-01,4.9
E06000001,2023-10-01,4.8
E06000001,2023-11-01,4.9
E06000001,2023-12-01,4.9
E06000001,2024-01-01,4.8
E06000001,2024-02-01,4.9
E06000001,2024-03-01,4.8
E06000001,2024-04-01,4.8
E06000001,2024-05-01,4.8
E06000001,2024-06-01,4.8
E06000001,2024-07-01,5.1
E06000001,2024-08-01,5.0
E06000001,2024-09-01,4.9
E06000001,2024-10-01,4.6
E06000001,2024-11-01,4.5
E06000001,2024-12-01,4.3
E06000001,2025-01-01,4.5
E06000001,2025-02-01,4.6
E06000001,2025-03-01,4.6
E06000001,2025-04-01,4.6
E06000001,2025-05-01,4.4
E06000001,2025-06-01,4.4
E06000001,2025-07-01,4.4
E06000001,2025-08-01,4.5
E06000001,2025-09-01,4.4
E06000001,2025-10-01,4.3
E06000001,2025-11-01,4.3
E06000001,2025-12-01,4.3
E06000001,2026-01-01,4.4
E06000001,2026-02-01,4.6
E06000002,2018-01-01,4.7
E06000002,2018-02-01,4.8
E06000002,2018-03-01,4.9
E06000002,2018-04-01,4.7
E06000002,2018-05-01,4.5
E06000002,2018-06-01,4.4
E06000002,2018-07-01,4.3
E06000002,2018-08-01,4.3
E06000002,2018-09-01,4.3
E06000002,2018-10-01,4.2
E06000002,2018-11-01,4.1
E06000002,2018-12-01,4.4
E06000002,2019-01-01,4.9
E06000002,2019-02-01,5.1
E06000002,2019-03-01,5.4
E06000002,2019-04-01,5.5
E06000002,2019-05-01,5.6
E06000002,2019-06-01,5.7
E06000002,2019-07-01,5.8
E06000002,2019-08-01,5.8
E06000002,2019-09-01,5.6
E06000002,2019-10-01,5.7
E06000002,2019-11-01,5.8
E06000002,2019-12-01,5.9
E06000002,2020-01-01,6.0
E06000002,2020-02-01,6.1
E06000002,2020-03-01,6.2
E06000002,2020-04-01,9.1
E06000002,2020-05-01,10.0
E06000002,2020-06-01,10.0
E06000002,2020-07-01,10.2
E06000002,2020-08-01,10.2
E06000002,2020-09-01,10.2
E06000002,2020-10-01,10.0
E06000002,2020-11-01,10.0
E06000002,2020-12-01,10.0
E06000002,2021-01-01,9.8
E06000002,2021-02-01,10.2
E06000002,2021-03-01,10.3
E06000002,2021-04-01,10.1
E06000002,2021-05-01,9.6
E06000002,2021-06-01,9.0
E06000002,2021-07-01,8.8
E06000002,2021-08-01,8.4
E06000002,2021-09-01,8.2
E06000002,2021-10-01,7.8
E06000002,2021-11-01,7.5
E06000002,2021-12-01,7.4
E06000002,2022-01-01,7.0
E06000002,2022-02-01,6.9
E06000002,2022-03-01,6.5
E06000002,2022-04-01,6.0
E06000002,2022-05-01,6.0
E06000002,2022-06-01,5.8
E06000002,2022-07-01,5.7
E06000002,2022-08-01,5.7
E06000002,2022-09-01,5.7
E06000002,2022-10-01,5.8
E06000002,2022-11-01,5.9
E06000002,2022-12-01,6.0
E06000002,2023-01-01,5.6
E06000002,2023-02-01,5.7
E06000002,2023-03-01,5.8
E06000002,2023-04-01,5.8
E06000002,2023-05-01,5.5
E06000002,2023-06-01,5.4
E06000002,2023-07-01,5.4
E06000002,2023-08-01,5.3
E06000002,2023-09-01,5.2
E06000002,2023-10-01,5.2
E06000002,2023-11-01,5.2
E06000002,2023-12-01,5.1
E06000002,2024-01-01,5.1
E06000002,2024-02-01,5.2
E06000002,2024-03-01,5.5
E06000002,2024-04-01,5.4
E06000002,2024-05-01,5.4
E06000002,2024-06-01,5.4
E06000002,2024-07-01,6.0
E06000002,2024-08-01,5.8
E06000002,2024-09-01,5.8
E06000002,2024-10-01,5.8
E06000002,2024-11-01,5.5
E06000002,2024-12-01,5.4
E06000002,2025-01-01,5.5
E06000002,2025-02-01,5.3
E06000002,2025-03-01,5.4
E06000002,2025-04-01,5.2
E06000002,2025-05-01,5.2
E06000002,2025-06-01,5.2
E06000002,2025-07-01,5.0
E06000002,2025-08-01,5.1
E06000002,2025-09-01,5.0
E06000002,2025-10-01,5.1
E06000002,2025-11-01,4.9
E06000002,2025-12-01,4.8
E06000002,2026-01-01,4.8
E06000002,2026-02-01,5.1
E06000003,2018-01-01,3.7
E06000003,2018-02-01,3.8
E06000003,2018-03-01,3.8
E06000003,2018-04-01,3.7
E06000003,2018-05-01,3.6
E06000003,2018-06-01,3.3
E06000003,2018-07-01,3.2
E06000003,2018-08-01,3.2
E06000003,2018-09-01,3.2
E06000003,2018-10-01,3.2
E06000003,2018-11-01,3.2
E06000003,2018-12-01,3.2
E06000003,2019-01-01,3.5
E06000003,2019-02-01,3.7
E06000003,2019-03-01,4.0
E06000003,2019-04-01,4.0
E06000003,2019-05-01,4.1
E06000003,2019-06-01,4.1
E06000003,2019-07-01,4.1
E06000003,2019-08-01,4.2
E06000003,2019-09-01,4.2
E06000003,2019-10-01,4.3
E06000003,2019-11-01,4.3
E06000003,2019-12-01,4.5
E06000003,2020-01-01,4.6
E06000003,2020-02-01,4.7
E06000003,2020-03-01,4.8
E06000003,2020-04-01,7.0
E06000003,2020-05-01,7.7
E06000003,2020-06-01,7.4
E06000003,2020-07-01,7.5
E06000003,2020-08-01,7.5
E06000003,2020-09-01,7.5
E06000003,2020-10-01,7.4
E06000003,2020-11-01,7.2
E06000003,2020-12-01,7.1
E06000003,2021-01-01,7.0
E06000003,2021-02-01,7.3
E06000003,2021-03-01,7.3
E06000003,2021-04-01,7.1
E06000003,2021-05-01,6.7
E06000003,2021-06-01,6.2
E06000003,2021-07-01,6.0
E06000003,2021-08-01,5.8
E06000003,2021-09-01,5.6
E06000003,2021-10-01,5.3
E06000003,2021-11-01,5.0
E06000003,2021-12-01,4.8
E06000003,2022-01-01,4.9
E06000003,2022-02-01,4.9
E06000003,2022-03-01,4.7
E06000003,2022-04-01,4.3
E06000003,2022-05-01,4.2
E06000003,2022-06-01,4.2
E06000003,2022-07-01,4.1
E06000003,2022-08-01,4.1
E06000003,2022-09-01,4.1
E06000003,2022-10-01,4.1
E06000003,2022-11-01,4.1
E06000003,2022-12-01,4.2
E06000003,2023-01-01,4.2
E06000003,2023-02-01,4.3
E06000003,2023-03-01,4.4
E06000003,2023-04-01,4.4
E06000003,2023-05-01,4.0
E06000003,2023-06-01,4.0
E06000003,2023-07-01,3.9
E06000003,2023-08-01,4.0
E06000003,2023-09-01,3.8
E06000003,2023-10-01,3.9
E06000003,2023-11-01,4.0
E06000003,2023-12-01,4.0
E06000003,2024-01-01,4.0
E06000003,2024-02-01,4.2
E06000003,2024-03-01,4.2
E06000003,2024-04-01,4.1
E06000003,2024-05-01,3.9
E06000003,2024-06-01,3.9
E06000003,2024-07-01,4.1
E06000003,2024-08-01,4.2
E06000003,2024-09-01,4.1
E06000003,2024-10-01,3.9
E06000003,2024-11-01,3.9
E06000003,2024-12-01,3.9
E06000003,2025-01-01,3.9
E06000003,2025-02-01,4.0
E06000003,2025-03-01,3.9
E06000003,2025-04-01,3.8
E06000003,2025-05-01,3.6
E06000003,2025-06-01,3.6
E06000003,2025-07-01,3.6
E06000003,2025-08-01,3.6
E06000003,2025-09-01,3.5
E06000003,2025-10-01,3.5
E06000003,2025-11-01,3.5
E06000003,2025-12-01,3.5
E06000003,2026-01-01,3.6
E06000003,2026-02-01,3.8
E06000004,2018-01-01,3.2
E06000004,2018-02-01,3.2
E06000004,2018-03-01,3.2
E06000004,2018-04-01,3.2
E06000004,2018-05-01,3.2
E06000004,2018-06-01,3.0
E06000004,2018-07-01,3.0
E06000004,2018-08-01,3.0
E06000004,2018-09-01,3.1
E06000004,2018-10-01,3.3
E06000004,2018-11-01,3.4
E06000004,2018-12-01,3.6
E06000004,2019-01-01,3.8
E06000004,2019-02-01,3.9
E06000004,2019-03-01,4.0
E06000004,2019-04-01,4.0
E06000004,2019-05-01,4.0
E06000004,2019-06-01,4.1
E06000004,2019-07-01,4.1
E06000004,2019-08-01,4.1
E06000004,2019-09-01,4.0
E06000004,2019-10-01,4.1
E06000004,2019-11-01,4.1
E06000004,2019-12-01,4.2
E06000004,2020-01-01,4.3
E06000004,2020-02-01,4.4
E06000004,2020-03-01,4.4
E06000004,2020-04-01,6.5
E06000004,2020-05-01,7.2
E06000004,2020-06-01,7.1
E06000004,2020-07-01,7.2
E06000004,2020-08-01,7.2
E06000004,2020-09-01,7.1
E06000004,2020-10-01,7.0
E06000004,2020-11-01,6.9
E06000004,2020-12-01,6.7
E06000004,2021-01-01,6.6
E06000004,2021-02-01,6.9
E06000004,2021-03-01,6.9
E06000004,2021-04-01,6.8
E06000004,2021-05-01,6.3
E06000004,2021-06-01,5.9
E06000004,2021-07-01,5.7
E06000004,2021-08-01,5.5
E06000004,2021-09-01,5.3
E06000004,2021-10-01,5.1
E06000004,2021-11-01,4.9
E06000004,2021-12-01,4.8
E06000004,2022-01-01,4.6
E06000004,2022-02-01,4.6
E06000004,2022-03-01,4.5
E06000004,2022-04-01,4.3
E06000004,2022-05-01,4.2
E06000004,2022-06-01,4.1
E06000004,2022-07-01,4.0
E06000004,2022-08-01,4.1
E06000004,2022-09-01,4.1
E06000004,2022-10-01,4.0
E06000004,2022-11-01,3.9
E06000004,2022-12-01,4.0
E06000004,2023-01-01,3.9
E06000004,2023-02-01,4.0
E06000004,2023-03-01,4.1
E06000004,2023-04-01,4.1
E06000004,2023-05-01,3.9
E06000004,2023-06-01,3.9
E06000004,2023-07-01,3.9
E06000004,2023-08-01,3.9
E06000004,2023-09-01,3.8
E06000004,2023-10-01,3.7
E06000004,2023-11-01,3.7
E06000004,2023-12-01,3.7
E06000004,2024-01-01,3.7
E06000004,2024-02-01,3.7
E06000004,2024-03-01,3.8
E06000004,2024-04-01,3.8
E06000004,2024-05-01,3.8
E06000004,2024-06-01,3.8
E06000004,2024-07-01,4.1
E06000004,2024-08-01,4.1
E06000004,2024-09-01,4.1
E06000004,2024-10-01,4.0
E06000004,2024-11-01,3.9
E06000004,2024-12-01,3.8
E06000004,2025-01-01,3.8
E06000004,2025-02-01,3.8
E06000004,2025-03-01,3.9
E06000004,2025-04-01,3.8
E06000004,2025-05-01,3.7
E06000004,2025-06-01,3.7
E06000004,2025-07-01,3.7
E06000004,2025-08-01,3.8
E06000004,2025-09-01,3.7
E06000004,2025-10-01,3.7
E06000004,2025-11-01,3.7
E06000004,2025-12-01,3.6
E06000004,2026-01-01,3.7
E06000004,2026-02-01,3.8
E06000005,2018-01-01,3.5
E06000005,2018-02-01,3.6
E06000005,2018-03-01,3.6
E06000005,2018-04-01,3.7
E06000005,2018-05-01,3.6
E06000005,2018-06-01,3.5
E06000005,2018-07-01,3.5
E06000005,2018-08-01,3.6
E06000005,2018-09-01,3.8
E06000005,2018-10-01,3.8
E06000005,2018-11-01,4.0
E06000005,2018-12-01,4.0
E06000005,2019-01-01,4.1
E06000005,2019-02-01,4.2
E06000005,2019-03-01,4.2
E06000005,2019-04-01,4.2
E06000005,2019-05-01,4.3
E06000005,2019-06-01,4.4
E06000005,2019-07-01,4.4
E06000005,2019-08-01,4.5
E06000005,2019-09-01,4.5
E06000005,2019-10-01,4.5
E06000005,2019-11-01,4.6
E06000005,2019-12-01,4.6
E06000005,2020-01-01,4.6
E06000005,2020-02-01,4.7
E06000005,2020-03-01,4.8
E06000005,2020-04-01,7.0
E06000005,2020-05-01,7.5
E06000005,2020-06-01,7.3
E06000005,2020-07-01,7.0
E06000005,2020-08-01,7.1
E06000005,2020-09-01,7.0
E06000005,2020-10-01,6.9
E06000005,2020-11-01,6.8
E06000005,2020-12-01,6.8
E06000005,2021-01-01,6.8
E06000005,2021-02-01,7.0
E06000005,2021-03-01,7.1
E06000005,2021-04-01,7.0
E06000005,2021-05-01,6.7
E06000005,2021-06-01,6.2
E06000005,2021-07-01,6.1
E06000005,2021-08-01,5.9
E06000005,2021-09-01,5.6
E06000005,2021-10-01,5.4
E06000005,2021-11-01,5.1
E06000005,2021-12-01,5.0
E06000005,2022-01-01,4.8
E06000005,2022-02-01,4.7
E06000005,2022-03-01,4.5
E06000005,2022-04-01,4.2
E06000005,2022-05-01,4.1
E06000005,2022-06-01,4.0
E06000005,2022-07-01,4.1
E06000005,2022-08-01,4.1
E06000005,2022-09-01,4.2
E06000005,2022-10-01,4.1
E06000005,2022-11-01,4.2
E06000005,2022-12-01,4.2
E06000005,2023-01-01,4.1
E06000005,2023-02-01,4.1
E06000005,2023-03-01,4.2
E06000005,2023-04-01,4.3
E06000005,2023-05-01,4.1
E06000005,2023-06-01,4.1
E06000005,2023-07-01,4.2
E06000005,2023-08-01,4.2
E06000005,2023-09-01,4.2
E06000005,2023-10-01,4.1
E06000005,2023-11-01,4.1
E06000005,2023-12-01,4.1
E06000005,2024-01-01,4.1
E06000005,2024-02-01,4.1
E06000005,2024-03-01,4.1
E06000005,2024-04-01,4.0
E06000005,2024-05-01,3.9
E06000005,2024-06-01,4.0
E06000005,2024-07-01,4.3
E06000005,2024-08-01,4.3
E06000005,2024-09-01,4.2
E06000005,2024-10-01,4.0
E06000005,2024-11-01,4.0
E06000005,2024-12-01,3.8
E06000005,2025-01-01,3.8
E06000005,2025-02-01,3.9
E06000005,2025-03-01,3.8
E06000005,2025-04-01,3.7
E06000005,2025-05-01,3.7
E06000005,2025-06-01,3.7
E06000005,2025-07-01,3.6
E06000005,2025-08-01,3.7
E06000005,2025-09-01,3.6
E06000005,2025-10-01,3.5
E06000005,2025-11-01,3.4
E06000005,2025-12-01,3.4
E06000005,2026-01-01,3.5
E06000005,2026-02-01,3.6
E06000006,2018-01-01,3.4
E06000006,2018-02-01,3.8
E06000006,2018-03-01,3.9
E06000006,2018-04-01,4.3
E06000006,2018-05-01,3.9
E06000006,2018-06-01,4.0
E06000006,2018-07-01,3.9
E06000006,2018-08-01,4.0
E06000006,2018-09-01,4.0
E06000006,2018-10-01,4.0
E06000006,2018-11-01,4.0
E06000006,2018-12-01,4.0
E06000006,2019-01-01,4.0
E06000006,2019-02-01,4.3
E06000006,2019-03-01,4.3
E06000006,2019-04-01,4.3
E06000006,2019-05-01,4.2
E06000006,2019-06-01,4.1
E06000006,2019-07-01,4.1
E06000006,2019-08-01,4.1
E06000006,2019-09-01,4.0
E06000006,2019-10-01,3.9
E06000006,2019-11-01,4.0
E06000006,2019-12-01,3.9
E06000006,2020-01-01,3.9
E06000006,2020-02-01,4.0
E06000006,2020-03-01,4.1
E06000006,2020-04-01,6.8
E06000006,2020-05-01,7.5
E06000006,2020-06-01,7.3
E06000006,2020-07-01,7.3
E06000006,2020-08-01,7.3
E06000006,2020-09-01,7.2
E06000006,2020-10-01,6.9
E06000006,2020-11-01,6.9
E06000006,2020-12-01,6.7
E06000006,2021-01-01,6.7
E06000006,2021-02-01,7.0
E06000006,2021-03-01,7.0
E06000006,2021-04-01,6.8
E06000006,2021-05-01,6.3
E06000006,2021-06-01,5.9
E06000006,2021-07-01,5.8
E06000006,2021-08-01,5.6
E06000006,2021-09-01,5.3
E06000006,2021-10-01,5.0
E06000006,2021-11-01,4.8
E06000006,2021-12-01,4.6
E06000006,2022-01-01,4.6
E06000006,2022-02-01,4.7
E06000006,2022-03-01,4.6
E06000006,2022-04-01,4.4
E06000006,2022-05-01,4.3
E06000006,2022-06-01,4.2
E06000006,2022-07-01,4.2
E06000006,2022-08-01,4.2
E06000006,2022-09-01,4.2
E06000006,2022-10-01,4.1
E06000006,2022-11-01,4.1
E06000006,2022-12-01,4.1
E06000006,2023-01-01,4.1
E06000006,2023-02-01,4.2
E06000006,2023-03-01,4.3
E06000006,2023-04-01,4.4
E06000006,2023-05-01,4.2
E06000006,2023-06-01,4.1
E06000006,2023-07-01,4.3
E06000006,2023-08-01,4.3
E06000006,2023-09-01,4.3
E06000006,2023-10-01,4.3
E06000006,2023-11-01,4.4
E06000006,2023-12-01,4.3
E06000006,2024-01-01,4.3
E06000006,2024-02-01,4.3
E06000006,2024-03-01,4.4
E06000006,2024-04-01,4.4
E06000006,2024-05-01,4.4
E06000006,2024-06-01,4.4
E06000006,2024-07-01,4.6
E06000006,2024-08-01,4.6
E06000006,2024-09-01,4.6
E06000006,2024-10-01,4.4
E06000006,2024-11-01,4.3
E06000006,2024-12-01,4.2
E06000006,2025-01-01,4.3
E06000006,2025-02-01,4.4
E06000006,2025-03-01,4.4
E06000006,2025-04-01,4.2
E06000006,2025-05-01,4.2
E06000006,2025-06-01,4.2
E06000006,2025-07-01,4.1
E06000006,2025-08-01,4.2
E06000006,2025-09-01,4.1
E06000006,2025-10-01,4.1
E06000006,2025-11-01,4.1
E06000006,2025-12-01,4.0
E06000006,2026-01-01,4.0
E06000006,2026-02-01,4.3
E06000007,2018-01-01,2.1
E06000007,2018-02-01,2.2
E06000007,2018-03-01,2.3
E06000007,2018-04-01,2.6
E06000007,2018-05-01,2.4
E06000007,2018-06-01,2.4
E06000007,2018-07-01,2.3
E06000007,2018-08-01,2.3
E06000007,2018-09-01,2.4
E06000007,2018-10-01,2.4
E06000007,2018-11-01,2.4
E06000007,2018-12-01,2.4
E06000007,2019-01-01,2.4
E06000007,2019-02-01,2.6
E06000007,2019-03-01,2.6
E06000007,2019-04-01,2.5
E06000007,2019-05-01,2.5
E06000007,2019-06-01,2.5
E06000007,2019-07-01,2.4
E06000007,2019-08-01,2.4
E06000007,2019-09-01,2.4
E06000007,2019-10-01,2.4
E06000007,2019-11-01,2.4
E06000007,2019-12-01,2.5
E06000007,2020-01-01,2.4
E06000007,2020-02-01,2.4
E06000007,2020-03-01,2.5
E06000007,2020-04-01,4.5
E06000007,2020-05-01,5.3
E06000007,2020-06-01,5.1
E06000007,2020-07-01,5.1
E06000007,2020-08-01,5.2
E06000007,2020-09-01,5.2
E06000007,2020-10-01,5.0
E06000007,2020-11-01,5.0
E06000007,2020-12-01,4.9
E06000007,2021-01-01,4.8
E06000007,2021-02-01,5.1
E06000007,2021-03-01,5.2
E06000007,2021-04-01,5.0
E06000007,2021-05-01,4.7
E06000007,2021-06-01,4.3
E06000007,2021-07-01,4.2
E06000007,2021-08-01,4.1
E06000007,2021-09-01,3.8
E06000007,2021-10-01,3.6
E06000007,2021-11-01,3.5
E06000007,2021-12-01,3.3
E06000007,2022-01-01,3.3
E06000007,2022-02-01,3.3
E06000007,2022-03-01,3.2
E06000007,2022-04-01,3.1
E06000007,2022-05-01,2.9
E06000007,2022-06-01,2.8
E06000007,2022-07-01,2.8
E06000007,2022-08-01,2.7
E06000007,2022-09-01,2.7
E06000007,2022-10-01,2.5
E06000007,2022-11-01,2.5
E06000007,2022-12-01,2.5
E06000007,2023-01-01,2.4
E06000007,2023-02-01,2.5
E06000007,2023-03-01,2.5
E06000007,2023-04-01,2.5
E06000007,2023-05-01,2.4
E06000007,2023-06-01,2.4
E06000007,2023-07-01,2.4
E06000007,2023-08-01,2.4
E06000007,2023-09-01,2.4
E06000007,2023-10-01,2.4
E06000007,2023-11-01,2.4
E06000007,2023-12-01,2.4
E06000007,2024-01-01,2.4
E06000007,2024-02-01,2.4
E06000007,2024-03-01,2.5
E06000007,2024-04-01,2.5
E06000007,2024-05-01,2.4
E06000007,2024-06-01,2.4
E06000007,2024-07-01,2.7
E06000007,2024-08-01,2.7
E06000007,2024-09-01,2.7
E06000007,2024-10-01,2.6
E06000007,2024-11-01,2.6
E06000007,2024-12-01,2.6
E06000007,2025-01-01,2.6
E06000007,2025-02-01,2.7
E06000007,2025-03-01,2.7
E06000007,2025-04-01,2.6
E06000007,2025-05-01,2.6
E06000007,2025-06-01,2.6
E06000007,2025-07-01,2.6
E06000007,2025-08-01,2.6
E06000007,2025-09-01,2.6
E06000007,2025-10-01,2.5
E06000007,2025-11-01,2.5
E06000007,2025-12-01,2.5
E06000007,2026-01-01,2.5
E06000007,2026-02-01,2.7
E06000008,2018-01-01,2.9
E06000008,2018-02-01,3.0
E06000008,2018-03-01,2.9
E06000008,2018-04-01,3.1
E06000008,2018-05-01,3.2
E06000008,2018-06-01,3.4
E06000008,2018-07-01,3.5
E06000008,2018-08-01,3.7
E06000008,2018-09-01,3.7
E06000008,2018-10-01,3.8
E06000008,2018-11-01,3.9
E06000008,2018-12-01,4.0
E06000008,2019-01-01,4.1
E06000008,2019-02-01,4.3
E06000008,2019-03-01,4.4
E06000008,2019-04-01,4.4
E06000008,2019-05-01,4.4
E06000008,2019-06-01,4.5
E06000008,2019-07-01,4.5
E06000008,2019-08-01,4.6
E06000008,2019-09-01,4.5
E06000008,2019-10-01,4.6
E06000008,2019-11-01,4.6
E06000008,2019-12-01,4.6
E06000008,2020-01-01,4.6
E06000008,2020-02-01,4.7
E06000008,2020-03-01,4.7
E06000008,2020-04-01,6.8
E06000008,2020-05-01,8.0
E06000008,2020-06-01,7.9
E06000008,2020-07-01,7.9
E06000008,2020-08-01,7.8
E06000008,2020-09-01,7.8
E06000008,2020-10-01,7.7
E06000008,2020-11-01,7.8
E06000008,2020-12-01,7.8
E06000008,2021-01-01,7.7
E06000008,2021-02-01,8.0
E06000008,2021-03-01,8.1
E06000008,2021-04-01,8.0
E06000008,2021-05-01,7.5
E06000008,2021-06-01,7.1
E06000008,2021-07-01,6.9
E06000008,2021-08-01,6.8
E06000008,2021-09-01,6.5
E06000008,2021-10-01,6.3
E06000008,2021-11-01,6.1
E06000008,2021-12-01,5.9
E06000008,2022-01-01,5.7
E06000008,2022-02-01,5.7
E06000008,2022-03-01,5.6
E06000008,2022-04-01,5.4
E06000008,2022-05-01,5.3
E06000008,2022-06-01,5.2
E06000008,2022-07-01,5.0
E06000008,2022-08-01,5.0
E06000008,2022-09-01,5.0
E06000008,2022-10-01,4.9
E06000008,2022-11-01,5.0
E06000008,2022-12-01,5.1
E06000008,2023-01-01,5.0
E06000008,2023-02-01,5.2
E06000008,2023-03-01,5.2
E06000008,2023-04-01,5.3
E06000008,2023-05-01,5.1
E06000008,2023-06-01,4.9
E06000008,2023-07-01,5.1
E06000008,2023-08-01,5.0
E06000008,2023-09-01,4.9
E06000008,2023-10-01,4.9
E06000008,2023-11-01,4.9
E06000008,2023-12-01,4.8
E06000008,2024-01-01,4.9
E06000008,2024-02-01,5.1
E06000008,2024-03-01,5.4
E06000008,2024-04-01,5.5
E06000008,2024-05-01,5.7
E06000008,2024-06-01,5.7
E06000008,2024-07-01,6.4
E06000008,2024-08-01,6.3
E06000008,2024-09-01,6.4
E06000008,2024-10-01,6.4
E06000008,2024-11-01,6.2
E06000008,2024-12-01,5.9
E06000008,2025-01-01,5.8
E06000008,2025-02-01,6.0
E06000008,2025-03-01,5.8
E06000008,2025-04-01,5.5
E06000008,2025-05-01,5.5
E06000008,2025-06-01,5.5
E06000008,2025-07-01,5.4
E06000008,2025-08-01,5.4
E06000008,2025-09-01,5.3
E06000008,2025-10-01,5.2
E06000008,2025-11-01,5.2
E06000008,2025-12-01,5.1
E06000008,2026-01-01,5.1
E06000008,2026-02-01,5.4
E06000009,2018-01-01,4.6
E06000009,2018-02-01,4.8
E06000009,2018-03-01,4.8
E06000009,2018-04-01,4.7
E06000009,2018-05-01,4.4
E06000009,2018-06-01,4.2
E06000009,2018-07-01,4.0
E06000009,2018-08-01,4.0
E06000009,2018-09-01,3.9
E06000009,2018-10-01,4.0
E06000009,2018-11-01,4.2
E06000009,2018-12-01,4.4
E06000009,2019-01-01,4.8
E06000009,2019-02-01,5.0
E06000009,2019-03-01,5.2
E06000009,2019-04-01,5.4
E06000009,2019-05-01,5.5
E06000009,2019-06-01,5.5
E06000009,2019-07-01,5.6
E06000009,2019-08-01,5.8
E06000009,2019-09-01,5.9
E06000009,2019-10-01,6.0
E06000009,2019-11-01,6.3
E06000009,2019-12-01,6.4
E06000009,2020-01-01,6.8
E06000009,2020-02-01,6.8
E06000009,2020-03-01,7.0
E06000009,2020-04-01,10.8
E06000009,2020-05-01,11.9
E06000009,2020-06-01,11.8
E06000009,2020-07-01,11.9
E06000009,2020-08-01,11.8
E06000009,2020-09-01,11.2
E06000009,2020-10-01,10.8
E06000009,2020-11-01,11.2
E06000009,2020-12-01,11.5
E06000009,2021-01-01,11.8
E06000009,2021-02-01,12.1
E06000009,2021-03-01,12.0
E06000009,2021-04-01,11.6
E06000009,2021-05-01,10.9
E06000009,2021-06-01,10.0
E06000009,2021-07-01,9.6
E06000009,2021-08-01,9.1
E06000009,2021-09-01,8.5
E06000009,2021-10-01,8.3
E06000009,2021-11-01,8.1
E06000009,2021-12-01,8.0
E06000009,2022-01-01,8.1
E06000009,2022-02-01,8.2
E06000009,2022-03-01,8.0
E06000009,2022-04-01,7.6
E06000009,2022-05-01,7.1
E06000009,2022-06-01,6.9
E06000009,2022-07-01,6.8
E06000009,2022-08-01,6.6
E06000009,2022-09-01,6.5
E06000009,2022-10-01,6.5
E06000009,2022-11-01,6.6
E06000009,2022-12-01,6.6
E06000009,2023-01-01,6.7
E06000009,2023-02-01,6.9
E06000009,2023-03-01,7.1
E06000009,2023-04-01,6.9
E06000009,2023-05-01,6.3
E06000009,2023-06-01,6.3
E06000009,2023-07-01,6.3
E06000009,2023-08-01,6.0
E06000009,2023-09-01,5.8
E06000009,2023-10-01,5.8
E06000009,2023-11-01,5.9
E06000009,2023-12-01,5.9
E06000009,2024-01-01,6.1
E06000009,2024-02-01,6.3
E06000009,2024-03-01,6.4
E06000009,2024-04-01,6.2
E06000009,2024-05-01,6.0
E06000009,2024-06-01,5.8
E06000009,2024-07-01,6.2
E06000009,2024-08-01,6.0
E06000009,2024-09-01,5.9
E06000009,2024-10-01,5.9
E06000009,2024-11-01,6.0
E06000009,2024-12-01,5.9
E06000009,2025-01-01,6.1
E06000009,2025-02-01,6.3
E06000009,2025-03-01,6.3
E06000009,2025-04-01,6.1
E06000009,2025-05-01,5.8
E06000009,2025-06-01,5.5
E06000009,2025-07-01,5.5
E06000009,2025-08-01,5.4
E06000009,2025-09-01,5.3
E06000009,2025-10-01,5.3
E06000009,2025-11-01,5.5
E06000009,2025-12-01,5.5
E06000009,2026-01-01,5.7
E06000009,2026-02-01,6.0
E06000010,2018-01-01,3.6
E06000010,2018-02-01,3.7
E06000010,2018-03-01,3.8
E06000010,2018-04-01,3.7
E06000010,2018-05-01,3.7
E06000010,2018-06-01,3.5
E06000010,2018-07-01,3.5
E06000010,2018-08-01,3.5
E06000010,2018-09-01,3.5
E06000010,2018-10-01,3.5
E06000010,2018-11-01,3.6
E06000010,2018-12-01,3.7
E06000010,2019-01-01,3.9
E06000010,2019-02-01,4.0
E06000010,2019-03-01,4.3
E06000010,2019-04-01,4.5
E06000010,2019-05-01,4.7
E06000010,2019-06-01,4.9
E06000010,2019-07-01,4.9
E06000010,2019-08-01,4.9
E06000010,2019-09-01,4.9
E06000010,2019-10-01,5.0
E06000010,2019-11-01,5.1
E06000010,2019-12-01,5.2
E06000010,2020-01-01,5.5
E06000010,2020-02-01,5.6
E06000010,2020-03-01,5.7
E06000010,2020-04-01,8.4
E06000010,2020-05-01,9.4
E06000010,2020-06-01,9.3
E06000010,2020-07-01,9.4
E06000010,2020-08-01,9.4
E06000010,2020-09-01,9.2
E06000010,2020-10-01,9.1
E06000010,2020-11-01,9.2
E06000010,2020-12-01,9.2
E06000010,2021-01-01,9.3
E06000010,2021-02-01,9.6
E06000010,2021-03-01,9.5
E06000010,2021-04-01,9.3
E06000010,2021-05-01,8.9
E06000010,2021-06-01,8.4
E06000010,2021-07-01,8.2
E06000010,2021-08-01,7.9
E06000010,2021-09-01,7.6
E06000010,2021-10-01,7.5
E06000010,2021-11-01,7.4
E06000010,2021-12-01,7.1
E06000010,2022-01-01,7.0
E06000010,2022-02-01,7.1
E06000010,2022-03-01,6.9
E06000010,2022-04-01,6.4
E06000010,2022-05-01,6.1
E06000010,2022-06-01,5.9
E06000010,2022-07-01,5.9
E06000010,2022-08-01,5.7
E06000010,2022-09-01,5.5
E06000010,2022-10-01,5.4
E06000010,2022-11-01,5.6
E06000010,2022-12-01,5.7
E06000010,2023-01-01,5.6
E06000010,2023-02-01,5.5
E06000010,2023-03-01,5.6
E06000010,2023-04-01,5.7
E06000010,2023-05-01,5.5
E06000010,2023-06-01,5.5
E06000010,2023-07-01,5.4
E06000010,2023-08-01,5.4
E06000010,2023-09-01,5.3
E06000010,2023-10-01,5.3
E06000010,2023-11-01,5.5
E06000010,2023-12-01,5.6
E06000010,2024-01-01,5.6
E06000010,2024-02-01,5.8
E06000010,2024-03-01,5.8
E06000010,2024-04-01,5.7
E06000010,2024-05-01,5.8
E06000010,2024-06-01,5.8
E06000010,2024-07-01,6.2
E06000010,2024-08-01,6.2
E06000010,2024-09-01,6.1
E06000010,2024-10-01,6.0
E06000010,2024-11-01,6.0
E06000010,2024-12-01,5.9
E06000010,2025-01-01,5.8
E06000010,2025-02-01,6.0
E06000010,2025-03-01,6.1
E06000010,2025-04-01,5.9
E06000010,2025-05-01,5.8
E06000010,2025-06-01,5.7
E06000010,2025-07-01,5.5
E06000010,2025-08-01,5.4
E06000010,2025-09-01,5.3
E06000010,2025-10-01,5.2
E06000010,2025-11-01,5.1
E06000010,2025-12-01,5.1
E06000010,2026-01-01,5.2
E06000010,2026-02-01,5.4
E06000011,2018-01-01,1.5
E06000011,2018-02-01,1.6
E06000011,2018-03-01,1.6
E06000011,2018-04-01,1.5
E06000011,2018-05-01,1.5
E06000011,2018-06-01,1.4
E06000011,2018-07-01,1.4
E06000011,2018-08-01,1.4
E06000011,2018-09-01,1.5
E06000011,2018-10-01,1.6
E06000011,2018-11-01,1.7
E06000011,2018-12-01,1.8
E06000011,2019-01-01,1.9
E06000011,2019-02-01,2.0
E06000011,2019-03-01,2.1
E06000011,2019-04-01,2.0
E06000011,2019-05-01,2.0
E06000011,2019-06-01,2.0
E06000011,2019-07-01,2.0
E06000011,2019-08-01,2.0
E06000011,2019-09-01,2.0
E06000011,2019-10-01,2.1
E06000011,2019-11-01,2.2
E06000011,2019-12-01,2.2
E06000011,2020-01-01,2.3
E06000011,2020-02-01,2.3
E06000011,2020-03-01,2.3
E06000011,2020-04-01,4.3
E06000011,2020-05-01,4.8
E06000011,2020-06-01,4.6
E06000011,2020-07-01,4.6
E06000011,2020-08-01,4.7
E06000011,2020-09-01,4.5
E06000011,2020-10-01,4.2
E06000011,2020-11-01,4.4
E06000011,2020-12-01,4.3
E06000011,2021-01-01,4.3
E06000011,2021-02-01,4.5
E06000011,2021-03-01,4.3
E06000011,2021-04-01,4.2
E06000011,2021-05-01,3.9
E06000011,2021-06-01,3.6
E06000011,2021-07-01,3.4
E06000011,2021-08-01,3.3
E06000011,2021-09-01,3.1
E06000011,2021-10-01,3.0
E06000011,2021-11-01,2.9
E06000011,2021-12-01,2.8
E06000011,2022-01-01,2.9
E06000011,2022-02-01,2.8
E06000011,2022-03-01,2.7
E06000011,2022-04-01,2.5
E06000011,2022-05-01,2.4
E06000011,2022-06-01,2.4
E06000011,2022-07-01,2.3
E06000011,2022-08-01,2.3
E06000011,2022-09-01,2.3
E06000011,2022-10-01,2.3
E06000011,2022-11-01,2.4
E06000011,2022-12-01,2.4
E06000011,2023-01-01,2.4
E06000011,2023-02-01,2.4
E06000011,2023-03-01,2.5
E06000011,2023-04-01,2.4
E06000011,2023-05-01,2.3
E06000011,2023-06-01,2.3
E06000011,2023-07-01,2.2
E06000011,2023-08-01,2.2
E06000011,2023-09-01,2.2
E06000011,2023-10-01,2.3
E06000011,2023-11-01,2.4
E06000011,2023-12-01,2.4
E06000011,2024-01-01,2.4
E06000011,2024-02-01,2.5
E06000011,2024-03-01,2.5
E06000011,2024-04-01,2.4
E06000011,2024-05-01,2.4
E06000011,2024-06-01,2.4
E06000011,2024-07-01,2.6
E06000011,2024-08-01,2.6
E06000011,2024-09-01,2.5
E06000011,2024-10-01,2.4
E06000011,2024-11-01,2.5
E06000011,2024-12-01,2.4
E06000011,2025-01-01,2.5
E06000011,2025-02-01,2.6
E06000011,2025-03-01,2.5
E06000011,2025-04-01,2.4
E06000011,2025-05-01,2.3
E06000011,2025-06-01,2.3
E06000011,2025-07-01,2.2
E06000011,2025-08-01,2.2
E06000011,2025-09-01,2.2
E06000011,2025-10-01,2.2
E06000011,2025-11-01,2.2
E06000011,2025-12-01,2.2
E06000011,2026-01-01,2.3
E06000011,2026-02-01,2.4
E06000012,2018-01-01,3.4
E06000012,2018-02-01,3.6
E06000012,2018-03-01,3.9
E06000012,2018-04-01,4.1
E06000012,2018-05-01,4.1
E06000012,2018-06-01,4.1
E06000012,2018-07-01,4.2
E06000012,2018-08-01,4.3
E06000012,2018-09-01,4.3
E06000012,2018-10-01,4.3
E06000012,2018-11-01,4.3
E06000012,2018-12-01,4.3
E06000012,2019-01-01,4.4
E06000012,2019-02-01,4.6
E06000012,2019-03-01,4.5
E06000012,2019-04-01,4.4
E06000012,2019-05-01,4.3
E06000012,2019-06-01,4.3
E06000012,2019-07-01,4.4
E06000012,2019-08-01,4.4
E06000012,2019-09-01,4.3
E06000012,2019-10-01,4.2
E06000012,2019-11-01,4.2
E06000012,2019-12-01,4.2
E06000012,2020-01-01,4.3
E06000012,2020-02-01,4.5
E06000012,2020-03-01,4.6
E06000012,2020-04-01,7.0
E06000012,2020-05-01,7.5
E06000012,2020-06-01,7.5
E06000012,2020-07-01,7.6
E06000012,2020-08-01,7.5
E06000012,2020-09-01,7.4
E06000012,2020-10-01,7.0
E06000012,2020-11-01,7.0
E06000012,2020-12-01,6.9
E06000012,2021-01-01,6.8
E06000012,2021-02-01,7.0
E06000012,2021-03-01,6.9
E06000012,2021-04-01,6.7
E06000012,2021-05-01,6.2
E06000012,2021-06-01,5.8
E06000012,2021-07-01,5.7
E06000012,2021-08-01,5.6
E06000012,2021-09-01,5.5
E06000012,2021-10-01,5.3
E06000012,2021-11-01,5.1
E06000012,2021-12-01,5.0
E06000012,2022-01-01,4.9
E06000012,2022-02-01,4.9
E06000012,2022-03-01,4.7
E06000012,2022-04-01,4.4
E06000012,2022-05-01,4.3
E06000012,2022-06-01,4.3
E06000012,2022-07-01,4.2
E06000012,2022-08-01,4.2
E06000012,2022-09-01,4.1
E06000012,2022-10-01,4.0
E06000012,2022-11-01,4.2
E06000012,2022-12-01,4.2
E06000012,2023-01-01,4.2
E06000012,2023-02-01,4.4
E06000012,2023-03-01,4.5
E06000012,2023-04-01,4.6
E06000012,2023-05-01,4.3
E06000012,2023-06-01,4.4
E06000012,2023-07-01,4.4
E06000012,2023-08-01,4.3
E06000012,2023-09-01,4.3
E06000012,2023-10-01,4.3
E06000012,2023-11-01,4.4
E06000012,2023-12-01,4.4
E06000012,2024-01-01,4.5
E06000012,2024-02-01,4.6
E06000012,2024-03-01,4.6
E06000012,2024-04-01,4.5
E06000012,2024-05-01,4.4
E06000012,2024-06-01,4.6
E06000012,2024-07-01,4.9
E06000012,2024-08-01,4.9
E06000012,2024-09-01,4.8
E06000012,2024-10-01,4.5
E06000012,2024-11-01,4.3
E06000012,2024-12-01,4.2
E06000012,2025-01-01,4.2
E06000012,2025-02-01,4.3
E06000012,2025-03-01,4.2
E06000012,2025-04-01,4.1
E06000012,2025-05-01,4.0
E06000012,2025-06-01,4.1
E06000012,2025-07-01,4.0
E06000012,2025-08-01,4.0
E06000012,2025-09-01,4.0
E06000012,2025-10-01,4.1
E06000012,2025-11-01,4.0
E06000012,2025-12-01,4.0
E06000012,2026-01-01,4.1
E06000012,2026-02-01,4.3
E06000013,2018-01-01,2.3
E06000013,2018-02-01,2.5
E06000013,2018-03-01,2.7
E06000013,2018-04-01,3.0
E06000013,2018-05-01,2.9
E06000013,2018-06-01,3.0
E06000013,2018-07-01,3.0
E06000013,2018-08-01,3.0
E06000013,2018-09-01,3.0
E06000013,2018-10-01,3.1
E06000013,2018-11-01,3.1
E06000013,2018-12-01,3.1
E06000013,2019-01-01,3.1
E06000013,2019-02-01,3.3
E06000013,2019-03-01,3.3
E06000013,2019-04-01,3.3
E06000013,2019-05-01,3.2
E06000013,2019-06-01,3.3
E06000013,2019-07-01,3.2
E06000013,2019-08-01,3.3
E06000013,2019-09-01,3.2
E06000013,2019-10-01,3.3
E06000013,2019-11-01,3.3
E06000013,2019-12-01,3.3
E06000013,2020-01-01,3.3
E06000013,2020-02-01,3.5
E06000013,2020-03-01,3.5
E06000013,2020-04-01,5.8
E06000013,2020-05-01,6.4
E06000013,2020-06-01,6.1
E06000013,2020-07-01,6.2
E06000013,2020-08-01,6.2
E06000013,2020-09-01,6.0
E06000013,2020-10-01,5.7
E06000013,2020-11-01,5.7
E06000013,2020-12-01,5.7
E06000013,2021-01-01,5.8
E06000013,2021-02-01,6.0
E06000013,2021-03-01,5.9
E06000013,2021-04-01,5.7
E06000013,2021-05-01,5.4
E06000013,2021-06-01,5.1
E06000013,2021-07-01,5.0
E06000013,2021-08-01,4.7
E06000013,2021-09-01,4.6
E06000013,2021-10-01,4.4
E06000013,2021-11-01,4.3
E06000013,2021-12-01,4.1
E06000013,2022-01-01,4.1
E06000013,2022-02-01,4.1
E06000013,2022-03-01,3.9
E06000013,2022-04-01,3.7
E06000013,2022-05-01,3.6
E06000013,2022-06-01,3.5
E06000013,2022-07-01,3.4
E06000013,2022-08-01,3.5
E06000013,2022-09-01,3.4
E06000013,2022-10-01,3.4
E06000013,2022-11-01,3.5
E06000013,2022-12-01,3.5
E06000013,2023-01-01,3.4
E06000013,2023-02-01,3.5
E06000013,2023-03-01,3.5
E06000013,2023-04-01,3.6
E06000013,2023-05-01,3.4
E06000013,2023-06-01,3.4
E06000013,2023-07-01,3.4
E06000013,2023-08-01,3.3
E06000013,2023-09-01,3.3
E06000013,2023-10-01,3.3
E06000013,2023-11-01,3.4
E06000013,2023-12-01,3.4
E06000013,2024-01-01,3.5
E06000013,2024-02-01,3.7
E06000013,2024-03-01,3.6
E06000013,2024-04-01,3.6
E06000013,2024-05-01,3.5
E06000013,2024-06-01,3.7
E06000013,2024-07-01,3.9
E06000013,2024-08-01,3.8
E06000013,2024-09-01,3.8
E06000013,2024-10-01,3.8
E06000013,2024-11-01,3.7
E06000013,2024-12-01,3.6
E06000013,2025-01-01,3.6
E06000013,2025-02-01,3.6
E06000013,2025-03-01,3.6
E06000013,2025-04-01,3.6
E06000013,2025-05-01,3.5
E06000013,2025-06-01,3.5
E06000013,2025-07-01,3.5
E06000013,2025-08-01,3.4
E06000013,2025-09-01,3.4
E06000013,2025-10-01,3.4
E06000013,2025-11-01,3.4
E06000013,2025-12-01,3.4
E06000013,2026-01-01,3.4
E06000013,2026-02-01,3.6
E06000014,2018-01-01,1.0
E06000014,2018-02-01,1.1
E06000014,2018-03-01,1.2
E06000014,2018-04-01,1.4
E06000014,2018-05-01,1.3
E06000014,2018-06-01,1.2
E06000014,2018-07-01,1.3
E06000014,2018-08-01,1.3
E06000014,2018-09-01,1.3
E06000014,2018-10-01,1.3
E06000014,2018-11-01,1.3
E06000014,2018-12-01,1.3
E06000014,2019-01-01,1.3
E06000014,2019-02-01,1.4
E06000014,2019-03-01,1.4
E06000014,2019-04-01,1.4
E06000014,2019-05-01,1.3
E06000014,2019-06-01,1.3
E06000014,2019-07-01,1.3
E06000014,2019-08-01,1.3
E06000014,2019-09-01,1.3
E06000014,2019-10-01,1.3
E06000014,2019-11-01,1.3
E06000014,2019-12-01,1.3
E06000014,2020-01-01,1.3
E06000014,2020-02-01,1.4
E06000014,2020-03-01,1.4
E06000014,2020-04-01,3.3
E06000014,2020-05-01,3.8
E06000014,2020-06-01,3.6
E06000014,2020-07-01,3.7
E06000014,2020-08-01,3.8
E06000014,2020-09-01,3.7
E06000014,2020-10-01,3.5
E06000014,2020-11-01,3.6
E06000014,2020-12-01,3.6
E06000014,2021-01-01,3.5
E06000014,2021-02-01,3.7
E06000014,2021-03-01,3.7
E06000014,2021-04-01,3.6
E06000014,2021-05-01,3.3
E06000014,2021-06-01,2.9
E06000014,2021-07-01,2.8
E06000014,2021-08-01,2.7
E06000014,2021-09-01,2.5
E06000014,2021-10-01,2.4
E06000014,2021-11-01,2.3
E06000014,2021-12-01,2.2
E06000014,2022-01-01,2.1
E06000014,2022-02-01,2.1
E06000014,2022-03-01,2.0
E06000014,2022-04-01,2.0
E06000014,2022-05-01,1.9
E06000014,2022-06-01,1.8
E06000014,2022-07-01,1.8
E06000014,2022-08-01,1.8
E06000014,2022-09-01,1.8
E06000014,2022-10-01,1.8
E06000014,2022-11-01,1.8
E06000014,2022-12-01,1.8
E06000014,2023-01-01,1.7
E06000014,2023-02-01,1.6
E06000014,2023-03-01,1.6
E06000014,2023-04-01,1.7
E06000014,2023-05-01,1.6
E06000014,2023-06-01,1.6
E06000014,2023-07-01,1.7
E06000014,2023-08-01,1.6
E06000014,2023-09-01,1.6
E06000014,2023-10-01,1.6
E06000014,2023-11-01,1.7
E06000014,2023-12-01,1.7
E06000014,2024-01-01,1.6
E06000014,2024-02-01,1.7
E06000014,2024-03-01,1.7
E06000014,2024-04-01,1.7
E06000014,2024-05-01,1.6
E06000014,2024-06-01,1.7
E06000014,2024-07-01,1.8
E06000014,2024-08-01,1.9
E06000014,2024-09-01,1.8
E06000014,2024-10-01,1.8
E06000014,2024-11-01,1.8
E06000014,2024-12-01,1.8
E06000014,2025-01-01,1.8
E06000014,2025-02-01,1.9
E06000014,2025-03-01,1.9
E06000014,2025-04-01,1.9
E06000014,2025-05-01,1.9
E06000014,2025-06-01,1.8
E06000014,2025-07-01,1.8
E06000014,2025-08-01,1.8
E06000014,2025-09-01,1.8
E06000014,2025-10-01,1.7
E06000014,2025-11-01,1.8
E06000014,2025-12-01,1.7
E06000014,2026-01-01,1.8
E06000014,2026-02-01,1.9
E06000015,2018-01-01,1.7
E06000015,2018-02-01,1.9
E06000015,2018-03-01,2.0
E06000015,2018-04-01,2.1
E06000015,2018-05-01,2.1
E06000015,2018-06-01,2.1
E06000015,2018-07-01,2.0
E06000015,2018-08-01,2.0
E06000015,2018-09-01,2.0
E06000015,2018-10-01,2.0
E06000015,2018-11-01,2.1
E06000015,2018-12-01,2.2
E06000015,2019-01-01,2.4
E06000015,2019-02-01,2.6
E06000015,2019-03-01,2.8
E06000015,2019-04-01,2.9
E06000015,2019-05-01,2.9
E06000015,2019-06-01,3.0
E06000015,2019-07-01,3.0
E06000015,2019-08-01,3.2
E06000015,2019-09-01,3.2
E06000015,2019-10-01,3.2
E06000015,2019-11-01,3.2
E06000015,2019-12-01,3.2
E06000015,2020-01-01,3.3
E06000015,2020-02-01,3.4
E06000015,2020-03-01,3.5
E06000015,2020-04-01,5.1
E06000015,2020-05-01,7.0
E06000015,2020-06-01,7.2
E06000015,2020-07-01,7.1
E06000015,2020-08-01,7.2
E06000015,2020-09-01,7.3
E06000015,2020-10-01,7.1
E06000015,2020-11-01,7.2
E06000015,2020-12-01,7.2
E06000015,2021-01-01,7.2
E06000015,2021-02-01,7.5
E06000015,2021-03-01,7.5
E06000015,2021-04-01,7.4
E06000015,2021-05-01,7.1
E06000015,2021-06-01,6.7
E06000015,2021-07-01,6.5
E06000015,2021-08-01,6.2
E06000015,2021-09-01,6.0
E06000015,2021-10-01,5.7
E06000015,2021-11-01,5.5
E06000015,2021-12-01,5.2
E06000015,2022-01-01,5.0
E06000015,2022-02-01,5.1
E06000015,2022-03-01,4.9
E06000015,2022-04-01,4.8
E06000015,2022-05-01,4.6
E06000015,2022-06-01,4.5
E06000015,2022-07-01,4.5
E06000015,2022-08-01,4.5
E06000015,2022-09-01,4.5
E06000015,2022-10-01,4.4
E06000015,2022-11-01,4.5
E06000015,2022-12-01,4.4
E06000015,2023-01-01,4.4
E06000015,2023-02-01,4.6
E06000015,2023-03-01,4.8
E06000015,2023-04-01,4.9
E06000015,2023-05-01,4.8
E06000015,2023-06-01,4.7
E06000015,2023-07-01,4.7
E06000015,2023-08-01,4.6
E06000015,2023-09-01,4.6
E06000015,2023-10-01,4.6
E06000015,2023-11-01,4.6
E06000015,2023-12-01,4.7
E06000015,2024-01-01,4.6
E06000015,2024-02-01,4.8
E06000015,2024-03-01,5.1
E06000015,2024-04-01,5.1
E06000015,2024-05-01,5.1
E06000015,2024-06-01,5.2
E06000015,2024-07-01,5.4
E06000015,2024-08-01,5.4
E06000015,2024-09-01,5.4
E06000015,2024-10-01,5.3
E06000015,2024-11-01,5.3
E06000015,2024-12-01,5.1
E06000015,2025-01-01,5.1
E06000015,2025-02-01,5.3
E06000015,2025-03-01,5.3
E06000015,2025-04-01,5.1
E06000015,2025-05-01,5.0
E06000015,2025-06-01,5.0
E06000015,2025-07-01,4.9
E06000015,2025-08-01,5.0
E06000015,2025-09-01,4.9
E06000015,2025-10-01,4.9
E06000015,2025-11-01,4.8
E06000015,2025-12-01,4.9
E06000015,2026-01-01,4.9
E06000015,2026-02-01,5.1
E06000016,2018-01-01,1.6
E06000016,2018-02-01,1.7
E06000016,2018-03-01,1.8
E06000016,2018-04-01,1.8
E06000016,2018-05-01,1.8
E06000016,2018-06-01,1.7
E06000016,2018-07-01,1.7
E06000016,2018-08-01,1.8
E06000016,2018-09-01,1.9
E06000016,2018-10-01,2.0
E06000016,2018-11-01,2.1
E06000016,2018-12-01,2.2
E06000016,2019-01-01,2.2
E06000016,2019-02-01,2.5
E06000016,2019-03-01,2.6
E06000016,2019-04-01,2.6
E06000016,2019-05-01,2.7
E06000016,2019-06-01,2.8
E06000016,2019-07-01,2.9
E06000016,2019-08-01,2.9
E06000016,2019-09-01,2.9
E06000016,2019-10-01,3.0
E06000016,2019-11-01,3.0
E06000016,2019-12-01,3.0
E06000016,2020-01-01,3.1
E06000016,2020-02-01,3.2
E06000016,2020-03-01,3.2
E06000016,2020-04-01,5.2
E06000016,2020-05-01,6.6
E06000016,2020-06-01,6.7
E06000016,2020-07-01,6.9
E06000016,2020-08-01,7.0
E06000016,2020-09-01,7.1
E06000016,2020-10-01,6.9
E06000016,2020-11-01,6.9
E06000016,2020-12-01,6.9
E06000016,2021-01-01,6.9
E06000016,2021-02-01,7.2
E06000016,2021-03-01,7.4
E06000016,2021-04-01,7.3
E06000016,2021-05-01,7.0
E06000016,2021-06-01,6.6
E06000016,2021-07-01,6.4
E06000016,2021-08-01,6.2
E06000016,2021-09-01,5.9
E06000016,2021-10-01,5.8
E06000016,2021-11-01,5.6
E06000016,2021-12-01,5.4
E06000016,2022-01-01,5.2
E06000016,2022-02-01,5.2
E06000016,2022-03-01,5.1
E06000016,2022-04-01,4.9
E06000016,2022-05-01,4.9
E06000016,2022-06-01,4.7
E06000016,2022-07-01,4.6
E06000016,2022-08-01,4.5
E06000016,2022-09-01,4.5
E06000016,2022-10-01,4.4
E06000016,2022-11-01,4.4
E06000016,2022-12-01,4.6
E06000016,2023-01-01,4.4
E06000016,2023-02-01,4.6
E06000016,2023-03-01,4.7
E06000016,2023-04-01,4.9
E06000016,2023-05-01,4.9
E06000016,2023-06-01,4.9
E06000016,2023-07-01,5.0
E06000016,2023-08-01,4.9
E06000016,2023-09-01,4.9
E06000016,2023-10-01,4.8
E06000016,2023-11-01,4.7
E06000016,2023-12-01,4.6
E06000016,2024-01-01,4.6
E06000016,2024-02-01,4.8
E06000016,2024-03-01,4.9
E06000016,2024-04-01,5.1
E06000016,2024-05-01,5.3
E06000016,2024-06-01,5.5
E06000016,2024-07-01,6.1
E06000016,2024-08-01,6.1
E06000016,2024-09-01,6.1
E06000016,2024-10-01,6.1
E06000016,2024-11-01,5.9
E06000016,2024-12-01,5.7
E06000016,2025-01-01,5.7
E06000016,2025-02-01,6.0
E06000016,2025-03-01,6.0
E06000016,2025-04-01,5.9
E06000016,2025-05-01,5.8
E06000016,2025-06-01,5.8
E06000016,2025-07-01,5.7
E06000016,2025-08-01,5.6
E06000016,2025-09-01,5.5
E06000016,2025-10-01,5.4
E06000016,2025-11-01,5.2
E06000016,2025-12-01,5.1
E06000016,2026-01-01,5.1
E06000016,2026-02-01,5.5
E06000017,2018-01-01,0.6
E06000017,2018-02-01,0.7
E06000017,2018-03-01,0.7
E06000017,2018-04-01,0.8
E06000017,2018-05-01,0.8
E06000017,2018-06-01,0.8
E06000017,2018-07-01,0.9
E06000017,2018-08-01,0.9
E06000017,2018-09-01,0.9
E06000017,2018-10-01,0.9
E06000017,2018-11-01,0.9
E06000017,2018-12-01,1.0
E06000017,2019-01-01,1.0
E06000017,2019-02-01,1.1
E06000017,2019-03-01,1.1
E06000017,2019-04-01,1.1
E06000017,2019-05-01,1.0
E06000017,2019-06-01,1.0
E06000017,2019-07-01,1.1
E06000017,2019-08-01,1.1
E06000017,2019-09-01,1.1
E06000017,2019-10-01,1.1
E06000017,2019-11-01,1.1
E06000017,2019-12-01,1.2
E06000017,2020-01-01,1.3
E06000017,2020-02-01,1.3
E06000017,2020-03-01,1.2
E06000017,2020-04-01,2.5
E06000017,2020-05-01,3.4
E06000017,2020-06-01,3.3
E06000017,2020-07-01,3.4
E06000017,2020-08-01,3.5
E06000017,2020-09-01,3.4
E06000017,2020-10-01,3.1
E06000017,2020-11-01,3.1
E06000017,2020-12-01,3.2
E06000017,2021-01-01,2.9
E06000017,2021-02-01,3.1
E06000017,2021-03-01,3.2
E06000017,2021-04-01,3.1
E06000017,2021-05-01,2.8
E06000017,2021-06-01,2.5
E06000017,2021-07-01,2.5
E06000017,2021-08-01,2.4
E06000017,2021-09-01,2.3
E06000017,2021-10-01,2.2
E06000017,2021-11-01,2.1
E06000017,2021-12-01,1.9
E06000017,2022-01-01,1.8
E06000017,2022-02-01,1.7
E06000017,2022-03-01,1.5
E06000017,2022-04-01,1.3
E06000017,2022-05-01,1.4
E06000017,2022-06-01,1.3
E06000017,2022-07-01,1.4
E06000017,2022-08-01,1.4
E06000017,2022-09-01,1.4
E06000017,2022-10-01,1.3
E06000017,2022-11-01,1.4
E06000017,2022-12-01,1.4
E06000017,2023-01-01,1.5
E06000017,2023-02-01,1.6
E06000017,2023-03-01,1.7
E06000017,2023-04-01,1.6
E06000017,2023-05-01,1.7
E06000017,2023-06-01,1.7
E06000017,2023-07-01,1.6
E06000017,2023-08-01,1.6
E06000017,2023-09-01,1.5
E06000017,2023-10-01,1.5
E06000017,2023-11-01,1.6
E06000017,2023-12-01,1.7
E06000017,2024-01-01,1.7
E06000017,2024-02-01,1.8
E06000017,2024-03-01,1.8
E06000017,2024-04-01,1.7
E06000017,2024-05-01,1.8
E06000017,2024-06-01,1.7
E06000017,2024-07-01,1.8
E06000017,2024-08-01,1.7
E06000017,2024-09-01,1.9
E06000017,2024-10-01,1.8
E06000017,2024-11-01,1.8
E06000017,2024-12-01,1.7
E06000017,2025-01-01,1.8
E06000017,2025-02-01,1.8
E06000017,2025-03-01,1.9
E06000017,2025-04-01,1.8
E06000017,2025-05-01,1.8
E06000017,2025-06-01,1.8
E06000017,2025-07-01,1.8
E06000017,2025-08-01,1.7
E06000017,2025-09-01,1.7
E06000017,2025-10-01,1.7
E06000017,2025-11-01,1.7
E06000017,2025-12-01,1.7
E06000017,2026-01-01,1.7
E06000017,2026-02-01,1.9
E06000018,2018-01-01,3.2
E06000018,2018-02-01,3.3
E06000018,2018-03-01,3.4
E06000018,2018-04-01,3.4
E06000018,2018-05-01,3.3
E06000018,2018-06-01,3.2
E06000018,2018-07-01,3.1
E06000018,2018-08-01,3.1
E06000018,2018-09-01,3.0
E06000018,2018-10-01,2.9
E06000018,2018-11-01,2.8
E06000018,2018-12-01,2.8
E06000018,2019-01-01,3.1
E06000018,2019-02-01,3.3
E06000018,2019-03-01,3.5
E06000018,2019-04-01,3.7
E06000018,2019-05-01,3.8
E06000018,2019-06-01,3.9
E06000018,2019-07-01,4.0
E06000018,2019-08-01,4.1
E06000018,2019-09-01,4.2
E06000018,2019-10-01,4.3
E06000018,2019-11-01,4.3
E06000018,2019-12-01,4.3
E06000018,2020-01-01,4.4
E06000018,2020-02-01,4.6
E06000018,2020-03-01,4.6
E06000018,2020-04-01,6.4
E06000018,2020-05-01,7.9
E06000018,2020-06-01,7.9
E06000018,2020-07-01,8.0
E06000018,2020-08-01,8.0
E06000018,2020-09-01,8.0
E06000018,2020-10-01,7.9
E06000018,2020-11-01,7.9
E06000018,2020-12-01,7.8
E06000018,2021-01-01,7.8
E06000018,2021-02-01,8.2
E06000018,2021-03-01,8.3
E06000018,2021-04-01,8.2
E06000018,2021-05-01,7.9
E06000018,2021-06-01,7.5
E06000018,2021-07-01,7.3
E06000018,2021-08-01,7.1
E06000018,2021-09-01,6.9
E06000018,2021-10-01,6.6
E06000018,2021-11-01,6.4
E06000018,2021-12-01,6.2
E06000018,2022-01-01,5.9
E06000018,2022-02-01,5.9
E06000018,2022-03-01,5.8
E06000018,2022-04-01,5.5
E06000018,2022-05-01,5.4
E06000018,2022-06-01,5.3
E06000018,2022-07-01,5.2
E06000018,2022-08-01,5.2
E06000018,2022-09-01,5.2
E06000018,2022-10-01,5.1
E06000018,2022-11-01,5.1
E06000018,2022-12-01,5.2
E06000018,2023-01-01,5.2
E06000018,2023-02-01,5.3
E06000018,2023-03-01,5.5
E06000018,2023-04-01,5.6
E06000018,2023-05-01,5.5
E06000018,2023-06-01,5.5
E06000018,2023-07-01,5.5
E06000018,2023-08-01,5.4
E06000018,2023-09-01,5.4
E06000018,2023-10-01,5.3
E06000018,2023-11-01,5.3
E06000018,2023-12-01,5.4
E06000018,2024-01-01,5.4
E06000018,2024-02-01,5.6
E06000018,2024-03-01,5.8
E06000018,2024-04-01,5.8
E06000018,2024-05-01,5.9
E06000018,2024-06-01,6.0
E06000018,2024-07-01,6.4
E06000018,2024-08-01,6.3
E06000018,2024-09-01,6.2
E06000018,2024-10-01,6.2
E06000018,2024-11-01,6.0
E06000018,2024-12-01,6.0
E06000018,2025-01-01,6.0
E06000018,2025-02-01,6.1
E06000018,2025-03-01,6.2
E06000018,2025-04-01,6.1
E06000018,2025-05-01,6.0
E06000018,2025-06-01,6.1
E06000018,2025-07-01,6.0
E06000018,2025-08-01,6.0
E06000018,2025-09-01,5.9
E06000018,2025-10-01,5.9
E06000018,2025-11-01,5.8
E06000018,2025-12-01,5.8
E06000018,2026-01-01,5.8
E06000018,2026-02-01,6.1
E06000019,2018-01-01,1.1
E06000019,2018-02-01,1.1
E06000019,2018-03-01,1.1
E06000019,2018-04-01,1.2
E06000019,2018-05-01,1.1
E06000019,2018-06-01,1.0
E06000019,2018-07-01,1.1
E06000019,2018-08-01,1.1
E06000019,2018-09-01,1.1
E06000019,2018-10-01,1.3
E06000019,2018-11-01,1.3
E06000019,2018-12-01,1.4
E06000019,2019-01-01,1.5
E06000019,2019-02-01,1.6
E06000019,2019-03-01,1.7
E06000019,2019-04-01,1.7
E06000019,2019-05-01,1.7
E06000019,2019-06-01,1.7
E06000019,2019-07-01,1.7
E06000019,2019-08-01,1.7
E06000019,2019-09-01,1.7
E06000019,2019-10-01,1.8
E06000019,2019-11-01,1.9
E06000019,2019-12-01,1.8
E06000019,2020-01-01,1.9
E06000019,2020-02-01,1.9
E06000019,2020-03-01,2.0
E06000019,2020-04-01,3.6
E06000019,2020-05-01,4.7
E06000019,2020-06-01,4.4
E06000019,2020-07-01,4.5
E06000019,2020-08-01,4.7
E06000019,2020-09-01,4.5
E06000019,2020-10-01,4.2
E06000019,2020-11-01,4.3
E06000019,2020-12-01,4.2
E06000019,2021-01-01,4.1
E06000019,2021-02-01,4.4
E06000019,2021-03-01,4.4
E06000019,2021-04-01,4.3
E06000019,2021-05-01,4.0
E06000019,2021-06-01,3.6
E06000019,2021-07-01,3.4
E06000019,2021-08-01,3.3
E06000019,2021-09-01,3.1
E06000019,2021-10-01,2.9
E06000019,2021-11-01,2.8
E06000019,2021-12-01,2.7
E06000019,2022-01-01,2.7
E06000019,2022-02-01,2.7
E06000019,2022-03-01,2.7
E06000019,2022-04-01,2.5
E06000019,2022-05-01,2.5
E06000019,2022-06-01,2.4
E06000019,2022-07-01,2.4
E06000019,2022-08-01,2.4
E06000019,2022-09-01,2.3
E06000019,2022-10-01,2.3
E06000019,2022-11-01,2.3
E06000019,2022-12-01,2.3
E06000019,2023-01-01,2.4
E06000019,2023-02-01,2.4
E06000019,2023-03-01,2.5
E06000019,2023-04-01,2.5
E06000019,2023-05-01,2.4
E06000019,2023-06-01,2.4
E06000019,2023-07-01,2.4
E06000019,2023-08-01,2.4
E06000019,2023-09-01,2.3
E06000019,2023-10-01,2.2
E06000019,2023-11-01,2.3
E06000019,2023-12-01,2.4
E06000019,2024-01-01,2.4
E06000019,2024-02-01,2.4
E06000019,2024-03-01,2.5
E06000019,2024-04-01,2.4
E06000019,2024-05-01,2.5
E06000019,2024-06-01,2.6
E06000019,2024-07-01,2.8
E06000019,2024-08-01,2.9
E06000019,2024-09-01,2.9
E06000019,2024-10-01,2.9
E06000019,2024-11-01,2.8
E06000019,2024-12-01,2.8
E06000019,2025-01-01,2.7
E06000019,2025-02-01,2.9
E06000019,2025-03-01,2.9
E06000019,2025-04-01,2.8
E06000019,2025-05-01,2.6
E06000019,2025-06-01,2.6
E06000019,2025-07-01,2.6
E06000019,2025-08-01,2.6
E06000019,2025-09-01,2.6
E06000019,2025-10-01,2.6
E06000019,2025-11-01,2.5
E06000019,2025-12-01,2.4
E06000019,2026-01-01,2.5
E06000019,2026-02-01,2.6
E06000020,2018-01-01,1.7
E06000020,2018-02-01,1.8
E06000020,2018-03-01,1.9
E06000020,2018-04-01,1.9
E06000020,2018-05-01,1.9
E06000020,2018-06-01,1.8
E06000020,2018-07-01,1.7
E06000020,2018-08-01,1.7
E06000020,2018-09-01,1.7
E06000020,2018-10-01,1.6
E06000020,2018-11-01,1.6
E06000020,2018-12-01,1.6
E06000020,2019-01-01,1.8
E06000020,2019-02-01,2.0
E06000020,2019-03-01,2.1
E06000020,2019-04-01,2.3
E06000020,2019-05-01,2.4
E06000020,2019-06-01,2.5
E06000020,2019-07-01,2.6
E06000020,2019-08-01,2.7
E06000020,2019-09-01,2.8
E06000020,2019-10-01,2.8
E06000020,2019-11-01,2.9
E06000020,2019-12-01,2.9
E06000020,2020-01-01,2.9
E06000020,2020-02-01,2.9
E06000020,2020-03-01,3.0
E06000020,2020-04-01,5.4
E06000020,2020-05-01,6.2
E06000020,2020-06-01,6.0
E06000020,2020-07-01,6.1
E06000020,2020-08-01,6.3
E06000020,2020-09-01,6.2
E06000020,2020-10-01,5.9
E06000020,2020-11-01,6.0
E06000020,2020-12-01,5.9
E06000020,2021-01-01,5.6
E06000020,2021-02-01,5.8
E06000020,2021-03-01,5.7
E06000020,2021-04-01,5.6
E06000020,2021-05-01,5.3
E06000020,2021-06-01,5.0
E06000020,2021-07-01,4.9
E06000020,2021-08-01,4.7
E06000020,2021-09-01,4.5
E06000020,2021-10-01,4.4
E06000020,2021-11-01,4.2
E06000020,2021-12-01,4.1
E06000020,2022-01-01,4.0
E06000020,2022-02-01,4.0
E06000020,2022-03-01,3.9
E06000020,2022-04-01,3.7
E06000020,2022-05-01,3.6
E06000020,2022-06-01,3.5
E06000020,2022-07-01,3.4
E06000020,2022-08-01,3.4
E06000020,2022-09-01,3.4
E06000020,2022-10-01,3.3
E06000020,2022-11-01,3.4
E06000020,2022-12-01,3.3
E06000020,2023-01-01,3.3
E06000020,2023-02-01,3.3
E06000020,2023-03-01,3.3
E06000020,2023-04-01,3.4
E06000020,2023-05-01,3.2
E06000020,2023-06-01,3.3
E06000020,2023-07-01,3.3
E06000020,2023-08-01,3.3
E06000020,2023-09-01,3.3
E06000020,2023-10-01,3.4
E06000020,2023-11-01,3.3
E06000020,2023-12-01,3.3
E06000020,2024-01-01,3.3
E06000020,2024-02-01,3.4
E06000020,2024-03-01,3.4
E06000020,2024-04-01,3.4
E06000020,2024-05-01,3.5
E06000020,2024-06-01,3.6
E06000020,2024-07-01,3.9
E06000020,2024-08-01,3.9
E06000020,2024-09-01,4.0
E06000020,2024-10-01,3.9
E06000020,2024-11-01,3.8
E06000020,2024-12-01,3.8
E06000020,2025-01-01,3.7
E06000020,2025-02-01,3.8
E06000020,2025-03-01,3.8
E06000020,2025-04-01,3.7
E06000020,2025-05-01,3.6
E06000020,2025-06-01,3.7
E06000020,2025-07-01,3.8
E06000020,2025-08-01,3.7
E06000020,2025-09-01,3.8
E06000020,2025-10-01,3.8
E06000020,2025-11-01,3.7
E06000020,2025-12-01,3.7
E06000020,2026-01-01,3.7
E06000020,2026-02-01,3.9
E06000021,2018-01-01,2.5
E06000021,2018-02-01,2.7
E06000021,2018-03-01,2.8
E06000021,2018-04-01,2.7
E06000021,2018-05-01,2.8
E06000021,2018-06-01,2.6
E06000021,2018-07-01,2.5
E06000021,2018-08-01,2.6
E06000021,2018-09-01,2.7
E06000021,2018-10-01,2.8
E06000021,2018-11-01,2.9
E06000021,2018-12-01,3.0
E06000021,2019-01-01,3.2
E06000021,2019-02-01,3.4
E06000021,2019-03-01,3.7
E06000021,2019-04-01,3.8
E06000021,2019-05-01,3.9
E06000021,2019-06-01,4.0
E06000021,2019-07-01,4.0
E06000021,2019-08-01,4.1
E06000021,2019-09-01,4.0
E06000021,2019-10-01,4.1
E06000021,2019-11-01,4.1
E06000021,2019-12-01,4.2
E06000021,2020-01-01,4.3
E06000021,2020-02-01,4.4
E06000021,2020-03-01,4.5
E06000021,2020-04-01,6.5
E06000021,2020-05-01,8.0
E06000021,2020-06-01,7.9
E06000021,2020-07-01,7.9
E06000021,2020-08-01,8.0
E06000021,2020-09-01,8.0
E06000021,2020-10-01,7.8
E06000021,2020-11-01,7.8
E06000021,2020-12-01,7.7
E06000021,2021-01-01,7.7
E06000021,2021-02-01,8.1
E06000021,2021-03-01,8.0
E06000021,2021-04-01,7.9
E06000021,2021-05-01,7.5
E06000021,2021-06-01,7.2
E06000021,2021-07-01,7.2
E06000021,2021-08-01,7.0
E06000021,2021-09-01,6.7
E06000021,2021-10-01,6.4
E06000021,2021-11-01,6.2
E06000021,2021-12-01,6.0
E06000021,2022-01-01,5.9
E06000021,2022-02-01,5.8
E06000021,2022-03-01,5.8
E06000021,2022-04-01,5.6
E06000021,2022-05-01,5.4
E06000021,2022-06-01,5.3
E06000021,2022-07-01,5.2
E06000021,2022-08-01,5.2
E06000021,2022-09-01,5.1
E06000021,2022-10-01,5.1
E06000021,2022-11-01,5.2
E06000021,2022-12-01,5.1
E06000021,2023-01-01,5.1
E06000021,2023-02-01,5.2
E06000021,2023-03-01,5.4
E06000021,2023-04-01,5.5
E06000021,2023-05-01,5.2
E06000021,2023-06-01,5.3
E06000021,2023-07-01,5.3
E06000021,2023-08-01,5.3
E06000021,2023-09-01,5.2
E06000021,2023-10-01,5.1
E06000021,2023-11-01,5.2
E06000021,2023-12-01,5.2
E06000021,2024-01-01,5.3
E06000021,2024-02-01,5.5
E06000021,2024-03-01,5.7
E06000021,2024-04-01,5.8
E06000021,2024-05-01,5.7
E06000021,2024-06-01,5.7
E06000021,2024-07-01,6.0
E06000021,2024-08-01,5.9
E06000021,2024-09-01,6.0
E06000021,2024-10-01,6.0
E06000021,2024-11-01,5.9
E06000021,2024-12-01,5.7
E06000021,2025-01-01,5.8
E06000021,2025-02-01,6.0
E06000021,2025-03-01,5.9
E06000021,2025-04-01,5.7
E06000021,2025-05-01,5.7
E06000021,2025-06-01,5.7
E06000021,2025-07-01,5.6
E06000021,2025-08-01,5.6
E06000021,2025-09-01,5.5
E06000021,2025-10-01,5.4
E06000021,2025-11-01,5.3
E06000021,2025-12-01,5.2
E06000021,2026-01-01,5.2
E06000021,2026-02-01,5.5
E06000022,2018-01-01,1.6
E06000022,2018-02-01,1.7
E06000022,2018-03-01,1.7
E06000022,2018-04-01,1.9
E06000022,2018-05-01,1.8
E06000022,2018-06-01,1.7
E06000022,2018-07-01,1.7
E06000022,2018-08-01,1.7
E06000022,2018-09-01,1.7
E06000022,2018-10-01,1.7
E06000022,2018-11-01,1.7
E06000022,2018-12-01,1.7
E06000022,2019-01-01,1.7
E06000022,2019-02-01,1.8
E06000022,2019-03-01,1.8
E06000022,2019-04-01,1.8
E06000022,2019-05-01,1.8
E06000022,2019-06-01,1.8
E06000022,2019-07-01,1.8
E06000022,2019-08-01,1.8
E06000022,2019-09-01,1.9
E06000022,2019-10-01,1.9
E06000022,2019-11-01,1.8
E06000022,2019-12-01,1.8
E06000022,2020-01-01,1.7
E06000022,2020-02-01,1.8
E06000022,2020-03-01,1.7
E06000022,2020-04-01,3.1
E06000022,2020-05-01,4.2
E06000022,2020-06-01,4.0
E06000022,2020-07-01,4.2
E06000022,2020-08-01,4.3
E06000022,2020-09-01,4.3
E06000022,2020-10-01,4.0
E06000022,2020-11-01,4.1
E06000022,2020-12-01,4.0
E06000022,2021-01-01,3.9
E06000022,2021-02-01,4.0
E06000022,2021-03-01,4.1
E06000022,2021-04-01,4.0
E06000022,2021-05-01,3.7
E06000022,2021-06-01,3.3
E06000022,2021-07-01,3.2
E06000022,2021-08-01,3.1
E06000022,2021-09-01,2.9
E06000022,2021-10-01,2.7
E06000022,2021-11-01,2.6
E06000022,2021-12-01,2.5
E06000022,2022-01-01,2.4
E06000022,2022-02-01,2.3
E06000022,2022-03-01,2.3
E06000022,2022-04-01,2.1
E06000022,2022-05-01,1.9
E06000022,2022-06-01,1.8
E06000022,2022-07-01,1.8
E06000022,2022-08-01,1.7
E06000022,2022-09-01,1.7
E06000022,2022-10-01,1.7
E06000022,2022-11-01,1.7
E06000022,2022-12-01,1.7
E06000022,2023-01-01,1.7
E06000022,2023-02-01,1.7
E06000022,2023-03-01,1.7
E06000022,2023-04-01,1.8
E06000022,2023-05-01,1.7
E06000022,2023-06-01,1.7
E06000022,2023-07-01,1.7
E06000022,2023-08-01,1.7
E06000022,2023-09-01,1.7
E06000022,2023-10-01,1.7
E06000022,2023-11-01,1.7
E06000022,2023-12-01,1.7
E06000022,2024-01-01,1.8
E06000022,2024-02-01,1.8
E06000022,2024-03-01,1.8
E06000022,2024-04-01,1.8
E06000022,2024-05-01,1.8
E06000022,2024-06-01,1.8
E06000022,2024-07-01,2.0
E06000022,2024-08-01,1.9
E06000022,2024-09-01,2.0
E06000022,2024-10-01,1.9
E06000022,2024-11-01,1.9
E06000022,2024-12-01,1.9
E06000022,2025-01-01,1.8
E06000022,2025-02-01,2.0
E06000022,2025-03-01,2.0
E06000022,2025-04-01,1.9
E06000022,2025-05-01,1.9
E06000022,2025-06-01,1.9
E06000022,2025-07-01,1.9
E06000022,2025-08-01,1.9
E06000022,2025-09-01,1.9
E06000022,2025-10-01,1.8
E06000022,2025-11-01,1.8
E06000022,2025-12-01,1.8
E06000022,2026-01-01,1.8
E06000022,2026-02-01,2.0
E06000023,2018-01-01,1.6
E06000023,2018-02-01,1.7
E06000023,2018-03-01,1.7
E06000023,2018-04-01,1.7
E06000023,2018-05-01,1.6
E06000023,2018-06-01,1.6
E06000023,2018-07-01,1.6
E06000023,2018-08-01,1.6
E06000023,2018-09-01,1.6
E06000023,2018-10-01,1.7
E06000023,2018-11-01,1.8
E06000023,2018-12-01,1.9
E06000023,2019-01-01,2.0
E06000023,2019-02-01,2.1
E06000023,2019-03-01,2.1
E06000023,2019-04-01,2.2
E06000023,2019-05-01,2.3
E06000023,2019-06-01,2.4
E06000023,2019-07-01,2.4
E06000023,2019-08-01,2.5
E06000023,2019-09-01,2.5
E06000023,2019-10-01,2.5
E06000023,2019-11-01,2.5
E06000023,2019-12-01,2.5
E06000023,2020-01-01,2.5
E06000023,2020-02-01,2.5
E06000023,2020-03-01,2.6
E06000023,2020-04-01,4.6
E06000023,2020-05-01,6.2
E06000023,2020-06-01,6.0
E06000023,2020-07-01,6.2
E06000023,2020-08-01,6.3
E06000023,2020-09-01,6.2
E06000023,2020-10-01,6.0
E06000023,2020-11-01,6.0
E06000023,2020-12-01,5.9
E06000023,2021-01-01,5.7
E06000023,2021-02-01,6.0
E06000023,2021-03-01,6.0
E06000023,2021-04-01,5.9
E06000023,2021-05-01,5.5
E06000023,2021-06-01,5.1
E06000023,2021-07-01,5.0
E06000023,2021-08-01,4.8
E06000023,2021-09-01,4.5
E06000023,2021-10-01,4.4
E06000023,2021-11-01,4.2
E06000023,2021-12-01,4.1
E06000023,2022-01-01,3.8
E06000023,2022-02-01,3.8
E06000023,2022-03-01,3.7
E06000023,2022-04-01,3.5
E06000023,2022-05-01,3.4
E06000023,2022-06-01,3.3
E06000023,2022-07-01,3.2
E06000023,2022-08-01,3.2
E06000023,2022-09-01,3.2
E06000023,2022-10-01,3.2
E06000023,2022-11-01,3.2
E06000023,2022-12-01,3.2
E06000023,2023-01-01,3.1
E06000023,2023-02-01,3.2
E06000023,2023-03-01,3.2
E06000023,2023-04-01,3.2
E06000023,2023-05-01,3.2
E06000023,2023-06-01,3.2
E06000023,2023-07-01,3.2
E06000023,2023-08-01,3.2
E06000023,2023-09-01,3.2
E06000023,2023-10-01,3.3
E06000023,2023-11-01,3.3
E06000023,2023-12-01,3.3
E06000023,2024-01-01,3.3
E06000023,2024-02-01,3.4
E06000023,2024-03-01,3.3
E06000023,2024-04-01,3.3
E06000023,2024-05-01,3.2
E06000023,2024-06-01,3.3
E06000023,2024-07-01,3.5
E06000023,2024-08-01,3.6
E06000023,2024-09-01,3.6
E06000023,2024-10-01,3.6
E06000023,2024-11-01,3.5
E06000023,2024-12-01,3.4
E06000023,2025-01-01,3.4
E06000023,2025-02-01,3.6
E06000023,2025-03-01,3.6
E06000023,2025-04-01,3.5
E06000023,2025-05-01,3.6
E06000023,2025-06-01,3.6
E06000023,2025-07-01,3.5
E06000023,2025-08-01,3.5
E06000023,2025-09-01,3.5
E06000023,2025-10-01,3.6
E06000023,2025-11-01,3.6
E06000023,2025-12-01,3.5
E06000023,2026-01-01,3.5
E06000023,2026-02-01,3.7
E06000024,2018-01-01,1.4
E06000024,2018-02-01,1.5
E06000024,2018-03-01,1.5
E06000024,2018-04-01,1.8
E06000024,2018-05-01,1.6
E06000024,2018-06-01,1.6
E06000024,2018-07-01,1.6
E06000024,2018-08-01,1.7
E06000024,2018-09-01,1.7
E06000024,2018-10-01,1.8
E06000024,2018-11-01,1.8
E06000024,2018-12-01,1.8
E06000024,2019-01-01,1.8
E06000024,2019-02-01,2.0
E06000024,2019-03-01,2.0
E06000024,2019-04-01,2.0
E06000024,2019-05-01,1.9
E06000024,2019-06-01,2.0
E06000024,2019-07-01,2.0
E06000024,2019-08-01,2.0
E06000024,2019-09-01,2.0
E06000024,2019-10-01,2.1
E06000024,2019-11-01,2.1
E06000024,2019-12-01,2.1
E06000024,2020-01-01,2.1
E06000024,2020-02-01,2.1
E06000024,2020-03-01,2.0
E06000024,2020-04-01,4.0
E06000024,2020-05-01,4.9
E06000024,2020-06-01,4.7
E06000024,2020-07-01,4.8
E06000024,2020-08-01,4.8
E06000024,2020-09-01,4.6
E06000024,2020-10-01,4.4
E06000024,2020-11-01,4.5
E06000024,2020-12-01,4.5
E06000024,2021-01-01,4.4
E06000024,2021-02-01,4.5
E06000024,2021-03-01,4.5
E06000024,2021-04-01,4.4
E06000024,2021-05-01,4.0
E06000024,2021-06-01,3.6
E06000024,2021-07-01,3.6
E06000024,2021-08-01,3.4
E06000024,2021-09-01,3.2
E06000024,2021-10-01,3.1
E06000024,2021-11-01,3.0
E06000024,2021-12-01,2.9
E06000024,2022-01-01,2.8
E06000024,2022-02-01,2.8
E06000024,2022-03-01,2.7
E06000024,2022-04-01,2.5
E06000024,2022-05-01,2.4
E06000024,2022-06-01,2.3
E06000024,2022-07-01,2.3
E06000024,2022-08-01,2.3
E06000024,2022-09-01,2.3
E06000024,2022-10-01,2.2
E06000024,2022-11-01,2.3
E06000024,2022-12-01,2.3
E06000024,2023-01-01,2.2
E06000024,2023-02-01,2.3
E06000024,2023-03-01,2.3
E06000024,2023-04-01,2.4
E06000024,2023-05-01,2.2
E06000024,2023-06-01,2.2
E06000024,2023-07-01,2.2
E06000024,2023-08-01,2.2
E06000024,2023-09-01,2.3
E06000024,2023-10-01,2.3
E06000024,2023-11-01,2.4
E06000024,2023-12-01,2.4
E06000024,2024-01-01,2.4
E06000024,2024-02-01,2.5
E06000024,2024-03-01,2.5
E06000024,2024-04-01,2.5
E06000024,2024-05-01,2.4
E06000024,2024-06-01,2.4
E06000024,2024-07-01,2.6
E06000024,2024-08-01,2.6
E06000024,2024-09-01,2.7
E06000024,2024-10-01,2.5
E06000024,2024-11-01,2.4
E06000024,2024-12-01,2.4
E06000024,2025-01-01,2.4
E06000024,2025-02-01,2.5
E06000024,2025-03-01,2.5
E06000024,2025-04-01,2.4
E06000024,2025-05-01,2.4
E06000024,2025-06-01,2.4
E06000024,2025-07-01,2.4
E06000024,2025-08-01,2.4
E06000024,2025-09-01,2.4
E06000024,2025-10-01,2.4
E06000024,2025-11-01,2.4
E06000024,2025-12-01,2.4
E06000024,2026-01-01,2.4
E06000024,2026-02-01,2.5
E06000025,2018-01-01,0.9
E06000025,2018-02-01,0.9
E06000025,2018-03-01,0.9
E06000025,2018-04-01,0.9
E06000025,2018-05-01,0.9
E06000025,2018-06-01,0.8
E06000025,2018-07-01,0.8
E06000025,2018-08-01,0.8
E06000025,2018-09-01,0.8
E06000025,2018-10-01,0.8
E06000025,2018-11-01,0.8
E06000025,2018-12-01,0.9
E06000025,2019-01-01,0.9
E06000025,2019-02-01,1.1
E06000025,2019-03-01,1.1
E06000025,2019-04-01,1.2
E06000025,2019-05-01,1.2
E06000025,2019-06-01,1.2
E06000025,2019-07-01,1.3
E06000025,2019-08-01,1.3
E06000025,2019-09-01,1.3
E06000025,2019-10-01,1.3
E06000025,2019-11-01,1.4
E06000025,2019-12-01,1.4
E06000025,2020-01-01,1.3
E06000025,2020-02-01,1.4
E06000025,2020-03-01,1.4
E06000025,2020-04-01,2.9
E06000025,2020-05-01,4.0
E06000025,2020-06-01,3.7
E06000025,2020-07-01,3.8
E06000025,2020-08-01,4.0
E06000025,2020-09-01,3.9
E06000025,2020-10-01,3.6
E06000025,2020-11-01,3.6
E06000025,2020-12-01,3.6
E06000025,2021-01-01,3.4
E06000025,2021-02-01,3.6
E06000025,2021-03-01,3.6
E06000025,2021-04-01,3.5
E06000025,2021-05-01,3.2
E06000025,2021-06-01,2.9
E06000025,2021-07-01,2.8
E06000025,2021-08-01,2.7
E06000025,2021-09-01,2.5
E06000025,2021-10-01,2.4
E06000025,2021-11-01,2.3
E06000025,2021-12-01,2.2
E06000025,2022-01-01,2.1
E06000025,2022-02-01,2.0
E06000025,2022-03-01,2.0
E06000025,2022-04-01,1.8
E06000025,2022-05-01,1.8
E06000025,2022-06-01,1.7
E06000025,2022-07-01,1.7
E06000025,2022-08-01,1.7
E06000025,2022-09-01,1.7
E06000025,2022-10-01,1.7
E06000025,2022-11-01,1.7
E06000025,2022-12-01,1.7
E06000025,2023-01-01,1.6
E06000025,2023-02-01,1.7
E06000025,2023-03-01,1.6
E06000025,2023-04-01,1.7
E06000025,2023-05-01,1.6
E06000025,2023-06-01,1.7
E06000025,2023-07-01,1.7
E06000025,2023-08-01,1.7
E06000025,2023-09-01,1.6
E06000025,2023-10-01,1.7
E06000025,2023-11-01,1.7
E06000025,2023-12-01,1.7
E06000025,2024-01-01,1.7
E06000025,2024-02-01,1.8
E06000025,2024-03-01,1.8
E06000025,2024-04-01,1.8
E06000025,2024-05-01,1.8
E06000025,2024-06-01,1.8
E06000025,2024-07-01,2.0
E06000025,2024-08-01,2.0
E06000025,2024-09-01,2.0
E06000025,2024-10-01,2.0
E06000025,2024-11-01,1.9
E06000025,2024-12-01,1.9
E06000025,2025-01-01,1.9
E06000025,2025-02-01,2.0
E06000025,2025-03-01,2.1
E06000025,2025-04-01,2.0
E06000025,2025-05-01,2.0
E06000025,2025-06-01,2.0
E06000025,2025-07-01,2.0
E06000025,2025-08-01,2.0
E06000025,2025-09-01,2.0
E06000025,2025-10-01,2.0
E06000025,2025-11-01,2.0
E06000025,2025-12-01,2.0
E06000025,2026-01-01,2.0
E06000025,2026-02-01,2.1
E06000026,2018-01-01,2.1
E06000026,2018-02-01,2.1
E06000026,2018-03-01,2.2
E06000026,2018-04-01,2.5
E06000026,2018-05-01,2.5
E06000026,2018-06-01,2.6
E06000026,2018-07-01,2.7
E06000026,2018-08-01,2.7
E06000026,2018-09-01,2.8
E06000026,2018-10-01,2.8
E06000026,2018-11-01,2.9
E06000026,2018-12-01,3.0
E06000026,2019-01-01,3.1
E06000026,2019-02-01,3.2
E06000026,2019-03-01,3.2
E06000026,2019-04-01,3.2
E06000026,2019-05-01,3.2
E06000026,2019-06-01,3.2
E06000026,2019-07-01,3.1
E06000026,2019-08-01,3.2
E06000026,2019-09-01,3.1
E06000026,2019-10-01,3.1
E06000026,2019-11-01,3.2
E06000026,2019-12-01,3.2
E06000026,2020-01-01,3.2
E06000026,2020-02-01,3.5
E06000026,2020-03-01,3.4
E06000026,2020-04-01,5.6
E06000026,2020-05-01,6.4
E06000026,2020-06-01,6.1
E06000026,2020-07-01,6.3
E06000026,2020-08-01,6.4
E06000026,2020-09-01,6.3
E06000026,2020-10-01,5.9
E06000026,2020-11-01,6.0
E06000026,2020-12-01,5.8
E06000026,2021-01-01,5.7
E06000026,2021-02-01,5.9
E06000026,2021-03-01,5.9
E06000026,2021-04-01,5.8
E06000026,2021-05-01,5.4
E06000026,2021-06-01,5.0
E06000026,2021-07-01,4.9
E06000026,2021-08-01,4.7
E06000026,2021-09-01,4.5
E06000026,2021-10-01,4.4
E06000026,2021-11-01,4.2
E06000026,2021-12-01,4.0
E06000026,2022-01-01,3.9
E06000026,2022-02-01,3.9
E06000026,2022-03-01,3.7
E06000026,2022-04-01,3.5
E06000026,2022-05-01,3.4
E06000026,2022-06-01,3.3
E06000026,2022-07-01,3.2
E06000026,2022-08-01,3.1
E06000026,2022-09-01,3.1
E06000026,2022-10-01,3.0
E06000026,2022-11-01,3.1
E06000026,2022-12-01,3.2
E06000026,2023-01-01,3.1
E06000026,2023-02-01,3.1
E06000026,2023-03-01,3.2
E06000026,2023-04-01,3.2
E06000026,2023-05-01,3.1
E06000026,2023-06-01,3.1
E06000026,2023-07-01,3.2
E06000026,2023-08-01,3.2
E06000026,2023-09-01,3.2
E06000026,2023-10-01,3.2
E06000026,2023-11-01,3.2
E06000026,2023-12-01,3.2
E06000026,2024-01-01,3.2
E06000026,2024-02-01,3.4
E06000026,2024-03-01,3.4
E06000026,2024-04-01,3.3
E06000026,2024-05-01,3.3
E06000026,2024-06-01,3.3
E06000026,2024-07-01,3.5
E06000026,2024-08-01,3.5
E06000026,2024-09-01,3.4
E06000026,2024-10-01,3.3
E06000026,2024-11-01,3.3
E06000026,2024-12-01,3.3
E06000026,2025-01-01,3.3
E06000026,2025-02-01,3.5
E06000026,2025-03-01,3.5
E06000026,2025-04-01,3.5
E06000026,2025-05-01,3.4
E06000026,2025-06-01,3.4
E06000026,2025-07-01,3.3
E06000026,2025-08-01,3.3
E06000026,2025-09-01,3.3
E06000026,2025-10-01,3.3
E06000026,2025-11-01,3.3
E06000026,2025-12-01,3.3
E06000026,2026-01-01,3.4
E06000026,2026-02-01,3.5
E06000027,2018-01-01,2.2
E06000027,2018-02-01,2.3
E06000027,2018-03-01,2.3
E06000027,2018-04-01,2.2
E06000027,2018-05-01,2.1
E06000027,2018-06-01,1.9
E06000027,2018-07-01,1.8
E06000027,2018-08-01,1.8
E06000027,2018-09-01,1.7
E06000027,2018-10-01,1.8
E06000027,2018-11-01,2.0
E06000027,2018-12-01,2.3
E06000027,2019-01-01,2.5
E06000027,2019-02-01,2.8
E06000027,2019-03-01,2.9
E06000027,2019-04-01,3.0
E06000027,2019-05-01,3.0
E06000027,2019-06-01,2.9
E06000027,2019-07-01,2.9
E06000027,2019-08-01,2.9
E06000027,2019-09-01,2.9
E06000027,2019-10-01,3.0
E06000027,2019-11-01,3.0
E06000027,2019-12-01,3.0
E06000027,2020-01-01,3.1
E06000027,2020-02-01,3.4
E06000027,2020-03-01,3.4
E06000027,2020-04-01,6.9
E06000027,2020-05-01,7.8
E06000027,2020-06-01,7.4
E06000027,2020-07-01,7.5
E06000027,2020-08-01,7.5
E06000027,2020-09-01,7.3
E06000027,2020-10-01,6.7
E06000027,2020-11-01,7.0
E06000027,2020-12-01,6.9
E06000027,2021-01-01,6.6
E06000027,2021-02-01,7.1
E06000027,2021-03-01,7.0
E06000027,2021-04-01,6.8
E06000027,2021-05-01,6.1
E06000027,2021-06-01,5.4
E06000027,2021-07-01,5.2
E06000027,2021-08-01,4.8
E06000027,2021-09-01,4.4
E06000027,2021-10-01,4.3
E06000027,2021-11-01,4.1
E06000027,2021-12-01,4.0
E06000027,2022-01-01,4.0
E06000027,2022-02-01,4.0
E06000027,2022-03-01,4.0
E06000027,2022-04-01,3.6
E06000027,2022-05-01,3.4
E06000027,2022-06-01,3.2
E06000027,2022-07-01,3.2
E06000027,2022-08-01,3.1
E06000027,2022-09-01,3.1
E06000027,2022-10-01,3.0
E06000027,2022-11-01,3.1
E06000027,2022-12-01,3.1
E06000027,2023-01-01,3.2
E06000027,2023-02-01,3.2
E06000027,2023-03-01,3.3
E06000027,2023-04-01,3.3
E06000027,2023-05-01,3.0
E06000027,2023-06-01,3.1
E06000027,2023-07-01,3.1
E06000027,2023-08-01,3.1
E06000027,2023-09-01,3.2
E06000027,2023-10-01,3.1
E06000027,2023-11-01,3.2
E06000027,2023-12-01,3.2
E06000027,2024-01-01,3.2
E06000027,2024-02-01,3.4
E06000027,2024-03-01,3.4
E06000027,2024-04-01,3.3
E06000027,2024-05-01,3.2
E06000027,2024-06-01,3.2
E06000027,2024-07-01,3.3
E06000027,2024-08-01,3.4
E06000027,2024-09-01,3.4
E06000027,2024-10-01,3.1
E06000027,2024-11-01,3.2
E06000027,2024-12-01,3.2
E06000027,2025-01-01,3.4
E06000027,2025-02-01,3.5
E06000027,2025-03-01,3.5
E06000027,2025-04-01,3.4
E06000027,2025-05-01,3.3
E06000027,2025-06-01,3.3
E06000027,2025-07-01,3.2
E06000027,2025-08-01,3.2
E06000027,2025-09-01,3.1
E06000027,2025-10-01,3.2
E06000027,2025-11-01,3.3
E06000027,2025-12-01,3.4
E06000027,2026-01-01,3.5
E06000027,2026-02-01,3.6
E06000030,2018-01-01,1.9
E06000030,2018-02-01,2.1
E06000030,2018-03-01,2.1
E06000030,2018-04-01,2.3
E06000030,2018-05-01,2
E06000030,2018-06-01,2.0
E06000030,2018-07-01,2.0
E06000030,2018-08-01,2.1
E06000030,2018-09-01,2.1
E06000030,2018-10-01,2.1
E06000030,2018-11-01,2.1
E06000030,2018-12-01,2.0
E06000030,2019-01-01,2.1
E06000030,2019-02-01,2.2
E06000030,2019-03-01,2.2
E06000030,2019-04-01,2.2
E06000030,2019-05-01,2.2
E06000030,2019-06-01,2.3
E06000030,2019-07-01,2.3
E06000030,2019-08-01,2.3
E06000030,2019-09-01,2.3
E06000030,2019-10-01,2.3
E06000030,2019-11-01,2.2
E06000030,2019-12-01,2.2
E06000030,2020-01-01,2.2
E06000030,2020-02-01,2.3
E06000030,2020-03-01,2.3
E06000030,2020-04-01,4.2
E06000030,2020-05-01,5.7
E06000030,2020-06-01,5.4
E06000030,2020-07-01,5.5
E06000030,2020-08-01,5.6
E06000030,2020-09-01,5.5
E06000030,2020-10-01,5.3
E06000030,2020-11-01,5.3
E06000030,2020-12-01,5.2
E06000030,2021-01-01,5.2
E06000030,2021-02-01,5.5
E06000030,2021-03-01,5.4
E06000030,2021-04-01,5.3
E06000030,2021-05-01,4.9
E06000030,2021-06-01,4.6
E06000030,2021-07-01,4.5
E06000030,2021-08-01,4.4
E06000030,2021-09-01,4.3
E06000030,2021-10-01,4.2
E06000030,2021-11-01,4.0
E06000030,2021-12-01,3.8
E06000030,2022-01-01,3.7
E06000030,2022-02-01,3.7
E06000030,2022-03-01,3.5
E06000030,2022-04-01,3.3
E06000030,2022-05-01,3.1
E06000030,2022-06-01,3.1
E06000030,2022-07-01,2.9
E06000030,2022-08-01,2.9
E06000030,2022-09-01,3.0
E06000030,2022-10-01,3.0
E06000030,2022-11-01,2.9
E06000030,2022-12-01,3.0
E06000030,2023-01-01,2.9
E06000030,2023-02-01,2.9
E06000030,2023-03-01,2.9
E06000030,2023-04-01,3.0
E06000030,2023-05-01,2.8
E06000030,2023-06-01,2.8
E06000030,2023-07-01,2.8
E06000030,2023-08-01,2.9
E06000030,2023-09-01,3.0
E06000030,2023-10-01,2.9
E06000030,2023-11-01,3.0
E06000030,2023-12-01,3.0
E06000030,2024-01-01,2.9
E06000030,2024-02-01,3.1
E06000030,2024-03-01,3.2
E06000030,2024-04-01,3.1
E06000030,2024-05-01,3.2
E06000030,2024-06-01,3.2
E06000030,2024-07-01,3.4
E06000030,2024-08-01,3.4
E06000030,2024-09-01,3.4
E06000030,2024-10-01,3.4
E06000030,2024-11-01,3.3
E06000030,2024-12-01,3.2
E06000030,2025-01-01,3.2
E06000030,2025-02-01,3.3
E06000030,2025-03-01,3.3
E06000030,2025-04-01,3.3
E06000030,2025-05-01,3.2
E06000030,2025-06-01,3.2
E06000030,2025-07-01,3.2
E06000030,2025-08-01,3.3
E06000030,2025-09-01,3.3
E06000030,2025-10-01,3.3
E06000030,2025-11-01,3.2
E06000030,2025-12-01,3.2
E06000030,2026-01-01,3.2
E06000030,2026-02-01,3.4
E06000031,2018-01-01,1.4
E06000031,2018-02-01,1.6
E06000031,2018-03-01,1.9
E06000031,2018-04-01,2.2
E06000031,2018-05-01,2.2
E06000031,2018-06-01,2.3
E06000031,2018-07-01,2.3
E06000031,2018-08-01,2.4
E06000031,2018-09-01,2.5
E06000031,2018-10-01,2.5
E06000031,2018-11-01,2.5
E06000031,2018-12-01,2.5
E06000031,2019-01-01,2.5
E06000031,2019-02-01,2.8
E06000031,2019-03-01,2.9
E06000031,2019-04-01,2.9
E06000031,2019-05-01,2.9
E06000031,2019-06-01,3.0
E06000031,2019-07-01,3.0
E06000031,2019-08-01,3.1
E06000031,2019-09-01,3.0
E06000031,2019-10-01,3.1
E06000031,2019-11-01,3.2
E06000031,2019-12-01,3.1
E06000031,2020-01-01,3.2
E06000031,2020-02-01,3.4
E06000031,2020-03-01,3.5
E06000031,2020-04-01,5.1
E06000031,2020-05-01,7.1
E06000031,2020-06-01,7.0
E06000031,2020-07-01,7.1
E06000031,2020-08-01,7.1
E06000031,2020-09-01,7.1
E06000031,2020-10-01,6.9
E06000031,2020-11-01,6.9
E06000031,2020-12-01,6.9
E06000031,2021-01-01,6.8
E06000031,2021-02-01,7.3
E06000031,2021-03-01,7.6
E06000031,2021-04-01,7.5
E06000031,2021-05-01,7.2
E06000031,2021-06-01,6.8
E06000031,2021-07-01,6.6
E06000031,2021-08-01,6.4
E06000031,2021-09-01,6.1
E06000031,2021-10-01,5.9
E06000031,2021-11-01,5.7
E06000031,2021-12-01,5.4
E06000031,2022-01-01,5.3
E06000031,2022-02-01,5.3
E06000031,2022-03-01,5.2
E06000031,2022-04-01,4.9
E06000031,2022-05-01,4.9
E06000031,2022-06-01,4.8
E06000031,2022-07-01,4.7
E06000031,2022-08-01,4.7
E06000031,2022-09-01,4.7
E06000031,2022-10-01,4.6
E06000031,2022-11-01,4.5
E06000031,2022-12-01,4.6
E06000031,2023-01-01,4.5
E06000031,2023-02-01,4.6
E06000031,2023-03-01,5.0
E06000031,2023-04-01,5.3
E06000031,2023-05-01,5.0
E06000031,2023-06-01,5.1
E06000031,2023-07-01,5.3
E06000031,2023-08-01,5.1
E06000031,2023-09-01,5.0
E06000031,2023-10-01,5.0
E06000031,2023-11-01,5.0
E06000031,2023-12-01,5.0
E06000031,2024-01-01,5.0
E06000031,2024-02-01,5.2
E06000031,2024-03-01,5.5
E06000031,2024-04-01,5.5
E06000031,2024-05-01,5.6
E06000031,2024-06-01,5.6
E06000031,2024-07-01,6.2
E06000031,2024-08-01,6.1
E06000031,2024-09-01,5.9
E06000031,2024-10-01,5.8
E06000031,2024-11-01,5.7
E06000031,2024-12-01,5.6
E06000031,2025-01-01,5.6
E06000031,2025-02-01,5.7
E06000031,2025-03-01,5.7
E06000031,2025-04-01,5.5
E06000031,2025-05-01,5.5
E06000031,2025-06-01,5.6
E06000031,2025-07-01,5.4
E06000031,2025-08-01,5.3
E06000031,2025-09-01,5.3
E06000031,2025-10-01,5.3
E06000031,2025-11-01,5.2
E06000031,2025-12-01,5.2
E06000031,2026-01-01,5.2
E06000031,2026-02-01,5.5
E06000032,2018-01-01,1.8
E06000032,2018-02-01,1.8
E06000032,2018-03-01,1.8
E06000032,2018-04-01,1.8
E06000032,2018-05-01,1.8
E06000032,2018-06-01,1.8
E06000032,2018-07-01,1.8
E06000032,2018-08-01,1.7
E06000032,2018-09-01,1.7
E06000032,2018-10-01,1.7
E06000032,2018-11-01,1.7
E06000032,2018-12-01,1.8
E06000032,2019-01-01,1.9
E06000032,2019-02-01,2.0
E06000032,2019-03-01,2.2
E06000032,2019-04-01,2.3
E06000032,2019-05-01,2.3
E06000032,2019-06-01,2.5
E06000032,2019-07-01,2.6
E06000032,2019-08-01,2.7
E06000032,2019-09-01,2.8
E06000032,2019-10-01,2.8
E06000032,2019-11-01,2.9
E06000032,2019-12-01,3.0
E06000032,2020-01-01,3.0
E06000032,2020-02-01,3.1
E06000032,2020-03-01,3.1
E06000032,2020-04-01,4.8
E06000032,2020-05-01,7.6
E06000032,2020-06-01,7.6
E06000032,2020-07-01,7.8
E06000032,2020-08-01,7.9
E06000032,2020-09-01,7.9
E06000032,2020-10-01,7.8
E06000032,2020-11-01,7.9
E06000032,2020-12-01,7.9
E06000032,2021-01-01,7.7
E06000032,2021-02-01,8.3
E06000032,2021-03-01,8.4
E06000032,2021-04-01,8.5
E06000032,2021-05-01,8.2
E06000032,2021-06-01,7.6
E06000032,2021-07-01,7.5
E06000032,2021-08-01,7.2
E06000032,2021-09-01,6.9
E06000032,2021-10-01,6.7
E06000032,2021-11-01,6.5
E06000032,2021-12-01,6.3
E06000032,2022-01-01,6.2
E06000032,2022-02-01,6.1
E06000032,2022-03-01,6.0
E06000032,2022-04-01,5.7
E06000032,2022-05-01,5.6
E06000032,2022-06-01,5.4
E06000032,2022-07-01,5.2
E06000032,2022-08-01,5.1
E06000032,2022-09-01,5.1
E06000032,2022-10-01,4.9
E06000032,2022-11-01,5.0
E06000032,2022-12-01,5.0
E06000032,2023-01-01,4.8
E06000032,2023-02-01,4.9
E06000032,2023-03-01,5.1
E06000032,2023-04-01,5.4
E06000032,2023-05-01,5.3
E06000032,2023-06-01,5.3
E06000032,2023-07-01,5.4
E06000032,2023-08-01,5.4
E06000032,2023-09-01,5.5
E06000032,2023-10-01,5.5
E06000032,2023-11-01,5.4
E06000032,2023-12-01,5.5
E06000032,2024-01-01,5.4
E06000032,2024-02-01,5.5
E06000032,2024-03-01,5.6
E06000032,2024-04-01,5.6
E06000032,2024-05-01,5.6
E06000032,2024-06-01,6.0
E06000032,2024-07-01,6.8
E06000032,2024-08-01,6.9
E06000032,2024-09-01,7.0
E06000032,2024-10-01,7.0
E06000032,2024-11-01,6.9
E06000032,2024-12-01,6.7
E06000032,2025-01-01,6.8
E06000032,2025-02-01,7.0
E06000032,2025-03-01,7.1
E06000032,2025-04-01,7.0
E06000032,2025-05-01,7.1
E06000032,2025-06-01,7.2
E06000032,2025-07-01,7.0
E06000032,2025-08-01,6.9
E06000032,2025-09-01,6.8
E06000032,2025-10-01,6.7
E06000032,2025-11-01,6.6
E06000032,2025-12-01,6.4
E06000032,2026-01-01,6.3
E06000032,2026-02-01,6.6
E06000033,2018-01-01,2.4
E06000033,2018-02-01,2.6
E06000033,2018-03-01,2.8
E06000033,2018-04-01,3.1
E06000033,2018-05-01,2.9
E06000033,2018-06-01,3.0
E06000033,2018-07-01,3.1
E06000033,2018-08-01,3.1
E06000033,2018-09-01,3.2
E06000033,2018-10-01,3.3
E06000033,2018-11-01,3.3
E06000033,2018-12-01,3.4
E06000033,2019-01-01,3.4
E06000033,2019-02-01,3.6
E06000033,2019-03-01,3.6
E06000033,2019-04-01,3.6
E06000033,2019-05-01,3.6
E06000033,2019-06-01,3.6
E06000033,2019-07-01,3.5
E06000033,2019-08-01,3.6
E06000033,2019-09-01,3.5
E06000033,2019-10-01,3.6
E06000033,2019-11-01,3.7
E06000033,2019-12-01,3.6
E06000033,2020-01-01,3.7
E06000033,2020-02-01,3.8
E06000033,2020-03-01,3.9
E06000033,2020-04-01,6.1
E06000033,2020-05-01,8.0
E06000033,2020-06-01,7.6
E06000033,2020-07-01,7.9
E06000033,2020-08-01,8.0
E06000033,2020-09-01,7.9
E06000033,2020-10-01,7.5
E06000033,2020-11-01,7.8
E06000033,2020-12-01,7.8
E06000033,2021-01-01,7.6
E06000033,2021-02-01,8.1
E06000033,2021-03-01,8.1
E06000033,2021-04-01,7.8
E06000033,2021-05-01,7.0
E06000033,2021-06-01,6.6
E06000033,2021-07-01,6.5
E06000033,2021-08-01,6.3
E06000033,2021-09-01,5.9
E06000033,2021-10-01,5.7
E06000033,2021-11-01,5.5
E06000033,2021-12-01,5.4
E06000033,2022-01-01,5.3
E06000033,2022-02-01,5.3
E06000033,2022-03-01,5.1
E06000033,2022-04-01,4.8
E06000033,2022-05-01,4.6
E06000033,2022-06-01,4.5
E06000033,2022-07-01,4.3
E06000033,2022-08-01,4.3
E06000033,2022-09-01,4.2
E06000033,2022-10-01,4.2
E06000033,2022-11-01,4.2
E06000033,2022-12-01,4.2
E06000033,2023-01-01,4.2
E06000033,2023-02-01,4.2
E06000033,2023-03-01,4.2
E06000033,2023-04-01,4.3
E06000033,2023-05-01,4.3
E06000033,2023-06-01,4.3
E06000033,2023-07-01,4.2
E06000033,2023-08-01,4.1
E06000033,2023-09-01,4.1
E06000033,2023-10-01,4.1
E06000033,2023-11-01,4.3
E06000033,2023-12-01,4.3
E06000033,2024-01-01,4.2
E06000033,2024-02-01,4.3
E06000033,2024-03-01,4.4
E06000033,2024-04-01,4.2
E06000033,2024-05-01,4.2
E06000033,2024-06-01,4.2
E06000033,2024-07-01,4.5
E06000033,2024-08-01,4.5
E06000033,2024-09-01,4.5
E06000033,2024-10-01,4.6
E06000033,2024-11-01,4.5
E06000033,2024-12-01,4.4
E06000033,2025-01-01,4.4
E06000033,2025-02-01,4.5
E06000033,2025-03-01,4.5
E06000033,2025-04-01,4.3
E06000033,2025-05-01,4.2
E06000033,2025-06-01,4.3
E06000033,2025-07-01,4.1
E06000033,2025-08-01,4.2
E06000033,2025-09-01,4.1
E06000033,2025-10-01,4.2
E06000033,2025-11-01,4.3
E06000033,2025-12-01,4.2
E06000033,2026-01-01,4.2
E06000033,2026-02-01,4.4
E06000034,2018-01-01,1.7
E06000034,2018-02-01,1.8
E06000034,2018-03-01,2.0
E06000034,2018-04-01,2.1
E06000034,2018-05-01,2.1
E06000034,2018-06-01,2.2
E06000034,2018-07-01,2.2
E06000034,2018-08-01,2.3
E06000034,2018-09-01,2.3
E06000034,2018-10-01,2.4
E06000034,2018-11-01,2.4
E06000034,2018-12-01,2.4
E06000034,2019-01-01,2.5
E06000034,2019-02-01,2.7
E06000034,2019-03-01,2.8
E06000034,2019-04-01,2.8
E06000034,2019-05-01,2.8
E06000034,2019-06-01,2.9
E06000034,2019-07-01,2.9
E06000034,2019-08-01,2.9
E06000034,2019-09-01,2.9
E06000034,2019-10-01,2.9
E06000034,2019-11-01,2.9
E06000034,2019-12-01,2.9
E06000034,2020-01-01,2.9
E06000034,2020-02-01,3.1
E06000034,2020-03-01,3.2
E06000034,2020-04-01,4.9
E06000034,2020-05-01,7.1
E06000034,2020-06-01,6.8
E06000034,2020-07-01,6.9
E06000034,2020-08-01,7.1
E06000034,2020-09-01,6.9
E06000034,2020-10-01,6.7
E06000034,2020-11-01,6.8
E06000034,2020-12-01,6.8
E06000034,2021-01-01,6.6
E06000034,2021-02-01,7.0
E06000034,2021-03-01,6.9
E06000034,2021-04-01,6.9
E06000034,2021-05-01,6.5
E06000034,2021-06-01,6.1
E06000034,2021-07-01,5.8
E06000034,2021-08-01,5.6
E06000034,2021-09-01,5.2
E06000034,2021-10-01,4.9
E06000034,2021-11-01,4.6
E06000034,2021-12-01,4.4
E06000034,2022-01-01,4.2
E06000034,2022-02-01,4.3
E06000034,2022-03-01,4.1
E06000034,2022-04-01,3.9
E06000034,2022-05-01,3.8
E06000034,2022-06-01,3.8
E06000034,2022-07-01,3.8
E06000034,2022-08-01,3.8
E06000034,2022-09-01,3.7
E06000034,2022-10-01,3.6
E06000034,2022-11-01,3.5
E06000034,2022-12-01,3.7
E06000034,2023-01-01,3.6
E06000034,2023-02-01,3.7
E06000034,2023-03-01,3.8
E06000034,2023-04-01,4.0
E06000034,2023-05-01,3.9
E06000034,2023-06-01,4.0
E06000034,2023-07-01,3.9
E06000034,2023-08-01,3.9
E06000034,2023-09-01,3.9
E06000034,2023-10-01,3.9
E06000034,2023-11-01,4.0
E06000034,2023-12-01,4.0
E06000034,2024-01-01,4.0
E06000034,2024-02-01,4.0
E06000034,2024-03-01,4.1
E06000034,2024-04-01,4.1
E06000034,2024-05-01,4.1
E06000034,2024-06-01,4.2
E06000034,2024-07-01,4.5
E06000034,2024-08-01,4.5
E06000034,2024-09-01,4.5
E06000034,2024-10-01,4.5
E06000034,2024-11-01,4.4
E06000034,2024-12-01,4.3
E06000034,2025-01-01,4.3
E06000034,2025-02-01,4.4
E06000034,2025-03-01,4.5
E06000034,2025-04-01,4.4
E06000034,2025-05-01,4.4
E06000034,2025-06-01,4.5
E06000034,2025-07-01,4.4
E06000034,2025-08-01,4.4
E06000034,2025-09-01,4.4
E06000034,2025-10-01,4.3
E06000034,2025-11-01,4.2
E06000034,2025-12-01,4.2
E06000034,2026-01-01,4.2
E06000034,2026-02-01,4.4
E06000035,2018-01-01,1.9
E06000035,2018-02-01,1.9
E06000035,2018-03-01,2.0
E06000035,2018-04-01,2.0
E06000035,2018-05-01,2
E06000035,2018-06-01,1.8
E06000035,2018-07-01,1.9
E06000035,2018-08-01,2.0
E06000035,2018-09-01,2.0
E06000035,2018-10-01,2.2
E06000035,2018-11-01,2.2
E06000035,2018-12-01,2.3
E06000035,2019-01-01,2.4
E06000035,2019-02-01,2.5
E06000035,2019-03-01,2.7
E06000035,2019-04-01,2.8
E06000035,2019-05-01,2.8
E06000035,2019-06-01,2.9
E06000035,2019-07-01,3.0
E06000035,2019-08-01,3.0
E06000035,2019-09-01,3.0
E06000035,2019-10-01,3.1
E06000035,2019-11-01,3.1
E06000035,2019-12-01,3.1
E06000035,2020-01-01,3.2
E06000035,2020-02-01,3.3
E06000035,2020-03-01,3.3
E06000035,2020-04-01,5.3
E06000035,2020-05-01,7.0
E06000035,2020-06-01,6.5
E06000035,2020-07-01,6.7
E06000035,2020-08-01,6.9
E06000035,2020-09-01,6.8
E06000035,2020-10-01,6.5
E06000035,2020-11-01,6.6
E06000035,2020-12-01,6.6
E06000035,2021-01-01,6.5
E06000035,2021-02-01,6.8
E06000035,2021-03-01,6.9
E06000035,2021-04-01,6.8
E06000035,2021-05-01,6.5
E06000035,2021-06-01,6.1
E06000035,2021-07-01,5.9
E06000035,2021-08-01,5.7
E06000035,2021-09-01,5.4
E06000035,2021-10-01,5.2
E06000035,2021-11-01,5.0
E06000035,2021-12-01,4.9
E06000035,2022-01-01,4.7
E06000035,2022-02-01,4.7
E06000035,2022-03-01,4.5
E06000035,2022-04-01,4.3
E06000035,2022-05-01,4.1
E06000035,2022-06-01,3.8
E06000035,2022-07-01,3.7
E06000035,2022-08-01,3.7
E06000035,2022-09-01,3.7
E06000035,2022-10-01,3.6
E06000035,2022-11-01,3.6
E06000035,2022-12-01,3.7
E06000035,2023-01-01,3.6
E06000035,2023-02-01,3.7
E06000035,2023-03-01,3.7
E06000035,2023-04-01,3.8
E06000035,2023-05-01,3.7
E06000035,2023-06-01,3.7
E06000035,2023-07-01,3.8
E06000035,2023-08-01,3.7
E06000035,2023-09-01,3.7
E06000035,2023-10-01,3.7
E06000035,2023-11-01,3.8
E06000035,2023-12-01,3.7
E06000035,2024-01-01,3.7
E06000035,2024-02-01,3.8
E06000035,2024-03-01,3.9
E06000035,2024-04-01,3.8
E06000035,2024-05-01,3.9
E06000035,2024-06-01,3.8
E06000035,2024-07-01,4.2
E06000035,2024-08-01,4.1
E06000035,2024-09-01,4.1
E06000035,2024-10-01,4.1
E06000035,2024-11-01,4.0
E06000035,2024-12-01,4.1
E06000035,2025-01-01,4.0
E06000035,2025-02-01,4.1
E06000035,2025-03-01,4.2
E06000035,2025-04-01,4.1
E06000035,2025-05-01,4.0
E06000035,2025-06-01,4.0
E06000035,2025-07-01,4.0
E06000035,2025-08-01,4.1
E06000035,2025-09-01,4.0
E06000035,2025-10-01,4.1
E06000035,2025-11-01,4.0
E06000035,2025-12-01,4.0
E06000035,2026-01-01,4.0
E06000035,2026-02-01,4.3
E06000036,2018-01-01,0.7
E06000036,2018-02-01,0.8
E06000036,2018-03-01,0.8
E06000036,2018-04-01,0.7
E06000036,2018-05-01,0.7
E06000036,2018-06-01,0.7
E06000036,2018-07-01,0.7
E06000036,2018-08-01,0.8
E06000036,2018-09-01,0.9
E06000036,2018-10-01,0.9
E06000036,2018-11-01,1.0
E06000036,2018-12-01,1.1
E06000036,2019-01-01,1.1
E06000036,2019-02-01,1.2
E06000036,2019-03-01,1.3
E06000036,2019-04-01,1.4
E06000036,2019-05-01,1.4
E06000036,2019-06-01,1.3
E06000036,2019-07-01,1.3
E06000036,2019-08-01,1.4
E06000036,2019-09-01,1.4
E06000036,2019-10-01,1.4
E06000036,2019-11-01,1.4
E06000036,2019-12-01,1.5
E06000036,2020-01-01,1.5
E06000036,2020-02-01,1.5
E06000036,2020-03-01,1.5
E06000036,2020-04-01,3.1
E06000036,2020-05-01,4.5
E06000036,2020-06-01,4.2
E06000036,2020-07-01,4.4
E06000036,2020-08-01,4.5
E06000036,2020-09-01,4.4
E06000036,2020-10-01,4.2
E06000036,2020-11-01,4.3
E06000036,2020-12-01,4.2
E06000036,2021-01-01,4.1
E06000036,2021-02-01,4.4
E06000036,2021-03-01,4.3
E06000036,2021-04-01,4.2
E06000036,2021-05-01,3.8
E06000036,2021-06-01,3.3
E06000036,2021-07-01,3.3
E06000036,2021-08-01,3.1
E06000036,2021-09-01,2.9
E06000036,2021-10-01,2.7
E06000036,2021-11-01,2.6
E06000036,2021-12-01,2.5
E06000036,2022-01-01,2.4
E06000036,2022-02-01,2.4
E06000036,2022-03-01,2.2
E06000036,2022-04-01,2.1
E06000036,2022-05-01,2.0
E06000036,2022-06-01,1.9
E06000036,2022-07-01,1.9
E06000036,2022-08-01,1.9
E06000036,2022-09-01,2.0
E06000036,2022-10-01,2.0
E06000036,2022-11-01,2.0
E06000036,2022-12-01,1.9
E06000036,2023-01-01,1.9
E06000036,2023-02-01,2.0
E06000036,2023-03-01,2.0
E06000036,2023-04-01,2.0
E06000036,2023-05-01,1.9
E06000036,2023-06-01,2.0
E06000036,2023-07-01,2.0
E06000036,2023-08-01,1.9
E06000036,2023-09-01,1.9
E06000036,2023-10-01,1.9
E06000036,2023-11-01,1.9
E06000036,2023-12-01,1.9
E06000036,2024-01-01,2.0
E06000036,2024-02-01,2.1
E06000036,2024-03-01,2.1
E06000036,2024-04-01,2.2
E06000036,2024-05-01,2.2
E06000036,2024-06-01,2.3
E06000036,2024-07-01,2.4
E06000036,2024-08-01,2.4
E06000036,2024-09-01,2.5
E06000036,2024-10-01,2.4
E06000036,2024-11-01,2.4
E06000036,2024-12-01,2.4
E06000036,2025-01-01,2.4
E06000036,2025-02-01,2.6
E06000036,2025-03-01,2.6
E06000036,2025-04-01,2.5
E06000036,2025-05-01,2.5
E06000036,2025-06-01,2.6
E06000036,2025-07-01,2.7
E06000036,2025-08-01,2.6
E06000036,2025-09-01,2.6
E06000036,2025-10-01,2.7
E06000036,2025-11-01,2.6
E06000036,2025-12-01,2.6
E06000036,2026-01-01,2.6
E06000036,2026-02-01,2.7
E06000037,2018-01-01,0.6
E06000037,2018-02-01,0.7
E06000037,2018-03-01,0.8
E06000037,2018-04-01,0.9
E06000037,2018-05-01,0.9
E06000037,2018-06-01,0.9
E06000037,2018-07-01,0.9
E06000037,2018-08-01,1.0
E06000037,2018-09-01,1.0
E06000037,2018-10-01,1.1
E06000037,2018-11-01,1.1
E06000037,2018-12-01,1.1
E06000037,2019-01-01,1.1
E06000037,2019-02-01,1.3
E06000037,2019-03-01,1.3
E06000037,2019-04-01,1.3
E06000037,2019-05-01,1.2
E06000037,2019-06-01,1.3
E06000037,2019-07-01,1.3
E06000037,2019-08-01,1.3
E06000037,2019-09-01,1.4
E06000037,2019-10-01,1.4
E06000037,2019-11-01,1.4
E06000037,2019-12-01,1.4
E06000037,2020-01-01,1.4
E06000037,2020-02-01,1.5
E06000037,2020-03-01,1.5
E06000037,2020-04-01,2.8
E06000037,2020-05-01,4.0
E06000037,2020-06-01,3.8
E06000037,2020-07-01,3.9
E06000037,2020-08-01,4.0
E06000037,2020-09-01,4.0
E06000037,2020-10-01,3.8
E06000037,2020-11-01,3.8
E06000037,2020-12-01,3.8
E06000037,2021-01-01,3.7
E06000037,2021-02-01,3.9
E06000037,2021-03-01,3.9
E06000037,2021-04-01,3.8
E06000037,2021-05-01,3.5
E06000037,2021-06-01,3.2
E06000037,2021-07-01,3.1
E06000037,2021-08-01,3.0
E06000037,2021-09-01,2.8
E06000037,2021-10-01,2.7
E06000037,2021-11-01,2.6
E06000037,2021-12-01,2.5
E06000037,2022-01-01,2.5
E06000037,2022-02-01,2.5
E06000037,2022-03-01,2.4
E06000037,2022-04-01,2.3
E06000037,2022-05-01,2.2
E06000037,2022-06-01,2.1
E06000037,2022-07-01,2.1
E06000037,2022-08-01,2.1
E06000037,2022-09-01,2.1
E06000037,2022-10-01,2.1
E06000037,2022-11-01,2.1
E06000037,2022-12-01,2.1
E06000037,2023-01-01,2.0
E06000037,2023-02-01,2.0
E06000037,2023-03-01,2.0
E06000037,2023-04-01,2.0
E06000037,2023-05-01,2.0
E06000037,2023-06-01,2.0
E06000037,2023-07-01,2.0
E06000037,2023-08-01,2.0
E06000037,2023-09-01,2.0
E06000037,2023-10-01,2.0
E06000037,2023-11-01,2.0
E06000037,2023-12-01,2.0
E06000037,2024-01-01,2.0
E06000037,2024-02-01,2.0
E06000037,2024-03-01,2.1
E06000037,2024-04-01,2.1
E06000037,2024-05-01,2.1
E06000037,2024-06-01,2.1
E06000037,2024-07-01,2.3
E06000037,2024-08-01,2.3
E06000037,2024-09-01,2.3
E06000037,2024-10-01,2.3
E06000037,2024-11-01,2.2
E06000037,2024-12-01,2.2
E06000037,2025-01-01,2.2
E06000037,2025-02-01,2.4
E06000037,2025-03-01,2.4
E06000037,2025-04-01,2.3
E06000037,2025-05-01,2.3
E06000037,2025-06-01,2.3
E06000037,2025-07-01,2.3
E06000037,2025-08-01,2.3
E06000037,2025-09-01,2.3
E06000037,2025-10-01,2.3
E06000037,2025-11-01,2.3
E06000037,2025-12-01,2.3
E06000037,2026-01-01,2.3
E06000037,2026-02-01,2.4
E06000038,2018-01-01,1.4
E06000038,2018-02-01,1.4
E06000038,2018-03-01,1.4
E06000038,2018-04-01,1.6
E06000038,2018-05-01,1.6
E06000038,2018-06-01,1.7
E06000038,2018-07-01,1.8
E06000038,2018-08-01,1.8
E06000038,2018-09-01,1.8
E06000038,2018-10-01,1.9
E06000038,2018-11-01,2.0
E06000038,2018-12-01,2.0
E06000038,2019-01-01,2.0
E06000038,2019-02-01,2.2
E06000038,2019-03-01,2.2
E06000038,2019-04-01,2.2
E06000038,2019-05-01,2.2
E06000038,2019-06-01,2.3
E06000038,2019-07-01,2.3
E06000038,2019-08-01,2.4
E06000038,2019-09-01,2.4
E06000038,2019-10-01,2.4
E06000038,2019-11-01,2.4
E06000038,2019-12-01,2.4
E06000038,2020-01-01,2.4
E06000038,2020-02-01,2.5
E06000038,2020-03-01,2.5
E06000038,2020-04-01,3.9
E06000038,2020-05-01,5.6
E06000038,2020-06-01,5.6
E06000038,2020-07-01,5.7
E06000038,2020-08-01,5.8
E06000038,2020-09-01,5.8
E06000038,2020-10-01,5.6
E06000038,2020-11-01,5.7
E06000038,2020-12-01,5.7
E06000038,2021-01-01,5.7
E06000038,2021-02-01,6.0
E06000038,2021-03-01,6.0
E06000038,2021-04-01,6.0
E06000038,2021-05-01,5.6
E06000038,2021-06-01,5.2
E06000038,2021-07-01,5.1
E06000038,2021-08-01,4.9
E06000038,2021-09-01,4.6
E06000038,2021-10-01,4.5
E06000038,2021-11-01,4.3
E06000038,2021-12-01,4.1
E06000038,2022-01-01,4.0
E06000038,2022-02-01,3.9
E06000038,2022-03-01,3.8
E06000038,2022-04-01,3.7
E06000038,2022-05-01,3.6
E06000038,2022-06-01,3.6
E06000038,2022-07-01,3.5
E06000038,2022-08-01,3.5
E06000038,2022-09-01,3.5
E06000038,2022-10-01,3.6
E06000038,2022-11-01,3.5
E06000038,2022-12-01,3.5
E06000038,2023-01-01,3.4
E06000038,2023-02-01,3.5
E06000038,2023-03-01,3.5
E06000038,2023-04-01,3.6
E06000038,2023-05-01,3.5
E06000038,2023-06-01,3.6
E06000038,2023-07-01,3.6
E06000038,2023-08-01,3.6
E06000038,2023-09-01,3.7
E06000038,2023-10-01,3.7
E06000038,2023-11-01,3.7
E06000038,2023-12-01,3.8
E06000038,2024-01-01,3.7
E06000038,2024-02-01,3.9
E06000038,2024-03-01,3.9
E06000038,2024-04-01,3.9
E06000038,2024-05-01,3.9
E06000038,2024-06-01,4.1
E06000038,2024-07-01,4.4
E06000038,2024-08-01,4.3
E06000038,2024-09-01,4.3
E06000038,2024-10-01,4.3
E06000038,2024-11-01,4.2
E06000038,2024-12-01,4.2
E06000038,2025-01-01,4.2
E06000038,2025-02-01,4.3
E06000038,2025-03-01,4.4
E06000038,2025-04-01,4.4
E06000038,2025-05-01,4.4
E06000038,2025-06-01,4.4
E06000038,2025-07-01,4.3
E06000038,2025-08-01,4.3
E06000038,2025-09-01,4.3
E06000038,2025-10-01,4.2
E06000038,2025-11-01,4.2
E06000038,2025-12-01,4.3
E06000038,2026-01-01,4.3
E06000038,2026-02-01,4.5
E06000039,2018-01-01,1.2
E06000039,2018-02-01,1.3
E06000039,2018-03-01,1.3
E06000039,2018-04-01,1.3
E06000039,2018-05-01,1.2
E06000039,2018-06-01,1.2
E06000039,2018-07-01,1.4
E06000039,2018-08-01,1.4
E06000039,2018-09-01,1.6
E06000039,2018-10-01,1.6
E06000039,2018-11-01,1.7
E06000039,2018-12-01,1.8
E06000039,2019-01-01,1.9
E06000039,2019-02-01,2.1
E06000039,2019-03-01,2.1
E06000039,2019-04-01,2.2
E06000039,2019-05-01,2.2
E06000039,2019-06-01,2.3
E06000039,2019-07-01,2.3
E06000039,2019-08-01,2.4
E06000039,2019-09-01,2.4
E06000039,2019-10-01,2.5
E06000039,2019-11-01,2.5
E06000039,2019-12-01,2.6
E06000039,2020-01-01,2.6
E06000039,2020-02-01,2.7
E06000039,2020-03-01,2.7
E06000039,2020-04-01,4.6
E06000039,2020-05-01,7.2
E06000039,2020-06-01,7.1
E06000039,2020-07-01,7.3
E06000039,2020-08-01,7.6
E06000039,2020-09-01,7.7
E06000039,2020-10-01,7.5
E06000039,2020-11-01,7.8
E06000039,2020-12-01,7.7
E06000039,2021-01-01,7.6
E06000039,2021-02-01,8.1
E06000039,2021-03-01,8.2
E06000039,2021-04-01,8.1
E06000039,2021-05-01,7.5
E06000039,2021-06-01,6.8
E06000039,2021-07-01,6.7
E06000039,2021-08-01,6.4
E06000039,2021-09-01,5.9
E06000039,2021-10-01,5.8
E06000039,2021-11-01,5.7
E06000039,2021-12-01,5.5
E06000039,2022-01-01,5.3
E06000039,2022-02-01,5.4
E06000039,2022-03-01,5.2
E06000039,2022-04-01,5.0
E06000039,2022-05-01,5.0
E06000039,2022-06-01,4.8
E06000039,2022-07-01,4.6
E06000039,2022-08-01,4.6
E06000039,2022-09-01,4.7
E06000039,2022-10-01,4.5
E06000039,2022-11-01,4.5
E06000039,2022-12-01,4.5
E06000039,2023-01-01,4.2
E06000039,2023-02-01,4.2
E06000039,2023-03-01,4.4
E06000039,2023-04-01,4.6
E06000039,2023-05-01,4.6
E06000039,2023-06-01,4.6
E06000039,2023-07-01,4.7
E06000039,2023-08-01,4.7
E06000039,2023-09-01,4.7
E06000039,2023-10-01,4.8
E06000039,2023-11-01,4.8
E06000039,2023-12-01,4.8
E06000039,2024-01-01,4.7
E06000039,2024-02-01,4.9
E06000039,2024-03-01,4.9
E06000039,2024-04-01,5.0
E06000039,2024-05-01,5.2
E06000039,2024-06-01,5.2
E06000039,2024-07-01,5.7
E06000039,2024-08-01,5.8
E06000039,2024-09-01,5.9
E06000039,2024-10-01,6.1
E06000039,2024-11-01,6.0
E06000039,2024-12-01,5.9
E06000039,2025-01-01,5.9
E06000039,2025-02-01,6.2
E06000039,2025-03-01,6.2
E06000039,2025-04-01,6.1
E06000039,2025-05-01,6.1
E06000039,2025-06-01,6.1
E06000039,2025-07-01,6.0
E06000039,2025-08-01,5.9
E06000039,2025-09-01,5.8
E06000039,2025-10-01,5.8
E06000039,2025-11-01,5.7
E06000039,2025-12-01,5.7
E06000039,2026-01-01,5.7
E06000039,2026-02-01,6.0
E06000040,2018-01-01,0.7
E06000040,2018-02-01,0.8
E06000040,2018-03-01,0.8
E06000040,2018-04-01,0.8
E06000040,2018-05-01,0.7
E06000040,2018-06-01,0.7
E06000040,2018-07-01,0.7
E06000040,2018-08-01,0.7
E06000040,2018-09-01,0.8
E06000040,2018-10-01,0.9
E06000040,2018-11-01,0.9
E06000040,2018-12-01,1.0
E06000040,2019-01-01,1.0
E06000040,2019-02-01,1.1
E06000040,2019-03-01,1.1
E06000040,2019-04-01,1.1
E06000040,2019-05-01,1.2
E06000040,2019-06-01,1.2
E06000040,2019-07-01,1.2
E06000040,2019-08-01,1.2
E06000040,2019-09-01,1.2
E06000040,2019-10-01,1.3
E06000040,2019-11-01,1.3
E06000040,2019-12-01,1.3
E06000040,2020-01-01,1.3
E06000040,2020-02-01,1.3
E06000040,2020-03-01,1.4
E06000040,2020-04-01,2.7
E06000040,2020-05-01,4.1
E06000040,2020-06-01,4.0
E06000040,2020-07-01,4.3
E06000040,2020-08-01,4.4
E06000040,2020-09-01,4.5
E06000040,2020-10-01,4.3
E06000040,2020-11-01,4.4
E06000040,2020-12-01,4.4
E06000040,2021-01-01,4.3
E06000040,2021-02-01,4.5
E06000040,2021-03-01,4.5
E06000040,2021-04-01,4.3
E06000040,2021-05-01,3.9
E06000040,2021-06-01,3.5
E06000040,2021-07-01,3.4
E06000040,2021-08-01,3.2
E06000040,2021-09-01,2.9
E06000040,2021-10-01,2.9
E06000040,2021-11-01,2.7
E06000040,2021-12-01,2.7
E06000040,2022-01-01,2.5
E06000040,2022-02-01,2.5
E06000040,2022-03-01,2.5
E06000040,2022-04-01,2.4
E06000040,2022-05-01,2.3
E06000040,2022-06-01,2.3
E06000040,2022-07-01,2.3
E06000040,2022-08-01,2.2
E06000040,2022-09-01,2.2
E06000040,2022-10-01,2.1
E06000040,2022-11-01,2.1
E06000040,2022-12-01,2.1
E06000040,2023-01-01,2.0
E06000040,2023-02-01,2.1
E06000040,2023-03-01,2.1
E06000040,2023-04-01,2.0
E06000040,2023-05-01,2.0
E06000040,2023-06-01,2.0
E06000040,2023-07-01,2.0
E06000040,2023-08-01,2.0
E06000040,2023-09-01,2.0
E06000040,2023-10-01,2.1
E06000040,2023-11-01,2.1
E06000040,2023-12-01,2.1
E06000040,2024-01-01,2.1
E06000040,2024-02-01,2.2
E06000040,2024-03-01,2.2
E06000040,2024-04-01,2.2
E06000040,2024-05-01,2.2
E06000040,2024-06-01,2.2
E06000040,2024-07-01,2.4
E06000040,2024-08-01,2.4
E06000040,2024-09-01,2.5
E06000040,2024-10-01,2.5
E06000040,2024-11-01,2.5
E06000040,2024-12-01,2.5
E06000040,2025-01-01,2.5
E06000040,2025-02-01,2.6
E06000040,2025-03-01,2.7
E06000040,2025-04-01,2.6
E06000040,2025-05-01,2.5
E06000040,2025-06-01,2.5
E06000040,2025-07-01,2.4
E06000040,2025-08-01,2.4
E06000040,2025-09-01,2.4
E06000040,2025-10-01,2.4
E06000040,2025-11-01,2.4
E06000040,2025-12-01,2.3
E06000040,2026-01-01,2.4
E06000040,2026-02-01,2.6
E06000041,2018-01-01,0.5
E06000041,2018-02-01,0.5
E06000041,2018-03-01,0.6
E06000041,2018-04-01,0.6
E06000041,2018-05-01,0.6
E06000041,2018-06-01,0.6
E06000041,2018-07-01,0.6
E06000041,2018-08-01,0.7
E06000041,2018-09-01,0.7
E06000041,2018-10-01,0.7
E06000041,2018-11-01,0.8
E06000041,2018-12-01,0.8
E06000041,2019-01-01,0.8
E06000041,2019-02-01,0.9
E06000041,2019-03-01,0.9
E06000041,2019-04-01,0.9
E06000041,2019-05-01,0.9
E06000041,2019-06-01,0.9
E06000041,2019-07-01,0.9
E06000041,2019-08-01,0.9
E06000041,2019-09-01,1.0
E06000041,2019-10-01,1.0
E06000041,2019-11-01,1.0
E06000041,2019-12-01,1.0
E06000041,2020-01-01,1.0
E06000041,2020-02-01,1.1
E06000041,2020-03-01,1.0
E06000041,2020-04-01,2.1
E06000041,2020-05-01,3.2
E06000041,2020-06-01,3.1
E06000041,2020-07-01,3.2
E06000041,2020-08-01,3.4
E06000041,2020-09-01,3.4
E06000041,2020-10-01,3.2
E06000041,2020-11-01,3.3
E06000041,2020-12-01,3.2
E06000041,2021-01-01,3.1
E06000041,2021-02-01,3.2
E06000041,2021-03-01,3.2
E06000041,2021-04-01,3.1
E06000041,2021-05-01,2.8
E06000041,2021-06-01,2.5
E06000041,2021-07-01,2.4
E06000041,2021-08-01,2.4
E06000041,2021-09-01,2.2
E06000041,2021-10-01,2.1
E06000041,2021-11-01,1.9
E06000041,2021-12-01,1.8
E06000041,2022-01-01,1.8
E06000041,2022-02-01,1.7
E06000041,2022-03-01,1.6
E06000041,2022-04-01,1.5
E06000041,2022-05-01,1.5
E06000041,2022-06-01,1.5
E06000041,2022-07-01,1.5
E06000041,2022-08-01,1.5
E06000041,2022-09-01,1.5
E06000041,2022-10-01,1.6
E06000041,2022-11-01,1.5
E06000041,2022-12-01,1.5
E06000041,2023-01-01,1.5
E06000041,2023-02-01,1.5
E06000041,2023-03-01,1.5
E06000041,2023-04-01,1.6
E06000041,2023-05-01,1.5
E06000041,2023-06-01,1.6
E06000041,2023-07-01,1.6
E06000041,2023-08-01,1.6
E06000041,2023-09-01,1.6
E06000041,2023-10-01,1.7
E06000041,2023-11-01,1.7
E06000041,2023-12-01,1.7
E06000041,2024-01-01,1.7
E06000041,2024-02-01,1.8
E06000041,2024-03-01,1.7
E06000041,2024-04-01,1.7
E06000041,2024-05-01,1.7
E06000041,2024-06-01,1.7
E06000041,2024-07-01,1.8
E06000041,2024-08-01,1.8
E06000041,2024-09-01,1.9
E06000041,2024-10-01,1.9
E06000041,2024-11-01,1.8
E06000041,2024-12-01,1.8
E06000041,2025-01-01,1.8
E06000041,2025-02-01,1.9
E06000041,2025-03-01,1.9
E06000041,2025-04-01,1.9
E06000041,2025-05-01,1.9
E06000041,2025-06-01,1.9
E06000041,2025-07-01,1.9
E06000041,2025-08-01,1.9
E06000041,2025-09-01,1.9
E06000041,2025-10-01,1.9
E06000041,2025-11-01,1.9
E06000041,2025-12-01,1.9
E06000041,2026-01-01,1.9
E06000041,2026-02-01,2.0
E06000042,2018-01-01,1.4
E06000042,2018-02-01,1.5
E06000042,2018-03-01,1.5
E06000042,2018-04-01,1.5
E06000042,2018-05-01,1.5
E06000042,2018-06-01,1.5
E06000042,2018-07-01,1.4
E06000042,2018-08-01,1.5
E06000042,2018-09-01,1.5
E06000042,2018-10-01,1.4
E06000042,2018-11-01,1.4
E06000042,2018-12-01,1.3
E06000042,2019-01-01,1.4
E06000042,2019-02-01,1.5
E06000042,2019-03-01,1.7
E06000042,2019-04-01,1.8
E06000042,2019-05-01,1.8
E06000042,2019-06-01,1.9
E06000042,2019-07-01,1.9
E06000042,2019-08-01,2.0
E06000042,2019-09-01,2.1
E06000042,2019-10-01,2.2
E06000042,2019-11-01,2.2
E06000042,2019-12-01,2.2
E06000042,2020-01-01,2.3
E06000042,2020-02-01,2.4
E06000042,2020-03-01,2.5
E06000042,2020-04-01,3.7
E06000042,2020-05-01,5.7
E06000042,2020-06-01,5.7
E06000042,2020-07-01,5.8
E06000042,2020-08-01,6.0
E06000042,2020-09-01,6.0
E06000042,2020-10-01,5.7
E06000042,2020-11-01,5.7
E06000042,2020-12-01,5.4
E06000042,2021-01-01,5.3
E06000042,2021-02-01,5.7
E06000042,2021-03-01,5.8
E06000042,2021-04-01,5.8
E06000042,2021-05-01,5.5
E06000042,2021-06-01,5.1
E06000042,2021-07-01,5.0
E06000042,2021-08-01,4.8
E06000042,2021-09-01,4.6
E06000042,2021-10-01,4.4
E06000042,2021-11-01,4.1
E06000042,2021-12-01,3.9
E06000042,2022-01-01,3.8
E06000042,2022-02-01,3.8
E06000042,2022-03-01,3.7
E06000042,2022-04-01,3.5
E06000042,2022-05-01,3.5
E06000042,2022-06-01,3.4
E06000042,2022-07-01,3.3
E06000042,2022-08-01,3.3
E06000042,2022-09-01,3.3
E06000042,2022-10-01,3.3
E06000042,2022-11-01,3.3
E06000042,2022-12-01,3.3
E06000042,2023-01-01,3.2
E06000042,2023-02-01,3.3
E06000042,2023-03-01,3.5
E06000042,2023-04-01,3.5
E06000042,2023-05-01,3.4
E06000042,2023-06-01,3.4
E06000042,2023-07-01,3.4
E06000042,2023-08-01,3.5
E06000042,2023-09-01,3.5
E06000042,2023-10-01,3.5
E06000042,2023-11-01,3.5
E06000042,2023-12-01,3.5
E06000042,2024-01-01,3.5
E06000042,2024-02-01,3.6
E06000042,2024-03-01,3.7
E06000042,2024-04-01,3.8
E06000042,2024-05-01,3.8
E06000042,2024-06-01,3.9
E06000042,2024-07-01,4.2
E06000042,2024-08-01,4.2
E06000042,2024-09-01,4.3
E06000042,2024-10-01,4.3
E06000042,2024-11-01,4.2
E06000042,2024-12-01,4.1
E06000042,2025-01-01,4.0
E06000042,2025-02-01,4.2
E06000042,2025-03-01,4.2
E06000042,2025-04-01,4.2
E06000042,2025-05-01,4.2
E06000042,2025-06-01,4.2
E06000042,2025-07-01,4.1
E06000042,2025-08-01,4.1
E06000042,2025-09-01,4.1
E06000042,2025-10-01,4.1
E06000042,2025-11-01,4.0
E06000042,2025-12-01,3.9
E06000042,2026-01-01,3.9
E06000042,2026-02-01,4.2
E06000043,2018-01-01,1.6
E06000043,2018-02-01,1.7
E06000043,2018-03-01,1.8
E06000043,2018-04-01,2.0
E06000043,2018-05-01,2
E06000043,2018-06-01,2.1
E06000043,2018-07-01,2.1
E06000043,2018-08-01,2.2
E06000043,2018-09-01,2.2
E06000043,2018-10-01,2.3
E06000043,2018-11-01,2.3
E06000043,2018-12-01,2.3
E06000043,2019-01-01,2.4
E06000043,2019-02-01,2.5
E06000043,2019-03-01,2.5
E06000043,2019-04-01,2.5
E06000043,2019-05-01,2.5
E06000043,2019-06-01,2.5
E06000043,2019-07-01,2.5
E06000043,2019-08-01,2.6
E06000043,2019-09-01,2.6
E06000043,2019-10-01,2.7
E06000043,2019-11-01,2.8
E06000043,2019-12-01,2.8
E06000043,2020-01-01,2.8
E06000043,2020-02-01,3.0
E06000043,2020-03-01,3.0
E06000043,2020-04-01,5.2
E06000043,2020-05-01,7.1
E06000043,2020-06-01,6.7
E06000043,2020-07-01,7.0
E06000043,2020-08-01,7.2
E06000043,2020-09-01,7.2
E06000043,2020-10-01,6.9
E06000043,2020-11-01,7.0
E06000043,2020-12-01,7.0
E06000043,2021-01-01,6.9
E06000043,2021-02-01,7.3
E06000043,2021-03-01,7.3
E06000043,2021-04-01,7.1
E06000043,2021-05-01,6.6
E06000043,2021-06-01,6.0
E06000043,2021-07-01,5.9
E06000043,2021-08-01,5.6
E06000043,2021-09-01,5.3
E06000043,2021-10-01,5.1
E06000043,2021-11-01,5.0
E06000043,2021-12-01,4.8
E06000043,2022-01-01,4.7
E06000043,2022-02-01,4.7
E06000043,2022-03-01,4.5
E06000043,2022-04-01,4.2
E06000043,2022-05-01,4.1
E06000043,2022-06-01,4.0
E06000043,2022-07-01,3.9
E06000043,2022-08-01,3.9
E06000043,2022-09-01,3.9
E06000043,2022-10-01,3.9
E06000043,2022-11-01,3.9
E06000043,2022-12-01,4.0
E06000043,2023-01-01,3.9
E06000043,2023-02-01,3.9
E06000043,2023-03-01,3.8
E06000043,2023-04-01,3.9
E06000043,2023-05-01,3.7
E06000043,2023-06-01,3.8
E06000043,2023-07-01,3.8
E06000043,2023-08-01,3.8
E06000043,2023-09-01,3.8
E06000043,2023-10-01,3.8
E06000043,2023-11-01,3.9
E06000043,2023-12-01,3.9
E06000043,2024-01-01,3.9
E06000043,2024-02-01,4.0
E06000043,2024-03-01,3.9
E06000043,2024-04-01,3.8
E06000043,2024-05-01,3.8
E06000043,2024-06-01,3.8
E06000043,2024-07-01,4.1
E06000043,2024-08-01,4.1
E06000043,2024-09-01,4.1
E06000043,2024-10-01,4.1
E06000043,2024-11-01,4.1
E06000043,2024-12-01,4.1
E06000043,2025-01-01,4.1
E06000043,2025-02-01,4.3
E06000043,2025-03-01,4.3
E06000043,2025-04-01,4.2
E06000043,2025-05-01,4.2
E06000043,2025-06-01,4.1
E06000043,2025-07-01,4.1
E06000043,2025-08-01,4.1
E06000043,2025-09-01,4.1
E06000043,2025-10-01,4.1
E06000043,2025-11-01,4.1
E06000043,2025-12-01,4.2
E06000043,2026-01-01,4.2
E06000043,2026-02-01,4.4
E06000044,2018-01-01,1.7
E06000044,2018-02-01,1.8
E06000044,2018-03-01,1.8
E06000044,2018-04-01,1.7
E06000044,2018-05-01,1.7
E06000044,2018-06-01,1.7
E06000044,2018-07-01,1.7
E06000044,2018-08-01,1.7
E06000044,2018-09-01,1.7
E06000044,2018-10-01,1.7
E06000044,2018-11-01,1.7
E06000044,2018-12-01,1.8
E06000044,2019-01-01,2.0
E06000044,2019-02-01,2.1
E06000044,2019-03-01,2.2
E06000044,2019-04-01,2.3
E06000044,2019-05-01,2.4
E06000044,2019-06-01,2.5
E06000044,2019-07-01,2.5
E06000044,2019-08-01,2.6
E06000044,2019-09-01,2.7
E06000044,2019-10-01,2.8
E06000044,2019-11-01,2.9
E06000044,2019-12-01,3.0
E06000044,2020-01-01,3.1
E06000044,2020-02-01,3.2
E06000044,2020-03-01,3.2
E06000044,2020-04-01,5.7
E06000044,2020-05-01,7.4
E06000044,2020-06-01,7.0
E06000044,2020-07-01,7.1
E06000044,2020-08-01,7.3
E06000044,2020-09-01,7.1
E06000044,2020-10-01,6.9
E06000044,2020-11-01,7.1
E06000044,2020-12-01,7.0
E06000044,2021-01-01,7.0
E06000044,2021-02-01,7.4
E06000044,2021-03-01,7.4
E06000044,2021-04-01,7.3
E06000044,2021-05-01,6.8
E06000044,2021-06-01,6.4
E06000044,2021-07-01,6.2
E06000044,2021-08-01,6.0
E06000044,2021-09-01,5.6
E06000044,2021-10-01,5.4
E06000044,2021-11-01,5.3
E06000044,2021-12-01,5.2
E06000044,2022-01-01,5.1
E06000044,2022-02-01,5.0
E06000044,2022-03-01,4.9
E06000044,2022-04-01,4.7
E06000044,2022-05-01,4.5
E06000044,2022-06-01,4.4
E06000044,2022-07-01,4.3
E06000044,2022-08-01,4.4
E06000044,2022-09-01,4.3
E06000044,2022-10-01,4.3
E06000044,2022-11-01,4.4
E06000044,2022-12-01,4.4
E06000044,2023-01-01,4.3
E06000044,2023-02-01,4.3
E06000044,2023-03-01,4.4
E06000044,2023-04-01,4.3
E06000044,2023-05-01,4.2
E06000044,2023-06-01,4.3
E06000044,2023-07-01,4.3
E06000044,2023-08-01,4.3
E06000044,2023-09-01,4.3
E06000044,2023-10-01,4.3
E06000044,2023-11-01,4.3
E06000044,2023-12-01,4.4
E06000044,2024-01-01,4.5
E06000044,2024-02-01,4.6
E06000044,2024-03-01,4.6
E06000044,2024-04-01,4.6
E06000044,2024-05-01,4.6
E06000044,2024-06-01,4.6
E06000044,2024-07-01,5.0
E06000044,2024-08-01,4.9
E06000044,2024-09-01,4.9
E06000044,2024-10-01,4.8
E06000044,2024-11-01,4.8
E06000044,2024-12-01,4.6
E06000044,2025-01-01,4.6
E06000044,2025-02-01,4.7
E06000044,2025-03-01,4.8
E06000044,2025-04-01,4.7
E06000044,2025-05-01,4.7
E06000044,2025-06-01,4.6
E06000044,2025-07-01,4.5
E06000044,2025-08-01,4.5
E06000044,2025-09-01,4.5
E06000044,2025-10-01,4.5
E06000044,2025-11-01,4.5
E06000044,2025-12-01,4.5
E06000044,2026-01-01,4.5
E06000044,2026-02-01,4.6
E06000045,2018-01-01,2.2
E06000045,2018-02-01,2.4
E06000045,2018-03-01,2.5
E06000045,2018-04-01,2.8
E06000045,2018-05-01,2.6
E06000045,2018-06-01,2.6
E06000045,2018-07-01,2.6
E06000045,2018-08-01,2.6
E06000045,2018-09-01,2.6
E06000045,2018-10-01,2.6
E06000045,2018-11-01,2.7
E06000045,2018-12-01,2.8
E06000045,2019-01-01,2.8
E06000045,2019-02-01,3.0
E06000045,2019-03-01,2.9
E06000045,2019-04-01,2.9
E06000045,2019-05-01,2.9
E06000045,2019-06-01,3.0
E06000045,2019-07-01,3.0
E06000045,2019-08-01,3.1
E06000045,2019-09-01,3.0
E06000045,2019-10-01,3.1
E06000045,2019-11-01,3.1
E06000045,2019-12-01,3.1
E06000045,2020-01-01,3.1
E06000045,2020-02-01,3.3
E06000045,2020-03-01,3.3
E06000045,2020-04-01,5.6
E06000045,2020-05-01,7.0
E06000045,2020-06-01,6.8
E06000045,2020-07-01,6.9
E06000045,2020-08-01,7.0
E06000045,2020-09-01,6.9
E06000045,2020-10-01,6.8
E06000045,2020-11-01,6.9
E06000045,2020-12-01,6.8
E06000045,2021-01-01,6.8
E06000045,2021-02-01,7.1
E06000045,2021-03-01,7.2
E06000045,2021-04-01,7.1
E06000045,2021-05-01,6.6
E06000045,2021-06-01,6.1
E06000045,2021-07-01,6.0
E06000045,2021-08-01,5.7
E06000045,2021-09-01,5.4
E06000045,2021-10-01,5.2
E06000045,2021-11-01,5.0
E06000045,2021-12-01,4.9
E06000045,2022-01-01,4.7
E06000045,2022-02-01,4.7
E06000045,2022-03-01,4.6
E06000045,2022-04-01,4.4
E06000045,2022-05-01,4.2
E06000045,2022-06-01,4.2
E06000045,2022-07-01,4.0
E06000045,2022-08-01,4.0
E06000045,2022-09-01,3.8
E06000045,2022-10-01,3.8
E06000045,2022-11-01,3.9
E06000045,2022-12-01,3.9
E06000045,2023-01-01,3.8
E06000045,2023-02-01,3.9
E06000045,2023-03-01,3.9
E06000045,2023-04-01,3.9
E06000045,2023-05-01,3.8
E06000045,2023-06-01,3.9
E06000045,2023-07-01,3.9
E06000045,2023-08-01,3.9
E06000045,2023-09-01,3.9
E06000045,2023-10-01,3.8
E06000045,2023-11-01,3.9
E06000045,2023-12-01,3.9
E06000045,2024-01-01,3.9
E06000045,2024-02-01,4.1
E06000045,2024-03-01,4.1
E06000045,2024-04-01,4.1
E06000045,2024-05-01,4.1
E06000045,2024-06-01,4.2
E06000045,2024-07-01,4.3
E06000045,2024-08-01,4.3
E06000045,2024-09-01,4.3
E06000045,2024-10-01,4.3
E06000045,2024-11-01,4.2
E06000045,2024-12-01,4.1
E06000045,2025-01-01,4.2
E06000045,2025-02-01,4.4
E06000045,2025-03-01,4.3
E06000045,2025-04-01,4.2
E06000045,2025-05-01,4.2
E06000045,2025-06-01,4.1
E06000045,2025-07-01,4.0
E06000045,2025-08-01,4.0
E06000045,2025-09-01,4.0
E06000045,2025-10-01,4.0
E06000045,2025-11-01,4.0
E06000045,2025-12-01,4.0
E06000045,2026-01-01,4.1
E06000045,2026-02-01,4.3
E06000046,2018-01-01,2.1
E06000046,2018-02-01,2.2
E06000046,2018-03-01,2.0
E06000046,2018-04-01,1.9
E06000046,2018-05-01,1.8
E06000046,2018-06-01,1.6
E06000046,2018-07-01,1.7
E06000046,2018-08-01,1.7
E06000046,2018-09-01,1.7
E06000046,2018-10-01,1.9
E06000046,2018-11-01,2.0
E06000046,2018-12-01,2.2
E06000046,2019-01-01,2.5
E06000046,2019-02-01,2.6
E06000046,2019-03-01,2.7
E06000046,2019-04-01,2.7
E06000046,2019-05-01,2.6
E06000046,2019-06-01,2.5
E06000046,2019-07-01,2.5
E06000046,2019-08-01,2.5
E06000046,2019-09-01,2.6
E06000046,2019-10-01,2.6
E06000046,2019-11-01,2.8
E06000046,2019-12-01,3.0
E06000046,2020-01-01,3.1
E06000046,2020-02-01,3.3
E06000046,2020-03-01,3.3
E06000046,2020-04-01,6.0
E06000046,2020-05-01,7.0
E06000046,2020-06-01,6.7
E06000046,2020-07-01,6.8
E06000046,2020-08-01,6.6
E06000046,2020-09-01,6.3
E06000046,2020-10-01,6.0
E06000046,2020-11-01,6.5
E06000046,2020-12-01,6.5
E06000046,2021-01-01,6.7
E06000046,2021-02-01,7.0
E06000046,2021-03-01,7.0
E06000046,2021-04-01,6.8
E06000046,2021-05-01,6.1
E06000046,2021-06-01,5.4
E06000046,2021-07-01,5.0
E06000046,2021-08-01,4.7
E06000046,2021-09-01,4.4
E06000046,2021-10-01,4.2
E06000046,2021-11-01,4.2
E06000046,2021-12-01,4.2
E06000046,2022-01-01,4.4
E06000046,2022-02-01,4.4
E06000046,2022-03-01,4.2
E06000046,2022-04-01,4.0
E06000046,2022-05-01,3.6
E06000046,2022-06-01,3.4
E06000046,2022-07-01,3.2
E06000046,2022-08-01,3.3
E06000046,2022-09-01,3.3
E06000046,2022-10-01,3.3
E06000046,2022-11-01,3.5
E06000046,2022-12-01,3.7
E06000046,2023-01-01,3.8
E06000046,2023-02-01,3.8
E06000046,2023-03-01,3.8
E06000046,2023-04-01,3.7
E06000046,2023-05-01,3.4
E06000046,2023-06-01,3.3
E06000046,2023-07-01,3.2
E06000046,2023-08-01,3.2
E06000046,2023-09-01,3.3
E06000046,2023-10-01,3.4
E06000046,2023-11-01,3.6
E06000046,2023-12-01,3.8
E06000046,2024-01-01,4.0
E06000046,2024-02-01,4.2
E06000046,2024-03-01,4.2
E06000046,2024-04-01,4.1
E06000046,2024-05-01,3.9
E06000046,2024-06-01,3.7
E06000046,2024-07-01,4.0
E06000046,2024-08-01,4.0
E06000046,2024-09-01,4.0
E06000046,2024-10-01,3.9
E06000046,2024-11-01,4.1
E06000046,2024-12-01,4.1
E06000046,2025-01-01,4.3
E06000046,2025-02-01,4.4
E06000046,2025-03-01,4.4
E06000046,2025-04-01,4.1
E06000046,2025-05-01,3.9
E06000046,2025-06-01,3.8
E06000046,2025-07-01,3.7
E06000046,2025-08-01,3.6
E06000046,2025-09-01,3.7
E06000046,2025-10-01,3.7
E06000046,2025-11-01,3.8
E06000046,2025-12-01,3.9
E06000046,2026-01-01,4.1
E06000046,2026-02-01,4.3
E06000047,2018-01-01,2.8
E06000047,2018-02-01,3.0
E06000047,2018-03-01,3.1
E06000047,2018-04-01,3.3
E06000047,2018-05-01,3.3
E06000047,2018-06-01,3.2
E06000047,2018-07-01,3.3
E06000047,2018-08-01,3.4
E06000047,2018-09-01,3.6
E06000047,2018-10-01,3.7
E06000047,2018-11-01,3.8
E06000047,2018-12-01,3.8
E06000047,2019-01-01,3.9
E06000047,2019-02-01,4.0
E06000047,2019-03-01,4.0
E06000047,2019-04-01,3.9
E06000047,2019-05-01,3.9
E06000047,2019-06-01,3.9
E06000047,2019-07-01,3.9
E06000047,2019-08-01,3.9
E06000047,2019-09-01,3.9
E06000047,2019-10-01,4.0
E06000047,2019-11-01,4.0
E06000047,2019-12-01,4.0
E06000047,2020-01-01,4.0
E06000047,2020-02-01,4.1
E06000047,2020-03-01,4.1
E06000047,2020-04-01,6.2
E06000047,2020-05-01,6.7
E06000047,2020-06-01,6.7
E06000047,2020-07-01,6.6
E06000047,2020-08-01,6.7
E06000047,2020-09-01,6.7
E06000047,2020-10-01,6.5
E06000047,2020-11-01,6.4
E06000047,2020-12-01,6.3
E06000047,2021-01-01,6.2
E06000047,2021-02-01,6.4
E06000047,2021-03-01,6.3
E06000047,2021-04-01,6.2
E06000047,2021-05-01,5.8
E06000047,2021-06-01,5.5
E06000047,2021-07-01,5.4
E06000047,2021-08-01,5.2
E06000047,2021-09-01,5.0
E06000047,2021-10-01,4.8
E06000047,2021-11-01,4.6
E06000047,2021-12-01,4.4
E06000047,2022-01-01,4.3
E06000047,2022-02-01,4.2
E06000047,2022-03-01,4.0
E06000047,2022-04-01,3.8
E06000047,2022-05-01,3.6
E06000047,2022-06-01,3.5
E06000047,2022-07-01,3.4
E06000047,2022-08-01,3.4
E06000047,2022-09-01,3.4
E06000047,2022-10-01,3.3
E06000047,2022-11-01,3.4
E06000047,2022-12-01,3.3
E06000047,2023-01-01,3.2
E06000047,2023-02-01,3.2
E06000047,2023-03-01,3.3
E06000047,2023-04-01,3.3
E06000047,2023-05-01,3.1
E06000047,2023-06-01,3.2
E06000047,2023-07-01,3.2
E06000047,2023-08-01,3.2
E06000047,2023-09-01,3.1
E06000047,2023-10-01,3.1
E06000047,2023-11-01,3.2
E06000047,2023-12-01,3.2
E06000047,2024-01-01,3.2
E06000047,2024-02-01,3.2
E06000047,2024-03-01,3.2
E06000047,2024-04-01,3.2
E06000047,2024-05-01,3.2
E06000047,2024-06-01,3.2
E06000047,2024-07-01,3.4
E06000047,2024-08-01,3.5
E06000047,2024-09-01,3.5
E06000047,2024-10-01,3.4
E06000047,2024-11-01,3.4
E06000047,2024-12-01,3.3
E06000047,2025-01-01,3.2
E06000047,2025-02-01,3.3
E06000047,2025-03-01,3.2
E06000047,2025-04-01,3.2
E06000047,2025-05-01,3.1
E06000047,2025-06-01,3.0
E06000047,2025-07-01,3.0
E06000047,2025-08-01,3.0
E06000047,2025-09-01,3.0
E06000047,2025-10-01,3.0
E06000047,2025-11-01,3.0
E06000047,2025-12-01,3.0
E06000047,2026-01-01,3.1
E06000047,2026-02-01,3.2
E06000049,2018-01-01,1.3
E06000049,2018-02-01,1.4
E06000049,2018-03-01,1.5
E06000049,2018-04-01,1.5
E06000049,2018-05-01,1.4
E06000049,2018-06-01,1.4
E06000049,2018-07-01,1.4
E06000049,2018-08-01,1.5
E06000049,2018-09-01,1.5
E06000049,2018-10-01,1.5
E06000049,2018-11-01,1.6
E06000049,2018-12-01,1.6
E06000049,2019-01-01,1.6
E06000049,2019-02-01,1.7
E06000049,2019-03-01,1.7
E06000049,2019-04-01,1.8
E06000049,2019-05-01,1.8
E06000049,2019-06-01,1.8
E06000049,2019-07-01,1.8
E06000049,2019-08-01,1.8
E06000049,2019-09-01,1.8
E06000049,2019-10-01,1.8
E06000049,2019-11-01,1.9
E06000049,2019-12-01,1.9
E06000049,2020-01-01,1.9
E06000049,2020-02-01,2.0
E06000049,2020-03-01,2.0
E06000049,2020-04-01,3.8
E06000049,2020-05-01,4.6
E06000049,2020-06-01,4.4
E06000049,2020-07-01,4.5
E06000049,2020-08-01,4.6
E06000049,2020-09-01,4.6
E06000049,2020-10-01,4.4
E06000049,2020-11-01,4.5
E06000049,2020-12-01,4.4
E06000049,2021-01-01,4.2
E06000049,2021-02-01,4.4
E06000049,2021-03-01,4.4
E06000049,2021-04-01,4.3
E06000049,2021-05-01,3.9
E06000049,2021-06-01,3.6
E06000049,2021-07-01,3.5
E06000049,2021-08-01,3.3
E06000049,2021-09-01,3.1
E06000049,2021-10-01,3.0
E06000049,2021-11-01,2.8
E06000049,2021-12-01,2.7
E06000049,2022-01-01,2.6
E06000049,2022-02-01,2.6
E06000049,2022-03-01,2.5
E06000049,2022-04-01,2.4
E06000049,2022-05-01,2.3
E06000049,2022-06-01,2.3
E06000049,2022-07-01,2.3
E06000049,2022-08-01,2.3
E06000049,2022-09-01,2.3
E06000049,2022-10-01,2.3
E06000049,2022-11-01,2.3
E06000049,2022-12-01,2.3
E06000049,2023-01-01,2.2
E06000049,2023-02-01,2.3
E06000049,2023-03-01,2.3
E06000049,2023-04-01,2.3
E06000049,2023-05-01,2.2
E06000049,2023-06-01,2.2
E06000049,2023-07-01,2.2
E06000049,2023-08-01,2.2
E06000049,2023-09-01,2.2
E06000049,2023-10-01,2.2
E06000049,2023-11-01,2.3
E06000049,2023-12-01,2.3
E06000049,2024-01-01,2.2
E06000049,2024-02-01,2.3
E06000049,2024-03-01,2.3
E06000049,2024-04-01,2.3
E06000049,2024-05-01,2.3
E06000049,2024-06-01,2.2
E06000049,2024-07-01,2.4
E06000049,2024-08-01,2.4
E06000049,2024-09-01,2.4
E06000049,2024-10-01,2.3
E06000049,2024-11-01,2.3
E06000049,2024-12-01,2.2
E06000049,2025-01-01,2.2
E06000049,2025-02-01,2.4
E06000049,2025-03-01,2.3
E06000049,2025-04-01,2.2
E06000049,2025-05-01,2.2
E06000049,2025-06-01,2.2
E06000049,2025-07-01,2.2
E06000049,2025-08-01,2.2
E06000049,2025-09-01,2.2
E06000049,2025-10-01,2.2
E06000049,2025-11-01,2.2
E06000049,2025-12-01,2.2
E06000049,2026-01-01,2.2
E06000049,2026-02-01,2.4
E06000050,2018-01-01,1.6
E06000050,2018-02-01,1.7
E06000050,2018-03-01,1.8
E06000050,2018-04-01,2.1
E06000050,2018-05-01,2
E06000050,2018-06-01,2.1
E06000050,2018-07-01,2.1
E06000050,2018-08-01,2.1
E06000050,2018-09-01,2.2
E06000050,2018-10-01,2.2
E06000050,2018-11-01,2.2
E06000050,2018-12-01,2.2
E06000050,2019-01-01,2.2
E06000050,2019-02-01,2.4
E06000050,2019-03-01,2.4
E06000050,2019-04-01,2.4
E06000050,2019-05-01,2.4
E06000050,2019-06-01,2.4
E06000050,2019-07-01,2.3
E06000050,2019-08-01,2.3
E06000050,2019-09-01,2.3
E06000050,2019-10-01,2.4
E06000050,2019-11-01,2.4
E06000050,2019-12-01,2.4
E06000050,2020-01-01,2.4
E06000050,2020-02-01,2.4
E06000050,2020-03-01,2.4
E06000050,2020-04-01,4.7
E06000050,2020-05-01,5.3
E06000050,2020-06-01,5.1
E06000050,2020-07-01,5.2
E06000050,2020-08-01,5.2
E06000050,2020-09-01,5.1
E06000050,2020-10-01,4.9
E06000050,2020-11-01,4.9
E06000050,2020-12-01,4.8
E06000050,2021-01-01,4.7
E06000050,2021-02-01,4.9
E06000050,2021-03-01,4.8
E06000050,2021-04-01,4.8
E06000050,2021-05-01,4.3
E06000050,2021-06-01,4.0
E06000050,2021-07-01,3.8
E06000050,2021-08-01,3.7
E06000050,2021-09-01,3.4
E06000050,2021-10-01,3.3
E06000050,2021-11-01,3.2
E06000050,2021-12-01,3.0
E06000050,2022-01-01,2.9
E06000050,2022-02-01,2.9
E06000050,2022-03-01,2.8
E06000050,2022-04-01,2.6
E06000050,2022-05-01,2.6
E06000050,2022-06-01,2.5
E06000050,2022-07-01,2.5
E06000050,2022-08-01,2.5
E06000050,2022-09-01,2.6
E06000050,2022-10-01,2.5
E06000050,2022-11-01,2.6
E06000050,2022-12-01,2.6
E06000050,2023-01-01,2.5
E06000050,2023-02-01,2.6
E06000050,2023-03-01,2.6
E06000050,2023-04-01,2.5
E06000050,2023-05-01,2.4
E06000050,2023-06-01,2.4
E06000050,2023-07-01,2.4
E06000050,2023-08-01,2.4
E06000050,2023-09-01,2.4
E06000050,2023-10-01,2.5
E06000050,2023-11-01,2.5
E06000050,2023-12-01,2.4
E06000050,2024-01-01,2.4
E06000050,2024-02-01,2.5
E06000050,2024-03-01,2.5
E06000050,2024-04-01,2.5
E06000050,2024-05-01,2.5
E06000050,2024-06-01,2.5
E06000050,2024-07-01,2.7
E06000050,2024-08-01,2.7
E06000050,2024-09-01,2.6
E06000050,2024-10-01,2.6
E06000050,2024-11-01,2.5
E06000050,2024-12-01,2.5
E06000050,2025-01-01,2.5
E06000050,2025-02-01,2.6
E06000050,2025-03-01,2.6
E06000050,2025-04-01,2.5
E06000050,2025-05-01,2.5
E06000050,2025-06-01,2.5
E06000050,2025-07-01,2.5
E06000050,2025-08-01,2.5
E06000050,2025-09-01,2.5
E06000050,2025-10-01,2.5
E06000050,2025-11-01,2.5
E06000050,2025-12-01,2.5
E06000050,2026-01-01,2.5
E06000050,2026-02-01,2.7
E06000051,2018-01-01,1.2
E06000051,2018-02-01,1.2
E06000051,2018-03-01,1.3
E06000051,2018-04-01,1.3
E06000051,2018-05-01,1.2
E06000051,2018-06-01,1.2
E06000051,2018-07-01,1.3
E06000051,2018-08-01,1.3
E06000051,2018-09-01,1.4
E06000051,2018-10-01,1.5
E06000051,2018-11-01,1.6
E06000051,2018-12-01,1.6
E06000051,2019-01-01,1.6
E06000051,2019-02-01,1.7
E06000051,2019-03-01,1.8
E06000051,2019-04-01,1.8
E06000051,2019-05-01,1.9
E06000051,2019-06-01,1.9
E06000051,2019-07-01,1.9
E06000051,2019-08-01,1.9
E06000051,2019-09-01,1.9
E06000051,2019-10-01,2.0
E06000051,2019-11-01,2.0
E06000051,2019-12-01,2.0
E06000051,2020-01-01,2.0
E06000051,2020-02-01,2.0
E06000051,2020-03-01,2.1
E06000051,2020-04-01,3.8
E06000051,2020-05-01,4.8
E06000051,2020-06-01,4.6
E06000051,2020-07-01,4.7
E06000051,2020-08-01,4.8
E06000051,2020-09-01,4.7
E06000051,2020-10-01,4.5
E06000051,2020-11-01,4.5
E06000051,2020-12-01,4.5
E06000051,2021-01-01,4.3
E06000051,2021-02-01,4.6
E06000051,2021-03-01,4.5
E06000051,2021-04-01,4.4
E06000051,2021-05-01,4.0
E06000051,2021-06-01,3.7
E06000051,2021-07-01,3.6
E06000051,2021-08-01,3.4
E06000051,2021-09-01,3.3
E06000051,2021-10-01,3.1
E06000051,2021-11-01,3.0
E06000051,2021-12-01,2.9
E06000051,2022-01-01,2.9
E06000051,2022-02-01,2.8
E06000051,2022-03-01,2.7
E06000051,2022-04-01,2.5
E06000051,2022-05-01,2.4
E06000051,2022-06-01,2.4
E06000051,2022-07-01,2.4
E06000051,2022-08-01,2.4
E06000051,2022-09-01,2.4
E06000051,2022-10-01,2.3
E06000051,2022-11-01,2.4
E06000051,2022-12-01,2.4
E06000051,2023-01-01,2.4
E06000051,2023-02-01,2.4
E06000051,2023-03-01,2.4
E06000051,2023-04-01,2.4
E06000051,2023-05-01,2.3
E06000051,2023-06-01,2.3
E06000051,2023-07-01,2.3
E06000051,2023-08-01,2.3
E06000051,2023-09-01,2.2
E06000051,2023-10-01,2.2
E06000051,2023-11-01,2.2
E06000051,2023-12-01,2.2
E06000051,2024-01-01,2.2
E06000051,2024-02-01,2.3
E06000051,2024-03-01,2.3
E06000051,2024-04-01,2.3
E06000051,2024-05-01,2.3
E06000051,2024-06-01,2.4
E06000051,2024-07-01,2.7
E06000051,2024-08-01,2.7
E06000051,2024-09-01,2.6
E06000051,2024-10-01,2.6
E06000051,2024-11-01,2.6
E06000051,2024-12-01,2.5
E06000051,2025-01-01,2.5
E06000051,2025-02-01,2.5
E06000051,2025-03-01,2.5
E06000051,2025-04-01,2.4
E06000051,2025-05-01,2.4
E06000051,2025-06-01,2.4
E06000051,2025-07-01,2.3
E06000051,2025-08-01,2.3
E06000051,2025-09-01,2.3
E06000051,2025-10-01,2.3
E06000051,2025-11-01,2.3
E06000051,2025-12-01,2.3
E06000051,2026-01-01,2.3
E06000051,2026-02-01,2.5
E06000052,2018-01-01,1.4
E06000052,2018-02-01,1.5
E06000052,2018-03-01,1.5
E06000052,2018-04-01,1.4
E06000052,2018-05-01,1.4
E06000052,2018-06-01,1.3
E06000052,2018-07-01,1.4
E06000052,2018-08-01,1.4
E06000052,2018-09-01,1.6
E06000052,2018-10-01,1.7
E06000052,2018-11-01,1.9
E06000052,2018-12-01,2.0
E06000052,2019-01-01,2.1
E06000052,2019-02-01,2.3
E06000052,2019-03-01,2.3
E06000052,2019-04-01,2.3
E06000052,2019-05-01,2.2
E06000052,2019-06-01,2.2
E06000052,2019-07-01,2.2
E06000052,2019-08-01,2.2
E06000052,2019-09-01,2.2
E06000052,2019-10-01,2.2
E06000052,2019-11-01,2.3
E06000052,2019-12-01,2.4
E06000052,2020-01-01,2.5
E06000052,2020-02-01,2.7
E06000052,2020-03-01,2.7
E06000052,2020-04-01,5.8
E06000052,2020-05-01,6.5
E06000052,2020-06-01,6.0
E06000052,2020-07-01,6.1
E06000052,2020-08-01,6.1
E06000052,2020-09-01,5.7
E06000052,2020-10-01,5.2
E06000052,2020-11-01,5.4
E06000052,2020-12-01,5.4
E06000052,2021-01-01,5.4
E06000052,2021-02-01,5.7
E06000052,2021-03-01,5.8
E06000052,2021-04-01,5.6
E06000052,2021-05-01,5.0
E06000052,2021-06-01,4.4
E06000052,2021-07-01,4.2
E06000052,2021-08-01,3.9
E06000052,2021-09-01,3.7
E06000052,2021-10-01,3.6
E06000052,2021-11-01,3.5
E06000052,2021-12-01,3.4
E06000052,2022-01-01,3.4
E06000052,2022-02-01,3.4
E06000052,2022-03-01,3.2
E06000052,2022-04-01,2.9
E06000052,2022-05-01,2.7
E06000052,2022-06-01,2.7
E06000052,2022-07-01,2.6
E06000052,2022-08-01,2.6
E06000052,2022-09-01,2.5
E06000052,2022-10-01,2.5
E06000052,2022-11-01,2.7
E06000052,2022-12-01,2.8
E06000052,2023-01-01,2.8
E06000052,2023-02-01,2.8
E06000052,2023-03-01,2.8
E06000052,2023-04-01,2.8
E06000052,2023-05-01,2.6
E06000052,2023-06-01,2.7
E06000052,2023-07-01,2.7
E06000052,2023-08-01,2.6
E06000052,2023-09-01,2.6
E06000052,2023-10-01,2.6
E06000052,2023-11-01,2.8
E06000052,2023-12-01,2.9
E06000052,2024-01-01,3.0
E06000052,2024-02-01,3.0
E06000052,2024-03-01,3.0
E06000052,2024-04-01,2.9
E06000052,2024-05-01,2.9
E06000052,2024-06-01,2.8
E06000052,2024-07-01,3.0
E06000052,2024-08-01,3.0
E06000052,2024-09-01,3.0
E06000052,2024-10-01,3.0
E06000052,2024-11-01,3.1
E06000052,2024-12-01,3.1
E06000052,2025-01-01,3.2
E06000052,2025-02-01,3.4
E06000052,2025-03-01,3.3
E06000052,2025-04-01,3.1
E06000052,2025-05-01,3.0
E06000052,2025-06-01,3.0
E06000052,2025-07-01,2.8
E06000052,2025-08-01,2.8
E06000052,2025-09-01,2.8
E06000052,2025-10-01,2.9
E06000052,2025-11-01,3.0
E06000052,2025-12-01,3.1
E06000052,2026-01-01,3.2
E06000052,2026-02-01,3.4
E06000053,2018-01-01,0.5
E06000053,2018-02-01,0.3
E06000053,2018-03-01,0.5
E06000053,2018-04-01,0.3
E06000053,2018-05-01,#
E06000053,2018-06-01,0.2
E06000053,2018-07-01,0.2
E06000053,2018-08-01,0.2
E06000053,2018-09-01,0.2
E06000053,2018-10-01,0.3
E06000053,2018-11-01,0.3
E06000053,2018-12-01,0.6
E06000053,2019-01-01,0.6
E06000053,2019-02-01,0.7
E06000053,2019-03-01,0.8
E06000053,2019-04-01,0.7
E06000053,2019-05-01,0.7
E06000053,2019-06-01,0.7
E06000053,2019-07-01,0.7
E06000053,2019-08-01,0.7
E06000053,2019-09-01,0.7
E06000053,2019-10-01,0.7
E06000053,2019-11-01,0.8
E06000053,2019-12-01,1.0
E06000053,2020-01-01,0.9
E06000053,2020-02-01,0.9
E06000053,2020-03-01,0.8
E06000053,2020-04-01,6.9
E06000053,2020-05-01,7.7
E06000053,2020-06-01,6.8
E06000053,2020-07-01,5.9
E06000053,2020-08-01,5.2
E06000053,2020-09-01,3.6
E06000053,2020-10-01,3.2
E06000053,2020-11-01,3.6
E06000053,2020-12-01,3.9
E06000053,2021-01-01,4.5
E06000053,2021-02-01,4.7
E06000053,2021-03-01,4.5
E06000053,2021-04-01,4.2
E06000053,2021-05-01,3.0
E06000053,2021-06-01,2.5
E06000053,2021-07-01,1.6
E06000053,2021-08-01,1.4
E06000053,2021-09-01,1.0
E06000053,2021-10-01,1.1
E06000053,2021-11-01,1.7
E06000053,2021-12-01,2.2
E06000053,2022-01-01,2.3
E06000053,2022-02-01,2.1
E06000053,2022-03-01,1.8
E06000053,2022-04-01,1.4
E06000053,2022-05-01,0.9
E06000053,2022-06-01,1.0
E06000053,2022-07-01,1.1
E06000053,2022-08-01,0.7
E06000053,2022-09-01,0.9
E06000053,2022-10-01,0.9
E06000053,2022-11-01,1.0
E06000053,2022-12-01,1.2
E06000053,2023-01-01,1.5
E06000053,2023-02-01,1.5
E06000053,2023-03-01,1.4
E06000053,2023-04-01,1.6
E06000053,2023-05-01,1.4
E06000053,2023-06-01,0.7
E06000053,2023-07-01,1.1
E06000053,2023-08-01,0.7
E06000053,2023-09-01,0.8
E06000053,2023-10-01,0.9
E06000053,2023-11-01,1.0
E06000053,2023-12-01,1.4
E06000053,2024-01-01,1.4
E06000053,2024-02-01,1.9
E06000053,2024-03-01,1.8
E06000053,2024-04-01,1.0
E06000053,2024-05-01,1.2
E06000053,2024-06-01,0.7
E06000053,2024-07-01,0.8
E06000053,2024-08-01,0.8
E06000053,2024-09-01,0.8
E06000053,2024-10-01,0.9
E06000053,2024-11-01,0.9
E06000053,2024-12-01,1.2
E06000053,2025-01-01,1.2
E06000053,2025-02-01,1.6
E06000053,2025-03-01,1.5
E06000053,2025-04-01,1.6
E06000053,2025-05-01,1.4
E06000053,2025-06-01,0.6
E06000053,2025-07-01,0.8
E06000053,2025-08-01,0.9
E06000053,2025-09-01,0.9
E06000053,2025-10-01,0.7
E06000053,2025-11-01,1.0
E06000053,2025-12-01,0.9
E06000053,2026-01-01,1.3
E06000053,2026-02-01,1.6
E06000054,2018-01-01,1.1
E06000054,2018-02-01,1.3
E06000054,2018-03-01,1.3
E06000054,2018-04-01,1.5
E06000054,2018-05-01,1.4
E06000054,2018-06-01,1.4
E06000054,2018-07-01,1.4
E06000054,2018-08-01,1.4
E06000054,2018-09-01,1.4
E06000054,2018-10-01,1.4
E06000054,2018-11-01,1.5
E06000054,2018-12-01,1.5
E06000054,2019-01-01,1.4
E06000054,2019-02-01,1.6
E06000054,2019-03-01,1.6
E06000054,2019-04-01,1.6
E06000054,2019-05-01,1.5
E06000054,2019-06-01,1.6
E06000054,2019-07-01,1.5
E06000054,2019-08-01,1.6
E06000054,2019-09-01,1.6
E06000054,2019-10-01,1.6
E06000054,2019-11-01,1.6
E06000054,2019-12-01,1.6
E06000054,2020-01-01,1.6
E06000054,2020-02-01,1.7
E06000054,2020-03-01,1.7
E06000054,2020-04-01,3.2
E06000054,2020-05-01,4.2
E06000054,2020-06-01,4.0
E06000054,2020-07-01,4.1
E06000054,2020-08-01,4.1
E06000054,2020-09-01,4.0
E06000054,2020-10-01,3.8
E06000054,2020-11-01,3.8
E06000054,2020-12-01,3.8
E06000054,2021-01-01,3.7
E06000054,2021-02-01,3.9
E06000054,2021-03-01,3.9
E06000054,2021-04-01,3.8
E06000054,2021-05-01,3.5
E06000054,2021-06-01,3.3
E06000054,2021-07-01,3.2
E06000054,2021-08-01,3.0
E06000054,2021-09-01,2.9
E06000054,2021-10-01,2.7
E06000054,2021-11-01,2.6
E06000054,2021-12-01,2.6
E06000054,2022-01-01,2.5
E06000054,2022-02-01,2.5
E06000054,2022-03-01,2.4
E06000054,2022-04-01,2.2
E06000054,2022-05-01,2.1
E06000054,2022-06-01,2.0
E06000054,2022-07-01,2.0
E06000054,2022-08-01,2.0
E06000054,2022-09-01,2.0
E06000054,2022-10-01,2.0
E06000054,2022-11-01,2.0
E06000054,2022-12-01,2.0
E06000054,2023-01-01,2.0
E06000054,2023-02-01,2.0
E06000054,2023-03-01,2.0
E06000054,2023-04-01,2.0
E06000054,2023-05-01,1.9
E06000054,2023-06-01,1.9
E06000054,2023-07-01,1.9
E06000054,2023-08-01,2.0
E06000054,2023-09-01,1.9
E06000054,2023-10-01,2.0
E06000054,2023-11-01,2.0
E06000054,2023-12-01,2.0
E06000054,2024-01-01,2.1
E06000054,2024-02-01,2.2
E06000054,2024-03-01,2.2
E06000054,2024-04-01,2.1
E06000054,2024-05-01,2.2
E06000054,2024-06-01,2.1
E06000054,2024-07-01,2.3
E06000054,2024-08-01,2.3
E06000054,2024-09-01,2.3
E06000054,2024-10-01,2.3
E06000054,2024-11-01,2.3
E06000054,2024-12-01,2.3
E06000054,2025-01-01,2.2
E06000054,2025-02-01,2.4
E06000054,2025-03-01,2.3
E06000054,2025-04-01,2.3
E06000054,2025-05-01,2.2
E06000054,2025-06-01,2.2
E06000054,2025-07-01,2.2
E06000054,2025-08-01,2.2
E06000054,2025-09-01,2.2
E06000054,2025-10-01,2.2
E06000054,2025-11-01,2.2
E06000054,2025-12-01,2.2
E06000054,2026-01-01,2.2
E06000054,2026-02-01,2.3
E06000055,2018-01-01,2.4
E06000055,2018-02-01,2.6
E06000055,2018-03-01,2.7
E06000055,2018-04-01,3.0
E06000055,2018-05-01,2.8
E06000055,2018-06-01,2.8
E06000055,2018-07-01,2.8
E06000055,2018-08-01,2.9
E06000055,2018-09-01,2.9
E06000055,2018-10-01,3.0
E06000055,2018-11-01,2.9
E06000055,2018-12-01,2.9
E06000055,2019-01-01,2.8
E06000055,2019-02-01,2.9
E06000055,2019-03-01,3.0
E06000055,2019-04-01,2.9
E06000055,2019-05-01,2.9
E06000055,2019-06-01,3.0
E06000055,2019-07-01,3.1
E06000055,2019-08-01,3.1
E06000055,2019-09-01,3.1
E06000055,2019-10-01,3.1
E06000055,2019-11-01,3.1
E06000055,2019-12-01,3.0
E06000055,2020-01-01,3.0
E06000055,2020-02-01,3.1
E06000055,2020-03-01,3.1
E06000055,2020-04-01,4.9
E06000055,2020-05-01,6.4
E06000055,2020-06-01,6.2
E06000055,2020-07-01,6.3
E06000055,2020-08-01,6.4
E06000055,2020-09-01,6.3
E06000055,2020-10-01,6.0
E06000055,2020-11-01,6.0
E06000055,2020-12-01,6.0
E06000055,2021-01-01,5.8
E06000055,2021-02-01,6.2
E06000055,2021-03-01,6.3
E06000055,2021-04-01,6.2
E06000055,2021-05-01,5.8
E06000055,2021-06-01,5.4
E06000055,2021-07-01,5.3
E06000055,2021-08-01,5.1
E06000055,2021-09-01,4.9
E06000055,2021-10-01,4.7
E06000055,2021-11-01,4.6
E06000055,2021-12-01,4.4
E06000055,2022-01-01,4.3
E06000055,2022-02-01,4.3
E06000055,2022-03-01,4.2
E06000055,2022-04-01,4.0
E06000055,2022-05-01,3.8
E06000055,2022-06-01,3.7
E06000055,2022-07-01,3.6
E06000055,2022-08-01,3.6
E06000055,2022-09-01,3.6
E06000055,2022-10-01,3.6
E06000055,2022-11-01,3.6
E06000055,2022-12-01,3.6
E06000055,2023-01-01,3.5
E06000055,2023-02-01,3.6
E06000055,2023-03-01,3.7
E06000055,2023-04-01,3.9
E06000055,2023-05-01,3.8
E06000055,2023-06-01,3.7
E06000055,2023-07-01,3.9
E06000055,2023-08-01,3.9
E06000055,2023-09-01,3.9
E06000055,2023-10-01,3.9
E06000055,2023-11-01,3.9
E06000055,2023-12-01,3.9
E06000055,2024-01-01,3.9
E06000055,2024-02-01,3.9
E06000055,2024-03-01,3.9
E06000055,2024-04-01,3.8
E06000055,2024-05-01,3.9
E06000055,2024-06-01,3.9
E06000055,2024-07-01,4.3
E06000055,2024-08-01,4.4
E06000055,2024-09-01,4.4
E06000055,2024-10-01,4.3
E06000055,2024-11-01,4.2
E06000055,2024-12-01,4.2
E06000055,2025-01-01,4.2
E06000055,2025-02-01,4.5
E06000055,2025-03-01,4.5
E06000055,2025-04-01,4.4
E06000055,2025-05-01,4.4
E06000055,2025-06-01,4.4
E06000055,2025-07-01,4.3
E06000055,2025-08-01,4.3
E06000055,2025-09-01,4.3
E06000055,2025-10-01,4.4
E06000055,2025-11-01,4.3
E06000055,2025-12-01,4.2
E06000055,2026-01-01,4.2
E06000055,2026-02-01,4.5
E06000056,2018-01-01,0.9
E06000056,2018-02-01,0.9
E06000056,2018-03-01,0.9
E06000056,2018-04-01,1.0
E06000056,2018-05-01,0.9
E06000056,2018-06-01,0.9
E06000056,2018-07-01,0.9
E06000056,2018-08-01,0.9
E06000056,2018-09-01,0.9
E06000056,2018-10-01,0.9
E06000056,2018-11-01,0.9
E06000056,2018-12-01,0.8
E06000056,2019-01-01,0.9
E06000056,2019-02-01,1.0
E06000056,2019-03-01,1.1
E06000056,2019-04-01,1.1
E06000056,2019-05-01,1.2
E06000056,2019-06-01,1.2
E06000056,2019-07-01,1.3
E06000056,2019-08-01,1.3
E06000056,2019-09-01,1.3
E06000056,2019-10-01,1.4
E06000056,2019-11-01,1.4
E06000056,2019-12-01,1.4
E06000056,2020-01-01,1.4
E06000056,2020-02-01,1.5
E06000056,2020-03-01,1.5
E06000056,2020-04-01,3.1
E06000056,2020-05-01,4.5
E06000056,2020-06-01,4.2
E06000056,2020-07-01,4.3
E06000056,2020-08-01,4.4
E06000056,2020-09-01,4.3
E06000056,2020-10-01,4.0
E06000056,2020-11-01,4.0
E06000056,2020-12-01,3.9
E06000056,2021-01-01,3.8
E06000056,2021-02-01,4.0
E06000056,2021-03-01,4.0
E06000056,2021-04-01,4.0
E06000056,2021-05-01,3.7
E06000056,2021-06-01,3.4
E06000056,2021-07-01,3.3
E06000056,2021-08-01,3.2
E06000056,2021-09-01,3.0
E06000056,2021-10-01,2.9
E06000056,2021-11-01,2.8
E06000056,2021-12-01,2.6
E06000056,2022-01-01,2.5
E06000056,2022-02-01,2.5
E06000056,2022-03-01,2.4
E06000056,2022-04-01,2.3
E06000056,2022-05-01,2.2
E06000056,2022-06-01,2.2
E06000056,2022-07-01,2.1
E06000056,2022-08-01,2.1
E06000056,2022-09-01,2.1
E06000056,2022-10-01,2.1
E06000056,2022-11-01,2.1
E06000056,2022-12-01,2.0
E06000056,2023-01-01,2.0
E06000056,2023-02-01,2.1
E06000056,2023-03-01,2.1
E06000056,2023-04-01,2.2
E06000056,2023-05-01,2.1
E06000056,2023-06-01,2.1
E06000056,2023-07-01,2.1
E06000056,2023-08-01,2.1
E06000056,2023-09-01,2.1
E06000056,2023-10-01,2.1
E06000056,2023-11-01,2.1
E06000056,2023-12-01,2.1
E06000056,2024-01-01,2.1
E06000056,2024-02-01,2.1
E06000056,2024-03-01,2.2
E06000056,2024-04-01,2.2
E06000056,2024-05-01,2.2
E06000056,2024-06-01,2.3
E06000056,2024-07-01,2.4
E06000056,2024-08-01,2.5
E06000056,2024-09-01,2.5
E06000056,2024-10-01,2.5
E06000056,2024-11-01,2.5
E06000056,2024-12-01,2.4
E06000056,2025-01-01,2.5
E06000056,2025-02-01,2.6
E06000056,2025-03-01,2.6
E06000056,2025-04-01,2.5
E06000056,2025-05-01,2.5
E06000056,2025-06-01,2.6
E06000056,2025-07-01,2.5
E06000056,2025-08-01,2.5
E06000056,2025-09-01,2.6
E06000056,2025-10-01,2.5
E06000056,2025-11-01,2.5
E06000056,2025-12-01,2.5
E06000056,2026-01-01,2.5
E06000056,2026-02-01,2.7
E06000057,2018-01-01,2.7
E06000057,2018-02-01,2.7
E06000057,2018-03-01,2.8
E06000057,2018-04-01,2.8
E06000057,2018-05-01,2.7
E06000057,2018-06-01,2.6
E06000057,2018-07-01,2.5
E06000057,2018-08-01,2.5
E06000057,2018-09-01,2.5
E06000057,2018-10-01,2.5
E06000057,2018-11-01,2.5
E06000057,2018-12-01,2.6
E06000057,2019-01-01,2.7
E06000057,2019-02-01,2.9
E06000057,2019-03-01,3.0
E06000057,2019-04-01,3.1
E06000057,2019-05-01,3.1
E06000057,2019-06-01,3.1
E06000057,2019-07-01,3.1
E06000057,2019-08-01,3.2
E06000057,2019-09-01,3.3
E06000057,2019-10-01,3.4
E06000057,2019-11-01,3.4
E06000057,2019-12-01,3.4
E06000057,2020-01-01,3.5
E06000057,2020-02-01,3.6
E06000057,2020-03-01,3.6
E06000057,2020-04-01,5.8
E06000057,2020-05-01,6.4
E06000057,2020-06-01,6.0
E06000057,2020-07-01,6.1
E06000057,2020-08-01,6.1
E06000057,2020-09-01,6.0
E06000057,2020-10-01,5.8
E06000057,2020-11-01,5.9
E06000057,2020-12-01,5.9
E06000057,2021-01-01,5.8
E06000057,2021-02-01,6.0
E06000057,2021-03-01,6.0
E06000057,2021-04-01,5.8
E06000057,2021-05-01,5.4
E06000057,2021-06-01,4.9
E06000057,2021-07-01,4.8
E06000057,2021-08-01,4.6
E06000057,2021-09-01,4.4
E06000057,2021-10-01,4.3
E06000057,2021-11-01,4.1
E06000057,2021-12-01,4.0
E06000057,2022-01-01,4.0
E06000057,2022-02-01,3.9
E06000057,2022-03-01,3.8
E06000057,2022-04-01,3.5
E06000057,2022-05-01,3.3
E06000057,2022-06-01,3.2
E06000057,2022-07-01,3.2
E06000057,2022-08-01,3.2
E06000057,2022-09-01,3.2
E06000057,2022-10-01,3.1
E06000057,2022-11-01,3.3
E06000057,2022-12-01,3.3
E06000057,2023-01-01,3.3
E06000057,2023-02-01,3.3
E06000057,2023-03-01,3.4
E06000057,2023-04-01,3.3
E06000057,2023-05-01,3.1
E06000057,2023-06-01,3.1
E06000057,2023-07-01,3.1
E06000057,2023-08-01,3.0
E06000057,2023-09-01,3.0
E06000057,2023-10-01,3.0
E06000057,2023-11-01,3.1
E06000057,2023-12-01,3.0
E06000057,2024-01-01,3.0
E06000057,2024-02-01,3.1
E06000057,2024-03-01,3.1
E06000057,2024-04-01,3.0
E06000057,2024-05-01,3.0
E06000057,2024-06-01,3.0
E06000057,2024-07-01,3.2
E06000057,2024-08-01,3.2
E06000057,2024-09-01,3.2
E06000057,2024-10-01,3.1
E06000057,2024-11-01,3.1
E06000057,2024-12-01,3.0
E06000057,2025-01-01,3.0
E06000057,2025-02-01,3.1
E06000057,2025-03-01,3.1
E06000057,2025-04-01,3.0
E06000057,2025-05-01,2.8
E06000057,2025-06-01,2.8
E06000057,2025-07-01,2.8
E06000057,2025-08-01,2.7
E06000057,2025-09-01,2.7
E06000057,2025-10-01,2.7
E06000057,2025-11-01,2.7
E06000057,2025-12-01,2.8
E06000057,2026-01-01,2.8
E06000057,2026-02-01,3.0
E06000058,2018-01-01,1.4
E06000058,2018-02-01,1.4
E06000058,2018-03-01,1.5
E06000058,2018-04-01,1.8
E06000058,2018-05-01,1.8
E06000058,2018-06-01,1.8
E06000058,2018-07-01,1.9
E06000058,2018-08-01,1.9
E06000058,2018-09-01,1.9
E06000058,2018-10-01,2.0
E06000058,2018-11-01,2.0
E06000058,2018-12-01,2.1
E06000058,2019-01-01,2.2
E06000058,2019-02-01,2.3
E06000058,2019-03-01,2.3
E06000058,2019-04-01,2.3
E06000058,2019-05-01,2.3
E06000058,2019-06-01,2.4
E06000058,2019-07-01,2.4
E06000058,2019-08-01,2.4
E06000058,2019-09-01,2.3
E06000058,2019-10-01,2.3
E06000058,2019-11-01,2.4
E06000058,2019-12-01,2.4
E06000058,2020-01-01,2.5
E06000058,2020-02-01,2.6
E06000058,2020-03-01,2.6
E06000058,2020-04-01,4.7
E06000058,2020-05-01,6.5
E06000058,2020-06-01,6.1
E06000058,2020-07-01,6.2
E06000058,2020-08-01,6.3
E06000058,2020-09-01,6.2
E06000058,2020-10-01,5.9
E06000058,2020-11-01,6.0
E06000058,2020-12-01,5.9
E06000058,2021-01-01,5.9
E06000058,2021-02-01,6.1
E06000058,2021-03-01,6.2
E06000058,2021-04-01,6.0
E06000058,2021-05-01,5.6
E06000058,2021-06-01,5.1
E06000058,2021-07-01,4.9
E06000058,2021-08-01,4.7
E06000058,2021-09-01,4.3
E06000058,2021-10-01,4.1
E06000058,2021-11-01,4.0
E06000058,2021-12-01,3.9
E06000058,2022-01-01,3.8
E06000058,2022-02-01,3.8
E06000058,2022-03-01,3.7
E06000058,2022-04-01,3.6
E06000058,2022-05-01,3.4
E06000058,2022-06-01,3.4
E06000058,2022-07-01,3.2
E06000058,2022-08-01,3.2
E06000058,2022-09-01,3.2
E06000058,2022-10-01,3.1
E06000058,2022-11-01,3.2
E06000058,2022-12-01,3.3
E06000058,2023-01-01,3.2
E06000058,2023-02-01,3.3
E06000058,2023-03-01,3.3
E06000058,2023-04-01,3.4
E06000058,2023-05-01,3.2
E06000058,2023-06-01,3.2
E06000058,2023-07-01,3.2
E06000058,2023-08-01,3.1
E06000058,2023-09-01,3.0
E06000058,2023-10-01,3.0
E06000058,2023-11-01,3.1
E06000058,2023-12-01,3.3
E06000058,2024-01-01,3.3
E06000058,2024-02-01,3.4
E06000058,2024-03-01,3.4
E06000058,2024-04-01,3.4
E06000058,2024-05-01,3.4
E06000058,2024-06-01,3.4
E06000058,2024-07-01,3.6
E06000058,2024-08-01,3.6
E06000058,2024-09-01,3.6
E06000058,2024-10-01,3.5
E06000058,2024-11-01,3.4
E06000058,2024-12-01,3.4
E06000058,2025-01-01,3.4
E06000058,2025-02-01,3.5
E06000058,2025-03-01,3.5
E06000058,2025-04-01,3.5
E06000058,2025-05-01,3.4
E06000058,2025-06-01,3.4
E06000058,2025-07-01,3.4
E06000058,2025-08-01,3.3
E06000058,2025-09-01,3.2
E06000058,2025-10-01,3.2
E06000058,2025-11-01,3.3
E06000058,2025-12-01,3.3
E06000058,2026-01-01,3.4
E06000058,2026-02-01,3.5
E06000059,2018-01-01,1.0
E06000059,2018-02-01,1.0
E06000059,2018-03-01,1.1
E06000059,2018-04-01,1.2
E06000059,2018-05-01,1.2
E06000059,2018-06-01,1.2
E06000059,2018-07-01,1.3
E06000059,2018-08-01,1.3
E06000059,2018-09-01,1.3
E06000059,2018-10-01,1.3
E06000059,2018-11-01,1.4
E06000059,2018-12-01,1.5
E06000059,2019-01-01,1.5
E06000059,2019-02-01,1.6
E06000059,2019-03-01,1.7
E06000059,2019-04-01,1.6
E06000059,2019-05-01,1.6
E06000059,2019-06-01,1.6
E06000059,2019-07-01,1.6
E06000059,2019-08-01,1.6
E06000059,2019-09-01,1.6
E06000059,2019-10-01,1.6
E06000059,2019-11-01,1.7
E06000059,2019-12-01,1.7
E06000059,2020-01-01,1.8
E06000059,2020-02-01,1.8
E06000059,2020-03-01,1.8
E06000059,2020-04-01,3.7
E06000059,2020-05-01,4.7
E06000059,2020-06-01,4.4
E06000059,2020-07-01,4.5
E06000059,2020-08-01,4.6
E06000059,2020-09-01,4.4
E06000059,2020-10-01,4.2
E06000059,2020-11-01,4.3
E06000059,2020-12-01,4.3
E06000059,2021-01-01,4.2
E06000059,2021-02-01,4.5
E06000059,2021-03-01,4.5
E06000059,2021-04-01,4.4
E06000059,2021-05-01,4.0
E06000059,2021-06-01,3.5
E06000059,2021-07-01,3.4
E06000059,2021-08-01,3.2
E06000059,2021-09-01,3.0
E06000059,2021-10-01,2.9
E06000059,2021-11-01,2.8
E06000059,2021-12-01,2.7
E06000059,2022-01-01,2.8
E06000059,2022-02-01,2.8
E06000059,2022-03-01,2.7
E06000059,2022-04-01,2.5
E06000059,2022-05-01,2.3
E06000059,2022-06-01,2.3
E06000059,2022-07-01,2.2
E06000059,2022-08-01,2.2
E06000059,2022-09-01,2.2
E06000059,2022-10-01,2.2
E06000059,2022-11-01,2.3
E06000059,2022-12-01,2.3
E06000059,2023-01-01,2.3
E06000059,2023-02-01,2.3
E06000059,2023-03-01,2.3
E06000059,2023-04-01,2.3
E06000059,2023-05-01,2.2
E06000059,2023-06-01,2.2
E06000059,2023-07-01,2.2
E06000059,2023-08-01,2.1
E06000059,2023-09-01,2.1
E06000059,2023-10-01,2.1
E06000059,2023-11-01,2.2
E06000059,2023-12-01,2.3
E06000059,2024-01-01,2.3
E06000059,2024-02-01,2.4
E06000059,2024-03-01,2.4
E06000059,2024-04-01,2.4
E06000059,2024-05-01,2.4
E06000059,2024-06-01,2.4
E06000059,2024-07-01,2.6
E06000059,2024-08-01,2.6
E06000059,2024-09-01,2.5
E06000059,2024-10-01,2.5
E06000059,2024-11-01,2.5
E06000059,2024-12-01,2.4
E06000059,2025-01-01,2.5
E06000059,2025-02-01,2.6
E06000059,2025-03-01,2.6
E06000059,2025-04-01,2.5
E06000059,2025-05-01,2.4
E06000059,2025-06-01,2.3
E06000059,2025-07-01,2.3
E06000059,2025-08-01,2.2
E06000059,2025-09-01,2.2
E06000059,2025-10-01,2.2
E06000059,2025-11-01,2.2
E06000059,2025-12-01,2.2
E06000059,2026-01-01,2.3
E06000059,2026-02-01,2.4
E06000060,2018-01-01,0.9
E06000060,2018-02-01,0.9
E06000060,2018-03-01,0.9
E06000060,2018-04-01,0.9
E06000060,2018-05-01,0.9
E06000060,2018-06-01,0.9
E06000060,2018-07-01,0.9
E06000060,2018-08-01,0.9
E06000060,2018-09-01,0.9
E06000060,2018-10-01,0.9
E06000060,2018-11-01,0.9
E06000060,2018-12-01,1.0
E06000060,2019-01-01,1.0
E06000060,2019-02-01,1.1
E06000060,2019-03-01,1.2
E06000060,2019-04-01,1.2
E06000060,2019-05-01,1.2
E06000060,2019-06-01,1.3
E06000060,2019-07-01,1.3
E06000060,2019-08-01,1.4
E06000060,2019-09-01,1.4
E06000060,2019-10-01,1.4
E06000060,2019-11-01,1.5
E06000060,2019-12-01,1.5
E06000060,2020-01-01,1.5
E06000060,2020-02-01,1.6
E06000060,2020-03-01,1.6
E06000060,2020-04-01,2.8
E06000060,2020-05-01,4.5
E06000060,2020-06-01,4.3
E06000060,2020-07-01,4.5
E06000060,2020-08-01,4.6
E06000060,2020-09-01,4.6
E06000060,2020-10-01,4.3
E06000060,2020-11-01,4.4
E06000060,2020-12-01,4.4
E06000060,2021-01-01,4.3
E06000060,2021-02-01,4.6
E06000060,2021-03-01,4.5
E06000060,2021-04-01,4.4
E06000060,2021-05-01,4.1
E06000060,2021-06-01,3.7
E06000060,2021-07-01,3.7
E06000060,2021-08-01,3.5
E06000060,2021-09-01,3.3
E06000060,2021-10-01,3.2
E06000060,2021-11-01,3.1
E06000060,2021-12-01,3.0
E06000060,2022-01-01,2.9
E06000060,2022-02-01,2.8
E06000060,2022-03-01,2.8
E06000060,2022-04-01,2.7
E06000060,2022-05-01,2.6
E06000060,2022-06-01,2.6
E06000060,2022-07-01,2.5
E06000060,2022-08-01,2.6
E06000060,2022-09-01,2.6
E06000060,2022-10-01,2.5
E06000060,2022-11-01,2.5
E06000060,2022-12-01,2.5
E06000060,2023-01-01,2.5
E06000060,2023-02-01,2.5
E06000060,2023-03-01,2.5
E06000060,2023-04-01,2.5
E06000060,2023-05-01,2.5
E06000060,2023-06-01,2.5
E06000060,2023-07-01,2.5
E06000060,2023-08-01,2.5
E06000060,2023-09-01,2.5
E06000060,2023-10-01,2.5
E06000060,2023-11-01,2.5
E06000060,2023-12-01,2.6
E06000060,2024-01-01,2.5
E06000060,2024-02-01,2.6
E06000060,2024-03-01,2.6
E06000060,2024-04-01,2.6
E06000060,2024-05-01,2.7
E06000060,2024-06-01,2.8
E06000060,2024-07-01,2.9
E06000060,2024-08-01,2.9
E06000060,2024-09-01,3.0
E06000060,2024-10-01,3.0
E06000060,2024-11-01,3.0
E06000060,2024-12-01,3.0
E06000060,2025-01-01,3.0
E06000060,2025-02-01,3.2
E06000060,2025-03-01,3.2
E06000060,2025-04-01,3.1
E06000060,2025-05-01,3.1
E06000060,2025-06-01,3.1
E06000060,2025-07-01,3.1
E06000060,2025-08-01,3.1
E06000060,2025-09-01,3.0
E06000060,2025-10-01,3.1
E06000060,2025-11-01,3.0
E06000060,2025-12-01,2.9
E06000060,2026-01-01,3.0
E06000060,2026-02-01,3.1
E06000061,2018-01-01,1.6
E06000061,2018-02-01,1.8
E06000061,2018-03-01,1.9
E06000061,2018-04-01,1.9
E06000061,2018-05-01,1.9
E06000061,2018-06-01,1.8
E06000061,2018-07-01,1.8
E06000061,2018-08-01,1.8
E06000061,2018-09-01,1.8
E06000061,2018-10-01,1.8
E06000061,2018-11-01,1.8
E06000061,2018-12-01,1.8
E06000061,2019-01-01,2.0
E06000061,2019-02-01,2.1
E06000061,2019-03-01,2.2
E06000061,2019-04-01,2.3
E06000061,2019-05-01,2.3
E06000061,2019-06-01,2.4
E06000061,2019-07-01,2.4
E06000061,2019-08-01,2.4
E06000061,2019-09-01,2.4
E06000061,2019-10-01,2.4
E06000061,2019-11-01,2.4
E06000061,2019-12-01,2.4
E06000061,2020-01-01,2.4
E06000061,2020-02-01,2.5
E06000061,2020-03-01,2.6
E06000061,2020-04-01,4.8
E06000061,2020-05-01,5.9
E06000061,2020-06-01,5.7
E06000061,2020-07-01,5.6
E06000061,2020-08-01,5.7
E06000061,2020-09-01,5.5
E06000061,2020-10-01,5.2
E06000061,2020-11-01,5.2
E06000061,2020-12-01,5.2
E06000061,2021-01-01,5.0
E06000061,2021-02-01,5.3
E06000061,2021-03-01,5.3
E06000061,2021-04-01,5.2
E06000061,2021-05-01,4.8
E06000061,2021-06-01,4.5
E06000061,2021-07-01,4.4
E06000061,2021-08-01,4.2
E06000061,2021-09-01,4.0
E06000061,2021-10-01,3.8
E06000061,2021-11-01,3.6
E06000061,2021-12-01,3.4
E06000061,2022-01-01,3.4
E06000061,2022-02-01,3.4
E06000061,2022-03-01,3.3
E06000061,2022-04-01,3.2
E06000061,2022-05-01,3.1
E06000061,2022-06-01,3.1
E06000061,2022-07-01,3.0
E06000061,2022-08-01,3.0
E06000061,2022-09-01,3.0
E06000061,2022-10-01,2.9
E06000061,2022-11-01,3.0
E06000061,2022-12-01,3.0
E06000061,2023-01-01,3.0
E06000061,2023-02-01,3.2
E06000061,2023-03-01,3.3
E06000061,2023-04-01,3.4
E06000061,2023-05-01,3.3
E06000061,2023-06-01,3.3
E06000061,2023-07-01,3.3
E06000061,2023-08-01,3.2
E06000061,2023-09-01,3.2
E06000061,2023-10-01,3.3
E06000061,2023-11-01,3.2
E06000061,2023-12-01,3.2
E06000061,2024-01-01,3.2
E06000061,2024-02-01,3.3
E06000061,2024-03-01,3.3
E06000061,2024-04-01,3.4
E06000061,2024-05-01,3.3
E06000061,2024-06-01,3.3
E06000061,2024-07-01,3.5
E06000061,2024-08-01,3.5
E06000061,2024-09-01,3.5
E06000061,2024-10-01,3.3
E06000061,2024-11-01,3.2
E06000061,2024-12-01,3.1
E06000061,2025-01-01,3.1
E06000061,2025-02-01,3.3
E06000061,2025-03-01,3.4
E06000061,2025-04-01,3.3
E06000061,2025-05-01,3.3
E06000061,2025-06-01,3.3
E06000061,2025-07-01,3.3
E06000061,2025-08-01,3.3
E06000061,2025-09-01,3.2
E06000061,2025-10-01,3.2
E06000061,2025-11-01,3.1
E06000061,2025-12-01,3.1
E06000061,2026-01-01,3.2
E06000061,2026-02-01,3.4
E06000062,2018-01-01,1.4
E06000062,2018-02-01,1.5
E06000062,2018-03-01,1.5
E06000062,2018-04-01,1.6
E06000062,2018-05-01,1.6
E06000062,2018-06-01,1.5
E06000062,2018-07-01,1.5
E06000062,2018-08-01,1.5
E06000062,2018-09-01,1.5
E06000062,2018-10-01,1.5
E06000062,2018-11-01,1.5
E06000062,2018-12-01,1.4
E06000062,2019-01-01,1.5
E06000062,2019-02-01,1.6
E06000062,2019-03-01,1.7
E06000062,2019-04-01,1.8
E06000062,2019-05-01,1.8
E06000062,2019-06-01,1.9
E06000062,2019-07-01,2.0
E06000062,2019-08-01,2.1
E06000062,2019-09-01,2.1
E06000062,2019-10-01,2.1
E06000062,2019-11-01,2.0
E06000062,2019-12-01,2.0
E06000062,2020-01-01,2.1
E06000062,2020-02-01,2.2
E06000062,2020-03-01,2.2
E06000062,2020-04-01,3.6
E06000062,2020-05-01,5.5
E06000062,2020-06-01,5.3
E06000062,2020-07-01,5.4
E06000062,2020-08-01,5.5
E06000062,2020-09-01,5.4
E06000062,2020-10-01,5.2
E06000062,2020-11-01,5.2
E06000062,2020-12-01,5.1
E06000062,2021-01-01,4.8
E06000062,2021-02-01,5.2
E06000062,2021-03-01,5.1
E06000062,2021-04-01,5.1
E06000062,2021-05-01,4.7
E06000062,2021-06-01,4.4
E06000062,2021-07-01,4.3
E06000062,2021-08-01,4.2
E06000062,2021-09-01,4.0
E06000062,2021-10-01,3.8
E06000062,2021-11-01,3.7
E06000062,2021-12-01,3.5
E06000062,2022-01-01,3.4
E06000062,2022-02-01,3.5
E06000062,2022-03-01,3.4
E06000062,2022-04-01,3.3
E06000062,2022-05-01,3.2
E06000062,2022-06-01,3.1
E06000062,2022-07-01,3.1
E06000062,2022-08-01,3.1
E06000062,2022-09-01,3.1
E06000062,2022-10-01,3.0
E06000062,2022-11-01,3.0
E06000062,2022-12-01,3.0
E06000062,2023-01-01,2.9
E06000062,2023-02-01,3.0
E06000062,2023-03-01,3.1
E06000062,2023-04-01,3.1
E06000062,2023-05-01,3.0
E06000062,2023-06-01,3.0
E06000062,2023-07-01,3.0
E06000062,2023-08-01,3.0
E06000062,2023-09-01,3.0
E06000062,2023-10-01,3.0
E06000062,2023-11-01,3.0
E06000062,2023-12-01,3.0
E06000062,2024-01-01,2.9
E06000062,2024-02-01,3.1
E06000062,2024-03-01,3.1
E06000062,2024-04-01,3.1
E06000062,2024-05-01,3.2
E06000062,2024-06-01,3.2
E06000062,2024-07-01,3.5
E06000062,2024-08-01,3.5
E06000062,2024-09-01,3.4
E06000062,2024-10-01,3.3
E06000062,2024-11-01,3.2
E06000062,2024-12-01,3.2
E06000062,2025-01-01,3.2
E06000062,2025-02-01,3.4
E06000062,2025-03-01,3.5
E06000062,2025-04-01,3.5
E06000062,2025-05-01,3.5
E06000062,2025-06-01,3.4
E06000062,2025-07-01,3.4
E06000062,2025-08-01,3.4
E06000062,2025-09-01,3.3
E06000062,2025-10-01,3.3
E06000062,2025-11-01,3.2
E06000062,2025-12-01,3.1
E06000062,2026-01-01,3.2
E06000062,2026-02-01,3.4
E06000063,2018-01-01,2.2
E06000063,2018-02-01,2.4
E06000063,2018-03-01,2.4
E06000063,2018-04-01,2.5
E06000063,2018-05-01,2.4
E06000063,2018-06-01,2.4
E06000063,2018-07-01,2.4
E06000063,2018-08-01,2.4
E06000063,2018-09-01,2.4
E06000063,2018-10-01,2.4
E06000063,2018-11-01,2.4
E06000063,2018-12-01,2.5
E06000063,2019-01-01,2.5
E06000063,2019-02-01,2.6
E06000063,2019-03-01,2.7
E06000063,2019-04-01,2.7
E06000063,2019-05-01,2.6
E06000063,2019-06-01,2.6
E06000063,2019-07-01,2.7
E06000063,2019-08-01,2.6
E06000063,2019-09-01,2.6
E06000063,2019-10-01,2.6
E06000063,2019-11-01,2.6
E06000063,2019-12-01,2.7
E06000063,2020-01-01,2.7
E06000063,2020-02-01,2.8
E06000063,2020-03-01,2.8
E06000063,2020-04-01,4.6
E06000063,2020-05-01,5.2
E06000063,2020-06-01,5.0
E06000063,2020-07-01,5.1
E06000063,2020-08-01,5.0
E06000063,2020-09-01,4.9
E06000063,2020-10-01,4.7
E06000063,2020-11-01,4.7
E06000063,2020-12-01,4.6
E06000063,2021-01-01,4.6
E06000063,2021-02-01,4.9
E06000063,2021-03-01,4.9
E06000063,2021-04-01,4.9
E06000063,2021-05-01,4.6
E06000063,2021-06-01,4.2
E06000063,2021-07-01,4.0
E06000063,2021-08-01,3.9
E06000063,2021-09-01,3.7
E06000063,2021-10-01,3.5
E06000063,2021-11-01,3.3
E06000063,2021-12-01,3.2
E06000063,2022-01-01,3.2
E06000063,2022-02-01,3.2
E06000063,2022-03-01,3.1
E06000063,2022-04-01,2.8
E06000063,2022-05-01,2.7
E06000063,2022-06-01,2.6
E06000063,2022-07-01,2.5
E06000063,2022-08-01,2.5
E06000063,2022-09-01,2.6
E06000063,2022-10-01,2.6
E06000063,2022-11-01,2.7
E06000063,2022-12-01,2.7
E06000063,2023-01-01,2.6
E06000063,2023-02-01,2.6
E06000063,2023-03-01,2.7
E06000063,2023-04-01,2.7
E06000063,2023-05-01,2.5
E06000063,2023-06-01,2.5
E06000063,2023-07-01,2.6
E06000063,2023-08-01,2.5
E06000063,2023-09-01,2.4
E06000063,2023-10-01,2.5
E06000063,2023-11-01,2.5
E06000063,2023-12-01,2.5
E06000063,2024-01-01,2.5
E06000063,2024-02-01,2.5
E06000063,2024-03-01,2.6
E06000063,2024-04-01,2.5
E06000063,2024-05-01,2.5
E06000063,2024-06-01,2.6
E06000063,2024-07-01,2.8
E06000063,2024-08-01,2.8
E06000063,2024-09-01,2.7
E06000063,2024-10-01,2.6
E06000063,2024-11-01,2.6
E06000063,2024-12-01,2.5
E06000063,2025-01-01,2.5
E06000063,2025-02-01,2.6
E06000063,2025-03-01,2.5
E06000063,2025-04-01,2.5
E06000063,2025-05-01,2.4
E06000063,2025-06-01,2.4
E06000063,2025-07-01,2.3
E06000063,2025-08-01,2.3
E06000063,2025-09-01,2.3
E06000063,2025-10-01,2.4
E06000063,2025-11-01,2.4
E06000063,2025-12-01,2.4
E06000063,2026-01-01,2.4
E06000063,2026-02-01,2.6
E06000064,2018-01-01,1.2
E06000064,2018-02-01,1.3
E06000064,2018-03-01,1.3
E06000064,2018-04-01,1.2
E06000064,2018-05-01,1.2
E06000064,2018-06-01,1.2
E06000064,2018-07-01,1.1
E06000064,2018-08-01,1.1
E06000064,2018-09-01,1.1
E06000064,2018-10-01,1.2
E06000064,2018-11-01,1.2
E06000064,2018-12-01,1.2
E06000064,2019-01-01,1.3
E06000064,2019-02-01,1.4
E06000064,2019-03-01,1.5
E06000064,2019-04-01,1.5
E06000064,2019-05-01,1.6
E06000064,2019-06-01,1.6
E06000064,2019-07-01,1.6
E06000064,2019-08-01,1.6
E06000064,2019-09-01,1.6
E06000064,2019-10-01,1.7
E06000064,2019-11-01,1.7
E06000064,2019-12-01,1.7
E06000064,2020-01-01,1.8
E06000064,2020-02-01,1.8
E06000064,2020-03-01,1.8
E06000064,2020-04-01,3.8
E06000064,2020-05-01,4.5
E06000064,2020-06-01,4.3
E06000064,2020-07-01,4.3
E06000064,2020-08-01,4.2
E06000064,2020-09-01,3.9
E06000064,2020-10-01,3.6
E06000064,2020-11-01,3.7
E06000064,2020-12-01,3.7
E06000064,2021-01-01,3.7
E06000064,2021-02-01,3.9
E06000064,2021-03-01,4.0
E06000064,2021-04-01,3.8
E06000064,2021-05-01,3.5
E06000064,2021-06-01,3.1
E06000064,2021-07-01,2.9
E06000064,2021-08-01,2.8
E06000064,2021-09-01,2.6
E06000064,2021-10-01,2.5
E06000064,2021-11-01,2.5
E06000064,2021-12-01,2.4
E06000064,2022-01-01,2.4
E06000064,2022-02-01,2.5
E06000064,2022-03-01,2.4
E06000064,2022-04-01,2.2
E06000064,2022-05-01,2.1
E06000064,2022-06-01,2.0
E06000064,2022-07-01,2.0
E06000064,2022-08-01,2.0
E06000064,2022-09-01,2.0
E06000064,2022-10-01,2.0
E06000064,2022-11-01,2.1
E06000064,2022-12-01,2.1
E06000064,2023-01-01,2.1
E06000064,2023-02-01,2.1
E06000064,2023-03-01,2.1
E06000064,2023-04-01,2.1
E06000064,2023-05-01,1.9
E06000064,2023-06-01,1.8
E06000064,2023-07-01,1.9
E06000064,2023-08-01,1.9
E06000064,2023-09-01,1.9
E06000064,2023-10-01,1.8
E06000064,2023-11-01,1.9
E06000064,2023-12-01,1.9
E06000064,2024-01-01,1.9
E06000064,2024-02-01,2.0
E06000064,2024-03-01,2.0
E06000064,2024-04-01,2.0
E06000064,2024-05-01,2.0
E06000064,2024-06-01,2.0
E06000064,2024-07-01,2.2
E06000064,2024-08-01,2.2
E06000064,2024-09-01,2.1
E06000064,2024-10-01,2.1
E06000064,2024-11-01,2.0
E06000064,2024-12-01,1.9
E06000064,2025-01-01,2.0
E06000064,2025-02-01,2.0
E06000064,2025-03-01,2.0
E06000064,2025-04-01,1.9
E06000064,2025-05-01,1.8
E06000064,2025-06-01,1.8
E06000064,2025-07-01,1.8
E06000064,2025-08-01,1.8
E06000064,2025-09-01,1.8
E06000064,2025-10-01,1.8
E06000064,2025-11-01,1.7
E06000064,2025-12-01,1.7
E06000064,2026-01-01,1.8
E06000064,2026-02-01,1.9
E06000065,2018-01-01,1.5
E06000065,2018-02-01,1.6
E06000065,2018-03-01,1.6
E06000065,2018-04-01,1.7
E06000065,2018-05-01,1.5
E06000065,2018-06-01,1.4
E06000065,2018-07-01,1.4
E06000065,2018-08-01,1.5
E06000065,2018-09-01,1.5
E06000065,2018-10-01,1.6
E06000065,2018-11-01,1.6
E06000065,2018-12-01,1.6
E06000065,2019-01-01,1.6
E06000065,2019-02-01,1.7
E06000065,2019-03-01,1.7
E06000065,2019-04-01,1.7
E06000065,2019-05-01,1.6
E06000065,2019-06-01,1.6
E06000065,2019-07-01,1.6
E06000065,2019-08-01,1.6
E06000065,2019-09-01,1.6
E06000065,2019-10-01,1.6
E06000065,2019-11-01,1.6
E06000065,2019-12-01,1.7
E06000065,2020-01-01,1.7
E06000065,2020-02-01,1.8
E06000065,2020-03-01,1.7
E06000065,2020-04-01,3.9
E06000065,2020-05-01,4.4
E06000065,2020-06-01,4.2
E06000065,2020-07-01,4.3
E06000065,2020-08-01,4.3
E06000065,2020-09-01,4.1
E06000065,2020-10-01,3.9
E06000065,2020-11-01,3.9
E06000065,2020-12-01,3.9
E06000065,2021-01-01,3.9
E06000065,2021-02-01,4.0
E06000065,2021-03-01,4.0
E06000065,2021-04-01,3.9
E06000065,2021-05-01,3.5
E06000065,2021-06-01,3.1
E06000065,2021-07-01,2.9
E06000065,2021-08-01,2.8
E06000065,2021-09-01,2.7
E06000065,2021-10-01,2.6
E06000065,2021-11-01,2.5
E06000065,2021-12-01,2.4
E06000065,2022-01-01,2.4
E06000065,2022-02-01,2.4
E06000065,2022-03-01,2.3
E06000065,2022-04-01,2.1
E06000065,2022-05-01,2.0
E06000065,2022-06-01,2.0
E06000065,2022-07-01,2.0
E06000065,2022-08-01,2.0
E06000065,2022-09-01,2.0
E06000065,2022-10-01,1.9
E06000065,2022-11-01,2.0
E06000065,2022-12-01,2.0
E06000065,2023-01-01,2.0
E06000065,2023-02-01,2.1
E06000065,2023-03-01,2.1
E06000065,2023-04-01,2.0
E06000065,2023-05-01,1.9
E06000065,2023-06-01,1.9
E06000065,2023-07-01,1.9
E06000065,2023-08-01,1.9
E06000065,2023-09-01,1.8
E06000065,2023-10-01,1.9
E06000065,2023-11-01,1.9
E06000065,2023-12-01,2.0
E06000065,2024-01-01,2.0
E06000065,2024-02-01,2.1
E06000065,2024-03-01,2.1
E06000065,2024-04-01,2.0
E06000065,2024-05-01,2.0
E06000065,2024-06-01,2.0
E06000065,2024-07-01,2.2
E06000065,2024-08-01,2.2
E06000065,2024-09-01,2.2
E06000065,2024-10-01,2.1
E06000065,2024-11-01,2.1
E06000065,2024-12-01,2.1
E06000065,2025-01-01,2.1
E06000065,2025-02-01,2.2
E06000065,2025-03-01,2.1
E06000065,2025-04-01,2.1
E06000065,2025-05-01,2.0
E06000065,2025-06-01,2.0
E06000065,2025-07-01,1.9
E06000065,2025-08-01,1.9
E06000065,2025-09-01,1.9
E06000065,2025-10-01,1.9
E06000065,2025-11-01,1.9
E06000065,2025-12-01,1.9
E06000065,2026-01-01,2.0
E06000065,2026-02-01,2.1
E06000066,2018-01-01,1.9
E06000066,2018-02-01,2.1
E06000066,2018-03-01,2.2
E06000066,2018-04-01,2.4
E06000066,2018-05-01,2.1
E06000066,2018-06-01,2.1
E06000066,2018-07-01,2.1
E06000066,2018-08-01,2.1
E06000066,2018-09-01,2.1
E06000066,2018-10-01,2.1
E06000066,2018-11-01,2.1
E06000066,2018-12-01,2.1
E06000066,2019-01-01,2.1
E06000066,2019-02-01,2.3
E06000066,2019-03-01,2.3
E06000066,2019-04-01,2.3
E06000066,2019-05-01,2.2
E06000066,2019-06-01,2.2
E06000066,2019-07-01,2.2
E06000066,2019-08-01,2.2
E06000066,2019-09-01,2.2
E06000066,2019-10-01,2.2
E06000066,2019-11-01,2.2
E06000066,2019-12-01,2.3
E06000066,2020-01-01,2.2
E06000066,2020-02-01,2.3
E06000066,2020-03-01,2.2
E06000066,2020-04-01,4.1
E06000066,2020-05-01,5.0
E06000066,2020-06-01,4.8
E06000066,2020-07-01,5.0
E06000066,2020-08-01,5.1
E06000066,2020-09-01,4.9
E06000066,2020-10-01,4.6
E06000066,2020-11-01,4.7
E06000066,2020-12-01,4.6
E06000066,2021-01-01,4.5
E06000066,2021-02-01,4.7
E06000066,2021-03-01,4.7
E06000066,2021-04-01,4.5
E06000066,2021-05-01,4.2
E06000066,2021-06-01,3.8
E06000066,2021-07-01,3.7
E06000066,2021-08-01,3.5
E06000066,2021-09-01,3.3
E06000066,2021-10-01,3.2
E06000066,2021-11-01,3.1
E06000066,2021-12-01,2.9
E06000066,2022-01-01,2.9
E06000066,2022-02-01,2.9
E06000066,2022-03-01,2.8
E06000066,2022-04-01,2.6
E06000066,2022-05-01,2.5
E06000066,2022-06-01,2.4
E06000066,2022-07-01,2.3
E06000066,2022-08-01,2.3
E06000066,2022-09-01,2.3
E06000066,2022-10-01,2.3
E06000066,2022-11-01,2.3
E06000066,2022-12-01,2.3
E06000066,2023-01-01,2.3
E06000066,2023-02-01,2.3
E06000066,2023-03-01,2.4
E06000066,2023-04-01,2.4
E06000066,2023-05-01,2.3
E06000066,2023-06-01,2.3
E06000066,2023-07-01,2.3
E06000066,2023-08-01,2.3
E06000066,2023-09-01,2.3
E06000066,2023-10-01,2.4
E06000066,2023-11-01,2.5
E06000066,2023-12-01,2.5
E06000066,2024-01-01,2.5
E06000066,2024-02-01,2.6
E06000066,2024-03-01,2.6
E06000066,2024-04-01,2.5
E06000066,2024-05-01,2.5
E06000066,2024-06-01,2.5
E06000066,2024-07-01,2.6
E06000066,2024-08-01,2.6
E06000066,2024-09-01,2.6
E06000066,2024-10-01,2.6
E06000066,2024-11-01,2.5
E06000066,2024-12-01,2.5
E06000066,2025-01-01,2.5
E06000066,2025-02-01,2.6
E06000066,2025-03-01,2.6
E06000066,2025-04-01,2.5
E06000066,2025-05-01,2.4
E06000066,2025-06-01,2.5
E06000066,2025-07-01,2.4
E06000066,2025-08-01,2.4
E06000066,2025-09-01,2.4
E06000066,2025-10-01,2.5
E06000066,2025-11-01,2.5
E06000066,2025-12-01,2.5
E06000066,2026-01-01,2.6
E06000066,2026-02-01,2.6
E07000008,2018-01-01,0.7
E07000008,2018-02-01,0.7
E07000008,2018-03-01,0.7
E07000008,2018-04-01,0.8
E07000008,2018-05-01,0.7
E07000008,2018-06-01,0.7
E07000008,2018-07-01,0.7
E07000008,2018-08-01,0.7
E07000008,2018-09-01,0.7
E07000008,2018-10-01,0.7
E07000008,2018-11-01,0.6
E07000008,2018-12-01,0.7
E07000008,2019-01-01,0.8
E07000008,2019-02-01,0.9
E07000008,2019-03-01,0.9
E07000008,2019-04-01,1.0
E07000008,2019-05-01,1.0
E07000008,2019-06-01,1.1
E07000008,2019-07-01,1.1
E07000008,2019-08-01,1.2
E07000008,2019-09-01,1.2
E07000008,2019-10-01,1.2
E07000008,2019-11-01,1.2
E07000008,2019-12-01,1.3
E07000008,2020-01-01,1.3
E07000008,2020-02-01,1.3
E07000008,2020-03-01,1.3
E07000008,2020-04-01,2.0
E07000008,2020-05-01,3.2
E07000008,2020-06-01,3.2
E07000008,2020-07-01,3.3
E07000008,2020-08-01,3.5
E07000008,2020-09-01,3.5
E07000008,2020-10-01,3.3
E07000008,2020-11-01,3.3
E07000008,2020-12-01,3.3
E07000008,2021-01-01,3.2
E07000008,2021-02-01,3.4
E07000008,2021-03-01,3.3
E07000008,2021-04-01,3.3
E07000008,2021-05-01,3.1
E07000008,2021-06-01,2.8
E07000008,2021-07-01,2.7
E07000008,2021-08-01,2.6
E07000008,2021-09-01,2.4
E07000008,2021-10-01,2.4
E07000008,2021-11-01,2.2
E07000008,2021-12-01,2.1
E07000008,2022-01-01,2.0
E07000008,2022-02-01,2.0
E07000008,2022-03-01,2.0
E07000008,2022-04-01,1.9
E07000008,2022-05-01,1.9
E07000008,2022-06-01,1.8
E07000008,2022-07-01,1.8
E07000008,2022-08-01,1.9
E07000008,2022-09-01,1.9
E07000008,2022-10-01,1.9
E07000008,2022-11-01,1.9
E07000008,2022-12-01,1.9
E07000008,2023-01-01,1.9
E07000008,2023-02-01,1.9
E07000008,2023-03-01,1.9
E07000008,2023-04-01,1.9
E07000008,2023-05-01,1.8
E07000008,2023-06-01,1.8
E07000008,2023-07-01,1.8
E07000008,2023-08-01,1.8
E07000008,2023-09-01,1.8
E07000008,2023-10-01,1.8
E07000008,2023-11-01,1.8
E07000008,2023-12-01,1.9
E07000008,2024-01-01,1.9
E07000008,2024-02-01,2.0
E07000008,2024-03-01,1.9
E07000008,2024-04-01,1.9
E07000008,2024-05-01,1.9
E07000008,2024-06-01,1.9
E07000008,2024-07-01,2.1
E07000008,2024-08-01,2.1
E07000008,2024-09-01,2.1
E07000008,2024-10-01,2.1
E07000008,2024-11-01,2.1
E07000008,2024-12-01,2.1
E07000008,2025-01-01,2.1
E07000008,2025-02-01,2.2
E07000008,2025-03-01,2.2
E07000008,2025-04-01,2.1
E07000008,2025-05-01,2.1
E07000008,2025-06-01,2.1
E07000008,2025-07-01,2.1
E07000008,2025-08-01,2.1
E07000008,2025-09-01,2.1
E07000008,2025-10-01,2.1
E07000008,2025-11-01,2.1
E07000008,2025-12-01,2.0
E07000008,2026-01-01,2.0
E07000008,2026-02-01,2.1
E07000009,2018-01-01,0.7
E07000009,2018-02-01,0.7
E07000009,2018-03-01,0.8
E07000009,2018-04-01,0.7
E07000009,2018-05-01,0.7
E07000009,2018-06-01,0.7
E07000009,2018-07-01,0.6
E07000009,2018-08-01,0.7
E07000009,2018-09-01,0.6
E07000009,2018-10-01,0.6
E07000009,2018-11-01,0.7
E07000009,2018-12-01,0.8
E07000009,2019-01-01,0.9
E07000009,2019-02-01,0.9
E07000009,2019-03-01,0.9
E07000009,2019-04-01,1.0
E07000009,2019-05-01,1.0
E07000009,2019-06-01,1.1
E07000009,2019-07-01,1.1
E07000009,2019-08-01,1.1
E07000009,2019-09-01,1.1
E07000009,2019-10-01,1.2
E07000009,2019-11-01,1.2
E07000009,2019-12-01,1.3
E07000009,2020-01-01,1.3
E07000009,2020-02-01,1.4
E07000009,2020-03-01,1.4
E07000009,2020-04-01,2.5
E07000009,2020-05-01,3.7
E07000009,2020-06-01,3.3
E07000009,2020-07-01,3.5
E07000009,2020-08-01,3.8
E07000009,2020-09-01,3.7
E07000009,2020-10-01,3.4
E07000009,2020-11-01,3.4
E07000009,2020-12-01,3.4
E07000009,2021-01-01,3.2
E07000009,2021-02-01,3.4
E07000009,2021-03-01,3.5
E07000009,2021-04-01,3.3
E07000009,2021-05-01,3.1
E07000009,2021-06-01,2.8
E07000009,2021-07-01,2.8
E07000009,2021-08-01,2.7
E07000009,2021-09-01,2.6
E07000009,2021-10-01,2.5
E07000009,2021-11-01,2.4
E07000009,2021-12-01,2.4
E07000009,2022-01-01,2.2
E07000009,2022-02-01,2.2
E07000009,2022-03-01,2.2
E07000009,2022-04-01,2.1
E07000009,2022-05-01,2.0
E07000009,2022-06-01,2.1
E07000009,2022-07-01,2.0
E07000009,2022-08-01,2.0
E07000009,2022-09-01,2.0
E07000009,2022-10-01,1.9
E07000009,2022-11-01,1.8
E07000009,2022-12-01,1.8
E07000009,2023-01-01,1.9
E07000009,2023-02-01,2.0
E07000009,2023-03-01,2.0
E07000009,2023-04-01,1.9
E07000009,2023-05-01,1.8
E07000009,2023-06-01,1.8
E07000009,2023-07-01,1.8
E07000009,2023-08-01,1.6
E07000009,2023-09-01,1.7
E07000009,2023-10-01,1.7
E07000009,2023-11-01,1.8
E07000009,2023-12-01,1.8
E07000009,2024-01-01,1.8
E07000009,2024-02-01,2.0
E07000009,2024-03-01,2.0
E07000009,2024-04-01,1.9
E07000009,2024-05-01,1.9
E07000009,2024-06-01,1.9
E07000009,2024-07-01,2.0
E07000009,2024-08-01,2.1
E07000009,2024-09-01,2.1
E07000009,2024-10-01,2.1
E07000009,2024-11-01,2.0
E07000009,2024-12-01,2.0
E07000009,2025-01-01,2.0
E07000009,2025-02-01,2.1
E07000009,2025-03-01,2.1
E07000009,2025-04-01,2.1
E07000009,2025-05-01,2.1
E07000009,2025-06-01,2.0
E07000009,2025-07-01,2.0
E07000009,2025-08-01,2.0
E07000009,2025-09-01,2.1
E07000009,2025-10-01,2.1
E07000009,2025-11-01,2.1
E07000009,2025-12-01,2.0
E07000009,2026-01-01,2.1
E07000009,2026-02-01,2.2
E07000010,2018-01-01,1.1
E07000010,2018-02-01,1.2
E07000010,2018-03-01,1.2
E07000010,2018-04-01,1.3
E07000010,2018-05-01,1.3
E07000010,2018-06-01,1.3
E07000010,2018-07-01,1.4
E07000010,2018-08-01,1.4
E07000010,2018-09-01,1.4
E07000010,2018-10-01,1.3
E07000010,2018-11-01,1.5
E07000010,2018-12-01,1.6
E07000010,2019-01-01,1.7
E07000010,2019-02-01,1.9
E07000010,2019-03-01,2.0
E07000010,2019-04-01,2.1
E07000010,2019-05-01,2.1
E07000010,2019-06-01,2.2
E07000010,2019-07-01,2.2
E07000010,2019-08-01,2.3
E07000010,2019-09-01,2.3
E07000010,2019-10-01,2.4
E07000010,2019-11-01,2.5
E07000010,2019-12-01,2.6
E07000010,2020-01-01,2.7
E07000010,2020-02-01,2.8
E07000010,2020-03-01,2.8
E07000010,2020-04-01,4.3
E07000010,2020-05-01,6.1
E07000010,2020-06-01,5.8
E07000010,2020-07-01,5.9
E07000010,2020-08-01,5.9
E07000010,2020-09-01,5.9
E07000010,2020-10-01,5.6
E07000010,2020-11-01,5.7
E07000010,2020-12-01,5.7
E07000010,2021-01-01,5.6
E07000010,2021-02-01,5.8
E07000010,2021-03-01,5.8
E07000010,2021-04-01,5.7
E07000010,2021-05-01,5.4
E07000010,2021-06-01,5.1
E07000010,2021-07-01,5.1
E07000010,2021-08-01,4.9
E07000010,2021-09-01,4.7
E07000010,2021-10-01,4.6
E07000010,2021-11-01,4.4
E07000010,2021-12-01,4.2
E07000010,2022-01-01,4.2
E07000010,2022-02-01,4.2
E07000010,2022-03-01,4.0
E07000010,2022-04-01,3.9
E07000010,2022-05-01,3.9
E07000010,2022-06-01,3.8
E07000010,2022-07-01,3.8
E07000010,2022-08-01,3.7
E07000010,2022-09-01,3.8
E07000010,2022-10-01,3.6
E07000010,2022-11-01,3.6
E07000010,2022-12-01,3.6
E07000010,2023-01-01,3.6
E07000010,2023-02-01,3.7
E07000010,2023-03-01,3.9
E07000010,2023-04-01,3.9
E07000010,2023-05-01,3.7
E07000010,2023-06-01,3.7
E07000010,2023-07-01,3.8
E07000010,2023-08-01,3.7
E07000010,2023-09-01,3.6
E07000010,2023-10-01,3.6
E07000010,2023-11-01,3.6
E07000010,2023-12-01,3.6
E07000010,2024-01-01,3.6
E07000010,2024-02-01,3.8
E07000010,2024-03-01,3.8
E07000010,2024-04-01,3.7
E07000010,2024-05-01,3.6
E07000010,2024-06-01,3.7
E07000010,2024-07-01,4.0
E07000010,2024-08-01,3.8
E07000010,2024-09-01,3.8
E07000010,2024-10-01,3.8
E07000010,2024-11-01,3.7
E07000010,2024-12-01,3.6
E07000010,2025-01-01,3.7
E07000010,2025-02-01,3.9
E07000010,2025-03-01,3.9
E07000010,2025-04-01,3.7
E07000010,2025-05-01,3.7
E07000010,2025-06-01,3.6
E07000010,2025-07-01,3.5
E07000010,2025-08-01,3.6
E07000010,2025-09-01,3.6
E07000010,2025-10-01,3.5
E07000010,2025-11-01,3.5
E07000010,2025-12-01,3.6
E07000010,2026-01-01,3.7
E07000010,2026-02-01,3.9
E07000011,2018-01-01,0.7
E07000011,2018-02-01,0.8
E07000011,2018-03-01,0.8
E07000011,2018-04-01,0.8
E07000011,2018-05-01,0.8
E07000011,2018-06-01,0.8
E07000011,2018-07-01,0.8
E07000011,2018-08-01,0.8
E07000011,2018-09-01,0.8
E07000011,2018-10-01,0.8
E07000011,2018-11-01,0.8
E07000011,2018-12-01,0.8
E07000011,2019-01-01,0.9
E07000011,2019-02-01,1.0
E07000011,2019-03-01,1.1
E07000011,2019-04-01,1.1
E07000011,2019-05-01,1.1
E07000011,2019-06-01,1.2
E07000011,2019-07-01,1.2
E07000011,2019-08-01,1.3
E07000011,2019-09-01,1.3
E07000011,2019-10-01,1.4
E07000011,2019-11-01,1.4
E07000011,2019-12-01,1.4
E07000011,2020-01-01,1.4
E07000011,2020-02-01,1.5
E07000011,2020-03-01,1.5
E07000011,2020-04-01,2.8
E07000011,2020-05-01,4.2
E07000011,2020-06-01,4.0
E07000011,2020-07-01,4.1
E07000011,2020-08-01,4.3
E07000011,2020-09-01,4.2
E07000011,2020-10-01,3.9
E07000011,2020-11-01,3.9
E07000011,2020-12-01,3.8
E07000011,2021-01-01,3.6
E07000011,2021-02-01,3.7
E07000011,2021-03-01,3.7
E07000011,2021-04-01,3.6
E07000011,2021-05-01,3.3
E07000011,2021-06-01,3.0
E07000011,2021-07-01,3.0
E07000011,2021-08-01,2.8
E07000011,2021-09-01,2.7
E07000011,2021-10-01,2.7
E07000011,2021-11-01,2.5
E07000011,2021-12-01,2.4
E07000011,2022-01-01,2.3
E07000011,2022-02-01,2.3
E07000011,2022-03-01,2.2
E07000011,2022-04-01,2.2
E07000011,2022-05-01,2.1
E07000011,2022-06-01,2.1
E07000011,2022-07-01,2.1
E07000011,2022-08-01,2.1
E07000011,2022-09-01,2.1
E07000011,2022-10-01,2.1
E07000011,2022-11-01,2.1
E07000011,2022-12-01,2.1
E07000011,2023-01-01,2.0
E07000011,2023-02-01,2.1
E07000011,2023-03-01,2.1
E07000011,2023-04-01,2.1
E07000011,2023-05-01,2.0
E07000011,2023-06-01,2.0
E07000011,2023-07-01,2.0
E07000011,2023-08-01,2.0
E07000011,2023-09-01,2.0
E07000011,2023-10-01,2.0
E07000011,2023-11-01,2.0
E07000011,2023-12-01,2.0
E07000011,2024-01-01,2.1
E07000011,2024-02-01,2.1
E07000011,2024-03-01,2.2
E07000011,2024-04-01,2.2
E07000011,2024-05-01,2.2
E07000011,2024-06-01,2.2
E07000011,2024-07-01,2.4
E07000011,2024-08-01,2.4
E07000011,2024-09-01,2.4
E07000011,2024-10-01,2.3
E07000011,2024-11-01,2.3
E07000011,2024-12-01,2.2
E07000011,2025-01-01,2.2
E07000011,2025-02-01,2.3
E07000011,2025-03-01,2.3
E07000011,2025-04-01,2.2
E07000011,2025-05-01,2.3
E07000011,2025-06-01,2.3
E07000011,2025-07-01,2.3
E07000011,2025-08-01,2.3
E07000011,2025-09-01,2.3
E07000011,2025-10-01,2.3
E07000011,2025-11-01,2.2
E07000011,2025-12-01,2.2
E07000011,2026-01-01,2.3
E07000011,2026-02-01,2.4
E07000012,2018-01-01,0.5
E07000012,2018-02-01,0.5
E07000012,2018-03-01,0.5
E07000012,2018-04-01,0.5
E07000012,2018-05-01,0.5
E07000012,2018-06-01,0.5
E07000012,2018-07-01,0.5
E07000012,2018-08-01,0.5
E07000012,2018-09-01,0.5
E07000012,2018-10-01,0.5
E07000012,2018-11-01,0.5
E07000012,2018-12-01,0.5
E07000012,2019-01-01,0.6
E07000012,2019-02-01,0.6
E07000012,2019-03-01,0.7
E07000012,2019-04-01,0.7
E07000012,2019-05-01,0.8
E07000012,2019-06-01,0.8
E07000012,2019-07-01,0.9
E07000012,2019-08-01,0.9
E07000012,2019-09-01,0.9
E07000012,2019-10-01,0.9
E07000012,2019-11-01,1.0
E07000012,2019-12-01,1.0
E07000012,2020-01-01,1.0
E07000012,2020-02-01,1.1
E07000012,2020-03-01,1.1
E07000012,2020-04-01,2.0
E07000012,2020-05-01,3.3
E07000012,2020-06-01,3.2
E07000012,2020-07-01,3.3
E07000012,2020-08-01,3.4
E07000012,2020-09-01,3.3
E07000012,2020-10-01,3.1
E07000012,2020-11-01,3.1
E07000012,2020-12-01,3.1
E07000012,2021-01-01,3.0
E07000012,2021-02-01,3.1
E07000012,2021-03-01,3.1
E07000012,2021-04-01,3.1
E07000012,2021-05-01,2.8
E07000012,2021-06-01,2.5
E07000012,2021-07-01,2.5
E07000012,2021-08-01,2.4
E07000012,2021-09-01,2.2
E07000012,2021-10-01,2.2
E07000012,2021-11-01,2.1
E07000012,2021-12-01,2.0
E07000012,2022-01-01,1.9
E07000012,2022-02-01,1.9
E07000012,2022-03-01,1.8
E07000012,2022-04-01,1.8
E07000012,2022-05-01,1.7
E07000012,2022-06-01,1.7
E07000012,2022-07-01,1.7
E07000012,2022-08-01,1.7
E07000012,2022-09-01,1.7
E07000012,2022-10-01,1.7
E07000012,2022-11-01,1.7
E07000012,2022-12-01,1.8
E07000012,2023-01-01,1.8
E07000012,2023-02-01,1.7
E07000012,2023-03-01,1.7
E07000012,2023-04-01,1.7
E07000012,2023-05-01,1.7
E07000012,2023-06-01,1.7
E07000012,2023-07-01,1.6
E07000012,2023-08-01,1.6
E07000012,2023-09-01,1.6
E07000012,2023-10-01,1.7
E07000012,2023-11-01,1.7
E07000012,2023-12-01,1.7
E07000012,2024-01-01,1.7
E07000012,2024-02-01,1.8
E07000012,2024-03-01,1.7
E07000012,2024-04-01,1.7
E07000012,2024-05-01,1.7
E07000012,2024-06-01,1.7
E07000012,2024-07-01,1.8
E07000012,2024-08-01,1.8
E07000012,2024-09-01,1.8
E07000012,2024-10-01,1.8
E07000012,2024-11-01,1.8
E07000012,2024-12-01,1.8
E07000012,2025-01-01,1.8
E07000012,2025-02-01,2.0
E07000012,2025-03-01,2.0
E07000012,2025-04-01,2.0
E07000012,2025-05-01,2.0
E07000012,2025-06-01,1.9
E07000012,2025-07-01,1.9
E07000012,2025-08-01,1.9
E07000012,2025-09-01,1.9
E07000012,2025-10-01,1.9
E07000012,2025-11-01,1.9
E07000012,2025-12-01,1.9
E07000012,2026-01-01,1.9
E07000012,2026-02-01,2.0
E07000032,2018-01-01,1.3
E07000032,2018-02-01,1.3
E07000032,2018-03-01,1.4
E07000032,2018-04-01,1.4
E07000032,2018-05-01,1.5
E07000032,2018-06-01,1.4
E07000032,2018-07-01,1.4
E07000032,2018-08-01,1.5
E07000032,2018-09-01,1.5
E07000032,2018-10-01,1.6
E07000032,2018-11-01,1.7
E07000032,2018-12-01,1.8
E07000032,2019-01-01,1.9
E07000032,2019-02-01,2.0
E07000032,2019-03-01,2.1
E07000032,2019-04-01,2.1
E07000032,2019-05-01,2.0
E07000032,2019-06-01,2.1
E07000032,2019-07-01,2.1
E07000032,2019-08-01,2.1
E07000032,2019-09-01,2.1
E07000032,2019-10-01,2.2
E07000032,2019-11-01,2.2
E07000032,2019-12-01,2.3
E07000032,2020-01-01,2.4
E07000032,2020-02-01,2.4
E07000032,2020-03-01,2.4
E07000032,2020-04-01,4.1
E07000032,2020-05-01,5.1
E07000032,2020-06-01,4.9
E07000032,2020-07-01,4.8
E07000032,2020-08-01,4.9
E07000032,2020-09-01,4.9
E07000032,2020-10-01,4.6
E07000032,2020-11-01,4.6
E07000032,2020-12-01,4.4
E07000032,2021-01-01,4.3
E07000032,2021-02-01,4.5
E07000032,2021-03-01,4.5
E07000032,2021-04-01,4.4
E07000032,2021-05-01,4.1
E07000032,2021-06-01,3.7
E07000032,2021-07-01,3.6
E07000032,2021-08-01,3.5
E07000032,2021-09-01,3.3
E07000032,2021-10-01,3.1
E07000032,2021-11-01,3.0
E07000032,2021-12-01,2.9
E07000032,2022-01-01,2.7
E07000032,2022-02-01,2.7
E07000032,2022-03-01,2.6
E07000032,2022-04-01,2.5
E07000032,2022-05-01,2.5
E07000032,2022-06-01,2.5
E07000032,2022-07-01,2.4
E07000032,2022-08-01,2.5
E07000032,2022-09-01,2.5
E07000032,2022-10-01,2.4
E07000032,2022-11-01,2.5
E07000032,2022-12-01,2.5
E07000032,2023-01-01,2.5
E07000032,2023-02-01,2.6
E07000032,2023-03-01,2.6
E07000032,2023-04-01,2.7
E07000032,2023-05-01,2.5
E07000032,2023-06-01,2.5
E07000032,2023-07-01,2.6
E07000032,2023-08-01,2.5
E07000032,2023-09-01,2.5
E07000032,2023-10-01,2.4
E07000032,2023-11-01,2.5
E07000032,2023-12-01,2.6
E07000032,2024-01-01,2.5
E07000032,2024-02-01,2.6
E07000032,2024-03-01,2.7
E07000032,2024-04-01,2.6
E07000032,2024-05-01,2.6
E07000032,2024-06-01,2.6
E07000032,2024-07-01,2.7
E07000032,2024-08-01,2.7
E07000032,2024-09-01,2.7
E07000032,2024-10-01,2.7
E07000032,2024-11-01,2.6
E07000032,2024-12-01,2.6
E07000032,2025-01-01,2.6
E07000032,2025-02-01,2.7
E07000032,2025-03-01,2.6
E07000032,2025-04-01,2.6
E07000032,2025-05-01,2.5
E07000032,2025-06-01,2.5
E07000032,2025-07-01,2.6
E07000032,2025-08-01,2.5
E07000032,2025-09-01,2.5
E07000032,2025-10-01,2.5
E07000032,2025-11-01,2.5
E07000032,2025-12-01,2.5
E07000032,2026-01-01,2.5
E07000032,2026-02-01,2.7
E07000033,2018-01-01,1.4
E07000033,2018-02-01,1.5
E07000033,2018-03-01,1.7
E07000033,2018-04-01,1.7
E07000033,2018-05-01,1.7
E07000033,2018-06-01,1.7
E07000033,2018-07-01,1.7
E07000033,2018-08-01,1.7
E07000033,2018-09-01,1.7
E07000033,2018-10-01,1.8
E07000033,2018-11-01,1.8
E07000033,2018-12-01,1.8
E07000033,2019-01-01,1.9
E07000033,2019-02-01,2.0
E07000033,2019-03-01,2.1
E07000033,2019-04-01,2.1
E07000033,2019-05-01,2.3
E07000033,2019-06-01,2.3
E07000033,2019-07-01,2.3
E07000033,2019-08-01,2.3
E07000033,2019-09-01,2.3
E07000033,2019-10-01,2.3
E07000033,2019-11-01,2.4
E07000033,2019-12-01,2.4
E07000033,2020-01-01,2.5
E07000033,2020-02-01,2.6
E07000033,2020-03-01,2.5
E07000033,2020-04-01,4.5
E07000033,2020-05-01,5.4
E07000033,2020-06-01,5.2
E07000033,2020-07-01,5.3
E07000033,2020-08-01,5.2
E07000033,2020-09-01,5.1
E07000033,2020-10-01,4.9
E07000033,2020-11-01,4.9
E07000033,2020-12-01,4.9
E07000033,2021-01-01,4.7
E07000033,2021-02-01,4.9
E07000033,2021-03-01,4.8
E07000033,2021-04-01,4.8
E07000033,2021-05-01,4.5
E07000033,2021-06-01,4.1
E07000033,2021-07-01,4.1
E07000033,2021-08-01,3.9
E07000033,2021-09-01,3.7
E07000033,2021-10-01,3.5
E07000033,2021-11-01,3.4
E07000033,2021-12-01,3.2
E07000033,2022-01-01,3.1
E07000033,2022-02-01,3.1
E07000033,2022-03-01,3.0
E07000033,2022-04-01,3.0
E07000033,2022-05-01,2.9
E07000033,2022-06-01,2.9
E07000033,2022-07-01,2.8
E07000033,2022-08-01,2.9
E07000033,2022-09-01,2.8
E07000033,2022-10-01,2.8
E07000033,2022-11-01,2.8
E07000033,2022-12-01,2.9
E07000033,2023-01-01,2.9
E07000033,2023-02-01,2.9
E07000033,2023-03-01,3.1
E07000033,2023-04-01,3.1
E07000033,2023-05-01,3.0
E07000033,2023-06-01,3.0
E07000033,2023-07-01,3.0
E07000033,2023-08-01,3.0
E07000033,2023-09-01,3.0
E07000033,2023-10-01,3.1
E07000033,2023-11-01,3.1
E07000033,2023-12-01,3.0
E07000033,2024-01-01,3.1
E07000033,2024-02-01,3.2
E07000033,2024-03-01,3.1
E07000033,2024-04-01,3.1
E07000033,2024-05-01,3.1
E07000033,2024-06-01,3.1
E07000033,2024-07-01,3.3
E07000033,2024-08-01,3.3
E07000033,2024-09-01,3.2
E07000033,2024-10-01,3.2
E07000033,2024-11-01,3.2
E07000033,2024-12-01,3.1
E07000033,2025-01-01,3.0
E07000033,2025-02-01,3.1
E07000033,2025-03-01,3.1
E07000033,2025-04-01,3.0
E07000033,2025-05-01,2.9
E07000033,2025-06-01,2.9
E07000033,2025-07-01,2.8
E07000033,2025-08-01,2.8
E07000033,2025-09-01,2.7
E07000033,2025-10-01,2.7
E07000033,2025-11-01,2.7
E07000033,2025-12-01,2.8
E07000033,2026-01-01,2.9
E07000033,2026-02-01,3.0
E07000034,2018-01-01,2.0
E07000034,2018-02-01,2.2
E07000034,2018-03-01,2.4
E07000034,2018-04-01,2.6
E07000034,2018-05-01,2.6
E07000034,2018-06-01,2.5
E07000034,2018-07-01,2.5
E07000034,2018-08-01,2.6
E07000034,2018-09-01,2.6
E07000034,2018-10-01,2.7
E07000034,2018-11-01,2.7
E07000034,2018-12-01,2.8
E07000034,2019-01-01,2.9
E07000034,2019-02-01,3.0
E07000034,2019-03-01,3.1
E07000034,2019-04-01,3.1
E07000034,2019-05-01,3.0
E07000034,2019-06-01,3.0
E07000034,2019-07-01,3.1
E07000034,2019-08-01,3.1
E07000034,2019-09-01,3.1
E07000034,2019-10-01,3.2
E07000034,2019-11-01,3.1
E07000034,2019-12-01,3.1
E07000034,2020-01-01,3.2
E07000034,2020-02-01,3.2
E07000034,2020-03-01,3.2
E07000034,2020-04-01,5.1
E07000034,2020-05-01,6.0
E07000034,2020-06-01,5.9
E07000034,2020-07-01,5.9
E07000034,2020-08-01,5.9
E07000034,2020-09-01,5.8
E07000034,2020-10-01,5.5
E07000034,2020-11-01,5.5
E07000034,2020-12-01,5.6
E07000034,2021-01-01,5.4
E07000034,2021-02-01,5.7
E07000034,2021-03-01,5.7
E07000034,2021-04-01,5.7
E07000034,2021-05-01,5.3
E07000034,2021-06-01,5.0
E07000034,2021-07-01,4.9
E07000034,2021-08-01,4.7
E07000034,2021-09-01,4.4
E07000034,2021-10-01,4.2
E07000034,2021-11-01,4.0
E07000034,2021-12-01,3.9
E07000034,2022-01-01,3.7
E07000034,2022-02-01,3.6
E07000034,2022-03-01,3.5
E07000034,2022-04-01,3.4
E07000034,2022-05-01,3.4
E07000034,2022-06-01,3.3
E07000034,2022-07-01,3.3
E07000034,2022-08-01,3.2
E07000034,2022-09-01,3.2
E07000034,2022-10-01,3.2
E07000034,2022-11-01,3.3
E07000034,2022-12-01,3.4
E07000034,2023-01-01,3.4
E07000034,2023-02-01,3.5
E07000034,2023-03-01,3.5
E07000034,2023-04-01,3.5
E07000034,2023-05-01,3.4
E07000034,2023-06-01,3.4
E07000034,2023-07-01,3.5
E07000034,2023-08-01,3.5
E07000034,2023-09-01,3.6
E07000034,2023-10-01,3.6
E07000034,2023-11-01,3.6
E07000034,2023-12-01,3.7
E07000034,2024-01-01,3.7
E07000034,2024-02-01,3.8
E07000034,2024-03-01,3.8
E07000034,2024-04-01,3.7
E07000034,2024-05-01,3.5
E07000034,2024-06-01,3.5
E07000034,2024-07-01,3.7
E07000034,2024-08-01,3.7
E07000034,2024-09-01,3.8
E07000034,2024-10-01,3.8
E07000034,2024-11-01,3.7
E07000034,2024-12-01,3.6
E07000034,2025-01-01,3.6
E07000034,2025-02-01,3.7
E07000034,2025-03-01,3.6
E07000034,2025-04-01,3.6
E07000034,2025-05-01,3.5
E07000034,2025-06-01,3.5
E07000034,2025-07-01,3.4
E07000034,2025-08-01,3.5
E07000034,2025-09-01,3.5
E07000034,2025-10-01,3.3
E07000034,2025-11-01,3.4
E07000034,2025-12-01,3.3
E07000034,2026-01-01,3.4
E07000034,2026-02-01,3.4
E07000035,2018-01-01,0.7
E07000035,2018-02-01,0.7
E07000035,2018-03-01,0.7
E07000035,2018-04-01,0.7
E07000035,2018-05-01,0.7
E07000035,2018-06-01,0.7
E07000035,2018-07-01,0.7
E07000035,2018-08-01,0.7
E07000035,2018-09-01,0.6
E07000035,2018-10-01,0.7
E07000035,2018-11-01,0.7
E07000035,2018-12-01,0.8
E07000035,2019-01-01,0.9
E07000035,2019-02-01,1.0
E07000035,2019-03-01,1.1
E07000035,2019-04-01,1.1
E07000035,2019-05-01,1.0
E07000035,2019-06-01,1.1
E07000035,2019-07-01,1.1
E07000035,2019-08-01,1.2
E07000035,2019-09-01,1.2
E07000035,2019-10-01,1.3
E07000035,2019-11-01,1.3
E07000035,2019-12-01,1.3
E07000035,2020-01-01,1.3
E07000035,2020-02-01,1.3
E07000035,2020-03-01,1.3
E07000035,2020-04-01,3.0
E07000035,2020-05-01,3.8
E07000035,2020-06-01,3.5
E07000035,2020-07-01,3.6
E07000035,2020-08-01,3.6
E07000035,2020-09-01,3.5
E07000035,2020-10-01,3.2
E07000035,2020-11-01,3.3
E07000035,2020-12-01,3.2
E07000035,2021-01-01,3.2
E07000035,2021-02-01,3.4
E07000035,2021-03-01,3.3
E07000035,2021-04-01,3.2
E07000035,2021-05-01,2.9
E07000035,2021-06-01,2.6
E07000035,2021-07-01,2.5
E07000035,2021-08-01,2.3
E07000035,2021-09-01,2.1
E07000035,2021-10-01,2.0
E07000035,2021-11-01,2.0
E07000035,2021-12-01,1.9
E07000035,2022-01-01,1.8
E07000035,2022-02-01,1.8
E07000035,2022-03-01,1.8
E07000035,2022-04-01,1.6
E07000035,2022-05-01,1.5
E07000035,2022-06-01,1.5
E07000035,2022-07-01,1.6
E07000035,2022-08-01,1.6
E07000035,2022-09-01,1.7
E07000035,2022-10-01,1.7
E07000035,2022-11-01,1.7
E07000035,2022-12-01,1.7
E07000035,2023-01-01,1.8
E07000035,2023-02-01,1.9
E07000035,2023-03-01,1.9
E07000035,2023-04-01,1.9
E07000035,2023-05-01,1.8
E07000035,2023-06-01,1.7
E07000035,2023-07-01,1.8
E07000035,2023-08-01,1.8
E07000035,2023-09-01,1.8
E07000035,2023-10-01,1.8
E07000035,2023-11-01,1.8
E07000035,2023-12-01,1.8
E07000035,2024-01-01,1.9
E07000035,2024-02-01,1.9
E07000035,2024-03-01,1.9
E07000035,2024-04-01,2.0
E07000035,2024-05-01,1.9
E07000035,2024-06-01,2.0
E07000035,2024-07-01,2.1
E07000035,2024-08-01,2.0
E07000035,2024-09-01,2.1
E07000035,2024-10-01,2.1
E07000035,2024-11-01,2.1
E07000035,2024-12-01,2.0
E07000035,2025-01-01,2.0
E07000035,2025-02-01,2.1
E07000035,2025-03-01,2.1
E07000035,2025-04-01,2.0
E07000035,2025-05-01,1.9
E07000035,2025-06-01,1.9
E07000035,2025-07-01,1.9
E07000035,2025-08-01,1.8
E07000035,2025-09-01,1.7
E07000035,2025-10-01,1.8
E07000035,2025-11-01,1.8
E07000035,2025-12-01,1.8
E07000035,2026-01-01,1.9
E07000035,2026-02-01,2.0
E07000036,2018-01-01,2.4
E07000036,2018-02-01,2.6
E07000036,2018-03-01,2.7
E07000036,2018-04-01,2.9
E07000036,2018-05-01,2.8
E07000036,2018-06-01,2.7
E07000036,2018-07-01,2.7
E07000036,2018-08-01,2.7
E07000036,2018-09-01,2.7
E07000036,2018-10-01,2.8
E07000036,2018-11-01,2.8
E07000036,2018-12-01,2.8
E07000036,2019-01-01,2.8
E07000036,2019-02-01,2.9
E07000036,2019-03-01,2.9
E07000036,2019-04-01,2.9
E07000036,2019-05-01,2.9
E07000036,2019-06-01,3.0
E07000036,2019-07-01,2.9
E07000036,2019-08-01,3.0
E07000036,2019-09-01,2.9
E07000036,2019-10-01,2.9
E07000036,2019-11-01,2.9
E07000036,2019-12-01,2.9
E07000036,2020-01-01,2.9
E07000036,2020-02-01,3.1
E07000036,2020-03-01,2.9
E07000036,2020-04-01,5.1
E07000036,2020-05-01,6.0
E07000036,2020-06-01,5.7
E07000036,2020-07-01,5.7
E07000036,2020-08-01,5.8
E07000036,2020-09-01,5.7
E07000036,2020-10-01,5.4
E07000036,2020-11-01,5.5
E07000036,2020-12-01,5.2
E07000036,2021-01-01,5.1
E07000036,2021-02-01,5.4
E07000036,2021-03-01,5.4
E07000036,2021-04-01,5.2
E07000036,2021-05-01,4.9
E07000036,2021-06-01,4.5
E07000036,2021-07-01,4.3
E07000036,2021-08-01,4.3
E07000036,2021-09-01,4.0
E07000036,2021-10-01,3.9
E07000036,2021-11-01,3.6
E07000036,2021-12-01,3.5
E07000036,2022-01-01,3.4
E07000036,2022-02-01,3.5
E07000036,2022-03-01,3.4
E07000036,2022-04-01,3.2
E07000036,2022-05-01,3.2
E07000036,2022-06-01,3.1
E07000036,2022-07-01,3.1
E07000036,2022-08-01,3.1
E07000036,2022-09-01,3.1
E07000036,2022-10-01,3.1
E07000036,2022-11-01,3.0
E07000036,2022-12-01,3.0
E07000036,2023-01-01,3.0
E07000036,2023-02-01,3.0
E07000036,2023-03-01,3.1
E07000036,2023-04-01,3.1
E07000036,2023-05-01,3.0
E07000036,2023-06-01,3.0
E07000036,2023-07-01,3.2
E07000036,2023-08-01,3.0
E07000036,2023-09-01,3.0
E07000036,2023-10-01,3.0
E07000036,2023-11-01,3.1
E07000036,2023-12-01,3.1
E07000036,2024-01-01,3.3
E07000036,2024-02-01,3.3
E07000036,2024-03-01,3.4
E07000036,2024-04-01,3.4
E07000036,2024-05-01,3.2
E07000036,2024-06-01,3.1
E07000036,2024-07-01,3.4
E07000036,2024-08-01,3.4
E07000036,2024-09-01,3.4
E07000036,2024-10-01,3.4
E07000036,2024-11-01,3.4
E07000036,2024-12-01,3.3
E07000036,2025-01-01,3.3
E07000036,2025-02-01,3.5
E07000036,2025-03-01,3.5
E07000036,2025-04-01,3.3
E07000036,2025-05-01,3.3
E07000036,2025-06-01,3.3
E07000036,2025-07-01,3.4
E07000036,2025-08-01,3.3
E07000036,2025-09-01,3.3
E07000036,2025-10-01,3.3
E07000036,2025-11-01,3.2
E07000036,2025-12-01,3.2
E07000036,2026-01-01,3.2
E07000036,2026-02-01,3.4
E07000037,2018-01-01,1.2
E07000037,2018-02-01,1.3
E07000037,2018-03-01,1.3
E07000037,2018-04-01,1.3
E07000037,2018-05-01,1.4
E07000037,2018-06-01,1.3
E07000037,2018-07-01,1.3
E07000037,2018-08-01,1.2
E07000037,2018-09-01,1.2
E07000037,2018-10-01,1.2
E07000037,2018-11-01,1.3
E07000037,2018-12-01,1.4
E07000037,2019-01-01,1.5
E07000037,2019-02-01,1.6
E07000037,2019-03-01,1.7
E07000037,2019-04-01,1.7
E07000037,2019-05-01,1.7
E07000037,2019-06-01,1.8
E07000037,2019-07-01,1.9
E07000037,2019-08-01,1.9
E07000037,2019-09-01,1.9
E07000037,2019-10-01,1.9
E07000037,2019-11-01,1.9
E07000037,2019-12-01,2.0
E07000037,2020-01-01,2.1
E07000037,2020-02-01,2.1
E07000037,2020-03-01,2.1
E07000037,2020-04-01,4.3
E07000037,2020-05-01,4.9
E07000037,2020-06-01,4.7
E07000037,2020-07-01,4.8
E07000037,2020-08-01,4.9
E07000037,2020-09-01,4.8
E07000037,2020-10-01,4.5
E07000037,2020-11-01,4.7
E07000037,2020-12-01,4.6
E07000037,2021-01-01,4.5
E07000037,2021-02-01,4.7
E07000037,2021-03-01,4.7
E07000037,2021-04-01,4.5
E07000037,2021-05-01,4.1
E07000037,2021-06-01,3.7
E07000037,2021-07-01,3.6
E07000037,2021-08-01,3.4
E07000037,2021-09-01,3.2
E07000037,2021-10-01,3.1
E07000037,2021-11-01,3.0
E07000037,2021-12-01,2.9
E07000037,2022-01-01,2.7
E07000037,2022-02-01,2.7
E07000037,2022-03-01,2.6
E07000037,2022-04-01,2.5
E07000037,2022-05-01,2.4
E07000037,2022-06-01,2.3
E07000037,2022-07-01,2.4
E07000037,2022-08-01,2.5
E07000037,2022-09-01,2.5
E07000037,2022-10-01,2.4
E07000037,2022-11-01,2.5
E07000037,2022-12-01,2.5
E07000037,2023-01-01,2.5
E07000037,2023-02-01,2.5
E07000037,2023-03-01,2.6
E07000037,2023-04-01,2.6
E07000037,2023-05-01,2.5
E07000037,2023-06-01,2.6
E07000037,2023-07-01,2.6
E07000037,2023-08-01,2.5
E07000037,2023-09-01,2.5
E07000037,2023-10-01,2.5
E07000037,2023-11-01,2.5
E07000037,2023-12-01,2.5
E07000037,2024-01-01,2.5
E07000037,2024-02-01,2.6
E07000037,2024-03-01,2.6
E07000037,2024-04-01,2.5
E07000037,2024-05-01,2.5
E07000037,2024-06-01,2.5
E07000037,2024-07-01,2.7
E07000037,2024-08-01,2.7
E07000037,2024-09-01,2.8
E07000037,2024-10-01,2.8
E07000037,2024-11-01,2.6
E07000037,2024-12-01,2.5
E07000037,2025-01-01,2.6
E07000037,2025-02-01,2.6
E07000037,2025-03-01,2.5
E07000037,2025-04-01,2.4
E07000037,2025-05-01,2.4
E07000037,2025-06-01,2.3
E07000037,2025-07-01,2.3
E07000037,2025-08-01,2.3
E07000037,2025-09-01,2.4
E07000037,2025-10-01,2.4
E07000037,2025-11-01,2.4
E07000037,2025-12-01,2.3
E07000037,2026-01-01,2.3
E07000037,2026-02-01,2.4
E07000038,2018-01-01,1.3
E07000038,2018-02-01,1.4
E07000038,2018-03-01,1.4
E07000038,2018-04-01,1.4
E07000038,2018-05-01,1.4
E07000038,2018-06-01,1.3
E07000038,2018-07-01,1.3
E07000038,2018-08-01,1.4
E07000038,2018-09-01,1.6
E07000038,2018-10-01,1.6
E07000038,2018-11-01,1.6
E07000038,2018-12-01,1.7
E07000038,2019-01-01,1.7
E07000038,2019-02-01,1.8
E07000038,2019-03-01,1.8
E07000038,2019-04-01,1.9
E07000038,2019-05-01,1.9
E07000038,2019-06-01,1.9
E07000038,2019-07-01,1.9
E07000038,2019-08-01,2.0
E07000038,2019-09-01,2.0
E07000038,2019-10-01,2.0
E07000038,2019-11-01,2.0
E07000038,2019-12-01,2.0
E07000038,2020-01-01,2.0
E07000038,2020-02-01,2.1
E07000038,2020-03-01,2.2
E07000038,2020-04-01,3.9
E07000038,2020-05-01,4.7
E07000038,2020-06-01,4.4
E07000038,2020-07-01,4.5
E07000038,2020-08-01,4.5
E07000038,2020-09-01,4.4
E07000038,2020-10-01,4.2
E07000038,2020-11-01,4.3
E07000038,2020-12-01,4.3
E07000038,2021-01-01,4.2
E07000038,2021-02-01,4.5
E07000038,2021-03-01,4.5
E07000038,2021-04-01,4.3
E07000038,2021-05-01,3.9
E07000038,2021-06-01,3.6
E07000038,2021-07-01,3.5
E07000038,2021-08-01,3.4
E07000038,2021-09-01,3.2
E07000038,2021-10-01,3.1
E07000038,2021-11-01,2.9
E07000038,2021-12-01,2.8
E07000038,2022-01-01,2.7
E07000038,2022-02-01,2.7
E07000038,2022-03-01,2.6
E07000038,2022-04-01,2.5
E07000038,2022-05-01,2.5
E07000038,2022-06-01,2.5
E07000038,2022-07-01,2.4
E07000038,2022-08-01,2.3
E07000038,2022-09-01,2.3
E07000038,2022-10-01,2.3
E07000038,2022-11-01,2.3
E07000038,2022-12-01,2.4
E07000038,2023-01-01,2.4
E07000038,2023-02-01,2.5
E07000038,2023-03-01,2.5
E07000038,2023-04-01,2.5
E07000038,2023-05-01,2.4
E07000038,2023-06-01,2.4
E07000038,2023-07-01,2.5
E07000038,2023-08-01,2.4
E07000038,2023-09-01,2.4
E07000038,2023-10-01,2.6
E07000038,2023-11-01,2.6
E07000038,2023-12-01,2.6
E07000038,2024-01-01,2.6
E07000038,2024-02-01,2.6
E07000038,2024-03-01,2.7
E07000038,2024-04-01,2.6
E07000038,2024-05-01,2.6
E07000038,2024-06-01,2.6
E07000038,2024-07-01,2.8
E07000038,2024-08-01,2.8
E07000038,2024-09-01,2.8
E07000038,2024-10-01,2.7
E07000038,2024-11-01,2.6
E07000038,2024-12-01,2.6
E07000038,2025-01-01,2.5
E07000038,2025-02-01,2.6
E07000038,2025-03-01,2.5
E07000038,2025-04-01,2.4
E07000038,2025-05-01,2.4
E07000038,2025-06-01,2.3
E07000038,2025-07-01,2.2
E07000038,2025-08-01,2.3
E07000038,2025-09-01,2.4
E07000038,2025-10-01,2.3
E07000038,2025-11-01,2.3
E07000038,2025-12-01,2.3
E07000038,2026-01-01,2.3
E07000038,2026-02-01,2.4
E07000039,2018-01-01,0.7
E07000039,2018-02-01,0.8
E07000039,2018-03-01,0.8
E07000039,2018-04-01,0.8
E07000039,2018-05-01,0.9
E07000039,2018-06-01,0.8
E07000039,2018-07-01,0.9
E07000039,2018-08-01,0.9
E07000039,2018-09-01,0.8
E07000039,2018-10-01,0.8
E07000039,2018-11-01,0.8
E07000039,2018-12-01,0.8
E07000039,2019-01-01,0.9
E07000039,2019-02-01,1.0
E07000039,2019-03-01,1.2
E07000039,2019-04-01,1.3
E07000039,2019-05-01,1.3
E07000039,2019-06-01,1.4
E07000039,2019-07-01,1.5
E07000039,2019-08-01,1.5
E07000039,2019-09-01,1.5
E07000039,2019-10-01,1.6
E07000039,2019-11-01,1.6
E07000039,2019-12-01,1.6
E07000039,2020-01-01,1.7
E07000039,2020-02-01,1.7
E07000039,2020-03-01,1.7
E07000039,2020-04-01,3.2
E07000039,2020-05-01,4.4
E07000039,2020-06-01,4.1
E07000039,2020-07-01,4.2
E07000039,2020-08-01,4.3
E07000039,2020-09-01,4.2
E07000039,2020-10-01,3.9
E07000039,2020-11-01,4.0
E07000039,2020-12-01,4.0
E07000039,2021-01-01,3.8
E07000039,2021-02-01,4.0
E07000039,2021-03-01,3.9
E07000039,2021-04-01,3.8
E07000039,2021-05-01,3.5
E07000039,2021-06-01,3.2
E07000039,2021-07-01,3.1
E07000039,2021-08-01,3.0
E07000039,2021-09-01,2.8
E07000039,2021-10-01,2.7
E07000039,2021-11-01,2.6
E07000039,2021-12-01,2.5
E07000039,2022-01-01,2.3
E07000039,2022-02-01,2.2
E07000039,2022-03-01,2.2
E07000039,2022-04-01,2.1
E07000039,2022-05-01,2.1
E07000039,2022-06-01,2.0
E07000039,2022-07-01,2.0
E07000039,2022-08-01,2.0
E07000039,2022-09-01,2.0
E07000039,2022-10-01,2.0
E07000039,2022-11-01,1.9
E07000039,2022-12-01,2.0
E07000039,2023-01-01,1.9
E07000039,2023-02-01,2.0
E07000039,2023-03-01,2.0
E07000039,2023-04-01,2.1
E07000039,2023-05-01,2.0
E07000039,2023-06-01,2.0
E07000039,2023-07-01,2.1
E07000039,2023-08-01,2.0
E07000039,2023-09-01,2.1
E07000039,2023-10-01,2.1
E07000039,2023-11-01,2.1
E07000039,2023-12-01,2.2
E07000039,2024-01-01,2.2
E07000039,2024-02-01,2.3
E07000039,2024-03-01,2.3
E07000039,2024-04-01,2.2
E07000039,2024-05-01,2.2
E07000039,2024-06-01,2.3
E07000039,2024-07-01,2.5
E07000039,2024-08-01,2.5
E07000039,2024-09-01,2.4
E07000039,2024-10-01,2.3
E07000039,2024-11-01,2.3
E07000039,2024-12-01,2.3
E07000039,2025-01-01,2.3
E07000039,2025-02-01,2.4
E07000039,2025-03-01,2.4
E07000039,2025-04-01,2.3
E07000039,2025-05-01,2.4
E07000039,2025-06-01,2.3
E07000039,2025-07-01,2.3
E07000039,2025-08-01,2.3
E07000039,2025-09-01,2.2
E07000039,2025-10-01,2.3
E07000039,2025-11-01,2.2
E07000039,2025-12-01,2.2
E07000039,2026-01-01,2.3
E07000039,2026-02-01,2.4
E07000040,2018-01-01,0.9
E07000040,2018-02-01,0.9
E07000040,2018-03-01,0.9
E07000040,2018-04-01,0.8
E07000040,2018-05-01,0.8
E07000040,2018-06-01,0.7
E07000040,2018-07-01,0.7
E07000040,2018-08-01,0.7
E07000040,2018-09-01,0.7
E07000040,2018-10-01,0.7
E07000040,2018-11-01,0.8
E07000040,2018-12-01,0.9
E07000040,2019-01-01,1.0
E07000040,2019-02-01,1.2
E07000040,2019-03-01,1.2
E07000040,2019-04-01,1.2
E07000040,2019-05-01,1.2
E07000040,2019-06-01,1.2
E07000040,2019-07-01,1.3
E07000040,2019-08-01,1.3
E07000040,2019-09-01,1.3
E07000040,2019-10-01,1.4
E07000040,2019-11-01,1.4
E07000040,2019-12-01,1.4
E07000040,2020-01-01,1.5
E07000040,2020-02-01,1.5
E07000040,2020-03-01,1.7
E07000040,2020-04-01,3.9
E07000040,2020-05-01,4.6
E07000040,2020-06-01,4.2
E07000040,2020-07-01,4.3
E07000040,2020-08-01,4.4
E07000040,2020-09-01,4.2
E07000040,2020-10-01,3.8
E07000040,2020-11-01,4.0
E07000040,2020-12-01,4.0
E07000040,2021-01-01,3.8
E07000040,2021-02-01,4.0
E07000040,2021-03-01,4.1
E07000040,2021-04-01,3.9
E07000040,2021-05-01,3.5
E07000040,2021-06-01,3.1
E07000040,2021-07-01,2.9
E07000040,2021-08-01,2.7
E07000040,2021-09-01,2.5
E07000040,2021-10-01,2.5
E07000040,2021-11-01,2.4
E07000040,2021-12-01,2.3
E07000040,2022-01-01,2.2
E07000040,2022-02-01,2.2
E07000040,2022-03-01,2.1
E07000040,2022-04-01,1.9
E07000040,2022-05-01,1.8
E07000040,2022-06-01,1.7
E07000040,2022-07-01,1.7
E07000040,2022-08-01,1.7
E07000040,2022-09-01,1.8
E07000040,2022-10-01,1.7
E07000040,2022-11-01,1.8
E07000040,2022-12-01,1.8
E07000040,2023-01-01,1.8
E07000040,2023-02-01,1.8
E07000040,2023-03-01,1.8
E07000040,2023-04-01,1.8
E07000040,2023-05-01,1.6
E07000040,2023-06-01,1.7
E07000040,2023-07-01,1.6
E07000040,2023-08-01,1.6
E07000040,2023-09-01,1.6
E07000040,2023-10-01,1.6
E07000040,2023-11-01,1.7
E07000040,2023-12-01,1.7
E07000040,2024-01-01,1.8
E07000040,2024-02-01,1.9
E07000040,2024-03-01,1.8
E07000040,2024-04-01,1.8
E07000040,2024-05-01,1.9
E07000040,2024-06-01,1.9
E07000040,2024-07-01,2.1
E07000040,2024-08-01,2.1
E07000040,2024-09-01,2.1
E07000040,2024-10-01,1.9
E07000040,2024-11-01,1.9
E07000040,2024-12-01,1.9
E07000040,2025-01-01,2.0
E07000040,2025-02-01,2.1
E07000040,2025-03-01,2.2
E07000040,2025-04-01,2.0
E07000040,2025-05-01,1.9
E07000040,2025-06-01,1.9
E07000040,2025-07-01,1.9
E07000040,2025-08-01,1.9
E07000040,2025-09-01,2.0
E07000040,2025-10-01,2.0
E07000040,2025-11-01,1.9
E07000040,2025-12-01,2.0
E07000040,2026-01-01,2.1
E07000040,2026-02-01,2.2
E07000041,2018-01-01,1.0
E07000041,2018-02-01,1.1
E07000041,2018-03-01,1.1
E07000041,2018-04-01,1.0
E07000041,2018-05-01,1
E07000041,2018-06-01,0.9
E07000041,2018-07-01,0.9
E07000041,2018-08-01,0.9
E07000041,2018-09-01,0.9
E07000041,2018-10-01,0.9
E07000041,2018-11-01,0.9
E07000041,2018-12-01,1.0
E07000041,2019-01-01,1.2
E07000041,2019-02-01,1.3
E07000041,2019-03-01,1.3
E07000041,2019-04-01,1.4
E07000041,2019-05-01,1.4
E07000041,2019-06-01,1.4
E07000041,2019-07-01,1.5
E07000041,2019-08-01,1.5
E07000041,2019-09-01,1.5
E07000041,2019-10-01,1.6
E07000041,2019-11-01,1.6
E07000041,2019-12-01,1.6
E07000041,2020-01-01,1.6
E07000041,2020-02-01,1.7
E07000041,2020-03-01,1.8
E07000041,2020-04-01,3.7
E07000041,2020-05-01,4.4
E07000041,2020-06-01,4.2
E07000041,2020-07-01,4.3
E07000041,2020-08-01,4.4
E07000041,2020-09-01,4.3
E07000041,2020-10-01,4.0
E07000041,2020-11-01,4.1
E07000041,2020-12-01,4.1
E07000041,2021-01-01,3.9
E07000041,2021-02-01,4.1
E07000041,2021-03-01,4.2
E07000041,2021-04-01,4.1
E07000041,2021-05-01,3.7
E07000041,2021-06-01,3.4
E07000041,2021-07-01,3.3
E07000041,2021-08-01,3.0
E07000041,2021-09-01,2.8
E07000041,2021-10-01,2.7
E07000041,2021-11-01,2.6
E07000041,2021-12-01,2.5
E07000041,2022-01-01,2.3
E07000041,2022-02-01,2.3
E07000041,2022-03-01,2.2
E07000041,2022-04-01,2.1
E07000041,2022-05-01,2.0
E07000041,2022-06-01,1.9
E07000041,2022-07-01,1.9
E07000041,2022-08-01,1.8
E07000041,2022-09-01,1.9
E07000041,2022-10-01,1.8
E07000041,2022-11-01,1.9
E07000041,2022-12-01,1.9
E07000041,2023-01-01,1.8
E07000041,2023-02-01,1.9
E07000041,2023-03-01,2.0
E07000041,2023-04-01,1.9
E07000041,2023-05-01,1.9
E07000041,2023-06-01,2.0
E07000041,2023-07-01,1.9
E07000041,2023-08-01,1.9
E07000041,2023-09-01,1.8
E07000041,2023-10-01,1.9
E07000041,2023-11-01,1.9
E07000041,2023-12-01,1.9
E07000041,2024-01-01,1.9
E07000041,2024-02-01,2.0
E07000041,2024-03-01,2.0
E07000041,2024-04-01,2.0
E07000041,2024-05-01,2.0
E07000041,2024-06-01,2.0
E07000041,2024-07-01,2.2
E07000041,2024-08-01,2.3
E07000041,2024-09-01,2.3
E07000041,2024-10-01,2.2
E07000041,2024-11-01,2.1
E07000041,2024-12-01,2.1
E07000041,2025-01-01,2.1
E07000041,2025-02-01,2.2
E07000041,2025-03-01,2.2
E07000041,2025-04-01,2.1
E07000041,2025-05-01,2.1
E07000041,2025-06-01,2.1
E07000041,2025-07-01,2.1
E07000041,2025-08-01,2.2
E07000041,2025-09-01,2.1
E07000041,2025-10-01,2.1
E07000041,2025-11-01,2.2
E07000041,2025-12-01,2.2
E07000041,2026-01-01,2.2
E07000041,2026-02-01,2.3
E07000042,2018-01-01,0.9
E07000042,2018-02-01,1.0
E07000042,2018-03-01,1.0
E07000042,2018-04-01,0.9
E07000042,2018-05-01,0.9
E07000042,2018-06-01,0.9
E07000042,2018-07-01,0.8
E07000042,2018-08-01,0.9
E07000042,2018-09-01,0.9
E07000042,2018-10-01,0.9
E07000042,2018-11-01,1.1
E07000042,2018-12-01,1.2
E07000042,2019-01-01,1.2
E07000042,2019-02-01,1.3
E07000042,2019-03-01,1.4
E07000042,2019-04-01,1.4
E07000042,2019-05-01,1.4
E07000042,2019-06-01,1.5
E07000042,2019-07-01,1.5
E07000042,2019-08-01,1.6
E07000042,2019-09-01,1.5
E07000042,2019-10-01,1.5
E07000042,2019-11-01,1.5
E07000042,2019-12-01,1.5
E07000042,2020-01-01,1.6
E07000042,2020-02-01,1.7
E07000042,2020-03-01,1.7
E07000042,2020-04-01,3.8
E07000042,2020-05-01,4.5
E07000042,2020-06-01,4.0
E07000042,2020-07-01,4.1
E07000042,2020-08-01,4.3
E07000042,2020-09-01,4.2
E07000042,2020-10-01,3.8
E07000042,2020-11-01,3.8
E07000042,2020-12-01,3.9
E07000042,2021-01-01,3.6
E07000042,2021-02-01,3.9
E07000042,2021-03-01,3.8
E07000042,2021-04-01,3.8
E07000042,2021-05-01,3.4
E07000042,2021-06-01,3.1
E07000042,2021-07-01,3.0
E07000042,2021-08-01,2.9
E07000042,2021-09-01,2.7
E07000042,2021-10-01,2.7
E07000042,2021-11-01,2.6
E07000042,2021-12-01,2.5
E07000042,2022-01-01,2.3
E07000042,2022-02-01,2.3
E07000042,2022-03-01,2.3
E07000042,2022-04-01,2.1
E07000042,2022-05-01,2.0
E07000042,2022-06-01,1.9
E07000042,2022-07-01,1.9
E07000042,2022-08-01,1.8
E07000042,2022-09-01,1.9
E07000042,2022-10-01,1.8
E07000042,2022-11-01,1.8
E07000042,2022-12-01,1.9
E07000042,2023-01-01,1.9
E07000042,2023-02-01,1.9
E07000042,2023-03-01,1.9
E07000042,2023-04-01,1.9
E07000042,2023-05-01,1.8
E07000042,2023-06-01,1.9
E07000042,2023-07-01,1.8
E07000042,2023-08-01,1.8
E07000042,2023-09-01,1.8
E07000042,2023-10-01,1.9
E07000042,2023-11-01,1.8
E07000042,2023-12-01,1.8
E07000042,2024-01-01,1.8
E07000042,2024-02-01,1.9
E07000042,2024-03-01,2.0
E07000042,2024-04-01,2.0
E07000042,2024-05-01,2.1
E07000042,2024-06-01,2.1
E07000042,2024-07-01,2.3
E07000042,2024-08-01,2.3
E07000042,2024-09-01,2.3
E07000042,2024-10-01,2.3
E07000042,2024-11-01,2.3
E07000042,2024-12-01,2.2
E07000042,2025-01-01,2.3
E07000042,2025-02-01,2.3
E07000042,2025-03-01,2.3
E07000042,2025-04-01,2.2
E07000042,2025-05-01,2.1
E07000042,2025-06-01,2.2
E07000042,2025-07-01,2.2
E07000042,2025-08-01,2.3
E07000042,2025-09-01,2.2
E07000042,2025-10-01,2.4
E07000042,2025-11-01,2.3
E07000042,2025-12-01,2.3
E07000042,2026-01-01,2.3
E07000042,2026-02-01,2.5
E07000043,2018-01-01,1.1
E07000043,2018-02-01,1.1
E07000043,2018-03-01,1.1
E07000043,2018-04-01,1.0
E07000043,2018-05-01,1
E07000043,2018-06-01,0.9
E07000043,2018-07-01,0.8
E07000043,2018-08-01,0.9
E07000043,2018-09-01,1.0
E07000043,2018-10-01,1.1
E07000043,2018-11-01,1.3
E07000043,2018-12-01,1.5
E07000043,2019-01-01,1.7
E07000043,2019-02-01,1.8
E07000043,2019-03-01,1.9
E07000043,2019-04-01,1.7
E07000043,2019-05-01,1.7
E07000043,2019-06-01,1.7
E07000043,2019-07-01,1.7
E07000043,2019-08-01,1.7
E07000043,2019-09-01,1.7
E07000043,2019-10-01,1.8
E07000043,2019-11-01,1.8
E07000043,2019-12-01,1.9
E07000043,2020-01-01,2.0
E07000043,2020-02-01,2.2
E07000043,2020-03-01,2.2
E07000043,2020-04-01,5.2
E07000043,2020-05-01,5.9
E07000043,2020-06-01,5.6
E07000043,2020-07-01,5.7
E07000043,2020-08-01,5.7
E07000043,2020-09-01,5.4
E07000043,2020-10-01,4.9
E07000043,2020-11-01,5.0
E07000043,2020-12-01,5.1
E07000043,2021-01-01,5.0
E07000043,2021-02-01,5.4
E07000043,2021-03-01,5.4
E07000043,2021-04-01,5.2
E07000043,2021-05-01,4.7
E07000043,2021-06-01,4.0
E07000043,2021-07-01,3.7
E07000043,2021-08-01,3.4
E07000043,2021-09-01,3.2
E07000043,2021-10-01,3.0
E07000043,2021-11-01,3.0
E07000043,2021-12-01,3.0
E07000043,2022-01-01,3.0
E07000043,2022-02-01,3.1
E07000043,2022-03-01,3.0
E07000043,2022-04-01,2.6
E07000043,2022-05-01,2.5
E07000043,2022-06-01,2.3
E07000043,2022-07-01,2.3
E07000043,2022-08-01,2.3
E07000043,2022-09-01,2.2
E07000043,2022-10-01,2.4
E07000043,2022-11-01,2.5
E07000043,2022-12-01,2.5
E07000043,2023-01-01,2.6
E07000043,2023-02-01,2.7
E07000043,2023-03-01,2.7
E07000043,2023-04-01,2.7
E07000043,2023-05-01,2.4
E07000043,2023-06-01,2.4
E07000043,2023-07-01,2.5
E07000043,2023-08-01,2.4
E07000043,2023-09-01,2.3
E07000043,2023-10-01,2.4
E07000043,2023-11-01,2.5
E07000043,2023-12-01,2.6
E07000043,2024-01-01,2.7
E07000043,2024-02-01,2.8
E07000043,2024-03-01,2.7
E07000043,2024-04-01,2.6
E07000043,2024-05-01,2.5
E07000043,2024-06-01,2.5
E07000043,2024-07-01,2.7
E07000043,2024-08-01,2.6
E07000043,2024-09-01,2.7
E07000043,2024-10-01,2.7
E07000043,2024-11-01,2.7
E07000043,2024-12-01,2.8
E07000043,2025-01-01,3.0
E07000043,2025-02-01,3.1
E07000043,2025-03-01,3.2
E07000043,2025-04-01,3.0
E07000043,2025-05-01,2.8
E07000043,2025-06-01,2.8
E07000043,2025-07-01,2.7
E07000043,2025-08-01,2.7
E07000043,2025-09-01,2.7
E07000043,2025-10-01,2.8
E07000043,2025-11-01,2.8
E07000043,2025-12-01,2.9
E07000043,2026-01-01,3.0
E07000043,2026-02-01,3.2
E07000044,2018-01-01,0.8
E07000044,2018-02-01,0.8
E07000044,2018-03-01,0.8
E07000044,2018-04-01,0.9
E07000044,2018-05-01,0.8
E07000044,2018-06-01,0.8
E07000044,2018-07-01,0.8
E07000044,2018-08-01,0.8
E07000044,2018-09-01,0.8
E07000044,2018-10-01,0.8
E07000044,2018-11-01,1.0
E07000044,2018-12-01,1.1
E07000044,2019-01-01,1.2
E07000044,2019-02-01,1.3
E07000044,2019-03-01,1.3
E07000044,2019-04-01,1.3
E07000044,2019-05-01,1.3
E07000044,2019-06-01,1.2
E07000044,2019-07-01,1.2
E07000044,2019-08-01,1.2
E07000044,2019-09-01,1.2
E07000044,2019-10-01,1.3
E07000044,2019-11-01,1.3
E07000044,2019-12-01,1.4
E07000044,2020-01-01,1.4
E07000044,2020-02-01,1.5
E07000044,2020-03-01,1.5
E07000044,2020-04-01,4.1
E07000044,2020-05-01,5.1
E07000044,2020-06-01,4.7
E07000044,2020-07-01,4.9
E07000044,2020-08-01,4.8
E07000044,2020-09-01,4.7
E07000044,2020-10-01,4.2
E07000044,2020-11-01,4.3
E07000044,2020-12-01,4.2
E07000044,2021-01-01,4.0
E07000044,2021-02-01,4.3
E07000044,2021-03-01,4.3
E07000044,2021-04-01,4.2
E07000044,2021-05-01,3.7
E07000044,2021-06-01,3.2
E07000044,2021-07-01,3.0
E07000044,2021-08-01,2.9
E07000044,2021-09-01,2.8
E07000044,2021-10-01,2.7
E07000044,2021-11-01,2.6
E07000044,2021-12-01,2.5
E07000044,2022-01-01,2.5
E07000044,2022-02-01,2.5
E07000044,2022-03-01,2.4
E07000044,2022-04-01,2.2
E07000044,2022-05-01,2.0
E07000044,2022-06-01,2.0
E07000044,2022-07-01,2.0
E07000044,2022-08-01,2.0
E07000044,2022-09-01,1.9
E07000044,2022-10-01,1.9
E07000044,2022-11-01,1.9
E07000044,2022-12-01,1.8
E07000044,2023-01-01,1.8
E07000044,2023-02-01,1.8
E07000044,2023-03-01,1.8
E07000044,2023-04-01,1.8
E07000044,2023-05-01,1.7
E07000044,2023-06-01,1.7
E07000044,2023-07-01,1.6
E07000044,2023-08-01,1.6
E07000044,2023-09-01,1.6
E07000044,2023-10-01,1.6
E07000044,2023-11-01,1.7
E07000044,2023-12-01,1.7
E07000044,2024-01-01,1.8
E07000044,2024-02-01,1.8
E07000044,2024-03-01,1.9
E07000044,2024-04-01,1.9
E07000044,2024-05-01,2.0
E07000044,2024-06-01,2.1
E07000044,2024-07-01,2.1
E07000044,2024-08-01,2.1
E07000044,2024-09-01,2.2
E07000044,2024-10-01,2.2
E07000044,2024-11-01,2.1
E07000044,2024-12-01,2.1
E07000044,2025-01-01,2.2
E07000044,2025-02-01,2.2
E07000044,2025-03-01,2.2
E07000044,2025-04-01,2.1
E07000044,2025-05-01,2.0
E07000044,2025-06-01,2.0
E07000044,2025-07-01,1.9
E07000044,2025-08-01,1.9
E07000044,2025-09-01,2.0
E07000044,2025-10-01,2.0
E07000044,2025-11-01,2.0
E07000044,2025-12-01,2.0
E07000044,2026-01-01,2.1
E07000044,2026-02-01,2.2
E07000045,2018-01-01,0.9
E07000045,2018-02-01,1.0
E07000045,2018-03-01,0.9
E07000045,2018-04-01,0.9
E07000045,2018-05-01,0.9
E07000045,2018-06-01,0.8
E07000045,2018-07-01,0.8
E07000045,2018-08-01,0.8
E07000045,2018-09-01,0.7
E07000045,2018-10-01,0.8
E07000045,2018-11-01,0.9
E07000045,2018-12-01,1.0
E07000045,2019-01-01,1.1
E07000045,2019-02-01,1.3
E07000045,2019-03-01,1.4
E07000045,2019-04-01,1.4
E07000045,2019-05-01,1.4
E07000045,2019-06-01,1.5
E07000045,2019-07-01,1.5
E07000045,2019-08-01,1.5
E07000045,2019-09-01,1.5
E07000045,2019-10-01,1.6
E07000045,2019-11-01,1.7
E07000045,2019-12-01,1.7
E07000045,2020-01-01,1.7
E07000045,2020-02-01,1.8
E07000045,2020-03-01,1.9
E07000045,2020-04-01,4.8
E07000045,2020-05-01,5.3
E07000045,2020-06-01,4.9
E07000045,2020-07-01,5.0
E07000045,2020-08-01,5.0
E07000045,2020-09-01,4.8
E07000045,2020-10-01,4.4
E07000045,2020-11-01,4.5
E07000045,2020-12-01,4.4
E07000045,2021-01-01,4.3
E07000045,2021-02-01,4.5
E07000045,2021-03-01,4.6
E07000045,2021-04-01,4.5
E07000045,2021-05-01,4.0
E07000045,2021-06-01,3.6
E07000045,2021-07-01,3.3
E07000045,2021-08-01,3.1
E07000045,2021-09-01,3.0
E07000045,2021-10-01,3.0
E07000045,2021-11-01,2.8
E07000045,2021-12-01,2.7
E07000045,2022-01-01,2.7
E07000045,2022-02-01,2.6
E07000045,2022-03-01,2.4
E07000045,2022-04-01,2.2
E07000045,2022-05-01,2.0
E07000045,2022-06-01,2.0
E07000045,2022-07-01,1.9
E07000045,2022-08-01,1.9
E07000045,2022-09-01,1.9
E07000045,2022-10-01,1.9
E07000045,2022-11-01,1.9
E07000045,2022-12-01,2.0
E07000045,2023-01-01,1.9
E07000045,2023-02-01,1.9
E07000045,2023-03-01,2.0
E07000045,2023-04-01,1.9
E07000045,2023-05-01,1.8
E07000045,2023-06-01,1.9
E07000045,2023-07-01,1.9
E07000045,2023-08-01,1.9
E07000045,2023-09-01,1.9
E07000045,2023-10-01,1.8
E07000045,2023-11-01,1.9
E07000045,2023-12-01,2.0
E07000045,2024-01-01,2.0
E07000045,2024-02-01,2.1
E07000045,2024-03-01,2.1
E07000045,2024-04-01,2.1
E07000045,2024-05-01,2.2
E07000045,2024-06-01,2.2
E07000045,2024-07-01,2.3
E07000045,2024-08-01,2.3
E07000045,2024-09-01,2.4
E07000045,2024-10-01,2.3
E07000045,2024-11-01,2.3
E07000045,2024-12-01,2.3
E07000045,2025-01-01,2.3
E07000045,2025-02-01,2.4
E07000045,2025-03-01,2.4
E07000045,2025-04-01,2.3
E07000045,2025-05-01,2.1
E07000045,2025-06-01,2.2
E07000045,2025-07-01,2.1
E07000045,2025-08-01,2.1
E07000045,2025-09-01,2.1
E07000045,2025-10-01,2.1
E07000045,2025-11-01,2.1
E07000045,2025-12-01,2.1
E07000045,2026-01-01,2.2
E07000045,2026-02-01,2.2
E07000046,2018-01-01,1.3
E07000046,2018-02-01,1.4
E07000046,2018-03-01,1.4
E07000046,2018-04-01,1.4
E07000046,2018-05-01,1.3
E07000046,2018-06-01,1.2
E07000046,2018-07-01,1.2
E07000046,2018-08-01,1.2
E07000046,2018-09-01,1.4
E07000046,2018-10-01,1.4
E07000046,2018-11-01,1.6
E07000046,2018-12-01,1.8
E07000046,2019-01-01,1.9
E07000046,2019-02-01,2.0
E07000046,2019-03-01,2.0
E07000046,2019-04-01,2.0
E07000046,2019-05-01,1.9
E07000046,2019-06-01,2.0
E07000046,2019-07-01,2.0
E07000046,2019-08-01,2.0
E07000046,2019-09-01,2.0
E07000046,2019-10-01,2.1
E07000046,2019-11-01,2.1
E07000046,2019-12-01,2.3
E07000046,2020-01-01,2.3
E07000046,2020-02-01,2.4
E07000046,2020-03-01,2.4
E07000046,2020-04-01,5.3
E07000046,2020-05-01,5.9
E07000046,2020-06-01,5.5
E07000046,2020-07-01,5.5
E07000046,2020-08-01,5.6
E07000046,2020-09-01,5.3
E07000046,2020-10-01,4.9
E07000046,2020-11-01,5.1
E07000046,2020-12-01,5.0
E07000046,2021-01-01,4.9
E07000046,2021-02-01,5.2
E07000046,2021-03-01,5.1
E07000046,2021-04-01,5.0
E07000046,2021-05-01,4.5
E07000046,2021-06-01,4.0
E07000046,2021-07-01,3.8
E07000046,2021-08-01,3.5
E07000046,2021-09-01,3.3
E07000046,2021-10-01,3.1
E07000046,2021-11-01,3.0
E07000046,2021-12-01,2.9
E07000046,2022-01-01,2.9
E07000046,2022-02-01,2.8
E07000046,2022-03-01,2.7
E07000046,2022-04-01,2.5
E07000046,2022-05-01,2.4
E07000046,2022-06-01,2.2
E07000046,2022-07-01,2.1
E07000046,2022-08-01,2.1
E07000046,2022-09-01,2.1
E07000046,2022-10-01,2.2
E07000046,2022-11-01,2.2
E07000046,2022-12-01,2.3
E07000046,2023-01-01,2.3
E07000046,2023-02-01,2.3
E07000046,2023-03-01,2.4
E07000046,2023-04-01,2.4
E07000046,2023-05-01,2.2
E07000046,2023-06-01,2.2
E07000046,2023-07-01,2.2
E07000046,2023-08-01,2.2
E07000046,2023-09-01,2.2
E07000046,2023-10-01,2.2
E07000046,2023-11-01,2.4
E07000046,2023-12-01,2.4
E07000046,2024-01-01,2.4
E07000046,2024-02-01,2.6
E07000046,2024-03-01,2.5
E07000046,2024-04-01,2.6
E07000046,2024-05-01,2.6
E07000046,2024-06-01,2.7
E07000046,2024-07-01,2.9
E07000046,2024-08-01,2.9
E07000046,2024-09-01,2.9
E07000046,2024-10-01,2.8
E07000046,2024-11-01,2.8
E07000046,2024-12-01,2.9
E07000046,2025-01-01,2.9
E07000046,2025-02-01,3.2
E07000046,2025-03-01,3.1
E07000046,2025-04-01,2.9
E07000046,2025-05-01,2.9
E07000046,2025-06-01,2.7
E07000046,2025-07-01,2.6
E07000046,2025-08-01,2.6
E07000046,2025-09-01,2.5
E07000046,2025-10-01,2.5
E07000046,2025-11-01,2.6
E07000046,2025-12-01,2.6
E07000046,2026-01-01,2.8
E07000046,2026-02-01,2.9
E07000047,2018-01-01,0.8
E07000047,2018-02-01,0.8
E07000047,2018-03-01,0.9
E07000047,2018-04-01,1.0
E07000047,2018-05-01,1
E07000047,2018-06-01,1.0
E07000047,2018-07-01,1.0
E07000047,2018-08-01,0.9
E07000047,2018-09-01,1.0
E07000047,2018-10-01,1.0
E07000047,2018-11-01,1.1
E07000047,2018-12-01,1.1
E07000047,2019-01-01,1.2
E07000047,2019-02-01,1.2
E07000047,2019-03-01,1.2
E07000047,2019-04-01,1.3
E07000047,2019-05-01,1.3
E07000047,2019-06-01,1.3
E07000047,2019-07-01,1.3
E07000047,2019-08-01,1.4
E07000047,2019-09-01,1.3
E07000047,2019-10-01,1.4
E07000047,2019-11-01,1.5
E07000047,2019-12-01,1.5
E07000047,2020-01-01,1.4
E07000047,2020-02-01,1.5
E07000047,2020-03-01,1.6
E07000047,2020-04-01,3.6
E07000047,2020-05-01,4.3
E07000047,2020-06-01,4.0
E07000047,2020-07-01,4.2
E07000047,2020-08-01,4.3
E07000047,2020-09-01,4.1
E07000047,2020-10-01,3.9
E07000047,2020-11-01,4.0
E07000047,2020-12-01,4.1
E07000047,2021-01-01,3.9
E07000047,2021-02-01,4.1
E07000047,2021-03-01,4.0
E07000047,2021-04-01,3.9
E07000047,2021-05-01,3.6
E07000047,2021-06-01,3.2
E07000047,2021-07-01,3.2
E07000047,2021-08-01,2.9
E07000047,2021-09-01,2.7
E07000047,2021-10-01,2.6
E07000047,2021-11-01,2.5
E07000047,2021-12-01,2.4
E07000047,2022-01-01,2.3
E07000047,2022-02-01,2.3
E07000047,2022-03-01,2.2
E07000047,2022-04-01,2.0
E07000047,2022-05-01,2.0
E07000047,2022-06-01,1.9
E07000047,2022-07-01,1.8
E07000047,2022-08-01,1.7
E07000047,2022-09-01,1.7
E07000047,2022-10-01,1.7
E07000047,2022-11-01,1.8
E07000047,2022-12-01,1.8
E07000047,2023-01-01,1.8
E07000047,2023-02-01,1.9
E07000047,2023-03-01,1.8
E07000047,2023-04-01,1.8
E07000047,2023-05-01,1.7
E07000047,2023-06-01,1.8
E07000047,2023-07-01,1.8
E07000047,2023-08-01,1.8
E07000047,2023-09-01,1.7
E07000047,2023-10-01,1.7
E07000047,2023-11-01,1.8
E07000047,2023-12-01,1.8
E07000047,2024-01-01,1.9
E07000047,2024-02-01,2.0
E07000047,2024-03-01,2.0
E07000047,2024-04-01,2.0
E07000047,2024-05-01,2.1
E07000047,2024-06-01,2.1
E07000047,2024-07-01,2.3
E07000047,2024-08-01,2.4
E07000047,2024-09-01,2.4
E07000047,2024-10-01,2.3
E07000047,2024-11-01,2.3
E07000047,2024-12-01,2.2
E07000047,2025-01-01,2.1
E07000047,2025-02-01,2.3
E07000047,2025-03-01,2.3
E07000047,2025-04-01,2.2
E07000047,2025-05-01,2.1
E07000047,2025-06-01,2.1
E07000047,2025-07-01,2.0
E07000047,2025-08-01,2.0
E07000047,2025-09-01,2.0
E07000047,2025-10-01,2.1
E07000047,2025-11-01,2.1
E07000047,2025-12-01,2.1
E07000047,2026-01-01,2.1
E07000047,2026-02-01,2.3
E07000061,2018-01-01,2.0
E07000061,2018-02-01,2.3
E07000061,2018-03-01,2.3
E07000061,2018-04-01,2.7
E07000061,2018-05-01,2.6
E07000061,2018-06-01,2.6
E07000061,2018-07-01,2.7
E07000061,2018-08-01,2.8
E07000061,2018-09-01,2.8
E07000061,2018-10-01,2.8
E07000061,2018-11-01,2.9
E07000061,2018-12-01,3.1
E07000061,2019-01-01,3.1
E07000061,2019-02-01,3.3
E07000061,2019-03-01,3.2
E07000061,2019-04-01,3.2
E07000061,2019-05-01,3.3
E07000061,2019-06-01,3.4
E07000061,2019-07-01,3.4
E07000061,2019-08-01,3.3
E07000061,2019-09-01,3.4
E07000061,2019-10-01,3.4
E07000061,2019-11-01,3.5
E07000061,2019-12-01,3.6
E07000061,2020-01-01,3.6
E07000061,2020-02-01,3.7
E07000061,2020-03-01,3.8
E07000061,2020-04-01,6.5
E07000061,2020-05-01,7.9
E07000061,2020-06-01,7.5
E07000061,2020-07-01,7.6
E07000061,2020-08-01,7.7
E07000061,2020-09-01,7.6
E07000061,2020-10-01,7.2
E07000061,2020-11-01,7.5
E07000061,2020-12-01,7.4
E07000061,2021-01-01,7.4
E07000061,2021-02-01,7.8
E07000061,2021-03-01,7.8
E07000061,2021-04-01,7.6
E07000061,2021-05-01,7.1
E07000061,2021-06-01,6.6
E07000061,2021-07-01,6.4
E07000061,2021-08-01,6.0
E07000061,2021-09-01,5.6
E07000061,2021-10-01,5.6
E07000061,2021-11-01,5.7
E07000061,2021-12-01,5.5
E07000061,2022-01-01,5.5
E07000061,2022-02-01,5.5
E07000061,2022-03-01,5.4
E07000061,2022-04-01,4.9
E07000061,2022-05-01,4.8
E07000061,2022-06-01,4.6
E07000061,2022-07-01,4.5
E07000061,2022-08-01,4.6
E07000061,2022-09-01,4.6
E07000061,2022-10-01,4.6
E07000061,2022-11-01,4.6
E07000061,2022-12-01,4.4
E07000061,2023-01-01,4.4
E07000061,2023-02-01,4.4
E07000061,2023-03-01,4.5
E07000061,2023-04-01,4.5
E07000061,2023-05-01,4.3
E07000061,2023-06-01,4.4
E07000061,2023-07-01,4.4
E07000061,2023-08-01,4.1
E07000061,2023-09-01,4.2
E07000061,2023-10-01,4.2
E07000061,2023-11-01,4.3
E07000061,2023-12-01,4.3
E07000061,2024-01-01,4.4
E07000061,2024-02-01,4.5
E07000061,2024-03-01,4.5
E07000061,2024-04-01,4.4
E07000061,2024-05-01,4.2
E07000061,2024-06-01,4.2
E07000061,2024-07-01,4.5
E07000061,2024-08-01,4.5
E07000061,2024-09-01,4.5
E07000061,2024-10-01,4.5
E07000061,2024-11-01,4.7
E07000061,2024-12-01,4.6
E07000061,2025-01-01,4.6
E07000061,2025-02-01,4.8
E07000061,2025-03-01,4.8
E07000061,2025-04-01,4.7
E07000061,2025-05-01,4.6
E07000061,2025-06-01,4.7
E07000061,2025-07-01,4.7
E07000061,2025-08-01,4.7
E07000061,2025-09-01,4.7
E07000061,2025-10-01,4.6
E07000061,2025-11-01,4.7
E07000061,2025-12-01,4.6
E07000061,2026-01-01,4.7
E07000061,2026-02-01,4.9
E07000062,2018-01-01,4.2
E07000062,2018-02-01,4.4
E07000062,2018-03-01,4.4
E07000062,2018-04-01,4.8
E07000062,2018-05-01,4.4
E07000062,2018-06-01,4.4
E07000062,2018-07-01,4.4
E07000062,2018-08-01,4.4
E07000062,2018-09-01,4.5
E07000062,2018-10-01,4.4
E07000062,2018-11-01,4.6
E07000062,2018-12-01,4.7
E07000062,2019-01-01,4.8
E07000062,2019-02-01,5.0
E07000062,2019-03-01,4.8
E07000062,2019-04-01,4.8
E07000062,2019-05-01,4.7
E07000062,2019-06-01,4.5
E07000062,2019-07-01,4.6
E07000062,2019-08-01,4.5
E07000062,2019-09-01,4.5
E07000062,2019-10-01,4.7
E07000062,2019-11-01,4.7
E07000062,2019-12-01,4.6
E07000062,2020-01-01,4.9
E07000062,2020-02-01,4.9
E07000062,2020-03-01,5.0
E07000062,2020-04-01,7.9
E07000062,2020-05-01,9.2
E07000062,2020-06-01,8.6
E07000062,2020-07-01,8.9
E07000062,2020-08-01,9.1
E07000062,2020-09-01,9.1
E07000062,2020-10-01,8.8
E07000062,2020-11-01,9.1
E07000062,2020-12-01,9.0
E07000062,2021-01-01,8.9
E07000062,2021-02-01,9.3
E07000062,2021-03-01,9.2
E07000062,2021-04-01,9.1
E07000062,2021-05-01,8.6
E07000062,2021-06-01,7.9
E07000062,2021-07-01,7.7
E07000062,2021-08-01,7.3
E07000062,2021-09-01,7.0
E07000062,2021-10-01,6.9
E07000062,2021-11-01,6.9
E07000062,2021-12-01,6.7
E07000062,2022-01-01,6.8
E07000062,2022-02-01,6.8
E07000062,2022-03-01,6.6
E07000062,2022-04-01,6.1
E07000062,2022-05-01,6.0
E07000062,2022-06-01,5.7
E07000062,2022-07-01,5.6
E07000062,2022-08-01,5.5
E07000062,2022-09-01,5.5
E07000062,2022-10-01,5.4
E07000062,2022-11-01,5.5
E07000062,2022-12-01,5.5
E07000062,2023-01-01,5.5
E07000062,2023-02-01,5.7
E07000062,2023-03-01,5.7
E07000062,2023-04-01,5.5
E07000062,2023-05-01,5.3
E07000062,2023-06-01,5.3
E07000062,2023-07-01,5.2
E07000062,2023-08-01,5.2
E07000062,2023-09-01,5.1
E07000062,2023-10-01,5.2
E07000062,2023-11-01,5.2
E07000062,2023-12-01,5.3
E07000062,2024-01-01,5.4
E07000062,2024-02-01,5.4
E07000062,2024-03-01,5.3
E07000062,2024-04-01,5.1
E07000062,2024-05-01,5.1
E07000062,2024-06-01,5.2
E07000062,2024-07-01,5.4
E07000062,2024-08-01,5.4
E07000062,2024-09-01,5.3
E07000062,2024-10-01,5.2
E07000062,2024-11-01,5.1
E07000062,2024-12-01,5.2
E07000062,2025-01-01,5.2
E07000062,2025-02-01,5.3
E07000062,2025-03-01,5.1
E07000062,2025-04-01,5.1
E07000062,2025-05-01,4.8
E07000062,2025-06-01,4.7
E07000062,2025-07-01,4.7
E07000062,2025-08-01,4.7
E07000062,2025-09-01,4.6
E07000062,2025-10-01,4.7
E07000062,2025-11-01,4.9
E07000062,2025-12-01,4.9
E07000062,2026-01-01,4.9
E07000062,2026-02-01,5.2
E07000063,2018-01-01,1.2
E07000063,2018-02-01,1.3
E07000063,2018-03-01,1.3
E07000063,2018-04-01,1.3
E07000063,2018-05-01,1.2
E07000063,2018-06-01,1.2
E07000063,2018-07-01,1.2
E07000063,2018-08-01,1.2
E07000063,2018-09-01,1.2
E07000063,2018-10-01,1.2
E07000063,2018-11-01,1.3
E07000063,2018-12-01,1.5
E07000063,2019-01-01,1.6
E07000063,2019-02-01,1.8
E07000063,2019-03-01,1.9
E07000063,2019-04-01,1.9
E07000063,2019-05-01,1.9
E07000063,2019-06-01,1.9
E07000063,2019-07-01,1.9
E07000063,2019-08-01,2.0
E07000063,2019-09-01,2.0
E07000063,2019-10-01,2.2
E07000063,2019-11-01,2.2
E07000063,2019-12-01,2.3
E07000063,2020-01-01,2.3
E07000063,2020-02-01,2.4
E07000063,2020-03-01,2.5
E07000063,2020-04-01,4.7
E07000063,2020-05-01,6.1
E07000063,2020-06-01,5.6
E07000063,2020-07-01,5.7
E07000063,2020-08-01,6.0
E07000063,2020-09-01,5.9
E07000063,2020-10-01,5.5
E07000063,2020-11-01,5.6
E07000063,2020-12-01,5.6
E07000063,2021-01-01,5.6
E07000063,2021-02-01,5.9
E07000063,2021-03-01,5.9
E07000063,2021-04-01,5.7
E07000063,2021-05-01,5.4
E07000063,2021-06-01,4.9
E07000063,2021-07-01,4.7
E07000063,2021-08-01,4.5
E07000063,2021-09-01,4.3
E07000063,2021-10-01,4.2
E07000063,2021-11-01,4.1
E07000063,2021-12-01,3.9
E07000063,2022-01-01,3.8
E07000063,2022-02-01,3.9
E07000063,2022-03-01,3.7
E07000063,2022-04-01,3.5
E07000063,2022-05-01,3.3
E07000063,2022-06-01,3.2
E07000063,2022-07-01,3.3
E07000063,2022-08-01,3.2
E07000063,2022-09-01,3.2
E07000063,2022-10-01,3.1
E07000063,2022-11-01,3.1
E07000063,2022-12-01,3.2
E07000063,2023-01-01,3.1
E07000063,2023-02-01,3.1
E07000063,2023-03-01,3.1
E07000063,2023-04-01,3.0
E07000063,2023-05-01,2.9
E07000063,2023-06-01,2.9
E07000063,2023-07-01,2.9
E07000063,2023-08-01,2.9
E07000063,2023-09-01,3.0
E07000063,2023-10-01,3.0
E07000063,2023-11-01,3.0
E07000063,2023-12-01,3.1
E07000063,2024-01-01,3.0
E07000063,2024-02-01,3.1
E07000063,2024-03-01,3.1
E07000063,2024-04-01,3.1
E07000063,2024-05-01,3.1
E07000063,2024-06-01,3.3
E07000063,2024-07-01,3.3
E07000063,2024-08-01,3.4
E07000063,2024-09-01,3.5
E07000063,2024-10-01,3.4
E07000063,2024-11-01,3.5
E07000063,2024-12-01,3.4
E07000063,2025-01-01,3.4
E07000063,2025-02-01,3.6
E07000063,2025-03-01,3.5
E07000063,2025-04-01,3.4
E07000063,2025-05-01,3.3
E07000063,2025-06-01,3.3
E07000063,2025-07-01,3.3
E07000063,2025-08-01,3.4
E07000063,2025-09-01,3.4
E07000063,2025-10-01,3.2
E07000063,2025-11-01,3.2
E07000063,2025-12-01,3.3
E07000063,2026-01-01,3.4
E07000063,2026-02-01,3.6
E07000064,2018-01-01,2.0
E07000064,2018-02-01,2.2
E07000064,2018-03-01,2.3
E07000064,2018-04-01,2.5
E07000064,2018-05-01,2.3
E07000064,2018-06-01,2.3
E07000064,2018-07-01,2.3
E07000064,2018-08-01,2.3
E07000064,2018-09-01,2.4
E07000064,2018-10-01,2.4
E07000064,2018-11-01,2.5
E07000064,2018-12-01,2.5
E07000064,2019-01-01,2.6
E07000064,2019-02-01,2.7
E07000064,2019-03-01,2.7
E07000064,2019-04-01,2.6
E07000064,2019-05-01,2.5
E07000064,2019-06-01,2.5
E07000064,2019-07-01,2.5
E07000064,2019-08-01,2.5
E07000064,2019-09-01,2.6
E07000064,2019-10-01,2.7
E07000064,2019-11-01,2.7
E07000064,2019-12-01,2.7
E07000064,2020-01-01,2.8
E07000064,2020-02-01,2.8
E07000064,2020-03-01,2.8
E07000064,2020-04-01,5.4
E07000064,2020-05-01,6.3
E07000064,2020-06-01,5.9
E07000064,2020-07-01,6.1
E07000064,2020-08-01,6.1
E07000064,2020-09-01,6.1
E07000064,2020-10-01,5.6
E07000064,2020-11-01,5.9
E07000064,2020-12-01,5.9
E07000064,2021-01-01,5.8
E07000064,2021-02-01,6.1
E07000064,2021-03-01,6.0
E07000064,2021-04-01,5.8
E07000064,2021-05-01,5.4
E07000064,2021-06-01,4.9
E07000064,2021-07-01,4.7
E07000064,2021-08-01,4.6
E07000064,2021-09-01,4.3
E07000064,2021-10-01,4.3
E07000064,2021-11-01,4.1
E07000064,2021-12-01,4.0
E07000064,2022-01-01,4.0
E07000064,2022-02-01,4.0
E07000064,2022-03-01,3.8
E07000064,2022-04-01,3.6
E07000064,2022-05-01,3.5
E07000064,2022-06-01,3.4
E07000064,2022-07-01,3.3
E07000064,2022-08-01,3.3
E07000064,2022-09-01,3.3
E07000064,2022-10-01,3.3
E07000064,2022-11-01,3.4
E07000064,2022-12-01,3.4
E07000064,2023-01-01,3.4
E07000064,2023-02-01,3.5
E07000064,2023-03-01,3.4
E07000064,2023-04-01,3.3
E07000064,2023-05-01,3.2
E07000064,2023-06-01,3.2
E07000064,2023-07-01,3.2
E07000064,2023-08-01,3.1
E07000064,2023-09-01,3.1
E07000064,2023-10-01,3.1
E07000064,2023-11-01,3.1
E07000064,2023-12-01,3.2
E07000064,2024-01-01,3.1
E07000064,2024-02-01,3.2
E07000064,2024-03-01,3.1
E07000064,2024-04-01,3.0
E07000064,2024-05-01,3.1
E07000064,2024-06-01,3.1
E07000064,2024-07-01,3.4
E07000064,2024-08-01,3.4
E07000064,2024-09-01,3.2
E07000064,2024-10-01,3.2
E07000064,2024-11-01,3.2
E07000064,2024-12-01,3.1
E07000064,2025-01-01,3.3
E07000064,2025-02-01,3.3
E07000064,2025-03-01,3.3
E07000064,2025-04-01,3.2
E07000064,2025-05-01,3.1
E07000064,2025-06-01,3.1
E07000064,2025-07-01,3.0
E07000064,2025-08-01,3.0
E07000064,2025-09-01,3.0
E07000064,2025-10-01,3.1
E07000064,2025-11-01,3.1
E07000064,2025-12-01,3.1
E07000064,2026-01-01,3.2
E07000064,2026-02-01,3.3
E07000065,2018-01-01,0.7
E07000065,2018-02-01,0.7
E07000065,2018-03-01,0.7
E07000065,2018-04-01,0.8
E07000065,2018-05-01,0.8
E07000065,2018-06-01,0.8
E07000065,2018-07-01,0.9
E07000065,2018-08-01,0.9
E07000065,2018-09-01,0.9
E07000065,2018-10-01,0.9
E07000065,2018-11-01,1.0
E07000065,2018-12-01,1.0
E07000065,2019-01-01,1.1
E07000065,2019-02-01,1.2
E07000065,2019-03-01,1.2
E07000065,2019-04-01,1.2
E07000065,2019-05-01,1.2
E07000065,2019-06-01,1.2
E07000065,2019-07-01,1.2
E07000065,2019-08-01,1.3
E07000065,2019-09-01,1.3
E07000065,2019-10-01,1.4
E07000065,2019-11-01,1.4
E07000065,2019-12-01,1.4
E07000065,2020-01-01,1.4
E07000065,2020-02-01,1.5
E07000065,2020-03-01,1.5
E07000065,2020-04-01,3.5
E07000065,2020-05-01,4.7
E07000065,2020-06-01,4.3
E07000065,2020-07-01,4.4
E07000065,2020-08-01,4.5
E07000065,2020-09-01,4.5
E07000065,2020-10-01,4.1
E07000065,2020-11-01,4.2
E07000065,2020-12-01,4.2
E07000065,2021-01-01,4.1
E07000065,2021-02-01,4.4
E07000065,2021-03-01,4.3
E07000065,2021-04-01,4.2
E07000065,2021-05-01,3.7
E07000065,2021-06-01,3.4
E07000065,2021-07-01,3.3
E07000065,2021-08-01,3.2
E07000065,2021-09-01,2.9
E07000065,2021-10-01,2.8
E07000065,2021-11-01,2.8
E07000065,2021-12-01,2.6
E07000065,2022-01-01,2.6
E07000065,2022-02-01,2.6
E07000065,2022-03-01,2.5
E07000065,2022-04-01,2.3
E07000065,2022-05-01,2.2
E07000065,2022-06-01,2.2
E07000065,2022-07-01,2.1
E07000065,2022-08-01,2.2
E07000065,2022-09-01,2.2
E07000065,2022-10-01,2.2
E07000065,2022-11-01,2.1
E07000065,2022-12-01,2.1
E07000065,2023-01-01,2.1
E07000065,2023-02-01,2.1
E07000065,2023-03-01,2.0
E07000065,2023-04-01,2.0
E07000065,2023-05-01,2.0
E07000065,2023-06-01,2.0
E07000065,2023-07-01,1.9
E07000065,2023-08-01,1.9
E07000065,2023-09-01,1.9
E07000065,2023-10-01,1.9
E07000065,2023-11-01,2.0
E07000065,2023-12-01,2.0
E07000065,2024-01-01,2.0
E07000065,2024-02-01,2.1
E07000065,2024-03-01,2.1
E07000065,2024-04-01,2.1
E07000065,2024-05-01,2.1
E07000065,2024-06-01,2.2
E07000065,2024-07-01,2.4
E07000065,2024-08-01,2.4
E07000065,2024-09-01,2.4
E07000065,2024-10-01,2.2
E07000065,2024-11-01,2.2
E07000065,2024-12-01,2.3
E07000065,2025-01-01,2.3
E07000065,2025-02-01,2.4
E07000065,2025-03-01,2.3
E07000065,2025-04-01,2.2
E07000065,2025-05-01,2.2
E07000065,2025-06-01,2.2
E07000065,2025-07-01,2.2
E07000065,2025-08-01,2.2
E07000065,2025-09-01,2.3
E07000065,2025-10-01,2.3
E07000065,2025-11-01,2.3
E07000065,2025-12-01,2.3
E07000065,2026-01-01,2.4
E07000065,2026-02-01,2.5
E07000066,2018-01-01,1.6
E07000066,2018-02-01,1.8
E07000066,2018-03-01,2.0
E07000066,2018-04-01,2.2
E07000066,2018-05-01,2.2
E07000066,2018-06-01,2.3
E07000066,2018-07-01,2.3
E07000066,2018-08-01,2.4
E07000066,2018-09-01,2.4
E07000066,2018-10-01,2.5
E07000066,2018-11-01,2.5
E07000066,2018-12-01,2.5
E07000066,2019-01-01,2.6
E07000066,2019-02-01,2.7
E07000066,2019-03-01,2.8
E07000066,2019-04-01,2.8
E07000066,2019-05-01,2.8
E07000066,2019-06-01,2.9
E07000066,2019-07-01,2.9
E07000066,2019-08-01,2.9
E07000066,2019-09-01,2.9
E07000066,2019-10-01,2.8
E07000066,2019-11-01,2.9
E07000066,2019-12-01,2.9
E07000066,2020-01-01,2.9
E07000066,2020-02-01,3.0
E07000066,2020-03-01,3.1
E07000066,2020-04-01,5.3
E07000066,2020-05-01,7.1
E07000066,2020-06-01,6.7
E07000066,2020-07-01,6.8
E07000066,2020-08-01,7.1
E07000066,2020-09-01,6.9
E07000066,2020-10-01,6.6
E07000066,2020-11-01,6.6
E07000066,2020-12-01,6.7
E07000066,2021-01-01,6.4
E07000066,2021-02-01,6.9
E07000066,2021-03-01,6.8
E07000066,2021-04-01,6.8
E07000066,2021-05-01,6.2
E07000066,2021-06-01,5.6
E07000066,2021-07-01,5.4
E07000066,2021-08-01,5.2
E07000066,2021-09-01,4.8
E07000066,2021-10-01,4.6
E07000066,2021-11-01,4.4
E07000066,2021-12-01,4.2
E07000066,2022-01-01,4.0
E07000066,2022-02-01,4.1
E07000066,2022-03-01,3.9
E07000066,2022-04-01,3.7
E07000066,2022-05-01,3.7
E07000066,2022-06-01,3.6
E07000066,2022-07-01,3.6
E07000066,2022-08-01,3.5
E07000066,2022-09-01,3.5
E07000066,2022-10-01,3.4
E07000066,2022-11-01,3.5
E07000066,2022-12-01,3.4
E07000066,2023-01-01,3.3
E07000066,2023-02-01,3.4
E07000066,2023-03-01,3.4
E07000066,2023-04-01,3.5
E07000066,2023-05-01,3.4
E07000066,2023-06-01,3.5
E07000066,2023-07-01,3.5
E07000066,2023-08-01,3.4
E07000066,2023-09-01,3.4
E07000066,2023-10-01,3.4
E07000066,2023-11-01,3.5
E07000066,2023-12-01,3.5
E07000066,2024-01-01,3.4
E07000066,2024-02-01,3.5
E07000066,2024-03-01,3.6
E07000066,2024-04-01,3.5
E07000066,2024-05-01,3.5
E07000066,2024-06-01,3.7
E07000066,2024-07-01,4.0
E07000066,2024-08-01,3.9
E07000066,2024-09-01,3.9
E07000066,2024-10-01,3.9
E07000066,2024-11-01,3.8
E07000066,2024-12-01,3.8
E07000066,2025-01-01,3.9
E07000066,2025-02-01,4.0
E07000066,2025-03-01,4.0
E07000066,2025-04-01,3.8
E07000066,2025-05-01,3.8
E07000066,2025-06-01,3.9
E07000066,2025-07-01,3.8
E07000066,2025-08-01,3.8
E07000066,2025-09-01,3.8
E07000066,2025-10-01,3.7
E07000066,2025-11-01,3.7
E07000066,2025-12-01,3.7
E07000066,2026-01-01,3.7
E07000066,2026-02-01,3.9
E07000067,2018-01-01,1.1
E07000067,2018-02-01,1.2
E07000067,2018-03-01,1.3
E07000067,2018-04-01,1.4
E07000067,2018-05-01,1.4
E07000067,2018-06-01,1.4
E07000067,2018-07-01,1.5
E07000067,2018-08-01,1.5
E07000067,2018-09-01,1.5
E07000067,2018-10-01,1.6
E07000067,2018-11-01,1.6
E07000067,2018-12-01,1.6
E07000067,2019-01-01,1.6
E07000067,2019-02-01,1.8
E07000067,2019-03-01,1.8
E07000067,2019-04-01,1.8
E07000067,2019-05-01,1.9
E07000067,2019-06-01,1.9
E07000067,2019-07-01,1.9
E07000067,2019-08-01,1.9
E07000067,2019-09-01,1.9
E07000067,2019-10-01,2.0
E07000067,2019-11-01,2.0
E07000067,2019-12-01,2.1
E07000067,2020-01-01,2.1
E07000067,2020-02-01,2.2
E07000067,2020-03-01,2.1
E07000067,2020-04-01,4.3
E07000067,2020-05-01,5.4
E07000067,2020-06-01,4.9
E07000067,2020-07-01,5.1
E07000067,2020-08-01,5.4
E07000067,2020-09-01,5.3
E07000067,2020-10-01,5.0
E07000067,2020-11-01,5.1
E07000067,2020-12-01,5.0
E07000067,2021-01-01,4.8
E07000067,2021-02-01,5.1
E07000067,2021-03-01,5.0
E07000067,2021-04-01,4.9
E07000067,2021-05-01,4.5
E07000067,2021-06-01,4.1
E07000067,2021-07-01,3.9
E07000067,2021-08-01,3.8
E07000067,2021-09-01,3.5
E07000067,2021-10-01,3.3
E07000067,2021-11-01,3.2
E07000067,2021-12-01,3.1
E07000067,2022-01-01,3.0
E07000067,2022-02-01,2.9
E07000067,2022-03-01,2.8
E07000067,2022-04-01,2.6
E07000067,2022-05-01,2.4
E07000067,2022-06-01,2.4
E07000067,2022-07-01,2.4
E07000067,2022-08-01,2.5
E07000067,2022-09-01,2.5
E07000067,2022-10-01,2.4
E07000067,2022-11-01,2.5
E07000067,2022-12-01,2.5
E07000067,2023-01-01,2.4
E07000067,2023-02-01,2.5
E07000067,2023-03-01,2.5
E07000067,2023-04-01,2.6
E07000067,2023-05-01,2.5
E07000067,2023-06-01,2.6
E07000067,2023-07-01,2.5
E07000067,2023-08-01,2.5
E07000067,2023-09-01,2.6
E07000067,2023-10-01,2.5
E07000067,2023-11-01,2.6
E07000067,2023-12-01,2.6
E07000067,2024-01-01,2.5
E07000067,2024-02-01,2.7
E07000067,2024-03-01,2.7
E07000067,2024-04-01,2.7
E07000067,2024-05-01,2.6
E07000067,2024-06-01,2.6
E07000067,2024-07-01,2.9
E07000067,2024-08-01,2.9
E07000067,2024-09-01,2.9
E07000067,2024-10-01,2.8
E07000067,2024-11-01,2.7
E07000067,2024-12-01,2.6
E07000067,2025-01-01,2.6
E07000067,2025-02-01,2.7
E07000067,2025-03-01,2.7
E07000067,2025-04-01,2.5
E07000067,2025-05-01,2.5
E07000067,2025-06-01,2.5
E07000067,2025-07-01,2.5
E07000067,2025-08-01,2.5
E07000067,2025-09-01,2.5
E07000067,2025-10-01,2.6
E07000067,2025-11-01,2.5
E07000067,2025-12-01,2.5
E07000067,2026-01-01,2.6
E07000067,2026-02-01,2.7
E07000068,2018-01-01,0.8
E07000068,2018-02-01,1.0
E07000068,2018-03-01,1.0
E07000068,2018-04-01,1.2
E07000068,2018-05-01,1.1
E07000068,2018-06-01,1.2
E07000068,2018-07-01,1.2
E07000068,2018-08-01,1.2
E07000068,2018-09-01,1.3
E07000068,2018-10-01,1.3
E07000068,2018-11-01,1.4
E07000068,2018-12-01,1.4
E07000068,2019-01-01,1.4
E07000068,2019-02-01,1.5
E07000068,2019-03-01,1.5
E07000068,2019-04-01,1.5
E07000068,2019-05-01,1.5
E07000068,2019-06-01,1.5
E07000068,2019-07-01,1.6
E07000068,2019-08-01,1.5
E07000068,2019-09-01,1.5
E07000068,2019-10-01,1.5
E07000068,2019-11-01,1.5
E07000068,2019-12-01,1.6
E07000068,2020-01-01,1.6
E07000068,2020-02-01,1.7
E07000068,2020-03-01,1.7
E07000068,2020-04-01,3.4
E07000068,2020-05-01,5.2
E07000068,2020-06-01,4.8
E07000068,2020-07-01,4.9
E07000068,2020-08-01,5.2
E07000068,2020-09-01,5.1
E07000068,2020-10-01,4.8
E07000068,2020-11-01,4.8
E07000068,2020-12-01,4.9
E07000068,2021-01-01,4.7
E07000068,2021-02-01,5.0
E07000068,2021-03-01,5.0
E07000068,2021-04-01,4.9
E07000068,2021-05-01,4.6
E07000068,2021-06-01,4.1
E07000068,2021-07-01,4.0
E07000068,2021-08-01,3.9
E07000068,2021-09-01,3.5
E07000068,2021-10-01,3.4
E07000068,2021-11-01,3.1
E07000068,2021-12-01,3.1
E07000068,2022-01-01,3.0
E07000068,2022-02-01,3.1
E07000068,2022-03-01,2.8
E07000068,2022-04-01,2.6
E07000068,2022-05-01,2.5
E07000068,2022-06-01,2.5
E07000068,2022-07-01,2.4
E07000068,2022-08-01,2.4
E07000068,2022-09-01,2.4
E07000068,2022-10-01,2.3
E07000068,2022-11-01,2.3
E07000068,2022-12-01,2.2
E07000068,2023-01-01,2.2
E07000068,2023-02-01,2.3
E07000068,2023-03-01,2.3
E07000068,2023-04-01,2.4
E07000068,2023-05-01,2.3
E07000068,2023-06-01,2.3
E07000068,2023-07-01,2.3
E07000068,2023-08-01,2.3
E07000068,2023-09-01,2.3
E07000068,2023-10-01,2.4
E07000068,2023-11-01,2.5
E07000068,2023-12-01,2.4
E07000068,2024-01-01,2.4
E07000068,2024-02-01,2.5
E07000068,2024-03-01,2.4
E07000068,2024-04-01,2.3
E07000068,2024-05-01,2.3
E07000068,2024-06-01,2.4
E07000068,2024-07-01,2.6
E07000068,2024-08-01,2.5
E07000068,2024-09-01,2.5
E07000068,2024-10-01,2.5
E07000068,2024-11-01,2.5
E07000068,2024-12-01,2.4
E07000068,2025-01-01,2.4
E07000068,2025-02-01,2.5
E07000068,2025-03-01,2.6
E07000068,2025-04-01,2.5
E07000068,2025-05-01,2.5
E07000068,2025-06-01,2.6
E07000068,2025-07-01,2.5
E07000068,2025-08-01,2.5
E07000068,2025-09-01,2.5
E07000068,2025-10-01,2.4
E07000068,2025-11-01,2.4
E07000068,2025-12-01,2.5
E07000068,2026-01-01,2.5
E07000068,2026-02-01,2.6
E07000069,2018-01-01,1.0
E07000069,2018-02-01,1.1
E07000069,2018-03-01,1.1
E07000069,2018-04-01,1.1
E07000069,2018-05-01,1.1
E07000069,2018-06-01,1.0
E07000069,2018-07-01,1.0
E07000069,2018-08-01,1.0
E07000069,2018-09-01,1.0
E07000069,2018-10-01,1.2
E07000069,2018-11-01,1.3
E07000069,2018-12-01,1.4
E07000069,2019-01-01,1.5
E07000069,2019-02-01,1.6
E07000069,2019-03-01,1.7
E07000069,2019-04-01,1.8
E07000069,2019-05-01,1.7
E07000069,2019-06-01,1.7
E07000069,2019-07-01,1.7
E07000069,2019-08-01,1.7
E07000069,2019-09-01,1.7
E07000069,2019-10-01,1.8
E07000069,2019-11-01,1.8
E07000069,2019-12-01,1.8
E07000069,2020-01-01,1.8
E07000069,2020-02-01,1.9
E07000069,2020-03-01,2.0
E07000069,2020-04-01,4.4
E07000069,2020-05-01,6.4
E07000069,2020-06-01,5.7
E07000069,2020-07-01,5.8
E07000069,2020-08-01,5.9
E07000069,2020-09-01,5.7
E07000069,2020-10-01,5.3
E07000069,2020-11-01,5.3
E07000069,2020-12-01,5.3
E07000069,2021-01-01,5.1
E07000069,2021-02-01,5.4
E07000069,2021-03-01,5.3
E07000069,2021-04-01,5.2
E07000069,2021-05-01,4.7
E07000069,2021-06-01,4.2
E07000069,2021-07-01,4.0
E07000069,2021-08-01,3.7
E07000069,2021-09-01,3.4
E07000069,2021-10-01,3.2
E07000069,2021-11-01,3.1
E07000069,2021-12-01,3.0
E07000069,2022-01-01,2.9
E07000069,2022-02-01,2.9
E07000069,2022-03-01,2.7
E07000069,2022-04-01,2.5
E07000069,2022-05-01,2.4
E07000069,2022-06-01,2.4
E07000069,2022-07-01,2.3
E07000069,2022-08-01,2.2
E07000069,2022-09-01,2.2
E07000069,2022-10-01,2.2
E07000069,2022-11-01,2.2
E07000069,2022-12-01,2.2
E07000069,2023-01-01,2.2
E07000069,2023-02-01,2.2
E07000069,2023-03-01,2.3
E07000069,2023-04-01,2.3
E07000069,2023-05-01,2.3
E07000069,2023-06-01,2.3
E07000069,2023-07-01,2.3
E07000069,2023-08-01,2.2
E07000069,2023-09-01,2.3
E07000069,2023-10-01,2.3
E07000069,2023-11-01,2.3
E07000069,2023-12-01,2.3
E07000069,2024-01-01,2.3
E07000069,2024-02-01,2.3
E07000069,2024-03-01,2.4
E07000069,2024-04-01,2.3
E07000069,2024-05-01,2.3
E07000069,2024-06-01,2.3
E07000069,2024-07-01,2.6
E07000069,2024-08-01,2.6
E07000069,2024-09-01,2.6
E07000069,2024-10-01,2.6
E07000069,2024-11-01,2.5
E07000069,2024-12-01,2.5
E07000069,2025-01-01,2.5
E07000069,2025-02-01,2.6
E07000069,2025-03-01,2.6
E07000069,2025-04-01,2.5
E07000069,2025-05-01,2.5
E07000069,2025-06-01,2.5
E07000069,2025-07-01,2.4
E07000069,2025-08-01,2.4
E07000069,2025-09-01,2.4
E07000069,2025-10-01,2.4
E07000069,2025-11-01,2.4
E07000069,2025-12-01,2.4
E07000069,2026-01-01,2.4
E07000069,2026-02-01,2.5
E07000070,2018-01-01,1.0
E07000070,2018-02-01,1.1
E07000070,2018-03-01,1.1
E07000070,2018-04-01,1.1
E07000070,2018-05-01,1.1
E07000070,2018-06-01,1.0
E07000070,2018-07-01,1.1
E07000070,2018-08-01,1.1
E07000070,2018-09-01,1.1
E07000070,2018-10-01,1.1
E07000070,2018-11-01,1.1
E07000070,2018-12-01,1.1
E07000070,2019-01-01,1.1
E07000070,2019-02-01,1.3
E07000070,2019-03-01,1.3
E07000070,2019-04-01,1.4
E07000070,2019-05-01,1.4
E07000070,2019-06-01,1.5
E07000070,2019-07-01,1.6
E07000070,2019-08-01,1.6
E07000070,2019-09-01,1.6
E07000070,2019-10-01,1.7
E07000070,2019-11-01,1.7
E07000070,2019-12-01,1.7
E07000070,2020-01-01,1.7
E07000070,2020-02-01,1.8
E07000070,2020-03-01,1.9
E07000070,2020-04-01,3.1
E07000070,2020-05-01,4.8
E07000070,2020-06-01,4.7
E07000070,2020-07-01,4.8
E07000070,2020-08-01,4.8
E07000070,2020-09-01,4.8
E07000070,2020-10-01,4.5
E07000070,2020-11-01,4.6
E07000070,2020-12-01,4.6
E07000070,2021-01-01,4.4
E07000070,2021-02-01,4.5
E07000070,2021-03-01,4.5
E07000070,2021-04-01,4.4
E07000070,2021-05-01,4.0
E07000070,2021-06-01,3.7
E07000070,2021-07-01,3.5
E07000070,2021-08-01,3.3
E07000070,2021-09-01,3.2
E07000070,2021-10-01,3.1
E07000070,2021-11-01,3.0
E07000070,2021-12-01,2.9
E07000070,2022-01-01,2.8
E07000070,2022-02-01,2.8
E07000070,2022-03-01,2.6
E07000070,2022-04-01,2.5
E07000070,2022-05-01,2.4
E07000070,2022-06-01,2.3
E07000070,2022-07-01,2.4
E07000070,2022-08-01,2.3
E07000070,2022-09-01,2.2
E07000070,2022-10-01,2.2
E07000070,2022-11-01,2.2
E07000070,2022-12-01,2.2
E07000070,2023-01-01,2.1
E07000070,2023-02-01,2.2
E07000070,2023-03-01,2.3
E07000070,2023-04-01,2.3
E07000070,2023-05-01,2.2
E07000070,2023-06-01,2.3
E07000070,2023-07-01,2.2
E07000070,2023-08-01,2.2
E07000070,2023-09-01,2.3
E07000070,2023-10-01,2.3
E07000070,2023-11-01,2.3
E07000070,2023-12-01,2.3
E07000070,2024-01-01,2.3
E07000070,2024-02-01,2.4
E07000070,2024-03-01,2.3
E07000070,2024-04-01,2.4
E07000070,2024-05-01,2.4
E07000070,2024-06-01,2.5
E07000070,2024-07-01,2.6
E07000070,2024-08-01,2.7
E07000070,2024-09-01,2.7
E07000070,2024-10-01,2.7
E07000070,2024-11-01,2.6
E07000070,2024-12-01,2.6
E07000070,2025-01-01,2.6
E07000070,2025-02-01,2.7
E07000070,2025-03-01,2.7
E07000070,2025-04-01,2.7
E07000070,2025-05-01,2.6
E07000070,2025-06-01,2.7
E07000070,2025-07-01,2.5
E07000070,2025-08-01,2.6
E07000070,2025-09-01,2.6
E07000070,2025-10-01,2.6
E07000070,2025-11-01,2.5
E07000070,2025-12-01,2.5
E07000070,2026-01-01,2.6
E07000070,2026-02-01,2.7
E07000071,2018-01-01,1.1
E07000071,2018-02-01,1.2
E07000071,2018-03-01,1.2
E07000071,2018-04-01,1.2
E07000071,2018-05-01,1.2
E07000071,2018-06-01,1.2
E07000071,2018-07-01,1.1
E07000071,2018-08-01,1.1
E07000071,2018-09-01,1.2
E07000071,2018-10-01,1.4
E07000071,2018-11-01,1.5
E07000071,2018-12-01,1.6
E07000071,2019-01-01,1.7
E07000071,2019-02-01,1.7
E07000071,2019-03-01,1.8
E07000071,2019-04-01,1.8
E07000071,2019-05-01,1.9
E07000071,2019-06-01,1.9
E07000071,2019-07-01,1.9
E07000071,2019-08-01,1.9
E07000071,2019-09-01,1.9
E07000071,2019-10-01,2.0
E07000071,2019-11-01,2.0
E07000071,2019-12-01,2.1
E07000071,2020-01-01,2.1
E07000071,2020-02-01,2.2
E07000071,2020-03-01,2.2
E07000071,2020-04-01,4.1
E07000071,2020-05-01,5.3
E07000071,2020-06-01,5.0
E07000071,2020-07-01,5.1
E07000071,2020-08-01,5.3
E07000071,2020-09-01,5.3
E07000071,2020-10-01,5.0
E07000071,2020-11-01,5.0
E07000071,2020-12-01,5.0
E07000071,2021-01-01,4.9
E07000071,2021-02-01,5.2
E07000071,2021-03-01,5.1
E07000071,2021-04-01,5.1
E07000071,2021-05-01,4.7
E07000071,2021-06-01,4.3
E07000071,2021-07-01,4.2
E07000071,2021-08-01,4.1
E07000071,2021-09-01,3.8
E07000071,2021-10-01,3.7
E07000071,2021-11-01,3.5
E07000071,2021-12-01,3.4
E07000071,2022-01-01,3.2
E07000071,2022-02-01,3.2
E07000071,2022-03-01,3.0
E07000071,2022-04-01,2.8
E07000071,2022-05-01,2.7
E07000071,2022-06-01,2.6
E07000071,2022-07-01,2.6
E07000071,2022-08-01,2.6
E07000071,2022-09-01,2.7
E07000071,2022-10-01,2.6
E07000071,2022-11-01,2.7
E07000071,2022-12-01,2.7
E07000071,2023-01-01,2.7
E07000071,2023-02-01,2.8
E07000071,2023-03-01,2.8
E07000071,2023-04-01,2.8
E07000071,2023-05-01,2.7
E07000071,2023-06-01,2.8
E07000071,2023-07-01,2.7
E07000071,2023-08-01,2.7
E07000071,2023-09-01,2.7
E07000071,2023-10-01,2.7
E07000071,2023-11-01,2.8
E07000071,2023-12-01,2.8
E07000071,2024-01-01,2.8
E07000071,2024-02-01,2.9
E07000071,2024-03-01,2.9
E07000071,2024-04-01,2.8
E07000071,2024-05-01,2.9
E07000071,2024-06-01,3.0
E07000071,2024-07-01,3.2
E07000071,2024-08-01,3.2
E07000071,2024-09-01,3.3
E07000071,2024-10-01,3.2
E07000071,2024-11-01,3.1
E07000071,2024-12-01,3.1
E07000071,2025-01-01,3.1
E07000071,2025-02-01,3.2
E07000071,2025-03-01,3.2
E07000071,2025-04-01,3.1
E07000071,2025-05-01,3.1
E07000071,2025-06-01,3.1
E07000071,2025-07-01,3.0
E07000071,2025-08-01,3.0
E07000071,2025-09-01,3.0
E07000071,2025-10-01,3.0
E07000071,2025-11-01,3.0
E07000071,2025-12-01,3.0
E07000071,2026-01-01,3.1
E07000071,2026-02-01,3.2
E07000072,2018-01-01,1.2
E07000072,2018-02-01,1.2
E07000072,2018-03-01,1.2
E07000072,2018-04-01,1.2
E07000072,2018-05-01,1.2
E07000072,2018-06-01,1.2
E07000072,2018-07-01,1.2
E07000072,2018-08-01,1.1
E07000072,2018-09-01,1.1
E07000072,2018-10-01,1.2
E07000072,2018-11-01,1.2
E07000072,2018-12-01,1.1
E07000072,2019-01-01,1.2
E07000072,2019-02-01,1.3
E07000072,2019-03-01,1.4
E07000072,2019-04-01,1.5
E07000072,2019-05-01,1.6
E07000072,2019-06-01,1.6
E07000072,2019-07-01,1.6
E07000072,2019-08-01,1.6
E07000072,2019-09-01,1.7
E07000072,2019-10-01,1.7
E07000072,2019-11-01,1.7
E07000072,2019-12-01,1.7
E07000072,2020-01-01,1.7
E07000072,2020-02-01,1.8
E07000072,2020-03-01,1.8
E07000072,2020-04-01,3.4
E07000072,2020-05-01,5.9
E07000072,2020-06-01,5.5
E07000072,2020-07-01,5.6
E07000072,2020-08-01,6.0
E07000072,2020-09-01,5.8
E07000072,2020-10-01,5.5
E07000072,2020-11-01,5.7
E07000072,2020-12-01,5.7
E07000072,2021-01-01,5.6
E07000072,2021-02-01,5.9
E07000072,2021-03-01,5.8
E07000072,2021-04-01,5.7
E07000072,2021-05-01,5.2
E07000072,2021-06-01,4.6
E07000072,2021-07-01,4.4
E07000072,2021-08-01,4.2
E07000072,2021-09-01,3.9
E07000072,2021-10-01,3.7
E07000072,2021-11-01,3.6
E07000072,2021-12-01,3.5
E07000072,2022-01-01,3.4
E07000072,2022-02-01,3.4
E07000072,2022-03-01,3.2
E07000072,2022-04-01,2.9
E07000072,2022-05-01,2.9
E07000072,2022-06-01,2.7
E07000072,2022-07-01,2.6
E07000072,2022-08-01,2.6
E07000072,2022-09-01,2.7
E07000072,2022-10-01,2.6
E07000072,2022-11-01,2.7
E07000072,2022-12-01,2.7
E07000072,2023-01-01,2.6
E07000072,2023-02-01,2.6
E07000072,2023-03-01,2.6
E07000072,2023-04-01,2.6
E07000072,2023-05-01,2.5
E07000072,2023-06-01,2.5
E07000072,2023-07-01,2.6
E07000072,2023-08-01,2.5
E07000072,2023-09-01,2.5
E07000072,2023-10-01,2.6
E07000072,2023-11-01,2.7
E07000072,2023-12-01,2.7
E07000072,2024-01-01,2.8
E07000072,2024-02-01,2.8
E07000072,2024-03-01,2.9
E07000072,2024-04-01,2.8
E07000072,2024-05-01,2.9
E07000072,2024-06-01,2.9
E07000072,2024-07-01,3.2
E07000072,2024-08-01,3.1
E07000072,2024-09-01,3.0
E07000072,2024-10-01,3.0
E07000072,2024-11-01,2.9
E07000072,2024-12-01,2.9
E07000072,2025-01-01,2.9
E07000072,2025-02-01,3.0
E07000072,2025-03-01,3.0
E07000072,2025-04-01,2.9
E07000072,2025-05-01,2.9
E07000072,2025-06-01,3.1
E07000072,2025-07-01,3.0
E07000072,2025-08-01,2.9
E07000072,2025-09-01,3.0
E07000072,2025-10-01,2.9
E07000072,2025-11-01,2.9
E07000072,2025-12-01,2.9
E07000072,2026-01-01,2.9
E07000072,2026-02-01,3.0
E07000073,2018-01-01,2.1
E07000073,2018-02-01,2.3
E07000073,2018-03-01,2.4
E07000073,2018-04-01,2.7
E07000073,2018-05-01,2.6
E07000073,2018-06-01,2.6
E07000073,2018-07-01,2.7
E07000073,2018-08-01,2.8
E07000073,2018-09-01,2.9
E07000073,2018-10-01,2.9
E07000073,2018-11-01,3.0
E07000073,2018-12-01,3.0
E07000073,2019-01-01,3.1
E07000073,2019-02-01,3.2
E07000073,2019-03-01,3.2
E07000073,2019-04-01,3.2
E07000073,2019-05-01,3.2
E07000073,2019-06-01,3.3
E07000073,2019-07-01,3.2
E07000073,2019-08-01,3.2
E07000073,2019-09-01,3.2
E07000073,2019-10-01,3.3
E07000073,2019-11-01,3.3
E07000073,2019-12-01,3.2
E07000073,2020-01-01,3.3
E07000073,2020-02-01,3.4
E07000073,2020-03-01,3.5
E07000073,2020-04-01,6.0
E07000073,2020-05-01,8.0
E07000073,2020-06-01,7.4
E07000073,2020-07-01,7.5
E07000073,2020-08-01,7.6
E07000073,2020-09-01,7.4
E07000073,2020-10-01,7.2
E07000073,2020-11-01,7.2
E07000073,2020-12-01,7.3
E07000073,2021-01-01,7.2
E07000073,2021-02-01,7.6
E07000073,2021-03-01,7.6
E07000073,2021-04-01,7.5
E07000073,2021-05-01,6.8
E07000073,2021-06-01,6.2
E07000073,2021-07-01,6.2
E07000073,2021-08-01,6.0
E07000073,2021-09-01,5.6
E07000073,2021-10-01,5.5
E07000073,2021-11-01,5.3
E07000073,2021-12-01,5.1
E07000073,2022-01-01,5.1
E07000073,2022-02-01,5.1
E07000073,2022-03-01,4.9
E07000073,2022-04-01,4.5
E07000073,2022-05-01,4.4
E07000073,2022-06-01,4.2
E07000073,2022-07-01,4.1
E07000073,2022-08-01,4.2
E07000073,2022-09-01,4.2
E07000073,2022-10-01,4.1
E07000073,2022-11-01,4.0
E07000073,2022-12-01,3.9
E07000073,2023-01-01,3.9
E07000073,2023-02-01,3.8
E07000073,2023-03-01,4.0
E07000073,2023-04-01,4.1
E07000073,2023-05-01,4.0
E07000073,2023-06-01,4.1
E07000073,2023-07-01,4.1
E07000073,2023-08-01,4.3
E07000073,2023-09-01,4.2
E07000073,2023-10-01,4.3
E07000073,2023-11-01,4.4
E07000073,2023-12-01,4.5
E07000073,2024-01-01,4.4
E07000073,2024-02-01,4.5
E07000073,2024-03-01,4.5
E07000073,2024-04-01,4.5
E07000073,2024-05-01,4.5
E07000073,2024-06-01,4.5
E07000073,2024-07-01,4.8
E07000073,2024-08-01,4.8
E07000073,2024-09-01,4.7
E07000073,2024-10-01,4.6
E07000073,2024-11-01,4.4
E07000073,2024-12-01,4.4
E07000073,2025-01-01,4.4
E07000073,2025-02-01,4.5
E07000073,2025-03-01,4.5
E07000073,2025-04-01,4.4
E07000073,2025-05-01,4.4
E07000073,2025-06-01,4.4
E07000073,2025-07-01,4.2
E07000073,2025-08-01,4.3
E07000073,2025-09-01,4.3
E07000073,2025-10-01,4.3
E07000073,2025-11-01,4.4
E07000073,2025-12-01,4.2
E07000073,2026-01-01,4.3
E07000073,2026-02-01,4.6
E07000074,2018-01-01,1.0
E07000074,2018-02-01,1.0
E07000074,2018-03-01,1.1
E07000074,2018-04-01,1.0
E07000074,2018-05-01,1
E07000074,2018-06-01,1.0
E07000074,2018-07-01,0.9
E07000074,2018-08-01,0.9
E07000074,2018-09-01,0.9
E07000074,2018-10-01,0.9
E07000074,2018-11-01,0.9
E07000074,2018-12-01,0.9
E07000074,2019-01-01,0.9
E07000074,2019-02-01,1.0
E07000074,2019-03-01,1.0
E07000074,2019-04-01,1.1
E07000074,2019-05-01,1.2
E07000074,2019-06-01,1.3
E07000074,2019-07-01,1.3
E07000074,2019-08-01,1.4
E07000074,2019-09-01,1.5
E07000074,2019-10-01,1.5
E07000074,2019-11-01,1.6
E07000074,2019-12-01,1.6
E07000074,2020-01-01,1.6
E07000074,2020-02-01,1.8
E07000074,2020-03-01,1.8
E07000074,2020-04-01,3.2
E07000074,2020-05-01,5.3
E07000074,2020-06-01,4.8
E07000074,2020-07-01,4.9
E07000074,2020-08-01,5.1
E07000074,2020-09-01,5.0
E07000074,2020-10-01,4.7
E07000074,2020-11-01,4.7
E07000074,2020-12-01,4.7
E07000074,2021-01-01,4.4
E07000074,2021-02-01,4.6
E07000074,2021-03-01,4.6
E07000074,2021-04-01,4.6
E07000074,2021-05-01,4.2
E07000074,2021-06-01,3.7
E07000074,2021-07-01,3.6
E07000074,2021-08-01,3.5
E07000074,2021-09-01,3.2
E07000074,2021-10-01,3.0
E07000074,2021-11-01,3.0
E07000074,2021-12-01,3.0
E07000074,2022-01-01,2.9
E07000074,2022-02-01,2.8
E07000074,2022-03-01,2.6
E07000074,2022-04-01,2.4
E07000074,2022-05-01,2.3
E07000074,2022-06-01,2.2
E07000074,2022-07-01,2.2
E07000074,2022-08-01,2.2
E07000074,2022-09-01,2.2
E07000074,2022-10-01,2.1
E07000074,2022-11-01,2.1
E07000074,2022-12-01,2.1
E07000074,2023-01-01,2.0
E07000074,2023-02-01,2.0
E07000074,2023-03-01,2.1
E07000074,2023-04-01,2.2
E07000074,2023-05-01,2.2
E07000074,2023-06-01,2.2
E07000074,2023-07-01,2.1
E07000074,2023-08-01,2.1
E07000074,2023-09-01,2.2
E07000074,2023-10-01,2.2
E07000074,2023-11-01,2.2
E07000074,2023-12-01,2.2
E07000074,2024-01-01,2.3
E07000074,2024-02-01,2.3
E07000074,2024-03-01,2.3
E07000074,2024-04-01,2.3
E07000074,2024-05-01,2.3
E07000074,2024-06-01,2.4
E07000074,2024-07-01,2.6
E07000074,2024-08-01,2.6
E07000074,2024-09-01,2.6
E07000074,2024-10-01,2.6
E07000074,2024-11-01,2.6
E07000074,2024-12-01,2.5
E07000074,2025-01-01,2.5
E07000074,2025-02-01,2.6
E07000074,2025-03-01,2.6
E07000074,2025-04-01,2.6
E07000074,2025-05-01,2.4
E07000074,2025-06-01,2.4
E07000074,2025-07-01,2.4
E07000074,2025-08-01,2.4
E07000074,2025-09-01,2.4
E07000074,2025-10-01,2.3
E07000074,2025-11-01,2.3
E07000074,2025-12-01,2.3
E07000074,2026-01-01,2.4
E07000074,2026-02-01,2.4
E07000075,2018-01-01,0.8
E07000075,2018-02-01,0.9
E07000075,2018-03-01,0.9
E07000075,2018-04-01,0.9
E07000075,2018-05-01,0.9
E07000075,2018-06-01,0.9
E07000075,2018-07-01,0.9
E07000075,2018-08-01,0.9
E07000075,2018-09-01,0.9
E07000075,2018-10-01,1.0
E07000075,2018-11-01,1.1
E07000075,2018-12-01,1.1
E07000075,2019-01-01,1.2
E07000075,2019-02-01,1.3
E07000075,2019-03-01,1.4
E07000075,2019-04-01,1.4
E07000075,2019-05-01,1.4
E07000075,2019-06-01,1.4
E07000075,2019-07-01,1.4
E07000075,2019-08-01,1.5
E07000075,2019-09-01,1.4
E07000075,2019-10-01,1.5
E07000075,2019-11-01,1.6
E07000075,2019-12-01,1.6
E07000075,2020-01-01,1.6
E07000075,2020-02-01,1.7
E07000075,2020-03-01,1.7
E07000075,2020-04-01,3.5
E07000075,2020-05-01,5.0
E07000075,2020-06-01,4.7
E07000075,2020-07-01,4.7
E07000075,2020-08-01,4.8
E07000075,2020-09-01,4.7
E07000075,2020-10-01,4.5
E07000075,2020-11-01,4.6
E07000075,2020-12-01,4.6
E07000075,2021-01-01,4.2
E07000075,2021-02-01,4.6
E07000075,2021-03-01,4.6
E07000075,2021-04-01,4.4
E07000075,2021-05-01,3.9
E07000075,2021-06-01,3.5
E07000075,2021-07-01,3.4
E07000075,2021-08-01,3.3
E07000075,2021-09-01,3.0
E07000075,2021-10-01,2.9
E07000075,2021-11-01,2.8
E07000075,2021-12-01,2.7
E07000075,2022-01-01,2.5
E07000075,2022-02-01,2.6
E07000075,2022-03-01,2.4
E07000075,2022-04-01,2.3
E07000075,2022-05-01,2.2
E07000075,2022-06-01,2.1
E07000075,2022-07-01,2.1
E07000075,2022-08-01,2.1
E07000075,2022-09-01,2.0
E07000075,2022-10-01,2.0
E07000075,2022-11-01,2.0
E07000075,2022-12-01,2.0
E07000075,2023-01-01,2.0
E07000075,2023-02-01,2.0
E07000075,2023-03-01,2.0
E07000075,2023-04-01,2.1
E07000075,2023-05-01,2.0
E07000075,2023-06-01,2.0
E07000075,2023-07-01,2.0
E07000075,2023-08-01,2.0
E07000075,2023-09-01,1.9
E07000075,2023-10-01,1.9
E07000075,2023-11-01,1.9
E07000075,2023-12-01,2.0
E07000075,2024-01-01,2.0
E07000075,2024-02-01,2.1
E07000075,2024-03-01,2.2
E07000075,2024-04-01,2.1
E07000075,2024-05-01,2.2
E07000075,2024-06-01,2.1
E07000075,2024-07-01,2.3
E07000075,2024-08-01,2.2
E07000075,2024-09-01,2.3
E07000075,2024-10-01,2.3
E07000075,2024-11-01,2.3
E07000075,2024-12-01,2.3
E07000075,2025-01-01,2.3
E07000075,2025-02-01,2.4
E07000075,2025-03-01,2.3
E07000075,2025-04-01,2.2
E07000075,2025-05-01,2.2
E07000075,2025-06-01,2.3
E07000075,2025-07-01,2.2
E07000075,2025-08-01,2.2
E07000075,2025-09-01,2.2
E07000075,2025-10-01,2.2
E07000075,2025-11-01,2.2
E07000075,2025-12-01,2.2
E07000075,2026-01-01,2.2
E07000075,2026-02-01,2.3
E07000076,2018-01-01,2.8
E07000076,2018-02-01,2.8
E07000076,2018-03-01,2.8
E07000076,2018-04-01,2.8
E07000076,2018-05-01,2.7
E07000076,2018-06-01,2.6
E07000076,2018-07-01,2.6
E07000076,2018-08-01,2.6
E07000076,2018-09-01,2.7
E07000076,2018-10-01,2.9
E07000076,2018-11-01,3.2
E07000076,2018-12-01,3.5
E07000076,2019-01-01,3.7
E07000076,2019-02-01,3.9
E07000076,2019-03-01,4.0
E07000076,2019-04-01,4.0
E07000076,2019-05-01,4.0
E07000076,2019-06-01,4.0
E07000076,2019-07-01,3.9
E07000076,2019-08-01,3.9
E07000076,2019-09-01,3.9
E07000076,2019-10-01,4.0
E07000076,2019-11-01,4.1
E07000076,2019-12-01,4.2
E07000076,2020-01-01,4.3
E07000076,2020-02-01,4.6
E07000076,2020-03-01,4.6
E07000076,2020-04-01,7.7
E07000076,2020-05-01,8.4
E07000076,2020-06-01,7.9
E07000076,2020-07-01,8.1
E07000076,2020-08-01,8.2
E07000076,2020-09-01,8.0
E07000076,2020-10-01,7.6
E07000076,2020-11-01,7.9
E07000076,2020-12-01,8.0
E07000076,2021-01-01,7.6
E07000076,2021-02-01,8.0
E07000076,2021-03-01,7.8
E07000076,2021-04-01,7.7
E07000076,2021-05-01,7.0
E07000076,2021-06-01,6.3
E07000076,2021-07-01,6.1
E07000076,2021-08-01,5.9
E07000076,2021-09-01,5.6
E07000076,2021-10-01,5.3
E07000076,2021-11-01,5.3
E07000076,2021-12-01,5.2
E07000076,2022-01-01,5.2
E07000076,2022-02-01,5.1
E07000076,2022-03-01,4.9
E07000076,2022-04-01,4.4
E07000076,2022-05-01,4.2
E07000076,2022-06-01,4.0
E07000076,2022-07-01,4.0
E07000076,2022-08-01,4.0
E07000076,2022-09-01,3.8
E07000076,2022-10-01,3.9
E07000076,2022-11-01,4.0
E07000076,2022-12-01,4.0
E07000076,2023-01-01,4.0
E07000076,2023-02-01,4.0
E07000076,2023-03-01,4.0
E07000076,2023-04-01,4.1
E07000076,2023-05-01,3.9
E07000076,2023-06-01,3.8
E07000076,2023-07-01,3.8
E07000076,2023-08-01,3.7
E07000076,2023-09-01,3.7
E07000076,2023-10-01,3.7
E07000076,2023-11-01,3.9
E07000076,2023-12-01,3.9
E07000076,2024-01-01,3.9
E07000076,2024-02-01,4.0
E07000076,2024-03-01,3.9
E07000076,2024-04-01,3.8
E07000076,2024-05-01,3.7
E07000076,2024-06-01,3.8
E07000076,2024-07-01,4.0
E07000076,2024-08-01,4.2
E07000076,2024-09-01,4.1
E07000076,2024-10-01,4.1
E07000076,2024-11-01,4.1
E07000076,2024-12-01,4.1
E07000076,2025-01-01,4.2
E07000076,2025-02-01,4.4
E07000076,2025-03-01,4.4
E07000076,2025-04-01,4.2
E07000076,2025-05-01,4.0
E07000076,2025-06-01,3.9
E07000076,2025-07-01,3.8
E07000076,2025-08-01,3.8
E07000076,2025-09-01,3.8
E07000076,2025-10-01,3.8
E07000076,2025-11-01,4.0
E07000076,2025-12-01,4.0
E07000076,2026-01-01,4.2
E07000076,2026-02-01,4.3
E07000077,2018-01-01,0.5
E07000077,2018-02-01,0.6
E07000077,2018-03-01,0.6
E07000077,2018-04-01,0.7
E07000077,2018-05-01,0.7
E07000077,2018-06-01,0.7
E07000077,2018-07-01,0.7
E07000077,2018-08-01,0.8
E07000077,2018-09-01,0.8
E07000077,2018-10-01,0.8
E07000077,2018-11-01,0.8
E07000077,2018-12-01,0.8
E07000077,2019-01-01,0.9
E07000077,2019-02-01,0.9
E07000077,2019-03-01,1.0
E07000077,2019-04-01,0.9
E07000077,2019-05-01,1.0
E07000077,2019-06-01,1.0
E07000077,2019-07-01,1.0
E07000077,2019-08-01,1.0
E07000077,2019-09-01,1.0
E07000077,2019-10-01,1.1
E07000077,2019-11-01,1.1
E07000077,2019-12-01,1.2
E07000077,2020-01-01,1.1
E07000077,2020-02-01,1.2
E07000077,2020-03-01,1.2
E07000077,2020-04-01,2.4
E07000077,2020-05-01,4.1
E07000077,2020-06-01,3.8
E07000077,2020-07-01,3.9
E07000077,2020-08-01,4.1
E07000077,2020-09-01,4.0
E07000077,2020-10-01,3.7
E07000077,2020-11-01,3.8
E07000077,2020-12-01,3.9
E07000077,2021-01-01,3.7
E07000077,2021-02-01,3.9
E07000077,2021-03-01,3.8
E07000077,2021-04-01,3.8
E07000077,2021-05-01,3.4
E07000077,2021-06-01,3.1
E07000077,2021-07-01,3.1
E07000077,2021-08-01,2.9
E07000077,2021-09-01,2.6
E07000077,2021-10-01,2.4
E07000077,2021-11-01,2.3
E07000077,2021-12-01,2.2
E07000077,2022-01-01,2.1
E07000077,2022-02-01,2.0
E07000077,2022-03-01,1.9
E07000077,2022-04-01,1.8
E07000077,2022-05-01,1.7
E07000077,2022-06-01,1.7
E07000077,2022-07-01,1.7
E07000077,2022-08-01,1.7
E07000077,2022-09-01,1.7
E07000077,2022-10-01,1.7
E07000077,2022-11-01,1.7
E07000077,2022-12-01,1.7
E07000077,2023-01-01,1.7
E07000077,2023-02-01,1.7
E07000077,2023-03-01,1.7
E07000077,2023-04-01,1.7
E07000077,2023-05-01,1.7
E07000077,2023-06-01,1.7
E07000077,2023-07-01,1.7
E07000077,2023-08-01,1.7
E07000077,2023-09-01,1.7
E07000077,2023-10-01,1.7
E07000077,2023-11-01,1.8
E07000077,2023-12-01,1.8
E07000077,2024-01-01,1.8
E07000077,2024-02-01,1.9
E07000077,2024-03-01,2.0
E07000077,2024-04-01,1.9
E07000077,2024-05-01,2.0
E07000077,2024-06-01,2.0
E07000077,2024-07-01,2.0
E07000077,2024-08-01,2.1
E07000077,2024-09-01,2.0
E07000077,2024-10-01,2.0
E07000077,2024-11-01,2.0
E07000077,2024-12-01,2.0
E07000077,2025-01-01,2.0
E07000077,2025-02-01,2.0
E07000077,2025-03-01,2.0
E07000077,2025-04-01,1.9
E07000077,2025-05-01,1.9
E07000077,2025-06-01,1.9
E07000077,2025-07-01,1.9
E07000077,2025-08-01,2.0
E07000077,2025-09-01,1.9
E07000077,2025-10-01,1.9
E07000077,2025-11-01,1.8
E07000077,2025-12-01,1.9
E07000077,2026-01-01,1.9
E07000077,2026-02-01,2.0
E07000078,2018-01-01,0.9
E07000078,2018-02-01,1.0
E07000078,2018-03-01,1.1
E07000078,2018-04-01,1.3
E07000078,2018-05-01,1.2
E07000078,2018-06-01,1.3
E07000078,2018-07-01,1.4
E07000078,2018-08-01,1.4
E07000078,2018-09-01,1.5
E07000078,2018-10-01,1.5
E07000078,2018-11-01,1.5
E07000078,2018-12-01,1.5
E07000078,2019-01-01,1.6
E07000078,2019-02-01,1.7
E07000078,2019-03-01,1.7
E07000078,2019-04-01,1.7
E07000078,2019-05-01,1.8
E07000078,2019-06-01,1.8
E07000078,2019-07-01,1.8
E07000078,2019-08-01,1.8
E07000078,2019-09-01,1.8
E07000078,2019-10-01,1.9
E07000078,2019-11-01,1.9
E07000078,2019-12-01,1.9
E07000078,2020-01-01,2.1
E07000078,2020-02-01,2.2
E07000078,2020-03-01,2.2
E07000078,2020-04-01,3.5
E07000078,2020-05-01,5.0
E07000078,2020-06-01,4.8
E07000078,2020-07-01,5.1
E07000078,2020-08-01,5.2
E07000078,2020-09-01,5.0
E07000078,2020-10-01,4.8
E07000078,2020-11-01,4.9
E07000078,2020-12-01,4.8
E07000078,2021-01-01,4.7
E07000078,2021-02-01,4.9
E07000078,2021-03-01,4.9
E07000078,2021-04-01,4.8
E07000078,2021-05-01,4.3
E07000078,2021-06-01,4.0
E07000078,2021-07-01,3.9
E07000078,2021-08-01,3.7
E07000078,2021-09-01,3.5
E07000078,2021-10-01,3.4
E07000078,2021-11-01,3.3
E07000078,2021-12-01,3.1
E07000078,2022-01-01,3.0
E07000078,2022-02-01,3.0
E07000078,2022-03-01,2.8
E07000078,2022-04-01,2.6
E07000078,2022-05-01,2.5
E07000078,2022-06-01,2.4
E07000078,2022-07-01,2.3
E07000078,2022-08-01,2.3
E07000078,2022-09-01,2.4
E07000078,2022-10-01,2.3
E07000078,2022-11-01,2.2
E07000078,2022-12-01,2.3
E07000078,2023-01-01,2.3
E07000078,2023-02-01,2.3
E07000078,2023-03-01,2.4
E07000078,2023-04-01,2.5
E07000078,2023-05-01,2.4
E07000078,2023-06-01,2.4
E07000078,2023-07-01,2.5
E07000078,2023-08-01,2.5
E07000078,2023-09-01,2.5
E07000078,2023-10-01,2.5
E07000078,2023-11-01,2.6
E07000078,2023-12-01,2.6
E07000078,2024-01-01,2.6
E07000078,2024-02-01,2.7
E07000078,2024-03-01,2.7
E07000078,2024-04-01,2.6
E07000078,2024-05-01,2.6
E07000078,2024-06-01,2.6
E07000078,2024-07-01,2.9
E07000078,2024-08-01,2.9
E07000078,2024-09-01,2.9
E07000078,2024-10-01,2.8
E07000078,2024-11-01,2.7
E07000078,2024-12-01,2.7
E07000078,2025-01-01,2.7
E07000078,2025-02-01,2.9
E07000078,2025-03-01,2.9
E07000078,2025-04-01,2.8
E07000078,2025-05-01,2.7
E07000078,2025-06-01,2.7
E07000078,2025-07-01,2.8
E07000078,2025-08-01,2.8
E07000078,2025-09-01,2.8
E07000078,2025-10-01,2.7
E07000078,2025-11-01,2.7
E07000078,2025-12-01,2.6
E07000078,2026-01-01,2.6
E07000078,2026-02-01,2.8
E07000079,2018-01-01,0.6
E07000079,2018-02-01,0.7
E07000079,2018-03-01,0.8
E07000079,2018-04-01,0.9
E07000079,2018-05-01,0.9
E07000079,2018-06-01,0.9
E07000079,2018-07-01,0.9
E07000079,2018-08-01,1.0
E07000079,2018-09-01,1.0
E07000079,2018-10-01,1.0
E07000079,2018-11-01,1.1
E07000079,2018-12-01,1.1
E07000079,2019-01-01,1.2
E07000079,2019-02-01,1.3
E07000079,2019-03-01,1.3
E07000079,2019-04-01,1.3
E07000079,2019-05-01,1.3
E07000079,2019-06-01,1.2
E07000079,2019-07-01,1.2
E07000079,2019-08-01,1.2
E07000079,2019-09-01,1.3
E07000079,2019-10-01,1.3
E07000079,2019-11-01,1.4
E07000079,2019-12-01,1.3
E07000079,2020-01-01,1.4
E07000079,2020-02-01,1.4
E07000079,2020-03-01,1.4
E07000079,2020-04-01,3.1
E07000079,2020-05-01,4.3
E07000079,2020-06-01,3.9
E07000079,2020-07-01,4.1
E07000079,2020-08-01,4.2
E07000079,2020-09-01,4.1
E07000079,2020-10-01,3.6
E07000079,2020-11-01,3.6
E07000079,2020-12-01,3.5
E07000079,2021-01-01,3.3
E07000079,2021-02-01,3.6
E07000079,2021-03-01,3.6
E07000079,2021-04-01,3.5
E07000079,2021-05-01,3.2
E07000079,2021-06-01,2.8
E07000079,2021-07-01,2.8
E07000079,2021-08-01,2.7
E07000079,2021-09-01,2.4
E07000079,2021-10-01,2.4
E07000079,2021-11-01,2.3
E07000079,2021-12-01,2.3
E07000079,2022-01-01,2.2
E07000079,2022-02-01,2.2
E07000079,2022-03-01,2.1
E07000079,2022-04-01,1.8
E07000079,2022-05-01,1.8
E07000079,2022-06-01,1.7
E07000079,2022-07-01,1.7
E07000079,2022-08-01,1.7
E07000079,2022-09-01,1.8
E07000079,2022-10-01,1.6
E07000079,2022-11-01,1.7
E07000079,2022-12-01,1.6
E07000079,2023-01-01,1.7
E07000079,2023-02-01,1.7
E07000079,2023-03-01,1.8
E07000079,2023-04-01,1.8
E07000079,2023-05-01,1.7
E07000079,2023-06-01,1.7
E07000079,2023-07-01,1.6
E07000079,2023-08-01,1.7
E07000079,2023-09-01,1.6
E07000079,2023-10-01,1.7
E07000079,2023-11-01,1.8
E07000079,2023-12-01,1.8
E07000079,2024-01-01,1.8
E07000079,2024-02-01,1.9
E07000079,2024-03-01,1.9
E07000079,2024-04-01,1.9
E07000079,2024-05-01,1.8
E07000079,2024-06-01,1.8
E07000079,2024-07-01,2.0
E07000079,2024-08-01,2.0
E07000079,2024-09-01,1.9
E07000079,2024-10-01,1.9
E07000079,2024-11-01,1.9
E07000079,2024-12-01,1.9
E07000079,2025-01-01,1.9
E07000079,2025-02-01,2.1
E07000079,2025-03-01,2.0
E07000079,2025-04-01,1.9
E07000079,2025-05-01,1.8
E07000079,2025-06-01,1.9
E07000079,2025-07-01,2.0
E07000079,2025-08-01,2.0
E07000079,2025-09-01,2.0
E07000079,2025-10-01,2.0
E07000079,2025-11-01,2.0
E07000079,2025-12-01,1.9
E07000079,2026-01-01,2.0
E07000079,2026-02-01,2.1
E07000080,2018-01-01,1.2
E07000080,2018-02-01,1.4
E07000080,2018-03-01,1.5
E07000080,2018-04-01,1.7
E07000080,2018-05-01,1.6
E07000080,2018-06-01,1.7
E07000080,2018-07-01,1.7
E07000080,2018-08-01,1.8
E07000080,2018-09-01,1.8
E07000080,2018-10-01,1.9
E07000080,2018-11-01,1.9
E07000080,2018-12-01,1.9
E07000080,2019-01-01,2.0
E07000080,2019-02-01,2.1
E07000080,2019-03-01,2.1
E07000080,2019-04-01,2.1
E07000080,2019-05-01,2.1
E07000080,2019-06-01,2.2
E07000080,2019-07-01,2.1
E07000080,2019-08-01,2.2
E07000080,2019-09-01,2.1
E07000080,2019-10-01,2.1
E07000080,2019-11-01,2.1
E07000080,2019-12-01,2.2
E07000080,2020-01-01,2.2
E07000080,2020-02-01,2.3
E07000080,2020-03-01,2.2
E07000080,2020-04-01,4.2
E07000080,2020-05-01,4.9
E07000080,2020-06-01,4.7
E07000080,2020-07-01,4.9
E07000080,2020-08-01,5.0
E07000080,2020-09-01,4.8
E07000080,2020-10-01,4.6
E07000080,2020-11-01,4.6
E07000080,2020-12-01,4.5
E07000080,2021-01-01,4.4
E07000080,2021-02-01,4.7
E07000080,2021-03-01,4.5
E07000080,2021-04-01,4.4
E07000080,2021-05-01,3.9
E07000080,2021-06-01,3.5
E07000080,2021-07-01,3.5
E07000080,2021-08-01,3.3
E07000080,2021-09-01,3.1
E07000080,2021-10-01,3.1
E07000080,2021-11-01,2.9
E07000080,2021-12-01,2.8
E07000080,2022-01-01,2.7
E07000080,2022-02-01,2.6
E07000080,2022-03-01,2.5
E07000080,2022-04-01,2.3
E07000080,2022-05-01,2.3
E07000080,2022-06-01,2.2
E07000080,2022-07-01,2.2
E07000080,2022-08-01,2.3
E07000080,2022-09-01,2.3
E07000080,2022-10-01,2.3
E07000080,2022-11-01,2.3
E07000080,2022-12-01,2.3
E07000080,2023-01-01,2.3
E07000080,2023-02-01,2.4
E07000080,2023-03-01,2.4
E07000080,2023-04-01,2.4
E07000080,2023-05-01,2.3
E07000080,2023-06-01,2.3
E07000080,2023-07-01,2.3
E07000080,2023-08-01,2.3
E07000080,2023-09-01,2.3
E07000080,2023-10-01,2.4
E07000080,2023-11-01,2.4
E07000080,2023-12-01,2.5
E07000080,2024-01-01,2.6
E07000080,2024-02-01,2.8
E07000080,2024-03-01,2.8
E07000080,2024-04-01,2.9
E07000080,2024-05-01,2.9
E07000080,2024-06-01,3.0
E07000080,2024-07-01,3.2
E07000080,2024-08-01,3.1
E07000080,2024-09-01,3.0
E07000080,2024-10-01,2.9
E07000080,2024-11-01,2.8
E07000080,2024-12-01,2.7
E07000080,2025-01-01,2.7
E07000080,2025-02-01,2.8
E07000080,2025-03-01,2.7
E07000080,2025-04-01,2.6
E07000080,2025-05-01,2.6
E07000080,2025-06-01,2.6
E07000080,2025-07-01,2.5
E07000080,2025-08-01,2.6
E07000080,2025-09-01,2.6
E07000080,2025-10-01,2.6
E07000080,2025-11-01,2.6
E07000080,2025-12-01,2.5
E07000080,2026-01-01,2.5
E07000080,2026-02-01,2.7
E07000081,2018-01-01,1.5
E07000081,2018-02-01,1.6
E07000081,2018-03-01,1.6
E07000081,2018-04-01,1.6
E07000081,2018-05-01,1.7
E07000081,2018-06-01,1.8
E07000081,2018-07-01,1.9
E07000081,2018-08-01,1.9
E07000081,2018-09-01,2.0
E07000081,2018-10-01,2.1
E07000081,2018-11-01,2.1
E07000081,2018-12-01,2.2
E07000081,2019-01-01,2.2
E07000081,2019-02-01,2.4
E07000081,2019-03-01,2.5
E07000081,2019-04-01,2.5
E07000081,2019-05-01,2.5
E07000081,2019-06-01,2.6
E07000081,2019-07-01,2.6
E07000081,2019-08-01,2.7
E07000081,2019-09-01,2.6
E07000081,2019-10-01,2.7
E07000081,2019-11-01,2.6
E07000081,2019-12-01,2.7
E07000081,2020-01-01,2.7
E07000081,2020-02-01,2.8
E07000081,2020-03-01,2.8
E07000081,2020-04-01,4.6
E07000081,2020-05-01,5.7
E07000081,2020-06-01,5.6
E07000081,2020-07-01,5.8
E07000081,2020-08-01,6.0
E07000081,2020-09-01,5.9
E07000081,2020-10-01,5.7
E07000081,2020-11-01,5.7
E07000081,2020-12-01,5.6
E07000081,2021-01-01,5.5
E07000081,2021-02-01,5.6
E07000081,2021-03-01,5.7
E07000081,2021-04-01,5.6
E07000081,2021-05-01,5.2
E07000081,2021-06-01,4.9
E07000081,2021-07-01,4.8
E07000081,2021-08-01,4.6
E07000081,2021-09-01,4.3
E07000081,2021-10-01,4.1
E07000081,2021-11-01,4.0
E07000081,2021-12-01,3.8
E07000081,2022-01-01,3.6
E07000081,2022-02-01,3.6
E07000081,2022-03-01,3.5
E07000081,2022-04-01,3.4
E07000081,2022-05-01,3.2
E07000081,2022-06-01,3.1
E07000081,2022-07-01,3.0
E07000081,2022-08-01,3.0
E07000081,2022-09-01,3.0
E07000081,2022-10-01,3.0
E07000081,2022-11-01,3.0
E07000081,2022-12-01,3.1
E07000081,2023-01-01,2.9
E07000081,2023-02-01,2.9
E07000081,2023-03-01,3.1
E07000081,2023-04-01,3.2
E07000081,2023-05-01,3.1
E07000081,2023-06-01,3.1
E07000081,2023-07-01,3.2
E07000081,2023-08-01,3.2
E07000081,2023-09-01,3.2
E07000081,2023-10-01,3.2
E07000081,2023-11-01,3.3
E07000081,2023-12-01,3.3
E07000081,2024-01-01,3.3
E07000081,2024-02-01,3.4
E07000081,2024-03-01,3.4
E07000081,2024-04-01,3.4
E07000081,2024-05-01,3.4
E07000081,2024-06-01,3.4
E07000081,2024-07-01,3.6
E07000081,2024-08-01,3.6
E07000081,2024-09-01,3.7
E07000081,2024-10-01,3.6
E07000081,2024-11-01,3.5
E07000081,2024-12-01,3.5
E07000081,2025-01-01,3.5
E07000081,2025-02-01,3.6
E07000081,2025-03-01,3.6
E07000081,2025-04-01,3.5
E07000081,2025-05-01,3.5
E07000081,2025-06-01,3.5
E07000081,2025-07-01,3.5
E07000081,2025-08-01,3.4
E07000081,2025-09-01,3.5
E07000081,2025-10-01,3.5
E07000081,2025-11-01,3.4
E07000081,2025-12-01,3.5
E07000081,2026-01-01,3.4
E07000081,2026-02-01,3.6
E07000082,2018-01-01,0.8
E07000082,2018-02-01,1.0
E07000082,2018-03-01,1.0
E07000082,2018-04-01,1.1
E07000082,2018-05-01,1.1
E07000082,2018-06-01,1.1
E07000082,2018-07-01,1.1
E07000082,2018-08-01,1.1
E07000082,2018-09-01,1.1
E07000082,2018-10-01,1.2
E07000082,2018-11-01,1.1
E07000082,2018-12-01,1.1
E07000082,2019-01-01,1.1
E07000082,2019-02-01,1.3
E07000082,2019-03-01,1.3
E07000082,2019-04-01,1.3
E07000082,2019-05-01,1.3
E07000082,2019-06-01,1.2
E07000082,2019-07-01,1.3
E07000082,2019-08-01,1.3
E07000082,2019-09-01,1.4
E07000082,2019-10-01,1.4
E07000082,2019-11-01,1.5
E07000082,2019-12-01,1.5
E07000082,2020-01-01,1.5
E07000082,2020-02-01,1.5
E07000082,2020-03-01,1.5
E07000082,2020-04-01,2.7
E07000082,2020-05-01,4.1
E07000082,2020-06-01,4.0
E07000082,2020-07-01,4.0
E07000082,2020-08-01,4.2
E07000082,2020-09-01,4.2
E07000082,2020-10-01,3.8
E07000082,2020-11-01,3.9
E07000082,2020-12-01,3.7
E07000082,2021-01-01,3.6
E07000082,2021-02-01,3.8
E07000082,2021-03-01,3.7
E07000082,2021-04-01,3.5
E07000082,2021-05-01,3.1
E07000082,2021-06-01,2.8
E07000082,2021-07-01,2.7
E07000082,2021-08-01,2.6
E07000082,2021-09-01,2.5
E07000082,2021-10-01,2.3
E07000082,2021-11-01,2.2
E07000082,2021-12-01,2.2
E07000082,2022-01-01,2.0
E07000082,2022-02-01,2.0
E07000082,2022-03-01,1.9
E07000082,2022-04-01,1.7
E07000082,2022-05-01,1.6
E07000082,2022-06-01,1.6
E07000082,2022-07-01,1.6
E07000082,2022-08-01,1.5
E07000082,2022-09-01,1.5
E07000082,2022-10-01,1.5
E07000082,2022-11-01,1.5
E07000082,2022-12-01,1.6
E07000082,2023-01-01,1.6
E07000082,2023-02-01,1.6
E07000082,2023-03-01,1.5
E07000082,2023-04-01,1.7
E07000082,2023-05-01,1.6
E07000082,2023-06-01,1.6
E07000082,2023-07-01,1.6
E07000082,2023-08-01,1.6
E07000082,2023-09-01,1.7
E07000082,2023-10-01,1.7
E07000082,2023-11-01,1.8
E07000082,2023-12-01,1.8
E07000082,2024-01-01,1.8
E07000082,2024-02-01,1.9
E07000082,2024-03-01,2.0
E07000082,2024-04-01,2.0
E07000082,2024-05-01,1.9
E07000082,2024-06-01,1.9
E07000082,2024-07-01,2.0
E07000082,2024-08-01,2.0
E07000082,2024-09-01,2.0
E07000082,2024-10-01,2.0
E07000082,2024-11-01,2.0
E07000082,2024-12-01,2.0
E07000082,2025-01-01,2.0
E07000082,2025-02-01,2.1
E07000082,2025-03-01,2.1
E07000082,2025-04-01,2.0
E07000082,2025-05-01,2.0
E07000082,2025-06-01,2.0
E07000082,2025-07-01,2.0
E07000082,2025-08-01,2.0
E07000082,2025-09-01,2.0
E07000082,2025-10-01,2.0
E07000082,2025-11-01,2.0
E07000082,2025-12-01,2.0
E07000082,2026-01-01,2.0
E07000082,2026-02-01,2.2
E07000083,2018-01-01,0.8
E07000083,2018-02-01,0.9
E07000083,2018-03-01,0.9
E07000083,2018-04-01,1.0
E07000083,2018-05-01,1
E07000083,2018-06-01,1.1
E07000083,2018-07-01,1.2
E07000083,2018-08-01,1.2
E07000083,2018-09-01,1.3
E07000083,2018-10-01,1.3
E07000083,2018-11-01,1.4
E07000083,2018-12-01,1.4
E07000083,2019-01-01,1.3
E07000083,2019-02-01,1.4
E07000083,2019-03-01,1.5
E07000083,2019-04-01,1.5
E07000083,2019-05-01,1.5
E07000083,2019-06-01,1.5
E07000083,2019-07-01,1.6
E07000083,2019-08-01,1.6
E07000083,2019-09-01,1.6
E07000083,2019-10-01,1.6
E07000083,2019-11-01,1.6
E07000083,2019-12-01,1.7
E07000083,2020-01-01,1.7
E07000083,2020-02-01,1.8
E07000083,2020-03-01,1.8
E07000083,2020-04-01,3.5
E07000083,2020-05-01,4.4
E07000083,2020-06-01,4.1
E07000083,2020-07-01,4.2
E07000083,2020-08-01,4.3
E07000083,2020-09-01,4.1
E07000083,2020-10-01,3.9
E07000083,2020-11-01,3.9
E07000083,2020-12-01,3.9
E07000083,2021-01-01,3.7
E07000083,2021-02-01,3.9
E07000083,2021-03-01,3.9
E07000083,2021-04-01,3.7
E07000083,2021-05-01,3.4
E07000083,2021-06-01,3.1
E07000083,2021-07-01,3.0
E07000083,2021-08-01,2.9
E07000083,2021-09-01,2.8
E07000083,2021-10-01,2.6
E07000083,2021-11-01,2.4
E07000083,2021-12-01,2.3
E07000083,2022-01-01,2.3
E07000083,2022-02-01,2.3
E07000083,2022-03-01,2.2
E07000083,2022-04-01,2.0
E07000083,2022-05-01,2.0
E07000083,2022-06-01,1.9
E07000083,2022-07-01,1.8
E07000083,2022-08-01,1.8
E07000083,2022-09-01,1.8
E07000083,2022-10-01,1.8
E07000083,2022-11-01,1.9
E07000083,2022-12-01,1.9
E07000083,2023-01-01,1.8
E07000083,2023-02-01,1.9
E07000083,2023-03-01,1.9
E07000083,2023-04-01,2.0
E07000083,2023-05-01,1.9
E07000083,2023-06-01,1.9
E07000083,2023-07-01,2.0
E07000083,2023-08-01,2.0
E07000083,2023-09-01,2.0
E07000083,2023-10-01,2.0
E07000083,2023-11-01,2.1
E07000083,2023-12-01,2.1
E07000083,2024-01-01,2.1
E07000083,2024-02-01,2.2
E07000083,2024-03-01,2.2
E07000083,2024-04-01,2.1
E07000083,2024-05-01,2.1
E07000083,2024-06-01,2.1
E07000083,2024-07-01,2.3
E07000083,2024-08-01,2.3
E07000083,2024-09-01,2.3
E07000083,2024-10-01,2.2
E07000083,2024-11-01,2.2
E07000083,2024-12-01,2.2
E07000083,2025-01-01,2.2
E07000083,2025-02-01,2.3
E07000083,2025-03-01,2.2
E07000083,2025-04-01,2.2
E07000083,2025-05-01,2.2
E07000083,2025-06-01,2.2
E07000083,2025-07-01,2.2
E07000083,2025-08-01,2.2
E07000083,2025-09-01,2.3
E07000083,2025-10-01,2.3
E07000083,2025-11-01,2.3
E07000083,2025-12-01,2.3
E07000083,2026-01-01,2.3
E07000083,2026-02-01,2.4
E07000084,2018-01-01,0.9
E07000084,2018-02-01,1.0
E07000084,2018-03-01,1.0
E07000084,2018-04-01,0.9
E07000084,2018-05-01,0.9
E07000084,2018-06-01,0.9
E07000084,2018-07-01,0.9
E07000084,2018-08-01,1.0
E07000084,2018-09-01,1.0
E07000084,2018-10-01,1.1
E07000084,2018-11-01,1.2
E07000084,2018-12-01,1.2
E07000084,2019-01-01,1.2
E07000084,2019-02-01,1.3
E07000084,2019-03-01,1.4
E07000084,2019-04-01,1.4
E07000084,2019-05-01,1.4
E07000084,2019-06-01,1.5
E07000084,2019-07-01,1.5
E07000084,2019-08-01,1.6
E07000084,2019-09-01,1.6
E07000084,2019-10-01,1.5
E07000084,2019-11-01,1.6
E07000084,2019-12-01,1.6
E07000084,2020-01-01,1.6
E07000084,2020-02-01,1.6
E07000084,2020-03-01,1.7
E07000084,2020-04-01,2.8
E07000084,2020-05-01,4.1
E07000084,2020-06-01,3.9
E07000084,2020-07-01,4.0
E07000084,2020-08-01,4.1
E07000084,2020-09-01,4.1
E07000084,2020-10-01,4.0
E07000084,2020-11-01,4.0
E07000084,2020-12-01,4.0
E07000084,2021-01-01,3.9
E07000084,2021-02-01,4.1
E07000084,2021-03-01,4.1
E07000084,2021-04-01,4.1
E07000084,2021-05-01,3.7
E07000084,2021-06-01,3.4
E07000084,2021-07-01,3.4
E07000084,2021-08-01,3.2
E07000084,2021-09-01,3.0
E07000084,2021-10-01,2.9
E07000084,2021-11-01,2.8
E07000084,2021-12-01,2.7
E07000084,2022-01-01,2.7
E07000084,2022-02-01,2.6
E07000084,2022-03-01,2.6
E07000084,2022-04-01,2.5
E07000084,2022-05-01,2.4
E07000084,2022-06-01,2.4
E07000084,2022-07-01,2.4
E07000084,2022-08-01,2.4
E07000084,2022-09-01,2.4
E07000084,2022-10-01,2.4
E07000084,2022-11-01,2.4
E07000084,2022-12-01,2.4
E07000084,2023-01-01,2.4
E07000084,2023-02-01,2.4
E07000084,2023-03-01,2.5
E07000084,2023-04-01,2.5
E07000084,2023-05-01,2.5
E07000084,2023-06-01,2.5
E07000084,2023-07-01,2.5
E07000084,2023-08-01,2.5
E07000084,2023-09-01,2.5
E07000084,2023-10-01,2.5
E07000084,2023-11-01,2.4
E07000084,2023-12-01,2.4
E07000084,2024-01-01,2.4
E07000084,2024-02-01,2.5
E07000084,2024-03-01,2.4
E07000084,2024-04-01,2.4
E07000084,2024-05-01,2.3
E07000084,2024-06-01,2.4
E07000084,2024-07-01,2.6
E07000084,2024-08-01,2.5
E07000084,2024-09-01,2.6
E07000084,2024-10-01,2.6
E07000084,2024-11-01,2.5
E07000084,2024-12-01,2.5
E07000084,2025-01-01,2.5
E07000084,2025-02-01,2.6
E07000084,2025-03-01,2.7
E07000084,2025-04-01,2.6
E07000084,2025-05-01,2.6
E07000084,2025-06-01,2.6
E07000084,2025-07-01,2.6
E07000084,2025-08-01,2.6
E07000084,2025-09-01,2.6
E07000084,2025-10-01,2.6
E07000084,2025-11-01,2.5
E07000084,2025-12-01,2.6
E07000084,2026-01-01,2.6
E07000084,2026-02-01,2.7
E07000085,2018-01-01,0.6
E07000085,2018-02-01,0.6
E07000085,2018-03-01,0.6
E07000085,2018-04-01,0.6
E07000085,2018-05-01,0.6
E07000085,2018-06-01,0.6
E07000085,2018-07-01,0.6
E07000085,2018-08-01,0.6
E07000085,2018-09-01,0.6
E07000085,2018-10-01,0.6
E07000085,2018-11-01,0.6
E07000085,2018-12-01,0.6
E07000085,2019-01-01,0.7
E07000085,2019-02-01,0.8
E07000085,2019-03-01,0.8
E07000085,2019-04-01,0.9
E07000085,2019-05-01,0.9
E07000085,2019-06-01,0.9
E07000085,2019-07-01,0.9
E07000085,2019-08-01,1.0
E07000085,2019-09-01,1.0
E07000085,2019-10-01,1.1
E07000085,2019-11-01,1.1
E07000085,2019-12-01,1.1
E07000085,2020-01-01,1.1
E07000085,2020-02-01,1.2
E07000085,2020-03-01,1.2
E07000085,2020-04-01,3.0
E07000085,2020-05-01,4.0
E07000085,2020-06-01,3.7
E07000085,2020-07-01,3.7
E07000085,2020-08-01,4.0
E07000085,2020-09-01,3.9
E07000085,2020-10-01,3.6
E07000085,2020-11-01,3.7
E07000085,2020-12-01,3.6
E07000085,2021-01-01,3.4
E07000085,2021-02-01,3.7
E07000085,2021-03-01,3.7
E07000085,2021-04-01,3.6
E07000085,2021-05-01,3.3
E07000085,2021-06-01,2.8
E07000085,2021-07-01,2.8
E07000085,2021-08-01,2.6
E07000085,2021-09-01,2.5
E07000085,2021-10-01,2.4
E07000085,2021-11-01,2.2
E07000085,2021-12-01,2.2
E07000085,2022-01-01,2.1
E07000085,2022-02-01,2.1
E07000085,2022-03-01,2.1
E07000085,2022-04-01,2.0
E07000085,2022-05-01,1.9
E07000085,2022-06-01,1.8
E07000085,2022-07-01,1.8
E07000085,2022-08-01,1.9
E07000085,2022-09-01,1.9
E07000085,2022-10-01,1.9
E07000085,2022-11-01,1.8
E07000085,2022-12-01,1.9
E07000085,2023-01-01,1.9
E07000085,2023-02-01,1.9
E07000085,2023-03-01,1.9
E07000085,2023-04-01,1.9
E07000085,2023-05-01,1.9
E07000085,2023-06-01,1.9
E07000085,2023-07-01,1.9
E07000085,2023-08-01,1.9
E07000085,2023-09-01,1.9
E07000085,2023-10-01,1.9
E07000085,2023-11-01,1.9
E07000085,2023-12-01,2.0
E07000085,2024-01-01,2.0
E07000085,2024-02-01,2.0
E07000085,2024-03-01,2.1
E07000085,2024-04-01,2.0
E07000085,2024-05-01,2.1
E07000085,2024-06-01,2.0
E07000085,2024-07-01,2.2
E07000085,2024-08-01,2.2
E07000085,2024-09-01,2.2
E07000085,2024-10-01,2.2
E07000085,2024-11-01,2.1
E07000085,2024-12-01,2.1
E07000085,2025-01-01,2.2
E07000085,2025-02-01,2.1
E07000085,2025-03-01,2.1
E07000085,2025-04-01,2.0
E07000085,2025-05-01,2.0
E07000085,2025-06-01,2.0
E07000085,2025-07-01,2.0
E07000085,2025-08-01,2.0
E07000085,2025-09-01,2.0
E07000085,2025-10-01,2.0
E07000085,2025-11-01,2.0
E07000085,2025-12-01,2.0
E07000085,2026-01-01,2.0
E07000085,2026-02-01,2.1
E07000086,2018-01-01,1.0
E07000086,2018-02-01,1.1
E07000086,2018-03-01,1.1
E07000086,2018-04-01,1.3
E07000086,2018-05-01,1.2
E07000086,2018-06-01,1.1
E07000086,2018-07-01,1.1
E07000086,2018-08-01,1.2
E07000086,2018-09-01,1.2
E07000086,2018-10-01,1.2
E07000086,2018-11-01,1.3
E07000086,2018-12-01,1.2
E07000086,2019-01-01,1.2
E07000086,2019-02-01,1.3
E07000086,2019-03-01,1.3
E07000086,2019-04-01,1.3
E07000086,2019-05-01,1.3
E07000086,2019-06-01,1.3
E07000086,2019-07-01,1.3
E07000086,2019-08-01,1.4
E07000086,2019-09-01,1.4
E07000086,2019-10-01,1.4
E07000086,2019-11-01,1.4
E07000086,2019-12-01,1.4
E07000086,2020-01-01,1.4
E07000086,2020-02-01,1.5
E07000086,2020-03-01,1.5
E07000086,2020-04-01,3.1
E07000086,2020-05-01,4.2
E07000086,2020-06-01,3.8
E07000086,2020-07-01,3.9
E07000086,2020-08-01,4.0
E07000086,2020-09-01,3.9
E07000086,2020-10-01,3.8
E07000086,2020-11-01,3.9
E07000086,2020-12-01,3.7
E07000086,2021-01-01,3.6
E07000086,2021-02-01,3.8
E07000086,2021-03-01,3.8
E07000086,2021-04-01,3.6
E07000086,2021-05-01,3.2
E07000086,2021-06-01,2.9
E07000086,2021-07-01,2.9
E07000086,2021-08-01,2.8
E07000086,2021-09-01,2.6
E07000086,2021-10-01,2.5
E07000086,2021-11-01,2.4
E07000086,2021-12-01,2.4
E07000086,2022-01-01,2.2
E07000086,2022-02-01,2.2
E07000086,2022-03-01,2.1
E07000086,2022-04-01,2.1
E07000086,2022-05-01,2.0
E07000086,2022-06-01,2.0
E07000086,2022-07-01,1.9
E07000086,2022-08-01,1.9
E07000086,2022-09-01,1.9
E07000086,2022-10-01,1.9
E07000086,2022-11-01,1.9
E07000086,2022-12-01,1.9
E07000086,2023-01-01,1.9
E07000086,2023-02-01,1.9
E07000086,2023-03-01,1.9
E07000086,2023-04-01,1.9
E07000086,2023-05-01,1.8
E07000086,2023-06-01,1.8
E07000086,2023-07-01,1.8
E07000086,2023-08-01,1.8
E07000086,2023-09-01,1.8
E07000086,2023-10-01,1.9
E07000086,2023-11-01,1.9
E07000086,2023-12-01,2.0
E07000086,2024-01-01,2.0
E07000086,2024-02-01,2.0
E07000086,2024-03-01,2.0
E07000086,2024-04-01,2.0
E07000086,2024-05-01,2.0
E07000086,2024-06-01,2.0
E07000086,2024-07-01,2.3
E07000086,2024-08-01,2.3
E07000086,2024-09-01,2.3
E07000086,2024-10-01,2.3
E07000086,2024-11-01,2.2
E07000086,2024-12-01,2.1
E07000086,2025-01-01,2.1
E07000086,2025-02-01,2.2
E07000086,2025-03-01,2.2
E07000086,2025-04-01,2.1
E07000086,2025-05-01,2.1
E07000086,2025-06-01,2.1
E07000086,2025-07-01,2.2
E07000086,2025-08-01,2.1
E07000086,2025-09-01,2.2
E07000086,2025-10-01,2.2
E07000086,2025-11-01,2.2
E07000086,2025-12-01,2.2
E07000086,2026-01-01,2.2
E07000086,2026-02-01,2.4
E07000087,2018-01-01,0.8
E07000087,2018-02-01,0.8
E07000087,2018-03-01,0.8
E07000087,2018-04-01,0.8
E07000087,2018-05-01,0.8
E07000087,2018-06-01,0.8
E07000087,2018-07-01,0.8
E07000087,2018-08-01,0.7
E07000087,2018-09-01,0.7
E07000087,2018-10-01,0.7
E07000087,2018-11-01,0.7
E07000087,2018-12-01,0.7
E07000087,2019-01-01,0.8
E07000087,2019-02-01,0.8
E07000087,2019-03-01,0.9
E07000087,2019-04-01,0.9
E07000087,2019-05-01,0.9
E07000087,2019-06-01,0.9
E07000087,2019-07-01,0.9
E07000087,2019-08-01,1.0
E07000087,2019-09-01,1.1
E07000087,2019-10-01,1.1
E07000087,2019-11-01,1.1
E07000087,2019-12-01,1.1
E07000087,2020-01-01,1.2
E07000087,2020-02-01,1.2
E07000087,2020-03-01,1.2
E07000087,2020-04-01,2.8
E07000087,2020-05-01,3.9
E07000087,2020-06-01,3.6
E07000087,2020-07-01,3.7
E07000087,2020-08-01,3.9
E07000087,2020-09-01,3.8
E07000087,2020-10-01,3.6
E07000087,2020-11-01,3.6
E07000087,2020-12-01,3.6
E07000087,2021-01-01,3.6
E07000087,2021-02-01,3.7
E07000087,2021-03-01,3.6
E07000087,2021-04-01,3.4
E07000087,2021-05-01,3.0
E07000087,2021-06-01,2.8
E07000087,2021-07-01,2.7
E07000087,2021-08-01,2.5
E07000087,2021-09-01,2.4
E07000087,2021-10-01,2.3
E07000087,2021-11-01,2.2
E07000087,2021-12-01,2.1
E07000087,2022-01-01,2.1
E07000087,2022-02-01,2.1
E07000087,2022-03-01,2.0
E07000087,2022-04-01,1.9
E07000087,2022-05-01,1.8
E07000087,2022-06-01,1.9
E07000087,2022-07-01,1.9
E07000087,2022-08-01,1.9
E07000087,2022-09-01,1.8
E07000087,2022-10-01,1.8
E07000087,2022-11-01,1.8
E07000087,2022-12-01,1.7
E07000087,2023-01-01,1.7
E07000087,2023-02-01,1.7
E07000087,2023-03-01,1.8
E07000087,2023-04-01,1.7
E07000087,2023-05-01,1.7
E07000087,2023-06-01,1.7
E07000087,2023-07-01,1.7
E07000087,2023-08-01,1.8
E07000087,2023-09-01,1.7
E07000087,2023-10-01,1.7
E07000087,2023-11-01,1.7
E07000087,2023-12-01,1.6
E07000087,2024-01-01,1.6
E07000087,2024-02-01,1.8
E07000087,2024-03-01,1.8
E07000087,2024-04-01,1.7
E07000087,2024-05-01,1.8
E07000087,2024-06-01,1.7
E07000087,2024-07-01,1.9
E07000087,2024-08-01,2.0
E07000087,2024-09-01,2.0
E07000087,2024-10-01,1.9
E07000087,2024-11-01,1.8
E07000087,2024-12-01,1.8
E07000087,2025-01-01,1.8
E07000087,2025-02-01,1.9
E07000087,2025-03-01,1.9
E07000087,2025-04-01,1.9
E07000087,2025-05-01,1.9
E07000087,2025-06-01,1.9
E07000087,2025-07-01,1.9
E07000087,2025-08-01,2.0
E07000087,2025-09-01,2.0
E07000087,2025-10-01,2.0
E07000087,2025-11-01,2.0
E07000087,2025-12-01,2.0
E07000087,2026-01-01,2.0
E07000087,2026-02-01,2.1
E07000088,2018-01-01,1.5
E07000088,2018-02-01,1.5
E07000088,2018-03-01,1.6
E07000088,2018-04-01,1.6
E07000088,2018-05-01,1.5
E07000088,2018-06-01,1.5
E07000088,2018-07-01,1.4
E07000088,2018-08-01,1.4
E07000088,2018-09-01,1.4
E07000088,2018-10-01,1.4
E07000088,2018-11-01,1.4
E07000088,2018-12-01,1.3
E07000088,2019-01-01,1.5
E07000088,2019-02-01,1.6
E07000088,2019-03-01,1.8
E07000088,2019-04-01,1.8
E07000088,2019-05-01,1.8
E07000088,2019-06-01,2.0
E07000088,2019-07-01,2.0
E07000088,2019-08-01,2.0
E07000088,2019-09-01,2.0
E07000088,2019-10-01,2.2
E07000088,2019-11-01,2.3
E07000088,2019-12-01,2.3
E07000088,2020-01-01,2.3
E07000088,2020-02-01,2.4
E07000088,2020-03-01,2.5
E07000088,2020-04-01,4.9
E07000088,2020-05-01,5.8
E07000088,2020-06-01,5.4
E07000088,2020-07-01,5.6
E07000088,2020-08-01,5.7
E07000088,2020-09-01,5.6
E07000088,2020-10-01,5.5
E07000088,2020-11-01,5.6
E07000088,2020-12-01,5.5
E07000088,2021-01-01,5.5
E07000088,2021-02-01,5.9
E07000088,2021-03-01,5.9
E07000088,2021-04-01,5.7
E07000088,2021-05-01,5.3
E07000088,2021-06-01,4.9
E07000088,2021-07-01,4.8
E07000088,2021-08-01,4.7
E07000088,2021-09-01,4.3
E07000088,2021-10-01,4.2
E07000088,2021-11-01,4.1
E07000088,2021-12-01,4.0
E07000088,2022-01-01,4.0
E07000088,2022-02-01,4.0
E07000088,2022-03-01,3.9
E07000088,2022-04-01,3.7
E07000088,2022-05-01,3.6
E07000088,2022-06-01,3.6
E07000088,2022-07-01,3.5
E07000088,2022-08-01,3.5
E07000088,2022-09-01,3.3
E07000088,2022-10-01,3.3
E07000088,2022-11-01,3.3
E07000088,2022-12-01,3.3
E07000088,2023-01-01,3.3
E07000088,2023-02-01,3.4
E07000088,2023-03-01,3.5
E07000088,2023-04-01,3.6
E07000088,2023-05-01,3.3
E07000088,2023-06-01,3.2
E07000088,2023-07-01,3.3
E07000088,2023-08-01,3.2
E07000088,2023-09-01,3.2
E07000088,2023-10-01,3.3
E07000088,2023-11-01,3.4
E07000088,2023-12-01,3.2
E07000088,2024-01-01,3.2
E07000088,2024-02-01,3.4
E07000088,2024-03-01,3.4
E07000088,2024-04-01,3.4
E07000088,2024-05-01,3.4
E07000088,2024-06-01,3.3
E07000088,2024-07-01,3.5
E07000088,2024-08-01,3.4
E07000088,2024-09-01,3.5
E07000088,2024-10-01,3.3
E07000088,2024-11-01,3.3
E07000088,2024-12-01,3.3
E07000088,2025-01-01,3.4
E07000088,2025-02-01,3.6
E07000088,2025-03-01,3.6
E07000088,2025-04-01,3.6
E07000088,2025-05-01,3.5
E07000088,2025-06-01,3.5
E07000088,2025-07-01,3.4
E07000088,2025-08-01,3.5
E07000088,2025-09-01,3.4
E07000088,2025-10-01,3.4
E07000088,2025-11-01,3.4
E07000088,2025-12-01,3.5
E07000088,2026-01-01,3.6
E07000088,2026-02-01,3.8
E07000089,2018-01-01,0.5
E07000089,2018-02-01,0.5
E07000089,2018-03-01,0.5
E07000089,2018-04-01,0.5
E07000089,2018-05-01,0.5
E07000089,2018-06-01,0.4
E07000089,2018-07-01,0.4
E07000089,2018-08-01,0.4
E07000089,2018-09-01,0.4
E07000089,2018-10-01,0.4
E07000089,2018-11-01,0.4
E07000089,2018-12-01,0.4
E07000089,2019-01-01,0.5
E07000089,2019-02-01,0.5
E07000089,2019-03-01,0.5
E07000089,2019-04-01,0.6
E07000089,2019-05-01,0.6
E07000089,2019-06-01,0.6
E07000089,2019-07-01,0.6
E07000089,2019-08-01,0.6
E07000089,2019-09-01,0.6
E07000089,2019-10-01,0.7
E07000089,2019-11-01,0.8
E07000089,2019-12-01,0.8
E07000089,2020-01-01,0.8
E07000089,2020-02-01,0.9
E07000089,2020-03-01,0.9
E07000089,2020-04-01,1.9
E07000089,2020-05-01,3.2
E07000089,2020-06-01,3.0
E07000089,2020-07-01,3.1
E07000089,2020-08-01,3.2
E07000089,2020-09-01,3.2
E07000089,2020-10-01,3.0
E07000089,2020-11-01,3.2
E07000089,2020-12-01,3.0
E07000089,2021-01-01,3.0
E07000089,2021-02-01,3.2
E07000089,2021-03-01,3.2
E07000089,2021-04-01,3.0
E07000089,2021-05-01,2.7
E07000089,2021-06-01,2.4
E07000089,2021-07-01,2.4
E07000089,2021-08-01,2.2
E07000089,2021-09-01,2.0
E07000089,2021-10-01,1.9
E07000089,2021-11-01,1.8
E07000089,2021-12-01,1.7
E07000089,2022-01-01,1.7
E07000089,2022-02-01,1.7
E07000089,2022-03-01,1.7
E07000089,2022-04-01,1.5
E07000089,2022-05-01,1.4
E07000089,2022-06-01,1.5
E07000089,2022-07-01,1.5
E07000089,2022-08-01,1.5
E07000089,2022-09-01,1.5
E07000089,2022-10-01,1.5
E07000089,2022-11-01,1.5
E07000089,2022-12-01,1.5
E07000089,2023-01-01,1.5
E07000089,2023-02-01,1.5
E07000089,2023-03-01,1.4
E07000089,2023-04-01,1.4
E07000089,2023-05-01,1.3
E07000089,2023-06-01,1.4
E07000089,2023-07-01,1.3
E07000089,2023-08-01,1.3
E07000089,2023-09-01,1.3
E07000089,2023-10-01,1.3
E07000089,2023-11-01,1.4
E07000089,2023-12-01,1.4
E07000089,2024-01-01,1.4
E07000089,2024-02-01,1.5
E07000089,2024-03-01,1.5
E07000089,2024-04-01,1.5
E07000089,2024-05-01,1.4
E07000089,2024-06-01,1.5
E07000089,2024-07-01,1.7
E07000089,2024-08-01,1.7
E07000089,2024-09-01,1.7
E07000089,2024-10-01,1.7
E07000089,2024-11-01,1.6
E07000089,2024-12-01,1.6
E07000089,2025-01-01,1.6
E07000089,2025-02-01,1.6
E07000089,2025-03-01,1.7
E07000089,2025-04-01,1.6
E07000089,2025-05-01,1.7
E07000089,2025-06-01,1.6
E07000089,2025-07-01,1.6
E07000089,2025-08-01,1.6
E07000089,2025-09-01,1.6
E07000089,2025-10-01,1.7
E07000089,2025-11-01,1.6
E07000089,2025-12-01,1.7
E07000089,2026-01-01,1.7
E07000089,2026-02-01,1.8
E07000090,2018-01-01,1.6
E07000090,2018-02-01,1.6
E07000090,2018-03-01,1.7
E07000090,2018-04-01,1.6
E07000090,2018-05-01,1.6
E07000090,2018-06-01,1.5
E07000090,2018-07-01,1.5
E07000090,2018-08-01,1.5
E07000090,2018-09-01,1.5
E07000090,2018-10-01,1.5
E07000090,2018-11-01,1.5
E07000090,2018-12-01,1.6
E07000090,2019-01-01,1.7
E07000090,2019-02-01,1.8
E07000090,2019-03-01,2.0
E07000090,2019-04-01,2.0
E07000090,2019-05-01,2.0
E07000090,2019-06-01,2.1
E07000090,2019-07-01,2.2
E07000090,2019-08-01,2.3
E07000090,2019-09-01,2.3
E07000090,2019-10-01,2.3
E07000090,2019-11-01,2.4
E07000090,2019-12-01,2.5
E07000090,2020-01-01,2.5
E07000090,2020-02-01,2.7
E07000090,2020-03-01,2.7
E07000090,2020-04-01,5.5
E07000090,2020-05-01,6.7
E07000090,2020-06-01,6.1
E07000090,2020-07-01,6.3
E07000090,2020-08-01,6.4
E07000090,2020-09-01,6.2
E07000090,2020-10-01,6.0
E07000090,2020-11-01,6.2
E07000090,2020-12-01,6.1
E07000090,2021-01-01,6.0
E07000090,2021-02-01,6.3
E07000090,2021-03-01,6.3
E07000090,2021-04-01,6.1
E07000090,2021-05-01,5.6
E07000090,2021-06-01,5.2
E07000090,2021-07-01,5.0
E07000090,2021-08-01,4.8
E07000090,2021-09-01,4.5
E07000090,2021-10-01,4.3
E07000090,2021-11-01,4.2
E07000090,2021-12-01,4.1
E07000090,2022-01-01,4.0
E07000090,2022-02-01,4.0
E07000090,2022-03-01,3.9
E07000090,2022-04-01,3.8
E07000090,2022-05-01,3.6
E07000090,2022-06-01,3.6
E07000090,2022-07-01,3.5
E07000090,2022-08-01,3.5
E07000090,2022-09-01,3.4
E07000090,2022-10-01,3.3
E07000090,2022-11-01,3.4
E07000090,2022-12-01,3.4
E07000090,2023-01-01,3.4
E07000090,2023-02-01,3.4
E07000090,2023-03-01,3.4
E07000090,2023-04-01,3.5
E07000090,2023-05-01,3.4
E07000090,2023-06-01,3.3
E07000090,2023-07-01,3.4
E07000090,2023-08-01,3.4
E07000090,2023-09-01,3.4
E07000090,2023-10-01,3.4
E07000090,2023-11-01,3.3
E07000090,2023-12-01,3.4
E07000090,2024-01-01,3.4
E07000090,2024-02-01,3.6
E07000090,2024-03-01,3.6
E07000090,2024-04-01,3.6
E07000090,2024-05-01,3.5
E07000090,2024-06-01,3.5
E07000090,2024-07-01,3.8
E07000090,2024-08-01,3.8
E07000090,2024-09-01,3.7
E07000090,2024-10-01,3.6
E07000090,2024-11-01,3.6
E07000090,2024-12-01,3.6
E07000090,2025-01-01,3.7
E07000090,2025-02-01,3.8
E07000090,2025-03-01,3.7
E07000090,2025-04-01,3.6
E07000090,2025-05-01,3.6
E07000090,2025-06-01,3.6
E07000090,2025-07-01,3.5
E07000090,2025-08-01,3.5
E07000090,2025-09-01,3.5
E07000090,2025-10-01,3.4
E07000090,2025-11-01,3.5
E07000090,2025-12-01,3.4
E07000090,2026-01-01,3.4
E07000090,2026-02-01,3.5
E07000091,2018-01-01,0.8
E07000091,2018-02-01,0.9
E07000091,2018-03-01,0.9
E07000091,2018-04-01,0.9
E07000091,2018-05-01,0.8
E07000091,2018-06-01,0.8
E07000091,2018-07-01,0.8
E07000091,2018-08-01,0.8
E07000091,2018-09-01,0.9
E07000091,2018-10-01,0.9
E07000091,2018-11-01,1.0
E07000091,2018-12-01,1.1
E07000091,2019-01-01,1.1
E07000091,2019-02-01,1.2
E07000091,2019-03-01,1.2
E07000091,2019-04-01,1.2
E07000091,2019-05-01,1.2
E07000091,2019-06-01,1.3
E07000091,2019-07-01,1.3
E07000091,2019-08-01,1.3
E07000091,2019-09-01,1.4
E07000091,2019-10-01,1.4
E07000091,2019-11-01,1.4
E07000091,2019-12-01,1.5
E07000091,2020-01-01,1.5
E07000091,2020-02-01,1.5
E07000091,2020-03-01,1.6
E07000091,2020-04-01,3.2
E07000091,2020-05-01,4.6
E07000091,2020-06-01,4.2
E07000091,2020-07-01,4.3
E07000091,2020-08-01,4.4
E07000091,2020-09-01,4.2
E07000091,2020-10-01,4.0
E07000091,2020-11-01,4.0
E07000091,2020-12-01,4.0
E07000091,2021-01-01,3.9
E07000091,2021-02-01,4.1
E07000091,2021-03-01,4.1
E07000091,2021-04-01,4.0
E07000091,2021-05-01,3.7
E07000091,2021-06-01,3.2
E07000091,2021-07-01,3.0
E07000091,2021-08-01,2.9
E07000091,2021-09-01,2.7
E07000091,2021-10-01,2.6
E07000091,2021-11-01,2.5
E07000091,2021-12-01,2.4
E07000091,2022-01-01,2.4
E07000091,2022-02-01,2.4
E07000091,2022-03-01,2.3
E07000091,2022-04-01,2.1
E07000091,2022-05-01,2.0
E07000091,2022-06-01,2.0
E07000091,2022-07-01,2.0
E07000091,2022-08-01,2.0
E07000091,2022-09-01,2.0
E07000091,2022-10-01,1.9
E07000091,2022-11-01,2.0
E07000091,2022-12-01,2.0
E07000091,2023-01-01,2.1
E07000091,2023-02-01,2.0
E07000091,2023-03-01,2.0
E07000091,2023-04-01,2.0
E07000091,2023-05-01,1.8
E07000091,2023-06-01,1.9
E07000091,2023-07-01,1.9
E07000091,2023-08-01,1.9
E07000091,2023-09-01,1.9
E07000091,2023-10-01,2.0
E07000091,2023-11-01,2.0
E07000091,2023-12-01,2.1
E07000091,2024-01-01,2.1
E07000091,2024-02-01,2.2
E07000091,2024-03-01,2.2
E07000091,2024-04-01,2.1
E07000091,2024-05-01,2.2
E07000091,2024-06-01,2.1
E07000091,2024-07-01,2.3
E07000091,2024-08-01,2.3
E07000091,2024-09-01,2.3
E07000091,2024-10-01,2.3
E07000091,2024-11-01,2.3
E07000091,2024-12-01,2.3
E07000091,2025-01-01,2.3
E07000091,2025-02-01,2.4
E07000091,2025-03-01,2.3
E07000091,2025-04-01,2.3
E07000091,2025-05-01,2.2
E07000091,2025-06-01,2.2
E07000091,2025-07-01,2.2
E07000091,2025-08-01,2.3
E07000091,2025-09-01,2.3
E07000091,2025-10-01,2.3
E07000091,2025-11-01,2.4
E07000091,2025-12-01,2.4
E07000091,2026-01-01,2.4
E07000091,2026-02-01,2.5
E07000092,2018-01-01,0.8
E07000092,2018-02-01,0.9
E07000092,2018-03-01,0.8
E07000092,2018-04-01,0.8
E07000092,2018-05-01,0.8
E07000092,2018-06-01,0.8
E07000092,2018-07-01,0.8
E07000092,2018-08-01,0.8
E07000092,2018-09-01,0.8
E07000092,2018-10-01,0.8
E07000092,2018-11-01,0.8
E07000092,2018-12-01,0.8
E07000092,2019-01-01,0.9
E07000092,2019-02-01,1.0
E07000092,2019-03-01,1.1
E07000092,2019-04-01,1.2
E07000092,2019-05-01,1.2
E07000092,2019-06-01,1.3
E07000092,2019-07-01,1.3
E07000092,2019-08-01,1.3
E07000092,2019-09-01,1.5
E07000092,2019-10-01,1.5
E07000092,2019-11-01,1.5
E07000092,2019-12-01,1.5
E07000092,2020-01-01,1.5
E07000092,2020-02-01,1.6
E07000092,2020-03-01,1.6
E07000092,2020-04-01,2.9
E07000092,2020-05-01,4.5
E07000092,2020-06-01,4.3
E07000092,2020-07-01,4.5
E07000092,2020-08-01,4.6
E07000092,2020-09-01,4.6
E07000092,2020-10-01,4.5
E07000092,2020-11-01,4.5
E07000092,2020-12-01,4.5
E07000092,2021-01-01,4.4
E07000092,2021-02-01,4.6
E07000092,2021-03-01,4.7
E07000092,2021-04-01,4.7
E07000092,2021-05-01,4.4
E07000092,2021-06-01,4.0
E07000092,2021-07-01,4.0
E07000092,2021-08-01,3.9
E07000092,2021-09-01,3.7
E07000092,2021-10-01,3.6
E07000092,2021-11-01,3.4
E07000092,2021-12-01,3.2
E07000092,2022-01-01,3.2
E07000092,2022-02-01,3.1
E07000092,2022-03-01,3.0
E07000092,2022-04-01,2.7
E07000092,2022-05-01,2.6
E07000092,2022-06-01,2.6
E07000092,2022-07-01,2.6
E07000092,2022-08-01,2.6
E07000092,2022-09-01,2.6
E07000092,2022-10-01,2.6
E07000092,2022-11-01,2.7
E07000092,2022-12-01,2.7
E07000092,2023-01-01,2.6
E07000092,2023-02-01,2.6
E07000092,2023-03-01,2.6
E07000092,2023-04-01,2.6
E07000092,2023-05-01,2.5
E07000092,2023-06-01,2.6
E07000092,2023-07-01,2.5
E07000092,2023-08-01,2.5
E07000092,2023-09-01,2.5
E07000092,2023-10-01,2.6
E07000092,2023-11-01,2.6
E07000092,2023-12-01,2.7
E07000092,2024-01-01,2.7
E07000092,2024-02-01,2.8
E07000092,2024-03-01,2.8
E07000092,2024-04-01,2.8
E07000092,2024-05-01,2.8
E07000092,2024-06-01,2.9
E07000092,2024-07-01,3.0
E07000092,2024-08-01,3.1
E07000092,2024-09-01,3.0
E07000092,2024-10-01,3.0
E07000092,2024-11-01,2.9
E07000092,2024-12-01,2.9
E07000092,2025-01-01,2.9
E07000092,2025-02-01,3.0
E07000092,2025-03-01,2.9
E07000092,2025-04-01,2.8
E07000092,2025-05-01,2.8
E07000092,2025-06-01,2.8
E07000092,2025-07-01,2.8
E07000092,2025-08-01,2.9
E07000092,2025-09-01,2.9
E07000092,2025-10-01,2.9
E07000092,2025-11-01,2.9
E07000092,2025-12-01,2.9
E07000092,2026-01-01,3.0
E07000092,2026-02-01,3.1
E07000093,2018-01-01,0.7
E07000093,2018-02-01,0.7
E07000093,2018-03-01,0.7
E07000093,2018-04-01,0.7
E07000093,2018-05-01,0.7
E07000093,2018-06-01,0.7
E07000093,2018-07-01,0.7
E07000093,2018-08-01,0.7
E07000093,2018-09-01,0.8
E07000093,2018-10-01,0.8
E07000093,2018-11-01,0.9
E07000093,2018-12-01,0.9
E07000093,2019-01-01,1.0
E07000093,2019-02-01,1.1
E07000093,2019-03-01,1.0
E07000093,2019-04-01,1.1
E07000093,2019-05-01,1.1
E07000093,2019-06-01,1.2
E07000093,2019-07-01,1.2
E07000093,2019-08-01,1.2
E07000093,2019-09-01,1.3
E07000093,2019-10-01,1.3
E07000093,2019-11-01,1.3
E07000093,2019-12-01,1.3
E07000093,2020-01-01,1.3
E07000093,2020-02-01,1.3
E07000093,2020-03-01,1.3
E07000093,2020-04-01,2.6
E07000093,2020-05-01,3.7
E07000093,2020-06-01,3.5
E07000093,2020-07-01,3.6
E07000093,2020-08-01,3.7
E07000093,2020-09-01,3.6
E07000093,2020-10-01,3.4
E07000093,2020-11-01,3.3
E07000093,2020-12-01,3.3
E07000093,2021-01-01,3.3
E07000093,2021-02-01,3.5
E07000093,2021-03-01,3.5
E07000093,2021-04-01,3.4
E07000093,2021-05-01,3.0
E07000093,2021-06-01,2.7
E07000093,2021-07-01,2.6
E07000093,2021-08-01,2.5
E07000093,2021-09-01,2.3
E07000093,2021-10-01,2.3
E07000093,2021-11-01,2.1
E07000093,2021-12-01,2.1
E07000093,2022-01-01,2.0
E07000093,2022-02-01,2.1
E07000093,2022-03-01,2.0
E07000093,2022-04-01,1.9
E07000093,2022-05-01,1.8
E07000093,2022-06-01,1.8
E07000093,2022-07-01,1.8
E07000093,2022-08-01,1.8
E07000093,2022-09-01,1.8
E07000093,2022-10-01,1.8
E07000093,2022-11-01,1.8
E07000093,2022-12-01,1.8
E07000093,2023-01-01,1.8
E07000093,2023-02-01,1.8
E07000093,2023-03-01,1.8
E07000093,2023-04-01,1.8
E07000093,2023-05-01,1.7
E07000093,2023-06-01,1.7
E07000093,2023-07-01,1.7
E07000093,2023-08-01,1.7
E07000093,2023-09-01,1.7
E07000093,2023-10-01,1.7
E07000093,2023-11-01,1.7
E07000093,2023-12-01,1.8
E07000093,2024-01-01,1.8
E07000093,2024-02-01,1.9
E07000093,2024-03-01,1.9
E07000093,2024-04-01,1.8
E07000093,2024-05-01,1.8
E07000093,2024-06-01,1.8
E07000093,2024-07-01,2.0
E07000093,2024-08-01,2.0
E07000093,2024-09-01,2.1
E07000093,2024-10-01,2.0
E07000093,2024-11-01,2.0
E07000093,2024-12-01,2.0
E07000093,2025-01-01,1.9
E07000093,2025-02-01,2.0
E07000093,2025-03-01,2.0
E07000093,2025-04-01,1.9
E07000093,2025-05-01,1.9
E07000093,2025-06-01,2.0
E07000093,2025-07-01,1.9
E07000093,2025-08-01,1.9
E07000093,2025-09-01,1.9
E07000093,2025-10-01,2.0
E07000093,2025-11-01,1.9
E07000093,2025-12-01,1.9
E07000093,2026-01-01,1.9
E07000093,2026-02-01,2.0
E07000094,2018-01-01,0.6
E07000094,2018-02-01,0.7
E07000094,2018-03-01,0.6
E07000094,2018-04-01,0.6
E07000094,2018-05-01,0.7
E07000094,2018-06-01,0.6
E07000094,2018-07-01,0.6
E07000094,2018-08-01,0.6
E07000094,2018-09-01,0.7
E07000094,2018-10-01,0.7
E07000094,2018-11-01,0.8
E07000094,2018-12-01,0.8
E07000094,2019-01-01,0.9
E07000094,2019-02-01,0.9
E07000094,2019-03-01,1.0
E07000094,2019-04-01,1.0
E07000094,2019-05-01,1.0
E07000094,2019-06-01,1.0
E07000094,2019-07-01,1.0
E07000094,2019-08-01,1.1
E07000094,2019-09-01,1.1
E07000094,2019-10-01,1.1
E07000094,2019-11-01,1.2
E07000094,2019-12-01,1.2
E07000094,2020-01-01,1.2
E07000094,2020-02-01,1.3
E07000094,2020-03-01,1.3
E07000094,2020-04-01,2.8
E07000094,2020-05-01,3.6
E07000094,2020-06-01,3.5
E07000094,2020-07-01,3.6
E07000094,2020-08-01,3.5
E07000094,2020-09-01,3.6
E07000094,2020-10-01,3.4
E07000094,2020-11-01,3.5
E07000094,2020-12-01,3.4
E07000094,2021-01-01,3.4
E07000094,2021-02-01,3.6
E07000094,2021-03-01,3.5
E07000094,2021-04-01,3.5
E07000094,2021-05-01,3.1
E07000094,2021-06-01,2.8
E07000094,2021-07-01,2.8
E07000094,2021-08-01,2.6
E07000094,2021-09-01,2.5
E07000094,2021-10-01,2.4
E07000094,2021-11-01,2.3
E07000094,2021-12-01,2.2
E07000094,2022-01-01,2.1
E07000094,2022-02-01,2.1
E07000094,2022-03-01,2.0
E07000094,2022-04-01,1.9
E07000094,2022-05-01,1.8
E07000094,2022-06-01,1.8
E07000094,2022-07-01,1.8
E07000094,2022-08-01,1.8
E07000094,2022-09-01,1.8
E07000094,2022-10-01,1.8
E07000094,2022-11-01,1.8
E07000094,2022-12-01,1.9
E07000094,2023-01-01,1.8
E07000094,2023-02-01,1.8
E07000094,2023-03-01,1.9
E07000094,2023-04-01,1.9
E07000094,2023-05-01,1.9
E07000094,2023-06-01,1.9
E07000094,2023-07-01,1.9
E07000094,2023-08-01,1.9
E07000094,2023-09-01,1.9
E07000094,2023-10-01,1.9
E07000094,2023-11-01,1.9
E07000094,2023-12-01,1.9
E07000094,2024-01-01,1.9
E07000094,2024-02-01,1.9
E07000094,2024-03-01,2.0
E07000094,2024-04-01,2.0
E07000094,2024-05-01,2.0
E07000094,2024-06-01,2.0
E07000094,2024-07-01,2.2
E07000094,2024-08-01,2.2
E07000094,2024-09-01,2.2
E07000094,2024-10-01,2.2
E07000094,2024-11-01,2.1
E07000094,2024-12-01,2.0
E07000094,2025-01-01,2.0
E07000094,2025-02-01,2.1
E07000094,2025-03-01,2.0
E07000094,2025-04-01,1.9
E07000094,2025-05-01,2.0
E07000094,2025-06-01,2.0
E07000094,2025-07-01,2.0
E07000094,2025-08-01,2.0
E07000094,2025-09-01,2.0
E07000094,2025-10-01,2.0
E07000094,2025-11-01,2.0
E07000094,2025-12-01,2.0
E07000094,2026-01-01,2.0
E07000094,2026-02-01,2.1
E07000095,2018-01-01,1.3
E07000095,2018-02-01,1.4
E07000095,2018-03-01,1.5
E07000095,2018-04-01,1.7
E07000095,2018-05-01,1.7
E07000095,2018-06-01,1.8
E07000095,2018-07-01,1.8
E07000095,2018-08-01,1.8
E07000095,2018-09-01,1.8
E07000095,2018-10-01,1.8
E07000095,2018-11-01,1.9
E07000095,2018-12-01,1.8
E07000095,2019-01-01,1.9
E07000095,2019-02-01,2.0
E07000095,2019-03-01,2.0
E07000095,2019-04-01,2.0
E07000095,2019-05-01,2.1
E07000095,2019-06-01,2.1
E07000095,2019-07-01,2.2
E07000095,2019-08-01,2.2
E07000095,2019-09-01,2.2
E07000095,2019-10-01,2.2
E07000095,2019-11-01,2.3
E07000095,2019-12-01,2.3
E07000095,2020-01-01,2.2
E07000095,2020-02-01,2.3
E07000095,2020-03-01,2.3
E07000095,2020-04-01,4.1
E07000095,2020-05-01,6.5
E07000095,2020-06-01,6.1
E07000095,2020-07-01,6.3
E07000095,2020-08-01,6.5
E07000095,2020-09-01,6.3
E07000095,2020-10-01,6.2
E07000095,2020-11-01,6.2
E07000095,2020-12-01,6.2
E07000095,2021-01-01,6.1
E07000095,2021-02-01,6.5
E07000095,2021-03-01,6.5
E07000095,2021-04-01,6.4
E07000095,2021-05-01,6.0
E07000095,2021-06-01,5.4
E07000095,2021-07-01,5.3
E07000095,2021-08-01,5.0
E07000095,2021-09-01,4.8
E07000095,2021-10-01,4.4
E07000095,2021-11-01,4.1
E07000095,2021-12-01,4.0
E07000095,2022-01-01,3.9
E07000095,2022-02-01,3.9
E07000095,2022-03-01,3.8
E07000095,2022-04-01,3.7
E07000095,2022-05-01,3.5
E07000095,2022-06-01,3.3
E07000095,2022-07-01,3.1
E07000095,2022-08-01,3.1
E07000095,2022-09-01,3.0
E07000095,2022-10-01,3.0
E07000095,2022-11-01,3.1
E07000095,2022-12-01,3.2
E07000095,2023-01-01,3.1
E07000095,2023-02-01,3.1
E07000095,2023-03-01,3.1
E07000095,2023-04-01,3.2
E07000095,2023-05-01,3.2
E07000095,2023-06-01,3.2
E07000095,2023-07-01,3.2
E07000095,2023-08-01,3.2
E07000095,2023-09-01,3.2
E07000095,2023-10-01,3.2
E07000095,2023-11-01,3.2
E07000095,2023-12-01,3.2
E07000095,2024-01-01,3.2
E07000095,2024-02-01,3.2
E07000095,2024-03-01,3.2
E07000095,2024-04-01,3.2
E07000095,2024-05-01,3.3
E07000095,2024-06-01,3.3
E07000095,2024-07-01,3.7
E07000095,2024-08-01,3.6
E07000095,2024-09-01,3.6
E07000095,2024-10-01,3.4
E07000095,2024-11-01,3.4
E07000095,2024-12-01,3.4
E07000095,2025-01-01,3.4
E07000095,2025-02-01,3.4
E07000095,2025-03-01,3.3
E07000095,2025-04-01,3.3
E07000095,2025-05-01,3.3
E07000095,2025-06-01,3.4
E07000095,2025-07-01,3.3
E07000095,2025-08-01,3.3
E07000095,2025-09-01,3.4
E07000095,2025-10-01,3.3
E07000095,2025-11-01,3.4
E07000095,2025-12-01,3.3
E07000095,2026-01-01,3.4
E07000095,2026-02-01,3.5
E07000096,2018-01-01,1.2
E07000096,2018-02-01,1.2
E07000096,2018-03-01,1.2
E07000096,2018-04-01,1.2
E07000096,2018-05-01,1.1
E07000096,2018-06-01,1.1
E07000096,2018-07-01,1.1
E07000096,2018-08-01,1.0
E07000096,2018-09-01,1.0
E07000096,2018-10-01,1.0
E07000096,2018-11-01,1.0
E07000096,2018-12-01,1.0
E07000096,2019-01-01,1.1
E07000096,2019-02-01,1.1
E07000096,2019-03-01,1.2
E07000096,2019-04-01,1.3
E07000096,2019-05-01,1.3
E07000096,2019-06-01,1.4
E07000096,2019-07-01,1.4
E07000096,2019-08-01,1.5
E07000096,2019-09-01,1.6
E07000096,2019-10-01,1.6
E07000096,2019-11-01,1.7
E07000096,2019-12-01,1.7
E07000096,2020-01-01,1.7
E07000096,2020-02-01,1.8
E07000096,2020-03-01,1.9
E07000096,2020-04-01,3.4
E07000096,2020-05-01,5.3
E07000096,2020-06-01,5.0
E07000096,2020-07-01,5.2
E07000096,2020-08-01,5.2
E07000096,2020-09-01,5.2
E07000096,2020-10-01,5.0
E07000096,2020-11-01,5.0
E07000096,2020-12-01,5.0
E07000096,2021-01-01,4.8
E07000096,2021-02-01,5.2
E07000096,2021-03-01,5.2
E07000096,2021-04-01,5.1
E07000096,2021-05-01,4.6
E07000096,2021-06-01,4.3
E07000096,2021-07-01,4.2
E07000096,2021-08-01,4.1
E07000096,2021-09-01,3.8
E07000096,2021-10-01,3.6
E07000096,2021-11-01,3.5
E07000096,2021-12-01,3.3
E07000096,2022-01-01,3.2
E07000096,2022-02-01,3.1
E07000096,2022-03-01,3.0
E07000096,2022-04-01,2.8
E07000096,2022-05-01,2.8
E07000096,2022-06-01,2.7
E07000096,2022-07-01,2.6
E07000096,2022-08-01,2.6
E07000096,2022-09-01,2.6
E07000096,2022-10-01,2.6
E07000096,2022-11-01,2.6
E07000096,2022-12-01,2.6
E07000096,2023-01-01,2.6
E07000096,2023-02-01,2.6
E07000096,2023-03-01,2.7
E07000096,2023-04-01,2.8
E07000096,2023-05-01,2.7
E07000096,2023-06-01,2.8
E07000096,2023-07-01,2.8
E07000096,2023-08-01,2.8
E07000096,2023-09-01,2.8
E07000096,2023-10-01,2.8
E07000096,2023-11-01,2.8
E07000096,2023-12-01,2.8
E07000096,2024-01-01,2.8
E07000096,2024-02-01,2.9
E07000096,2024-03-01,2.9
E07000096,2024-04-01,2.8
E07000096,2024-05-01,2.8
E07000096,2024-06-01,3.0
E07000096,2024-07-01,3.3
E07000096,2024-08-01,3.3
E07000096,2024-09-01,3.4
E07000096,2024-10-01,3.3
E07000096,2024-11-01,3.2
E07000096,2024-12-01,3.1
E07000096,2025-01-01,3.2
E07000096,2025-02-01,3.3
E07000096,2025-03-01,3.3
E07000096,2025-04-01,3.3
E07000096,2025-05-01,3.2
E07000096,2025-06-01,3.3
E07000096,2025-07-01,3.2
E07000096,2025-08-01,3.2
E07000096,2025-09-01,3.2
E07000096,2025-10-01,3.2
E07000096,2025-11-01,3.1
E07000096,2025-12-01,3.1
E07000096,2026-01-01,3.1
E07000096,2026-02-01,3.2
E07000098,2018-01-01,1.2
E07000098,2018-02-01,1.2
E07000098,2018-03-01,1.2
E07000098,2018-04-01,1.3
E07000098,2018-05-01,1.3
E07000098,2018-06-01,1.2
E07000098,2018-07-01,1.3
E07000098,2018-08-01,1.3
E07000098,2018-09-01,1.3
E07000098,2018-10-01,1.3
E07000098,2018-11-01,1.4
E07000098,2018-12-01,1.3
E07000098,2019-01-01,1.4
E07000098,2019-02-01,1.5
E07000098,2019-03-01,1.6
E07000098,2019-04-01,1.6
E07000098,2019-05-01,1.7
E07000098,2019-06-01,1.7
E07000098,2019-07-01,1.8
E07000098,2019-08-01,1.9
E07000098,2019-09-01,1.9
E07000098,2019-10-01,1.9
E07000098,2019-11-01,1.9
E07000098,2019-12-01,1.9
E07000098,2020-01-01,1.9
E07000098,2020-02-01,1.9
E07000098,2020-03-01,2.0
E07000098,2020-04-01,3.7
E07000098,2020-05-01,5.6
E07000098,2020-06-01,5.3
E07000098,2020-07-01,5.4
E07000098,2020-08-01,5.5
E07000098,2020-09-01,5.5
E07000098,2020-10-01,5.3
E07000098,2020-11-01,5.4
E07000098,2020-12-01,5.4
E07000098,2021-01-01,5.3
E07000098,2021-02-01,5.7
E07000098,2021-03-01,5.7
E07000098,2021-04-01,5.5
E07000098,2021-05-01,5.1
E07000098,2021-06-01,4.6
E07000098,2021-07-01,4.4
E07000098,2021-08-01,4.2
E07000098,2021-09-01,3.8
E07000098,2021-10-01,3.6
E07000098,2021-11-01,3.6
E07000098,2021-12-01,3.5
E07000098,2022-01-01,3.3
E07000098,2022-02-01,3.3
E07000098,2022-03-01,3.3
E07000098,2022-04-01,3.0
E07000098,2022-05-01,3.0
E07000098,2022-06-01,2.9
E07000098,2022-07-01,2.9
E07000098,2022-08-01,2.9
E07000098,2022-09-01,2.9
E07000098,2022-10-01,2.9
E07000098,2022-11-01,2.9
E07000098,2022-12-01,2.9
E07000098,2023-01-01,2.7
E07000098,2023-02-01,2.7
E07000098,2023-03-01,2.7
E07000098,2023-04-01,2.8
E07000098,2023-05-01,2.8
E07000098,2023-06-01,2.9
E07000098,2023-07-01,2.8
E07000098,2023-08-01,2.8
E07000098,2023-09-01,2.9
E07000098,2023-10-01,2.9
E07000098,2023-11-01,3.0
E07000098,2023-12-01,3.1
E07000098,2024-01-01,3.0
E07000098,2024-02-01,3.2
E07000098,2024-03-01,3.1
E07000098,2024-04-01,3.1
E07000098,2024-05-01,3.1
E07000098,2024-06-01,3.3
E07000098,2024-07-01,3.6
E07000098,2024-08-01,3.6
E07000098,2024-09-01,3.6
E07000098,2024-10-01,3.5
E07000098,2024-11-01,3.4
E07000098,2024-12-01,3.4
E07000098,2025-01-01,3.3
E07000098,2025-02-01,3.5
E07000098,2025-03-01,3.5
E07000098,2025-04-01,3.4
E07000098,2025-05-01,3.5
E07000098,2025-06-01,3.5
E07000098,2025-07-01,3.5
E07000098,2025-08-01,3.5
E07000098,2025-09-01,3.5
E07000098,2025-10-01,3.5
E07000098,2025-11-01,3.4
E07000098,2025-12-01,3.4
E07000098,2026-01-01,3.4
E07000098,2026-02-01,3.5
E07000099,2018-01-01,1.2
E07000099,2018-02-01,1.2
E07000099,2018-03-01,1.2
E07000099,2018-04-01,1.2
E07000099,2018-05-01,1.1
E07000099,2018-06-01,1.1
E07000099,2018-07-01,1.1
E07000099,2018-08-01,1.1
E07000099,2018-09-01,1.0
E07000099,2018-10-01,1.0
E07000099,2018-11-01,1.0
E07000099,2018-12-01,1.1
E07000099,2019-01-01,1.2
E07000099,2019-02-01,1.4
E07000099,2019-03-01,1.4
E07000099,2019-04-01,1.5
E07000099,2019-05-01,1.5
E07000099,2019-06-01,1.5
E07000099,2019-07-01,1.6
E07000099,2019-08-01,1.6
E07000099,2019-09-01,1.6
E07000099,2019-10-01,1.6
E07000099,2019-11-01,1.6
E07000099,2019-12-01,1.6
E07000099,2020-01-01,1.6
E07000099,2020-02-01,1.7
E07000099,2020-03-01,1.7
E07000099,2020-04-01,3.3
E07000099,2020-05-01,4.7
E07000099,2020-06-01,4.4
E07000099,2020-07-01,4.5
E07000099,2020-08-01,4.6
E07000099,2020-09-01,4.6
E07000099,2020-10-01,4.3
E07000099,2020-11-01,4.5
E07000099,2020-12-01,4.4
E07000099,2021-01-01,4.2
E07000099,2021-02-01,4.5
E07000099,2021-03-01,4.4
E07000099,2021-04-01,4.3
E07000099,2021-05-01,4.0
E07000099,2021-06-01,3.5
E07000099,2021-07-01,3.5
E07000099,2021-08-01,3.3
E07000099,2021-09-01,3.2
E07000099,2021-10-01,3.0
E07000099,2021-11-01,2.9
E07000099,2021-12-01,2.8
E07000099,2022-01-01,2.7
E07000099,2022-02-01,2.7
E07000099,2022-03-01,2.5
E07000099,2022-04-01,2.4
E07000099,2022-05-01,2.3
E07000099,2022-06-01,2.2
E07000099,2022-07-01,2.1
E07000099,2022-08-01,2.1
E07000099,2022-09-01,2.1
E07000099,2022-10-01,2.1
E07000099,2022-11-01,2.1
E07000099,2022-12-01,2.1
E07000099,2023-01-01,2.0
E07000099,2023-02-01,2.1
E07000099,2023-03-01,2.0
E07000099,2023-04-01,2.1
E07000099,2023-05-01,2.0
E07000099,2023-06-01,2.0
E07000099,2023-07-01,2.0
E07000099,2023-08-01,2.0
E07000099,2023-09-01,2.0
E07000099,2023-10-01,2.0
E07000099,2023-11-01,2.0
E07000099,2023-12-01,2.0
E07000099,2024-01-01,2.0
E07000099,2024-02-01,2.1
E07000099,2024-03-01,2.1
E07000099,2024-04-01,2.1
E07000099,2024-05-01,2.1
E07000099,2024-06-01,2.2
E07000099,2024-07-01,2.4
E07000099,2024-08-01,2.4
E07000099,2024-09-01,2.3
E07000099,2024-10-01,2.3
E07000099,2024-11-01,2.3
E07000099,2024-12-01,2.2
E07000099,2025-01-01,2.3
E07000099,2025-02-01,2.4
E07000099,2025-03-01,2.4
E07000099,2025-04-01,2.4
E07000099,2025-05-01,2.3
E07000099,2025-06-01,2.3
E07000099,2025-07-01,2.3
E07000099,2025-08-01,2.3
E07000099,2025-09-01,2.3
E07000099,2025-10-01,2.2
E07000099,2025-11-01,2.2
E07000099,2025-12-01,2.2
E07000099,2026-01-01,2.2
E07000099,2026-02-01,2.3
E07000102,2018-01-01,0.9
E07000102,2018-02-01,0.9
E07000102,2018-03-01,1.0
E07000102,2018-04-01,1.1
E07000102,2018-05-01,1.2
E07000102,2018-06-01,1.2
E07000102,2018-07-01,1.2
E07000102,2018-08-01,1.3
E07000102,2018-09-01,1.3
E07000102,2018-10-01,1.4
E07000102,2018-11-01,1.4
E07000102,2018-12-01,1.4
E07000102,2019-01-01,1.4
E07000102,2019-02-01,1.5
E07000102,2019-03-01,1.5
E07000102,2019-04-01,1.5
E07000102,2019-05-01,1.5
E07000102,2019-06-01,1.6
E07000102,2019-07-01,1.6
E07000102,2019-08-01,1.6
E07000102,2019-09-01,1.6
E07000102,2019-10-01,1.6
E07000102,2019-11-01,1.6
E07000102,2019-12-01,1.6
E07000102,2020-01-01,1.6
E07000102,2020-02-01,1.6
E07000102,2020-03-01,1.7
E07000102,2020-04-01,3.1
E07000102,2020-05-01,4.6
E07000102,2020-06-01,4.4
E07000102,2020-07-01,4.6
E07000102,2020-08-01,4.8
E07000102,2020-09-01,4.7
E07000102,2020-10-01,4.5
E07000102,2020-11-01,4.5
E07000102,2020-12-01,4.6
E07000102,2021-01-01,4.4
E07000102,2021-02-01,4.5
E07000102,2021-03-01,4.5
E07000102,2021-04-01,4.4
E07000102,2021-05-01,4.0
E07000102,2021-06-01,3.5
E07000102,2021-07-01,3.4
E07000102,2021-08-01,3.2
E07000102,2021-09-01,2.9
E07000102,2021-10-01,2.8
E07000102,2021-11-01,2.6
E07000102,2021-12-01,2.5
E07000102,2022-01-01,2.4
E07000102,2022-02-01,2.4
E07000102,2022-03-01,2.3
E07000102,2022-04-01,2.2
E07000102,2022-05-01,2.1
E07000102,2022-06-01,2.2
E07000102,2022-07-01,2.2
E07000102,2022-08-01,2.1
E07000102,2022-09-01,2.2
E07000102,2022-10-01,2.2
E07000102,2022-11-01,2.2
E07000102,2022-12-01,2.1
E07000102,2023-01-01,2.0
E07000102,2023-02-01,2.2
E07000102,2023-03-01,2.2
E07000102,2023-04-01,2.2
E07000102,2023-05-01,2.2
E07000102,2023-06-01,2.2
E07000102,2023-07-01,2.3
E07000102,2023-08-01,2.3
E07000102,2023-09-01,2.3
E07000102,2023-10-01,2.4
E07000102,2023-11-01,2.4
E07000102,2023-12-01,2.4
E07000102,2024-01-01,2.4
E07000102,2024-02-01,2.5
E07000102,2024-03-01,2.4
E07000102,2024-04-01,2.4
E07000102,2024-05-01,2.5
E07000102,2024-06-01,2.5
E07000102,2024-07-01,2.7
E07000102,2024-08-01,2.7
E07000102,2024-09-01,2.8
E07000102,2024-10-01,2.8
E07000102,2024-11-01,2.7
E07000102,2024-12-01,2.7
E07000102,2025-01-01,2.7
E07000102,2025-02-01,2.8
E07000102,2025-03-01,2.8
E07000102,2025-04-01,2.7
E07000102,2025-05-01,2.8
E07000102,2025-06-01,2.8
E07000102,2025-07-01,2.7
E07000102,2025-08-01,2.6
E07000102,2025-09-01,2.6
E07000102,2025-10-01,2.7
E07000102,2025-11-01,2.6
E07000102,2025-12-01,2.6
E07000102,2026-01-01,2.6
E07000102,2026-02-01,2.7
E07000103,2018-01-01,1.3
E07000103,2018-02-01,1.4
E07000103,2018-03-01,1.5
E07000103,2018-04-01,1.7
E07000103,2018-05-01,1.7
E07000103,2018-06-01,1.8
E07000103,2018-07-01,1.9
E07000103,2018-08-01,2.0
E07000103,2018-09-01,2.0
E07000103,2018-10-01,2.1
E07000103,2018-11-01,2.1
E07000103,2018-12-01,2.1
E07000103,2019-01-01,2.1
E07000103,2019-02-01,2.2
E07000103,2019-03-01,2.2
E07000103,2019-04-01,2.2
E07000103,2019-05-01,2.2
E07000103,2019-06-01,2.3
E07000103,2019-07-01,2.3
E07000103,2019-08-01,2.3
E07000103,2019-09-01,2.3
E07000103,2019-10-01,2.3
E07000103,2019-11-01,2.3
E07000103,2019-12-01,2.3
E07000103,2020-01-01,2.3
E07000103,2020-02-01,2.4
E07000103,2020-03-01,2.5
E07000103,2020-04-01,4.1
E07000103,2020-05-01,6.1
E07000103,2020-06-01,5.9
E07000103,2020-07-01,6.1
E07000103,2020-08-01,6.3
E07000103,2020-09-01,6.2
E07000103,2020-10-01,6.0
E07000103,2020-11-01,6.2
E07000103,2020-12-01,6.2
E07000103,2021-01-01,6.2
E07000103,2021-02-01,6.5
E07000103,2021-03-01,6.4
E07000103,2021-04-01,6.3
E07000103,2021-05-01,5.8
E07000103,2021-06-01,5.3
E07000103,2021-07-01,5.0
E07000103,2021-08-01,4.7
E07000103,2021-09-01,4.4
E07000103,2021-10-01,4.2
E07000103,2021-11-01,3.9
E07000103,2021-12-01,3.7
E07000103,2022-01-01,3.6
E07000103,2022-02-01,3.6
E07000103,2022-03-01,3.5
E07000103,2022-04-01,3.3
E07000103,2022-05-01,3.2
E07000103,2022-06-01,3.2
E07000103,2022-07-01,3.2
E07000103,2022-08-01,3.2
E07000103,2022-09-01,3.2
E07000103,2022-10-01,3.1
E07000103,2022-11-01,3.2
E07000103,2022-12-01,3.2
E07000103,2023-01-01,3.1
E07000103,2023-02-01,3.2
E07000103,2023-03-01,3.2
E07000103,2023-04-01,3.5
E07000103,2023-05-01,3.4
E07000103,2023-06-01,3.5
E07000103,2023-07-01,3.7
E07000103,2023-08-01,3.6
E07000103,2023-09-01,3.6
E07000103,2023-10-01,3.7
E07000103,2023-11-01,3.7
E07000103,2023-12-01,3.7
E07000103,2024-01-01,3.7
E07000103,2024-02-01,3.9
E07000103,2024-03-01,3.8
E07000103,2024-04-01,3.8
E07000103,2024-05-01,3.8
E07000103,2024-06-01,4.0
E07000103,2024-07-01,4.3
E07000103,2024-08-01,4.4
E07000103,2024-09-01,4.6
E07000103,2024-10-01,4.6
E07000103,2024-11-01,4.5
E07000103,2024-12-01,4.4
E07000103,2025-01-01,4.3
E07000103,2025-02-01,4.5
E07000103,2025-03-01,4.5
E07000103,2025-04-01,4.5
E07000103,2025-05-01,4.5
E07000103,2025-06-01,4.6
E07000103,2025-07-01,4.5
E07000103,2025-08-01,4.5
E07000103,2025-09-01,4.4
E07000103,2025-10-01,4.3
E07000103,2025-11-01,4.2
E07000103,2025-12-01,4.2
E07000103,2026-01-01,4.3
E07000103,2026-02-01,4.5
E07000105,2018-01-01,1.7
E07000105,2018-02-01,1.7
E07000105,2018-03-01,1.8
E07000105,2018-04-01,1.7
E07000105,2018-05-01,1.7
E07000105,2018-06-01,1.7
E07000105,2018-07-01,1.7
E07000105,2018-08-01,1.7
E07000105,2018-09-01,1.8
E07000105,2018-10-01,1.9
E07000105,2018-11-01,2.1
E07000105,2018-12-01,2.1
E07000105,2019-01-01,2.2
E07000105,2019-02-01,2.3
E07000105,2019-03-01,2.4
E07000105,2019-04-01,2.3
E07000105,2019-05-01,2.4
E07000105,2019-06-01,2.4
E07000105,2019-07-01,2.5
E07000105,2019-08-01,2.5
E07000105,2019-09-01,2.5
E07000105,2019-10-01,2.6
E07000105,2019-11-01,2.6
E07000105,2019-12-01,2.6
E07000105,2020-01-01,2.6
E07000105,2020-02-01,2.7
E07000105,2020-03-01,2.8
E07000105,2020-04-01,5.0
E07000105,2020-05-01,6.2
E07000105,2020-06-01,5.8
E07000105,2020-07-01,6.0
E07000105,2020-08-01,6.2
E07000105,2020-09-01,6.0
E07000105,2020-10-01,5.8
E07000105,2020-11-01,5.8
E07000105,2020-12-01,5.7
E07000105,2021-01-01,5.6
E07000105,2021-02-01,5.8
E07000105,2021-03-01,5.7
E07000105,2021-04-01,5.5
E07000105,2021-05-01,5.1
E07000105,2021-06-01,4.7
E07000105,2021-07-01,4.6
E07000105,2021-08-01,4.4
E07000105,2021-09-01,4.2
E07000105,2021-10-01,4.0
E07000105,2021-11-01,3.9
E07000105,2021-12-01,3.8
E07000105,2022-01-01,3.7
E07000105,2022-02-01,3.7
E07000105,2022-03-01,3.5
E07000105,2022-04-01,3.3
E07000105,2022-05-01,3.2
E07000105,2022-06-01,3.0
E07000105,2022-07-01,2.9
E07000105,2022-08-01,2.9
E07000105,2022-09-01,2.9
E07000105,2022-10-01,2.8
E07000105,2022-11-01,2.8
E07000105,2022-12-01,2.8
E07000105,2023-01-01,2.8
E07000105,2023-02-01,2.8
E07000105,2023-03-01,2.9
E07000105,2023-04-01,2.9
E07000105,2023-05-01,2.8
E07000105,2023-06-01,2.9
E07000105,2023-07-01,2.9
E07000105,2023-08-01,2.9
E07000105,2023-09-01,2.9
E07000105,2023-10-01,2.9
E07000105,2023-11-01,2.9
E07000105,2023-12-01,2.9
E07000105,2024-01-01,2.9
E07000105,2024-02-01,3.0
E07000105,2024-03-01,3.0
E07000105,2024-04-01,3.0
E07000105,2024-05-01,3.0
E07000105,2024-06-01,2.9
E07000105,2024-07-01,3.2
E07000105,2024-08-01,3.1
E07000105,2024-09-01,3.1
E07000105,2024-10-01,3.1
E07000105,2024-11-01,3.1
E07000105,2024-12-01,3.1
E07000105,2025-01-01,3.1
E07000105,2025-02-01,3.1
E07000105,2025-03-01,3.1
E07000105,2025-04-01,3.0
E07000105,2025-05-01,3.0
E07000105,2025-06-01,3.0
E07000105,2025-07-01,2.9
E07000105,2025-08-01,2.9
E07000105,2025-09-01,2.9
E07000105,2025-10-01,2.9
E07000105,2025-11-01,2.9
E07000105,2025-12-01,2.9
E07000105,2026-01-01,2.9
E07000105,2026-02-01,3.0
E07000106,2018-01-01,1.4
E07000106,2018-02-01,1.5
E07000106,2018-03-01,1.5
E07000106,2018-04-01,1.5
E07000106,2018-05-01,1.4
E07000106,2018-06-01,1.4
E07000106,2018-07-01,1.3
E07000106,2018-08-01,1.3
E07000106,2018-09-01,1.4
E07000106,2018-10-01,1.6
E07000106,2018-11-01,1.7
E07000106,2018-12-01,1.9
E07000106,2019-01-01,1.9
E07000106,2019-02-01,2.1
E07000106,2019-03-01,2.1
E07000106,2019-04-01,2.1
E07000106,2019-05-01,2.2
E07000106,2019-06-01,2.2
E07000106,2019-07-01,2.3
E07000106,2019-08-01,2.3
E07000106,2019-09-01,2.3
E07000106,2019-10-01,2.3
E07000106,2019-11-01,2.3
E07000106,2019-12-01,2.3
E07000106,2020-01-01,2.4
E07000106,2020-02-01,2.4
E07000106,2020-03-01,2.5
E07000106,2020-04-01,4.7
E07000106,2020-05-01,5.6
E07000106,2020-06-01,5.3
E07000106,2020-07-01,5.5
E07000106,2020-08-01,5.6
E07000106,2020-09-01,5.5
E07000106,2020-10-01,5.2
E07000106,2020-11-01,5.2
E07000106,2020-12-01,5.2
E07000106,2021-01-01,5.2
E07000106,2021-02-01,5.4
E07000106,2021-03-01,5.3
E07000106,2021-04-01,5.2
E07000106,2021-05-01,4.8
E07000106,2021-06-01,4.4
E07000106,2021-07-01,4.3
E07000106,2021-08-01,4.1
E07000106,2021-09-01,3.9
E07000106,2021-10-01,3.8
E07000106,2021-11-01,3.8
E07000106,2021-12-01,3.6
E07000106,2022-01-01,3.5
E07000106,2022-02-01,3.6
E07000106,2022-03-01,3.5
E07000106,2022-04-01,3.3
E07000106,2022-05-01,3.1
E07000106,2022-06-01,3.0
E07000106,2022-07-01,2.9
E07000106,2022-08-01,2.9
E07000106,2022-09-01,2.9
E07000106,2022-10-01,2.9
E07000106,2022-11-01,3.0
E07000106,2022-12-01,3.1
E07000106,2023-01-01,3.0
E07000106,2023-02-01,3.1
E07000106,2023-03-01,3.2
E07000106,2023-04-01,3.2
E07000106,2023-05-01,3.1
E07000106,2023-06-01,3.2
E07000106,2023-07-01,3.1
E07000106,2023-08-01,3.1
E07000106,2023-09-01,3.1
E07000106,2023-10-01,3.1
E07000106,2023-11-01,3.2
E07000106,2023-12-01,3.2
E07000106,2024-01-01,3.3
E07000106,2024-02-01,3.4
E07000106,2024-03-01,3.4
E07000106,2024-04-01,3.3
E07000106,2024-05-01,3.2
E07000106,2024-06-01,3.2
E07000106,2024-07-01,3.4
E07000106,2024-08-01,3.4
E07000106,2024-09-01,3.3
E07000106,2024-10-01,3.4
E07000106,2024-11-01,3.3
E07000106,2024-12-01,3.3
E07000106,2025-01-01,3.3
E07000106,2025-02-01,3.4
E07000106,2025-03-01,3.4
E07000106,2025-04-01,3.3
E07000106,2025-05-01,3.2
E07000106,2025-06-01,3.2
E07000106,2025-07-01,3.1
E07000106,2025-08-01,3.0
E07000106,2025-09-01,3.1
E07000106,2025-10-01,3.1
E07000106,2025-11-01,3.2
E07000106,2025-12-01,3.2
E07000106,2026-01-01,3.2
E07000106,2026-02-01,3.3
E07000107,2018-01-01,1.1
E07000107,2018-02-01,1.1
E07000107,2018-03-01,1.2
E07000107,2018-04-01,1.1
E07000107,2018-05-01,1.1
E07000107,2018-06-01,1.0
E07000107,2018-07-01,1.0
E07000107,2018-08-01,1.0
E07000107,2018-09-01,1.1
E07000107,2018-10-01,1.2
E07000107,2018-11-01,1.2
E07000107,2018-12-01,1.3
E07000107,2019-01-01,1.3
E07000107,2019-02-01,1.5
E07000107,2019-03-01,1.6
E07000107,2019-04-01,1.6
E07000107,2019-05-01,1.6
E07000107,2019-06-01,1.8
E07000107,2019-07-01,1.8
E07000107,2019-08-01,1.9
E07000107,2019-09-01,2.0
E07000107,2019-10-01,2.1
E07000107,2019-11-01,2.0
E07000107,2019-12-01,2.0
E07000107,2020-01-01,2.1
E07000107,2020-02-01,2.2
E07000107,2020-03-01,2.2
E07000107,2020-04-01,4.2
E07000107,2020-05-01,5.6
E07000107,2020-06-01,5.3
E07000107,2020-07-01,5.4
E07000107,2020-08-01,5.5
E07000107,2020-09-01,5.4
E07000107,2020-10-01,5.1
E07000107,2020-11-01,5.2
E07000107,2020-12-01,5.3
E07000107,2021-01-01,5.1
E07000107,2021-02-01,5.4
E07000107,2021-03-01,5.4
E07000107,2021-04-01,5.3
E07000107,2021-05-01,4.9
E07000107,2021-06-01,4.5
E07000107,2021-07-01,4.4
E07000107,2021-08-01,4.1
E07000107,2021-09-01,3.9
E07000107,2021-10-01,3.6
E07000107,2021-11-01,3.4
E07000107,2021-12-01,3.3
E07000107,2022-01-01,3.2
E07000107,2022-02-01,3.1
E07000107,2022-03-01,3.0
E07000107,2022-04-01,2.9
E07000107,2022-05-01,2.8
E07000107,2022-06-01,2.8
E07000107,2022-07-01,2.7
E07000107,2022-08-01,2.7
E07000107,2022-09-01,2.7
E07000107,2022-10-01,2.8
E07000107,2022-11-01,2.8
E07000107,2022-12-01,2.8
E07000107,2023-01-01,2.7
E07000107,2023-02-01,2.8
E07000107,2023-03-01,2.8
E07000107,2023-04-01,2.9
E07000107,2023-05-01,2.8
E07000107,2023-06-01,2.9
E07000107,2023-07-01,2.9
E07000107,2023-08-01,2.8
E07000107,2023-09-01,2.8
E07000107,2023-10-01,2.9
E07000107,2023-11-01,2.9
E07000107,2023-12-01,2.9
E07000107,2024-01-01,2.8
E07000107,2024-02-01,2.9
E07000107,2024-03-01,2.9
E07000107,2024-04-01,2.8
E07000107,2024-05-01,2.9
E07000107,2024-06-01,3.0
E07000107,2024-07-01,3.2
E07000107,2024-08-01,3.2
E07000107,2024-09-01,3.2
E07000107,2024-10-01,3.0
E07000107,2024-11-01,3.0
E07000107,2024-12-01,3.0
E07000107,2025-01-01,2.9
E07000107,2025-02-01,3.0
E07000107,2025-03-01,3.0
E07000107,2025-04-01,2.9
E07000107,2025-05-01,2.9
E07000107,2025-06-01,3.0
E07000107,2025-07-01,3.0
E07000107,2025-08-01,2.9
E07000107,2025-09-01,3.0
E07000107,2025-10-01,3.1
E07000107,2025-11-01,3.0
E07000107,2025-12-01,3.0
E07000107,2026-01-01,3.1
E07000107,2026-02-01,3.2
E07000108,2018-01-01,2.9
E07000108,2018-02-01,3.1
E07000108,2018-03-01,3.1
E07000108,2018-04-01,3.4
E07000108,2018-05-01,3.2
E07000108,2018-06-01,3.2
E07000108,2018-07-01,3.2
E07000108,2018-08-01,3.2
E07000108,2018-09-01,3.2
E07000108,2018-10-01,3.3
E07000108,2018-11-01,3.3
E07000108,2018-12-01,3.5
E07000108,2019-01-01,3.5
E07000108,2019-02-01,3.6
E07000108,2019-03-01,3.6
E07000108,2019-04-01,3.7
E07000108,2019-05-01,3.6
E07000108,2019-06-01,3.6
E07000108,2019-07-01,3.6
E07000108,2019-08-01,3.6
E07000108,2019-09-01,3.6
E07000108,2019-10-01,3.7
E07000108,2019-11-01,3.6
E07000108,2019-12-01,3.6
E07000108,2020-01-01,3.6
E07000108,2020-02-01,3.7
E07000108,2020-03-01,3.8
E07000108,2020-04-01,6.4
E07000108,2020-05-01,7.1
E07000108,2020-06-01,6.8
E07000108,2020-07-01,6.9
E07000108,2020-08-01,7.0
E07000108,2020-09-01,6.9
E07000108,2020-10-01,6.7
E07000108,2020-11-01,6.7
E07000108,2020-12-01,6.7
E07000108,2021-01-01,6.5
E07000108,2021-02-01,6.7
E07000108,2021-03-01,6.6
E07000108,2021-04-01,6.4
E07000108,2021-05-01,6.0
E07000108,2021-06-01,5.5
E07000108,2021-07-01,5.4
E07000108,2021-08-01,5.1
E07000108,2021-09-01,4.9
E07000108,2021-10-01,4.8
E07000108,2021-11-01,4.7
E07000108,2021-12-01,4.5
E07000108,2022-01-01,4.5
E07000108,2022-02-01,4.5
E07000108,2022-03-01,4.3
E07000108,2022-04-01,4.1
E07000108,2022-05-01,3.9
E07000108,2022-06-01,3.7
E07000108,2022-07-01,3.6
E07000108,2022-08-01,3.6
E07000108,2022-09-01,3.6
E07000108,2022-10-01,3.6
E07000108,2022-11-01,3.7
E07000108,2022-12-01,3.8
E07000108,2023-01-01,3.8
E07000108,2023-02-01,3.8
E07000108,2023-03-01,3.9
E07000108,2023-04-01,3.8
E07000108,2023-05-01,3.8
E07000108,2023-06-01,3.7
E07000108,2023-07-01,3.8
E07000108,2023-08-01,3.7
E07000108,2023-09-01,3.7
E07000108,2023-10-01,3.7
E07000108,2023-11-01,3.8
E07000108,2023-12-01,3.9
E07000108,2024-01-01,3.9
E07000108,2024-02-01,4.0
E07000108,2024-03-01,4.0
E07000108,2024-04-01,3.8
E07000108,2024-05-01,3.8
E07000108,2024-06-01,3.7
E07000108,2024-07-01,3.9
E07000108,2024-08-01,3.8
E07000108,2024-09-01,3.8
E07000108,2024-10-01,3.7
E07000108,2024-11-01,3.7
E07000108,2024-12-01,3.6
E07000108,2025-01-01,3.5
E07000108,2025-02-01,3.6
E07000108,2025-03-01,3.5
E07000108,2025-04-01,3.4
E07000108,2025-05-01,3.4
E07000108,2025-06-01,3.3
E07000108,2025-07-01,3.3
E07000108,2025-08-01,3.3
E07000108,2025-09-01,3.2
E07000108,2025-10-01,3.3
E07000108,2025-11-01,3.4
E07000108,2025-12-01,3.4
E07000108,2026-01-01,3.5
E07000108,2026-02-01,3.6
E07000109,2018-01-01,2.1
E07000109,2018-02-01,2.2
E07000109,2018-03-01,2.2
E07000109,2018-04-01,2.1
E07000109,2018-05-01,2.1
E07000109,2018-06-01,2.1
E07000109,2018-07-01,2.1
E07000109,2018-08-01,2.2
E07000109,2018-09-01,2.2
E07000109,2018-10-01,2.3
E07000109,2018-11-01,2.4
E07000109,2018-12-01,2.4
E07000109,2019-01-01,2.5
E07000109,2019-02-01,2.6
E07000109,2019-03-01,2.7
E07000109,2019-04-01,2.9
E07000109,2019-05-01,2.9
E07000109,2019-06-01,3.0
E07000109,2019-07-01,3.2
E07000109,2019-08-01,3.2
E07000109,2019-09-01,3.3
E07000109,2019-10-01,3.2
E07000109,2019-11-01,3.3
E07000109,2019-12-01,3.4
E07000109,2020-01-01,3.4
E07000109,2020-02-01,3.5
E07000109,2020-03-01,3.5
E07000109,2020-04-01,5.7
E07000109,2020-05-01,7.4
E07000109,2020-06-01,7.2
E07000109,2020-07-01,7.2
E07000109,2020-08-01,7.4
E07000109,2020-09-01,7.4
E07000109,2020-10-01,7.2
E07000109,2020-11-01,7.2
E07000109,2020-12-01,7.2
E07000109,2021-01-01,7.1
E07000109,2021-02-01,7.4
E07000109,2021-03-01,7.5
E07000109,2021-04-01,7.4
E07000109,2021-05-01,6.9
E07000109,2021-06-01,6.4
E07000109,2021-07-01,6.2
E07000109,2021-08-01,5.9
E07000109,2021-09-01,5.6
E07000109,2021-10-01,5.3
E07000109,2021-11-01,5.0
E07000109,2021-12-01,4.9
E07000109,2022-01-01,4.7
E07000109,2022-02-01,4.7
E07000109,2022-03-01,4.5
E07000109,2022-04-01,4.3
E07000109,2022-05-01,4.1
E07000109,2022-06-01,4.0
E07000109,2022-07-01,3.9
E07000109,2022-08-01,4.0
E07000109,2022-09-01,3.9
E07000109,2022-10-01,3.9
E07000109,2022-11-01,3.9
E07000109,2022-12-01,4.0
E07000109,2023-01-01,4.0
E07000109,2023-02-01,4.0
E07000109,2023-03-01,4.2
E07000109,2023-04-01,4.4
E07000109,2023-05-01,4.2
E07000109,2023-06-01,4.2
E07000109,2023-07-01,4.2
E07000109,2023-08-01,4.1
E07000109,2023-09-01,4.2
E07000109,2023-10-01,4.2
E07000109,2023-11-01,4.2
E07000109,2023-12-01,4.2
E07000109,2024-01-01,4.2
E07000109,2024-02-01,4.3
E07000109,2024-03-01,4.3
E07000109,2024-04-01,4.4
E07000109,2024-05-01,4.3
E07000109,2024-06-01,4.3
E07000109,2024-07-01,4.7
E07000109,2024-08-01,4.6
E07000109,2024-09-01,4.6
E07000109,2024-10-01,4.6
E07000109,2024-11-01,4.4
E07000109,2024-12-01,4.4
E07000109,2025-01-01,4.4
E07000109,2025-02-01,4.4
E07000109,2025-03-01,4.4
E07000109,2025-04-01,4.4
E07000109,2025-05-01,4.3
E07000109,2025-06-01,4.5
E07000109,2025-07-01,4.4
E07000109,2025-08-01,4.3
E07000109,2025-09-01,4.3
E07000109,2025-10-01,4.3
E07000109,2025-11-01,4.1
E07000109,2025-12-01,4.1
E07000109,2026-01-01,4.1
E07000109,2026-02-01,4.2
E07000110,2018-01-01,1.2
E07000110,2018-02-01,1.2
E07000110,2018-03-01,1.2
E07000110,2018-04-01,1.2
E07000110,2018-05-01,1.2
E07000110,2018-06-01,1.1
E07000110,2018-07-01,1.1
E07000110,2018-08-01,1.1
E07000110,2018-09-01,1.1
E07000110,2018-10-01,1.1
E07000110,2018-11-01,1.1
E07000110,2018-12-01,1.1
E07000110,2019-01-01,1.2
E07000110,2019-02-01,1.3
E07000110,2019-03-01,1.4
E07000110,2019-04-01,1.6
E07000110,2019-05-01,1.6
E07000110,2019-06-01,1.7
E07000110,2019-07-01,1.8
E07000110,2019-08-01,1.8
E07000110,2019-09-01,1.9
E07000110,2019-10-01,1.9
E07000110,2019-11-01,2.0
E07000110,2019-12-01,2.0
E07000110,2020-01-01,2.0
E07000110,2020-02-01,2.1
E07000110,2020-03-01,2.1
E07000110,2020-04-01,4.0
E07000110,2020-05-01,5.4
E07000110,2020-06-01,5.0
E07000110,2020-07-01,5.1
E07000110,2020-08-01,5.2
E07000110,2020-09-01,5.1
E07000110,2020-10-01,4.8
E07000110,2020-11-01,4.9
E07000110,2020-12-01,4.9
E07000110,2021-01-01,4.7
E07000110,2021-02-01,5.0
E07000110,2021-03-01,5.0
E07000110,2021-04-01,4.9
E07000110,2021-05-01,4.6
E07000110,2021-06-01,4.2
E07000110,2021-07-01,4.1
E07000110,2021-08-01,4.1
E07000110,2021-09-01,3.9
E07000110,2021-10-01,3.7
E07000110,2021-11-01,3.6
E07000110,2021-12-01,3.5
E07000110,2022-01-01,3.4
E07000110,2022-02-01,3.4
E07000110,2022-03-01,3.2
E07000110,2022-04-01,3.0
E07000110,2022-05-01,2.8
E07000110,2022-06-01,2.8
E07000110,2022-07-01,2.7
E07000110,2022-08-01,2.7
E07000110,2022-09-01,2.7
E07000110,2022-10-01,2.7
E07000110,2022-11-01,2.7
E07000110,2022-12-01,2.7
E07000110,2023-01-01,2.7
E07000110,2023-02-01,2.7
E07000110,2023-03-01,2.7
E07000110,2023-04-01,2.8
E07000110,2023-05-01,2.7
E07000110,2023-06-01,2.8
E07000110,2023-07-01,2.8
E07000110,2023-08-01,2.8
E07000110,2023-09-01,2.8
E07000110,2023-10-01,2.9
E07000110,2023-11-01,2.9
E07000110,2023-12-01,2.9
E07000110,2024-01-01,2.9
E07000110,2024-02-01,3.0
E07000110,2024-03-01,3.0
E07000110,2024-04-01,3.0
E07000110,2024-05-01,3.0
E07000110,2024-06-01,3.0
E07000110,2024-07-01,3.3
E07000110,2024-08-01,3.2
E07000110,2024-09-01,3.3
E07000110,2024-10-01,3.3
E07000110,2024-11-01,3.1
E07000110,2024-12-01,3.1
E07000110,2025-01-01,3.1
E07000110,2025-02-01,3.2
E07000110,2025-03-01,3.2
E07000110,2025-04-01,3.1
E07000110,2025-05-01,3.2
E07000110,2025-06-01,3.2
E07000110,2025-07-01,3.1
E07000110,2025-08-01,3.1
E07000110,2025-09-01,3.2
E07000110,2025-10-01,3.2
E07000110,2025-11-01,3.2
E07000110,2025-12-01,3.2
E07000110,2026-01-01,3.3
E07000110,2026-02-01,3.5
E07000111,2018-01-01,0.8
E07000111,2018-02-01,0.8
E07000111,2018-03-01,0.8
E07000111,2018-04-01,0.8
E07000111,2018-05-01,0.8
E07000111,2018-06-01,0.7
E07000111,2018-07-01,0.7
E07000111,2018-08-01,0.7
E07000111,2018-09-01,0.7
E07000111,2018-10-01,0.7
E07000111,2018-11-01,0.7
E07000111,2018-12-01,0.8
E07000111,2019-01-01,0.9
E07000111,2019-02-01,1.0
E07000111,2019-03-01,1.0
E07000111,2019-04-01,1.0
E07000111,2019-05-01,1.1
E07000111,2019-06-01,1.1
E07000111,2019-07-01,1.2
E07000111,2019-08-01,1.2
E07000111,2019-09-01,1.3
E07000111,2019-10-01,1.3
E07000111,2019-11-01,1.3
E07000111,2019-12-01,1.3
E07000111,2020-01-01,1.3
E07000111,2020-02-01,1.4
E07000111,2020-03-01,1.4
E07000111,2020-04-01,3.1
E07000111,2020-05-01,4.3
E07000111,2020-06-01,4.0
E07000111,2020-07-01,4.1
E07000111,2020-08-01,4.2
E07000111,2020-09-01,4.2
E07000111,2020-10-01,4.0
E07000111,2020-11-01,4.1
E07000111,2020-12-01,4.1
E07000111,2021-01-01,3.9
E07000111,2021-02-01,4.2
E07000111,2021-03-01,4.1
E07000111,2021-04-01,4.1
E07000111,2021-05-01,3.7
E07000111,2021-06-01,3.3
E07000111,2021-07-01,3.3
E07000111,2021-08-01,3.1
E07000111,2021-09-01,2.9
E07000111,2021-10-01,2.7
E07000111,2021-11-01,2.6
E07000111,2021-12-01,2.5
E07000111,2022-01-01,2.4
E07000111,2022-02-01,2.3
E07000111,2022-03-01,2.2
E07000111,2022-04-01,2.1
E07000111,2022-05-01,2.0
E07000111,2022-06-01,2.0
E07000111,2022-07-01,2.0
E07000111,2022-08-01,2.0
E07000111,2022-09-01,1.9
E07000111,2022-10-01,2.0
E07000111,2022-11-01,2.0
E07000111,2022-12-01,2.0
E07000111,2023-01-01,2.0
E07000111,2023-02-01,2.0
E07000111,2023-03-01,2.0
E07000111,2023-04-01,2.1
E07000111,2023-05-01,2.0
E07000111,2023-06-01,2.0
E07000111,2023-07-01,1.9
E07000111,2023-08-01,1.9
E07000111,2023-09-01,2.0
E07000111,2023-10-01,2.1
E07000111,2023-11-01,2.1
E07000111,2023-12-01,2.1
E07000111,2024-01-01,2.0
E07000111,2024-02-01,2.1
E07000111,2024-03-01,2.0
E07000111,2024-04-01,2.0
E07000111,2024-05-01,2.0
E07000111,2024-06-01,2.1
E07000111,2024-07-01,2.2
E07000111,2024-08-01,2.1
E07000111,2024-09-01,2.2
E07000111,2024-10-01,2.1
E07000111,2024-11-01,2.1
E07000111,2024-12-01,2.1
E07000111,2025-01-01,2.1
E07000111,2025-02-01,2.2
E07000111,2025-03-01,2.2
E07000111,2025-04-01,2.1
E07000111,2025-05-01,2.1
E07000111,2025-06-01,2.1
E07000111,2025-07-01,2.1
E07000111,2025-08-01,2.1
E07000111,2025-09-01,2.2
E07000111,2025-10-01,2.2
E07000111,2025-11-01,2.2
E07000111,2025-12-01,2.1
E07000111,2026-01-01,2.2
E07000111,2026-02-01,2.3
E07000112,2018-01-01,2.3
E07000112,2018-02-01,2.5
E07000112,2018-03-01,2.5
E07000112,2018-04-01,2.5
E07000112,2018-05-01,2.5
E07000112,2018-06-01,2.3
E07000112,2018-07-01,2.3
E07000112,2018-08-01,2.3
E07000112,2018-09-01,2.5
E07000112,2018-10-01,2.7
E07000112,2018-11-01,2.8
E07000112,2018-12-01,2.9
E07000112,2019-01-01,3.0
E07000112,2019-02-01,3.2
E07000112,2019-03-01,3.3
E07000112,2019-04-01,3.3
E07000112,2019-05-01,3.4
E07000112,2019-06-01,3.5
E07000112,2019-07-01,3.4
E07000112,2019-08-01,3.4
E07000112,2019-09-01,3.5
E07000112,2019-10-01,3.5
E07000112,2019-11-01,3.6
E07000112,2019-12-01,3.7
E07000112,2020-01-01,3.8
E07000112,2020-02-01,3.9
E07000112,2020-03-01,3.8
E07000112,2020-04-01,6.7
E07000112,2020-05-01,7.7
E07000112,2020-06-01,7.3
E07000112,2020-07-01,7.5
E07000112,2020-08-01,7.7
E07000112,2020-09-01,7.7
E07000112,2020-10-01,7.4
E07000112,2020-11-01,7.5
E07000112,2020-12-01,7.6
E07000112,2021-01-01,7.4
E07000112,2021-02-01,7.6
E07000112,2021-03-01,7.4
E07000112,2021-04-01,7.3
E07000112,2021-05-01,6.8
E07000112,2021-06-01,6.2
E07000112,2021-07-01,6.1
E07000112,2021-08-01,5.7
E07000112,2021-09-01,5.5
E07000112,2021-10-01,5.5
E07000112,2021-11-01,5.3
E07000112,2021-12-01,5.2
E07000112,2022-01-01,5.1
E07000112,2022-02-01,5.1
E07000112,2022-03-01,4.8
E07000112,2022-04-01,4.5
E07000112,2022-05-01,4.3
E07000112,2022-06-01,4.1
E07000112,2022-07-01,4.1
E07000112,2022-08-01,4.0
E07000112,2022-09-01,4.0
E07000112,2022-10-01,3.9
E07000112,2022-11-01,4.0
E07000112,2022-12-01,4.0
E07000112,2023-01-01,4.0
E07000112,2023-02-01,4.0
E07000112,2023-03-01,4.0
E07000112,2023-04-01,3.9
E07000112,2023-05-01,3.8
E07000112,2023-06-01,3.8
E07000112,2023-07-01,3.8
E07000112,2023-08-01,3.8
E07000112,2023-09-01,3.8
E07000112,2023-10-01,3.8
E07000112,2023-11-01,3.9
E07000112,2023-12-01,4.0
E07000112,2024-01-01,4.1
E07000112,2024-02-01,4.2
E07000112,2024-03-01,4.1
E07000112,2024-04-01,4.0
E07000112,2024-05-01,3.9
E07000112,2024-06-01,3.8
E07000112,2024-07-01,4.1
E07000112,2024-08-01,4.1
E07000112,2024-09-01,4.1
E07000112,2024-10-01,4.1
E07000112,2024-11-01,4.1
E07000112,2024-12-01,4.1
E07000112,2025-01-01,4.0
E07000112,2025-02-01,4.1
E07000112,2025-03-01,4.1
E07000112,2025-04-01,4.0
E07000112,2025-05-01,3.9
E07000112,2025-06-01,3.9
E07000112,2025-07-01,3.7
E07000112,2025-08-01,3.7
E07000112,2025-09-01,3.7
E07000112,2025-10-01,3.7
E07000112,2025-11-01,3.8
E07000112,2025-12-01,3.8
E07000112,2026-01-01,3.8
E07000112,2026-02-01,3.9
E07000113,2018-01-01,2.2
E07000113,2018-02-01,2.3
E07000113,2018-03-01,2.5
E07000113,2018-04-01,2.7
E07000113,2018-05-01,2.7
E07000113,2018-06-01,2.7
E07000113,2018-07-01,2.7
E07000113,2018-08-01,2.8
E07000113,2018-09-01,2.9
E07000113,2018-10-01,2.9
E07000113,2018-11-01,3.0
E07000113,2018-12-01,3.0
E07000113,2019-01-01,3.0
E07000113,2019-02-01,3.2
E07000113,2019-03-01,3.2
E07000113,2019-04-01,3.2
E07000113,2019-05-01,3.2
E07000113,2019-06-01,3.2
E07000113,2019-07-01,3.2
E07000113,2019-08-01,3.2
E07000113,2019-09-01,3.3
E07000113,2019-10-01,3.4
E07000113,2019-11-01,3.4
E07000113,2019-12-01,3.4
E07000113,2020-01-01,3.5
E07000113,2020-02-01,3.5
E07000113,2020-03-01,3.6
E07000113,2020-04-01,6.0
E07000113,2020-05-01,6.9
E07000113,2020-06-01,6.6
E07000113,2020-07-01,6.6
E07000113,2020-08-01,6.6
E07000113,2020-09-01,6.6
E07000113,2020-10-01,6.3
E07000113,2020-11-01,6.4
E07000113,2020-12-01,6.4
E07000113,2021-01-01,6.2
E07000113,2021-02-01,6.4
E07000113,2021-03-01,6.4
E07000113,2021-04-01,6.3
E07000113,2021-05-01,5.9
E07000113,2021-06-01,5.5
E07000113,2021-07-01,5.4
E07000113,2021-08-01,5.2
E07000113,2021-09-01,5.1
E07000113,2021-10-01,4.8
E07000113,2021-11-01,4.7
E07000113,2021-12-01,4.5
E07000113,2022-01-01,4.4
E07000113,2022-02-01,4.4
E07000113,2022-03-01,4.2
E07000113,2022-04-01,4.0
E07000113,2022-05-01,3.8
E07000113,2022-06-01,3.6
E07000113,2022-07-01,3.5
E07000113,2022-08-01,3.5
E07000113,2022-09-01,3.5
E07000113,2022-10-01,3.5
E07000113,2022-11-01,3.5
E07000113,2022-12-01,3.6
E07000113,2023-01-01,3.6
E07000113,2023-02-01,3.7
E07000113,2023-03-01,3.6
E07000113,2023-04-01,3.6
E07000113,2023-05-01,3.5
E07000113,2023-06-01,3.4
E07000113,2023-07-01,3.5
E07000113,2023-08-01,3.4
E07000113,2023-09-01,3.4
E07000113,2023-10-01,3.5
E07000113,2023-11-01,3.6
E07000113,2023-12-01,3.6
E07000113,2024-01-01,3.6
E07000113,2024-02-01,3.7
E07000113,2024-03-01,3.6
E07000113,2024-04-01,3.6
E07000113,2024-05-01,3.6
E07000113,2024-06-01,3.5
E07000113,2024-07-01,3.7
E07000113,2024-08-01,3.7
E07000113,2024-09-01,3.7
E07000113,2024-10-01,3.6
E07000113,2024-11-01,3.6
E07000113,2024-12-01,3.5
E07000113,2025-01-01,3.5
E07000113,2025-02-01,3.6
E07000113,2025-03-01,3.6
E07000113,2025-04-01,3.5
E07000113,2025-05-01,3.4
E07000113,2025-06-01,3.4
E07000113,2025-07-01,3.4
E07000113,2025-08-01,3.4
E07000113,2025-09-01,3.5
E07000113,2025-10-01,3.5
E07000113,2025-11-01,3.4
E07000113,2025-12-01,3.5
E07000113,2026-01-01,3.5
E07000113,2026-02-01,3.8
E07000114,2018-01-01,4.2
E07000114,2018-02-01,4.4
E07000114,2018-03-01,4.5
E07000114,2018-04-01,5.0
E07000114,2018-05-01,4.9
E07000114,2018-06-01,4.8
E07000114,2018-07-01,4.8
E07000114,2018-08-01,4.8
E07000114,2018-09-01,4.8
E07000114,2018-10-01,4.9
E07000114,2018-11-01,5.0
E07000114,2018-12-01,5.1
E07000114,2019-01-01,5.2
E07000114,2019-02-01,5.4
E07000114,2019-03-01,5.4
E07000114,2019-04-01,5.3
E07000114,2019-05-01,5.3
E07000114,2019-06-01,5.3
E07000114,2019-07-01,5.3
E07000114,2019-08-01,5.3
E07000114,2019-09-01,5.2
E07000114,2019-10-01,5.3
E07000114,2019-11-01,5.3
E07000114,2019-12-01,5.3
E07000114,2020-01-01,5.5
E07000114,2020-02-01,5.7
E07000114,2020-03-01,5.7
E07000114,2020-04-01,9.0
E07000114,2020-05-01,10.8
E07000114,2020-06-01,10.2
E07000114,2020-07-01,10.4
E07000114,2020-08-01,10.6
E07000114,2020-09-01,10.4
E07000114,2020-10-01,9.9
E07000114,2020-11-01,10.2
E07000114,2020-12-01,10.1
E07000114,2021-01-01,9.6
E07000114,2021-02-01,9.9
E07000114,2021-03-01,9.6
E07000114,2021-04-01,9.5
E07000114,2021-05-01,9.1
E07000114,2021-06-01,8.5
E07000114,2021-07-01,8.3
E07000114,2021-08-01,8.0
E07000114,2021-09-01,7.6
E07000114,2021-10-01,7.4
E07000114,2021-11-01,7.2
E07000114,2021-12-01,7.1
E07000114,2022-01-01,7.1
E07000114,2022-02-01,7.1
E07000114,2022-03-01,6.7
E07000114,2022-04-01,6.3
E07000114,2022-05-01,6.1
E07000114,2022-06-01,5.8
E07000114,2022-07-01,5.7
E07000114,2022-08-01,5.6
E07000114,2022-09-01,5.6
E07000114,2022-10-01,5.6
E07000114,2022-11-01,5.6
E07000114,2022-12-01,5.7
E07000114,2023-01-01,5.6
E07000114,2023-02-01,5.6
E07000114,2023-03-01,5.7
E07000114,2023-04-01,5.8
E07000114,2023-05-01,5.5
E07000114,2023-06-01,5.6
E07000114,2023-07-01,5.5
E07000114,2023-08-01,5.4
E07000114,2023-09-01,5.3
E07000114,2023-10-01,5.3
E07000114,2023-11-01,5.4
E07000114,2023-12-01,5.5
E07000114,2024-01-01,5.5
E07000114,2024-02-01,5.6
E07000114,2024-03-01,5.5
E07000114,2024-04-01,5.3
E07000114,2024-05-01,5.2
E07000114,2024-06-01,5.1
E07000114,2024-07-01,5.5
E07000114,2024-08-01,5.5
E07000114,2024-09-01,5.4
E07000114,2024-10-01,5.5
E07000114,2024-11-01,5.5
E07000114,2024-12-01,5.5
E07000114,2025-01-01,5.4
E07000114,2025-02-01,5.5
E07000114,2025-03-01,5.5
E07000114,2025-04-01,5.4
E07000114,2025-05-01,5.3
E07000114,2025-06-01,5.1
E07000114,2025-07-01,4.9
E07000114,2025-08-01,4.9
E07000114,2025-09-01,4.9
E07000114,2025-10-01,5.0
E07000114,2025-11-01,5.2
E07000114,2025-12-01,5.2
E07000114,2026-01-01,5.2
E07000114,2026-02-01,5.4
E07000115,2018-01-01,1.0
E07000115,2018-02-01,1.0
E07000115,2018-03-01,1.0
E07000115,2018-04-01,1.0
E07000115,2018-05-01,0.9
E07000115,2018-06-01,0.9
E07000115,2018-07-01,0.9
E07000115,2018-08-01,0.9
E07000115,2018-09-01,0.9
E07000115,2018-10-01,0.8
E07000115,2018-11-01,0.8
E07000115,2018-12-01,0.8
E07000115,2019-01-01,0.9
E07000115,2019-02-01,1.0
E07000115,2019-03-01,1.0
E07000115,2019-04-01,1.1
E07000115,2019-05-01,1.1
E07000115,2019-06-01,1.2
E07000115,2019-07-01,1.3
E07000115,2019-08-01,1.4
E07000115,2019-09-01,1.4
E07000115,2019-10-01,1.5
E07000115,2019-11-01,1.5
E07000115,2019-12-01,1.5
E07000115,2020-01-01,1.5
E07000115,2020-02-01,1.6
E07000115,2020-03-01,1.6
E07000115,2020-04-01,3.2
E07000115,2020-05-01,4.4
E07000115,2020-06-01,4.1
E07000115,2020-07-01,4.2
E07000115,2020-08-01,4.3
E07000115,2020-09-01,4.4
E07000115,2020-10-01,4.2
E07000115,2020-11-01,4.1
E07000115,2020-12-01,4.1
E07000115,2021-01-01,4.0
E07000115,2021-02-01,4.2
E07000115,2021-03-01,4.1
E07000115,2021-04-01,4.1
E07000115,2021-05-01,3.8
E07000115,2021-06-01,3.4
E07000115,2021-07-01,3.4
E07000115,2021-08-01,3.2
E07000115,2021-09-01,3.0
E07000115,2021-10-01,2.8
E07000115,2021-11-01,2.7
E07000115,2021-12-01,2.5
E07000115,2022-01-01,2.4
E07000115,2022-02-01,2.4
E07000115,2022-03-01,2.3
E07000115,2022-04-01,2.1
E07000115,2022-05-01,2.1
E07000115,2022-06-01,2.0
E07000115,2022-07-01,2.0
E07000115,2022-08-01,2.0
E07000115,2022-09-01,1.9
E07000115,2022-10-01,2.0
E07000115,2022-11-01,2.0
E07000115,2022-12-01,2.1
E07000115,2023-01-01,2.0
E07000115,2023-02-01,2.0
E07000115,2023-03-01,2.1
E07000115,2023-04-01,2.1
E07000115,2023-05-01,2.0
E07000115,2023-06-01,2.0
E07000115,2023-07-01,2.1
E07000115,2023-08-01,2.1
E07000115,2023-09-01,2.1
E07000115,2023-10-01,2.1
E07000115,2023-11-01,2.1
E07000115,2023-12-01,2.2
E07000115,2024-01-01,2.1
E07000115,2024-02-01,2.2
E07000115,2024-03-01,2.2
E07000115,2024-04-01,2.1
E07000115,2024-05-01,2.1
E07000115,2024-06-01,2.1
E07000115,2024-07-01,2.3
E07000115,2024-08-01,2.2
E07000115,2024-09-01,2.3
E07000115,2024-10-01,2.3
E07000115,2024-11-01,2.2
E07000115,2024-12-01,2.2
E07000115,2025-01-01,2.2
E07000115,2025-02-01,2.4
E07000115,2025-03-01,2.3
E07000115,2025-04-01,2.3
E07000115,2025-05-01,2.3
E07000115,2025-06-01,2.4
E07000115,2025-07-01,2.3
E07000115,2025-08-01,2.3
E07000115,2025-09-01,2.3
E07000115,2025-10-01,2.4
E07000115,2025-11-01,2.4
E07000115,2025-12-01,2.3
E07000115,2026-01-01,2.4
E07000115,2026-02-01,2.5
E07000116,2018-01-01,1.0
E07000116,2018-02-01,1.0
E07000116,2018-03-01,1.0
E07000116,2018-04-01,0.9
E07000116,2018-05-01,0.9
E07000116,2018-06-01,0.9
E07000116,2018-07-01,0.8
E07000116,2018-08-01,0.8
E07000116,2018-09-01,0.8
E07000116,2018-10-01,0.8
E07000116,2018-11-01,0.8
E07000116,2018-12-01,0.8
E07000116,2019-01-01,0.9
E07000116,2019-02-01,1.0
E07000116,2019-03-01,1.2
E07000116,2019-04-01,1.2
E07000116,2019-05-01,1.2
E07000116,2019-06-01,1.3
E07000116,2019-07-01,1.3
E07000116,2019-08-01,1.3
E07000116,2019-09-01,1.4
E07000116,2019-10-01,1.5
E07000116,2019-11-01,1.5
E07000116,2019-12-01,1.5
E07000116,2020-01-01,1.6
E07000116,2020-02-01,1.6
E07000116,2020-03-01,1.6
E07000116,2020-04-01,3.3
E07000116,2020-05-01,4.7
E07000116,2020-06-01,4.3
E07000116,2020-07-01,4.5
E07000116,2020-08-01,4.7
E07000116,2020-09-01,4.6
E07000116,2020-10-01,4.4
E07000116,2020-11-01,4.4
E07000116,2020-12-01,4.4
E07000116,2021-01-01,4.4
E07000116,2021-02-01,4.6
E07000116,2021-03-01,4.6
E07000116,2021-04-01,4.4
E07000116,2021-05-01,4.0
E07000116,2021-06-01,3.6
E07000116,2021-07-01,3.6
E07000116,2021-08-01,3.4
E07000116,2021-09-01,3.2
E07000116,2021-10-01,3.1
E07000116,2021-11-01,3.0
E07000116,2021-12-01,2.8
E07000116,2022-01-01,2.8
E07000116,2022-02-01,2.7
E07000116,2022-03-01,2.7
E07000116,2022-04-01,2.5
E07000116,2022-05-01,2.4
E07000116,2022-06-01,2.3
E07000116,2022-07-01,2.3
E07000116,2022-08-01,2.3
E07000116,2022-09-01,2.3
E07000116,2022-10-01,2.3
E07000116,2022-11-01,2.2
E07000116,2022-12-01,2.2
E07000116,2023-01-01,2.2
E07000116,2023-02-01,2.2
E07000116,2023-03-01,2.3
E07000116,2023-04-01,2.3
E07000116,2023-05-01,2.3
E07000116,2023-06-01,2.4
E07000116,2023-07-01,2.3
E07000116,2023-08-01,2.4
E07000116,2023-09-01,2.3
E07000116,2023-10-01,2.3
E07000116,2023-11-01,2.3
E07000116,2023-12-01,2.3
E07000116,2024-01-01,2.2
E07000116,2024-02-01,2.3
E07000116,2024-03-01,2.3
E07000116,2024-04-01,2.3
E07000116,2024-05-01,2.3
E07000116,2024-06-01,2.3
E07000116,2024-07-01,2.5
E07000116,2024-08-01,2.5
E07000116,2024-09-01,2.6
E07000116,2024-10-01,2.6
E07000116,2024-11-01,2.6
E07000116,2024-12-01,2.5
E07000116,2025-01-01,2.5
E07000116,2025-02-01,2.5
E07000116,2025-03-01,2.5
E07000116,2025-04-01,2.4
E07000116,2025-05-01,2.4
E07000116,2025-06-01,2.3
E07000116,2025-07-01,2.3
E07000116,2025-08-01,2.3
E07000116,2025-09-01,2.4
E07000116,2025-10-01,2.4
E07000116,2025-11-01,2.4
E07000116,2025-12-01,2.3
E07000116,2026-01-01,2.3
E07000116,2026-02-01,2.5
E07000117,2018-01-01,4.1
E07000117,2018-02-01,4.4
E07000117,2018-03-01,4.5
E07000117,2018-04-01,4.9
E07000117,2018-05-01,4.6
E07000117,2018-06-01,4.6
E07000117,2018-07-01,4.6
E07000117,2018-08-01,4.7
E07000117,2018-09-01,4.6
E07000117,2018-10-01,4.8
E07000117,2018-11-01,4.8
E07000117,2018-12-01,4.8
E07000117,2019-01-01,4.8
E07000117,2019-02-01,5.0
E07000117,2019-03-01,4.9
E07000117,2019-04-01,4.9
E07000117,2019-05-01,4.8
E07000117,2019-06-01,4.8
E07000117,2019-07-01,4.8
E07000117,2019-08-01,4.8
E07000117,2019-09-01,4.8
E07000117,2019-10-01,4.8
E07000117,2019-11-01,4.8
E07000117,2019-12-01,4.9
E07000117,2020-01-01,4.9
E07000117,2020-02-01,4.9
E07000117,2020-03-01,5.0
E07000117,2020-04-01,7.0
E07000117,2020-05-01,8.3
E07000117,2020-06-01,8.2
E07000117,2020-07-01,8.3
E07000117,2020-08-01,8.3
E07000117,2020-09-01,8.2
E07000117,2020-10-01,8.1
E07000117,2020-11-01,8.1
E07000117,2020-12-01,8.2
E07000117,2021-01-01,8.1
E07000117,2021-02-01,8.5
E07000117,2021-03-01,8.5
E07000117,2021-04-01,8.3
E07000117,2021-05-01,7.8
E07000117,2021-06-01,7.5
E07000117,2021-07-01,7.3
E07000117,2021-08-01,7.1
E07000117,2021-09-01,6.9
E07000117,2021-10-01,6.6
E07000117,2021-11-01,6.2
E07000117,2021-12-01,6.0
E07000117,2022-01-01,5.7
E07000117,2022-02-01,5.7
E07000117,2022-03-01,5.3
E07000117,2022-04-01,5.0
E07000117,2022-05-01,5.0
E07000117,2022-06-01,4.9
E07000117,2022-07-01,5.0
E07000117,2022-08-01,5.0
E07000117,2022-09-01,4.9
E07000117,2022-10-01,4.9
E07000117,2022-11-01,5.0
E07000117,2022-12-01,5.1
E07000117,2023-01-01,5.0
E07000117,2023-02-01,5.1
E07000117,2023-03-01,5.3
E07000117,2023-04-01,5.5
E07000117,2023-05-01,5.2
E07000117,2023-06-01,5.2
E07000117,2023-07-01,5.3
E07000117,2023-08-01,5.3
E07000117,2023-09-01,5.2
E07000117,2023-10-01,5.3
E07000117,2023-11-01,5.3
E07000117,2023-12-01,5.4
E07000117,2024-01-01,5.5
E07000117,2024-02-01,5.7
E07000117,2024-03-01,5.9
E07000117,2024-04-01,6.0
E07000117,2024-05-01,6.0
E07000117,2024-06-01,5.9
E07000117,2024-07-01,6.6
E07000117,2024-08-01,6.6
E07000117,2024-09-01,6.5
E07000117,2024-10-01,6.4
E07000117,2024-11-01,6.2
E07000117,2024-12-01,6.3
E07000117,2025-01-01,6.1
E07000117,2025-02-01,6.1
E07000117,2025-03-01,6.1
E07000117,2025-04-01,5.8
E07000117,2025-05-01,5.7
E07000117,2025-06-01,5.7
E07000117,2025-07-01,5.5
E07000117,2025-08-01,5.5
E07000117,2025-09-01,5.4
E07000117,2025-10-01,5.5
E07000117,2025-11-01,5.5
E07000117,2025-12-01,5.4
E07000117,2026-01-01,5.5
E07000117,2026-02-01,5.8
E07000118,2018-01-01,1.6
E07000118,2018-02-01,1.6
E07000118,2018-03-01,1.6
E07000118,2018-04-01,1.6
E07000118,2018-05-01,1.6
E07000118,2018-06-01,1.6
E07000118,2018-07-01,1.5
E07000118,2018-08-01,1.5
E07000118,2018-09-01,1.5
E07000118,2018-10-01,1.6
E07000118,2018-11-01,1.7
E07000118,2018-12-01,1.8
E07000118,2019-01-01,1.9
E07000118,2019-02-01,2.0
E07000118,2019-03-01,2.0
E07000118,2019-04-01,2.0
E07000118,2019-05-01,2.0
E07000118,2019-06-01,2.0
E07000118,2019-07-01,2.0
E07000118,2019-08-01,2.1
E07000118,2019-09-01,2.1
E07000118,2019-10-01,2.2
E07000118,2019-11-01,2.2
E07000118,2019-12-01,2.2
E07000118,2020-01-01,2.2
E07000118,2020-02-01,2.3
E07000118,2020-03-01,2.3
E07000118,2020-04-01,4.2
E07000118,2020-05-01,5.0
E07000118,2020-06-01,4.7
E07000118,2020-07-01,4.7
E07000118,2020-08-01,4.7
E07000118,2020-09-01,4.6
E07000118,2020-10-01,4.3
E07000118,2020-11-01,4.4
E07000118,2020-12-01,4.3
E07000118,2021-01-01,4.2
E07000118,2021-02-01,4.5
E07000118,2021-03-01,4.4
E07000118,2021-04-01,4.3
E07000118,2021-05-01,4.0
E07000118,2021-06-01,3.7
E07000118,2021-07-01,3.6
E07000118,2021-08-01,3.4
E07000118,2021-09-01,3.3
E07000118,2021-10-01,3.2
E07000118,2021-11-01,3.1
E07000118,2021-12-01,2.9
E07000118,2022-01-01,2.9
E07000118,2022-02-01,2.9
E07000118,2022-03-01,2.8
E07000118,2022-04-01,2.6
E07000118,2022-05-01,2.6
E07000118,2022-06-01,2.5
E07000118,2022-07-01,2.5
E07000118,2022-08-01,2.5
E07000118,2022-09-01,2.5
E07000118,2022-10-01,2.5
E07000118,2022-11-01,2.6
E07000118,2022-12-01,2.6
E07000118,2023-01-01,2.5
E07000118,2023-02-01,2.6
E07000118,2023-03-01,2.7
E07000118,2023-04-01,2.6
E07000118,2023-05-01,2.5
E07000118,2023-06-01,2.4
E07000118,2023-07-01,2.4
E07000118,2023-08-01,2.3
E07000118,2023-09-01,2.3
E07000118,2023-10-01,2.3
E07000118,2023-11-01,2.4
E07000118,2023-12-01,2.4
E07000118,2024-01-01,2.4
E07000118,2024-02-01,2.5
E07000118,2024-03-01,2.6
E07000118,2024-04-01,2.5
E07000118,2024-05-01,2.6
E07000118,2024-06-01,2.5
E07000118,2024-07-01,2.7
E07000118,2024-08-01,2.7
E07000118,2024-09-01,2.7
E07000118,2024-10-01,2.6
E07000118,2024-11-01,2.6
E07000118,2024-12-01,2.5
E07000118,2025-01-01,2.5
E07000118,2025-02-01,2.5
E07000118,2025-03-01,2.4
E07000118,2025-04-01,2.4
E07000118,2025-05-01,2.3
E07000118,2025-06-01,2.4
E07000118,2025-07-01,2.3
E07000118,2025-08-01,2.4
E07000118,2025-09-01,2.4
E07000118,2025-10-01,2.4
E07000118,2025-11-01,2.2
E07000118,2025-12-01,2.2
E07000118,2026-01-01,2.3
E07000118,2026-02-01,2.4
E07000119,2018-01-01,1.4
E07000119,2018-02-01,1.5
E07000119,2018-03-01,1.5
E07000119,2018-04-01,1.5
E07000119,2018-05-01,1.4
E07000119,2018-06-01,1.3
E07000119,2018-07-01,1.3
E07000119,2018-08-01,1.3
E07000119,2018-09-01,1.3
E07000119,2018-10-01,1.3
E07000119,2018-11-01,1.3
E07000119,2018-12-01,1.4
E07000119,2019-01-01,1.5
E07000119,2019-02-01,1.6
E07000119,2019-03-01,1.7
E07000119,2019-04-01,1.7
E07000119,2019-05-01,1.8
E07000119,2019-06-01,1.9
E07000119,2019-07-01,2.0
E07000119,2019-08-01,2.0
E07000119,2019-09-01,2.1
E07000119,2019-10-01,2.2
E07000119,2019-11-01,2.3
E07000119,2019-12-01,2.2
E07000119,2020-01-01,2.3
E07000119,2020-02-01,2.3
E07000119,2020-03-01,2.3
E07000119,2020-04-01,4.9
E07000119,2020-05-01,6.0
E07000119,2020-06-01,5.6
E07000119,2020-07-01,5.7
E07000119,2020-08-01,5.7
E07000119,2020-09-01,5.4
E07000119,2020-10-01,5.3
E07000119,2020-11-01,5.4
E07000119,2020-12-01,5.4
E07000119,2021-01-01,5.1
E07000119,2021-02-01,5.3
E07000119,2021-03-01,5.2
E07000119,2021-04-01,4.9
E07000119,2021-05-01,4.6
E07000119,2021-06-01,4.1
E07000119,2021-07-01,4.0
E07000119,2021-08-01,3.8
E07000119,2021-09-01,3.5
E07000119,2021-10-01,3.4
E07000119,2021-11-01,3.4
E07000119,2021-12-01,3.2
E07000119,2022-01-01,3.3
E07000119,2022-02-01,3.2
E07000119,2022-03-01,3.1
E07000119,2022-04-01,2.9
E07000119,2022-05-01,2.8
E07000119,2022-06-01,2.7
E07000119,2022-07-01,2.7
E07000119,2022-08-01,2.7
E07000119,2022-09-01,2.6
E07000119,2022-10-01,2.6
E07000119,2022-11-01,2.6
E07000119,2022-12-01,2.8
E07000119,2023-01-01,2.7
E07000119,2023-02-01,2.8
E07000119,2023-03-01,2.9
E07000119,2023-04-01,2.8
E07000119,2023-05-01,2.6
E07000119,2023-06-01,2.6
E07000119,2023-07-01,2.6
E07000119,2023-08-01,2.5
E07000119,2023-09-01,2.4
E07000119,2023-10-01,2.4
E07000119,2023-11-01,2.5
E07000119,2023-12-01,2.8
E07000119,2024-01-01,2.8
E07000119,2024-02-01,2.8
E07000119,2024-03-01,2.7
E07000119,2024-04-01,2.7
E07000119,2024-05-01,2.6
E07000119,2024-06-01,2.6
E07000119,2024-07-01,2.8
E07000119,2024-08-01,2.8
E07000119,2024-09-01,2.8
E07000119,2024-10-01,2.8
E07000119,2024-11-01,2.8
E07000119,2024-12-01,2.7
E07000119,2025-01-01,2.8
E07000119,2025-02-01,2.9
E07000119,2025-03-01,2.8
E07000119,2025-04-01,2.8
E07000119,2025-05-01,2.7
E07000119,2025-06-01,2.7
E07000119,2025-07-01,2.6
E07000119,2025-08-01,2.6
E07000119,2025-09-01,2.6
E07000119,2025-10-01,2.5
E07000119,2025-11-01,2.6
E07000119,2025-12-01,2.7
E07000119,2026-01-01,2.7
E07000119,2026-02-01,2.9
E07000120,2018-01-01,2.7
E07000120,2018-02-01,2.9
E07000120,2018-03-01,2.9
E07000120,2018-04-01,2.9
E07000120,2018-05-01,3.1
E07000120,2018-06-01,3.3
E07000120,2018-07-01,3.4
E07000120,2018-08-01,3.6
E07000120,2018-09-01,3.7
E07000120,2018-10-01,3.6
E07000120,2018-11-01,3.6
E07000120,2018-12-01,3.6
E07000120,2019-01-01,3.7
E07000120,2019-02-01,4.0
E07000120,2019-03-01,4.0
E07000120,2019-04-01,4.0
E07000120,2019-05-01,4.0
E07000120,2019-06-01,4.1
E07000120,2019-07-01,4.1
E07000120,2019-08-01,4.3
E07000120,2019-09-01,4.2
E07000120,2019-10-01,4.3
E07000120,2019-11-01,4.2
E07000120,2019-12-01,4.3
E07000120,2020-01-01,4.2
E07000120,2020-02-01,4.4
E07000120,2020-03-01,4.4
E07000120,2020-04-01,7.1
E07000120,2020-05-01,8.0
E07000120,2020-06-01,7.8
E07000120,2020-07-01,7.9
E07000120,2020-08-01,8.0
E07000120,2020-09-01,7.8
E07000120,2020-10-01,7.5
E07000120,2020-11-01,7.7
E07000120,2020-12-01,7.6
E07000120,2021-01-01,7.7
E07000120,2021-02-01,8.2
E07000120,2021-03-01,8.0
E07000120,2021-04-01,7.9
E07000120,2021-05-01,7.5
E07000120,2021-06-01,7.1
E07000120,2021-07-01,7.0
E07000120,2021-08-01,6.8
E07000120,2021-09-01,6.6
E07000120,2021-10-01,6.2
E07000120,2021-11-01,6.0
E07000120,2021-12-01,5.8
E07000120,2022-01-01,5.6
E07000120,2022-02-01,5.7
E07000120,2022-03-01,5.5
E07000120,2022-04-01,5.3
E07000120,2022-05-01,5.2
E07000120,2022-06-01,5.3
E07000120,2022-07-01,5.2
E07000120,2022-08-01,5.2
E07000120,2022-09-01,5.2
E07000120,2022-10-01,5.1
E07000120,2022-11-01,5.0
E07000120,2022-12-01,5.2
E07000120,2023-01-01,5.2
E07000120,2023-02-01,5.4
E07000120,2023-03-01,5.6
E07000120,2023-04-01,5.6
E07000120,2023-05-01,5.3
E07000120,2023-06-01,5.4
E07000120,2023-07-01,5.3
E07000120,2023-08-01,5.2
E07000120,2023-09-01,5.1
E07000120,2023-10-01,5.1
E07000120,2023-11-01,5.1
E07000120,2023-12-01,5.1
E07000120,2024-01-01,5.2
E07000120,2024-02-01,5.4
E07000120,2024-03-01,5.7
E07000120,2024-04-01,5.7
E07000120,2024-05-01,6.0
E07000120,2024-06-01,5.9
E07000120,2024-07-01,6.2
E07000120,2024-08-01,6.2
E07000120,2024-09-01,5.9
E07000120,2024-10-01,5.9
E07000120,2024-11-01,5.8
E07000120,2024-12-01,5.7
E07000120,2025-01-01,5.6
E07000120,2025-02-01,5.8
E07000120,2025-03-01,5.6
E07000120,2025-04-01,5.5
E07000120,2025-05-01,5.3
E07000120,2025-06-01,5.4
E07000120,2025-07-01,5.3
E07000120,2025-08-01,5.2
E07000120,2025-09-01,5.2
E07000120,2025-10-01,5.2
E07000120,2025-11-01,5.2
E07000120,2025-12-01,5.2
E07000120,2026-01-01,5.3
E07000120,2026-02-01,5.5
E07000121,2018-01-01,2.7
E07000121,2018-02-01,2.9
E07000121,2018-03-01,3.0
E07000121,2018-04-01,3.2
E07000121,2018-05-01,3
E07000121,2018-06-01,2.9
E07000121,2018-07-01,2.9
E07000121,2018-08-01,2.9
E07000121,2018-09-01,2.9
E07000121,2018-10-01,2.9
E07000121,2018-11-01,3.0
E07000121,2018-12-01,3.0
E07000121,2019-01-01,3.0
E07000121,2019-02-01,3.1
E07000121,2019-03-01,3.2
E07000121,2019-04-01,3.2
E07000121,2019-05-01,3.1
E07000121,2019-06-01,3.1
E07000121,2019-07-01,3.0
E07000121,2019-08-01,3.1
E07000121,2019-09-01,3.1
E07000121,2019-10-01,3.2
E07000121,2019-11-01,3.1
E07000121,2019-12-01,3.2
E07000121,2020-01-01,3.2
E07000121,2020-02-01,3.2
E07000121,2020-03-01,3.2
E07000121,2020-04-01,5.2
E07000121,2020-05-01,5.8
E07000121,2020-06-01,5.7
E07000121,2020-07-01,5.7
E07000121,2020-08-01,5.7
E07000121,2020-09-01,5.6
E07000121,2020-10-01,5.4
E07000121,2020-11-01,5.4
E07000121,2020-12-01,5.5
E07000121,2021-01-01,5.3
E07000121,2021-02-01,5.5
E07000121,2021-03-01,5.5
E07000121,2021-04-01,5.4
E07000121,2021-05-01,5.0
E07000121,2021-06-01,4.6
E07000121,2021-07-01,4.6
E07000121,2021-08-01,4.3
E07000121,2021-09-01,4.1
E07000121,2021-10-01,4.0
E07000121,2021-11-01,3.9
E07000121,2021-12-01,3.8
E07000121,2022-01-01,3.6
E07000121,2022-02-01,3.5
E07000121,2022-03-01,3.4
E07000121,2022-04-01,3.1
E07000121,2022-05-01,3.0
E07000121,2022-06-01,2.9
E07000121,2022-07-01,2.8
E07000121,2022-08-01,2.8
E07000121,2022-09-01,2.8
E07000121,2022-10-01,2.9
E07000121,2022-11-01,3.0
E07000121,2022-12-01,3.0
E07000121,2023-01-01,3.0
E07000121,2023-02-01,3.1
E07000121,2023-03-01,3.1
E07000121,2023-04-01,3.1
E07000121,2023-05-01,2.9
E07000121,2023-06-01,3.0
E07000121,2023-07-01,3.0
E07000121,2023-08-01,3.0
E07000121,2023-09-01,2.9
E07000121,2023-10-01,2.9
E07000121,2023-11-01,2.9
E07000121,2023-12-01,2.9
E07000121,2024-01-01,2.9
E07000121,2024-02-01,3.0
E07000121,2024-03-01,3.0
E07000121,2024-04-01,3.0
E07000121,2024-05-01,2.9
E07000121,2024-06-01,2.9
E07000121,2024-07-01,3.1
E07000121,2024-08-01,3.1
E07000121,2024-09-01,3.1
E07000121,2024-10-01,3.1
E07000121,2024-11-01,3.1
E07000121,2024-12-01,3.1
E07000121,2025-01-01,3.1
E07000121,2025-02-01,3.2
E07000121,2025-03-01,3.1
E07000121,2025-04-01,3.0
E07000121,2025-05-01,2.9
E07000121,2025-06-01,2.9
E07000121,2025-07-01,2.9
E07000121,2025-08-01,2.8
E07000121,2025-09-01,2.8
E07000121,2025-10-01,2.8
E07000121,2025-11-01,2.9
E07000121,2025-12-01,2.8
E07000121,2026-01-01,2.9
E07000121,2026-02-01,3.0
E07000122,2018-01-01,2.0
E07000122,2018-02-01,2.1
E07000122,2018-03-01,2.2
E07000122,2018-04-01,2.2
E07000122,2018-05-01,2.1
E07000122,2018-06-01,2.1
E07000122,2018-07-01,2.1
E07000122,2018-08-01,2.0
E07000122,2018-09-01,2.0
E07000122,2018-10-01,2.0
E07000122,2018-11-01,2.1
E07000122,2018-12-01,2.1
E07000122,2019-01-01,2.3
E07000122,2019-02-01,2.4
E07000122,2019-03-01,2.4
E07000122,2019-04-01,2.5
E07000122,2019-05-01,2.6
E07000122,2019-06-01,2.9
E07000122,2019-07-01,2.9
E07000122,2019-08-01,3.0
E07000122,2019-09-01,3.1
E07000122,2019-10-01,3.2
E07000122,2019-11-01,3.3
E07000122,2019-12-01,3.4
E07000122,2020-01-01,3.5
E07000122,2020-02-01,3.6
E07000122,2020-03-01,3.6
E07000122,2020-04-01,5.7
E07000122,2020-05-01,6.9
E07000122,2020-06-01,6.8
E07000122,2020-07-01,6.8
E07000122,2020-08-01,6.9
E07000122,2020-09-01,6.9
E07000122,2020-10-01,6.7
E07000122,2020-11-01,6.8
E07000122,2020-12-01,7.0
E07000122,2021-01-01,6.9
E07000122,2021-02-01,7.2
E07000122,2021-03-01,7.2
E07000122,2021-04-01,7.2
E07000122,2021-05-01,6.8
E07000122,2021-06-01,6.5
E07000122,2021-07-01,6.4
E07000122,2021-08-01,6.2
E07000122,2021-09-01,6.0
E07000122,2021-10-01,5.7
E07000122,2021-11-01,5.5
E07000122,2021-12-01,5.3
E07000122,2022-01-01,5.2
E07000122,2022-02-01,5.2
E07000122,2022-03-01,5.0
E07000122,2022-04-01,4.8
E07000122,2022-05-01,4.7
E07000122,2022-06-01,4.6
E07000122,2022-07-01,4.6
E07000122,2022-08-01,4.7
E07000122,2022-09-01,4.6
E07000122,2022-10-01,4.6
E07000122,2022-11-01,4.7
E07000122,2022-12-01,4.8
E07000122,2023-01-01,4.7
E07000122,2023-02-01,4.9
E07000122,2023-03-01,5.0
E07000122,2023-04-01,5.1
E07000122,2023-05-01,5.0
E07000122,2023-06-01,5.0
E07000122,2023-07-01,5.0
E07000122,2023-08-01,4.9
E07000122,2023-09-01,4.8
E07000122,2023-10-01,4.8
E07000122,2023-11-01,4.9
E07000122,2023-12-01,5.1
E07000122,2024-01-01,5.3
E07000122,2024-02-01,5.6
E07000122,2024-03-01,6.0
E07000122,2024-04-01,6.2
E07000122,2024-05-01,6.4
E07000122,2024-06-01,6.5
E07000122,2024-07-01,7.1
E07000122,2024-08-01,6.9
E07000122,2024-09-01,6.9
E07000122,2024-10-01,6.9
E07000122,2024-11-01,6.8
E07000122,2024-12-01,6.8
E07000122,2025-01-01,6.6
E07000122,2025-02-01,6.6
E07000122,2025-03-01,6.3
E07000122,2025-04-01,6.2
E07000122,2025-05-01,6.1
E07000122,2025-06-01,6.0
E07000122,2025-07-01,5.8
E07000122,2025-08-01,5.8
E07000122,2025-09-01,5.6
E07000122,2025-10-01,5.6
E07000122,2025-11-01,5.5
E07000122,2025-12-01,5.4
E07000122,2026-01-01,5.5
E07000122,2026-02-01,5.8
E07000123,2018-01-01,2.3
E07000123,2018-02-01,2.4
E07000123,2018-03-01,2.4
E07000123,2018-04-01,2.5
E07000123,2018-05-01,2.4
E07000123,2018-06-01,2.4
E07000123,2018-07-01,2.4
E07000123,2018-08-01,2.3
E07000123,2018-09-01,2.3
E07000123,2018-10-01,2.4
E07000123,2018-11-01,2.6
E07000123,2018-12-01,2.7
E07000123,2019-01-01,2.8
E07000123,2019-02-01,2.9
E07000123,2019-03-01,3.1
E07000123,2019-04-01,3.2
E07000123,2019-05-01,3.2
E07000123,2019-06-01,3.3
E07000123,2019-07-01,3.3
E07000123,2019-08-01,3.4
E07000123,2019-09-01,3.4
E07000123,2019-10-01,3.4
E07000123,2019-11-01,3.5
E07000123,2019-12-01,3.5
E07000123,2020-01-01,3.5
E07000123,2020-02-01,3.6
E07000123,2020-03-01,3.7
E07000123,2020-04-01,5.6
E07000123,2020-05-01,6.7
E07000123,2020-06-01,6.5
E07000123,2020-07-01,6.7
E07000123,2020-08-01,6.7
E07000123,2020-09-01,6.5
E07000123,2020-10-01,6.4
E07000123,2020-11-01,6.5
E07000123,2020-12-01,6.5
E07000123,2021-01-01,6.3
E07000123,2021-02-01,6.6
E07000123,2021-03-01,6.6
E07000123,2021-04-01,6.4
E07000123,2021-05-01,6.1
E07000123,2021-06-01,5.8
E07000123,2021-07-01,5.6
E07000123,2021-08-01,5.5
E07000123,2021-09-01,5.3
E07000123,2021-10-01,5.0
E07000123,2021-11-01,4.9
E07000123,2021-12-01,4.7
E07000123,2022-01-01,4.5
E07000123,2022-02-01,4.5
E07000123,2022-03-01,4.4
E07000123,2022-04-01,4.2
E07000123,2022-05-01,4.2
E07000123,2022-06-01,4.2
E07000123,2022-07-01,4.0
E07000123,2022-08-01,4.0
E07000123,2022-09-01,4.1
E07000123,2022-10-01,4.0
E07000123,2022-11-01,4.0
E07000123,2022-12-01,4.1
E07000123,2023-01-01,3.9
E07000123,2023-02-01,4.0
E07000123,2023-03-01,4.1
E07000123,2023-04-01,4.2
E07000123,2023-05-01,4.1
E07000123,2023-06-01,4.2
E07000123,2023-07-01,4.2
E07000123,2023-08-01,4.3
E07000123,2023-09-01,4.3
E07000123,2023-10-01,4.3
E07000123,2023-11-01,4.3
E07000123,2023-12-01,4.2
E07000123,2024-01-01,4.1
E07000123,2024-02-01,4.2
E07000123,2024-03-01,4.4
E07000123,2024-04-01,4.4
E07000123,2024-05-01,4.4
E07000123,2024-06-01,4.5
E07000123,2024-07-01,4.9
E07000123,2024-08-01,4.9
E07000123,2024-09-01,4.9
E07000123,2024-10-01,4.8
E07000123,2024-11-01,4.7
E07000123,2024-12-01,4.7
E07000123,2025-01-01,4.6
E07000123,2025-02-01,4.7
E07000123,2025-03-01,4.6
E07000123,2025-04-01,4.6
E07000123,2025-05-01,4.6
E07000123,2025-06-01,4.5
E07000123,2025-07-01,4.5
E07000123,2025-08-01,4.5
E07000123,2025-09-01,4.5
E07000123,2025-10-01,4.5
E07000123,2025-11-01,4.5
E07000123,2025-12-01,4.5
E07000123,2026-01-01,4.4
E07000123,2026-02-01,4.6
E07000124,2018-01-01,0.8
E07000124,2018-02-01,0.9
E07000124,2018-03-01,0.9
E07000124,2018-04-01,0.8
E07000124,2018-05-01,0.8
E07000124,2018-06-01,0.8
E07000124,2018-07-01,0.7
E07000124,2018-08-01,0.8
E07000124,2018-09-01,0.7
E07000124,2018-10-01,0.8
E07000124,2018-11-01,0.8
E07000124,2018-12-01,0.8
E07000124,2019-01-01,0.9
E07000124,2019-02-01,0.9
E07000124,2019-03-01,1.0
E07000124,2019-04-01,1.0
E07000124,2019-05-01,1.0
E07000124,2019-06-01,1.1
E07000124,2019-07-01,1.1
E07000124,2019-08-01,1.1
E07000124,2019-09-01,1.2
E07000124,2019-10-01,1.2
E07000124,2019-11-01,1.2
E07000124,2019-12-01,1.2
E07000124,2020-01-01,1.2
E07000124,2020-02-01,1.2
E07000124,2020-03-01,1.2
E07000124,2020-04-01,3.0
E07000124,2020-05-01,3.5
E07000124,2020-06-01,3.3
E07000124,2020-07-01,3.3
E07000124,2020-08-01,3.4
E07000124,2020-09-01,3.3
E07000124,2020-10-01,3.2
E07000124,2020-11-01,3.1
E07000124,2020-12-01,3.1
E07000124,2021-01-01,3.0
E07000124,2021-02-01,3.2
E07000124,2021-03-01,3.2
E07000124,2021-04-01,3.1
E07000124,2021-05-01,2.8
E07000124,2021-06-01,2.4
E07000124,2021-07-01,2.3
E07000124,2021-08-01,2.3
E07000124,2021-09-01,2.2
E07000124,2021-10-01,2.1
E07000124,2021-11-01,2.0
E07000124,2021-12-01,1.9
E07000124,2022-01-01,1.9
E07000124,2022-02-01,1.9
E07000124,2022-03-01,1.8
E07000124,2022-04-01,1.7
E07000124,2022-05-01,1.7
E07000124,2022-06-01,1.6
E07000124,2022-07-01,1.6
E07000124,2022-08-01,1.6
E07000124,2022-09-01,1.7
E07000124,2022-10-01,1.7
E07000124,2022-11-01,1.7
E07000124,2022-12-01,1.7
E07000124,2023-01-01,1.8
E07000124,2023-02-01,1.8
E07000124,2023-03-01,1.8
E07000124,2023-04-01,1.8
E07000124,2023-05-01,1.7
E07000124,2023-06-01,1.7
E07000124,2023-07-01,1.6
E07000124,2023-08-01,1.6
E07000124,2023-09-01,1.6
E07000124,2023-10-01,1.6
E07000124,2023-11-01,1.7
E07000124,2023-12-01,1.8
E07000124,2024-01-01,1.7
E07000124,2024-02-01,1.7
E07000124,2024-03-01,1.8
E07000124,2024-04-01,1.8
E07000124,2024-05-01,1.8
E07000124,2024-06-01,1.8
E07000124,2024-07-01,1.8
E07000124,2024-08-01,1.9
E07000124,2024-09-01,1.8
E07000124,2024-10-01,1.7
E07000124,2024-11-01,1.6
E07000124,2024-12-01,1.6
E07000124,2025-01-01,1.7
E07000124,2025-02-01,1.7
E07000124,2025-03-01,1.7
E07000124,2025-04-01,1.6
E07000124,2025-05-01,1.6
E07000124,2025-06-01,1.6
E07000124,2025-07-01,1.5
E07000124,2025-08-01,1.6
E07000124,2025-09-01,1.6
E07000124,2025-10-01,1.6
E07000124,2025-11-01,1.6
E07000124,2025-12-01,1.7
E07000124,2026-01-01,1.7
E07000124,2026-02-01,1.8
E07000125,2018-01-01,2.1
E07000125,2018-02-01,2.2
E07000125,2018-03-01,2.2
E07000125,2018-04-01,2.3
E07000125,2018-05-01,2.2
E07000125,2018-06-01,2.2
E07000125,2018-07-01,2.2
E07000125,2018-08-01,2.2
E07000125,2018-09-01,2.2
E07000125,2018-10-01,2.2
E07000125,2018-11-01,2.2
E07000125,2018-12-01,2.2
E07000125,2019-01-01,2.3
E07000125,2019-02-01,2.5
E07000125,2019-03-01,2.7
E07000125,2019-04-01,2.8
E07000125,2019-05-01,2.8
E07000125,2019-06-01,3.0
E07000125,2019-07-01,3.0
E07000125,2019-08-01,3.2
E07000125,2019-09-01,3.2
E07000125,2019-10-01,3.3
E07000125,2019-11-01,3.2
E07000125,2019-12-01,3.2
E07000125,2020-01-01,3.2
E07000125,2020-02-01,3.4
E07000125,2020-03-01,3.4
E07000125,2020-04-01,6.0
E07000125,2020-05-01,7.0
E07000125,2020-06-01,6.6
E07000125,2020-07-01,6.8
E07000125,2020-08-01,6.8
E07000125,2020-09-01,6.8
E07000125,2020-10-01,6.5
E07000125,2020-11-01,6.5
E07000125,2020-12-01,6.6
E07000125,2021-01-01,6.4
E07000125,2021-02-01,6.6
E07000125,2021-03-01,6.5
E07000125,2021-04-01,6.4
E07000125,2021-05-01,6.0
E07000125,2021-06-01,5.7
E07000125,2021-07-01,5.5
E07000125,2021-08-01,5.4
E07000125,2021-09-01,5.2
E07000125,2021-10-01,5.0
E07000125,2021-11-01,4.9
E07000125,2021-12-01,4.6
E07000125,2022-01-01,4.5
E07000125,2022-02-01,4.5
E07000125,2022-03-01,4.4
E07000125,2022-04-01,4.2
E07000125,2022-05-01,4.1
E07000125,2022-06-01,4.0
E07000125,2022-07-01,4.0
E07000125,2022-08-01,3.9
E07000125,2022-09-01,3.9
E07000125,2022-10-01,3.9
E07000125,2022-11-01,3.9
E07000125,2022-12-01,4.0
E07000125,2023-01-01,3.8
E07000125,2023-02-01,3.9
E07000125,2023-03-01,4.0
E07000125,2023-04-01,4.1
E07000125,2023-05-01,3.9
E07000125,2023-06-01,3.9
E07000125,2023-07-01,3.8
E07000125,2023-08-01,3.8
E07000125,2023-09-01,3.7
E07000125,2023-10-01,3.7
E07000125,2023-11-01,3.8
E07000125,2023-12-01,3.9
E07000125,2024-01-01,3.8
E07000125,2024-02-01,3.9
E07000125,2024-03-01,3.9
E07000125,2024-04-01,4.0
E07000125,2024-05-01,4.1
E07000125,2024-06-01,3.9
E07000125,2024-07-01,4.2
E07000125,2024-08-01,4.2
E07000125,2024-09-01,4.2
E07000125,2024-10-01,4.0
E07000125,2024-11-01,3.9
E07000125,2024-12-01,3.8
E07000125,2025-01-01,3.8
E07000125,2025-02-01,3.8
E07000125,2025-03-01,3.7
E07000125,2025-04-01,3.7
E07000125,2025-05-01,3.7
E07000125,2025-06-01,3.7
E07000125,2025-07-01,3.7
E07000125,2025-08-01,3.7
E07000125,2025-09-01,3.7
E07000125,2025-10-01,3.7
E07000125,2025-11-01,3.5
E07000125,2025-12-01,3.6
E07000125,2026-01-01,3.7
E07000125,2026-02-01,3.9
E07000126,2018-01-01,1.4
E07000126,2018-02-01,1.5
E07000126,2018-03-01,1.5
E07000126,2018-04-01,1.5
E07000126,2018-05-01,1.4
E07000126,2018-06-01,1.3
E07000126,2018-07-01,1.4
E07000126,2018-08-01,1.3
E07000126,2018-09-01,1.4
E07000126,2018-10-01,1.4
E07000126,2018-11-01,1.5
E07000126,2018-12-01,1.5
E07000126,2019-01-01,1.5
E07000126,2019-02-01,1.7
E07000126,2019-03-01,1.8
E07000126,2019-04-01,1.9
E07000126,2019-05-01,1.8
E07000126,2019-06-01,1.9
E07000126,2019-07-01,1.9
E07000126,2019-08-01,1.9
E07000126,2019-09-01,1.9
E07000126,2019-10-01,1.9
E07000126,2019-11-01,1.9
E07000126,2019-12-01,1.9
E07000126,2020-01-01,1.9
E07000126,2020-02-01,2.0
E07000126,2020-03-01,2.0
E07000126,2020-04-01,3.9
E07000126,2020-05-01,4.7
E07000126,2020-06-01,4.4
E07000126,2020-07-01,4.4
E07000126,2020-08-01,4.5
E07000126,2020-09-01,4.3
E07000126,2020-10-01,4.1
E07000126,2020-11-01,4.2
E07000126,2020-12-01,4.1
E07000126,2021-01-01,3.9
E07000126,2021-02-01,4.1
E07000126,2021-03-01,4.1
E07000126,2021-04-01,3.9
E07000126,2021-05-01,3.7
E07000126,2021-06-01,3.3
E07000126,2021-07-01,3.2
E07000126,2021-08-01,3.1
E07000126,2021-09-01,2.9
E07000126,2021-10-01,2.8
E07000126,2021-11-01,2.7
E07000126,2021-12-01,2.6
E07000126,2022-01-01,2.4
E07000126,2022-02-01,2.5
E07000126,2022-03-01,2.4
E07000126,2022-04-01,2.3
E07000126,2022-05-01,2.3
E07000126,2022-06-01,2.3
E07000126,2022-07-01,2.3
E07000126,2022-08-01,2.3
E07000126,2022-09-01,2.3
E07000126,2022-10-01,2.3
E07000126,2022-11-01,2.3
E07000126,2022-12-01,2.3
E07000126,2023-01-01,2.3
E07000126,2023-02-01,2.3
E07000126,2023-03-01,2.4
E07000126,2023-04-01,2.4
E07000126,2023-05-01,2.4
E07000126,2023-06-01,2.3
E07000126,2023-07-01,2.4
E07000126,2023-08-01,2.4
E07000126,2023-09-01,2.3
E07000126,2023-10-01,2.3
E07000126,2023-11-01,2.4
E07000126,2023-12-01,2.4
E07000126,2024-01-01,2.4
E07000126,2024-02-01,2.5
E07000126,2024-03-01,2.5
E07000126,2024-04-01,2.5
E07000126,2024-05-01,2.5
E07000126,2024-06-01,2.5
E07000126,2024-07-01,2.6
E07000126,2024-08-01,2.7
E07000126,2024-09-01,2.6
E07000126,2024-10-01,2.5
E07000126,2024-11-01,2.4
E07000126,2024-12-01,2.4
E07000126,2025-01-01,2.3
E07000126,2025-02-01,2.4
E07000126,2025-03-01,2.4
E07000126,2025-04-01,2.3
E07000126,2025-05-01,2.4
E07000126,2025-06-01,2.4
E07000126,2025-07-01,2.4
E07000126,2025-08-01,2.4
E07000126,2025-09-01,2.4
E07000126,2025-10-01,2.5
E07000126,2025-11-01,2.5
E07000126,2025-12-01,2.4
E07000126,2026-01-01,2.4
E07000126,2026-02-01,2.5
E07000127,2018-01-01,1.7
E07000127,2018-02-01,1.8
E07000127,2018-03-01,2.0
E07000127,2018-04-01,2.1
E07000127,2018-05-01,2.1
E07000127,2018-06-01,2.1
E07000127,2018-07-01,2.1
E07000127,2018-08-01,2.2
E07000127,2018-09-01,2.2
E07000127,2018-10-01,2.2
E07000127,2018-11-01,2.3
E07000127,2018-12-01,2.2
E07000127,2019-01-01,2.3
E07000127,2019-02-01,2.5
E07000127,2019-03-01,2.5
E07000127,2019-04-01,2.5
E07000127,2019-05-01,2.4
E07000127,2019-06-01,2.4
E07000127,2019-07-01,2.4
E07000127,2019-08-01,2.4
E07000127,2019-09-01,2.3
E07000127,2019-10-01,2.4
E07000127,2019-11-01,2.4
E07000127,2019-12-01,2.3
E07000127,2020-01-01,2.4
E07000127,2020-02-01,2.4
E07000127,2020-03-01,2.5
E07000127,2020-04-01,4.6
E07000127,2020-05-01,5.2
E07000127,2020-06-01,5.0
E07000127,2020-07-01,5.1
E07000127,2020-08-01,5.2
E07000127,2020-09-01,5.1
E07000127,2020-10-01,4.9
E07000127,2020-11-01,5.0
E07000127,2020-12-01,5.0
E07000127,2021-01-01,4.8
E07000127,2021-02-01,5.0
E07000127,2021-03-01,5.0
E07000127,2021-04-01,4.9
E07000127,2021-05-01,4.6
E07000127,2021-06-01,4.3
E07000127,2021-07-01,4.2
E07000127,2021-08-01,4.0
E07000127,2021-09-01,3.8
E07000127,2021-10-01,3.7
E07000127,2021-11-01,3.6
E07000127,2021-12-01,3.4
E07000127,2022-01-01,3.3
E07000127,2022-02-01,3.3
E07000127,2022-03-01,3.1
E07000127,2022-04-01,3.0
E07000127,2022-05-01,2.9
E07000127,2022-06-01,2.9
E07000127,2022-07-01,2.9
E07000127,2022-08-01,2.9
E07000127,2022-09-01,2.8
E07000127,2022-10-01,2.8
E07000127,2022-11-01,2.8
E07000127,2022-12-01,2.8
E07000127,2023-01-01,2.8
E07000127,2023-02-01,2.9
E07000127,2023-03-01,2.9
E07000127,2023-04-01,3.0
E07000127,2023-05-01,2.8
E07000127,2023-06-01,2.8
E07000127,2023-07-01,2.8
E07000127,2023-08-01,2.7
E07000127,2023-09-01,2.6
E07000127,2023-10-01,2.7
E07000127,2023-11-01,2.7
E07000127,2023-12-01,2.8
E07000127,2024-01-01,2.8
E07000127,2024-02-01,2.8
E07000127,2024-03-01,2.8
E07000127,2024-04-01,2.8
E07000127,2024-05-01,2.7
E07000127,2024-06-01,2.8
E07000127,2024-07-01,3.0
E07000127,2024-08-01,3.0
E07000127,2024-09-01,3.0
E07000127,2024-10-01,2.9
E07000127,2024-11-01,2.8
E07000127,2024-12-01,2.7
E07000127,2025-01-01,2.7
E07000127,2025-02-01,2.9
E07000127,2025-03-01,2.9
E07000127,2025-04-01,2.8
E07000127,2025-05-01,2.9
E07000127,2025-06-01,2.8
E07000127,2025-07-01,2.8
E07000127,2025-08-01,2.7
E07000127,2025-09-01,2.7
E07000127,2025-10-01,2.7
E07000127,2025-11-01,2.7
E07000127,2025-12-01,2.7
E07000127,2026-01-01,2.7
E07000127,2026-02-01,2.8
E07000128,2018-01-01,1.7
E07000128,2018-02-01,1.8
E07000128,2018-03-01,1.7
E07000128,2018-04-01,1.7
E07000128,2018-05-01,1.6
E07000128,2018-06-01,1.5
E07000128,2018-07-01,1.4
E07000128,2018-08-01,1.5
E07000128,2018-09-01,1.5
E07000128,2018-10-01,1.6
E07000128,2018-11-01,1.6
E07000128,2018-12-01,1.6
E07000128,2019-01-01,1.8
E07000128,2019-02-01,1.9
E07000128,2019-03-01,2.0
E07000128,2019-04-01,2.0
E07000128,2019-05-01,2.0
E07000128,2019-06-01,2.2
E07000128,2019-07-01,2.2
E07000128,2019-08-01,2.3
E07000128,2019-09-01,2.5
E07000128,2019-10-01,2.5
E07000128,2019-11-01,2.7
E07000128,2019-12-01,2.7
E07000128,2020-01-01,2.8
E07000128,2020-02-01,2.8
E07000128,2020-03-01,2.8
E07000128,2020-04-01,5.2
E07000128,2020-05-01,6.3
E07000128,2020-06-01,6.0
E07000128,2020-07-01,6.1
E07000128,2020-08-01,6.1
E07000128,2020-09-01,6.0
E07000128,2020-10-01,5.7
E07000128,2020-11-01,5.8
E07000128,2020-12-01,5.9
E07000128,2021-01-01,5.8
E07000128,2021-02-01,6.1
E07000128,2021-03-01,5.9
E07000128,2021-04-01,5.7
E07000128,2021-05-01,5.2
E07000128,2021-06-01,4.7
E07000128,2021-07-01,4.5
E07000128,2021-08-01,4.3
E07000128,2021-09-01,4.0
E07000128,2021-10-01,3.9
E07000128,2021-11-01,3.8
E07000128,2021-12-01,3.6
E07000128,2022-01-01,3.5
E07000128,2022-02-01,3.5
E07000128,2022-03-01,3.3
E07000128,2022-04-01,3.2
E07000128,2022-05-01,3.0
E07000128,2022-06-01,2.9
E07000128,2022-07-01,3.0
E07000128,2022-08-01,2.9
E07000128,2022-09-01,2.9
E07000128,2022-10-01,2.9
E07000128,2022-11-01,2.9
E07000128,2022-12-01,3.0
E07000128,2023-01-01,3.0
E07000128,2023-02-01,3.1
E07000128,2023-03-01,3.2
E07000128,2023-04-01,3.2
E07000128,2023-05-01,3.0
E07000128,2023-06-01,2.9
E07000128,2023-07-01,2.8
E07000128,2023-08-01,2.8
E07000128,2023-09-01,2.8
E07000128,2023-10-01,2.8
E07000128,2023-11-01,2.9
E07000128,2023-12-01,3.0
E07000128,2024-01-01,2.9
E07000128,2024-02-01,2.9
E07000128,2024-03-01,3.1
E07000128,2024-04-01,3.0
E07000128,2024-05-01,2.9
E07000128,2024-06-01,2.9
E07000128,2024-07-01,3.2
E07000128,2024-08-01,3.2
E07000128,2024-09-01,3.2
E07000128,2024-10-01,2.9
E07000128,2024-11-01,3.0
E07000128,2024-12-01,2.8
E07000128,2025-01-01,2.9
E07000128,2025-02-01,3.0
E07000128,2025-03-01,2.9
E07000128,2025-04-01,2.8
E07000128,2025-05-01,2.7
E07000128,2025-06-01,2.8
E07000128,2025-07-01,2.7
E07000128,2025-08-01,2.7
E07000128,2025-09-01,2.7
E07000128,2025-10-01,2.6
E07000128,2025-11-01,2.6
E07000128,2025-12-01,2.6
E07000128,2026-01-01,2.8
E07000128,2026-02-01,2.9
E07000129,2018-01-01,0.7
E07000129,2018-02-01,0.8
E07000129,2018-03-01,0.8
E07000129,2018-04-01,0.8
E07000129,2018-05-01,0.8
E07000129,2018-06-01,0.7
E07000129,2018-07-01,0.8
E07000129,2018-08-01,0.8
E07000129,2018-09-01,0.9
E07000129,2018-10-01,0.9
E07000129,2018-11-01,0.9
E07000129,2018-12-01,1.0
E07000129,2019-01-01,1.0
E07000129,2019-02-01,1.1
E07000129,2019-03-01,1.1
E07000129,2019-04-01,1.1
E07000129,2019-05-01,1.1
E07000129,2019-06-01,1.2
E07000129,2019-07-01,1.2
E07000129,2019-08-01,1.3
E07000129,2019-09-01,1.3
E07000129,2019-10-01,1.3
E07000129,2019-11-01,1.3
E07000129,2019-12-01,1.3
E07000129,2020-01-01,1.3
E07000129,2020-02-01,1.4
E07000129,2020-03-01,1.4
E07000129,2020-04-01,3.3
E07000129,2020-05-01,4.3
E07000129,2020-06-01,4.1
E07000129,2020-07-01,4.2
E07000129,2020-08-01,4.4
E07000129,2020-09-01,4.2
E07000129,2020-10-01,3.9
E07000129,2020-11-01,3.8
E07000129,2020-12-01,3.7
E07000129,2021-01-01,3.6
E07000129,2021-02-01,3.8
E07000129,2021-03-01,3.7
E07000129,2021-04-01,3.7
E07000129,2021-05-01,3.3
E07000129,2021-06-01,2.9
E07000129,2021-07-01,2.9
E07000129,2021-08-01,2.8
E07000129,2021-09-01,2.6
E07000129,2021-10-01,2.6
E07000129,2021-11-01,2.5
E07000129,2021-12-01,2.3
E07000129,2022-01-01,2.3
E07000129,2022-02-01,2.4
E07000129,2022-03-01,2.2
E07000129,2022-04-01,2.1
E07000129,2022-05-01,2.1
E07000129,2022-06-01,2.0
E07000129,2022-07-01,2.0
E07000129,2022-08-01,1.9
E07000129,2022-09-01,1.9
E07000129,2022-10-01,1.8
E07000129,2022-11-01,2.0
E07000129,2022-12-01,2.0
E07000129,2023-01-01,1.9
E07000129,2023-02-01,2.0
E07000129,2023-03-01,2.0
E07000129,2023-04-01,2.0
E07000129,2023-05-01,2.0
E07000129,2023-06-01,2.0
E07000129,2023-07-01,2.0
E07000129,2023-08-01,1.9
E07000129,2023-09-01,1.9
E07000129,2023-10-01,2.0
E07000129,2023-11-01,1.9
E07000129,2023-12-01,2.0
E07000129,2024-01-01,1.9
E07000129,2024-02-01,2.0
E07000129,2024-03-01,2.0
E07000129,2024-04-01,2.0
E07000129,2024-05-01,2.1
E07000129,2024-06-01,2.1
E07000129,2024-07-01,2.3
E07000129,2024-08-01,2.3
E07000129,2024-09-01,2.3
E07000129,2024-10-01,2.3
E07000129,2024-11-01,2.2
E07000129,2024-12-01,2.1
E07000129,2025-01-01,2.1
E07000129,2025-02-01,2.2
E07000129,2025-03-01,2.2
E07000129,2025-04-01,2.1
E07000129,2025-05-01,2.1
E07000129,2025-06-01,2.2
E07000129,2025-07-01,2.1
E07000129,2025-08-01,2.1
E07000129,2025-09-01,2.1
E07000129,2025-10-01,2.1
E07000129,2025-11-01,2.1
E07000129,2025-12-01,2.1
E07000129,2026-01-01,2.1
E07000129,2026-02-01,2.2
E07000130,2018-01-01,0.8
E07000130,2018-02-01,0.8
E07000130,2018-03-01,0.9
E07000130,2018-04-01,0.9
E07000130,2018-05-01,0.8
E07000130,2018-06-01,0.8
E07000130,2018-07-01,0.8
E07000130,2018-08-01,0.9
E07000130,2018-09-01,0.9
E07000130,2018-10-01,1.0
E07000130,2018-11-01,1.0
E07000130,2018-12-01,1.1
E07000130,2019-01-01,1.2
E07000130,2019-02-01,1.4
E07000130,2019-03-01,1.4
E07000130,2019-04-01,1.5
E07000130,2019-05-01,1.5
E07000130,2019-06-01,1.5
E07000130,2019-07-01,1.5
E07000130,2019-08-01,1.6
E07000130,2019-09-01,1.6
E07000130,2019-10-01,1.6
E07000130,2019-11-01,1.5
E07000130,2019-12-01,1.6
E07000130,2020-01-01,1.6
E07000130,2020-02-01,1.6
E07000130,2020-03-01,1.6
E07000130,2020-04-01,3.4
E07000130,2020-05-01,4.1
E07000130,2020-06-01,3.9
E07000130,2020-07-01,4.0
E07000130,2020-08-01,4.1
E07000130,2020-09-01,4.1
E07000130,2020-10-01,3.9
E07000130,2020-11-01,3.9
E07000130,2020-12-01,3.9
E07000130,2021-01-01,3.8
E07000130,2021-02-01,4.0
E07000130,2021-03-01,3.9
E07000130,2021-04-01,3.8
E07000130,2021-05-01,3.5
E07000130,2021-06-01,3.2
E07000130,2021-07-01,3.1
E07000130,2021-08-01,3.1
E07000130,2021-09-01,2.9
E07000130,2021-10-01,2.8
E07000130,2021-11-01,2.7
E07000130,2021-12-01,2.6
E07000130,2022-01-01,2.5
E07000130,2022-02-01,2.6
E07000130,2022-03-01,2.5
E07000130,2022-04-01,2.3
E07000130,2022-05-01,2.2
E07000130,2022-06-01,2.2
E07000130,2022-07-01,2.1
E07000130,2022-08-01,2.1
E07000130,2022-09-01,2.2
E07000130,2022-10-01,2.1
E07000130,2022-11-01,2.1
E07000130,2022-12-01,2.2
E07000130,2023-01-01,2.1
E07000130,2023-02-01,2.2
E07000130,2023-03-01,2.1
E07000130,2023-04-01,2.2
E07000130,2023-05-01,2.1
E07000130,2023-06-01,2.2
E07000130,2023-07-01,2.3
E07000130,2023-08-01,2.2
E07000130,2023-09-01,2.2
E07000130,2023-10-01,2.2
E07000130,2023-11-01,2.2
E07000130,2023-12-01,2.2
E07000130,2024-01-01,2.2
E07000130,2024-02-01,2.2
E07000130,2024-03-01,2.2
E07000130,2024-04-01,2.2
E07000130,2024-05-01,2.3
E07000130,2024-06-01,2.3
E07000130,2024-07-01,2.5
E07000130,2024-08-01,2.5
E07000130,2024-09-01,2.5
E07000130,2024-10-01,2.4
E07000130,2024-11-01,2.4
E07000130,2024-12-01,2.4
E07000130,2025-01-01,2.4
E07000130,2025-02-01,2.5
E07000130,2025-03-01,2.5
E07000130,2025-04-01,2.4
E07000130,2025-05-01,2.4
E07000130,2025-06-01,2.4
E07000130,2025-07-01,2.3
E07000130,2025-08-01,2.4
E07000130,2025-09-01,2.4
E07000130,2025-10-01,2.3
E07000130,2025-11-01,2.3
E07000130,2025-12-01,2.3
E07000130,2026-01-01,2.3
E07000130,2026-02-01,2.4
E07000131,2018-01-01,0.8
E07000131,2018-02-01,0.9
E07000131,2018-03-01,0.9
E07000131,2018-04-01,1.0
E07000131,2018-05-01,0.9
E07000131,2018-06-01,0.9
E07000131,2018-07-01,0.9
E07000131,2018-08-01,0.9
E07000131,2018-09-01,1.0
E07000131,2018-10-01,1.0
E07000131,2018-11-01,1.0
E07000131,2018-12-01,1.0
E07000131,2019-01-01,0.9
E07000131,2019-02-01,1.0
E07000131,2019-03-01,1.0
E07000131,2019-04-01,1.0
E07000131,2019-05-01,1.1
E07000131,2019-06-01,1.1
E07000131,2019-07-01,1.1
E07000131,2019-08-01,1.1
E07000131,2019-09-01,1.1
E07000131,2019-10-01,1.2
E07000131,2019-11-01,1.1
E07000131,2019-12-01,1.2
E07000131,2020-01-01,1.2
E07000131,2020-02-01,1.2
E07000131,2020-03-01,1.2
E07000131,2020-04-01,2.7
E07000131,2020-05-01,3.7
E07000131,2020-06-01,3.5
E07000131,2020-07-01,3.7
E07000131,2020-08-01,3.8
E07000131,2020-09-01,3.7
E07000131,2020-10-01,3.4
E07000131,2020-11-01,3.4
E07000131,2020-12-01,3.3
E07000131,2021-01-01,3.1
E07000131,2021-02-01,3.3
E07000131,2021-03-01,3.2
E07000131,2021-04-01,3.1
E07000131,2021-05-01,2.8
E07000131,2021-06-01,2.5
E07000131,2021-07-01,2.4
E07000131,2021-08-01,2.3
E07000131,2021-09-01,2.1
E07000131,2021-10-01,2.0
E07000131,2021-11-01,1.9
E07000131,2021-12-01,1.9
E07000131,2022-01-01,1.8
E07000131,2022-02-01,1.9
E07000131,2022-03-01,1.7
E07000131,2022-04-01,1.6
E07000131,2022-05-01,1.7
E07000131,2022-06-01,1.6
E07000131,2022-07-01,1.7
E07000131,2022-08-01,1.7
E07000131,2022-09-01,1.6
E07000131,2022-10-01,1.6
E07000131,2022-11-01,1.6
E07000131,2022-12-01,1.6
E07000131,2023-01-01,1.6
E07000131,2023-02-01,1.6
E07000131,2023-03-01,1.6
E07000131,2023-04-01,1.6
E07000131,2023-05-01,1.5
E07000131,2023-06-01,1.5
E07000131,2023-07-01,1.5
E07000131,2023-08-01,1.5
E07000131,2023-09-01,1.5
E07000131,2023-10-01,1.5
E07000131,2023-11-01,1.6
E07000131,2023-12-01,1.5
E07000131,2024-01-01,1.6
E07000131,2024-02-01,1.6
E07000131,2024-03-01,1.6
E07000131,2024-04-01,1.7
E07000131,2024-05-01,1.7
E07000131,2024-06-01,1.7
E07000131,2024-07-01,1.9
E07000131,2024-08-01,1.9
E07000131,2024-09-01,1.8
E07000131,2024-10-01,1.8
E07000131,2024-11-01,1.7
E07000131,2024-12-01,1.6
E07000131,2025-01-01,1.7
E07000131,2025-02-01,1.8
E07000131,2025-03-01,1.8
E07000131,2025-04-01,1.7
E07000131,2025-05-01,1.7
E07000131,2025-06-01,1.7
E07000131,2025-07-01,1.7
E07000131,2025-08-01,1.7
E07000131,2025-09-01,1.7
E07000131,2025-10-01,1.7
E07000131,2025-11-01,1.7
E07000131,2025-12-01,1.7
E07000131,2026-01-01,1.7
E07000131,2026-02-01,1.9
E07000132,2018-01-01,1.3
E07000132,2018-02-01,1.4
E07000132,2018-03-01,1.4
E07000132,2018-04-01,1.7
E07000132,2018-05-01,1.5
E07000132,2018-06-01,1.5
E07000132,2018-07-01,1.5
E07000132,2018-08-01,1.6
E07000132,2018-09-01,1.6
E07000132,2018-10-01,1.7
E07000132,2018-11-01,1.7
E07000132,2018-12-01,1.7
E07000132,2019-01-01,1.8
E07000132,2019-02-01,1.9
E07000132,2019-03-01,2.0
E07000132,2019-04-01,1.9
E07000132,2019-05-01,2.0
E07000132,2019-06-01,2.0
E07000132,2019-07-01,2.1
E07000132,2019-08-01,2.1
E07000132,2019-09-01,2.0
E07000132,2019-10-01,2.1
E07000132,2019-11-01,2.0
E07000132,2019-12-01,2.0
E07000132,2020-01-01,2.0
E07000132,2020-02-01,2.1
E07000132,2020-03-01,2.1
E07000132,2020-04-01,4.1
E07000132,2020-05-01,4.6
E07000132,2020-06-01,4.3
E07000132,2020-07-01,4.4
E07000132,2020-08-01,4.6
E07000132,2020-09-01,4.5
E07000132,2020-10-01,4.4
E07000132,2020-11-01,4.4
E07000132,2020-12-01,4.3
E07000132,2021-01-01,4.2
E07000132,2021-02-01,4.4
E07000132,2021-03-01,4.4
E07000132,2021-04-01,4.2
E07000132,2021-05-01,3.8
E07000132,2021-06-01,3.6
E07000132,2021-07-01,3.5
E07000132,2021-08-01,3.4
E07000132,2021-09-01,3.2
E07000132,2021-10-01,3.1
E07000132,2021-11-01,2.9
E07000132,2021-12-01,2.8
E07000132,2022-01-01,2.8
E07000132,2022-02-01,2.8
E07000132,2022-03-01,2.7
E07000132,2022-04-01,2.6
E07000132,2022-05-01,2.5
E07000132,2022-06-01,2.5
E07000132,2022-07-01,2.4
E07000132,2022-08-01,2.4
E07000132,2022-09-01,2.4
E07000132,2022-10-01,2.3
E07000132,2022-11-01,2.3
E07000132,2022-12-01,2.5
E07000132,2023-01-01,2.5
E07000132,2023-02-01,2.5
E07000132,2023-03-01,2.5
E07000132,2023-04-01,2.5
E07000132,2023-05-01,2.4
E07000132,2023-06-01,2.4
E07000132,2023-07-01,2.4
E07000132,2023-08-01,2.3
E07000132,2023-09-01,2.3
E07000132,2023-10-01,2.3
E07000132,2023-11-01,2.3
E07000132,2023-12-01,2.3
E07000132,2024-01-01,2.3
E07000132,2024-02-01,2.3
E07000132,2024-03-01,2.3
E07000132,2024-04-01,2.2
E07000132,2024-05-01,2.3
E07000132,2024-06-01,2.3
E07000132,2024-07-01,2.5
E07000132,2024-08-01,2.5
E07000132,2024-09-01,2.6
E07000132,2024-10-01,2.5
E07000132,2024-11-01,2.4
E07000132,2024-12-01,2.4
E07000132,2025-01-01,2.3
E07000132,2025-02-01,2.5
E07000132,2025-03-01,2.5
E07000132,2025-04-01,2.5
E07000132,2025-05-01,2.4
E07000132,2025-06-01,2.4
E07000132,2025-07-01,2.4
E07000132,2025-08-01,2.5
E07000132,2025-09-01,2.5
E07000132,2025-10-01,2.4
E07000132,2025-11-01,2.4
E07000132,2025-12-01,2.4
E07000132,2026-01-01,2.4
E07000132,2026-02-01,2.5
E07000133,2018-01-01,1.7
E07000133,2018-02-01,1.9
E07000133,2018-03-01,1.9
E07000133,2018-04-01,2.1
E07000133,2018-05-01,2.1
E07000133,2018-06-01,2.0
E07000133,2018-07-01,2.0
E07000133,2018-08-01,2.0
E07000133,2018-09-01,2.1
E07000133,2018-10-01,2.0
E07000133,2018-11-01,2.0
E07000133,2018-12-01,2.0
E07000133,2019-01-01,2.1
E07000133,2019-02-01,2.2
E07000133,2019-03-01,2.2
E07000133,2019-04-01,2.1
E07000133,2019-05-01,2.1
E07000133,2019-06-01,2.0
E07000133,2019-07-01,2.0
E07000133,2019-08-01,1.9
E07000133,2019-09-01,1.9
E07000133,2019-10-01,1.9
E07000133,2019-11-01,1.8
E07000133,2019-12-01,1.8
E07000133,2020-01-01,1.9
E07000133,2020-02-01,2.0
E07000133,2020-03-01,2.0
E07000133,2020-04-01,3.8
E07000133,2020-05-01,4.4
E07000133,2020-06-01,4.2
E07000133,2020-07-01,4.3
E07000133,2020-08-01,4.3
E07000133,2020-09-01,4.2
E07000133,2020-10-01,4.0
E07000133,2020-11-01,4.1
E07000133,2020-12-01,4.0
E07000133,2021-01-01,4.0
E07000133,2021-02-01,4.2
E07000133,2021-03-01,4.1
E07000133,2021-04-01,4.1
E07000133,2021-05-01,3.7
E07000133,2021-06-01,3.4
E07000133,2021-07-01,3.3
E07000133,2021-08-01,3.2
E07000133,2021-09-01,3.0
E07000133,2021-10-01,2.9
E07000133,2021-11-01,2.8
E07000133,2021-12-01,2.7
E07000133,2022-01-01,2.6
E07000133,2022-02-01,2.6
E07000133,2022-03-01,2.6
E07000133,2022-04-01,2.4
E07000133,2022-05-01,2.4
E07000133,2022-06-01,2.3
E07000133,2022-07-01,2.3
E07000133,2022-08-01,2.4
E07000133,2022-09-01,2.4
E07000133,2022-10-01,2.5
E07000133,2022-11-01,2.6
E07000133,2022-12-01,2.6
E07000133,2023-01-01,2.6
E07000133,2023-02-01,2.8
E07000133,2023-03-01,2.8
E07000133,2023-04-01,2.7
E07000133,2023-05-01,2.7
E07000133,2023-06-01,2.7
E07000133,2023-07-01,2.8
E07000133,2023-08-01,2.8
E07000133,2023-09-01,2.7
E07000133,2023-10-01,2.7
E07000133,2023-11-01,2.7
E07000133,2023-12-01,2.6
E07000133,2024-01-01,2.6
E07000133,2024-02-01,2.7
E07000133,2024-03-01,2.7
E07000133,2024-04-01,2.8
E07000133,2024-05-01,2.8
E07000133,2024-06-01,2.9
E07000133,2024-07-01,3.1
E07000133,2024-08-01,3.2
E07000133,2024-09-01,3.0
E07000133,2024-10-01,3.1
E07000133,2024-11-01,3.0
E07000133,2024-12-01,3.1
E07000133,2025-01-01,3.1
E07000133,2025-02-01,3.4
E07000133,2025-03-01,3.3
E07000133,2025-04-01,3.2
E07000133,2025-05-01,3.2
E07000133,2025-06-01,3.2
E07000133,2025-07-01,3.0
E07000133,2025-08-01,3.0
E07000133,2025-09-01,3.0
E07000133,2025-10-01,3.0
E07000133,2025-11-01,2.9
E07000133,2025-12-01,2.8
E07000133,2026-01-01,2.8
E07000133,2026-02-01,2.9
E07000134,2018-01-01,0.8
E07000134,2018-02-01,0.9
E07000134,2018-03-01,0.9
E07000134,2018-04-01,1.0
E07000134,2018-05-01,1
E07000134,2018-06-01,1.1
E07000134,2018-07-01,1.1
E07000134,2018-08-01,1.2
E07000134,2018-09-01,1.2
E07000134,2018-10-01,1.2
E07000134,2018-11-01,1.2
E07000134,2018-12-01,1.2
E07000134,2019-01-01,1.3
E07000134,2019-02-01,1.4
E07000134,2019-03-01,1.5
E07000134,2019-04-01,1.4
E07000134,2019-05-01,1.5
E07000134,2019-06-01,1.5
E07000134,2019-07-01,1.5
E07000134,2019-08-01,1.6
E07000134,2019-09-01,1.6
E07000134,2019-10-01,1.6
E07000134,2019-11-01,1.6
E07000134,2019-12-01,1.6
E07000134,2020-01-01,1.6
E07000134,2020-02-01,1.6
E07000134,2020-03-01,1.6
E07000134,2020-04-01,3.5
E07000134,2020-05-01,4.3
E07000134,2020-06-01,4.1
E07000134,2020-07-01,4.1
E07000134,2020-08-01,4.3
E07000134,2020-09-01,4.2
E07000134,2020-10-01,4.0
E07000134,2020-11-01,4.1
E07000134,2020-12-01,3.9
E07000134,2021-01-01,3.9
E07000134,2021-02-01,4.0
E07000134,2021-03-01,3.9
E07000134,2021-04-01,3.8
E07000134,2021-05-01,3.5
E07000134,2021-06-01,3.2
E07000134,2021-07-01,3.0
E07000134,2021-08-01,2.9
E07000134,2021-09-01,2.6
E07000134,2021-10-01,2.6
E07000134,2021-11-01,2.5
E07000134,2021-12-01,2.5
E07000134,2022-01-01,2.4
E07000134,2022-02-01,2.4
E07000134,2022-03-01,2.3
E07000134,2022-04-01,2.1
E07000134,2022-05-01,2.1
E07000134,2022-06-01,2.0
E07000134,2022-07-01,1.9
E07000134,2022-08-01,2.0
E07000134,2022-09-01,2.0
E07000134,2022-10-01,1.9
E07000134,2022-11-01,1.9
E07000134,2022-12-01,2.0
E07000134,2023-01-01,1.9
E07000134,2023-02-01,2.0
E07000134,2023-03-01,2.0
E07000134,2023-04-01,2.0
E07000134,2023-05-01,1.9
E07000134,2023-06-01,1.9
E07000134,2023-07-01,2.0
E07000134,2023-08-01,2.0
E07000134,2023-09-01,1.9
E07000134,2023-10-01,2.0
E07000134,2023-11-01,2.0
E07000134,2023-12-01,2.0
E07000134,2024-01-01,2.0
E07000134,2024-02-01,2.0
E07000134,2024-03-01,1.9
E07000134,2024-04-01,1.9
E07000134,2024-05-01,1.9
E07000134,2024-06-01,1.9
E07000134,2024-07-01,2.0
E07000134,2024-08-01,2.0
E07000134,2024-09-01,2.0
E07000134,2024-10-01,2.0
E07000134,2024-11-01,2.0
E07000134,2024-12-01,1.9
E07000134,2025-01-01,2.0
E07000134,2025-02-01,2.1
E07000134,2025-03-01,2.1
E07000134,2025-04-01,2.0
E07000134,2025-05-01,2.0
E07000134,2025-06-01,2.0
E07000134,2025-07-01,2.0
E07000134,2025-08-01,2.1
E07000134,2025-09-01,2.0
E07000134,2025-10-01,2.0
E07000134,2025-11-01,2.0
E07000134,2025-12-01,1.9
E07000134,2026-01-01,1.9
E07000134,2026-02-01,2.1
E07000135,2018-01-01,0.8
E07000135,2018-02-01,0.8
E07000135,2018-03-01,0.8
E07000135,2018-04-01,0.8
E07000135,2018-05-01,0.8
E07000135,2018-06-01,0.8
E07000135,2018-07-01,0.8
E07000135,2018-08-01,0.9
E07000135,2018-09-01,1.0
E07000135,2018-10-01,1.0
E07000135,2018-11-01,1.0
E07000135,2018-12-01,1.1
E07000135,2019-01-01,1.2
E07000135,2019-02-01,1.2
E07000135,2019-03-01,1.3
E07000135,2019-04-01,1.3
E07000135,2019-05-01,1.3
E07000135,2019-06-01,1.3
E07000135,2019-07-01,1.4
E07000135,2019-08-01,1.4
E07000135,2019-09-01,1.5
E07000135,2019-10-01,1.5
E07000135,2019-11-01,1.5
E07000135,2019-12-01,1.5
E07000135,2020-01-01,1.5
E07000135,2020-02-01,1.6
E07000135,2020-03-01,1.5
E07000135,2020-04-01,3.4
E07000135,2020-05-01,4.5
E07000135,2020-06-01,4.5
E07000135,2020-07-01,4.6
E07000135,2020-08-01,4.8
E07000135,2020-09-01,4.7
E07000135,2020-10-01,4.6
E07000135,2020-11-01,4.5
E07000135,2020-12-01,4.5
E07000135,2021-01-01,4.3
E07000135,2021-02-01,4.5
E07000135,2021-03-01,4.5
E07000135,2021-04-01,4.4
E07000135,2021-05-01,4.1
E07000135,2021-06-01,3.8
E07000135,2021-07-01,3.6
E07000135,2021-08-01,3.6
E07000135,2021-09-01,3.4
E07000135,2021-10-01,3.2
E07000135,2021-11-01,3.1
E07000135,2021-12-01,3.0
E07000135,2022-01-01,2.8
E07000135,2022-02-01,2.8
E07000135,2022-03-01,2.7
E07000135,2022-04-01,2.6
E07000135,2022-05-01,2.6
E07000135,2022-06-01,2.5
E07000135,2022-07-01,2.4
E07000135,2022-08-01,2.4
E07000135,2022-09-01,2.4
E07000135,2022-10-01,2.3
E07000135,2022-11-01,2.3
E07000135,2022-12-01,2.4
E07000135,2023-01-01,2.3
E07000135,2023-02-01,2.3
E07000135,2023-03-01,2.4
E07000135,2023-04-01,2.4
E07000135,2023-05-01,2.4
E07000135,2023-06-01,2.4
E07000135,2023-07-01,2.4
E07000135,2023-08-01,2.4
E07000135,2023-09-01,2.5
E07000135,2023-10-01,2.5
E07000135,2023-11-01,2.4
E07000135,2023-12-01,2.4
E07000135,2024-01-01,2.4
E07000135,2024-02-01,2.5
E07000135,2024-03-01,2.5
E07000135,2024-04-01,2.6
E07000135,2024-05-01,2.7
E07000135,2024-06-01,2.7
E07000135,2024-07-01,3.0
E07000135,2024-08-01,3.1
E07000135,2024-09-01,3.2
E07000135,2024-10-01,3.1
E07000135,2024-11-01,3.1
E07000135,2024-12-01,3.0
E07000135,2025-01-01,3.0
E07000135,2025-02-01,3.1
E07000135,2025-03-01,3.1
E07000135,2025-04-01,2.9
E07000135,2025-05-01,2.9
E07000135,2025-06-01,3.0
E07000135,2025-07-01,2.9
E07000135,2025-08-01,2.9
E07000135,2025-09-01,2.9
E07000135,2025-10-01,2.9
E07000135,2025-11-01,2.9
E07000135,2025-12-01,2.8
E07000135,2026-01-01,2.9
E07000135,2026-02-01,3.0
E07000136,2018-01-01,1.5
E07000136,2018-02-01,1.6
E07000136,2018-03-01,1.6
E07000136,2018-04-01,1.6
E07000136,2018-05-01,1.6
E07000136,2018-06-01,1.5
E07000136,2018-07-01,1.4
E07000136,2018-08-01,1.4
E07000136,2018-09-01,1.4
E07000136,2018-10-01,1.4
E07000136,2018-11-01,1.7
E07000136,2018-12-01,1.8
E07000136,2019-01-01,2.0
E07000136,2019-02-01,2.2
E07000136,2019-03-01,2.2
E07000136,2019-04-01,2.3
E07000136,2019-05-01,2.3
E07000136,2019-06-01,2.3
E07000136,2019-07-01,2.4
E07000136,2019-08-01,2.5
E07000136,2019-09-01,2.6
E07000136,2019-10-01,2.6
E07000136,2019-11-01,2.6
E07000136,2019-12-01,2.7
E07000136,2020-01-01,2.7
E07000136,2020-02-01,2.9
E07000136,2020-03-01,2.9
E07000136,2020-04-01,4.7
E07000136,2020-05-01,5.9
E07000136,2020-06-01,6.0
E07000136,2020-07-01,6.0
E07000136,2020-08-01,6.1
E07000136,2020-09-01,6.0
E07000136,2020-10-01,5.9
E07000136,2020-11-01,6.1
E07000136,2020-12-01,6.2
E07000136,2021-01-01,6.1
E07000136,2021-02-01,6.5
E07000136,2021-03-01,6.6
E07000136,2021-04-01,6.4
E07000136,2021-05-01,6.5
E07000136,2021-06-01,6.0
E07000136,2021-07-01,5.9
E07000136,2021-08-01,5.7
E07000136,2021-09-01,5.5
E07000136,2021-10-01,5.4
E07000136,2021-11-01,5.2
E07000136,2021-12-01,5.0
E07000136,2022-01-01,5.1
E07000136,2022-02-01,5.3
E07000136,2022-03-01,5.1
E07000136,2022-04-01,4.6
E07000136,2022-05-01,4.4
E07000136,2022-06-01,4.3
E07000136,2022-07-01,4.3
E07000136,2022-08-01,4.3
E07000136,2022-09-01,4.3
E07000136,2022-10-01,4.2
E07000136,2022-11-01,4.4
E07000136,2022-12-01,4.5
E07000136,2023-01-01,4.5
E07000136,2023-02-01,4.6
E07000136,2023-03-01,4.7
E07000136,2023-04-01,4.6
E07000136,2023-05-01,4.3
E07000136,2023-06-01,4.4
E07000136,2023-07-01,4.6
E07000136,2023-08-01,4.5
E07000136,2023-09-01,4.4
E07000136,2023-10-01,4.4
E07000136,2023-11-01,4.2
E07000136,2023-12-01,4.3
E07000136,2024-01-01,4.4
E07000136,2024-02-01,4.5
E07000136,2024-03-01,4.6
E07000136,2024-04-01,4.3
E07000136,2024-05-01,4.4
E07000136,2024-06-01,4.4
E07000136,2024-07-01,4.8
E07000136,2024-08-01,4.6
E07000136,2024-09-01,4.5
E07000136,2024-10-01,4.4
E07000136,2024-11-01,4.3
E07000136,2024-12-01,4.4
E07000136,2025-01-01,4.4
E07000136,2025-02-01,4.7
E07000136,2025-03-01,4.7
E07000136,2025-04-01,4.4
E07000136,2025-05-01,4.2
E07000136,2025-06-01,4.2
E07000136,2025-07-01,4.1
E07000136,2025-08-01,4.2
E07000136,2025-09-01,4.3
E07000136,2025-10-01,4.3
E07000136,2025-11-01,4.3
E07000136,2025-12-01,4.5
E07000136,2026-01-01,4.6
E07000136,2026-02-01,5.0
E07000137,2018-01-01,2.6
E07000137,2018-02-01,2.7
E07000137,2018-03-01,2.5
E07000137,2018-04-01,2.3
E07000137,2018-05-01,2.1
E07000137,2018-06-01,2.0
E07000137,2018-07-01,2.0
E07000137,2018-08-01,2.0
E07000137,2018-09-01,2.1
E07000137,2018-10-01,2.2
E07000137,2018-11-01,2.6
E07000137,2018-12-01,3.0
E07000137,2019-01-01,3.2
E07000137,2019-02-01,3.5
E07000137,2019-03-01,3.5
E07000137,2019-04-01,3.3
E07000137,2019-05-01,3.1
E07000137,2019-06-01,3.0
E07000137,2019-07-01,3.0
E07000137,2019-08-01,3.0
E07000137,2019-09-01,3.0
E07000137,2019-10-01,3.2
E07000137,2019-11-01,3.6
E07000137,2019-12-01,3.8
E07000137,2020-01-01,4.1
E07000137,2020-02-01,4.4
E07000137,2020-03-01,4.2
E07000137,2020-04-01,6.4
E07000137,2020-05-01,7.3
E07000137,2020-06-01,7.1
E07000137,2020-07-01,7.2
E07000137,2020-08-01,6.7
E07000137,2020-09-01,6.4
E07000137,2020-10-01,6.1
E07000137,2020-11-01,6.4
E07000137,2020-12-01,6.5
E07000137,2021-01-01,6.6
E07000137,2021-02-01,7.1
E07000137,2021-03-01,7.0
E07000137,2021-04-01,6.7
E07000137,2021-05-01,6.0
E07000137,2021-06-01,5.3
E07000137,2021-07-01,4.8
E07000137,2021-08-01,4.5
E07000137,2021-09-01,4.2
E07000137,2021-10-01,4.0
E07000137,2021-11-01,4.1
E07000137,2021-12-01,4.1
E07000137,2022-01-01,4.4
E07000137,2022-02-01,4.5
E07000137,2022-03-01,4.1
E07000137,2022-04-01,3.4
E07000137,2022-05-01,3.1
E07000137,2022-06-01,3.0
E07000137,2022-07-01,3.0
E07000137,2022-08-01,2.9
E07000137,2022-09-01,2.9
E07000137,2022-10-01,2.9
E07000137,2022-11-01,3.2
E07000137,2022-12-01,3.3
E07000137,2023-01-01,3.5
E07000137,2023-02-01,3.5
E07000137,2023-03-01,3.4
E07000137,2023-04-01,3.0
E07000137,2023-05-01,2.7
E07000137,2023-06-01,2.6
E07000137,2023-07-01,2.7
E07000137,2023-08-01,2.6
E07000137,2023-09-01,2.5
E07000137,2023-10-01,2.7
E07000137,2023-11-01,3.0
E07000137,2023-12-01,3.2
E07000137,2024-01-01,3.5
E07000137,2024-02-01,3.6
E07000137,2024-03-01,3.5
E07000137,2024-04-01,3.1
E07000137,2024-05-01,2.9
E07000137,2024-06-01,2.8
E07000137,2024-07-01,3.1
E07000137,2024-08-01,3.0
E07000137,2024-09-01,2.9
E07000137,2024-10-01,3.1
E07000137,2024-11-01,3.3
E07000137,2024-12-01,3.3
E07000137,2025-01-01,3.6
E07000137,2025-02-01,3.8
E07000137,2025-03-01,3.6
E07000137,2025-04-01,3.3
E07000137,2025-05-01,2.9
E07000137,2025-06-01,2.9
E07000137,2025-07-01,2.8
E07000137,2025-08-01,2.8
E07000137,2025-09-01,2.8
E07000137,2025-10-01,2.9
E07000137,2025-11-01,3.1
E07000137,2025-12-01,3.3
E07000137,2026-01-01,3.5
E07000137,2026-02-01,3.9
E07000138,2018-01-01,2.3
E07000138,2018-02-01,2.4
E07000138,2018-03-01,2.4
E07000138,2018-04-01,2.6
E07000138,2018-05-01,2.6
E07000138,2018-06-01,2.7
E07000138,2018-07-01,2.8
E07000138,2018-08-01,2.8
E07000138,2018-09-01,2.8
E07000138,2018-10-01,2.9
E07000138,2018-11-01,2.9
E07000138,2018-12-01,3.0
E07000138,2019-01-01,3.1
E07000138,2019-02-01,3.2
E07000138,2019-03-01,3.3
E07000138,2019-04-01,3.3
E07000138,2019-05-01,3.4
E07000138,2019-06-01,3.3
E07000138,2019-07-01,3.4
E07000138,2019-08-01,3.4
E07000138,2019-09-01,3.4
E07000138,2019-10-01,3.3
E07000138,2019-11-01,3.3
E07000138,2019-12-01,3.4
E07000138,2020-01-01,3.5
E07000138,2020-02-01,3.6
E07000138,2020-03-01,3.6
E07000138,2020-04-01,5.4
E07000138,2020-05-01,6.3
E07000138,2020-06-01,6.1
E07000138,2020-07-01,6.2
E07000138,2020-08-01,6.3
E07000138,2020-09-01,6.2
E07000138,2020-10-01,5.9
E07000138,2020-11-01,6.0
E07000138,2020-12-01,6.0
E07000138,2021-01-01,6.0
E07000138,2021-02-01,6.2
E07000138,2021-03-01,6.2
E07000138,2021-04-01,6.1
E07000138,2021-05-01,5.8
E07000138,2021-06-01,5.6
E07000138,2021-07-01,5.5
E07000138,2021-08-01,5.4
E07000138,2021-09-01,5.1
E07000138,2021-10-01,5.1
E07000138,2021-11-01,4.9
E07000138,2021-12-01,4.7
E07000138,2022-01-01,4.5
E07000138,2022-02-01,4.6
E07000138,2022-03-01,4.4
E07000138,2022-04-01,4.2
E07000138,2022-05-01,4.1
E07000138,2022-06-01,4.0
E07000138,2022-07-01,4.0
E07000138,2022-08-01,4.1
E07000138,2022-09-01,4.0
E07000138,2022-10-01,4.0
E07000138,2022-11-01,4.1
E07000138,2022-12-01,4.3
E07000138,2023-01-01,4.3
E07000138,2023-02-01,4.3
E07000138,2023-03-01,4.3
E07000138,2023-04-01,4.3
E07000138,2023-05-01,4.0
E07000138,2023-06-01,4.1
E07000138,2023-07-01,4.0
E07000138,2023-08-01,3.8
E07000138,2023-09-01,3.9
E07000138,2023-10-01,3.9
E07000138,2023-11-01,3.8
E07000138,2023-12-01,3.8
E07000138,2024-01-01,3.8
E07000138,2024-02-01,3.9
E07000138,2024-03-01,3.9
E07000138,2024-04-01,3.8
E07000138,2024-05-01,3.8
E07000138,2024-06-01,3.8
E07000138,2024-07-01,4.1
E07000138,2024-08-01,4.1
E07000138,2024-09-01,4.0
E07000138,2024-10-01,4.0
E07000138,2024-11-01,3.8
E07000138,2024-12-01,3.7
E07000138,2025-01-01,3.7
E07000138,2025-02-01,3.8
E07000138,2025-03-01,3.9
E07000138,2025-04-01,3.8
E07000138,2025-05-01,3.7
E07000138,2025-06-01,3.8
E07000138,2025-07-01,3.8
E07000138,2025-08-01,3.7
E07000138,2025-09-01,3.7
E07000138,2025-10-01,3.7
E07000138,2025-11-01,3.7
E07000138,2025-12-01,3.7
E07000138,2026-01-01,3.8
E07000138,2026-02-01,3.9
E07000139,2018-01-01,0.9
E07000139,2018-02-01,1.0
E07000139,2018-03-01,1.0
E07000139,2018-04-01,1.0
E07000139,2018-05-01,0.9
E07000139,2018-06-01,1.0
E07000139,2018-07-01,1.0
E07000139,2018-08-01,1.0
E07000139,2018-09-01,1.0
E07000139,2018-10-01,1.0
E07000139,2018-11-01,1.1
E07000139,2018-12-01,1.1
E07000139,2019-01-01,1.1
E07000139,2019-02-01,1.2
E07000139,2019-03-01,1.3
E07000139,2019-04-01,1.3
E07000139,2019-05-01,1.3
E07000139,2019-06-01,1.4
E07000139,2019-07-01,1.5
E07000139,2019-08-01,1.5
E07000139,2019-09-01,1.5
E07000139,2019-10-01,1.6
E07000139,2019-11-01,1.6
E07000139,2019-12-01,1.7
E07000139,2020-01-01,1.7
E07000139,2020-02-01,1.7
E07000139,2020-03-01,1.7
E07000139,2020-04-01,3.5
E07000139,2020-05-01,4.2
E07000139,2020-06-01,3.9
E07000139,2020-07-01,4.0
E07000139,2020-08-01,4.0
E07000139,2020-09-01,3.9
E07000139,2020-10-01,3.6
E07000139,2020-11-01,3.7
E07000139,2020-12-01,3.6
E07000139,2021-01-01,3.5
E07000139,2021-02-01,3.7
E07000139,2021-03-01,3.6
E07000139,2021-04-01,3.5
E07000139,2021-05-01,3.3
E07000139,2021-06-01,2.9
E07000139,2021-07-01,2.9
E07000139,2021-08-01,2.9
E07000139,2021-09-01,2.7
E07000139,2021-10-01,2.6
E07000139,2021-11-01,2.4
E07000139,2021-12-01,2.3
E07000139,2022-01-01,2.2
E07000139,2022-02-01,2.2
E07000139,2022-03-01,2.1
E07000139,2022-04-01,2.0
E07000139,2022-05-01,1.9
E07000139,2022-06-01,1.9
E07000139,2022-07-01,1.9
E07000139,2022-08-01,1.9
E07000139,2022-09-01,2.0
E07000139,2022-10-01,1.9
E07000139,2022-11-01,2.0
E07000139,2022-12-01,1.9
E07000139,2023-01-01,1.9
E07000139,2023-02-01,2.0
E07000139,2023-03-01,2.0
E07000139,2023-04-01,1.9
E07000139,2023-05-01,1.8
E07000139,2023-06-01,1.8
E07000139,2023-07-01,1.8
E07000139,2023-08-01,1.8
E07000139,2023-09-01,1.8
E07000139,2023-10-01,1.8
E07000139,2023-11-01,1.8
E07000139,2023-12-01,1.8
E07000139,2024-01-01,1.9
E07000139,2024-02-01,2.0
E07000139,2024-03-01,2.0
E07000139,2024-04-01,2.0
E07000139,2024-05-01,1.9
E07000139,2024-06-01,1.9
E07000139,2024-07-01,2.1
E07000139,2024-08-01,2.1
E07000139,2024-09-01,2.1
E07000139,2024-10-01,2.0
E07000139,2024-11-01,2.0
E07000139,2024-12-01,2.0
E07000139,2025-01-01,1.9
E07000139,2025-02-01,2.1
E07000139,2025-03-01,2.1
E07000139,2025-04-01,2.0
E07000139,2025-05-01,2.0
E07000139,2025-06-01,2.0
E07000139,2025-07-01,2.0
E07000139,2025-08-01,2.0
E07000139,2025-09-01,2.0
E07000139,2025-10-01,2.0
E07000139,2025-11-01,2.0
E07000139,2025-12-01,2.0
E07000139,2026-01-01,2.1
E07000139,2026-02-01,2.2
E07000140,2018-01-01,1.2
E07000140,2018-02-01,1.2
E07000140,2018-03-01,1.3
E07000140,2018-04-01,1.3
E07000140,2018-05-01,1.2
E07000140,2018-06-01,1.2
E07000140,2018-07-01,1.1
E07000140,2018-08-01,1.2
E07000140,2018-09-01,1.2
E07000140,2018-10-01,1.3
E07000140,2018-11-01,1.4
E07000140,2018-12-01,1.4
E07000140,2019-01-01,1.5
E07000140,2019-02-01,1.6
E07000140,2019-03-01,1.7
E07000140,2019-04-01,1.7
E07000140,2019-05-01,1.8
E07000140,2019-06-01,1.9
E07000140,2019-07-01,1.9
E07000140,2019-08-01,1.9
E07000140,2019-09-01,2.0
E07000140,2019-10-01,2.1
E07000140,2019-11-01,2.2
E07000140,2019-12-01,2.1
E07000140,2020-01-01,2.2
E07000140,2020-02-01,2.3
E07000140,2020-03-01,2.3
E07000140,2020-04-01,4.4
E07000140,2020-05-01,5.1
E07000140,2020-06-01,4.9
E07000140,2020-07-01,5.0
E07000140,2020-08-01,5.2
E07000140,2020-09-01,5.2
E07000140,2020-10-01,5.0
E07000140,2020-11-01,5.1
E07000140,2020-12-01,5.2
E07000140,2021-01-01,4.9
E07000140,2021-02-01,5.2
E07000140,2021-03-01,5.1
E07000140,2021-04-01,5.1
E07000140,2021-05-01,4.7
E07000140,2021-06-01,4.4
E07000140,2021-07-01,4.3
E07000140,2021-08-01,4.2
E07000140,2021-09-01,3.9
E07000140,2021-10-01,3.8
E07000140,2021-11-01,3.7
E07000140,2021-12-01,3.5
E07000140,2022-01-01,3.4
E07000140,2022-02-01,3.4
E07000140,2022-03-01,3.3
E07000140,2022-04-01,3.2
E07000140,2022-05-01,2.9
E07000140,2022-06-01,2.9
E07000140,2022-07-01,2.8
E07000140,2022-08-01,2.7
E07000140,2022-09-01,2.7
E07000140,2022-10-01,2.6
E07000140,2022-11-01,2.6
E07000140,2022-12-01,2.7
E07000140,2023-01-01,2.7
E07000140,2023-02-01,2.6
E07000140,2023-03-01,2.7
E07000140,2023-04-01,2.8
E07000140,2023-05-01,2.7
E07000140,2023-06-01,2.8
E07000140,2023-07-01,2.8
E07000140,2023-08-01,2.7
E07000140,2023-09-01,2.8
E07000140,2023-10-01,2.8
E07000140,2023-11-01,2.8
E07000140,2023-12-01,2.8
E07000140,2024-01-01,2.8
E07000140,2024-02-01,3.0
E07000140,2024-03-01,3.0
E07000140,2024-04-01,2.9
E07000140,2024-05-01,2.9
E07000140,2024-06-01,2.9
E07000140,2024-07-01,3.1
E07000140,2024-08-01,3.1
E07000140,2024-09-01,3.1
E07000140,2024-10-01,3.0
E07000140,2024-11-01,3.0
E07000140,2024-12-01,3.0
E07000140,2025-01-01,3.0
E07000140,2025-02-01,3.2
E07000140,2025-03-01,3.2
E07000140,2025-04-01,3.1
E07000140,2025-05-01,3.0
E07000140,2025-06-01,3.0
E07000140,2025-07-01,3.1
E07000140,2025-08-01,2.9
E07000140,2025-09-01,2.9
E07000140,2025-10-01,2.9
E07000140,2025-11-01,3.0
E07000140,2025-12-01,2.9
E07000140,2026-01-01,3.0
E07000140,2026-02-01,3.1
E07000141,2018-01-01,1.5
E07000141,2018-02-01,1.7
E07000141,2018-03-01,1.8
E07000141,2018-04-01,1.9
E07000141,2018-05-01,1.9
E07000141,2018-06-01,1.9
E07000141,2018-07-01,1.9
E07000141,2018-08-01,2.0
E07000141,2018-09-01,2.0
E07000141,2018-10-01,2.0
E07000141,2018-11-01,2.0
E07000141,2018-12-01,2.1
E07000141,2019-01-01,2.1
E07000141,2019-02-01,2.2
E07000141,2019-03-01,2.2
E07000141,2019-04-01,2.2
E07000141,2019-05-01,2.2
E07000141,2019-06-01,2.2
E07000141,2019-07-01,2.2
E07000141,2019-08-01,2.3
E07000141,2019-09-01,2.3
E07000141,2019-10-01,2.4
E07000141,2019-11-01,2.4
E07000141,2019-12-01,2.4
E07000141,2020-01-01,2.4
E07000141,2020-02-01,2.5
E07000141,2020-03-01,2.5
E07000141,2020-04-01,4.4
E07000141,2020-05-01,5.4
E07000141,2020-06-01,5.1
E07000141,2020-07-01,5.3
E07000141,2020-08-01,5.3
E07000141,2020-09-01,5.2
E07000141,2020-10-01,4.9
E07000141,2020-11-01,4.9
E07000141,2020-12-01,4.7
E07000141,2021-01-01,4.7
E07000141,2021-02-01,4.9
E07000141,2021-03-01,4.8
E07000141,2021-04-01,4.6
E07000141,2021-05-01,4.3
E07000141,2021-06-01,4.0
E07000141,2021-07-01,3.9
E07000141,2021-08-01,3.8
E07000141,2021-09-01,3.6
E07000141,2021-10-01,3.6
E07000141,2021-11-01,3.4
E07000141,2021-12-01,3.2
E07000141,2022-01-01,3.3
E07000141,2022-02-01,3.2
E07000141,2022-03-01,3.1
E07000141,2022-04-01,2.8
E07000141,2022-05-01,2.8
E07000141,2022-06-01,2.7
E07000141,2022-07-01,2.7
E07000141,2022-08-01,2.7
E07000141,2022-09-01,2.7
E07000141,2022-10-01,2.6
E07000141,2022-11-01,2.7
E07000141,2022-12-01,2.8
E07000141,2023-01-01,2.7
E07000141,2023-02-01,2.7
E07000141,2023-03-01,2.8
E07000141,2023-04-01,2.7
E07000141,2023-05-01,2.6
E07000141,2023-06-01,2.6
E07000141,2023-07-01,2.7
E07000141,2023-08-01,2.7
E07000141,2023-09-01,2.7
E07000141,2023-10-01,2.7
E07000141,2023-11-01,2.6
E07000141,2023-12-01,2.7
E07000141,2024-01-01,2.7
E07000141,2024-02-01,2.7
E07000141,2024-03-01,2.8
E07000141,2024-04-01,2.7
E07000141,2024-05-01,2.7
E07000141,2024-06-01,2.6
E07000141,2024-07-01,2.8
E07000141,2024-08-01,2.9
E07000141,2024-09-01,2.8
E07000141,2024-10-01,2.8
E07000141,2024-11-01,2.7
E07000141,2024-12-01,2.7
E07000141,2025-01-01,2.8
E07000141,2025-02-01,2.8
E07000141,2025-03-01,2.9
E07000141,2025-04-01,2.8
E07000141,2025-05-01,2.8
E07000141,2025-06-01,2.8
E07000141,2025-07-01,2.8
E07000141,2025-08-01,2.8
E07000141,2025-09-01,2.8
E07000141,2025-10-01,2.8
E07000141,2025-11-01,2.8
E07000141,2025-12-01,2.8
E07000141,2026-01-01,2.8
E07000141,2026-02-01,3.0
E07000142,2018-01-01,2.0
E07000142,2018-02-01,2.1
E07000142,2018-03-01,2.1
E07000142,2018-04-01,2.2
E07000142,2018-05-01,2.2
E07000142,2018-06-01,2.2
E07000142,2018-07-01,2.1
E07000142,2018-08-01,2.2
E07000142,2018-09-01,2.2
E07000142,2018-10-01,2.2
E07000142,2018-11-01,2.3
E07000142,2018-12-01,2.4
E07000142,2019-01-01,2.5
E07000142,2019-02-01,2.7
E07000142,2019-03-01,2.8
E07000142,2019-04-01,2.9
E07000142,2019-05-01,2.9
E07000142,2019-06-01,2.9
E07000142,2019-07-01,3.0
E07000142,2019-08-01,3.0
E07000142,2019-09-01,2.9
E07000142,2019-10-01,3.0
E07000142,2019-11-01,3.0
E07000142,2019-12-01,3.0
E07000142,2020-01-01,3.0
E07000142,2020-02-01,3.2
E07000142,2020-03-01,3.1
E07000142,2020-04-01,4.9
E07000142,2020-05-01,5.5
E07000142,2020-06-01,5.3
E07000142,2020-07-01,5.3
E07000142,2020-08-01,5.5
E07000142,2020-09-01,5.4
E07000142,2020-10-01,5.1
E07000142,2020-11-01,5.2
E07000142,2020-12-01,5.1
E07000142,2021-01-01,5.0
E07000142,2021-02-01,5.2
E07000142,2021-03-01,5.1
E07000142,2021-04-01,5.0
E07000142,2021-05-01,4.7
E07000142,2021-06-01,4.3
E07000142,2021-07-01,4.3
E07000142,2021-08-01,4.2
E07000142,2021-09-01,4.0
E07000142,2021-10-01,3.8
E07000142,2021-11-01,3.7
E07000142,2021-12-01,3.6
E07000142,2022-01-01,3.5
E07000142,2022-02-01,3.4
E07000142,2022-03-01,3.3
E07000142,2022-04-01,3.2
E07000142,2022-05-01,3.1
E07000142,2022-06-01,3.1
E07000142,2022-07-01,3.1
E07000142,2022-08-01,3.2
E07000142,2022-09-01,3.1
E07000142,2022-10-01,3.1
E07000142,2022-11-01,3.1
E07000142,2022-12-01,3.1
E07000142,2023-01-01,3.1
E07000142,2023-02-01,3.1
E07000142,2023-03-01,3.1
E07000142,2023-04-01,3.0
E07000142,2023-05-01,2.8
E07000142,2023-06-01,2.9
E07000142,2023-07-01,2.9
E07000142,2023-08-01,2.8
E07000142,2023-09-01,2.9
E07000142,2023-10-01,2.8
E07000142,2023-11-01,2.8
E07000142,2023-12-01,2.9
E07000142,2024-01-01,2.9
E07000142,2024-02-01,3.0
E07000142,2024-03-01,3.0
E07000142,2024-04-01,2.9
E07000142,2024-05-01,2.9
E07000142,2024-06-01,2.9
E07000142,2024-07-01,3.1
E07000142,2024-08-01,3.1
E07000142,2024-09-01,3.1
E07000142,2024-10-01,3.1
E07000142,2024-11-01,2.9
E07000142,2024-12-01,2.9
E07000142,2025-01-01,2.9
E07000142,2025-02-01,3.0
E07000142,2025-03-01,2.9
E07000142,2025-04-01,3.0
E07000142,2025-05-01,2.8
E07000142,2025-06-01,2.8
E07000142,2025-07-01,2.8
E07000142,2025-08-01,2.8
E07000142,2025-09-01,2.8
E07000142,2025-10-01,2.8
E07000142,2025-11-01,2.9
E07000142,2025-12-01,2.9
E07000142,2026-01-01,3.0
E07000142,2026-02-01,3.1
E07000143,2018-01-01,1.1
E07000143,2018-02-01,1.2
E07000143,2018-03-01,1.2
E07000143,2018-04-01,1.2
E07000143,2018-05-01,1.2
E07000143,2018-06-01,1.1
E07000143,2018-07-01,1.1
E07000143,2018-08-01,1.1
E07000143,2018-09-01,1.0
E07000143,2018-10-01,1.1
E07000143,2018-11-01,1.2
E07000143,2018-12-01,1.3
E07000143,2019-01-01,1.4
E07000143,2019-02-01,1.5
E07000143,2019-03-01,1.6
E07000143,2019-04-01,1.6
E07000143,2019-05-01,1.7
E07000143,2019-06-01,1.7
E07000143,2019-07-01,1.6
E07000143,2019-08-01,1.7
E07000143,2019-09-01,1.7
E07000143,2019-10-01,1.8
E07000143,2019-11-01,1.8
E07000143,2019-12-01,1.9
E07000143,2020-01-01,1.9
E07000143,2020-02-01,2.0
E07000143,2020-03-01,2.0
E07000143,2020-04-01,3.8
E07000143,2020-05-01,4.7
E07000143,2020-06-01,4.3
E07000143,2020-07-01,4.4
E07000143,2020-08-01,4.4
E07000143,2020-09-01,4.3
E07000143,2020-10-01,4.1
E07000143,2020-11-01,4.3
E07000143,2020-12-01,4.3
E07000143,2021-01-01,4.1
E07000143,2021-02-01,4.3
E07000143,2021-03-01,4.2
E07000143,2021-04-01,4.2
E07000143,2021-05-01,3.8
E07000143,2021-06-01,3.4
E07000143,2021-07-01,3.3
E07000143,2021-08-01,3.2
E07000143,2021-09-01,3.0
E07000143,2021-10-01,3.0
E07000143,2021-11-01,2.9
E07000143,2021-12-01,2.8
E07000143,2022-01-01,2.7
E07000143,2022-02-01,2.8
E07000143,2022-03-01,2.6
E07000143,2022-04-01,2.5
E07000143,2022-05-01,2.4
E07000143,2022-06-01,2.4
E07000143,2022-07-01,2.3
E07000143,2022-08-01,2.3
E07000143,2022-09-01,2.3
E07000143,2022-10-01,2.2
E07000143,2022-11-01,2.2
E07000143,2022-12-01,2.2
E07000143,2023-01-01,2.1
E07000143,2023-02-01,2.2
E07000143,2023-03-01,2.2
E07000143,2023-04-01,2.2
E07000143,2023-05-01,2.2
E07000143,2023-06-01,2.1
E07000143,2023-07-01,2.2
E07000143,2023-08-01,2.1
E07000143,2023-09-01,2.1
E07000143,2023-10-01,2.2
E07000143,2023-11-01,2.2
E07000143,2023-12-01,2.3
E07000143,2024-01-01,2.3
E07000143,2024-02-01,2.3
E07000143,2024-03-01,2.3
E07000143,2024-04-01,2.3
E07000143,2024-05-01,2.2
E07000143,2024-06-01,2.3
E07000143,2024-07-01,2.5
E07000143,2024-08-01,2.5
E07000143,2024-09-01,2.5
E07000143,2024-10-01,2.4
E07000143,2024-11-01,2.3
E07000143,2024-12-01,2.3
E07000143,2025-01-01,2.4
E07000143,2025-02-01,2.4
E07000143,2025-03-01,2.4
E07000143,2025-04-01,2.4
E07000143,2025-05-01,2.3
E07000143,2025-06-01,2.3
E07000143,2025-07-01,2.3
E07000143,2025-08-01,2.3
E07000143,2025-09-01,2.3
E07000143,2025-10-01,2.3
E07000143,2025-11-01,2.3
E07000143,2025-12-01,2.3
E07000143,2026-01-01,2.4
E07000143,2026-02-01,2.6
E07000144,2018-01-01,0.7
E07000144,2018-02-01,0.8
E07000144,2018-03-01,0.9
E07000144,2018-04-01,0.9
E07000144,2018-05-01,0.9
E07000144,2018-06-01,0.8
E07000144,2018-07-01,0.8
E07000144,2018-08-01,0.8
E07000144,2018-09-01,0.7
E07000144,2018-10-01,0.7
E07000144,2018-11-01,0.7
E07000144,2018-12-01,0.8
E07000144,2019-01-01,0.9
E07000144,2019-02-01,1.0
E07000144,2019-03-01,1.1
E07000144,2019-04-01,1.1
E07000144,2019-05-01,1.1
E07000144,2019-06-01,1.1
E07000144,2019-07-01,1.2
E07000144,2019-08-01,1.2
E07000144,2019-09-01,1.2
E07000144,2019-10-01,1.3
E07000144,2019-11-01,1.3
E07000144,2019-12-01,1.4
E07000144,2020-01-01,1.4
E07000144,2020-02-01,1.4
E07000144,2020-03-01,1.5
E07000144,2020-04-01,3.0
E07000144,2020-05-01,4.1
E07000144,2020-06-01,3.7
E07000144,2020-07-01,3.9
E07000144,2020-08-01,4.0
E07000144,2020-09-01,3.8
E07000144,2020-10-01,3.6
E07000144,2020-11-01,3.6
E07000144,2020-12-01,3.6
E07000144,2021-01-01,3.4
E07000144,2021-02-01,3.6
E07000144,2021-03-01,3.6
E07000144,2021-04-01,3.5
E07000144,2021-05-01,3.2
E07000144,2021-06-01,2.8
E07000144,2021-07-01,2.7
E07000144,2021-08-01,2.6
E07000144,2021-09-01,2.5
E07000144,2021-10-01,2.4
E07000144,2021-11-01,2.3
E07000144,2021-12-01,2.3
E07000144,2022-01-01,2.2
E07000144,2022-02-01,2.2
E07000144,2022-03-01,2.2
E07000144,2022-04-01,2.0
E07000144,2022-05-01,1.9
E07000144,2022-06-01,1.9
E07000144,2022-07-01,1.9
E07000144,2022-08-01,1.8
E07000144,2022-09-01,1.8
E07000144,2022-10-01,1.7
E07000144,2022-11-01,1.7
E07000144,2022-12-01,1.7
E07000144,2023-01-01,1.7
E07000144,2023-02-01,1.8
E07000144,2023-03-01,1.7
E07000144,2023-04-01,1.7
E07000144,2023-05-01,1.7
E07000144,2023-06-01,1.7
E07000144,2023-07-01,1.8
E07000144,2023-08-01,1.7
E07000144,2023-09-01,1.7
E07000144,2023-10-01,1.7
E07000144,2023-11-01,1.8
E07000144,2023-12-01,1.8
E07000144,2024-01-01,1.8
E07000144,2024-02-01,1.9
E07000144,2024-03-01,2.0
E07000144,2024-04-01,1.9
E07000144,2024-05-01,1.9
E07000144,2024-06-01,1.8
E07000144,2024-07-01,2.0
E07000144,2024-08-01,2.0
E07000144,2024-09-01,2.1
E07000144,2024-10-01,2.1
E07000144,2024-11-01,2.1
E07000144,2024-12-01,2.0
E07000144,2025-01-01,2.0
E07000144,2025-02-01,2.1
E07000144,2025-03-01,2.1
E07000144,2025-04-01,2.0
E07000144,2025-05-01,2.0
E07000144,2025-06-01,2.0
E07000144,2025-07-01,2.0
E07000144,2025-08-01,2.0
E07000144,2025-09-01,2.0
E07000144,2025-10-01,2.0
E07000144,2025-11-01,2.0
E07000144,2025-12-01,1.9
E07000144,2026-01-01,2.0
E07000144,2026-02-01,2.1
E07000145,2018-01-01,5.1
E07000145,2018-02-01,5.3
E07000145,2018-03-01,5.5
E07000145,2018-04-01,5.7
E07000145,2018-05-01,5.1
E07000145,2018-06-01,4.8
E07000145,2018-07-01,4.7
E07000145,2018-08-01,4.8
E07000145,2018-09-01,4.7
E07000145,2018-10-01,4.8
E07000145,2018-11-01,5.0
E07000145,2018-12-01,5.1
E07000145,2019-01-01,5.3
E07000145,2019-02-01,5.4
E07000145,2019-03-01,5.4
E07000145,2019-04-01,5.2
E07000145,2019-05-01,4.9
E07000145,2019-06-01,4.7
E07000145,2019-07-01,4.5
E07000145,2019-08-01,4.6
E07000145,2019-09-01,4.4
E07000145,2019-10-01,4.5
E07000145,2019-11-01,4.8
E07000145,2019-12-01,5.0
E07000145,2020-01-01,5.3
E07000145,2020-02-01,5.4
E07000145,2020-03-01,5.2
E07000145,2020-04-01,7.8
E07000145,2020-05-01,8.3
E07000145,2020-06-01,8.3
E07000145,2020-07-01,8.3
E07000145,2020-08-01,8.1
E07000145,2020-09-01,7.8
E07000145,2020-10-01,7.5
E07000145,2020-11-01,8.0
E07000145,2020-12-01,7.9
E07000145,2021-01-01,8.3
E07000145,2021-02-01,8.6
E07000145,2021-03-01,8.5
E07000145,2021-04-01,8.3
E07000145,2021-05-01,7.5
E07000145,2021-06-01,6.8
E07000145,2021-07-01,6.3
E07000145,2021-08-01,6.1
E07000145,2021-09-01,5.8
E07000145,2021-10-01,5.8
E07000145,2021-11-01,5.9
E07000145,2021-12-01,5.9
E07000145,2022-01-01,6.2
E07000145,2022-02-01,6.2
E07000145,2022-03-01,5.8
E07000145,2022-04-01,5.1
E07000145,2022-05-01,4.7
E07000145,2022-06-01,4.5
E07000145,2022-07-01,4.2
E07000145,2022-08-01,4.2
E07000145,2022-09-01,4.1
E07000145,2022-10-01,4.1
E07000145,2022-11-01,4.4
E07000145,2022-12-01,4.8
E07000145,2023-01-01,5.1
E07000145,2023-02-01,5.2
E07000145,2023-03-01,5.2
E07000145,2023-04-01,5.2
E07000145,2023-05-01,4.8
E07000145,2023-06-01,4.7
E07000145,2023-07-01,4.7
E07000145,2023-08-01,4.4
E07000145,2023-09-01,4.4
E07000145,2023-10-01,4.4
E07000145,2023-11-01,4.7
E07000145,2023-12-01,4.7
E07000145,2024-01-01,5.1
E07000145,2024-02-01,5.1
E07000145,2024-03-01,5.2
E07000145,2024-04-01,5.1
E07000145,2024-05-01,4.9
E07000145,2024-06-01,5.0
E07000145,2024-07-01,5.1
E07000145,2024-08-01,5.1
E07000145,2024-09-01,4.9
E07000145,2024-10-01,4.8
E07000145,2024-11-01,4.9
E07000145,2024-12-01,4.8
E07000145,2025-01-01,5.0
E07000145,2025-02-01,5.2
E07000145,2025-03-01,5.1
E07000145,2025-04-01,4.9
E07000145,2025-05-01,4.7
E07000145,2025-06-01,4.6
E07000145,2025-07-01,4.6
E07000145,2025-08-01,4.4
E07000145,2025-09-01,4.3
E07000145,2025-10-01,4.3
E07000145,2025-11-01,4.5
E07000145,2025-12-01,4.7
E07000145,2026-01-01,4.9
E07000145,2026-02-01,5.2
E07000146,2018-01-01,1.0
E07000146,2018-02-01,1.1
E07000146,2018-03-01,1.1
E07000146,2018-04-01,1.1
E07000146,2018-05-01,1.1
E07000146,2018-06-01,1.0
E07000146,2018-07-01,1.0
E07000146,2018-08-01,1.0
E07000146,2018-09-01,1.0
E07000146,2018-10-01,1.0
E07000146,2018-11-01,1.0
E07000146,2018-12-01,1.1
E07000146,2019-01-01,1.2
E07000146,2019-02-01,1.3
E07000146,2019-03-01,1.5
E07000146,2019-04-01,1.6
E07000146,2019-05-01,1.6
E07000146,2019-06-01,1.7
E07000146,2019-07-01,1.8
E07000146,2019-08-01,1.9
E07000146,2019-09-01,1.9
E07000146,2019-10-01,2.0
E07000146,2019-11-01,2.1
E07000146,2019-12-01,2.2
E07000146,2020-01-01,2.3
E07000146,2020-02-01,2.3
E07000146,2020-03-01,2.3
E07000146,2020-04-01,4.0
E07000146,2020-05-01,5.3
E07000146,2020-06-01,5.0
E07000146,2020-07-01,5.1
E07000146,2020-08-01,5.1
E07000146,2020-09-01,4.9
E07000146,2020-10-01,4.6
E07000146,2020-11-01,4.7
E07000146,2020-12-01,4.8
E07000146,2021-01-01,4.7
E07000146,2021-02-01,5.0
E07000146,2021-03-01,4.9
E07000146,2021-04-01,4.8
E07000146,2021-05-01,4.4
E07000146,2021-06-01,4.0
E07000146,2021-07-01,3.9
E07000146,2021-08-01,3.6
E07000146,2021-09-01,3.4
E07000146,2021-10-01,3.3
E07000146,2021-11-01,3.1
E07000146,2021-12-01,3.0
E07000146,2022-01-01,3.0
E07000146,2022-02-01,3.0
E07000146,2022-03-01,2.9
E07000146,2022-04-01,2.7
E07000146,2022-05-01,2.6
E07000146,2022-06-01,2.5
E07000146,2022-07-01,2.4
E07000146,2022-08-01,2.5
E07000146,2022-09-01,2.5
E07000146,2022-10-01,2.5
E07000146,2022-11-01,2.6
E07000146,2022-12-01,2.5
E07000146,2023-01-01,2.5
E07000146,2023-02-01,2.6
E07000146,2023-03-01,2.7
E07000146,2023-04-01,2.7
E07000146,2023-05-01,2.8
E07000146,2023-06-01,2.7
E07000146,2023-07-01,2.7
E07000146,2023-08-01,2.6
E07000146,2023-09-01,2.6
E07000146,2023-10-01,2.6
E07000146,2023-11-01,2.6
E07000146,2023-12-01,2.7
E07000146,2024-01-01,2.7
E07000146,2024-02-01,2.7
E07000146,2024-03-01,2.7
E07000146,2024-04-01,2.7
E07000146,2024-05-01,2.6
E07000146,2024-06-01,2.7
E07000146,2024-07-01,2.9
E07000146,2024-08-01,2.8
E07000146,2024-09-01,2.8
E07000146,2024-10-01,2.8
E07000146,2024-11-01,2.8
E07000146,2024-12-01,2.8
E07000146,2025-01-01,2.8
E07000146,2025-02-01,2.9
E07000146,2025-03-01,3.0
E07000146,2025-04-01,2.9
E07000146,2025-05-01,2.8
E07000146,2025-06-01,2.8
E07000146,2025-07-01,2.7
E07000146,2025-08-01,2.8
E07000146,2025-09-01,2.7
E07000146,2025-10-01,2.7
E07000146,2025-11-01,2.7
E07000146,2025-12-01,2.8
E07000146,2026-01-01,2.9
E07000146,2026-02-01,3.0
E07000147,2018-01-01,1.0
E07000147,2018-02-01,1.1
E07000147,2018-03-01,1.1
E07000147,2018-04-01,1.1
E07000147,2018-05-01,1
E07000147,2018-06-01,0.9
E07000147,2018-07-01,0.8
E07000147,2018-08-01,0.8
E07000147,2018-09-01,0.8
E07000147,2018-10-01,0.8
E07000147,2018-11-01,0.8
E07000147,2018-12-01,0.9
E07000147,2019-01-01,1.0
E07000147,2019-02-01,1.2
E07000147,2019-03-01,1.3
E07000147,2019-04-01,1.4
E07000147,2019-05-01,1.4
E07000147,2019-06-01,1.5
E07000147,2019-07-01,1.4
E07000147,2019-08-01,1.5
E07000147,2019-09-01,1.5
E07000147,2019-10-01,1.6
E07000147,2019-11-01,1.7
E07000147,2019-12-01,1.8
E07000147,2020-01-01,1.9
E07000147,2020-02-01,2.1
E07000147,2020-03-01,2.0
E07000147,2020-04-01,4.3
E07000147,2020-05-01,5.2
E07000147,2020-06-01,4.8
E07000147,2020-07-01,4.9
E07000147,2020-08-01,4.9
E07000147,2020-09-01,4.7
E07000147,2020-10-01,4.2
E07000147,2020-11-01,4.4
E07000147,2020-12-01,4.4
E07000147,2021-01-01,4.4
E07000147,2021-02-01,4.7
E07000147,2021-03-01,4.6
E07000147,2021-04-01,4.6
E07000147,2021-05-01,4.2
E07000147,2021-06-01,3.7
E07000147,2021-07-01,3.5
E07000147,2021-08-01,3.3
E07000147,2021-09-01,3.1
E07000147,2021-10-01,3.1
E07000147,2021-11-01,3.1
E07000147,2021-12-01,3.1
E07000147,2022-01-01,3.1
E07000147,2022-02-01,3.2
E07000147,2022-03-01,3.1
E07000147,2022-04-01,2.9
E07000147,2022-05-01,2.7
E07000147,2022-06-01,2.7
E07000147,2022-07-01,2.6
E07000147,2022-08-01,2.5
E07000147,2022-09-01,2.5
E07000147,2022-10-01,2.5
E07000147,2022-11-01,2.5
E07000147,2022-12-01,2.6
E07000147,2023-01-01,2.6
E07000147,2023-02-01,2.8
E07000147,2023-03-01,2.7
E07000147,2023-04-01,2.7
E07000147,2023-05-01,2.6
E07000147,2023-06-01,2.5
E07000147,2023-07-01,2.5
E07000147,2023-08-01,2.4
E07000147,2023-09-01,2.4
E07000147,2023-10-01,2.4
E07000147,2023-11-01,2.5
E07000147,2023-12-01,2.6
E07000147,2024-01-01,2.7
E07000147,2024-02-01,2.8
E07000147,2024-03-01,2.9
E07000147,2024-04-01,2.8
E07000147,2024-05-01,2.6
E07000147,2024-06-01,2.6
E07000147,2024-07-01,2.9
E07000147,2024-08-01,2.9
E07000147,2024-09-01,2.8
E07000147,2024-10-01,2.9
E07000147,2024-11-01,2.9
E07000147,2024-12-01,2.8
E07000147,2025-01-01,2.8
E07000147,2025-02-01,2.9
E07000147,2025-03-01,2.9
E07000147,2025-04-01,2.8
E07000147,2025-05-01,2.6
E07000147,2025-06-01,2.6
E07000147,2025-07-01,2.5
E07000147,2025-08-01,2.5
E07000147,2025-09-01,2.5
E07000147,2025-10-01,2.5
E07000147,2025-11-01,2.6
E07000147,2025-12-01,2.6
E07000147,2026-01-01,2.7
E07000147,2026-02-01,2.9
E07000148,2018-01-01,1.6
E07000148,2018-02-01,1.7
E07000148,2018-03-01,1.8
E07000148,2018-04-01,1.8
E07000148,2018-05-01,1.8
E07000148,2018-06-01,1.7
E07000148,2018-07-01,1.7
E07000148,2018-08-01,1.7
E07000148,2018-09-01,1.7
E07000148,2018-10-01,1.7
E07000148,2018-11-01,1.7
E07000148,2018-12-01,1.8
E07000148,2019-01-01,2.1
E07000148,2019-02-01,2.2
E07000148,2019-03-01,2.4
E07000148,2019-04-01,2.5
E07000148,2019-05-01,2.6
E07000148,2019-06-01,2.7
E07000148,2019-07-01,2.8
E07000148,2019-08-01,2.9
E07000148,2019-09-01,2.9
E07000148,2019-10-01,3.0
E07000148,2019-11-01,3.1
E07000148,2019-12-01,3.1
E07000148,2020-01-01,3.2
E07000148,2020-02-01,3.3
E07000148,2020-03-01,3.3
E07000148,2020-04-01,5.1
E07000148,2020-05-01,6.5
E07000148,2020-06-01,6.2
E07000148,2020-07-01,6.5
E07000148,2020-08-01,6.5
E07000148,2020-09-01,6.5
E07000148,2020-10-01,6.1
E07000148,2020-11-01,6.3
E07000148,2020-12-01,6.3
E07000148,2021-01-01,6.2
E07000148,2021-02-01,6.5
E07000148,2021-03-01,6.5
E07000148,2021-04-01,6.5
E07000148,2021-05-01,6.0
E07000148,2021-06-01,5.6
E07000148,2021-07-01,5.5
E07000148,2021-08-01,5.3
E07000148,2021-09-01,5.1
E07000148,2021-10-01,4.9
E07000148,2021-11-01,4.8
E07000148,2021-12-01,4.6
E07000148,2022-01-01,4.4
E07000148,2022-02-01,4.4
E07000148,2022-03-01,4.3
E07000148,2022-04-01,4.1
E07000148,2022-05-01,3.9
E07000148,2022-06-01,3.8
E07000148,2022-07-01,3.7
E07000148,2022-08-01,3.7
E07000148,2022-09-01,3.6
E07000148,2022-10-01,3.5
E07000148,2022-11-01,3.4
E07000148,2022-12-01,3.5
E07000148,2023-01-01,3.5
E07000148,2023-02-01,3.5
E07000148,2023-03-01,3.5
E07000148,2023-04-01,3.5
E07000148,2023-05-01,3.4
E07000148,2023-06-01,3.4
E07000148,2023-07-01,3.5
E07000148,2023-08-01,3.5
E07000148,2023-09-01,3.5
E07000148,2023-10-01,3.5
E07000148,2023-11-01,3.6
E07000148,2023-12-01,3.7
E07000148,2024-01-01,3.7
E07000148,2024-02-01,3.8
E07000148,2024-03-01,3.9
E07000148,2024-04-01,3.8
E07000148,2024-05-01,3.8
E07000148,2024-06-01,3.8
E07000148,2024-07-01,4.2
E07000148,2024-08-01,4.1
E07000148,2024-09-01,4.1
E07000148,2024-10-01,4.1
E07000148,2024-11-01,4.0
E07000148,2024-12-01,3.9
E07000148,2025-01-01,4.0
E07000148,2025-02-01,4.1
E07000148,2025-03-01,4.0
E07000148,2025-04-01,4.0
E07000148,2025-05-01,3.9
E07000148,2025-06-01,3.9
E07000148,2025-07-01,3.9
E07000148,2025-08-01,4.0
E07000148,2025-09-01,3.9
E07000148,2025-10-01,4.0
E07000148,2025-11-01,4.0
E07000148,2025-12-01,4.0
E07000148,2026-01-01,4.0
E07000148,2026-02-01,4.3
E07000149,2018-01-01,0.8
E07000149,2018-02-01,0.8
E07000149,2018-03-01,0.9
E07000149,2018-04-01,0.9
E07000149,2018-05-01,0.9
E07000149,2018-06-01,0.8
E07000149,2018-07-01,0.8
E07000149,2018-08-01,0.8
E07000149,2018-09-01,0.9
E07000149,2018-10-01,0.9
E07000149,2018-11-01,0.9
E07000149,2018-12-01,1.0
E07000149,2019-01-01,1.0
E07000149,2019-02-01,1.1
E07000149,2019-03-01,1.2
E07000149,2019-04-01,1.2
E07000149,2019-05-01,1.2
E07000149,2019-06-01,1.3
E07000149,2019-07-01,1.4
E07000149,2019-08-01,1.4
E07000149,2019-09-01,1.4
E07000149,2019-10-01,1.4
E07000149,2019-11-01,1.5
E07000149,2019-12-01,1.5
E07000149,2020-01-01,1.6
E07000149,2020-02-01,1.6
E07000149,2020-03-01,1.6
E07000149,2020-04-01,3.1
E07000149,2020-05-01,4.1
E07000149,2020-06-01,3.8
E07000149,2020-07-01,4.0
E07000149,2020-08-01,4.1
E07000149,2020-09-01,3.9
E07000149,2020-10-01,3.6
E07000149,2020-11-01,3.7
E07000149,2020-12-01,3.7
E07000149,2021-01-01,3.5
E07000149,2021-02-01,3.6
E07000149,2021-03-01,3.6
E07000149,2021-04-01,3.6
E07000149,2021-05-01,3.2
E07000149,2021-06-01,2.9
E07000149,2021-07-01,2.9
E07000149,2021-08-01,2.8
E07000149,2021-09-01,2.6
E07000149,2021-10-01,2.6
E07000149,2021-11-01,2.5
E07000149,2021-12-01,2.5
E07000149,2022-01-01,2.4
E07000149,2022-02-01,2.4
E07000149,2022-03-01,2.3
E07000149,2022-04-01,2.2
E07000149,2022-05-01,2.1
E07000149,2022-06-01,2.0
E07000149,2022-07-01,2.0
E07000149,2022-08-01,2.0
E07000149,2022-09-01,2.0
E07000149,2022-10-01,1.9
E07000149,2022-11-01,1.9
E07000149,2022-12-01,1.9
E07000149,2023-01-01,1.9
E07000149,2023-02-01,1.9
E07000149,2023-03-01,1.9
E07000149,2023-04-01,2.0
E07000149,2023-05-01,1.9
E07000149,2023-06-01,1.9
E07000149,2023-07-01,1.9
E07000149,2023-08-01,1.9
E07000149,2023-09-01,1.9
E07000149,2023-10-01,1.9
E07000149,2023-11-01,2.0
E07000149,2023-12-01,2.0
E07000149,2024-01-01,2.0
E07000149,2024-02-01,2.0
E07000149,2024-03-01,2.0
E07000149,2024-04-01,2.0
E07000149,2024-05-01,2.0
E07000149,2024-06-01,2.0
E07000149,2024-07-01,2.2
E07000149,2024-08-01,2.2
E07000149,2024-09-01,2.3
E07000149,2024-10-01,2.2
E07000149,2024-11-01,2.1
E07000149,2024-12-01,2.2
E07000149,2025-01-01,2.2
E07000149,2025-02-01,2.3
E07000149,2025-03-01,2.2
E07000149,2025-04-01,2.1
E07000149,2025-05-01,2.1
E07000149,2025-06-01,2.1
E07000149,2025-07-01,2.1
E07000149,2025-08-01,2.1
E07000149,2025-09-01,2.1
E07000149,2025-10-01,2.2
E07000149,2025-11-01,2.2
E07000149,2025-12-01,2.2
E07000149,2026-01-01,2.3
E07000149,2026-02-01,2.4
E07000170,2018-01-01,2.1
E07000170,2018-02-01,2.2
E07000170,2018-03-01,2.2
E07000170,2018-04-01,2.2
E07000170,2018-05-01,2.1
E07000170,2018-06-01,2.1
E07000170,2018-07-01,2.0
E07000170,2018-08-01,1.9
E07000170,2018-09-01,1.9
E07000170,2018-10-01,1.9
E07000170,2018-11-01,1.9
E07000170,2018-12-01,1.9
E07000170,2019-01-01,2.1
E07000170,2019-02-01,2.3
E07000170,2019-03-01,2.5
E07000170,2019-04-01,2.6
E07000170,2019-05-01,2.6
E07000170,2019-06-01,2.8
E07000170,2019-07-01,2.8
E07000170,2019-08-01,2.8
E07000170,2019-09-01,2.9
E07000170,2019-10-01,2.9
E07000170,2019-11-01,2.9
E07000170,2019-12-01,3.0
E07000170,2020-01-01,3.2
E07000170,2020-02-01,3.4
E07000170,2020-03-01,3.3
E07000170,2020-04-01,5.6
E07000170,2020-05-01,6.6
E07000170,2020-06-01,6.3
E07000170,2020-07-01,6.4
E07000170,2020-08-01,6.4
E07000170,2020-09-01,6.1
E07000170,2020-10-01,5.9
E07000170,2020-11-01,5.9
E07000170,2020-12-01,5.7
E07000170,2021-01-01,5.7
E07000170,2021-02-01,5.9
E07000170,2021-03-01,5.9
E07000170,2021-04-01,5.8
E07000170,2021-05-01,5.5
E07000170,2021-06-01,5.2
E07000170,2021-07-01,5.2
E07000170,2021-08-01,5.1
E07000170,2021-09-01,4.8
E07000170,2021-10-01,4.7
E07000170,2021-11-01,4.6
E07000170,2021-12-01,4.4
E07000170,2022-01-01,4.3
E07000170,2022-02-01,4.3
E07000170,2022-03-01,4.2
E07000170,2022-04-01,4.0
E07000170,2022-05-01,3.9
E07000170,2022-06-01,3.9
E07000170,2022-07-01,3.8
E07000170,2022-08-01,3.8
E07000170,2022-09-01,3.7
E07000170,2022-10-01,3.6
E07000170,2022-11-01,3.6
E07000170,2022-12-01,3.7
E07000170,2023-01-01,3.6
E07000170,2023-02-01,3.8
E07000170,2023-03-01,3.8
E07000170,2023-04-01,3.9
E07000170,2023-05-01,3.8
E07000170,2023-06-01,3.8
E07000170,2023-07-01,3.8
E07000170,2023-08-01,3.8
E07000170,2023-09-01,3.7
E07000170,2023-10-01,3.7
E07000170,2023-11-01,3.7
E07000170,2023-12-01,3.7
E07000170,2024-01-01,3.8
E07000170,2024-02-01,3.9
E07000170,2024-03-01,3.9
E07000170,2024-04-01,3.9
E07000170,2024-05-01,3.9
E07000170,2024-06-01,4.0
E07000170,2024-07-01,4.2
E07000170,2024-08-01,4.1
E07000170,2024-09-01,4.1
E07000170,2024-10-01,3.9
E07000170,2024-11-01,3.9
E07000170,2024-12-01,3.8
E07000170,2025-01-01,3.8
E07000170,2025-02-01,3.9
E07000170,2025-03-01,3.9
E07000170,2025-04-01,3.8
E07000170,2025-05-01,3.8
E07000170,2025-06-01,3.8
E07000170,2025-07-01,3.8
E07000170,2025-08-01,3.9
E07000170,2025-09-01,3.8
E07000170,2025-10-01,3.8
E07000170,2025-11-01,3.7
E07000170,2025-12-01,3.7
E07000170,2026-01-01,3.8
E07000170,2026-02-01,4.0
E07000171,2018-01-01,1.6
E07000171,2018-02-01,1.8
E07000171,2018-03-01,1.9
E07000171,2018-04-01,2.1
E07000171,2018-05-01,2
E07000171,2018-06-01,2.1
E07000171,2018-07-01,2.1
E07000171,2018-08-01,2.2
E07000171,2018-09-01,2.2
E07000171,2018-10-01,2.3
E07000171,2018-11-01,2.3
E07000171,2018-12-01,2.3
E07000171,2019-01-01,2.4
E07000171,2019-02-01,2.6
E07000171,2019-03-01,2.7
E07000171,2019-04-01,2.7
E07000171,2019-05-01,2.7
E07000171,2019-06-01,2.7
E07000171,2019-07-01,2.6
E07000171,2019-08-01,2.6
E07000171,2019-09-01,2.6
E07000171,2019-10-01,2.6
E07000171,2019-11-01,2.7
E07000171,2019-12-01,2.6
E07000171,2020-01-01,2.8
E07000171,2020-02-01,2.8
E07000171,2020-03-01,2.7
E07000171,2020-04-01,4.8
E07000171,2020-05-01,5.6
E07000171,2020-06-01,5.2
E07000171,2020-07-01,5.3
E07000171,2020-08-01,5.4
E07000171,2020-09-01,5.2
E07000171,2020-10-01,5.0
E07000171,2020-11-01,4.9
E07000171,2020-12-01,4.9
E07000171,2021-01-01,4.8
E07000171,2021-02-01,5.0
E07000171,2021-03-01,4.8
E07000171,2021-04-01,4.8
E07000171,2021-05-01,4.5
E07000171,2021-06-01,4.2
E07000171,2021-07-01,4.1
E07000171,2021-08-01,4.0
E07000171,2021-09-01,3.7
E07000171,2021-10-01,3.7
E07000171,2021-11-01,3.5
E07000171,2021-12-01,3.4
E07000171,2022-01-01,3.4
E07000171,2022-02-01,3.4
E07000171,2022-03-01,3.3
E07000171,2022-04-01,3.1
E07000171,2022-05-01,3.0
E07000171,2022-06-01,3.0
E07000171,2022-07-01,2.9
E07000171,2022-08-01,3.0
E07000171,2022-09-01,2.9
E07000171,2022-10-01,2.8
E07000171,2022-11-01,3.0
E07000171,2022-12-01,2.9
E07000171,2023-01-01,2.9
E07000171,2023-02-01,2.9
E07000171,2023-03-01,3.0
E07000171,2023-04-01,3.1
E07000171,2023-05-01,2.9
E07000171,2023-06-01,2.9
E07000171,2023-07-01,2.9
E07000171,2023-08-01,2.9
E07000171,2023-09-01,3.1
E07000171,2023-10-01,3.5
E07000171,2023-11-01,3.4
E07000171,2023-12-01,3.3
E07000171,2024-01-01,3.2
E07000171,2024-02-01,3.2
E07000171,2024-03-01,3.3
E07000171,2024-04-01,3.2
E07000171,2024-05-01,3.2
E07000171,2024-06-01,3.2
E07000171,2024-07-01,3.4
E07000171,2024-08-01,3.4
E07000171,2024-09-01,3.3
E07000171,2024-10-01,3.3
E07000171,2024-11-01,3.1
E07000171,2024-12-01,3.1
E07000171,2025-01-01,3.1
E07000171,2025-02-01,3.2
E07000171,2025-03-01,3.1
E07000171,2025-04-01,3.0
E07000171,2025-05-01,3.0
E07000171,2025-06-01,3.0
E07000171,2025-07-01,3.0
E07000171,2025-08-01,3.0
E07000171,2025-09-01,3.1
E07000171,2025-10-01,3.0
E07000171,2025-11-01,3.1
E07000171,2025-12-01,3.1
E07000171,2026-01-01,3.1
E07000171,2026-02-01,3.3
E07000172,2018-01-01,1.6
E07000172,2018-02-01,1.6
E07000172,2018-03-01,1.6
E07000172,2018-04-01,1.6
E07000172,2018-05-01,1.6
E07000172,2018-06-01,1.6
E07000172,2018-07-01,1.5
E07000172,2018-08-01,1.5
E07000172,2018-09-01,1.5
E07000172,2018-10-01,1.5
E07000172,2018-11-01,1.5
E07000172,2018-12-01,1.5
E07000172,2019-01-01,1.7
E07000172,2019-02-01,1.8
E07000172,2019-03-01,1.9
E07000172,2019-04-01,2.0
E07000172,2019-05-01,2.0
E07000172,2019-06-01,2.0
E07000172,2019-07-01,2.1
E07000172,2019-08-01,2.1
E07000172,2019-09-01,2.1
E07000172,2019-10-01,2.2
E07000172,2019-11-01,2.2
E07000172,2019-12-01,2.2
E07000172,2020-01-01,2.2
E07000172,2020-02-01,2.3
E07000172,2020-03-01,2.3
E07000172,2020-04-01,4.0
E07000172,2020-05-01,5.0
E07000172,2020-06-01,4.7
E07000172,2020-07-01,4.8
E07000172,2020-08-01,5.0
E07000172,2020-09-01,4.8
E07000172,2020-10-01,4.6
E07000172,2020-11-01,4.6
E07000172,2020-12-01,4.5
E07000172,2021-01-01,4.4
E07000172,2021-02-01,4.6
E07000172,2021-03-01,4.5
E07000172,2021-04-01,4.4
E07000172,2021-05-01,4.1
E07000172,2021-06-01,3.8
E07000172,2021-07-01,3.7
E07000172,2021-08-01,3.7
E07000172,2021-09-01,3.4
E07000172,2021-10-01,3.3
E07000172,2021-11-01,3.2
E07000172,2021-12-01,3.0
E07000172,2022-01-01,2.8
E07000172,2022-02-01,2.9
E07000172,2022-03-01,2.8
E07000172,2022-04-01,2.6
E07000172,2022-05-01,2.5
E07000172,2022-06-01,2.5
E07000172,2022-07-01,2.5
E07000172,2022-08-01,2.5
E07000172,2022-09-01,2.5
E07000172,2022-10-01,2.4
E07000172,2022-11-01,2.5
E07000172,2022-12-01,2.5
E07000172,2023-01-01,2.5
E07000172,2023-02-01,2.6
E07000172,2023-03-01,2.6
E07000172,2023-04-01,2.7
E07000172,2023-05-01,2.6
E07000172,2023-06-01,2.5
E07000172,2023-07-01,2.6
E07000172,2023-08-01,2.5
E07000172,2023-09-01,2.4
E07000172,2023-10-01,2.5
E07000172,2023-11-01,2.4
E07000172,2023-12-01,2.5
E07000172,2024-01-01,2.5
E07000172,2024-02-01,2.6
E07000172,2024-03-01,2.7
E07000172,2024-04-01,2.7
E07000172,2024-05-01,2.6
E07000172,2024-06-01,2.6
E07000172,2024-07-01,2.9
E07000172,2024-08-01,2.9
E07000172,2024-09-01,2.9
E07000172,2024-10-01,2.9
E07000172,2024-11-01,2.8
E07000172,2024-12-01,2.8
E07000172,2025-01-01,2.7
E07000172,2025-02-01,2.8
E07000172,2025-03-01,2.9
E07000172,2025-04-01,2.8
E07000172,2025-05-01,2.8
E07000172,2025-06-01,2.9
E07000172,2025-07-01,2.9
E07000172,2025-08-01,2.9
E07000172,2025-09-01,2.9
E07000172,2025-10-01,2.8
E07000172,2025-11-01,2.8
E07000172,2025-12-01,2.8
E07000172,2026-01-01,2.8
E07000172,2026-02-01,2.8
E07000173,2018-01-01,1.5
E07000173,2018-02-01,1.6
E07000173,2018-03-01,1.7
E07000173,2018-04-01,1.6
E07000173,2018-05-01,1.6
E07000173,2018-06-01,1.5
E07000173,2018-07-01,1.5
E07000173,2018-08-01,1.5
E07000173,2018-09-01,1.5
E07000173,2018-10-01,1.5
E07000173,2018-11-01,1.5
E07000173,2018-12-01,1.6
E07000173,2019-01-01,1.7
E07000173,2019-02-01,1.8
E07000173,2019-03-01,2.0
E07000173,2019-04-01,2.1
E07000173,2019-05-01,2.1
E07000173,2019-06-01,2.1
E07000173,2019-07-01,2.2
E07000173,2019-08-01,2.3
E07000173,2019-09-01,2.2
E07000173,2019-10-01,2.4
E07000173,2019-11-01,2.4
E07000173,2019-12-01,2.4
E07000173,2020-01-01,2.5
E07000173,2020-02-01,2.6
E07000173,2020-03-01,2.6
E07000173,2020-04-01,4.3
E07000173,2020-05-01,5.4
E07000173,2020-06-01,5.1
E07000173,2020-07-01,5.2
E07000173,2020-08-01,5.4
E07000173,2020-09-01,5.2
E07000173,2020-10-01,5.1
E07000173,2020-11-01,5.0
E07000173,2020-12-01,4.9
E07000173,2021-01-01,4.8
E07000173,2021-02-01,5.0
E07000173,2021-03-01,5.0
E07000173,2021-04-01,4.9
E07000173,2021-05-01,4.6
E07000173,2021-06-01,4.2
E07000173,2021-07-01,4.1
E07000173,2021-08-01,3.9
E07000173,2021-09-01,3.8
E07000173,2021-10-01,3.7
E07000173,2021-11-01,3.5
E07000173,2021-12-01,3.4
E07000173,2022-01-01,3.3
E07000173,2022-02-01,3.3
E07000173,2022-03-01,3.2
E07000173,2022-04-01,3.1
E07000173,2022-05-01,3.0
E07000173,2022-06-01,3.0
E07000173,2022-07-01,2.9
E07000173,2022-08-01,2.9
E07000173,2022-09-01,2.9
E07000173,2022-10-01,2.8
E07000173,2022-11-01,2.8
E07000173,2022-12-01,2.9
E07000173,2023-01-01,2.8
E07000173,2023-02-01,2.9
E07000173,2023-03-01,3.0
E07000173,2023-04-01,3.0
E07000173,2023-05-01,2.9
E07000173,2023-06-01,3.0
E07000173,2023-07-01,3.1
E07000173,2023-08-01,2.9
E07000173,2023-09-01,2.9
E07000173,2023-10-01,2.9
E07000173,2023-11-01,2.8
E07000173,2023-12-01,2.9
E07000173,2024-01-01,2.8
E07000173,2024-02-01,2.9
E07000173,2024-03-01,3.0
E07000173,2024-04-01,2.9
E07000173,2024-05-01,2.9
E07000173,2024-06-01,3.0
E07000173,2024-07-01,3.2
E07000173,2024-08-01,3.3
E07000173,2024-09-01,3.2
E07000173,2024-10-01,3.2
E07000173,2024-11-01,3.1
E07000173,2024-12-01,3.0
E07000173,2025-01-01,3.1
E07000173,2025-02-01,3.2
E07000173,2025-03-01,3.2
E07000173,2025-04-01,3.1
E07000173,2025-05-01,3.1
E07000173,2025-06-01,3.1
E07000173,2025-07-01,3.1
E07000173,2025-08-01,3.1
E07000173,2025-09-01,3.1
E07000173,2025-10-01,3.1
E07000173,2025-11-01,3.1
E07000173,2025-12-01,3.1
E07000173,2026-01-01,3.1
E07000173,2026-02-01,3.2
E07000174,2018-01-01,2.1
E07000174,2018-02-01,2.2
E07000174,2018-03-01,2.2
E07000174,2018-04-01,2.1
E07000174,2018-05-01,2
E07000174,2018-06-01,1.9
E07000174,2018-07-01,1.9
E07000174,2018-08-01,1.9
E07000174,2018-09-01,1.8
E07000174,2018-10-01,1.7
E07000174,2018-11-01,1.9
E07000174,2018-12-01,2.1
E07000174,2019-01-01,2.2
E07000174,2019-02-01,2.4
E07000174,2019-03-01,2.6
E07000174,2019-04-01,2.7
E07000174,2019-05-01,2.7
E07000174,2019-06-01,2.8
E07000174,2019-07-01,2.8
E07000174,2019-08-01,2.9
E07000174,2019-09-01,2.8
E07000174,2019-10-01,2.9
E07000174,2019-11-01,3.0
E07000174,2019-12-01,3.1
E07000174,2020-01-01,3.2
E07000174,2020-02-01,3.4
E07000174,2020-03-01,3.4
E07000174,2020-04-01,5.5
E07000174,2020-05-01,6.8
E07000174,2020-06-01,6.6
E07000174,2020-07-01,6.5
E07000174,2020-08-01,6.4
E07000174,2020-09-01,6.2
E07000174,2020-10-01,5.9
E07000174,2020-11-01,5.9
E07000174,2020-12-01,5.7
E07000174,2021-01-01,5.5
E07000174,2021-02-01,6.0
E07000174,2021-03-01,6.0
E07000174,2021-04-01,5.9
E07000174,2021-05-01,5.6
E07000174,2021-06-01,5.2
E07000174,2021-07-01,5.0
E07000174,2021-08-01,5.0
E07000174,2021-09-01,4.9
E07000174,2021-10-01,4.8
E07000174,2021-11-01,4.5
E07000174,2021-12-01,4.4
E07000174,2022-01-01,4.2
E07000174,2022-02-01,4.3
E07000174,2022-03-01,4.2
E07000174,2022-04-01,4.1
E07000174,2022-05-01,4.0
E07000174,2022-06-01,3.9
E07000174,2022-07-01,3.8
E07000174,2022-08-01,3.8
E07000174,2022-09-01,3.7
E07000174,2022-10-01,3.6
E07000174,2022-11-01,3.7
E07000174,2022-12-01,3.7
E07000174,2023-01-01,3.7
E07000174,2023-02-01,3.8
E07000174,2023-03-01,3.9
E07000174,2023-04-01,4.0
E07000174,2023-05-01,3.8
E07000174,2023-06-01,3.8
E07000174,2023-07-01,3.9
E07000174,2023-08-01,3.9
E07000174,2023-09-01,3.9
E07000174,2023-10-01,3.8
E07000174,2023-11-01,3.8
E07000174,2023-12-01,3.8
E07000174,2024-01-01,3.8
E07000174,2024-02-01,3.9
E07000174,2024-03-01,4.0
E07000174,2024-04-01,3.9
E07000174,2024-05-01,3.8
E07000174,2024-06-01,3.8
E07000174,2024-07-01,4.1
E07000174,2024-08-01,4.1
E07000174,2024-09-01,4.0
E07000174,2024-10-01,3.9
E07000174,2024-11-01,3.9
E07000174,2024-12-01,3.8
E07000174,2025-01-01,3.8
E07000174,2025-02-01,3.9
E07000174,2025-03-01,4.1
E07000174,2025-04-01,3.8
E07000174,2025-05-01,3.8
E07000174,2025-06-01,3.9
E07000174,2025-07-01,3.8
E07000174,2025-08-01,3.8
E07000174,2025-09-01,3.8
E07000174,2025-10-01,3.7
E07000174,2025-11-01,3.8
E07000174,2025-12-01,3.7
E07000174,2026-01-01,3.8
E07000174,2026-02-01,3.9
E07000175,2018-01-01,1.3
E07000175,2018-02-01,1.4
E07000175,2018-03-01,1.4
E07000175,2018-04-01,1.4
E07000175,2018-05-01,1.3
E07000175,2018-06-01,1.3
E07000175,2018-07-01,1.4
E07000175,2018-08-01,1.4
E07000175,2018-09-01,1.4
E07000175,2018-10-01,1.4
E07000175,2018-11-01,1.4
E07000175,2018-12-01,1.5
E07000175,2019-01-01,1.6
E07000175,2019-02-01,1.7
E07000175,2019-03-01,1.8
E07000175,2019-04-01,1.9
E07000175,2019-05-01,2.0
E07000175,2019-06-01,2.0
E07000175,2019-07-01,2.1
E07000175,2019-08-01,2.1
E07000175,2019-09-01,2.1
E07000175,2019-10-01,2.1
E07000175,2019-11-01,2.2
E07000175,2019-12-01,2.2
E07000175,2020-01-01,2.3
E07000175,2020-02-01,2.4
E07000175,2020-03-01,2.4
E07000175,2020-04-01,4.0
E07000175,2020-05-01,5.1
E07000175,2020-06-01,5.0
E07000175,2020-07-01,5.0
E07000175,2020-08-01,5.0
E07000175,2020-09-01,4.9
E07000175,2020-10-01,4.6
E07000175,2020-11-01,4.7
E07000175,2020-12-01,4.6
E07000175,2021-01-01,4.4
E07000175,2021-02-01,4.6
E07000175,2021-03-01,4.7
E07000175,2021-04-01,4.5
E07000175,2021-05-01,4.2
E07000175,2021-06-01,3.9
E07000175,2021-07-01,3.8
E07000175,2021-08-01,3.7
E07000175,2021-09-01,3.6
E07000175,2021-10-01,3.5
E07000175,2021-11-01,3.4
E07000175,2021-12-01,3.3
E07000175,2022-01-01,3.2
E07000175,2022-02-01,3.3
E07000175,2022-03-01,3.2
E07000175,2022-04-01,3.0
E07000175,2022-05-01,2.9
E07000175,2022-06-01,2.9
E07000175,2022-07-01,2.9
E07000175,2022-08-01,2.9
E07000175,2022-09-01,2.8
E07000175,2022-10-01,2.7
E07000175,2022-11-01,2.7
E07000175,2022-12-01,2.8
E07000175,2023-01-01,2.8
E07000175,2023-02-01,2.8
E07000175,2023-03-01,2.8
E07000175,2023-04-01,2.8
E07000175,2023-05-01,2.6
E07000175,2023-06-01,2.7
E07000175,2023-07-01,2.8
E07000175,2023-08-01,2.8
E07000175,2023-09-01,2.8
E07000175,2023-10-01,2.8
E07000175,2023-11-01,2.7
E07000175,2023-12-01,2.7
E07000175,2024-01-01,2.8
E07000175,2024-02-01,2.9
E07000175,2024-03-01,2.9
E07000175,2024-04-01,2.9
E07000175,2024-05-01,2.8
E07000175,2024-06-01,2.8
E07000175,2024-07-01,3.0
E07000175,2024-08-01,3.0
E07000175,2024-09-01,3.0
E07000175,2024-10-01,3.0
E07000175,2024-11-01,2.9
E07000175,2024-12-01,2.8
E07000175,2025-01-01,2.8
E07000175,2025-02-01,2.8
E07000175,2025-03-01,2.8
E07000175,2025-04-01,2.7
E07000175,2025-05-01,2.7
E07000175,2025-06-01,2.8
E07000175,2025-07-01,2.7
E07000175,2025-08-01,2.8
E07000175,2025-09-01,2.7
E07000175,2025-10-01,2.7
E07000175,2025-11-01,2.7
E07000175,2025-12-01,2.7
E07000175,2026-01-01,2.8
E07000175,2026-02-01,3.0
E07000176,2018-01-01,0.9
E07000176,2018-02-01,1.0
E07000176,2018-03-01,1.0
E07000176,2018-04-01,0.9
E07000176,2018-05-01,0.9
E07000176,2018-06-01,0.8
E07000176,2018-07-01,0.8
E07000176,2018-08-01,0.8
E07000176,2018-09-01,0.8
E07000176,2018-10-01,0.7
E07000176,2018-11-01,0.7
E07000176,2018-12-01,0.8
E07000176,2019-01-01,0.9
E07000176,2019-02-01,0.9
E07000176,2019-03-01,1.0
E07000176,2019-04-01,1.1
E07000176,2019-05-01,1.1
E07000176,2019-06-01,1.2
E07000176,2019-07-01,1.2
E07000176,2019-08-01,1.2
E07000176,2019-09-01,1.3
E07000176,2019-10-01,1.3
E07000176,2019-11-01,1.4
E07000176,2019-12-01,1.4
E07000176,2020-01-01,1.4
E07000176,2020-02-01,1.4
E07000176,2020-03-01,1.4
E07000176,2020-04-01,2.7
E07000176,2020-05-01,3.5
E07000176,2020-06-01,3.3
E07000176,2020-07-01,3.4
E07000176,2020-08-01,3.4
E07000176,2020-09-01,3.4
E07000176,2020-10-01,3.2
E07000176,2020-11-01,3.2
E07000176,2020-12-01,3.2
E07000176,2021-01-01,3.1
E07000176,2021-02-01,3.2
E07000176,2021-03-01,3.2
E07000176,2021-04-01,3.1
E07000176,2021-05-01,2.8
E07000176,2021-06-01,2.6
E07000176,2021-07-01,2.5
E07000176,2021-08-01,2.4
E07000176,2021-09-01,2.3
E07000176,2021-10-01,2.2
E07000176,2021-11-01,2.1
E07000176,2021-12-01,2.0
E07000176,2022-01-01,1.9
E07000176,2022-02-01,2.0
E07000176,2022-03-01,1.9
E07000176,2022-04-01,1.8
E07000176,2022-05-01,1.6
E07000176,2022-06-01,1.7
E07000176,2022-07-01,1.6
E07000176,2022-08-01,1.7
E07000176,2022-09-01,1.7
E07000176,2022-10-01,1.7
E07000176,2022-11-01,1.7
E07000176,2022-12-01,1.7
E07000176,2023-01-01,1.7
E07000176,2023-02-01,1.7
E07000176,2023-03-01,1.8
E07000176,2023-04-01,1.8
E07000176,2023-05-01,1.7
E07000176,2023-06-01,1.7
E07000176,2023-07-01,1.7
E07000176,2023-08-01,1.7
E07000176,2023-09-01,1.7
E07000176,2023-10-01,1.7
E07000176,2023-11-01,1.8
E07000176,2023-12-01,1.8
E07000176,2024-01-01,1.8
E07000176,2024-02-01,1.9
E07000176,2024-03-01,1.9
E07000176,2024-04-01,1.9
E07000176,2024-05-01,1.9
E07000176,2024-06-01,1.9
E07000176,2024-07-01,2.1
E07000176,2024-08-01,2.1
E07000176,2024-09-01,2.1
E07000176,2024-10-01,2.1
E07000176,2024-11-01,2.0
E07000176,2024-12-01,2.0
E07000176,2025-01-01,2.0
E07000176,2025-02-01,2.0
E07000176,2025-03-01,2.0
E07000176,2025-04-01,2.0
E07000176,2025-05-01,1.9
E07000176,2025-06-01,1.9
E07000176,2025-07-01,1.9
E07000176,2025-08-01,1.9
E07000176,2025-09-01,1.9
E07000176,2025-10-01,1.9
E07000176,2025-11-01,1.9
E07000176,2025-12-01,1.9
E07000176,2026-01-01,2.0
E07000176,2026-02-01,2.1
E07000177,2018-01-01,0.6
E07000177,2018-02-01,0.6
E07000177,2018-03-01,0.7
E07000177,2018-04-01,0.9
E07000177,2018-05-01,0.8
E07000177,2018-06-01,0.8
E07000177,2018-07-01,0.9
E07000177,2018-08-01,1.0
E07000177,2018-09-01,1.0
E07000177,2018-10-01,1.0
E07000177,2018-11-01,1.0
E07000177,2018-12-01,1.0
E07000177,2019-01-01,1.0
E07000177,2019-02-01,1.1
E07000177,2019-03-01,1.1
E07000177,2019-04-01,1.1
E07000177,2019-05-01,1.1
E07000177,2019-06-01,1.2
E07000177,2019-07-01,1.2
E07000177,2019-08-01,1.2
E07000177,2019-09-01,1.2
E07000177,2019-10-01,1.3
E07000177,2019-11-01,1.3
E07000177,2019-12-01,1.3
E07000177,2020-01-01,1.3
E07000177,2020-02-01,1.4
E07000177,2020-03-01,1.4
E07000177,2020-04-01,2.8
E07000177,2020-05-01,3.9
E07000177,2020-06-01,3.8
E07000177,2020-07-01,3.9
E07000177,2020-08-01,3.9
E07000177,2020-09-01,4.0
E07000177,2020-10-01,3.8
E07000177,2020-11-01,3.8
E07000177,2020-12-01,3.7
E07000177,2021-01-01,3.7
E07000177,2021-02-01,3.9
E07000177,2021-03-01,4.0
E07000177,2021-04-01,3.9
E07000177,2021-05-01,3.5
E07000177,2021-06-01,3.2
E07000177,2021-07-01,3.1
E07000177,2021-08-01,3.1
E07000177,2021-09-01,2.9
E07000177,2021-10-01,2.8
E07000177,2021-11-01,2.6
E07000177,2021-12-01,2.4
E07000177,2022-01-01,2.2
E07000177,2022-02-01,2.2
E07000177,2022-03-01,2.1
E07000177,2022-04-01,2.0
E07000177,2022-05-01,2.0
E07000177,2022-06-01,2.0
E07000177,2022-07-01,1.9
E07000177,2022-08-01,2.0
E07000177,2022-09-01,1.9
E07000177,2022-10-01,1.9
E07000177,2022-11-01,2.0
E07000177,2022-12-01,2.0
E07000177,2023-01-01,1.9
E07000177,2023-02-01,2.0
E07000177,2023-03-01,2.0
E07000177,2023-04-01,2.1
E07000177,2023-05-01,2.0
E07000177,2023-06-01,2.0
E07000177,2023-07-01,2.1
E07000177,2023-08-01,2.0
E07000177,2023-09-01,2.0
E07000177,2023-10-01,2.0
E07000177,2023-11-01,2.0
E07000177,2023-12-01,2.0
E07000177,2024-01-01,2.0
E07000177,2024-02-01,2.1
E07000177,2024-03-01,2.1
E07000177,2024-04-01,2.2
E07000177,2024-05-01,2.2
E07000177,2024-06-01,2.2
E07000177,2024-07-01,2.4
E07000177,2024-08-01,2.4
E07000177,2024-09-01,2.4
E07000177,2024-10-01,2.3
E07000177,2024-11-01,2.3
E07000177,2024-12-01,2.3
E07000177,2025-01-01,2.3
E07000177,2025-02-01,2.4
E07000177,2025-03-01,2.4
E07000177,2025-04-01,2.4
E07000177,2025-05-01,2.4
E07000177,2025-06-01,2.4
E07000177,2025-07-01,2.4
E07000177,2025-08-01,2.4
E07000177,2025-09-01,2.4
E07000177,2025-10-01,2.4
E07000177,2025-11-01,2.4
E07000177,2025-12-01,2.4
E07000177,2026-01-01,2.4
E07000177,2026-02-01,2.5
E07000178,2018-01-01,0.9
E07000178,2018-02-01,1.0
E07000178,2018-03-01,1.1
E07000178,2018-04-01,1.2
E07000178,2018-05-01,1.2
E07000178,2018-06-01,1.3
E07000178,2018-07-01,1.3
E07000178,2018-08-01,1.3
E07000178,2018-09-01,1.4
E07000178,2018-10-01,1.4
E07000178,2018-11-01,1.4
E07000178,2018-12-01,1.5
E07000178,2019-01-01,1.5
E07000178,2019-02-01,1.6
E07000178,2019-03-01,1.6
E07000178,2019-04-01,1.6
E07000178,2019-05-01,1.6
E07000178,2019-06-01,1.7
E07000178,2019-07-01,1.7
E07000178,2019-08-01,1.7
E07000178,2019-09-01,1.7
E07000178,2019-10-01,1.7
E07000178,2019-11-01,1.7
E07000178,2019-12-01,1.8
E07000178,2020-01-01,1.8
E07000178,2020-02-01,1.8
E07000178,2020-03-01,1.8
E07000178,2020-04-01,2.8
E07000178,2020-05-01,3.9
E07000178,2020-06-01,3.9
E07000178,2020-07-01,4.1
E07000178,2020-08-01,4.1
E07000178,2020-09-01,4.1
E07000178,2020-10-01,4.0
E07000178,2020-11-01,4.0
E07000178,2020-12-01,4.0
E07000178,2021-01-01,4.0
E07000178,2021-02-01,4.2
E07000178,2021-03-01,4.3
E07000178,2021-04-01,4.3
E07000178,2021-05-01,4.0
E07000178,2021-06-01,3.7
E07000178,2021-07-01,3.6
E07000178,2021-08-01,3.5
E07000178,2021-09-01,3.3
E07000178,2021-10-01,3.2
E07000178,2021-11-01,3.0
E07000178,2021-12-01,2.8
E07000178,2022-01-01,2.7
E07000178,2022-02-01,2.7
E07000178,2022-03-01,2.6
E07000178,2022-04-01,2.5
E07000178,2022-05-01,2.3
E07000178,2022-06-01,2.3
E07000178,2022-07-01,2.3
E07000178,2022-08-01,2.3
E07000178,2022-09-01,2.3
E07000178,2022-10-01,2.3
E07000178,2022-11-01,2.2
E07000178,2022-12-01,2.3
E07000178,2023-01-01,2.2
E07000178,2023-02-01,2.2
E07000178,2023-03-01,2.2
E07000178,2023-04-01,2.3
E07000178,2023-05-01,2.3
E07000178,2023-06-01,2.3
E07000178,2023-07-01,2.3
E07000178,2023-08-01,2.3
E07000178,2023-09-01,2.2
E07000178,2023-10-01,2.2
E07000178,2023-11-01,2.2
E07000178,2023-12-01,2.2
E07000178,2024-01-01,2.3
E07000178,2024-02-01,2.3
E07000178,2024-03-01,2.3
E07000178,2024-04-01,2.3
E07000178,2024-05-01,2.3
E07000178,2024-06-01,2.4
E07000178,2024-07-01,2.6
E07000178,2024-08-01,2.6
E07000178,2024-09-01,2.6
E07000178,2024-10-01,2.6
E07000178,2024-11-01,2.7
E07000178,2024-12-01,2.7
E07000178,2025-01-01,2.7
E07000178,2025-02-01,2.7
E07000178,2025-03-01,2.7
E07000178,2025-04-01,2.6
E07000178,2025-05-01,2.6
E07000178,2025-06-01,2.5
E07000178,2025-07-01,2.5
E07000178,2025-08-01,2.5
E07000178,2025-09-01,2.6
E07000178,2025-10-01,2.5
E07000178,2025-11-01,2.5
E07000178,2025-12-01,2.5
E07000178,2026-01-01,2.5
E07000178,2026-02-01,2.6
E07000179,2018-01-01,0.6
E07000179,2018-02-01,0.6
E07000179,2018-03-01,0.6
E07000179,2018-04-01,0.8
E07000179,2018-05-01,0.7
E07000179,2018-06-01,0.8
E07000179,2018-07-01,0.8
E07000179,2018-08-01,0.9
E07000179,2018-09-01,0.9
E07000179,2018-10-01,0.9
E07000179,2018-11-01,0.9
E07000179,2018-12-01,0.9
E07000179,2019-01-01,1.0
E07000179,2019-02-01,1.0
E07000179,2019-03-01,1.0
E07000179,2019-04-01,1.0
E07000179,2019-05-01,1.0
E07000179,2019-06-01,1.0
E07000179,2019-07-01,1.0
E07000179,2019-08-01,1.1
E07000179,2019-09-01,1.1
E07000179,2019-10-01,1.1
E07000179,2019-11-01,1.1
E07000179,2019-12-01,1.1
E07000179,2020-01-01,1.2
E07000179,2020-02-01,1.2
E07000179,2020-03-01,1.2
E07000179,2020-04-01,2.5
E07000179,2020-05-01,3.6
E07000179,2020-06-01,3.4
E07000179,2020-07-01,3.4
E07000179,2020-08-01,3.5
E07000179,2020-09-01,3.4
E07000179,2020-10-01,3.2
E07000179,2020-11-01,3.2
E07000179,2020-12-01,3.2
E07000179,2021-01-01,3.1
E07000179,2021-02-01,3.3
E07000179,2021-03-01,3.3
E07000179,2021-04-01,3.1
E07000179,2021-05-01,2.9
E07000179,2021-06-01,2.7
E07000179,2021-07-01,2.6
E07000179,2021-08-01,2.5
E07000179,2021-09-01,2.3
E07000179,2021-10-01,2.2
E07000179,2021-11-01,2.1
E07000179,2021-12-01,2.0
E07000179,2022-01-01,2.0
E07000179,2022-02-01,1.9
E07000179,2022-03-01,1.9
E07000179,2022-04-01,1.8
E07000179,2022-05-01,1.7
E07000179,2022-06-01,1.7
E07000179,2022-07-01,1.7
E07000179,2022-08-01,1.7
E07000179,2022-09-01,1.7
E07000179,2022-10-01,1.8
E07000179,2022-11-01,1.8
E07000179,2022-12-01,1.8
E07000179,2023-01-01,1.8
E07000179,2023-02-01,1.8
E07000179,2023-03-01,1.8
E07000179,2023-04-01,1.8
E07000179,2023-05-01,1.8
E07000179,2023-06-01,1.7
E07000179,2023-07-01,1.8
E07000179,2023-08-01,1.8
E07000179,2023-09-01,1.8
E07000179,2023-10-01,1.8
E07000179,2023-11-01,1.8
E07000179,2023-12-01,1.8
E07000179,2024-01-01,1.8
E07000179,2024-02-01,1.9
E07000179,2024-03-01,1.8
E07000179,2024-04-01,1.8
E07000179,2024-05-01,1.9
E07000179,2024-06-01,1.9
E07000179,2024-07-01,2.0
E07000179,2024-08-01,1.9
E07000179,2024-09-01,1.9
E07000179,2024-10-01,1.9
E07000179,2024-11-01,1.9
E07000179,2024-12-01,1.9
E07000179,2025-01-01,1.9
E07000179,2025-02-01,2.0
E07000179,2025-03-01,2.0
E07000179,2025-04-01,1.9
E07000179,2025-05-01,1.9
E07000179,2025-06-01,1.9
E07000179,2025-07-01,1.8
E07000179,2025-08-01,1.8
E07000179,2025-09-01,1.9
E07000179,2025-10-01,1.9
E07000179,2025-11-01,1.9
E07000179,2025-12-01,1.8
E07000179,2026-01-01,1.9
E07000179,2026-02-01,2.0
E07000180,2018-01-01,0.7
E07000180,2018-02-01,0.8
E07000180,2018-03-01,0.8
E07000180,2018-04-01,0.9
E07000180,2018-05-01,0.9
E07000180,2018-06-01,0.9
E07000180,2018-07-01,1.0
E07000180,2018-08-01,1.0
E07000180,2018-09-01,1.1
E07000180,2018-10-01,1.0
E07000180,2018-11-01,1.0
E07000180,2018-12-01,1.1
E07000180,2019-01-01,1.1
E07000180,2019-02-01,1.1
E07000180,2019-03-01,1.2
E07000180,2019-04-01,1.2
E07000180,2019-05-01,1.1
E07000180,2019-06-01,1.1
E07000180,2019-07-01,1.2
E07000180,2019-08-01,1.1
E07000180,2019-09-01,1.2
E07000180,2019-10-01,1.2
E07000180,2019-11-01,1.2
E07000180,2019-12-01,1.2
E07000180,2020-01-01,1.2
E07000180,2020-02-01,1.3
E07000180,2020-03-01,1.3
E07000180,2020-04-01,2.3
E07000180,2020-05-01,3.6
E07000180,2020-06-01,3.3
E07000180,2020-07-01,3.4
E07000180,2020-08-01,3.5
E07000180,2020-09-01,3.5
E07000180,2020-10-01,3.3
E07000180,2020-11-01,3.3
E07000180,2020-12-01,3.2
E07000180,2021-01-01,3.1
E07000180,2021-02-01,3.3
E07000180,2021-03-01,3.3
E07000180,2021-04-01,3.2
E07000180,2021-05-01,3.0
E07000180,2021-06-01,2.7
E07000180,2021-07-01,2.6
E07000180,2021-08-01,2.5
E07000180,2021-09-01,2.4
E07000180,2021-10-01,2.3
E07000180,2021-11-01,2.2
E07000180,2021-12-01,2.1
E07000180,2022-01-01,2.1
E07000180,2022-02-01,2.2
E07000180,2022-03-01,2.1
E07000180,2022-04-01,2.0
E07000180,2022-05-01,1.9
E07000180,2022-06-01,1.9
E07000180,2022-07-01,1.9
E07000180,2022-08-01,1.9
E07000180,2022-09-01,1.9
E07000180,2022-10-01,1.9
E07000180,2022-11-01,1.8
E07000180,2022-12-01,1.9
E07000180,2023-01-01,1.9
E07000180,2023-02-01,1.9
E07000180,2023-03-01,2.0
E07000180,2023-04-01,2.0
E07000180,2023-05-01,1.9
E07000180,2023-06-01,2.0
E07000180,2023-07-01,1.9
E07000180,2023-08-01,1.9
E07000180,2023-09-01,2.0
E07000180,2023-10-01,2.0
E07000180,2023-11-01,2.0
E07000180,2023-12-01,2.0
E07000180,2024-01-01,2.0
E07000180,2024-02-01,2.1
E07000180,2024-03-01,2.2
E07000180,2024-04-01,2.2
E07000180,2024-05-01,2.1
E07000180,2024-06-01,2.2
E07000180,2024-07-01,2.3
E07000180,2024-08-01,2.3
E07000180,2024-09-01,2.2
E07000180,2024-10-01,2.2
E07000180,2024-11-01,2.2
E07000180,2024-12-01,2.1
E07000180,2025-01-01,2.1
E07000180,2025-02-01,2.2
E07000180,2025-03-01,2.2
E07000180,2025-04-01,2.1
E07000180,2025-05-01,2.1
E07000180,2025-06-01,2.0
E07000180,2025-07-01,2.1
E07000180,2025-08-01,2.0
E07000180,2025-09-01,2.0
E07000180,2025-10-01,2.0
E07000180,2025-11-01,1.9
E07000180,2025-12-01,1.9
E07000180,2026-01-01,1.9
E07000180,2026-02-01,2.1
E07000181,2018-01-01,0.6
E07000181,2018-02-01,0.7
E07000181,2018-03-01,0.7
E07000181,2018-04-01,0.9
E07000181,2018-05-01,0.8
E07000181,2018-06-01,0.9
E07000181,2018-07-01,0.9
E07000181,2018-08-01,0.9
E07000181,2018-09-01,0.9
E07000181,2018-10-01,1.0
E07000181,2018-11-01,1.0
E07000181,2018-12-01,1.0
E07000181,2019-01-01,1.0
E07000181,2019-02-01,1.1
E07000181,2019-03-01,1.1
E07000181,2019-04-01,1.1
E07000181,2019-05-01,1.1
E07000181,2019-06-01,1.1
E07000181,2019-07-01,1.1
E07000181,2019-08-01,1.1
E07000181,2019-09-01,1.2
E07000181,2019-10-01,1.2
E07000181,2019-11-01,1.2
E07000181,2019-12-01,1.3
E07000181,2020-01-01,1.3
E07000181,2020-02-01,1.4
E07000181,2020-03-01,1.4
E07000181,2020-04-01,2.8
E07000181,2020-05-01,3.9
E07000181,2020-06-01,3.7
E07000181,2020-07-01,3.8
E07000181,2020-08-01,3.9
E07000181,2020-09-01,3.7
E07000181,2020-10-01,3.5
E07000181,2020-11-01,3.5
E07000181,2020-12-01,3.4
E07000181,2021-01-01,3.3
E07000181,2021-02-01,3.5
E07000181,2021-03-01,3.5
E07000181,2021-04-01,3.4
E07000181,2021-05-01,3.1
E07000181,2021-06-01,2.9
E07000181,2021-07-01,2.8
E07000181,2021-08-01,2.6
E07000181,2021-09-01,2.5
E07000181,2021-10-01,2.4
E07000181,2021-11-01,2.3
E07000181,2021-12-01,2.2
E07000181,2022-01-01,2.1
E07000181,2022-02-01,2.1
E07000181,2022-03-01,2.1
E07000181,2022-04-01,2.0
E07000181,2022-05-01,1.8
E07000181,2022-06-01,1.8
E07000181,2022-07-01,1.8
E07000181,2022-08-01,1.8
E07000181,2022-09-01,1.9
E07000181,2022-10-01,1.9
E07000181,2022-11-01,1.9
E07000181,2022-12-01,1.9
E07000181,2023-01-01,1.8
E07000181,2023-02-01,1.9
E07000181,2023-03-01,1.8
E07000181,2023-04-01,1.8
E07000181,2023-05-01,1.7
E07000181,2023-06-01,1.7
E07000181,2023-07-01,1.6
E07000181,2023-08-01,1.7
E07000181,2023-09-01,1.7
E07000181,2023-10-01,1.7
E07000181,2023-11-01,1.8
E07000181,2023-12-01,1.7
E07000181,2024-01-01,1.7
E07000181,2024-02-01,1.8
E07000181,2024-03-01,1.7
E07000181,2024-04-01,1.7
E07000181,2024-05-01,1.7
E07000181,2024-06-01,1.8
E07000181,2024-07-01,1.8
E07000181,2024-08-01,1.8
E07000181,2024-09-01,1.8
E07000181,2024-10-01,1.7
E07000181,2024-11-01,1.7
E07000181,2024-12-01,1.7
E07000181,2025-01-01,1.7
E07000181,2025-02-01,1.8
E07000181,2025-03-01,1.8
E07000181,2025-04-01,1.7
E07000181,2025-05-01,1.7
E07000181,2025-06-01,1.8
E07000181,2025-07-01,1.8
E07000181,2025-08-01,1.7
E07000181,2025-09-01,1.8
E07000181,2025-10-01,1.8
E07000181,2025-11-01,1.8
E07000181,2025-12-01,1.8
E07000181,2026-01-01,1.8
E07000181,2026-02-01,1.9
E07000192,2018-01-01,1.3
E07000192,2018-02-01,1.4
E07000192,2018-03-01,1.5
E07000192,2018-04-01,1.5
E07000192,2018-05-01,1.5
E07000192,2018-06-01,1.4
E07000192,2018-07-01,1.3
E07000192,2018-08-01,1.3
E07000192,2018-09-01,1.3
E07000192,2018-10-01,1.3
E07000192,2018-11-01,1.3
E07000192,2018-12-01,1.3
E07000192,2019-01-01,1.5
E07000192,2019-02-01,1.6
E07000192,2019-03-01,1.8
E07000192,2019-04-01,1.9
E07000192,2019-05-01,2.0
E07000192,2019-06-01,2.1
E07000192,2019-07-01,2.1
E07000192,2019-08-01,2.2
E07000192,2019-09-01,2.3
E07000192,2019-10-01,2.3
E07000192,2019-11-01,2.3
E07000192,2019-12-01,2.4
E07000192,2020-01-01,2.5
E07000192,2020-02-01,2.6
E07000192,2020-03-01,2.7
E07000192,2020-04-01,4.8
E07000192,2020-05-01,6.3
E07000192,2020-06-01,5.8
E07000192,2020-07-01,5.8
E07000192,2020-08-01,6.0
E07000192,2020-09-01,5.8
E07000192,2020-10-01,5.6
E07000192,2020-11-01,5.6
E07000192,2020-12-01,5.4
E07000192,2021-01-01,5.3
E07000192,2021-02-01,5.5
E07000192,2021-03-01,5.4
E07000192,2021-04-01,5.3
E07000192,2021-05-01,4.9
E07000192,2021-06-01,4.5
E07000192,2021-07-01,4.6
E07000192,2021-08-01,4.3
E07000192,2021-09-01,4.1
E07000192,2021-10-01,3.9
E07000192,2021-11-01,3.7
E07000192,2021-12-01,3.6
E07000192,2022-01-01,3.5
E07000192,2022-02-01,3.5
E07000192,2022-03-01,3.4
E07000192,2022-04-01,3.2
E07000192,2022-05-01,3.1
E07000192,2022-06-01,3.0
E07000192,2022-07-01,3.1
E07000192,2022-08-01,3.1
E07000192,2022-09-01,3.1
E07000192,2022-10-01,3.2
E07000192,2022-11-01,3.2
E07000192,2022-12-01,3.2
E07000192,2023-01-01,3.2
E07000192,2023-02-01,3.2
E07000192,2023-03-01,3.4
E07000192,2023-04-01,3.5
E07000192,2023-05-01,3.3
E07000192,2023-06-01,3.3
E07000192,2023-07-01,3.4
E07000192,2023-08-01,3.3
E07000192,2023-09-01,3.2
E07000192,2023-10-01,3.2
E07000192,2023-11-01,3.2
E07000192,2023-12-01,3.2
E07000192,2024-01-01,3.2
E07000192,2024-02-01,3.3
E07000192,2024-03-01,3.3
E07000192,2024-04-01,3.2
E07000192,2024-05-01,3.1
E07000192,2024-06-01,3.2
E07000192,2024-07-01,3.4
E07000192,2024-08-01,3.4
E07000192,2024-09-01,3.4
E07000192,2024-10-01,3.3
E07000192,2024-11-01,3.3
E07000192,2024-12-01,3.2
E07000192,2025-01-01,3.2
E07000192,2025-02-01,3.2
E07000192,2025-03-01,3.2
E07000192,2025-04-01,3.1
E07000192,2025-05-01,3.1
E07000192,2025-06-01,3.0
E07000192,2025-07-01,3.0
E07000192,2025-08-01,3.0
E07000192,2025-09-01,2.9
E07000192,2025-10-01,3.0
E07000192,2025-11-01,3.0
E07000192,2025-12-01,3.0
E07000192,2026-01-01,3.0
E07000192,2026-02-01,3.2
E07000193,2018-01-01,1.0
E07000193,2018-02-01,1.1
E07000193,2018-03-01,1.2
E07000193,2018-04-01,1.2
E07000193,2018-05-01,1.2
E07000193,2018-06-01,1.2
E07000193,2018-07-01,1.1
E07000193,2018-08-01,1.1
E07000193,2018-09-01,1.1
E07000193,2018-10-01,1.0
E07000193,2018-11-01,1.0
E07000193,2018-12-01,1.0
E07000193,2019-01-01,1.2
E07000193,2019-02-01,1.4
E07000193,2019-03-01,1.5
E07000193,2019-04-01,1.6
E07000193,2019-05-01,1.7
E07000193,2019-06-01,1.7
E07000193,2019-07-01,1.8
E07000193,2019-08-01,1.9
E07000193,2019-09-01,1.9
E07000193,2019-10-01,2.0
E07000193,2019-11-01,2.0
E07000193,2019-12-01,2.0
E07000193,2020-01-01,2.1
E07000193,2020-02-01,2.2
E07000193,2020-03-01,2.2
E07000193,2020-04-01,3.6
E07000193,2020-05-01,5.0
E07000193,2020-06-01,5.1
E07000193,2020-07-01,5.0
E07000193,2020-08-01,5.1
E07000193,2020-09-01,5.0
E07000193,2020-10-01,4.8
E07000193,2020-11-01,4.8
E07000193,2020-12-01,4.8
E07000193,2021-01-01,4.7
E07000193,2021-02-01,5.0
E07000193,2021-03-01,5.1
E07000193,2021-04-01,5.0
E07000193,2021-05-01,4.7
E07000193,2021-06-01,4.5
E07000193,2021-07-01,4.3
E07000193,2021-08-01,4.1
E07000193,2021-09-01,3.9
E07000193,2021-10-01,3.7
E07000193,2021-11-01,3.5
E07000193,2021-12-01,3.3
E07000193,2022-01-01,3.2
E07000193,2022-02-01,3.2
E07000193,2022-03-01,3.1
E07000193,2022-04-01,3.0
E07000193,2022-05-01,2.9
E07000193,2022-06-01,2.8
E07000193,2022-07-01,2.8
E07000193,2022-08-01,2.8
E07000193,2022-09-01,2.8
E07000193,2022-10-01,2.7
E07000193,2022-11-01,2.8
E07000193,2022-12-01,2.9
E07000193,2023-01-01,2.8
E07000193,2023-02-01,2.9
E07000193,2023-03-01,3.1
E07000193,2023-04-01,3.4
E07000193,2023-05-01,3.3
E07000193,2023-06-01,3.3
E07000193,2023-07-01,3.3
E07000193,2023-08-01,3.3
E07000193,2023-09-01,3.2
E07000193,2023-10-01,3.3
E07000193,2023-11-01,3.2
E07000193,2023-12-01,3.3
E07000193,2024-01-01,3.4
E07000193,2024-02-01,3.5
E07000193,2024-03-01,3.7
E07000193,2024-04-01,3.7
E07000193,2024-05-01,3.7
E07000193,2024-06-01,3.8
E07000193,2024-07-01,4.0
E07000193,2024-08-01,3.9
E07000193,2024-09-01,3.8
E07000193,2024-10-01,3.7
E07000193,2024-11-01,3.5
E07000193,2024-12-01,3.5
E07000193,2025-01-01,3.5
E07000193,2025-02-01,3.6
E07000193,2025-03-01,3.6
E07000193,2025-04-01,3.6
E07000193,2025-05-01,3.6
E07000193,2025-06-01,3.5
E07000193,2025-07-01,3.4
E07000193,2025-08-01,3.4
E07000193,2025-09-01,3.4
E07000193,2025-10-01,3.3
E07000193,2025-11-01,3.3
E07000193,2025-12-01,3.2
E07000193,2026-01-01,3.3
E07000193,2026-02-01,3.5
E07000194,2018-01-01,0.8
E07000194,2018-02-01,0.9
E07000194,2018-03-01,1.1
E07000194,2018-04-01,1.2
E07000194,2018-05-01,1.2
E07000194,2018-06-01,1.3
E07000194,2018-07-01,1.3
E07000194,2018-08-01,1.2
E07000194,2018-09-01,1.3
E07000194,2018-10-01,1.3
E07000194,2018-11-01,1.3
E07000194,2018-12-01,1.4
E07000194,2019-01-01,1.5
E07000194,2019-02-01,1.6
E07000194,2019-03-01,1.6
E07000194,2019-04-01,1.6
E07000194,2019-05-01,1.7
E07000194,2019-06-01,1.7
E07000194,2019-07-01,1.7
E07000194,2019-08-01,1.8
E07000194,2019-09-01,1.8
E07000194,2019-10-01,1.9
E07000194,2019-11-01,1.9
E07000194,2019-12-01,1.9
E07000194,2020-01-01,2.0
E07000194,2020-02-01,2.1
E07000194,2020-03-01,2.1
E07000194,2020-04-01,3.7
E07000194,2020-05-01,4.9
E07000194,2020-06-01,4.7
E07000194,2020-07-01,4.9
E07000194,2020-08-01,5.0
E07000194,2020-09-01,4.8
E07000194,2020-10-01,4.4
E07000194,2020-11-01,4.5
E07000194,2020-12-01,4.4
E07000194,2021-01-01,4.2
E07000194,2021-02-01,4.3
E07000194,2021-03-01,4.4
E07000194,2021-04-01,4.3
E07000194,2021-05-01,4.0
E07000194,2021-06-01,3.6
E07000194,2021-07-01,3.5
E07000194,2021-08-01,3.3
E07000194,2021-09-01,3.2
E07000194,2021-10-01,3.0
E07000194,2021-11-01,2.9
E07000194,2021-12-01,2.7
E07000194,2022-01-01,2.7
E07000194,2022-02-01,2.6
E07000194,2022-03-01,2.6
E07000194,2022-04-01,2.5
E07000194,2022-05-01,2.4
E07000194,2022-06-01,2.4
E07000194,2022-07-01,2.4
E07000194,2022-08-01,2.4
E07000194,2022-09-01,2.3
E07000194,2022-10-01,2.3
E07000194,2022-11-01,2.3
E07000194,2022-12-01,2.4
E07000194,2023-01-01,2.4
E07000194,2023-02-01,2.3
E07000194,2023-03-01,2.4
E07000194,2023-04-01,2.4
E07000194,2023-05-01,2.4
E07000194,2023-06-01,2.3
E07000194,2023-07-01,2.3
E07000194,2023-08-01,2.3
E07000194,2023-09-01,2.3
E07000194,2023-10-01,2.2
E07000194,2023-11-01,2.2
E07000194,2023-12-01,2.2
E07000194,2024-01-01,2.1
E07000194,2024-02-01,2.3
E07000194,2024-03-01,2.3
E07000194,2024-04-01,2.2
E07000194,2024-05-01,2.1
E07000194,2024-06-01,2.2
E07000194,2024-07-01,2.4
E07000194,2024-08-01,2.4
E07000194,2024-09-01,2.4
E07000194,2024-10-01,2.3
E07000194,2024-11-01,2.3
E07000194,2024-12-01,2.2
E07000194,2025-01-01,2.3
E07000194,2025-02-01,2.4
E07000194,2025-03-01,2.3
E07000194,2025-04-01,2.3
E07000194,2025-05-01,2.3
E07000194,2025-06-01,2.3
E07000194,2025-07-01,2.3
E07000194,2025-08-01,2.2
E07000194,2025-09-01,2.1
E07000194,2025-10-01,2.2
E07000194,2025-11-01,2.2
E07000194,2025-12-01,2.2
E07000194,2026-01-01,2.2
E07000194,2026-02-01,2.3
E07000195,2018-01-01,1.4
E07000195,2018-02-01,1.5
E07000195,2018-03-01,1.5
E07000195,2018-04-01,1.5
E07000195,2018-05-01,1.5
E07000195,2018-06-01,1.5
E07000195,2018-07-01,1.5
E07000195,2018-08-01,1.5
E07000195,2018-09-01,1.5
E07000195,2018-10-01,1.5
E07000195,2018-11-01,1.4
E07000195,2018-12-01,1.4
E07000195,2019-01-01,1.5
E07000195,2019-02-01,1.6
E07000195,2019-03-01,1.8
E07000195,2019-04-01,1.9
E07000195,2019-05-01,2.0
E07000195,2019-06-01,2.1
E07000195,2019-07-01,2.2
E07000195,2019-08-01,2.2
E07000195,2019-09-01,2.2
E07000195,2019-10-01,2.3
E07000195,2019-11-01,2.3
E07000195,2019-12-01,2.4
E07000195,2020-01-01,2.4
E07000195,2020-02-01,2.5
E07000195,2020-03-01,2.6
E07000195,2020-04-01,4.2
E07000195,2020-05-01,5.3
E07000195,2020-06-01,5.0
E07000195,2020-07-01,5.1
E07000195,2020-08-01,5.2
E07000195,2020-09-01,5.1
E07000195,2020-10-01,4.9
E07000195,2020-11-01,4.9
E07000195,2020-12-01,4.9
E07000195,2021-01-01,4.8
E07000195,2021-02-01,5.0
E07000195,2021-03-01,4.9
E07000195,2021-04-01,4.8
E07000195,2021-05-01,4.4
E07000195,2021-06-01,4.1
E07000195,2021-07-01,4.1
E07000195,2021-08-01,3.9
E07000195,2021-09-01,3.7
E07000195,2021-10-01,3.6
E07000195,2021-11-01,3.3
E07000195,2021-12-01,3.3
E07000195,2022-01-01,3.2
E07000195,2022-02-01,3.2
E07000195,2022-03-01,3.2
E07000195,2022-04-01,3.1
E07000195,2022-05-01,2.9
E07000195,2022-06-01,2.8
E07000195,2022-07-01,2.8
E07000195,2022-08-01,2.8
E07000195,2022-09-01,2.9
E07000195,2022-10-01,2.8
E07000195,2022-11-01,2.8
E07000195,2022-12-01,2.8
E07000195,2023-01-01,2.8
E07000195,2023-02-01,2.9
E07000195,2023-03-01,3.1
E07000195,2023-04-01,3.1
E07000195,2023-05-01,3.0
E07000195,2023-06-01,3.0
E07000195,2023-07-01,2.9
E07000195,2023-08-01,2.9
E07000195,2023-09-01,2.9
E07000195,2023-10-01,2.9
E07000195,2023-11-01,2.9
E07000195,2023-12-01,3.0
E07000195,2024-01-01,2.9
E07000195,2024-02-01,3.1
E07000195,2024-03-01,3.1
E07000195,2024-04-01,3.0
E07000195,2024-05-01,2.9
E07000195,2024-06-01,2.9
E07000195,2024-07-01,3.2
E07000195,2024-08-01,3.2
E07000195,2024-09-01,3.1
E07000195,2024-10-01,3.0
E07000195,2024-11-01,3.0
E07000195,2024-12-01,2.9
E07000195,2025-01-01,3.0
E07000195,2025-02-01,3.1
E07000195,2025-03-01,3.1
E07000195,2025-04-01,3.0
E07000195,2025-05-01,3.0
E07000195,2025-06-01,3.0
E07000195,2025-07-01,3.0
E07000195,2025-08-01,3.0
E07000195,2025-09-01,3.0
E07000195,2025-10-01,2.9
E07000195,2025-11-01,2.9
E07000195,2025-12-01,2.8
E07000195,2026-01-01,2.8
E07000195,2026-02-01,3.0
E07000196,2018-01-01,1.3
E07000196,2018-02-01,1.3
E07000196,2018-03-01,1.3
E07000196,2018-04-01,1.4
E07000196,2018-05-01,1.4
E07000196,2018-06-01,1.4
E07000196,2018-07-01,1.4
E07000196,2018-08-01,1.4
E07000196,2018-09-01,1.4
E07000196,2018-10-01,1.4
E07000196,2018-11-01,1.4
E07000196,2018-12-01,1.4
E07000196,2019-01-01,1.4
E07000196,2019-02-01,1.6
E07000196,2019-03-01,1.6
E07000196,2019-04-01,1.6
E07000196,2019-05-01,1.6
E07000196,2019-06-01,1.7
E07000196,2019-07-01,1.8
E07000196,2019-08-01,1.8
E07000196,2019-09-01,1.8
E07000196,2019-10-01,1.8
E07000196,2019-11-01,1.9
E07000196,2019-12-01,1.9
E07000196,2020-01-01,1.9
E07000196,2020-02-01,2.0
E07000196,2020-03-01,2.0
E07000196,2020-04-01,3.8
E07000196,2020-05-01,4.7
E07000196,2020-06-01,4.6
E07000196,2020-07-01,4.7
E07000196,2020-08-01,4.7
E07000196,2020-09-01,4.6
E07000196,2020-10-01,4.5
E07000196,2020-11-01,4.5
E07000196,2020-12-01,4.5
E07000196,2021-01-01,4.4
E07000196,2021-02-01,4.7
E07000196,2021-03-01,4.7
E07000196,2021-04-01,4.5
E07000196,2021-05-01,4.1
E07000196,2021-06-01,3.8
E07000196,2021-07-01,3.7
E07000196,2021-08-01,3.6
E07000196,2021-09-01,3.5
E07000196,2021-10-01,3.4
E07000196,2021-11-01,3.3
E07000196,2021-12-01,3.2
E07000196,2022-01-01,3.1
E07000196,2022-02-01,3.1
E07000196,2022-03-01,3.0
E07000196,2022-04-01,2.8
E07000196,2022-05-01,2.7
E07000196,2022-06-01,2.6
E07000196,2022-07-01,2.6
E07000196,2022-08-01,2.6
E07000196,2022-09-01,2.6
E07000196,2022-10-01,2.6
E07000196,2022-11-01,2.6
E07000196,2022-12-01,2.6
E07000196,2023-01-01,2.6
E07000196,2023-02-01,2.6
E07000196,2023-03-01,2.8
E07000196,2023-04-01,2.8
E07000196,2023-05-01,2.6
E07000196,2023-06-01,2.6
E07000196,2023-07-01,2.5
E07000196,2023-08-01,2.5
E07000196,2023-09-01,2.5
E07000196,2023-10-01,2.5
E07000196,2023-11-01,2.5
E07000196,2023-12-01,2.5
E07000196,2024-01-01,2.5
E07000196,2024-02-01,2.5
E07000196,2024-03-01,2.6
E07000196,2024-04-01,2.5
E07000196,2024-05-01,2.5
E07000196,2024-06-01,2.6
E07000196,2024-07-01,2.7
E07000196,2024-08-01,2.7
E07000196,2024-09-01,2.8
E07000196,2024-10-01,2.7
E07000196,2024-11-01,2.6
E07000196,2024-12-01,2.5
E07000196,2025-01-01,2.5
E07000196,2025-02-01,2.6
E07000196,2025-03-01,2.6
E07000196,2025-04-01,2.5
E07000196,2025-05-01,2.5
E07000196,2025-06-01,2.5
E07000196,2025-07-01,2.5
E07000196,2025-08-01,2.5
E07000196,2025-09-01,2.4
E07000196,2025-10-01,2.5
E07000196,2025-11-01,2.5
E07000196,2025-12-01,2.5
E07000196,2026-01-01,2.6
E07000196,2026-02-01,2.7
E07000197,2018-01-01,0.9
E07000197,2018-02-01,1.0
E07000197,2018-03-01,1.0
E07000197,2018-04-01,1.0
E07000197,2018-05-01,1
E07000197,2018-06-01,1.0
E07000197,2018-07-01,1.0
E07000197,2018-08-01,1.0
E07000197,2018-09-01,1.0
E07000197,2018-10-01,1.0
E07000197,2018-11-01,1.0
E07000197,2018-12-01,1.0
E07000197,2019-01-01,1.1
E07000197,2019-02-01,1.2
E07000197,2019-03-01,1.3
E07000197,2019-04-01,1.4
E07000197,2019-05-01,1.5
E07000197,2019-06-01,1.6
E07000197,2019-07-01,1.6
E07000197,2019-08-01,1.6
E07000197,2019-09-01,1.7
E07000197,2019-10-01,1.7
E07000197,2019-11-01,1.8
E07000197,2019-12-01,1.9
E07000197,2020-01-01,1.9
E07000197,2020-02-01,2.0
E07000197,2020-03-01,2.0
E07000197,2020-04-01,3.4
E07000197,2020-05-01,4.5
E07000197,2020-06-01,4.3
E07000197,2020-07-01,4.4
E07000197,2020-08-01,4.6
E07000197,2020-09-01,4.4
E07000197,2020-10-01,4.2
E07000197,2020-11-01,4.1
E07000197,2020-12-01,4.1
E07000197,2021-01-01,4.0
E07000197,2021-02-01,4.2
E07000197,2021-03-01,4.1
E07000197,2021-04-01,4.1
E07000197,2021-05-01,3.8
E07000197,2021-06-01,3.5
E07000197,2021-07-01,3.4
E07000197,2021-08-01,3.3
E07000197,2021-09-01,3.1
E07000197,2021-10-01,3.0
E07000197,2021-11-01,2.9
E07000197,2021-12-01,2.8
E07000197,2022-01-01,2.7
E07000197,2022-02-01,2.8
E07000197,2022-03-01,2.7
E07000197,2022-04-01,2.5
E07000197,2022-05-01,2.4
E07000197,2022-06-01,2.4
E07000197,2022-07-01,2.4
E07000197,2022-08-01,2.4
E07000197,2022-09-01,2.4
E07000197,2022-10-01,2.4
E07000197,2022-11-01,2.4
E07000197,2022-12-01,2.5
E07000197,2023-01-01,2.4
E07000197,2023-02-01,2.5
E07000197,2023-03-01,2.5
E07000197,2023-04-01,2.5
E07000197,2023-05-01,2.4
E07000197,2023-06-01,2.4
E07000197,2023-07-01,2.3
E07000197,2023-08-01,2.3
E07000197,2023-09-01,2.3
E07000197,2023-10-01,2.4
E07000197,2023-11-01,2.4
E07000197,2023-12-01,2.4
E07000197,2024-01-01,2.4
E07000197,2024-02-01,2.5
E07000197,2024-03-01,2.6
E07000197,2024-04-01,2.5
E07000197,2024-05-01,2.5
E07000197,2024-06-01,2.6
E07000197,2024-07-01,2.7
E07000197,2024-08-01,2.7
E07000197,2024-09-01,2.7
E07000197,2024-10-01,2.6
E07000197,2024-11-01,2.5
E07000197,2024-12-01,2.4
E07000197,2025-01-01,2.5
E07000197,2025-02-01,2.5
E07000197,2025-03-01,2.3
E07000197,2025-04-01,2.3
E07000197,2025-05-01,2.3
E07000197,2025-06-01,2.3
E07000197,2025-07-01,2.3
E07000197,2025-08-01,2.4
E07000197,2025-09-01,2.4
E07000197,2025-10-01,2.3
E07000197,2025-11-01,2.4
E07000197,2025-12-01,2.3
E07000197,2026-01-01,2.4
E07000197,2026-02-01,2.5
E07000198,2018-01-01,1.0
E07000198,2018-02-01,1.1
E07000198,2018-03-01,1.1
E07000198,2018-04-01,1.1
E07000198,2018-05-01,1.1
E07000198,2018-06-01,1.0
E07000198,2018-07-01,0.9
E07000198,2018-08-01,1.0
E07000198,2018-09-01,1.0
E07000198,2018-10-01,1.0
E07000198,2018-11-01,1.1
E07000198,2018-12-01,1.1
E07000198,2019-01-01,1.2
E07000198,2019-02-01,1.3
E07000198,2019-03-01,1.4
E07000198,2019-04-01,1.4
E07000198,2019-05-01,1.3
E07000198,2019-06-01,1.4
E07000198,2019-07-01,1.4
E07000198,2019-08-01,1.5
E07000198,2019-09-01,1.5
E07000198,2019-10-01,1.5
E07000198,2019-11-01,1.5
E07000198,2019-12-01,1.6
E07000198,2020-01-01,1.6
E07000198,2020-02-01,1.6
E07000198,2020-03-01,1.6
E07000198,2020-04-01,3.2
E07000198,2020-05-01,4.0
E07000198,2020-06-01,3.7
E07000198,2020-07-01,3.9
E07000198,2020-08-01,4.1
E07000198,2020-09-01,3.9
E07000198,2020-10-01,3.8
E07000198,2020-11-01,3.8
E07000198,2020-12-01,3.8
E07000198,2021-01-01,3.7
E07000198,2021-02-01,3.9
E07000198,2021-03-01,3.8
E07000198,2021-04-01,3.7
E07000198,2021-05-01,3.3
E07000198,2021-06-01,3.1
E07000198,2021-07-01,3.0
E07000198,2021-08-01,2.9
E07000198,2021-09-01,2.7
E07000198,2021-10-01,2.6
E07000198,2021-11-01,2.5
E07000198,2021-12-01,2.4
E07000198,2022-01-01,2.3
E07000198,2022-02-01,2.4
E07000198,2022-03-01,2.2
E07000198,2022-04-01,2.1
E07000198,2022-05-01,2.0
E07000198,2022-06-01,1.9
E07000198,2022-07-01,1.9
E07000198,2022-08-01,1.9
E07000198,2022-09-01,1.9
E07000198,2022-10-01,1.9
E07000198,2022-11-01,2.0
E07000198,2022-12-01,1.9
E07000198,2023-01-01,2.0
E07000198,2023-02-01,2.0
E07000198,2023-03-01,2.1
E07000198,2023-04-01,2.0
E07000198,2023-05-01,2.0
E07000198,2023-06-01,1.9
E07000198,2023-07-01,2.0
E07000198,2023-08-01,1.9
E07000198,2023-09-01,1.9
E07000198,2023-10-01,1.9
E07000198,2023-11-01,2.0
E07000198,2023-12-01,2.1
E07000198,2024-01-01,2.1
E07000198,2024-02-01,2.2
E07000198,2024-03-01,2.2
E07000198,2024-04-01,2.2
E07000198,2024-05-01,2.1
E07000198,2024-06-01,2.3
E07000198,2024-07-01,2.4
E07000198,2024-08-01,2.4
E07000198,2024-09-01,2.3
E07000198,2024-10-01,2.3
E07000198,2024-11-01,2.2
E07000198,2024-12-01,2.2
E07000198,2025-01-01,2.3
E07000198,2025-02-01,2.4
E07000198,2025-03-01,2.4
E07000198,2025-04-01,2.3
E07000198,2025-05-01,2.3
E07000198,2025-06-01,2.3
E07000198,2025-07-01,2.2
E07000198,2025-08-01,2.2
E07000198,2025-09-01,2.1
E07000198,2025-10-01,2.1
E07000198,2025-11-01,2.1
E07000198,2025-12-01,2.1
E07000198,2026-01-01,2.1
E07000198,2026-02-01,2.2
E07000199,2018-01-01,1.1
E07000199,2018-02-01,1.4
E07000199,2018-03-01,1.6
E07000199,2018-04-01,1.8
E07000199,2018-05-01,1.9
E07000199,2018-06-01,1.9
E07000199,2018-07-01,2.0
E07000199,2018-08-01,2.1
E07000199,2018-09-01,2.1
E07000199,2018-10-01,2.1
E07000199,2018-11-01,2.1
E07000199,2018-12-01,2.2
E07000199,2019-01-01,2.2
E07000199,2019-02-01,2.4
E07000199,2019-03-01,2.4
E07000199,2019-04-01,2.4
E07000199,2019-05-01,2.4
E07000199,2019-06-01,2.5
E07000199,2019-07-01,2.6
E07000199,2019-08-01,2.6
E07000199,2019-09-01,2.6
E07000199,2019-10-01,2.7
E07000199,2019-11-01,2.7
E07000199,2019-12-01,2.8
E07000199,2020-01-01,2.9
E07000199,2020-02-01,3.0
E07000199,2020-03-01,3.1
E07000199,2020-04-01,4.8
E07000199,2020-05-01,6.3
E07000199,2020-06-01,5.8
E07000199,2020-07-01,6.0
E07000199,2020-08-01,6.1
E07000199,2020-09-01,6.0
E07000199,2020-10-01,5.8
E07000199,2020-11-01,5.9
E07000199,2020-12-01,5.9
E07000199,2021-01-01,5.7
E07000199,2021-02-01,5.9
E07000199,2021-03-01,5.9
E07000199,2021-04-01,5.8
E07000199,2021-05-01,5.4
E07000199,2021-06-01,5.0
E07000199,2021-07-01,4.9
E07000199,2021-08-01,4.7
E07000199,2021-09-01,4.5
E07000199,2021-10-01,4.3
E07000199,2021-11-01,4.1
E07000199,2021-12-01,3.9
E07000199,2022-01-01,4.0
E07000199,2022-02-01,3.9
E07000199,2022-03-01,3.9
E07000199,2022-04-01,3.6
E07000199,2022-05-01,3.5
E07000199,2022-06-01,3.4
E07000199,2022-07-01,3.4
E07000199,2022-08-01,3.4
E07000199,2022-09-01,3.3
E07000199,2022-10-01,3.3
E07000199,2022-11-01,3.3
E07000199,2022-12-01,3.3
E07000199,2023-01-01,3.2
E07000199,2023-02-01,3.3
E07000199,2023-03-01,3.5
E07000199,2023-04-01,3.6
E07000199,2023-05-01,3.4
E07000199,2023-06-01,3.3
E07000199,2023-07-01,3.4
E07000199,2023-08-01,3.3
E07000199,2023-09-01,3.2
E07000199,2023-10-01,3.2
E07000199,2023-11-01,3.3
E07000199,2023-12-01,3.4
E07000199,2024-01-01,3.3
E07000199,2024-02-01,3.4
E07000199,2024-03-01,3.4
E07000199,2024-04-01,3.4
E07000199,2024-05-01,3.4
E07000199,2024-06-01,3.3
E07000199,2024-07-01,3.5
E07000199,2024-08-01,3.4
E07000199,2024-09-01,3.4
E07000199,2024-10-01,3.3
E07000199,2024-11-01,3.3
E07000199,2024-12-01,3.2
E07000199,2025-01-01,3.1
E07000199,2025-02-01,3.3
E07000199,2025-03-01,3.3
E07000199,2025-04-01,3.2
E07000199,2025-05-01,3.2
E07000199,2025-06-01,3.2
E07000199,2025-07-01,3.2
E07000199,2025-08-01,3.2
E07000199,2025-09-01,3.1
E07000199,2025-10-01,3.2
E07000199,2025-11-01,3.2
E07000199,2025-12-01,3.1
E07000199,2026-01-01,3.1
E07000199,2026-02-01,3.4
E07000200,2018-01-01,0.9
E07000200,2018-02-01,1.0
E07000200,2018-03-01,1.1
E07000200,2018-04-01,1.2
E07000200,2018-05-01,1.2
E07000200,2018-06-01,1.2
E07000200,2018-07-01,1.3
E07000200,2018-08-01,1.4
E07000200,2018-09-01,1.4
E07000200,2018-10-01,1.5
E07000200,2018-11-01,1.5
E07000200,2018-12-01,1.5
E07000200,2019-01-01,1.5
E07000200,2019-02-01,1.6
E07000200,2019-03-01,1.6
E07000200,2019-04-01,1.6
E07000200,2019-05-01,1.6
E07000200,2019-06-01,1.6
E07000200,2019-07-01,1.7
E07000200,2019-08-01,1.7
E07000200,2019-09-01,1.7
E07000200,2019-10-01,1.8
E07000200,2019-11-01,1.8
E07000200,2019-12-01,1.8
E07000200,2020-01-01,1.8
E07000200,2020-02-01,1.9
E07000200,2020-03-01,1.9
E07000200,2020-04-01,3.9
E07000200,2020-05-01,5.0
E07000200,2020-06-01,4.6
E07000200,2020-07-01,4.8
E07000200,2020-08-01,4.9
E07000200,2020-09-01,4.8
E07000200,2020-10-01,4.6
E07000200,2020-11-01,4.8
E07000200,2020-12-01,4.7
E07000200,2021-01-01,4.4
E07000200,2021-02-01,4.7
E07000200,2021-03-01,4.6
E07000200,2021-04-01,4.5
E07000200,2021-05-01,4.1
E07000200,2021-06-01,3.7
E07000200,2021-07-01,3.6
E07000200,2021-08-01,3.4
E07000200,2021-09-01,3.2
E07000200,2021-10-01,3.1
E07000200,2021-11-01,2.9
E07000200,2021-12-01,2.8
E07000200,2022-01-01,2.7
E07000200,2022-02-01,2.7
E07000200,2022-03-01,2.5
E07000200,2022-04-01,2.4
E07000200,2022-05-01,2.2
E07000200,2022-06-01,2.2
E07000200,2022-07-01,2.2
E07000200,2022-08-01,2.3
E07000200,2022-09-01,2.2
E07000200,2022-10-01,2.2
E07000200,2022-11-01,2.2
E07000200,2022-12-01,2.2
E07000200,2023-01-01,2.2
E07000200,2023-02-01,2.1
E07000200,2023-03-01,2.1
E07000200,2023-04-01,2.2
E07000200,2023-05-01,2.2
E07000200,2023-06-01,2.2
E07000200,2023-07-01,2.2
E07000200,2023-08-01,2.1
E07000200,2023-09-01,2.1
E07000200,2023-10-01,2.1
E07000200,2023-11-01,2.2
E07000200,2023-12-01,2.3
E07000200,2024-01-01,2.3
E07000200,2024-02-01,2.4
E07000200,2024-03-01,2.4
E07000200,2024-04-01,2.3
E07000200,2024-05-01,2.3
E07000200,2024-06-01,2.4
E07000200,2024-07-01,2.5
E07000200,2024-08-01,2.6
E07000200,2024-09-01,2.5
E07000200,2024-10-01,2.5
E07000200,2024-11-01,2.4
E07000200,2024-12-01,2.4
E07000200,2025-01-01,2.4
E07000200,2025-02-01,2.5
E07000200,2025-03-01,2.5
E07000200,2025-04-01,2.4
E07000200,2025-05-01,2.4
E07000200,2025-06-01,2.5
E07000200,2025-07-01,2.4
E07000200,2025-08-01,2.3
E07000200,2025-09-01,2.2
E07000200,2025-10-01,2.3
E07000200,2025-11-01,2.3
E07000200,2025-12-01,2.3
E07000200,2026-01-01,2.4
E07000200,2026-02-01,2.5
E07000202,2018-01-01,2.0
E07000202,2018-02-01,2.0
E07000202,2018-03-01,2.1
E07000202,2018-04-01,2.1
E07000202,2018-05-01,2.1
E07000202,2018-06-01,2.1
E07000202,2018-07-01,2.3
E07000202,2018-08-01,2.4
E07000202,2018-09-01,2.5
E07000202,2018-10-01,2.6
E07000202,2018-11-01,2.6
E07000202,2018-12-01,2.7
E07000202,2019-01-01,2.8
E07000202,2019-02-01,2.9
E07000202,2019-03-01,2.9
E07000202,2019-04-01,3.0
E07000202,2019-05-01,3.0
E07000202,2019-06-01,3.2
E07000202,2019-07-01,3.2
E07000202,2019-08-01,3.3
E07000202,2019-09-01,3.3
E07000202,2019-10-01,3.3
E07000202,2019-11-01,3.4
E07000202,2019-12-01,3.5
E07000202,2020-01-01,3.6
E07000202,2020-02-01,3.7
E07000202,2020-03-01,3.7
E07000202,2020-04-01,5.5
E07000202,2020-05-01,6.9
E07000202,2020-06-01,6.8
E07000202,2020-07-01,6.9
E07000202,2020-08-01,7.0
E07000202,2020-09-01,7.0
E07000202,2020-10-01,6.9
E07000202,2020-11-01,6.9
E07000202,2020-12-01,7.0
E07000202,2021-01-01,7.0
E07000202,2021-02-01,7.3
E07000202,2021-03-01,7.5
E07000202,2021-04-01,7.4
E07000202,2021-05-01,7.0
E07000202,2021-06-01,6.6
E07000202,2021-07-01,6.4
E07000202,2021-08-01,6.2
E07000202,2021-09-01,6.0
E07000202,2021-10-01,5.7
E07000202,2021-11-01,5.6
E07000202,2021-12-01,5.4
E07000202,2022-01-01,5.2
E07000202,2022-02-01,5.2
E07000202,2022-03-01,5.1
E07000202,2022-04-01,4.8
E07000202,2022-05-01,4.6
E07000202,2022-06-01,4.4
E07000202,2022-07-01,4.3
E07000202,2022-08-01,4.3
E07000202,2022-09-01,4.2
E07000202,2022-10-01,4.4
E07000202,2022-11-01,4.5
E07000202,2022-12-01,4.6
E07000202,2023-01-01,4.5
E07000202,2023-02-01,4.5
E07000202,2023-03-01,4.6
E07000202,2023-04-01,4.7
E07000202,2023-05-01,4.5
E07000202,2023-06-01,4.5
E07000202,2023-07-01,4.6
E07000202,2023-08-01,4.6
E07000202,2023-09-01,4.6
E07000202,2023-10-01,4.5
E07000202,2023-11-01,4.4
E07000202,2023-12-01,4.5
E07000202,2024-01-01,4.6
E07000202,2024-02-01,4.7
E07000202,2024-03-01,4.6
E07000202,2024-04-01,4.5
E07000202,2024-05-01,4.5
E07000202,2024-06-01,4.6
E07000202,2024-07-01,5.1
E07000202,2024-08-01,4.9
E07000202,2024-09-01,4.7
E07000202,2024-10-01,4.5
E07000202,2024-11-01,4.4
E07000202,2024-12-01,4.3
E07000202,2025-01-01,4.3
E07000202,2025-02-01,4.5
E07000202,2025-03-01,4.4
E07000202,2025-04-01,4.4
E07000202,2025-05-01,4.4
E07000202,2025-06-01,4.4
E07000202,2025-07-01,4.2
E07000202,2025-08-01,4.1
E07000202,2025-09-01,4.1
E07000202,2025-10-01,4.1
E07000202,2025-11-01,4.1
E07000202,2025-12-01,4.2
E07000202,2026-01-01,4.2
E07000202,2026-02-01,4.6
E07000203,2018-01-01,0.8
E07000203,2018-02-01,0.8
E07000203,2018-03-01,0.8
E07000203,2018-04-01,0.9
E07000203,2018-05-01,0.9
E07000203,2018-06-01,0.8
E07000203,2018-07-01,0.9
E07000203,2018-08-01,1.0
E07000203,2018-09-01,1.0
E07000203,2018-10-01,1.0
E07000203,2018-11-01,1.1
E07000203,2018-12-01,1.2
E07000203,2019-01-01,1.2
E07000203,2019-02-01,1.3
E07000203,2019-03-01,1.3
E07000203,2019-04-01,1.3
E07000203,2019-05-01,1.4
E07000203,2019-06-01,1.3
E07000203,2019-07-01,1.4
E07000203,2019-08-01,1.4
E07000203,2019-09-01,1.4
E07000203,2019-10-01,1.4
E07000203,2019-11-01,1.5
E07000203,2019-12-01,1.5
E07000203,2020-01-01,1.5
E07000203,2020-02-01,1.6
E07000203,2020-03-01,1.6
E07000203,2020-04-01,3.0
E07000203,2020-05-01,3.9
E07000203,2020-06-01,3.7
E07000203,2020-07-01,3.8
E07000203,2020-08-01,3.8
E07000203,2020-09-01,3.8
E07000203,2020-10-01,3.6
E07000203,2020-11-01,3.7
E07000203,2020-12-01,3.7
E07000203,2021-01-01,3.5
E07000203,2021-02-01,3.8
E07000203,2021-03-01,3.6
E07000203,2021-04-01,3.5
E07000203,2021-05-01,3.2
E07000203,2021-06-01,3.0
E07000203,2021-07-01,2.8
E07000203,2021-08-01,2.6
E07000203,2021-09-01,2.5
E07000203,2021-10-01,2.4
E07000203,2021-11-01,2.3
E07000203,2021-12-01,2.2
E07000203,2022-01-01,2.2
E07000203,2022-02-01,2.2
E07000203,2022-03-01,2.0
E07000203,2022-04-01,1.9
E07000203,2022-05-01,1.9
E07000203,2022-06-01,1.8
E07000203,2022-07-01,1.9
E07000203,2022-08-01,1.9
E07000203,2022-09-01,1.8
E07000203,2022-10-01,1.9
E07000203,2022-11-01,1.9
E07000203,2022-12-01,2.0
E07000203,2023-01-01,1.9
E07000203,2023-02-01,1.8
E07000203,2023-03-01,1.8
E07000203,2023-04-01,1.8
E07000203,2023-05-01,1.8
E07000203,2023-06-01,1.8
E07000203,2023-07-01,1.8
E07000203,2023-08-01,1.8
E07000203,2023-09-01,1.8
E07000203,2023-10-01,1.8
E07000203,2023-11-01,1.8
E07000203,2023-12-01,1.9
E07000203,2024-01-01,1.9
E07000203,2024-02-01,1.9
E07000203,2024-03-01,2.0
E07000203,2024-04-01,2.0
E07000203,2024-05-01,2.0
E07000203,2024-06-01,2.0
E07000203,2024-07-01,2.2
E07000203,2024-08-01,2.2
E07000203,2024-09-01,2.2
E07000203,2024-10-01,2.0
E07000203,2024-11-01,2.0
E07000203,2024-12-01,1.9
E07000203,2025-01-01,1.9
E07000203,2025-02-01,1.9
E07000203,2025-03-01,1.9
E07000203,2025-04-01,1.9
E07000203,2025-05-01,1.8
E07000203,2025-06-01,1.9
E07000203,2025-07-01,1.8
E07000203,2025-08-01,1.9
E07000203,2025-09-01,1.8
E07000203,2025-10-01,1.9
E07000203,2025-11-01,1.8
E07000203,2025-12-01,1.8
E07000203,2026-01-01,1.8
E07000203,2026-02-01,2.0
E07000207,2018-01-01,0.6
E07000207,2018-02-01,0.6
E07000207,2018-03-01,0.6
E07000207,2018-04-01,0.7
E07000207,2018-05-01,0.6
E07000207,2018-06-01,0.6
E07000207,2018-07-01,0.6
E07000207,2018-08-01,0.6
E07000207,2018-09-01,0.6
E07000207,2018-10-01,0.6
E07000207,2018-11-01,0.6
E07000207,2018-12-01,0.6
E07000207,2019-01-01,0.7
E07000207,2019-02-01,0.7
E07000207,2019-03-01,0.8
E07000207,2019-04-01,0.8
E07000207,2019-05-01,0.8
E07000207,2019-06-01,0.9
E07000207,2019-07-01,0.9
E07000207,2019-08-01,0.9
E07000207,2019-09-01,1.0
E07000207,2019-10-01,1.0
E07000207,2019-11-01,1.1
E07000207,2019-12-01,1.1
E07000207,2020-01-01,1.1
E07000207,2020-02-01,1.1
E07000207,2020-03-01,1.2
E07000207,2020-04-01,2.1
E07000207,2020-05-01,3.7
E07000207,2020-06-01,3.6
E07000207,2020-07-01,3.8
E07000207,2020-08-01,3.9
E07000207,2020-09-01,3.9
E07000207,2020-10-01,3.8
E07000207,2020-11-01,3.8
E07000207,2020-12-01,3.9
E07000207,2021-01-01,3.7
E07000207,2021-02-01,3.9
E07000207,2021-03-01,3.9
E07000207,2021-04-01,3.8
E07000207,2021-05-01,3.4
E07000207,2021-06-01,3.1
E07000207,2021-07-01,3.0
E07000207,2021-08-01,2.8
E07000207,2021-09-01,2.6
E07000207,2021-10-01,2.5
E07000207,2021-11-01,2.4
E07000207,2021-12-01,2.3
E07000207,2022-01-01,2.2
E07000207,2022-02-01,2.2
E07000207,2022-03-01,2.1
E07000207,2022-04-01,2.0
E07000207,2022-05-01,1.9
E07000207,2022-06-01,1.9
E07000207,2022-07-01,1.9
E07000207,2022-08-01,2.0
E07000207,2022-09-01,2.0
E07000207,2022-10-01,2.0
E07000207,2022-11-01,2.0
E07000207,2022-12-01,1.9
E07000207,2023-01-01,1.9
E07000207,2023-02-01,2.0
E07000207,2023-03-01,2.0
E07000207,2023-04-01,2.0
E07000207,2023-05-01,2.0
E07000207,2023-06-01,2.0
E07000207,2023-07-01,2.0
E07000207,2023-08-01,2.0
E07000207,2023-09-01,2.0
E07000207,2023-10-01,2.0
E07000207,2023-11-01,1.9
E07000207,2023-12-01,2.0
E07000207,2024-01-01,2.0
E07000207,2024-02-01,2.1
E07000207,2024-03-01,2.1
E07000207,2024-04-01,2.0
E07000207,2024-05-01,2.0
E07000207,2024-06-01,2.0
E07000207,2024-07-01,2.2
E07000207,2024-08-01,2.2
E07000207,2024-09-01,2.3
E07000207,2024-10-01,2.3
E07000207,2024-11-01,2.3
E07000207,2024-12-01,2.3
E07000207,2025-01-01,2.3
E07000207,2025-02-01,2.4
E07000207,2025-03-01,2.4
E07000207,2025-04-01,2.3
E07000207,2025-05-01,2.3
E07000207,2025-06-01,2.4
E07000207,2025-07-01,2.3
E07000207,2025-08-01,2.3
E07000207,2025-09-01,2.3
E07000207,2025-10-01,2.3
E07000207,2025-11-01,2.3
E07000207,2025-12-01,2.3
E07000207,2026-01-01,2.3
E07000207,2026-02-01,2.4
E07000208,2018-01-01,0.7
E07000208,2018-02-01,0.8
E07000208,2018-03-01,0.8
E07000208,2018-04-01,0.8
E07000208,2018-05-01,0.8
E07000208,2018-06-01,0.8
E07000208,2018-07-01,0.8
E07000208,2018-08-01,0.8
E07000208,2018-09-01,0.8
E07000208,2018-10-01,0.8
E07000208,2018-11-01,0.8
E07000208,2018-12-01,0.8
E07000208,2019-01-01,0.8
E07000208,2019-02-01,0.9
E07000208,2019-03-01,1.0
E07000208,2019-04-01,1.0
E07000208,2019-05-01,0.9
E07000208,2019-06-01,1.0
E07000208,2019-07-01,1.0
E07000208,2019-08-01,0.9
E07000208,2019-09-01,1.0
E07000208,2019-10-01,1.1
E07000208,2019-11-01,1.1
E07000208,2019-12-01,1.1
E07000208,2020-01-01,1.1
E07000208,2020-02-01,1.1
E07000208,2020-03-01,1.2
E07000208,2020-04-01,2.3
E07000208,2020-05-01,3.9
E07000208,2020-06-01,3.7
E07000208,2020-07-01,3.7
E07000208,2020-08-01,3.9
E07000208,2020-09-01,3.8
E07000208,2020-10-01,3.6
E07000208,2020-11-01,3.6
E07000208,2020-12-01,3.6
E07000208,2021-01-01,3.6
E07000208,2021-02-01,3.9
E07000208,2021-03-01,3.8
E07000208,2021-04-01,3.7
E07000208,2021-05-01,3.3
E07000208,2021-06-01,3.0
E07000208,2021-07-01,3.0
E07000208,2021-08-01,2.8
E07000208,2021-09-01,2.5
E07000208,2021-10-01,2.4
E07000208,2021-11-01,2.3
E07000208,2021-12-01,2.2
E07000208,2022-01-01,2.1
E07000208,2022-02-01,2.1
E07000208,2022-03-01,2.0
E07000208,2022-04-01,2.0
E07000208,2022-05-01,1.9
E07000208,2022-06-01,1.9
E07000208,2022-07-01,1.8
E07000208,2022-08-01,1.7
E07000208,2022-09-01,1.8
E07000208,2022-10-01,1.8
E07000208,2022-11-01,1.8
E07000208,2022-12-01,1.8
E07000208,2023-01-01,1.8
E07000208,2023-02-01,1.8
E07000208,2023-03-01,1.8
E07000208,2023-04-01,1.8
E07000208,2023-05-01,1.7
E07000208,2023-06-01,1.7
E07000208,2023-07-01,1.8
E07000208,2023-08-01,1.8
E07000208,2023-09-01,1.8
E07000208,2023-10-01,1.9
E07000208,2023-11-01,1.9
E07000208,2023-12-01,2.0
E07000208,2024-01-01,2.0
E07000208,2024-02-01,2.0
E07000208,2024-03-01,2.0
E07000208,2024-04-01,1.9
E07000208,2024-05-01,1.9
E07000208,2024-06-01,1.9
E07000208,2024-07-01,2.1
E07000208,2024-08-01,2.1
E07000208,2024-09-01,2.1
E07000208,2024-10-01,2.1
E07000208,2024-11-01,2.1
E07000208,2024-12-01,2.1
E07000208,2025-01-01,2.0
E07000208,2025-02-01,2.1
E07000208,2025-03-01,2.1
E07000208,2025-04-01,2.0
E07000208,2025-05-01,2.0
E07000208,2025-06-01,2.0
E07000208,2025-07-01,2.1
E07000208,2025-08-01,2.0
E07000208,2025-09-01,2.0
E07000208,2025-10-01,2.1
E07000208,2025-11-01,2.1
E07000208,2025-12-01,2.1
E07000208,2026-01-01,2.1
E07000208,2026-02-01,2.2
E07000209,2018-01-01,0.6
E07000209,2018-02-01,0.6
E07000209,2018-03-01,0.6
E07000209,2018-04-01,0.6
E07000209,2018-05-01,0.6
E07000209,2018-06-01,0.6
E07000209,2018-07-01,0.6
E07000209,2018-08-01,0.6
E07000209,2018-09-01,0.6
E07000209,2018-10-01,0.6
E07000209,2018-11-01,0.5
E07000209,2018-12-01,0.6
E07000209,2019-01-01,0.7
E07000209,2019-02-01,0.7
E07000209,2019-03-01,0.7
E07000209,2019-04-01,0.8
E07000209,2019-05-01,0.8
E07000209,2019-06-01,0.9
E07000209,2019-07-01,0.9
E07000209,2019-08-01,0.9
E07000209,2019-09-01,0.9
E07000209,2019-10-01,1.0
E07000209,2019-11-01,1.0
E07000209,2019-12-01,1.0
E07000209,2020-01-01,1.0
E07000209,2020-02-01,1.1
E07000209,2020-03-01,1.1
E07000209,2020-04-01,2.2
E07000209,2020-05-01,3.3
E07000209,2020-06-01,3.2
E07000209,2020-07-01,3.3
E07000209,2020-08-01,3.5
E07000209,2020-09-01,3.4
E07000209,2020-10-01,3.3
E07000209,2020-11-01,3.4
E07000209,2020-12-01,3.3
E07000209,2021-01-01,3.3
E07000209,2021-02-01,3.5
E07000209,2021-03-01,3.5
E07000209,2021-04-01,3.4
E07000209,2021-05-01,3.0
E07000209,2021-06-01,2.7
E07000209,2021-07-01,2.6
E07000209,2021-08-01,2.5
E07000209,2021-09-01,2.3
E07000209,2021-10-01,2.2
E07000209,2021-11-01,2.2
E07000209,2021-12-01,2.1
E07000209,2022-01-01,2.0
E07000209,2022-02-01,2.0
E07000209,2022-03-01,1.9
E07000209,2022-04-01,1.8
E07000209,2022-05-01,1.7
E07000209,2022-06-01,1.7
E07000209,2022-07-01,1.8
E07000209,2022-08-01,1.8
E07000209,2022-09-01,1.8
E07000209,2022-10-01,1.8
E07000209,2022-11-01,1.8
E07000209,2022-12-01,1.8
E07000209,2023-01-01,1.8
E07000209,2023-02-01,1.8
E07000209,2023-03-01,1.8
E07000209,2023-04-01,1.8
E07000209,2023-05-01,1.8
E07000209,2023-06-01,1.8
E07000209,2023-07-01,1.8
E07000209,2023-08-01,1.8
E07000209,2023-09-01,1.7
E07000209,2023-10-01,1.8
E07000209,2023-11-01,1.8
E07000209,2023-12-01,1.8
E07000209,2024-01-01,1.8
E07000209,2024-02-01,1.8
E07000209,2024-03-01,1.8
E07000209,2024-04-01,1.8
E07000209,2024-05-01,1.8
E07000209,2024-06-01,1.8
E07000209,2024-07-01,1.9
E07000209,2024-08-01,1.9
E07000209,2024-09-01,1.9
E07000209,2024-10-01,2.0
E07000209,2024-11-01,1.9
E07000209,2024-12-01,1.9
E07000209,2025-01-01,1.9
E07000209,2025-02-01,2.0
E07000209,2025-03-01,1.9
E07000209,2025-04-01,1.9
E07000209,2025-05-01,1.9
E07000209,2025-06-01,1.9
E07000209,2025-07-01,1.9
E07000209,2025-08-01,1.9
E07000209,2025-09-01,1.9
E07000209,2025-10-01,1.9
E07000209,2025-11-01,1.9
E07000209,2025-12-01,1.9
E07000209,2026-01-01,1.9
E07000209,2026-02-01,2.0
E07000210,2018-01-01,0.6
E07000210,2018-02-01,0.6
E07000210,2018-03-01,0.6
E07000210,2018-04-01,0.6
E07000210,2018-05-01,0.6
E07000210,2018-06-01,0.6
E07000210,2018-07-01,0.6
E07000210,2018-08-01,0.6
E07000210,2018-09-01,0.6
E07000210,2018-10-01,0.6
E07000210,2018-11-01,0.5
E07000210,2018-12-01,0.5
E07000210,2019-01-01,0.6
E07000210,2019-02-01,0.7
E07000210,2019-03-01,0.8
E07000210,2019-04-01,0.7
E07000210,2019-05-01,0.8
E07000210,2019-06-01,0.8
E07000210,2019-07-01,0.9
E07000210,2019-08-01,0.9
E07000210,2019-09-01,0.9
E07000210,2019-10-01,1.0
E07000210,2019-11-01,1.0
E07000210,2019-12-01,1.0
E07000210,2020-01-01,1.0
E07000210,2020-02-01,1.1
E07000210,2020-03-01,1.1
E07000210,2020-04-01,2.2
E07000210,2020-05-01,3.7
E07000210,2020-06-01,3.5
E07000210,2020-07-01,3.6
E07000210,2020-08-01,3.7
E07000210,2020-09-01,3.7
E07000210,2020-10-01,3.5
E07000210,2020-11-01,3.6
E07000210,2020-12-01,3.6
E07000210,2021-01-01,3.6
E07000210,2021-02-01,3.7
E07000210,2021-03-01,3.7
E07000210,2021-04-01,3.6
E07000210,2021-05-01,3.3
E07000210,2021-06-01,2.9
E07000210,2021-07-01,2.8
E07000210,2021-08-01,2.7
E07000210,2021-09-01,2.5
E07000210,2021-10-01,2.4
E07000210,2021-11-01,2.2
E07000210,2021-12-01,2.1
E07000210,2022-01-01,2.1
E07000210,2022-02-01,2.1
E07000210,2022-03-01,2.1
E07000210,2022-04-01,2.0
E07000210,2022-05-01,1.9
E07000210,2022-06-01,1.9
E07000210,2022-07-01,1.8
E07000210,2022-08-01,1.8
E07000210,2022-09-01,1.8
E07000210,2022-10-01,1.8
E07000210,2022-11-01,1.8
E07000210,2022-12-01,1.8
E07000210,2023-01-01,1.6
E07000210,2023-02-01,1.6
E07000210,2023-03-01,1.7
E07000210,2023-04-01,1.7
E07000210,2023-05-01,1.6
E07000210,2023-06-01,1.7
E07000210,2023-07-01,1.8
E07000210,2023-08-01,1.8
E07000210,2023-09-01,1.8
E07000210,2023-10-01,1.8
E07000210,2023-11-01,1.8
E07000210,2023-12-01,1.8
E07000210,2024-01-01,1.8
E07000210,2024-02-01,1.8
E07000210,2024-03-01,1.8
E07000210,2024-04-01,1.7
E07000210,2024-05-01,1.8
E07000210,2024-06-01,1.8
E07000210,2024-07-01,2.0
E07000210,2024-08-01,2.0
E07000210,2024-09-01,2.0
E07000210,2024-10-01,2.0
E07000210,2024-11-01,2.0
E07000210,2024-12-01,2.0
E07000210,2025-01-01,2.0
E07000210,2025-02-01,2.0
E07000210,2025-03-01,2.0
E07000210,2025-04-01,1.9
E07000210,2025-05-01,1.9
E07000210,2025-06-01,1.9
E07000210,2025-07-01,1.9
E07000210,2025-08-01,1.9
E07000210,2025-09-01,1.8
E07000210,2025-10-01,1.9
E07000210,2025-11-01,1.8
E07000210,2025-12-01,1.7
E07000210,2026-01-01,1.8
E07000210,2026-02-01,1.9
E07000211,2018-01-01,0.8
E07000211,2018-02-01,0.8
E07000211,2018-03-01,0.8
E07000211,2018-04-01,0.8
E07000211,2018-05-01,0.8
E07000211,2018-06-01,0.8
E07000211,2018-07-01,0.8
E07000211,2018-08-01,0.8
E07000211,2018-09-01,0.7
E07000211,2018-10-01,0.7
E07000211,2018-11-01,0.7
E07000211,2018-12-01,0.8
E07000211,2019-01-01,0.8
E07000211,2019-02-01,0.9
E07000211,2019-03-01,1.0
E07000211,2019-04-01,1.0
E07000211,2019-05-01,1.0
E07000211,2019-06-01,1.1
E07000211,2019-07-01,1.1
E07000211,2019-08-01,1.1
E07000211,2019-09-01,1.2
E07000211,2019-10-01,1.2
E07000211,2019-11-01,1.2
E07000211,2019-12-01,1.2
E07000211,2020-01-01,1.2
E07000211,2020-02-01,1.3
E07000211,2020-03-01,1.3
E07000211,2020-04-01,2.7
E07000211,2020-05-01,4.1
E07000211,2020-06-01,3.9
E07000211,2020-07-01,4.0
E07000211,2020-08-01,4.2
E07000211,2020-09-01,4.2
E07000211,2020-10-01,3.9
E07000211,2020-11-01,4.1
E07000211,2020-12-01,4.2
E07000211,2021-01-01,4.1
E07000211,2021-02-01,4.3
E07000211,2021-03-01,4.3
E07000211,2021-04-01,4.1
E07000211,2021-05-01,3.8
E07000211,2021-06-01,3.4
E07000211,2021-07-01,3.3
E07000211,2021-08-01,3.1
E07000211,2021-09-01,3.0
E07000211,2021-10-01,2.8
E07000211,2021-11-01,2.6
E07000211,2021-12-01,2.5
E07000211,2022-01-01,2.4
E07000211,2022-02-01,2.4
E07000211,2022-03-01,2.3
E07000211,2022-04-01,2.2
E07000211,2022-05-01,2.1
E07000211,2022-06-01,2.1
E07000211,2022-07-01,2.0
E07000211,2022-08-01,2.0
E07000211,2022-09-01,2.0
E07000211,2022-10-01,1.9
E07000211,2022-11-01,1.9
E07000211,2022-12-01,1.9
E07000211,2023-01-01,1.8
E07000211,2023-02-01,1.8
E07000211,2023-03-01,1.8
E07000211,2023-04-01,1.8
E07000211,2023-05-01,1.7
E07000211,2023-06-01,1.8
E07000211,2023-07-01,1.8
E07000211,2023-08-01,1.8
E07000211,2023-09-01,1.9
E07000211,2023-10-01,1.9
E07000211,2023-11-01,1.9
E07000211,2023-12-01,1.9
E07000211,2024-01-01,1.9
E07000211,2024-02-01,1.9
E07000211,2024-03-01,1.9
E07000211,2024-04-01,1.9
E07000211,2024-05-01,1.9
E07000211,2024-06-01,1.9
E07000211,2024-07-01,2.1
E07000211,2024-08-01,2.1
E07000211,2024-09-01,2.2
E07000211,2024-10-01,2.1
E07000211,2024-11-01,2.1
E07000211,2024-12-01,2.0
E07000211,2025-01-01,2.1
E07000211,2025-02-01,2.1
E07000211,2025-03-01,2.1
E07000211,2025-04-01,2.1
E07000211,2025-05-01,2.1
E07000211,2025-06-01,2.1
E07000211,2025-07-01,2.0
E07000211,2025-08-01,2.0
E07000211,2025-09-01,2.0
E07000211,2025-10-01,2.0
E07000211,2025-11-01,2.0
E07000211,2025-12-01,2.1
E07000211,2026-01-01,2.1
E07000211,2026-02-01,2.2
E07000212,2018-01-01,0.7
E07000212,2018-02-01,0.7
E07000212,2018-03-01,0.7
E07000212,2018-04-01,0.7
E07000212,2018-05-01,0.7
E07000212,2018-06-01,0.7
E07000212,2018-07-01,0.7
E07000212,2018-08-01,0.7
E07000212,2018-09-01,0.7
E07000212,2018-10-01,0.7
E07000212,2018-11-01,0.7
E07000212,2018-12-01,0.7
E07000212,2019-01-01,0.7
E07000212,2019-02-01,0.7
E07000212,2019-03-01,0.8
E07000212,2019-04-01,0.8
E07000212,2019-05-01,0.9
E07000212,2019-06-01,0.9
E07000212,2019-07-01,0.9
E07000212,2019-08-01,0.9
E07000212,2019-09-01,1.0
E07000212,2019-10-01,1.1
E07000212,2019-11-01,1.2
E07000212,2019-12-01,1.2
E07000212,2020-01-01,1.3
E07000212,2020-02-01,1.3
E07000212,2020-03-01,1.3
E07000212,2020-04-01,2.5
E07000212,2020-05-01,4.2
E07000212,2020-06-01,4.1
E07000212,2020-07-01,4.1
E07000212,2020-08-01,4.3
E07000212,2020-09-01,4.3
E07000212,2020-10-01,4.3
E07000212,2020-11-01,4.3
E07000212,2020-12-01,4.4
E07000212,2021-01-01,4.3
E07000212,2021-02-01,4.6
E07000212,2021-03-01,4.6
E07000212,2021-04-01,4.5
E07000212,2021-05-01,4.0
E07000212,2021-06-01,3.5
E07000212,2021-07-01,3.5
E07000212,2021-08-01,3.3
E07000212,2021-09-01,3.1
E07000212,2021-10-01,2.9
E07000212,2021-11-01,2.8
E07000212,2021-12-01,2.7
E07000212,2022-01-01,2.5
E07000212,2022-02-01,2.5
E07000212,2022-03-01,2.4
E07000212,2022-04-01,2.3
E07000212,2022-05-01,2.2
E07000212,2022-06-01,2.2
E07000212,2022-07-01,2.3
E07000212,2022-08-01,2.3
E07000212,2022-09-01,2.3
E07000212,2022-10-01,2.2
E07000212,2022-11-01,2.3
E07000212,2022-12-01,2.2
E07000212,2023-01-01,2.2
E07000212,2023-02-01,2.3
E07000212,2023-03-01,2.2
E07000212,2023-04-01,2.2
E07000212,2023-05-01,2.2
E07000212,2023-06-01,2.2
E07000212,2023-07-01,2.3
E07000212,2023-08-01,2.2
E07000212,2023-09-01,2.2
E07000212,2023-10-01,2.2
E07000212,2023-11-01,2.2
E07000212,2023-12-01,2.2
E07000212,2024-01-01,2.2
E07000212,2024-02-01,2.3
E07000212,2024-03-01,2.3
E07000212,2024-04-01,2.2
E07000212,2024-05-01,2.3
E07000212,2024-06-01,2.3
E07000212,2024-07-01,2.5
E07000212,2024-08-01,2.4
E07000212,2024-09-01,2.4
E07000212,2024-10-01,2.4
E07000212,2024-11-01,2.4
E07000212,2024-12-01,2.4
E07000212,2025-01-01,2.4
E07000212,2025-02-01,2.4
E07000212,2025-03-01,2.4
E07000212,2025-04-01,2.4
E07000212,2025-05-01,2.4
E07000212,2025-06-01,2.4
E07000212,2025-07-01,2.4
E07000212,2025-08-01,2.3
E07000212,2025-09-01,2.3
E07000212,2025-10-01,2.3
E07000212,2025-11-01,2.4
E07000212,2025-12-01,2.4
E07000212,2026-01-01,2.4
E07000212,2026-02-01,2.6
E07000213,2018-01-01,0.9
E07000213,2018-02-01,0.9
E07000213,2018-03-01,0.9
E07000213,2018-04-01,0.9
E07000213,2018-05-01,0.9
E07000213,2018-06-01,0.9
E07000213,2018-07-01,0.9
E07000213,2018-08-01,0.9
E07000213,2018-09-01,0.8
E07000213,2018-10-01,0.9
E07000213,2018-11-01,0.8
E07000213,2018-12-01,0.8
E07000213,2019-01-01,0.9
E07000213,2019-02-01,1.0
E07000213,2019-03-01,1.1
E07000213,2019-04-01,1.1
E07000213,2019-05-01,1.1
E07000213,2019-06-01,1.2
E07000213,2019-07-01,1.3
E07000213,2019-08-01,1.3
E07000213,2019-09-01,1.4
E07000213,2019-10-01,1.4
E07000213,2019-11-01,1.5
E07000213,2019-12-01,1.5
E07000213,2020-01-01,1.5
E07000213,2020-02-01,1.6
E07000213,2020-03-01,1.6
E07000213,2020-04-01,3.1
E07000213,2020-05-01,5.0
E07000213,2020-06-01,4.9
E07000213,2020-07-01,5.0
E07000213,2020-08-01,5.2
E07000213,2020-09-01,5.4
E07000213,2020-10-01,5.2
E07000213,2020-11-01,5.4
E07000213,2020-12-01,5.4
E07000213,2021-01-01,5.3
E07000213,2021-02-01,5.6
E07000213,2021-03-01,5.5
E07000213,2021-04-01,5.4
E07000213,2021-05-01,5.0
E07000213,2021-06-01,4.5
E07000213,2021-07-01,4.4
E07000213,2021-08-01,4.1
E07000213,2021-09-01,3.7
E07000213,2021-10-01,3.6
E07000213,2021-11-01,3.4
E07000213,2021-12-01,3.3
E07000213,2022-01-01,3.2
E07000213,2022-02-01,3.2
E07000213,2022-03-01,3.0
E07000213,2022-04-01,2.9
E07000213,2022-05-01,2.9
E07000213,2022-06-01,2.7
E07000213,2022-07-01,2.8
E07000213,2022-08-01,2.7
E07000213,2022-09-01,2.7
E07000213,2022-10-01,2.8
E07000213,2022-11-01,2.9
E07000213,2022-12-01,2.9
E07000213,2023-01-01,2.9
E07000213,2023-02-01,3.0
E07000213,2023-03-01,3.0
E07000213,2023-04-01,3.1
E07000213,2023-05-01,3.0
E07000213,2023-06-01,3.1
E07000213,2023-07-01,3.1
E07000213,2023-08-01,3.0
E07000213,2023-09-01,3.1
E07000213,2023-10-01,3.1
E07000213,2023-11-01,3.1
E07000213,2023-12-01,3.1
E07000213,2024-01-01,3.0
E07000213,2024-02-01,3.1
E07000213,2024-03-01,3.0
E07000213,2024-04-01,2.9
E07000213,2024-05-01,3.0
E07000213,2024-06-01,3.1
E07000213,2024-07-01,3.3
E07000213,2024-08-01,3.3
E07000213,2024-09-01,3.3
E07000213,2024-10-01,3.3
E07000213,2024-11-01,3.3
E07000213,2024-12-01,3.2
E07000213,2025-01-01,3.2
E07000213,2025-02-01,3.3
E07000213,2025-03-01,3.4
E07000213,2025-04-01,3.4
E07000213,2025-05-01,3.4
E07000213,2025-06-01,3.4
E07000213,2025-07-01,3.4
E07000213,2025-08-01,3.4
E07000213,2025-09-01,3.4
E07000213,2025-10-01,3.4
E07000213,2025-11-01,3.3
E07000213,2025-12-01,3.4
E07000213,2026-01-01,3.4
E07000213,2026-02-01,3.6
E07000214,2018-01-01,0.7
E07000214,2018-02-01,0.7
E07000214,2018-03-01,0.7
E07000214,2018-04-01,0.7
E07000214,2018-05-01,0.6
E07000214,2018-06-01,0.6
E07000214,2018-07-01,0.6
E07000214,2018-08-01,0.5
E07000214,2018-09-01,0.5
E07000214,2018-10-01,0.5
E07000214,2018-11-01,0.5
E07000214,2018-12-01,0.5
E07000214,2019-01-01,0.5
E07000214,2019-02-01,0.6
E07000214,2019-03-01,0.7
E07000214,2019-04-01,0.7
E07000214,2019-05-01,0.7
E07000214,2019-06-01,0.8
E07000214,2019-07-01,0.8
E07000214,2019-08-01,0.8
E07000214,2019-09-01,0.8
E07000214,2019-10-01,0.9
E07000214,2019-11-01,0.9
E07000214,2019-12-01,0.9
E07000214,2020-01-01,1.0
E07000214,2020-02-01,1.0
E07000214,2020-03-01,1.1
E07000214,2020-04-01,2.2
E07000214,2020-05-01,3.9
E07000214,2020-06-01,3.7
E07000214,2020-07-01,3.9
E07000214,2020-08-01,4.0
E07000214,2020-09-01,4.0
E07000214,2020-10-01,3.8
E07000214,2020-11-01,3.8
E07000214,2020-12-01,3.8
E07000214,2021-01-01,3.8
E07000214,2021-02-01,4.0
E07000214,2021-03-01,4.0
E07000214,2021-04-01,3.6
E07000214,2021-05-01,3.3
E07000214,2021-06-01,3.0
E07000214,2021-07-01,2.8
E07000214,2021-08-01,2.6
E07000214,2021-09-01,2.4
E07000214,2021-10-01,2.4
E07000214,2021-11-01,2.3
E07000214,2021-12-01,2.2
E07000214,2022-01-01,2.2
E07000214,2022-02-01,2.2
E07000214,2022-03-01,2.1
E07000214,2022-04-01,2.0
E07000214,2022-05-01,1.9
E07000214,2022-06-01,1.9
E07000214,2022-07-01,1.9
E07000214,2022-08-01,1.9
E07000214,2022-09-01,2.0
E07000214,2022-10-01,2.0
E07000214,2022-11-01,2.0
E07000214,2022-12-01,1.9
E07000214,2023-01-01,1.9
E07000214,2023-02-01,1.9
E07000214,2023-03-01,1.9
E07000214,2023-04-01,2.0
E07000214,2023-05-01,1.9
E07000214,2023-06-01,1.9
E07000214,2023-07-01,2.0
E07000214,2023-08-01,1.9
E07000214,2023-09-01,2.0
E07000214,2023-10-01,2.0
E07000214,2023-11-01,2.0
E07000214,2023-12-01,2.0
E07000214,2024-01-01,2.0
E07000214,2024-02-01,2.1
E07000214,2024-03-01,2.0
E07000214,2024-04-01,2.0
E07000214,2024-05-01,1.9
E07000214,2024-06-01,2.0
E07000214,2024-07-01,2.2
E07000214,2024-08-01,2.1
E07000214,2024-09-01,2.2
E07000214,2024-10-01,2.2
E07000214,2024-11-01,2.2
E07000214,2024-12-01,2.1
E07000214,2025-01-01,2.2
E07000214,2025-02-01,2.3
E07000214,2025-03-01,2.2
E07000214,2025-04-01,2.2
E07000214,2025-05-01,2.2
E07000214,2025-06-01,2.2
E07000214,2025-07-01,2.2
E07000214,2025-08-01,2.2
E07000214,2025-09-01,2.2
E07000214,2025-10-01,2.2
E07000214,2025-11-01,2.2
E07000214,2025-12-01,2.2
E07000214,2026-01-01,2.2
E07000214,2026-02-01,2.3
E07000215,2018-01-01,0.9
E07000215,2018-02-01,1.1
E07000215,2018-03-01,1.0
E07000215,2018-04-01,1.1
E07000215,2018-05-01,1
E07000215,2018-06-01,1.0
E07000215,2018-07-01,1.0
E07000215,2018-08-01,1.0
E07000215,2018-09-01,1.0
E07000215,2018-10-01,1.0
E07000215,2018-11-01,1.1
E07000215,2018-12-01,1.0
E07000215,2019-01-01,1.1
E07000215,2019-02-01,1.2
E07000215,2019-03-01,1.1
E07000215,2019-04-01,1.1
E07000215,2019-05-01,1.2
E07000215,2019-06-01,1.2
E07000215,2019-07-01,1.2
E07000215,2019-08-01,1.3
E07000215,2019-09-01,1.3
E07000215,2019-10-01,1.4
E07000215,2019-11-01,1.4
E07000215,2019-12-01,1.4
E07000215,2020-01-01,1.4
E07000215,2020-02-01,1.5
E07000215,2020-03-01,1.5
E07000215,2020-04-01,2.8
E07000215,2020-05-01,4.4
E07000215,2020-06-01,4.2
E07000215,2020-07-01,4.4
E07000215,2020-08-01,4.5
E07000215,2020-09-01,4.5
E07000215,2020-10-01,4.2
E07000215,2020-11-01,4.3
E07000215,2020-12-01,4.3
E07000215,2021-01-01,4.3
E07000215,2021-02-01,4.5
E07000215,2021-03-01,4.4
E07000215,2021-04-01,4.2
E07000215,2021-05-01,3.8
E07000215,2021-06-01,3.5
E07000215,2021-07-01,3.4
E07000215,2021-08-01,3.2
E07000215,2021-09-01,3.0
E07000215,2021-10-01,2.7
E07000215,2021-11-01,2.6
E07000215,2021-12-01,2.5
E07000215,2022-01-01,2.4
E07000215,2022-02-01,2.4
E07000215,2022-03-01,2.3
E07000215,2022-04-01,2.2
E07000215,2022-05-01,2.1
E07000215,2022-06-01,2.1
E07000215,2022-07-01,2.1
E07000215,2022-08-01,2.1
E07000215,2022-09-01,2.1
E07000215,2022-10-01,2.0
E07000215,2022-11-01,2.0
E07000215,2022-12-01,2.0
E07000215,2023-01-01,2.0
E07000215,2023-02-01,2.0
E07000215,2023-03-01,2.0
E07000215,2023-04-01,2.0
E07000215,2023-05-01,2.0
E07000215,2023-06-01,2.0
E07000215,2023-07-01,2.0
E07000215,2023-08-01,2.0
E07000215,2023-09-01,2.0
E07000215,2023-10-01,2.0
E07000215,2023-11-01,2.1
E07000215,2023-12-01,2.1
E07000215,2024-01-01,2.1
E07000215,2024-02-01,2.1
E07000215,2024-03-01,2.1
E07000215,2024-04-01,2.1
E07000215,2024-05-01,2.1
E07000215,2024-06-01,2.2
E07000215,2024-07-01,2.3
E07000215,2024-08-01,2.3
E07000215,2024-09-01,2.3
E07000215,2024-10-01,2.4
E07000215,2024-11-01,2.3
E07000215,2024-12-01,2.3
E07000215,2025-01-01,2.3
E07000215,2025-02-01,2.4
E07000215,2025-03-01,2.4
E07000215,2025-04-01,2.4
E07000215,2025-05-01,2.4
E07000215,2025-06-01,2.5
E07000215,2025-07-01,2.5
E07000215,2025-08-01,2.5
E07000215,2025-09-01,2.5
E07000215,2025-10-01,2.5
E07000215,2025-11-01,2.4
E07000215,2025-12-01,2.5
E07000215,2026-01-01,2.5
E07000215,2026-02-01,2.6
E07000216,2018-01-01,0.5
E07000216,2018-02-01,0.6
E07000216,2018-03-01,0.5
E07000216,2018-04-01,0.5
E07000216,2018-05-01,0.5
E07000216,2018-06-01,0.5
E07000216,2018-07-01,0.5
E07000216,2018-08-01,0.5
E07000216,2018-09-01,0.5
E07000216,2018-10-01,0.5
E07000216,2018-11-01,0.5
E07000216,2018-12-01,0.5
E07000216,2019-01-01,0.6
E07000216,2019-02-01,0.7
E07000216,2019-03-01,0.7
E07000216,2019-04-01,0.7
E07000216,2019-05-01,0.7
E07000216,2019-06-01,0.8
E07000216,2019-07-01,0.8
E07000216,2019-08-01,0.8
E07000216,2019-09-01,0.8
E07000216,2019-10-01,0.9
E07000216,2019-11-01,0.9
E07000216,2019-12-01,0.9
E07000216,2020-01-01,0.9
E07000216,2020-02-01,1.0
E07000216,2020-03-01,0.9
E07000216,2020-04-01,2.1
E07000216,2020-05-01,3.4
E07000216,2020-06-01,3.2
E07000216,2020-07-01,3.3
E07000216,2020-08-01,3.4
E07000216,2020-09-01,3.4
E07000216,2020-10-01,3.2
E07000216,2020-11-01,3.2
E07000216,2020-12-01,3.2
E07000216,2021-01-01,3.1
E07000216,2021-02-01,3.3
E07000216,2021-03-01,3.2
E07000216,2021-04-01,3.1
E07000216,2021-05-01,2.7
E07000216,2021-06-01,2.5
E07000216,2021-07-01,2.4
E07000216,2021-08-01,2.2
E07000216,2021-09-01,2.1
E07000216,2021-10-01,2.0
E07000216,2021-11-01,2.0
E07000216,2021-12-01,1.9
E07000216,2022-01-01,1.8
E07000216,2022-02-01,1.9
E07000216,2022-03-01,1.8
E07000216,2022-04-01,1.6
E07000216,2022-05-01,1.5
E07000216,2022-06-01,1.6
E07000216,2022-07-01,1.7
E07000216,2022-08-01,1.7
E07000216,2022-09-01,1.8
E07000216,2022-10-01,1.8
E07000216,2022-11-01,1.7
E07000216,2022-12-01,1.7
E07000216,2023-01-01,1.7
E07000216,2023-02-01,1.7
E07000216,2023-03-01,1.6
E07000216,2023-04-01,1.7
E07000216,2023-05-01,1.6
E07000216,2023-06-01,1.6
E07000216,2023-07-01,1.6
E07000216,2023-08-01,1.7
E07000216,2023-09-01,1.6
E07000216,2023-10-01,1.6
E07000216,2023-11-01,1.6
E07000216,2023-12-01,1.6
E07000216,2024-01-01,1.6
E07000216,2024-02-01,1.7
E07000216,2024-03-01,1.7
E07000216,2024-04-01,1.7
E07000216,2024-05-01,1.7
E07000216,2024-06-01,1.7
E07000216,2024-07-01,1.9
E07000216,2024-08-01,1.9
E07000216,2024-09-01,1.9
E07000216,2024-10-01,1.9
E07000216,2024-11-01,1.8
E07000216,2024-12-01,1.8
E07000216,2025-01-01,1.8
E07000216,2025-02-01,1.9
E07000216,2025-03-01,1.9
E07000216,2025-04-01,1.8
E07000216,2025-05-01,1.8
E07000216,2025-06-01,1.9
E07000216,2025-07-01,1.8
E07000216,2025-08-01,1.7
E07000216,2025-09-01,1.8
E07000216,2025-10-01,1.8
E07000216,2025-11-01,1.9
E07000216,2025-12-01,1.8
E07000216,2026-01-01,1.8
E07000216,2026-02-01,2.0
E07000217,2018-01-01,0.6
E07000217,2018-02-01,0.7
E07000217,2018-03-01,0.7
E07000217,2018-04-01,0.7
E07000217,2018-05-01,0.6
E07000217,2018-06-01,0.7
E07000217,2018-07-01,0.6
E07000217,2018-08-01,0.6
E07000217,2018-09-01,0.6
E07000217,2018-10-01,0.6
E07000217,2018-11-01,0.6
E07000217,2018-12-01,0.6
E07000217,2019-01-01,0.7
E07000217,2019-02-01,0.8
E07000217,2019-03-01,0.9
E07000217,2019-04-01,0.8
E07000217,2019-05-01,0.9
E07000217,2019-06-01,0.9
E07000217,2019-07-01,1.0
E07000217,2019-08-01,1.0
E07000217,2019-09-01,1.0
E07000217,2019-10-01,1.1
E07000217,2019-11-01,1.1
E07000217,2019-12-01,1.1
E07000217,2020-01-01,1.1
E07000217,2020-02-01,1.2
E07000217,2020-03-01,1.3
E07000217,2020-04-01,2.4
E07000217,2020-05-01,4.0
E07000217,2020-06-01,3.9
E07000217,2020-07-01,4.1
E07000217,2020-08-01,4.3
E07000217,2020-09-01,4.3
E07000217,2020-10-01,4.1
E07000217,2020-11-01,4.1
E07000217,2020-12-01,4.1
E07000217,2021-01-01,4.1
E07000217,2021-02-01,4.3
E07000217,2021-03-01,4.3
E07000217,2021-04-01,4.2
E07000217,2021-05-01,3.8
E07000217,2021-06-01,3.3
E07000217,2021-07-01,3.2
E07000217,2021-08-01,3.1
E07000217,2021-09-01,2.9
E07000217,2021-10-01,2.8
E07000217,2021-11-01,2.7
E07000217,2021-12-01,2.6
E07000217,2022-01-01,2.5
E07000217,2022-02-01,2.5
E07000217,2022-03-01,2.3
E07000217,2022-04-01,2.2
E07000217,2022-05-01,2.1
E07000217,2022-06-01,2.2
E07000217,2022-07-01,2.2
E07000217,2022-08-01,2.2
E07000217,2022-09-01,2.3
E07000217,2022-10-01,2.2
E07000217,2022-11-01,2.2
E07000217,2022-12-01,2.2
E07000217,2023-01-01,2.2
E07000217,2023-02-01,2.2
E07000217,2023-03-01,2.2
E07000217,2023-04-01,2.3
E07000217,2023-05-01,2.2
E07000217,2023-06-01,2.2
E07000217,2023-07-01,2.3
E07000217,2023-08-01,2.3
E07000217,2023-09-01,2.4
E07000217,2023-10-01,2.4
E07000217,2023-11-01,2.4
E07000217,2023-12-01,2.4
E07000217,2024-01-01,2.3
E07000217,2024-02-01,2.4
E07000217,2024-03-01,2.3
E07000217,2024-04-01,2.4
E07000217,2024-05-01,2.3
E07000217,2024-06-01,2.4
E07000217,2024-07-01,2.6
E07000217,2024-08-01,2.7
E07000217,2024-09-01,2.7
E07000217,2024-10-01,2.7
E07000217,2024-11-01,2.6
E07000217,2024-12-01,2.6
E07000217,2025-01-01,2.6
E07000217,2025-02-01,2.7
E07000217,2025-03-01,2.6
E07000217,2025-04-01,2.6
E07000217,2025-05-01,2.6
E07000217,2025-06-01,2.7
E07000217,2025-07-01,2.6
E07000217,2025-08-01,2.5
E07000217,2025-09-01,2.6
E07000217,2025-10-01,2.7
E07000217,2025-11-01,2.6
E07000217,2025-12-01,2.6
E07000217,2026-01-01,2.6
E07000217,2026-02-01,2.7
E07000218,2018-01-01,1.1
E07000218,2018-02-01,1.3
E07000218,2018-03-01,1.3
E07000218,2018-04-01,1.3
E07000218,2018-05-01,1.4
E07000218,2018-06-01,1.3
E07000218,2018-07-01,1.3
E07000218,2018-08-01,1.3
E07000218,2018-09-01,1.3
E07000218,2018-10-01,1.3
E07000218,2018-11-01,1.3
E07000218,2018-12-01,1.4
E07000218,2019-01-01,1.5
E07000218,2019-02-01,1.6
E07000218,2019-03-01,1.7
E07000218,2019-04-01,1.7
E07000218,2019-05-01,1.7
E07000218,2019-06-01,1.8
E07000218,2019-07-01,1.8
E07000218,2019-08-01,1.8
E07000218,2019-09-01,1.9
E07000218,2019-10-01,2.0
E07000218,2019-11-01,2.0
E07000218,2019-12-01,2.0
E07000218,2020-01-01,1.9
E07000218,2020-02-01,2.0
E07000218,2020-03-01,2.2
E07000218,2020-04-01,4.6
E07000218,2020-05-01,5.5
E07000218,2020-06-01,5.1
E07000218,2020-07-01,5.2
E07000218,2020-08-01,5.4
E07000218,2020-09-01,5.3
E07000218,2020-10-01,5.0
E07000218,2020-11-01,5.0
E07000218,2020-12-01,5.0
E07000218,2021-01-01,4.8
E07000218,2021-02-01,5.1
E07000218,2021-03-01,5.1
E07000218,2021-04-01,4.9
E07000218,2021-05-01,4.5
E07000218,2021-06-01,4.0
E07000218,2021-07-01,3.9
E07000218,2021-08-01,3.7
E07000218,2021-09-01,3.5
E07000218,2021-10-01,3.4
E07000218,2021-11-01,3.2
E07000218,2021-12-01,3.0
E07000218,2022-01-01,3.0
E07000218,2022-02-01,3.1
E07000218,2022-03-01,2.9
E07000218,2022-04-01,2.7
E07000218,2022-05-01,2.6
E07000218,2022-06-01,2.6
E07000218,2022-07-01,2.5
E07000218,2022-08-01,2.5
E07000218,2022-09-01,2.5
E07000218,2022-10-01,2.5
E07000218,2022-11-01,2.6
E07000218,2022-12-01,2.5
E07000218,2023-01-01,2.5
E07000218,2023-02-01,2.5
E07000218,2023-03-01,2.6
E07000218,2023-04-01,2.6
E07000218,2023-05-01,2.5
E07000218,2023-06-01,2.5
E07000218,2023-07-01,2.4
E07000218,2023-08-01,2.5
E07000218,2023-09-01,2.4
E07000218,2023-10-01,2.4
E07000218,2023-11-01,2.5
E07000218,2023-12-01,2.4
E07000218,2024-01-01,2.4
E07000218,2024-02-01,2.6
E07000218,2024-03-01,2.6
E07000218,2024-04-01,2.5
E07000218,2024-05-01,2.5
E07000218,2024-06-01,2.5
E07000218,2024-07-01,2.7
E07000218,2024-08-01,2.8
E07000218,2024-09-01,2.7
E07000218,2024-10-01,2.6
E07000218,2024-11-01,2.7
E07000218,2024-12-01,2.6
E07000218,2025-01-01,2.6
E07000218,2025-02-01,2.7
E07000218,2025-03-01,2.7
E07000218,2025-04-01,2.7
E07000218,2025-05-01,2.7
E07000218,2025-06-01,2.7
E07000218,2025-07-01,2.6
E07000218,2025-08-01,2.6
E07000218,2025-09-01,2.6
E07000218,2025-10-01,2.6
E07000218,2025-11-01,2.6
E07000218,2025-12-01,2.6
E07000218,2026-01-01,2.6
E07000218,2026-02-01,2.8
E07000219,2018-01-01,1.9
E07000219,2018-02-01,2.1
E07000219,2018-03-01,2.3
E07000219,2018-04-01,2.6
E07000219,2018-05-01,2.6
E07000219,2018-06-01,2.7
E07000219,2018-07-01,2.8
E07000219,2018-08-01,2.8
E07000219,2018-09-01,2.7
E07000219,2018-10-01,2.7
E07000219,2018-11-01,2.7
E07000219,2018-12-01,2.7
E07000219,2019-01-01,2.7
E07000219,2019-02-01,2.9
E07000219,2019-03-01,3.0
E07000219,2019-04-01,3.0
E07000219,2019-05-01,3.0
E07000219,2019-06-01,3.1
E07000219,2019-07-01,3.1
E07000219,2019-08-01,3.1
E07000219,2019-09-01,3.2
E07000219,2019-10-01,3.3
E07000219,2019-11-01,3.2
E07000219,2019-12-01,3.3
E07000219,2020-01-01,3.2
E07000219,2020-02-01,3.3
E07000219,2020-03-01,3.4
E07000219,2020-04-01,5.6
E07000219,2020-05-01,6.5
E07000219,2020-06-01,6.3
E07000219,2020-07-01,6.4
E07000219,2020-08-01,6.6
E07000219,2020-09-01,6.5
E07000219,2020-10-01,6.4
E07000219,2020-11-01,6.3
E07000219,2020-12-01,6.1
E07000219,2021-01-01,5.9
E07000219,2021-02-01,6.1
E07000219,2021-03-01,6.2
E07000219,2021-04-01,6.0
E07000219,2021-05-01,5.7
E07000219,2021-06-01,5.4
E07000219,2021-07-01,5.2
E07000219,2021-08-01,5.0
E07000219,2021-09-01,4.9
E07000219,2021-10-01,4.8
E07000219,2021-11-01,4.7
E07000219,2021-12-01,4.4
E07000219,2022-01-01,4.3
E07000219,2022-02-01,4.3
E07000219,2022-03-01,4.2
E07000219,2022-04-01,4.0
E07000219,2022-05-01,3.9
E07000219,2022-06-01,3.8
E07000219,2022-07-01,3.8
E07000219,2022-08-01,3.7
E07000219,2022-09-01,3.7
E07000219,2022-10-01,3.7
E07000219,2022-11-01,3.7
E07000219,2022-12-01,3.7
E07000219,2023-01-01,3.6
E07000219,2023-02-01,3.7
E07000219,2023-03-01,3.8
E07000219,2023-04-01,3.8
E07000219,2023-05-01,3.8
E07000219,2023-06-01,3.7
E07000219,2023-07-01,3.8
E07000219,2023-08-01,3.7
E07000219,2023-09-01,3.6
E07000219,2023-10-01,3.6
E07000219,2023-11-01,3.6
E07000219,2023-12-01,3.5
E07000219,2024-01-01,3.4
E07000219,2024-02-01,3.5
E07000219,2024-03-01,3.4
E07000219,2024-04-01,3.5
E07000219,2024-05-01,3.6
E07000219,2024-06-01,3.7
E07000219,2024-07-01,4.0
E07000219,2024-08-01,4.1
E07000219,2024-09-01,4.1
E07000219,2024-10-01,4.1
E07000219,2024-11-01,4.0
E07000219,2024-12-01,3.9
E07000219,2025-01-01,4.0
E07000219,2025-02-01,4.0
E07000219,2025-03-01,4.0
E07000219,2025-04-01,4.0
E07000219,2025-05-01,4.0
E07000219,2025-06-01,4.0
E07000219,2025-07-01,4.1
E07000219,2025-08-01,4.1
E07000219,2025-09-01,4.1
E07000219,2025-10-01,4.1
E07000219,2025-11-01,4.0
E07000219,2025-12-01,4.0
E07000219,2026-01-01,4.0
E07000219,2026-02-01,4.2
E07000220,2018-01-01,1.9
E07000220,2018-02-01,2.0
E07000220,2018-03-01,2.1
E07000220,2018-04-01,2.2
E07000220,2018-05-01,2.1
E07000220,2018-06-01,2.0
E07000220,2018-07-01,2.0
E07000220,2018-08-01,2.1
E07000220,2018-09-01,2.0
E07000220,2018-10-01,2.0
E07000220,2018-11-01,2.0
E07000220,2018-12-01,1.9
E07000220,2019-01-01,1.9
E07000220,2019-02-01,2.2
E07000220,2019-03-01,2.2
E07000220,2019-04-01,2.1
E07000220,2019-05-01,2.1
E07000220,2019-06-01,2.2
E07000220,2019-07-01,2.2
E07000220,2019-08-01,2.2
E07000220,2019-09-01,2.2
E07000220,2019-10-01,2.2
E07000220,2019-11-01,2.2
E07000220,2019-12-01,2.2
E07000220,2020-01-01,2.1
E07000220,2020-02-01,2.2
E07000220,2020-03-01,2.2
E07000220,2020-04-01,3.9
E07000220,2020-05-01,4.6
E07000220,2020-06-01,4.5
E07000220,2020-07-01,4.6
E07000220,2020-08-01,4.6
E07000220,2020-09-01,4.6
E07000220,2020-10-01,4.4
E07000220,2020-11-01,4.4
E07000220,2020-12-01,4.2
E07000220,2021-01-01,4.2
E07000220,2021-02-01,4.4
E07000220,2021-03-01,4.4
E07000220,2021-04-01,4.3
E07000220,2021-05-01,4.0
E07000220,2021-06-01,3.7
E07000220,2021-07-01,3.7
E07000220,2021-08-01,3.6
E07000220,2021-09-01,3.4
E07000220,2021-10-01,3.3
E07000220,2021-11-01,3.1
E07000220,2021-12-01,3.0
E07000220,2022-01-01,2.9
E07000220,2022-02-01,2.9
E07000220,2022-03-01,2.8
E07000220,2022-04-01,2.7
E07000220,2022-05-01,2.6
E07000220,2022-06-01,2.6
E07000220,2022-07-01,2.7
E07000220,2022-08-01,2.7
E07000220,2022-09-01,2.6
E07000220,2022-10-01,2.6
E07000220,2022-11-01,2.6
E07000220,2022-12-01,2.6
E07000220,2023-01-01,2.6
E07000220,2023-02-01,2.6
E07000220,2023-03-01,2.7
E07000220,2023-04-01,2.9
E07000220,2023-05-01,2.8
E07000220,2023-06-01,2.8
E07000220,2023-07-01,2.7
E07000220,2023-08-01,2.7
E07000220,2023-09-01,2.6
E07000220,2023-10-01,2.6
E07000220,2023-11-01,2.5
E07000220,2023-12-01,2.4
E07000220,2024-01-01,2.3
E07000220,2024-02-01,2.5
E07000220,2024-03-01,2.5
E07000220,2024-04-01,2.5
E07000220,2024-05-01,2.5
E07000220,2024-06-01,2.6
E07000220,2024-07-01,2.9
E07000220,2024-08-01,2.8
E07000220,2024-09-01,2.8
E07000220,2024-10-01,2.7
E07000220,2024-11-01,2.7
E07000220,2024-12-01,2.6
E07000220,2025-01-01,2.6
E07000220,2025-02-01,2.7
E07000220,2025-03-01,2.7
E07000220,2025-04-01,2.7
E07000220,2025-05-01,2.7
E07000220,2025-06-01,2.7
E07000220,2025-07-01,2.7
E07000220,2025-08-01,2.7
E07000220,2025-09-01,2.7
E07000220,2025-10-01,2.7
E07000220,2025-11-01,2.6
E07000220,2025-12-01,2.6
E07000220,2026-01-01,2.6
E07000220,2026-02-01,2.8
E07000221,2018-01-01,0.8
E07000221,2018-02-01,0.9
E07000221,2018-03-01,0.9
E07000221,2018-04-01,1.1
E07000221,2018-05-01,1
E07000221,2018-06-01,1.0
E07000221,2018-07-01,1.0
E07000221,2018-08-01,1.1
E07000221,2018-09-01,1.1
E07000221,2018-10-01,1.1
E07000221,2018-11-01,1.1
E07000221,2018-12-01,1.1
E07000221,2019-01-01,1.1
E07000221,2019-02-01,1.1
E07000221,2019-03-01,1.2
E07000221,2019-04-01,1.2
E07000221,2019-05-01,1.2
E07000221,2019-06-01,1.3
E07000221,2019-07-01,1.3
E07000221,2019-08-01,1.3
E07000221,2019-09-01,1.3
E07000221,2019-10-01,1.3
E07000221,2019-11-01,1.3
E07000221,2019-12-01,1.3
E07000221,2020-01-01,1.3
E07000221,2020-02-01,1.4
E07000221,2020-03-01,1.4
E07000221,2020-04-01,2.9
E07000221,2020-05-01,4.1
E07000221,2020-06-01,3.8
E07000221,2020-07-01,3.9
E07000221,2020-08-01,4.1
E07000221,2020-09-01,4.0
E07000221,2020-10-01,3.7
E07000221,2020-11-01,3.8
E07000221,2020-12-01,3.8
E07000221,2021-01-01,3.6
E07000221,2021-02-01,3.8
E07000221,2021-03-01,3.8
E07000221,2021-04-01,3.7
E07000221,2021-05-01,3.4
E07000221,2021-06-01,3.0
E07000221,2021-07-01,3.0
E07000221,2021-08-01,2.9
E07000221,2021-09-01,2.7
E07000221,2021-10-01,2.7
E07000221,2021-11-01,2.6
E07000221,2021-12-01,2.6
E07000221,2022-01-01,2.4
E07000221,2022-02-01,2.4
E07000221,2022-03-01,2.3
E07000221,2022-04-01,2.2
E07000221,2022-05-01,2.1
E07000221,2022-06-01,2.0
E07000221,2022-07-01,2.0
E07000221,2022-08-01,2.0
E07000221,2022-09-01,2.0
E07000221,2022-10-01,2.0
E07000221,2022-11-01,2.0
E07000221,2022-12-01,2.0
E07000221,2023-01-01,1.9
E07000221,2023-02-01,1.9
E07000221,2023-03-01,2.0
E07000221,2023-04-01,2.0
E07000221,2023-05-01,1.9
E07000221,2023-06-01,1.9
E07000221,2023-07-01,1.8
E07000221,2023-08-01,1.8
E07000221,2023-09-01,1.8
E07000221,2023-10-01,1.8
E07000221,2023-11-01,1.8
E07000221,2023-12-01,1.8
E07000221,2024-01-01,1.8
E07000221,2024-02-01,1.9
E07000221,2024-03-01,1.9
E07000221,2024-04-01,1.8
E07000221,2024-05-01,1.8
E07000221,2024-06-01,1.9
E07000221,2024-07-01,2.0
E07000221,2024-08-01,2.1
E07000221,2024-09-01,2.1
E07000221,2024-10-01,2.0
E07000221,2024-11-01,2.0
E07000221,2024-12-01,2.0
E07000221,2025-01-01,1.9
E07000221,2025-02-01,2.0
E07000221,2025-03-01,2.0
E07000221,2025-04-01,1.9
E07000221,2025-05-01,1.9
E07000221,2025-06-01,1.9
E07000221,2025-07-01,1.9
E07000221,2025-08-01,1.9
E07000221,2025-09-01,2.0
E07000221,2025-10-01,2.0
E07000221,2025-11-01,2.1
E07000221,2025-12-01,2.1
E07000221,2026-01-01,2.2
E07000221,2026-02-01,2.3
E07000222,2018-01-01,0.7
E07000222,2018-02-01,0.8
E07000222,2018-03-01,0.8
E07000222,2018-04-01,0.8
E07000222,2018-05-01,0.8
E07000222,2018-06-01,0.8
E07000222,2018-07-01,0.8
E07000222,2018-08-01,0.8
E07000222,2018-09-01,0.8
E07000222,2018-10-01,0.8
E07000222,2018-11-01,0.8
E07000222,2018-12-01,0.8
E07000222,2019-01-01,0.9
E07000222,2019-02-01,1.0
E07000222,2019-03-01,1.1
E07000222,2019-04-01,1.2
E07000222,2019-05-01,1.2
E07000222,2019-06-01,1.3
E07000222,2019-07-01,1.3
E07000222,2019-08-01,1.4
E07000222,2019-09-01,1.4
E07000222,2019-10-01,1.5
E07000222,2019-11-01,1.6
E07000222,2019-12-01,1.6
E07000222,2020-01-01,1.6
E07000222,2020-02-01,1.6
E07000222,2020-03-01,1.7
E07000222,2020-04-01,2.9
E07000222,2020-05-01,4.0
E07000222,2020-06-01,3.8
E07000222,2020-07-01,4.0
E07000222,2020-08-01,4.1
E07000222,2020-09-01,4.0
E07000222,2020-10-01,3.8
E07000222,2020-11-01,3.9
E07000222,2020-12-01,3.8
E07000222,2021-01-01,3.7
E07000222,2021-02-01,3.9
E07000222,2021-03-01,3.9
E07000222,2021-04-01,3.8
E07000222,2021-05-01,3.5
E07000222,2021-06-01,3.2
E07000222,2021-07-01,3.1
E07000222,2021-08-01,2.9
E07000222,2021-09-01,2.8
E07000222,2021-10-01,2.7
E07000222,2021-11-01,2.6
E07000222,2021-12-01,2.6
E07000222,2022-01-01,2.5
E07000222,2022-02-01,2.4
E07000222,2022-03-01,2.4
E07000222,2022-04-01,2.3
E07000222,2022-05-01,2.2
E07000222,2022-06-01,2.2
E07000222,2022-07-01,2.2
E07000222,2022-08-01,2.1
E07000222,2022-09-01,2.1
E07000222,2022-10-01,2.1
E07000222,2022-11-01,2.1
E07000222,2022-12-01,2.1
E07000222,2023-01-01,2.0
E07000222,2023-02-01,2.1
E07000222,2023-03-01,2.1
E07000222,2023-04-01,2.2
E07000222,2023-05-01,2.1
E07000222,2023-06-01,2.1
E07000222,2023-07-01,2.1
E07000222,2023-08-01,2.0
E07000222,2023-09-01,2.0
E07000222,2023-10-01,2.0
E07000222,2023-11-01,2.0
E07000222,2023-12-01,2.0
E07000222,2024-01-01,2.0
E07000222,2024-02-01,2.0
E07000222,2024-03-01,2.0
E07000222,2024-04-01,2.0
E07000222,2024-05-01,2.0
E07000222,2024-06-01,2.1
E07000222,2024-07-01,2.3
E07000222,2024-08-01,2.3
E07000222,2024-09-01,2.4
E07000222,2024-10-01,2.3
E07000222,2024-11-01,2.3
E07000222,2024-12-01,2.3
E07000222,2025-01-01,2.3
E07000222,2025-02-01,2.4
E07000222,2025-03-01,2.4
E07000222,2025-04-01,2.3
E07000222,2025-05-01,2.3
E07000222,2025-06-01,2.3
E07000222,2025-07-01,2.3
E07000222,2025-08-01,2.3
E07000222,2025-09-01,2.3
E07000222,2025-10-01,2.3
E07000222,2025-11-01,2.3
E07000222,2025-12-01,2.2
E07000222,2026-01-01,2.3
E07000222,2026-02-01,2.4
E07000223,2018-01-01,1.4
E07000223,2018-02-01,1.4
E07000223,2018-03-01,1.5
E07000223,2018-04-01,1.4
E07000223,2018-05-01,1.3
E07000223,2018-06-01,1.3
E07000223,2018-07-01,1.2
E07000223,2018-08-01,1.3
E07000223,2018-09-01,1.4
E07000223,2018-10-01,1.5
E07000223,2018-11-01,1.6
E07000223,2018-12-01,1.7
E07000223,2019-01-01,1.8
E07000223,2019-02-01,1.8
E07000223,2019-03-01,1.8
E07000223,2019-04-01,1.9
E07000223,2019-05-01,1.9
E07000223,2019-06-01,1.9
E07000223,2019-07-01,2.0
E07000223,2019-08-01,2.0
E07000223,2019-09-01,2.0
E07000223,2019-10-01,2.1
E07000223,2019-11-01,2.1
E07000223,2019-12-01,2.1
E07000223,2020-01-01,2.2
E07000223,2020-02-01,2.3
E07000223,2020-03-01,2.3
E07000223,2020-04-01,4.3
E07000223,2020-05-01,6.4
E07000223,2020-06-01,5.8
E07000223,2020-07-01,5.9
E07000223,2020-08-01,6.3
E07000223,2020-09-01,6.2
E07000223,2020-10-01,5.8
E07000223,2020-11-01,5.9
E07000223,2020-12-01,5.8
E07000223,2021-01-01,5.8
E07000223,2021-02-01,6.1
E07000223,2021-03-01,6.1
E07000223,2021-04-01,5.8
E07000223,2021-05-01,5.4
E07000223,2021-06-01,4.8
E07000223,2021-07-01,4.7
E07000223,2021-08-01,4.5
E07000223,2021-09-01,4.1
E07000223,2021-10-01,4.0
E07000223,2021-11-01,3.7
E07000223,2021-12-01,3.6
E07000223,2022-01-01,3.4
E07000223,2022-02-01,3.4
E07000223,2022-03-01,3.2
E07000223,2022-04-01,3.1
E07000223,2022-05-01,3.0
E07000223,2022-06-01,2.9
E07000223,2022-07-01,2.9
E07000223,2022-08-01,2.8
E07000223,2022-09-01,2.8
E07000223,2022-10-01,2.7
E07000223,2022-11-01,2.8
E07000223,2022-12-01,2.7
E07000223,2023-01-01,2.7
E07000223,2023-02-01,2.7
E07000223,2023-03-01,2.8
E07000223,2023-04-01,2.8
E07000223,2023-05-01,2.6
E07000223,2023-06-01,2.5
E07000223,2023-07-01,2.6
E07000223,2023-08-01,2.6
E07000223,2023-09-01,2.6
E07000223,2023-10-01,2.6
E07000223,2023-11-01,2.6
E07000223,2023-12-01,2.6
E07000223,2024-01-01,2.6
E07000223,2024-02-01,2.6
E07000223,2024-03-01,2.6
E07000223,2024-04-01,2.5
E07000223,2024-05-01,2.5
E07000223,2024-06-01,2.5
E07000223,2024-07-01,2.8
E07000223,2024-08-01,2.7
E07000223,2024-09-01,2.7
E07000223,2024-10-01,2.8
E07000223,2024-11-01,2.7
E07000223,2024-12-01,2.7
E07000223,2025-01-01,2.8
E07000223,2025-02-01,3.0
E07000223,2025-03-01,3.0
E07000223,2025-04-01,3.0
E07000223,2025-05-01,2.9
E07000223,2025-06-01,2.9
E07000223,2025-07-01,3.0
E07000223,2025-08-01,2.9
E07000223,2025-09-01,2.9
E07000223,2025-10-01,2.9
E07000223,2025-11-01,2.9
E07000223,2025-12-01,2.9
E07000223,2026-01-01,3.0
E07000223,2026-02-01,3.3
E07000224,2018-01-01,1.3
E07000224,2018-02-01,1.4
E07000224,2018-03-01,1.4
E07000224,2018-04-01,1.3
E07000224,2018-05-01,1.3
E07000224,2018-06-01,1.2
E07000224,2018-07-01,1.2
E07000224,2018-08-01,1.2
E07000224,2018-09-01,1.3
E07000224,2018-10-01,1.3
E07000224,2018-11-01,1.5
E07000224,2018-12-01,1.6
E07000224,2019-01-01,1.7
E07000224,2019-02-01,1.8
E07000224,2019-03-01,1.9
E07000224,2019-04-01,1.9
E07000224,2019-05-01,1.9
E07000224,2019-06-01,1.9
E07000224,2019-07-01,1.9
E07000224,2019-08-01,2.0
E07000224,2019-09-01,2.0
E07000224,2019-10-01,2.1
E07000224,2019-11-01,2.1
E07000224,2019-12-01,2.2
E07000224,2020-01-01,2.2
E07000224,2020-02-01,2.3
E07000224,2020-03-01,2.3
E07000224,2020-04-01,4.8
E07000224,2020-05-01,5.9
E07000224,2020-06-01,5.3
E07000224,2020-07-01,5.5
E07000224,2020-08-01,5.7
E07000224,2020-09-01,5.5
E07000224,2020-10-01,5.3
E07000224,2020-11-01,5.3
E07000224,2020-12-01,5.4
E07000224,2021-01-01,5.3
E07000224,2021-02-01,5.8
E07000224,2021-03-01,5.7
E07000224,2021-04-01,5.6
E07000224,2021-05-01,5.1
E07000224,2021-06-01,4.6
E07000224,2021-07-01,4.6
E07000224,2021-08-01,4.4
E07000224,2021-09-01,4.1
E07000224,2021-10-01,3.9
E07000224,2021-11-01,3.8
E07000224,2021-12-01,3.7
E07000224,2022-01-01,3.7
E07000224,2022-02-01,3.6
E07000224,2022-03-01,3.5
E07000224,2022-04-01,3.2
E07000224,2022-05-01,3.0
E07000224,2022-06-01,3.0
E07000224,2022-07-01,2.9
E07000224,2022-08-01,3.0
E07000224,2022-09-01,3.0
E07000224,2022-10-01,2.9
E07000224,2022-11-01,3.0
E07000224,2022-12-01,3.1
E07000224,2023-01-01,3.0
E07000224,2023-02-01,3.0
E07000224,2023-03-01,3.1
E07000224,2023-04-01,3.1
E07000224,2023-05-01,2.9
E07000224,2023-06-01,3.0
E07000224,2023-07-01,2.9
E07000224,2023-08-01,3.0
E07000224,2023-09-01,2.9
E07000224,2023-10-01,3.0
E07000224,2023-11-01,3.0
E07000224,2023-12-01,3.1
E07000224,2024-01-01,3.2
E07000224,2024-02-01,3.2
E07000224,2024-03-01,3.3
E07000224,2024-04-01,3.3
E07000224,2024-05-01,3.2
E07000224,2024-06-01,3.3
E07000224,2024-07-01,3.6
E07000224,2024-08-01,3.6
E07000224,2024-09-01,3.6
E07000224,2024-10-01,3.6
E07000224,2024-11-01,3.5
E07000224,2024-12-01,3.5
E07000224,2025-01-01,3.6
E07000224,2025-02-01,3.6
E07000224,2025-03-01,3.7
E07000224,2025-04-01,3.6
E07000224,2025-05-01,3.5
E07000224,2025-06-01,3.5
E07000224,2025-07-01,3.5
E07000224,2025-08-01,3.5
E07000224,2025-09-01,3.5
E07000224,2025-10-01,3.5
E07000224,2025-11-01,3.6
E07000224,2025-12-01,3.5
E07000224,2026-01-01,3.6
E07000224,2026-02-01,3.9
E07000225,2018-01-01,1.0
E07000225,2018-02-01,1.0
E07000225,2018-03-01,1.1
E07000225,2018-04-01,1.0
E07000225,2018-05-01,1
E07000225,2018-06-01,1.0
E07000225,2018-07-01,0.9
E07000225,2018-08-01,1.0
E07000225,2018-09-01,1.0
E07000225,2018-10-01,1.1
E07000225,2018-11-01,1.1
E07000225,2018-12-01,1.2
E07000225,2019-01-01,1.3
E07000225,2019-02-01,1.4
E07000225,2019-03-01,1.4
E07000225,2019-04-01,1.5
E07000225,2019-05-01,1.5
E07000225,2019-06-01,1.6
E07000225,2019-07-01,1.6
E07000225,2019-08-01,1.6
E07000225,2019-09-01,1.7
E07000225,2019-10-01,1.7
E07000225,2019-11-01,1.8
E07000225,2019-12-01,1.8
E07000225,2020-01-01,1.8
E07000225,2020-02-01,1.9
E07000225,2020-03-01,1.9
E07000225,2020-04-01,3.9
E07000225,2020-05-01,5.0
E07000225,2020-06-01,4.7
E07000225,2020-07-01,4.9
E07000225,2020-08-01,5.0
E07000225,2020-09-01,4.9
E07000225,2020-10-01,4.6
E07000225,2020-11-01,4.6
E07000225,2020-12-01,4.7
E07000225,2021-01-01,4.6
E07000225,2021-02-01,4.9
E07000225,2021-03-01,4.9
E07000225,2021-04-01,4.8
E07000225,2021-05-01,4.4
E07000225,2021-06-01,4.0
E07000225,2021-07-01,3.9
E07000225,2021-08-01,3.7
E07000225,2021-09-01,3.6
E07000225,2021-10-01,3.5
E07000225,2021-11-01,3.4
E07000225,2021-12-01,3.4
E07000225,2022-01-01,3.2
E07000225,2022-02-01,3.2
E07000225,2022-03-01,3.1
E07000225,2022-04-01,2.9
E07000225,2022-05-01,2.8
E07000225,2022-06-01,2.7
E07000225,2022-07-01,2.7
E07000225,2022-08-01,2.7
E07000225,2022-09-01,2.7
E07000225,2022-10-01,2.7
E07000225,2022-11-01,2.7
E07000225,2022-12-01,2.8
E07000225,2023-01-01,2.9
E07000225,2023-02-01,2.9
E07000225,2023-03-01,2.8
E07000225,2023-04-01,2.8
E07000225,2023-05-01,2.7
E07000225,2023-06-01,2.8
E07000225,2023-07-01,2.7
E07000225,2023-08-01,2.7
E07000225,2023-09-01,2.7
E07000225,2023-10-01,2.8
E07000225,2023-11-01,2.8
E07000225,2023-12-01,2.8
E07000225,2024-01-01,2.8
E07000225,2024-02-01,3.0
E07000225,2024-03-01,3.0
E07000225,2024-04-01,2.9
E07000225,2024-05-01,2.8
E07000225,2024-06-01,2.9
E07000225,2024-07-01,3.1
E07000225,2024-08-01,3.1
E07000225,2024-09-01,3.2
E07000225,2024-10-01,3.2
E07000225,2024-11-01,3.2
E07000225,2024-12-01,3.2
E07000225,2025-01-01,3.3
E07000225,2025-02-01,3.4
E07000225,2025-03-01,3.4
E07000225,2025-04-01,3.4
E07000225,2025-05-01,3.3
E07000225,2025-06-01,3.2
E07000225,2025-07-01,3.1
E07000225,2025-08-01,3.1
E07000225,2025-09-01,3.1
E07000225,2025-10-01,3.2
E07000225,2025-11-01,3.2
E07000225,2025-12-01,3.2
E07000225,2026-01-01,3.2
E07000225,2026-02-01,3.4
E07000226,2018-01-01,1.2
E07000226,2018-02-01,1.3
E07000226,2018-03-01,1.4
E07000226,2018-04-01,1.3
E07000226,2018-05-01,1.3
E07000226,2018-06-01,1.2
E07000226,2018-07-01,1.2
E07000226,2018-08-01,1.3
E07000226,2018-09-01,1.5
E07000226,2018-10-01,1.6
E07000226,2018-11-01,1.7
E07000226,2018-12-01,1.7
E07000226,2019-01-01,1.8
E07000226,2019-02-01,2.0
E07000226,2019-03-01,2.0
E07000226,2019-04-01,2.0
E07000226,2019-05-01,2.0
E07000226,2019-06-01,2.0
E07000226,2019-07-01,2.1
E07000226,2019-08-01,2.2
E07000226,2019-09-01,2.2
E07000226,2019-10-01,2.3
E07000226,2019-11-01,2.4
E07000226,2019-12-01,2.4
E07000226,2020-01-01,2.4
E07000226,2020-02-01,2.5
E07000226,2020-03-01,2.6
E07000226,2020-04-01,4.5
E07000226,2020-05-01,6.7
E07000226,2020-06-01,6.5
E07000226,2020-07-01,6.6
E07000226,2020-08-01,6.9
E07000226,2020-09-01,7.2
E07000226,2020-10-01,7.2
E07000226,2020-11-01,7.7
E07000226,2020-12-01,7.7
E07000226,2021-01-01,7.7
E07000226,2021-02-01,8.2
E07000226,2021-03-01,8.2
E07000226,2021-04-01,7.9
E07000226,2021-05-01,7.2
E07000226,2021-06-01,6.4
E07000226,2021-07-01,6.2
E07000226,2021-08-01,5.8
E07000226,2021-09-01,5.4
E07000226,2021-10-01,5.1
E07000226,2021-11-01,4.9
E07000226,2021-12-01,4.6
E07000226,2022-01-01,4.5
E07000226,2022-02-01,4.6
E07000226,2022-03-01,4.4
E07000226,2022-04-01,4.2
E07000226,2022-05-01,4.0
E07000226,2022-06-01,3.8
E07000226,2022-07-01,3.7
E07000226,2022-08-01,3.8
E07000226,2022-09-01,3.8
E07000226,2022-10-01,3.7
E07000226,2022-11-01,3.8
E07000226,2022-12-01,3.7
E07000226,2023-01-01,3.5
E07000226,2023-02-01,3.6
E07000226,2023-03-01,3.7
E07000226,2023-04-01,3.8
E07000226,2023-05-01,3.7
E07000226,2023-06-01,3.8
E07000226,2023-07-01,3.8
E07000226,2023-08-01,3.7
E07000226,2023-09-01,3.7
E07000226,2023-10-01,3.7
E07000226,2023-11-01,3.7
E07000226,2023-12-01,3.8
E07000226,2024-01-01,3.7
E07000226,2024-02-01,3.8
E07000226,2024-03-01,3.9
E07000226,2024-04-01,3.8
E07000226,2024-05-01,4.0
E07000226,2024-06-01,4.2
E07000226,2024-07-01,4.4
E07000226,2024-08-01,4.3
E07000226,2024-09-01,4.4
E07000226,2024-10-01,4.2
E07000226,2024-11-01,4.1
E07000226,2024-12-01,4.0
E07000226,2025-01-01,4.0
E07000226,2025-02-01,4.2
E07000226,2025-03-01,4.5
E07000226,2025-04-01,4.5
E07000226,2025-05-01,4.6
E07000226,2025-06-01,4.6
E07000226,2025-07-01,4.4
E07000226,2025-08-01,4.4
E07000226,2025-09-01,4.4
E07000226,2025-10-01,4.4
E07000226,2025-11-01,4.4
E07000226,2025-12-01,4.4
E07000226,2026-01-01,4.5
E07000226,2026-02-01,4.7
E07000227,2018-01-01,0.7
E07000227,2018-02-01,0.8
E07000227,2018-03-01,0.8
E07000227,2018-04-01,0.7
E07000227,2018-05-01,0.7
E07000227,2018-06-01,0.7
E07000227,2018-07-01,0.7
E07000227,2018-08-01,0.7
E07000227,2018-09-01,0.8
E07000227,2018-10-01,0.9
E07000227,2018-11-01,0.9
E07000227,2018-12-01,1.0
E07000227,2019-01-01,1.0
E07000227,2019-02-01,1.1
E07000227,2019-03-01,1.1
E07000227,2019-04-01,1.1
E07000227,2019-05-01,1.1
E07000227,2019-06-01,1.1
E07000227,2019-07-01,1.1
E07000227,2019-08-01,1.1
E07000227,2019-09-01,1.2
E07000227,2019-10-01,1.3
E07000227,2019-11-01,1.3
E07000227,2019-12-01,1.3
E07000227,2020-01-01,1.3
E07000227,2020-02-01,1.3
E07000227,2020-03-01,1.3
E07000227,2020-04-01,2.7
E07000227,2020-05-01,4.0
E07000227,2020-06-01,3.7
E07000227,2020-07-01,4.0
E07000227,2020-08-01,4.1
E07000227,2020-09-01,4.2
E07000227,2020-10-01,4.0
E07000227,2020-11-01,3.9
E07000227,2020-12-01,3.9
E07000227,2021-01-01,3.8
E07000227,2021-02-01,4.0
E07000227,2021-03-01,3.9
E07000227,2021-04-01,3.8
E07000227,2021-05-01,3.4
E07000227,2021-06-01,3.0
E07000227,2021-07-01,3.0
E07000227,2021-08-01,2.8
E07000227,2021-09-01,2.6
E07000227,2021-10-01,2.5
E07000227,2021-11-01,2.4
E07000227,2021-12-01,2.3
E07000227,2022-01-01,2.2
E07000227,2022-02-01,2.2
E07000227,2022-03-01,2.1
E07000227,2022-04-01,2.0
E07000227,2022-05-01,1.9
E07000227,2022-06-01,1.8
E07000227,2022-07-01,1.9
E07000227,2022-08-01,2.0
E07000227,2022-09-01,2.0
E07000227,2022-10-01,1.9
E07000227,2022-11-01,1.9
E07000227,2022-12-01,1.8
E07000227,2023-01-01,1.8
E07000227,2023-02-01,1.9
E07000227,2023-03-01,1.8
E07000227,2023-04-01,1.9
E07000227,2023-05-01,1.8
E07000227,2023-06-01,1.8
E07000227,2023-07-01,1.8
E07000227,2023-08-01,1.8
E07000227,2023-09-01,1.8
E07000227,2023-10-01,1.9
E07000227,2023-11-01,1.9
E07000227,2023-12-01,1.9
E07000227,2024-01-01,1.9
E07000227,2024-02-01,1.9
E07000227,2024-03-01,1.8
E07000227,2024-04-01,1.8
E07000227,2024-05-01,1.8
E07000227,2024-06-01,1.9
E07000227,2024-07-01,2.0
E07000227,2024-08-01,2.0
E07000227,2024-09-01,2.0
E07000227,2024-10-01,2.0
E07000227,2024-11-01,2.0
E07000227,2024-12-01,1.9
E07000227,2025-01-01,1.9
E07000227,2025-02-01,2.0
E07000227,2025-03-01,2.0
E07000227,2025-04-01,2.0
E07000227,2025-05-01,1.9
E07000227,2025-06-01,1.9
E07000227,2025-07-01,1.9
E07000227,2025-08-01,1.9
E07000227,2025-09-01,2.0
E07000227,2025-10-01,1.9
E07000227,2025-11-01,1.9
E07000227,2025-12-01,1.9
E07000227,2026-01-01,2.0
E07000227,2026-02-01,2.1
E07000228,2018-01-01,0.5
E07000228,2018-02-01,0.5
E07000228,2018-03-01,0.5
E07000228,2018-04-01,0.5
E07000228,2018-05-01,0.4
E07000228,2018-06-01,0.4
E07000228,2018-07-01,0.4
E07000228,2018-08-01,0.5
E07000228,2018-09-01,0.6
E07000228,2018-10-01,0.7
E07000228,2018-11-01,0.7
E07000228,2018-12-01,0.7
E07000228,2019-01-01,0.8
E07000228,2019-02-01,0.9
E07000228,2019-03-01,0.9
E07000228,2019-04-01,0.9
E07000228,2019-05-01,0.9
E07000228,2019-06-01,0.9
E07000228,2019-07-01,0.9
E07000228,2019-08-01,0.9
E07000228,2019-09-01,0.9
E07000228,2019-10-01,1.0
E07000228,2019-11-01,1.0
E07000228,2019-12-01,1.0
E07000228,2020-01-01,1.0
E07000228,2020-02-01,1.1
E07000228,2020-03-01,1.1
E07000228,2020-04-01,2.5
E07000228,2020-05-01,3.8
E07000228,2020-06-01,3.5
E07000228,2020-07-01,3.5
E07000228,2020-08-01,3.7
E07000228,2020-09-01,3.7
E07000228,2020-10-01,3.5
E07000228,2020-11-01,3.5
E07000228,2020-12-01,3.5
E07000228,2021-01-01,3.4
E07000228,2021-02-01,3.6
E07000228,2021-03-01,3.6
E07000228,2021-04-01,3.4
E07000228,2021-05-01,3.1
E07000228,2021-06-01,2.7
E07000228,2021-07-01,2.6
E07000228,2021-08-01,2.4
E07000228,2021-09-01,2.2
E07000228,2021-10-01,2.2
E07000228,2021-11-01,2.0
E07000228,2021-12-01,2.0
E07000228,2022-01-01,1.9
E07000228,2022-02-01,1.9
E07000228,2022-03-01,1.8
E07000228,2022-04-01,1.7
E07000228,2022-05-01,1.7
E07000228,2022-06-01,1.6
E07000228,2022-07-01,1.6
E07000228,2022-08-01,1.6
E07000228,2022-09-01,1.6
E07000228,2022-10-01,1.6
E07000228,2022-11-01,1.5
E07000228,2022-12-01,1.6
E07000228,2023-01-01,1.5
E07000228,2023-02-01,1.6
E07000228,2023-03-01,1.6
E07000228,2023-04-01,1.6
E07000228,2023-05-01,1.6
E07000228,2023-06-01,1.7
E07000228,2023-07-01,1.7
E07000228,2023-08-01,1.7
E07000228,2023-09-01,1.7
E07000228,2023-10-01,1.7
E07000228,2023-11-01,1.7
E07000228,2023-12-01,1.7
E07000228,2024-01-01,1.8
E07000228,2024-02-01,1.8
E07000228,2024-03-01,1.8
E07000228,2024-04-01,1.8
E07000228,2024-05-01,1.7
E07000228,2024-06-01,1.8
E07000228,2024-07-01,1.9
E07000228,2024-08-01,2.0
E07000228,2024-09-01,2.0
E07000228,2024-10-01,1.9
E07000228,2024-11-01,1.9
E07000228,2024-12-01,1.8
E07000228,2025-01-01,1.8
E07000228,2025-02-01,1.9
E07000228,2025-03-01,1.9
E07000228,2025-04-01,1.8
E07000228,2025-05-01,1.8
E07000228,2025-06-01,1.8
E07000228,2025-07-01,1.9
E07000228,2025-08-01,1.9
E07000228,2025-09-01,1.9
E07000228,2025-10-01,2.0
E07000228,2025-11-01,1.9
E07000228,2025-12-01,1.9
E07000228,2026-01-01,2.0
E07000228,2026-02-01,2.1
E07000229,2018-01-01,1.4
E07000229,2018-02-01,1.4
E07000229,2018-03-01,1.5
E07000229,2018-04-01,1.4
E07000229,2018-05-01,1.3
E07000229,2018-06-01,1.3
E07000229,2018-07-01,1.3
E07000229,2018-08-01,1.3
E07000229,2018-09-01,1.3
E07000229,2018-10-01,1.5
E07000229,2018-11-01,1.6
E07000229,2018-12-01,1.7
E07000229,2019-01-01,1.8
E07000229,2019-02-01,2.0
E07000229,2019-03-01,2.0
E07000229,2019-04-01,2.0
E07000229,2019-05-01,2.1
E07000229,2019-06-01,2.1
E07000229,2019-07-01,2.1
E07000229,2019-08-01,2.2
E07000229,2019-09-01,2.2
E07000229,2019-10-01,2.3
E07000229,2019-11-01,2.3
E07000229,2019-12-01,2.3
E07000229,2020-01-01,2.4
E07000229,2020-02-01,2.5
E07000229,2020-03-01,2.5
E07000229,2020-04-01,4.4
E07000229,2020-05-01,6.0
E07000229,2020-06-01,5.6
E07000229,2020-07-01,5.7
E07000229,2020-08-01,5.9
E07000229,2020-09-01,5.9
E07000229,2020-10-01,5.4
E07000229,2020-11-01,5.5
E07000229,2020-12-01,5.6
E07000229,2021-01-01,5.6
E07000229,2021-02-01,5.9
E07000229,2021-03-01,5.9
E07000229,2021-04-01,5.7
E07000229,2021-05-01,5.3
E07000229,2021-06-01,4.9
E07000229,2021-07-01,4.8
E07000229,2021-08-01,4.6
E07000229,2021-09-01,4.3
E07000229,2021-10-01,4.1
E07000229,2021-11-01,4.0
E07000229,2021-12-01,3.8
E07000229,2022-01-01,3.7
E07000229,2022-02-01,3.8
E07000229,2022-03-01,3.4
E07000229,2022-04-01,3.2
E07000229,2022-05-01,3.1
E07000229,2022-06-01,3.0
E07000229,2022-07-01,3.0
E07000229,2022-08-01,3.0
E07000229,2022-09-01,2.9
E07000229,2022-10-01,2.9
E07000229,2022-11-01,3.0
E07000229,2022-12-01,2.9
E07000229,2023-01-01,2.9
E07000229,2023-02-01,2.9
E07000229,2023-03-01,2.9
E07000229,2023-04-01,2.8
E07000229,2023-05-01,2.8
E07000229,2023-06-01,2.7
E07000229,2023-07-01,2.7
E07000229,2023-08-01,2.6
E07000229,2023-09-01,2.7
E07000229,2023-10-01,2.6
E07000229,2023-11-01,2.7
E07000229,2023-12-01,2.7
E07000229,2024-01-01,2.7
E07000229,2024-02-01,2.7
E07000229,2024-03-01,2.7
E07000229,2024-04-01,2.6
E07000229,2024-05-01,2.6
E07000229,2024-06-01,2.8
E07000229,2024-07-01,2.9
E07000229,2024-08-01,3.0
E07000229,2024-09-01,3.0
E07000229,2024-10-01,3.0
E07000229,2024-11-01,2.9
E07000229,2024-12-01,3.0
E07000229,2025-01-01,3.0
E07000229,2025-02-01,3.1
E07000229,2025-03-01,3.0
E07000229,2025-04-01,3.0
E07000229,2025-05-01,3.0
E07000229,2025-06-01,3.1
E07000229,2025-07-01,3.0
E07000229,2025-08-01,3.1
E07000229,2025-09-01,3.1
E07000229,2025-10-01,3.1
E07000229,2025-11-01,3.1
E07000229,2025-12-01,3.1
E07000229,2026-01-01,3.2
E07000229,2026-02-01,3.3
E07000234,2018-01-01,1.2
E07000234,2018-02-01,1.3
E07000234,2018-03-01,1.3
E07000234,2018-04-01,1.3
E07000234,2018-05-01,1.3
E07000234,2018-06-01,1.3
E07000234,2018-07-01,1.3
E07000234,2018-08-01,1.4
E07000234,2018-09-01,1.3
E07000234,2018-10-01,1.4
E07000234,2018-11-01,1.4
E07000234,2018-12-01,1.5
E07000234,2019-01-01,1.6
E07000234,2019-02-01,1.7
E07000234,2019-03-01,1.7
E07000234,2019-04-01,1.8
E07000234,2019-05-01,1.7
E07000234,2019-06-01,1.8
E07000234,2019-07-01,1.8
E07000234,2019-08-01,1.9
E07000234,2019-09-01,1.9
E07000234,2019-10-01,1.9
E07000234,2019-11-01,2.0
E07000234,2019-12-01,1.9
E07000234,2020-01-01,1.9
E07000234,2020-02-01,2.0
E07000234,2020-03-01,2.0
E07000234,2020-04-01,4.0
E07000234,2020-05-01,4.7
E07000234,2020-06-01,4.4
E07000234,2020-07-01,4.6
E07000234,2020-08-01,4.7
E07000234,2020-09-01,4.6
E07000234,2020-10-01,4.5
E07000234,2020-11-01,4.6
E07000234,2020-12-01,4.6
E07000234,2021-01-01,4.5
E07000234,2021-02-01,4.7
E07000234,2021-03-01,4.5
E07000234,2021-04-01,4.4
E07000234,2021-05-01,4.0
E07000234,2021-06-01,3.7
E07000234,2021-07-01,3.7
E07000234,2021-08-01,3.6
E07000234,2021-09-01,3.5
E07000234,2021-10-01,3.3
E07000234,2021-11-01,3.2
E07000234,2021-12-01,3.1
E07000234,2022-01-01,3.0
E07000234,2022-02-01,3.1
E07000234,2022-03-01,3.0
E07000234,2022-04-01,2.8
E07000234,2022-05-01,2.6
E07000234,2022-06-01,2.6
E07000234,2022-07-01,2.7
E07000234,2022-08-01,2.7
E07000234,2022-09-01,2.5
E07000234,2022-10-01,2.5
E07000234,2022-11-01,2.6
E07000234,2022-12-01,2.6
E07000234,2023-01-01,2.5
E07000234,2023-02-01,2.5
E07000234,2023-03-01,2.5
E07000234,2023-04-01,2.6
E07000234,2023-05-01,2.4
E07000234,2023-06-01,2.5
E07000234,2023-07-01,2.5
E07000234,2023-08-01,2.4
E07000234,2023-09-01,2.4
E07000234,2023-10-01,2.3
E07000234,2023-11-01,2.4
E07000234,2023-12-01,2.4
E07000234,2024-01-01,2.4
E07000234,2024-02-01,2.4
E07000234,2024-03-01,2.4
E07000234,2024-04-01,2.3
E07000234,2024-05-01,2.4
E07000234,2024-06-01,2.5
E07000234,2024-07-01,2.7
E07000234,2024-08-01,2.7
E07000234,2024-09-01,2.7
E07000234,2024-10-01,2.6
E07000234,2024-11-01,2.7
E07000234,2024-12-01,2.6
E07000234,2025-01-01,2.6
E07000234,2025-02-01,2.6
E07000234,2025-03-01,2.6
E07000234,2025-04-01,2.6
E07000234,2025-05-01,2.5
E07000234,2025-06-01,2.5
E07000234,2025-07-01,2.5
E07000234,2025-08-01,2.5
E07000234,2025-09-01,2.5
E07000234,2025-10-01,2.6
E07000234,2025-11-01,2.6
E07000234,2025-12-01,2.5
E07000234,2026-01-01,2.6
E07000234,2026-02-01,2.7
E07000235,2018-01-01,1.2
E07000235,2018-02-01,1.2
E07000235,2018-03-01,1.2
E07000235,2018-04-01,1.3
E07000235,2018-05-01,1.2
E07000235,2018-06-01,1.1
E07000235,2018-07-01,1.1
E07000235,2018-08-01,1.1
E07000235,2018-09-01,1.1
E07000235,2018-10-01,1.1
E07000235,2018-11-01,1.1
E07000235,2018-12-01,1.3
E07000235,2019-01-01,1.3
E07000235,2019-02-01,1.4
E07000235,2019-03-01,1.6
E07000235,2019-04-01,1.7
E07000235,2019-05-01,1.7
E07000235,2019-06-01,1.7
E07000235,2019-07-01,1.7
E07000235,2019-08-01,1.8
E07000235,2019-09-01,1.8
E07000235,2019-10-01,1.9
E07000235,2019-11-01,1.9
E07000235,2019-12-01,1.9
E07000235,2020-01-01,1.9
E07000235,2020-02-01,2.0
E07000235,2020-03-01,2.1
E07000235,2020-04-01,4.0
E07000235,2020-05-01,4.9
E07000235,2020-06-01,4.8
E07000235,2020-07-01,4.9
E07000235,2020-08-01,5.1
E07000235,2020-09-01,4.9
E07000235,2020-10-01,4.6
E07000235,2020-11-01,4.6
E07000235,2020-12-01,4.7
E07000235,2021-01-01,4.4
E07000235,2021-02-01,4.6
E07000235,2021-03-01,4.6
E07000235,2021-04-01,4.4
E07000235,2021-05-01,4.2
E07000235,2021-06-01,3.7
E07000235,2021-07-01,3.6
E07000235,2021-08-01,3.5
E07000235,2021-09-01,3.4
E07000235,2021-10-01,3.2
E07000235,2021-11-01,3.2
E07000235,2021-12-01,3.1
E07000235,2022-01-01,2.9
E07000235,2022-02-01,3.0
E07000235,2022-03-01,2.8
E07000235,2022-04-01,2.7
E07000235,2022-05-01,2.6
E07000235,2022-06-01,2.6
E07000235,2022-07-01,2.6
E07000235,2022-08-01,2.6
E07000235,2022-09-01,2.5
E07000235,2022-10-01,2.5
E07000235,2022-11-01,2.6
E07000235,2022-12-01,2.5
E07000235,2023-01-01,2.4
E07000235,2023-02-01,2.6
E07000235,2023-03-01,2.6
E07000235,2023-04-01,2.6
E07000235,2023-05-01,2.5
E07000235,2023-06-01,2.6
E07000235,2023-07-01,2.5
E07000235,2023-08-01,2.5
E07000235,2023-09-01,2.4
E07000235,2023-10-01,2.4
E07000235,2023-11-01,2.5
E07000235,2023-12-01,2.3
E07000235,2024-01-01,2.3
E07000235,2024-02-01,2.4
E07000235,2024-03-01,2.3
E07000235,2024-04-01,2.4
E07000235,2024-05-01,2.3
E07000235,2024-06-01,2.5
E07000235,2024-07-01,2.7
E07000235,2024-08-01,2.7
E07000235,2024-09-01,2.6
E07000235,2024-10-01,2.6
E07000235,2024-11-01,2.5
E07000235,2024-12-01,2.4
E07000235,2025-01-01,2.5
E07000235,2025-02-01,2.5
E07000235,2025-03-01,2.4
E07000235,2025-04-01,2.3
E07000235,2025-05-01,2.3
E07000235,2025-06-01,2.3
E07000235,2025-07-01,2.2
E07000235,2025-08-01,2.3
E07000235,2025-09-01,2.2
E07000235,2025-10-01,2.2
E07000235,2025-11-01,2.2
E07000235,2025-12-01,2.2
E07000235,2026-01-01,2.3
E07000235,2026-02-01,2.4
E07000236,2018-01-01,1.8
E07000236,2018-02-01,2.0
E07000236,2018-03-01,2.2
E07000236,2018-04-01,2.3
E07000236,2018-05-01,2.2
E07000236,2018-06-01,2.2
E07000236,2018-07-01,2.4
E07000236,2018-08-01,2.5
E07000236,2018-09-01,2.6
E07000236,2018-10-01,2.6
E07000236,2018-11-01,2.5
E07000236,2018-12-01,2.6
E07000236,2019-01-01,2.7
E07000236,2019-02-01,2.8
E07000236,2019-03-01,2.8
E07000236,2019-04-01,2.9
E07000236,2019-05-01,2.9
E07000236,2019-06-01,2.8
E07000236,2019-07-01,2.8
E07000236,2019-08-01,2.8
E07000236,2019-09-01,2.8
E07000236,2019-10-01,2.8
E07000236,2019-11-01,2.7
E07000236,2019-12-01,2.7
E07000236,2020-01-01,2.8
E07000236,2020-02-01,2.9
E07000236,2020-03-01,2.9
E07000236,2020-04-01,4.8
E07000236,2020-05-01,6.4
E07000236,2020-06-01,6.0
E07000236,2020-07-01,6.0
E07000236,2020-08-01,6.1
E07000236,2020-09-01,6.1
E07000236,2020-10-01,5.9
E07000236,2020-11-01,6.1
E07000236,2020-12-01,5.8
E07000236,2021-01-01,5.7
E07000236,2021-02-01,6.1
E07000236,2021-03-01,6.0
E07000236,2021-04-01,5.8
E07000236,2021-05-01,5.4
E07000236,2021-06-01,5.0
E07000236,2021-07-01,5.0
E07000236,2021-08-01,4.7
E07000236,2021-09-01,4.5
E07000236,2021-10-01,4.3
E07000236,2021-11-01,4.2
E07000236,2021-12-01,4.1
E07000236,2022-01-01,4.1
E07000236,2022-02-01,4.1
E07000236,2022-03-01,4.0
E07000236,2022-04-01,3.8
E07000236,2022-05-01,3.8
E07000236,2022-06-01,3.7
E07000236,2022-07-01,3.7
E07000236,2022-08-01,3.7
E07000236,2022-09-01,3.7
E07000236,2022-10-01,3.6
E07000236,2022-11-01,3.7
E07000236,2022-12-01,3.7
E07000236,2023-01-01,3.7
E07000236,2023-02-01,3.7
E07000236,2023-03-01,3.8
E07000236,2023-04-01,3.8
E07000236,2023-05-01,3.7
E07000236,2023-06-01,3.6
E07000236,2023-07-01,3.7
E07000236,2023-08-01,3.6
E07000236,2023-09-01,3.5
E07000236,2023-10-01,3.6
E07000236,2023-11-01,3.6
E07000236,2023-12-01,3.7
E07000236,2024-01-01,3.7
E07000236,2024-02-01,3.8
E07000236,2024-03-01,3.8
E07000236,2024-04-01,3.7
E07000236,2024-05-01,3.8
E07000236,2024-06-01,3.9
E07000236,2024-07-01,4.1
E07000236,2024-08-01,4.0
E07000236,2024-09-01,3.9
E07000236,2024-10-01,3.9
E07000236,2024-11-01,4.0
E07000236,2024-12-01,3.9
E07000236,2025-01-01,3.9
E07000236,2025-02-01,4.1
E07000236,2025-03-01,4.0
E07000236,2025-04-01,3.9
E07000236,2025-05-01,3.8
E07000236,2025-06-01,3.9
E07000236,2025-07-01,3.9
E07000236,2025-08-01,3.7
E07000236,2025-09-01,3.7
E07000236,2025-10-01,3.8
E07000236,2025-11-01,3.7
E07000236,2025-12-01,3.6
E07000236,2026-01-01,3.7
E07000236,2026-02-01,3.9
E07000237,2018-01-01,1.5
E07000237,2018-02-01,1.6
E07000237,2018-03-01,1.6
E07000237,2018-04-01,1.7
E07000237,2018-05-01,1.7
E07000237,2018-06-01,1.6
E07000237,2018-07-01,1.6
E07000237,2018-08-01,1.6
E07000237,2018-09-01,1.7
E07000237,2018-10-01,1.6
E07000237,2018-11-01,1.5
E07000237,2018-12-01,1.6
E07000237,2019-01-01,1.8
E07000237,2019-02-01,1.9
E07000237,2019-03-01,2.1
E07000237,2019-04-01,2.2
E07000237,2019-05-01,2.3
E07000237,2019-06-01,2.4
E07000237,2019-07-01,2.4
E07000237,2019-08-01,2.4
E07000237,2019-09-01,2.4
E07000237,2019-10-01,2.5
E07000237,2019-11-01,2.5
E07000237,2019-12-01,2.4
E07000237,2020-01-01,2.5
E07000237,2020-02-01,2.6
E07000237,2020-03-01,2.6
E07000237,2020-04-01,4.6
E07000237,2020-05-01,5.7
E07000237,2020-06-01,5.5
E07000237,2020-07-01,5.6
E07000237,2020-08-01,5.7
E07000237,2020-09-01,5.6
E07000237,2020-10-01,5.4
E07000237,2020-11-01,5.4
E07000237,2020-12-01,5.3
E07000237,2021-01-01,5.2
E07000237,2021-02-01,5.6
E07000237,2021-03-01,5.6
E07000237,2021-04-01,5.5
E07000237,2021-05-01,5.1
E07000237,2021-06-01,4.8
E07000237,2021-07-01,4.6
E07000237,2021-08-01,4.4
E07000237,2021-09-01,4.1
E07000237,2021-10-01,4.1
E07000237,2021-11-01,3.9
E07000237,2021-12-01,3.8
E07000237,2022-01-01,3.7
E07000237,2022-02-01,3.9
E07000237,2022-03-01,3.9
E07000237,2022-04-01,3.7
E07000237,2022-05-01,3.6
E07000237,2022-06-01,3.5
E07000237,2022-07-01,3.4
E07000237,2022-08-01,3.4
E07000237,2022-09-01,3.4
E07000237,2022-10-01,3.4
E07000237,2022-11-01,3.5
E07000237,2022-12-01,3.5
E07000237,2023-01-01,3.4
E07000237,2023-02-01,3.5
E07000237,2023-03-01,3.6
E07000237,2023-04-01,3.6
E07000237,2023-05-01,3.4
E07000237,2023-06-01,3.5
E07000237,2023-07-01,3.5
E07000237,2023-08-01,3.4
E07000237,2023-09-01,3.4
E07000237,2023-10-01,3.3
E07000237,2023-11-01,3.4
E07000237,2023-12-01,3.3
E07000237,2024-01-01,3.3
E07000237,2024-02-01,3.4
E07000237,2024-03-01,3.5
E07000237,2024-04-01,3.5
E07000237,2024-05-01,3.6
E07000237,2024-06-01,3.7
E07000237,2024-07-01,4.0
E07000237,2024-08-01,4.0
E07000237,2024-09-01,4.0
E07000237,2024-10-01,4.0
E07000237,2024-11-01,3.8
E07000237,2024-12-01,3.6
E07000237,2025-01-01,3.6
E07000237,2025-02-01,3.6
E07000237,2025-03-01,3.6
E07000237,2025-04-01,3.6
E07000237,2025-05-01,3.5
E07000237,2025-06-01,3.4
E07000237,2025-07-01,3.4
E07000237,2025-08-01,3.4
E07000237,2025-09-01,3.4
E07000237,2025-10-01,3.4
E07000237,2025-11-01,3.3
E07000237,2025-12-01,3.2
E07000237,2026-01-01,3.3
E07000237,2026-02-01,3.5
E07000238,2018-01-01,1.0
E07000238,2018-02-01,1.0
E07000238,2018-03-01,1.0
E07000238,2018-04-01,1.1
E07000238,2018-05-01,1.1
E07000238,2018-06-01,1.1
E07000238,2018-07-01,1.0
E07000238,2018-08-01,1.0
E07000238,2018-09-01,1.0
E07000238,2018-10-01,1.1
E07000238,2018-11-01,1.0
E07000238,2018-12-01,1.0
E07000238,2019-01-01,1.1
E07000238,2019-02-01,1.2
E07000238,2019-03-01,1.3
E07000238,2019-04-01,1.4
E07000238,2019-05-01,1.4
E07000238,2019-06-01,1.5
E07000238,2019-07-01,1.5
E07000238,2019-08-01,1.5
E07000238,2019-09-01,1.5
E07000238,2019-10-01,1.6
E07000238,2019-11-01,1.6
E07000238,2019-12-01,1.6
E07000238,2020-01-01,1.7
E07000238,2020-02-01,1.7
E07000238,2020-03-01,1.7
E07000238,2020-04-01,3.9
E07000238,2020-05-01,4.8
E07000238,2020-06-01,4.4
E07000238,2020-07-01,4.6
E07000238,2020-08-01,4.6
E07000238,2020-09-01,4.6
E07000238,2020-10-01,4.3
E07000238,2020-11-01,4.4
E07000238,2020-12-01,4.3
E07000238,2021-01-01,4.1
E07000238,2021-02-01,4.3
E07000238,2021-03-01,4.3
E07000238,2021-04-01,4.1
E07000238,2021-05-01,3.8
E07000238,2021-06-01,3.5
E07000238,2021-07-01,3.5
E07000238,2021-08-01,3.3
E07000238,2021-09-01,3.2
E07000238,2021-10-01,3.1
E07000238,2021-11-01,3.0
E07000238,2021-12-01,2.9
E07000238,2022-01-01,2.9
E07000238,2022-02-01,3.0
E07000238,2022-03-01,2.9
E07000238,2022-04-01,2.7
E07000238,2022-05-01,2.6
E07000238,2022-06-01,2.7
E07000238,2022-07-01,2.6
E07000238,2022-08-01,2.6
E07000238,2022-09-01,2.6
E07000238,2022-10-01,2.6
E07000238,2022-11-01,2.7
E07000238,2022-12-01,2.8
E07000238,2023-01-01,2.6
E07000238,2023-02-01,2.6
E07000238,2023-03-01,2.6
E07000238,2023-04-01,2.6
E07000238,2023-05-01,2.5
E07000238,2023-06-01,2.6
E07000238,2023-07-01,2.6
E07000238,2023-08-01,2.5
E07000238,2023-09-01,2.4
E07000238,2023-10-01,2.5
E07000238,2023-11-01,2.6
E07000238,2023-12-01,2.7
E07000238,2024-01-01,2.7
E07000238,2024-02-01,2.7
E07000238,2024-03-01,2.7
E07000238,2024-04-01,2.6
E07000238,2024-05-01,2.7
E07000238,2024-06-01,2.8
E07000238,2024-07-01,2.9
E07000238,2024-08-01,2.9
E07000238,2024-09-01,2.9
E07000238,2024-10-01,2.9
E07000238,2024-11-01,2.8
E07000238,2024-12-01,2.7
E07000238,2025-01-01,2.7
E07000238,2025-02-01,2.8
E07000238,2025-03-01,2.7
E07000238,2025-04-01,2.7
E07000238,2025-05-01,2.6
E07000238,2025-06-01,2.6
E07000238,2025-07-01,2.6
E07000238,2025-08-01,2.5
E07000238,2025-09-01,2.5
E07000238,2025-10-01,2.5
E07000238,2025-11-01,2.5
E07000238,2025-12-01,2.5
E07000238,2026-01-01,2.6
E07000238,2026-02-01,2.7
E07000239,2018-01-01,1.5
E07000239,2018-02-01,1.6
E07000239,2018-03-01,1.6
E07000239,2018-04-01,1.7
E07000239,2018-05-01,1.7
E07000239,2018-06-01,1.6
E07000239,2018-07-01,1.7
E07000239,2018-08-01,1.6
E07000239,2018-09-01,1.5
E07000239,2018-10-01,1.6
E07000239,2018-11-01,1.5
E07000239,2018-12-01,1.6
E07000239,2019-01-01,1.7
E07000239,2019-02-01,1.9
E07000239,2019-03-01,2.0
E07000239,2019-04-01,2.1
E07000239,2019-05-01,2.2
E07000239,2019-06-01,2.3
E07000239,2019-07-01,2.5
E07000239,2019-08-01,2.5
E07000239,2019-09-01,2.5
E07000239,2019-10-01,2.6
E07000239,2019-11-01,2.6
E07000239,2019-12-01,2.6
E07000239,2020-01-01,2.6
E07000239,2020-02-01,2.7
E07000239,2020-03-01,2.7
E07000239,2020-04-01,5.1
E07000239,2020-05-01,6.3
E07000239,2020-06-01,6.0
E07000239,2020-07-01,6.1
E07000239,2020-08-01,6.2
E07000239,2020-09-01,6.2
E07000239,2020-10-01,5.8
E07000239,2020-11-01,6.0
E07000239,2020-12-01,5.9
E07000239,2021-01-01,5.8
E07000239,2021-02-01,6.0
E07000239,2021-03-01,5.9
E07000239,2021-04-01,5.6
E07000239,2021-05-01,5.2
E07000239,2021-06-01,4.8
E07000239,2021-07-01,4.7
E07000239,2021-08-01,4.5
E07000239,2021-09-01,4.3
E07000239,2021-10-01,4.1
E07000239,2021-11-01,3.9
E07000239,2021-12-01,3.7
E07000239,2022-01-01,3.7
E07000239,2022-02-01,3.8
E07000239,2022-03-01,3.7
E07000239,2022-04-01,3.4
E07000239,2022-05-01,3.2
E07000239,2022-06-01,3.2
E07000239,2022-07-01,3.2
E07000239,2022-08-01,3.2
E07000239,2022-09-01,3.2
E07000239,2022-10-01,3.2
E07000239,2022-11-01,3.2
E07000239,2022-12-01,3.2
E07000239,2023-01-01,3.2
E07000239,2023-02-01,3.2
E07000239,2023-03-01,3.2
E07000239,2023-04-01,3.2
E07000239,2023-05-01,3.0
E07000239,2023-06-01,3.0
E07000239,2023-07-01,3.0
E07000239,2023-08-01,3.0
E07000239,2023-09-01,3.0
E07000239,2023-10-01,2.9
E07000239,2023-11-01,3.0
E07000239,2023-12-01,3.0
E07000239,2024-01-01,3.0
E07000239,2024-02-01,3.1
E07000239,2024-03-01,3.1
E07000239,2024-04-01,3.0
E07000239,2024-05-01,3.0
E07000239,2024-06-01,3.1
E07000239,2024-07-01,3.3
E07000239,2024-08-01,3.4
E07000239,2024-09-01,3.4
E07000239,2024-10-01,3.4
E07000239,2024-11-01,3.2
E07000239,2024-12-01,3.2
E07000239,2025-01-01,3.2
E07000239,2025-02-01,3.4
E07000239,2025-03-01,3.3
E07000239,2025-04-01,3.2
E07000239,2025-05-01,3.1
E07000239,2025-06-01,3.0
E07000239,2025-07-01,3.1
E07000239,2025-08-01,3.1
E07000239,2025-09-01,3.2
E07000239,2025-10-01,3.0
E07000239,2025-11-01,3.1
E07000239,2025-12-01,3.0
E07000239,2026-01-01,3.1
E07000239,2026-02-01,3.2
E07000240,2018-01-01,0.9
E07000240,2018-02-01,1.0
E07000240,2018-03-01,1.1
E07000240,2018-04-01,1.2
E07000240,2018-05-01,1.2
E07000240,2018-06-01,1.2
E07000240,2018-07-01,1.2
E07000240,2018-08-01,1.3
E07000240,2018-09-01,1.3
E07000240,2018-10-01,1.4
E07000240,2018-11-01,1.3
E07000240,2018-12-01,1.2
E07000240,2019-01-01,1.3
E07000240,2019-02-01,1.4
E07000240,2019-03-01,1.3
E07000240,2019-04-01,1.3
E07000240,2019-05-01,1.4
E07000240,2019-06-01,1.4
E07000240,2019-07-01,1.4
E07000240,2019-08-01,1.5
E07000240,2019-09-01,1.5
E07000240,2019-10-01,1.5
E07000240,2019-11-01,1.5
E07000240,2019-12-01,1.5
E07000240,2020-01-01,1.5
E07000240,2020-02-01,1.6
E07000240,2020-03-01,1.6
E07000240,2020-04-01,2.7
E07000240,2020-05-01,4.1
E07000240,2020-06-01,4.0
E07000240,2020-07-01,4.0
E07000240,2020-08-01,4.1
E07000240,2020-09-01,4.1
E07000240,2020-10-01,3.9
E07000240,2020-11-01,3.9
E07000240,2020-12-01,3.8
E07000240,2021-01-01,3.7
E07000240,2021-02-01,3.9
E07000240,2021-03-01,3.8
E07000240,2021-04-01,3.8
E07000240,2021-05-01,3.5
E07000240,2021-06-01,3.2
E07000240,2021-07-01,3.1
E07000240,2021-08-01,3.0
E07000240,2021-09-01,2.9
E07000240,2021-10-01,2.8
E07000240,2021-11-01,2.6
E07000240,2021-12-01,2.5
E07000240,2022-01-01,2.4
E07000240,2022-02-01,2.3
E07000240,2022-03-01,2.2
E07000240,2022-04-01,2.1
E07000240,2022-05-01,2.1
E07000240,2022-06-01,2.0
E07000240,2022-07-01,2.0
E07000240,2022-08-01,2.0
E07000240,2022-09-01,2.0
E07000240,2022-10-01,2.0
E07000240,2022-11-01,2.1
E07000240,2022-12-01,2.1
E07000240,2023-01-01,1.9
E07000240,2023-02-01,2.0
E07000240,2023-03-01,2.0
E07000240,2023-04-01,2.0
E07000240,2023-05-01,1.9
E07000240,2023-06-01,1.9
E07000240,2023-07-01,2.0
E07000240,2023-08-01,2.0
E07000240,2023-09-01,2.1
E07000240,2023-10-01,2.1
E07000240,2023-11-01,2.1
E07000240,2023-12-01,2.1
E07000240,2024-01-01,2.0
E07000240,2024-02-01,2.1
E07000240,2024-03-01,2.1
E07000240,2024-04-01,2.1
E07000240,2024-05-01,2.1
E07000240,2024-06-01,2.3
E07000240,2024-07-01,2.5
E07000240,2024-08-01,2.6
E07000240,2024-09-01,2.6
E07000240,2024-10-01,2.6
E07000240,2024-11-01,2.4
E07000240,2024-12-01,2.4
E07000240,2025-01-01,2.3
E07000240,2025-02-01,2.4
E07000240,2025-03-01,2.4
E07000240,2025-04-01,2.4
E07000240,2025-05-01,2.4
E07000240,2025-06-01,2.3
E07000240,2025-07-01,2.3
E07000240,2025-08-01,2.3
E07000240,2025-09-01,2.3
E07000240,2025-10-01,2.4
E07000240,2025-11-01,2.3
E07000240,2025-12-01,2.3
E07000240,2026-01-01,2.3
E07000240,2026-02-01,2.4
E07000241,2018-01-01,1.2
E07000241,2018-02-01,1.3
E07000241,2018-03-01,1.4
E07000241,2018-04-01,1.6
E07000241,2018-05-01,1.5
E07000241,2018-06-01,1.5
E07000241,2018-07-01,1.6
E07000241,2018-08-01,1.6
E07000241,2018-09-01,1.7
E07000241,2018-10-01,1.7
E07000241,2018-11-01,1.7
E07000241,2018-12-01,1.7
E07000241,2019-01-01,1.7
E07000241,2019-02-01,1.8
E07000241,2019-03-01,1.8
E07000241,2019-04-01,1.8
E07000241,2019-05-01,1.8
E07000241,2019-06-01,1.8
E07000241,2019-07-01,1.8
E07000241,2019-08-01,1.9
E07000241,2019-09-01,1.8
E07000241,2019-10-01,1.9
E07000241,2019-11-01,1.9
E07000241,2019-12-01,2.0
E07000241,2020-01-01,1.9
E07000241,2020-02-01,2.0
E07000241,2020-03-01,2.0
E07000241,2020-04-01,3.5
E07000241,2020-05-01,4.7
E07000241,2020-06-01,4.5
E07000241,2020-07-01,4.6
E07000241,2020-08-01,4.7
E07000241,2020-09-01,4.8
E07000241,2020-10-01,4.6
E07000241,2020-11-01,4.8
E07000241,2020-12-01,4.6
E07000241,2021-01-01,4.6
E07000241,2021-02-01,4.9
E07000241,2021-03-01,4.8
E07000241,2021-04-01,4.9
E07000241,2021-05-01,4.6
E07000241,2021-06-01,4.2
E07000241,2021-07-01,4.1
E07000241,2021-08-01,3.9
E07000241,2021-09-01,3.7
E07000241,2021-10-01,3.6
E07000241,2021-11-01,3.4
E07000241,2021-12-01,3.3
E07000241,2022-01-01,3.2
E07000241,2022-02-01,3.0
E07000241,2022-03-01,2.9
E07000241,2022-04-01,2.6
E07000241,2022-05-01,2.5
E07000241,2022-06-01,2.5
E07000241,2022-07-01,2.3
E07000241,2022-08-01,2.4
E07000241,2022-09-01,2.3
E07000241,2022-10-01,2.3
E07000241,2022-11-01,2.4
E07000241,2022-12-01,2.4
E07000241,2023-01-01,2.4
E07000241,2023-02-01,2.5
E07000241,2023-03-01,2.4
E07000241,2023-04-01,2.4
E07000241,2023-05-01,2.4
E07000241,2023-06-01,2.4
E07000241,2023-07-01,2.4
E07000241,2023-08-01,2.4
E07000241,2023-09-01,2.4
E07000241,2023-10-01,2.4
E07000241,2023-11-01,2.5
E07000241,2023-12-01,2.5
E07000241,2024-01-01,2.5
E07000241,2024-02-01,2.6
E07000241,2024-03-01,2.6
E07000241,2024-04-01,2.6
E07000241,2024-05-01,2.6
E07000241,2024-06-01,2.7
E07000241,2024-07-01,3.0
E07000241,2024-08-01,3.0
E07000241,2024-09-01,3.0
E07000241,2024-10-01,3.0
E07000241,2024-11-01,3.0
E07000241,2024-12-01,3.0
E07000241,2025-01-01,3.0
E07000241,2025-02-01,3.1
E07000241,2025-03-01,3.0
E07000241,2025-04-01,3.0
E07000241,2025-05-01,3.0
E07000241,2025-06-01,3.1
E07000241,2025-07-01,3.0
E07000241,2025-08-01,3.0
E07000241,2025-09-01,3.0
E07000241,2025-10-01,3.0
E07000241,2025-11-01,2.9
E07000241,2025-12-01,2.9
E07000241,2026-01-01,2.9
E07000241,2026-02-01,3.0
E07000242,2018-01-01,0.7
E07000242,2018-02-01,0.7
E07000242,2018-03-01,0.7
E07000242,2018-04-01,0.7
E07000242,2018-05-01,0.7
E07000242,2018-06-01,0.6
E07000242,2018-07-01,0.6
E07000242,2018-08-01,0.6
E07000242,2018-09-01,0.6
E07000242,2018-10-01,0.6
E07000242,2018-11-01,0.6
E07000242,2018-12-01,0.7
E07000242,2019-01-01,0.8
E07000242,2019-02-01,0.9
E07000242,2019-03-01,1.0
E07000242,2019-04-01,1.0
E07000242,2019-05-01,1.0
E07000242,2019-06-01,1.1
E07000242,2019-07-01,1.1
E07000242,2019-08-01,1.1
E07000242,2019-09-01,1.1
E07000242,2019-10-01,1.2
E07000242,2019-11-01,1.2
E07000242,2019-12-01,1.2
E07000242,2020-01-01,1.2
E07000242,2020-02-01,1.2
E07000242,2020-03-01,1.2
E07000242,2020-04-01,2.7
E07000242,2020-05-01,4.3
E07000242,2020-06-01,3.9
E07000242,2020-07-01,4.0
E07000242,2020-08-01,4.2
E07000242,2020-09-01,4.1
E07000242,2020-10-01,3.8
E07000242,2020-11-01,4.0
E07000242,2020-12-01,4.0
E07000242,2021-01-01,3.9
E07000242,2021-02-01,4.1
E07000242,2021-03-01,4.0
E07000242,2021-04-01,4.0
E07000242,2021-05-01,3.6
E07000242,2021-06-01,3.3
E07000242,2021-07-01,3.2
E07000242,2021-08-01,2.9
E07000242,2021-09-01,2.7
E07000242,2021-10-01,2.6
E07000242,2021-11-01,2.5
E07000242,2021-12-01,2.3
E07000242,2022-01-01,2.2
E07000242,2022-02-01,2.2
E07000242,2022-03-01,2.1
E07000242,2022-04-01,2.0
E07000242,2022-05-01,1.9
E07000242,2022-06-01,1.8
E07000242,2022-07-01,1.8
E07000242,2022-08-01,1.8
E07000242,2022-09-01,1.8
E07000242,2022-10-01,1.8
E07000242,2022-11-01,1.8
E07000242,2022-12-01,1.8
E07000242,2023-01-01,1.7
E07000242,2023-02-01,1.8
E07000242,2023-03-01,1.8
E07000242,2023-04-01,1.8
E07000242,2023-05-01,1.7
E07000242,2023-06-01,1.8
E07000242,2023-07-01,1.8
E07000242,2023-08-01,1.7
E07000242,2023-09-01,1.8
E07000242,2023-10-01,1.9
E07000242,2023-11-01,1.9
E07000242,2023-12-01,1.9
E07000242,2024-01-01,1.9
E07000242,2024-02-01,2.0
E07000242,2024-03-01,1.9
E07000242,2024-04-01,1.9
E07000242,2024-05-01,1.9
E07000242,2024-06-01,1.9
E07000242,2024-07-01,2.1
E07000242,2024-08-01,2.0
E07000242,2024-09-01,2.0
E07000242,2024-10-01,1.9
E07000242,2024-11-01,1.9
E07000242,2024-12-01,1.8
E07000242,2025-01-01,1.8
E07000242,2025-02-01,1.9
E07000242,2025-03-01,1.9
E07000242,2025-04-01,1.9
E07000242,2025-05-01,1.9
E07000242,2025-06-01,1.9
E07000242,2025-07-01,1.8
E07000242,2025-08-01,1.9
E07000242,2025-09-01,2.0
E07000242,2025-10-01,1.9
E07000242,2025-11-01,1.8
E07000242,2025-12-01,1.8
E07000242,2026-01-01,1.9
E07000242,2026-02-01,2.0
E07000243,2018-01-01,1.6
E07000243,2018-02-01,1.6
E07000243,2018-03-01,1.6
E07000243,2018-04-01,1.5
E07000243,2018-05-01,1.6
E07000243,2018-06-01,1.5
E07000243,2018-07-01,1.5
E07000243,2018-08-01,1.5
E07000243,2018-09-01,1.5
E07000243,2018-10-01,1.4
E07000243,2018-11-01,1.4
E07000243,2018-12-01,1.5
E07000243,2019-01-01,1.7
E07000243,2019-02-01,1.9
E07000243,2019-03-01,1.9
E07000243,2019-04-01,2.0
E07000243,2019-05-01,2.1
E07000243,2019-06-01,2.2
E07000243,2019-07-01,2.3
E07000243,2019-08-01,2.2
E07000243,2019-09-01,2.2
E07000243,2019-10-01,2.3
E07000243,2019-11-01,2.2
E07000243,2019-12-01,2.3
E07000243,2020-01-01,2.4
E07000243,2020-02-01,2.5
E07000243,2020-03-01,2.5
E07000243,2020-04-01,4.5
E07000243,2020-05-01,6.2
E07000243,2020-06-01,5.7
E07000243,2020-07-01,5.8
E07000243,2020-08-01,5.9
E07000243,2020-09-01,5.9
E07000243,2020-10-01,5.6
E07000243,2020-11-01,5.6
E07000243,2020-12-01,5.5
E07000243,2021-01-01,5.5
E07000243,2021-02-01,6.0
E07000243,2021-03-01,6.0
E07000243,2021-04-01,5.9
E07000243,2021-05-01,5.6
E07000243,2021-06-01,5.2
E07000243,2021-07-01,5.2
E07000243,2021-08-01,5.0
E07000243,2021-09-01,4.7
E07000243,2021-10-01,4.5
E07000243,2021-11-01,4.2
E07000243,2021-12-01,4.1
E07000243,2022-01-01,3.9
E07000243,2022-02-01,3.8
E07000243,2022-03-01,3.6
E07000243,2022-04-01,3.3
E07000243,2022-05-01,3.1
E07000243,2022-06-01,3.0
E07000243,2022-07-01,2.9
E07000243,2022-08-01,2.8
E07000243,2022-09-01,2.8
E07000243,2022-10-01,2.8
E07000243,2022-11-01,2.9
E07000243,2022-12-01,3.0
E07000243,2023-01-01,3.0
E07000243,2023-02-01,3.0
E07000243,2023-03-01,3.0
E07000243,2023-04-01,3.1
E07000243,2023-05-01,3.0
E07000243,2023-06-01,3.1
E07000243,2023-07-01,3.1
E07000243,2023-08-01,3.0
E07000243,2023-09-01,2.9
E07000243,2023-10-01,3.0
E07000243,2023-11-01,3.0
E07000243,2023-12-01,3.0
E07000243,2024-01-01,3.0
E07000243,2024-02-01,3.1
E07000243,2024-03-01,3.1
E07000243,2024-04-01,3.2
E07000243,2024-05-01,3.1
E07000243,2024-06-01,3.3
E07000243,2024-07-01,3.5
E07000243,2024-08-01,3.5
E07000243,2024-09-01,3.5
E07000243,2024-10-01,3.5
E07000243,2024-11-01,3.5
E07000243,2024-12-01,3.4
E07000243,2025-01-01,3.5
E07000243,2025-02-01,3.6
E07000243,2025-03-01,3.6
E07000243,2025-04-01,3.5
E07000243,2025-05-01,3.5
E07000243,2025-06-01,3.5
E07000243,2025-07-01,3.5
E07000243,2025-08-01,3.4
E07000243,2025-09-01,3.4
E07000243,2025-10-01,3.4
E07000243,2025-11-01,3.3
E07000243,2025-12-01,3.3
E07000243,2026-01-01,3.3
E07000243,2026-02-01,3.5
E07000244,2018-01-01,2.1
E07000244,2018-02-01,2.2
E07000244,2018-03-01,2.2
E07000244,2018-04-01,2.3
E07000244,2018-05-01,2.2
E07000244,2018-06-01,2.1
E07000244,2018-07-01,2.1
E07000244,2018-08-01,2.1
E07000244,2018-09-01,2.1
E07000244,2018-10-01,2.2
E07000244,2018-11-01,2.2
E07000244,2018-12-01,2.2
E07000244,2019-01-01,2.3
E07000244,2019-02-01,2.5
E07000244,2019-03-01,2.4
E07000244,2019-04-01,2.4
E07000244,2019-05-01,2.4
E07000244,2019-06-01,2.4
E07000244,2019-07-01,2.4
E07000244,2019-08-01,2.4
E07000244,2019-09-01,2.4
E07000244,2019-10-01,2.5
E07000244,2019-11-01,2.6
E07000244,2019-12-01,2.6
E07000244,2020-01-01,2.7
E07000244,2020-02-01,2.8
E07000244,2020-03-01,2.7
E07000244,2020-04-01,4.6
E07000244,2020-05-01,5.3
E07000244,2020-06-01,5.0
E07000244,2020-07-01,5.1
E07000244,2020-08-01,5.2
E07000244,2020-09-01,5.1
E07000244,2020-10-01,4.9
E07000244,2020-11-01,5.1
E07000244,2020-12-01,5.0
E07000244,2021-01-01,5.0
E07000244,2021-02-01,5.2
E07000244,2021-03-01,5.2
E07000244,2021-04-01,5.1
E07000244,2021-05-01,4.7
E07000244,2021-06-01,4.3
E07000244,2021-07-01,4.1
E07000244,2021-08-01,3.9
E07000244,2021-09-01,3.7
E07000244,2021-10-01,3.6
E07000244,2021-11-01,3.5
E07000244,2021-12-01,3.4
E07000244,2022-01-01,3.4
E07000244,2022-02-01,3.4
E07000244,2022-03-01,3.3
E07000244,2022-04-01,3.1
E07000244,2022-05-01,2.9
E07000244,2022-06-01,2.8
E07000244,2022-07-01,2.7
E07000244,2022-08-01,2.6
E07000244,2022-09-01,2.6
E07000244,2022-10-01,2.6
E07000244,2022-11-01,2.7
E07000244,2022-12-01,2.7
E07000244,2023-01-01,2.6
E07000244,2023-02-01,2.7
E07000244,2023-03-01,2.7
E07000244,2023-04-01,2.7
E07000244,2023-05-01,2.6
E07000244,2023-06-01,2.5
E07000244,2023-07-01,2.5
E07000244,2023-08-01,2.5
E07000244,2023-09-01,2.5
E07000244,2023-10-01,2.5
E07000244,2023-11-01,2.6
E07000244,2023-12-01,2.6
E07000244,2024-01-01,2.6
E07000244,2024-02-01,2.8
E07000244,2024-03-01,2.7
E07000244,2024-04-01,2.6
E07000244,2024-05-01,2.6
E07000244,2024-06-01,2.6
E07000244,2024-07-01,2.8
E07000244,2024-08-01,2.7
E07000244,2024-09-01,2.7
E07000244,2024-10-01,2.7
E07000244,2024-11-01,2.7
E07000244,2024-12-01,2.8
E07000244,2025-01-01,2.8
E07000244,2025-02-01,2.9
E07000244,2025-03-01,2.8
E07000244,2025-04-01,2.8
E07000244,2025-05-01,2.7
E07000244,2025-06-01,2.7
E07000244,2025-07-01,2.7
E07000244,2025-08-01,2.7
E07000244,2025-09-01,2.7
E07000244,2025-10-01,2.7
E07000244,2025-11-01,2.8
E07000244,2025-12-01,2.8
E07000244,2026-01-01,2.9
E07000244,2026-02-01,3.0
E07000245,2018-01-01,1.1
E07000245,2018-02-01,1.2
E07000245,2018-03-01,1.3
E07000245,2018-04-01,1.4
E07000245,2018-05-01,1.4
E07000245,2018-06-01,1.3
E07000245,2018-07-01,1.3
E07000245,2018-08-01,1.3
E07000245,2018-09-01,1.3
E07000245,2018-10-01,1.3
E07000245,2018-11-01,1.3
E07000245,2018-12-01,1.4
E07000245,2019-01-01,1.4
E07000245,2019-02-01,1.5
E07000245,2019-03-01,1.6
E07000245,2019-04-01,1.6
E07000245,2019-05-01,1.6
E07000245,2019-06-01,1.7
E07000245,2019-07-01,1.7
E07000245,2019-08-01,1.7
E07000245,2019-09-01,1.7
E07000245,2019-10-01,1.7
E07000245,2019-11-01,1.7
E07000245,2019-12-01,1.8
E07000245,2020-01-01,1.8
E07000245,2020-02-01,1.9
E07000245,2020-03-01,1.9
E07000245,2020-04-01,3.5
E07000245,2020-05-01,4.3
E07000245,2020-06-01,4.1
E07000245,2020-07-01,4.1
E07000245,2020-08-01,4.3
E07000245,2020-09-01,4.3
E07000245,2020-10-01,4.1
E07000245,2020-11-01,4.1
E07000245,2020-12-01,4.1
E07000245,2021-01-01,3.9
E07000245,2021-02-01,4.2
E07000245,2021-03-01,4.1
E07000245,2021-04-01,4.0
E07000245,2021-05-01,3.8
E07000245,2021-06-01,3.5
E07000245,2021-07-01,3.3
E07000245,2021-08-01,3.2
E07000245,2021-09-01,3.0
E07000245,2021-10-01,2.8
E07000245,2021-11-01,2.6
E07000245,2021-12-01,2.5
E07000245,2022-01-01,2.4
E07000245,2022-02-01,2.5
E07000245,2022-03-01,2.4
E07000245,2022-04-01,2.3
E07000245,2022-05-01,2.2
E07000245,2022-06-01,2.2
E07000245,2022-07-01,2.2
E07000245,2022-08-01,2.1
E07000245,2022-09-01,2.1
E07000245,2022-10-01,2.1
E07000245,2022-11-01,2.0
E07000245,2022-12-01,2.1
E07000245,2023-01-01,2.0
E07000245,2023-02-01,2.1
E07000245,2023-03-01,2.1
E07000245,2023-04-01,2.1
E07000245,2023-05-01,2.1
E07000245,2023-06-01,2.2
E07000245,2023-07-01,2.1
E07000245,2023-08-01,2.1
E07000245,2023-09-01,2.1
E07000245,2023-10-01,2.1
E07000245,2023-11-01,2.1
E07000245,2023-12-01,2.2
E07000245,2024-01-01,2.2
E07000245,2024-02-01,2.3
E07000245,2024-03-01,2.3
E07000245,2024-04-01,2.3
E07000245,2024-05-01,2.2
E07000245,2024-06-01,2.2
E07000245,2024-07-01,2.5
E07000245,2024-08-01,2.5
E07000245,2024-09-01,2.4
E07000245,2024-10-01,2.4
E07000245,2024-11-01,2.4
E07000245,2024-12-01,2.3
E07000245,2025-01-01,2.4
E07000245,2025-02-01,2.4
E07000245,2025-03-01,2.4
E07000245,2025-04-01,2.4
E07000245,2025-05-01,2.3
E07000245,2025-06-01,2.4
E07000245,2025-07-01,2.3
E07000245,2025-08-01,2.4
E07000245,2025-09-01,2.4
E07000245,2025-10-01,2.4
E07000245,2025-11-01,2.4
E07000245,2025-12-01,2.4
E07000245,2026-01-01,2.5
E07000245,2026-02-01,2.6
E08000001,2018-01-01,3.1
E08000001,2018-02-01,3.2
E08000001,2018-03-01,3.3
E08000001,2018-04-01,3.4
E08000001,2018-05-01,3.4
E08000001,2018-06-01,3.3
E08000001,2018-07-01,3.2
E08000001,2018-08-01,3.2
E08000001,2018-09-01,3.1
E08000001,2018-10-01,3.0
E08000001,2018-11-01,2.9
E08000001,2018-12-01,3.0
E08000001,2019-01-01,3.1
E08000001,2019-02-01,3.5
E08000001,2019-03-01,3.7
E08000001,2019-04-01,3.8
E08000001,2019-05-01,3.9
E08000001,2019-06-01,4.0
E08000001,2019-07-01,4.1
E08000001,2019-08-01,4.2
E08000001,2019-09-01,4.2
E08000001,2019-10-01,4.3
E08000001,2019-11-01,4.3
E08000001,2019-12-01,4.3
E08000001,2020-01-01,4.4
E08000001,2020-02-01,4.6
E08000001,2020-03-01,4.7
E08000001,2020-04-01,7.1
E08000001,2020-05-01,8.3
E08000001,2020-06-01,8.1
E08000001,2020-07-01,8.2
E08000001,2020-08-01,8.4
E08000001,2020-09-01,8.3
E08000001,2020-10-01,8.2
E08000001,2020-11-01,8.3
E08000001,2020-12-01,8.2
E08000001,2021-01-01,8.0
E08000001,2021-02-01,8.3
E08000001,2021-03-01,8.3
E08000001,2021-04-01,8.2
E08000001,2021-05-01,7.8
E08000001,2021-06-01,7.5
E08000001,2021-07-01,7.3
E08000001,2021-08-01,7.1
E08000001,2021-09-01,6.8
E08000001,2021-10-01,6.6
E08000001,2021-11-01,6.3
E08000001,2021-12-01,6.1
E08000001,2022-01-01,5.9
E08000001,2022-02-01,5.9
E08000001,2022-03-01,5.8
E08000001,2022-04-01,5.7
E08000001,2022-05-01,5.6
E08000001,2022-06-01,5.5
E08000001,2022-07-01,5.5
E08000001,2022-08-01,5.4
E08000001,2022-09-01,5.4
E08000001,2022-10-01,5.3
E08000001,2022-11-01,5.4
E08000001,2022-12-01,5.4
E08000001,2023-01-01,5.2
E08000001,2023-02-01,5.3
E08000001,2023-03-01,5.4
E08000001,2023-04-01,5.5
E08000001,2023-05-01,5.4
E08000001,2023-06-01,5.4
E08000001,2023-07-01,5.4
E08000001,2023-08-01,5.2
E08000001,2023-09-01,5.1
E08000001,2023-10-01,5.1
E08000001,2023-11-01,5.1
E08000001,2023-12-01,5.2
E08000001,2024-01-01,5.2
E08000001,2024-02-01,5.4
E08000001,2024-03-01,5.6
E08000001,2024-04-01,5.6
E08000001,2024-05-01,5.7
E08000001,2024-06-01,5.8
E08000001,2024-07-01,6.2
E08000001,2024-08-01,6.1
E08000001,2024-09-01,6.0
E08000001,2024-10-01,6.0
E08000001,2024-11-01,5.8
E08000001,2024-12-01,5.7
E08000001,2025-01-01,5.6
E08000001,2025-02-01,5.7
E08000001,2025-03-01,5.6
E08000001,2025-04-01,5.5
E08000001,2025-05-01,5.4
E08000001,2025-06-01,5.4
E08000001,2025-07-01,5.3
E08000001,2025-08-01,5.2
E08000001,2025-09-01,5.2
E08000001,2025-10-01,5.1
E08000001,2025-11-01,5.1
E08000001,2025-12-01,5.0
E08000001,2026-01-01,5.0
E08000001,2026-02-01,5.3
E08000002,2018-01-01,2.4
E08000002,2018-02-01,2.5
E08000002,2018-03-01,2.5
E08000002,2018-04-01,2.5
E08000002,2018-05-01,2.5
E08000002,2018-06-01,2.4
E08000002,2018-07-01,2.4
E08000002,2018-08-01,2.3
E08000002,2018-09-01,2.4
E08000002,2018-10-01,2.5
E08000002,2018-11-01,2.6
E08000002,2018-12-01,2.7
E08000002,2019-01-01,2.9
E08000002,2019-02-01,3.1
E08000002,2019-03-01,3.1
E08000002,2019-04-01,3.1
E08000002,2019-05-01,3.2
E08000002,2019-06-01,3.2
E08000002,2019-07-01,3.3
E08000002,2019-08-01,3.3
E08000002,2019-09-01,3.4
E08000002,2019-10-01,3.4
E08000002,2019-11-01,3.4
E08000002,2019-12-01,3.4
E08000002,2020-01-01,3.4
E08000002,2020-02-01,3.6
E08000002,2020-03-01,3.6
E08000002,2020-04-01,6.2
E08000002,2020-05-01,7.1
E08000002,2020-06-01,6.9
E08000002,2020-07-01,6.9
E08000002,2020-08-01,7.0
E08000002,2020-09-01,7.0
E08000002,2020-10-01,6.7
E08000002,2020-11-01,6.9
E08000002,2020-12-01,6.7
E08000002,2021-01-01,6.7
E08000002,2021-02-01,6.9
E08000002,2021-03-01,6.9
E08000002,2021-04-01,6.7
E08000002,2021-05-01,6.4
E08000002,2021-06-01,6.0
E08000002,2021-07-01,5.9
E08000002,2021-08-01,5.7
E08000002,2021-09-01,5.4
E08000002,2021-10-01,5.2
E08000002,2021-11-01,5.0
E08000002,2021-12-01,4.9
E08000002,2022-01-01,4.7
E08000002,2022-02-01,4.7
E08000002,2022-03-01,4.6
E08000002,2022-04-01,4.5
E08000002,2022-05-01,4.4
E08000002,2022-06-01,4.3
E08000002,2022-07-01,4.3
E08000002,2022-08-01,4.2
E08000002,2022-09-01,4.2
E08000002,2022-10-01,4.2
E08000002,2022-11-01,4.2
E08000002,2022-12-01,4.2
E08000002,2023-01-01,4.2
E08000002,2023-02-01,4.2
E08000002,2023-03-01,4.3
E08000002,2023-04-01,4.4
E08000002,2023-05-01,4.2
E08000002,2023-06-01,4.2
E08000002,2023-07-01,4.2
E08000002,2023-08-01,4.1
E08000002,2023-09-01,4.0
E08000002,2023-10-01,4.0
E08000002,2023-11-01,4.0
E08000002,2023-12-01,4.1
E08000002,2024-01-01,4.1
E08000002,2024-02-01,4.1
E08000002,2024-03-01,4.3
E08000002,2024-04-01,4.3
E08000002,2024-05-01,4.4
E08000002,2024-06-01,4.5
E08000002,2024-07-01,4.8
E08000002,2024-08-01,4.8
E08000002,2024-09-01,4.8
E08000002,2024-10-01,4.7
E08000002,2024-11-01,4.5
E08000002,2024-12-01,4.5
E08000002,2025-01-01,4.5
E08000002,2025-02-01,4.4
E08000002,2025-03-01,4.4
E08000002,2025-04-01,4.3
E08000002,2025-05-01,4.3
E08000002,2025-06-01,4.3
E08000002,2025-07-01,4.2
E08000002,2025-08-01,4.2
E08000002,2025-09-01,4.2
E08000002,2025-10-01,4.1
E08000002,2025-11-01,4.1
E08000002,2025-12-01,4.0
E08000002,2026-01-01,4.1
E08000002,2026-02-01,4.4
E08000003,2018-01-01,2.6
E08000003,2018-02-01,2.8
E08000003,2018-03-01,3.0
E08000003,2018-04-01,3.1
E08000003,2018-05-01,3.2
E08000003,2018-06-01,3.2
E08000003,2018-07-01,3.3
E08000003,2018-08-01,3.3
E08000003,2018-09-01,3.4
E08000003,2018-10-01,3.5
E08000003,2018-11-01,3.6
E08000003,2018-12-01,3.7
E08000003,2019-01-01,3.7
E08000003,2019-02-01,4.0
E08000003,2019-03-01,4.1
E08000003,2019-04-01,4.1
E08000003,2019-05-01,4.2
E08000003,2019-06-01,4.2
E08000003,2019-07-01,4.3
E08000003,2019-08-01,4.4
E08000003,2019-09-01,4.3
E08000003,2019-10-01,4.4
E08000003,2019-11-01,4.3
E08000003,2019-12-01,4.3
E08000003,2020-01-01,4.3
E08000003,2020-02-01,4.6
E08000003,2020-03-01,4.7
E08000003,2020-04-01,7.5
E08000003,2020-05-01,8.9
E08000003,2020-06-01,8.9
E08000003,2020-07-01,9.0
E08000003,2020-08-01,9.1
E08000003,2020-09-01,9.1
E08000003,2020-10-01,8.9
E08000003,2020-11-01,9.1
E08000003,2020-12-01,9.0
E08000003,2021-01-01,8.9
E08000003,2021-02-01,9.3
E08000003,2021-03-01,9.3
E08000003,2021-04-01,9.3
E08000003,2021-05-01,8.8
E08000003,2021-06-01,8.2
E08000003,2021-07-01,8.0
E08000003,2021-08-01,7.8
E08000003,2021-09-01,7.4
E08000003,2021-10-01,7.2
E08000003,2021-11-01,7.0
E08000003,2021-12-01,6.8
E08000003,2022-01-01,6.4
E08000003,2022-02-01,6.4
E08000003,2022-03-01,6.4
E08000003,2022-04-01,6.1
E08000003,2022-05-01,5.9
E08000003,2022-06-01,5.8
E08000003,2022-07-01,5.7
E08000003,2022-08-01,5.7
E08000003,2022-09-01,5.7
E08000003,2022-10-01,5.5
E08000003,2022-11-01,5.5
E08000003,2022-12-01,5.6
E08000003,2023-01-01,5.4
E08000003,2023-02-01,5.5
E08000003,2023-03-01,5.7
E08000003,2023-04-01,5.9
E08000003,2023-05-01,5.8
E08000003,2023-06-01,5.8
E08000003,2023-07-01,5.8
E08000003,2023-08-01,5.7
E08000003,2023-09-01,5.7
E08000003,2023-10-01,5.7
E08000003,2023-11-01,5.7
E08000003,2023-12-01,5.7
E08000003,2024-01-01,5.6
E08000003,2024-02-01,5.8
E08000003,2024-03-01,5.9
E08000003,2024-04-01,5.9
E08000003,2024-05-01,6.0
E08000003,2024-06-01,6.2
E08000003,2024-07-01,6.7
E08000003,2024-08-01,6.6
E08000003,2024-09-01,6.6
E08000003,2024-10-01,6.4
E08000003,2024-11-01,6.3
E08000003,2024-12-01,6.2
E08000003,2025-01-01,6.2
E08000003,2025-02-01,6.3
E08000003,2025-03-01,6.3
E08000003,2025-04-01,6.2
E08000003,2025-05-01,6.2
E08000003,2025-06-01,6.1
E08000003,2025-07-01,6.0
E08000003,2025-08-01,6.0
E08000003,2025-09-01,5.9
E08000003,2025-10-01,5.9
E08000003,2025-11-01,5.8
E08000003,2025-12-01,5.7
E08000003,2026-01-01,5.7
E08000003,2026-02-01,6.0
E08000004,2018-01-01,3.7
E08000004,2018-02-01,3.9
E08000004,2018-03-01,4.0
E08000004,2018-04-01,4.4
E08000004,2018-05-01,4.1
E08000004,2018-06-01,4.1
E08000004,2018-07-01,4.2
E08000004,2018-08-01,4.2
E08000004,2018-09-01,4.2
E08000004,2018-10-01,4.2
E08000004,2018-11-01,4.2
E08000004,2018-12-01,4.1
E08000004,2019-01-01,4.1
E08000004,2019-02-01,4.3
E08000004,2019-03-01,4.5
E08000004,2019-04-01,4.5
E08000004,2019-05-01,4.4
E08000004,2019-06-01,4.5
E08000004,2019-07-01,4.6
E08000004,2019-08-01,4.7
E08000004,2019-09-01,4.7
E08000004,2019-10-01,4.7
E08000004,2019-11-01,4.7
E08000004,2019-12-01,4.6
E08000004,2020-01-01,4.5
E08000004,2020-02-01,4.8
E08000004,2020-03-01,5.0
E08000004,2020-04-01,7.9
E08000004,2020-05-01,9.1
E08000004,2020-06-01,9.1
E08000004,2020-07-01,9.2
E08000004,2020-08-01,9.3
E08000004,2020-09-01,9.3
E08000004,2020-10-01,9.1
E08000004,2020-11-01,9.1
E08000004,2020-12-01,9.0
E08000004,2021-01-01,9.2
E08000004,2021-02-01,9.7
E08000004,2021-03-01,9.7
E08000004,2021-04-01,9.7
E08000004,2021-05-01,9.3
E08000004,2021-06-01,8.9
E08000004,2021-07-01,8.8
E08000004,2021-08-01,8.4
E08000004,2021-09-01,8.1
E08000004,2021-10-01,7.7
E08000004,2021-11-01,7.4
E08000004,2021-12-01,7.1
E08000004,2022-01-01,6.9
E08000004,2022-02-01,7.0
E08000004,2022-03-01,6.9
E08000004,2022-04-01,6.6
E08000004,2022-05-01,6.6
E08000004,2022-06-01,6.4
E08000004,2022-07-01,6.3
E08000004,2022-08-01,6.2
E08000004,2022-09-01,6.2
E08000004,2022-10-01,6.2
E08000004,2022-11-01,6.2
E08000004,2022-12-01,6.2
E08000004,2023-01-01,6.0
E08000004,2023-02-01,6.2
E08000004,2023-03-01,6.4
E08000004,2023-04-01,6.6
E08000004,2023-05-01,6.3
E08000004,2023-06-01,6.2
E08000004,2023-07-01,6.3
E08000004,2023-08-01,6.3
E08000004,2023-09-01,6.2
E08000004,2023-10-01,6.2
E08000004,2023-11-01,6.2
E08000004,2023-12-01,6.1
E08000004,2024-01-01,6.0
E08000004,2024-02-01,6.2
E08000004,2024-03-01,6.6
E08000004,2024-04-01,6.7
E08000004,2024-05-01,6.8
E08000004,2024-06-01,6.9
E08000004,2024-07-01,7.5
E08000004,2024-08-01,7.5
E08000004,2024-09-01,7.5
E08000004,2024-10-01,7.4
E08000004,2024-11-01,7.1
E08000004,2024-12-01,7.1
E08000004,2025-01-01,6.9
E08000004,2025-02-01,7.1
E08000004,2025-03-01,7.0
E08000004,2025-04-01,6.8
E08000004,2025-05-01,6.6
E08000004,2025-06-01,6.6
E08000004,2025-07-01,6.5
E08000004,2025-08-01,6.5
E08000004,2025-09-01,6.4
E08000004,2025-10-01,6.5
E08000004,2025-11-01,6.4
E08000004,2025-12-01,6.3
E08000004,2026-01-01,6.2
E08000004,2026-02-01,6.6
E08000005,2018-01-01,2.8
E08000005,2018-02-01,3.0
E08000005,2018-03-01,3.1
E08000005,2018-04-01,3.1
E08000005,2018-05-01,2.9
E08000005,2018-06-01,2.9
E08000005,2018-07-01,2.9
E08000005,2018-08-01,3.1
E08000005,2018-09-01,3.3
E08000005,2018-10-01,3.5
E08000005,2018-11-01,3.6
E08000005,2018-12-01,3.6
E08000005,2019-01-01,3.7
E08000005,2019-02-01,4.0
E08000005,2019-03-01,4.2
E08000005,2019-04-01,4.2
E08000005,2019-05-01,4.2
E08000005,2019-06-01,4.3
E08000005,2019-07-01,4.3
E08000005,2019-08-01,4.4
E08000005,2019-09-01,4.3
E08000005,2019-10-01,4.3
E08000005,2019-11-01,4.3
E08000005,2019-12-01,4.2
E08000005,2020-01-01,4.2
E08000005,2020-02-01,4.6
E08000005,2020-03-01,4.7
E08000005,2020-04-01,7.5
E08000005,2020-05-01,8.7
E08000005,2020-06-01,8.7
E08000005,2020-07-01,8.6
E08000005,2020-08-01,8.7
E08000005,2020-09-01,8.6
E08000005,2020-10-01,8.4
E08000005,2020-11-01,8.4
E08000005,2020-12-01,8.3
E08000005,2021-01-01,8.2
E08000005,2021-02-01,8.7
E08000005,2021-03-01,8.7
E08000005,2021-04-01,8.6
E08000005,2021-05-01,8.2
E08000005,2021-06-01,7.8
E08000005,2021-07-01,7.7
E08000005,2021-08-01,7.5
E08000005,2021-09-01,7.3
E08000005,2021-10-01,7.1
E08000005,2021-11-01,6.9
E08000005,2021-12-01,6.7
E08000005,2022-01-01,6.5
E08000005,2022-02-01,6.6
E08000005,2022-03-01,6.4
E08000005,2022-04-01,6.3
E08000005,2022-05-01,6.2
E08000005,2022-06-01,6.1
E08000005,2022-07-01,6.0
E08000005,2022-08-01,5.9
E08000005,2022-09-01,5.8
E08000005,2022-10-01,5.7
E08000005,2022-11-01,5.7
E08000005,2022-12-01,5.7
E08000005,2023-01-01,5.6
E08000005,2023-02-01,5.7
E08000005,2023-03-01,6.0
E08000005,2023-04-01,5.9
E08000005,2023-05-01,5.7
E08000005,2023-06-01,5.7
E08000005,2023-07-01,5.7
E08000005,2023-08-01,5.6
E08000005,2023-09-01,5.4
E08000005,2023-10-01,5.3
E08000005,2023-11-01,5.4
E08000005,2023-12-01,5.4
E08000005,2024-01-01,5.4
E08000005,2024-02-01,5.6
E08000005,2024-03-01,5.8
E08000005,2024-04-01,5.9
E08000005,2024-05-01,6.1
E08000005,2024-06-01,6.3
E08000005,2024-07-01,6.7
E08000005,2024-08-01,6.6
E08000005,2024-09-01,6.5
E08000005,2024-10-01,6.4
E08000005,2024-11-01,6.2
E08000005,2024-12-01,6.1
E08000005,2025-01-01,6.1
E08000005,2025-02-01,6.2
E08000005,2025-03-01,6.2
E08000005,2025-04-01,6.1
E08000005,2025-05-01,6.0
E08000005,2025-06-01,6.1
E08000005,2025-07-01,6.0
E08000005,2025-08-01,6.0
E08000005,2025-09-01,5.9
E08000005,2025-10-01,5.9
E08000005,2025-11-01,5.8
E08000005,2025-12-01,5.7
E08000005,2026-01-01,5.7
E08000005,2026-02-01,6.0
E08000006,2018-01-01,2.5
E08000006,2018-02-01,2.7
E08000006,2018-03-01,2.8
E08000006,2018-04-01,2.8
E08000006,2018-05-01,2.8
E08000006,2018-06-01,2.8
E08000006,2018-07-01,2.7
E08000006,2018-08-01,2.7
E08000006,2018-09-01,2.7
E08000006,2018-10-01,2.7
E08000006,2018-11-01,2.7
E08000006,2018-12-01,2.9
E08000006,2019-01-01,3.1
E08000006,2019-02-01,3.3
E08000006,2019-03-01,3.4
E08000006,2019-04-01,3.5
E08000006,2019-05-01,3.6
E08000006,2019-06-01,3.7
E08000006,2019-07-01,3.7
E08000006,2019-08-01,3.8
E08000006,2019-09-01,3.8
E08000006,2019-10-01,3.8
E08000006,2019-11-01,3.8
E08000006,2019-12-01,3.8
E08000006,2020-01-01,3.8
E08000006,2020-02-01,4.0
E08000006,2020-03-01,4.1
E08000006,2020-04-01,6.7
E08000006,2020-05-01,7.9
E08000006,2020-06-01,7.8
E08000006,2020-07-01,7.9
E08000006,2020-08-01,8.0
E08000006,2020-09-01,8.0
E08000006,2020-10-01,7.9
E08000006,2020-11-01,8.0
E08000006,2020-12-01,7.9
E08000006,2021-01-01,7.7
E08000006,2021-02-01,8.0
E08000006,2021-03-01,8.0
E08000006,2021-04-01,7.9
E08000006,2021-05-01,7.5
E08000006,2021-06-01,7.0
E08000006,2021-07-01,6.8
E08000006,2021-08-01,6.6
E08000006,2021-09-01,6.3
E08000006,2021-10-01,6.1
E08000006,2021-11-01,5.9
E08000006,2021-12-01,5.6
E08000006,2022-01-01,5.3
E08000006,2022-02-01,5.4
E08000006,2022-03-01,5.3
E08000006,2022-04-01,5.0
E08000006,2022-05-01,4.9
E08000006,2022-06-01,4.9
E08000006,2022-07-01,4.8
E08000006,2022-08-01,4.8
E08000006,2022-09-01,4.7
E08000006,2022-10-01,4.6
E08000006,2022-11-01,4.7
E08000006,2022-12-01,4.8
E08000006,2023-01-01,4.6
E08000006,2023-02-01,4.7
E08000006,2023-03-01,4.9
E08000006,2023-04-01,5.0
E08000006,2023-05-01,4.9
E08000006,2023-06-01,4.9
E08000006,2023-07-01,4.8
E08000006,2023-08-01,4.7
E08000006,2023-09-01,4.7
E08000006,2023-10-01,4.7
E08000006,2023-11-01,4.7
E08000006,2023-12-01,4.7
E08000006,2024-01-01,4.5
E08000006,2024-02-01,4.6
E08000006,2024-03-01,4.6
E08000006,2024-04-01,4.6
E08000006,2024-05-01,4.7
E08000006,2024-06-01,4.7
E08000006,2024-07-01,5.0
E08000006,2024-08-01,5.0
E08000006,2024-09-01,4.9
E08000006,2024-10-01,4.9
E08000006,2024-11-01,4.8
E08000006,2024-12-01,4.7
E08000006,2025-01-01,4.7
E08000006,2025-02-01,4.8
E08000006,2025-03-01,4.9
E08000006,2025-04-01,4.8
E08000006,2025-05-01,4.8
E08000006,2025-06-01,4.8
E08000006,2025-07-01,4.7
E08000006,2025-08-01,4.8
E08000006,2025-09-01,4.7
E08000006,2025-10-01,4.8
E08000006,2025-11-01,4.8
E08000006,2025-12-01,4.7
E08000006,2026-01-01,4.7
E08000006,2026-02-01,5.0
E08000007,2018-01-01,1.9
E08000007,2018-02-01,1.9
E08000007,2018-03-01,1.9
E08000007,2018-04-01,1.9
E08000007,2018-05-01,1.9
E08000007,2018-06-01,1.8
E08000007,2018-07-01,1.8
E08000007,2018-08-01,1.8
E08000007,2018-09-01,1.8
E08000007,2018-10-01,1.8
E08000007,2018-11-01,1.8
E08000007,2018-12-01,1.8
E08000007,2019-01-01,2.0
E08000007,2019-02-01,2.1
E08000007,2019-03-01,2.2
E08000007,2019-04-01,2.3
E08000007,2019-05-01,2.3
E08000007,2019-06-01,2.3
E08000007,2019-07-01,2.4
E08000007,2019-08-01,2.5
E08000007,2019-09-01,2.5
E08000007,2019-10-01,2.6
E08000007,2019-11-01,2.7
E08000007,2019-12-01,2.8
E08000007,2020-01-01,2.8
E08000007,2020-02-01,2.9
E08000007,2020-03-01,2.9
E08000007,2020-04-01,4.9
E08000007,2020-05-01,6.1
E08000007,2020-06-01,5.8
E08000007,2020-07-01,5.9
E08000007,2020-08-01,6.0
E08000007,2020-09-01,5.9
E08000007,2020-10-01,5.8
E08000007,2020-11-01,5.9
E08000007,2020-12-01,5.9
E08000007,2021-01-01,5.7
E08000007,2021-02-01,6.0
E08000007,2021-03-01,5.9
E08000007,2021-04-01,5.8
E08000007,2021-05-01,5.4
E08000007,2021-06-01,5.0
E08000007,2021-07-01,4.9
E08000007,2021-08-01,4.7
E08000007,2021-09-01,4.5
E08000007,2021-10-01,4.3
E08000007,2021-11-01,4.1
E08000007,2021-12-01,3.9
E08000007,2022-01-01,3.9
E08000007,2022-02-01,3.8
E08000007,2022-03-01,3.8
E08000007,2022-04-01,3.6
E08000007,2022-05-01,3.5
E08000007,2022-06-01,3.4
E08000007,2022-07-01,3.4
E08000007,2022-08-01,3.4
E08000007,2022-09-01,3.4
E08000007,2022-10-01,3.3
E08000007,2022-11-01,3.3
E08000007,2022-12-01,3.3
E08000007,2023-01-01,3.2
E08000007,2023-02-01,3.2
E08000007,2023-03-01,3.2
E08000007,2023-04-01,3.2
E08000007,2023-05-01,3.1
E08000007,2023-06-01,3.1
E08000007,2023-07-01,3.1
E08000007,2023-08-01,3.1
E08000007,2023-09-01,3.1
E08000007,2023-10-01,3.1
E08000007,2023-11-01,3.1
E08000007,2023-12-01,3.1
E08000007,2024-01-01,3.1
E08000007,2024-02-01,3.2
E08000007,2024-03-01,3.1
E08000007,2024-04-01,3.1
E08000007,2024-05-01,3.1
E08000007,2024-06-01,3.2
E08000007,2024-07-01,3.4
E08000007,2024-08-01,3.4
E08000007,2024-09-01,3.4
E08000007,2024-10-01,3.3
E08000007,2024-11-01,3.1
E08000007,2024-12-01,3.0
E08000007,2025-01-01,3.0
E08000007,2025-02-01,3.0
E08000007,2025-03-01,3.0
E08000007,2025-04-01,2.9
E08000007,2025-05-01,2.9
E08000007,2025-06-01,2.9
E08000007,2025-07-01,2.9
E08000007,2025-08-01,2.9
E08000007,2025-09-01,3.0
E08000007,2025-10-01,3.0
E08000007,2025-11-01,2.9
E08000007,2025-12-01,2.9
E08000007,2026-01-01,3.0
E08000007,2026-02-01,3.1
E08000008,2018-01-01,2.6
E08000008,2018-02-01,2.7
E08000008,2018-03-01,2.7
E08000008,2018-04-01,2.8
E08000008,2018-05-01,2.8
E08000008,2018-06-01,3.0
E08000008,2018-07-01,3.1
E08000008,2018-08-01,3.3
E08000008,2018-09-01,3.4
E08000008,2018-10-01,3.4
E08000008,2018-11-01,3.5
E08000008,2018-12-01,3.5
E08000008,2019-01-01,3.6
E08000008,2019-02-01,3.7
E08000008,2019-03-01,3.7
E08000008,2019-04-01,3.8
E08000008,2019-05-01,3.7
E08000008,2019-06-01,3.8
E08000008,2019-07-01,3.9
E08000008,2019-08-01,3.9
E08000008,2019-09-01,3.8
E08000008,2019-10-01,3.9
E08000008,2019-11-01,3.8
E08000008,2019-12-01,3.8
E08000008,2020-01-01,3.8
E08000008,2020-02-01,4.1
E08000008,2020-03-01,4.1
E08000008,2020-04-01,6.7
E08000008,2020-05-01,7.8
E08000008,2020-06-01,7.7
E08000008,2020-07-01,7.8
E08000008,2020-08-01,7.9
E08000008,2020-09-01,7.7
E08000008,2020-10-01,7.5
E08000008,2020-11-01,7.7
E08000008,2020-12-01,7.7
E08000008,2021-01-01,7.6
E08000008,2021-02-01,7.9
E08000008,2021-03-01,7.8
E08000008,2021-04-01,7.6
E08000008,2021-05-01,7.0
E08000008,2021-06-01,6.6
E08000008,2021-07-01,6.5
E08000008,2021-08-01,6.3
E08000008,2021-09-01,5.9
E08000008,2021-10-01,5.7
E08000008,2021-11-01,5.5
E08000008,2021-12-01,5.3
E08000008,2022-01-01,5.1
E08000008,2022-02-01,5.1
E08000008,2022-03-01,5.0
E08000008,2022-04-01,4.8
E08000008,2022-05-01,4.7
E08000008,2022-06-01,4.6
E08000008,2022-07-01,4.6
E08000008,2022-08-01,4.6
E08000008,2022-09-01,4.6
E08000008,2022-10-01,4.5
E08000008,2022-11-01,4.5
E08000008,2022-12-01,4.5
E08000008,2023-01-01,4.4
E08000008,2023-02-01,4.5
E08000008,2023-03-01,4.6
E08000008,2023-04-01,4.7
E08000008,2023-05-01,4.5
E08000008,2023-06-01,4.5
E08000008,2023-07-01,4.6
E08000008,2023-08-01,4.6
E08000008,2023-09-01,4.5
E08000008,2023-10-01,4.5
E08000008,2023-11-01,4.5
E08000008,2023-12-01,4.5
E08000008,2024-01-01,4.5
E08000008,2024-02-01,4.6
E08000008,2024-03-01,4.6
E08000008,2024-04-01,4.7
E08000008,2024-05-01,4.6
E08000008,2024-06-01,4.8
E08000008,2024-07-01,5.1
E08000008,2024-08-01,5.1
E08000008,2024-09-01,5.1
E08000008,2024-10-01,5.1
E08000008,2024-11-01,5.0
E08000008,2024-12-01,4.9
E08000008,2025-01-01,4.9
E08000008,2025-02-01,5.0
E08000008,2025-03-01,5.0
E08000008,2025-04-01,4.8
E08000008,2025-05-01,4.7
E08000008,2025-06-01,4.7
E08000008,2025-07-01,4.6
E08000008,2025-08-01,4.7
E08000008,2025-09-01,4.6
E08000008,2025-10-01,4.6
E08000008,2025-11-01,4.6
E08000008,2025-12-01,4.6
E08000008,2026-01-01,4.6
E08000008,2026-02-01,4.9
E08000009,2018-01-01,1.8
E08000009,2018-02-01,1.9
E08000009,2018-03-01,2.0
E08000009,2018-04-01,2.1
E08000009,2018-05-01,2.1
E08000009,2018-06-01,2.1
E08000009,2018-07-01,2.1
E08000009,2018-08-01,2.2
E08000009,2018-09-01,2.2
E08000009,2018-10-01,2.2
E08000009,2018-11-01,2.2
E08000009,2018-12-01,2.2
E08000009,2019-01-01,2.2
E08000009,2019-02-01,2.3
E08000009,2019-03-01,2.3
E08000009,2019-04-01,2.3
E08000009,2019-05-01,2.3
E08000009,2019-06-01,2.4
E08000009,2019-07-01,2.4
E08000009,2019-08-01,2.4
E08000009,2019-09-01,2.4
E08000009,2019-10-01,2.5
E08000009,2019-11-01,2.4
E08000009,2019-12-01,2.3
E08000009,2020-01-01,2.3
E08000009,2020-02-01,2.5
E08000009,2020-03-01,2.5
E08000009,2020-04-01,4.5
E08000009,2020-05-01,5.3
E08000009,2020-06-01,5.2
E08000009,2020-07-01,5.3
E08000009,2020-08-01,5.4
E08000009,2020-09-01,5.4
E08000009,2020-10-01,5.2
E08000009,2020-11-01,5.3
E08000009,2020-12-01,5.2
E08000009,2021-01-01,5.1
E08000009,2021-02-01,5.3
E08000009,2021-03-01,5.3
E08000009,2021-04-01,5.2
E08000009,2021-05-01,4.9
E08000009,2021-06-01,4.5
E08000009,2021-07-01,4.4
E08000009,2021-08-01,4.2
E08000009,2021-09-01,4.0
E08000009,2021-10-01,3.7
E08000009,2021-11-01,3.6
E08000009,2021-12-01,3.5
E08000009,2022-01-01,3.3
E08000009,2022-02-01,3.4
E08000009,2022-03-01,3.4
E08000009,2022-04-01,3.2
E08000009,2022-05-01,3.1
E08000009,2022-06-01,3.1
E08000009,2022-07-01,3.0
E08000009,2022-08-01,3.1
E08000009,2022-09-01,3.0
E08000009,2022-10-01,2.9
E08000009,2022-11-01,2.9
E08000009,2022-12-01,2.9
E08000009,2023-01-01,2.9
E08000009,2023-02-01,3.0
E08000009,2023-03-01,3.1
E08000009,2023-04-01,3.1
E08000009,2023-05-01,3.0
E08000009,2023-06-01,3.0
E08000009,2023-07-01,3.0
E08000009,2023-08-01,3.0
E08000009,2023-09-01,2.9
E08000009,2023-10-01,3.0
E08000009,2023-11-01,3.0
E08000009,2023-12-01,3.0
E08000009,2024-01-01,2.9
E08000009,2024-02-01,3.0
E08000009,2024-03-01,3.0
E08000009,2024-04-01,3.0
E08000009,2024-05-01,3.0
E08000009,2024-06-01,3.0
E08000009,2024-07-01,3.3
E08000009,2024-08-01,3.3
E08000009,2024-09-01,3.2
E08000009,2024-10-01,3.2
E08000009,2024-11-01,3.1
E08000009,2024-12-01,3.1
E08000009,2025-01-01,3.1
E08000009,2025-02-01,3.1
E08000009,2025-03-01,3.1
E08000009,2025-04-01,3.0
E08000009,2025-05-01,2.9
E08000009,2025-06-01,2.9
E08000009,2025-07-01,2.9
E08000009,2025-08-01,2.9
E08000009,2025-09-01,2.9
E08000009,2025-10-01,2.9
E08000009,2025-11-01,2.9
E08000009,2025-12-01,2.9
E08000009,2026-01-01,2.9
E08000009,2026-02-01,3.1
E08000010,2018-01-01,2.6
E08000010,2018-02-01,2.7
E08000010,2018-03-01,2.8
E08000010,2018-04-01,2.8
E08000010,2018-05-01,2.8
E08000010,2018-06-01,2.8
E08000010,2018-07-01,2.9
E08000010,2018-08-01,3.0
E08000010,2018-09-01,3.2
E08000010,2018-10-01,3.3
E08000010,2018-11-01,3.3
E08000010,2018-12-01,3.3
E08000010,2019-01-01,3.4
E08000010,2019-02-01,3.6
E08000010,2019-03-01,3.7
E08000010,2019-04-01,3.7
E08000010,2019-05-01,3.7
E08000010,2019-06-01,3.7
E08000010,2019-07-01,3.7
E08000010,2019-08-01,3.8
E08000010,2019-09-01,3.6
E08000010,2019-10-01,3.7
E08000010,2019-11-01,3.7
E08000010,2019-12-01,3.6
E08000010,2020-01-01,3.7
E08000010,2020-02-01,3.8
E08000010,2020-03-01,3.9
E08000010,2020-04-01,6.3
E08000010,2020-05-01,7.2
E08000010,2020-06-01,6.9
E08000010,2020-07-01,7.0
E08000010,2020-08-01,7.1
E08000010,2020-09-01,6.9
E08000010,2020-10-01,6.6
E08000010,2020-11-01,6.7
E08000010,2020-12-01,6.6
E08000010,2021-01-01,6.3
E08000010,2021-02-01,6.6
E08000010,2021-03-01,6.5
E08000010,2021-04-01,6.4
E08000010,2021-05-01,6.0
E08000010,2021-06-01,5.7
E08000010,2021-07-01,5.5
E08000010,2021-08-01,5.3
E08000010,2021-09-01,5.1
E08000010,2021-10-01,4.9
E08000010,2021-11-01,4.7
E08000010,2021-12-01,4.5
E08000010,2022-01-01,4.4
E08000010,2022-02-01,4.4
E08000010,2022-03-01,4.3
E08000010,2022-04-01,4.0
E08000010,2022-05-01,3.9
E08000010,2022-06-01,3.8
E08000010,2022-07-01,3.8
E08000010,2022-08-01,3.8
E08000010,2022-09-01,3.7
E08000010,2022-10-01,3.7
E08000010,2022-11-01,3.7
E08000010,2022-12-01,3.7
E08000010,2023-01-01,3.6
E08000010,2023-02-01,3.7
E08000010,2023-03-01,3.8
E08000010,2023-04-01,3.9
E08000010,2023-05-01,3.7
E08000010,2023-06-01,3.7
E08000010,2023-07-01,3.6
E08000010,2023-08-01,3.6
E08000010,2023-09-01,3.5
E08000010,2023-10-01,3.5
E08000010,2023-11-01,3.6
E08000010,2023-12-01,3.6
E08000010,2024-01-01,3.5
E08000010,2024-02-01,3.6
E08000010,2024-03-01,3.6
E08000010,2024-04-01,3.6
E08000010,2024-05-01,3.6
E08000010,2024-06-01,3.6
E08000010,2024-07-01,3.8
E08000010,2024-08-01,3.8
E08000010,2024-09-01,3.8
E08000010,2024-10-01,3.7
E08000010,2024-11-01,3.6
E08000010,2024-12-01,3.5
E08000010,2025-01-01,3.5
E08000010,2025-02-01,3.6
E08000010,2025-03-01,3.6
E08000010,2025-04-01,3.6
E08000010,2025-05-01,3.5
E08000010,2025-06-01,3.5
E08000010,2025-07-01,3.5
E08000010,2025-08-01,3.5
E08000010,2025-09-01,3.5
E08000010,2025-10-01,3.5
E08000010,2025-11-01,3.4
E08000010,2025-12-01,3.4
E08000010,2026-01-01,3.5
E08000010,2026-02-01,3.6
E08000011,2018-01-01,3.3
E08000011,2018-02-01,3.5
E08000011,2018-03-01,3.5
E08000011,2018-04-01,3.5
E08000011,2018-05-01,3.4
E08000011,2018-06-01,3.4
E08000011,2018-07-01,3.5
E08000011,2018-08-01,3.6
E08000011,2018-09-01,3.7
E08000011,2018-10-01,3.8
E08000011,2018-11-01,3.9
E08000011,2018-12-01,4.0
E08000011,2019-01-01,4.0
E08000011,2019-02-01,4.3
E08000011,2019-03-01,4.4
E08000011,2019-04-01,4.5
E08000011,2019-05-01,4.5
E08000011,2019-06-01,4.6
E08000011,2019-07-01,4.5
E08000011,2019-08-01,4.5
E08000011,2019-09-01,4.4
E08000011,2019-10-01,4.4
E08000011,2019-11-01,4.5
E08000011,2019-12-01,4.4
E08000011,2020-01-01,4.4
E08000011,2020-02-01,4.5
E08000011,2020-03-01,4.6
E08000011,2020-04-01,7.6
E08000011,2020-05-01,8.7
E08000011,2020-06-01,8.4
E08000011,2020-07-01,8.4
E08000011,2020-08-01,8.4
E08000011,2020-09-01,8.4
E08000011,2020-10-01,8.2
E08000011,2020-11-01,8.3
E08000011,2020-12-01,8.2
E08000011,2021-01-01,8.1
E08000011,2021-02-01,8.2
E08000011,2021-03-01,8.3
E08000011,2021-04-01,8.1
E08000011,2021-05-01,7.7
E08000011,2021-06-01,7.2
E08000011,2021-07-01,7.1
E08000011,2021-08-01,6.9
E08000011,2021-09-01,6.5
E08000011,2021-10-01,6.3
E08000011,2021-11-01,5.9
E08000011,2021-12-01,5.6
E08000011,2022-01-01,5.4
E08000011,2022-02-01,5.4
E08000011,2022-03-01,5.3
E08000011,2022-04-01,5.0
E08000011,2022-05-01,4.9
E08000011,2022-06-01,4.8
E08000011,2022-07-01,4.7
E08000011,2022-08-01,4.7
E08000011,2022-09-01,4.7
E08000011,2022-10-01,4.6
E08000011,2022-11-01,4.7
E08000011,2022-12-01,4.7
E08000011,2023-01-01,4.6
E08000011,2023-02-01,4.7
E08000011,2023-03-01,4.8
E08000011,2023-04-01,4.8
E08000011,2023-05-01,4.5
E08000011,2023-06-01,4.5
E08000011,2023-07-01,4.5
E08000011,2023-08-01,4.4
E08000011,2023-09-01,4.5
E08000011,2023-10-01,4.5
E08000011,2023-11-01,4.4
E08000011,2023-12-01,4.4
E08000011,2024-01-01,4.2
E08000011,2024-02-01,4.3
E08000011,2024-03-01,4.4
E08000011,2024-04-01,4.3
E08000011,2024-05-01,4.4
E08000011,2024-06-01,4.5
E08000011,2024-07-01,4.9
E08000011,2024-08-01,4.9
E08000011,2024-09-01,4.9
E08000011,2024-10-01,4.8
E08000011,2024-11-01,4.7
E08000011,2024-12-01,4.5
E08000011,2025-01-01,4.5
E08000011,2025-02-01,4.7
E08000011,2025-03-01,4.6
E08000011,2025-04-01,4.5
E08000011,2025-05-01,4.4
E08000011,2025-06-01,4.4
E08000011,2025-07-01,4.3
E08000011,2025-08-01,4.2
E08000011,2025-09-01,4.3
E08000011,2025-10-01,4.2
E08000011,2025-11-01,4.2
E08000011,2025-12-01,4.1
E08000011,2026-01-01,4.1
E08000011,2026-02-01,4.3
E08000012,2018-01-01,3.4
E08000012,2018-02-01,3.6
E08000012,2018-03-01,3.6
E08000012,2018-04-01,3.6
E08000012,2018-05-01,3.6
E08000012,2018-06-01,3.5
E08000012,2018-07-01,3.5
E08000012,2018-08-01,3.5
E08000012,2018-09-01,3.4
E08000012,2018-10-01,3.3
E08000012,2018-11-01,3.3
E08000012,2018-12-01,3.4
E08000012,2019-01-01,3.6
E08000012,2019-02-01,3.9
E08000012,2019-03-01,4.1
E08000012,2019-04-01,4.2
E08000012,2019-05-01,4.2
E08000012,2019-06-01,4.3
E08000012,2019-07-01,4.4
E08000012,2019-08-01,4.5
E08000012,2019-09-01,4.5
E08000012,2019-10-01,4.5
E08000012,2019-11-01,4.6
E08000012,2019-12-01,4.7
E08000012,2020-01-01,4.7
E08000012,2020-02-01,4.9
E08000012,2020-03-01,4.9
E08000012,2020-04-01,7.8
E08000012,2020-05-01,9.1
E08000012,2020-06-01,8.9
E08000012,2020-07-01,9.0
E08000012,2020-08-01,9.1
E08000012,2020-09-01,9.1
E08000012,2020-10-01,8.9
E08000012,2020-11-01,9.0
E08000012,2020-12-01,8.9
E08000012,2021-01-01,8.8
E08000012,2021-02-01,9.1
E08000012,2021-03-01,9.2
E08000012,2021-04-01,9.1
E08000012,2021-05-01,8.7
E08000012,2021-06-01,8.2
E08000012,2021-07-01,8.0
E08000012,2021-08-01,7.8
E08000012,2021-09-01,7.4
E08000012,2021-10-01,7.1
E08000012,2021-11-01,6.8
E08000012,2021-12-01,6.6
E08000012,2022-01-01,6.4
E08000012,2022-02-01,6.4
E08000012,2022-03-01,6.3
E08000012,2022-04-01,6.0
E08000012,2022-05-01,5.8
E08000012,2022-06-01,5.7
E08000012,2022-07-01,5.6
E08000012,2022-08-01,5.6
E08000012,2022-09-01,5.4
E08000012,2022-10-01,5.3
E08000012,2022-11-01,5.4
E08000012,2022-12-01,5.4
E08000012,2023-01-01,5.3
E08000012,2023-02-01,5.4
E08000012,2023-03-01,5.6
E08000012,2023-04-01,5.7
E08000012,2023-05-01,5.5
E08000012,2023-06-01,5.5
E08000012,2023-07-01,5.5
E08000012,2023-08-01,5.4
E08000012,2023-09-01,5.4
E08000012,2023-10-01,5.4
E08000012,2023-11-01,5.4
E08000012,2023-12-01,5.4
E08000012,2024-01-01,5.4
E08000012,2024-02-01,5.5
E08000012,2024-03-01,5.5
E08000012,2024-04-01,5.4
E08000012,2024-05-01,5.4
E08000012,2024-06-01,5.6
E08000012,2024-07-01,6.0
E08000012,2024-08-01,6.0
E08000012,2024-09-01,6.0
E08000012,2024-10-01,5.9
E08000012,2024-11-01,5.9
E08000012,2024-12-01,5.7
E08000012,2025-01-01,5.7
E08000012,2025-02-01,5.8
E08000012,2025-03-01,5.8
E08000012,2025-04-01,5.7
E08000012,2025-05-01,5.6
E08000012,2025-06-01,5.6
E08000012,2025-07-01,5.5
E08000012,2025-08-01,5.5
E08000012,2025-09-01,5.4
E08000012,2025-10-01,5.4
E08000012,2025-11-01,5.4
E08000012,2025-12-01,5.4
E08000012,2026-01-01,5.4
E08000012,2026-02-01,5.6
E08000013,2018-01-01,2.7
E08000013,2018-02-01,2.8
E08000013,2018-03-01,2.9
E08000013,2018-04-01,3.0
E08000013,2018-05-01,2.9
E08000013,2018-06-01,2.8
E08000013,2018-07-01,2.7
E08000013,2018-08-01,2.7
E08000013,2018-09-01,2.9
E08000013,2018-10-01,3.0
E08000013,2018-11-01,3.2
E08000013,2018-12-01,3.3
E08000013,2019-01-01,3.4
E08000013,2019-02-01,3.7
E08000013,2019-03-01,3.8
E08000013,2019-04-01,3.8
E08000013,2019-05-01,3.8
E08000013,2019-06-01,3.9
E08000013,2019-07-01,3.7
E08000013,2019-08-01,3.7
E08000013,2019-09-01,3.7
E08000013,2019-10-01,3.8
E08000013,2019-11-01,3.8
E08000013,2019-12-01,3.7
E08000013,2020-01-01,3.7
E08000013,2020-02-01,3.7
E08000013,2020-03-01,3.8
E08000013,2020-04-01,6.4
E08000013,2020-05-01,7.2
E08000013,2020-06-01,6.9
E08000013,2020-07-01,6.8
E08000013,2020-08-01,6.9
E08000013,2020-09-01,6.8
E08000013,2020-10-01,6.7
E08000013,2020-11-01,6.7
E08000013,2020-12-01,6.6
E08000013,2021-01-01,6.5
E08000013,2021-02-01,6.6
E08000013,2021-03-01,6.7
E08000013,2021-04-01,6.5
E08000013,2021-05-01,6.1
E08000013,2021-06-01,5.8
E08000013,2021-07-01,5.7
E08000013,2021-08-01,5.5
E08000013,2021-09-01,5.3
E08000013,2021-10-01,5.1
E08000013,2021-11-01,4.8
E08000013,2021-12-01,4.7
E08000013,2022-01-01,4.5
E08000013,2022-02-01,4.5
E08000013,2022-03-01,4.4
E08000013,2022-04-01,4.2
E08000013,2022-05-01,4.0
E08000013,2022-06-01,4.0
E08000013,2022-07-01,4.1
E08000013,2022-08-01,4.1
E08000013,2022-09-01,4.1
E08000013,2022-10-01,4.0
E08000013,2022-11-01,3.9
E08000013,2022-12-01,3.9
E08000013,2023-01-01,3.8
E08000013,2023-02-01,3.9
E08000013,2023-03-01,4.0
E08000013,2023-04-01,4.0
E08000013,2023-05-01,3.9
E08000013,2023-06-01,3.8
E08000013,2023-07-01,3.9
E08000013,2023-08-01,3.9
E08000013,2023-09-01,3.8
E08000013,2023-10-01,3.8
E08000013,2023-11-01,3.9
E08000013,2023-12-01,3.8
E08000013,2024-01-01,3.7
E08000013,2024-02-01,3.8
E08000013,2024-03-01,3.9
E08000013,2024-04-01,3.8
E08000013,2024-05-01,3.8
E08000013,2024-06-01,3.9
E08000013,2024-07-01,4.1
E08000013,2024-08-01,4.1
E08000013,2024-09-01,4.1
E08000013,2024-10-01,4.0
E08000013,2024-11-01,4.0
E08000013,2024-12-01,3.9
E08000013,2025-01-01,3.9
E08000013,2025-02-01,4.0
E08000013,2025-03-01,3.9
E08000013,2025-04-01,3.8
E08000013,2025-05-01,3.8
E08000013,2025-06-01,3.8
E08000013,2025-07-01,3.7
E08000013,2025-08-01,3.8
E08000013,2025-09-01,3.7
E08000013,2025-10-01,3.7
E08000013,2025-11-01,3.7
E08000013,2025-12-01,3.7
E08000013,2026-01-01,3.7
E08000013,2026-02-01,3.9
E08000014,2018-01-01,2.7
E08000014,2018-02-01,3.0
E08000014,2018-03-01,3.1
E08000014,2018-04-01,3.3
E08000014,2018-05-01,3.2
E08000014,2018-06-01,3.2
E08000014,2018-07-01,3.2
E08000014,2018-08-01,3.3
E08000014,2018-09-01,3.4
E08000014,2018-10-01,3.4
E08000014,2018-11-01,3.5
E08000014,2018-12-01,3.5
E08000014,2019-01-01,3.6
E08000014,2019-02-01,3.7
E08000014,2019-03-01,3.8
E08000014,2019-04-01,3.8
E08000014,2019-05-01,3.7
E08000014,2019-06-01,3.7
E08000014,2019-07-01,3.7
E08000014,2019-08-01,3.7
E08000014,2019-09-01,3.6
E08000014,2019-10-01,3.7
E08000014,2019-11-01,3.7
E08000014,2019-12-01,3.7
E08000014,2020-01-01,3.7
E08000014,2020-02-01,3.7
E08000014,2020-03-01,3.7
E08000014,2020-04-01,6.3
E08000014,2020-05-01,7.2
E08000014,2020-06-01,7.0
E08000014,2020-07-01,7.0
E08000014,2020-08-01,7.0
E08000014,2020-09-01,6.9
E08000014,2020-10-01,6.7
E08000014,2020-11-01,6.9
E08000014,2020-12-01,6.8
E08000014,2021-01-01,6.6
E08000014,2021-02-01,6.9
E08000014,2021-03-01,6.9
E08000014,2021-04-01,6.8
E08000014,2021-05-01,6.4
E08000014,2021-06-01,6.0
E08000014,2021-07-01,5.7
E08000014,2021-08-01,5.5
E08000014,2021-09-01,5.2
E08000014,2021-10-01,5.0
E08000014,2021-11-01,4.8
E08000014,2021-12-01,4.6
E08000014,2022-01-01,4.6
E08000014,2022-02-01,4.6
E08000014,2022-03-01,4.5
E08000014,2022-04-01,4.3
E08000014,2022-05-01,4.1
E08000014,2022-06-01,4.0
E08000014,2022-07-01,3.9
E08000014,2022-08-01,3.9
E08000014,2022-09-01,3.8
E08000014,2022-10-01,3.7
E08000014,2022-11-01,3.7
E08000014,2022-12-01,3.7
E08000014,2023-01-01,3.6
E08000014,2023-02-01,3.7
E08000014,2023-03-01,3.8
E08000014,2023-04-01,3.8
E08000014,2023-05-01,3.7
E08000014,2023-06-01,3.7
E08000014,2023-07-01,3.7
E08000014,2023-08-01,3.7
E08000014,2023-09-01,3.6
E08000014,2023-10-01,3.6
E08000014,2023-11-01,3.7
E08000014,2023-12-01,3.7
E08000014,2024-01-01,3.6
E08000014,2024-02-01,3.6
E08000014,2024-03-01,3.6
E08000014,2024-04-01,3.5
E08000014,2024-05-01,3.6
E08000014,2024-06-01,3.7
E08000014,2024-07-01,4.0
E08000014,2024-08-01,4.0
E08000014,2024-09-01,4.0
E08000014,2024-10-01,4.0
E08000014,2024-11-01,3.9
E08000014,2024-12-01,3.8
E08000014,2025-01-01,3.8
E08000014,2025-02-01,3.9
E08000014,2025-03-01,3.9
E08000014,2025-04-01,3.8
E08000014,2025-05-01,3.8
E08000014,2025-06-01,3.7
E08000014,2025-07-01,3.6
E08000014,2025-08-01,3.6
E08000014,2025-09-01,3.6
E08000014,2025-10-01,3.6
E08000014,2025-11-01,3.6
E08000014,2025-12-01,3.6
E08000014,2026-01-01,3.7
E08000014,2026-02-01,3.8
E08000015,2018-01-01,2.3
E08000015,2018-02-01,2.4
E08000015,2018-03-01,2.5
E08000015,2018-04-01,2.8
E08000015,2018-05-01,2.9
E08000015,2018-06-01,2.9
E08000015,2018-07-01,3.0
E08000015,2018-08-01,3.2
E08000015,2018-09-01,3.2
E08000015,2018-10-01,3.2
E08000015,2018-11-01,3.2
E08000015,2018-12-01,3.3
E08000015,2019-01-01,3.4
E08000015,2019-02-01,3.6
E08000015,2019-03-01,3.6
E08000015,2019-04-01,3.7
E08000015,2019-05-01,3.6
E08000015,2019-06-01,3.7
E08000015,2019-07-01,3.7
E08000015,2019-08-01,3.7
E08000015,2019-09-01,3.6
E08000015,2019-10-01,3.6
E08000015,2019-11-01,3.5
E08000015,2019-12-01,3.6
E08000015,2020-01-01,3.6
E08000015,2020-02-01,3.6
E08000015,2020-03-01,3.7
E08000015,2020-04-01,6.1
E08000015,2020-05-01,6.9
E08000015,2020-06-01,6.7
E08000015,2020-07-01,6.7
E08000015,2020-08-01,6.7
E08000015,2020-09-01,6.6
E08000015,2020-10-01,6.4
E08000015,2020-11-01,6.4
E08000015,2020-12-01,6.4
E08000015,2021-01-01,6.3
E08000015,2021-02-01,6.5
E08000015,2021-03-01,6.4
E08000015,2021-04-01,6.3
E08000015,2021-05-01,5.9
E08000015,2021-06-01,5.5
E08000015,2021-07-01,5.4
E08000015,2021-08-01,5.2
E08000015,2021-09-01,4.9
E08000015,2021-10-01,4.7
E08000015,2021-11-01,4.5
E08000015,2021-12-01,4.4
E08000015,2022-01-01,4.3
E08000015,2022-02-01,4.2
E08000015,2022-03-01,4.1
E08000015,2022-04-01,3.9
E08000015,2022-05-01,3.8
E08000015,2022-06-01,3.8
E08000015,2022-07-01,3.8
E08000015,2022-08-01,3.8
E08000015,2022-09-01,3.7
E08000015,2022-10-01,3.7
E08000015,2022-11-01,3.7
E08000015,2022-12-01,3.6
E08000015,2023-01-01,3.6
E08000015,2023-02-01,3.7
E08000015,2023-03-01,3.7
E08000015,2023-04-01,3.7
E08000015,2023-05-01,3.6
E08000015,2023-06-01,3.5
E08000015,2023-07-01,3.6
E08000015,2023-08-01,3.6
E08000015,2023-09-01,3.5
E08000015,2023-10-01,3.5
E08000015,2023-11-01,3.6
E08000015,2023-12-01,3.5
E08000015,2024-01-01,3.4
E08000015,2024-02-01,3.5
E08000015,2024-03-01,3.5
E08000015,2024-04-01,3.4
E08000015,2024-05-01,3.4
E08000015,2024-06-01,3.5
E08000015,2024-07-01,3.8
E08000015,2024-08-01,3.8
E08000015,2024-09-01,3.8
E08000015,2024-10-01,3.8
E08000015,2024-11-01,3.7
E08000015,2024-12-01,3.6
E08000015,2025-01-01,3.6
E08000015,2025-02-01,3.7
E08000015,2025-03-01,3.6
E08000015,2025-04-01,3.6
E08000015,2025-05-01,3.5
E08000015,2025-06-01,3.5
E08000015,2025-07-01,3.5
E08000015,2025-08-01,3.5
E08000015,2025-09-01,3.5
E08000015,2025-10-01,3.5
E08000015,2025-11-01,3.5
E08000015,2025-12-01,3.4
E08000015,2026-01-01,3.4
E08000015,2026-02-01,3.5
E08000016,2018-01-01,2.8
E08000016,2018-02-01,3.1
E08000016,2018-03-01,3.2
E08000016,2018-04-01,3.5
E08000016,2018-05-01,3.3
E08000016,2018-06-01,3.3
E08000016,2018-07-01,3.2
E08000016,2018-08-01,3.3
E08000016,2018-09-01,3.3
E08000016,2018-10-01,3.3
E08000016,2018-11-01,3.3
E08000016,2018-12-01,3.3
E08000016,2019-01-01,3.3
E08000016,2019-02-01,3.5
E08000016,2019-03-01,3.5
E08000016,2019-04-01,3.6
E08000016,2019-05-01,3.6
E08000016,2019-06-01,3.5
E08000016,2019-07-01,3.4
E08000016,2019-08-01,3.4
E08000016,2019-09-01,3.4
E08000016,2019-10-01,3.3
E08000016,2019-11-01,3.3
E08000016,2019-12-01,3.2
E08000016,2020-01-01,3.3
E08000016,2020-02-01,3.4
E08000016,2020-03-01,3.4
E08000016,2020-04-01,5.9
E08000016,2020-05-01,6.9
E08000016,2020-06-01,6.5
E08000016,2020-07-01,6.6
E08000016,2020-08-01,6.4
E08000016,2020-09-01,6.2
E08000016,2020-10-01,6.1
E08000016,2020-11-01,6.1
E08000016,2020-12-01,6.1
E08000016,2021-01-01,6.1
E08000016,2021-02-01,6.4
E08000016,2021-03-01,6.4
E08000016,2021-04-01,6.3
E08000016,2021-05-01,5.9
E08000016,2021-06-01,5.5
E08000016,2021-07-01,5.4
E08000016,2021-08-01,5.2
E08000016,2021-09-01,5.1
E08000016,2021-10-01,4.9
E08000016,2021-11-01,4.7
E08000016,2021-12-01,4.5
E08000016,2022-01-01,4.3
E08000016,2022-02-01,4.3
E08000016,2022-03-01,4.0
E08000016,2022-04-01,3.8
E08000016,2022-05-01,3.7
E08000016,2022-06-01,3.6
E08000016,2022-07-01,3.5
E08000016,2022-08-01,3.5
E08000016,2022-09-01,3.5
E08000016,2022-10-01,3.5
E08000016,2022-11-01,3.4
E08000016,2022-12-01,3.4
E08000016,2023-01-01,3.4
E08000016,2023-02-01,3.5
E08000016,2023-03-01,3.6
E08000016,2023-04-01,3.6
E08000016,2023-05-01,3.5
E08000016,2023-06-01,3.5
E08000016,2023-07-01,3.5
E08000016,2023-08-01,3.4
E08000016,2023-09-01,3.4
E08000016,2023-10-01,3.4
E08000016,2023-11-01,3.5
E08000016,2023-12-01,3.4
E08000016,2024-01-01,3.4
E08000016,2024-02-01,3.4
E08000016,2024-03-01,3.4
E08000016,2024-04-01,3.3
E08000016,2024-05-01,3.3
E08000016,2024-06-01,3.4
E08000016,2024-07-01,3.6
E08000016,2024-08-01,3.7
E08000016,2024-09-01,3.6
E08000016,2024-10-01,3.5
E08000016,2024-11-01,3.3
E08000016,2024-12-01,3.2
E08000016,2025-01-01,3.3
E08000016,2025-02-01,3.5
E08000016,2025-03-01,3.4
E08000016,2025-04-01,3.3
E08000016,2025-05-01,3.2
E08000016,2025-06-01,3.1
E08000016,2025-07-01,3.1
E08000016,2025-08-01,3.1
E08000016,2025-09-01,3.1
E08000016,2025-10-01,3.1
E08000016,2025-11-01,3.0
E08000016,2025-12-01,3.0
E08000016,2026-01-01,3.1
E08000016,2026-02-01,3.3
E08000017,2018-01-01,2.6
E08000017,2018-02-01,2.8
E08000017,2018-03-01,3.0
E08000017,2018-04-01,3.2
E08000017,2018-05-01,3.2
E08000017,2018-06-01,3.2
E08000017,2018-07-01,3.2
E08000017,2018-08-01,3.3
E08000017,2018-09-01,3.3
E08000017,2018-10-01,3.4
E08000017,2018-11-01,3.4
E08000017,2018-12-01,3.4
E08000017,2019-01-01,3.5
E08000017,2019-02-01,3.6
E08000017,2019-03-01,3.7
E08000017,2019-04-01,3.7
E08000017,2019-05-01,3.6
E08000017,2019-06-01,3.6
E08000017,2019-07-01,3.6
E08000017,2019-08-01,3.5
E08000017,2019-09-01,3.6
E08000017,2019-10-01,3.6
E08000017,2019-11-01,3.6
E08000017,2019-12-01,3.6
E08000017,2020-01-01,3.7
E08000017,2020-02-01,3.8
E08000017,2020-03-01,4.0
E08000017,2020-04-01,6.6
E08000017,2020-05-01,7.6
E08000017,2020-06-01,7.4
E08000017,2020-07-01,7.5
E08000017,2020-08-01,7.5
E08000017,2020-09-01,7.3
E08000017,2020-10-01,7.2
E08000017,2020-11-01,7.3
E08000017,2020-12-01,7.3
E08000017,2021-01-01,7.2
E08000017,2021-02-01,7.5
E08000017,2021-03-01,7.6
E08000017,2021-04-01,7.6
E08000017,2021-05-01,7.1
E08000017,2021-06-01,6.7
E08000017,2021-07-01,6.6
E08000017,2021-08-01,6.3
E08000017,2021-09-01,6.1
E08000017,2021-10-01,5.8
E08000017,2021-11-01,5.6
E08000017,2021-12-01,5.4
E08000017,2022-01-01,5.2
E08000017,2022-02-01,5.3
E08000017,2022-03-01,5.1
E08000017,2022-04-01,4.9
E08000017,2022-05-01,4.8
E08000017,2022-06-01,4.7
E08000017,2022-07-01,4.6
E08000017,2022-08-01,4.5
E08000017,2022-09-01,4.5
E08000017,2022-10-01,4.5
E08000017,2022-11-01,4.5
E08000017,2022-12-01,4.5
E08000017,2023-01-01,4.5
E08000017,2023-02-01,4.5
E08000017,2023-03-01,4.6
E08000017,2023-04-01,4.8
E08000017,2023-05-01,4.7
E08000017,2023-06-01,4.7
E08000017,2023-07-01,4.6
E08000017,2023-08-01,4.6
E08000017,2023-09-01,4.5
E08000017,2023-10-01,4.5
E08000017,2023-11-01,4.5
E08000017,2023-12-01,4.6
E08000017,2024-01-01,4.5
E08000017,2024-02-01,4.6
E08000017,2024-03-01,4.5
E08000017,2024-04-01,4.5
E08000017,2024-05-01,4.5
E08000017,2024-06-01,4.6
E08000017,2024-07-01,4.9
E08000017,2024-08-01,4.9
E08000017,2024-09-01,4.9
E08000017,2024-10-01,4.7
E08000017,2024-11-01,4.5
E08000017,2024-12-01,4.4
E08000017,2025-01-01,4.4
E08000017,2025-02-01,4.4
E08000017,2025-03-01,4.4
E08000017,2025-04-01,4.3
E08000017,2025-05-01,4.2
E08000017,2025-06-01,4.1
E08000017,2025-07-01,4.1
E08000017,2025-08-01,4.1
E08000017,2025-09-01,4.1
E08000017,2025-10-01,4.0
E08000017,2025-11-01,4.0
E08000017,2025-12-01,4.0
E08000017,2026-01-01,4.1
E08000017,2026-02-01,4.3
E08000018,2018-01-01,2.6
E08000018,2018-02-01,2.7
E08000018,2018-03-01,2.7
E08000018,2018-04-01,2.8
E08000018,2018-05-01,2.7
E08000018,2018-06-01,2.5
E08000018,2018-07-01,2.5
E08000018,2018-08-01,2.5
E08000018,2018-09-01,2.5
E08000018,2018-10-01,2.7
E08000018,2018-11-01,2.8
E08000018,2018-12-01,2.9
E08000018,2019-01-01,3.0
E08000018,2019-02-01,3.2
E08000018,2019-03-01,3.3
E08000018,2019-04-01,3.4
E08000018,2019-05-01,3.4
E08000018,2019-06-01,3.3
E08000018,2019-07-01,3.3
E08000018,2019-08-01,3.4
E08000018,2019-09-01,3.5
E08000018,2019-10-01,3.5
E08000018,2019-11-01,3.4
E08000018,2019-12-01,3.5
E08000018,2020-01-01,3.5
E08000018,2020-02-01,3.6
E08000018,2020-03-01,3.8
E08000018,2020-04-01,6.3
E08000018,2020-05-01,7.3
E08000018,2020-06-01,7.0
E08000018,2020-07-01,7.1
E08000018,2020-08-01,7.2
E08000018,2020-09-01,7.1
E08000018,2020-10-01,6.9
E08000018,2020-11-01,7.0
E08000018,2020-12-01,7.0
E08000018,2021-01-01,6.9
E08000018,2021-02-01,7.2
E08000018,2021-03-01,7.2
E08000018,2021-04-01,7.1
E08000018,2021-05-01,6.6
E08000018,2021-06-01,6.3
E08000018,2021-07-01,6.2
E08000018,2021-08-01,6.1
E08000018,2021-09-01,5.9
E08000018,2021-10-01,5.6
E08000018,2021-11-01,5.4
E08000018,2021-12-01,5.2
E08000018,2022-01-01,5.1
E08000018,2022-02-01,5.1
E08000018,2022-03-01,5.0
E08000018,2022-04-01,4.8
E08000018,2022-05-01,4.6
E08000018,2022-06-01,4.4
E08000018,2022-07-01,4.3
E08000018,2022-08-01,4.3
E08000018,2022-09-01,4.2
E08000018,2022-10-01,4.1
E08000018,2022-11-01,4.1
E08000018,2022-12-01,4.2
E08000018,2023-01-01,4.2
E08000018,2023-02-01,4.3
E08000018,2023-03-01,4.3
E08000018,2023-04-01,4.3
E08000018,2023-05-01,4.2
E08000018,2023-06-01,4.2
E08000018,2023-07-01,4.1
E08000018,2023-08-01,4.1
E08000018,2023-09-01,4.1
E08000018,2023-10-01,4.1
E08000018,2023-11-01,4.2
E08000018,2023-12-01,4.1
E08000018,2024-01-01,4.1
E08000018,2024-02-01,4.1
E08000018,2024-03-01,4.2
E08000018,2024-04-01,4.2
E08000018,2024-05-01,4.2
E08000018,2024-06-01,4.3
E08000018,2024-07-01,4.5
E08000018,2024-08-01,4.6
E08000018,2024-09-01,4.6
E08000018,2024-10-01,4.5
E08000018,2024-11-01,4.3
E08000018,2024-12-01,4.2
E08000018,2025-01-01,4.2
E08000018,2025-02-01,4.3
E08000018,2025-03-01,4.2
E08000018,2025-04-01,4.1
E08000018,2025-05-01,3.9
E08000018,2025-06-01,3.8
E08000018,2025-07-01,3.8
E08000018,2025-08-01,3.8
E08000018,2025-09-01,3.7
E08000018,2025-10-01,3.7
E08000018,2025-11-01,3.6
E08000018,2025-12-01,3.7
E08000018,2026-01-01,3.6
E08000018,2026-02-01,3.8
E08000019,2018-01-01,2.5
E08000019,2018-02-01,2.6
E08000019,2018-03-01,2.6
E08000019,2018-04-01,2.6
E08000019,2018-05-01,2.5
E08000019,2018-06-01,2.4
E08000019,2018-07-01,2.4
E08000019,2018-08-01,2.4
E08000019,2018-09-01,2.3
E08000019,2018-10-01,2.3
E08000019,2018-11-01,2.2
E08000019,2018-12-01,2.2
E08000019,2019-01-01,2.3
E08000019,2019-02-01,2.4
E08000019,2019-03-01,2.5
E08000019,2019-04-01,2.6
E08000019,2019-05-01,2.6
E08000019,2019-06-01,2.7
E08000019,2019-07-01,2.7
E08000019,2019-08-01,2.8
E08000019,2019-09-01,2.9
E08000019,2019-10-01,2.9
E08000019,2019-11-01,3.0
E08000019,2019-12-01,3.0
E08000019,2020-01-01,3.1
E08000019,2020-02-01,3.2
E08000019,2020-03-01,3.3
E08000019,2020-04-01,5.3
E08000019,2020-05-01,6.4
E08000019,2020-06-01,6.3
E08000019,2020-07-01,6.4
E08000019,2020-08-01,6.5
E08000019,2020-09-01,6.4
E08000019,2020-10-01,6.3
E08000019,2020-11-01,6.5
E08000019,2020-12-01,6.5
E08000019,2021-01-01,6.4
E08000019,2021-02-01,6.7
E08000019,2021-03-01,6.7
E08000019,2021-04-01,6.6
E08000019,2021-05-01,6.3
E08000019,2021-06-01,6.0
E08000019,2021-07-01,5.9
E08000019,2021-08-01,5.8
E08000019,2021-09-01,5.5
E08000019,2021-10-01,5.3
E08000019,2021-11-01,5.1
E08000019,2021-12-01,5.0
E08000019,2022-01-01,4.7
E08000019,2022-02-01,4.7
E08000019,2022-03-01,4.6
E08000019,2022-04-01,4.5
E08000019,2022-05-01,4.3
E08000019,2022-06-01,4.2
E08000019,2022-07-01,4.2
E08000019,2022-08-01,4.1
E08000019,2022-09-01,4.1
E08000019,2022-10-01,4.0
E08000019,2022-11-01,4.0
E08000019,2022-12-01,4.0
E08000019,2023-01-01,4.0
E08000019,2023-02-01,4.0
E08000019,2023-03-01,4.2
E08000019,2023-04-01,4.3
E08000019,2023-05-01,4.2
E08000019,2023-06-01,4.2
E08000019,2023-07-01,4.2
E08000019,2023-08-01,4.2
E08000019,2023-09-01,4.1
E08000019,2023-10-01,4.1
E08000019,2023-11-01,4.2
E08000019,2023-12-01,4.2
E08000019,2024-01-01,4.2
E08000019,2024-02-01,4.2
E08000019,2024-03-01,4.2
E08000019,2024-04-01,4.2
E08000019,2024-05-01,4.3
E08000019,2024-06-01,4.5
E08000019,2024-07-01,4.8
E08000019,2024-08-01,4.8
E08000019,2024-09-01,4.8
E08000019,2024-10-01,4.8
E08000019,2024-11-01,4.7
E08000019,2024-12-01,4.6
E08000019,2025-01-01,4.6
E08000019,2025-02-01,4.7
E08000019,2025-03-01,4.6
E08000019,2025-04-01,4.6
E08000019,2025-05-01,4.5
E08000019,2025-06-01,4.4
E08000019,2025-07-01,4.4
E08000019,2025-08-01,4.4
E08000019,2025-09-01,4.3
E08000019,2025-10-01,4.3
E08000019,2025-11-01,4.2
E08000019,2025-12-01,4.1
E08000019,2026-01-01,4.2
E08000019,2026-02-01,4.4
E08000021,2018-01-01,3.8
E08000021,2018-02-01,4.0
E08000021,2018-03-01,4.0
E08000021,2018-04-01,4.3
E08000021,2018-05-01,4.1
E08000021,2018-06-01,4.1
E08000021,2018-07-01,4.0
E08000021,2018-08-01,4.1
E08000021,2018-09-01,4.1
E08000021,2018-10-01,4.2
E08000021,2018-11-01,4.2
E08000021,2018-12-01,4.3
E08000021,2019-01-01,4.3
E08000021,2019-02-01,4.5
E08000021,2019-03-01,4.5
E08000021,2019-04-01,4.5
E08000021,2019-05-01,4.5
E08000021,2019-06-01,4.5
E08000021,2019-07-01,4.4
E08000021,2019-08-01,4.4
E08000021,2019-09-01,4.4
E08000021,2019-10-01,4.4
E08000021,2019-11-01,4.4
E08000021,2019-12-01,4.4
E08000021,2020-01-01,4.5
E08000021,2020-02-01,4.6
E08000021,2020-03-01,4.6
E08000021,2020-04-01,6.9
E08000021,2020-05-01,7.6
E08000021,2020-06-01,7.5
E08000021,2020-07-01,7.6
E08000021,2020-08-01,7.7
E08000021,2020-09-01,7.7
E08000021,2020-10-01,7.5
E08000021,2020-11-01,7.6
E08000021,2020-12-01,7.5
E08000021,2021-01-01,7.5
E08000021,2021-02-01,7.7
E08000021,2021-03-01,7.7
E08000021,2021-04-01,7.5
E08000021,2021-05-01,7.1
E08000021,2021-06-01,6.7
E08000021,2021-07-01,6.6
E08000021,2021-08-01,6.4
E08000021,2021-09-01,6.2
E08000021,2021-10-01,5.9
E08000021,2021-11-01,5.7
E08000021,2021-12-01,5.5
E08000021,2022-01-01,5.2
E08000021,2022-02-01,5.2
E08000021,2022-03-01,5.1
E08000021,2022-04-01,4.8
E08000021,2022-05-01,4.6
E08000021,2022-06-01,4.5
E08000021,2022-07-01,4.4
E08000021,2022-08-01,4.4
E08000021,2022-09-01,4.3
E08000021,2022-10-01,4.3
E08000021,2022-11-01,4.4
E08000021,2022-12-01,4.4
E08000021,2023-01-01,4.2
E08000021,2023-02-01,4.3
E08000021,2023-03-01,4.4
E08000021,2023-04-01,4.5
E08000021,2023-05-01,4.2
E08000021,2023-06-01,4.2
E08000021,2023-07-01,4.2
E08000021,2023-08-01,4.1
E08000021,2023-09-01,4.0
E08000021,2023-10-01,4.0
E08000021,2023-11-01,4.0
E08000021,2023-12-01,3.9
E08000021,2024-01-01,3.8
E08000021,2024-02-01,3.9
E08000021,2024-03-01,3.9
E08000021,2024-04-01,3.9
E08000021,2024-05-01,4.0
E08000021,2024-06-01,4.0
E08000021,2024-07-01,4.5
E08000021,2024-08-01,4.4
E08000021,2024-09-01,4.4
E08000021,2024-10-01,4.3
E08000021,2024-11-01,4.3
E08000021,2024-12-01,4.2
E08000021,2025-01-01,4.2
E08000021,2025-02-01,4.2
E08000021,2025-03-01,4.2
E08000021,2025-04-01,4.0
E08000021,2025-05-01,4.0
E08000021,2025-06-01,4.0
E08000021,2025-07-01,4.0
E08000021,2025-08-01,4.0
E08000021,2025-09-01,4.0
E08000021,2025-10-01,3.9
E08000021,2025-11-01,3.8
E08000021,2025-12-01,3.8
E08000021,2026-01-01,3.9
E08000021,2026-02-01,4.0
E08000022,2018-01-01,2.7
E08000022,2018-02-01,2.7
E08000022,2018-03-01,2.8
E08000022,2018-04-01,2.8
E08000022,2018-05-01,2.7
E08000022,2018-06-01,2.7
E08000022,2018-07-01,2.7
E08000022,2018-08-01,2.8
E08000022,2018-09-01,2.9
E08000022,2018-10-01,3.1
E08000022,2018-11-01,3.2
E08000022,2018-12-01,3.3
E08000022,2019-01-01,3.4
E08000022,2019-02-01,3.6
E08000022,2019-03-01,3.7
E08000022,2019-04-01,3.8
E08000022,2019-05-01,3.7
E08000022,2019-06-01,3.7
E08000022,2019-07-01,3.7
E08000022,2019-08-01,3.6
E08000022,2019-09-01,3.5
E08000022,2019-10-01,3.6
E08000022,2019-11-01,3.6
E08000022,2019-12-01,3.6
E08000022,2020-01-01,3.6
E08000022,2020-02-01,3.7
E08000022,2020-03-01,3.8
E08000022,2020-04-01,6.0
E08000022,2020-05-01,6.5
E08000022,2020-06-01,6.3
E08000022,2020-07-01,6.4
E08000022,2020-08-01,6.5
E08000022,2020-09-01,6.5
E08000022,2020-10-01,6.3
E08000022,2020-11-01,6.3
E08000022,2020-12-01,6.3
E08000022,2021-01-01,6.2
E08000022,2021-02-01,6.4
E08000022,2021-03-01,6.3
E08000022,2021-04-01,6.1
E08000022,2021-05-01,5.8
E08000022,2021-06-01,5.4
E08000022,2021-07-01,5.2
E08000022,2021-08-01,5.0
E08000022,2021-09-01,4.8
E08000022,2021-10-01,4.6
E08000022,2021-11-01,4.4
E08000022,2021-12-01,4.2
E08000022,2022-01-01,4.1
E08000022,2022-02-01,4.1
E08000022,2022-03-01,4.0
E08000022,2022-04-01,3.7
E08000022,2022-05-01,3.6
E08000022,2022-06-01,3.5
E08000022,2022-07-01,3.4
E08000022,2022-08-01,3.4
E08000022,2022-09-01,3.4
E08000022,2022-10-01,3.3
E08000022,2022-11-01,3.4
E08000022,2022-12-01,3.5
E08000022,2023-01-01,3.4
E08000022,2023-02-01,3.4
E08000022,2023-03-01,3.5
E08000022,2023-04-01,3.4
E08000022,2023-05-01,3.3
E08000022,2023-06-01,3.4
E08000022,2023-07-01,3.4
E08000022,2023-08-01,3.4
E08000022,2023-09-01,3.4
E08000022,2023-10-01,3.3
E08000022,2023-11-01,3.3
E08000022,2023-12-01,3.3
E08000022,2024-01-01,3.3
E08000022,2024-02-01,3.3
E08000022,2024-03-01,3.3
E08000022,2024-04-01,3.2
E08000022,2024-05-01,3.3
E08000022,2024-06-01,3.3
E08000022,2024-07-01,3.5
E08000022,2024-08-01,3.5
E08000022,2024-09-01,3.5
E08000022,2024-10-01,3.5
E08000022,2024-11-01,3.5
E08000022,2024-12-01,3.4
E08000022,2025-01-01,3.3
E08000022,2025-02-01,3.4
E08000022,2025-03-01,3.4
E08000022,2025-04-01,3.2
E08000022,2025-05-01,3.1
E08000022,2025-06-01,3.1
E08000022,2025-07-01,3.1
E08000022,2025-08-01,3.1
E08000022,2025-09-01,3.1
E08000022,2025-10-01,3.1
E08000022,2025-11-01,3.2
E08000022,2025-12-01,3.2
E08000022,2026-01-01,3.2
E08000022,2026-02-01,3.4
E08000023,2018-01-01,4.6
E08000023,2018-02-01,4.7
E08000023,2018-03-01,4.9
E08000023,2018-04-01,4.9
E08000023,2018-05-01,4.8
E08000023,2018-06-01,4.5
E08000023,2018-07-01,4.7
E08000023,2018-08-01,4.7
E08000023,2018-09-01,5.0
E08000023,2018-10-01,5.2
E08000023,2018-11-01,5.3
E08000023,2018-12-01,5.5
E08000023,2019-01-01,5.7
E08000023,2019-02-01,6.0
E08000023,2019-03-01,6.1
E08000023,2019-04-01,6.2
E08000023,2019-05-01,6.1
E08000023,2019-06-01,6.1
E08000023,2019-07-01,6.0
E08000023,2019-08-01,6.0
E08000023,2019-09-01,5.9
E08000023,2019-10-01,6.0
E08000023,2019-11-01,6.0
E08000023,2019-12-01,6.1
E08000023,2020-01-01,6.2
E08000023,2020-02-01,6.3
E08000023,2020-03-01,6.4
E08000023,2020-04-01,9.2
E08000023,2020-05-01,9.7
E08000023,2020-06-01,9.5
E08000023,2020-07-01,9.7
E08000023,2020-08-01,9.7
E08000023,2020-09-01,9.5
E08000023,2020-10-01,9.3
E08000023,2020-11-01,9.2
E08000023,2020-12-01,9.0
E08000023,2021-01-01,9.1
E08000023,2021-02-01,9.3
E08000023,2021-03-01,9.3
E08000023,2021-04-01,9.1
E08000023,2021-05-01,8.7
E08000023,2021-06-01,8.2
E08000023,2021-07-01,8.0
E08000023,2021-08-01,7.7
E08000023,2021-09-01,7.4
E08000023,2021-10-01,7.1
E08000023,2021-11-01,6.8
E08000023,2021-12-01,6.6
E08000023,2022-01-01,6.6
E08000023,2022-02-01,6.6
E08000023,2022-03-01,6.4
E08000023,2022-04-01,6.2
E08000023,2022-05-01,5.9
E08000023,2022-06-01,5.9
E08000023,2022-07-01,5.8
E08000023,2022-08-01,5.7
E08000023,2022-09-01,5.7
E08000023,2022-10-01,5.6
E08000023,2022-11-01,5.6
E08000023,2022-12-01,5.6
E08000023,2023-01-01,5.5
E08000023,2023-02-01,5.6
E08000023,2023-03-01,5.7
E08000023,2023-04-01,5.7
E08000023,2023-05-01,5.5
E08000023,2023-06-01,5.4
E08000023,2023-07-01,5.5
E08000023,2023-08-01,5.3
E08000023,2023-09-01,5.2
E08000023,2023-10-01,5.1
E08000023,2023-11-01,5.1
E08000023,2023-12-01,5.1
E08000023,2024-01-01,5.1
E08000023,2024-02-01,5.2
E08000023,2024-03-01,5.2
E08000023,2024-04-01,5.1
E08000023,2024-05-01,5.1
E08000023,2024-06-01,5.1
E08000023,2024-07-01,5.4
E08000023,2024-08-01,5.3
E08000023,2024-09-01,5.3
E08000023,2024-10-01,5.3
E08000023,2024-11-01,5.2
E08000023,2024-12-01,5.2
E08000023,2025-01-01,5.1
E08000023,2025-02-01,5.1
E08000023,2025-03-01,5.1
E08000023,2025-04-01,4.9
E08000023,2025-05-01,4.7
E08000023,2025-06-01,4.8
E08000023,2025-07-01,4.7
E08000023,2025-08-01,4.8
E08000023,2025-09-01,4.5
E08000023,2025-10-01,4.6
E08000023,2025-11-01,4.7
E08000023,2025-12-01,4.7
E08000023,2026-01-01,4.7
E08000023,2026-02-01,4.9
E08000024,2018-01-01,3.2
E08000024,2018-02-01,3.4
E08000024,2018-03-01,3.5
E08000024,2018-04-01,3.4
E08000024,2018-05-01,3.4
E08000024,2018-06-01,3.4
E08000024,2018-07-01,3.4
E08000024,2018-08-01,3.3
E08000024,2018-09-01,3.5
E08000024,2018-10-01,3.7
E08000024,2018-11-01,3.9
E08000024,2018-12-01,4.1
E08000024,2019-01-01,4.3
E08000024,2019-02-01,4.6
E08000024,2019-03-01,4.8
E08000024,2019-04-01,4.8
E08000024,2019-05-01,4.9
E08000024,2019-06-01,5.0
E08000024,2019-07-01,4.9
E08000024,2019-08-01,5.0
E08000024,2019-09-01,5.0
E08000024,2019-10-01,5.0
E08000024,2019-11-01,5.0
E08000024,2019-12-01,4.9
E08000024,2020-01-01,5.0
E08000024,2020-02-01,5.2
E08000024,2020-03-01,5.2
E08000024,2020-04-01,7.8
E08000024,2020-05-01,8.5
E08000024,2020-06-01,8.4
E08000024,2020-07-01,8.4
E08000024,2020-08-01,8.5
E08000024,2020-09-01,8.4
E08000024,2020-10-01,8.2
E08000024,2020-11-01,8.1
E08000024,2020-12-01,7.9
E08000024,2021-01-01,7.7
E08000024,2021-02-01,7.9
E08000024,2021-03-01,7.8
E08000024,2021-04-01,7.7
E08000024,2021-05-01,7.4
E08000024,2021-06-01,7.0
E08000024,2021-07-01,6.8
E08000024,2021-08-01,6.7
E08000024,2021-09-01,6.3
E08000024,2021-10-01,6.1
E08000024,2021-11-01,5.9
E08000024,2021-12-01,5.7
E08000024,2022-01-01,5.6
E08000024,2022-02-01,5.6
E08000024,2022-03-01,5.4
E08000024,2022-04-01,5.0
E08000024,2022-05-01,4.9
E08000024,2022-06-01,4.8
E08000024,2022-07-01,4.7
E08000024,2022-08-01,4.7
E08000024,2022-09-01,4.6
E08000024,2022-10-01,4.6
E08000024,2022-11-01,4.6
E08000024,2022-12-01,4.6
E08000024,2023-01-01,4.5
E08000024,2023-02-01,4.6
E08000024,2023-03-01,4.6
E08000024,2023-04-01,4.4
E08000024,2023-05-01,4.2
E08000024,2023-06-01,4.3
E08000024,2023-07-01,4.3
E08000024,2023-08-01,4.3
E08000024,2023-09-01,4.2
E08000024,2023-10-01,4.0
E08000024,2023-11-01,4.0
E08000024,2023-12-01,4.0
E08000024,2024-01-01,4.0
E08000024,2024-02-01,4.0
E08000024,2024-03-01,4.0
E08000024,2024-04-01,4.0
E08000024,2024-05-01,4.1
E08000024,2024-06-01,4.1
E08000024,2024-07-01,4.5
E08000024,2024-08-01,4.4
E08000024,2024-09-01,4.4
E08000024,2024-10-01,4.4
E08000024,2024-11-01,4.3
E08000024,2024-12-01,4.2
E08000024,2025-01-01,4.2
E08000024,2025-02-01,4.2
E08000024,2025-03-01,4.2
E08000024,2025-04-01,4.0
E08000024,2025-05-01,3.9
E08000024,2025-06-01,4.0
E08000024,2025-07-01,3.9
E08000024,2025-08-01,3.8
E08000024,2025-09-01,3.8
E08000024,2025-10-01,3.8
E08000024,2025-11-01,3.7
E08000024,2025-12-01,3.6
E08000024,2026-01-01,3.7
E08000024,2026-02-01,3.8
E08000025,2018-01-01,4.2
E08000025,2018-02-01,4.4
E08000025,2018-03-01,4.6
E08000025,2018-04-01,4.8
E08000025,2018-05-01,4.9
E08000025,2018-06-01,5.0
E08000025,2018-07-01,5.2
E08000025,2018-08-01,5.2
E08000025,2018-09-01,5.3
E08000025,2018-10-01,5.4
E08000025,2018-11-01,5.4
E08000025,2018-12-01,5.4
E08000025,2019-01-01,5.5
E08000025,2019-02-01,5.7
E08000025,2019-03-01,5.8
E08000025,2019-04-01,6.0
E08000025,2019-05-01,6.0
E08000025,2019-06-01,6.2
E08000025,2019-07-01,6.2
E08000025,2019-08-01,6.3
E08000025,2019-09-01,6.4
E08000025,2019-10-01,6.4
E08000025,2019-11-01,6.5
E08000025,2019-12-01,6.5
E08000025,2020-01-01,6.5
E08000025,2020-02-01,6.6
E08000025,2020-03-01,6.7
E08000025,2020-04-01,8.9
E08000025,2020-05-01,10.5
E08000025,2020-06-01,10.5
E08000025,2020-07-01,10.7
E08000025,2020-08-01,10.9
E08000025,2020-09-01,10.9
E08000025,2020-10-01,10.9
E08000025,2020-11-01,11.0
E08000025,2020-12-01,11.0
E08000025,2021-01-01,11.0
E08000025,2021-02-01,11.3
E08000025,2021-03-01,11.4
E08000025,2021-04-01,11.3
E08000025,2021-05-01,10.9
E08000025,2021-06-01,10.6
E08000025,2021-07-01,10.4
E08000025,2021-08-01,10.2
E08000025,2021-09-01,9.9
E08000025,2021-10-01,9.6
E08000025,2021-11-01,9.3
E08000025,2021-12-01,9.1
E08000025,2022-01-01,8.8
E08000025,2022-02-01,8.9
E08000025,2022-03-01,8.8
E08000025,2022-04-01,8.6
E08000025,2022-05-01,8.5
E08000025,2022-06-01,8.3
E08000025,2022-07-01,8.2
E08000025,2022-08-01,8.2
E08000025,2022-09-01,8.1
E08000025,2022-10-01,8.0
E08000025,2022-11-01,8.1
E08000025,2022-12-01,8.1
E08000025,2023-01-01,7.9
E08000025,2023-02-01,8.0
E08000025,2023-03-01,8.1
E08000025,2023-04-01,8.4
E08000025,2023-05-01,8.2
E08000025,2023-06-01,8.2
E08000025,2023-07-01,8.3
E08000025,2023-08-01,8.2
E08000025,2023-09-01,8.2
E08000025,2023-10-01,8.2
E08000025,2023-11-01,8.2
E08000025,2023-12-01,8.3
E08000025,2024-01-01,8.2
E08000025,2024-02-01,8.4
E08000025,2024-03-01,8.6
E08000025,2024-04-01,8.5
E08000025,2024-05-01,8.7
E08000025,2024-06-01,9.4
E08000025,2024-07-01,10.1
E08000025,2024-08-01,10.2
E08000025,2024-09-01,10.3
E08000025,2024-10-01,10.3
E08000025,2024-11-01,10.3
E08000025,2024-12-01,10.2
E08000025,2025-01-01,10.1
E08000025,2025-02-01,10.3
E08000025,2025-03-01,10.4
E08000025,2025-04-01,10.3
E08000025,2025-05-01,10.2
E08000025,2025-06-01,10.2
E08000025,2025-07-01,10.1
E08000025,2025-08-01,10.0
E08000025,2025-09-01,10.0
E08000025,2025-10-01,9.9
E08000025,2025-11-01,9.9
E08000025,2025-12-01,9.8
E08000025,2026-01-01,9.7
E08000025,2026-02-01,10.0
E08000026,2018-01-01,1.9
E08000026,2018-02-01,2.0
E08000026,2018-03-01,2.0
E08000026,2018-04-01,2.1
E08000026,2018-05-01,2.1
E08000026,2018-06-01,2.0
E08000026,2018-07-01,1.9
E08000026,2018-08-01,1.9
E08000026,2018-09-01,1.9
E08000026,2018-10-01,2.0
E08000026,2018-11-01,2.1
E08000026,2018-12-01,2.2
E08000026,2019-01-01,2.3
E08000026,2019-02-01,2.6
E08000026,2019-03-01,2.7
E08000026,2019-04-01,2.8
E08000026,2019-05-01,2.9
E08000026,2019-06-01,3.0
E08000026,2019-07-01,3.1
E08000026,2019-08-01,3.2
E08000026,2019-09-01,3.2
E08000026,2019-10-01,3.2
E08000026,2019-11-01,3.3
E08000026,2019-12-01,3.3
E08000026,2020-01-01,3.3
E08000026,2020-02-01,3.4
E08000026,2020-03-01,3.5
E08000026,2020-04-01,5.4
E08000026,2020-05-01,6.9
E08000026,2020-06-01,7.0
E08000026,2020-07-01,7.1
E08000026,2020-08-01,7.2
E08000026,2020-09-01,7.3
E08000026,2020-10-01,7.3
E08000026,2020-11-01,7.3
E08000026,2020-12-01,7.3
E08000026,2021-01-01,7.2
E08000026,2021-02-01,7.6
E08000026,2021-03-01,7.7
E08000026,2021-04-01,7.5
E08000026,2021-05-01,7.1
E08000026,2021-06-01,6.9
E08000026,2021-07-01,6.7
E08000026,2021-08-01,6.5
E08000026,2021-09-01,6.2
E08000026,2021-10-01,5.9
E08000026,2021-11-01,5.8
E08000026,2021-12-01,5.5
E08000026,2022-01-01,5.3
E08000026,2022-02-01,5.4
E08000026,2022-03-01,5.3
E08000026,2022-04-01,5.2
E08000026,2022-05-01,5.1
E08000026,2022-06-01,5.1
E08000026,2022-07-01,5.0
E08000026,2022-08-01,5.0
E08000026,2022-09-01,5.1
E08000026,2022-10-01,5.0
E08000026,2022-11-01,5.1
E08000026,2022-12-01,5.1
E08000026,2023-01-01,5.0
E08000026,2023-02-01,5.1
E08000026,2023-03-01,5.4
E08000026,2023-04-01,5.6
E08000026,2023-05-01,5.5
E08000026,2023-06-01,5.5
E08000026,2023-07-01,5.4
E08000026,2023-08-01,5.3
E08000026,2023-09-01,5.3
E08000026,2023-10-01,5.2
E08000026,2023-11-01,5.2
E08000026,2023-12-01,5.1
E08000026,2024-01-01,5.0
E08000026,2024-02-01,5.1
E08000026,2024-03-01,5.1
E08000026,2024-04-01,5.1
E08000026,2024-05-01,5.2
E08000026,2024-06-01,5.4
E08000026,2024-07-01,5.7
E08000026,2024-08-01,5.7
E08000026,2024-09-01,5.7
E08000026,2024-10-01,5.6
E08000026,2024-11-01,5.6
E08000026,2024-12-01,5.4
E08000026,2025-01-01,5.4
E08000026,2025-02-01,5.6
E08000026,2025-03-01,5.7
E08000026,2025-04-01,5.6
E08000026,2025-05-01,5.6
E08000026,2025-06-01,5.6
E08000026,2025-07-01,5.5
E08000026,2025-08-01,5.5
E08000026,2025-09-01,5.5
E08000026,2025-10-01,5.5
E08000026,2025-11-01,5.5
E08000026,2025-12-01,5.3
E08000026,2026-01-01,5.3
E08000026,2026-02-01,5.7
E08000027,2018-01-01,3.3
E08000027,2018-02-01,3.5
E08000027,2018-03-01,3.6
E08000027,2018-04-01,3.8
E08000027,2018-05-01,3.7
E08000027,2018-06-01,3.7
E08000027,2018-07-01,3.8
E08000027,2018-08-01,3.8
E08000027,2018-09-01,3.8
E08000027,2018-10-01,3.8
E08000027,2018-11-01,3.8
E08000027,2018-12-01,3.8
E08000027,2019-01-01,3.9
E08000027,2019-02-01,4.0
E08000027,2019-03-01,4.0
E08000027,2019-04-01,4.0
E08000027,2019-05-01,4.0
E08000027,2019-06-01,4.1
E08000027,2019-07-01,4.1
E08000027,2019-08-01,4.2
E08000027,2019-09-01,4.2
E08000027,2019-10-01,4.2
E08000027,2019-11-01,4.3
E08000027,2019-12-01,4.2
E08000027,2020-01-01,4.2
E08000027,2020-02-01,4.3
E08000027,2020-03-01,4.4
E08000027,2020-04-01,6.6
E08000027,2020-05-01,7.5
E08000027,2020-06-01,7.2
E08000027,2020-07-01,7.3
E08000027,2020-08-01,7.5
E08000027,2020-09-01,7.5
E08000027,2020-10-01,7.2
E08000027,2020-11-01,7.4
E08000027,2020-12-01,7.3
E08000027,2021-01-01,7.2
E08000027,2021-02-01,7.4
E08000027,2021-03-01,7.3
E08000027,2021-04-01,7.1
E08000027,2021-05-01,6.8
E08000027,2021-06-01,6.4
E08000027,2021-07-01,6.3
E08000027,2021-08-01,6.1
E08000027,2021-09-01,5.9
E08000027,2021-10-01,5.8
E08000027,2021-11-01,5.5
E08000027,2021-12-01,5.3
E08000027,2022-01-01,5.2
E08000027,2022-02-01,5.2
E08000027,2022-03-01,5.1
E08000027,2022-04-01,5.1
E08000027,2022-05-01,4.9
E08000027,2022-06-01,4.8
E08000027,2022-07-01,4.7
E08000027,2022-08-01,4.7
E08000027,2022-09-01,4.6
E08000027,2022-10-01,4.6
E08000027,2022-11-01,4.6
E08000027,2022-12-01,4.6
E08000027,2023-01-01,4.6
E08000027,2023-02-01,4.6
E08000027,2023-03-01,4.6
E08000027,2023-04-01,4.8
E08000027,2023-05-01,4.6
E08000027,2023-06-01,4.5
E08000027,2023-07-01,4.5
E08000027,2023-08-01,4.5
E08000027,2023-09-01,4.5
E08000027,2023-10-01,4.5
E08000027,2023-11-01,4.5
E08000027,2023-12-01,4.5
E08000027,2024-01-01,4.4
E08000027,2024-02-01,4.5
E08000027,2024-03-01,4.5
E08000027,2024-04-01,4.4
E08000027,2024-05-01,4.4
E08000027,2024-06-01,4.6
E08000027,2024-07-01,5.0
E08000027,2024-08-01,5.0
E08000027,2024-09-01,5.1
E08000027,2024-10-01,5.1
E08000027,2024-11-01,4.9
E08000027,2024-12-01,4.8
E08000027,2025-01-01,4.9
E08000027,2025-02-01,4.9
E08000027,2025-03-01,4.9
E08000027,2025-04-01,4.8
E08000027,2025-05-01,4.7
E08000027,2025-06-01,4.7
E08000027,2025-07-01,4.6
E08000027,2025-08-01,4.6
E08000027,2025-09-01,4.6
E08000027,2025-10-01,4.6
E08000027,2025-11-01,4.6
E08000027,2025-12-01,4.5
E08000027,2026-01-01,4.6
E08000027,2026-02-01,4.8
E08000028,2018-01-01,3.4
E08000028,2018-02-01,3.5
E08000028,2018-03-01,3.5
E08000028,2018-04-01,3.6
E08000028,2018-05-01,3.6
E08000028,2018-06-01,3.5
E08000028,2018-07-01,3.5
E08000028,2018-08-01,3.5
E08000028,2018-09-01,3.5
E08000028,2018-10-01,3.4
E08000028,2018-11-01,3.4
E08000028,2018-12-01,3.3
E08000028,2019-01-01,3.5
E08000028,2019-02-01,3.5
E08000028,2019-03-01,3.7
E08000028,2019-04-01,3.8
E08000028,2019-05-01,3.9
E08000028,2019-06-01,4.1
E08000028,2019-07-01,4.3
E08000028,2019-08-01,4.4
E08000028,2019-09-01,4.5
E08000028,2019-10-01,4.6
E08000028,2019-11-01,4.7
E08000028,2019-12-01,4.7
E08000028,2020-01-01,4.6
E08000028,2020-02-01,4.8
E08000028,2020-03-01,5.0
E08000028,2020-04-01,7.0
E08000028,2020-05-01,8.6
E08000028,2020-06-01,8.6
E08000028,2020-07-01,8.7
E08000028,2020-08-01,8.9
E08000028,2020-09-01,8.9
E08000028,2020-10-01,8.8
E08000028,2020-11-01,9.0
E08000028,2020-12-01,9.0
E08000028,2021-01-01,8.9
E08000028,2021-02-01,9.2
E08000028,2021-03-01,9.2
E08000028,2021-04-01,9.1
E08000028,2021-05-01,8.7
E08000028,2021-06-01,8.2
E08000028,2021-07-01,8.0
E08000028,2021-08-01,7.8
E08000028,2021-09-01,7.5
E08000028,2021-10-01,7.3
E08000028,2021-11-01,7.1
E08000028,2021-12-01,6.9
E08000028,2022-01-01,6.7
E08000028,2022-02-01,6.6
E08000028,2022-03-01,6.6
E08000028,2022-04-01,6.4
E08000028,2022-05-01,6.2
E08000028,2022-06-01,6.2
E08000028,2022-07-01,6.1
E08000028,2022-08-01,6.0
E08000028,2022-09-01,6.0
E08000028,2022-10-01,6.0
E08000028,2022-11-01,6.1
E08000028,2022-12-01,6.1
E08000028,2023-01-01,6.0
E08000028,2023-02-01,6.0
E08000028,2023-03-01,6.1
E08000028,2023-04-01,6.3
E08000028,2023-05-01,6.0
E08000028,2023-06-01,6.0
E08000028,2023-07-01,6.1
E08000028,2023-08-01,6.0
E08000028,2023-09-01,6.0
E08000028,2023-10-01,6.0
E08000028,2023-11-01,6.0
E08000028,2023-12-01,5.9
E08000028,2024-01-01,5.8
E08000028,2024-02-01,5.9
E08000028,2024-03-01,5.9
E08000028,2024-04-01,5.9
E08000028,2024-05-01,6.0
E08000028,2024-06-01,6.4
E08000028,2024-07-01,7.1
E08000028,2024-08-01,7.1
E08000028,2024-09-01,7.2
E08000028,2024-10-01,7.1
E08000028,2024-11-01,7.0
E08000028,2024-12-01,6.9
E08000028,2025-01-01,6.8
E08000028,2025-02-01,7.1
E08000028,2025-03-01,7.1
E08000028,2025-04-01,7.0
E08000028,2025-05-01,6.9
E08000028,2025-06-01,6.9
E08000028,2025-07-01,6.7
E08000028,2025-08-01,6.7
E08000028,2025-09-01,6.7
E08000028,2025-10-01,6.7
E08000028,2025-11-01,6.6
E08000028,2025-12-01,6.5
E08000028,2026-01-01,6.4
E08000028,2026-02-01,6.8
E08000029,2018-01-01,2.0
E08000029,2018-02-01,2.2
E08000029,2018-03-01,2.3
E08000029,2018-04-01,2.4
E08000029,2018-05-01,2.4
E08000029,2018-06-01,2.3
E08000029,2018-07-01,2.3
E08000029,2018-08-01,2.4
E08000029,2018-09-01,2.4
E08000029,2018-10-01,2.4
E08000029,2018-11-01,2.4
E08000029,2018-12-01,2.4
E08000029,2019-01-01,2.4
E08000029,2019-02-01,2.6
E08000029,2019-03-01,2.7
E08000029,2019-04-01,2.7
E08000029,2019-05-01,2.7
E08000029,2019-06-01,2.7
E08000029,2019-07-01,2.6
E08000029,2019-08-01,2.7
E08000029,2019-09-01,2.7
E08000029,2019-10-01,2.8
E08000029,2019-11-01,2.8
E08000029,2019-12-01,2.8
E08000029,2020-01-01,2.8
E08000029,2020-02-01,2.8
E08000029,2020-03-01,2.8
E08000029,2020-04-01,4.5
E08000029,2020-05-01,5.7
E08000029,2020-06-01,5.6
E08000029,2020-07-01,5.7
E08000029,2020-08-01,5.8
E08000029,2020-09-01,5.9
E08000029,2020-10-01,5.7
E08000029,2020-11-01,5.9
E08000029,2020-12-01,5.8
E08000029,2021-01-01,5.7
E08000029,2021-02-01,5.9
E08000029,2021-03-01,5.9
E08000029,2021-04-01,5.7
E08000029,2021-05-01,5.3
E08000029,2021-06-01,5.0
E08000029,2021-07-01,4.8
E08000029,2021-08-01,4.7
E08000029,2021-09-01,4.5
E08000029,2021-10-01,4.3
E08000029,2021-11-01,4.1
E08000029,2021-12-01,3.9
E08000029,2022-01-01,3.8
E08000029,2022-02-01,3.8
E08000029,2022-03-01,3.7
E08000029,2022-04-01,3.6
E08000029,2022-05-01,3.5
E08000029,2022-06-01,3.4
E08000029,2022-07-01,3.4
E08000029,2022-08-01,3.3
E08000029,2022-09-01,3.2
E08000029,2022-10-01,3.1
E08000029,2022-11-01,3.1
E08000029,2022-12-01,3.1
E08000029,2023-01-01,3.1
E08000029,2023-02-01,3.1
E08000029,2023-03-01,3.2
E08000029,2023-04-01,3.3
E08000029,2023-05-01,3.2
E08000029,2023-06-01,3.2
E08000029,2023-07-01,3.2
E08000029,2023-08-01,3.1
E08000029,2023-09-01,3.1
E08000029,2023-10-01,3.1
E08000029,2023-11-01,3.1
E08000029,2023-12-01,3.1
E08000029,2024-01-01,3.2
E08000029,2024-02-01,3.2
E08000029,2024-03-01,3.2
E08000029,2024-04-01,3.1
E08000029,2024-05-01,3.1
E08000029,2024-06-01,3.3
E08000029,2024-07-01,3.6
E08000029,2024-08-01,3.6
E08000029,2024-09-01,3.7
E08000029,2024-10-01,3.6
E08000029,2024-11-01,3.6
E08000029,2024-12-01,3.6
E08000029,2025-01-01,3.5
E08000029,2025-02-01,3.7
E08000029,2025-03-01,3.6
E08000029,2025-04-01,3.6
E08000029,2025-05-01,3.6
E08000029,2025-06-01,3.6
E08000029,2025-07-01,3.5
E08000029,2025-08-01,3.5
E08000029,2025-09-01,3.5
E08000029,2025-10-01,3.5
E08000029,2025-11-01,3.5
E08000029,2025-12-01,3.5
E08000029,2026-01-01,3.5
E08000029,2026-02-01,3.7
E08000030,2018-01-01,2.8
E08000030,2018-02-01,2.9
E08000030,2018-03-01,3.0
E08000030,2018-04-01,3.0
E08000030,2018-05-01,3
E08000030,2018-06-01,2.9
E08000030,2018-07-01,2.9
E08000030,2018-08-01,2.9
E08000030,2018-09-01,2.9
E08000030,2018-10-01,2.9
E08000030,2018-11-01,3.1
E08000030,2018-12-01,3.3
E08000030,2019-01-01,3.4
E08000030,2019-02-01,3.6
E08000030,2019-03-01,3.7
E08000030,2019-04-01,3.8
E08000030,2019-05-01,3.9
E08000030,2019-06-01,4.2
E08000030,2019-07-01,4.3
E08000030,2019-08-01,4.4
E08000030,2019-09-01,4.5
E08000030,2019-10-01,4.6
E08000030,2019-11-01,4.6
E08000030,2019-12-01,4.6
E08000030,2020-01-01,4.6
E08000030,2020-02-01,4.8
E08000030,2020-03-01,5.0
E08000030,2020-04-01,7.1
E08000030,2020-05-01,8.7
E08000030,2020-06-01,8.5
E08000030,2020-07-01,8.6
E08000030,2020-08-01,8.7
E08000030,2020-09-01,8.7
E08000030,2020-10-01,8.5
E08000030,2020-11-01,8.6
E08000030,2020-12-01,8.5
E08000030,2021-01-01,8.4
E08000030,2021-02-01,8.8
E08000030,2021-03-01,8.8
E08000030,2021-04-01,8.7
E08000030,2021-05-01,8.2
E08000030,2021-06-01,7.8
E08000030,2021-07-01,7.7
E08000030,2021-08-01,7.4
E08000030,2021-09-01,7.1
E08000030,2021-10-01,6.9
E08000030,2021-11-01,6.6
E08000030,2021-12-01,6.4
E08000030,2022-01-01,6.3
E08000030,2022-02-01,6.2
E08000030,2022-03-01,6.1
E08000030,2022-04-01,5.9
E08000030,2022-05-01,5.6
E08000030,2022-06-01,5.5
E08000030,2022-07-01,5.4
E08000030,2022-08-01,5.5
E08000030,2022-09-01,5.4
E08000030,2022-10-01,5.3
E08000030,2022-11-01,5.4
E08000030,2022-12-01,5.4
E08000030,2023-01-01,5.3
E08000030,2023-02-01,5.3
E08000030,2023-03-01,5.5
E08000030,2023-04-01,5.7
E08000030,2023-05-01,5.5
E08000030,2023-06-01,5.5
E08000030,2023-07-01,5.5
E08000030,2023-08-01,5.4
E08000030,2023-09-01,5.3
E08000030,2023-10-01,5.3
E08000030,2023-11-01,5.3
E08000030,2023-12-01,5.3
E08000030,2024-01-01,5.2
E08000030,2024-02-01,5.3
E08000030,2024-03-01,5.4
E08000030,2024-04-01,5.2
E08000030,2024-05-01,5.3
E08000030,2024-06-01,5.6
E08000030,2024-07-01,6.2
E08000030,2024-08-01,6.2
E08000030,2024-09-01,6.3
E08000030,2024-10-01,6.3
E08000030,2024-11-01,6.2
E08000030,2024-12-01,6.0
E08000030,2025-01-01,5.9
E08000030,2025-02-01,6.1
E08000030,2025-03-01,6.1
E08000030,2025-04-01,5.9
E08000030,2025-05-01,5.9
E08000030,2025-06-01,5.9
E08000030,2025-07-01,5.9
E08000030,2025-08-01,5.8
E08000030,2025-09-01,5.7
E08000030,2025-10-01,5.7
E08000030,2025-11-01,5.7
E08000030,2025-12-01,5.5
E08000030,2026-01-01,5.5
E08000030,2026-02-01,5.8
E08000031,2018-01-01,4.1
E08000031,2018-02-01,4.2
E08000031,2018-03-01,4.4
E08000031,2018-04-01,4.7
E08000031,2018-05-01,4.7
E08000031,2018-06-01,4.8
E08000031,2018-07-01,4.9
E08000031,2018-08-01,5.0
E08000031,2018-09-01,5.1
E08000031,2018-10-01,5.1
E08000031,2018-11-01,5.2
E08000031,2018-12-01,5.1
E08000031,2019-01-01,5.2
E08000031,2019-02-01,5.3
E08000031,2019-03-01,5.5
E08000031,2019-04-01,5.5
E08000031,2019-05-01,5.6
E08000031,2019-06-01,5.6
E08000031,2019-07-01,5.8
E08000031,2019-08-01,5.8
E08000031,2019-09-01,5.9
E08000031,2019-10-01,5.9
E08000031,2019-11-01,5.9
E08000031,2019-12-01,5.9
E08000031,2020-01-01,5.9
E08000031,2020-02-01,6.1
E08000031,2020-03-01,6.3
E08000031,2020-04-01,9.0
E08000031,2020-05-01,10.2
E08000031,2020-06-01,10.2
E08000031,2020-07-01,10.2
E08000031,2020-08-01,10.4
E08000031,2020-09-01,10.4
E08000031,2020-10-01,10.2
E08000031,2020-11-01,10.3
E08000031,2020-12-01,10.2
E08000031,2021-01-01,10.1
E08000031,2021-02-01,10.5
E08000031,2021-03-01,10.6
E08000031,2021-04-01,10.4
E08000031,2021-05-01,10.0
E08000031,2021-06-01,9.6
E08000031,2021-07-01,9.4
E08000031,2021-08-01,9.1
E08000031,2021-09-01,8.8
E08000031,2021-10-01,8.5
E08000031,2021-11-01,8.2
E08000031,2021-12-01,7.9
E08000031,2022-01-01,7.7
E08000031,2022-02-01,7.7
E08000031,2022-03-01,7.6
E08000031,2022-04-01,7.4
E08000031,2022-05-01,7.2
E08000031,2022-06-01,7.2
E08000031,2022-07-01,7.1
E08000031,2022-08-01,7.1
E08000031,2022-09-01,7.1
E08000031,2022-10-01,7.1
E08000031,2022-11-01,7.1
E08000031,2022-12-01,7.3
E08000031,2023-01-01,7.1
E08000031,2023-02-01,7.2
E08000031,2023-03-01,7.3
E08000031,2023-04-01,7.5
E08000031,2023-05-01,7.3
E08000031,2023-06-01,7.3
E08000031,2023-07-01,7.3
E08000031,2023-08-01,7.1
E08000031,2023-09-01,7.1
E08000031,2023-10-01,7.0
E08000031,2023-11-01,6.9
E08000031,2023-12-01,6.8
E08000031,2024-01-01,6.7
E08000031,2024-02-01,6.8
E08000031,2024-03-01,6.9
E08000031,2024-04-01,6.8
E08000031,2024-05-01,6.8
E08000031,2024-06-01,7.0
E08000031,2024-07-01,7.6
E08000031,2024-08-01,7.6
E08000031,2024-09-01,7.6
E08000031,2024-10-01,7.6
E08000031,2024-11-01,7.4
E08000031,2024-12-01,7.2
E08000031,2025-01-01,7.1
E08000031,2025-02-01,7.2
E08000031,2025-03-01,7.2
E08000031,2025-04-01,7.1
E08000031,2025-05-01,6.9
E08000031,2025-06-01,7.0
E08000031,2025-07-01,6.8
E08000031,2025-08-01,6.8
E08000031,2025-09-01,6.7
E08000031,2025-10-01,6.6
E08000031,2025-11-01,6.6
E08000031,2025-12-01,6.5
E08000031,2026-01-01,6.5
E08000031,2026-02-01,6.9
E08000032,2018-01-01,2.6
E08000032,2018-02-01,2.7
E08000032,2018-03-01,2.8
E08000032,2018-04-01,2.8
E08000032,2018-05-01,2.8
E08000032,2018-06-01,2.8
E08000032,2018-07-01,2.7
E08000032,2018-08-01,2.8
E08000032,2018-09-01,3.0
E08000032,2018-10-01,3.2
E08000032,2018-11-01,3.4
E08000032,2018-12-01,3.6
E08000032,2019-01-01,3.7
E08000032,2019-02-01,3.8
E08000032,2019-03-01,3.9
E08000032,2019-04-01,4.1
E08000032,2019-05-01,4.2
E08000032,2019-06-01,4.2
E08000032,2019-07-01,4.3
E08000032,2019-08-01,4.5
E08000032,2019-09-01,4.5
E08000032,2019-10-01,4.6
E08000032,2019-11-01,4.7
E08000032,2019-12-01,4.7
E08000032,2020-01-01,4.8
E08000032,2020-02-01,5.0
E08000032,2020-03-01,5.0
E08000032,2020-04-01,7.3
E08000032,2020-05-01,8.8
E08000032,2020-06-01,8.9
E08000032,2020-07-01,9.0
E08000032,2020-08-01,9.1
E08000032,2020-09-01,9.2
E08000032,2020-10-01,9.1
E08000032,2020-11-01,9.1
E08000032,2020-12-01,9.1
E08000032,2021-01-01,9.1
E08000032,2021-02-01,9.4
E08000032,2021-03-01,9.5
E08000032,2021-04-01,9.4
E08000032,2021-05-01,9.0
E08000032,2021-06-01,8.7
E08000032,2021-07-01,8.6
E08000032,2021-08-01,8.4
E08000032,2021-09-01,8.0
E08000032,2021-10-01,7.8
E08000032,2021-11-01,7.6
E08000032,2021-12-01,7.3
E08000032,2022-01-01,7.1
E08000032,2022-02-01,7.1
E08000032,2022-03-01,7.0
E08000032,2022-04-01,6.9
E08000032,2022-05-01,6.8
E08000032,2022-06-01,6.7
E08000032,2022-07-01,6.5
E08000032,2022-08-01,6.5
E08000032,2022-09-01,6.4
E08000032,2022-10-01,6.3
E08000032,2022-11-01,6.4
E08000032,2022-12-01,6.4
E08000032,2023-01-01,6.2
E08000032,2023-02-01,6.3
E08000032,2023-03-01,6.4
E08000032,2023-04-01,6.5
E08000032,2023-05-01,6.3
E08000032,2023-06-01,6.3
E08000032,2023-07-01,6.3
E08000032,2023-08-01,6.3
E08000032,2023-09-01,6.3
E08000032,2023-10-01,6.3
E08000032,2023-11-01,6.4
E08000032,2023-12-01,6.5
E08000032,2024-01-01,6.5
E08000032,2024-02-01,6.6
E08000032,2024-03-01,7.0
E08000032,2024-04-01,7.2
E08000032,2024-05-01,7.3
E08000032,2024-06-01,7.5
E08000032,2024-07-01,8.1
E08000032,2024-08-01,8.1
E08000032,2024-09-01,8.2
E08000032,2024-10-01,8.1
E08000032,2024-11-01,8.0
E08000032,2024-12-01,7.8
E08000032,2025-01-01,7.6
E08000032,2025-02-01,7.7
E08000032,2025-03-01,7.5
E08000032,2025-04-01,7.4
E08000032,2025-05-01,7.3
E08000032,2025-06-01,7.3
E08000032,2025-07-01,7.2
E08000032,2025-08-01,7.0
E08000032,2025-09-01,7.0
E08000032,2025-10-01,6.9
E08000032,2025-11-01,6.8
E08000032,2025-12-01,6.7
E08000032,2026-01-01,6.7
E08000032,2026-02-01,6.9
E08000033,2018-01-01,2.9
E08000033,2018-02-01,3.1
E08000033,2018-03-01,3.2
E08000033,2018-04-01,3.5
E08000033,2018-05-01,3.4
E08000033,2018-06-01,3.4
E08000033,2018-07-01,3.4
E08000033,2018-08-01,3.4
E08000033,2018-09-01,3.4
E08000033,2018-10-01,3.5
E08000033,2018-11-01,3.5
E08000033,2018-12-01,3.4
E08000033,2019-01-01,3.5
E08000033,2019-02-01,3.6
E08000033,2019-03-01,3.6
E08000033,2019-04-01,3.6
E08000033,2019-05-01,3.6
E08000033,2019-06-01,3.7
E08000033,2019-07-01,3.7
E08000033,2019-08-01,3.7
E08000033,2019-09-01,3.6
E08000033,2019-10-01,3.7
E08000033,2019-11-01,3.6
E08000033,2019-12-01,3.6
E08000033,2020-01-01,3.7
E08000033,2020-02-01,3.7
E08000033,2020-03-01,3.7
E08000033,2020-04-01,5.9
E08000033,2020-05-01,7.0
E08000033,2020-06-01,6.8
E08000033,2020-07-01,7.1
E08000033,2020-08-01,7.2
E08000033,2020-09-01,7.0
E08000033,2020-10-01,6.9
E08000033,2020-11-01,7.0
E08000033,2020-12-01,6.9
E08000033,2021-01-01,6.9
E08000033,2021-02-01,7.1
E08000033,2021-03-01,7.1
E08000033,2021-04-01,7.0
E08000033,2021-05-01,6.5
E08000033,2021-06-01,6.1
E08000033,2021-07-01,5.9
E08000033,2021-08-01,5.7
E08000033,2021-09-01,5.4
E08000033,2021-10-01,5.2
E08000033,2021-11-01,4.9
E08000033,2021-12-01,4.8
E08000033,2022-01-01,4.7
E08000033,2022-02-01,4.6
E08000033,2022-03-01,4.6
E08000033,2022-04-01,4.3
E08000033,2022-05-01,4.1
E08000033,2022-06-01,4.0
E08000033,2022-07-01,4.0
E08000033,2022-08-01,4.0
E08000033,2022-09-01,3.9
E08000033,2022-10-01,3.8
E08000033,2022-11-01,3.9
E08000033,2022-12-01,4.0
E08000033,2023-01-01,3.9
E08000033,2023-02-01,4.0
E08000033,2023-03-01,4.1
E08000033,2023-04-01,4.3
E08000033,2023-05-01,4.1
E08000033,2023-06-01,4.1
E08000033,2023-07-01,4.1
E08000033,2023-08-01,4.1
E08000033,2023-09-01,4.0
E08000033,2023-10-01,4.0
E08000033,2023-11-01,4.0
E08000033,2023-12-01,4.2
E08000033,2024-01-01,4.2
E08000033,2024-02-01,4.3
E08000033,2024-03-01,4.4
E08000033,2024-04-01,4.4
E08000033,2024-05-01,4.4
E08000033,2024-06-01,4.4
E08000033,2024-07-01,4.7
E08000033,2024-08-01,4.7
E08000033,2024-09-01,4.7
E08000033,2024-10-01,4.7
E08000033,2024-11-01,4.5
E08000033,2024-12-01,4.5
E08000033,2025-01-01,4.5
E08000033,2025-02-01,4.5
E08000033,2025-03-01,4.4
E08000033,2025-04-01,4.3
E08000033,2025-05-01,4.3
E08000033,2025-06-01,4.2
E08000033,2025-07-01,4.2
E08000033,2025-08-01,4.2
E08000033,2025-09-01,4.2
E08000033,2025-10-01,4.1
E08000033,2025-11-01,4.0
E08000033,2025-12-01,4.1
E08000033,2026-01-01,4.1
E08000033,2026-02-01,4.3
E08000034,2018-01-01,2.3
E08000034,2018-02-01,2.5
E08000034,2018-03-01,2.6
E08000034,2018-04-01,3.0
E08000034,2018-05-01,2.9
E08000034,2018-06-01,3.0
E08000034,2018-07-01,3.0
E08000034,2018-08-01,3.1
E08000034,2018-09-01,3.1
E08000034,2018-10-01,3.1
E08000034,2018-11-01,3.2
E08000034,2018-12-01,3.2
E08000034,2019-01-01,3.3
E08000034,2019-02-01,3.4
E08000034,2019-03-01,3.4
E08000034,2019-04-01,3.5
E08000034,2019-05-01,3.5
E08000034,2019-06-01,3.5
E08000034,2019-07-01,3.5
E08000034,2019-08-01,3.5
E08000034,2019-09-01,3.5
E08000034,2019-10-01,3.6
E08000034,2019-11-01,3.6
E08000034,2019-12-01,3.6
E08000034,2020-01-01,3.7
E08000034,2020-02-01,3.8
E08000034,2020-03-01,3.8
E08000034,2020-04-01,5.8
E08000034,2020-05-01,7.0
E08000034,2020-06-01,6.7
E08000034,2020-07-01,6.9
E08000034,2020-08-01,6.9
E08000034,2020-09-01,6.9
E08000034,2020-10-01,6.7
E08000034,2020-11-01,6.8
E08000034,2020-12-01,6.7
E08000034,2021-01-01,6.7
E08000034,2021-02-01,6.9
E08000034,2021-03-01,6.9
E08000034,2021-04-01,6.7
E08000034,2021-05-01,6.4
E08000034,2021-06-01,6.0
E08000034,2021-07-01,5.9
E08000034,2021-08-01,5.7
E08000034,2021-09-01,5.5
E08000034,2021-10-01,5.3
E08000034,2021-11-01,5.1
E08000034,2021-12-01,4.9
E08000034,2022-01-01,4.7
E08000034,2022-02-01,4.7
E08000034,2022-03-01,4.6
E08000034,2022-04-01,4.4
E08000034,2022-05-01,4.4
E08000034,2022-06-01,4.3
E08000034,2022-07-01,4.3
E08000034,2022-08-01,4.3
E08000034,2022-09-01,4.2
E08000034,2022-10-01,4.1
E08000034,2022-11-01,4.1
E08000034,2022-12-01,4.1
E08000034,2023-01-01,4.1
E08000034,2023-02-01,4.1
E08000034,2023-03-01,4.3
E08000034,2023-04-01,4.4
E08000034,2023-05-01,4.2
E08000034,2023-06-01,4.2
E08000034,2023-07-01,4.2
E08000034,2023-08-01,4.2
E08000034,2023-09-01,4.1
E08000034,2023-10-01,4.1
E08000034,2023-11-01,4.1
E08000034,2023-12-01,4.2
E08000034,2024-01-01,4.2
E08000034,2024-02-01,4.3
E08000034,2024-03-01,4.6
E08000034,2024-04-01,4.7
E08000034,2024-05-01,4.7
E08000034,2024-06-01,4.8
E08000034,2024-07-01,5.3
E08000034,2024-08-01,5.4
E08000034,2024-09-01,5.3
E08000034,2024-10-01,5.2
E08000034,2024-11-01,5.1
E08000034,2024-12-01,5.0
E08000034,2025-01-01,4.9
E08000034,2025-02-01,5.0
E08000034,2025-03-01,4.9
E08000034,2025-04-01,4.8
E08000034,2025-05-01,4.7
E08000034,2025-06-01,4.7
E08000034,2025-07-01,4.6
E08000034,2025-08-01,4.6
E08000034,2025-09-01,4.6
E08000034,2025-10-01,4.5
E08000034,2025-11-01,4.5
E08000034,2025-12-01,4.5
E08000034,2026-01-01,4.5
E08000034,2026-02-01,4.7
E08000035,2018-01-01,2.2
E08000035,2018-02-01,2.3
E08000035,2018-03-01,2.3
E08000035,2018-04-01,2.3
E08000035,2018-05-01,2.2
E08000035,2018-06-01,2.1
E08000035,2018-07-01,2.1
E08000035,2018-08-01,2.2
E08000035,2018-09-01,2.2
E08000035,2018-10-01,2.1
E08000035,2018-11-01,2.1
E08000035,2018-12-01,2.2
E08000035,2019-01-01,2.4
E08000035,2019-02-01,2.5
E08000035,2019-03-01,2.7
E08000035,2019-04-01,2.7
E08000035,2019-05-01,2.8
E08000035,2019-06-01,2.9
E08000035,2019-07-01,3.0
E08000035,2019-08-01,3.0
E08000035,2019-09-01,3.1
E08000035,2019-10-01,3.1
E08000035,2019-11-01,3.2
E08000035,2019-12-01,3.2
E08000035,2020-01-01,3.2
E08000035,2020-02-01,3.3
E08000035,2020-03-01,3.4
E08000035,2020-04-01,5.5
E08000035,2020-05-01,6.6
E08000035,2020-06-01,6.7
E08000035,2020-07-01,6.8
E08000035,2020-08-01,6.8
E08000035,2020-09-01,6.8
E08000035,2020-10-01,6.6
E08000035,2020-11-01,6.6
E08000035,2020-12-01,6.6
E08000035,2021-01-01,6.6
E08000035,2021-02-01,6.9
E08000035,2021-03-01,6.9
E08000035,2021-04-01,6.8
E08000035,2021-05-01,6.5
E08000035,2021-06-01,6.1
E08000035,2021-07-01,5.9
E08000035,2021-08-01,5.7
E08000035,2021-09-01,5.5
E08000035,2021-10-01,5.2
E08000035,2021-11-01,5.0
E08000035,2021-12-01,4.8
E08000035,2022-01-01,4.6
E08000035,2022-02-01,4.6
E08000035,2022-03-01,4.5
E08000035,2022-04-01,4.4
E08000035,2022-05-01,4.3
E08000035,2022-06-01,4.2
E08000035,2022-07-01,4.1
E08000035,2022-08-01,4.2
E08000035,2022-09-01,4.2
E08000035,2022-10-01,4.1
E08000035,2022-11-01,4.1
E08000035,2022-12-01,4.1
E08000035,2023-01-01,4.0
E08000035,2023-02-01,4.1
E08000035,2023-03-01,4.2
E08000035,2023-04-01,4.4
E08000035,2023-05-01,4.2
E08000035,2023-06-01,4.2
E08000035,2023-07-01,4.2
E08000035,2023-08-01,4.2
E08000035,2023-09-01,4.1
E08000035,2023-10-01,4.1
E08000035,2023-11-01,4.2
E08000035,2023-12-01,4.2
E08000035,2024-01-01,4.2
E08000035,2024-02-01,4.3
E08000035,2024-03-01,4.3
E08000035,2024-04-01,4.3
E08000035,2024-05-01,4.4
E08000035,2024-06-01,4.4
E08000035,2024-07-01,4.8
E08000035,2024-08-01,4.7
E08000035,2024-09-01,4.7
E08000035,2024-10-01,4.7
E08000035,2024-11-01,4.6
E08000035,2024-12-01,4.5
E08000035,2025-01-01,4.5
E08000035,2025-02-01,4.6
E08000035,2025-03-01,4.6
E08000035,2025-04-01,4.5
E08000035,2025-05-01,4.5
E08000035,2025-06-01,4.5
E08000035,2025-07-01,4.4
E08000035,2025-08-01,4.4
E08000035,2025-09-01,4.4
E08000035,2025-10-01,4.4
E08000035,2025-11-01,4.3
E08000035,2025-12-01,4.3
E08000035,2026-01-01,4.4
E08000035,2026-02-01,4.6
E08000036,2018-01-01,1.9
E08000036,2018-02-01,2.0
E08000036,2018-03-01,2.0
E08000036,2018-04-01,2.0
E08000036,2018-05-01,2
E08000036,2018-06-01,1.9
E08000036,2018-07-01,1.8
E08000036,2018-08-01,1.9
E08000036,2018-09-01,1.9
E08000036,2018-10-01,1.9
E08000036,2018-11-01,1.9
E08000036,2018-12-01,1.8
E08000036,2019-01-01,2.0
E08000036,2019-02-01,2.1
E08000036,2019-03-01,2.4
E08000036,2019-04-01,2.5
E08000036,2019-05-01,2.5
E08000036,2019-06-01,2.6
E08000036,2019-07-01,2.7
E08000036,2019-08-01,2.8
E08000036,2019-09-01,2.8
E08000036,2019-10-01,2.8
E08000036,2019-11-01,2.9
E08000036,2019-12-01,2.9
E08000036,2020-01-01,2.9
E08000036,2020-02-01,3.1
E08000036,2020-03-01,3.2
E08000036,2020-04-01,5.1
E08000036,2020-05-01,6.2
E08000036,2020-06-01,6.0
E08000036,2020-07-01,6.1
E08000036,2020-08-01,6.0
E08000036,2020-09-01,6.0
E08000036,2020-10-01,5.8
E08000036,2020-11-01,5.8
E08000036,2020-12-01,5.8
E08000036,2021-01-01,5.7
E08000036,2021-02-01,6.0
E08000036,2021-03-01,6.0
E08000036,2021-04-01,5.9
E08000036,2021-05-01,5.6
E08000036,2021-06-01,5.2
E08000036,2021-07-01,5.1
E08000036,2021-08-01,4.9
E08000036,2021-09-01,4.7
E08000036,2021-10-01,4.5
E08000036,2021-11-01,4.3
E08000036,2021-12-01,4.2
E08000036,2022-01-01,4.0
E08000036,2022-02-01,4.0
E08000036,2022-03-01,3.9
E08000036,2022-04-01,3.7
E08000036,2022-05-01,3.5
E08000036,2022-06-01,3.4
E08000036,2022-07-01,3.5
E08000036,2022-08-01,3.5
E08000036,2022-09-01,3.5
E08000036,2022-10-01,3.4
E08000036,2022-11-01,3.4
E08000036,2022-12-01,3.4
E08000036,2023-01-01,3.4
E08000036,2023-02-01,3.5
E08000036,2023-03-01,3.5
E08000036,2023-04-01,3.6
E08000036,2023-05-01,3.4
E08000036,2023-06-01,3.4
E08000036,2023-07-01,3.5
E08000036,2023-08-01,3.4
E08000036,2023-09-01,3.3
E08000036,2023-10-01,3.3
E08000036,2023-11-01,3.4
E08000036,2023-12-01,3.4
E08000036,2024-01-01,3.4
E08000036,2024-02-01,3.5
E08000036,2024-03-01,3.5
E08000036,2024-04-01,3.5
E08000036,2024-05-01,3.5
E08000036,2024-06-01,3.6
E08000036,2024-07-01,3.8
E08000036,2024-08-01,3.8
E08000036,2024-09-01,3.8
E08000036,2024-10-01,3.7
E08000036,2024-11-01,3.6
E08000036,2024-12-01,3.5
E08000036,2025-01-01,3.5
E08000036,2025-02-01,3.7
E08000036,2025-03-01,3.6
E08000036,2025-04-01,3.5
E08000036,2025-05-01,3.5
E08000036,2025-06-01,3.5
E08000036,2025-07-01,3.5
E08000036,2025-08-01,3.5
E08000036,2025-09-01,3.5
E08000036,2025-10-01,3.5
E08000036,2025-11-01,3.4
E08000036,2025-12-01,3.4
E08000036,2026-01-01,3.5
E08000036,2026-02-01,3.8
E08000037,2018-01-01,3.1
E08000037,2018-02-01,3.4
E08000037,2018-03-01,3.5
E08000037,2018-04-01,3.8
E08000037,2018-05-01,3.8
E08000037,2018-06-01,3.9
E08000037,2018-07-01,3.8
E08000037,2018-08-01,3.9
E08000037,2018-09-01,4.0
E08000037,2018-10-01,4.1
E08000037,2018-11-01,4.1
E08000037,2018-12-01,4.2
E08000037,2019-01-01,4.2
E08000037,2019-02-01,4.5
E08000037,2019-03-01,4.6
E08000037,2019-04-01,4.5
E08000037,2019-05-01,4.4
E08000037,2019-06-01,4.5
E08000037,2019-07-01,4.4
E08000037,2019-08-01,4.5
E08000037,2019-09-01,4.5
E08000037,2019-10-01,4.5
E08000037,2019-11-01,4.5
E08000037,2019-12-01,4.4
E08000037,2020-01-01,4.5
E08000037,2020-02-01,4.8
E08000037,2020-03-01,4.8
E08000037,2020-04-01,7.3
E08000037,2020-05-01,7.8
E08000037,2020-06-01,7.8
E08000037,2020-07-01,7.9
E08000037,2020-08-01,8.0
E08000037,2020-09-01,7.8
E08000037,2020-10-01,7.7
E08000037,2020-11-01,7.7
E08000037,2020-12-01,7.6
E08000037,2021-01-01,7.6
E08000037,2021-02-01,7.8
E08000037,2021-03-01,7.7
E08000037,2021-04-01,7.6
E08000037,2021-05-01,7.2
E08000037,2021-06-01,6.8
E08000037,2021-07-01,6.6
E08000037,2021-08-01,6.4
E08000037,2021-09-01,6.1
E08000037,2021-10-01,5.7
E08000037,2021-11-01,5.5
E08000037,2021-12-01,5.3
E08000037,2022-01-01,5.2
E08000037,2022-02-01,5.2
E08000037,2022-03-01,5.1
E08000037,2022-04-01,4.7
E08000037,2022-05-01,4.6
E08000037,2022-06-01,4.5
E08000037,2022-07-01,4.5
E08000037,2022-08-01,4.5
E08000037,2022-09-01,4.4
E08000037,2022-10-01,4.3
E08000037,2022-11-01,4.3
E08000037,2022-12-01,4.3
E08000037,2023-01-01,4.3
E08000037,2023-02-01,4.4
E08000037,2023-03-01,4.6
E08000037,2023-04-01,4.7
E08000037,2023-05-01,4.4
E08000037,2023-06-01,4.4
E08000037,2023-07-01,4.4
E08000037,2023-08-01,4.4
E08000037,2023-09-01,4.2
E08000037,2023-10-01,4.2
E08000037,2023-11-01,4.2
E08000037,2023-12-01,4.2
E08000037,2024-01-01,4.1
E08000037,2024-02-01,4.3
E08000037,2024-03-01,4.3
E08000037,2024-04-01,4.2
E08000037,2024-05-01,4.1
E08000037,2024-06-01,4.2
E08000037,2024-07-01,4.6
E08000037,2024-08-01,4.6
E08000037,2024-09-01,4.5
E08000037,2024-10-01,4.4
E08000037,2024-11-01,4.3
E08000037,2024-12-01,4.2
E08000037,2025-01-01,4.2
E08000037,2025-02-01,4.3
E08000037,2025-03-01,4.2
E08000037,2025-04-01,4.2
E08000037,2025-05-01,4.2
E08000037,2025-06-01,4.1
E08000037,2025-07-01,4.0
E08000037,2025-08-01,4.0
E08000037,2025-09-01,3.9
E08000037,2025-10-01,3.8
E08000037,2025-11-01,3.8
E08000037,2025-12-01,3.8
E08000037,2026-01-01,3.8
E08000037,2026-02-01,4.0
E09000001,2018-01-01,1.0
E09000001,2018-02-01,1.0
E09000001,2018-03-01,1.0
E09000001,2018-04-01,1.1
E09000001,2018-05-01,1
E09000001,2018-06-01,1.0
E09000001,2018-07-01,1.0
E09000001,2018-08-01,1.0
E09000001,2018-09-01,1.0
E09000001,2018-10-01,1.0
E09000001,2018-11-01,1.0
E09000001,2018-12-01,1.0
E09000001,2019-01-01,0.9
E09000001,2019-02-01,1.0
E09000001,2019-03-01,1.0
E09000001,2019-04-01,1.0
E09000001,2019-05-01,1.0
E09000001,2019-06-01,1.0
E09000001,2019-07-01,1.0
E09000001,2019-08-01,1.1
E09000001,2019-09-01,1.1
E09000001,2019-10-01,1.1
E09000001,2019-11-01,1.2
E09000001,2019-12-01,1.1
E09000001,2020-01-01,1.2
E09000001,2020-02-01,1.3
E09000001,2020-03-01,1.4
E09000001,2020-04-01,2.5
E09000001,2020-05-01,3.6
E09000001,2020-06-01,3.4
E09000001,2020-07-01,3.8
E09000001,2020-08-01,3.9
E09000001,2020-09-01,3.8
E09000001,2020-10-01,3.7
E09000001,2020-11-01,3.7
E09000001,2020-12-01,4.0
E09000001,2021-01-01,3.8
E09000001,2021-02-01,3.6
E09000001,2021-03-01,3.8
E09000001,2021-04-01,3.8
E09000001,2021-05-01,3.8
E09000001,2021-06-01,3.4
E09000001,2021-07-01,3.3
E09000001,2021-08-01,3.0
E09000001,2021-09-01,3.0
E09000001,2021-10-01,3.9
E09000001,2021-11-01,4.9
E09000001,2021-12-01,4.8
E09000001,2022-01-01,3.5
E09000001,2022-02-01,3.6
E09000001,2022-03-01,3.4
E09000001,2022-04-01,3.3
E09000001,2022-05-01,3.3
E09000001,2022-06-01,3.1
E09000001,2022-07-01,2.9
E09000001,2022-08-01,2.8
E09000001,2022-09-01,2.6
E09000001,2022-10-01,2.3
E09000001,2022-11-01,2.2
E09000001,2022-12-01,2.2
E09000001,2023-01-01,1.7
E09000001,2023-02-01,1.6
E09000001,2023-03-01,1.6
E09000001,2023-04-01,1.4
E09000001,2023-05-01,1.4
E09000001,2023-06-01,1.3
E09000001,2023-07-01,1.4
E09000001,2023-08-01,1.4
E09000001,2023-09-01,1.3
E09000001,2023-10-01,1.3
E09000001,2023-11-01,1.3
E09000001,2023-12-01,1.2
E09000001,2024-01-01,1.1
E09000001,2024-02-01,1.1
E09000001,2024-03-01,1.0
E09000001,2024-04-01,1.0
E09000001,2024-05-01,1.0
E09000001,2024-06-01,1.1
E09000001,2024-07-01,1.2
E09000001,2024-08-01,1.2
E09000001,2024-09-01,1.1
E09000001,2024-10-01,1.2
E09000001,2024-11-01,1.2
E09000001,2024-12-01,1.1
E09000001,2025-01-01,1.2
E09000001,2025-02-01,1.1
E09000001,2025-03-01,1.2
E09000001,2025-04-01,1.2
E09000001,2025-05-01,1.2
E09000001,2025-06-01,1.2
E09000001,2025-07-01,1.1
E09000001,2025-08-01,1.1
E09000001,2025-09-01,1.2
E09000001,2025-10-01,1.1
E09000001,2025-11-01,1.1
E09000001,2025-12-01,1.0
E09000001,2026-01-01,1.1
E09000001,2026-02-01,1.2
E09000002,2018-01-01,2.3
E09000002,2018-02-01,2.3
E09000002,2018-03-01,2.4
E09000002,2018-04-01,2.4
E09000002,2018-05-01,2.5
E09000002,2018-06-01,2.6
E09000002,2018-07-01,2.7
E09000002,2018-08-01,2.7
E09000002,2018-09-01,2.8
E09000002,2018-10-01,2.9
E09000002,2018-11-01,3.0
E09000002,2018-12-01,3.0
E09000002,2019-01-01,3.1
E09000002,2019-02-01,3.3
E09000002,2019-03-01,3.3
E09000002,2019-04-01,3.4
E09000002,2019-05-01,3.5
E09000002,2019-06-01,3.6
E09000002,2019-07-01,3.6
E09000002,2019-08-01,3.6
E09000002,2019-09-01,3.7
E09000002,2019-10-01,3.7
E09000002,2019-11-01,3.8
E09000002,2019-12-01,3.8
E09000002,2020-01-01,3.8
E09000002,2020-02-01,4.1
E09000002,2020-03-01,4.1
E09000002,2020-04-01,5.8
E09000002,2020-05-01,9.5
E09000002,2020-06-01,9.3
E09000002,2020-07-01,9.5
E09000002,2020-08-01,9.7
E09000002,2020-09-01,9.6
E09000002,2020-10-01,9.4
E09000002,2020-11-01,9.9
E09000002,2020-12-01,10.1
E09000002,2021-01-01,9.8
E09000002,2021-02-01,10.4
E09000002,2021-03-01,10.5
E09000002,2021-04-01,10.5
E09000002,2021-05-01,10.0
E09000002,2021-06-01,9.3
E09000002,2021-07-01,9.2
E09000002,2021-08-01,8.8
E09000002,2021-09-01,8.2
E09000002,2021-10-01,7.8
E09000002,2021-11-01,7.4
E09000002,2021-12-01,7.2
E09000002,2022-01-01,6.9
E09000002,2022-02-01,6.9
E09000002,2022-03-01,6.7
E09000002,2022-04-01,6.4
E09000002,2022-05-01,6.3
E09000002,2022-06-01,6.2
E09000002,2022-07-01,6.1
E09000002,2022-08-01,6.0
E09000002,2022-09-01,6.0
E09000002,2022-10-01,6.0
E09000002,2022-11-01,6.1
E09000002,2022-12-01,6.1
E09000002,2023-01-01,5.8
E09000002,2023-02-01,5.8
E09000002,2023-03-01,6.0
E09000002,2023-04-01,6.2
E09000002,2023-05-01,6.1
E09000002,2023-06-01,6.2
E09000002,2023-07-01,6.4
E09000002,2023-08-01,6.4
E09000002,2023-09-01,6.5
E09000002,2023-10-01,6.5
E09000002,2023-11-01,6.4
E09000002,2023-12-01,6.4
E09000002,2024-01-01,6.2
E09000002,2024-02-01,6.4
E09000002,2024-03-01,6.4
E09000002,2024-04-01,6.4
E09000002,2024-05-01,6.6
E09000002,2024-06-01,6.9
E09000002,2024-07-01,7.7
E09000002,2024-08-01,7.5
E09000002,2024-09-01,7.5
E09000002,2024-10-01,7.5
E09000002,2024-11-01,7.5
E09000002,2024-12-01,7.5
E09000002,2025-01-01,7.4
E09000002,2025-02-01,7.7
E09000002,2025-03-01,7.7
E09000002,2025-04-01,7.6
E09000002,2025-05-01,7.7
E09000002,2025-06-01,7.8
E09000002,2025-07-01,7.6
E09000002,2025-08-01,7.4
E09000002,2025-09-01,7.5
E09000002,2025-10-01,7.5
E09000002,2025-11-01,7.4
E09000002,2025-12-01,7.3
E09000002,2026-01-01,7.3
E09000002,2026-02-01,7.6
E09000003,2018-01-01,1.4
E09000003,2018-02-01,1.4
E09000003,2018-03-01,1.4
E09000003,2018-04-01,1.4
E09000003,2018-05-01,1.4
E09000003,2018-06-01,1.4
E09000003,2018-07-01,1.4
E09000003,2018-08-01,1.5
E09000003,2018-09-01,1.6
E09000003,2018-10-01,1.6
E09000003,2018-11-01,1.7
E09000003,2018-12-01,1.8
E09000003,2019-01-01,1.8
E09000003,2019-02-01,1.9
E09000003,2019-03-01,1.9
E09000003,2019-04-01,2.0
E09000003,2019-05-01,2.0
E09000003,2019-06-01,2.2
E09000003,2019-07-01,2.2
E09000003,2019-08-01,2.2
E09000003,2019-09-01,2.3
E09000003,2019-10-01,2.4
E09000003,2019-11-01,2.4
E09000003,2019-12-01,2.4
E09000003,2020-01-01,2.5
E09000003,2020-02-01,2.5
E09000003,2020-03-01,2.6
E09000003,2020-04-01,4.2
E09000003,2020-05-01,6.9
E09000003,2020-06-01,6.8
E09000003,2020-07-01,7.0
E09000003,2020-08-01,7.2
E09000003,2020-09-01,7.3
E09000003,2020-10-01,7.1
E09000003,2020-11-01,7.2
E09000003,2020-12-01,7.3
E09000003,2021-01-01,7.1
E09000003,2021-02-01,7.5
E09000003,2021-03-01,7.5
E09000003,2021-04-01,7.5
E09000003,2021-05-01,7.0
E09000003,2021-06-01,6.5
E09000003,2021-07-01,6.3
E09000003,2021-08-01,6.0
E09000003,2021-09-01,5.7
E09000003,2021-10-01,5.6
E09000003,2021-11-01,5.3
E09000003,2021-12-01,5.2
E09000003,2022-01-01,5.0
E09000003,2022-02-01,5.0
E09000003,2022-03-01,4.8
E09000003,2022-04-01,4.6
E09000003,2022-05-01,4.5
E09000003,2022-06-01,4.5
E09000003,2022-07-01,4.3
E09000003,2022-08-01,4.3
E09000003,2022-09-01,4.4
E09000003,2022-10-01,4.3
E09000003,2022-11-01,4.4
E09000003,2022-12-01,4.4
E09000003,2023-01-01,4.2
E09000003,2023-02-01,4.2
E09000003,2023-03-01,4.2
E09000003,2023-04-01,4.3
E09000003,2023-05-01,4.1
E09000003,2023-06-01,4.2
E09000003,2023-07-01,4.3
E09000003,2023-08-01,4.2
E09000003,2023-09-01,4.2
E09000003,2023-10-01,4.2
E09000003,2023-11-01,4.2
E09000003,2023-12-01,4.3
E09000003,2024-01-01,4.2
E09000003,2024-02-01,4.3
E09000003,2024-03-01,4.3
E09000003,2024-04-01,4.3
E09000003,2024-05-01,4.4
E09000003,2024-06-01,4.5
E09000003,2024-07-01,5.2
E09000003,2024-08-01,5.0
E09000003,2024-09-01,5.1
E09000003,2024-10-01,5.2
E09000003,2024-11-01,5.0
E09000003,2024-12-01,5.0
E09000003,2025-01-01,4.9
E09000003,2025-02-01,5.1
E09000003,2025-03-01,5.1
E09000003,2025-04-01,5.1
E09000003,2025-05-01,5.2
E09000003,2025-06-01,5.3
E09000003,2025-07-01,5.2
E09000003,2025-08-01,5.1
E09000003,2025-09-01,5.1
E09000003,2025-10-01,5.0
E09000003,2025-11-01,4.9
E09000003,2025-12-01,4.9
E09000003,2026-01-01,4.9
E09000003,2026-02-01,5.1
E09000004,2018-01-01,1.4
E09000004,2018-02-01,1.4
E09000004,2018-03-01,1.4
E09000004,2018-04-01,1.4
E09000004,2018-05-01,1.4
E09000004,2018-06-01,1.3
E09000004,2018-07-01,1.2
E09000004,2018-08-01,1.2
E09000004,2018-09-01,1.2
E09000004,2018-10-01,1.2
E09000004,2018-11-01,1.2
E09000004,2018-12-01,1.3
E09000004,2019-01-01,1.4
E09000004,2019-02-01,1.6
E09000004,2019-03-01,1.7
E09000004,2019-04-01,1.7
E09000004,2019-05-01,1.7
E09000004,2019-06-01,1.8
E09000004,2019-07-01,1.9
E09000004,2019-08-01,1.9
E09000004,2019-09-01,2.0
E09000004,2019-10-01,2.0
E09000004,2019-11-01,2.1
E09000004,2019-12-01,2.1
E09000004,2020-01-01,2.1
E09000004,2020-02-01,2.2
E09000004,2020-03-01,2.2
E09000004,2020-04-01,4.1
E09000004,2020-05-01,5.9
E09000004,2020-06-01,5.5
E09000004,2020-07-01,5.7
E09000004,2020-08-01,5.8
E09000004,2020-09-01,5.8
E09000004,2020-10-01,5.5
E09000004,2020-11-01,5.7
E09000004,2020-12-01,5.7
E09000004,2021-01-01,5.6
E09000004,2021-02-01,5.9
E09000004,2021-03-01,5.9
E09000004,2021-04-01,5.8
E09000004,2021-05-01,5.4
E09000004,2021-06-01,4.9
E09000004,2021-07-01,4.8
E09000004,2021-08-01,4.6
E09000004,2021-09-01,4.2
E09000004,2021-10-01,4.0
E09000004,2021-11-01,3.8
E09000004,2021-12-01,3.6
E09000004,2022-01-01,3.4
E09000004,2022-02-01,3.4
E09000004,2022-03-01,3.3
E09000004,2022-04-01,3.1
E09000004,2022-05-01,3.0
E09000004,2022-06-01,3.0
E09000004,2022-07-01,3.0
E09000004,2022-08-01,3.0
E09000004,2022-09-01,3.0
E09000004,2022-10-01,3.0
E09000004,2022-11-01,3.1
E09000004,2022-12-01,3.0
E09000004,2023-01-01,2.9
E09000004,2023-02-01,2.9
E09000004,2023-03-01,2.9
E09000004,2023-04-01,3.1
E09000004,2023-05-01,3.0
E09000004,2023-06-01,3.1
E09000004,2023-07-01,3.1
E09000004,2023-08-01,3.1
E09000004,2023-09-01,3.1
E09000004,2023-10-01,3.1
E09000004,2023-11-01,3.1
E09000004,2023-12-01,3.1
E09000004,2024-01-01,3.1
E09000004,2024-02-01,3.2
E09000004,2024-03-01,3.2
E09000004,2024-04-01,3.1
E09000004,2024-05-01,3.2
E09000004,2024-06-01,3.2
E09000004,2024-07-01,3.5
E09000004,2024-08-01,3.5
E09000004,2024-09-01,3.5
E09000004,2024-10-01,3.5
E09000004,2024-11-01,3.4
E09000004,2024-12-01,3.4
E09000004,2025-01-01,3.4
E09000004,2025-02-01,3.5
E09000004,2025-03-01,3.5
E09000004,2025-04-01,3.5
E09000004,2025-05-01,3.4
E09000004,2025-06-01,3.5
E09000004,2025-07-01,3.5
E09000004,2025-08-01,3.4
E09000004,2025-09-01,3.4
E09000004,2025-10-01,3.4
E09000004,2025-11-01,3.3
E09000004,2025-12-01,3.2
E09000004,2026-01-01,3.2
E09000004,2026-02-01,3.4
E09000005,2018-01-01,2.0
E09000005,2018-02-01,2.1
E09000005,2018-03-01,2.1
E09000005,2018-04-01,2.1
E09000005,2018-05-01,2
E09000005,2018-06-01,2.0
E09000005,2018-07-01,2.0
E09000005,2018-08-01,1.9
E09000005,2018-09-01,2.0
E09000005,2018-10-01,2.0
E09000005,2018-11-01,2.0
E09000005,2018-12-01,2.0
E09000005,2019-01-01,2.1
E09000005,2019-02-01,2.2
E09000005,2019-03-01,2.3
E09000005,2019-04-01,2.4
E09000005,2019-05-01,2.5
E09000005,2019-06-01,2.6
E09000005,2019-07-01,2.7
E09000005,2019-08-01,2.8
E09000005,2019-09-01,2.9
E09000005,2019-10-01,2.9
E09000005,2019-11-01,3.0
E09000005,2019-12-01,3.0
E09000005,2020-01-01,3.1
E09000005,2020-02-01,3.2
E09000005,2020-03-01,3.3
E09000005,2020-04-01,5.0
E09000005,2020-05-01,8.6
E09000005,2020-06-01,8.9
E09000005,2020-07-01,9.0
E09000005,2020-08-01,9.1
E09000005,2020-09-01,9.3
E09000005,2020-10-01,9.2
E09000005,2020-11-01,9.5
E09000005,2020-12-01,9.6
E09000005,2021-01-01,9.7
E09000005,2021-02-01,10.3
E09000005,2021-03-01,10.4
E09000005,2021-04-01,10.3
E09000005,2021-05-01,9.7
E09000005,2021-06-01,9.0
E09000005,2021-07-01,8.9
E09000005,2021-08-01,8.4
E09000005,2021-09-01,8.0
E09000005,2021-10-01,7.7
E09000005,2021-11-01,7.4
E09000005,2021-12-01,7.0
E09000005,2022-01-01,6.9
E09000005,2022-02-01,6.8
E09000005,2022-03-01,6.5
E09000005,2022-04-01,6.3
E09000005,2022-05-01,6.1
E09000005,2022-06-01,6.0
E09000005,2022-07-01,5.8
E09000005,2022-08-01,5.8
E09000005,2022-09-01,5.9
E09000005,2022-10-01,5.9
E09000005,2022-11-01,6.0
E09000005,2022-12-01,6.0
E09000005,2023-01-01,5.7
E09000005,2023-02-01,5.8
E09000005,2023-03-01,5.9
E09000005,2023-04-01,6.0
E09000005,2023-05-01,5.9
E09000005,2023-06-01,6.1
E09000005,2023-07-01,6.1
E09000005,2023-08-01,6.1
E09000005,2023-09-01,6.2
E09000005,2023-10-01,6.2
E09000005,2023-11-01,6.2
E09000005,2023-12-01,6.3
E09000005,2024-01-01,6.3
E09000005,2024-02-01,6.5
E09000005,2024-03-01,6.4
E09000005,2024-04-01,6.4
E09000005,2024-05-01,6.5
E09000005,2024-06-01,6.7
E09000005,2024-07-01,7.6
E09000005,2024-08-01,7.5
E09000005,2024-09-01,7.6
E09000005,2024-10-01,7.6
E09000005,2024-11-01,7.5
E09000005,2024-12-01,7.4
E09000005,2025-01-01,7.4
E09000005,2025-02-01,7.6
E09000005,2025-03-01,7.6
E09000005,2025-04-01,7.5
E09000005,2025-05-01,7.6
E09000005,2025-06-01,7.8
E09000005,2025-07-01,7.6
E09000005,2025-08-01,7.5
E09000005,2025-09-01,7.4
E09000005,2025-10-01,7.3
E09000005,2025-11-01,7.2
E09000005,2025-12-01,7.1
E09000005,2026-01-01,7.1
E09000005,2026-02-01,7.3
E09000006,2018-01-01,1.1
E09000006,2018-02-01,1.2
E09000006,2018-03-01,1.2
E09000006,2018-04-01,1.2
E09000006,2018-05-01,1.1
E09000006,2018-06-01,1.1
E09000006,2018-07-01,1.1
E09000006,2018-08-01,1.1
E09000006,2018-09-01,1.1
E09000006,2018-10-01,1.2
E09000006,2018-11-01,1.3
E09000006,2018-12-01,1.4
E09000006,2019-01-01,1.4
E09000006,2019-02-01,1.5
E09000006,2019-03-01,1.6
E09000006,2019-04-01,1.7
E09000006,2019-05-01,1.7
E09000006,2019-06-01,1.8
E09000006,2019-07-01,1.8
E09000006,2019-08-01,1.8
E09000006,2019-09-01,1.9
E09000006,2019-10-01,2.0
E09000006,2019-11-01,2.0
E09000006,2019-12-01,2.0
E09000006,2020-01-01,2.0
E09000006,2020-02-01,2.0
E09000006,2020-03-01,2.1
E09000006,2020-04-01,3.4
E09000006,2020-05-01,5.5
E09000006,2020-06-01,5.3
E09000006,2020-07-01,5.5
E09000006,2020-08-01,5.6
E09000006,2020-09-01,5.6
E09000006,2020-10-01,5.3
E09000006,2020-11-01,5.6
E09000006,2020-12-01,5.5
E09000006,2021-01-01,5.4
E09000006,2021-02-01,5.7
E09000006,2021-03-01,5.7
E09000006,2021-04-01,5.6
E09000006,2021-05-01,5.1
E09000006,2021-06-01,4.6
E09000006,2021-07-01,4.5
E09000006,2021-08-01,4.3
E09000006,2021-09-01,4.0
E09000006,2021-10-01,3.8
E09000006,2021-11-01,3.6
E09000006,2021-12-01,3.5
E09000006,2022-01-01,3.3
E09000006,2022-02-01,3.3
E09000006,2022-03-01,3.1
E09000006,2022-04-01,3.0
E09000006,2022-05-01,2.9
E09000006,2022-06-01,2.9
E09000006,2022-07-01,2.8
E09000006,2022-08-01,2.8
E09000006,2022-09-01,2.8
E09000006,2022-10-01,2.8
E09000006,2022-11-01,2.8
E09000006,2022-12-01,2.9
E09000006,2023-01-01,2.8
E09000006,2023-02-01,2.8
E09000006,2023-03-01,2.9
E09000006,2023-04-01,2.9
E09000006,2023-05-01,2.8
E09000006,2023-06-01,2.9
E09000006,2023-07-01,2.9
E09000006,2023-08-01,2.9
E09000006,2023-09-01,3.0
E09000006,2023-10-01,3.0
E09000006,2023-11-01,3.0
E09000006,2023-12-01,3.1
E09000006,2024-01-01,3.1
E09000006,2024-02-01,3.2
E09000006,2024-03-01,3.1
E09000006,2024-04-01,3.1
E09000006,2024-05-01,3.1
E09000006,2024-06-01,3.2
E09000006,2024-07-01,3.4
E09000006,2024-08-01,3.4
E09000006,2024-09-01,3.4
E09000006,2024-10-01,3.4
E09000006,2024-11-01,3.5
E09000006,2024-12-01,3.5
E09000006,2025-01-01,3.5
E09000006,2025-02-01,3.5
E09000006,2025-03-01,3.6
E09000006,2025-04-01,3.5
E09000006,2025-05-01,3.5
E09000006,2025-06-01,3.5
E09000006,2025-07-01,3.5
E09000006,2025-08-01,3.4
E09000006,2025-09-01,3.4
E09000006,2025-10-01,3.4
E09000006,2025-11-01,3.4
E09000006,2025-12-01,3.4
E09000006,2026-01-01,3.4
E09000006,2026-02-01,3.5
E09000007,2018-01-01,1.7
E09000007,2018-02-01,1.8
E09000007,2018-03-01,1.8
E09000007,2018-04-01,1.8
E09000007,2018-05-01,1.8
E09000007,2018-06-01,1.8
E09000007,2018-07-01,1.7
E09000007,2018-08-01,1.7
E09000007,2018-09-01,1.7
E09000007,2018-10-01,1.8
E09000007,2018-11-01,1.8
E09000007,2018-12-01,1.9
E09000007,2019-01-01,2.0
E09000007,2019-02-01,2.1
E09000007,2019-03-01,2.1
E09000007,2019-04-01,2.2
E09000007,2019-05-01,2.3
E09000007,2019-06-01,2.4
E09000007,2019-07-01,2.4
E09000007,2019-08-01,2.5
E09000007,2019-09-01,2.6
E09000007,2019-10-01,2.6
E09000007,2019-11-01,2.6
E09000007,2019-12-01,2.6
E09000007,2020-01-01,2.6
E09000007,2020-02-01,2.7
E09000007,2020-03-01,2.8
E09000007,2020-04-01,4.7
E09000007,2020-05-01,6.5
E09000007,2020-06-01,6.6
E09000007,2020-07-01,6.7
E09000007,2020-08-01,6.9
E09000007,2020-09-01,7.0
E09000007,2020-10-01,6.9
E09000007,2020-11-01,7.1
E09000007,2020-12-01,7.2
E09000007,2021-01-01,7.2
E09000007,2021-02-01,7.6
E09000007,2021-03-01,7.6
E09000007,2021-04-01,7.6
E09000007,2021-05-01,7.2
E09000007,2021-06-01,6.7
E09000007,2021-07-01,6.5
E09000007,2021-08-01,6.1
E09000007,2021-09-01,5.8
E09000007,2021-10-01,5.7
E09000007,2021-11-01,5.7
E09000007,2021-12-01,5.5
E09000007,2022-01-01,5.1
E09000007,2022-02-01,5.0
E09000007,2022-03-01,4.8
E09000007,2022-04-01,4.6
E09000007,2022-05-01,4.5
E09000007,2022-06-01,4.4
E09000007,2022-07-01,4.2
E09000007,2022-08-01,4.2
E09000007,2022-09-01,4.3
E09000007,2022-10-01,4.2
E09000007,2022-11-01,4.2
E09000007,2022-12-01,4.2
E09000007,2023-01-01,4.0
E09000007,2023-02-01,4.1
E09000007,2023-03-01,4.1
E09000007,2023-04-01,4.2
E09000007,2023-05-01,4.2
E09000007,2023-06-01,4.2
E09000007,2023-07-01,4.2
E09000007,2023-08-01,4.2
E09000007,2023-09-01,4.2
E09000007,2023-10-01,4.2
E09000007,2023-11-01,4.2
E09000007,2023-12-01,4.2
E09000007,2024-01-01,4.2
E09000007,2024-02-01,4.3
E09000007,2024-03-01,4.3
E09000007,2024-04-01,4.3
E09000007,2024-05-01,4.3
E09000007,2024-06-01,4.4
E09000007,2024-07-01,4.8
E09000007,2024-08-01,4.7
E09000007,2024-09-01,4.8
E09000007,2024-10-01,4.9
E09000007,2024-11-01,4.8
E09000007,2024-12-01,4.8
E09000007,2025-01-01,4.7
E09000007,2025-02-01,4.9
E09000007,2025-03-01,4.9
E09000007,2025-04-01,4.9
E09000007,2025-05-01,4.8
E09000007,2025-06-01,4.9
E09000007,2025-07-01,4.8
E09000007,2025-08-01,4.7
E09000007,2025-09-01,4.7
E09000007,2025-10-01,4.7
E09000007,2025-11-01,4.6
E09000007,2025-12-01,4.5
E09000007,2026-01-01,4.4
E09000007,2026-02-01,4.7
E09000008,2018-01-01,3.4
E09000008,2018-02-01,3.7
E09000008,2018-03-01,3.7
E09000008,2018-04-01,4.1
E09000008,2018-05-01,3.8
E09000008,2018-06-01,3.7
E09000008,2018-07-01,3.7
E09000008,2018-08-01,3.7
E09000008,2018-09-01,3.8
E09000008,2018-10-01,3.8
E09000008,2018-11-01,3.8
E09000008,2018-12-01,3.7
E09000008,2019-01-01,3.7
E09000008,2019-02-01,3.9
E09000008,2019-03-01,3.9
E09000008,2019-04-01,3.9
E09000008,2019-05-01,3.9
E09000008,2019-06-01,4.0
E09000008,2019-07-01,4.0
E09000008,2019-08-01,4.1
E09000008,2019-09-01,4.1
E09000008,2019-10-01,4.1
E09000008,2019-11-01,4.1
E09000008,2019-12-01,4.1
E09000008,2020-01-01,4.1
E09000008,2020-02-01,4.2
E09000008,2020-03-01,4.2
E09000008,2020-04-01,6.5
E09000008,2020-05-01,8.5
E09000008,2020-06-01,8.4
E09000008,2020-07-01,8.5
E09000008,2020-08-01,8.8
E09000008,2020-09-01,8.9
E09000008,2020-10-01,8.7
E09000008,2020-11-01,9.0
E09000008,2020-12-01,8.9
E09000008,2021-01-01,8.8
E09000008,2021-02-01,9.2
E09000008,2021-03-01,9.2
E09000008,2021-04-01,9.1
E09000008,2021-05-01,8.6
E09000008,2021-06-01,8.0
E09000008,2021-07-01,7.9
E09000008,2021-08-01,7.6
E09000008,2021-09-01,7.2
E09000008,2021-10-01,7.0
E09000008,2021-11-01,6.7
E09000008,2021-12-01,6.5
E09000008,2022-01-01,6.2
E09000008,2022-02-01,6.2
E09000008,2022-03-01,5.9
E09000008,2022-04-01,5.7
E09000008,2022-05-01,5.6
E09000008,2022-06-01,5.4
E09000008,2022-07-01,5.3
E09000008,2022-08-01,5.3
E09000008,2022-09-01,5.3
E09000008,2022-10-01,5.3
E09000008,2022-11-01,5.3
E09000008,2022-12-01,5.3
E09000008,2023-01-01,5.2
E09000008,2023-02-01,5.2
E09000008,2023-03-01,5.3
E09000008,2023-04-01,5.4
E09000008,2023-05-01,5.3
E09000008,2023-06-01,5.4
E09000008,2023-07-01,5.5
E09000008,2023-08-01,5.4
E09000008,2023-09-01,5.5
E09000008,2023-10-01,5.5
E09000008,2023-11-01,5.4
E09000008,2023-12-01,5.5
E09000008,2024-01-01,5.4
E09000008,2024-02-01,5.6
E09000008,2024-03-01,5.6
E09000008,2024-04-01,5.5
E09000008,2024-05-01,5.5
E09000008,2024-06-01,5.6
E09000008,2024-07-01,6.1
E09000008,2024-08-01,6.1
E09000008,2024-09-01,6.1
E09000008,2024-10-01,6.1
E09000008,2024-11-01,6.1
E09000008,2024-12-01,6.1
E09000008,2025-01-01,6.1
E09000008,2025-02-01,6.3
E09000008,2025-03-01,6.4
E09000008,2025-04-01,6.4
E09000008,2025-05-01,6.4
E09000008,2025-06-01,6.6
E09000008,2025-07-01,6.4
E09000008,2025-08-01,6.3
E09000008,2025-09-01,6.3
E09000008,2025-10-01,6.3
E09000008,2025-11-01,6.2
E09000008,2025-12-01,6.2
E09000008,2026-01-01,6.1
E09000008,2026-02-01,6.4
E09000009,2018-01-01,2.0
E09000009,2018-02-01,2.1
E09000009,2018-03-01,2.1
E09000009,2018-04-01,2.1
E09000009,2018-05-01,2.1
E09000009,2018-06-01,2.2
E09000009,2018-07-01,2.2
E09000009,2018-08-01,2.3
E09000009,2018-09-01,2.4
E09000009,2018-10-01,2.5
E09000009,2018-11-01,2.5
E09000009,2018-12-01,2.6
E09000009,2019-01-01,2.6
E09000009,2019-02-01,2.7
E09000009,2019-03-01,2.8
E09000009,2019-04-01,2.8
E09000009,2019-05-01,2.9
E09000009,2019-06-01,2.9
E09000009,2019-07-01,3.0
E09000009,2019-08-01,3.0
E09000009,2019-09-01,3.0
E09000009,2019-10-01,3.1
E09000009,2019-11-01,3.1
E09000009,2019-12-01,3.1
E09000009,2020-01-01,3.1
E09000009,2020-02-01,3.2
E09000009,2020-03-01,3.3
E09000009,2020-04-01,4.9
E09000009,2020-05-01,7.9
E09000009,2020-06-01,8.0
E09000009,2020-07-01,8.2
E09000009,2020-08-01,8.4
E09000009,2020-09-01,8.5
E09000009,2020-10-01,8.3
E09000009,2020-11-01,8.7
E09000009,2020-12-01,8.7
E09000009,2021-01-01,8.6
E09000009,2021-02-01,9.0
E09000009,2021-03-01,9.1
E09000009,2021-04-01,9.0
E09000009,2021-05-01,8.6
E09000009,2021-06-01,7.9
E09000009,2021-07-01,7.9
E09000009,2021-08-01,7.5
E09000009,2021-09-01,7.1
E09000009,2021-10-01,6.8
E09000009,2021-11-01,6.6
E09000009,2021-12-01,6.3
E09000009,2022-01-01,6.0
E09000009,2022-02-01,6.1
E09000009,2022-03-01,5.8
E09000009,2022-04-01,5.6
E09000009,2022-05-01,5.5
E09000009,2022-06-01,5.4
E09000009,2022-07-01,5.2
E09000009,2022-08-01,5.2
E09000009,2022-09-01,5.2
E09000009,2022-10-01,5.1
E09000009,2022-11-01,5.1
E09000009,2022-12-01,5.2
E09000009,2023-01-01,5.0
E09000009,2023-02-01,5.1
E09000009,2023-03-01,5.1
E09000009,2023-04-01,5.2
E09000009,2023-05-01,5.1
E09000009,2023-06-01,5.2
E09000009,2023-07-01,5.2
E09000009,2023-08-01,5.2
E09000009,2023-09-01,5.3
E09000009,2023-10-01,5.3
E09000009,2023-11-01,5.4
E09000009,2023-12-01,5.4
E09000009,2024-01-01,5.4
E09000009,2024-02-01,5.5
E09000009,2024-03-01,5.5
E09000009,2024-04-01,5.5
E09000009,2024-05-01,5.5
E09000009,2024-06-01,5.8
E09000009,2024-07-01,6.7
E09000009,2024-08-01,6.5
E09000009,2024-09-01,6.5
E09000009,2024-10-01,6.6
E09000009,2024-11-01,6.5
E09000009,2024-12-01,6.5
E09000009,2025-01-01,6.4
E09000009,2025-02-01,6.7
E09000009,2025-03-01,6.7
E09000009,2025-04-01,6.6
E09000009,2025-05-01,6.7
E09000009,2025-06-01,6.8
E09000009,2025-07-01,6.6
E09000009,2025-08-01,6.5
E09000009,2025-09-01,6.5
E09000009,2025-10-01,6.4
E09000009,2025-11-01,6.3
E09000009,2025-12-01,6.3
E09000009,2026-01-01,6.3
E09000009,2026-02-01,6.5
E09000010,2018-01-01,2.1
E09000010,2018-02-01,2.2
E09000010,2018-03-01,2.3
E09000010,2018-04-01,2.4
E09000010,2018-05-01,2.4
E09000010,2018-06-01,2.4
E09000010,2018-07-01,2.5
E09000010,2018-08-01,2.5
E09000010,2018-09-01,2.6
E09000010,2018-10-01,2.7
E09000010,2018-11-01,2.7
E09000010,2018-12-01,2.7
E09000010,2019-01-01,2.7
E09000010,2019-02-01,2.9
E09000010,2019-03-01,3.0
E09000010,2019-04-01,3.1
E09000010,2019-05-01,3.1
E09000010,2019-06-01,3.2
E09000010,2019-07-01,3.2
E09000010,2019-08-01,3.2
E09000010,2019-09-01,3.3
E09000010,2019-10-01,3.3
E09000010,2019-11-01,3.4
E09000010,2019-12-01,3.4
E09000010,2020-01-01,3.4
E09000010,2020-02-01,3.5
E09000010,2020-03-01,3.6
E09000010,2020-04-01,6.0
E09000010,2020-05-01,8.5
E09000010,2020-06-01,8.5
E09000010,2020-07-01,8.6
E09000010,2020-08-01,8.7
E09000010,2020-09-01,8.8
E09000010,2020-10-01,8.6
E09000010,2020-11-01,8.9
E09000010,2020-12-01,9.1
E09000010,2021-01-01,9.1
E09000010,2021-02-01,9.5
E09000010,2021-03-01,9.6
E09000010,2021-04-01,9.6
E09000010,2021-05-01,9.3
E09000010,2021-06-01,8.6
E09000010,2021-07-01,8.6
E09000010,2021-08-01,8.2
E09000010,2021-09-01,7.6
E09000010,2021-10-01,7.4
E09000010,2021-11-01,7.0
E09000010,2021-12-01,6.8
E09000010,2022-01-01,6.7
E09000010,2022-02-01,6.7
E09000010,2022-03-01,6.5
E09000010,2022-04-01,6.4
E09000010,2022-05-01,6.2
E09000010,2022-06-01,6.1
E09000010,2022-07-01,6.0
E09000010,2022-08-01,5.8
E09000010,2022-09-01,5.8
E09000010,2022-10-01,5.7
E09000010,2022-11-01,5.8
E09000010,2022-12-01,5.7
E09000010,2023-01-01,5.6
E09000010,2023-02-01,5.6
E09000010,2023-03-01,5.8
E09000010,2023-04-01,5.9
E09000010,2023-05-01,5.7
E09000010,2023-06-01,5.8
E09000010,2023-07-01,5.9
E09000010,2023-08-01,5.8
E09000010,2023-09-01,5.9
E09000010,2023-10-01,6.0
E09000010,2023-11-01,6.0
E09000010,2023-12-01,6.0
E09000010,2024-01-01,6.0
E09000010,2024-02-01,6.1
E09000010,2024-03-01,6.1
E09000010,2024-04-01,6.1
E09000010,2024-05-01,6.3
E09000010,2024-06-01,6.5
E09000010,2024-07-01,8.1
E09000010,2024-08-01,7.8
E09000010,2024-09-01,7.6
E09000010,2024-10-01,7.7
E09000010,2024-11-01,7.5
E09000010,2024-12-01,7.5
E09000010,2025-01-01,7.4
E09000010,2025-02-01,7.5
E09000010,2025-03-01,7.5
E09000010,2025-04-01,7.4
E09000010,2025-05-01,7.5
E09000010,2025-06-01,7.7
E09000010,2025-07-01,7.4
E09000010,2025-08-01,7.3
E09000010,2025-09-01,7.2
E09000010,2025-10-01,7.2
E09000010,2025-11-01,7.0
E09000010,2025-12-01,6.9
E09000010,2026-01-01,6.9
E09000010,2026-02-01,7.1
E09000011,2018-01-01,2.1
E09000011,2018-02-01,2.1
E09000011,2018-03-01,2.2
E09000011,2018-04-01,2.2
E09000011,2018-05-01,2.2
E09000011,2018-06-01,2.1
E09000011,2018-07-01,2.1
E09000011,2018-08-01,2.1
E09000011,2018-09-01,2.1
E09000011,2018-10-01,2.0
E09000011,2018-11-01,1.9
E09000011,2018-12-01,2.0
E09000011,2019-01-01,2.2
E09000011,2019-02-01,2.3
E09000011,2019-03-01,2.4
E09000011,2019-04-01,2.5
E09000011,2019-05-01,2.6
E09000011,2019-06-01,2.7
E09000011,2019-07-01,2.8
E09000011,2019-08-01,2.9
E09000011,2019-09-01,3.0
E09000011,2019-10-01,3.0
E09000011,2019-11-01,3.1
E09000011,2019-12-01,3.1
E09000011,2020-01-01,3.1
E09000011,2020-02-01,3.2
E09000011,2020-03-01,3.2
E09000011,2020-04-01,5.2
E09000011,2020-05-01,7.6
E09000011,2020-06-01,7.6
E09000011,2020-07-01,7.8
E09000011,2020-08-01,8.0
E09000011,2020-09-01,8.1
E09000011,2020-10-01,7.8
E09000011,2020-11-01,8.0
E09000011,2020-12-01,8.1
E09000011,2021-01-01,7.9
E09000011,2021-02-01,8.3
E09000011,2021-03-01,8.3
E09000011,2021-04-01,8.3
E09000011,2021-05-01,7.8
E09000011,2021-06-01,7.3
E09000011,2021-07-01,7.1
E09000011,2021-08-01,6.9
E09000011,2021-09-01,6.5
E09000011,2021-10-01,6.2
E09000011,2021-11-01,5.9
E09000011,2021-12-01,5.7
E09000011,2022-01-01,5.4
E09000011,2022-02-01,5.4
E09000011,2022-03-01,5.3
E09000011,2022-04-01,5.1
E09000011,2022-05-01,5.0
E09000011,2022-06-01,4.9
E09000011,2022-07-01,4.7
E09000011,2022-08-01,4.7
E09000011,2022-09-01,4.7
E09000011,2022-10-01,4.7
E09000011,2022-11-01,4.7
E09000011,2022-12-01,4.7
E09000011,2023-01-01,4.5
E09000011,2023-02-01,4.5
E09000011,2023-03-01,4.6
E09000011,2023-04-01,4.7
E09000011,2023-05-01,4.6
E09000011,2023-06-01,4.7
E09000011,2023-07-01,4.8
E09000011,2023-08-01,4.8
E09000011,2023-09-01,4.9
E09000011,2023-10-01,4.9
E09000011,2023-11-01,4.8
E09000011,2023-12-01,4.9
E09000011,2024-01-01,4.9
E09000011,2024-02-01,5.0
E09000011,2024-03-01,5.0
E09000011,2024-04-01,4.9
E09000011,2024-05-01,5.0
E09000011,2024-06-01,5.1
E09000011,2024-07-01,5.3
E09000011,2024-08-01,5.4
E09000011,2024-09-01,5.5
E09000011,2024-10-01,5.5
E09000011,2024-11-01,5.5
E09000011,2024-12-01,5.4
E09000011,2025-01-01,5.4
E09000011,2025-02-01,5.6
E09000011,2025-03-01,5.6
E09000011,2025-04-01,5.6
E09000011,2025-05-01,5.7
E09000011,2025-06-01,5.8
E09000011,2025-07-01,5.7
E09000011,2025-08-01,5.6
E09000011,2025-09-01,5.6
E09000011,2025-10-01,5.6
E09000011,2025-11-01,5.6
E09000011,2025-12-01,5.6
E09000011,2026-01-01,5.5
E09000011,2026-02-01,5.8
E09000012,2018-01-01,2.5
E09000012,2018-02-01,2.6
E09000012,2018-03-01,2.6
E09000012,2018-04-01,2.6
E09000012,2018-05-01,2.6
E09000012,2018-06-01,2.6
E09000012,2018-07-01,2.6
E09000012,2018-08-01,2.6
E09000012,2018-09-01,2.6
E09000012,2018-10-01,2.6
E09000012,2018-11-01,2.6
E09000012,2018-12-01,2.8
E09000012,2019-01-01,3.0
E09000012,2019-02-01,3.1
E09000012,2019-03-01,3.2
E09000012,2019-04-01,3.3
E09000012,2019-05-01,3.4
E09000012,2019-06-01,3.4
E09000012,2019-07-01,3.5
E09000012,2019-08-01,3.6
E09000012,2019-09-01,3.6
E09000012,2019-10-01,3.7
E09000012,2019-11-01,3.8
E09000012,2019-12-01,3.8
E09000012,2020-01-01,3.9
E09000012,2020-02-01,4.0
E09000012,2020-03-01,4.0
E09000012,2020-04-01,6.3
E09000012,2020-05-01,9.2
E09000012,2020-06-01,9.0
E09000012,2020-07-01,9.4
E09000012,2020-08-01,9.6
E09000012,2020-09-01,9.7
E09000012,2020-10-01,9.5
E09000012,2020-11-01,9.7
E09000012,2020-12-01,9.8
E09000012,2021-01-01,9.8
E09000012,2021-02-01,10.2
E09000012,2021-03-01,10.2
E09000012,2021-04-01,10.2
E09000012,2021-05-01,9.7
E09000012,2021-06-01,9.0
E09000012,2021-07-01,8.7
E09000012,2021-08-01,8.4
E09000012,2021-09-01,7.9
E09000012,2021-10-01,7.5
E09000012,2021-11-01,7.2
E09000012,2021-12-01,6.9
E09000012,2022-01-01,6.6
E09000012,2022-02-01,6.6
E09000012,2022-03-01,6.5
E09000012,2022-04-01,6.2
E09000012,2022-05-01,6.0
E09000012,2022-06-01,5.9
E09000012,2022-07-01,5.9
E09000012,2022-08-01,5.7
E09000012,2022-09-01,5.7
E09000012,2022-10-01,5.7
E09000012,2022-11-01,5.7
E09000012,2022-12-01,5.8
E09000012,2023-01-01,5.5
E09000012,2023-02-01,5.6
E09000012,2023-03-01,5.8
E09000012,2023-04-01,5.9
E09000012,2023-05-01,5.7
E09000012,2023-06-01,5.8
E09000012,2023-07-01,6.0
E09000012,2023-08-01,6.0
E09000012,2023-09-01,6.1
E09000012,2023-10-01,6.1
E09000012,2023-11-01,6.1
E09000012,2023-12-01,6.1
E09000012,2024-01-01,6.0
E09000012,2024-02-01,6.2
E09000012,2024-03-01,6.2
E09000012,2024-04-01,6.1
E09000012,2024-05-01,6.3
E09000012,2024-06-01,6.4
E09000012,2024-07-01,7.1
E09000012,2024-08-01,7.0
E09000012,2024-09-01,7.1
E09000012,2024-10-01,7.2
E09000012,2024-11-01,7.2
E09000012,2024-12-01,7.1
E09000012,2025-01-01,7.0
E09000012,2025-02-01,7.2
E09000012,2025-03-01,7.1
E09000012,2025-04-01,7.0
E09000012,2025-05-01,7.2
E09000012,2025-06-01,7.2
E09000012,2025-07-01,7.0
E09000012,2025-08-01,6.9
E09000012,2025-09-01,7.0
E09000012,2025-10-01,7.0
E09000012,2025-11-01,6.8
E09000012,2025-12-01,6.8
E09000012,2026-01-01,6.7
E09000012,2026-02-01,7.0
E09000013,2018-01-01,2.9
E09000013,2018-02-01,3.1
E09000013,2018-03-01,3.1
E09000013,2018-04-01,3.3
E09000013,2018-05-01,3.2
E09000013,2018-06-01,3.2
E09000013,2018-07-01,3.2
E09000013,2018-08-01,3.2
E09000013,2018-09-01,3.2
E09000013,2018-10-01,3.2
E09000013,2018-11-01,3.2
E09000013,2018-12-01,3.1
E09000013,2019-01-01,3.1
E09000013,2019-02-01,3.2
E09000013,2019-03-01,3.2
E09000013,2019-04-01,3.2
E09000013,2019-05-01,3.2
E09000013,2019-06-01,3.3
E09000013,2019-07-01,3.3
E09000013,2019-08-01,3.3
E09000013,2019-09-01,3.3
E09000013,2019-10-01,3.4
E09000013,2019-11-01,3.3
E09000013,2019-12-01,3.3
E09000013,2020-01-01,3.3
E09000013,2020-02-01,3.4
E09000013,2020-03-01,3.4
E09000013,2020-04-01,4.8
E09000013,2020-05-01,7.3
E09000013,2020-06-01,7.3
E09000013,2020-07-01,7.4
E09000013,2020-08-01,7.5
E09000013,2020-09-01,7.6
E09000013,2020-10-01,7.5
E09000013,2020-11-01,7.8
E09000013,2020-12-01,7.8
E09000013,2021-01-01,7.9
E09000013,2021-02-01,8.2
E09000013,2021-03-01,8.2
E09000013,2021-04-01,8.1
E09000013,2021-05-01,7.7
E09000013,2021-06-01,7.2
E09000013,2021-07-01,6.9
E09000013,2021-08-01,6.5
E09000013,2021-09-01,6.3
E09000013,2021-10-01,6.1
E09000013,2021-11-01,5.8
E09000013,2021-12-01,5.6
E09000013,2022-01-01,5.3
E09000013,2022-02-01,5.3
E09000013,2022-03-01,5.1
E09000013,2022-04-01,4.8
E09000013,2022-05-01,4.7
E09000013,2022-06-01,4.6
E09000013,2022-07-01,4.5
E09000013,2022-08-01,4.4
E09000013,2022-09-01,4.4
E09000013,2022-10-01,4.3
E09000013,2022-11-01,4.3
E09000013,2022-12-01,4.4
E09000013,2023-01-01,4.2
E09000013,2023-02-01,4.3
E09000013,2023-03-01,4.3
E09000013,2023-04-01,4.3
E09000013,2023-05-01,4.2
E09000013,2023-06-01,4.4
E09000013,2023-07-01,4.4
E09000013,2023-08-01,4.4
E09000013,2023-09-01,4.3
E09000013,2023-10-01,4.3
E09000013,2023-11-01,4.3
E09000013,2023-12-01,4.3
E09000013,2024-01-01,4.4
E09000013,2024-02-01,4.4
E09000013,2024-03-01,4.5
E09000013,2024-04-01,4.3
E09000013,2024-05-01,4.4
E09000013,2024-06-01,4.5
E09000013,2024-07-01,4.9
E09000013,2024-08-01,4.8
E09000013,2024-09-01,4.8
E09000013,2024-10-01,4.8
E09000013,2024-11-01,4.8
E09000013,2024-12-01,4.7
E09000013,2025-01-01,4.7
E09000013,2025-02-01,4.8
E09000013,2025-03-01,4.8
E09000013,2025-04-01,4.8
E09000013,2025-05-01,4.8
E09000013,2025-06-01,4.9
E09000013,2025-07-01,4.8
E09000013,2025-08-01,4.7
E09000013,2025-09-01,4.7
E09000013,2025-10-01,4.7
E09000013,2025-11-01,4.7
E09000013,2025-12-01,4.7
E09000013,2026-01-01,4.6
E09000013,2026-02-01,4.8
E09000014,2018-01-01,2.3
E09000014,2018-02-01,2.3
E09000014,2018-03-01,2.4
E09000014,2018-04-01,2.3
E09000014,2018-05-01,2.3
E09000014,2018-06-01,2.3
E09000014,2018-07-01,2.3
E09000014,2018-08-01,2.3
E09000014,2018-09-01,2.3
E09000014,2018-10-01,2.3
E09000014,2018-11-01,2.3
E09000014,2018-12-01,2.4
E09000014,2019-01-01,2.5
E09000014,2019-02-01,2.6
E09000014,2019-03-01,2.8
E09000014,2019-04-01,2.9
E09000014,2019-05-01,3.0
E09000014,2019-06-01,3.1
E09000014,2019-07-01,3.1
E09000014,2019-08-01,3.2
E09000014,2019-09-01,3.3
E09000014,2019-10-01,3.3
E09000014,2019-11-01,3.4
E09000014,2019-12-01,3.4
E09000014,2020-01-01,3.5
E09000014,2020-02-01,3.6
E09000014,2020-03-01,3.7
E09000014,2020-04-01,6.1
E09000014,2020-05-01,9.9
E09000014,2020-06-01,9.8
E09000014,2020-07-01,9.9
E09000014,2020-08-01,10.1
E09000014,2020-09-01,10.3
E09000014,2020-10-01,10.1
E09000014,2020-11-01,10.5
E09000014,2020-12-01,10.8
E09000014,2021-01-01,10.9
E09000014,2021-02-01,11.5
E09000014,2021-03-01,11.6
E09000014,2021-04-01,11.5
E09000014,2021-05-01,11.1
E09000014,2021-06-01,10.1
E09000014,2021-07-01,9.9
E09000014,2021-08-01,9.5
E09000014,2021-09-01,8.9
E09000014,2021-10-01,8.6
E09000014,2021-11-01,8.2
E09000014,2021-12-01,7.9
E09000014,2022-01-01,7.8
E09000014,2022-02-01,7.8
E09000014,2022-03-01,7.5
E09000014,2022-04-01,7.1
E09000014,2022-05-01,7.0
E09000014,2022-06-01,6.9
E09000014,2022-07-01,6.8
E09000014,2022-08-01,6.7
E09000014,2022-09-01,6.7
E09000014,2022-10-01,6.6
E09000014,2022-11-01,6.6
E09000014,2022-12-01,6.6
E09000014,2023-01-01,6.4
E09000014,2023-02-01,6.6
E09000014,2023-03-01,6.7
E09000014,2023-04-01,6.8
E09000014,2023-05-01,6.6
E09000014,2023-06-01,6.7
E09000014,2023-07-01,6.8
E09000014,2023-08-01,6.7
E09000014,2023-09-01,6.7
E09000014,2023-10-01,6.8
E09000014,2023-11-01,6.7
E09000014,2023-12-01,6.7
E09000014,2024-01-01,6.7
E09000014,2024-02-01,6.8
E09000014,2024-03-01,6.8
E09000014,2024-04-01,6.8
E09000014,2024-05-01,6.9
E09000014,2024-06-01,7.1
E09000014,2024-07-01,8.1
E09000014,2024-08-01,7.9
E09000014,2024-09-01,7.8
E09000014,2024-10-01,7.8
E09000014,2024-11-01,7.6
E09000014,2024-12-01,7.6
E09000014,2025-01-01,7.5
E09000014,2025-02-01,7.7
E09000014,2025-03-01,7.8
E09000014,2025-04-01,7.6
E09000014,2025-05-01,7.7
E09000014,2025-06-01,7.9
E09000014,2025-07-01,7.7
E09000014,2025-08-01,7.5
E09000014,2025-09-01,7.6
E09000014,2025-10-01,7.5
E09000014,2025-11-01,7.4
E09000014,2025-12-01,7.3
E09000014,2026-01-01,7.2
E09000014,2026-02-01,7.6
E09000015,2018-01-01,1.1
E09000015,2018-02-01,1.1
E09000015,2018-03-01,1.1
E09000015,2018-04-01,1.1
E09000015,2018-05-01,1.1
E09000015,2018-06-01,1.1
E09000015,2018-07-01,1.0
E09000015,2018-08-01,1.1
E09000015,2018-09-01,1.2
E09000015,2018-10-01,1.2
E09000015,2018-11-01,1.3
E09000015,2018-12-01,1.3
E09000015,2019-01-01,1.4
E09000015,2019-02-01,1.5
E09000015,2019-03-01,1.5
E09000015,2019-04-01,1.6
E09000015,2019-05-01,1.6
E09000015,2019-06-01,1.7
E09000015,2019-07-01,1.7
E09000015,2019-08-01,1.8
E09000015,2019-09-01,1.8
E09000015,2019-10-01,1.9
E09000015,2019-11-01,1.9
E09000015,2019-12-01,1.9
E09000015,2020-01-01,1.9
E09000015,2020-02-01,2.0
E09000015,2020-03-01,2.0
E09000015,2020-04-01,3.4
E09000015,2020-05-01,6.1
E09000015,2020-06-01,6.3
E09000015,2020-07-01,6.2
E09000015,2020-08-01,6.4
E09000015,2020-09-01,6.5
E09000015,2020-10-01,6.4
E09000015,2020-11-01,6.6
E09000015,2020-12-01,6.6
E09000015,2021-01-01,6.5
E09000015,2021-02-01,6.9
E09000015,2021-03-01,6.8
E09000015,2021-04-01,6.7
E09000015,2021-05-01,6.3
E09000015,2021-06-01,5.7
E09000015,2021-07-01,5.7
E09000015,2021-08-01,5.5
E09000015,2021-09-01,5.1
E09000015,2021-10-01,4.9
E09000015,2021-11-01,4.7
E09000015,2021-12-01,4.6
E09000015,2022-01-01,4.4
E09000015,2022-02-01,4.3
E09000015,2022-03-01,4.0
E09000015,2022-04-01,3.8
E09000015,2022-05-01,3.7
E09000015,2022-06-01,3.6
E09000015,2022-07-01,3.5
E09000015,2022-08-01,3.5
E09000015,2022-09-01,3.6
E09000015,2022-10-01,3.4
E09000015,2022-11-01,3.4
E09000015,2022-12-01,3.5
E09000015,2023-01-01,3.4
E09000015,2023-02-01,3.5
E09000015,2023-03-01,3.5
E09000015,2023-04-01,3.6
E09000015,2023-05-01,3.5
E09000015,2023-06-01,3.5
E09000015,2023-07-01,3.6
E09000015,2023-08-01,3.6
E09000015,2023-09-01,3.6
E09000015,2023-10-01,3.6
E09000015,2023-11-01,3.6
E09000015,2023-12-01,3.6
E09000015,2024-01-01,3.6
E09000015,2024-02-01,3.7
E09000015,2024-03-01,3.7
E09000015,2024-04-01,3.7
E09000015,2024-05-01,3.8
E09000015,2024-06-01,4.0
E09000015,2024-07-01,4.6
E09000015,2024-08-01,4.5
E09000015,2024-09-01,4.8
E09000015,2024-10-01,4.8
E09000015,2024-11-01,4.7
E09000015,2024-12-01,4.7
E09000015,2025-01-01,4.7
E09000015,2025-02-01,4.9
E09000015,2025-03-01,4.9
E09000015,2025-04-01,4.8
E09000015,2025-05-01,4.9
E09000015,2025-06-01,5.0
E09000015,2025-07-01,4.9
E09000015,2025-08-01,4.8
E09000015,2025-09-01,4.8
E09000015,2025-10-01,4.7
E09000015,2025-11-01,4.6
E09000015,2025-12-01,4.6
E09000015,2026-01-01,4.6
E09000015,2026-02-01,4.7
E09000016,2018-01-01,1.5
E09000016,2018-02-01,1.6
E09000016,2018-03-01,1.6
E09000016,2018-04-01,1.6
E09000016,2018-05-01,1.6
E09000016,2018-06-01,1.6
E09000016,2018-07-01,1.5
E09000016,2018-08-01,1.6
E09000016,2018-09-01,1.6
E09000016,2018-10-01,1.7
E09000016,2018-11-01,1.8
E09000016,2018-12-01,1.9
E09000016,2019-01-01,1.9
E09000016,2019-02-01,2.1
E09000016,2019-03-01,2.1
E09000016,2019-04-01,2.2
E09000016,2019-05-01,2.2
E09000016,2019-06-01,2.3
E09000016,2019-07-01,2.3
E09000016,2019-08-01,2.3
E09000016,2019-09-01,2.3
E09000016,2019-10-01,2.4
E09000016,2019-11-01,2.4
E09000016,2019-12-01,2.5
E09000016,2020-01-01,2.4
E09000016,2020-02-01,2.6
E09000016,2020-03-01,2.6
E09000016,2020-04-01,4.9
E09000016,2020-05-01,6.6
E09000016,2020-06-01,6.1
E09000016,2020-07-01,6.3
E09000016,2020-08-01,6.5
E09000016,2020-09-01,6.5
E09000016,2020-10-01,6.2
E09000016,2020-11-01,6.3
E09000016,2020-12-01,6.4
E09000016,2021-01-01,6.1
E09000016,2021-02-01,6.5
E09000016,2021-03-01,6.5
E09000016,2021-04-01,6.5
E09000016,2021-05-01,6.0
E09000016,2021-06-01,5.5
E09000016,2021-07-01,5.4
E09000016,2021-08-01,5.1
E09000016,2021-09-01,4.8
E09000016,2021-10-01,4.6
E09000016,2021-11-01,4.4
E09000016,2021-12-01,4.3
E09000016,2022-01-01,4.1
E09000016,2022-02-01,4.1
E09000016,2022-03-01,3.8
E09000016,2022-04-01,3.6
E09000016,2022-05-01,3.5
E09000016,2022-06-01,3.5
E09000016,2022-07-01,3.4
E09000016,2022-08-01,3.5
E09000016,2022-09-01,3.5
E09000016,2022-10-01,3.5
E09000016,2022-11-01,3.6
E09000016,2022-12-01,3.6
E09000016,2023-01-01,3.5
E09000016,2023-02-01,3.6
E09000016,2023-03-01,3.8
E09000016,2023-04-01,3.8
E09000016,2023-05-01,3.8
E09000016,2023-06-01,3.8
E09000016,2023-07-01,3.8
E09000016,2023-08-01,3.8
E09000016,2023-09-01,3.8
E09000016,2023-10-01,3.9
E09000016,2023-11-01,3.9
E09000016,2023-12-01,3.8
E09000016,2024-01-01,3.8
E09000016,2024-02-01,3.9
E09000016,2024-03-01,3.9
E09000016,2024-04-01,3.9
E09000016,2024-05-01,4.0
E09000016,2024-06-01,4.1
E09000016,2024-07-01,4.4
E09000016,2024-08-01,4.4
E09000016,2024-09-01,4.5
E09000016,2024-10-01,4.5
E09000016,2024-11-01,4.4
E09000016,2024-12-01,4.4
E09000016,2025-01-01,4.3
E09000016,2025-02-01,4.5
E09000016,2025-03-01,4.5
E09000016,2025-04-01,4.4
E09000016,2025-05-01,4.4
E09000016,2025-06-01,4.5
E09000016,2025-07-01,4.4
E09000016,2025-08-01,4.4
E09000016,2025-09-01,4.4
E09000016,2025-10-01,4.4
E09000016,2025-11-01,4.3
E09000016,2025-12-01,4.3
E09000016,2026-01-01,4.3
E09000016,2026-02-01,4.5
E09000017,2018-01-01,1.3
E09000017,2018-02-01,1.3
E09000017,2018-03-01,1.4
E09000017,2018-04-01,1.3
E09000017,2018-05-01,1.3
E09000017,2018-06-01,1.3
E09000017,2018-07-01,1.3
E09000017,2018-08-01,1.3
E09000017,2018-09-01,1.3
E09000017,2018-10-01,1.3
E09000017,2018-11-01,1.2
E09000017,2018-12-01,1.3
E09000017,2019-01-01,1.5
E09000017,2019-02-01,1.6
E09000017,2019-03-01,1.7
E09000017,2019-04-01,1.8
E09000017,2019-05-01,1.9
E09000017,2019-06-01,1.9
E09000017,2019-07-01,1.9
E09000017,2019-08-01,2.0
E09000017,2019-09-01,2.1
E09000017,2019-10-01,2.1
E09000017,2019-11-01,2.1
E09000017,2019-12-01,2.2
E09000017,2020-01-01,2.2
E09000017,2020-02-01,2.3
E09000017,2020-03-01,2.4
E09000017,2020-04-01,4.0
E09000017,2020-05-01,6.5
E09000017,2020-06-01,6.5
E09000017,2020-07-01,6.7
E09000017,2020-08-01,6.9
E09000017,2020-09-01,7.0
E09000017,2020-10-01,6.9
E09000017,2020-11-01,7.2
E09000017,2020-12-01,7.2
E09000017,2021-01-01,7.1
E09000017,2021-02-01,7.5
E09000017,2021-03-01,7.5
E09000017,2021-04-01,7.3
E09000017,2021-05-01,6.8
E09000017,2021-06-01,6.3
E09000017,2021-07-01,6.1
E09000017,2021-08-01,5.8
E09000017,2021-09-01,5.5
E09000017,2021-10-01,5.2
E09000017,2021-11-01,5.0
E09000017,2021-12-01,4.7
E09000017,2022-01-01,4.3
E09000017,2022-02-01,4.3
E09000017,2022-03-01,4.2
E09000017,2022-04-01,4.0
E09000017,2022-05-01,3.9
E09000017,2022-06-01,3.8
E09000017,2022-07-01,3.7
E09000017,2022-08-01,3.7
E09000017,2022-09-01,3.7
E09000017,2022-10-01,3.7
E09000017,2022-11-01,3.7
E09000017,2022-12-01,3.8
E09000017,2023-01-01,3.5
E09000017,2023-02-01,3.7
E09000017,2023-03-01,3.7
E09000017,2023-04-01,3.8
E09000017,2023-05-01,3.7
E09000017,2023-06-01,3.8
E09000017,2023-07-01,3.8
E09000017,2023-08-01,3.8
E09000017,2023-09-01,3.9
E09000017,2023-10-01,4.0
E09000017,2023-11-01,4.0
E09000017,2023-12-01,4.0
E09000017,2024-01-01,3.9
E09000017,2024-02-01,4.0
E09000017,2024-03-01,4.0
E09000017,2024-04-01,4.0
E09000017,2024-05-01,4.1
E09000017,2024-06-01,4.3
E09000017,2024-07-01,4.8
E09000017,2024-08-01,4.7
E09000017,2024-09-01,4.8
E09000017,2024-10-01,4.9
E09000017,2024-11-01,4.8
E09000017,2024-12-01,4.8
E09000017,2025-01-01,4.7
E09000017,2025-02-01,4.9
E09000017,2025-03-01,5.0
E09000017,2025-04-01,5.0
E09000017,2025-05-01,5.0
E09000017,2025-06-01,5.0
E09000017,2025-07-01,4.9
E09000017,2025-08-01,4.9
E09000017,2025-09-01,4.9
E09000017,2025-10-01,4.9
E09000017,2025-11-01,4.8
E09000017,2025-12-01,4.8
E09000017,2026-01-01,4.7
E09000017,2026-02-01,5.0
E09000018,2018-01-01,2.5
E09000018,2018-02-01,2.8
E09000018,2018-03-01,2.8
E09000018,2018-04-01,3.1
E09000018,2018-05-01,2.8
E09000018,2018-06-01,2.8
E09000018,2018-07-01,2.8
E09000018,2018-08-01,2.8
E09000018,2018-09-01,2.9
E09000018,2018-10-01,2.9
E09000018,2018-11-01,2.9
E09000018,2018-12-01,2.9
E09000018,2019-01-01,2.9
E09000018,2019-02-01,3.1
E09000018,2019-03-01,3.1
E09000018,2019-04-01,3.1
E09000018,2019-05-01,3.1
E09000018,2019-06-01,3.1
E09000018,2019-07-01,3.1
E09000018,2019-08-01,3.1
E09000018,2019-09-01,3.2
E09000018,2019-10-01,3.2
E09000018,2019-11-01,3.2
E09000018,2019-12-01,3.2
E09000018,2020-01-01,3.2
E09000018,2020-02-01,3.4
E09000018,2020-03-01,3.4
E09000018,2020-04-01,5.2
E09000018,2020-05-01,7.7
E09000018,2020-06-01,7.6
E09000018,2020-07-01,7.8
E09000018,2020-08-01,8.1
E09000018,2020-09-01,8.2
E09000018,2020-10-01,8.2
E09000018,2020-11-01,8.6
E09000018,2020-12-01,8.6
E09000018,2021-01-01,8.4
E09000018,2021-02-01,9.0
E09000018,2021-03-01,9.1
E09000018,2021-04-01,9.0
E09000018,2021-05-01,8.5
E09000018,2021-06-01,7.8
E09000018,2021-07-01,7.6
E09000018,2021-08-01,7.2
E09000018,2021-09-01,6.8
E09000018,2021-10-01,6.4
E09000018,2021-11-01,6.2
E09000018,2021-12-01,5.9
E09000018,2022-01-01,5.7
E09000018,2022-02-01,5.7
E09000018,2022-03-01,5.3
E09000018,2022-04-01,5.1
E09000018,2022-05-01,4.9
E09000018,2022-06-01,4.8
E09000018,2022-07-01,4.7
E09000018,2022-08-01,4.7
E09000018,2022-09-01,4.7
E09000018,2022-10-01,4.7
E09000018,2022-11-01,4.7
E09000018,2022-12-01,4.7
E09000018,2023-01-01,4.6
E09000018,2023-02-01,4.7
E09000018,2023-03-01,4.8
E09000018,2023-04-01,5.0
E09000018,2023-05-01,4.8
E09000018,2023-06-01,4.9
E09000018,2023-07-01,4.9
E09000018,2023-08-01,4.8
E09000018,2023-09-01,4.9
E09000018,2023-10-01,4.9
E09000018,2023-11-01,4.9
E09000018,2023-12-01,4.9
E09000018,2024-01-01,4.8
E09000018,2024-02-01,4.9
E09000018,2024-03-01,4.9
E09000018,2024-04-01,4.8
E09000018,2024-05-01,4.8
E09000018,2024-06-01,5.1
E09000018,2024-07-01,5.6
E09000018,2024-08-01,5.5
E09000018,2024-09-01,5.5
E09000018,2024-10-01,5.5
E09000018,2024-11-01,5.4
E09000018,2024-12-01,5.2
E09000018,2025-01-01,5.2
E09000018,2025-02-01,5.4
E09000018,2025-03-01,5.3
E09000018,2025-04-01,5.2
E09000018,2025-05-01,5.2
E09000018,2025-06-01,5.4
E09000018,2025-07-01,5.3
E09000018,2025-08-01,5.2
E09000018,2025-09-01,5.1
E09000018,2025-10-01,5.1
E09000018,2025-11-01,5.0
E09000018,2025-12-01,4.9
E09000018,2026-01-01,4.9
E09000018,2026-02-01,5.1
E09000019,2018-01-01,2.2
E09000019,2018-02-01,2.3
E09000019,2018-03-01,2.3
E09000019,2018-04-01,2.3
E09000019,2018-05-01,2.3
E09000019,2018-06-01,2.4
E09000019,2018-07-01,2.4
E09000019,2018-08-01,2.4
E09000019,2018-09-01,2.5
E09000019,2018-10-01,2.6
E09000019,2018-11-01,2.7
E09000019,2018-12-01,2.8
E09000019,2019-01-01,2.8
E09000019,2019-02-01,2.9
E09000019,2019-03-01,3.0
E09000019,2019-04-01,3.0
E09000019,2019-05-01,3.1
E09000019,2019-06-01,3.2
E09000019,2019-07-01,3.2
E09000019,2019-08-01,3.3
E09000019,2019-09-01,3.3
E09000019,2019-10-01,3.3
E09000019,2019-11-01,3.3
E09000019,2019-12-01,3.3
E09000019,2020-01-01,3.4
E09000019,2020-02-01,3.5
E09000019,2020-03-01,3.5
E09000019,2020-04-01,5.3
E09000019,2020-05-01,7.5
E09000019,2020-06-01,7.5
E09000019,2020-07-01,7.6
E09000019,2020-08-01,7.8
E09000019,2020-09-01,7.9
E09000019,2020-10-01,7.8
E09000019,2020-11-01,8.1
E09000019,2020-12-01,8.2
E09000019,2021-01-01,8.3
E09000019,2021-02-01,8.6
E09000019,2021-03-01,8.6
E09000019,2021-04-01,8.6
E09000019,2021-05-01,8.1
E09000019,2021-06-01,7.6
E09000019,2021-07-01,7.3
E09000019,2021-08-01,6.9
E09000019,2021-09-01,6.7
E09000019,2021-10-01,6.4
E09000019,2021-11-01,6.1
E09000019,2021-12-01,5.8
E09000019,2022-01-01,5.5
E09000019,2022-02-01,5.6
E09000019,2022-03-01,5.4
E09000019,2022-04-01,5.2
E09000019,2022-05-01,5.1
E09000019,2022-06-01,5.0
E09000019,2022-07-01,5.0
E09000019,2022-08-01,4.9
E09000019,2022-09-01,4.9
E09000019,2022-10-01,4.9
E09000019,2022-11-01,4.9
E09000019,2022-12-01,4.9
E09000019,2023-01-01,4.8
E09000019,2023-02-01,4.9
E09000019,2023-03-01,5.0
E09000019,2023-04-01,5.1
E09000019,2023-05-01,5.0
E09000019,2023-06-01,5.1
E09000019,2023-07-01,5.1
E09000019,2023-08-01,5.1
E09000019,2023-09-01,5.2
E09000019,2023-10-01,5.2
E09000019,2023-11-01,5.2
E09000019,2023-12-01,5.2
E09000019,2024-01-01,5.1
E09000019,2024-02-01,5.3
E09000019,2024-03-01,5.3
E09000019,2024-04-01,5.3
E09000019,2024-05-01,5.4
E09000019,2024-06-01,5.4
E09000019,2024-07-01,5.8
E09000019,2024-08-01,5.8
E09000019,2024-09-01,5.9
E09000019,2024-10-01,5.9
E09000019,2024-11-01,5.8
E09000019,2024-12-01,5.8
E09000019,2025-01-01,5.7
E09000019,2025-02-01,5.9
E09000019,2025-03-01,5.9
E09000019,2025-04-01,5.8
E09000019,2025-05-01,5.8
E09000019,2025-06-01,5.8
E09000019,2025-07-01,5.8
E09000019,2025-08-01,5.8
E09000019,2025-09-01,5.7
E09000019,2025-10-01,5.7
E09000019,2025-11-01,5.6
E09000019,2025-12-01,5.5
E09000019,2026-01-01,5.4
E09000019,2026-02-01,5.6
E09000020,2018-01-01,1.7
E09000020,2018-02-01,1.9
E09000020,2018-03-01,1.8
E09000020,2018-04-01,1.9
E09000020,2018-05-01,1.9
E09000020,2018-06-01,1.9
E09000020,2018-07-01,1.8
E09000020,2018-08-01,1.8
E09000020,2018-09-01,1.8
E09000020,2018-10-01,1.8
E09000020,2018-11-01,1.9
E09000020,2018-12-01,1.8
E09000020,2019-01-01,1.9
E09000020,2019-02-01,2.0
E09000020,2019-03-01,2.0
E09000020,2019-04-01,2.0
E09000020,2019-05-01,2.1
E09000020,2019-06-01,2.1
E09000020,2019-07-01,2.1
E09000020,2019-08-01,2.2
E09000020,2019-09-01,2.2
E09000020,2019-10-01,2.2
E09000020,2019-11-01,2.2
E09000020,2019-12-01,2.2
E09000020,2020-01-01,2.2
E09000020,2020-02-01,2.3
E09000020,2020-03-01,2.3
E09000020,2020-04-01,3.6
E09000020,2020-05-01,5.5
E09000020,2020-06-01,5.6
E09000020,2020-07-01,5.7
E09000020,2020-08-01,5.9
E09000020,2020-09-01,5.9
E09000020,2020-10-01,5.8
E09000020,2020-11-01,6.0
E09000020,2020-12-01,6.1
E09000020,2021-01-01,6.1
E09000020,2021-02-01,6.3
E09000020,2021-03-01,6.3
E09000020,2021-04-01,6.2
E09000020,2021-05-01,5.9
E09000020,2021-06-01,5.5
E09000020,2021-07-01,5.3
E09000020,2021-08-01,5.1
E09000020,2021-09-01,4.8
E09000020,2021-10-01,4.7
E09000020,2021-11-01,4.6
E09000020,2021-12-01,4.4
E09000020,2022-01-01,4.1
E09000020,2022-02-01,4.1
E09000020,2022-03-01,3.9
E09000020,2022-04-01,3.7
E09000020,2022-05-01,3.6
E09000020,2022-06-01,3.5
E09000020,2022-07-01,3.4
E09000020,2022-08-01,3.4
E09000020,2022-09-01,3.3
E09000020,2022-10-01,3.3
E09000020,2022-11-01,3.3
E09000020,2022-12-01,3.3
E09000020,2023-01-01,3.2
E09000020,2023-02-01,3.2
E09000020,2023-03-01,3.2
E09000020,2023-04-01,3.1
E09000020,2023-05-01,3.1
E09000020,2023-06-01,3.2
E09000020,2023-07-01,3.2
E09000020,2023-08-01,3.2
E09000020,2023-09-01,3.2
E09000020,2023-10-01,3.2
E09000020,2023-11-01,3.2
E09000020,2023-12-01,3.2
E09000020,2024-01-01,3.3
E09000020,2024-02-01,3.3
E09000020,2024-03-01,3.3
E09000020,2024-04-01,3.2
E09000020,2024-05-01,3.3
E09000020,2024-06-01,3.4
E09000020,2024-07-01,3.7
E09000020,2024-08-01,3.7
E09000020,2024-09-01,3.7
E09000020,2024-10-01,3.8
E09000020,2024-11-01,3.7
E09000020,2024-12-01,3.8
E09000020,2025-01-01,3.7
E09000020,2025-02-01,3.8
E09000020,2025-03-01,3.7
E09000020,2025-04-01,3.7
E09000020,2025-05-01,3.7
E09000020,2025-06-01,3.7
E09000020,2025-07-01,3.6
E09000020,2025-08-01,3.6
E09000020,2025-09-01,3.5
E09000020,2025-10-01,3.5
E09000020,2025-11-01,3.5
E09000020,2025-12-01,3.5
E09000020,2026-01-01,3.4
E09000020,2026-02-01,3.5
E09000021,2018-01-01,1.2
E09000021,2018-02-01,1.2
E09000021,2018-03-01,1.2
E09000021,2018-04-01,1.2
E09000021,2018-05-01,1.1
E09000021,2018-06-01,1.1
E09000021,2018-07-01,1.1
E09000021,2018-08-01,1.1
E09000021,2018-09-01,1.2
E09000021,2018-10-01,1.3
E09000021,2018-11-01,1.4
E09000021,2018-12-01,1.5
E09000021,2019-01-01,1.5
E09000021,2019-02-01,1.6
E09000021,2019-03-01,1.6
E09000021,2019-04-01,1.7
E09000021,2019-05-01,1.7
E09000021,2019-06-01,1.7
E09000021,2019-07-01,1.7
E09000021,2019-08-01,1.7
E09000021,2019-09-01,1.8
E09000021,2019-10-01,1.8
E09000021,2019-11-01,1.9
E09000021,2019-12-01,1.9
E09000021,2020-01-01,1.9
E09000021,2020-02-01,2.0
E09000021,2020-03-01,2.0
E09000021,2020-04-01,3.1
E09000021,2020-05-01,5.2
E09000021,2020-06-01,5.1
E09000021,2020-07-01,5.3
E09000021,2020-08-01,5.5
E09000021,2020-09-01,5.5
E09000021,2020-10-01,5.3
E09000021,2020-11-01,5.3
E09000021,2020-12-01,5.3
E09000021,2021-01-01,5.2
E09000021,2021-02-01,5.5
E09000021,2021-03-01,5.5
E09000021,2021-04-01,5.4
E09000021,2021-05-01,5.0
E09000021,2021-06-01,4.5
E09000021,2021-07-01,4.4
E09000021,2021-08-01,4.2
E09000021,2021-09-01,3.9
E09000021,2021-10-01,3.7
E09000021,2021-11-01,3.5
E09000021,2021-12-01,3.4
E09000021,2022-01-01,3.2
E09000021,2022-02-01,3.2
E09000021,2022-03-01,3.0
E09000021,2022-04-01,2.7
E09000021,2022-05-01,2.7
E09000021,2022-06-01,2.6
E09000021,2022-07-01,2.6
E09000021,2022-08-01,2.5
E09000021,2022-09-01,2.5
E09000021,2022-10-01,2.5
E09000021,2022-11-01,2.5
E09000021,2022-12-01,2.5
E09000021,2023-01-01,2.5
E09000021,2023-02-01,2.5
E09000021,2023-03-01,2.6
E09000021,2023-04-01,2.7
E09000021,2023-05-01,2.6
E09000021,2023-06-01,2.7
E09000021,2023-07-01,2.7
E09000021,2023-08-01,2.7
E09000021,2023-09-01,2.8
E09000021,2023-10-01,2.8
E09000021,2023-11-01,2.7
E09000021,2023-12-01,2.8
E09000021,2024-01-01,2.7
E09000021,2024-02-01,2.8
E09000021,2024-03-01,2.8
E09000021,2024-04-01,2.8
E09000021,2024-05-01,2.8
E09000021,2024-06-01,2.8
E09000021,2024-07-01,3.2
E09000021,2024-08-01,3.2
E09000021,2024-09-01,3.2
E09000021,2024-10-01,3.3
E09000021,2024-11-01,3.3
E09000021,2024-12-01,3.2
E09000021,2025-01-01,3.2
E09000021,2025-02-01,3.3
E09000021,2025-03-01,3.2
E09000021,2025-04-01,3.2
E09000021,2025-05-01,3.3
E09000021,2025-06-01,3.3
E09000021,2025-07-01,3.3
E09000021,2025-08-01,3.3
E09000021,2025-09-01,3.2
E09000021,2025-10-01,3.2
E09000021,2025-11-01,3.2
E09000021,2025-12-01,3.2
E09000021,2026-01-01,3.2
E09000021,2026-02-01,3.3
E09000022,2018-01-01,2.4
E09000022,2018-02-01,2.5
E09000022,2018-03-01,2.5
E09000022,2018-04-01,2.6
E09000022,2018-05-01,2.7
E09000022,2018-06-01,2.7
E09000022,2018-07-01,2.8
E09000022,2018-08-01,2.9
E09000022,2018-09-01,2.9
E09000022,2018-10-01,2.9
E09000022,2018-11-01,3.0
E09000022,2018-12-01,3.0
E09000022,2019-01-01,3.0
E09000022,2019-02-01,3.1
E09000022,2019-03-01,3.2
E09000022,2019-04-01,3.2
E09000022,2019-05-01,3.2
E09000022,2019-06-01,3.3
E09000022,2019-07-01,3.3
E09000022,2019-08-01,3.4
E09000022,2019-09-01,3.5
E09000022,2019-10-01,3.4
E09000022,2019-11-01,3.5
E09000022,2019-12-01,3.5
E09000022,2020-01-01,3.5
E09000022,2020-02-01,3.6
E09000022,2020-03-01,3.6
E09000022,2020-04-01,5.5
E09000022,2020-05-01,8.0
E09000022,2020-06-01,8.0
E09000022,2020-07-01,8.2
E09000022,2020-08-01,8.4
E09000022,2020-09-01,8.5
E09000022,2020-10-01,8.4
E09000022,2020-11-01,8.6
E09000022,2020-12-01,8.7
E09000022,2021-01-01,8.8
E09000022,2021-02-01,9.2
E09000022,2021-03-01,9.3
E09000022,2021-04-01,9.2
E09000022,2021-05-01,8.7
E09000022,2021-06-01,8.1
E09000022,2021-07-01,7.8
E09000022,2021-08-01,7.5
E09000022,2021-09-01,7.1
E09000022,2021-10-01,6.8
E09000022,2021-11-01,6.5
E09000022,2021-12-01,6.1
E09000022,2022-01-01,6.0
E09000022,2022-02-01,6.0
E09000022,2022-03-01,5.9
E09000022,2022-04-01,5.6
E09000022,2022-05-01,5.4
E09000022,2022-06-01,5.3
E09000022,2022-07-01,5.1
E09000022,2022-08-01,5.1
E09000022,2022-09-01,5.1
E09000022,2022-10-01,5.1
E09000022,2022-11-01,5.0
E09000022,2022-12-01,5.0
E09000022,2023-01-01,4.8
E09000022,2023-02-01,5.0
E09000022,2023-03-01,5.1
E09000022,2023-04-01,5.1
E09000022,2023-05-01,5.0
E09000022,2023-06-01,5.1
E09000022,2023-07-01,5.2
E09000022,2023-08-01,5.2
E09000022,2023-09-01,5.3
E09000022,2023-10-01,5.3
E09000022,2023-11-01,5.2
E09000022,2023-12-01,5.2
E09000022,2024-01-01,5.2
E09000022,2024-02-01,5.4
E09000022,2024-03-01,5.5
E09000022,2024-04-01,5.4
E09000022,2024-05-01,5.4
E09000022,2024-06-01,5.5
E09000022,2024-07-01,5.9
E09000022,2024-08-01,5.9
E09000022,2024-09-01,6.1
E09000022,2024-10-01,6.1
E09000022,2024-11-01,6.1
E09000022,2024-12-01,6.1
E09000022,2025-01-01,6.0
E09000022,2025-02-01,6.2
E09000022,2025-03-01,6.2
E09000022,2025-04-01,6.2
E09000022,2025-05-01,6.2
E09000022,2025-06-01,6.4
E09000022,2025-07-01,6.2
E09000022,2025-08-01,6.2
E09000022,2025-09-01,6.2
E09000022,2025-10-01,6.1
E09000022,2025-11-01,6.0
E09000022,2025-12-01,6.0
E09000022,2026-01-01,6.0
E09000022,2026-02-01,6.3
E09000023,2018-01-01,2.5
E09000023,2018-02-01,2.5
E09000023,2018-03-01,2.6
E09000023,2018-04-01,2.6
E09000023,2018-05-01,2.6
E09000023,2018-06-01,2.5
E09000023,2018-07-01,2.5
E09000023,2018-08-01,2.5
E09000023,2018-09-01,2.6
E09000023,2018-10-01,2.7
E09000023,2018-11-01,2.8
E09000023,2018-12-01,2.9
E09000023,2019-01-01,2.9
E09000023,2019-02-01,3.1
E09000023,2019-03-01,3.2
E09000023,2019-04-01,3.3
E09000023,2019-05-01,3.3
E09000023,2019-06-01,3.5
E09000023,2019-07-01,3.5
E09000023,2019-08-01,3.6
E09000023,2019-09-01,3.7
E09000023,2019-10-01,3.7
E09000023,2019-11-01,3.7
E09000023,2019-12-01,3.7
E09000023,2020-01-01,3.7
E09000023,2020-02-01,3.8
E09000023,2020-03-01,3.9
E09000023,2020-04-01,5.9
E09000023,2020-05-01,8.8
E09000023,2020-06-01,8.7
E09000023,2020-07-01,8.8
E09000023,2020-08-01,9.1
E09000023,2020-09-01,9.3
E09000023,2020-10-01,9.1
E09000023,2020-11-01,9.4
E09000023,2020-12-01,9.4
E09000023,2021-01-01,9.4
E09000023,2021-02-01,9.8
E09000023,2021-03-01,9.8
E09000023,2021-04-01,9.7
E09000023,2021-05-01,9.2
E09000023,2021-06-01,8.6
E09000023,2021-07-01,8.3
E09000023,2021-08-01,8.0
E09000023,2021-09-01,7.6
E09000023,2021-10-01,7.3
E09000023,2021-11-01,7.0
E09000023,2021-12-01,6.7
E09000023,2022-01-01,6.5
E09000023,2022-02-01,6.6
E09000023,2022-03-01,6.3
E09000023,2022-04-01,6.1
E09000023,2022-05-01,5.9
E09000023,2022-06-01,5.8
E09000023,2022-07-01,5.7
E09000023,2022-08-01,5.6
E09000023,2022-09-01,5.7
E09000023,2022-10-01,5.7
E09000023,2022-11-01,5.6
E09000023,2022-12-01,5.7
E09000023,2023-01-01,5.5
E09000023,2023-02-01,5.6
E09000023,2023-03-01,5.7
E09000023,2023-04-01,5.8
E09000023,2023-05-01,5.7
E09000023,2023-06-01,5.8
E09000023,2023-07-01,5.9
E09000023,2023-08-01,5.8
E09000023,2023-09-01,5.9
E09000023,2023-10-01,6.0
E09000023,2023-11-01,6.0
E09000023,2023-12-01,6.1
E09000023,2024-01-01,6.0
E09000023,2024-02-01,6.2
E09000023,2024-03-01,6.3
E09000023,2024-04-01,6.3
E09000023,2024-05-01,6.3
E09000023,2024-06-01,6.4
E09000023,2024-07-01,6.8
E09000023,2024-08-01,6.8
E09000023,2024-09-01,6.9
E09000023,2024-10-01,6.9
E09000023,2024-11-01,6.9
E09000023,2024-12-01,6.9
E09000023,2025-01-01,6.8
E09000023,2025-02-01,7.0
E09000023,2025-03-01,7.0
E09000023,2025-04-01,7.0
E09000023,2025-05-01,7.0
E09000023,2025-06-01,7.1
E09000023,2025-07-01,6.9
E09000023,2025-08-01,6.9
E09000023,2025-09-01,7.0
E09000023,2025-10-01,6.9
E09000023,2025-11-01,6.8
E09000023,2025-12-01,6.7
E09000023,2026-01-01,6.6
E09000023,2026-02-01,6.9
E09000024,2018-01-01,1.6
E09000024,2018-02-01,1.7
E09000024,2018-03-01,1.8
E09000024,2018-04-01,1.9
E09000024,2018-05-01,1.9
E09000024,2018-06-01,1.9
E09000024,2018-07-01,1.9
E09000024,2018-08-01,1.9
E09000024,2018-09-01,2.0
E09000024,2018-10-01,2.0
E09000024,2018-11-01,2.1
E09000024,2018-12-01,2.1
E09000024,2019-01-01,2.1
E09000024,2019-02-01,2.2
E09000024,2019-03-01,2.2
E09000024,2019-04-01,2.3
E09000024,2019-05-01,2.3
E09000024,2019-06-01,2.3
E09000024,2019-07-01,2.3
E09000024,2019-08-01,2.3
E09000024,2019-09-01,2.3
E09000024,2019-10-01,2.4
E09000024,2019-11-01,2.4
E09000024,2019-12-01,2.4
E09000024,2020-01-01,2.4
E09000024,2020-02-01,2.5
E09000024,2020-03-01,2.5
E09000024,2020-04-01,4.4
E09000024,2020-05-01,6.5
E09000024,2020-06-01,6.4
E09000024,2020-07-01,6.5
E09000024,2020-08-01,6.8
E09000024,2020-09-01,6.8
E09000024,2020-10-01,6.5
E09000024,2020-11-01,6.6
E09000024,2020-12-01,6.7
E09000024,2021-01-01,6.6
E09000024,2021-02-01,6.9
E09000024,2021-03-01,6.9
E09000024,2021-04-01,6.8
E09000024,2021-05-01,6.3
E09000024,2021-06-01,5.7
E09000024,2021-07-01,5.7
E09000024,2021-08-01,5.3
E09000024,2021-09-01,5.0
E09000024,2021-10-01,4.8
E09000024,2021-11-01,4.6
E09000024,2021-12-01,4.4
E09000024,2022-01-01,4.3
E09000024,2022-02-01,4.3
E09000024,2022-03-01,4.2
E09000024,2022-04-01,4.0
E09000024,2022-05-01,3.9
E09000024,2022-06-01,3.8
E09000024,2022-07-01,3.7
E09000024,2022-08-01,3.7
E09000024,2022-09-01,3.8
E09000024,2022-10-01,3.8
E09000024,2022-11-01,3.8
E09000024,2022-12-01,3.8
E09000024,2023-01-01,3.6
E09000024,2023-02-01,3.7
E09000024,2023-03-01,3.8
E09000024,2023-04-01,4.0
E09000024,2023-05-01,3.9
E09000024,2023-06-01,3.9
E09000024,2023-07-01,4.0
E09000024,2023-08-01,4.0
E09000024,2023-09-01,4.0
E09000024,2023-10-01,4.0
E09000024,2023-11-01,4.1
E09000024,2023-12-01,4.1
E09000024,2024-01-01,4.1
E09000024,2024-02-01,4.1
E09000024,2024-03-01,4.2
E09000024,2024-04-01,4.1
E09000024,2024-05-01,4.2
E09000024,2024-06-01,4.3
E09000024,2024-07-01,4.7
E09000024,2024-08-01,4.6
E09000024,2024-09-01,4.8
E09000024,2024-10-01,4.8
E09000024,2024-11-01,4.7
E09000024,2024-12-01,4.6
E09000024,2025-01-01,4.6
E09000024,2025-02-01,4.8
E09000024,2025-03-01,4.7
E09000024,2025-04-01,4.7
E09000024,2025-05-01,4.7
E09000024,2025-06-01,4.8
E09000024,2025-07-01,4.7
E09000024,2025-08-01,4.6
E09000024,2025-09-01,4.7
E09000024,2025-10-01,4.6
E09000024,2025-11-01,4.5
E09000024,2025-12-01,4.5
E09000024,2026-01-01,4.5
E09000024,2026-02-01,4.6
E09000025,2018-01-01,1.9
E09000025,2018-02-01,1.9
E09000025,2018-03-01,2.0
E09000025,2018-04-01,2.0
E09000025,2018-05-01,2
E09000025,2018-06-01,2.0
E09000025,2018-07-01,2.0
E09000025,2018-08-01,1.9
E09000025,2018-09-01,2.0
E09000025,2018-10-01,2.1
E09000025,2018-11-01,2.2
E09000025,2018-12-01,2.2
E09000025,2019-01-01,2.3
E09000025,2019-02-01,2.4
E09000025,2019-03-01,2.5
E09000025,2019-04-01,2.6
E09000025,2019-05-01,2.7
E09000025,2019-06-01,2.8
E09000025,2019-07-01,2.8
E09000025,2019-08-01,2.8
E09000025,2019-09-01,2.9
E09000025,2019-10-01,3.0
E09000025,2019-11-01,3.1
E09000025,2019-12-01,3.1
E09000025,2020-01-01,3.1
E09000025,2020-02-01,3.2
E09000025,2020-03-01,3.3
E09000025,2020-04-01,5.1
E09000025,2020-05-01,9.3
E09000025,2020-06-01,9.4
E09000025,2020-07-01,9.4
E09000025,2020-08-01,9.7
E09000025,2020-09-01,9.8
E09000025,2020-10-01,9.8
E09000025,2020-11-01,10.3
E09000025,2020-12-01,10.6
E09000025,2021-01-01,10.4
E09000025,2021-02-01,11.0
E09000025,2021-03-01,11.2
E09000025,2021-04-01,11.2
E09000025,2021-05-01,10.7
E09000025,2021-06-01,9.9
E09000025,2021-07-01,9.8
E09000025,2021-08-01,9.4
E09000025,2021-09-01,8.8
E09000025,2021-10-01,8.5
E09000025,2021-11-01,8.2
E09000025,2021-12-01,7.9
E09000025,2022-01-01,7.4
E09000025,2022-02-01,7.3
E09000025,2022-03-01,6.9
E09000025,2022-04-01,6.5
E09000025,2022-05-01,6.3
E09000025,2022-06-01,6.2
E09000025,2022-07-01,5.9
E09000025,2022-08-01,5.9
E09000025,2022-09-01,5.9
E09000025,2022-10-01,5.9
E09000025,2022-11-01,6.0
E09000025,2022-12-01,6.0
E09000025,2023-01-01,5.6
E09000025,2023-02-01,5.7
E09000025,2023-03-01,5.9
E09000025,2023-04-01,6.1
E09000025,2023-05-01,6.0
E09000025,2023-06-01,6.1
E09000025,2023-07-01,6.2
E09000025,2023-08-01,6.2
E09000025,2023-09-01,6.3
E09000025,2023-10-01,6.3
E09000025,2023-11-01,6.3
E09000025,2023-12-01,6.3
E09000025,2024-01-01,6.2
E09000025,2024-02-01,6.4
E09000025,2024-03-01,6.4
E09000025,2024-04-01,6.4
E09000025,2024-05-01,6.6
E09000025,2024-06-01,6.9
E09000025,2024-07-01,7.5
E09000025,2024-08-01,7.4
E09000025,2024-09-01,7.6
E09000025,2024-10-01,7.8
E09000025,2024-11-01,7.8
E09000025,2024-12-01,7.7
E09000025,2025-01-01,7.6
E09000025,2025-02-01,7.9
E09000025,2025-03-01,7.9
E09000025,2025-04-01,7.8
E09000025,2025-05-01,7.8
E09000025,2025-06-01,8.0
E09000025,2025-07-01,7.8
E09000025,2025-08-01,7.7
E09000025,2025-09-01,7.7
E09000025,2025-10-01,7.7
E09000025,2025-11-01,7.5
E09000025,2025-12-01,7.4
E09000025,2026-01-01,7.3
E09000025,2026-02-01,7.7
E09000026,2018-01-01,1.2
E09000026,2018-02-01,1.2
E09000026,2018-03-01,1.2
E09000026,2018-04-01,1.3
E09000026,2018-05-01,1.3
E09000026,2018-06-01,1.3
E09000026,2018-07-01,1.2
E09000026,2018-08-01,1.3
E09000026,2018-09-01,1.3
E09000026,2018-10-01,1.5
E09000026,2018-11-01,1.5
E09000026,2018-12-01,1.6
E09000026,2019-01-01,1.6
E09000026,2019-02-01,1.8
E09000026,2019-03-01,1.9
E09000026,2019-04-01,1.9
E09000026,2019-05-01,2.0
E09000026,2019-06-01,2.1
E09000026,2019-07-01,2.1
E09000026,2019-08-01,2.2
E09000026,2019-09-01,2.2
E09000026,2019-10-01,2.3
E09000026,2019-11-01,2.4
E09000026,2019-12-01,2.4
E09000026,2020-01-01,2.4
E09000026,2020-02-01,2.5
E09000026,2020-03-01,2.6
E09000026,2020-04-01,5.1
E09000026,2020-05-01,7.4
E09000026,2020-06-01,7.3
E09000026,2020-07-01,7.4
E09000026,2020-08-01,7.6
E09000026,2020-09-01,7.6
E09000026,2020-10-01,7.4
E09000026,2020-11-01,7.7
E09000026,2020-12-01,7.7
E09000026,2021-01-01,7.6
E09000026,2021-02-01,8.2
E09000026,2021-03-01,8.2
E09000026,2021-04-01,8.2
E09000026,2021-05-01,7.8
E09000026,2021-06-01,7.2
E09000026,2021-07-01,7.2
E09000026,2021-08-01,6.9
E09000026,2021-09-01,6.4
E09000026,2021-10-01,6.2
E09000026,2021-11-01,5.9
E09000026,2021-12-01,5.7
E09000026,2022-01-01,5.4
E09000026,2022-02-01,5.3
E09000026,2022-03-01,4.9
E09000026,2022-04-01,4.7
E09000026,2022-05-01,4.6
E09000026,2022-06-01,4.5
E09000026,2022-07-01,4.5
E09000026,2022-08-01,4.4
E09000026,2022-09-01,4.4
E09000026,2022-10-01,4.4
E09000026,2022-11-01,4.5
E09000026,2022-12-01,4.6
E09000026,2023-01-01,4.4
E09000026,2023-02-01,4.5
E09000026,2023-03-01,4.6
E09000026,2023-04-01,4.8
E09000026,2023-05-01,4.6
E09000026,2023-06-01,4.7
E09000026,2023-07-01,4.9
E09000026,2023-08-01,4.8
E09000026,2023-09-01,4.8
E09000026,2023-10-01,4.8
E09000026,2023-11-01,4.8
E09000026,2023-12-01,4.8
E09000026,2024-01-01,4.7
E09000026,2024-02-01,4.9
E09000026,2024-03-01,4.8
E09000026,2024-04-01,4.9
E09000026,2024-05-01,5.1
E09000026,2024-06-01,5.2
E09000026,2024-07-01,5.9
E09000026,2024-08-01,5.8
E09000026,2024-09-01,5.8
E09000026,2024-10-01,5.9
E09000026,2024-11-01,5.9
E09000026,2024-12-01,5.9
E09000026,2025-01-01,5.8
E09000026,2025-02-01,6.0
E09000026,2025-03-01,6.1
E09000026,2025-04-01,6.0
E09000026,2025-05-01,6.0
E09000026,2025-06-01,6.1
E09000026,2025-07-01,5.9
E09000026,2025-08-01,5.9
E09000026,2025-09-01,6.0
E09000026,2025-10-01,5.9
E09000026,2025-11-01,5.8
E09000026,2025-12-01,5.7
E09000026,2026-01-01,5.6
E09000026,2026-02-01,6.0
E09000027,2018-01-01,1.2
E09000027,2018-02-01,1.2
E09000027,2018-03-01,1.2
E09000027,2018-04-01,1.2
E09000027,2018-05-01,1.2
E09000027,2018-06-01,1.2
E09000027,2018-07-01,1.2
E09000027,2018-08-01,1.2
E09000027,2018-09-01,1.3
E09000027,2018-10-01,1.3
E09000027,2018-11-01,1.4
E09000027,2018-12-01,1.4
E09000027,2019-01-01,1.4
E09000027,2019-02-01,1.5
E09000027,2019-03-01,1.5
E09000027,2019-04-01,1.6
E09000027,2019-05-01,1.6
E09000027,2019-06-01,1.6
E09000027,2019-07-01,1.6
E09000027,2019-08-01,1.6
E09000027,2019-09-01,1.7
E09000027,2019-10-01,1.7
E09000027,2019-11-01,1.7
E09000027,2019-12-01,1.6
E09000027,2020-01-01,1.6
E09000027,2020-02-01,1.7
E09000027,2020-03-01,1.7
E09000027,2020-04-01,3.0
E09000027,2020-05-01,4.4
E09000027,2020-06-01,4.4
E09000027,2020-07-01,4.5
E09000027,2020-08-01,4.7
E09000027,2020-09-01,4.8
E09000027,2020-10-01,4.6
E09000027,2020-11-01,4.7
E09000027,2020-12-01,4.7
E09000027,2021-01-01,4.6
E09000027,2021-02-01,4.8
E09000027,2021-03-01,4.8
E09000027,2021-04-01,4.6
E09000027,2021-05-01,4.3
E09000027,2021-06-01,3.9
E09000027,2021-07-01,3.8
E09000027,2021-08-01,3.6
E09000027,2021-09-01,3.4
E09000027,2021-10-01,3.2
E09000027,2021-11-01,3.0
E09000027,2021-12-01,2.9
E09000027,2022-01-01,2.8
E09000027,2022-02-01,2.8
E09000027,2022-03-01,2.6
E09000027,2022-04-01,2.5
E09000027,2022-05-01,2.4
E09000027,2022-06-01,2.4
E09000027,2022-07-01,2.4
E09000027,2022-08-01,2.4
E09000027,2022-09-01,2.3
E09000027,2022-10-01,2.3
E09000027,2022-11-01,2.4
E09000027,2022-12-01,2.4
E09000027,2023-01-01,2.3
E09000027,2023-02-01,2.4
E09000027,2023-03-01,2.4
E09000027,2023-04-01,2.5
E09000027,2023-05-01,2.4
E09000027,2023-06-01,2.4
E09000027,2023-07-01,2.4
E09000027,2023-08-01,2.3
E09000027,2023-09-01,2.3
E09000027,2023-10-01,2.3
E09000027,2023-11-01,2.3
E09000027,2023-12-01,2.3
E09000027,2024-01-01,2.3
E09000027,2024-02-01,2.4
E09000027,2024-03-01,2.4
E09000027,2024-04-01,2.3
E09000027,2024-05-01,2.3
E09000027,2024-06-01,2.3
E09000027,2024-07-01,2.6
E09000027,2024-08-01,2.6
E09000027,2024-09-01,2.6
E09000027,2024-10-01,2.7
E09000027,2024-11-01,2.6
E09000027,2024-12-01,2.5
E09000027,2025-01-01,2.5
E09000027,2025-02-01,2.6
E09000027,2025-03-01,2.6
E09000027,2025-04-01,2.6
E09000027,2025-05-01,2.6
E09000027,2025-06-01,2.6
E09000027,2025-07-01,2.6
E09000027,2025-08-01,2.5
E09000027,2025-09-01,2.5
E09000027,2025-10-01,2.5
E09000027,2025-11-01,2.5
E09000027,2025-12-01,2.4
E09000027,2026-01-01,2.4
E09000027,2026-02-01,2.5
E09000028,2018-01-01,3.1
E09000028,2018-02-01,3.3
E09000028,2018-03-01,3.3
E09000028,2018-04-01,3.6
E09000028,2018-05-01,3.4
E09000028,2018-06-01,3.4
E09000028,2018-07-01,3.4
E09000028,2018-08-01,3.5
E09000028,2018-09-01,3.5
E09000028,2018-10-01,3.5
E09000028,2018-11-01,3.5
E09000028,2018-12-01,3.5
E09000028,2019-01-01,3.4
E09000028,2019-02-01,3.6
E09000028,2019-03-01,3.6
E09000028,2019-04-01,3.6
E09000028,2019-05-01,3.6
E09000028,2019-06-01,3.7
E09000028,2019-07-01,3.7
E09000028,2019-08-01,3.7
E09000028,2019-09-01,3.7
E09000028,2019-10-01,3.7
E09000028,2019-11-01,3.7
E09000028,2019-12-01,3.6
E09000028,2020-01-01,3.6
E09000028,2020-02-01,3.7
E09000028,2020-03-01,3.7
E09000028,2020-04-01,5.9
E09000028,2020-05-01,8.0
E09000028,2020-06-01,8.0
E09000028,2020-07-01,8.2
E09000028,2020-08-01,8.4
E09000028,2020-09-01,8.6
E09000028,2020-10-01,8.4
E09000028,2020-11-01,8.7
E09000028,2020-12-01,8.7
E09000028,2021-01-01,8.8
E09000028,2021-02-01,9.2
E09000028,2021-03-01,9.2
E09000028,2021-04-01,9.1
E09000028,2021-05-01,8.6
E09000028,2021-06-01,7.9
E09000028,2021-07-01,7.6
E09000028,2021-08-01,7.2
E09000028,2021-09-01,6.9
E09000028,2021-10-01,6.6
E09000028,2021-11-01,6.3
E09000028,2021-12-01,6.1
E09000028,2022-01-01,5.9
E09000028,2022-02-01,5.9
E09000028,2022-03-01,5.7
E09000028,2022-04-01,5.4
E09000028,2022-05-01,5.3
E09000028,2022-06-01,5.1
E09000028,2022-07-01,4.9
E09000028,2022-08-01,4.9
E09000028,2022-09-01,4.9
E09000028,2022-10-01,4.9
E09000028,2022-11-01,4.8
E09000028,2022-12-01,4.8
E09000028,2023-01-01,4.7
E09000028,2023-02-01,4.8
E09000028,2023-03-01,4.9
E09000028,2023-04-01,4.9
E09000028,2023-05-01,4.8
E09000028,2023-06-01,4.8
E09000028,2023-07-01,4.8
E09000028,2023-08-01,4.8
E09000028,2023-09-01,4.8
E09000028,2023-10-01,4.9
E09000028,2023-11-01,4.9
E09000028,2023-12-01,4.9
E09000028,2024-01-01,4.9
E09000028,2024-02-01,5.1
E09000028,2024-03-01,5.1
E09000028,2024-04-01,5.0
E09000028,2024-05-01,5.1
E09000028,2024-06-01,5.3
E09000028,2024-07-01,5.7
E09000028,2024-08-01,5.7
E09000028,2024-09-01,5.7
E09000028,2024-10-01,5.7
E09000028,2024-11-01,5.6
E09000028,2024-12-01,5.6
E09000028,2025-01-01,5.5
E09000028,2025-02-01,5.7
E09000028,2025-03-01,5.7
E09000028,2025-04-01,5.6
E09000028,2025-05-01,5.7
E09000028,2025-06-01,5.7
E09000028,2025-07-01,5.6
E09000028,2025-08-01,5.5
E09000028,2025-09-01,5.6
E09000028,2025-10-01,5.6
E09000028,2025-11-01,5.5
E09000028,2025-12-01,5.5
E09000028,2026-01-01,5.5
E09000028,2026-02-01,5.7
E09000029,2018-01-01,2.0
E09000029,2018-02-01,2.2
E09000029,2018-03-01,2.2
E09000029,2018-04-01,2.4
E09000029,2018-05-01,2.2
E09000029,2018-06-01,2.2
E09000029,2018-07-01,2.2
E09000029,2018-08-01,2.2
E09000029,2018-09-01,2.3
E09000029,2018-10-01,2.3
E09000029,2018-11-01,2.3
E09000029,2018-12-01,2.3
E09000029,2019-01-01,2.3
E09000029,2019-02-01,2.4
E09000029,2019-03-01,2.4
E09000029,2019-04-01,2.3
E09000029,2019-05-01,2.4
E09000029,2019-06-01,2.4
E09000029,2019-07-01,2.4
E09000029,2019-08-01,2.4
E09000029,2019-09-01,2.4
E09000029,2019-10-01,2.4
E09000029,2019-11-01,2.4
E09000029,2019-12-01,2.3
E09000029,2020-01-01,2.3
E09000029,2020-02-01,2.4
E09000029,2020-03-01,2.4
E09000029,2020-04-01,4.0
E09000029,2020-05-01,5.6
E09000029,2020-06-01,5.2
E09000029,2020-07-01,5.4
E09000029,2020-08-01,5.6
E09000029,2020-09-01,5.7
E09000029,2020-10-01,5.4
E09000029,2020-11-01,5.5
E09000029,2020-12-01,5.5
E09000029,2021-01-01,5.4
E09000029,2021-02-01,5.7
E09000029,2021-03-01,5.7
E09000029,2021-04-01,5.5
E09000029,2021-05-01,5.1
E09000029,2021-06-01,4.6
E09000029,2021-07-01,4.5
E09000029,2021-08-01,4.3
E09000029,2021-09-01,4.0
E09000029,2021-10-01,3.8
E09000029,2021-11-01,3.6
E09000029,2021-12-01,3.4
E09000029,2022-01-01,3.2
E09000029,2022-02-01,3.2
E09000029,2022-03-01,3.0
E09000029,2022-04-01,2.8
E09000029,2022-05-01,2.8
E09000029,2022-06-01,2.8
E09000029,2022-07-01,2.8
E09000029,2022-08-01,2.7
E09000029,2022-09-01,2.7
E09000029,2022-10-01,2.7
E09000029,2022-11-01,2.7
E09000029,2022-12-01,2.8
E09000029,2023-01-01,2.7
E09000029,2023-02-01,2.8
E09000029,2023-03-01,2.8
E09000029,2023-04-01,3.0
E09000029,2023-05-01,2.9
E09000029,2023-06-01,2.9
E09000029,2023-07-01,2.9
E09000029,2023-08-01,2.9
E09000029,2023-09-01,2.9
E09000029,2023-10-01,2.9
E09000029,2023-11-01,2.9
E09000029,2023-12-01,2.9
E09000029,2024-01-01,2.9
E09000029,2024-02-01,3.0
E09000029,2024-03-01,3.0
E09000029,2024-04-01,3.0
E09000029,2024-05-01,3.1
E09000029,2024-06-01,3.1
E09000029,2024-07-01,3.5
E09000029,2024-08-01,3.4
E09000029,2024-09-01,3.5
E09000029,2024-10-01,3.4
E09000029,2024-11-01,3.4
E09000029,2024-12-01,3.4
E09000029,2025-01-01,3.3
E09000029,2025-02-01,3.5
E09000029,2025-03-01,3.5
E09000029,2025-04-01,3.4
E09000029,2025-05-01,3.5
E09000029,2025-06-01,3.6
E09000029,2025-07-01,3.5
E09000029,2025-08-01,3.4
E09000029,2025-09-01,3.5
E09000029,2025-10-01,3.4
E09000029,2025-11-01,3.3
E09000029,2025-12-01,3.3
E09000029,2026-01-01,3.3
E09000029,2026-02-01,3.5
E09000030,2018-01-01,2.7
E09000030,2018-02-01,2.9
E09000030,2018-03-01,2.9
E09000030,2018-04-01,3.0
E09000030,2018-05-01,2.9
E09000030,2018-06-01,2.9
E09000030,2018-07-01,3.0
E09000030,2018-08-01,3.0
E09000030,2018-09-01,3.1
E09000030,2018-10-01,3.1
E09000030,2018-11-01,3.1
E09000030,2018-12-01,3.1
E09000030,2019-01-01,3.0
E09000030,2019-02-01,3.2
E09000030,2019-03-01,3.2
E09000030,2019-04-01,3.2
E09000030,2019-05-01,3.2
E09000030,2019-06-01,3.3
E09000030,2019-07-01,3.4
E09000030,2019-08-01,3.4
E09000030,2019-09-01,3.4
E09000030,2019-10-01,3.5
E09000030,2019-11-01,3.5
E09000030,2019-12-01,3.4
E09000030,2020-01-01,3.5
E09000030,2020-02-01,3.6
E09000030,2020-03-01,3.6
E09000030,2020-04-01,6.3
E09000030,2020-05-01,8.2
E09000030,2020-06-01,8.2
E09000030,2020-07-01,8.4
E09000030,2020-08-01,8.6
E09000030,2020-09-01,8.7
E09000030,2020-10-01,8.7
E09000030,2020-11-01,9.1
E09000030,2020-12-01,9.1
E09000030,2021-01-01,8.8
E09000030,2021-02-01,9.2
E09000030,2021-03-01,9.3
E09000030,2021-04-01,9.2
E09000030,2021-05-01,8.7
E09000030,2021-06-01,8.2
E09000030,2021-07-01,8.1
E09000030,2021-08-01,7.7
E09000030,2021-09-01,7.3
E09000030,2021-10-01,7.0
E09000030,2021-11-01,6.6
E09000030,2021-12-01,6.3
E09000030,2022-01-01,5.8
E09000030,2022-02-01,5.9
E09000030,2022-03-01,5.7
E09000030,2022-04-01,5.4
E09000030,2022-05-01,5.3
E09000030,2022-06-01,5.1
E09000030,2022-07-01,4.9
E09000030,2022-08-01,4.9
E09000030,2022-09-01,4.9
E09000030,2022-10-01,4.9
E09000030,2022-11-01,4.9
E09000030,2022-12-01,4.9
E09000030,2023-01-01,4.6
E09000030,2023-02-01,4.6
E09000030,2023-03-01,4.7
E09000030,2023-04-01,4.8
E09000030,2023-05-01,4.8
E09000030,2023-06-01,4.9
E09000030,2023-07-01,5.1
E09000030,2023-08-01,5.1
E09000030,2023-09-01,5.1
E09000030,2023-10-01,5.1
E09000030,2023-11-01,5.1
E09000030,2023-12-01,5.2
E09000030,2024-01-01,5.1
E09000030,2024-02-01,5.2
E09000030,2024-03-01,5.3
E09000030,2024-04-01,5.2
E09000030,2024-05-01,5.4
E09000030,2024-06-01,5.6
E09000030,2024-07-01,6.4
E09000030,2024-08-01,6.3
E09000030,2024-09-01,6.6
E09000030,2024-10-01,6.8
E09000030,2024-11-01,6.7
E09000030,2024-12-01,6.6
E09000030,2025-01-01,6.5
E09000030,2025-02-01,6.8
E09000030,2025-03-01,6.8
E09000030,2025-04-01,6.8
E09000030,2025-05-01,6.9
E09000030,2025-06-01,6.9
E09000030,2025-07-01,6.8
E09000030,2025-08-01,6.7
E09000030,2025-09-01,6.7
E09000030,2025-10-01,6.6
E09000030,2025-11-01,6.5
E09000030,2025-12-01,6.5
E09000030,2026-01-01,6.4
E09000030,2026-02-01,6.7
E09000031,2018-01-01,2.1
E09000031,2018-02-01,2.1
E09000031,2018-03-01,2.2
E09000031,2018-04-01,2.1
E09000031,2018-05-01,2.1
E09000031,2018-06-01,2.1
E09000031,2018-07-01,2.1
E09000031,2018-08-01,2.1
E09000031,2018-09-01,2.2
E09000031,2018-10-01,2.3
E09000031,2018-11-01,2.4
E09000031,2018-12-01,2.4
E09000031,2019-01-01,2.5
E09000031,2019-02-01,2.6
E09000031,2019-03-01,2.7
E09000031,2019-04-01,2.8
E09000031,2019-05-01,2.8
E09000031,2019-06-01,2.9
E09000031,2019-07-01,2.9
E09000031,2019-08-01,2.9
E09000031,2019-09-01,3.0
E09000031,2019-10-01,3.0
E09000031,2019-11-01,3.1
E09000031,2019-12-01,3.1
E09000031,2020-01-01,3.1
E09000031,2020-02-01,3.3
E09000031,2020-03-01,3.3
E09000031,2020-04-01,6.3
E09000031,2020-05-01,9.0
E09000031,2020-06-01,8.7
E09000031,2020-07-01,8.9
E09000031,2020-08-01,9.2
E09000031,2020-09-01,9.3
E09000031,2020-10-01,9.1
E09000031,2020-11-01,9.5
E09000031,2020-12-01,9.7
E09000031,2021-01-01,9.5
E09000031,2021-02-01,10.1
E09000031,2021-03-01,10.2
E09000031,2021-04-01,10.1
E09000031,2021-05-01,9.5
E09000031,2021-06-01,8.6
E09000031,2021-07-01,8.5
E09000031,2021-08-01,8.1
E09000031,2021-09-01,7.6
E09000031,2021-10-01,7.2
E09000031,2021-11-01,6.8
E09000031,2021-12-01,6.5
E09000031,2022-01-01,6.4
E09000031,2022-02-01,6.3
E09000031,2022-03-01,6.0
E09000031,2022-04-01,5.6
E09000031,2022-05-01,5.5
E09000031,2022-06-01,5.4
E09000031,2022-07-01,5.2
E09000031,2022-08-01,5.3
E09000031,2022-09-01,5.3
E09000031,2022-10-01,5.4
E09000031,2022-11-01,5.4
E09000031,2022-12-01,5.5
E09000031,2023-01-01,5.4
E09000031,2023-02-01,5.5
E09000031,2023-03-01,5.6
E09000031,2023-04-01,5.9
E09000031,2023-05-01,5.8
E09000031,2023-06-01,5.9
E09000031,2023-07-01,6.0
E09000031,2023-08-01,5.9
E09000031,2023-09-01,6.0
E09000031,2023-10-01,6.0
E09000031,2023-11-01,6.0
E09000031,2023-12-01,6.0
E09000031,2024-01-01,6.0
E09000031,2024-02-01,6.2
E09000031,2024-03-01,6.3
E09000031,2024-04-01,6.2
E09000031,2024-05-01,6.3
E09000031,2024-06-01,6.5
E09000031,2024-07-01,7.1
E09000031,2024-08-01,7.0
E09000031,2024-09-01,7.0
E09000031,2024-10-01,7.0
E09000031,2024-11-01,7.0
E09000031,2024-12-01,6.9
E09000031,2025-01-01,6.8
E09000031,2025-02-01,7.1
E09000031,2025-03-01,7.0
E09000031,2025-04-01,7.0
E09000031,2025-05-01,7.0
E09000031,2025-06-01,7.1
E09000031,2025-07-01,6.9
E09000031,2025-08-01,6.7
E09000031,2025-09-01,6.8
E09000031,2025-10-01,6.7
E09000031,2025-11-01,6.5
E09000031,2025-12-01,6.5
E09000031,2026-01-01,6.4
E09000031,2026-02-01,6.7
E09000032,2018-01-01,1.3
E09000032,2018-02-01,1.4
E09000032,2018-03-01,1.4
E09000032,2018-04-01,1.4
E09000032,2018-05-01,1.4
E09000032,2018-06-01,1.4
E09000032,2018-07-01,1.4
E09000032,2018-08-01,1.4
E09000032,2018-09-01,1.4
E09000032,2018-10-01,1.4
E09000032,2018-11-01,1.5
E09000032,2018-12-01,1.5
E09000032,2019-01-01,1.6
E09000032,2019-02-01,1.6
E09000032,2019-03-01,1.7
E09000032,2019-04-01,1.7
E09000032,2019-05-01,1.7
E09000032,2019-06-01,1.8
E09000032,2019-07-01,1.8
E09000032,2019-08-01,1.9
E09000032,2019-09-01,1.9
E09000032,2019-10-01,2.0
E09000032,2019-11-01,2.0
E09000032,2019-12-01,2.0
E09000032,2020-01-01,2.0
E09000032,2020-02-01,2.1
E09000032,2020-03-01,2.1
E09000032,2020-04-01,3.3
E09000032,2020-05-01,5.4
E09000032,2020-06-01,5.4
E09000032,2020-07-01,5.5
E09000032,2020-08-01,5.6
E09000032,2020-09-01,5.7
E09000032,2020-10-01,5.5
E09000032,2020-11-01,5.7
E09000032,2020-12-01,5.7
E09000032,2021-01-01,5.8
E09000032,2021-02-01,6.0
E09000032,2021-03-01,6.0
E09000032,2021-04-01,5.9
E09000032,2021-05-01,5.5
E09000032,2021-06-01,5.0
E09000032,2021-07-01,4.9
E09000032,2021-08-01,4.6
E09000032,2021-09-01,4.4
E09000032,2021-10-01,4.2
E09000032,2021-11-01,4.0
E09000032,2021-12-01,3.8
E09000032,2022-01-01,3.7
E09000032,2022-02-01,3.7
E09000032,2022-03-01,3.5
E09000032,2022-04-01,3.4
E09000032,2022-05-01,3.3
E09000032,2022-06-01,3.3
E09000032,2022-07-01,3.2
E09000032,2022-08-01,3.2
E09000032,2022-09-01,3.2
E09000032,2022-10-01,3.2
E09000032,2022-11-01,3.2
E09000032,2022-12-01,3.1
E09000032,2023-01-01,3.0
E09000032,2023-02-01,3.1
E09000032,2023-03-01,3.1
E09000032,2023-04-01,3.2
E09000032,2023-05-01,3.2
E09000032,2023-06-01,3.2
E09000032,2023-07-01,3.2
E09000032,2023-08-01,3.2
E09000032,2023-09-01,3.3
E09000032,2023-10-01,3.3
E09000032,2023-11-01,3.3
E09000032,2023-12-01,3.3
E09000032,2024-01-01,3.2
E09000032,2024-02-01,3.3
E09000032,2024-03-01,3.3
E09000032,2024-04-01,3.3
E09000032,2024-05-01,3.4
E09000032,2024-06-01,3.4
E09000032,2024-07-01,3.7
E09000032,2024-08-01,3.7
E09000032,2024-09-01,3.8
E09000032,2024-10-01,4.0
E09000032,2024-11-01,4.0
E09000032,2024-12-01,4.0
E09000032,2025-01-01,4.0
E09000032,2025-02-01,4.2
E09000032,2025-03-01,4.2
E09000032,2025-04-01,4.2
E09000032,2025-05-01,4.2
E09000032,2025-06-01,4.3
E09000032,2025-07-01,4.2
E09000032,2025-08-01,4.1
E09000032,2025-09-01,4.1
E09000032,2025-10-01,4.0
E09000032,2025-11-01,3.9
E09000032,2025-12-01,3.9
E09000032,2026-01-01,3.9
E09000032,2026-02-01,4.0
E09000033,2018-01-01,1.6
E09000033,2018-02-01,1.7
E09000033,2018-03-01,1.7
E09000033,2018-04-01,1.7
E09000033,2018-05-01,1.7
E09000033,2018-06-01,1.7
E09000033,2018-07-01,1.6
E09000033,2018-08-01,1.6
E09000033,2018-09-01,1.7
E09000033,2018-10-01,1.8
E09000033,2018-11-01,1.9
E09000033,2018-12-01,1.9
E09000033,2019-01-01,2.0
E09000033,2019-02-01,2.1
E09000033,2019-03-01,2.2
E09000033,2019-04-01,2.2
E09000033,2019-05-01,2.3
E09000033,2019-06-01,2.3
E09000033,2019-07-01,2.4
E09000033,2019-08-01,2.4
E09000033,2019-09-01,2.4
E09000033,2019-10-01,2.4
E09000033,2019-11-01,2.4
E09000033,2019-12-01,2.5
E09000033,2020-01-01,2.5
E09000033,2020-02-01,2.4
E09000033,2020-03-01,2.5
E09000033,2020-04-01,3.9
E09000033,2020-05-01,6.0
E09000033,2020-06-01,6.1
E09000033,2020-07-01,6.3
E09000033,2020-08-01,6.4
E09000033,2020-09-01,6.5
E09000033,2020-10-01,6.5
E09000033,2020-11-01,6.7
E09000033,2020-12-01,6.9
E09000033,2021-01-01,6.9
E09000033,2021-02-01,7.2
E09000033,2021-03-01,7.2
E09000033,2021-04-01,7.2
E09000033,2021-05-01,6.8
E09000033,2021-06-01,6.4
E09000033,2021-07-01,6.2
E09000033,2021-08-01,5.8
E09000033,2021-09-01,5.6
E09000033,2021-10-01,5.4
E09000033,2021-11-01,5.2
E09000033,2021-12-01,5.0
E09000033,2022-01-01,4.8
E09000033,2022-02-01,4.7
E09000033,2022-03-01,4.6
E09000033,2022-04-01,4.4
E09000033,2022-05-01,4.3
E09000033,2022-06-01,4.2
E09000033,2022-07-01,4.0
E09000033,2022-08-01,4.0
E09000033,2022-09-01,4.0
E09000033,2022-10-01,3.9
E09000033,2022-11-01,3.9
E09000033,2022-12-01,3.9
E09000033,2023-01-01,3.8
E09000033,2023-02-01,3.8
E09000033,2023-03-01,3.9
E09000033,2023-04-01,3.9
E09000033,2023-05-01,3.8
E09000033,2023-06-01,3.8
E09000033,2023-07-01,3.8
E09000033,2023-08-01,3.8
E09000033,2023-09-01,3.8
E09000033,2023-10-01,3.9
E09000033,2023-11-01,3.9
E09000033,2023-12-01,3.9
E09000033,2024-01-01,4.0
E09000033,2024-02-01,4.0
E09000033,2024-03-01,4.0
E09000033,2024-04-01,3.9
E09000033,2024-05-01,4.0
E09000033,2024-06-01,4.0
E09000033,2024-07-01,4.5
E09000033,2024-08-01,4.4
E09000033,2024-09-01,4.2
E09000033,2024-10-01,4.2
E09000033,2024-11-01,4.2
E09000033,2024-12-01,4.2
E09000033,2025-01-01,4.2
E09000033,2025-02-01,4.4
E09000033,2025-03-01,4.3
E09000033,2025-04-01,4.3
E09000033,2025-05-01,4.3
E09000033,2025-06-01,4.3
E09000033,2025-07-01,4.2
E09000033,2025-08-01,4.1
E09000033,2025-09-01,4.1
E09000033,2025-10-01,4.1
E09000033,2025-11-01,4.0
E09000033,2025-12-01,4.1
E09000033,2026-01-01,4.0
E09000033,2026-02-01,4.1
N09000001,2018-01-01,2.0
N09000001,2018-02-01,2.1
N09000001,2018-03-01,2.0
N09000001,2018-04-01,2.0
N09000001,2018-05-01,1.9
N09000001,2018-06-01,1.8
N09000001,2018-07-01,1.9
N09000001,2018-08-01,1.9
N09000001,2018-09-01,1.9
N09000001,2018-10-01,1.8
N09000001,2018-11-01,1.9
N09000001,2018-12-01,1.8
N09000001,2019-01-01,1.8
N09000001,2019-02-01,1.9
N09000001,2019-03-01,1.9
N09000001,2019-04-01,2.0
N09000001,2019-05-01,1.9
N09000001,2019-06-01,2.0
N09000001,2019-07-01,2.0
N09000001,2019-08-01,2.0
N09000001,2019-09-01,2.0
N09000001,2019-10-01,2.1
N09000001,2019-11-01,2.0
N09000001,2019-12-01,2.0
N09000001,2020-01-01,2.0
N09000001,2020-02-01,2.0
N09000001,2020-03-01,2.1
N09000001,2020-04-01,4.0
N09000001,2020-05-01,4.4
N09000001,2020-06-01,4.3
N09000001,2020-07-01,4.2
N09000001,2020-08-01,4.3
N09000001,2020-09-01,4.2
N09000001,2020-10-01,4.1
N09000001,2020-11-01,4.1
N09000001,2020-12-01,4.0
N09000001,2021-01-01,3.9
N09000001,2021-02-01,4.0
N09000001,2021-03-01,4.0
N09000001,2021-04-01,4.0
N09000001,2021-05-01,3.8
N09000001,2021-06-01,3.6
N09000001,2021-07-01,3.4
N09000001,2021-08-01,3.4
N09000001,2021-09-01,3.2
N09000001,2021-10-01,3.1
N09000001,2021-11-01,2.9
N09000001,2021-12-01,2.7
N09000001,2022-01-01,2.6
N09000001,2022-02-01,2.6
N09000001,2022-03-01,2.5
N09000001,2022-04-01,2.4
N09000001,2022-05-01,2.4
N09000001,2022-06-01,2.4
N09000001,2022-07-01,2.4
N09000001,2022-08-01,2.4
N09000001,2022-09-01,2.3
N09000001,2022-10-01,2.3
N09000001,2022-11-01,2.3
N09000001,2022-12-01,2.4
N09000001,2023-01-01,2.3
N09000001,2023-02-01,2.3
N09000001,2023-03-01,2.4
N09000001,2023-04-01,2.6
N09000001,2023-05-01,2.4
N09000001,2023-06-01,2.4
N09000001,2023-07-01,2.4
N09000001,2023-08-01,2.4
N09000001,2023-09-01,2.5
N09000001,2023-10-01,2.4
N09000001,2023-11-01,2.3
N09000001,2023-12-01,2.3
N09000001,2024-01-01,2.2
N09000001,2024-02-01,2.3
N09000001,2024-03-01,2.4
N09000001,2024-04-01,2.4
N09000001,2024-05-01,2.3
N09000001,2024-06-01,2.4
N09000001,2024-07-01,2.7
N09000001,2024-08-01,2.8
N09000001,2024-09-01,2.8
N09000001,2024-10-01,2.7
N09000001,2024-11-01,2.5
N09000001,2024-12-01,2.4
N09000001,2025-01-01,2.4
N09000001,2025-02-01,2.5
N09000001,2025-03-01,2.4
N09000001,2025-04-01,2.3
N09000001,2025-05-01,2.2
N09000001,2025-06-01,2.3
N09000001,2025-07-01,2.3
N09000001,2025-08-01,2.3
N09000001,2025-09-01,2.4
N09000001,2025-10-01,2.4
N09000001,2025-11-01,2.3
N09000001,2025-12-01,2.2
N09000001,2026-01-01,2.1
N09000001,2026-02-01,2.3
N09000002,2018-01-01,1.9
N09000002,2018-02-01,1.9
N09000002,2018-03-01,1.9
N09000002,2018-04-01,1.8
N09000002,2018-05-01,1.8
N09000002,2018-06-01,1.7
N09000002,2018-07-01,1.7
N09000002,2018-08-01,1.8
N09000002,2018-09-01,1.8
N09000002,2018-10-01,1.9
N09000002,2018-11-01,1.9
N09000002,2018-12-01,1.9
N09000002,2019-01-01,2.0
N09000002,2019-02-01,2.0
N09000002,2019-03-01,2.1
N09000002,2019-04-01,2.0
N09000002,2019-05-01,2.0
N09000002,2019-06-01,2.0
N09000002,2019-07-01,2.1
N09000002,2019-08-01,2.0
N09000002,2019-09-01,2.1
N09000002,2019-10-01,2.0
N09000002,2019-11-01,2.0
N09000002,2019-12-01,1.9
N09000002,2020-01-01,1.9
N09000002,2020-02-01,1.9
N09000002,2020-03-01,1.9
N09000002,2020-04-01,3.8
N09000002,2020-05-01,4.7
N09000002,2020-06-01,4.5
N09000002,2020-07-01,4.5
N09000002,2020-08-01,4.6
N09000002,2020-09-01,4.5
N09000002,2020-10-01,4.4
N09000002,2020-11-01,4.4
N09000002,2020-12-01,4.3
N09000002,2021-01-01,4.1
N09000002,2021-02-01,4.3
N09000002,2021-03-01,4.2
N09000002,2021-04-01,4.1
N09000002,2021-05-01,3.9
N09000002,2021-06-01,3.6
N09000002,2021-07-01,3.6
N09000002,2021-08-01,3.5
N09000002,2021-09-01,3.4
N09000002,2021-10-01,3.3
N09000002,2021-11-01,3.0
N09000002,2021-12-01,2.8
N09000002,2022-01-01,2.7
N09000002,2022-02-01,2.7
N09000002,2022-03-01,2.6
N09000002,2022-04-01,2.6
N09000002,2022-05-01,2.4
N09000002,2022-06-01,2.4
N09000002,2022-07-01,2.5
N09000002,2022-08-01,2.5
N09000002,2022-09-01,2.5
N09000002,2022-10-01,2.5
N09000002,2022-11-01,2.5
N09000002,2022-12-01,2.6
N09000002,2023-01-01,2.5
N09000002,2023-02-01,2.6
N09000002,2023-03-01,2.6
N09000002,2023-04-01,2.8
N09000002,2023-05-01,2.7
N09000002,2023-06-01,2.7
N09000002,2023-07-01,2.7
N09000002,2023-08-01,2.8
N09000002,2023-09-01,2.9
N09000002,2023-10-01,2.8
N09000002,2023-11-01,2.7
N09000002,2023-12-01,2.7
N09000002,2024-01-01,2.6
N09000002,2024-02-01,2.7
N09000002,2024-03-01,2.7
N09000002,2024-04-01,2.7
N09000002,2024-05-01,2.7
N09000002,2024-06-01,2.9
N09000002,2024-07-01,3.1
N09000002,2024-08-01,3.2
N09000002,2024-09-01,3.3
N09000002,2024-10-01,3.2
N09000002,2024-11-01,3.1
N09000002,2024-12-01,3.0
N09000002,2025-01-01,2.9
N09000002,2025-02-01,3.1
N09000002,2025-03-01,3.0
N09000002,2025-04-01,2.9
N09000002,2025-05-01,2.8
N09000002,2025-06-01,2.8
N09000002,2025-07-01,2.8
N09000002,2025-08-01,2.9
N09000002,2025-09-01,2.9
N09000002,2025-10-01,2.9
N09000002,2025-11-01,2.8
N09000002,2025-12-01,2.7
N09000002,2026-01-01,2.7
N09000002,2026-02-01,2.7
N09000003,2018-01-01,3.1
N09000003,2018-02-01,3.1
N09000003,2018-03-01,3.1
N09000003,2018-04-01,3.1
N09000003,2018-05-01,3.1
N09000003,2018-06-01,3.0
N09000003,2018-07-01,2.9
N09000003,2018-08-01,3.0
N09000003,2018-09-01,3.0
N09000003,2018-10-01,2.9
N09000003,2018-11-01,2.9
N09000003,2018-12-01,2.9
N09000003,2019-01-01,2.9
N09000003,2019-02-01,2.9
N09000003,2019-03-01,2.9
N09000003,2019-04-01,2.9
N09000003,2019-05-01,2.8
N09000003,2019-06-01,2.8
N09000003,2019-07-01,2.8
N09000003,2019-08-01,2.8
N09000003,2019-09-01,2.8
N09000003,2019-10-01,2.7
N09000003,2019-11-01,2.7
N09000003,2019-12-01,3.1
N09000003,2020-01-01,3.1
N09000003,2020-02-01,3.1
N09000003,2020-03-01,3.3
N09000003,2020-04-01,6.2
N09000003,2020-05-01,6.5
N09000003,2020-06-01,6.4
N09000003,2020-07-01,6.4
N09000003,2020-08-01,6.4
N09000003,2020-09-01,6.3
N09000003,2020-10-01,6.2
N09000003,2020-11-01,6.2
N09000003,2020-12-01,6.1
N09000003,2021-01-01,5.9
N09000003,2021-02-01,6.1
N09000003,2021-03-01,6.2
N09000003,2021-04-01,6.1
N09000003,2021-05-01,5.9
N09000003,2021-06-01,5.6
N09000003,2021-07-01,5.5
N09000003,2021-08-01,5.4
N09000003,2021-09-01,5.3
N09000003,2021-10-01,5.1
N09000003,2021-11-01,4.8
N09000003,2021-12-01,4.6
N09000003,2022-01-01,4.4
N09000003,2022-02-01,4.4
N09000003,2022-03-01,4.3
N09000003,2022-04-01,4.2
N09000003,2022-05-01,4.0
N09000003,2022-06-01,4.0
N09000003,2022-07-01,3.9
N09000003,2022-08-01,3.9
N09000003,2022-09-01,4.0
N09000003,2022-10-01,4.0
N09000003,2022-11-01,3.9
N09000003,2022-12-01,3.9
N09000003,2023-01-01,3.8
N09000003,2023-02-01,3.9
N09000003,2023-03-01,4.0
N09000003,2023-04-01,4.1
N09000003,2023-05-01,3.9
N09000003,2023-06-01,3.9
N09000003,2023-07-01,4.0
N09000003,2023-08-01,4.0
N09000003,2023-09-01,4.1
N09000003,2023-10-01,4.0
N09000003,2023-11-01,3.9
N09000003,2023-12-01,3.9
N09000003,2024-01-01,3.8
N09000003,2024-02-01,3.9
N09000003,2024-03-01,4.0
N09000003,2024-04-01,4.0
N09000003,2024-05-01,3.9
N09000003,2024-06-01,4.0
N09000003,2024-07-01,4.3
N09000003,2024-08-01,4.3
N09000003,2024-09-01,4.5
N09000003,2024-10-01,4.4
N09000003,2024-11-01,4.2
N09000003,2024-12-01,4.1
N09000003,2025-01-01,3.9
N09000003,2025-02-01,4.1
N09000003,2025-03-01,4.1
N09000003,2025-04-01,4.1
N09000003,2025-05-01,4.0
N09000003,2025-06-01,4.1
N09000003,2025-07-01,4.0
N09000003,2025-08-01,4.0
N09000003,2025-09-01,4.2
N09000003,2025-10-01,4.2
N09000003,2025-11-01,4.0
N09000003,2025-12-01,3.8
N09000003,2026-01-01,3.8
N09000003,2026-02-01,3.9
N09000004,2018-01-01,2.8
N09000004,2018-02-01,3.0
N09000004,2018-03-01,3.0
N09000004,2018-04-01,3.0
N09000004,2018-05-01,2.9
N09000004,2018-06-01,2.8
N09000004,2018-07-01,2.9
N09000004,2018-08-01,2.9
N09000004,2018-09-01,3.0
N09000004,2018-10-01,3.1
N09000004,2018-11-01,3.1
N09000004,2018-12-01,3.1
N09000004,2019-01-01,3.2
N09000004,2019-02-01,3.3
N09000004,2019-03-01,3.2
N09000004,2019-04-01,3.1
N09000004,2019-05-01,3.0
N09000004,2019-06-01,2.9
N09000004,2019-07-01,2.9
N09000004,2019-08-01,2.9
N09000004,2019-09-01,2.9
N09000004,2019-10-01,3.1
N09000004,2019-11-01,3.1
N09000004,2019-12-01,3.0
N09000004,2020-01-01,3.0
N09000004,2020-02-01,3.0
N09000004,2020-03-01,2.9
N09000004,2020-04-01,5.2
N09000004,2020-05-01,6.0
N09000004,2020-06-01,5.7
N09000004,2020-07-01,5.7
N09000004,2020-08-01,5.6
N09000004,2020-09-01,5.4
N09000004,2020-10-01,5.1
N09000004,2020-11-01,5.1
N09000004,2020-12-01,4.9
N09000004,2021-01-01,4.8
N09000004,2021-02-01,5.1
N09000004,2021-03-01,5.0
N09000004,2021-04-01,4.9
N09000004,2021-05-01,4.6
N09000004,2021-06-01,4.2
N09000004,2021-07-01,4.1
N09000004,2021-08-01,4.0
N09000004,2021-09-01,3.9
N09000004,2021-10-01,3.8
N09000004,2021-11-01,3.6
N09000004,2021-12-01,3.5
N09000004,2022-01-01,3.4
N09000004,2022-02-01,3.4
N09000004,2022-03-01,3.3
N09000004,2022-04-01,3.2
N09000004,2022-05-01,3.0
N09000004,2022-06-01,3.1
N09000004,2022-07-01,3.1
N09000004,2022-08-01,3.1
N09000004,2022-09-01,3.1
N09000004,2022-10-01,3.1
N09000004,2022-11-01,3.1
N09000004,2022-12-01,3.2
N09000004,2023-01-01,3.2
N09000004,2023-02-01,3.2
N09000004,2023-03-01,3.2
N09000004,2023-04-01,3.2
N09000004,2023-05-01,3.0
N09000004,2023-06-01,3.0
N09000004,2023-07-01,3.2
N09000004,2023-08-01,3.2
N09000004,2023-09-01,3.2
N09000004,2023-10-01,3.2
N09000004,2023-11-01,3.1
N09000004,2023-12-01,3.1
N09000004,2024-01-01,3.1
N09000004,2024-02-01,3.1
N09000004,2024-03-01,3.2
N09000004,2024-04-01,3.2
N09000004,2024-05-01,3.1
N09000004,2024-06-01,3.3
N09000004,2024-07-01,3.5
N09000004,2024-08-01,3.6
N09000004,2024-09-01,3.7
N09000004,2024-10-01,3.7
N09000004,2024-11-01,3.5
N09000004,2024-12-01,3.4
N09000004,2025-01-01,3.3
N09000004,2025-02-01,3.5
N09000004,2025-03-01,3.3
N09000004,2025-04-01,3.3
N09000004,2025-05-01,3.1
N09000004,2025-06-01,3.1
N09000004,2025-07-01,3.1
N09000004,2025-08-01,3.1
N09000004,2025-09-01,3.1
N09000004,2025-10-01,3.1
N09000004,2025-11-01,3.1
N09000004,2025-12-01,3.0
N09000004,2026-01-01,3.0
N09000004,2026-02-01,3.1
N09000005,2018-01-01,4.8
N09000005,2018-02-01,4.7
N09000005,2018-03-01,4.5
N09000005,2018-04-01,4.6
N09000005,2018-05-01,4.6
N09000005,2018-06-01,4.6
N09000005,2018-07-01,4.7
N09000005,2018-08-01,4.9
N09000005,2018-09-01,4.9
N09000005,2018-10-01,4.9
N09000005,2018-11-01,4.9
N09000005,2018-12-01,4.8
N09000005,2019-01-01,4.9
N09000005,2019-02-01,4.8
N09000005,2019-03-01,4.8
N09000005,2019-04-01,4.7
N09000005,2019-05-01,4.7
N09000005,2019-06-01,4.7
N09000005,2019-07-01,4.7
N09000005,2019-08-01,4.7
N09000005,2019-09-01,4.7
N09000005,2019-10-01,4.7
N09000005,2019-11-01,4.6
N09000005,2019-12-01,4.5
N09000005,2020-01-01,4.4
N09000005,2020-02-01,4.4
N09000005,2020-03-01,4.3
N09000005,2020-04-01,6.5
N09000005,2020-05-01,7.5
N09000005,2020-06-01,7.4
N09000005,2020-07-01,7.4
N09000005,2020-08-01,7.4
N09000005,2020-09-01,7.1
N09000005,2020-10-01,7.0
N09000005,2020-11-01,6.9
N09000005,2020-12-01,6.7
N09000005,2021-01-01,6.6
N09000005,2021-02-01,6.8
N09000005,2021-03-01,6.7
N09000005,2021-04-01,6.7
N09000005,2021-05-01,6.4
N09000005,2021-06-01,6.2
N09000005,2021-07-01,6.2
N09000005,2021-08-01,6.1
N09000005,2021-09-01,5.9
N09000005,2021-10-01,5.8
N09000005,2021-11-01,5.5
N09000005,2021-12-01,5.2
N09000005,2022-01-01,5.1
N09000005,2022-02-01,5.1
N09000005,2022-03-01,5.0
N09000005,2022-04-01,4.9
N09000005,2022-05-01,4.8
N09000005,2022-06-01,4.8
N09000005,2022-07-01,4.8
N09000005,2022-08-01,4.9
N09000005,2022-09-01,4.9
N09000005,2022-10-01,4.9
N09000005,2022-11-01,4.7
N09000005,2022-12-01,4.8
N09000005,2023-01-01,4.8
N09000005,2023-02-01,4.8
N09000005,2023-03-01,4.9
N09000005,2023-04-01,5.0
N09000005,2023-05-01,4.8
N09000005,2023-06-01,4.8
N09000005,2023-07-01,5.0
N09000005,2023-08-01,5.0
N09000005,2023-09-01,5.1
N09000005,2023-10-01,5.2
N09000005,2023-11-01,5.0
N09000005,2023-12-01,4.9
N09000005,2024-01-01,4.7
N09000005,2024-02-01,4.8
N09000005,2024-03-01,4.9
N09000005,2024-04-01,4.9
N09000005,2024-05-01,4.8
N09000005,2024-06-01,4.9
N09000005,2024-07-01,5.3
N09000005,2024-08-01,5.4
N09000005,2024-09-01,5.6
N09000005,2024-10-01,5.7
N09000005,2024-11-01,5.4
N09000005,2024-12-01,5.2
N09000005,2025-01-01,5.0
N09000005,2025-02-01,5.1
N09000005,2025-03-01,5.0
N09000005,2025-04-01,4.9
N09000005,2025-05-01,4.7
N09000005,2025-06-01,4.8
N09000005,2025-07-01,4.7
N09000005,2025-08-01,4.8
N09000005,2025-09-01,4.7
N09000005,2025-10-01,4.7
N09000005,2025-11-01,4.5
N09000005,2025-12-01,4.3
N09000005,2026-01-01,4.3
N09000005,2026-02-01,4.4
N09000006,2018-01-01,2.1
N09000006,2018-02-01,2.1
N09000006,2018-03-01,2.0
N09000006,2018-04-01,2.0
N09000006,2018-05-01,2.1
N09000006,2018-06-01,2.1
N09000006,2018-07-01,2.1
N09000006,2018-08-01,2.2
N09000006,2018-09-01,2.3
N09000006,2018-10-01,2.3
N09000006,2018-11-01,2.2
N09000006,2018-12-01,2.2
N09000006,2019-01-01,2.2
N09000006,2019-02-01,2.3
N09000006,2019-03-01,2.3
N09000006,2019-04-01,2.3
N09000006,2019-05-01,2.3
N09000006,2019-06-01,2.3
N09000006,2019-07-01,2.4
N09000006,2019-08-01,2.5
N09000006,2019-09-01,2.4
N09000006,2019-10-01,2.4
N09000006,2019-11-01,2.3
N09000006,2019-12-01,2.2
N09000006,2020-01-01,2.2
N09000006,2020-02-01,2.1
N09000006,2020-03-01,2.1
N09000006,2020-04-01,3.8
N09000006,2020-05-01,4.5
N09000006,2020-06-01,4.4
N09000006,2020-07-01,4.4
N09000006,2020-08-01,4.4
N09000006,2020-09-01,4.3
N09000006,2020-10-01,4.1
N09000006,2020-11-01,4.0
N09000006,2020-12-01,3.8
N09000006,2021-01-01,3.8
N09000006,2021-02-01,3.9
N09000006,2021-03-01,3.9
N09000006,2021-04-01,3.8
N09000006,2021-05-01,3.6
N09000006,2021-06-01,3.4
N09000006,2021-07-01,3.4
N09000006,2021-08-01,3.3
N09000006,2021-09-01,3.1
N09000006,2021-10-01,3.1
N09000006,2021-11-01,2.8
N09000006,2021-12-01,2.7
N09000006,2022-01-01,2.6
N09000006,2022-02-01,2.6
N09000006,2022-03-01,2.5
N09000006,2022-04-01,2.5
N09000006,2022-05-01,2.4
N09000006,2022-06-01,2.4
N09000006,2022-07-01,2.5
N09000006,2022-08-01,2.5
N09000006,2022-09-01,2.4
N09000006,2022-10-01,2.4
N09000006,2022-11-01,2.3
N09000006,2022-12-01,2.4
N09000006,2023-01-01,2.3
N09000006,2023-02-01,2.3
N09000006,2023-03-01,2.4
N09000006,2023-04-01,2.5
N09000006,2023-05-01,2.3
N09000006,2023-06-01,2.3
N09000006,2023-07-01,2.4
N09000006,2023-08-01,2.4
N09000006,2023-09-01,2.5
N09000006,2023-10-01,2.5
N09000006,2023-11-01,2.4
N09000006,2023-12-01,2.3
N09000006,2024-01-01,2.3
N09000006,2024-02-01,2.4
N09000006,2024-03-01,2.4
N09000006,2024-04-01,2.5
N09000006,2024-05-01,2.5
N09000006,2024-06-01,2.7
N09000006,2024-07-01,3.0
N09000006,2024-08-01,3.1
N09000006,2024-09-01,3.1
N09000006,2024-10-01,3.1
N09000006,2024-11-01,3.1
N09000006,2024-12-01,2.9
N09000006,2025-01-01,2.9
N09000006,2025-02-01,3.1
N09000006,2025-03-01,2.9
N09000006,2025-04-01,2.8
N09000006,2025-05-01,2.7
N09000006,2025-06-01,2.6
N09000006,2025-07-01,2.6
N09000006,2025-08-01,2.6
N09000006,2025-09-01,2.6
N09000006,2025-10-01,2.6
N09000006,2025-11-01,2.5
N09000006,2025-12-01,2.4
N09000006,2026-01-01,2.4
N09000006,2026-02-01,2.4
N09000007,2018-01-01,1.4
N09000007,2018-02-01,1.5
N09000007,2018-03-01,1.5
N09000007,2018-04-01,1.4
N09000007,2018-05-01,1.4
N09000007,2018-06-01,1.3
N09000007,2018-07-01,1.3
N09000007,2018-08-01,1.4
N09000007,2018-09-01,1.4
N09000007,2018-10-01,1.4
N09000007,2018-11-01,1.3
N09000007,2018-12-01,1.3
N09000007,2019-01-01,1.4
N09000007,2019-02-01,1.4
N09000007,2019-03-01,1.5
N09000007,2019-04-01,1.4
N09000007,2019-05-01,1.4
N09000007,2019-06-01,1.5
N09000007,2019-07-01,1.5
N09000007,2019-08-01,1.5
N09000007,2019-09-01,1.5
N09000007,2019-10-01,1.5
N09000007,2019-11-01,1.5
N09000007,2019-12-01,1.5
N09000007,2020-01-01,1.5
N09000007,2020-02-01,1.5
N09000007,2020-03-01,1.5
N09000007,2020-04-01,3.3
N09000007,2020-05-01,3.7
N09000007,2020-06-01,3.6
N09000007,2020-07-01,3.6
N09000007,2020-08-01,3.8
N09000007,2020-09-01,3.6
N09000007,2020-10-01,3.5
N09000007,2020-11-01,3.5
N09000007,2020-12-01,3.4
N09000007,2021-01-01,3.3
N09000007,2021-02-01,3.4
N09000007,2021-03-01,3.4
N09000007,2021-04-01,3.4
N09000007,2021-05-01,3.2
N09000007,2021-06-01,3.0
N09000007,2021-07-01,2.9
N09000007,2021-08-01,2.8
N09000007,2021-09-01,2.7
N09000007,2021-10-01,2.6
N09000007,2021-11-01,2.4
N09000007,2021-12-01,2.2
N09000007,2022-01-01,2.1
N09000007,2022-02-01,2.1
N09000007,2022-03-01,2.1
N09000007,2022-04-01,2.0
N09000007,2022-05-01,2.0
N09000007,2022-06-01,2.0
N09000007,2022-07-01,2.0
N09000007,2022-08-01,2.0
N09000007,2022-09-01,1.9
N09000007,2022-10-01,1.9
N09000007,2022-11-01,1.9
N09000007,2022-12-01,1.8
N09000007,2023-01-01,1.8
N09000007,2023-02-01,1.8
N09000007,2023-03-01,1.8
N09000007,2023-04-01,2.0
N09000007,2023-05-01,1.9
N09000007,2023-06-01,1.8
N09000007,2023-07-01,1.9
N09000007,2023-08-01,1.9
N09000007,2023-09-01,2.0
N09000007,2023-10-01,2.0
N09000007,2023-11-01,1.9
N09000007,2023-12-01,1.9
N09000007,2024-01-01,1.8
N09000007,2024-02-01,1.8
N09000007,2024-03-01,1.9
N09000007,2024-04-01,1.9
N09000007,2024-05-01,1.9
N09000007,2024-06-01,2.0
N09000007,2024-07-01,2.2
N09000007,2024-08-01,2.2
N09000007,2024-09-01,2.3
N09000007,2024-10-01,2.2
N09000007,2024-11-01,2.1
N09000007,2024-12-01,2.0
N09000007,2025-01-01,2.0
N09000007,2025-02-01,2.1
N09000007,2025-03-01,2.0
N09000007,2025-04-01,2.0
N09000007,2025-05-01,1.9
N09000007,2025-06-01,2.0
N09000007,2025-07-01,2.0
N09000007,2025-08-01,2.0
N09000007,2025-09-01,2.0
N09000007,2025-10-01,2.1
N09000007,2025-11-01,2.0
N09000007,2025-12-01,1.9
N09000007,2026-01-01,1.9
N09000007,2026-02-01,2.0
N09000008,2018-01-01,2.3
N09000008,2018-02-01,2.4
N09000008,2018-03-01,2.4
N09000008,2018-04-01,2.3
N09000008,2018-05-01,2.3
N09000008,2018-06-01,2.2
N09000008,2018-07-01,2.3
N09000008,2018-08-01,2.3
N09000008,2018-09-01,2.3
N09000008,2018-10-01,2.2
N09000008,2018-11-01,2.2
N09000008,2018-12-01,2.1
N09000008,2019-01-01,2.3
N09000008,2019-02-01,2.3
N09000008,2019-03-01,2.3
N09000008,2019-04-01,2.4
N09000008,2019-05-01,2.3
N09000008,2019-06-01,2.3
N09000008,2019-07-01,2.4
N09000008,2019-08-01,2.5
N09000008,2019-09-01,2.5
N09000008,2019-10-01,3.1
N09000008,2019-11-01,3.0
N09000008,2019-12-01,2.8
N09000008,2020-01-01,2.8
N09000008,2020-02-01,2.7
N09000008,2020-03-01,2.7
N09000008,2020-04-01,4.3
N09000008,2020-05-01,4.9
N09000008,2020-06-01,4.8
N09000008,2020-07-01,4.7
N09000008,2020-08-01,4.8
N09000008,2020-09-01,4.7
N09000008,2020-10-01,4.6
N09000008,2020-11-01,4.6
N09000008,2020-12-01,4.5
N09000008,2021-01-01,4.4
N09000008,2021-02-01,4.6
N09000008,2021-03-01,4.6
N09000008,2021-04-01,4.6
N09000008,2021-05-01,4.4
N09000008,2021-06-01,4.2
N09000008,2021-07-01,4.2
N09000008,2021-08-01,4.1
N09000008,2021-09-01,4.0
N09000008,2021-10-01,3.9
N09000008,2021-11-01,3.7
N09000008,2021-12-01,3.4
N09000008,2022-01-01,3.3
N09000008,2022-02-01,3.3
N09000008,2022-03-01,3.3
N09000008,2022-04-01,3.2
N09000008,2022-05-01,3.1
N09000008,2022-06-01,3.0
N09000008,2022-07-01,3.0
N09000008,2022-08-01,3.1
N09000008,2022-09-01,3.1
N09000008,2022-10-01,3.1
N09000008,2022-11-01,3.1
N09000008,2022-12-01,3.0
N09000008,2023-01-01,2.9
N09000008,2023-02-01,3.0
N09000008,2023-03-01,3.0
N09000008,2023-04-01,3.1
N09000008,2023-05-01,2.9
N09000008,2023-06-01,2.9
N09000008,2023-07-01,3.0
N09000008,2023-08-01,3.0
N09000008,2023-09-01,3.1
N09000008,2023-10-01,3.0
N09000008,2023-11-01,2.9
N09000008,2023-12-01,2.9
N09000008,2024-01-01,2.8
N09000008,2024-02-01,2.9
N09000008,2024-03-01,3.0
N09000008,2024-04-01,3.0
N09000008,2024-05-01,2.9
N09000008,2024-06-01,3.0
N09000008,2024-07-01,3.3
N09000008,2024-08-01,3.4
N09000008,2024-09-01,3.5
N09000008,2024-10-01,3.5
N09000008,2024-11-01,3.3
N09000008,2024-12-01,3.2
N09000008,2025-01-01,3.1
N09000008,2025-02-01,3.2
N09000008,2025-03-01,3.1
N09000008,2025-04-01,3.1
N09000008,2025-05-01,3.0
N09000008,2025-06-01,3.0
N09000008,2025-07-01,2.9
N09000008,2025-08-01,3.0
N09000008,2025-09-01,3.1
N09000008,2025-10-01,3.0
N09000008,2025-11-01,2.9
N09000008,2025-12-01,2.8
N09000008,2026-01-01,2.8
N09000008,2026-02-01,2.9
N09000009,2018-01-01,1.5
N09000009,2018-02-01,1.5
N09000009,2018-03-01,1.5
N09000009,2018-04-01,1.6
N09000009,2018-05-01,1.6
N09000009,2018-06-01,1.6
N09000009,2018-07-01,1.6
N09000009,2018-08-01,1.7
N09000009,2018-09-01,1.7
N09000009,2018-10-01,1.7
N09000009,2018-11-01,1.7
N09000009,2018-12-01,1.7
N09000009,2019-01-01,1.7
N09000009,2019-02-01,1.7
N09000009,2019-03-01,1.7
N09000009,2019-04-01,1.7
N09000009,2019-05-01,1.7
N09000009,2019-06-01,1.7
N09000009,2019-07-01,1.7
N09000009,2019-08-01,1.8
N09000009,2019-09-01,1.7
N09000009,2019-10-01,1.8
N09000009,2019-11-01,1.7
N09000009,2019-12-01,1.7
N09000009,2020-01-01,1.7
N09000009,2020-02-01,1.7
N09000009,2020-03-01,1.7
N09000009,2020-04-01,3.7
N09000009,2020-05-01,4.4
N09000009,2020-06-01,4.3
N09000009,2020-07-01,4.4
N09000009,2020-08-01,4.4
N09000009,2020-09-01,4.3
N09000009,2020-10-01,4.2
N09000009,2020-11-01,4.0
N09000009,2020-12-01,3.9
N09000009,2021-01-01,3.7
N09000009,2021-02-01,3.8
N09000009,2021-03-01,3.6
N09000009,2021-04-01,3.6
N09000009,2021-05-01,3.4
N09000009,2021-06-01,3.2
N09000009,2021-07-01,3.2
N09000009,2021-08-01,3.2
N09000009,2021-09-01,3.1
N09000009,2021-10-01,2.8
N09000009,2021-11-01,2.6
N09000009,2021-12-01,2.4
N09000009,2022-01-01,2.4
N09000009,2022-02-01,2.3
N09000009,2022-03-01,2.2
N09000009,2022-04-01,2.2
N09000009,2022-05-01,2.2
N09000009,2022-06-01,2.2
N09000009,2022-07-01,2.2
N09000009,2022-08-01,2.3
N09000009,2022-09-01,2.2
N09000009,2022-10-01,2.2
N09000009,2022-11-01,2.1
N09000009,2022-12-01,2.2
N09000009,2023-01-01,2.1
N09000009,2023-02-01,2.1
N09000009,2023-03-01,2.1
N09000009,2023-04-01,2.2
N09000009,2023-05-01,2.1
N09000009,2023-06-01,2.1
N09000009,2023-07-01,2.2
N09000009,2023-08-01,2.2
N09000009,2023-09-01,2.3
N09000009,2023-10-01,2.2
N09000009,2023-11-01,2.1
N09000009,2023-12-01,2.1
N09000009,2024-01-01,2.0
N09000009,2024-02-01,2.1
N09000009,2024-03-01,2.2
N09000009,2024-04-01,2.3
N09000009,2024-05-01,2.4
N09000009,2024-06-01,2.6
N09000009,2024-07-01,2.8
N09000009,2024-08-01,2.9
N09000009,2024-09-01,3.0
N09000009,2024-10-01,3.0
N09000009,2024-11-01,2.7
N09000009,2024-12-01,2.6
N09000009,2025-01-01,2.5
N09000009,2025-02-01,2.6
N09000009,2025-03-01,2.5
N09000009,2025-04-01,2.4
N09000009,2025-05-01,2.3
N09000009,2025-06-01,2.3
N09000009,2025-07-01,2.3
N09000009,2025-08-01,2.3
N09000009,2025-09-01,2.4
N09000009,2025-10-01,2.3
N09000009,2025-11-01,2.2
N09000009,2025-12-01,2.1
N09000009,2026-01-01,2.1
N09000009,2026-02-01,2.2
N09000010,2018-01-01,2.1
N09000010,2018-02-01,2.1
N09000010,2018-03-01,2.1
N09000010,2018-04-01,2.1
N09000010,2018-05-01,2
N09000010,2018-06-01,1.9
N09000010,2018-07-01,2.0
N09000010,2018-08-01,2.1
N09000010,2018-09-01,2.1
N09000010,2018-10-01,2.1
N09000010,2018-11-01,2.1
N09000010,2018-12-01,2.1
N09000010,2019-01-01,2.1
N09000010,2019-02-01,2.2
N09000010,2019-03-01,2.2
N09000010,2019-04-01,2.2
N09000010,2019-05-01,2.2
N09000010,2019-06-01,2.2
N09000010,2019-07-01,2.3
N09000010,2019-08-01,2.3
N09000010,2019-09-01,2.3
N09000010,2019-10-01,2.4
N09000010,2019-11-01,2.3
N09000010,2019-12-01,2.2
N09000010,2020-01-01,2.2
N09000010,2020-02-01,2.2
N09000010,2020-03-01,2.2
N09000010,2020-04-01,4.9
N09000010,2020-05-01,5.9
N09000010,2020-06-01,5.6
N09000010,2020-07-01,5.6
N09000010,2020-08-01,5.6
N09000010,2020-09-01,5.4
N09000010,2020-10-01,5.2
N09000010,2020-11-01,5.1
N09000010,2020-12-01,4.9
N09000010,2021-01-01,4.7
N09000010,2021-02-01,5.0
N09000010,2021-03-01,4.9
N09000010,2021-04-01,4.9
N09000010,2021-05-01,4.5
N09000010,2021-06-01,4.1
N09000010,2021-07-01,4.0
N09000010,2021-08-01,4.0
N09000010,2021-09-01,3.8
N09000010,2021-10-01,3.7
N09000010,2021-11-01,3.4
N09000010,2021-12-01,3.3
N09000010,2022-01-01,3.2
N09000010,2022-02-01,3.2
N09000010,2022-03-01,3.0
N09000010,2022-04-01,2.9
N09000010,2022-05-01,2.9
N09000010,2022-06-01,2.8
N09000010,2022-07-01,2.9
N09000010,2022-08-01,2.9
N09000010,2022-09-01,2.9
N09000010,2022-10-01,2.9
N09000010,2022-11-01,2.8
N09000010,2022-12-01,2.9
N09000010,2023-01-01,2.8
N09000010,2023-02-01,2.8
N09000010,2023-03-01,2.9
N09000010,2023-04-01,3.0
N09000010,2023-05-01,2.9
N09000010,2023-06-01,2.9
N09000010,2023-07-01,3.0
N09000010,2023-08-01,3.0
N09000010,2023-09-01,3.1
N09000010,2023-10-01,3.0
N09000010,2023-11-01,2.8
N09000010,2023-12-01,2.7
N09000010,2024-01-01,2.7
N09000010,2024-02-01,2.8
N09000010,2024-03-01,2.8
N09000010,2024-04-01,2.9
N09000010,2024-05-01,2.9
N09000010,2024-06-01,3.0
N09000010,2024-07-01,3.3
N09000010,2024-08-01,3.4
N09000010,2024-09-01,3.5
N09000010,2024-10-01,3.5
N09000010,2024-11-01,3.2
N09000010,2024-12-01,3.1
N09000010,2025-01-01,3.0
N09000010,2025-02-01,3.1
N09000010,2025-03-01,3.0
N09000010,2025-04-01,3.0
N09000010,2025-05-01,2.8
N09000010,2025-06-01,2.8
N09000010,2025-07-01,2.8
N09000010,2025-08-01,2.8
N09000010,2025-09-01,3.0
N09000010,2025-10-01,2.9
N09000010,2025-11-01,2.7
N09000010,2025-12-01,2.6
N09000010,2026-01-01,2.7
N09000010,2026-02-01,2.8
N09000011,2018-01-01,2.2
N09000011,2018-02-01,2.3
N09000011,2018-03-01,2.2
N09000011,2018-04-01,2.2
N09000011,2018-05-01,2.1
N09000011,2018-06-01,2.1
N09000011,2018-07-01,2.1
N09000011,2018-08-01,2.2
N09000011,2018-09-01,2.2
N09000011,2018-10-01,2.1
N09000011,2018-11-01,2.0
N09000011,2018-12-01,2.1
N09000011,2019-01-01,2.1
N09000011,2019-02-01,2.1
N09000011,2019-03-01,2.2
N09000011,2019-04-01,2.2
N09000011,2019-05-01,2.2
N09000011,2019-06-01,2.2
N09000011,2019-07-01,2.2
N09000011,2019-08-01,2.2
N09000011,2019-09-01,2.2
N09000011,2019-10-01,2.3
N09000011,2019-11-01,2.2
N09000011,2019-12-01,2.3
N09000011,2020-01-01,2.2
N09000011,2020-02-01,2.3
N09000011,2020-03-01,2.4
N09000011,2020-04-01,4.5
N09000011,2020-05-01,4.9
N09000011,2020-06-01,4.7
N09000011,2020-07-01,4.7
N09000011,2020-08-01,4.8
N09000011,2020-09-01,4.6
N09000011,2020-10-01,4.5
N09000011,2020-11-01,4.6
N09000011,2020-12-01,4.5
N09000011,2021-01-01,4.3
N09000011,2021-02-01,4.5
N09000011,2021-03-01,4.4
N09000011,2021-04-01,4.4
N09000011,2021-05-01,4.1
N09000011,2021-06-01,3.9
N09000011,2021-07-01,3.9
N09000011,2021-08-01,3.8
N09000011,2021-09-01,3.6
N09000011,2021-10-01,3.5
N09000011,2021-11-01,3.2
N09000011,2021-12-01,3.1
N09000011,2022-01-01,3.0
N09000011,2022-02-01,3.0
N09000011,2022-03-01,2.8
N09000011,2022-04-01,2.8
N09000011,2022-05-01,2.7
N09000011,2022-06-01,2.7
N09000011,2022-07-01,2.7
N09000011,2022-08-01,2.7
N09000011,2022-09-01,2.7
N09000011,2022-10-01,2.6
N09000011,2022-11-01,2.7
N09000011,2022-12-01,2.7
N09000011,2023-01-01,2.6
N09000011,2023-02-01,2.7
N09000011,2023-03-01,2.7
N09000011,2023-04-01,2.8
N09000011,2023-05-01,2.6
N09000011,2023-06-01,2.7
N09000011,2023-07-01,2.7
N09000011,2023-08-01,2.7
N09000011,2023-09-01,2.8
N09000011,2023-10-01,2.7
N09000011,2023-11-01,2.6
N09000011,2023-12-01,2.7
N09000011,2024-01-01,2.6
N09000011,2024-02-01,2.7
N09000011,2024-03-01,2.7
N09000011,2024-04-01,2.7
N09000011,2024-05-01,2.7
N09000011,2024-06-01,2.8
N09000011,2024-07-01,3.0
N09000011,2024-08-01,3.1
N09000011,2024-09-01,3.1
N09000011,2024-10-01,3.0
N09000011,2024-11-01,2.9
N09000011,2024-12-01,2.9
N09000011,2025-01-01,2.7
N09000011,2025-02-01,2.8
N09000011,2025-03-01,2.8
N09000011,2025-04-01,2.8
N09000011,2025-05-01,2.6
N09000011,2025-06-01,2.7
N09000011,2025-07-01,2.6
N09000011,2025-08-01,2.7
N09000011,2025-09-01,2.6
N09000011,2025-10-01,2.7
N09000011,2025-11-01,2.7
N09000011,2025-12-01,2.6
N09000011,2026-01-01,2.5
N09000011,2026-02-01,2.6
S12000005,2018-01-01,3.7
S12000005,2018-02-01,3.9
S12000005,2018-03-01,4.1
S12000005,2018-04-01,4.4
S12000005,2018-05-01,4.2
S12000005,2018-06-01,4.2
S12000005,2018-07-01,4.3
S12000005,2018-08-01,4.3
S12000005,2018-09-01,4.2
S12000005,2018-10-01,4.2
S12000005,2018-11-01,4.1
S12000005,2018-12-01,4.0
S12000005,2019-01-01,4.0
S12000005,2019-02-01,4.2
S12000005,2019-03-01,4.3
S12000005,2019-04-01,4.2
S12000005,2019-05-01,4.2
S12000005,2019-06-01,4.1
S12000005,2019-07-01,4.3
S12000005,2019-08-01,4.3
S12000005,2019-09-01,4.0
S12000005,2019-10-01,3.9
S12000005,2019-11-01,4.1
S12000005,2019-12-01,4.0
S12000005,2020-01-01,4.2
S12000005,2020-02-01,4.3
S12000005,2020-03-01,4.2
S12000005,2020-04-01,6.2
S12000005,2020-05-01,6.8
S12000005,2020-06-01,6.7
S12000005,2020-07-01,6.9
S12000005,2020-08-01,7.0
S12000005,2020-09-01,6.8
S12000005,2020-10-01,6.6
S12000005,2020-11-01,6.5
S12000005,2020-12-01,6.4
S12000005,2021-01-01,6.3
S12000005,2021-02-01,6.5
S12000005,2021-03-01,6.4
S12000005,2021-04-01,6.3
S12000005,2021-05-01,5.8
S12000005,2021-06-01,5.4
S12000005,2021-07-01,5.2
S12000005,2021-08-01,5.0
S12000005,2021-09-01,4.8
S12000005,2021-10-01,4.7
S12000005,2021-11-01,4.5
S12000005,2021-12-01,4.3
S12000005,2022-01-01,4.3
S12000005,2022-02-01,4.2
S12000005,2022-03-01,3.9
S12000005,2022-04-01,3.8
S12000005,2022-05-01,3.7
S12000005,2022-06-01,3.6
S12000005,2022-07-01,3.6
S12000005,2022-08-01,3.8
S12000005,2022-09-01,3.5
S12000005,2022-10-01,3.5
S12000005,2022-11-01,3.6
S12000005,2022-12-01,3.6
S12000005,2023-01-01,3.6
S12000005,2023-02-01,3.6
S12000005,2023-03-01,3.8
S12000005,2023-04-01,3.9
S12000005,2023-05-01,3.6
S12000005,2023-06-01,3.6
S12000005,2023-07-01,3.7
S12000005,2023-08-01,3.6
S12000005,2023-09-01,3.4
S12000005,2023-10-01,3.3
S12000005,2023-11-01,3.4
S12000005,2023-12-01,3.5
S12000005,2024-01-01,3.3
S12000005,2024-02-01,3.4
S12000005,2024-03-01,3.3
S12000005,2024-04-01,3.2
S12000005,2024-05-01,3.2
S12000005,2024-06-01,3.3
S12000005,2024-07-01,3.4
S12000005,2024-08-01,3.4
S12000005,2024-09-01,3.4
S12000005,2024-10-01,3.1
S12000005,2024-11-01,3.1
S12000005,2024-12-01,3.0
S12000005,2025-01-01,3.1
S12000005,2025-02-01,3.1
S12000005,2025-03-01,3.1
S12000005,2025-04-01,3.1
S12000005,2025-05-01,3.1
S12000005,2025-06-01,3.1
S12000005,2025-07-01,3.0
S12000005,2025-08-01,2.9
S12000005,2025-09-01,2.7
S12000005,2025-10-01,2.8
S12000005,2025-11-01,2.9
S12000005,2025-12-01,2.9
S12000005,2026-01-01,3.0
S12000005,2026-02-01,3.1
S12000006,2018-01-01,1.9
S12000006,2018-02-01,2.0
S12000006,2018-03-01,1.9
S12000006,2018-04-01,1.9
S12000006,2018-05-01,1.8
S12000006,2018-06-01,1.8
S12000006,2018-07-01,2.0
S12000006,2018-08-01,2.1
S12000006,2018-09-01,2.2
S12000006,2018-10-01,2.3
S12000006,2018-11-01,2.4
S12000006,2018-12-01,2.6
S12000006,2019-01-01,2.7
S12000006,2019-02-01,2.9
S12000006,2019-03-01,3.1
S12000006,2019-04-01,3.1
S12000006,2019-05-01,3.0
S12000006,2019-06-01,3.0
S12000006,2019-07-01,3.1
S12000006,2019-08-01,3.2
S12000006,2019-09-01,3.1
S12000006,2019-10-01,3.2
S12000006,2019-11-01,3.1
S12000006,2019-12-01,3.2
S12000006,2020-01-01,3.3
S12000006,2020-02-01,3.5
S12000006,2020-03-01,3.4
S12000006,2020-04-01,5.8
S12000006,2020-05-01,6.1
S12000006,2020-06-01,5.9
S12000006,2020-07-01,6.0
S12000006,2020-08-01,5.9
S12000006,2020-09-01,5.6
S12000006,2020-10-01,5.3
S12000006,2020-11-01,5.3
S12000006,2020-12-01,5.2
S12000006,2021-01-01,5.3
S12000006,2021-02-01,5.6
S12000006,2021-03-01,5.5
S12000006,2021-04-01,5.3
S12000006,2021-05-01,5.0
S12000006,2021-06-01,4.6
S12000006,2021-07-01,4.5
S12000006,2021-08-01,4.4
S12000006,2021-09-01,4.1
S12000006,2021-10-01,3.9
S12000006,2021-11-01,3.8
S12000006,2021-12-01,3.8
S12000006,2022-01-01,3.8
S12000006,2022-02-01,3.7
S12000006,2022-03-01,3.5
S12000006,2022-04-01,3.4
S12000006,2022-05-01,3.2
S12000006,2022-06-01,3.0
S12000006,2022-07-01,3.0
S12000006,2022-08-01,3.0
S12000006,2022-09-01,2.9
S12000006,2022-10-01,2.9
S12000006,2022-11-01,2.9
S12000006,2022-12-01,3.0
S12000006,2023-01-01,3.0
S12000006,2023-02-01,3.1
S12000006,2023-03-01,3.1
S12000006,2023-04-01,3.2
S12000006,2023-05-01,3.0
S12000006,2023-06-01,3.0
S12000006,2023-07-01,3.0
S12000006,2023-08-01,2.9
S12000006,2023-09-01,2.8
S12000006,2023-10-01,2.8
S12000006,2023-11-01,2.8
S12000006,2023-12-01,2.9
S12000006,2024-01-01,2.8
S12000006,2024-02-01,2.8
S12000006,2024-03-01,3.0
S12000006,2024-04-01,2.9
S12000006,2024-05-01,2.9
S12000006,2024-06-01,3.1
S12000006,2024-07-01,3.2
S12000006,2024-08-01,3.1
S12000006,2024-09-01,3.0
S12000006,2024-10-01,3.0
S12000006,2024-11-01,2.9
S12000006,2024-12-01,2.8
S12000006,2025-01-01,2.9
S12000006,2025-02-01,2.8
S12000006,2025-03-01,2.7
S12000006,2025-04-01,2.7
S12000006,2025-05-01,2.6
S12000006,2025-06-01,2.7
S12000006,2025-07-01,2.7
S12000006,2025-08-01,2.7
S12000006,2025-09-01,2.7
S12000006,2025-10-01,2.6
S12000006,2025-11-01,2.6
S12000006,2025-12-01,2.6
S12000006,2026-01-01,2.7
S12000006,2026-02-01,2.9
S12000008,2018-01-01,3.5
S12000008,2018-02-01,3.8
S12000008,2018-03-01,4.0
S12000008,2018-04-01,4.3
S12000008,2018-05-01,4.3
S12000008,2018-06-01,4.4
S12000008,2018-07-01,4.8
S12000008,2018-08-01,4.8
S12000008,2018-09-01,4.6
S12000008,2018-10-01,4.7
S12000008,2018-11-01,4.8
S12000008,2018-12-01,4.8
S12000008,2019-01-01,4.9
S12000008,2019-02-01,5.0
S12000008,2019-03-01,5.1
S12000008,2019-04-01,5.0
S12000008,2019-05-01,4.9
S12000008,2019-06-01,4.9
S12000008,2019-07-01,5.1
S12000008,2019-08-01,5.1
S12000008,2019-09-01,4.8
S12000008,2019-10-01,4.9
S12000008,2019-11-01,4.8
S12000008,2019-12-01,4.8
S12000008,2020-01-01,5.0
S12000008,2020-02-01,4.9
S12000008,2020-03-01,4.8
S12000008,2020-04-01,7.3
S12000008,2020-05-01,8.0
S12000008,2020-06-01,8.0
S12000008,2020-07-01,8.2
S12000008,2020-08-01,8.4
S12000008,2020-09-01,8.1
S12000008,2020-10-01,7.6
S12000008,2020-11-01,7.7
S12000008,2020-12-01,7.5
S12000008,2021-01-01,7.6
S12000008,2021-02-01,7.7
S12000008,2021-03-01,7.6
S12000008,2021-04-01,7.5
S12000008,2021-05-01,7.1
S12000008,2021-06-01,6.7
S12000008,2021-07-01,6.6
S12000008,2021-08-01,6.4
S12000008,2021-09-01,6.0
S12000008,2021-10-01,5.7
S12000008,2021-11-01,5.6
S12000008,2021-12-01,5.5
S12000008,2022-01-01,5.4
S12000008,2022-02-01,5.3
S12000008,2022-03-01,5.1
S12000008,2022-04-01,4.8
S12000008,2022-05-01,4.6
S12000008,2022-06-01,4.5
S12000008,2022-07-01,4.5
S12000008,2022-08-01,4.4
S12000008,2022-09-01,4.1
S12000008,2022-10-01,4.0
S12000008,2022-11-01,4.1
S12000008,2022-12-01,4.2
S12000008,2023-01-01,4.3
S12000008,2023-02-01,4.3
S12000008,2023-03-01,4.5
S12000008,2023-04-01,4.5
S12000008,2023-05-01,4.2
S12000008,2023-06-01,4.2
S12000008,2023-07-01,4.3
S12000008,2023-08-01,4.1
S12000008,2023-09-01,4.0
S12000008,2023-10-01,4.0
S12000008,2023-11-01,4.0
S12000008,2023-12-01,4.0
S12000008,2024-01-01,3.9
S12000008,2024-02-01,3.8
S12000008,2024-03-01,3.9
S12000008,2024-04-01,3.9
S12000008,2024-05-01,3.9
S12000008,2024-06-01,3.9
S12000008,2024-07-01,4.0
S12000008,2024-08-01,4.0
S12000008,2024-09-01,3.9
S12000008,2024-10-01,3.7
S12000008,2024-11-01,3.7
S12000008,2024-12-01,3.7
S12000008,2025-01-01,3.7
S12000008,2025-02-01,3.8
S12000008,2025-03-01,3.7
S12000008,2025-04-01,3.6
S12000008,2025-05-01,3.6
S12000008,2025-06-01,3.6
S12000008,2025-07-01,3.6
S12000008,2025-08-01,3.6
S12000008,2025-09-01,3.5
S12000008,2025-10-01,3.6
S12000008,2025-11-01,3.6
S12000008,2025-12-01,3.5
S12000008,2026-01-01,3.5
S12000008,2026-02-01,3.7
S12000010,2018-01-01,2.7
S12000010,2018-02-01,2.8
S12000010,2018-03-01,2.8
S12000010,2018-04-01,3.1
S12000010,2018-05-01,2.8
S12000010,2018-06-01,2.8
S12000010,2018-07-01,2.7
S12000010,2018-08-01,2.7
S12000010,2018-09-01,2.7
S12000010,2018-10-01,2.7
S12000010,2018-11-01,2.8
S12000010,2018-12-01,2.8
S12000010,2019-01-01,2.7
S12000010,2019-02-01,2.9
S12000010,2019-03-01,2.8
S12000010,2019-04-01,2.7
S12000010,2019-05-01,2.6
S12000010,2019-06-01,2.6
S12000010,2019-07-01,2.6
S12000010,2019-08-01,2.6
S12000010,2019-09-01,2.5
S12000010,2019-10-01,2.5
S12000010,2019-11-01,2.6
S12000010,2019-12-01,2.6
S12000010,2020-01-01,2.6
S12000010,2020-02-01,2.6
S12000010,2020-03-01,2.6
S12000010,2020-04-01,4.8
S12000010,2020-05-01,5.5
S12000010,2020-06-01,5.2
S12000010,2020-07-01,5.4
S12000010,2020-08-01,5.4
S12000010,2020-09-01,5.1
S12000010,2020-10-01,4.8
S12000010,2020-11-01,4.9
S12000010,2020-12-01,4.8
S12000010,2021-01-01,4.8
S12000010,2021-02-01,5.1
S12000010,2021-03-01,5.1
S12000010,2021-04-01,5.0
S12000010,2021-05-01,4.6
S12000010,2021-06-01,4.0
S12000010,2021-07-01,4.0
S12000010,2021-08-01,3.8
S12000010,2021-09-01,3.5
S12000010,2021-10-01,3.4
S12000010,2021-11-01,3.3
S12000010,2021-12-01,3.1
S12000010,2022-01-01,3.1
S12000010,2022-02-01,3.0
S12000010,2022-03-01,2.7
S12000010,2022-04-01,2.5
S12000010,2022-05-01,2.4
S12000010,2022-06-01,2.3
S12000010,2022-07-01,2.1
S12000010,2022-08-01,2.2
S12000010,2022-09-01,2.1
S12000010,2022-10-01,2.1
S12000010,2022-11-01,2.1
S12000010,2022-12-01,2.2
S12000010,2023-01-01,2.1
S12000010,2023-02-01,2.2
S12000010,2023-03-01,2.3
S12000010,2023-04-01,2.4
S12000010,2023-05-01,2.3
S12000010,2023-06-01,2.2
S12000010,2023-07-01,2.3
S12000010,2023-08-01,2.2
S12000010,2023-09-01,2.2
S12000010,2023-10-01,2.2
S12000010,2023-11-01,2.3
S12000010,2023-12-01,2.2
S12000010,2024-01-01,2.2
S12000010,2024-02-01,2.3
S12000010,2024-03-01,2.3
S12000010,2024-04-01,2.3
S12000010,2024-05-01,2.3
S12000010,2024-06-01,2.3
S12000010,2024-07-01,2.4
S12000010,2024-08-01,2.4
S12000010,2024-09-01,2.3
S12000010,2024-10-01,2.3
S12000010,2024-11-01,2.3
S12000010,2024-12-01,2.3
S12000010,2025-01-01,2.3
S12000010,2025-02-01,2.4
S12000010,2025-03-01,2.3
S12000010,2025-04-01,2.2
S12000010,2025-05-01,2.2
S12000010,2025-06-01,2.1
S12000010,2025-07-01,2.1
S12000010,2025-08-01,2.1
S12000010,2025-09-01,2.1
S12000010,2025-10-01,2.1
S12000010,2025-11-01,2.1
S12000010,2025-12-01,2.1
S12000010,2026-01-01,2.2
S12000010,2026-02-01,2.4
S12000011,2018-01-01,1.2
S12000011,2018-02-01,1.2
S12000011,2018-03-01,1.2
S12000011,2018-04-01,1.2
S12000011,2018-05-01,1.2
S12000011,2018-06-01,1.2
S12000011,2018-07-01,1.2
S12000011,2018-08-01,1.2
S12000011,2018-09-01,1.1
S12000011,2018-10-01,1.1
S12000011,2018-11-01,1.2
S12000011,2018-12-01,1.3
S12000011,2019-01-01,1.3
S12000011,2019-02-01,1.4
S12000011,2019-03-01,1.5
S12000011,2019-04-01,1.5
S12000011,2019-05-01,1.5
S12000011,2019-06-01,1.6
S12000011,2019-07-01,1.7
S12000011,2019-08-01,1.8
S12000011,2019-09-01,1.7
S12000011,2019-10-01,1.7
S12000011,2019-11-01,1.7
S12000011,2019-12-01,1.7
S12000011,2020-01-01,1.7
S12000011,2020-02-01,1.7
S12000011,2020-03-01,1.7
S12000011,2020-04-01,3.3
S12000011,2020-05-01,4.1
S12000011,2020-06-01,4.0
S12000011,2020-07-01,4.3
S12000011,2020-08-01,4.3
S12000011,2020-09-01,4.0
S12000011,2020-10-01,3.8
S12000011,2020-11-01,3.8
S12000011,2020-12-01,3.8
S12000011,2021-01-01,3.7
S12000011,2021-02-01,3.8
S12000011,2021-03-01,3.8
S12000011,2021-04-01,3.6
S12000011,2021-05-01,3.3
S12000011,2021-06-01,3.0
S12000011,2021-07-01,3.0
S12000011,2021-08-01,2.8
S12000011,2021-09-01,2.5
S12000011,2021-10-01,2.4
S12000011,2021-11-01,2.3
S12000011,2021-12-01,2.2
S12000011,2022-01-01,2.2
S12000011,2022-02-01,2.1
S12000011,2022-03-01,2.0
S12000011,2022-04-01,1.9
S12000011,2022-05-01,1.8
S12000011,2022-06-01,1.8
S12000011,2022-07-01,1.7
S12000011,2022-08-01,1.7
S12000011,2022-09-01,1.7
S12000011,2022-10-01,1.6
S12000011,2022-11-01,1.7
S12000011,2022-12-01,1.7
S12000011,2023-01-01,1.7
S12000011,2023-02-01,1.7
S12000011,2023-03-01,1.8
S12000011,2023-04-01,1.9
S12000011,2023-05-01,1.8
S12000011,2023-06-01,1.8
S12000011,2023-07-01,1.8
S12000011,2023-08-01,1.8
S12000011,2023-09-01,1.8
S12000011,2023-10-01,1.7
S12000011,2023-11-01,1.7
S12000011,2023-12-01,1.7
S12000011,2024-01-01,1.6
S12000011,2024-02-01,1.7
S12000011,2024-03-01,1.7
S12000011,2024-04-01,1.7
S12000011,2024-05-01,1.7
S12000011,2024-06-01,1.8
S12000011,2024-07-01,2.0
S12000011,2024-08-01,2.0
S12000011,2024-09-01,1.9
S12000011,2024-10-01,1.8
S12000011,2024-11-01,1.7
S12000011,2024-12-01,1.7
S12000011,2025-01-01,1.6
S12000011,2025-02-01,1.7
S12000011,2025-03-01,1.7
S12000011,2025-04-01,1.6
S12000011,2025-05-01,1.6
S12000011,2025-06-01,1.6
S12000011,2025-07-01,1.6
S12000011,2025-08-01,1.7
S12000011,2025-09-01,1.7
S12000011,2025-10-01,1.6
S12000011,2025-11-01,1.6
S12000011,2025-12-01,1.6
S12000011,2026-01-01,1.6
S12000011,2026-02-01,1.7
S12000013,2018-01-01,1.8
S12000013,2018-02-01,1.9
S12000013,2018-03-01,1.9
S12000013,2018-04-01,1.8
S12000013,2018-05-01,1.7
S12000013,2018-06-01,1.5
S12000013,2018-07-01,1.5
S12000013,2018-08-01,1.5
S12000013,2018-09-01,1.4
S12000013,2018-10-01,1.5
S12000013,2018-11-01,1.7
S12000013,2018-12-01,1.9
S12000013,2019-01-01,1.9
S12000013,2019-02-01,2.2
S12000013,2019-03-01,2.3
S12000013,2019-04-01,2.1
S12000013,2019-05-01,2.1
S12000013,2019-06-01,2.0
S12000013,2019-07-01,2.1
S12000013,2019-08-01,2.2
S12000013,2019-09-01,2.2
S12000013,2019-10-01,2.2
S12000013,2019-11-01,2.3
S12000013,2019-12-01,2.6
S12000013,2020-01-01,2.8
S12000013,2020-02-01,3.1
S12000013,2020-03-01,3.1
S12000013,2020-04-01,5.3
S12000013,2020-05-01,5.7
S12000013,2020-06-01,5.5
S12000013,2020-07-01,5.7
S12000013,2020-08-01,5.8
S12000013,2020-09-01,5.2
S12000013,2020-10-01,4.9
S12000013,2020-11-01,5.0
S12000013,2020-12-01,5.0
S12000013,2021-01-01,4.8
S12000013,2021-02-01,5.0
S12000013,2021-03-01,5.1
S12000013,2021-04-01,4.9
S12000013,2021-05-01,4.6
S12000013,2021-06-01,4.1
S12000013,2021-07-01,3.9
S12000013,2021-08-01,3.6
S12000013,2021-09-01,3.3
S12000013,2021-10-01,3.2
S12000013,2021-11-01,3.0
S12000013,2021-12-01,3.0
S12000013,2022-01-01,3.1
S12000013,2022-02-01,2.9
S12000013,2022-03-01,3.0
S12000013,2022-04-01,2.7
S12000013,2022-05-01,2.4
S12000013,2022-06-01,2.2
S12000013,2022-07-01,2.3
S12000013,2022-08-01,2.2
S12000013,2022-09-01,2.1
S12000013,2022-10-01,1.9
S12000013,2022-11-01,2.0
S12000013,2022-12-01,1.9
S12000013,2023-01-01,2.0
S12000013,2023-02-01,2.1
S12000013,2023-03-01,2.1
S12000013,2023-04-01,2.0
S12000013,2023-05-01,1.9
S12000013,2023-06-01,2.0
S12000013,2023-07-01,1.9
S12000013,2023-08-01,1.8
S12000013,2023-09-01,1.8
S12000013,2023-10-01,1.8
S12000013,2023-11-01,1.7
S12000013,2023-12-01,1.8
S12000013,2024-01-01,1.9
S12000013,2024-02-01,2.0
S12000013,2024-03-01,2.1
S12000013,2024-04-01,1.9
S12000013,2024-05-01,1.7
S12000013,2024-06-01,1.8
S12000013,2024-07-01,1.9
S12000013,2024-08-01,1.9
S12000013,2024-09-01,1.7
S12000013,2024-10-01,1.8
S12000013,2024-11-01,2.0
S12000013,2024-12-01,2.0
S12000013,2025-01-01,2.2
S12000013,2025-02-01,2.3
S12000013,2025-03-01,2.2
S12000013,2025-04-01,2.1
S12000013,2025-05-01,2.0
S12000013,2025-06-01,1.8
S12000013,2025-07-01,1.8
S12000013,2025-08-01,1.9
S12000013,2025-09-01,1.8
S12000013,2025-10-01,1.8
S12000013,2025-11-01,2.0
S12000013,2025-12-01,1.9
S12000013,2026-01-01,2.1
S12000013,2026-02-01,2.3
S12000014,2018-01-01,2.3
S12000014,2018-02-01,2.5
S12000014,2018-03-01,2.6
S12000014,2018-04-01,2.5
S12000014,2018-05-01,2.5
S12000014,2018-06-01,2.6
S12000014,2018-07-01,2.7
S12000014,2018-08-01,2.9
S12000014,2018-09-01,2.9
S12000014,2018-10-01,2.9
S12000014,2018-11-01,2.9
S12000014,2018-12-01,3.0
S12000014,2019-01-01,3.2
S12000014,2019-02-01,3.4
S12000014,2019-03-01,3.4
S12000014,2019-04-01,3.3
S12000014,2019-05-01,3.2
S12000014,2019-06-01,3.2
S12000014,2019-07-01,3.2
S12000014,2019-08-01,3.3
S12000014,2019-09-01,3.1
S12000014,2019-10-01,3.1
S12000014,2019-11-01,3.2
S12000014,2019-12-01,3.2
S12000014,2020-01-01,3.2
S12000014,2020-02-01,3.3
S12000014,2020-03-01,3.3
S12000014,2020-04-01,5.5
S12000014,2020-05-01,6.2
S12000014,2020-06-01,6.0
S12000014,2020-07-01,6.3
S12000014,2020-08-01,6.2
S12000014,2020-09-01,5.9
S12000014,2020-10-01,5.7
S12000014,2020-11-01,5.8
S12000014,2020-12-01,5.8
S12000014,2021-01-01,5.8
S12000014,2021-02-01,5.9
S12000014,2021-03-01,6.0
S12000014,2021-04-01,5.9
S12000014,2021-05-01,5.4
S12000014,2021-06-01,5.0
S12000014,2021-07-01,4.9
S12000014,2021-08-01,4.7
S12000014,2021-09-01,4.3
S12000014,2021-10-01,4.2
S12000014,2021-11-01,3.9
S12000014,2021-12-01,3.7
S12000014,2022-01-01,3.7
S12000014,2022-02-01,3.7
S12000014,2022-03-01,3.5
S12000014,2022-04-01,3.4
S12000014,2022-05-01,3.2
S12000014,2022-06-01,3.2
S12000014,2022-07-01,3.2
S12000014,2022-08-01,3.1
S12000014,2022-09-01,3.0
S12000014,2022-10-01,2.9
S12000014,2022-11-01,2.9
S12000014,2022-12-01,3.1
S12000014,2023-01-01,3.1
S12000014,2023-02-01,3.1
S12000014,2023-03-01,3.2
S12000014,2023-04-01,3.1
S12000014,2023-05-01,3.0
S12000014,2023-06-01,2.9
S12000014,2023-07-01,3.0
S12000014,2023-08-01,3.0
S12000014,2023-09-01,2.8
S12000014,2023-10-01,2.8
S12000014,2023-11-01,2.8
S12000014,2023-12-01,2.8
S12000014,2024-01-01,2.8
S12000014,2024-02-01,2.9
S12000014,2024-03-01,2.9
S12000014,2024-04-01,2.8
S12000014,2024-05-01,2.8
S12000014,2024-06-01,2.9
S12000014,2024-07-01,3.0
S12000014,2024-08-01,3.0
S12000014,2024-09-01,2.9
S12000014,2024-10-01,2.8
S12000014,2024-11-01,2.7
S12000014,2024-12-01,2.7
S12000014,2025-01-01,2.8
S12000014,2025-02-01,2.8
S12000014,2025-03-01,2.8
S12000014,2025-04-01,2.8
S12000014,2025-05-01,2.8
S12000014,2025-06-01,2.9
S12000014,2025-07-01,2.8
S12000014,2025-08-01,2.9
S12000014,2025-09-01,2.8
S12000014,2025-10-01,2.8
S12000014,2025-11-01,2.8
S12000014,2025-12-01,2.8
S12000014,2026-01-01,2.8
S12000014,2026-02-01,2.9
S12000017,2018-01-01,2.4
S12000017,2018-02-01,2.6
S12000017,2018-03-01,2.6
S12000017,2018-04-01,2.8
S12000017,2018-05-01,2.6
S12000017,2018-06-01,2.5
S12000017,2018-07-01,2.4
S12000017,2018-08-01,2.4
S12000017,2018-09-01,2.4
S12000017,2018-10-01,2.4
S12000017,2018-11-01,2.4
S12000017,2018-12-01,2.4
S12000017,2019-01-01,2.5
S12000017,2019-02-01,2.7
S12000017,2019-03-01,2.7
S12000017,2019-04-01,2.6
S12000017,2019-05-01,2.5
S12000017,2019-06-01,2.4
S12000017,2019-07-01,2.4
S12000017,2019-08-01,2.4
S12000017,2019-09-01,2.3
S12000017,2019-10-01,2.3
S12000017,2019-11-01,2.3
S12000017,2019-12-01,2.5
S12000017,2020-01-01,2.6
S12000017,2020-02-01,2.6
S12000017,2020-03-01,2.6
S12000017,2020-04-01,5.0
S12000017,2020-05-01,5.9
S12000017,2020-06-01,5.8
S12000017,2020-07-01,5.9
S12000017,2020-08-01,5.9
S12000017,2020-09-01,5.4
S12000017,2020-10-01,5.1
S12000017,2020-11-01,5.1
S12000017,2020-12-01,5.1
S12000017,2021-01-01,5.1
S12000017,2021-02-01,5.4
S12000017,2021-03-01,5.4
S12000017,2021-04-01,5.2
S12000017,2021-05-01,4.8
S12000017,2021-06-01,4.2
S12000017,2021-07-01,3.9
S12000017,2021-08-01,3.6
S12000017,2021-09-01,3.3
S12000017,2021-10-01,3.0
S12000017,2021-11-01,3.0
S12000017,2021-12-01,2.9
S12000017,2022-01-01,3.0
S12000017,2022-02-01,3.0
S12000017,2022-03-01,2.9
S12000017,2022-04-01,2.6
S12000017,2022-05-01,2.5
S12000017,2022-06-01,2.4
S12000017,2022-07-01,2.3
S12000017,2022-08-01,2.3
S12000017,2022-09-01,2.3
S12000017,2022-10-01,2.2
S12000017,2022-11-01,2.3
S12000017,2022-12-01,2.3
S12000017,2023-01-01,2.5
S12000017,2023-02-01,2.6
S12000017,2023-03-01,2.6
S12000017,2023-04-01,2.6
S12000017,2023-05-01,2.4
S12000017,2023-06-01,2.2
S12000017,2023-07-01,2.3
S12000017,2023-08-01,2.2
S12000017,2023-09-01,2.1
S12000017,2023-10-01,2.1
S12000017,2023-11-01,2.2
S12000017,2023-12-01,2.2
S12000017,2024-01-01,2.3
S12000017,2024-02-01,2.3
S12000017,2024-03-01,2.3
S12000017,2024-04-01,2.2
S12000017,2024-05-01,2.2
S12000017,2024-06-01,2.2
S12000017,2024-07-01,2.4
S12000017,2024-08-01,2.3
S12000017,2024-09-01,2.3
S12000017,2024-10-01,2.3
S12000017,2024-11-01,2.3
S12000017,2024-12-01,2.3
S12000017,2025-01-01,2.3
S12000017,2025-02-01,2.5
S12000017,2025-03-01,2.4
S12000017,2025-04-01,2.3
S12000017,2025-05-01,2.2
S12000017,2025-06-01,2.1
S12000017,2025-07-01,2.1
S12000017,2025-08-01,2.1
S12000017,2025-09-01,2.0
S12000017,2025-10-01,2.0
S12000017,2025-11-01,2.1
S12000017,2025-12-01,2.2
S12000017,2026-01-01,2.2
S12000017,2026-02-01,2.4
S12000018,2018-01-01,4.8
S12000018,2018-02-01,5.0
S12000018,2018-03-01,5.1
S12000018,2018-04-01,5.5
S12000018,2018-05-01,5.2
S12000018,2018-06-01,5.2
S12000018,2018-07-01,5.3
S12000018,2018-08-01,5.3
S12000018,2018-09-01,5.1
S12000018,2018-10-01,4.9
S12000018,2018-11-01,4.8
S12000018,2018-12-01,4.8
S12000018,2019-01-01,4.7
S12000018,2019-02-01,5.0
S12000018,2019-03-01,5.0
S12000018,2019-04-01,5.0
S12000018,2019-05-01,4.9
S12000018,2019-06-01,4.8
S12000018,2019-07-01,4.8
S12000018,2019-08-01,4.8
S12000018,2019-09-01,4.6
S12000018,2019-10-01,4.5
S12000018,2019-11-01,4.5
S12000018,2019-12-01,4.3
S12000018,2020-01-01,4.5
S12000018,2020-02-01,4.6
S12000018,2020-03-01,4.5
S12000018,2020-04-01,6.1
S12000018,2020-05-01,6.5
S12000018,2020-06-01,6.3
S12000018,2020-07-01,6.6
S12000018,2020-08-01,6.6
S12000018,2020-09-01,6.3
S12000018,2020-10-01,6.1
S12000018,2020-11-01,6.1
S12000018,2020-12-01,5.9
S12000018,2021-01-01,6.0
S12000018,2021-02-01,6.1
S12000018,2021-03-01,6.2
S12000018,2021-04-01,6.3
S12000018,2021-05-01,6.0
S12000018,2021-06-01,5.6
S12000018,2021-07-01,5.7
S12000018,2021-08-01,5.4
S12000018,2021-09-01,5.1
S12000018,2021-10-01,4.9
S12000018,2021-11-01,4.7
S12000018,2021-12-01,4.6
S12000018,2022-01-01,4.6
S12000018,2022-02-01,4.6
S12000018,2022-03-01,4.3
S12000018,2022-04-01,4.1
S12000018,2022-05-01,3.9
S12000018,2022-06-01,3.8
S12000018,2022-07-01,3.8
S12000018,2022-08-01,3.9
S12000018,2022-09-01,3.7
S12000018,2022-10-01,3.6
S12000018,2022-11-01,3.7
S12000018,2022-12-01,3.7
S12000018,2023-01-01,3.6
S12000018,2023-02-01,3.6
S12000018,2023-03-01,3.7
S12000018,2023-04-01,3.9
S12000018,2023-05-01,3.8
S12000018,2023-06-01,3.8
S12000018,2023-07-01,3.9
S12000018,2023-08-01,3.8
S12000018,2023-09-01,3.4
S12000018,2023-10-01,3.3
S12000018,2023-11-01,3.6
S12000018,2023-12-01,3.5
S12000018,2024-01-01,3.5
S12000018,2024-02-01,3.5
S12000018,2024-03-01,3.4
S12000018,2024-04-01,3.3
S12000018,2024-05-01,3.3
S12000018,2024-06-01,3.4
S12000018,2024-07-01,3.7
S12000018,2024-08-01,3.6
S12000018,2024-09-01,3.5
S12000018,2024-10-01,3.5
S12000018,2024-11-01,3.5
S12000018,2024-12-01,3.3
S12000018,2025-01-01,3.2
S12000018,2025-02-01,3.3
S12000018,2025-03-01,3.4
S12000018,2025-04-01,3.3
S12000018,2025-05-01,3.1
S12000018,2025-06-01,3.2
S12000018,2025-07-01,3.2
S12000018,2025-08-01,3.2
S12000018,2025-09-01,3.2
S12000018,2025-10-01,3.0
S12000018,2025-11-01,3.2
S12000018,2025-12-01,3.2
S12000018,2026-01-01,3.2
S12000018,2026-02-01,3.3
S12000019,2018-01-01,2.4
S12000019,2018-02-01,2.6
S12000019,2018-03-01,2.6
S12000019,2018-04-01,2.9
S12000019,2018-05-01,2.6
S12000019,2018-06-01,2.5
S12000019,2018-07-01,2.5
S12000019,2018-08-01,2.6
S12000019,2018-09-01,2.4
S12000019,2018-10-01,2.4
S12000019,2018-11-01,2.4
S12000019,2018-12-01,2.3
S12000019,2019-01-01,2.3
S12000019,2019-02-01,2.5
S12000019,2019-03-01,2.5
S12000019,2019-04-01,2.5
S12000019,2019-05-01,2.4
S12000019,2019-06-01,2.4
S12000019,2019-07-01,2.4
S12000019,2019-08-01,2.4
S12000019,2019-09-01,2.3
S12000019,2019-10-01,2.3
S12000019,2019-11-01,2.4
S12000019,2019-12-01,2.4
S12000019,2020-01-01,2.4
S12000019,2020-02-01,2.5
S12000019,2020-03-01,2.5
S12000019,2020-04-01,4.7
S12000019,2020-05-01,5.4
S12000019,2020-06-01,5.1
S12000019,2020-07-01,5.2
S12000019,2020-08-01,5.4
S12000019,2020-09-01,5.2
S12000019,2020-10-01,4.9
S12000019,2020-11-01,5.0
S12000019,2020-12-01,5.0
S12000019,2021-01-01,4.9
S12000019,2021-02-01,5.2
S12000019,2021-03-01,5.2
S12000019,2021-04-01,5.0
S12000019,2021-05-01,4.6
S12000019,2021-06-01,4.2
S12000019,2021-07-01,4.1
S12000019,2021-08-01,3.9
S12000019,2021-09-01,3.5
S12000019,2021-10-01,3.2
S12000019,2021-11-01,3.0
S12000019,2021-12-01,2.9
S12000019,2022-01-01,2.8
S12000019,2022-02-01,2.8
S12000019,2022-03-01,2.5
S12000019,2022-04-01,2.5
S12000019,2022-05-01,2.3
S12000019,2022-06-01,2.2
S12000019,2022-07-01,2.2
S12000019,2022-08-01,2.3
S12000019,2022-09-01,2.2
S12000019,2022-10-01,2.1
S12000019,2022-11-01,2.1
S12000019,2022-12-01,2.2
S12000019,2023-01-01,2.2
S12000019,2023-02-01,2.2
S12000019,2023-03-01,2.3
S12000019,2023-04-01,2.2
S12000019,2023-05-01,2.2
S12000019,2023-06-01,2.2
S12000019,2023-07-01,2.3
S12000019,2023-08-01,2.2
S12000019,2023-09-01,2.2
S12000019,2023-10-01,2.1
S12000019,2023-11-01,2.2
S12000019,2023-12-01,2.2
S12000019,2024-01-01,2.1
S12000019,2024-02-01,2.2
S12000019,2024-03-01,2.2
S12000019,2024-04-01,2.1
S12000019,2024-05-01,2.1
S12000019,2024-06-01,2.2
S12000019,2024-07-01,2.3
S12000019,2024-08-01,2.3
S12000019,2024-09-01,2.3
S12000019,2024-10-01,2.2
S12000019,2024-11-01,2.1
S12000019,2024-12-01,2.1
S12000019,2025-01-01,2.1
S12000019,2025-02-01,2.2
S12000019,2025-03-01,2.2
S12000019,2025-04-01,2.2
S12000019,2025-05-01,2.2
S12000019,2025-06-01,2.2
S12000019,2025-07-01,2.3
S12000019,2025-08-01,2.3
S12000019,2025-09-01,2.2
S12000019,2025-10-01,2.2
S12000019,2025-11-01,2.2
S12000019,2025-12-01,2.2
S12000019,2026-01-01,2.3
S12000019,2026-02-01,2.4
S12000020,2018-01-01,2.0
S12000020,2018-02-01,2.1
S12000020,2018-03-01,2.1
S12000020,2018-04-01,2.0
S12000020,2018-05-01,1.8
S12000020,2018-06-01,1.8
S12000020,2018-07-01,1.8
S12000020,2018-08-01,1.9
S12000020,2018-09-01,1.9
S12000020,2018-10-01,2.0
S12000020,2018-11-01,2.1
S12000020,2018-12-01,2.2
S12000020,2019-01-01,2.4
S12000020,2019-02-01,2.6
S12000020,2019-03-01,2.6
S12000020,2019-04-01,2.6
S12000020,2019-05-01,2.6
S12000020,2019-06-01,2.5
S12000020,2019-07-01,2.6
S12000020,2019-08-01,2.6
S12000020,2019-09-01,2.4
S12000020,2019-10-01,2.4
S12000020,2019-11-01,2.5
S12000020,2019-12-01,2.5
S12000020,2020-01-01,2.6
S12000020,2020-02-01,2.7
S12000020,2020-03-01,2.7
S12000020,2020-04-01,4.4
S12000020,2020-05-01,5.1
S12000020,2020-06-01,5.1
S12000020,2020-07-01,5.2
S12000020,2020-08-01,5.3
S12000020,2020-09-01,5.0
S12000020,2020-10-01,4.8
S12000020,2020-11-01,4.8
S12000020,2020-12-01,4.8
S12000020,2021-01-01,4.9
S12000020,2021-02-01,5.3
S12000020,2021-03-01,5.3
S12000020,2021-04-01,5.0
S12000020,2021-05-01,4.7
S12000020,2021-06-01,4.3
S12000020,2021-07-01,4.1
S12000020,2021-08-01,4.0
S12000020,2021-09-01,3.6
S12000020,2021-10-01,3.4
S12000020,2021-11-01,3.2
S12000020,2021-12-01,3.2
S12000020,2022-01-01,3.2
S12000020,2022-02-01,3.1
S12000020,2022-03-01,3.0
S12000020,2022-04-01,2.9
S12000020,2022-05-01,2.7
S12000020,2022-06-01,2.6
S12000020,2022-07-01,2.5
S12000020,2022-08-01,2.4
S12000020,2022-09-01,2.4
S12000020,2022-10-01,2.3
S12000020,2022-11-01,2.3
S12000020,2022-12-01,2.4
S12000020,2023-01-01,2.5
S12000020,2023-02-01,2.4
S12000020,2023-03-01,2.4
S12000020,2023-04-01,2.5
S12000020,2023-05-01,2.3
S12000020,2023-06-01,2.3
S12000020,2023-07-01,2.4
S12000020,2023-08-01,2.2
S12000020,2023-09-01,2.1
S12000020,2023-10-01,2.1
S12000020,2023-11-01,2.2
S12000020,2023-12-01,2.1
S12000020,2024-01-01,2.2
S12000020,2024-02-01,2.2
S12000020,2024-03-01,2.3
S12000020,2024-04-01,2.1
S12000020,2024-05-01,2.1
S12000020,2024-06-01,2.2
S12000020,2024-07-01,2.3
S12000020,2024-08-01,2.4
S12000020,2024-09-01,2.3
S12000020,2024-10-01,2.2
S12000020,2024-11-01,2.3
S12000020,2024-12-01,2.3
S12000020,2025-01-01,2.4
S12000020,2025-02-01,2.5
S12000020,2025-03-01,2.4
S12000020,2025-04-01,2.4
S12000020,2025-05-01,2.4
S12000020,2025-06-01,2.3
S12000020,2025-07-01,2.3
S12000020,2025-08-01,2.3
S12000020,2025-09-01,2.2
S12000020,2025-10-01,2.2
S12000020,2025-11-01,2.2
S12000020,2025-12-01,2.2
S12000020,2026-01-01,2.4
S12000020,2026-02-01,2.7
S12000021,2018-01-01,4.0
S12000021,2018-02-01,4.2
S12000021,2018-03-01,4.5
S12000021,2018-04-01,4.9
S12000021,2018-05-01,4.9
S12000021,2018-06-01,5.1
S12000021,2018-07-01,5.4
S12000021,2018-08-01,5.5
S12000021,2018-09-01,5.3
S12000021,2018-10-01,5.4
S12000021,2018-11-01,5.4
S12000021,2018-12-01,5.4
S12000021,2019-01-01,5.5
S12000021,2019-02-01,5.6
S12000021,2019-03-01,5.7
S12000021,2019-04-01,5.6
S12000021,2019-05-01,5.5
S12000021,2019-06-01,5.6
S12000021,2019-07-01,5.7
S12000021,2019-08-01,5.7
S12000021,2019-09-01,5.4
S12000021,2019-10-01,5.4
S12000021,2019-11-01,5.5
S12000021,2019-12-01,5.3
S12000021,2020-01-01,5.5
S12000021,2020-02-01,5.7
S12000021,2020-03-01,5.5
S12000021,2020-04-01,8.1
S12000021,2020-05-01,8.7
S12000021,2020-06-01,8.7
S12000021,2020-07-01,9.0
S12000021,2020-08-01,9.0
S12000021,2020-09-01,8.6
S12000021,2020-10-01,8.2
S12000021,2020-11-01,8.3
S12000021,2020-12-01,8.2
S12000021,2021-01-01,8.2
S12000021,2021-02-01,8.4
S12000021,2021-03-01,8.4
S12000021,2021-04-01,8.0
S12000021,2021-05-01,7.5
S12000021,2021-06-01,7.0
S12000021,2021-07-01,6.9
S12000021,2021-08-01,6.7
S12000021,2021-09-01,6.1
S12000021,2021-10-01,5.9
S12000021,2021-11-01,5.7
S12000021,2021-12-01,5.6
S12000021,2022-01-01,5.6
S12000021,2022-02-01,5.5
S12000021,2022-03-01,5.3
S12000021,2022-04-01,5.0
S12000021,2022-05-01,4.8
S12000021,2022-06-01,4.7
S12000021,2022-07-01,4.7
S12000021,2022-08-01,4.7
S12000021,2022-09-01,4.5
S12000021,2022-10-01,4.4
S12000021,2022-11-01,4.5
S12000021,2022-12-01,4.6
S12000021,2023-01-01,4.5
S12000021,2023-02-01,4.5
S12000021,2023-03-01,4.6
S12000021,2023-04-01,4.7
S12000021,2023-05-01,4.5
S12000021,2023-06-01,4.5
S12000021,2023-07-01,4.6
S12000021,2023-08-01,4.5
S12000021,2023-09-01,4.3
S12000021,2023-10-01,4.3
S12000021,2023-11-01,4.4
S12000021,2023-12-01,4.4
S12000021,2024-01-01,4.3
S12000021,2024-02-01,4.4
S12000021,2024-03-01,4.4
S12000021,2024-04-01,4.4
S12000021,2024-05-01,4.3
S12000021,2024-06-01,4.4
S12000021,2024-07-01,4.7
S12000021,2024-08-01,4.7
S12000021,2024-09-01,4.6
S12000021,2024-10-01,4.4
S12000021,2024-11-01,4.3
S12000021,2024-12-01,4.2
S12000021,2025-01-01,4.3
S12000021,2025-02-01,4.3
S12000021,2025-03-01,4.2
S12000021,2025-04-01,4.0
S12000021,2025-05-01,3.9
S12000021,2025-06-01,3.9
S12000021,2025-07-01,3.9
S12000021,2025-08-01,4.0
S12000021,2025-09-01,3.9
S12000021,2025-10-01,3.8
S12000021,2025-11-01,3.8
S12000021,2025-12-01,3.9
S12000021,2026-01-01,4.0
S12000021,2026-02-01,4.1
S12000023,2018-01-01,0.9
S12000023,2018-02-01,1.0
S12000023,2018-03-01,1.0
S12000023,2018-04-01,0.8
S12000023,2018-05-01,0.8
S12000023,2018-06-01,0.8
S12000023,2018-07-01,0.6
S12000023,2018-08-01,0.6
S12000023,2018-09-01,0.5
S12000023,2018-10-01,0.6
S12000023,2018-11-01,0.8
S12000023,2018-12-01,1.0
S12000023,2019-01-01,1.2
S12000023,2019-02-01,1.4
S12000023,2019-03-01,1.5
S12000023,2019-04-01,1.4
S12000023,2019-05-01,1.3
S12000023,2019-06-01,1.4
S12000023,2019-07-01,1.3
S12000023,2019-08-01,1.2
S12000023,2019-09-01,1.3
S12000023,2019-10-01,1.4
S12000023,2019-11-01,1.4
S12000023,2019-12-01,1.3
S12000023,2020-01-01,1.4
S12000023,2020-02-01,1.5
S12000023,2020-03-01,1.5
S12000023,2020-04-01,2.9
S12000023,2020-05-01,3.2
S12000023,2020-06-01,2.9
S12000023,2020-07-01,3.1
S12000023,2020-08-01,3.2
S12000023,2020-09-01,3.1
S12000023,2020-10-01,2.8
S12000023,2020-11-01,2.8
S12000023,2020-12-01,2.8
S12000023,2021-01-01,2.8
S12000023,2021-02-01,2.8
S12000023,2021-03-01,3.0
S12000023,2021-04-01,2.8
S12000023,2021-05-01,2.6
S12000023,2021-06-01,2.2
S12000023,2021-07-01,2.2
S12000023,2021-08-01,2.0
S12000023,2021-09-01,1.9
S12000023,2021-10-01,1.8
S12000023,2021-11-01,1.8
S12000023,2021-12-01,1.9
S12000023,2022-01-01,1.9
S12000023,2022-02-01,2.0
S12000023,2022-03-01,1.9
S12000023,2022-04-01,1.7
S12000023,2022-05-01,1.6
S12000023,2022-06-01,1.5
S12000023,2022-07-01,1.5
S12000023,2022-08-01,1.5
S12000023,2022-09-01,1.4
S12000023,2022-10-01,1.6
S12000023,2022-11-01,1.6
S12000023,2022-12-01,1.6
S12000023,2023-01-01,1.6
S12000023,2023-02-01,1.9
S12000023,2023-03-01,1.9
S12000023,2023-04-01,1.8
S12000023,2023-05-01,1.7
S12000023,2023-06-01,1.7
S12000023,2023-07-01,1.5
S12000023,2023-08-01,1.6
S12000023,2023-09-01,1.6
S12000023,2023-10-01,1.5
S12000023,2023-11-01,1.5
S12000023,2023-12-01,1.7
S12000023,2024-01-01,1.5
S12000023,2024-02-01,1.5
S12000023,2024-03-01,1.7
S12000023,2024-04-01,1.5
S12000023,2024-05-01,1.7
S12000023,2024-06-01,1.9
S12000023,2024-07-01,1.8
S12000023,2024-08-01,1.8
S12000023,2024-09-01,2.0
S12000023,2024-10-01,1.7
S12000023,2024-11-01,1.6
S12000023,2024-12-01,1.6
S12000023,2025-01-01,1.7
S12000023,2025-02-01,1.8
S12000023,2025-03-01,1.8
S12000023,2025-04-01,1.7
S12000023,2025-05-01,1.7
S12000023,2025-06-01,1.5
S12000023,2025-07-01,1.6
S12000023,2025-08-01,1.6
S12000023,2025-09-01,1.5
S12000023,2025-10-01,1.5
S12000023,2025-11-01,1.6
S12000023,2025-12-01,1.8
S12000023,2026-01-01,1.8
S12000023,2026-02-01,1.9
S12000026,2018-01-01,1.6
S12000026,2018-02-01,1.6
S12000026,2018-03-01,1.7
S12000026,2018-04-01,1.7
S12000026,2018-05-01,1.6
S12000026,2018-06-01,1.6
S12000026,2018-07-01,1.6
S12000026,2018-08-01,1.8
S12000026,2018-09-01,1.8
S12000026,2018-10-01,1.8
S12000026,2018-11-01,2.0
S12000026,2018-12-01,2.1
S12000026,2019-01-01,2.3
S12000026,2019-02-01,2.5
S12000026,2019-03-01,2.5
S12000026,2019-04-01,2.5
S12000026,2019-05-01,2.5
S12000026,2019-06-01,2.6
S12000026,2019-07-01,2.6
S12000026,2019-08-01,2.6
S12000026,2019-09-01,2.5
S12000026,2019-10-01,2.5
S12000026,2019-11-01,2.6
S12000026,2019-12-01,2.6
S12000026,2020-01-01,2.7
S12000026,2020-02-01,2.7
S12000026,2020-03-01,2.8
S12000026,2020-04-01,4.9
S12000026,2020-05-01,5.5
S12000026,2020-06-01,5.3
S12000026,2020-07-01,5.6
S12000026,2020-08-01,5.6
S12000026,2020-09-01,5.3
S12000026,2020-10-01,5.1
S12000026,2020-11-01,5.1
S12000026,2020-12-01,5.1
S12000026,2021-01-01,5.1
S12000026,2021-02-01,5.3
S12000026,2021-03-01,5.3
S12000026,2021-04-01,5.2
S12000026,2021-05-01,4.9
S12000026,2021-06-01,4.5
S12000026,2021-07-01,4.4
S12000026,2021-08-01,4.1
S12000026,2021-09-01,3.9
S12000026,2021-10-01,3.7
S12000026,2021-11-01,3.5
S12000026,2021-12-01,3.5
S12000026,2022-01-01,3.5
S12000026,2022-02-01,3.4
S12000026,2022-03-01,3.3
S12000026,2022-04-01,3.1
S12000026,2022-05-01,3.0
S12000026,2022-06-01,2.9
S12000026,2022-07-01,2.9
S12000026,2022-08-01,2.9
S12000026,2022-09-01,2.9
S12000026,2022-10-01,2.8
S12000026,2022-11-01,3.0
S12000026,2022-12-01,3.0
S12000026,2023-01-01,3.0
S12000026,2023-02-01,3.0
S12000026,2023-03-01,3.0
S12000026,2023-04-01,3.1
S12000026,2023-05-01,3.0
S12000026,2023-06-01,3.0
S12000026,2023-07-01,3.0
S12000026,2023-08-01,2.9
S12000026,2023-09-01,2.8
S12000026,2023-10-01,2.9
S12000026,2023-11-01,2.8
S12000026,2023-12-01,2.8
S12000026,2024-01-01,2.9
S12000026,2024-02-01,3.1
S12000026,2024-03-01,3.1
S12000026,2024-04-01,3.0
S12000026,2024-05-01,3.1
S12000026,2024-06-01,3.1
S12000026,2024-07-01,3.3
S12000026,2024-08-01,3.3
S12000026,2024-09-01,3.1
S12000026,2024-10-01,3.1
S12000026,2024-11-01,3.0
S12000026,2024-12-01,3.0
S12000026,2025-01-01,3.0
S12000026,2025-02-01,3.1
S12000026,2025-03-01,3.0
S12000026,2025-04-01,3.0
S12000026,2025-05-01,2.9
S12000026,2025-06-01,2.8
S12000026,2025-07-01,2.8
S12000026,2025-08-01,2.8
S12000026,2025-09-01,2.7
S12000026,2025-10-01,2.6
S12000026,2025-11-01,2.7
S12000026,2025-12-01,2.7
S12000026,2026-01-01,2.8
S12000026,2026-02-01,2.9
S12000027,2018-01-01,0.7
S12000027,2018-02-01,0.8
S12000027,2018-03-01,0.9
S12000027,2018-04-01,0.9
S12000027,2018-05-01,0.8
S12000027,2018-06-01,0.9
S12000027,2018-07-01,0.9
S12000027,2018-08-01,0.9
S12000027,2018-09-01,0.9
S12000027,2018-10-01,0.8
S12000027,2018-11-01,0.9
S12000027,2018-12-01,1.0
S12000027,2019-01-01,1.1
S12000027,2019-02-01,1.3
S12000027,2019-03-01,1.4
S12000027,2019-04-01,1.5
S12000027,2019-05-01,1.4
S12000027,2019-06-01,1.4
S12000027,2019-07-01,1.4
S12000027,2019-08-01,1.6
S12000027,2019-09-01,1.5
S12000027,2019-10-01,1.7
S12000027,2019-11-01,1.7
S12000027,2019-12-01,1.8
S12000027,2020-01-01,1.7
S12000027,2020-02-01,1.9
S12000027,2020-03-01,1.9
S12000027,2020-04-01,3.1
S12000027,2020-05-01,3.5
S12000027,2020-06-01,3.6
S12000027,2020-07-01,3.8
S12000027,2020-08-01,3.9
S12000027,2020-09-01,3.9
S12000027,2020-10-01,3.7
S12000027,2020-11-01,3.4
S12000027,2020-12-01,3.3
S12000027,2021-01-01,3.3
S12000027,2021-02-01,3.4
S12000027,2021-03-01,3.2
S12000027,2021-04-01,3.1
S12000027,2021-05-01,2.9
S12000027,2021-06-01,2.8
S12000027,2021-07-01,2.6
S12000027,2021-08-01,2.5
S12000027,2021-09-01,2.3
S12000027,2021-10-01,2.3
S12000027,2021-11-01,2.3
S12000027,2021-12-01,2.3
S12000027,2022-01-01,2.0
S12000027,2022-02-01,2.3
S12000027,2022-03-01,2.2
S12000027,2022-04-01,2.0
S12000027,2022-05-01,2.1
S12000027,2022-06-01,1.9
S12000027,2022-07-01,1.7
S12000027,2022-08-01,1.7
S12000027,2022-09-01,1.7
S12000027,2022-10-01,1.8
S12000027,2022-11-01,1.7
S12000027,2022-12-01,1.8
S12000027,2023-01-01,1.8
S12000027,2023-02-01,1.8
S12000027,2023-03-01,1.8
S12000027,2023-04-01,1.8
S12000027,2023-05-01,1.7
S12000027,2023-06-01,1.7
S12000027,2023-07-01,1.6
S12000027,2023-08-01,1.5
S12000027,2023-09-01,1.5
S12000027,2023-10-01,1.5
S12000027,2023-11-01,1.5
S12000027,2023-12-01,1.5
S12000027,2024-01-01,1.5
S12000027,2024-02-01,1.5
S12000027,2024-03-01,1.5
S12000027,2024-04-01,1.6
S12000027,2024-05-01,1.6
S12000027,2024-06-01,1.5
S12000027,2024-07-01,1.7
S12000027,2024-08-01,1.7
S12000027,2024-09-01,1.6
S12000027,2024-10-01,1.4
S12000027,2024-11-01,1.4
S12000027,2024-12-01,1.4
S12000027,2025-01-01,1.4
S12000027,2025-02-01,1.5
S12000027,2025-03-01,1.3
S12000027,2025-04-01,1.2
S12000027,2025-05-01,1.2
S12000027,2025-06-01,1.1
S12000027,2025-07-01,1.1
S12000027,2025-08-01,1.1
S12000027,2025-09-01,1.2
S12000027,2025-10-01,1.1
S12000027,2025-11-01,1.3
S12000027,2025-12-01,1.3
S12000027,2026-01-01,1.3
S12000027,2026-02-01,1.5
S12000028,2018-01-01,2.5
S12000028,2018-02-01,2.6
S12000028,2018-03-01,2.5
S12000028,2018-04-01,2.7
S12000028,2018-05-01,2.8
S12000028,2018-06-01,3.0
S12000028,2018-07-01,3.3
S12000028,2018-08-01,3.4
S12000028,2018-09-01,3.5
S12000028,2018-10-01,3.4
S12000028,2018-11-01,3.5
S12000028,2018-12-01,3.6
S12000028,2019-01-01,3.8
S12000028,2019-02-01,4.0
S12000028,2019-03-01,4.0
S12000028,2019-04-01,4.0
S12000028,2019-05-01,3.9
S12000028,2019-06-01,4.0
S12000028,2019-07-01,4.0
S12000028,2019-08-01,4.0
S12000028,2019-09-01,3.9
S12000028,2019-10-01,3.9
S12000028,2019-11-01,4.0
S12000028,2019-12-01,4.1
S12000028,2020-01-01,4.2
S12000028,2020-02-01,4.3
S12000028,2020-03-01,4.2
S12000028,2020-04-01,6.6
S12000028,2020-05-01,7.1
S12000028,2020-06-01,7.1
S12000028,2020-07-01,7.4
S12000028,2020-08-01,7.6
S12000028,2020-09-01,7.4
S12000028,2020-10-01,7.0
S12000028,2020-11-01,7.0
S12000028,2020-12-01,7.0
S12000028,2021-01-01,7.3
S12000028,2021-02-01,7.2
S12000028,2021-03-01,7.1
S12000028,2021-04-01,6.9
S12000028,2021-05-01,6.5
S12000028,2021-06-01,6.0
S12000028,2021-07-01,5.8
S12000028,2021-08-01,5.6
S12000028,2021-09-01,5.2
S12000028,2021-10-01,5.0
S12000028,2021-11-01,4.8
S12000028,2021-12-01,4.7
S12000028,2022-01-01,4.8
S12000028,2022-02-01,4.7
S12000028,2022-03-01,4.5
S12000028,2022-04-01,4.1
S12000028,2022-05-01,3.8
S12000028,2022-06-01,3.8
S12000028,2022-07-01,3.7
S12000028,2022-08-01,3.8
S12000028,2022-09-01,3.7
S12000028,2022-10-01,3.6
S12000028,2022-11-01,3.6
S12000028,2022-12-01,3.7
S12000028,2023-01-01,3.8
S12000028,2023-02-01,3.8
S12000028,2023-03-01,3.8
S12000028,2023-04-01,3.8
S12000028,2023-05-01,3.5
S12000028,2023-06-01,3.5
S12000028,2023-07-01,3.6
S12000028,2023-08-01,3.5
S12000028,2023-09-01,3.4
S12000028,2023-10-01,3.4
S12000028,2023-11-01,3.4
S12000028,2023-12-01,3.5
S12000028,2024-01-01,3.5
S12000028,2024-02-01,3.6
S12000028,2024-03-01,3.6
S12000028,2024-04-01,3.5
S12000028,2024-05-01,3.4
S12000028,2024-06-01,3.5
S12000028,2024-07-01,3.7
S12000028,2024-08-01,3.7
S12000028,2024-09-01,3.6
S12000028,2024-10-01,3.4
S12000028,2024-11-01,3.4
S12000028,2024-12-01,3.4
S12000028,2025-01-01,3.5
S12000028,2025-02-01,3.6
S12000028,2025-03-01,3.4
S12000028,2025-04-01,3.3
S12000028,2025-05-01,3.2
S12000028,2025-06-01,3.2
S12000028,2025-07-01,3.2
S12000028,2025-08-01,3.2
S12000028,2025-09-01,3.1
S12000028,2025-10-01,3.0
S12000028,2025-11-01,3.1
S12000028,2025-12-01,3.1
S12000028,2026-01-01,3.1
S12000028,2026-02-01,3.3
S12000029,2018-01-01,2.4
S12000029,2018-02-01,2.6
S12000029,2018-03-01,2.7
S12000029,2018-04-01,3.1
S12000029,2018-05-01,3
S12000029,2018-06-01,3.1
S12000029,2018-07-01,3.2
S12000029,2018-08-01,3.3
S12000029,2018-09-01,3.2
S12000029,2018-10-01,3.2
S12000029,2018-11-01,3.3
S12000029,2018-12-01,3.3
S12000029,2019-01-01,3.3
S12000029,2019-02-01,3.5
S12000029,2019-03-01,3.6
S12000029,2019-04-01,3.5
S12000029,2019-05-01,3.4
S12000029,2019-06-01,3.5
S12000029,2019-07-01,3.5
S12000029,2019-08-01,3.4
S12000029,2019-09-01,3.3
S12000029,2019-10-01,3.3
S12000029,2019-11-01,3.3
S12000029,2019-12-01,3.3
S12000029,2020-01-01,3.3
S12000029,2020-02-01,3.4
S12000029,2020-03-01,3.5
S12000029,2020-04-01,5.7
S12000029,2020-05-01,6.5
S12000029,2020-06-01,6.3
S12000029,2020-07-01,6.5
S12000029,2020-08-01,6.7
S12000029,2020-09-01,6.5
S12000029,2020-10-01,6.2
S12000029,2020-11-01,6.1
S12000029,2020-12-01,6.0
S12000029,2021-01-01,6.0
S12000029,2021-02-01,6.2
S12000029,2021-03-01,6.2
S12000029,2021-04-01,6.0
S12000029,2021-05-01,5.6
S12000029,2021-06-01,5.2
S12000029,2021-07-01,5.2
S12000029,2021-08-01,4.9
S12000029,2021-09-01,4.6
S12000029,2021-10-01,4.3
S12000029,2021-11-01,4.2
S12000029,2021-12-01,4.0
S12000029,2022-01-01,3.9
S12000029,2022-02-01,3.9
S12000029,2022-03-01,3.7
S12000029,2022-04-01,3.5
S12000029,2022-05-01,3.3
S12000029,2022-06-01,3.2
S12000029,2022-07-01,3.2
S12000029,2022-08-01,3.2
S12000029,2022-09-01,3.1
S12000029,2022-10-01,3.0
S12000029,2022-11-01,3.0
S12000029,2022-12-01,3.0
S12000029,2023-01-01,2.9
S12000029,2023-02-01,3.0
S12000029,2023-03-01,3.1
S12000029,2023-04-01,3.2
S12000029,2023-05-01,3.1
S12000029,2023-06-01,3.0
S12000029,2023-07-01,3.1
S12000029,2023-08-01,3.0
S12000029,2023-09-01,2.9
S12000029,2023-10-01,2.8
S12000029,2023-11-01,2.9
S12000029,2023-12-01,2.8
S12000029,2024-01-01,2.8
S12000029,2024-02-01,2.8
S12000029,2024-03-01,2.9
S12000029,2024-04-01,2.9
S12000029,2024-05-01,2.9
S12000029,2024-06-01,2.9
S12000029,2024-07-01,3.1
S12000029,2024-08-01,3.1
S12000029,2024-09-01,2.9
S12000029,2024-10-01,2.8
S12000029,2024-11-01,2.8
S12000029,2024-12-01,2.7
S12000029,2025-01-01,2.7
S12000029,2025-02-01,2.8
S12000029,2025-03-01,2.7
S12000029,2025-04-01,2.6
S12000029,2025-05-01,2.6
S12000029,2025-06-01,2.6
S12000029,2025-07-01,2.6
S12000029,2025-08-01,2.6
S12000029,2025-09-01,2.5
S12000029,2025-10-01,2.5
S12000029,2025-11-01,2.5
S12000029,2025-12-01,2.4
S12000029,2026-01-01,2.5
S12000029,2026-02-01,2.6
S12000030,2018-01-01,2.1
S12000030,2018-02-01,2.2
S12000030,2018-03-01,2.4
S12000030,2018-04-01,2.6
S12000030,2018-05-01,2.4
S12000030,2018-06-01,2.4
S12000030,2018-07-01,2.5
S12000030,2018-08-01,2.5
S12000030,2018-09-01,2.4
S12000030,2018-10-01,2.5
S12000030,2018-11-01,2.4
S12000030,2018-12-01,2.3
S12000030,2019-01-01,2.5
S12000030,2019-02-01,2.7
S12000030,2019-03-01,2.6
S12000030,2019-04-01,2.6
S12000030,2019-05-01,2.5
S12000030,2019-06-01,2.5
S12000030,2019-07-01,2.6
S12000030,2019-08-01,2.5
S12000030,2019-09-01,2.4
S12000030,2019-10-01,2.5
S12000030,2019-11-01,2.5
S12000030,2019-12-01,2.5
S12000030,2020-01-01,2.5
S12000030,2020-02-01,2.6
S12000030,2020-03-01,2.6
S12000030,2020-04-01,4.8
S12000030,2020-05-01,5.3
S12000030,2020-06-01,5.2
S12000030,2020-07-01,5.3
S12000030,2020-08-01,5.3
S12000030,2020-09-01,4.9
S12000030,2020-10-01,4.6
S12000030,2020-11-01,4.6
S12000030,2020-12-01,4.6
S12000030,2021-01-01,4.6
S12000030,2021-02-01,4.8
S12000030,2021-03-01,4.7
S12000030,2021-04-01,4.6
S12000030,2021-05-01,4.1
S12000030,2021-06-01,3.7
S12000030,2021-07-01,3.6
S12000030,2021-08-01,3.4
S12000030,2021-09-01,3.2
S12000030,2021-10-01,3.1
S12000030,2021-11-01,2.9
S12000030,2021-12-01,2.8
S12000030,2022-01-01,2.8
S12000030,2022-02-01,2.8
S12000030,2022-03-01,2.6
S12000030,2022-04-01,2.3
S12000030,2022-05-01,2.3
S12000030,2022-06-01,2.2
S12000030,2022-07-01,2.4
S12000030,2022-08-01,2.4
S12000030,2022-09-01,2.3
S12000030,2022-10-01,2.3
S12000030,2022-11-01,2.4
S12000030,2022-12-01,2.4
S12000030,2023-01-01,2.4
S12000030,2023-02-01,2.5
S12000030,2023-03-01,2.5
S12000030,2023-04-01,2.5
S12000030,2023-05-01,2.4
S12000030,2023-06-01,2.4
S12000030,2023-07-01,2.4
S12000030,2023-08-01,2.4
S12000030,2023-09-01,2.3
S12000030,2023-10-01,2.3
S12000030,2023-11-01,2.3
S12000030,2023-12-01,2.3
S12000030,2024-01-01,2.3
S12000030,2024-02-01,2.5
S12000030,2024-03-01,2.5
S12000030,2024-04-01,2.4
S12000030,2024-05-01,2.3
S12000030,2024-06-01,2.4
S12000030,2024-07-01,2.5
S12000030,2024-08-01,2.5
S12000030,2024-09-01,2.4
S12000030,2024-10-01,2.3
S12000030,2024-11-01,2.3
S12000030,2024-12-01,2.2
S12000030,2025-01-01,2.2
S12000030,2025-02-01,2.3
S12000030,2025-03-01,2.3
S12000030,2025-04-01,2.2
S12000030,2025-05-01,2.3
S12000030,2025-06-01,2.2
S12000030,2025-07-01,2.1
S12000030,2025-08-01,2.2
S12000030,2025-09-01,2.1
S12000030,2025-10-01,2.1
S12000030,2025-11-01,2.2
S12000030,2025-12-01,2.2
S12000030,2026-01-01,2.3
S12000030,2026-02-01,2.3
S12000033,2018-01-01,2.2
S12000033,2018-02-01,2.2
S12000033,2018-03-01,2.3
S12000033,2018-04-01,2.3
S12000033,2018-05-01,2.2
S12000033,2018-06-01,2.1
S12000033,2018-07-01,2.1
S12000033,2018-08-01,2.0
S12000033,2018-09-01,1.9
S12000033,2018-10-01,1.9
S12000033,2018-11-01,1.8
S12000033,2018-12-01,1.8
S12000033,2019-01-01,2.0
S12000033,2019-02-01,2.2
S12000033,2019-03-01,2.2
S12000033,2019-04-01,2.3
S12000033,2019-05-01,2.3
S12000033,2019-06-01,2.3
S12000033,2019-07-01,2.4
S12000033,2019-08-01,2.5
S12000033,2019-09-01,2.5
S12000033,2019-10-01,2.5
S12000033,2019-11-01,2.6
S12000033,2019-12-01,2.7
S12000033,2020-01-01,2.7
S12000033,2020-02-01,2.7
S12000033,2020-03-01,2.8
S12000033,2020-04-01,4.4
S12000033,2020-05-01,5.2
S12000033,2020-06-01,5.4
S12000033,2020-07-01,5.8
S12000033,2020-08-01,6.1
S12000033,2020-09-01,6.1
S12000033,2020-10-01,6.1
S12000033,2020-11-01,6.2
S12000033,2020-12-01,6.1
S12000033,2021-01-01,6.4
S12000033,2021-02-01,6.6
S12000033,2021-03-01,6.5
S12000033,2021-04-01,6.4
S12000033,2021-05-01,5.9
S12000033,2021-06-01,5.5
S12000033,2021-07-01,5.4
S12000033,2021-08-01,5.1
S12000033,2021-09-01,4.8
S12000033,2021-10-01,4.6
S12000033,2021-11-01,4.4
S12000033,2021-12-01,4.3
S12000033,2022-01-01,4.2
S12000033,2022-02-01,4.1
S12000033,2022-03-01,4.0
S12000033,2022-04-01,3.7
S12000033,2022-05-01,3.6
S12000033,2022-06-01,3.5
S12000033,2022-07-01,3.5
S12000033,2022-08-01,3.5
S12000033,2022-09-01,3.4
S12000033,2022-10-01,3.4
S12000033,2022-11-01,3.4
S12000033,2022-12-01,3.3
S12000033,2023-01-01,3.2
S12000033,2023-02-01,3.3
S12000033,2023-03-01,3.3
S12000033,2023-04-01,3.3
S12000033,2023-05-01,3.2
S12000033,2023-06-01,3.2
S12000033,2023-07-01,3.2
S12000033,2023-08-01,3.2
S12000033,2023-09-01,3.0
S12000033,2023-10-01,3.0
S12000033,2023-11-01,3.1
S12000033,2023-12-01,3.0
S12000033,2024-01-01,3.0
S12000033,2024-02-01,3.1
S12000033,2024-03-01,3.2
S12000033,2024-04-01,3.1
S12000033,2024-05-01,3.2
S12000033,2024-06-01,3.1
S12000033,2024-07-01,3.3
S12000033,2024-08-01,3.3
S12000033,2024-09-01,3.2
S12000033,2024-10-01,3.1
S12000033,2024-11-01,3.2
S12000033,2024-12-01,3.2
S12000033,2025-01-01,3.2
S12000033,2025-02-01,3.3
S12000033,2025-03-01,3.4
S12000033,2025-04-01,3.4
S12000033,2025-05-01,3.4
S12000033,2025-06-01,3.4
S12000033,2025-07-01,3.4
S12000033,2025-08-01,3.4
S12000033,2025-09-01,3.3
S12000033,2025-10-01,3.3
S12000033,2025-11-01,3.3
S12000033,2025-12-01,3.3
S12000033,2026-01-01,3.4
S12000033,2026-02-01,3.7
S12000034,2018-01-01,1.3
S12000034,2018-02-01,1.4
S12000034,2018-03-01,1.4
S12000034,2018-04-01,1.3
S12000034,2018-05-01,1.3
S12000034,2018-06-01,1.3
S12000034,2018-07-01,1.2
S12000034,2018-08-01,1.2
S12000034,2018-09-01,1.2
S12000034,2018-10-01,1.3
S12000034,2018-11-01,1.3
S12000034,2018-12-01,1.3
S12000034,2019-01-01,1.4
S12000034,2019-02-01,1.6
S12000034,2019-03-01,1.6
S12000034,2019-04-01,1.6
S12000034,2019-05-01,1.6
S12000034,2019-06-01,1.7
S12000034,2019-07-01,1.7
S12000034,2019-08-01,1.7
S12000034,2019-09-01,1.7
S12000034,2019-10-01,1.7
S12000034,2019-11-01,1.7
S12000034,2019-12-01,1.8
S12000034,2020-01-01,1.8
S12000034,2020-02-01,1.9
S12000034,2020-03-01,1.8
S12000034,2020-04-01,3.2
S12000034,2020-05-01,3.7
S12000034,2020-06-01,3.8
S12000034,2020-07-01,4.0
S12000034,2020-08-01,4.2
S12000034,2020-09-01,4.2
S12000034,2020-10-01,4.1
S12000034,2020-11-01,4.1
S12000034,2020-12-01,4.0
S12000034,2021-01-01,4.1
S12000034,2021-02-01,4.2
S12000034,2021-03-01,4.1
S12000034,2021-04-01,4.0
S12000034,2021-05-01,3.6
S12000034,2021-06-01,3.4
S12000034,2021-07-01,3.3
S12000034,2021-08-01,3.1
S12000034,2021-09-01,2.9
S12000034,2021-10-01,2.7
S12000034,2021-11-01,2.6
S12000034,2021-12-01,2.6
S12000034,2022-01-01,2.6
S12000034,2022-02-01,2.5
S12000034,2022-03-01,2.4
S12000034,2022-04-01,2.2
S12000034,2022-05-01,2.1
S12000034,2022-06-01,2.0
S12000034,2022-07-01,1.9
S12000034,2022-08-01,1.9
S12000034,2022-09-01,1.8
S12000034,2022-10-01,1.8
S12000034,2022-11-01,1.9
S12000034,2022-12-01,1.9
S12000034,2023-01-01,1.9
S12000034,2023-02-01,2.0
S12000034,2023-03-01,2.0
S12000034,2023-04-01,2.0
S12000034,2023-05-01,1.9
S12000034,2023-06-01,1.9
S12000034,2023-07-01,1.9
S12000034,2023-08-01,1.8
S12000034,2023-09-01,1.8
S12000034,2023-10-01,1.8
S12000034,2023-11-01,1.8
S12000034,2023-12-01,1.8
S12000034,2024-01-01,1.8
S12000034,2024-02-01,1.8
S12000034,2024-03-01,1.8
S12000034,2024-04-01,1.8
S12000034,2024-05-01,1.8
S12000034,2024-06-01,1.8
S12000034,2024-07-01,1.9
S12000034,2024-08-01,1.9
S12000034,2024-09-01,1.8
S12000034,2024-10-01,1.8
S12000034,2024-11-01,1.8
S12000034,2024-12-01,1.7
S12000034,2025-01-01,1.8
S12000034,2025-02-01,1.9
S12000034,2025-03-01,1.9
S12000034,2025-04-01,1.9
S12000034,2025-05-01,1.9
S12000034,2025-06-01,1.9
S12000034,2025-07-01,1.9
S12000034,2025-08-01,1.9
S12000034,2025-09-01,1.8
S12000034,2025-10-01,1.8
S12000034,2025-11-01,1.8
S12000034,2025-12-01,1.9
S12000034,2026-01-01,1.9
S12000034,2026-02-01,2.0
S12000035,2018-01-01,1.7
S12000035,2018-02-01,1.8
S12000035,2018-03-01,1.7
S12000035,2018-04-01,1.7
S12000035,2018-05-01,1.6
S12000035,2018-06-01,1.6
S12000035,2018-07-01,1.6
S12000035,2018-08-01,1.6
S12000035,2018-09-01,1.5
S12000035,2018-10-01,1.7
S12000035,2018-11-01,1.9
S12000035,2018-12-01,2.1
S12000035,2019-01-01,2.3
S12000035,2019-02-01,2.5
S12000035,2019-03-01,2.6
S12000035,2019-04-01,2.6
S12000035,2019-05-01,2.6
S12000035,2019-06-01,2.6
S12000035,2019-07-01,2.7
S12000035,2019-08-01,2.7
S12000035,2019-09-01,2.6
S12000035,2019-10-01,2.5
S12000035,2019-11-01,2.6
S12000035,2019-12-01,2.6
S12000035,2020-01-01,2.8
S12000035,2020-02-01,3.0
S12000035,2020-03-01,2.9
S12000035,2020-04-01,5.4
S12000035,2020-05-01,6.4
S12000035,2020-06-01,6.2
S12000035,2020-07-01,6.3
S12000035,2020-08-01,6.1
S12000035,2020-09-01,5.6
S12000035,2020-10-01,5.3
S12000035,2020-11-01,5.4
S12000035,2020-12-01,5.4
S12000035,2021-01-01,5.3
S12000035,2021-02-01,5.6
S12000035,2021-03-01,5.5
S12000035,2021-04-01,5.4
S12000035,2021-05-01,4.9
S12000035,2021-06-01,4.5
S12000035,2021-07-01,4.2
S12000035,2021-08-01,4.0
S12000035,2021-09-01,3.7
S12000035,2021-10-01,3.5
S12000035,2021-11-01,3.5
S12000035,2021-12-01,3.4
S12000035,2022-01-01,3.5
S12000035,2022-02-01,3.5
S12000035,2022-03-01,3.4
S12000035,2022-04-01,3.1
S12000035,2022-05-01,2.9
S12000035,2022-06-01,2.7
S12000035,2022-07-01,2.6
S12000035,2022-08-01,2.7
S12000035,2022-09-01,2.5
S12000035,2022-10-01,2.5
S12000035,2022-11-01,2.6
S12000035,2022-12-01,2.7
S12000035,2023-01-01,2.7
S12000035,2023-02-01,2.9
S12000035,2023-03-01,2.9
S12000035,2023-04-01,2.9
S12000035,2023-05-01,2.6
S12000035,2023-06-01,2.6
S12000035,2023-07-01,2.6
S12000035,2023-08-01,2.5
S12000035,2023-09-01,2.5
S12000035,2023-10-01,2.5
S12000035,2023-11-01,2.6
S12000035,2023-12-01,2.7
S12000035,2024-01-01,2.8
S12000035,2024-02-01,2.9
S12000035,2024-03-01,3.0
S12000035,2024-04-01,2.8
S12000035,2024-05-01,2.6
S12000035,2024-06-01,2.5
S12000035,2024-07-01,2.6
S12000035,2024-08-01,2.7
S12000035,2024-09-01,2.7
S12000035,2024-10-01,2.6
S12000035,2024-11-01,2.6
S12000035,2024-12-01,2.7
S12000035,2025-01-01,2.7
S12000035,2025-02-01,2.8
S12000035,2025-03-01,2.8
S12000035,2025-04-01,2.6
S12000035,2025-05-01,2.5
S12000035,2025-06-01,2.4
S12000035,2025-07-01,2.3
S12000035,2025-08-01,2.3
S12000035,2025-09-01,2.3
S12000035,2025-10-01,2.2
S12000035,2025-11-01,2.4
S12000035,2025-12-01,2.5
S12000035,2026-01-01,2.6
S12000035,2026-02-01,2.7
S12000036,2018-01-01,1.3
S12000036,2018-02-01,1.4
S12000036,2018-03-01,1.4
S12000036,2018-04-01,1.4
S12000036,2018-05-01,1.4
S12000036,2018-06-01,1.4
S12000036,2018-07-01,1.4
S12000036,2018-08-01,1.3
S12000036,2018-09-01,1.3
S12000036,2018-10-01,1.3
S12000036,2018-11-01,1.3
S12000036,2018-12-01,1.3
S12000036,2019-01-01,1.4
S12000036,2019-02-01,1.4
S12000036,2019-03-01,1.6
S12000036,2019-04-01,1.6
S12000036,2019-05-01,1.7
S12000036,2019-06-01,1.7
S12000036,2019-07-01,1.8
S12000036,2019-08-01,1.8
S12000036,2019-09-01,1.8
S12000036,2019-10-01,1.9
S12000036,2019-11-01,1.9
S12000036,2019-12-01,2.0
S12000036,2020-01-01,2.0
S12000036,2020-02-01,2.0
S12000036,2020-03-01,2.1
S12000036,2020-04-01,3.9
S12000036,2020-05-01,5.0
S12000036,2020-06-01,5.0
S12000036,2020-07-01,5.2
S12000036,2020-08-01,5.3
S12000036,2020-09-01,5.2
S12000036,2020-10-01,5.0
S12000036,2020-11-01,5.1
S12000036,2020-12-01,5.0
S12000036,2021-01-01,5.0
S12000036,2021-02-01,5.3
S12000036,2021-03-01,5.3
S12000036,2021-04-01,5.2
S12000036,2021-05-01,4.8
S12000036,2021-06-01,4.3
S12000036,2021-07-01,4.2
S12000036,2021-08-01,4.0
S12000036,2021-09-01,3.6
S12000036,2021-10-01,3.5
S12000036,2021-11-01,3.3
S12000036,2021-12-01,3.1
S12000036,2022-01-01,2.9
S12000036,2022-02-01,2.9
S12000036,2022-03-01,2.8
S12000036,2022-04-01,2.6
S12000036,2022-05-01,2.5
S12000036,2022-06-01,2.5
S12000036,2022-07-01,2.5
S12000036,2022-08-01,2.4
S12000036,2022-09-01,2.4
S12000036,2022-10-01,2.4
S12000036,2022-11-01,2.4
S12000036,2022-12-01,2.4
S12000036,2023-01-01,2.3
S12000036,2023-02-01,2.3
S12000036,2023-03-01,2.4
S12000036,2023-04-01,2.5
S12000036,2023-05-01,2.4
S12000036,2023-06-01,2.4
S12000036,2023-07-01,2.4
S12000036,2023-08-01,2.3
S12000036,2023-09-01,2.3
S12000036,2023-10-01,2.3
S12000036,2023-11-01,2.3
S12000036,2023-12-01,2.3
S12000036,2024-01-01,2.3
S12000036,2024-02-01,2.4
S12000036,2024-03-01,2.4
S12000036,2024-04-01,2.4
S12000036,2024-05-01,2.4
S12000036,2024-06-01,2.4
S12000036,2024-07-01,2.6
S12000036,2024-08-01,2.6
S12000036,2024-09-01,2.5
S12000036,2024-10-01,2.5
S12000036,2024-11-01,2.5
S12000036,2024-12-01,2.4
S12000036,2025-01-01,2.5
S12000036,2025-02-01,2.6
S12000036,2025-03-01,2.5
S12000036,2025-04-01,2.5
S12000036,2025-05-01,2.5
S12000036,2025-06-01,2.5
S12000036,2025-07-01,2.5
S12000036,2025-08-01,2.5
S12000036,2025-09-01,2.4
S12000036,2025-10-01,2.4
S12000036,2025-11-01,2.5
S12000036,2025-12-01,2.5
S12000036,2026-01-01,2.5
S12000036,2026-02-01,2.7
S12000038,2018-01-01,2.7
S12000038,2018-02-01,2.8
S12000038,2018-03-01,2.8
S12000038,2018-04-01,2.8
S12000038,2018-05-01,2.8
S12000038,2018-06-01,2.8
S12000038,2018-07-01,2.7
S12000038,2018-08-01,2.7
S12000038,2018-09-01,2.5
S12000038,2018-10-01,2.4
S12000038,2018-11-01,2.5
S12000038,2018-12-01,2.7
S12000038,2019-01-01,2.9
S12000038,2019-02-01,3.1
S12000038,2019-03-01,3.2
S12000038,2019-04-01,3.2
S12000038,2019-05-01,3.2
S12000038,2019-06-01,3.3
S12000038,2019-07-01,3.4
S12000038,2019-08-01,3.5
S12000038,2019-09-01,3.2
S12000038,2019-10-01,3.2
S12000038,2019-11-01,3.3
S12000038,2019-12-01,3.3
S12000038,2020-01-01,3.4
S12000038,2020-02-01,3.4
S12000038,2020-03-01,3.4
S12000038,2020-04-01,5.7
S12000038,2020-05-01,6.4
S12000038,2020-06-01,6.4
S12000038,2020-07-01,6.6
S12000038,2020-08-01,6.7
S12000038,2020-09-01,6.5
S12000038,2020-10-01,6.0
S12000038,2020-11-01,6.1
S12000038,2020-12-01,6.0
S12000038,2021-01-01,5.9
S12000038,2021-02-01,6.1
S12000038,2021-03-01,6.2
S12000038,2021-04-01,6.0
S12000038,2021-05-01,5.6
S12000038,2021-06-01,5.1
S12000038,2021-07-01,5.0
S12000038,2021-08-01,4.8
S12000038,2021-09-01,4.3
S12000038,2021-10-01,4.0
S12000038,2021-11-01,3.8
S12000038,2021-12-01,3.8
S12000038,2022-01-01,3.7
S12000038,2022-02-01,3.7
S12000038,2022-03-01,3.5
S12000038,2022-04-01,3.2
S12000038,2022-05-01,3.0
S12000038,2022-06-01,3.0
S12000038,2022-07-01,3.1
S12000038,2022-08-01,3.1
S12000038,2022-09-01,3.0
S12000038,2022-10-01,2.9
S12000038,2022-11-01,2.9
S12000038,2022-12-01,2.9
S12000038,2023-01-01,2.9
S12000038,2023-02-01,3.1
S12000038,2023-03-01,3.2
S12000038,2023-04-01,3.3
S12000038,2023-05-01,3.2
S12000038,2023-06-01,3.1
S12000038,2023-07-01,3.2
S12000038,2023-08-01,3.1
S12000038,2023-09-01,3.0
S12000038,2023-10-01,2.9
S12000038,2023-11-01,3.0
S12000038,2023-12-01,3.1
S12000038,2024-01-01,3.0
S12000038,2024-02-01,3.0
S12000038,2024-03-01,3.0
S12000038,2024-04-01,3.0
S12000038,2024-05-01,3.0
S12000038,2024-06-01,3.0
S12000038,2024-07-01,3.2
S12000038,2024-08-01,3.2
S12000038,2024-09-01,3.1
S12000038,2024-10-01,2.9
S12000038,2024-11-01,2.9
S12000038,2024-12-01,2.7
S12000038,2025-01-01,2.8
S12000038,2025-02-01,2.8
S12000038,2025-03-01,2.7
S12000038,2025-04-01,2.7
S12000038,2025-05-01,2.6
S12000038,2025-06-01,2.7
S12000038,2025-07-01,2.6
S12000038,2025-08-01,2.7
S12000038,2025-09-01,2.6
S12000038,2025-10-01,2.6
S12000038,2025-11-01,2.6
S12000038,2025-12-01,2.6
S12000038,2026-01-01,2.6
S12000038,2026-02-01,2.9
S12000039,2018-01-01,3.6
S12000039,2018-02-01,3.8
S12000039,2018-03-01,3.8
S12000039,2018-04-01,3.8
S12000039,2018-05-01,3.8
S12000039,2018-06-01,3.7
S12000039,2018-07-01,3.6
S12000039,2018-08-01,3.6
S12000039,2018-09-01,3.4
S12000039,2018-10-01,3.4
S12000039,2018-11-01,3.4
S12000039,2018-12-01,3.5
S12000039,2019-01-01,3.8
S12000039,2019-02-01,3.9
S12000039,2019-03-01,4.1
S12000039,2019-04-01,4.3
S12000039,2019-05-01,4.4
S12000039,2019-06-01,4.5
S12000039,2019-07-01,4.7
S12000039,2019-08-01,4.9
S12000039,2019-09-01,4.7
S12000039,2019-10-01,4.8
S12000039,2019-11-01,4.9
S12000039,2019-12-01,4.9
S12000039,2020-01-01,5.0
S12000039,2020-02-01,5.2
S12000039,2020-03-01,5.1
S12000039,2020-04-01,7.9
S12000039,2020-05-01,8.5
S12000039,2020-06-01,8.5
S12000039,2020-07-01,8.6
S12000039,2020-08-01,8.6
S12000039,2020-09-01,8.3
S12000039,2020-10-01,8.0
S12000039,2020-11-01,8.1
S12000039,2020-12-01,8.0
S12000039,2021-01-01,8.1
S12000039,2021-02-01,8.2
S12000039,2021-03-01,8.1
S12000039,2021-04-01,7.9
S12000039,2021-05-01,7.5
S12000039,2021-06-01,7.0
S12000039,2021-07-01,6.8
S12000039,2021-08-01,6.5
S12000039,2021-09-01,6.1
S12000039,2021-10-01,5.8
S12000039,2021-11-01,5.7
S12000039,2021-12-01,5.6
S12000039,2022-01-01,5.6
S12000039,2022-02-01,5.6
S12000039,2022-03-01,5.4
S12000039,2022-04-01,5.0
S12000039,2022-05-01,4.8
S12000039,2022-06-01,4.6
S12000039,2022-07-01,4.5
S12000039,2022-08-01,4.5
S12000039,2022-09-01,4.4
S12000039,2022-10-01,4.2
S12000039,2022-11-01,4.3
S12000039,2022-12-01,4.6
S12000039,2023-01-01,4.4
S12000039,2023-02-01,4.5
S12000039,2023-03-01,4.7
S12000039,2023-04-01,4.7
S12000039,2023-05-01,4.4
S12000039,2023-06-01,4.4
S12000039,2023-07-01,4.6
S12000039,2023-08-01,4.4
S12000039,2023-09-01,4.2
S12000039,2023-10-01,4.2
S12000039,2023-11-01,4.2
S12000039,2023-12-01,4.3
S12000039,2024-01-01,4.2
S12000039,2024-02-01,4.3
S12000039,2024-03-01,4.2
S12000039,2024-04-01,4.0
S12000039,2024-05-01,4.0
S12000039,2024-06-01,4.0
S12000039,2024-07-01,4.3
S12000039,2024-08-01,4.3
S12000039,2024-09-01,4.1
S12000039,2024-10-01,4.0
S12000039,2024-11-01,3.9
S12000039,2024-12-01,3.8
S12000039,2025-01-01,3.9
S12000039,2025-02-01,4.0
S12000039,2025-03-01,3.9
S12000039,2025-04-01,3.8
S12000039,2025-05-01,3.7
S12000039,2025-06-01,3.8
S12000039,2025-07-01,3.7
S12000039,2025-08-01,3.7
S12000039,2025-09-01,3.6
S12000039,2025-10-01,3.5
S12000039,2025-11-01,3.6
S12000039,2025-12-01,3.6
S12000039,2026-01-01,3.7
S12000039,2026-02-01,3.8
S12000040,2018-01-01,1.7
S12000040,2018-02-01,1.8
S12000040,2018-03-01,1.9
S12000040,2018-04-01,1.9
S12000040,2018-05-01,1.8
S12000040,2018-06-01,1.8
S12000040,2018-07-01,1.9
S12000040,2018-08-01,2.0
S12000040,2018-09-01,2.1
S12000040,2018-10-01,2.2
S12000040,2018-11-01,2.3
S12000040,2018-12-01,2.3
S12000040,2019-01-01,2.5
S12000040,2019-02-01,2.8
S12000040,2019-03-01,2.9
S12000040,2019-04-01,2.8
S12000040,2019-05-01,2.8
S12000040,2019-06-01,2.8
S12000040,2019-07-01,2.9
S12000040,2019-08-01,2.9
S12000040,2019-09-01,2.8
S12000040,2019-10-01,2.8
S12000040,2019-11-01,2.9
S12000040,2019-12-01,2.9
S12000040,2020-01-01,2.8
S12000040,2020-02-01,3.0
S12000040,2020-03-01,3.0
S12000040,2020-04-01,4.9
S12000040,2020-05-01,5.8
S12000040,2020-06-01,5.6
S12000040,2020-07-01,5.9
S12000040,2020-08-01,6.1
S12000040,2020-09-01,5.8
S12000040,2020-10-01,5.4
S12000040,2020-11-01,5.5
S12000040,2020-12-01,5.3
S12000040,2021-01-01,5.3
S12000040,2021-02-01,5.5
S12000040,2021-03-01,5.6
S12000040,2021-04-01,5.5
S12000040,2021-05-01,5.1
S12000040,2021-06-01,4.6
S12000040,2021-07-01,4.6
S12000040,2021-08-01,4.3
S12000040,2021-09-01,3.9
S12000040,2021-10-01,3.6
S12000040,2021-11-01,3.5
S12000040,2021-12-01,3.3
S12000040,2022-01-01,3.2
S12000040,2022-02-01,3.2
S12000040,2022-03-01,2.9
S12000040,2022-04-01,2.9
S12000040,2022-05-01,2.7
S12000040,2022-06-01,2.7
S12000040,2022-07-01,2.7
S12000040,2022-08-01,2.8
S12000040,2022-09-01,2.8
S12000040,2022-10-01,2.6
S12000040,2022-11-01,2.6
S12000040,2022-12-01,2.6
S12000040,2023-01-01,2.6
S12000040,2023-02-01,2.6
S12000040,2023-03-01,2.8
S12000040,2023-04-01,2.9
S12000040,2023-05-01,2.7
S12000040,2023-06-01,2.7
S12000040,2023-07-01,2.8
S12000040,2023-08-01,2.7
S12000040,2023-09-01,2.6
S12000040,2023-10-01,2.5
S12000040,2023-11-01,2.6
S12000040,2023-12-01,2.6
S12000040,2024-01-01,2.6
S12000040,2024-02-01,2.7
S12000040,2024-03-01,2.8
S12000040,2024-04-01,2.6
S12000040,2024-05-01,2.6
S12000040,2024-06-01,2.6
S12000040,2024-07-01,2.8
S12000040,2024-08-01,2.8
S12000040,2024-09-01,2.7
S12000040,2024-10-01,2.5
S12000040,2024-11-01,2.6
S12000040,2024-12-01,2.5
S12000040,2025-01-01,2.5
S12000040,2025-02-01,2.7
S12000040,2025-03-01,2.7
S12000040,2025-04-01,2.6
S12000040,2025-05-01,2.5
S12000040,2025-06-01,2.5
S12000040,2025-07-01,2.5
S12000040,2025-08-01,2.5
S12000040,2025-09-01,2.4
S12000040,2025-10-01,2.4
S12000040,2025-11-01,2.4
S12000040,2025-12-01,2.4
S12000040,2026-01-01,2.4
S12000040,2026-02-01,2.6
S12000041,2018-01-01,2.3
S12000041,2018-02-01,2.5
S12000041,2018-03-01,2.6
S12000041,2018-04-01,2.9
S12000041,2018-05-01,2.8
S12000041,2018-06-01,2.8
S12000041,2018-07-01,2.9
S12000041,2018-08-01,3.0
S12000041,2018-09-01,2.8
S12000041,2018-10-01,2.8
S12000041,2018-11-01,2.9
S12000041,2018-12-01,2.9
S12000041,2019-01-01,3.0
S12000041,2019-02-01,3.2
S12000041,2019-03-01,3.2
S12000041,2019-04-01,3.1
S12000041,2019-05-01,3.1
S12000041,2019-06-01,3.2
S12000041,2019-07-01,3.3
S12000041,2019-08-01,3.3
S12000041,2019-09-01,3.0
S12000041,2019-10-01,2.9
S12000041,2019-11-01,3.0
S12000041,2019-12-01,3.0
S12000041,2020-01-01,3.0
S12000041,2020-02-01,3.0
S12000041,2020-03-01,3.0
S12000041,2020-04-01,4.8
S12000041,2020-05-01,5.5
S12000041,2020-06-01,5.5
S12000041,2020-07-01,5.8
S12000041,2020-08-01,5.8
S12000041,2020-09-01,5.7
S12000041,2020-10-01,5.4
S12000041,2020-11-01,5.5
S12000041,2020-12-01,5.4
S12000041,2021-01-01,5.5
S12000041,2021-02-01,5.6
S12000041,2021-03-01,5.5
S12000041,2021-04-01,5.4
S12000041,2021-05-01,5.0
S12000041,2021-06-01,4.6
S12000041,2021-07-01,4.5
S12000041,2021-08-01,4.5
S12000041,2021-09-01,4.1
S12000041,2021-10-01,3.8
S12000041,2021-11-01,3.6
S12000041,2021-12-01,3.5
S12000041,2022-01-01,3.5
S12000041,2022-02-01,3.4
S12000041,2022-03-01,3.2
S12000041,2022-04-01,3.0
S12000041,2022-05-01,2.9
S12000041,2022-06-01,2.9
S12000041,2022-07-01,2.9
S12000041,2022-08-01,2.9
S12000041,2022-09-01,2.8
S12000041,2022-10-01,2.8
S12000041,2022-11-01,2.9
S12000041,2022-12-01,3.0
S12000041,2023-01-01,2.9
S12000041,2023-02-01,3.0
S12000041,2023-03-01,3.1
S12000041,2023-04-01,3.1
S12000041,2023-05-01,3.0
S12000041,2023-06-01,3.1
S12000041,2023-07-01,3.2
S12000041,2023-08-01,3.0
S12000041,2023-09-01,2.7
S12000041,2023-10-01,2.7
S12000041,2023-11-01,2.8
S12000041,2023-12-01,2.7
S12000041,2024-01-01,2.8
S12000041,2024-02-01,2.8
S12000041,2024-03-01,2.8
S12000041,2024-04-01,2.8
S12000041,2024-05-01,2.8
S12000041,2024-06-01,2.9
S12000041,2024-07-01,3.1
S12000041,2024-08-01,3.1
S12000041,2024-09-01,2.9
S12000041,2024-10-01,2.8
S12000041,2024-11-01,2.9
S12000041,2024-12-01,2.9
S12000041,2025-01-01,3.0
S12000041,2025-02-01,3.1
S12000041,2025-03-01,3.1
S12000041,2025-04-01,3.1
S12000041,2025-05-01,3.0
S12000041,2025-06-01,3.1
S12000041,2025-07-01,3.1
S12000041,2025-08-01,3.1
S12000041,2025-09-01,2.9
S12000041,2025-10-01,2.8
S12000041,2025-11-01,2.9
S12000041,2025-12-01,2.9
S12000041,2026-01-01,3.0
S12000041,2026-02-01,3.1
S12000042,2018-01-01,3.5
S12000042,2018-02-01,3.7
S12000042,2018-03-01,3.8
S12000042,2018-04-01,4.2
S12000042,2018-05-01,4.2
S12000042,2018-06-01,4.4
S12000042,2018-07-01,4.5
S12000042,2018-08-01,4.6
S12000042,2018-09-01,4.4
S12000042,2018-10-01,4.3
S12000042,2018-11-01,4.3
S12000042,2018-12-01,4.4
S12000042,2019-01-01,4.4
S12000042,2019-02-01,4.7
S12000042,2019-03-01,4.8
S12000042,2019-04-01,4.7
S12000042,2019-05-01,4.6
S12000042,2019-06-01,4.8
S12000042,2019-07-01,4.9
S12000042,2019-08-01,4.9
S12000042,2019-09-01,4.8
S12000042,2019-10-01,4.6
S12000042,2019-11-01,4.6
S12000042,2019-12-01,4.6
S12000042,2020-01-01,4.5
S12000042,2020-02-01,4.6
S12000042,2020-03-01,4.5
S12000042,2020-04-01,6.6
S12000042,2020-05-01,7.2
S12000042,2020-06-01,7.3
S12000042,2020-07-01,7.6
S12000042,2020-08-01,7.6
S12000042,2020-09-01,7.5
S12000042,2020-10-01,7.2
S12000042,2020-11-01,7.2
S12000042,2020-12-01,6.9
S12000042,2021-01-01,7.0
S12000042,2021-02-01,7.3
S12000042,2021-03-01,7.1
S12000042,2021-04-01,7.0
S12000042,2021-05-01,6.7
S12000042,2021-06-01,6.3
S12000042,2021-07-01,6.3
S12000042,2021-08-01,6.3
S12000042,2021-09-01,5.8
S12000042,2021-10-01,5.4
S12000042,2021-11-01,5.2
S12000042,2021-12-01,5.0
S12000042,2022-01-01,4.9
S12000042,2022-02-01,4.9
S12000042,2022-03-01,4.7
S12000042,2022-04-01,4.5
S12000042,2022-05-01,4.3
S12000042,2022-06-01,4.2
S12000042,2022-07-01,4.3
S12000042,2022-08-01,4.3
S12000042,2022-09-01,4.2
S12000042,2022-10-01,4.1
S12000042,2022-11-01,4.1
S12000042,2022-12-01,4.1
S12000042,2023-01-01,4.2
S12000042,2023-02-01,4.2
S12000042,2023-03-01,4.4
S12000042,2023-04-01,4.5
S12000042,2023-05-01,4.3
S12000042,2023-06-01,4.3
S12000042,2023-07-01,4.5
S12000042,2023-08-01,4.3
S12000042,2023-09-01,4.1
S12000042,2023-10-01,4.0
S12000042,2023-11-01,4.0
S12000042,2023-12-01,4.0
S12000042,2024-01-01,4.0
S12000042,2024-02-01,4.0
S12000042,2024-03-01,4.1
S12000042,2024-04-01,4.0
S12000042,2024-05-01,3.9
S12000042,2024-06-01,4.1
S12000042,2024-07-01,4.5
S12000042,2024-08-01,4.5
S12000042,2024-09-01,4.3
S12000042,2024-10-01,4.2
S12000042,2024-11-01,4.1
S12000042,2024-12-01,3.9
S12000042,2025-01-01,3.8
S12000042,2025-02-01,3.9
S12000042,2025-03-01,3.9
S12000042,2025-04-01,3.9
S12000042,2025-05-01,3.9
S12000042,2025-06-01,3.9
S12000042,2025-07-01,3.9
S12000042,2025-08-01,4.0
S12000042,2025-09-01,3.8
S12000042,2025-10-01,3.7
S12000042,2025-11-01,3.8
S12000042,2025-12-01,3.7
S12000042,2026-01-01,3.7
S12000042,2026-02-01,3.9
S12000045,2018-01-01,1.6
S12000045,2018-02-01,1.8
S12000045,2018-03-01,1.8
S12000045,2018-04-01,1.9
S12000045,2018-05-01,1.7
S12000045,2018-06-01,1.7
S12000045,2018-07-01,1.8
S12000045,2018-08-01,1.8
S12000045,2018-09-01,1.7
S12000045,2018-10-01,1.7
S12000045,2018-11-01,1.7
S12000045,2018-12-01,1.7
S12000045,2019-01-01,1.8
S12000045,2019-02-01,1.9
S12000045,2019-03-01,1.9
S12000045,2019-04-01,1.9
S12000045,2019-05-01,1.9
S12000045,2019-06-01,1.9
S12000045,2019-07-01,1.9
S12000045,2019-08-01,2.0
S12000045,2019-09-01,1.8
S12000045,2019-10-01,1.8
S12000045,2019-11-01,1.9
S12000045,2019-12-01,1.9
S12000045,2020-01-01,1.9
S12000045,2020-02-01,1.9
S12000045,2020-03-01,1.9
S12000045,2020-04-01,3.7
S12000045,2020-05-01,4.3
S12000045,2020-06-01,4.2
S12000045,2020-07-01,4.5
S12000045,2020-08-01,4.6
S12000045,2020-09-01,4.4
S12000045,2020-10-01,4.1
S12000045,2020-11-01,4.0
S12000045,2020-12-01,3.9
S12000045,2021-01-01,3.8
S12000045,2021-02-01,4.0
S12000045,2021-03-01,4.0
S12000045,2021-04-01,3.8
S12000045,2021-05-01,3.6
S12000045,2021-06-01,3.3
S12000045,2021-07-01,3.3
S12000045,2021-08-01,3.2
S12000045,2021-09-01,2.9
S12000045,2021-10-01,2.7
S12000045,2021-11-01,2.6
S12000045,2021-12-01,2.6
S12000045,2022-01-01,2.5
S12000045,2022-02-01,2.5
S12000045,2022-03-01,2.3
S12000045,2022-04-01,2.2
S12000045,2022-05-01,2.1
S12000045,2022-06-01,2.0
S12000045,2022-07-01,2.1
S12000045,2022-08-01,2.0
S12000045,2022-09-01,2.0
S12000045,2022-10-01,2.0
S12000045,2022-11-01,1.9
S12000045,2022-12-01,2.0
S12000045,2023-01-01,1.9
S12000045,2023-02-01,1.9
S12000045,2023-03-01,2.0
S12000045,2023-04-01,2.0
S12000045,2023-05-01,2.0
S12000045,2023-06-01,2.0
S12000045,2023-07-01,2.0
S12000045,2023-08-01,2.0
S12000045,2023-09-01,1.9
S12000045,2023-10-01,1.9
S12000045,2023-11-01,1.9
S12000045,2023-12-01,1.9
S12000045,2024-01-01,1.9
S12000045,2024-02-01,1.9
S12000045,2024-03-01,1.9
S12000045,2024-04-01,2.0
S12000045,2024-05-01,1.9
S12000045,2024-06-01,2.0
S12000045,2024-07-01,2.1
S12000045,2024-08-01,2.1
S12000045,2024-09-01,2.1
S12000045,2024-10-01,2.0
S12000045,2024-11-01,1.9
S12000045,2024-12-01,1.9
S12000045,2025-01-01,1.9
S12000045,2025-02-01,2.0
S12000045,2025-03-01,1.9
S12000045,2025-04-01,1.8
S12000045,2025-05-01,1.8
S12000045,2025-06-01,1.8
S12000045,2025-07-01,1.8
S12000045,2025-08-01,1.8
S12000045,2025-09-01,1.8
S12000045,2025-10-01,1.7
S12000045,2025-11-01,1.8
S12000045,2025-12-01,1.7
S12000045,2026-01-01,1.8
S12000045,2026-02-01,1.9
S12000047,2018-01-01,2.6
S12000047,2018-02-01,2.8
S12000047,2018-03-01,3.1
S12000047,2018-04-01,3.4
S12000047,2018-05-01,3.3
S12000047,2018-06-01,3.4
S12000047,2018-07-01,3.6
S12000047,2018-08-01,3.7
S12000047,2018-09-01,3.6
S12000047,2018-10-01,3.6
S12000047,2018-11-01,3.6
S12000047,2018-12-01,3.6
S12000047,2019-01-01,3.7
S12000047,2019-02-01,3.9
S12000047,2019-03-01,4.0
S12000047,2019-04-01,3.9
S12000047,2019-05-01,3.8
S12000047,2019-06-01,3.8
S12000047,2019-07-01,3.8
S12000047,2019-08-01,3.9
S12000047,2019-09-01,3.7
S12000047,2019-10-01,3.7
S12000047,2019-11-01,3.7
S12000047,2019-12-01,3.7
S12000047,2020-01-01,3.7
S12000047,2020-02-01,3.8
S12000047,2020-03-01,3.8
S12000047,2020-04-01,6.0
S12000047,2020-05-01,6.6
S12000047,2020-06-01,6.5
S12000047,2020-07-01,6.8
S12000047,2020-08-01,6.9
S12000047,2020-09-01,6.6
S12000047,2020-10-01,6.3
S12000047,2020-11-01,6.3
S12000047,2020-12-01,6.1
S12000047,2021-01-01,6.2
S12000047,2021-02-01,6.4
S12000047,2021-03-01,6.5
S12000047,2021-04-01,6.3
S12000047,2021-05-01,6.0
S12000047,2021-06-01,5.6
S12000047,2021-07-01,5.5
S12000047,2021-08-01,5.3
S12000047,2021-09-01,4.9
S12000047,2021-10-01,4.6
S12000047,2021-11-01,4.4
S12000047,2021-12-01,4.3
S12000047,2022-01-01,4.2
S12000047,2022-02-01,4.3
S12000047,2022-03-01,4.1
S12000047,2022-04-01,3.9
S12000047,2022-05-01,3.7
S12000047,2022-06-01,3.6
S12000047,2022-07-01,3.6
S12000047,2022-08-01,3.5
S12000047,2022-09-01,3.4
S12000047,2022-10-01,3.4
S12000047,2022-11-01,3.4
S12000047,2022-12-01,3.5
S12000047,2023-01-01,3.4
S12000047,2023-02-01,3.5
S12000047,2023-03-01,3.6
S12000047,2023-04-01,3.7
S12000047,2023-05-01,3.5
S12000047,2023-06-01,3.5
S12000047,2023-07-01,3.5
S12000047,2023-08-01,3.4
S12000047,2023-09-01,3.2
S12000047,2023-10-01,3.2
S12000047,2023-11-01,3.2
S12000047,2023-12-01,3.2
S12000047,2024-01-01,3.2
S12000047,2024-02-01,3.2
S12000047,2024-03-01,3.3
S12000047,2024-04-01,3.2
S12000047,2024-05-01,3.2
S12000047,2024-06-01,3.3
S12000047,2024-07-01,3.5
S12000047,2024-08-01,3.5
S12000047,2024-09-01,3.4
S12000047,2024-10-01,3.3
S12000047,2024-11-01,3.3
S12000047,2024-12-01,3.2
S12000047,2025-01-01,3.3
S12000047,2025-02-01,3.4
S12000047,2025-03-01,3.3
S12000047,2025-04-01,3.2
S12000047,2025-05-01,3.1
S12000047,2025-06-01,3.2
S12000047,2025-07-01,3.1
S12000047,2025-08-01,3.1
S12000047,2025-09-01,3.0
S12000047,2025-10-01,3.0
S12000047,2025-11-01,3.0
S12000047,2025-12-01,3.0
S12000047,2026-01-01,3.1
S12000047,2026-02-01,3.3
S12000048,2018-01-01,1.2
S12000048,2018-02-01,1.2
S12000048,2018-03-01,1.3
S12000048,2018-04-01,1.3
S12000048,2018-05-01,1.3
S12000048,2018-06-01,1.2
S12000048,2018-07-01,1.2
S12000048,2018-08-01,1.3
S12000048,2018-09-01,1.3
S12000048,2018-10-01,1.4
S12000048,2018-11-01,1.5
S12000048,2018-12-01,1.6
S12000048,2019-01-01,1.7
S12000048,2019-02-01,1.9
S12000048,2019-03-01,2.0
S12000048,2019-04-01,1.9
S12000048,2019-05-01,1.9
S12000048,2019-06-01,1.9
S12000048,2019-07-01,2.0
S12000048,2019-08-01,2.0
S12000048,2019-09-01,1.9
S12000048,2019-10-01,2.0
S12000048,2019-11-01,2.0
S12000048,2019-12-01,2.0
S12000048,2020-01-01,2.0
S12000048,2020-02-01,2.1
S12000048,2020-03-01,2.1
S12000048,2020-04-01,4.0
S12000048,2020-05-01,4.8
S12000048,2020-06-01,4.9
S12000048,2020-07-01,5.1
S12000048,2020-08-01,5.1
S12000048,2020-09-01,5.0
S12000048,2020-10-01,4.7
S12000048,2020-11-01,4.6
S12000048,2020-12-01,4.5
S12000048,2021-01-01,4.5
S12000048,2021-02-01,4.6
S12000048,2021-03-01,4.6
S12000048,2021-04-01,4.5
S12000048,2021-05-01,4.2
S12000048,2021-06-01,3.9
S12000048,2021-07-01,3.8
S12000048,2021-08-01,3.7
S12000048,2021-09-01,3.4
S12000048,2021-10-01,3.1
S12000048,2021-11-01,3.0
S12000048,2021-12-01,2.9
S12000048,2022-01-01,2.8
S12000048,2022-02-01,2.9
S12000048,2022-03-01,2.8
S12000048,2022-04-01,2.6
S12000048,2022-05-01,2.5
S12000048,2022-06-01,2.5
S12000048,2022-07-01,2.4
S12000048,2022-08-01,2.5
S12000048,2022-09-01,2.3
S12000048,2022-10-01,2.2
S12000048,2022-11-01,2.2
S12000048,2022-12-01,2.3
S12000048,2023-01-01,2.3
S12000048,2023-02-01,2.4
S12000048,2023-03-01,2.4
S12000048,2023-04-01,2.5
S12000048,2023-05-01,2.5
S12000048,2023-06-01,2.5
S12000048,2023-07-01,2.5
S12000048,2023-08-01,2.5
S12000048,2023-09-01,2.3
S12000048,2023-10-01,2.3
S12000048,2023-11-01,2.2
S12000048,2023-12-01,2.2
S12000048,2024-01-01,2.1
S12000048,2024-02-01,2.2
S12000048,2024-03-01,2.3
S12000048,2024-04-01,2.2
S12000048,2024-05-01,2.2
S12000048,2024-06-01,2.3
S12000048,2024-07-01,2.4
S12000048,2024-08-01,2.5
S12000048,2024-09-01,2.3
S12000048,2024-10-01,2.3
S12000048,2024-11-01,2.3
S12000048,2024-12-01,2.2
S12000048,2025-01-01,2.3
S12000048,2025-02-01,2.4
S12000048,2025-03-01,2.3
S12000048,2025-04-01,2.2
S12000048,2025-05-01,2.2
S12000048,2025-06-01,2.2
S12000048,2025-07-01,2.2
S12000048,2025-08-01,2.2
S12000048,2025-09-01,2.2
S12000048,2025-10-01,2.1
S12000048,2025-11-01,2.1
S12000048,2025-12-01,2.1
S12000048,2026-01-01,2.2
S12000048,2026-02-01,2.4
S12000049,2018-01-01,3.2
S12000049,2018-02-01,3.3
S12000049,2018-03-01,3.3
S12000049,2018-04-01,3.3
S12000049,2018-05-01,3.3
S12000049,2018-06-01,3.3
S12000049,2018-07-01,3.2
S12000049,2018-08-01,3.2
S12000049,2018-09-01,3.1
S12000049,2018-10-01,3.0
S12000049,2018-11-01,3.0
S12000049,2018-12-01,3.2
S12000049,2019-01-01,3.4
S12000049,2019-02-01,3.6
S12000049,2019-03-01,3.7
S12000049,2019-04-01,3.9
S12000049,2019-05-01,4.0
S12000049,2019-06-01,4.2
S12000049,2019-07-01,4.3
S12000049,2019-08-01,4.5
S12000049,2019-09-01,4.4
S12000049,2019-10-01,4.4
S12000049,2019-11-01,4.5
S12000049,2019-12-01,4.5
S12000049,2020-01-01,4.6
S12000049,2020-02-01,4.7
S12000049,2020-03-01,4.7
S12000049,2020-04-01,7.3
S12000049,2020-05-01,8.4
S12000049,2020-06-01,8.4
S12000049,2020-07-01,8.7
S12000049,2020-08-01,8.9
S12000049,2020-09-01,8.7
S12000049,2020-10-01,8.4
S12000049,2020-11-01,8.5
S12000049,2020-12-01,8.4
S12000049,2021-01-01,8.3
S12000049,2021-02-01,8.5
S12000049,2021-03-01,8.5
S12000049,2021-04-01,8.4
S12000049,2021-05-01,8.0
S12000049,2021-06-01,7.5
S12000049,2021-07-01,7.4
S12000049,2021-08-01,7.2
S12000049,2021-09-01,6.7
S12000049,2021-10-01,6.4
S12000049,2021-11-01,6.2
S12000049,2021-12-01,6.0
S12000049,2022-01-01,5.8
S12000049,2022-02-01,5.8
S12000049,2022-03-01,5.5
S12000049,2022-04-01,5.3
S12000049,2022-05-01,5.1
S12000049,2022-06-01,5.0
S12000049,2022-07-01,5.0
S12000049,2022-08-01,5.0
S12000049,2022-09-01,4.8
S12000049,2022-10-01,4.7
S12000049,2022-11-01,4.9
S12000049,2022-12-01,4.9
S12000049,2023-01-01,4.7
S12000049,2023-02-01,4.7
S12000049,2023-03-01,4.8
S12000049,2023-04-01,5.0
S12000049,2023-05-01,4.8
S12000049,2023-06-01,4.8
S12000049,2023-07-01,4.8
S12000049,2023-08-01,4.7
S12000049,2023-09-01,4.5
S12000049,2023-10-01,4.5
S12000049,2023-11-01,4.5
S12000049,2023-12-01,4.6
S12000049,2024-01-01,4.4
S12000049,2024-02-01,4.6
S12000049,2024-03-01,4.7
S12000049,2024-04-01,4.6
S12000049,2024-05-01,4.7
S12000049,2024-06-01,4.8
S12000049,2024-07-01,5.1
S12000049,2024-08-01,5.2
S12000049,2024-09-01,5.0
S12000049,2024-10-01,5.0
S12000049,2024-11-01,4.9
S12000049,2024-12-01,4.8
S12000049,2025-01-01,4.7
S12000049,2025-02-01,4.9
S12000049,2025-03-01,4.8
S12000049,2025-04-01,4.7
S12000049,2025-05-01,4.6
S12000049,2025-06-01,4.7
S12000049,2025-07-01,4.6
S12000049,2025-08-01,4.7
S12000049,2025-09-01,4.6
S12000049,2025-10-01,4.5
S12000049,2025-11-01,4.5
S12000049,2025-12-01,4.5
S12000049,2026-01-01,4.5
S12000049,2026-02-01,4.7
S12000050,2018-01-01,2.7
S12000050,2018-02-01,2.8
S12000050,2018-03-01,2.8
S12000050,2018-04-01,2.8
S12000050,2018-05-01,2.8
S12000050,2018-06-01,3.0
S12000050,2018-07-01,3.2
S12000050,2018-08-01,3.4
S12000050,2018-09-01,3.4
S12000050,2018-10-01,3.5
S12000050,2018-11-01,3.5
S12000050,2018-12-01,3.5
S12000050,2019-01-01,3.6
S12000050,2019-02-01,3.7
S12000050,2019-03-01,3.9
S12000050,2019-04-01,3.8
S12000050,2019-05-01,3.8
S12000050,2019-06-01,3.9
S12000050,2019-07-01,3.9
S12000050,2019-08-01,3.9
S12000050,2019-09-01,3.7
S12000050,2019-10-01,3.7
S12000050,2019-11-01,3.7
S12000050,2019-12-01,3.6
S12000050,2020-01-01,3.6
S12000050,2020-02-01,3.7
S12000050,2020-03-01,3.7
S12000050,2020-04-01,6.1
S12000050,2020-05-01,6.9
S12000050,2020-06-01,6.8
S12000050,2020-07-01,7.1
S12000050,2020-08-01,7.2
S12000050,2020-09-01,6.9
S12000050,2020-10-01,6.5
S12000050,2020-11-01,6.5
S12000050,2020-12-01,6.4
S12000050,2021-01-01,6.4
S12000050,2021-02-01,6.6
S12000050,2021-03-01,6.6
S12000050,2021-04-01,6.4
S12000050,2021-05-01,6.0
S12000050,2021-06-01,5.6
S12000050,2021-07-01,5.6
S12000050,2021-08-01,5.3
S12000050,2021-09-01,4.9
S12000050,2021-10-01,4.7
S12000050,2021-11-01,4.5
S12000050,2021-12-01,4.4
S12000050,2022-01-01,4.3
S12000050,2022-02-01,4.2
S12000050,2022-03-01,4.1
S12000050,2022-04-01,3.8
S12000050,2022-05-01,3.6
S12000050,2022-06-01,3.5
S12000050,2022-07-01,3.6
S12000050,2022-08-01,3.6
S12000050,2022-09-01,3.4
S12000050,2022-10-01,3.3
S12000050,2022-11-01,3.3
S12000050,2022-12-01,3.3
S12000050,2023-01-01,3.3
S12000050,2023-02-01,3.4
S12000050,2023-03-01,3.5
S12000050,2023-04-01,3.6
S12000050,2023-05-01,3.4
S12000050,2023-06-01,3.4
S12000050,2023-07-01,3.4
S12000050,2023-08-01,3.4
S12000050,2023-09-01,3.3
S12000050,2023-10-01,3.2
S12000050,2023-11-01,3.2
S12000050,2023-12-01,3.3
S12000050,2024-01-01,3.3
S12000050,2024-02-01,3.4
S12000050,2024-03-01,3.4
S12000050,2024-04-01,3.4
S12000050,2024-05-01,3.3
S12000050,2024-06-01,3.3
S12000050,2024-07-01,3.5
S12000050,2024-08-01,3.5
S12000050,2024-09-01,3.4
S12000050,2024-10-01,3.3
S12000050,2024-11-01,3.2
S12000050,2024-12-01,3.1
S12000050,2025-01-01,3.2
S12000050,2025-02-01,3.3
S12000050,2025-03-01,3.2
S12000050,2025-04-01,3.1
S12000050,2025-05-01,3.1
S12000050,2025-06-01,3.0
S12000050,2025-07-01,3.0
S12000050,2025-08-01,3.0
S12000050,2025-09-01,2.9
S12000050,2025-10-01,2.8
S12000050,2025-11-01,2.8
S12000050,2025-12-01,2.8
S12000050,2026-01-01,2.8
S12000050,2026-02-01,3.0
W06000001,2018-01-01,2.6
W06000001,2018-02-01,2.7
W06000001,2018-03-01,2.7
W06000001,2018-04-01,2.6
W06000001,2018-05-01,2.5
W06000001,2018-06-01,2.3
W06000001,2018-07-01,2.2
W06000001,2018-08-01,2.2
W06000001,2018-09-01,2.1
W06000001,2018-10-01,2.1
W06000001,2018-11-01,2.1
W06000001,2018-12-01,2.1
W06000001,2019-01-01,2.3
W06000001,2019-02-01,2.5
W06000001,2019-03-01,2.7
W06000001,2019-04-01,2.8
W06000001,2019-05-01,2.7
W06000001,2019-06-01,2.8
W06000001,2019-07-01,2.8
W06000001,2019-08-01,2.8
W06000001,2019-09-01,2.9
W06000001,2019-10-01,2.9
W06000001,2019-11-01,3.1
W06000001,2019-12-01,3.3
W06000001,2020-01-01,3.2
W06000001,2020-02-01,3.4
W06000001,2020-03-01,3.4
W06000001,2020-04-01,5.9
W06000001,2020-05-01,6.7
W06000001,2020-06-01,6.5
W06000001,2020-07-01,6.8
W06000001,2020-08-01,6.7
W06000001,2020-09-01,6.5
W06000001,2020-10-01,6.0
W06000001,2020-11-01,6.2
W06000001,2020-12-01,6.0
W06000001,2021-01-01,5.9
W06000001,2021-02-01,6.1
W06000001,2021-03-01,6.1
W06000001,2021-04-01,6.0
W06000001,2021-05-01,5.7
W06000001,2021-06-01,5.3
W06000001,2021-07-01,5.0
W06000001,2021-08-01,4.8
W06000001,2021-09-01,4.5
W06000001,2021-10-01,4.4
W06000001,2021-11-01,4.3
W06000001,2021-12-01,4.2
W06000001,2022-01-01,4.1
W06000001,2022-02-01,4.1
W06000001,2022-03-01,4.0
W06000001,2022-04-01,3.8
W06000001,2022-05-01,3.5
W06000001,2022-06-01,3.4
W06000001,2022-07-01,3.3
W06000001,2022-08-01,3.2
W06000001,2022-09-01,3.1
W06000001,2022-10-01,3.2
W06000001,2022-11-01,3.2
W06000001,2022-12-01,3.3
W06000001,2023-01-01,3.3
W06000001,2023-02-01,3.4
W06000001,2023-03-01,3.7
W06000001,2023-04-01,3.7
W06000001,2023-05-01,3.7
W06000001,2023-06-01,3.7
W06000001,2023-07-01,3.7
W06000001,2023-08-01,3.6
W06000001,2023-09-01,3.6
W06000001,2023-10-01,3.4
W06000001,2023-11-01,3.6
W06000001,2023-12-01,3.6
W06000001,2024-01-01,3.7
W06000001,2024-02-01,3.7
W06000001,2024-03-01,3.7
W06000001,2024-04-01,3.5
W06000001,2024-05-01,3.5
W06000001,2024-06-01,3.6
W06000001,2024-07-01,3.8
W06000001,2024-08-01,3.7
W06000001,2024-09-01,3.8
W06000001,2024-10-01,3.7
W06000001,2024-11-01,3.7
W06000001,2024-12-01,3.8
W06000001,2025-01-01,3.8
W06000001,2025-02-01,3.9
W06000001,2025-03-01,3.8
W06000001,2025-04-01,3.6
W06000001,2025-05-01,3.5
W06000001,2025-06-01,3.5
W06000001,2025-07-01,3.4
W06000001,2025-08-01,3.4
W06000001,2025-09-01,3.4
W06000001,2025-10-01,3.4
W06000001,2025-11-01,3.4
W06000001,2025-12-01,3.5
W06000001,2026-01-01,3.6
W06000001,2026-02-01,3.8
W06000002,2018-01-01,2.0
W06000002,2018-02-01,2.1
W06000002,2018-03-01,2.0
W06000002,2018-04-01,1.8
W06000002,2018-05-01,1.8
W06000002,2018-06-01,1.6
W06000002,2018-07-01,1.6
W06000002,2018-08-01,1.6
W06000002,2018-09-01,1.6
W06000002,2018-10-01,1.6
W06000002,2018-11-01,1.6
W06000002,2018-12-01,1.7
W06000002,2019-01-01,1.9
W06000002,2019-02-01,2.0
W06000002,2019-03-01,2.0
W06000002,2019-04-01,2.0
W06000002,2019-05-01,2.0
W06000002,2019-06-01,2.1
W06000002,2019-07-01,2.1
W06000002,2019-08-01,2.2
W06000002,2019-09-01,2.2
W06000002,2019-10-01,2.2
W06000002,2019-11-01,2.5
W06000002,2019-12-01,2.6
W06000002,2020-01-01,2.7
W06000002,2020-02-01,2.8
W06000002,2020-03-01,2.8
W06000002,2020-04-01,5.4
W06000002,2020-05-01,6.0
W06000002,2020-06-01,5.9
W06000002,2020-07-01,6.1
W06000002,2020-08-01,6.0
W06000002,2020-09-01,5.6
W06000002,2020-10-01,5.2
W06000002,2020-11-01,5.3
W06000002,2020-12-01,5.4
W06000002,2021-01-01,5.6
W06000002,2021-02-01,5.9
W06000002,2021-03-01,5.8
W06000002,2021-04-01,5.5
W06000002,2021-05-01,4.9
W06000002,2021-06-01,4.4
W06000002,2021-07-01,4.2
W06000002,2021-08-01,3.9
W06000002,2021-09-01,3.7
W06000002,2021-10-01,3.6
W06000002,2021-11-01,3.6
W06000002,2021-12-01,3.6
W06000002,2022-01-01,3.6
W06000002,2022-02-01,3.6
W06000002,2022-03-01,3.4
W06000002,2022-04-01,3.0
W06000002,2022-05-01,2.8
W06000002,2022-06-01,2.7
W06000002,2022-07-01,2.6
W06000002,2022-08-01,2.7
W06000002,2022-09-01,2.6
W06000002,2022-10-01,2.6
W06000002,2022-11-01,2.8
W06000002,2022-12-01,2.9
W06000002,2023-01-01,2.9
W06000002,2023-02-01,2.9
W06000002,2023-03-01,2.9
W06000002,2023-04-01,2.9
W06000002,2023-05-01,2.7
W06000002,2023-06-01,2.7
W06000002,2023-07-01,2.6
W06000002,2023-08-01,2.5
W06000002,2023-09-01,2.4
W06000002,2023-10-01,2.5
W06000002,2023-11-01,2.6
W06000002,2023-12-01,2.7
W06000002,2024-01-01,2.7
W06000002,2024-02-01,2.7
W06000002,2024-03-01,2.7
W06000002,2024-04-01,2.6
W06000002,2024-05-01,2.5
W06000002,2024-06-01,2.6
W06000002,2024-07-01,2.9
W06000002,2024-08-01,2.8
W06000002,2024-09-01,2.7
W06000002,2024-10-01,2.7
W06000002,2024-11-01,2.8
W06000002,2024-12-01,2.8
W06000002,2025-01-01,2.9
W06000002,2025-02-01,3.2
W06000002,2025-03-01,3.0
W06000002,2025-04-01,2.9
W06000002,2025-05-01,2.7
W06000002,2025-06-01,2.6
W06000002,2025-07-01,2.5
W06000002,2025-08-01,2.6
W06000002,2025-09-01,2.6
W06000002,2025-10-01,2.6
W06000002,2025-11-01,2.8
W06000002,2025-12-01,2.8
W06000002,2026-01-01,2.9
W06000002,2026-02-01,3.1
W06000003,2018-01-01,2.1
W06000003,2018-02-01,2.2
W06000003,2018-03-01,2.2
W06000003,2018-04-01,2.2
W06000003,2018-05-01,2.1
W06000003,2018-06-01,2.0
W06000003,2018-07-01,2.1
W06000003,2018-08-01,2.1
W06000003,2018-09-01,2.2
W06000003,2018-10-01,2.3
W06000003,2018-11-01,2.5
W06000003,2018-12-01,2.7
W06000003,2019-01-01,2.9
W06000003,2019-02-01,3.2
W06000003,2019-03-01,3.3
W06000003,2019-04-01,3.3
W06000003,2019-05-01,3.1
W06000003,2019-06-01,3.1
W06000003,2019-07-01,3.1
W06000003,2019-08-01,3.1
W06000003,2019-09-01,3.2
W06000003,2019-10-01,3.2
W06000003,2019-11-01,3.3
W06000003,2019-12-01,3.4
W06000003,2020-01-01,3.5
W06000003,2020-02-01,3.6
W06000003,2020-03-01,3.6
W06000003,2020-04-01,6.5
W06000003,2020-05-01,7.2
W06000003,2020-06-01,7.1
W06000003,2020-07-01,7.3
W06000003,2020-08-01,7.2
W06000003,2020-09-01,6.9
W06000003,2020-10-01,6.5
W06000003,2020-11-01,6.6
W06000003,2020-12-01,6.7
W06000003,2021-01-01,6.6
W06000003,2021-02-01,6.7
W06000003,2021-03-01,6.7
W06000003,2021-04-01,6.6
W06000003,2021-05-01,6.2
W06000003,2021-06-01,5.6
W06000003,2021-07-01,5.2
W06000003,2021-08-01,4.9
W06000003,2021-09-01,4.7
W06000003,2021-10-01,4.6
W06000003,2021-11-01,4.5
W06000003,2021-12-01,4.5
W06000003,2022-01-01,4.5
W06000003,2022-02-01,4.5
W06000003,2022-03-01,4.2
W06000003,2022-04-01,3.8
W06000003,2022-05-01,3.6
W06000003,2022-06-01,3.5
W06000003,2022-07-01,3.5
W06000003,2022-08-01,3.5
W06000003,2022-09-01,3.4
W06000003,2022-10-01,3.4
W06000003,2022-11-01,3.5
W06000003,2022-12-01,3.6
W06000003,2023-01-01,3.6
W06000003,2023-02-01,3.6
W06000003,2023-03-01,3.7
W06000003,2023-04-01,3.7
W06000003,2023-05-01,3.5
W06000003,2023-06-01,3.4
W06000003,2023-07-01,3.4
W06000003,2023-08-01,3.3
W06000003,2023-09-01,3.3
W06000003,2023-10-01,3.4
W06000003,2023-11-01,3.5
W06000003,2023-12-01,3.7
W06000003,2024-01-01,3.8
W06000003,2024-02-01,3.8
W06000003,2024-03-01,3.9
W06000003,2024-04-01,3.8
W06000003,2024-05-01,3.7
W06000003,2024-06-01,3.7
W06000003,2024-07-01,3.9
W06000003,2024-08-01,3.9
W06000003,2024-09-01,3.9
W06000003,2024-10-01,3.9
W06000003,2024-11-01,3.8
W06000003,2024-12-01,3.8
W06000003,2025-01-01,3.9
W06000003,2025-02-01,4.0
W06000003,2025-03-01,4.0
W06000003,2025-04-01,3.8
W06000003,2025-05-01,3.7
W06000003,2025-06-01,3.6
W06000003,2025-07-01,3.5
W06000003,2025-08-01,3.5
W06000003,2025-09-01,3.5
W06000003,2025-10-01,3.5
W06000003,2025-11-01,3.5
W06000003,2025-12-01,3.6
W06000003,2026-01-01,3.7
W06000003,2026-02-01,3.8
W06000004,2018-01-01,2.1
W06000004,2018-02-01,2.2
W06000004,2018-03-01,2.1
W06000004,2018-04-01,2.1
W06000004,2018-05-01,2.1
W06000004,2018-06-01,2.1
W06000004,2018-07-01,2.2
W06000004,2018-08-01,2.3
W06000004,2018-09-01,2.5
W06000004,2018-10-01,2.6
W06000004,2018-11-01,2.8
W06000004,2018-12-01,2.9
W06000004,2019-01-01,3.0
W06000004,2019-02-01,3.2
W06000004,2019-03-01,3.2
W06000004,2019-04-01,3.3
W06000004,2019-05-01,3.2
W06000004,2019-06-01,3.3
W06000004,2019-07-01,3.3
W06000004,2019-08-01,3.3
W06000004,2019-09-01,3.4
W06000004,2019-10-01,3.4
W06000004,2019-11-01,3.5
W06000004,2019-12-01,3.5
W06000004,2020-01-01,3.6
W06000004,2020-02-01,3.7
W06000004,2020-03-01,3.6
W06000004,2020-04-01,6.2
W06000004,2020-05-01,6.9
W06000004,2020-06-01,6.6
W06000004,2020-07-01,6.9
W06000004,2020-08-01,6.9
W06000004,2020-09-01,6.7
W06000004,2020-10-01,6.4
W06000004,2020-11-01,6.5
W06000004,2020-12-01,6.4
W06000004,2021-01-01,6.3
W06000004,2021-02-01,6.5
W06000004,2021-03-01,6.5
W06000004,2021-04-01,6.4
W06000004,2021-05-01,6.0
W06000004,2021-06-01,5.5
W06000004,2021-07-01,5.2
W06000004,2021-08-01,5.1
W06000004,2021-09-01,4.8
W06000004,2021-10-01,4.6
W06000004,2021-11-01,4.6
W06000004,2021-12-01,4.4
W06000004,2022-01-01,4.4
W06000004,2022-02-01,4.3
W06000004,2022-03-01,4.0
W06000004,2022-04-01,3.7
W06000004,2022-05-01,3.5
W06000004,2022-06-01,3.5
W06000004,2022-07-01,3.5
W06000004,2022-08-01,3.6
W06000004,2022-09-01,3.6
W06000004,2022-10-01,3.5
W06000004,2022-11-01,3.6
W06000004,2022-12-01,3.7
W06000004,2023-01-01,3.6
W06000004,2023-02-01,3.6
W06000004,2023-03-01,3.7
W06000004,2023-04-01,3.7
W06000004,2023-05-01,3.5
W06000004,2023-06-01,3.5
W06000004,2023-07-01,3.5
W06000004,2023-08-01,3.4
W06000004,2023-09-01,3.4
W06000004,2023-10-01,3.4
W06000004,2023-11-01,3.5
W06000004,2023-12-01,3.4
W06000004,2024-01-01,3.5
W06000004,2024-02-01,3.6
W06000004,2024-03-01,3.6
W06000004,2024-04-01,3.4
W06000004,2024-05-01,3.4
W06000004,2024-06-01,3.5
W06000004,2024-07-01,3.8
W06000004,2024-08-01,3.8
W06000004,2024-09-01,3.7
W06000004,2024-10-01,3.7
W06000004,2024-11-01,3.7
W06000004,2024-12-01,3.7
W06000004,2025-01-01,3.7
W06000004,2025-02-01,3.9
W06000004,2025-03-01,3.8
W06000004,2025-04-01,3.7
W06000004,2025-05-01,3.6
W06000004,2025-06-01,3.5
W06000004,2025-07-01,3.5
W06000004,2025-08-01,3.4
W06000004,2025-09-01,3.4
W06000004,2025-10-01,3.4
W06000004,2025-11-01,3.4
W06000004,2025-12-01,3.4
W06000004,2026-01-01,3.5
W06000004,2026-02-01,3.6
W06000005,2018-01-01,1.9
W06000005,2018-02-01,2.1
W06000005,2018-03-01,2.1
W06000005,2018-04-01,2.4
W06000005,2018-05-01,2.2
W06000005,2018-06-01,2.2
W06000005,2018-07-01,2.3
W06000005,2018-08-01,2.3
W06000005,2018-09-01,2.4
W06000005,2018-10-01,2.4
W06000005,2018-11-01,2.4
W06000005,2018-12-01,2.4
W06000005,2019-01-01,2.5
W06000005,2019-02-01,2.6
W06000005,2019-03-01,2.7
W06000005,2019-04-01,2.6
W06000005,2019-05-01,2.6
W06000005,2019-06-01,2.7
W06000005,2019-07-01,2.7
W06000005,2019-08-01,2.8
W06000005,2019-09-01,2.8
W06000005,2019-10-01,2.8
W06000005,2019-11-01,2.7
W06000005,2019-12-01,2.7
W06000005,2020-01-01,2.7
W06000005,2020-02-01,2.8
W06000005,2020-03-01,2.8
W06000005,2020-04-01,4.9
W06000005,2020-05-01,5.6
W06000005,2020-06-01,5.4
W06000005,2020-07-01,5.5
W06000005,2020-08-01,5.6
W06000005,2020-09-01,5.4
W06000005,2020-10-01,5.2
W06000005,2020-11-01,5.3
W06000005,2020-12-01,5.1
W06000005,2021-01-01,5.1
W06000005,2021-02-01,5.3
W06000005,2021-03-01,5.3
W06000005,2021-04-01,5.2
W06000005,2021-05-01,4.7
W06000005,2021-06-01,4.3
W06000005,2021-07-01,4.2
W06000005,2021-08-01,4.1
W06000005,2021-09-01,3.9
W06000005,2021-10-01,3.8
W06000005,2021-11-01,3.7
W06000005,2021-12-01,3.6
W06000005,2022-01-01,3.6
W06000005,2022-02-01,3.6
W06000005,2022-03-01,3.4
W06000005,2022-04-01,3.2
W06000005,2022-05-01,3.1
W06000005,2022-06-01,2.9
W06000005,2022-07-01,2.9
W06000005,2022-08-01,2.9
W06000005,2022-09-01,2.8
W06000005,2022-10-01,2.8
W06000005,2022-11-01,2.8
W06000005,2022-12-01,2.8
W06000005,2023-01-01,2.8
W06000005,2023-02-01,2.9
W06000005,2023-03-01,3.0
W06000005,2023-04-01,3.0
W06000005,2023-05-01,2.9
W06000005,2023-06-01,2.9
W06000005,2023-07-01,2.8
W06000005,2023-08-01,2.8
W06000005,2023-09-01,2.7
W06000005,2023-10-01,2.7
W06000005,2023-11-01,2.8
W06000005,2023-12-01,2.8
W06000005,2024-01-01,2.7
W06000005,2024-02-01,2.8
W06000005,2024-03-01,2.7
W06000005,2024-04-01,2.7
W06000005,2024-05-01,2.8
W06000005,2024-06-01,2.8
W06000005,2024-07-01,2.9
W06000005,2024-08-01,2.9
W06000005,2024-09-01,2.9
W06000005,2024-10-01,2.9
W06000005,2024-11-01,2.8
W06000005,2024-12-01,2.7
W06000005,2025-01-01,2.8
W06000005,2025-02-01,2.9
W06000005,2025-03-01,2.9
W06000005,2025-04-01,2.9
W06000005,2025-05-01,2.8
W06000005,2025-06-01,2.8
W06000005,2025-07-01,2.9
W06000005,2025-08-01,2.9
W06000005,2025-09-01,2.9
W06000005,2025-10-01,2.8
W06000005,2025-11-01,2.8
W06000005,2025-12-01,2.7
W06000005,2026-01-01,2.7
W06000005,2026-02-01,2.9
W06000006,2018-01-01,1.8
W06000006,2018-02-01,2.0
W06000006,2018-03-01,2.1
W06000006,2018-04-01,2.4
W06000006,2018-05-01,2.3
W06000006,2018-06-01,2.4
W06000006,2018-07-01,2.5
W06000006,2018-08-01,2.6
W06000006,2018-09-01,2.7
W06000006,2018-10-01,2.7
W06000006,2018-11-01,2.7
W06000006,2018-12-01,2.7
W06000006,2019-01-01,2.8
W06000006,2019-02-01,2.8
W06000006,2019-03-01,2.9
W06000006,2019-04-01,3.0
W06000006,2019-05-01,3.0
W06000006,2019-06-01,3.0
W06000006,2019-07-01,3.0
W06000006,2019-08-01,3.1
W06000006,2019-09-01,3.2
W06000006,2019-10-01,3.1
W06000006,2019-11-01,3.2
W06000006,2019-12-01,3.2
W06000006,2020-01-01,3.2
W06000006,2020-02-01,3.2
W06000006,2020-03-01,3.1
W06000006,2020-04-01,5.4
W06000006,2020-05-01,6.2
W06000006,2020-06-01,5.9
W06000006,2020-07-01,6.1
W06000006,2020-08-01,6.1
W06000006,2020-09-01,6.0
W06000006,2020-10-01,5.7
W06000006,2020-11-01,5.8
W06000006,2020-12-01,5.7
W06000006,2021-01-01,5.8
W06000006,2021-02-01,6.0
W06000006,2021-03-01,5.9
W06000006,2021-04-01,5.8
W06000006,2021-05-01,5.4
W06000006,2021-06-01,5.0
W06000006,2021-07-01,4.9
W06000006,2021-08-01,4.6
W06000006,2021-09-01,4.5
W06000006,2021-10-01,4.3
W06000006,2021-11-01,4.1
W06000006,2021-12-01,4.0
W06000006,2022-01-01,3.9
W06000006,2022-02-01,3.8
W06000006,2022-03-01,3.6
W06000006,2022-04-01,3.3
W06000006,2022-05-01,3.2
W06000006,2022-06-01,3.1
W06000006,2022-07-01,3.0
W06000006,2022-08-01,3.1
W06000006,2022-09-01,3.0
W06000006,2022-10-01,2.8
W06000006,2022-11-01,2.9
W06000006,2022-12-01,2.9
W06000006,2023-01-01,3.0
W06000006,2023-02-01,3.0
W06000006,2023-03-01,3.1
W06000006,2023-04-01,3.1
W06000006,2023-05-01,3.0
W06000006,2023-06-01,2.9
W06000006,2023-07-01,2.9
W06000006,2023-08-01,2.9
W06000006,2023-09-01,2.9
W06000006,2023-10-01,2.8
W06000006,2023-11-01,3.0
W06000006,2023-12-01,2.9
W06000006,2024-01-01,3.0
W06000006,2024-02-01,3.1
W06000006,2024-03-01,3.0
W06000006,2024-04-01,3.0
W06000006,2024-05-01,3.0
W06000006,2024-06-01,3.0
W06000006,2024-07-01,3.3
W06000006,2024-08-01,3.3
W06000006,2024-09-01,3.3
W06000006,2024-10-01,3.2
W06000006,2024-11-01,3.1
W06000006,2024-12-01,2.9
W06000006,2025-01-01,3.0
W06000006,2025-02-01,3.1
W06000006,2025-03-01,3.0
W06000006,2025-04-01,3.0
W06000006,2025-05-01,2.9
W06000006,2025-06-01,2.9
W06000006,2025-07-01,2.9
W06000006,2025-08-01,2.9
W06000006,2025-09-01,2.9
W06000006,2025-10-01,2.9
W06000006,2025-11-01,2.9
W06000006,2025-12-01,2.8
W06000006,2026-01-01,2.8
W06000006,2026-02-01,3.0
W06000008,2018-01-01,1.3
W06000008,2018-02-01,1.3
W06000008,2018-03-01,1.2
W06000008,2018-04-01,1.1
W06000008,2018-05-01,1
W06000008,2018-06-01,1.0
W06000008,2018-07-01,1.0
W06000008,2018-08-01,1.0
W06000008,2018-09-01,1.0
W06000008,2018-10-01,0.9
W06000008,2018-11-01,1.0
W06000008,2018-12-01,1.1
W06000008,2019-01-01,1.2
W06000008,2019-02-01,1.3
W06000008,2019-03-01,1.4
W06000008,2019-04-01,1.5
W06000008,2019-05-01,1.5
W06000008,2019-06-01,1.6
W06000008,2019-07-01,1.6
W06000008,2019-08-01,1.7
W06000008,2019-09-01,1.7
W06000008,2019-10-01,1.8
W06000008,2019-11-01,1.9
W06000008,2019-12-01,1.9
W06000008,2020-01-01,1.9
W06000008,2020-02-01,2.0
W06000008,2020-03-01,1.9
W06000008,2020-04-01,4.0
W06000008,2020-05-01,4.7
W06000008,2020-06-01,4.4
W06000008,2020-07-01,4.7
W06000008,2020-08-01,4.7
W06000008,2020-09-01,4.5
W06000008,2020-10-01,4.2
W06000008,2020-11-01,4.3
W06000008,2020-12-01,4.4
W06000008,2021-01-01,4.4
W06000008,2021-02-01,4.5
W06000008,2021-03-01,4.6
W06000008,2021-04-01,4.4
W06000008,2021-05-01,4.1
W06000008,2021-06-01,3.8
W06000008,2021-07-01,3.5
W06000008,2021-08-01,3.4
W06000008,2021-09-01,3.2
W06000008,2021-10-01,3.1
W06000008,2021-11-01,3.1
W06000008,2021-12-01,3.1
W06000008,2022-01-01,3.2
W06000008,2022-02-01,3.2
W06000008,2022-03-01,3.1
W06000008,2022-04-01,2.8
W06000008,2022-05-01,2.6
W06000008,2022-06-01,2.5
W06000008,2022-07-01,2.5
W06000008,2022-08-01,2.6
W06000008,2022-09-01,2.6
W06000008,2022-10-01,2.5
W06000008,2022-11-01,2.6
W06000008,2022-12-01,2.8
W06000008,2023-01-01,2.7
W06000008,2023-02-01,2.7
W06000008,2023-03-01,2.7
W06000008,2023-04-01,2.7
W06000008,2023-05-01,2.3
W06000008,2023-06-01,2.3
W06000008,2023-07-01,2.2
W06000008,2023-08-01,2.2
W06000008,2023-09-01,2.2
W06000008,2023-10-01,2.2
W06000008,2023-11-01,2.4
W06000008,2023-12-01,2.6
W06000008,2024-01-01,2.7
W06000008,2024-02-01,2.8
W06000008,2024-03-01,2.8
W06000008,2024-04-01,2.8
W06000008,2024-05-01,2.7
W06000008,2024-06-01,2.8
W06000008,2024-07-01,2.9
W06000008,2024-08-01,2.9
W06000008,2024-09-01,2.9
W06000008,2024-10-01,2.8
W06000008,2024-11-01,2.9
W06000008,2024-12-01,2.8
W06000008,2025-01-01,2.8
W06000008,2025-02-01,2.8
W06000008,2025-03-01,2.8
W06000008,2025-04-01,2.6
W06000008,2025-05-01,2.6
W06000008,2025-06-01,2.5
W06000008,2025-07-01,2.5
W06000008,2025-08-01,2.4
W06000008,2025-09-01,2.3
W06000008,2025-10-01,2.3
W06000008,2025-11-01,2.4
W06000008,2025-12-01,2.5
W06000008,2026-01-01,2.6
W06000008,2026-02-01,2.7
W06000009,2018-01-01,2.3
W06000009,2018-02-01,2.3
W06000009,2018-03-01,2.2
W06000009,2018-04-01,2.2
W06000009,2018-05-01,2.1
W06000009,2018-06-01,2.1
W06000009,2018-07-01,2.0
W06000009,2018-08-01,1.9
W06000009,2018-09-01,1.9
W06000009,2018-10-01,1.9
W06000009,2018-11-01,2.0
W06000009,2018-12-01,2.4
W06000009,2019-01-01,2.6
W06000009,2019-02-01,2.7
W06000009,2019-03-01,2.8
W06000009,2019-04-01,2.8
W06000009,2019-05-01,2.7
W06000009,2019-06-01,2.7
W06000009,2019-07-01,2.7
W06000009,2019-08-01,2.7
W06000009,2019-09-01,2.8
W06000009,2019-10-01,2.8
W06000009,2019-11-01,2.9
W06000009,2019-12-01,3.0
W06000009,2020-01-01,3.1
W06000009,2020-02-01,3.2
W06000009,2020-03-01,3.2
W06000009,2020-04-01,6.0
W06000009,2020-05-01,6.4
W06000009,2020-06-01,6.2
W06000009,2020-07-01,6.4
W06000009,2020-08-01,6.5
W06000009,2020-09-01,6.1
W06000009,2020-10-01,5.7
W06000009,2020-11-01,5.6
W06000009,2020-12-01,5.7
W06000009,2021-01-01,5.6
W06000009,2021-02-01,5.9
W06000009,2021-03-01,5.7
W06000009,2021-04-01,5.6
W06000009,2021-05-01,5.1
W06000009,2021-06-01,4.7
W06000009,2021-07-01,4.5
W06000009,2021-08-01,4.3
W06000009,2021-09-01,4.1
W06000009,2021-10-01,4.0
W06000009,2021-11-01,4.0
W06000009,2021-12-01,4.0
W06000009,2022-01-01,4.1
W06000009,2022-02-01,4.1
W06000009,2022-03-01,3.9
W06000009,2022-04-01,3.4
W06000009,2022-05-01,3.2
W06000009,2022-06-01,3.1
W06000009,2022-07-01,3.0
W06000009,2022-08-01,3.0
W06000009,2022-09-01,3.0
W06000009,2022-10-01,3.1
W06000009,2022-11-01,3.2
W06000009,2022-12-01,3.3
W06000009,2023-01-01,3.3
W06000009,2023-02-01,3.4
W06000009,2023-03-01,3.4
W06000009,2023-04-01,3.3
W06000009,2023-05-01,3.1
W06000009,2023-06-01,3.0
W06000009,2023-07-01,3.0
W06000009,2023-08-01,2.9
W06000009,2023-09-01,2.8
W06000009,2023-10-01,2.9
W06000009,2023-11-01,3.1
W06000009,2023-12-01,3.2
W06000009,2024-01-01,3.2
W06000009,2024-02-01,3.3
W06000009,2024-03-01,3.3
W06000009,2024-04-01,3.2
W06000009,2024-05-01,3.2
W06000009,2024-06-01,3.3
W06000009,2024-07-01,3.4
W06000009,2024-08-01,3.5
W06000009,2024-09-01,3.4
W06000009,2024-10-01,3.3
W06000009,2024-11-01,3.4
W06000009,2024-12-01,3.4
W06000009,2025-01-01,3.5
W06000009,2025-02-01,3.5
W06000009,2025-03-01,3.4
W06000009,2025-04-01,3.3
W06000009,2025-05-01,3.2
W06000009,2025-06-01,3.2
W06000009,2025-07-01,3.2
W06000009,2025-08-01,3.2
W06000009,2025-09-01,3.1
W06000009,2025-10-01,3.2
W06000009,2025-11-01,3.3
W06000009,2025-12-01,3.4
W06000009,2026-01-01,3.4
W06000009,2026-02-01,3.6
W06000010,2018-01-01,1.7
W06000010,2018-02-01,1.9
W06000010,2018-03-01,2.0
W06000010,2018-04-01,2.0
W06000010,2018-05-01,2
W06000010,2018-06-01,2.0
W06000010,2018-07-01,1.9
W06000010,2018-08-01,1.9
W06000010,2018-09-01,1.8
W06000010,2018-10-01,1.8
W06000010,2018-11-01,1.8
W06000010,2018-12-01,1.8
W06000010,2019-01-01,1.9
W06000010,2019-02-01,2.0
W06000010,2019-03-01,2.1
W06000010,2019-04-01,2.2
W06000010,2019-05-01,2.3
W06000010,2019-06-01,2.5
W06000010,2019-07-01,2.5
W06000010,2019-08-01,2.6
W06000010,2019-09-01,2.7
W06000010,2019-10-01,2.7
W06000010,2019-11-01,2.8
W06000010,2019-12-01,2.8
W06000010,2020-01-01,2.8
W06000010,2020-02-01,2.8
W06000010,2020-03-01,2.8
W06000010,2020-04-01,5.0
W06000010,2020-05-01,5.6
W06000010,2020-06-01,5.4
W06000010,2020-07-01,5.6
W06000010,2020-08-01,5.7
W06000010,2020-09-01,5.5
W06000010,2020-10-01,5.3
W06000010,2020-11-01,5.3
W06000010,2020-12-01,5.1
W06000010,2021-01-01,5.0
W06000010,2021-02-01,5.3
W06000010,2021-03-01,5.2
W06000010,2021-04-01,5.1
W06000010,2021-05-01,4.7
W06000010,2021-06-01,4.4
W06000010,2021-07-01,4.3
W06000010,2021-08-01,4.2
W06000010,2021-09-01,4.0
W06000010,2021-10-01,3.8
W06000010,2021-11-01,3.6
W06000010,2021-12-01,3.4
W06000010,2022-01-01,3.4
W06000010,2022-02-01,3.4
W06000010,2022-03-01,3.2
W06000010,2022-04-01,3.0
W06000010,2022-05-01,3.0
W06000010,2022-06-01,2.9
W06000010,2022-07-01,2.8
W06000010,2022-08-01,2.9
W06000010,2022-09-01,2.9
W06000010,2022-10-01,2.8
W06000010,2022-11-01,2.8
W06000010,2022-12-01,2.8
W06000010,2023-01-01,2.8
W06000010,2023-02-01,2.8
W06000010,2023-03-01,2.8
W06000010,2023-04-01,2.8
W06000010,2023-05-01,2.8
W06000010,2023-06-01,2.7
W06000010,2023-07-01,2.7
W06000010,2023-08-01,2.7
W06000010,2023-09-01,2.7
W06000010,2023-10-01,2.7
W06000010,2023-11-01,2.7
W06000010,2023-12-01,2.8
W06000010,2024-01-01,2.8
W06000010,2024-02-01,2.9
W06000010,2024-03-01,3.0
W06000010,2024-04-01,3.0
W06000010,2024-05-01,3.0
W06000010,2024-06-01,3.0
W06000010,2024-07-01,3.2
W06000010,2024-08-01,3.3
W06000010,2024-09-01,3.3
W06000010,2024-10-01,3.2
W06000010,2024-11-01,3.2
W06000010,2024-12-01,3.1
W06000010,2025-01-01,3.1
W06000010,2025-02-01,3.0
W06000010,2025-03-01,2.9
W06000010,2025-04-01,2.9
W06000010,2025-05-01,2.8
W06000010,2025-06-01,2.9
W06000010,2025-07-01,2.8
W06000010,2025-08-01,2.8
W06000010,2025-09-01,2.8
W06000010,2025-10-01,2.9
W06000010,2025-11-01,2.8
W06000010,2025-12-01,2.8
W06000010,2026-01-01,2.8
W06000010,2026-02-01,2.9
W06000011,2018-01-01,2.1
W06000011,2018-02-01,2.4
W06000011,2018-03-01,2.7
W06000011,2018-04-01,2.9
W06000011,2018-05-01,3
W06000011,2018-06-01,3.1
W06000011,2018-07-01,3.1
W06000011,2018-08-01,3.2
W06000011,2018-09-01,3.3
W06000011,2018-10-01,3.3
W06000011,2018-11-01,3.2
W06000011,2018-12-01,3.2
W06000011,2019-01-01,3.3
W06000011,2019-02-01,3.5
W06000011,2019-03-01,3.5
W06000011,2019-04-01,3.5
W06000011,2019-05-01,3.5
W06000011,2019-06-01,3.5
W06000011,2019-07-01,3.5
W06000011,2019-08-01,3.6
W06000011,2019-09-01,3.6
W06000011,2019-10-01,3.5
W06000011,2019-11-01,3.5
W06000011,2019-12-01,3.5
W06000011,2020-01-01,3.5
W06000011,2020-02-01,3.6
W06000011,2020-03-01,3.6
W06000011,2020-04-01,5.6
W06000011,2020-05-01,6.2
W06000011,2020-06-01,6.0
W06000011,2020-07-01,6.2
W06000011,2020-08-01,6.3
W06000011,2020-09-01,6.2
W06000011,2020-10-01,5.8
W06000011,2020-11-01,5.9
W06000011,2020-12-01,5.8
W06000011,2021-01-01,5.7
W06000011,2021-02-01,5.9
W06000011,2021-03-01,6.0
W06000011,2021-04-01,5.9
W06000011,2021-05-01,5.6
W06000011,2021-06-01,5.2
W06000011,2021-07-01,5.1
W06000011,2021-08-01,4.9
W06000011,2021-09-01,4.7
W06000011,2021-10-01,4.5
W06000011,2021-11-01,4.4
W06000011,2021-12-01,4.2
W06000011,2022-01-01,4.0
W06000011,2022-02-01,4.0
W06000011,2022-03-01,3.9
W06000011,2022-04-01,3.7
W06000011,2022-05-01,3.6
W06000011,2022-06-01,3.6
W06000011,2022-07-01,3.5
W06000011,2022-08-01,3.5
W06000011,2022-09-01,3.5
W06000011,2022-10-01,3.4
W06000011,2022-11-01,3.5
W06000011,2022-12-01,3.5
W06000011,2023-01-01,3.3
W06000011,2023-02-01,3.4
W06000011,2023-03-01,3.5
W06000011,2023-04-01,3.5
W06000011,2023-05-01,3.4
W06000011,2023-06-01,3.3
W06000011,2023-07-01,3.3
W06000011,2023-08-01,3.3
W06000011,2023-09-01,3.2
W06000011,2023-10-01,3.2
W06000011,2023-11-01,3.2
W06000011,2023-12-01,3.2
W06000011,2024-01-01,3.2
W06000011,2024-02-01,3.3
W06000011,2024-03-01,3.4
W06000011,2024-04-01,3.3
W06000011,2024-05-01,3.3
W06000011,2024-06-01,3.3
W06000011,2024-07-01,3.6
W06000011,2024-08-01,3.6
W06000011,2024-09-01,3.6
W06000011,2024-10-01,3.4
W06000011,2024-11-01,3.4
W06000011,2024-12-01,3.3
W06000011,2025-01-01,3.2
W06000011,2025-02-01,3.3
W06000011,2025-03-01,3.3
W06000011,2025-04-01,3.3
W06000011,2025-05-01,3.3
W06000011,2025-06-01,3.3
W06000011,2025-07-01,3.2
W06000011,2025-08-01,3.3
W06000011,2025-09-01,3.2
W06000011,2025-10-01,3.2
W06000011,2025-11-01,3.2
W06000011,2025-12-01,3.1
W06000011,2026-01-01,3.1
W06000011,2026-02-01,3.3
W06000012,2018-01-01,2.5
W06000012,2018-02-01,2.9
W06000012,2018-03-01,3.0
W06000012,2018-04-01,3.4
W06000012,2018-05-01,3.3
W06000012,2018-06-01,3.2
W06000012,2018-07-01,3.2
W06000012,2018-08-01,3.3
W06000012,2018-09-01,3.3
W06000012,2018-10-01,3.3
W06000012,2018-11-01,3.3
W06000012,2018-12-01,3.2
W06000012,2019-01-01,3.3
W06000012,2019-02-01,3.5
W06000012,2019-03-01,3.5
W06000012,2019-04-01,3.5
W06000012,2019-05-01,3.5
W06000012,2019-06-01,3.5
W06000012,2019-07-01,3.4
W06000012,2019-08-01,3.5
W06000012,2019-09-01,3.5
W06000012,2019-10-01,3.4
W06000012,2019-11-01,3.5
W06000012,2019-12-01,3.5
W06000012,2020-01-01,3.4
W06000012,2020-02-01,3.4
W06000012,2020-03-01,3.5
W06000012,2020-04-01,5.7
W06000012,2020-05-01,6.2
W06000012,2020-06-01,6.0
W06000012,2020-07-01,6.1
W06000012,2020-08-01,6.2
W06000012,2020-09-01,6.0
W06000012,2020-10-01,5.8
W06000012,2020-11-01,5.7
W06000012,2020-12-01,5.6
W06000012,2021-01-01,5.4
W06000012,2021-02-01,5.6
W06000012,2021-03-01,5.5
W06000012,2021-04-01,5.5
W06000012,2021-05-01,5.2
W06000012,2021-06-01,4.7
W06000012,2021-07-01,4.7
W06000012,2021-08-01,4.5
W06000012,2021-09-01,4.3
W06000012,2021-10-01,4.2
W06000012,2021-11-01,4.0
W06000012,2021-12-01,3.8
W06000012,2022-01-01,3.7
W06000012,2022-02-01,3.7
W06000012,2022-03-01,3.6
W06000012,2022-04-01,3.4
W06000012,2022-05-01,3.3
W06000012,2022-06-01,3.2
W06000012,2022-07-01,3.1
W06000012,2022-08-01,3.1
W06000012,2022-09-01,3.2
W06000012,2022-10-01,3.0
W06000012,2022-11-01,3.1
W06000012,2022-12-01,3.1
W06000012,2023-01-01,3.0
W06000012,2023-02-01,3.0
W06000012,2023-03-01,3.2
W06000012,2023-04-01,3.3
W06000012,2023-05-01,3.1
W06000012,2023-06-01,3.1
W06000012,2023-07-01,3.1
W06000012,2023-08-01,3.0
W06000012,2023-09-01,3.0
W06000012,2023-10-01,2.9
W06000012,2023-11-01,3.0
W06000012,2023-12-01,2.9
W06000012,2024-01-01,2.9
W06000012,2024-02-01,3.0
W06000012,2024-03-01,3.0
W06000012,2024-04-01,3.0
W06000012,2024-05-01,3.0
W06000012,2024-06-01,3.1
W06000012,2024-07-01,3.2
W06000012,2024-08-01,3.3
W06000012,2024-09-01,3.2
W06000012,2024-10-01,3.2
W06000012,2024-11-01,3.3
W06000012,2024-12-01,3.2
W06000012,2025-01-01,3.3
W06000012,2025-02-01,3.4
W06000012,2025-03-01,3.3
W06000012,2025-04-01,3.2
W06000012,2025-05-01,3.2
W06000012,2025-06-01,3.2
W06000012,2025-07-01,3.2
W06000012,2025-08-01,3.1
W06000012,2025-09-01,3.1
W06000012,2025-10-01,3.0
W06000012,2025-11-01,3.0
W06000012,2025-12-01,3.0
W06000012,2026-01-01,3.0
W06000012,2026-02-01,3.2
W06000013,2018-01-01,2.0
W06000013,2018-02-01,2.1
W06000013,2018-03-01,2.1
W06000013,2018-04-01,2.1
W06000013,2018-05-01,2
W06000013,2018-06-01,2.0
W06000013,2018-07-01,2.1
W06000013,2018-08-01,2.1
W06000013,2018-09-01,2.2
W06000013,2018-10-01,2.2
W06000013,2018-11-01,2.4
W06000013,2018-12-01,2.4
W06000013,2019-01-01,2.6
W06000013,2019-02-01,2.7
W06000013,2019-03-01,2.7
W06000013,2019-04-01,2.7
W06000013,2019-05-01,2.7
W06000013,2019-06-01,2.8
W06000013,2019-07-01,2.7
W06000013,2019-08-01,2.8
W06000013,2019-09-01,2.9
W06000013,2019-10-01,2.9
W06000013,2019-11-01,2.9
W06000013,2019-12-01,2.9
W06000013,2020-01-01,2.9
W06000013,2020-02-01,3.0
W06000013,2020-03-01,3.0
W06000013,2020-04-01,5.2
W06000013,2020-05-01,5.9
W06000013,2020-06-01,5.7
W06000013,2020-07-01,5.8
W06000013,2020-08-01,5.9
W06000013,2020-09-01,5.9
W06000013,2020-10-01,5.6
W06000013,2020-11-01,5.7
W06000013,2020-12-01,5.6
W06000013,2021-01-01,5.4
W06000013,2021-02-01,5.7
W06000013,2021-03-01,5.5
W06000013,2021-04-01,5.4
W06000013,2021-05-01,5.0
W06000013,2021-06-01,4.6
W06000013,2021-07-01,4.5
W06000013,2021-08-01,4.3
W06000013,2021-09-01,4.1
W06000013,2021-10-01,4.0
W06000013,2021-11-01,3.9
W06000013,2021-12-01,3.7
W06000013,2022-01-01,3.7
W06000013,2022-02-01,3.7
W06000013,2022-03-01,3.6
W06000013,2022-04-01,3.3
W06000013,2022-05-01,3.2
W06000013,2022-06-01,3.2
W06000013,2022-07-01,3.1
W06000013,2022-08-01,3.1
W06000013,2022-09-01,3.0
W06000013,2022-10-01,2.9
W06000013,2022-11-01,2.9
W06000013,2022-12-01,2.9
W06000013,2023-01-01,2.9
W06000013,2023-02-01,2.9
W06000013,2023-03-01,3.0
W06000013,2023-04-01,3.0
W06000013,2023-05-01,2.8
W06000013,2023-06-01,2.9
W06000013,2023-07-01,2.8
W06000013,2023-08-01,2.8
W06000013,2023-09-01,2.7
W06000013,2023-10-01,2.7
W06000013,2023-11-01,2.8
W06000013,2023-12-01,2.7
W06000013,2024-01-01,2.7
W06000013,2024-02-01,2.8
W06000013,2024-03-01,2.8
W06000013,2024-04-01,2.7
W06000013,2024-05-01,2.8
W06000013,2024-06-01,2.9
W06000013,2024-07-01,3.1
W06000013,2024-08-01,3.1
W06000013,2024-09-01,3.1
W06000013,2024-10-01,3.0
W06000013,2024-11-01,2.9
W06000013,2024-12-01,2.9
W06000013,2025-01-01,2.8
W06000013,2025-02-01,2.9
W06000013,2025-03-01,2.9
W06000013,2025-04-01,2.8
W06000013,2025-05-01,2.8
W06000013,2025-06-01,2.8
W06000013,2025-07-01,2.8
W06000013,2025-08-01,2.8
W06000013,2025-09-01,2.8
W06000013,2025-10-01,2.9
W06000013,2025-11-01,2.9
W06000013,2025-12-01,2.8
W06000013,2026-01-01,2.8
W06000013,2026-02-01,3.1
W06000014,2018-01-01,1.7
W06000014,2018-02-01,1.7
W06000014,2018-03-01,1.8
W06000014,2018-04-01,1.7
W06000014,2018-05-01,1.6
W06000014,2018-06-01,1.5
W06000014,2018-07-01,1.5
W06000014,2018-08-01,1.5
W06000014,2018-09-01,1.4
W06000014,2018-10-01,1.4
W06000014,2018-11-01,1.4
W06000014,2018-12-01,1.6
W06000014,2019-01-01,1.8
W06000014,2019-02-01,2.0
W06000014,2019-03-01,2.0
W06000014,2019-04-01,2.1
W06000014,2019-05-01,2.1
W06000014,2019-06-01,2.2
W06000014,2019-07-01,2.3
W06000014,2019-08-01,2.4
W06000014,2019-09-01,2.5
W06000014,2019-10-01,2.6
W06000014,2019-11-01,2.7
W06000014,2019-12-01,2.6
W06000014,2020-01-01,2.6
W06000014,2020-02-01,2.7
W06000014,2020-03-01,2.7
W06000014,2020-04-01,4.9
W06000014,2020-05-01,5.6
W06000014,2020-06-01,5.4
W06000014,2020-07-01,5.6
W06000014,2020-08-01,5.7
W06000014,2020-09-01,5.6
W06000014,2020-10-01,5.4
W06000014,2020-11-01,5.4
W06000014,2020-12-01,5.4
W06000014,2021-01-01,5.2
W06000014,2021-02-01,5.4
W06000014,2021-03-01,5.4
W06000014,2021-04-01,5.3
W06000014,2021-05-01,4.9
W06000014,2021-06-01,4.6
W06000014,2021-07-01,4.4
W06000014,2021-08-01,4.2
W06000014,2021-09-01,3.9
W06000014,2021-10-01,3.7
W06000014,2021-11-01,3.6
W06000014,2021-12-01,3.5
W06000014,2022-01-01,3.4
W06000014,2022-02-01,3.4
W06000014,2022-03-01,3.3
W06000014,2022-04-01,3.2
W06000014,2022-05-01,3.1
W06000014,2022-06-01,3.1
W06000014,2022-07-01,3.0
W06000014,2022-08-01,3.0
W06000014,2022-09-01,3.0
W06000014,2022-10-01,2.9
W06000014,2022-11-01,2.9
W06000014,2022-12-01,2.9
W06000014,2023-01-01,2.8
W06000014,2023-02-01,2.9
W06000014,2023-03-01,3.0
W06000014,2023-04-01,3.0
W06000014,2023-05-01,2.9
W06000014,2023-06-01,2.8
W06000014,2023-07-01,2.8
W06000014,2023-08-01,2.8
W06000014,2023-09-01,2.8
W06000014,2023-10-01,2.8
W06000014,2023-11-01,2.8
W06000014,2023-12-01,2.9
W06000014,2024-01-01,2.9
W06000014,2024-02-01,2.9
W06000014,2024-03-01,2.9
W06000014,2024-04-01,3.0
W06000014,2024-05-01,3.1
W06000014,2024-06-01,3.1
W06000014,2024-07-01,3.4
W06000014,2024-08-01,3.3
W06000014,2024-09-01,3.4
W06000014,2024-10-01,3.2
W06000014,2024-11-01,3.2
W06000014,2024-12-01,3.1
W06000014,2025-01-01,3.2
W06000014,2025-02-01,3.2
W06000014,2025-03-01,3.1
W06000014,2025-04-01,3.1
W06000014,2025-05-01,3.0
W06000014,2025-06-01,3.1
W06000014,2025-07-01,3.1
W06000014,2025-08-01,3.1
W06000014,2025-09-01,3.2
W06000014,2025-10-01,3.2
W06000014,2025-11-01,3.2
W06000014,2025-12-01,3.2
W06000014,2026-01-01,3.2
W06000014,2026-02-01,3.3
W06000015,2018-01-01,2.1
W06000015,2018-02-01,2.2
W06000015,2018-03-01,2.1
W06000015,2018-04-01,2.2
W06000015,2018-05-01,2.2
W06000015,2018-06-01,2.4
W06000015,2018-07-01,2.5
W06000015,2018-08-01,2.6
W06000015,2018-09-01,2.7
W06000015,2018-10-01,2.6
W06000015,2018-11-01,2.7
W06000015,2018-12-01,2.8
W06000015,2019-01-01,2.8
W06000015,2019-02-01,3.0
W06000015,2019-03-01,3.1
W06000015,2019-04-01,3.0
W06000015,2019-05-01,3.0
W06000015,2019-06-01,3.1
W06000015,2019-07-01,3.1
W06000015,2019-08-01,3.2
W06000015,2019-09-01,3.3
W06000015,2019-10-01,3.3
W06000015,2019-11-01,3.4
W06000015,2019-12-01,3.4
W06000015,2020-01-01,3.3
W06000015,2020-02-01,3.4
W06000015,2020-03-01,3.4
W06000015,2020-04-01,5.6
W06000015,2020-05-01,6.5
W06000015,2020-06-01,6.4
W06000015,2020-07-01,6.6
W06000015,2020-08-01,6.7
W06000015,2020-09-01,6.6
W06000015,2020-10-01,6.5
W06000015,2020-11-01,6.6
W06000015,2020-12-01,6.6
W06000015,2021-01-01,6.4
W06000015,2021-02-01,6.7
W06000015,2021-03-01,6.7
W06000015,2021-04-01,6.6
W06000015,2021-05-01,6.2
W06000015,2021-06-01,5.8
W06000015,2021-07-01,5.6
W06000015,2021-08-01,5.3
W06000015,2021-09-01,5.0
W06000015,2021-10-01,4.8
W06000015,2021-11-01,4.7
W06000015,2021-12-01,4.5
W06000015,2022-01-01,4.3
W06000015,2022-02-01,4.3
W06000015,2022-03-01,4.2
W06000015,2022-04-01,3.9
W06000015,2022-05-01,3.8
W06000015,2022-06-01,3.7
W06000015,2022-07-01,3.7
W06000015,2022-08-01,3.8
W06000015,2022-09-01,3.8
W06000015,2022-10-01,3.7
W06000015,2022-11-01,3.7
W06000015,2022-12-01,3.7
W06000015,2023-01-01,3.5
W06000015,2023-02-01,3.5
W06000015,2023-03-01,3.6
W06000015,2023-04-01,3.6
W06000015,2023-05-01,3.6
W06000015,2023-06-01,3.6
W06000015,2023-07-01,3.6
W06000015,2023-08-01,3.6
W06000015,2023-09-01,3.5
W06000015,2023-10-01,3.5
W06000015,2023-11-01,3.6
W06000015,2023-12-01,3.6
W06000015,2024-01-01,3.5
W06000015,2024-02-01,3.7
W06000015,2024-03-01,3.8
W06000015,2024-04-01,3.7
W06000015,2024-05-01,3.8
W06000015,2024-06-01,3.8
W06000015,2024-07-01,4.2
W06000015,2024-08-01,4.1
W06000015,2024-09-01,4.0
W06000015,2024-10-01,3.9
W06000015,2024-11-01,3.9
W06000015,2024-12-01,3.9
W06000015,2025-01-01,3.9
W06000015,2025-02-01,4.0
W06000015,2025-03-01,3.9
W06000015,2025-04-01,3.9
W06000015,2025-05-01,3.9
W06000015,2025-06-01,3.8
W06000015,2025-07-01,3.7
W06000015,2025-08-01,3.7
W06000015,2025-09-01,3.7
W06000015,2025-10-01,3.7
W06000015,2025-11-01,3.7
W06000015,2025-12-01,3.6
W06000015,2026-01-01,3.6
W06000015,2026-02-01,3.9
W06000016,2018-01-01,2.1
W06000016,2018-02-01,2.3
W06000016,2018-03-01,2.3
W06000016,2018-04-01,2.3
W06000016,2018-05-01,2.2
W06000016,2018-06-01,2.2
W06000016,2018-07-01,2.1
W06000016,2018-08-01,2.1
W06000016,2018-09-01,2.1
W06000016,2018-10-01,2.1
W06000016,2018-11-01,2.0
W06000016,2018-12-01,2.0
W06000016,2019-01-01,2.2
W06000016,2019-02-01,2.5
W06000016,2019-03-01,2.7
W06000016,2019-04-01,2.7
W06000016,2019-05-01,2.8
W06000016,2019-06-01,2.9
W06000016,2019-07-01,3.0
W06000016,2019-08-01,3.1
W06000016,2019-09-01,3.1
W06000016,2019-10-01,3.1
W06000016,2019-11-01,3.2
W06000016,2019-12-01,3.2
W06000016,2020-01-01,3.2
W06000016,2020-02-01,3.3
W06000016,2020-03-01,3.3
W06000016,2020-04-01,6.0
W06000016,2020-05-01,6.8
W06000016,2020-06-01,6.5
W06000016,2020-07-01,6.6
W06000016,2020-08-01,6.7
W06000016,2020-09-01,6.5
W06000016,2020-10-01,6.2
W06000016,2020-11-01,6.2
W06000016,2020-12-01,6.1
W06000016,2021-01-01,5.9
W06000016,2021-02-01,6.2
W06000016,2021-03-01,6.1
W06000016,2021-04-01,5.9
W06000016,2021-05-01,5.5
W06000016,2021-06-01,5.1
W06000016,2021-07-01,4.9
W06000016,2021-08-01,4.8
W06000016,2021-09-01,4.6
W06000016,2021-10-01,4.4
W06000016,2021-11-01,4.2
W06000016,2021-12-01,4.0
W06000016,2022-01-01,4.0
W06000016,2022-02-01,3.9
W06000016,2022-03-01,3.8
W06000016,2022-04-01,3.6
W06000016,2022-05-01,3.5
W06000016,2022-06-01,3.4
W06000016,2022-07-01,3.3
W06000016,2022-08-01,3.2
W06000016,2022-09-01,3.2
W06000016,2022-10-01,3.1
W06000016,2022-11-01,3.1
W06000016,2022-12-01,3.2
W06000016,2023-01-01,3.0
W06000016,2023-02-01,3.1
W06000016,2023-03-01,3.2
W06000016,2023-04-01,3.2
W06000016,2023-05-01,3.1
W06000016,2023-06-01,3.1
W06000016,2023-07-01,3.0
W06000016,2023-08-01,3.0
W06000016,2023-09-01,3.0
W06000016,2023-10-01,3.1
W06000016,2023-11-01,3.2
W06000016,2023-12-01,3.2
W06000016,2024-01-01,3.0
W06000016,2024-02-01,3.1
W06000016,2024-03-01,3.1
W06000016,2024-04-01,3.0
W06000016,2024-05-01,3.0
W06000016,2024-06-01,3.0
W06000016,2024-07-01,3.2
W06000016,2024-08-01,3.2
W06000016,2024-09-01,3.3
W06000016,2024-10-01,3.2
W06000016,2024-11-01,3.2
W06000016,2024-12-01,3.1
W06000016,2025-01-01,3.1
W06000016,2025-02-01,3.2
W06000016,2025-03-01,3.1
W06000016,2025-04-01,3.1
W06000016,2025-05-01,3.1
W06000016,2025-06-01,3.1
W06000016,2025-07-01,3.1
W06000016,2025-08-01,3.1
W06000016,2025-09-01,3.0
W06000016,2025-10-01,3.0
W06000016,2025-11-01,3.0
W06000016,2025-12-01,3.0
W06000016,2026-01-01,3.0
W06000016,2026-02-01,3.2
W06000018,2018-01-01,2.6
W06000018,2018-02-01,2.7
W06000018,2018-03-01,2.7
W06000018,2018-04-01,2.7
W06000018,2018-05-01,2.6
W06000018,2018-06-01,2.5
W06000018,2018-07-01,2.5
W06000018,2018-08-01,2.5
W06000018,2018-09-01,2.2
W06000018,2018-10-01,2.2
W06000018,2018-11-01,2.3
W06000018,2018-12-01,2.6
W06000018,2019-01-01,2.8
W06000018,2019-02-01,3.0
W06000018,2019-03-01,3.1
W06000018,2019-04-01,3.1
W06000018,2019-05-01,3.2
W06000018,2019-06-01,3.2
W06000018,2019-07-01,3.3
W06000018,2019-08-01,3.3
W06000018,2019-09-01,3.3
W06000018,2019-10-01,3.3
W06000018,2019-11-01,3.3
W06000018,2019-12-01,3.3
W06000018,2020-01-01,3.2
W06000018,2020-02-01,3.4
W06000018,2020-03-01,3.3
W06000018,2020-04-01,5.7
W06000018,2020-05-01,6.4
W06000018,2020-06-01,6.3
W06000018,2020-07-01,6.4
W06000018,2020-08-01,6.4
W06000018,2020-09-01,6.3
W06000018,2020-10-01,6.0
W06000018,2020-11-01,6.1
W06000018,2020-12-01,6.0
W06000018,2021-01-01,5.9
W06000018,2021-02-01,6.2
W06000018,2021-03-01,6.1
W06000018,2021-04-01,5.9
W06000018,2021-05-01,5.7
W06000018,2021-06-01,5.3
W06000018,2021-07-01,5.2
W06000018,2021-08-01,5.0
W06000018,2021-09-01,4.8
W06000018,2021-10-01,4.6
W06000018,2021-11-01,4.5
W06000018,2021-12-01,4.3
W06000018,2022-01-01,4.3
W06000018,2022-02-01,4.2
W06000018,2022-03-01,4.1
W06000018,2022-04-01,3.7
W06000018,2022-05-01,3.6
W06000018,2022-06-01,3.6
W06000018,2022-07-01,3.6
W06000018,2022-08-01,3.6
W06000018,2022-09-01,3.5
W06000018,2022-10-01,3.4
W06000018,2022-11-01,3.4
W06000018,2022-12-01,3.4
W06000018,2023-01-01,3.4
W06000018,2023-02-01,3.5
W06000018,2023-03-01,3.5
W06000018,2023-04-01,3.5
W06000018,2023-05-01,3.4
W06000018,2023-06-01,3.4
W06000018,2023-07-01,3.4
W06000018,2023-08-01,3.4
W06000018,2023-09-01,3.3
W06000018,2023-10-01,3.3
W06000018,2023-11-01,3.3
W06000018,2023-12-01,3.3
W06000018,2024-01-01,3.2
W06000018,2024-02-01,3.3
W06000018,2024-03-01,3.3
W06000018,2024-04-01,3.3
W06000018,2024-05-01,3.3
W06000018,2024-06-01,3.3
W06000018,2024-07-01,3.5
W06000018,2024-08-01,3.5
W06000018,2024-09-01,3.5
W06000018,2024-10-01,3.4
W06000018,2024-11-01,3.4
W06000018,2024-12-01,3.4
W06000018,2025-01-01,3.4
W06000018,2025-02-01,3.5
W06000018,2025-03-01,3.4
W06000018,2025-04-01,3.3
W06000018,2025-05-01,3.3
W06000018,2025-06-01,3.4
W06000018,2025-07-01,3.3
W06000018,2025-08-01,3.3
W06000018,2025-09-01,3.3
W06000018,2025-10-01,3.3
W06000018,2025-11-01,3.4
W06000018,2025-12-01,3.4
W06000018,2026-01-01,3.4
W06000018,2026-02-01,3.5
W06000019,2018-01-01,2.9
W06000019,2018-02-01,3.0
W06000019,2018-03-01,3.0
W06000019,2018-04-01,3.0
W06000019,2018-05-01,2.9
W06000019,2018-06-01,2.7
W06000019,2018-07-01,2.6
W06000019,2018-08-01,2.6
W06000019,2018-09-01,2.6
W06000019,2018-10-01,2.8
W06000019,2018-11-01,2.9
W06000019,2018-12-01,3.2
W06000019,2019-01-01,3.4
W06000019,2019-02-01,3.6
W06000019,2019-03-01,3.8
W06000019,2019-04-01,3.8
W06000019,2019-05-01,3.7
W06000019,2019-06-01,3.9
W06000019,2019-07-01,3.9
W06000019,2019-08-01,4.0
W06000019,2019-09-01,3.9
W06000019,2019-10-01,4.0
W06000019,2019-11-01,4.1
W06000019,2019-12-01,4.1
W06000019,2020-01-01,4.0
W06000019,2020-02-01,4.2
W06000019,2020-03-01,4.2
W06000019,2020-04-01,6.7
W06000019,2020-05-01,7.5
W06000019,2020-06-01,7.5
W06000019,2020-07-01,7.5
W06000019,2020-08-01,7.4
W06000019,2020-09-01,7.2
W06000019,2020-10-01,6.9
W06000019,2020-11-01,6.9
W06000019,2020-12-01,6.7
W06000019,2021-01-01,6.6
W06000019,2021-02-01,6.9
W06000019,2021-03-01,6.9
W06000019,2021-04-01,6.8
W06000019,2021-05-01,6.5
W06000019,2021-06-01,6.1
W06000019,2021-07-01,6.0
W06000019,2021-08-01,5.9
W06000019,2021-09-01,5.6
W06000019,2021-10-01,5.4
W06000019,2021-11-01,5.3
W06000019,2021-12-01,5.1
W06000019,2022-01-01,5.1
W06000019,2022-02-01,5.1
W06000019,2022-03-01,4.8
W06000019,2022-04-01,4.6
W06000019,2022-05-01,4.5
W06000019,2022-06-01,4.5
W06000019,2022-07-01,4.4
W06000019,2022-08-01,4.3
W06000019,2022-09-01,4.2
W06000019,2022-10-01,4.2
W06000019,2022-11-01,4.2
W06000019,2022-12-01,4.3
W06000019,2023-01-01,4.1
W06000019,2023-02-01,4.3
W06000019,2023-03-01,4.3
W06000019,2023-04-01,4.4
W06000019,2023-05-01,4.2
W06000019,2023-06-01,4.5
W06000019,2023-07-01,4.1
W06000019,2023-08-01,4.1
W06000019,2023-09-01,4.1
W06000019,2023-10-01,4.2
W06000019,2023-11-01,4.1
W06000019,2023-12-01,4.0
W06000019,2024-01-01,4.1
W06000019,2024-02-01,4.2
W06000019,2024-03-01,4.2
W06000019,2024-04-01,4.2
W06000019,2024-05-01,4.1
W06000019,2024-06-01,4.2
W06000019,2024-07-01,4.3
W06000019,2024-08-01,4.3
W06000019,2024-09-01,4.2
W06000019,2024-10-01,4.0
W06000019,2024-11-01,4.0
W06000019,2024-12-01,4.1
W06000019,2025-01-01,4.2
W06000019,2025-02-01,4.1
W06000019,2025-03-01,4.1
W06000019,2025-04-01,3.9
W06000019,2025-05-01,3.8
W06000019,2025-06-01,3.9
W06000019,2025-07-01,3.9
W06000019,2025-08-01,3.9
W06000019,2025-09-01,3.9
W06000019,2025-10-01,3.9
W06000019,2025-11-01,3.8
W06000019,2025-12-01,3.8
W06000019,2026-01-01,3.9
W06000019,2026-02-01,4.1
W06000020,2018-01-01,3.0
W06000020,2018-02-01,3.2
W06000020,2018-03-01,3.3
W06000020,2018-04-01,3.7
W06000020,2018-05-01,3.5
W06000020,2018-06-01,3.5
W06000020,2018-07-01,3.5
W06000020,2018-08-01,3.5
W06000020,2018-09-01,3.5
W06000020,2018-10-01,3.6
W06000020,2018-11-01,3.5
W06000020,2018-12-01,3.5
W06000020,2019-01-01,3.5
W06000020,2019-02-01,3.7
W06000020,2019-03-01,3.7
W06000020,2019-04-01,3.6
W06000020,2019-05-01,3.6
W06000020,2019-06-01,3.6
W06000020,2019-07-01,3.5
W06000020,2019-08-01,3.6
W06000020,2019-09-01,3.6
W06000020,2019-10-01,3.5
W06000020,2019-11-01,3.6
W06000020,2019-12-01,3.6
W06000020,2020-01-01,3.5
W06000020,2020-02-01,3.6
W06000020,2020-03-01,3.6
W06000020,2020-04-01,6.0
W06000020,2020-05-01,6.7
W06000020,2020-06-01,6.4
W06000020,2020-07-01,6.7
W06000020,2020-08-01,6.8
W06000020,2020-09-01,6.6
W06000020,2020-10-01,6.2
W06000020,2020-11-01,6.2
W06000020,2020-12-01,6.1
W06000020,2021-01-01,6.1
W06000020,2021-02-01,6.4
W06000020,2021-03-01,6.3
W06000020,2021-04-01,6.2
W06000020,2021-05-01,5.8
W06000020,2021-06-01,5.5
W06000020,2021-07-01,5.3
W06000020,2021-08-01,5.2
W06000020,2021-09-01,5.0
W06000020,2021-10-01,4.8
W06000020,2021-11-01,4.6
W06000020,2021-12-01,4.6
W06000020,2022-01-01,4.5
W06000020,2022-02-01,4.5
W06000020,2022-03-01,4.4
W06000020,2022-04-01,4.1
W06000020,2022-05-01,3.9
W06000020,2022-06-01,3.9
W06000020,2022-07-01,3.7
W06000020,2022-08-01,3.7
W06000020,2022-09-01,3.6
W06000020,2022-10-01,3.6
W06000020,2022-11-01,3.6
W06000020,2022-12-01,3.7
W06000020,2023-01-01,3.5
W06000020,2023-02-01,3.6
W06000020,2023-03-01,3.6
W06000020,2023-04-01,3.7
W06000020,2023-05-01,3.6
W06000020,2023-06-01,3.6
W06000020,2023-07-01,3.6
W06000020,2023-08-01,3.6
W06000020,2023-09-01,3.5
W06000020,2023-10-01,3.6
W06000020,2023-11-01,3.7
W06000020,2023-12-01,3.6
W06000020,2024-01-01,3.6
W06000020,2024-02-01,3.6
W06000020,2024-03-01,3.8
W06000020,2024-04-01,3.7
W06000020,2024-05-01,3.6
W06000020,2024-06-01,3.7
W06000020,2024-07-01,4.0
W06000020,2024-08-01,4.0
W06000020,2024-09-01,3.9
W06000020,2024-10-01,3.8
W06000020,2024-11-01,3.8
W06000020,2024-12-01,3.7
W06000020,2025-01-01,3.7
W06000020,2025-02-01,3.8
W06000020,2025-03-01,3.7
W06000020,2025-04-01,3.7
W06000020,2025-05-01,3.6
W06000020,2025-06-01,3.6
W06000020,2025-07-01,3.6
W06000020,2025-08-01,3.6
W06000020,2025-09-01,3.6
W06000020,2025-10-01,3.6
W06000020,2025-11-01,3.6
W06000020,2025-12-01,3.5
W06000020,2026-01-01,3.6
W06000020,2026-02-01,3.8
W06000021,2018-01-01,1.2
W06000021,2018-02-01,1.3
W06000021,2018-03-01,1.2
W06000021,2018-04-01,1.2
W06000021,2018-05-01,1.1
W06000021,2018-06-01,1.1
W06000021,2018-07-01,1.1
W06000021,2018-08-01,1.1
W06000021,2018-09-01,1.2
W06000021,2018-10-01,1.4
W06000021,2018-11-01,1.5
W06000021,2018-12-01,1.5
W06000021,2019-01-01,1.5
W06000021,2019-02-01,1.6
W06000021,2019-03-01,1.6
W06000021,2019-04-01,1.6
W06000021,2019-05-01,1.6
W06000021,2019-06-01,1.6
W06000021,2019-07-01,1.7
W06000021,2019-08-01,1.7
W06000021,2019-09-01,1.7
W06000021,2019-10-01,1.8
W06000021,2019-11-01,1.8
W06000021,2019-12-01,1.8
W06000021,2020-01-01,1.8
W06000021,2020-02-01,1.8
W06000021,2020-03-01,1.8
W06000021,2020-04-01,3.8
W06000021,2020-05-01,4.4
W06000021,2020-06-01,4.2
W06000021,2020-07-01,4.3
W06000021,2020-08-01,4.4
W06000021,2020-09-01,4.3
W06000021,2020-10-01,4.0
W06000021,2020-11-01,4.0
W06000021,2020-12-01,4.0
W06000021,2021-01-01,3.9
W06000021,2021-02-01,4.1
W06000021,2021-03-01,4.1
W06000021,2021-04-01,4.0
W06000021,2021-05-01,3.7
W06000021,2021-06-01,3.4
W06000021,2021-07-01,3.3
W06000021,2021-08-01,3.1
W06000021,2021-09-01,3.1
W06000021,2021-10-01,3.0
W06000021,2021-11-01,2.8
W06000021,2021-12-01,2.7
W06000021,2022-01-01,2.7
W06000021,2022-02-01,2.7
W06000021,2022-03-01,2.6
W06000021,2022-04-01,2.4
W06000021,2022-05-01,2.4
W06000021,2022-06-01,2.4
W06000021,2022-07-01,2.4
W06000021,2022-08-01,2.5
W06000021,2022-09-01,2.3
W06000021,2022-10-01,2.2
W06000021,2022-11-01,2.2
W06000021,2022-12-01,2.2
W06000021,2023-01-01,2.2
W06000021,2023-02-01,2.3
W06000021,2023-03-01,2.3
W06000021,2023-04-01,2.4
W06000021,2023-05-01,2.2
W06000021,2023-06-01,2.2
W06000021,2023-07-01,2.2
W06000021,2023-08-01,2.1
W06000021,2023-09-01,2.2
W06000021,2023-10-01,2.2
W06000021,2023-11-01,2.3
W06000021,2023-12-01,2.2
W06000021,2024-01-01,2.2
W06000021,2024-02-01,2.3
W06000021,2024-03-01,2.4
W06000021,2024-04-01,2.4
W06000021,2024-05-01,2.4
W06000021,2024-06-01,2.4
W06000021,2024-07-01,2.5
W06000021,2024-08-01,2.5
W06000021,2024-09-01,2.5
W06000021,2024-10-01,2.5
W06000021,2024-11-01,2.5
W06000021,2024-12-01,2.4
W06000021,2025-01-01,2.4
W06000021,2025-02-01,2.5
W06000021,2025-03-01,2.4
W06000021,2025-04-01,2.4
W06000021,2025-05-01,2.4
W06000021,2025-06-01,2.3
W06000021,2025-07-01,2.3
W06000021,2025-08-01,2.3
W06000021,2025-09-01,2.3
W06000021,2025-10-01,2.3
W06000021,2025-11-01,2.2
W06000021,2025-12-01,2.3
W06000021,2026-01-01,2.3
W06000021,2026-02-01,2.4
W06000022,2018-01-01,2.7
W06000022,2018-02-01,3.0
W06000022,2018-03-01,3.1
W06000022,2018-04-01,3.4
W06000022,2018-05-01,3.3
W06000022,2018-06-01,3.4
W06000022,2018-07-01,3.5
W06000022,2018-08-01,3.6
W06000022,2018-09-01,3.6
W06000022,2018-10-01,3.6
W06000022,2018-11-01,3.6
W06000022,2018-12-01,3.6
W06000022,2019-01-01,3.6
W06000022,2019-02-01,3.7
W06000022,2019-03-01,3.8
W06000022,2019-04-01,3.7
W06000022,2019-05-01,3.8
W06000022,2019-06-01,3.9
W06000022,2019-07-01,3.9
W06000022,2019-08-01,4.0
W06000022,2019-09-01,3.9
W06000022,2019-10-01,3.9
W06000022,2019-11-01,3.9
W06000022,2019-12-01,3.9
W06000022,2020-01-01,3.8
W06000022,2020-02-01,3.9
W06000022,2020-03-01,4.0
W06000022,2020-04-01,6.2
W06000022,2020-05-01,7.2
W06000022,2020-06-01,7.2
W06000022,2020-07-01,7.3
W06000022,2020-08-01,7.4
W06000022,2020-09-01,7.4
W06000022,2020-10-01,7.3
W06000022,2020-11-01,7.2
W06000022,2020-12-01,7.1
W06000022,2021-01-01,7.0
W06000022,2021-02-01,7.4
W06000022,2021-03-01,7.3
W06000022,2021-04-01,7.2
W06000022,2021-05-01,6.9
W06000022,2021-06-01,6.6
W06000022,2021-07-01,6.5
W06000022,2021-08-01,6.2
W06000022,2021-09-01,6.0
W06000022,2021-10-01,5.8
W06000022,2021-11-01,5.6
W06000022,2021-12-01,5.4
W06000022,2022-01-01,5.2
W06000022,2022-02-01,5.3
W06000022,2022-03-01,5.2
W06000022,2022-04-01,4.9
W06000022,2022-05-01,4.8
W06000022,2022-06-01,4.6
W06000022,2022-07-01,4.5
W06000022,2022-08-01,4.5
W06000022,2022-09-01,4.3
W06000022,2022-10-01,4.1
W06000022,2022-11-01,4.1
W06000022,2022-12-01,4.2
W06000022,2023-01-01,4.1
W06000022,2023-02-01,4.3
W06000022,2023-03-01,4.3
W06000022,2023-04-01,4.5
W06000022,2023-05-01,4.4
W06000022,2023-06-01,4.4
W06000022,2023-07-01,4.4
W06000022,2023-08-01,4.4
W06000022,2023-09-01,4.4
W06000022,2023-10-01,4.5
W06000022,2023-11-01,4.6
W06000022,2023-12-01,4.4
W06000022,2024-01-01,4.4
W06000022,2024-02-01,4.5
W06000022,2024-03-01,4.5
W06000022,2024-04-01,4.6
W06000022,2024-05-01,4.6
W06000022,2024-06-01,4.7
W06000022,2024-07-01,4.9
W06000022,2024-08-01,4.9
W06000022,2024-09-01,4.8
W06000022,2024-10-01,4.7
W06000022,2024-11-01,4.5
W06000022,2024-12-01,4.4
W06000022,2025-01-01,4.5
W06000022,2025-02-01,4.6
W06000022,2025-03-01,4.5
W06000022,2025-04-01,4.5
W06000022,2025-05-01,4.4
W06000022,2025-06-01,4.4
W06000022,2025-07-01,4.3
W06000022,2025-08-01,4.2
W06000022,2025-09-01,4.3
W06000022,2025-10-01,4.3
W06000022,2025-11-01,4.3
W06000022,2025-12-01,4.3
W06000022,2026-01-01,4.4
W06000022,2026-02-01,4.5
W06000023,2018-01-01,1.0
W06000023,2018-02-01,1.0
W06000023,2018-03-01,1.0
W06000023,2018-04-01,1.0
W06000023,2018-05-01,1
W06000023,2018-06-01,0.9
W06000023,2018-07-01,0.9
W06000023,2018-08-01,0.9
W06000023,2018-09-01,1.0
W06000023,2018-10-01,0.9
W06000023,2018-11-01,0.9
W06000023,2018-12-01,1.0
W06000023,2019-01-01,1.1
W06000023,2019-02-01,1.3
W06000023,2019-03-01,1.4
W06000023,2019-04-01,1.5
W06000023,2019-05-01,1.5
W06000023,2019-06-01,1.6
W06000023,2019-07-01,1.5
W06000023,2019-08-01,1.6
W06000023,2019-09-01,1.7
W06000023,2019-10-01,1.7
W06000023,2019-11-01,1.8
W06000023,2019-12-01,1.8
W06000023,2020-01-01,1.8
W06000023,2020-02-01,1.9
W06000023,2020-03-01,1.9
W06000023,2020-04-01,3.8
W06000023,2020-05-01,4.9
W06000023,2020-06-01,4.6
W06000023,2020-07-01,4.8
W06000023,2020-08-01,4.9
W06000023,2020-09-01,4.8
W06000023,2020-10-01,4.5
W06000023,2020-11-01,4.5
W06000023,2020-12-01,4.4
W06000023,2021-01-01,4.3
W06000023,2021-02-01,4.4
W06000023,2021-03-01,4.4
W06000023,2021-04-01,4.2
W06000023,2021-05-01,3.9
W06000023,2021-06-01,3.5
W06000023,2021-07-01,3.4
W06000023,2021-08-01,3.2
W06000023,2021-09-01,3.0
W06000023,2021-10-01,2.9
W06000023,2021-11-01,2.9
W06000023,2021-12-01,2.8
W06000023,2022-01-01,2.8
W06000023,2022-02-01,2.8
W06000023,2022-03-01,2.7
W06000023,2022-04-01,2.5
W06000023,2022-05-01,2.4
W06000023,2022-06-01,2.3
W06000023,2022-07-01,2.2
W06000023,2022-08-01,2.2
W06000023,2022-09-01,2.2
W06000023,2022-10-01,2.2
W06000023,2022-11-01,2.3
W06000023,2022-12-01,2.3
W06000023,2023-01-01,2.3
W06000023,2023-02-01,2.3
W06000023,2023-03-01,2.3
W06000023,2023-04-01,2.4
W06000023,2023-05-01,2.3
W06000023,2023-06-01,2.3
W06000023,2023-07-01,2.2
W06000023,2023-08-01,2.2
W06000023,2023-09-01,2.2
W06000023,2023-10-01,2.2
W06000023,2023-11-01,2.2
W06000023,2023-12-01,2.2
W06000023,2024-01-01,2.2
W06000023,2024-02-01,2.3
W06000023,2024-03-01,2.3
W06000023,2024-04-01,2.3
W06000023,2024-05-01,2.4
W06000023,2024-06-01,2.6
W06000023,2024-07-01,2.8
W06000023,2024-08-01,2.7
W06000023,2024-09-01,2.8
W06000023,2024-10-01,2.7
W06000023,2024-11-01,2.7
W06000023,2024-12-01,2.7
W06000023,2025-01-01,2.7
W06000023,2025-02-01,2.8
W06000023,2025-03-01,2.8
W06000023,2025-04-01,2.7
W06000023,2025-05-01,2.6
W06000023,2025-06-01,2.5
W06000023,2025-07-01,2.5
W06000023,2025-08-01,2.5
W06000023,2025-09-01,2.5
W06000023,2025-10-01,2.5
W06000023,2025-11-01,2.4
W06000023,2025-12-01,2.5
W06000023,2026-01-01,2.5
W06000023,2026-02-01,2.7
W06000024,2018-01-01,2.7
W06000024,2018-02-01,2.8
W06000024,2018-03-01,2.8
W06000024,2018-04-01,2.8
W06000024,2018-05-01,2.6
W06000024,2018-06-01,2.5
W06000024,2018-07-01,2.4
W06000024,2018-08-01,2.5
W06000024,2018-09-01,2.5
W06000024,2018-10-01,2.7
W06000024,2018-11-01,2.9
W06000024,2018-12-01,3.1
W06000024,2019-01-01,3.3
W06000024,2019-02-01,3.5
W06000024,2019-03-01,3.6
W06000024,2019-04-01,3.6
W06000024,2019-05-01,3.7
W06000024,2019-06-01,3.8
W06000024,2019-07-01,3.7
W06000024,2019-08-01,3.8
W06000024,2019-09-01,3.9
W06000024,2019-10-01,4.0
W06000024,2019-11-01,4.1
W06000024,2019-12-01,4.1
W06000024,2020-01-01,4.1
W06000024,2020-02-01,4.0
W06000024,2020-03-01,3.9
W06000024,2020-04-01,6.7
W06000024,2020-05-01,7.5
W06000024,2020-06-01,7.2
W06000024,2020-07-01,7.4
W06000024,2020-08-01,7.4
W06000024,2020-09-01,6.9
W06000024,2020-10-01,6.6
W06000024,2020-11-01,6.6
W06000024,2020-12-01,6.5
W06000024,2021-01-01,6.4
W06000024,2021-02-01,6.6
W06000024,2021-03-01,6.6
W06000024,2021-04-01,6.4
W06000024,2021-05-01,6.0
W06000024,2021-06-01,5.6
W06000024,2021-07-01,5.4
W06000024,2021-08-01,5.3
W06000024,2021-09-01,5.1
W06000024,2021-10-01,4.8
W06000024,2021-11-01,4.7
W06000024,2021-12-01,4.5
W06000024,2022-01-01,4.4
W06000024,2022-02-01,4.5
W06000024,2022-03-01,4.5
W06000024,2022-04-01,4.1
W06000024,2022-05-01,4.0
W06000024,2022-06-01,3.9
W06000024,2022-07-01,3.9
W06000024,2022-08-01,3.8
W06000024,2022-09-01,3.9
W06000024,2022-10-01,3.7
W06000024,2022-11-01,3.8
W06000024,2022-12-01,3.7
W06000024,2023-01-01,3.5
W06000024,2023-02-01,3.6
W06000024,2023-03-01,3.7
W06000024,2023-04-01,3.7
W06000024,2023-05-01,3.4
W06000024,2023-06-01,3.4
W06000024,2023-07-01,3.4
W06000024,2023-08-01,3.4
W06000024,2023-09-01,3.4
W06000024,2023-10-01,3.4
W06000024,2023-11-01,3.4
W06000024,2023-12-01,3.4
W06000024,2024-01-01,3.3
W06000024,2024-02-01,3.4
W06000024,2024-03-01,3.3
W06000024,2024-04-01,3.2
W06000024,2024-05-01,3.3
W06000024,2024-06-01,3.3
W06000024,2024-07-01,3.5
W06000024,2024-08-01,3.4
W06000024,2024-09-01,3.4
W06000024,2024-10-01,3.3
W06000024,2024-11-01,3.4
W06000024,2024-12-01,3.2
W06000024,2025-01-01,3.2
W06000024,2025-02-01,3.3
W06000024,2025-03-01,3.3
W06000024,2025-04-01,3.2
W06000024,2025-05-01,3.2
W06000024,2025-06-01,3.3
W06000024,2025-07-01,3.1
W06000024,2025-08-01,3.2
W06000024,2025-09-01,3.3
W06000024,2025-10-01,3.2
W06000024,2025-11-01,3.2
W06000024,2025-12-01,3.2
W06000024,2026-01-01,3.2
W06000024,2026-02-01,3.4
,2018-01-01,2.0
,2018-01-01,
,2018-01-01,
,2018-01-01,
,2018-01-01,
,2018-01-01,
,2018-01-01,
,2018-01-01,
,2018-01-01,
,2018-02-01,2.1
,2018-02-01,
,2018-02-01,
,2018-02-01,
,2018-02-01,
,2018-02-01,
,2018-02-01,
,2018-02-01,
,2018-02-01,
,2018-03-01,2.1
,2018-03-01,
,2018-03-01,
,2018-03-01,
,2018-03-01,
,2018-03-01,
,2018-03-01,
,2018-03-01,
,2018-03-01,
,2018-04-01,2.2
,2018-04-01,
,2018-04-01,
,2018-04-01,
,2018-04-01,
,2018-04-01,
,2018-04-01,
,2018-04-01,
,2018-04-01,
,2018-05-01,2.1
,2018-05-01,
,2018-05-01,
,2018-05-01,
,2018-05-01,
,2018-05-01,
,2018-05-01,
,2018-05-01,
,2018-05-01,
,2018-06-01,2.1
,2018-06-01,
,2018-06-01,
,2018-06-01,
,2018-06-01,
,2018-06-01,
,2018-06-01,
,2018-06-01,
,2018-06-01,
,2018-07-01,2.1
,2018-07-01,
,2018-07-01,
,2018-07-01,
,2018-07-01,
,2018-07-01,
,2018-07-01,
,2018-07-01,
,2018-07-01,
,2018-08-01,2.2
,2018-08-01,
,2018-08-01,
,2018-08-01,
,2018-08-01,
,2018-08-01,
,2018-08-01,
,2018-08-01,
,2018-08-01,
,2018-09-01,2.2
,2018-09-01,
,2018-09-01,
,2018-09-01,
,2018-09-01,
,2018-09-01,
,2018-09-01,
,2018-09-01,
,2018-09-01,
,2018-10-01,2.2
,2018-10-01,
,2018-10-01,
,2018-10-01,
,2018-10-01,
,2018-10-01,
,2018-10-01,
,2018-10-01,
,2018-10-01,
,2018-11-01,2.3
,2018-11-01,
,2018-11-01,
,2018-11-01,
,2018-11-01,
,2018-11-01,
,2018-11-01,
,2018-11-01,
,2018-11-01,
,2018-12-01,2.3
,2018-12-01,
,2018-12-01,
,2018-12-01,
,2018-12-01,
,2018-12-01,
,2018-12-01,
,2018-12-01,
,2018-12-01,
,2019-01-01,2.4
,2019-01-01,
,2019-01-01,
,2019-01-01,
,2019-01-01,
,2019-01-01,
,2019-01-01,
,2019-01-01,
,2019-01-01,
,2019-02-01,2.5
,2019-02-01,
,2019-02-01,
,2019-02-01,
,2019-02-01,
,2019-02-01,
,2019-02-01,
,2019-02-01,
,2019-02-01,
,2019-03-01,2.6
,2019-03-01,
,2019-03-01,
,2019-03-01,
,2019-03-01,
,2019-03-01,
,2019-03-01,
,2019-03-01,
,2019-03-01,
,2019-04-01,2.6
,2019-04-01,
,2019-04-01,
,2019-04-01,
,2019-04-01,
,2019-04-01,
,2019-04-01,
,2019-04-01,
,2019-04-01,
,2019-05-01,2.7
,2019-05-01,
,2019-05-01,
,2019-05-01,
,2019-05-01,
,2019-05-01,
,2019-05-01,
,2019-05-01,
,2019-05-01,
,2019-06-01,2.7
,2019-06-01,
,2019-06-01,
,2019-06-01,
,2019-06-01,
,2019-06-01,
,2019-06-01,
,2019-06-01,
,2019-06-01,
,2019-07-01,2.7
,2019-07-01,
,2019-07-01,
,2019-07-01,
,2019-07-01,
,2019-07-01,
,2019-07-01,
,2019-07-01,
,2019-07-01,
,2019-08-01,2.8
,2019-08-01,
,2019-08-01,
,2019-08-01,
,2019-08-01,
,2019-08-01,
,2019-08-01,
,2019-08-01,
,2019-08-01,
,2019-09-01,2.8
,2019-09-01,
,2019-09-01,
,2019-09-01,
,2019-09-01,
,2019-09-01,
,2019-09-01,
,2019-09-01,
,2019-09-01,
,2019-10-01,2.8
,2019-10-01,
,2019-10-01,
,2019-10-01,
,2019-10-01,
,2019-10-01,
,2019-10-01,
,2019-10-01,
,2019-10-01,
,2019-11-01,2.9
,2019-11-01,
,2019-11-01,
,2019-11-01,
,2019-11-01,
,2019-11-01,
,2019-11-01,
,2019-11-01,
,2019-11-01,
,2019-12-01,2.9
,2019-12-01,
,2019-12-01,
,2019-12-01,
,2019-12-01,
,2019-12-01,
,2019-12-01,
,2019-12-01,
,2019-12-01,
,2020-01-01,2.9
,2020-01-01,
,2020-01-01,
,2020-01-01,
,2020-01-01,
,2020-01-01,
,2020-01-01,
,2020-01-01,
,2020-01-01,
,2020-02-01,3.0
,2020-02-01,
,2020-02-01,
,2020-02-01,
,2020-02-01,
,2020-02-01,
,2020-02-01,
,2020-02-01,
,2020-02-01,
,2020-03-01,3.0
,2020-03-01,
,2020-03-01,
,2020-03-01,
,2020-03-01,
,2020-03-01,
,2020-03-01,
,2020-03-01,
,2020-03-01,
,2020-04-01,5.0
,2020-04-01,
,2020-04-01,
,2020-04-01,
,2020-04-01,
,2020-04-01,
,2020-04-01,
,2020-04-01,
,2020-04-01,
,2020-05-01,6.3
,2020-05-01,
,2020-05-01,
,2020-05-01,
,2020-05-01,
,2020-05-01,
,2020-05-01,
,2020-05-01,
,2020-05-01,
,2020-06-01,6.2
,2020-06-01,
,2020-06-01,
,2020-06-01,
,2020-06-01,
,2020-06-01,
,2020-06-01,
,2020-06-01,
,2020-06-01,
,2020-07-01,6.3
,2020-07-01,
,2020-07-01,
,2020-07-01,
,2020-07-01,
,2020-07-01,
,2020-07-01,
,2020-07-01,
,2020-07-01,
,2020-08-01,6.4
,2020-08-01,
,2020-08-01,
,2020-08-01,
,2020-08-01,
,2020-08-01,
,2020-08-01,
,2020-08-01,
,2020-08-01,
,2020-09-01,6.3
,2020-09-01,
,2020-09-01,
,2020-09-01,
,2020-09-01,
,2020-09-01,
,2020-09-01,
,2020-09-01,
,2020-09-01,
,2020-10-01,6.1
,2020-10-01,
,2020-10-01,
,2020-10-01,
,2020-10-01,
,2020-10-01,
,2020-10-01,
,2020-10-01,
,2020-10-01,
,2020-11-01,6.2
,2020-11-01,
,2020-11-01,
,2020-11-01,
,2020-11-01,
,2020-11-01,
,2020-11-01,
,2020-11-01,
,2020-11-01,
,2020-12-01,6.2
,2020-12-01,
,2020-12-01,
,2020-12-01,
,2020-12-01,
,2020-12-01,
,2020-12-01,
,2020-12-01,
,2020-12-01,
,2021-01-01,6.1
,2021-01-01,
,2021-01-01,
,2021-01-01,
,2021-01-01,
,2021-01-01,
,2021-01-01,
,2021-01-01,
,2021-01-01,
,2021-02-01,6.4
,2021-02-01,
,2021-02-01,
,2021-02-01,
,2021-02-01,
,2021-02-01,
,2021-02-01,
,2021-02-01,
,2021-02-01,
,2021-03-01,6.3
,2021-03-01,
,2021-03-01,
,2021-03-01,
,2021-03-01,
,2021-03-01,
,2021-03-01,
,2021-03-01,
,2021-03-01,
,2021-04-01,6.2
,2021-04-01,
,2021-04-01,
,2021-04-01,
,2021-04-01,
,2021-04-01,
,2021-04-01,
,2021-04-01,
,2021-04-01,
,2021-05-01,5.8
,2021-05-01,
,2021-05-01,
,2021-05-01,
,2021-05-01,
,2021-05-01,
,2021-05-01,
,2021-05-01,
,2021-05-01,
,2021-06-01,5.4
,2021-06-01,
,2021-06-01,
,2021-06-01,
,2021-06-01,
,2021-06-01,
,2021-06-01,
,2021-06-01,
,2021-06-01,
,2021-07-01,5.3
,2021-07-01,
,2021-07-01,
,2021-07-01,
,2021-07-01,
,2021-07-01,
,2021-07-01,
,2021-07-01,
,2021-07-01,
,2021-08-01,5.1
,2021-08-01,
,2021-08-01,
,2021-08-01,
,2021-08-01,
,2021-08-01,
,2021-08-01,
,2021-08-01,
,2021-08-01,
,2021-09-01,4.8
,2021-09-01,
,2021-09-01,
,2021-09-01,
,2021-09-01,
,2021-09-01,
,2021-09-01,
,2021-09-01,
,2021-09-01,
,2021-10-01,4.6
,2021-10-01,
,2021-10-01,
,2021-10-01,
,2021-10-01,
,2021-10-01,
,2021-10-01,
,2021-10-01,
,2021-10-01,
,2021-11-01,4.5
,2021-11-01,
,2021-11-01,
,2021-11-01,
,2021-11-01,
,2021-11-01,
,2021-11-01,
,2021-11-01,
,2021-11-01,
,2021-12-01,4.3
,2021-12-01,
,2021-12-01,
,2021-12-01,
,2021-12-01,
,2021-12-01,
,2021-12-01,
,2021-12-01,
,2021-12-01,
,2022-01-01,4.2
,2022-01-01,
,2022-01-01,
,2022-01-01,
,2022-01-01,
,2022-01-01,
,2022-01-01,
,2022-01-01,
,2022-01-01,
,2022-02-01,4.2
,2022-02-01,
,2022-02-01,
,2022-02-01,
,2022-02-01,
,2022-02-01,
,2022-02-01,
,2022-02-01,
,2022-02-01,
,2022-03-01,4.0
,2022-03-01,
,2022-03-01,
,2022-03-01,
,2022-03-01,
,2022-03-01,
,2022-03-01,
,2022-03-01,
,2022-03-01,
,2022-04-01,3.8
,2022-04-01,
,2022-04-01,
,2022-04-01,
,2022-04-01,
,2022-04-01,
,2022-04-01,
,2022-04-01,
,2022-04-01,
,2022-05-01,3.7
,2022-05-01,
,2022-05-01,
,2022-05-01,
,2022-05-01,
,2022-05-01,
,2022-05-01,
,2022-05-01,
,2022-05-01,
,2022-06-01,3.6
,2022-06-01,
,2022-06-01,
,2022-06-01,
,2022-06-01,
,2022-06-01,
,2022-06-01,
,2022-06-01,
,2022-06-01,
,2022-07-01,3.6
,2022-07-01,
,2022-07-01,
,2022-07-01,
,2022-07-01,
,2022-07-01,
,2022-07-01,
,2022-07-01,
,2022-07-01,
,2022-08-01,3.6
,2022-08-01,
,2022-08-01,
,2022-08-01,
,2022-08-01,
,2022-08-01,
,2022-08-01,
,2022-08-01,
,2022-08-01,
,2022-09-01,3.6
,2022-09-01,
,2022-09-01,
,2022-09-01,
,2022-09-01,
,2022-09-01,
,2022-09-01,
,2022-09-01,
,2022-09-01,
,2022-10-01,3.5
,2022-10-01,
,2022-10-01,
,2022-10-01,
,2022-10-01,
,2022-10-01,
,2022-10-01,
,2022-10-01,
,2022-10-01,
,2022-11-01,3.5
,2022-11-01,
,2022-11-01,
,2022-11-01,
,2022-11-01,
,2022-11-01,
,2022-11-01,
,2022-11-01,
,2022-11-01,
,2022-12-01,3.6
,2022-12-01,
,2022-12-01,
,2022-12-01,
,2022-12-01,
,2022-12-01,
,2022-12-01,
,2022-12-01,
,2022-12-01,
,2023-01-01,3.5
,2023-01-01,
,2023-01-01,
,2023-01-01,
,2023-01-01,
,2023-01-01,
,2023-01-01,
,2023-01-01,
,2023-01-01,
,2023-02-01,3.5
,2023-02-01,
,2023-02-01,
,2023-02-01,
,2023-02-01,
,2023-02-01,
,2023-02-01,
,2023-02-01,
,2023-02-01,
,2023-03-01,3.6
,2023-03-01,
,2023-03-01,
,2023-03-01,
,2023-03-01,
,2023-03-01,
,2023-03-01,
,2023-03-01,
,2023-03-01,
,2023-04-01,3.7
,2023-04-01,
,2023-04-01,
,2023-04-01,
,2023-04-01,
,2023-04-01,
,2023-04-01,
,2023-04-01,
,2023-04-01,
,2023-05-01,3.6
,2023-05-01,
,2023-05-01,
,2023-05-01,
,2023-05-01,
,2023-05-01,
,2023-05-01,
,2023-05-01,
,2023-05-01,
,2023-06-01,3.6
,2023-06-01,
,2023-06-01,
,2023-06-01,
,2023-06-01,
,2023-06-01,
,2023-06-01,
,2023-06-01,
,2023-06-01,
,2023-07-01,3.6
,2023-07-01,
,2023-07-01,
,2023-07-01,
,2023-07-01,
,2023-07-01,
,2023-07-01,
,2023-07-01,
,2023-07-01,
,2023-08-01,3.6
,2023-08-01,
,2023-08-01,
,2023-08-01,
,2023-08-01,
,2023-08-01,
,2023-08-01,
,2023-08-01,
,2023-08-01,
,2023-09-01,3.5
,2023-09-01,
,2023-09-01,
,2023-09-01,
,2023-09-01,
,2023-09-01,
,2023-09-01,
,2023-09-01,
,2023-09-01,
,2023-10-01,3.5
,2023-10-01,
,2023-10-01,
,2023-10-01,
,2023-10-01,
,2023-10-01,
,2023-10-01,
,2023-10-01,
,2023-10-01,
,2023-11-01,3.6
,2023-11-01,
,2023-11-01,
,2023-11-01,
,2023-11-01,
,2023-11-01,
,2023-11-01,
,2023-11-01,
,2023-11-01,
,2023-12-01,3.6
,2023-12-01,
,2023-12-01,
,2023-12-01,
,2023-12-01,
,2023-12-01,
,2023-12-01,
,2023-12-01,
,2023-12-01,
,2024-01-01,3.6
,2024-01-01,
,2024-01-01,
,2024-01-01,
,2024-01-01,
,2024-01-01,
,2024-01-01,
,2024-01-01,
,2024-01-01,
,2024-02-01,3.7
,2024-02-01,
,2024-02-01,
,2024-02-01,
,2024-02-01,
,2024-02-01,
,2024-02-01,
,2024-02-01,
,2024-02-01,
,2024-03-01,3.7
,2024-03-01,
,2024-03-01,
,2024-03-01,
,2024-03-01,
,2024-03-01,
,2024-03-01,
,2024-03-01,
,2024-03-01,
,2024-04-01,3.7
,2024-04-01,
,2024-04-01,
,2024-04-01,
,2024-04-01,
,2024-04-01,
,2024-04-01,
,2024-04-01,
,2024-04-01,
,2024-05-01,3.7
,2024-05-01,
,2024-05-01,
,2024-05-01,
,2024-05-01,
,2024-05-01,
,2024-05-01,
,2024-05-01,
,2024-05-01,
,2024-06-01,3.8
,2024-06-01,
,2024-06-01,
,2024-06-01,
,2024-06-01,
,2024-06-01,
,2024-06-01,
,2024-06-01,
,2024-06-01,
,2024-07-01,4.1
,2024-07-01,
,2024-07-01,
,2024-07-01,
,2024-07-01,
,2024-07-01,
,2024-07-01,
,2024-07-01,
,2024-07-01,
,2024-08-01,4.1
,2024-08-01,
,2024-08-01,
,2024-08-01,
,2024-08-01,
,2024-08-01,
,2024-08-01,
,2024-08-01,
,2024-08-01,
,2024-09-01,4.1
,2024-09-01,
,2024-09-01,
,2024-09-01,
,2024-09-01,
,2024-09-01,
,2024-09-01,
,2024-09-01,
,2024-09-01,
,2024-10-01,4.0
,2024-10-01,
,2024-10-01,
,2024-10-01,
,2024-10-01,
,2024-10-01,
,2024-10-01,
,2024-10-01,
,2024-10-01,
,2024-11-01,4.0
,2024-11-01,
,2024-11-01,
,2024-11-01,
,2024-11-01,
,2024-11-01,
,2024-11-01,
,2024-11-01,
,2024-11-01,
,2024-12-01,3.9
,2024-12-01,
,2024-12-01,
,2024-12-01,
,2024-12-01,
,2024-12-01,
,2024-12-01,
,2024-12-01,
,2024-12-01,
,2025-01-01,3.9
,2025-01-01,
,2025-01-01,
,2025-01-01,
,2025-01-01,
,2025-01-01,
,2025-01-01,
,2025-01-01,
,2025-01-01,
,2025-02-01,4.0
,2025-02-01,
,2025-02-01,
,2025-02-01,
,2025-02-01,
,2025-02-01,
,2025-02-01,
,2025-02-01,
,2025-02-01,
,2025-03-01,4.0
,2025-03-01,
,2025-03-01,
,2025-03-01,
,2025-03-01,
,2025-03-01,
,2025-03-01,
,2025-03-01,
,2025-03-01,
,2025-04-01,3.9
,2025-04-01,
,2025-04-01,
,2025-04-01,
,2025-04-01,
,2025-04-01,
,2025-04-01,
,2025-04-01,
,2025-04-01,
,2025-05-01,3.9
,2025-05-01,
,2025-05-01,
,2025-05-01,
,2025-05-01,
,2025-05-01,
,2025-05-01,
,2025-05-01,
,2025-05-01,
,2025-06-01,3.9
,2025-06-01,
,2025-06-01,
,2025-06-01,
,2025-06-01,
,2025-06-01,
,2025-06-01,
,2025-06-01,
,2025-06-01,
,2025-07-01,3.8
,2025-07-01,
,2025-07-01,
,2025-07-01,
,2025-07-01,
,2025-07-01,
,2025-07-01,
,2025-07-01,
,2025-07-01,
,2025-08-01,3.8
,2025-08-01,
,2025-08-01,
,2025-08-01,
,2025-08-01,
,2025-08-01,
,2025-08-01,
,2025-08-01,
,2025-08-01,
,2025-09-01,3.8
,2025-09-01,
,2025-09-01,
,2025-09-01,
,2025-09-01,
,2025-09-01,
,2025-09-01,
,2025-09-01,
,2025-09-01,
,2025-10-01,3.8
,2025-10-01,
,2025-10-01,
,2025-10-01,
,2025-10-01,
,2025-10-01,
,2025-10-01,
,2025-10-01,
,2025-10-01,
,2025-11-01,3.8
,2025-11-01,
,2025-11-01,
,2025-11-01,
,2025-11-01,
,2025-11-01,
,2025-11-01,
,2025-11-01,
,2025-11-01,
,2025-12-01,3.7
,2025-12-01,
,2025-12-01,
,2025-12-01,
,2025-12-01,
,2025-12-01,
,2025-12-01,
,2025-12-01,
,2025-12-01,
,2026-01-01,3.8
,2026-01-01,
,2026-01-01,
,2026-01-01,
,2026-01-01,
,2026-01-01,
,2026-01-01,
,2026-01-01,
,2026-01-01,
,2026-02-01,3.9
,2026-02-01,
,2026-02-01,
,2026-02-01,
,2026-02-01,
,2026-02-01,
,2026-02-01,
,2026-02-01,
,2026-02-01,
