lad_code,date,claimant_rate
E06000001,1/1/18,6.9
E06000001,2/1/18,7.1
E06000001,3/1/18,7.2
E06000001,4/1/18,7.5
E06000001,5/1/18,7
E06000001,6/1/18,7
E06000001,7/1/18,6.8
E06000001,8/1/18,6.9
E06000001,9/1/18,6.9
E06000001,10/1/18,7
E06000001,11/1/18,7
E06000001,12/1/18,7
E06000001,1/1/19,7
E06000001,2/1/19,7
E06000001,3/1/19,7
E06000001,4/1/19,6.8
E06000001,5/1/19,6.6
E06000001,6/1/19,6.4
E06000001,7/1/19,6.2
E06000001,8/1/19,6.2
E06000001,9/1/19,5.9
E06000001,10/1/19,5.9
E06000001,11/1/19,5.8
E06000001,12/1/19,5.8
E06000001,1/1/20,6
E06000001,2/1/20,6.3
E06000001,3/1/20,6.1
E06000001,4/1/20,8.7
E06000001,5/1/20,9.5
E06000001,6/1/20,9.3
E06000001,7/1/20,9.4
E06000001,8/1/20,9.3
E06000001,9/1/20,9.2
E06000001,10/1/20,8.8
E06000001,11/1/20,8.6
E06000001,12/1/20,8.6
E06000001,1/1/21,8.6
E06000001,2/1/21,8.8
E06000001,3/1/21,8.8
E06000001,4/1/21,8.5
E06000001,5/1/21,8
E06000001,6/1/21,7.5
E06000001,7/1/21,7.3
E06000001,8/1/21,7
E06000001,9/1/21,6.9
E06000001,10/1/21,6.7
E06000001,11/1/21,6.5
E06000001,12/1/21,6.3
E06000001,1/1/22,6.1
E06000001,2/1/22,6
E06000001,3/1/22,5.6
E06000001,4/1/22,5.2
E06000001,5/1/22,5.4
E06000001,6/1/22,5.1
E06000001,7/1/22,5.1
E06000001,8/1/22,5.1
E06000001,9/1/22,5.1
E06000001,10/1/22,5
E06000001,11/1/22,5.2
E06000001,12/1/22,5.3
E06000001,1/1/23,5.1
E06000001,2/1/23,5
E06000001,3/1/23,5.2
E06000001,4/1/23,5.2
E06000001,5/1/23,5
E06000001,6/1/23,5
E06000001,7/1/23,5.1
E06000001,8/1/23,5
E06000001,9/1/23,4.9
E06000001,10/1/23,4.8
E06000001,11/1/23,4.9
E06000001,12/1/23,4.9
E06000001,1/1/24,4.8
E06000001,2/1/24,4.9
E06000001,3/1/24,4.8
E06000001,4/1/24,4.8
E06000001,5/1/24,4.8
E06000001,6/1/24,4.8
E06000001,7/1/24,5.1
E06000001,8/1/24,5
E06000001,9/1/24,4.9
E06000001,10/1/24,4.6
E06000001,11/1/24,4.5
E06000001,12/1/24,4.3
E06000001,1/1/25,4.5
E06000001,2/1/25,4.6
E06000001,3/1/25,4.6
E06000001,4/1/25,4.6
E06000001,5/1/25,4.4
E06000001,6/1/25,4.4
E06000001,7/1/25,4.4
E06000001,8/1/25,4.5
E06000001,9/1/25,4.4
E06000001,10/1/25,4.3
E06000001,11/1/25,4.3
E06000001,12/1/25,4.3
E06000001,1/1/26,4.4
E06000001,2/1/26,4.6
E06000002,1/1/18,4.7
E06000002,2/1/18,4.8
E06000002,3/1/18,4.9
E06000002,4/1/18,4.7
E06000002,5/1/18,4.5
E06000002,6/1/18,4.4
E06000002,7/1/18,4.3
E06000002,8/1/18,4.3
E06000002,9/1/18,4.3
E06000002,10/1/18,4.2
E06000002,11/1/18,4.1
E06000002,12/1/18,4.4
E06000002,1/1/19,4.9
E06000002,2/1/19,5.1
E06000002,3/1/19,5.4
E06000002,4/1/19,5.5
E06000002,5/1/19,5.6
E06000002,6/1/19,5.7
E06000002,7/1/19,5.8
E06000002,8/1/19,5.8
E06000002,9/1/19,5.6
E06000002,10/1/19,5.7
E06000002,11/1/19,5.8
E06000002,12/1/19,5.9
E06000002,1/1/20,6
E06000002,2/1/20,6.1
E06000002,3/1/20,6.2
E06000002,4/1/20,9.1
E06000002,5/1/20,10
E06000002,6/1/20,10
E06000002,7/1/20,10.2
E06000002,8/1/20,10.2
E06000002,9/1/20,10.2
E06000002,10/1/20,10
E06000002,11/1/20,10
E06000002,12/1/20,10
E06000002,1/1/21,9.8
E06000002,2/1/21,10.2
E06000002,3/1/21,10.3
E06000002,4/1/21,10.1
E06000002,5/1/21,9.6
E06000002,6/1/21,9
E06000002,7/1/21,8.8
E06000002,8/1/21,8.4
E06000002,9/1/21,8.2
E06000002,10/1/21,7.8
E06000002,11/1/21,7.5
E06000002,12/1/21,7.4
E06000002,1/1/22,7
E06000002,2/1/22,6.9
E06000002,3/1/22,6.5
E06000002,4/1/22,6
E06000002,5/1/22,6
E06000002,6/1/22,5.8
E06000002,7/1/22,5.7
E06000002,8/1/22,5.7
E06000002,9/1/22,5.7
E06000002,10/1/22,5.8
E06000002,11/1/22,5.9
E06000002,12/1/22,6
E06000002,1/1/23,5.6
E06000002,2/1/23,5.7
E06000002,3/1/23,5.8
E06000002,4/1/23,5.8
E06000002,5/1/23,5.5
E06000002,6/1/23,5.4
E06000002,7/1/23,5.4
E06000002,8/1/23,5.3
E06000002,9/1/23,5.2
E06000002,10/1/23,5.2
E06000002,11/1/23,5.2
E06000002,12/1/23,5.1
E06000002,1/1/24,5.1
E06000002,2/1/24,5.2
E06000002,3/1/24,5.5
E06000002,4/1/24,5.4
E06000002,5/1/24,5.4
E06000002,6/1/24,5.4
E06000002,7/1/24,6
E06000002,8/1/24,5.8
E06000002,9/1/24,5.8
E06000002,10/1/24,5.8
E06000002,11/1/24,5.5
E06000002,12/1/24,5.4
E06000002,1/1/25,5.5
E06000002,2/1/25,5.3
E06000002,3/1/25,5.4
E06000002,4/1/25,5.2
E06000002,5/1/25,5.2
E06000002,6/1/25,5.2
E06000002,7/1/25,5
E06000002,8/1/25,5.1
E06000002,9/1/25,5
E06000002,10/1/25,5.1
E06000002,11/1/25,4.9
E06000002,12/1/25,4.8
E06000002,1/1/26,4.8
E06000002,2/1/26,5.1
E06000003,1/1/18,3.7
E06000003,2/1/18,3.8
E06000003,3/1/18,3.8
E06000003,4/1/18,3.7
E06000003,5/1/18,3.6
E06000003,6/1/18,3.3
E06000003,7/1/18,3.2
E06000003,8/1/18,3.2
E06000003,9/1/18,3.2
E06000003,10/1/18,3.2
E06000003,11/1/18,3.2
E06000003,12/1/18,3.2
E06000003,1/1/19,3.5
E06000003,2/1/19,3.7
E06000003,3/1/19,4
E06000003,4/1/19,4
E06000003,5/1/19,4.1
E06000003,6/1/19,4.1
E06000003,7/1/19,4.1
E06000003,8/1/19,4.2
E06000003,9/1/19,4.2
E06000003,10/1/19,4.3
E06000003,11/1/19,4.3
E06000003,12/1/19,4.5
E06000003,1/1/20,4.6
E06000003,2/1/20,4.7
E06000003,3/1/20,4.8
E06000003,4/1/20,7
E06000003,5/1/20,7.7
E06000003,6/1/20,7.4
E06000003,7/1/20,7.5
E06000003,8/1/20,7.5
E06000003,9/1/20,7.5
E06000003,10/1/20,7.4
E06000003,11/1/20,7.2
E06000003,12/1/20,7.1
E06000003,1/1/21,7
E06000003,2/1/21,7.3
E06000003,3/1/21,7.3
E06000003,4/1/21,7.1
E06000003,5/1/21,6.7
E06000003,6/1/21,6.2
E06000003,7/1/21,6
E06000003,8/1/21,5.8
E06000003,9/1/21,5.6
E06000003,10/1/21,5.3
E06000003,11/1/21,5
E06000003,12/1/21,4.8
E06000003,1/1/22,4.9
E06000003,2/1/22,4.9
E06000003,3/1/22,4.7
E06000003,4/1/22,4.3
E06000003,5/1/22,4.2
E06000003,6/1/22,4.2
E06000003,7/1/22,4.1
E06000003,8/1/22,4.1
E06000003,9/1/22,4.1
E06000003,10/1/22,4.1
E06000003,11/1/22,4.1
E06000003,12/1/22,4.2
E06000003,1/1/23,4.2
E06000003,2/1/23,4.3
E06000003,3/1/23,4.4
E06000003,4/1/23,4.4
E06000003,5/1/23,4
E06000003,6/1/23,4
E06000003,7/1/23,3.9
E06000003,8/1/23,4
E06000003,9/1/23,3.8
E06000003,10/1/23,3.9
E06000003,11/1/23,4
E06000003,12/1/23,4
E06000003,1/1/24,4
E06000003,2/1/24,4.2
E06000003,3/1/24,4.2
E06000003,4/1/24,4.1
E06000003,5/1/24,3.9
E06000003,6/1/24,3.9
E06000003,7/1/24,4.1
E06000003,8/1/24,4.2
E06000003,9/1/24,4.1
E06000003,10/1/24,3.9
E06000003,11/1/24,3.9
E06000003,12/1/24,3.9
E06000003,1/1/25,3.9
E06000003,2/1/25,4
E06000003,3/1/25,3.9
E06000003,4/1/25,3.8
E06000003,5/1/25,3.6
E06000003,6/1/25,3.6
E06000003,7/1/25,3.6
E06000003,8/1/25,3.6
E06000003,9/1/25,3.5
E06000003,10/1/25,3.5
E06000003,11/1/25,3.5
E06000003,12/1/25,3.5
E06000003,1/1/26,3.6
E06000003,2/1/26,3.8
E06000004,1/1/18,3.2
E06000004,2/1/18,3.2
E06000004,3/1/18,3.2
E06000004,4/1/18,3.2
E06000004,5/1/18,3.2
E06000004,6/1/18,3
E06000004,7/1/18,3
E06000004,8/1/18,3
E06000004,9/1/18,3.1
E06000004,10/1/18,3.3
E06000004,11/1/18,3.4
E06000004,12/1/18,3.6
E06000004,1/1/19,3.8
E06000004,2/1/19,3.9
E06000004,3/1/19,4
E06000004,4/1/19,4
E06000004,5/1/19,4
E06000004,6/1/19,4.1
E06000004,7/1/19,4.1
E06000004,8/1/19,4.1
E06000004,9/1/19,4
E06000004,10/1/19,4.1
E06000004,11/1/19,4.1
E06000004,12/1/19,4.2
E06000004,1/1/20,4.3
E06000004,2/1/20,4.4
E06000004,3/1/20,4.4
E06000004,4/1/20,6.5
E06000004,5/1/20,7.2
E06000004,6/1/20,7.1
E06000004,7/1/20,7.2
E06000004,8/1/20,7.2
E06000004,9/1/20,7.1
E06000004,10/1/20,7
E06000004,11/1/20,6.9
E06000004,12/1/20,6.7
E06000004,1/1/21,6.6
E06000004,2/1/21,6.9
E06000004,3/1/21,6.9
E06000004,4/1/21,6.8
E06000004,5/1/21,6.3
E06000004,6/1/21,5.9
E06000004,7/1/21,5.7
E06000004,8/1/21,5.5
E06000004,9/1/21,5.3
E06000004,10/1/21,5.1
E06000004,11/1/21,4.9
E06000004,12/1/21,4.8
E06000004,1/1/22,4.6
E06000004,2/1/22,4.6
E06000004,3/1/22,4.5
E06000004,4/1/22,4.3
E06000004,5/1/22,4.2
E06000004,6/1/22,4.1
E06000004,7/1/22,4
E06000004,8/1/22,4.1
E06000004,9/1/22,4.1
E06000004,10/1/22,4
E06000004,11/1/22,3.9
E06000004,12/1/22,4
E06000004,1/1/23,3.9
E06000004,2/1/23,4
E06000004,3/1/23,4.1
E06000004,4/1/23,4.1
E06000004,5/1/23,3.9
E06000004,6/1/23,3.9
E06000004,7/1/23,3.9
E06000004,8/1/23,3.9
E06000004,9/1/23,3.8
E06000004,10/1/23,3.7
E06000004,11/1/23,3.7
E06000004,12/1/23,3.7
E06000004,1/1/24,3.7
E06000004,2/1/24,3.7
E06000004,3/1/24,3.8
E06000004,4/1/24,3.8
E06000004,5/1/24,3.8
E06000004,6/1/24,3.8
E06000004,7/1/24,4.1
E06000004,8/1/24,4.1
E06000004,9/1/24,4.1
E06000004,10/1/24,4
E06000004,11/1/24,3.9
E06000004,12/1/24,3.8
E06000004,1/1/25,3.8
E06000004,2/1/25,3.8
E06000004,3/1/25,3.9
E06000004,4/1/25,3.8
E06000004,5/1/25,3.7
E06000004,6/1/25,3.7
E06000004,7/1/25,3.7
E06000004,8/1/25,3.8
E06000004,9/1/25,3.7
E06000004,10/1/25,3.7
E06000004,11/1/25,3.7
E06000004,12/1/25,3.6
E06000004,1/1/26,3.7
E06000004,2/1/26,3.8
E06000005,1/1/18,3.5
E06000005,2/1/18,3.6
E06000005,3/1/18,3.6
E06000005,4/1/18,3.7
E06000005,5/1/18,3.6
E06000005,6/1/18,3.5
E06000005,7/1/18,3.5
E06000005,8/1/18,3.6
E06000005,9/1/18,3.8
E06000005,10/1/18,3.8
E06000005,11/1/18,4
E06000005,12/1/18,4
E06000005,1/1/19,4.1
E06000005,2/1/19,4.2
E06000005,3/1/19,4.2
E06000005,4/1/19,4.2
E06000005,5/1/19,4.3
E06000005,6/1/19,4.4
E06000005,7/1/19,4.4
E06000005,8/1/19,4.5
E06000005,9/1/19,4.5
E06000005,10/1/19,4.5
E06000005,11/1/19,4.6
E06000005,12/1/19,4.6
E06000005,1/1/20,4.6
E06000005,2/1/20,4.7
E06000005,3/1/20,4.8
E06000005,4/1/20,7
E06000005,5/1/20,7.5
E06000005,6/1/20,7.3
E06000005,7/1/20,7
E06000005,8/1/20,7.1
E06000005,9/1/20,7
E06000005,10/1/20,6.9
E06000005,11/1/20,6.8
E06000005,12/1/20,6.8
E06000005,1/1/21,6.8
E06000005,2/1/21,7
E06000005,3/1/21,7.1
E06000005,4/1/21,7
E06000005,5/1/21,6.7
E06000005,6/1/21,6.2
E06000005,7/1/21,6.1
E06000005,8/1/21,5.9
E06000005,9/1/21,5.6
E06000005,10/1/21,5.4
E06000005,11/1/21,5.1
E06000005,12/1/21,5
E06000005,1/1/22,4.8
E06000005,2/1/22,4.7
E06000005,3/1/22,4.5
E06000005,4/1/22,4.2
E06000005,5/1/22,4.1
E06000005,6/1/22,4
E06000005,7/1/22,4.1
E06000005,8/1/22,4.1
E06000005,9/1/22,4.2
E06000005,10/1/22,4.1
E06000005,11/1/22,4.2
E06000005,12/1/22,4.2
E06000005,1/1/23,4.1
E06000005,2/1/23,4.1
E06000005,3/1/23,4.2
E06000005,4/1/23,4.3
E06000005,5/1/23,4.1
E06000005,6/1/23,4.1
E06000005,7/1/23,4.2
E06000005,8/1/23,4.2
E06000005,9/1/23,4.2
E06000005,10/1/23,4.1
E06000005,11/1/23,4.1
E06000005,12/1/23,4.1
E06000005,1/1/24,4.1
E06000005,2/1/24,4.1
E06000005,3/1/24,4.1
E06000005,4/1/24,4
E06000005,5/1/24,3.9
E06000005,6/1/24,4
E06000005,7/1/24,4.3
E06000005,8/1/24,4.3
E06000005,9/1/24,4.2
E06000005,10/1/24,4
E06000005,11/1/24,4
E06000005,12/1/24,3.8
E06000005,1/1/25,3.8
E06000005,2/1/25,3.9
E06000005,3/1/25,3.8
E06000005,4/1/25,3.7
E06000005,5/1/25,3.7
E06000005,6/1/25,3.7
E06000005,7/1/25,3.6
E06000005,8/1/25,3.7
E06000005,9/1/25,3.6
E06000005,10/1/25,3.5
E06000005,11/1/25,3.4
E06000005,12/1/25,3.4
E06000005,1/1/26,3.5
E06000005,2/1/26,3.6
E06000006,1/1/18,3.4
E06000006,2/1/18,3.8
E06000006,3/1/18,3.9
E06000006,4/1/18,4.3
E06000006,5/1/18,3.9
E06000006,6/1/18,4
E06000006,7/1/18,3.9
E06000006,8/1/18,4
E06000006,9/1/18,4
E06000006,10/1/18,4
E06000006,11/1/18,4
E06000006,12/1/18,4
E06000006,1/1/19,4
E06000006,2/1/19,4.3
E06000006,3/1/19,4.3
E06000006,4/1/19,4.3
E06000006,5/1/19,4.2
E06000006,6/1/19,4.1
E06000006,7/1/19,4.1
E06000006,8/1/19,4.1
E06000006,9/1/19,4
E06000006,10/1/19,3.9
E06000006,11/1/19,4
E06000006,12/1/19,3.9
E06000006,1/1/20,3.9
E06000006,2/1/20,4
E06000006,3/1/20,4.1
E06000006,4/1/20,6.8
E06000006,5/1/20,7.5
E06000006,6/1/20,7.3
E06000006,7/1/20,7.3
E06000006,8/1/20,7.3
E06000006,9/1/20,7.2
E06000006,10/1/20,6.9
E06000006,11/1/20,6.9
E06000006,12/1/20,6.7
E06000006,1/1/21,6.7
E06000006,2/1/21,7
E06000006,3/1/21,7
E06000006,4/1/21,6.8
E06000006,5/1/21,6.3
E06000006,6/1/21,5.9
E06000006,7/1/21,5.8
E06000006,8/1/21,5.6
E06000006,9/1/21,5.3
E06000006,10/1/21,5
E06000006,11/1/21,4.8
E06000006,12/1/21,4.6
E06000006,1/1/22,4.6
E06000006,2/1/22,4.7
E06000006,3/1/22,4.6
E06000006,4/1/22,4.4
E06000006,5/1/22,4.3
E06000006,6/1/22,4.2
E06000006,7/1/22,4.2
E06000006,8/1/22,4.2
E06000006,9/1/22,4.2
E06000006,10/1/22,4.1
E06000006,11/1/22,4.1
E06000006,12/1/22,4.1
E06000006,1/1/23,4.1
E06000006,2/1/23,4.2
E06000006,3/1/23,4.3
E06000006,4/1/23,4.4
E06000006,5/1/23,4.2
E06000006,6/1/23,4.1
E06000006,7/1/23,4.3
E06000006,8/1/23,4.3
E06000006,9/1/23,4.3
E06000006,10/1/23,4.3
E06000006,11/1/23,4.4
E06000006,12/1/23,4.3
E06000006,1/1/24,4.3
E06000006,2/1/24,4.3
E06000006,3/1/24,4.4
E06000006,4/1/24,4.4
E06000006,5/1/24,4.4
E06000006,6/1/24,4.4
E06000006,7/1/24,4.6
E06000006,8/1/24,4.6
E06000006,9/1/24,4.6
E06000006,10/1/24,4.4
E06000006,11/1/24,4.3
E06000006,12/1/24,4.2
E06000006,1/1/25,4.3
E06000006,2/1/25,4.4
E06000006,3/1/25,4.4
E06000006,4/1/25,4.2
E06000006,5/1/25,4.2
E06000006,6/1/25,4.2
E06000006,7/1/25,4.1
E06000006,8/1/25,4.2
E06000006,9/1/25,4.1
E06000006,10/1/25,4.1
E06000006,11/1/25,4.1
E06000006,12/1/25,4
E06000006,1/1/26,4
E06000006,2/1/26,4.3
E06000007,1/1/18,2.1
E06000007,2/1/18,2.2
E06000007,3/1/18,2.3
E06000007,4/1/18,2.6
E06000007,5/1/18,2.4
E06000007,6/1/18,2.4
E06000007,7/1/18,2.3
E06000007,8/1/18,2.3
E06000007,9/1/18,2.4
E06000007,10/1/18,2.4
E06000007,11/1/18,2.4
E06000007,12/1/18,2.4
E06000007,1/1/19,2.4
E06000007,2/1/19,2.6
E06000007,3/1/19,2.6
E06000007,4/1/19,2.5
E06000007,5/1/19,2.5
E06000007,6/1/19,2.5
E06000007,7/1/19,2.4
E06000007,8/1/19,2.4
E06000007,9/1/19,2.4
E06000007,10/1/19,2.4
E06000007,11/1/19,2.4
E06000007,12/1/19,2.5
E06000007,1/1/20,2.4
E06000007,2/1/20,2.4
E06000007,3/1/20,2.5
E06000007,4/1/20,4.5
E06000007,5/1/20,5.3
E06000007,6/1/20,5.1
E06000007,7/1/20,5.1
E06000007,8/1/20,5.2
E06000007,9/1/20,5.2
E06000007,10/1/20,5
E06000007,11/1/20,5
E06000007,12/1/20,4.9
E06000007,1/1/21,4.8
E06000007,2/1/21,5.1
E06000007,3/1/21,5.2
E06000007,4/1/21,5
E06000007,5/1/21,4.7
E06000007,6/1/21,4.3
E06000007,7/1/21,4.2
E06000007,8/1/21,4.1
E06000007,9/1/21,3.8
E06000007,10/1/21,3.6
E06000007,11/1/21,3.5
E06000007,12/1/21,3.3
E06000007,1/1/22,3.3
E06000007,2/1/22,3.3
E06000007,3/1/22,3.2
E06000007,4/1/22,3.1
E06000007,5/1/22,2.9
E06000007,6/1/22,2.8
E06000007,7/1/22,2.8
E06000007,8/1/22,2.7
E06000007,9/1/22,2.7
E06000007,10/1/22,2.5
E06000007,11/1/22,2.5
E06000007,12/1/22,2.5
E06000007,1/1/23,2.4
E06000007,2/1/23,2.5
E06000007,3/1/23,2.5
E06000007,4/1/23,2.5
E06000007,5/1/23,2.4
E06000007,6/1/23,2.4
E06000007,7/1/23,2.4
E06000007,8/1/23,2.4
E06000007,9/1/23,2.4
E06000007,10/1/23,2.4
E06000007,11/1/23,2.4
E06000007,12/1/23,2.4
E06000007,1/1/24,2.4
E06000007,2/1/24,2.4
E06000007,3/1/24,2.5
E06000007,4/1/24,2.5
E06000007,5/1/24,2.4
E06000007,6/1/24,2.4
E06000007,7/1/24,2.7
E06000007,8/1/24,2.7
E06000007,9/1/24,2.7
E06000007,10/1/24,2.6
E06000007,11/1/24,2.6
E06000007,12/1/24,2.6
E06000007,1/1/25,2.6
E06000007,2/1/25,2.7
E06000007,3/1/25,2.7
E06000007,4/1/25,2.6
E06000007,5/1/25,2.6
E06000007,6/1/25,2.6
E06000007,7/1/25,2.6
E06000007,8/1/25,2.6
E06000007,9/1/25,2.6
E06000007,10/1/25,2.5
E06000007,11/1/25,2.5
E06000007,12/1/25,2.5
E06000007,1/1/26,2.5
E06000007,2/1/26,2.7
E06000008,1/1/18,2.9
E06000008,2/1/18,3
E06000008,3/1/18,2.9
E06000008,4/1/18,3.1
E06000008,5/1/18,3.2
E06000008,6/1/18,3.4
E06000008,7/1/18,3.5
E06000008,8/1/18,3.7
E06000008,9/1/18,3.7
E06000008,10/1/18,3.8
E06000008,11/1/18,3.9
E06000008,12/1/18,4
E06000008,1/1/19,4.1
E06000008,2/1/19,4.3
E06000008,3/1/19,4.4
E06000008,4/1/19,4.4
E06000008,5/1/19,4.4
E06000008,6/1/19,4.5
E06000008,7/1/19,4.5
E06000008,8/1/19,4.6
E06000008,9/1/19,4.5
E06000008,10/1/19,4.6
E06000008,11/1/19,4.6
E06000008,12/1/19,4.6
E06000008,1/1/20,4.6
E06000008,2/1/20,4.7
E06000008,3/1/20,4.7
E06000008,4/1/20,6.8
E06000008,5/1/20,8
E06000008,6/1/20,7.9
E06000008,7/1/20,7.9
E06000008,8/1/20,7.8
E06000008,9/1/20,7.8
E06000008,10/1/20,7.7
E06000008,11/1/20,7.8
E06000008,12/1/20,7.8
E06000008,1/1/21,7.7
E06000008,2/1/21,8
E06000008,3/1/21,8.1
E06000008,4/1/21,8
E06000008,5/1/21,7.5
E06000008,6/1/21,7.1
E06000008,7/1/21,6.9
E06000008,8/1/21,6.8
E06000008,9/1/21,6.5
E06000008,10/1/21,6.3
E06000008,11/1/21,6.1
E06000008,12/1/21,5.9
E06000008,1/1/22,5.7
E06000008,2/1/22,5.7
E06000008,3/1/22,5.6
E06000008,4/1/22,5.4
E06000008,5/1/22,5.3
E06000008,6/1/22,5.2
E06000008,7/1/22,5
E06000008,8/1/22,5
E06000008,9/1/22,5
E06000008,10/1/22,4.9
E06000008,11/1/22,5
E06000008,12/1/22,5.1
E06000008,1/1/23,5
E06000008,2/1/23,5.2
E06000008,3/1/23,5.2
E06000008,4/1/23,5.3
E06000008,5/1/23,5.1
E06000008,6/1/23,4.9
E06000008,7/1/23,5.1
E06000008,8/1/23,5
E06000008,9/1/23,4.9
E06000008,10/1/23,4.9
E06000008,11/1/23,4.9
E06000008,12/1/23,4.8
E06000008,1/1/24,4.9
E06000008,2/1/24,5.1
E06000008,3/1/24,5.4
E06000008,4/1/24,5.5
E06000008,5/1/24,5.7
E06000008,6/1/24,5.7
E06000008,7/1/24,6.4
E06000008,8/1/24,6.3
E06000008,9/1/24,6.4
E06000008,10/1/24,6.4
E06000008,11/1/24,6.2
E06000008,12/1/24,5.9
E06000008,1/1/25,5.8
E06000008,2/1/25,6
E06000008,3/1/25,5.8
E06000008,4/1/25,5.5
E06000008,5/1/25,5.5
E06000008,6/1/25,5.5
E06000008,7/1/25,5.4
E06000008,8/1/25,5.4
E06000008,9/1/25,5.3
E06000008,10/1/25,5.2
E06000008,11/1/25,5.2
E06000008,12/1/25,5.1
E06000008,1/1/26,5.1
E06000008,2/1/26,5.4
E06000009,1/1/18,4.6
E06000009,2/1/18,4.8
E06000009,3/1/18,4.8
E06000009,4/1/18,4.7
E06000009,5/1/18,4.4
E06000009,6/1/18,4.2
E06000009,7/1/18,4
E06000009,8/1/18,4
E06000009,9/1/18,3.9
E06000009,10/1/18,4
E06000009,11/1/18,4.2
E06000009,12/1/18,4.4
E06000009,1/1/19,4.8
E06000009,2/1/19,5
E06000009,3/1/19,5.2
E06000009,4/1/19,5.4
E06000009,5/1/19,5.5
E06000009,6/1/19,5.5
E06000009,7/1/19,5.6
E06000009,8/1/19,5.8
E06000009,9/1/19,5.9
E06000009,10/1/19,6
E06000009,11/1/19,6.3
E06000009,12/1/19,6.4
E06000009,1/1/20,6.8
E06000009,2/1/20,6.8
E06000009,3/1/20,7
E06000009,4/1/20,10.8
E06000009,5/1/20,11.9
E06000009,6/1/20,11.8
E06000009,7/1/20,11.9
E06000009,8/1/20,11.8
E06000009,9/1/20,11.2
E06000009,10/1/20,10.8
E06000009,11/1/20,11.2
E06000009,12/1/20,11.5
E06000009,1/1/21,11.8
E06000009,2/1/21,12.1
E06000009,3/1/21,12
E06000009,4/1/21,11.6
E06000009,5/1/21,10.9
E06000009,6/1/21,10
E06000009,7/1/21,9.6
E06000009,8/1/21,9.1
E06000009,9/1/21,8.5
E06000009,10/1/21,8.3
E06000009,11/1/21,8.1
E06000009,12/1/21,8
E06000009,1/1/22,8.1
E06000009,2/1/22,8.2
E06000009,3/1/22,8
E06000009,4/1/22,7.6
E06000009,5/1/22,7.1
E06000009,6/1/22,6.9
E06000009,7/1/22,6.8
E06000009,8/1/22,6.6
E06000009,9/1/22,6.5
E06000009,10/1/22,6.5
E06000009,11/1/22,6.6
E06000009,12/1/22,6.6
E06000009,1/1/23,6.7
E06000009,2/1/23,6.9
E06000009,3/1/23,7.1
E06000009,4/1/23,6.9
E06000009,5/1/23,6.3
E06000009,6/1/23,6.3
E06000009,7/1/23,6.3
E06000009,8/1/23,6
E06000009,9/1/23,5.8
E06000009,10/1/23,5.8
E06000009,11/1/23,5.9
E06000009,12/1/23,5.9
E06000009,1/1/24,6.1
E06000009,2/1/24,6.3
E06000009,3/1/24,6.4
E06000009,4/1/24,6.2
E06000009,5/1/24,6
E06000009,6/1/24,5.8
E06000009,7/1/24,6.2
E06000009,8/1/24,6
E06000009,9/1/24,5.9
E06000009,10/1/24,5.9
E06000009,11/1/24,6
E06000009,12/1/24,5.9
E06000009,1/1/25,6.1
E06000009,2/1/25,6.3
E06000009,3/1/25,6.3
E06000009,4/1/25,6.1
E06000009,5/1/25,5.8
E06000009,6/1/25,5.5
E06000009,7/1/25,5.5
E06000009,8/1/25,5.4
E06000009,9/1/25,5.3
E06000009,10/1/25,5.3
E06000009,11/1/25,5.5
E06000009,12/1/25,5.5
E06000009,1/1/26,5.7
E06000009,2/1/26,6
E06000010,1/1/18,3.6
E06000010,2/1/18,3.7
E06000010,3/1/18,3.8
E06000010,4/1/18,3.7
E06000010,5/1/18,3.7
E06000010,6/1/18,3.5
E06000010,7/1/18,3.5
E06000010,8/1/18,3.5
E06000010,9/1/18,3.5
E06000010,10/1/18,3.5
E06000010,11/1/18,3.6
E06000010,12/1/18,3.7
E06000010,1/1/19,3.9
E06000010,2/1/19,4
E06000010,3/1/19,4.3
E06000010,4/1/19,4.5
E06000010,5/1/19,4.7
E06000010,6/1/19,4.9
E06000010,7/1/19,4.9
E06000010,8/1/19,4.9
E06000010,9/1/19,4.9
E06000010,10/1/19,5
E06000010,11/1/19,5.1
E06000010,12/1/19,5.2
E06000010,1/1/20,5.5
E06000010,2/1/20,5.6
E06000010,3/1/20,5.7
E06000010,4/1/20,8.4
E06000010,5/1/20,9.4
E06000010,6/1/20,9.3
E06000010,7/1/20,9.4
E06000010,8/1/20,9.4
E06000010,9/1/20,9.2
E06000010,10/1/20,9.1
E06000010,11/1/20,9.2
E06000010,12/1/20,9.2
E06000010,1/1/21,9.3
E06000010,2/1/21,9.6
E06000010,3/1/21,9.5
E06000010,4/1/21,9.3
E06000010,5/1/21,8.9
E06000010,6/1/21,8.4
E06000010,7/1/21,8.2
E06000010,8/1/21,7.9
E06000010,9/1/21,7.6
E06000010,10/1/21,7.5
E06000010,11/1/21,7.4
E06000010,12/1/21,7.1
E06000010,1/1/22,7
E06000010,2/1/22,7.1
E06000010,3/1/22,6.9
E06000010,4/1/22,6.4
E06000010,5/1/22,6.1
E06000010,6/1/22,5.9
E06000010,7/1/22,5.9
E06000010,8/1/22,5.7
E06000010,9/1/22,5.5
E06000010,10/1/22,5.4
E06000010,11/1/22,5.6
E06000010,12/1/22,5.7
E06000010,1/1/23,5.6
E06000010,2/1/23,5.5
E06000010,3/1/23,5.6
E06000010,4/1/23,5.7
E06000010,5/1/23,5.5
E06000010,6/1/23,5.5
E06000010,7/1/23,5.4
E06000010,8/1/23,5.4
E06000010,9/1/23,5.3
E06000010,10/1/23,5.3
E06000010,11/1/23,5.5
E06000010,12/1/23,5.6
E06000010,1/1/24,5.6
E06000010,2/1/24,5.8
E06000010,3/1/24,5.8
E06000010,4/1/24,5.7
E06000010,5/1/24,5.8
E06000010,6/1/24,5.8
E06000010,7/1/24,6.2
E06000010,8/1/24,6.2
E06000010,9/1/24,6.1
E06000010,10/1/24,6
E06000010,11/1/24,6
E06000010,12/1/24,5.9
E06000010,1/1/25,5.8
E06000010,2/1/25,6
E06000010,3/1/25,6.1
E06000010,4/1/25,5.9
E06000010,5/1/25,5.8
E06000010,6/1/25,5.7
E06000010,7/1/25,5.5
E06000010,8/1/25,5.4
E06000010,9/1/25,5.3
E06000010,10/1/25,5.2
E06000010,11/1/25,5.1
E06000010,12/1/25,5.1
E06000010,1/1/26,5.2
E06000010,2/1/26,5.4
E06000011,1/1/18,1.5
E06000011,2/1/18,1.6
E06000011,3/1/18,1.6
E06000011,4/1/18,1.5
E06000011,5/1/18,1.5
E06000011,6/1/18,1.4
E06000011,7/1/18,1.4
E06000011,8/1/18,1.4
E06000011,9/1/18,1.5
E06000011,10/1/18,1.6
E06000011,11/1/18,1.7
E06000011,12/1/18,1.8
E06000011,1/1/19,1.9
E06000011,2/1/19,2
E06000011,3/1/19,2.1
E06000011,4/1/19,2
E06000011,5/1/19,2
E06000011,6/1/19,2
E06000011,7/1/19,2
E06000011,8/1/19,2
E06000011,9/1/19,2
E06000011,10/1/19,2.1
E06000011,11/1/19,2.2
E06000011,12/1/19,2.2
E06000011,1/1/20,2.3
E06000011,2/1/20,2.3
E06000011,3/1/20,2.3
E06000011,4/1/20,4.3
E06000011,5/1/20,4.8
E06000011,6/1/20,4.6
E06000011,7/1/20,4.6
E06000011,8/1/20,4.7
E06000011,9/1/20,4.5
E06000011,10/1/20,4.2
E06000011,11/1/20,4.4
E06000011,12/1/20,4.3
E06000011,1/1/21,4.3
E06000011,2/1/21,4.5
E06000011,3/1/21,4.3
E06000011,4/1/21,4.2
E06000011,5/1/21,3.9
E06000011,6/1/21,3.6
E06000011,7/1/21,3.4
E06000011,8/1/21,3.3
E06000011,9/1/21,3.1
E06000011,10/1/21,3
E06000011,11/1/21,2.9
E06000011,12/1/21,2.8
E06000011,1/1/22,2.9
E06000011,2/1/22,2.8
E06000011,3/1/22,2.7
E06000011,4/1/22,2.5
E06000011,5/1/22,2.4
E06000011,6/1/22,2.4
E06000011,7/1/22,2.3
E06000011,8/1/22,2.3
E06000011,9/1/22,2.3
E06000011,10/1/22,2.3
E06000011,11/1/22,2.4
E06000011,12/1/22,2.4
E06000011,1/1/23,2.4
E06000011,2/1/23,2.4
E06000011,3/1/23,2.5
E06000011,4/1/23,2.4
E06000011,5/1/23,2.3
E06000011,6/1/23,2.3
E06000011,7/1/23,2.2
E06000011,8/1/23,2.2
E06000011,9/1/23,2.2
E06000011,10/1/23,2.3
E06000011,11/1/23,2.4
E06000011,12/1/23,2.4
E06000011,1/1/24,2.4
E06000011,2/1/24,2.5
E06000011,3/1/24,2.5
E06000011,4/1/24,2.4
E06000011,5/1/24,2.4
E06000011,6/1/24,2.4
E06000011,7/1/24,2.6
E06000011,8/1/24,2.6
E06000011,9/1/24,2.5
E06000011,10/1/24,2.4
E06000011,11/1/24,2.5
E06000011,12/1/24,2.4
E06000011,1/1/25,2.5
E06000011,2/1/25,2.6
E06000011,3/1/25,2.5
E06000011,4/1/25,2.4
E06000011,5/1/25,2.3
E06000011,6/1/25,2.3
E06000011,7/1/25,2.2
E06000011,8/1/25,2.2
E06000011,9/1/25,2.2
E06000011,10/1/25,2.2
E06000011,11/1/25,2.2
E06000011,12/1/25,2.2
E06000011,1/1/26,2.3
E06000011,2/1/26,2.4
E06000012,1/1/18,3.4
E06000012,2/1/18,3.6
E06000012,3/1/18,3.9
E06000012,4/1/18,4.1
E06000012,5/1/18,4.1
E06000012,6/1/18,4.1
E06000012,7/1/18,4.2
E06000012,8/1/18,4.3
E06000012,9/1/18,4.3
E06000012,10/1/18,4.3
E06000012,11/1/18,4.3
E06000012,12/1/18,4.3
E06000012,1/1/19,4.4
E06000012,2/1/19,4.6
E06000012,3/1/19,4.5
E06000012,4/1/19,4.4
E06000012,5/1/19,4.3
E06000012,6/1/19,4.3
E06000012,7/1/19,4.4
E06000012,8/1/19,4.4
E06000012,9/1/19,4.3
E06000012,10/1/19,4.2
E06000012,11/1/19,4.2
E06000012,12/1/19,4.2
E06000012,1/1/20,4.3
E06000012,2/1/20,4.5
E06000012,3/1/20,4.6
E06000012,4/1/20,7
E06000012,5/1/20,7.5
E06000012,6/1/20,7.5
E06000012,7/1/20,7.6
E06000012,8/1/20,7.5
E06000012,9/1/20,7.4
E06000012,10/1/20,7
E06000012,11/1/20,7
E06000012,12/1/20,6.9
E06000012,1/1/21,6.8
E06000012,2/1/21,7
E06000012,3/1/21,6.9
E06000012,4/1/21,6.7
E06000012,5/1/21,6.2
E06000012,6/1/21,5.8
E06000012,7/1/21,5.7
E06000012,8/1/21,5.6
E06000012,9/1/21,5.5
E06000012,10/1/21,5.3
E06000012,11/1/21,5.1
E06000012,12/1/21,5
E06000012,1/1/22,4.9
E06000012,2/1/22,4.9
E06000012,3/1/22,4.7
E06000012,4/1/22,4.4
E06000012,5/1/22,4.3
E06000012,6/1/22,4.3
E06000012,7/1/22,4.2
E06000012,8/1/22,4.2
E06000012,9/1/22,4.1
E06000012,10/1/22,4
E06000012,11/1/22,4.2
E06000012,12/1/22,4.2
E06000012,1/1/23,4.2
E06000012,2/1/23,4.4
E06000012,3/1/23,4.5
E06000012,4/1/23,4.6
E06000012,5/1/23,4.3
E06000012,6/1/23,4.4
E06000012,7/1/23,4.4
E06000012,8/1/23,4.3
E06000012,9/1/23,4.3
E06000012,10/1/23,4.3
E06000012,11/1/23,4.4
E06000012,12/1/23,4.4
E06000012,1/1/24,4.5
E06000012,2/1/24,4.6
E06000012,3/1/24,4.6
E06000012,4/1/24,4.5
E06000012,5/1/24,4.4
E06000012,6/1/24,4.6
E06000012,7/1/24,4.9
E06000012,8/1/24,4.9
E06000012,9/1/24,4.8
E06000012,10/1/24,4.5
E06000012,11/1/24,4.3
E06000012,12/1/24,4.2
E06000012,1/1/25,4.2
E06000012,2/1/25,4.3
E06000012,3/1/25,4.2
E06000012,4/1/25,4.1
E06000012,5/1/25,4
E06000012,6/1/25,4.1
E06000012,7/1/25,4
E06000012,8/1/25,4
E06000012,9/1/25,4
E06000012,10/1/25,4.1
E06000012,11/1/25,4
E06000012,12/1/25,4
E06000012,1/1/26,4.1
E06000012,2/1/26,4.3
E06000013,1/1/18,2.3
E06000013,2/1/18,2.5
E06000013,3/1/18,2.7
E06000013,4/1/18,3
E06000013,5/1/18,2.9
E06000013,6/1/18,3
E06000013,7/1/18,3
E06000013,8/1/18,3
E06000013,9/1/18,3
E06000013,10/1/18,3.1
E06000013,11/1/18,3.1
E06000013,12/1/18,3.1
E06000013,1/1/19,3.1
E06000013,2/1/19,3.3
E06000013,3/1/19,3.3
E06000013,4/1/19,3.3
E06000013,5/1/19,3.2
E06000013,6/1/19,3.3
E06000013,7/1/19,3.2
E06000013,8/1/19,3.3
E06000013,9/1/19,3.2
E06000013,10/1/19,3.3
E06000013,11/1/19,3.3
E06000013,12/1/19,3.3
E06000013,1/1/20,3.3
E06000013,2/1/20,3.5
E06000013,3/1/20,3.5
E06000013,4/1/20,5.8
E06000013,5/1/20,6.4
E06000013,6/1/20,6.1
E06000013,7/1/20,6.2
E06000013,8/1/20,6.2
E06000013,9/1/20,6
E06000013,10/1/20,5.7
E06000013,11/1/20,5.7
E06000013,12/1/20,5.7
E06000013,1/1/21,5.8
E06000013,2/1/21,6
E06000013,3/1/21,5.9
E06000013,4/1/21,5.7
E06000013,5/1/21,5.4
E06000013,6/1/21,5.1
E06000013,7/1/21,5
E06000013,8/1/21,4.7
E06000013,9/1/21,4.6
E06000013,10/1/21,4.4
E06000013,11/1/21,4.3
E06000013,12/1/21,4.1
E06000013,1/1/22,4.1
E06000013,2/1/22,4.1
E06000013,3/1/22,3.9
E06000013,4/1/22,3.7
E06000013,5/1/22,3.6
E06000013,6/1/22,3.5
E06000013,7/1/22,3.4
E06000013,8/1/22,3.5
E06000013,9/1/22,3.4
E06000013,10/1/22,3.4
E06000013,11/1/22,3.5
E06000013,12/1/22,3.5
E06000013,1/1/23,3.4
E06000013,2/1/23,3.5
E06000013,3/1/23,3.5
E06000013,4/1/23,3.6
E06000013,5/1/23,3.4
E06000013,6/1/23,3.4
E06000013,7/1/23,3.4
E06000013,8/1/23,3.3
E06000013,9/1/23,3.3
E06000013,10/1/23,3.3
E06000013,11/1/23,3.4
E06000013,12/1/23,3.4
E06000013,1/1/24,3.5
E06000013,2/1/24,3.7
E06000013,3/1/24,3.6
E06000013,4/1/24,3.6
E06000013,5/1/24,3.5
E06000013,6/1/24,3.7
E06000013,7/1/24,3.9
E06000013,8/1/24,3.8
E06000013,9/1/24,3.8
E06000013,10/1/24,3.8
E06000013,11/1/24,3.7
E06000013,12/1/24,3.6
E06000013,1/1/25,3.6
E06000013,2/1/25,3.6
E06000013,3/1/25,3.6
E06000013,4/1/25,3.6
E06000013,5/1/25,3.5
E06000013,6/1/25,3.5
E06000013,7/1/25,3.5
E06000013,8/1/25,3.4
E06000013,9/1/25,3.4
E06000013,10/1/25,3.4
E06000013,11/1/25,3.4
E06000013,12/1/25,3.4
E06000013,1/1/26,3.4
E06000013,2/1/26,3.6
E06000014,1/1/18,1
E06000014,2/1/18,1.1
E06000014,3/1/18,1.2
E06000014,4/1/18,1.4
E06000014,5/1/18,1.3
E06000014,6/1/18,1.2
E06000014,7/1/18,1.3
E06000014,8/1/18,1.3
E06000014,9/1/18,1.3
E06000014,10/1/18,1.3
E06000014,11/1/18,1.3
E06000014,12/1/18,1.3
E06000014,1/1/19,1.3
E06000014,2/1/19,1.4
E06000014,3/1/19,1.4
E06000014,4/1/19,1.4
E06000014,5/1/19,1.3
E06000014,6/1/19,1.3
E06000014,7/1/19,1.3
E06000014,8/1/19,1.3
E06000014,9/1/19,1.3
E06000014,10/1/19,1.3
E06000014,11/1/19,1.3
E06000014,12/1/19,1.3
E06000014,1/1/20,1.3
E06000014,2/1/20,1.4
E06000014,3/1/20,1.4
E06000014,4/1/20,3.3
E06000014,5/1/20,3.8
E06000014,6/1/20,3.6
E06000014,7/1/20,3.7
E06000014,8/1/20,3.8
E06000014,9/1/20,3.7
E06000014,10/1/20,3.5
E06000014,11/1/20,3.6
E06000014,12/1/20,3.6
E06000014,1/1/21,3.5
E06000014,2/1/21,3.7
E06000014,3/1/21,3.7
E06000014,4/1/21,3.6
E06000014,5/1/21,3.3
E06000014,6/1/21,2.9
E06000014,7/1/21,2.8
E06000014,8/1/21,2.7
E06000014,9/1/21,2.5
E06000014,10/1/21,2.4
E06000014,11/1/21,2.3
E06000014,12/1/21,2.2
E06000014,1/1/22,2.1
E06000014,2/1/22,2.1
E06000014,3/1/22,2
E06000014,4/1/22,2
E06000014,5/1/22,1.9
E06000014,6/1/22,1.8
E06000014,7/1/22,1.8
E06000014,8/1/22,1.8
E06000014,9/1/22,1.8
E06000014,10/1/22,1.8
E06000014,11/1/22,1.8
E06000014,12/1/22,1.8
E06000014,1/1/23,1.7
E06000014,2/1/23,1.6
E06000014,3/1/23,1.6
E06000014,4/1/23,1.7
E06000014,5/1/23,1.6
E06000014,6/1/23,1.6
E06000014,7/1/23,1.7
E06000014,8/1/23,1.6
E06000014,9/1/23,1.6
E06000014,10/1/23,1.6
E06000014,11/1/23,1.7
E06000014,12/1/23,1.7
E06000014,1/1/24,1.6
E06000014,2/1/24,1.7
E06000014,3/1/24,1.7
E06000014,4/1/24,1.7
E06000014,5/1/24,1.6
E06000014,6/1/24,1.7
E06000014,7/1/24,1.8
E06000014,8/1/24,1.9
E06000014,9/1/24,1.8
E06000014,10/1/24,1.8
E06000014,11/1/24,1.8
E06000014,12/1/24,1.8
E06000014,1/1/25,1.8
E06000014,2/1/25,1.9
E06000014,3/1/25,1.9
E06000014,4/1/25,1.9
E06000014,5/1/25,1.9
E06000014,6/1/25,1.8
E06000014,7/1/25,1.8
E06000014,8/1/25,1.8
E06000014,9/1/25,1.8
E06000014,10/1/25,1.7
E06000014,11/1/25,1.8
E06000014,12/1/25,1.7
E06000014,1/1/26,1.8
E06000014,2/1/26,1.9
E06000015,1/1/18,1.7
E06000015,2/1/18,1.9
E06000015,3/1/18,2
E06000015,4/1/18,2.1
E06000015,5/1/18,2.1
E06000015,6/1/18,2.1
E06000015,7/1/18,2
E06000015,8/1/18,2
E06000015,9/1/18,2
E06000015,10/1/18,2
E06000015,11/1/18,2.1
E06000015,12/1/18,2.2
E06000015,1/1/19,2.4
E06000015,2/1/19,2.6
E06000015,3/1/19,2.8
E06000015,4/1/19,2.9
E06000015,5/1/19,2.9
E06000015,6/1/19,3
E06000015,7/1/19,3
E06000015,8/1/19,3.2
E06000015,9/1/19,3.2
E06000015,10/1/19,3.2
E06000015,11/1/19,3.2
E06000015,12/1/19,3.2
E06000015,1/1/20,3.3
E06000015,2/1/20,3.4
E06000015,3/1/20,3.5
E06000015,4/1/20,5.1
E06000015,5/1/20,7
E06000015,6/1/20,7.2
E06000015,7/1/20,7.1
E06000015,8/1/20,7.2
E06000015,9/1/20,7.3
E06000015,10/1/20,7.1
E06000015,11/1/20,7.2
E06000015,12/1/20,7.2
E06000015,1/1/21,7.2
E06000015,2/1/21,7.5
E06000015,3/1/21,7.5
E06000015,4/1/21,7.4
E06000015,5/1/21,7.1
E06000015,6/1/21,6.7
E06000015,7/1/21,6.5
E06000015,8/1/21,6.2
E06000015,9/1/21,6
E06000015,10/1/21,5.7
E06000015,11/1/21,5.5
E06000015,12/1/21,5.2
E06000015,1/1/22,5
E06000015,2/1/22,5.1
E06000015,3/1/22,4.9
E06000015,4/1/22,4.8
E06000015,5/1/22,4.6
E06000015,6/1/22,4.5
E06000015,7/1/22,4.5
E06000015,8/1/22,4.5
E06000015,9/1/22,4.5
E06000015,10/1/22,4.4
E06000015,11/1/22,4.5
E06000015,12/1/22,4.4
E06000015,1/1/23,4.4
E06000015,2/1/23,4.6
E06000015,3/1/23,4.8
E06000015,4/1/23,4.9
E06000015,5/1/23,4.8
E06000015,6/1/23,4.7
E06000015,7/1/23,4.7
E06000015,8/1/23,4.6
E06000015,9/1/23,4.6
E06000015,10/1/23,4.6
E06000015,11/1/23,4.6
E06000015,12/1/23,4.7
E06000015,1/1/24,4.6
E06000015,2/1/24,4.8
E06000015,3/1/24,5.1
E06000015,4/1/24,5.1
E06000015,5/1/24,5.1
E06000015,6/1/24,5.2
E06000015,7/1/24,5.4
E06000015,8/1/24,5.4
E06000015,9/1/24,5.4
E06000015,10/1/24,5.3
E06000015,11/1/24,5.3
E06000015,12/1/24,5.1
E06000015,1/1/25,5.1
E06000015,2/1/25,5.3
E06000015,3/1/25,5.3
E06000015,4/1/25,5.1
E06000015,5/1/25,5
E06000015,6/1/25,5
E06000015,7/1/25,4.9
E06000015,8/1/25,5
E06000015,9/1/25,4.9
E06000015,10/1/25,4.9
E06000015,11/1/25,4.8
E06000015,12/1/25,4.9
E06000015,1/1/26,4.9
E06000015,2/1/26,5.1
E06000016,1/1/18,1.6
E06000016,2/1/18,1.7
E06000016,3/1/18,1.8
E06000016,4/1/18,1.8
E06000016,5/1/18,1.8
E06000016,6/1/18,1.7
E06000016,7/1/18,1.7
E06000016,8/1/18,1.8
E06000016,9/1/18,1.9
E06000016,10/1/18,2
E06000016,11/1/18,2.1
E06000016,12/1/18,2.2
E06000016,1/1/19,2.2
E06000016,2/1/19,2.5
E06000016,3/1/19,2.6
E06000016,4/1/19,2.6
E06000016,5/1/19,2.7
E06000016,6/1/19,2.8
E06000016,7/1/19,2.9
E06000016,8/1/19,2.9
E06000016,9/1/19,2.9
E06000016,10/1/19,3
E06000016,11/1/19,3
E06000016,12/1/19,3
E06000016,1/1/20,3.1
E06000016,2/1/20,3.2
E06000016,3/1/20,3.2
E06000016,4/1/20,5.2
E06000016,5/1/20,6.6
E06000016,6/1/20,6.7
E06000016,7/1/20,6.9
E06000016,8/1/20,7
E06000016,9/1/20,7.1
E06000016,10/1/20,6.9
E06000016,11/1/20,6.9
E06000016,12/1/20,6.9
E06000016,1/1/21,6.9
E06000016,2/1/21,7.2
E06000016,3/1/21,7.4
E06000016,4/1/21,7.3
E06000016,5/1/21,7
E06000016,6/1/21,6.6
E06000016,7/1/21,6.4
E06000016,8/1/21,6.2
E06000016,9/1/21,5.9
E06000016,10/1/21,5.8
E06000016,11/1/21,5.6
E06000016,12/1/21,5.4
E06000016,1/1/22,5.2
E06000016,2/1/22,5.2
E06000016,3/1/22,5.1
E06000016,4/1/22,4.9
E06000016,5/1/22,4.9
E06000016,6/1/22,4.7
E06000016,7/1/22,4.6
E06000016,8/1/22,4.5
E06000016,9/1/22,4.5
E06000016,10/1/22,4.4
E06000016,11/1/22,4.4
E06000016,12/1/22,4.6
E06000016,1/1/23,4.4
E06000016,2/1/23,4.6
E06000016,3/1/23,4.7
E06000016,4/1/23,4.9
E06000016,5/1/23,4.9
E06000016,6/1/23,4.9
E06000016,7/1/23,5
E06000016,8/1/23,4.9
E06000016,9/1/23,4.9
E06000016,10/1/23,4.8
E06000016,11/1/23,4.7
E06000016,12/1/23,4.6
E06000016,1/1/24,4.6
E06000016,2/1/24,4.8
E06000016,3/1/24,4.9
E06000016,4/1/24,5.1
E06000016,5/1/24,5.3
E06000016,6/1/24,5.5
E06000016,7/1/24,6.1
E06000016,8/1/24,6.1
E06000016,9/1/24,6.1
E06000016,10/1/24,6.1
E06000016,11/1/24,5.9
E06000016,12/1/24,5.7
E06000016,1/1/25,5.7
E06000016,2/1/25,6
E06000016,3/1/25,6
E06000016,4/1/25,5.9
E06000016,5/1/25,5.8
E06000016,6/1/25,5.8
E06000016,7/1/25,5.7
E06000016,8/1/25,5.6
E06000016,9/1/25,5.5
E06000016,10/1/25,5.4
E06000016,11/1/25,5.2
E06000016,12/1/25,5.1
E06000016,1/1/26,5.1
E06000016,2/1/26,5.5
E06000017,1/1/18,0.6
E06000017,2/1/18,0.7
E06000017,3/1/18,0.7
E06000017,4/1/18,0.8
E06000017,5/1/18,0.8
E06000017,6/1/18,0.8
E06000017,7/1/18,0.9
E06000017,8/1/18,0.9
E06000017,9/1/18,0.9
E06000017,10/1/18,0.9
E06000017,11/1/18,0.9
E06000017,12/1/18,1
E06000017,1/1/19,1
E06000017,2/1/19,1.1
E06000017,3/1/19,1.1
E06000017,4/1/19,1.1
E06000017,5/1/19,1
E06000017,6/1/19,1
E06000017,7/1/19,1.1
E06000017,8/1/19,1.1
E06000017,9/1/19,1.1
E06000017,10/1/19,1.1
E06000017,11/1/19,1.1
E06000017,12/1/19,1.2
E06000017,1/1/20,1.3
E06000017,2/1/20,1.3
E06000017,3/1/20,1.2
E06000017,4/1/20,2.5
E06000017,5/1/20,3.4
E06000017,6/1/20,3.3
E06000017,7/1/20,3.4
E06000017,8/1/20,3.5
E06000017,9/1/20,3.4
E06000017,10/1/20,3.1
E06000017,11/1/20,3.1
E06000017,12/1/20,3.2
E06000017,1/1/21,2.9
E06000017,2/1/21,3.1
E06000017,3/1/21,3.2
E06000017,4/1/21,3.1
E06000017,5/1/21,2.8
E06000017,6/1/21,2.5
E06000017,7/1/21,2.5
E06000017,8/1/21,2.4
E06000017,9/1/21,2.3
E06000017,10/1/21,2.2
E06000017,11/1/21,2.1
E06000017,12/1/21,1.9
E06000017,1/1/22,1.8
E06000017,2/1/22,1.7
E06000017,3/1/22,1.5
E06000017,4/1/22,1.3
E06000017,5/1/22,1.4
E06000017,6/1/22,1.3
E06000017,7/1/22,1.4
E06000017,8/1/22,1.4
E06000017,9/1/22,1.4
E06000017,10/1/22,1.3
E06000017,11/1/22,1.4
E06000017,12/1/22,1.4
E06000017,1/1/23,1.5
E06000017,2/1/23,1.6
E06000017,3/1/23,1.7
E06000017,4/1/23,1.6
E06000017,5/1/23,1.7
E06000017,6/1/23,1.7
E06000017,7/1/23,1.6
E06000017,8/1/23,1.6
E06000017,9/1/23,1.5
E06000017,10/1/23,1.5
E06000017,11/1/23,1.6
E06000017,12/1/23,1.7
E06000017,1/1/24,1.7
E06000017,2/1/24,1.8
E06000017,3/1/24,1.8
E06000017,4/1/24,1.7
E06000017,5/1/24,1.8
E06000017,6/1/24,1.7
E06000017,7/1/24,1.8
E06000017,8/1/24,1.7
E06000017,9/1/24,1.9
E06000017,10/1/24,1.8
E06000017,11/1/24,1.8
E06000017,12/1/24,1.7
E06000017,1/1/25,1.8
E06000017,2/1/25,1.8
E06000017,3/1/25,1.9
E06000017,4/1/25,1.8
E06000017,5/1/25,1.8
E06000017,6/1/25,1.8
E06000017,7/1/25,1.8
E06000017,8/1/25,1.7
E06000017,9/1/25,1.7
E06000017,10/1/25,1.7
E06000017,11/1/25,1.7
E06000017,12/1/25,1.7
E06000017,1/1/26,1.7
E06000017,2/1/26,1.9
E06000018,1/1/18,3.2
E06000018,2/1/18,3.3
E06000018,3/1/18,3.4
E06000018,4/1/18,3.4
E06000018,5/1/18,3.3
E06000018,6/1/18,3.2
E06000018,7/1/18,3.1
E06000018,8/1/18,3.1
E06000018,9/1/18,3
E06000018,10/1/18,2.9
E06000018,11/1/18,2.8
E06000018,12/1/18,2.8
E06000018,1/1/19,3.1
E06000018,2/1/19,3.3
E06000018,3/1/19,3.5
E06000018,4/1/19,3.7
E06000018,5/1/19,3.8
E06000018,6/1/19,3.9
E06000018,7/1/19,4
E06000018,8/1/19,4.1
E06000018,9/1/19,4.2
E06000018,10/1/19,4.3
E06000018,11/1/19,4.3
E06000018,12/1/19,4.3
E06000018,1/1/20,4.4
E06000018,2/1/20,4.6
E06000018,3/1/20,4.6
E06000018,4/1/20,6.4
E06000018,5/1/20,7.9
E06000018,6/1/20,7.9
E06000018,7/1/20,8
E06000018,8/1/20,8
E06000018,9/1/20,8
E06000018,10/1/20,7.9
E06000018,11/1/20,7.9
E06000018,12/1/20,7.8
E06000018,1/1/21,7.8
E06000018,2/1/21,8.2
E06000018,3/1/21,8.3
E06000018,4/1/21,8.2
E06000018,5/1/21,7.9
E06000018,6/1/21,7.5
E06000018,7/1/21,7.3
E06000018,8/1/21,7.1
E06000018,9/1/21,6.9
E06000018,10/1/21,6.6
E06000018,11/1/21,6.4
E06000018,12/1/21,6.2
E06000018,1/1/22,5.9
E06000018,2/1/22,5.9
E06000018,3/1/22,5.8
E06000018,4/1/22,5.5
E06000018,5/1/22,5.4
E06000018,6/1/22,5.3
E06000018,7/1/22,5.2
E06000018,8/1/22,5.2
E06000018,9/1/22,5.2
E06000018,10/1/22,5.1
E06000018,11/1/22,5.1
E06000018,12/1/22,5.2
E06000018,1/1/23,5.2
E06000018,2/1/23,5.3
E06000018,3/1/23,5.5
E06000018,4/1/23,5.6
E06000018,5/1/23,5.5
E06000018,6/1/23,5.5
E06000018,7/1/23,5.5
E06000018,8/1/23,5.4
E06000018,9/1/23,5.4
E06000018,10/1/23,5.3
E06000018,11/1/23,5.3
E06000018,12/1/23,5.4
E06000018,1/1/24,5.4
E06000018,2/1/24,5.6
E06000018,3/1/24,5.8
E06000018,4/1/24,5.8
E06000018,5/1/24,5.9
E06000018,6/1/24,6
E06000018,7/1/24,6.4
E06000018,8/1/24,6.3
E06000018,9/1/24,6.2
E06000018,10/1/24,6.2
E06000018,11/1/24,6
E06000018,12/1/24,6
E06000018,1/1/25,6
E06000018,2/1/25,6.1
E06000018,3/1/25,6.2
E06000018,4/1/25,6.1
E06000018,5/1/25,6
E06000018,6/1/25,6.1
E06000018,7/1/25,6
E06000018,8/1/25,6
E06000018,9/1/25,5.9
E06000018,10/1/25,5.9
E06000018,11/1/25,5.8
E06000018,12/1/25,5.8
E06000018,1/1/26,5.8
E06000018,2/1/26,6.1
E06000019,1/1/18,1.1
E06000019,2/1/18,1.1
E06000019,3/1/18,1.1
E06000019,4/1/18,1.2
E06000019,5/1/18,1.1
E06000019,6/1/18,1
E06000019,7/1/18,1.1
E06000019,8/1/18,1.1
E06000019,9/1/18,1.1
E06000019,10/1/18,1.3
E06000019,11/1/18,1.3
E06000019,12/1/18,1.4
E06000019,1/1/19,1.5
E06000019,2/1/19,1.6
E06000019,3/1/19,1.7
E06000019,4/1/19,1.7
E06000019,5/1/19,1.7
E06000019,6/1/19,1.7
E06000019,7/1/19,1.7
E06000019,8/1/19,1.7
E06000019,9/1/19,1.7
E06000019,10/1/19,1.8
E06000019,11/1/19,1.9
E06000019,12/1/19,1.8
E06000019,1/1/20,1.9
E06000019,2/1/20,1.9
E06000019,3/1/20,2
E06000019,4/1/20,3.6
E06000019,5/1/20,4.7
E06000019,6/1/20,4.4
E06000019,7/1/20,4.5
E06000019,8/1/20,4.7
E06000019,9/1/20,4.5
E06000019,10/1/20,4.2
E06000019,11/1/20,4.3
E06000019,12/1/20,4.2
E06000019,1/1/21,4.1
E06000019,2/1/21,4.4
E06000019,3/1/21,4.4
E06000019,4/1/21,4.3
E06000019,5/1/21,4
E06000019,6/1/21,3.6
E06000019,7/1/21,3.4
E06000019,8/1/21,3.3
E06000019,9/1/21,3.1
E06000019,10/1/21,2.9
E06000019,11/1/21,2.8
E06000019,12/1/21,2.7
E06000019,1/1/22,2.7
E06000019,2/1/22,2.7
E06000019,3/1/22,2.7
E06000019,4/1/22,2.5
E06000019,5/1/22,2.5
E06000019,6/1/22,2.4
E06000019,7/1/22,2.4
E06000019,8/1/22,2.4
E06000019,9/1/22,2.3
E06000019,10/1/22,2.3
E06000019,11/1/22,2.3
E06000019,12/1/22,2.3
E06000019,1/1/23,2.4
E06000019,2/1/23,2.4
E06000019,3/1/23,2.5
E06000019,4/1/23,2.5
E06000019,5/1/23,2.4
E06000019,6/1/23,2.4
E06000019,7/1/23,2.4
E06000019,8/1/23,2.4
E06000019,9/1/23,2.3
E06000019,10/1/23,2.2
E06000019,11/1/23,2.3
E06000019,12/1/23,2.4
E06000019,1/1/24,2.4
E06000019,2/1/24,2.4
E06000019,3/1/24,2.5
E06000019,4/1/24,2.4
E06000019,5/1/24,2.5
E06000019,6/1/24,2.6
E06000019,7/1/24,2.8
E06000019,8/1/24,2.9
E06000019,9/1/24,2.9
E06000019,10/1/24,2.9
E06000019,11/1/24,2.8
E06000019,12/1/24,2.8
E06000019,1/1/25,2.7
E06000019,2/1/25,2.9
E06000019,3/1/25,2.9
E06000019,4/1/25,2.8
E06000019,5/1/25,2.6
E06000019,6/1/25,2.6
E06000019,7/1/25,2.6
E06000019,8/1/25,2.6
E06000019,9/1/25,2.6
E06000019,10/1/25,2.6
E06000019,11/1/25,2.5
E06000019,12/1/25,2.4
E06000019,1/1/26,2.5
E06000019,2/1/26,2.6
E06000020,1/1/18,1.7
E06000020,2/1/18,1.8
E06000020,3/1/18,1.9
E06000020,4/1/18,1.9
E06000020,5/1/18,1.9
E06000020,6/1/18,1.8
E06000020,7/1/18,1.7
E06000020,8/1/18,1.7
E06000020,9/1/18,1.7
E06000020,10/1/18,1.6
E06000020,11/1/18,1.6
E06000020,12/1/18,1.6
E06000020,1/1/19,1.8
E06000020,2/1/19,2
E06000020,3/1/19,2.1
E06000020,4/1/19,2.3
E06000020,5/1/19,2.4
E06000020,6/1/19,2.5
E06000020,7/1/19,2.6
E06000020,8/1/19,2.7
E06000020,9/1/19,2.8
E06000020,10/1/19,2.8
E06000020,11/1/19,2.9
E06000020,12/1/19,2.9
E06000020,1/1/20,2.9
E06000020,2/1/20,2.9
E06000020,3/1/20,3
E06000020,4/1/20,5.4
E06000020,5/1/20,6.2
E06000020,6/1/20,6
E06000020,7/1/20,6.1
E06000020,8/1/20,6.3
E06000020,9/1/20,6.2
E06000020,10/1/20,5.9
E06000020,11/1/20,6
E06000020,12/1/20,5.9
E06000020,1/1/21,5.6
E06000020,2/1/21,5.8
E06000020,3/1/21,5.7
E06000020,4/1/21,5.6
E06000020,5/1/21,5.3
E06000020,6/1/21,5
E06000020,7/1/21,4.9
E06000020,8/1/21,4.7
E06000020,9/1/21,4.5
E06000020,10/1/21,4.4
E06000020,11/1/21,4.2
E06000020,12/1/21,4.1
E06000020,1/1/22,4
E06000020,2/1/22,4
E06000020,3/1/22,3.9
E06000020,4/1/22,3.7
E06000020,5/1/22,3.6
E06000020,6/1/22,3.5
E06000020,7/1/22,3.4
E06000020,8/1/22,3.4
E06000020,9/1/22,3.4
E06000020,10/1/22,3.3
E06000020,11/1/22,3.4
E06000020,12/1/22,3.3
E06000020,1/1/23,3.3
E06000020,2/1/23,3.3
E06000020,3/1/23,3.3
E06000020,4/1/23,3.4
E06000020,5/1/23,3.2
E06000020,6/1/23,3.3
E06000020,7/1/23,3.3
E06000020,8/1/23,3.3
E06000020,9/1/23,3.3
E06000020,10/1/23,3.4
E06000020,11/1/23,3.3
E06000020,12/1/23,3.3
E06000020,1/1/24,3.3
E06000020,2/1/24,3.4
E06000020,3/1/24,3.4
E06000020,4/1/24,3.4
E06000020,5/1/24,3.5
E06000020,6/1/24,3.6
E06000020,7/1/24,3.9
E06000020,8/1/24,3.9
E06000020,9/1/24,4
E06000020,10/1/24,3.9
E06000020,11/1/24,3.8
E06000020,12/1/24,3.8
E06000020,1/1/25,3.7
E06000020,2/1/25,3.8
E06000020,3/1/25,3.8
E06000020,4/1/25,3.7
E06000020,5/1/25,3.6
E06000020,6/1/25,3.7
E06000020,7/1/25,3.8
E06000020,8/1/25,3.7
E06000020,9/1/25,3.8
E06000020,10/1/25,3.8
E06000020,11/1/25,3.7
E06000020,12/1/25,3.7
E06000020,1/1/26,3.7
E06000020,2/1/26,3.9
E06000021,1/1/18,2.5
E06000021,2/1/18,2.7
E06000021,3/1/18,2.8
E06000021,4/1/18,2.7
E06000021,5/1/18,2.8
E06000021,6/1/18,2.6
E06000021,7/1/18,2.5
E06000021,8/1/18,2.6
E06000021,9/1/18,2.7
E06000021,10/1/18,2.8
E06000021,11/1/18,2.9
E06000021,12/1/18,3
E06000021,1/1/19,3.2
E06000021,2/1/19,3.4
E06000021,3/1/19,3.7
E06000021,4/1/19,3.8
E06000021,5/1/19,3.9
E06000021,6/1/19,4
E06000021,7/1/19,4
E06000021,8/1/19,4.1
E06000021,9/1/19,4
E06000021,10/1/19,4.1
E06000021,11/1/19,4.1
E06000021,12/1/19,4.2
E06000021,1/1/20,4.3
E06000021,2/1/20,4.4
E06000021,3/1/20,4.5
E06000021,4/1/20,6.5
E06000021,5/1/20,8
E06000021,6/1/20,7.9
E06000021,7/1/20,7.9
E06000021,8/1/20,8
E06000021,9/1/20,8
E06000021,10/1/20,7.8
E06000021,11/1/20,7.8
E06000021,12/1/20,7.7
E06000021,1/1/21,7.7
E06000021,2/1/21,8.1
E06000021,3/1/21,8
E06000021,4/1/21,7.9
E06000021,5/1/21,7.5
E06000021,6/1/21,7.2
E06000021,7/1/21,7.2
E06000021,8/1/21,7
E06000021,9/1/21,6.7
E06000021,10/1/21,6.4
E06000021,11/1/21,6.2
E06000021,12/1/21,6
E06000021,1/1/22,5.9
E06000021,2/1/22,5.8
E06000021,3/1/22,5.8
E06000021,4/1/22,5.6
E06000021,5/1/22,5.4
E06000021,6/1/22,5.3
E06000021,7/1/22,5.2
E06000021,8/1/22,5.2
E06000021,9/1/22,5.1
E06000021,10/1/22,5.1
E06000021,11/1/22,5.2
E06000021,12/1/22,5.1
E06000021,1/1/23,5.1
E06000021,2/1/23,5.2
E06000021,3/1/23,5.4
E06000021,4/1/23,5.5
E06000021,5/1/23,5.2
E06000021,6/1/23,5.3
E06000021,7/1/23,5.3
E06000021,8/1/23,5.3
E06000021,9/1/23,5.2
E06000021,10/1/23,5.1
E06000021,11/1/23,5.2
E06000021,12/1/23,5.2
E06000021,1/1/24,5.3
E06000021,2/1/24,5.5
E06000021,3/1/24,5.7
E06000021,4/1/24,5.8
E06000021,5/1/24,5.7
E06000021,6/1/24,5.7
E06000021,7/1/24,6
E06000021,8/1/24,5.9
E06000021,9/1/24,6
E06000021,10/1/24,6
E06000021,11/1/24,5.9
E06000021,12/1/24,5.7
E06000021,1/1/25,5.8
E06000021,2/1/25,6
E06000021,3/1/25,5.9
E06000021,4/1/25,5.7
E06000021,5/1/25,5.7
E06000021,6/1/25,5.7
E06000021,7/1/25,5.6
E06000021,8/1/25,5.6
E06000021,9/1/25,5.5
E06000021,10/1/25,5.4
E06000021,11/1/25,5.3
E06000021,12/1/25,5.2
E06000021,1/1/26,5.2
E06000021,2/1/26,5.5
E06000022,1/1/18,1.6
E06000022,2/1/18,1.7
E06000022,3/1/18,1.7
E06000022,4/1/18,1.9
E06000022,5/1/18,1.8
E06000022,6/1/18,1.7
E06000022,7/1/18,1.7
E06000022,8/1/18,1.7
E06000022,9/1/18,1.7
E06000022,10/1/18,1.7
E06000022,11/1/18,1.7
E06000022,12/1/18,1.7
E06000022,1/1/19,1.7
E06000022,2/1/19,1.8
E06000022,3/1/19,1.8
E06000022,4/1/19,1.8
E06000022,5/1/19,1.8
E06000022,6/1/19,1.8
E06000022,7/1/19,1.8
E06000022,8/1/19,1.8
E06000022,9/1/19,1.9
E06000022,10/1/19,1.9
E06000022,11/1/19,1.8
E06000022,12/1/19,1.8
E06000022,1/1/20,1.7
E06000022,2/1/20,1.8
E06000022,3/1/20,1.7
E06000022,4/1/20,3.1
E06000022,5/1/20,4.2
E06000022,6/1/20,4
E06000022,7/1/20,4.2
E06000022,8/1/20,4.3
E06000022,9/1/20,4.3
E06000022,10/1/20,4
E06000022,11/1/20,4.1
E06000022,12/1/20,4
E06000022,1/1/21,3.9
E06000022,2/1/21,4
E06000022,3/1/21,4.1
E06000022,4/1/21,4
E06000022,5/1/21,3.7
E06000022,6/1/21,3.3
E06000022,7/1/21,3.2
E06000022,8/1/21,3.1
E06000022,9/1/21,2.9
E06000022,10/1/21,2.7
E06000022,11/1/21,2.6
E06000022,12/1/21,2.5
E06000022,1/1/22,2.4
E06000022,2/1/22,2.3
E06000022,3/1/22,2.3
E06000022,4/1/22,2.1
E06000022,5/1/22,1.9
E06000022,6/1/22,1.8
E06000022,7/1/22,1.8
E06000022,8/1/22,1.7
E06000022,9/1/22,1.7
E06000022,10/1/22,1.7
E06000022,11/1/22,1.7
E06000022,12/1/22,1.7
E06000022,1/1/23,1.7
E06000022,2/1/23,1.7
E06000022,3/1/23,1.7
E06000022,4/1/23,1.8
E06000022,5/1/23,1.7
E06000022,6/1/23,1.7
E06000022,7/1/23,1.7
E06000022,8/1/23,1.7
E06000022,9/1/23,1.7
E06000022,10/1/23,1.7
E06000022,11/1/23,1.7
E06000022,12/1/23,1.7
E06000022,1/1/24,1.8
E06000022,2/1/24,1.8
E06000022,3/1/24,1.8
E06000022,4/1/24,1.8
E06000022,5/1/24,1.8
E06000022,6/1/24,1.8
E06000022,7/1/24,2
E06000022,8/1/24,1.9
E06000022,9/1/24,2
E06000022,10/1/24,1.9
E06000022,11/1/24,1.9
E06000022,12/1/24,1.9
E06000022,1/1/25,1.8
E06000022,2/1/25,2
E06000022,3/1/25,2
E06000022,4/1/25,1.9
E06000022,5/1/25,1.9
E06000022,6/1/25,1.9
E06000022,7/1/25,1.9
E06000022,8/1/25,1.9
E06000022,9/1/25,1.9
E06000022,10/1/25,1.8
E06000022,11/1/25,1.8
E06000022,12/1/25,1.8
E06000022,1/1/26,1.8
E06000022,2/1/26,2
E06000023,1/1/18,1.6
E06000023,2/1/18,1.7
E06000023,3/1/18,1.7
E06000023,4/1/18,1.7
E06000023,5/1/18,1.6
E06000023,6/1/18,1.6
E06000023,7/1/18,1.6
E06000023,8/1/18,1.6
E06000023,9/1/18,1.6
E06000023,10/1/18,1.7
E06000023,11/1/18,1.8
E06000023,12/1/18,1.9
E06000023,1/1/19,2
E06000023,2/1/19,2.1
E06000023,3/1/19,2.1
E06000023,4/1/19,2.2
E06000023,5/1/19,2.3
E06000023,6/1/19,2.4
E06000023,7/1/19,2.4
E06000023,8/1/19,2.5
E06000023,9/1/19,2.5
E06000023,10/1/19,2.5
E06000023,11/1/19,2.5
E06000023,12/1/19,2.5
E06000023,1/1/20,2.5
E06000023,2/1/20,2.5
E06000023,3/1/20,2.6
E06000023,4/1/20,4.6
E06000023,5/1/20,6.2
E06000023,6/1/20,6
E06000023,7/1/20,6.2
E06000023,8/1/20,6.3
E06000023,9/1/20,6.2
E06000023,10/1/20,6
E06000023,11/1/20,6
E06000023,12/1/20,5.9
E06000023,1/1/21,5.7
E06000023,2/1/21,6
E06000023,3/1/21,6
E06000023,4/1/21,5.9
E06000023,5/1/21,5.5
E06000023,6/1/21,5.1
E06000023,7/1/21,5
E06000023,8/1/21,4.8
E06000023,9/1/21,4.5
E06000023,10/1/21,4.4
E06000023,11/1/21,4.2
E06000023,12/1/21,4.1
E06000023,1/1/22,3.8
E06000023,2/1/22,3.8
E06000023,3/1/22,3.7
E06000023,4/1/22,3.5
E06000023,5/1/22,3.4
E06000023,6/1/22,3.3
E06000023,7/1/22,3.2
E06000023,8/1/22,3.2
E06000023,9/1/22,3.2
E06000023,10/1/22,3.2
E06000023,11/1/22,3.2
E06000023,12/1/22,3.2
E06000023,1/1/23,3.1
E06000023,2/1/23,3.2
E06000023,3/1/23,3.2
E06000023,4/1/23,3.2
E06000023,5/1/23,3.2
E06000023,6/1/23,3.2
E06000023,7/1/23,3.2
E06000023,8/1/23,3.2
E06000023,9/1/23,3.2
E06000023,10/1/23,3.3
E06000023,11/1/23,3.3
E06000023,12/1/23,3.3
E06000023,1/1/24,3.3
E06000023,2/1/24,3.4
E06000023,3/1/24,3.3
E06000023,4/1/24,3.3
E06000023,5/1/24,3.2
E06000023,6/1/24,3.3
E06000023,7/1/24,3.5
E06000023,8/1/24,3.6
E06000023,9/1/24,3.6
E06000023,10/1/24,3.6
E06000023,11/1/24,3.5
E06000023,12/1/24,3.4
E06000023,1/1/25,3.4
E06000023,2/1/25,3.6
E06000023,3/1/25,3.6
E06000023,4/1/25,3.5
E06000023,5/1/25,3.6
E06000023,6/1/25,3.6
E06000023,7/1/25,3.5
E06000023,8/1/25,3.5
E06000023,9/1/25,3.5
E06000023,10/1/25,3.6
E06000023,11/1/25,3.6
E06000023,12/1/25,3.5
E06000023,1/1/26,3.5
E06000023,2/1/26,3.7
E06000024,1/1/18,1.4
E06000024,2/1/18,1.5
E06000024,3/1/18,1.5
E06000024,4/1/18,1.8
E06000024,5/1/18,1.6
E06000024,6/1/18,1.6
E06000024,7/1/18,1.6
E06000024,8/1/18,1.7
E06000024,9/1/18,1.7
E06000024,10/1/18,1.8
E06000024,11/1/18,1.8
E06000024,12/1/18,1.8
E06000024,1/1/19,1.8
E06000024,2/1/19,2
E06000024,3/1/19,2
E06000024,4/1/19,2
E06000024,5/1/19,1.9
E06000024,6/1/19,2
E06000024,7/1/19,2
E06000024,8/1/19,2
E06000024,9/1/19,2
E06000024,10/1/19,2.1
E06000024,11/1/19,2.1
E06000024,12/1/19,2.1
E06000024,1/1/20,2.1
E06000024,2/1/20,2.1
E06000024,3/1/20,2
E06000024,4/1/20,4
E06000024,5/1/20,4.9
E06000024,6/1/20,4.7
E06000024,7/1/20,4.8
E06000024,8/1/20,4.8
E06000024,9/1/20,4.6
E06000024,10/1/20,4.4
E06000024,11/1/20,4.5
E06000024,12/1/20,4.5
E06000024,1/1/21,4.4
E06000024,2/1/21,4.5
E06000024,3/1/21,4.5
E06000024,4/1/21,4.4
E06000024,5/1/21,4
E06000024,6/1/21,3.6
E06000024,7/1/21,3.6
E06000024,8/1/21,3.4
E06000024,9/1/21,3.2
E06000024,10/1/21,3.1
E06000024,11/1/21,3
E06000024,12/1/21,2.9
E06000024,1/1/22,2.8
E06000024,2/1/22,2.8
E06000024,3/1/22,2.7
E06000024,4/1/22,2.5
E06000024,5/1/22,2.4
E06000024,6/1/22,2.3
E06000024,7/1/22,2.3
E06000024,8/1/22,2.3
E06000024,9/1/22,2.3
E06000024,10/1/22,2.2
E06000024,11/1/22,2.3
E06000024,12/1/22,2.3
E06000024,1/1/23,2.2
E06000024,2/1/23,2.3
E06000024,3/1/23,2.3
E06000024,4/1/23,2.4
E06000024,5/1/23,2.2
E06000024,6/1/23,2.2
E06000024,7/1/23,2.2
E06000024,8/1/23,2.2
E06000024,9/1/23,2.3
E06000024,10/1/23,2.3
E06000024,11/1/23,2.4
E06000024,12/1/23,2.4
E06000024,1/1/24,2.4
E06000024,2/1/24,2.5
E06000024,3/1/24,2.5
E06000024,4/1/24,2.5
E06000024,5/1/24,2.4
E06000024,6/1/24,2.4
E06000024,7/1/24,2.6
E06000024,8/1/24,2.6
E06000024,9/1/24,2.7
E06000024,10/1/24,2.5
E06000024,11/1/24,2.4
E06000024,12/1/24,2.4
E06000024,1/1/25,2.4
E06000024,2/1/25,2.5
E06000024,3/1/25,2.5
E06000024,4/1/25,2.4
E06000024,5/1/25,2.4
E06000024,6/1/25,2.4
E06000024,7/1/25,2.4
E06000024,8/1/25,2.4
E06000024,9/1/25,2.4
E06000024,10/1/25,2.4
E06000024,11/1/25,2.4
E06000024,12/1/25,2.4
E06000024,1/1/26,2.4
E06000024,2/1/26,2.5
E06000025,1/1/18,0.9
E06000025,2/1/18,0.9
E06000025,3/1/18,0.9
E06000025,4/1/18,0.9
E06000025,5/1/18,0.9
E06000025,6/1/18,0.8
E06000025,7/1/18,0.8
E06000025,8/1/18,0.8
E06000025,9/1/18,0.8
E06000025,10/1/18,0.8
E06000025,11/1/18,0.8
E06000025,12/1/18,0.9
E06000025,1/1/19,0.9
E06000025,2/1/19,1.1
E06000025,3/1/19,1.1
E06000025,4/1/19,1.2
E06000025,5/1/19,1.2
E06000025,6/1/19,1.2
E06000025,7/1/19,1.3
E06000025,8/1/19,1.3
E06000025,9/1/19,1.3
E06000025,10/1/19,1.3
E06000025,11/1/19,1.4
E06000025,12/1/19,1.4
E06000025,1/1/20,1.3
E06000025,2/1/20,1.4
E06000025,3/1/20,1.4
E06000025,4/1/20,2.9
E06000025,5/1/20,4
E06000025,6/1/20,3.7
E06000025,7/1/20,3.8
E06000025,8/1/20,4
E06000025,9/1/20,3.9
E06000025,10/1/20,3.6
E06000025,11/1/20,3.6
E06000025,12/1/20,3.6
E06000025,1/1/21,3.4
E06000025,2/1/21,3.6
E06000025,3/1/21,3.6
E06000025,4/1/21,3.5
E06000025,5/1/21,3.2
E06000025,6/1/21,2.9
E06000025,7/1/21,2.8
E06000025,8/1/21,2.7
E06000025,9/1/21,2.5
E06000025,10/1/21,2.4
E06000025,11/1/21,2.3
E06000025,12/1/21,2.2
E06000025,1/1/22,2.1
E06000025,2/1/22,2
E06000025,3/1/22,2
E06000025,4/1/22,1.8
E06000025,5/1/22,1.8
E06000025,6/1/22,1.7
E06000025,7/1/22,1.7
E06000025,8/1/22,1.7
E06000025,9/1/22,1.7
E06000025,10/1/22,1.7
E06000025,11/1/22,1.7
E06000025,12/1/22,1.7
E06000025,1/1/23,1.6
E06000025,2/1/23,1.7
E06000025,3/1/23,1.6
E06000025,4/1/23,1.7
E06000025,5/1/23,1.6
E06000025,6/1/23,1.7
E06000025,7/1/23,1.7
E06000025,8/1/23,1.7
E06000025,9/1/23,1.6
E06000025,10/1/23,1.7
E06000025,11/1/23,1.7
E06000025,12/1/23,1.7
E06000025,1/1/24,1.7
E06000025,2/1/24,1.8
E06000025,3/1/24,1.8
E06000025,4/1/24,1.8
E06000025,5/1/24,1.8
E06000025,6/1/24,1.8
E06000025,7/1/24,2
E06000025,8/1/24,2
E06000025,9/1/24,2
E06000025,10/1/24,2
E06000025,11/1/24,1.9
E06000025,12/1/24,1.9
E06000025,1/1/25,1.9
E06000025,2/1/25,2
E06000025,3/1/25,2.1
E06000025,4/1/25,2
E06000025,5/1/25,2
E06000025,6/1/25,2
E06000025,7/1/25,2
E06000025,8/1/25,2
E06000025,9/1/25,2
E06000025,10/1/25,2
E06000025,11/1/25,2
E06000025,12/1/25,2
E06000025,1/1/26,2
E06000025,2/1/26,2.1
E06000026,1/1/18,2.1
E06000026,2/1/18,2.1
E06000026,3/1/18,2.2
E06000026,4/1/18,2.5
E06000026,5/1/18,2.5
E06000026,6/1/18,2.6
E06000026,7/1/18,2.7
E06000026,8/1/18,2.7
E06000026,9/1/18,2.8
E06000026,10/1/18,2.8
E06000026,11/1/18,2.9
E06000026,12/1/18,3
E06000026,1/1/19,3.1
E06000026,2/1/19,3.2
E06000026,3/1/19,3.2
E06000026,4/1/19,3.2
E06000026,5/1/19,3.2
E06000026,6/1/19,3.2
E06000026,7/1/19,3.1
E06000026,8/1/19,3.2
E06000026,9/1/19,3.1
E06000026,10/1/19,3.1
E06000026,11/1/19,3.2
E06000026,12/1/19,3.2
E06000026,1/1/20,3.2
E06000026,2/1/20,3.5
E06000026,3/1/20,3.4
E06000026,4/1/20,5.6
E06000026,5/1/20,6.4
E06000026,6/1/20,6.1
E06000026,7/1/20,6.3
E06000026,8/1/20,6.4
E06000026,9/1/20,6.3
E06000026,10/1/20,5.9
E06000026,11/1/20,6
E06000026,12/1/20,5.8
E06000026,1/1/21,5.7
E06000026,2/1/21,5.9
E06000026,3/1/21,5.9
E06000026,4/1/21,5.8
E06000026,5/1/21,5.4
E06000026,6/1/21,5
E06000026,7/1/21,4.9
E06000026,8/1/21,4.7
E06000026,9/1/21,4.5
E06000026,10/1/21,4.4
E06000026,11/1/21,4.2
E06000026,12/1/21,4
E06000026,1/1/22,3.9
E06000026,2/1/22,3.9
E06000026,3/1/22,3.7
E06000026,4/1/22,3.5
E06000026,5/1/22,3.4
E06000026,6/1/22,3.3
E06000026,7/1/22,3.2
E06000026,8/1/22,3.1
E06000026,9/1/22,3.1
E06000026,10/1/22,3
E06000026,11/1/22,3.1
E06000026,12/1/22,3.2
E06000026,1/1/23,3.1
E06000026,2/1/23,3.1
E06000026,3/1/23,3.2
E06000026,4/1/23,3.2
E06000026,5/1/23,3.1
E06000026,6/1/23,3.1
E06000026,7/1/23,3.2
E06000026,8/1/23,3.2
E06000026,9/1/23,3.2
E06000026,10/1/23,3.2
E06000026,11/1/23,3.2
E06000026,12/1/23,3.2
E06000026,1/1/24,3.2
E06000026,2/1/24,3.4
E06000026,3/1/24,3.4
E06000026,4/1/24,3.3
E06000026,5/1/24,3.3
E06000026,6/1/24,3.3
E06000026,7/1/24,3.5
E06000026,8/1/24,3.5
E06000026,9/1/24,3.4
E06000026,10/1/24,3.3
E06000026,11/1/24,3.3
E06000026,12/1/24,3.3
E06000026,1/1/25,3.3
E06000026,2/1/25,3.5
E06000026,3/1/25,3.5
E06000026,4/1/25,3.5
E06000026,5/1/25,3.4
E06000026,6/1/25,3.4
E06000026,7/1/25,3.3
E06000026,8/1/25,3.3
E06000026,9/1/25,3.3
E06000026,10/1/25,3.3
E06000026,11/1/25,3.3
E06000026,12/1/25,3.3
E06000026,1/1/26,3.4
E06000026,2/1/26,3.5
E06000027,1/1/18,2.2
E06000027,2/1/18,2.3
E06000027,3/1/18,2.3
E06000027,4/1/18,2.2
E06000027,5/1/18,2.1
E06000027,6/1/18,1.9
E06000027,7/1/18,1.8
E06000027,8/1/18,1.8
E06000027,9/1/18,1.7
E06000027,10/1/18,1.8
E06000027,11/1/18,2
E06000027,12/1/18,2.3
E06000027,1/1/19,2.5
E06000027,2/1/19,2.8
E06000027,3/1/19,2.9
E06000027,4/1/19,3
E06000027,5/1/19,3
E06000027,6/1/19,2.9
E06000027,7/1/19,2.9
E06000027,8/1/19,2.9
E06000027,9/1/19,2.9
E06000027,10/1/19,3
E06000027,11/1/19,3
E06000027,12/1/19,3
E06000027,1/1/20,3.1
E06000027,2/1/20,3.4
E06000027,3/1/20,3.4
E06000027,4/1/20,6.9
E06000027,5/1/20,7.8
E06000027,6/1/20,7.4
E06000027,7/1/20,7.5
E06000027,8/1/20,7.5
E06000027,9/1/20,7.3
E06000027,10/1/20,6.7
E06000027,11/1/20,7
E06000027,12/1/20,6.9
E06000027,1/1/21,6.6
E06000027,2/1/21,7.1
E06000027,3/1/21,7
E06000027,4/1/21,6.8
E06000027,5/1/21,6.1
E06000027,6/1/21,5.4
E06000027,7/1/21,5.2
E06000027,8/1/21,4.8
E06000027,9/1/21,4.4
E06000027,10/1/21,4.3
E06000027,11/1/21,4.1
E06000027,12/1/21,4
E06000027,1/1/22,4
E06000027,2/1/22,4
E06000027,3/1/22,4
E06000027,4/1/22,3.6
E06000027,5/1/22,3.4
E06000027,6/1/22,3.2
E06000027,7/1/22,3.2
E06000027,8/1/22,3.1
E06000027,9/1/22,3.1
E06000027,10/1/22,3
E06000027,11/1/22,3.1
E06000027,12/1/22,3.1
E06000027,1/1/23,3.2
E06000027,2/1/23,3.2
E06000027,3/1/23,3.3
E06000027,4/1/23,3.3
E06000027,5/1/23,3
E06000027,6/1/23,3.1
E06000027,7/1/23,3.1
E06000027,8/1/23,3.1
E06000027,9/1/23,3.2
E06000027,10/1/23,3.1
E06000027,11/1/23,3.2
E06000027,12/1/23,3.2
E06000027,1/1/24,3.2
E06000027,2/1/24,3.4
E06000027,3/1/24,3.4
E06000027,4/1/24,3.3
E06000027,5/1/24,3.2
E06000027,6/1/24,3.2
E06000027,7/1/24,3.3
E06000027,8/1/24,3.4
E06000027,9/1/24,3.4
E06000027,10/1/24,3.1
E06000027,11/1/24,3.2
E06000027,12/1/24,3.2
E06000027,1/1/25,3.4
E06000027,2/1/25,3.5
E06000027,3/1/25,3.5
E06000027,4/1/25,3.4
E06000027,5/1/25,3.3
E06000027,6/1/25,3.3
E06000027,7/1/25,3.2
E06000027,8/1/25,3.2
E06000027,9/1/25,3.1
E06000027,10/1/25,3.2
E06000027,11/1/25,3.3
E06000027,12/1/25,3.4
E06000027,1/1/26,3.5
E06000027,2/1/26,3.6
E06000030,1/1/18,1.9
E06000030,2/1/18,2.1
E06000030,3/1/18,2.1
E06000030,4/1/18,2.3
E06000030,5/1/18,2
E06000030,6/1/18,2
E06000030,7/1/18,2
E06000030,8/1/18,2.1
E06000030,9/1/18,2.1
E06000030,10/1/18,2.1
E06000030,11/1/18,2.1
E06000030,12/1/18,2
E06000030,1/1/19,2.1
E06000030,2/1/19,2.2
E06000030,3/1/19,2.2
E06000030,4/1/19,2.2
E06000030,5/1/19,2.2
E06000030,6/1/19,2.3
E06000030,7/1/19,2.3
E06000030,8/1/19,2.3
E06000030,9/1/19,2.3
E06000030,10/1/19,2.3
E06000030,11/1/19,2.2
E06000030,12/1/19,2.2
E06000030,1/1/20,2.2
E06000030,2/1/20,2.3
E06000030,3/1/20,2.3
E06000030,4/1/20,4.2
E06000030,5/1/20,5.7
E06000030,6/1/20,5.4
E06000030,7/1/20,5.5
E06000030,8/1/20,5.6
E06000030,9/1/20,5.5
E06000030,10/1/20,5.3
E06000030,11/1/20,5.3
E06000030,12/1/20,5.2
E06000030,1/1/21,5.2
E06000030,2/1/21,5.5
E06000030,3/1/21,5.4
E06000030,4/1/21,5.3
E06000030,5/1/21,4.9
E06000030,6/1/21,4.6
E06000030,7/1/21,4.5
E06000030,8/1/21,4.4
E06000030,9/1/21,4.3
E06000030,10/1/21,4.2
E06000030,11/1/21,4
E06000030,12/1/21,3.8
E06000030,1/1/22,3.7
E06000030,2/1/22,3.7
E06000030,3/1/22,3.5
E06000030,4/1/22,3.3
E06000030,5/1/22,3.1
E06000030,6/1/22,3.1
E06000030,7/1/22,2.9
E06000030,8/1/22,2.9
E06000030,9/1/22,3
E06000030,10/1/22,3
E06000030,11/1/22,2.9
E06000030,12/1/22,3
E06000030,1/1/23,2.9
E06000030,2/1/23,2.9
E06000030,3/1/23,2.9
E06000030,4/1/23,3
E06000030,5/1/23,2.8
E06000030,6/1/23,2.8
E06000030,7/1/23,2.8
E06000030,8/1/23,2.9
E06000030,9/1/23,3
E06000030,10/1/23,2.9
E06000030,11/1/23,3
E06000030,12/1/23,3
E06000030,1/1/24,2.9
E06000030,2/1/24,3.1
E06000030,3/1/24,3.2
E06000030,4/1/24,3.1
E06000030,5/1/24,3.2
E06000030,6/1/24,3.2
E06000030,7/1/24,3.4
E06000030,8/1/24,3.4
E06000030,9/1/24,3.4
E06000030,10/1/24,3.4
E06000030,11/1/24,3.3
E06000030,12/1/24,3.2
E06000030,1/1/25,3.2
E06000030,2/1/25,3.3
E06000030,3/1/25,3.3
E06000030,4/1/25,3.3
E06000030,5/1/25,3.2
E06000030,6/1/25,3.2
E06000030,7/1/25,3.2
E06000030,8/1/25,3.3
E06000030,9/1/25,3.3
E06000030,10/1/25,3.3
E06000030,11/1/25,3.2
E06000030,12/1/25,3.2
E06000030,1/1/26,3.2
E06000030,2/1/26,3.4
E06000031,1/1/18,1.4
E06000031,2/1/18,1.6
E06000031,3/1/18,1.9
E06000031,4/1/18,2.2
E06000031,5/1/18,2.2
E06000031,6/1/18,2.3
E06000031,7/1/18,2.3
E06000031,8/1/18,2.4
E06000031,9/1/18,2.5
E06000031,10/1/18,2.5
E06000031,11/1/18,2.5
E06000031,12/1/18,2.5
E06000031,1/1/19,2.5
E06000031,2/1/19,2.8
E06000031,3/1/19,2.9
E06000031,4/1/19,2.9
E06000031,5/1/19,2.9
E06000031,6/1/19,3
E06000031,7/1/19,3
E06000031,8/1/19,3.1
E06000031,9/1/19,3
E06000031,10/1/19,3.1
E06000031,11/1/19,3.2
E06000031,12/1/19,3.1
E06000031,1/1/20,3.2
E06000031,2/1/20,3.4
E06000031,3/1/20,3.5
E06000031,4/1/20,5.1
E06000031,5/1/20,7.1
E06000031,6/1/20,7
E06000031,7/1/20,7.1
E06000031,8/1/20,7.1
E06000031,9/1/20,7.1
E06000031,10/1/20,6.9
E06000031,11/1/20,6.9
E06000031,12/1/20,6.9
E06000031,1/1/21,6.8
E06000031,2/1/21,7.3
E06000031,3/1/21,7.6
E06000031,4/1/21,7.5
E06000031,5/1/21,7.2
E06000031,6/1/21,6.8
E06000031,7/1/21,6.6
E06000031,8/1/21,6.4
E06000031,9/1/21,6.1
E06000031,10/1/21,5.9
E06000031,11/1/21,5.7
E06000031,12/1/21,5.4
E06000031,1/1/22,5.3
E06000031,2/1/22,5.3
E06000031,3/1/22,5.2
E06000031,4/1/22,4.9
E06000031,5/1/22,4.9
E06000031,6/1/22,4.8
E06000031,7/1/22,4.7
E06000031,8/1/22,4.7
E06000031,9/1/22,4.7
E06000031,10/1/22,4.6
E06000031,11/1/22,4.5
E06000031,12/1/22,4.6
E06000031,1/1/23,4.5
E06000031,2/1/23,4.6
E06000031,3/1/23,5
E06000031,4/1/23,5.3
E06000031,5/1/23,5
E06000031,6/1/23,5.1
E06000031,7/1/23,5.3
E06000031,8/1/23,5.1
E06000031,9/1/23,5
E06000031,10/1/23,5
E06000031,11/1/23,5
E06000031,12/1/23,5
E06000031,1/1/24,5
E06000031,2/1/24,5.2
E06000031,3/1/24,5.5
E06000031,4/1/24,5.5
E06000031,5/1/24,5.6
E06000031,6/1/24,5.6
E06000031,7/1/24,6.2
E06000031,8/1/24,6.1
E06000031,9/1/24,5.9
E06000031,10/1/24,5.8
E06000031,11/1/24,5.7
E06000031,12/1/24,5.6
E06000031,1/1/25,5.6
E06000031,2/1/25,5.7
E06000031,3/1/25,5.7
E06000031,4/1/25,5.5
E06000031,5/1/25,5.5
E06000031,6/1/25,5.6
E06000031,7/1/25,5.4
E06000031,8/1/25,5.3
E06000031,9/1/25,5.3
E06000031,10/1/25,5.3
E06000031,11/1/25,5.2
E06000031,12/1/25,5.2
E06000031,1/1/26,5.2
E06000031,2/1/26,5.5
E06000032,1/1/18,1.8
E06000032,2/1/18,1.8
E06000032,3/1/18,1.8
E06000032,4/1/18,1.8
E06000032,5/1/18,1.8
E06000032,6/1/18,1.8
E06000032,7/1/18,1.8
E06000032,8/1/18,1.7
E06000032,9/1/18,1.7
E06000032,10/1/18,1.7
E06000032,11/1/18,1.7
E06000032,12/1/18,1.8
E06000032,1/1/19,1.9
E06000032,2/1/19,2
E06000032,3/1/19,2.2
E06000032,4/1/19,2.3
E06000032,5/1/19,2.3
E06000032,6/1/19,2.5
E06000032,7/1/19,2.6
E06000032,8/1/19,2.7
E06000032,9/1/19,2.8
E06000032,10/1/19,2.8
E06000032,11/1/19,2.9
E06000032,12/1/19,3
E06000032,1/1/20,3
E06000032,2/1/20,3.1
E06000032,3/1/20,3.1
E06000032,4/1/20,4.8
E06000032,5/1/20,7.6
E06000032,6/1/20,7.6
E06000032,7/1/20,7.8
E06000032,8/1/20,7.9
E06000032,9/1/20,7.9
E06000032,10/1/20,7.8
E06000032,11/1/20,7.9
E06000032,12/1/20,7.9
E06000032,1/1/21,7.7
E06000032,2/1/21,8.3
E06000032,3/1/21,8.4
E06000032,4/1/21,8.5
E06000032,5/1/21,8.2
E06000032,6/1/21,7.6
E06000032,7/1/21,7.5
E06000032,8/1/21,7.2
E06000032,9/1/21,6.9
E06000032,10/1/21,6.7
E06000032,11/1/21,6.5
E06000032,12/1/21,6.3
E06000032,1/1/22,6.2
E06000032,2/1/22,6.1
E06000032,3/1/22,6
E06000032,4/1/22,5.7
E06000032,5/1/22,5.6
E06000032,6/1/22,5.4
E06000032,7/1/22,5.2
E06000032,8/1/22,5.1
E06000032,9/1/22,5.1
E06000032,10/1/22,4.9
E06000032,11/1/22,5
E06000032,12/1/22,5
E06000032,1/1/23,4.8
E06000032,2/1/23,4.9
E06000032,3/1/23,5.1
E06000032,4/1/23,5.4
E06000032,5/1/23,5.3
E06000032,6/1/23,5.3
E06000032,7/1/23,5.4
E06000032,8/1/23,5.4
E06000032,9/1/23,5.5
E06000032,10/1/23,5.5
E06000032,11/1/23,5.4
E06000032,12/1/23,5.5
E06000032,1/1/24,5.4
E06000032,2/1/24,5.5
E06000032,3/1/24,5.6
E06000032,4/1/24,5.6
E06000032,5/1/24,5.6
E06000032,6/1/24,6
E06000032,7/1/24,6.8
E06000032,8/1/24,6.9
E06000032,9/1/24,7
E06000032,10/1/24,7
E06000032,11/1/24,6.9
E06000032,12/1/24,6.7
E06000032,1/1/25,6.8
E06000032,2/1/25,7
E06000032,3/1/25,7.1
E06000032,4/1/25,7
E06000032,5/1/25,7.1
E06000032,6/1/25,7.2
E06000032,7/1/25,7
E06000032,8/1/25,6.9
E06000032,9/1/25,6.8
E06000032,10/1/25,6.7
E06000032,11/1/25,6.6
E06000032,12/1/25,6.4
E06000032,1/1/26,6.3
E06000032,2/1/26,6.6
E06000033,1/1/18,2.4
E06000033,2/1/18,2.6
E06000033,3/1/18,2.8
E06000033,4/1/18,3.1
E06000033,5/1/18,2.9
E06000033,6/1/18,3
E06000033,7/1/18,3.1
E06000033,8/1/18,3.1
E06000033,9/1/18,3.2
E06000033,10/1/18,3.3
E06000033,11/1/18,3.3
E06000033,12/1/18,3.4
E06000033,1/1/19,3.4
E06000033,2/1/19,3.6
E06000033,3/1/19,3.6
E06000033,4/1/19,3.6
E06000033,5/1/19,3.6
E06000033,6/1/19,3.6
E06000033,7/1/19,3.5
E06000033,8/1/19,3.6
E06000033,9/1/19,3.5
E06000033,10/1/19,3.6
E06000033,11/1/19,3.7
E06000033,12/1/19,3.6
E06000033,1/1/20,3.7
E06000033,2/1/20,3.8
E06000033,3/1/20,3.9
E06000033,4/1/20,6.1
E06000033,5/1/20,8
E06000033,6/1/20,7.6
E06000033,7/1/20,7.9
E06000033,8/1/20,8
E06000033,9/1/20,7.9
E06000033,10/1/20,7.5
E06000033,11/1/20,7.8
E06000033,12/1/20,7.8
E06000033,1/1/21,7.6
E06000033,2/1/21,8.1
E06000033,3/1/21,8.1
E06000033,4/1/21,7.8
E06000033,5/1/21,7
E06000033,6/1/21,6.6
E06000033,7/1/21,6.5
E06000033,8/1/21,6.3
E06000033,9/1/21,5.9
E06000033,10/1/21,5.7
E06000033,11/1/21,5.5
E06000033,12/1/21,5.4
E06000033,1/1/22,5.3
E06000033,2/1/22,5.3
E06000033,3/1/22,5.1
E06000033,4/1/22,4.8
E06000033,5/1/22,4.6
E06000033,6/1/22,4.5
E06000033,7/1/22,4.3
E06000033,8/1/22,4.3
E06000033,9/1/22,4.2
E06000033,10/1/22,4.2
E06000033,11/1/22,4.2
E06000033,12/1/22,4.2
E06000033,1/1/23,4.2
E06000033,2/1/23,4.2
E06000033,3/1/23,4.2
E06000033,4/1/23,4.3
E06000033,5/1/23,4.3
E06000033,6/1/23,4.3
E06000033,7/1/23,4.2
E06000033,8/1/23,4.1
E06000033,9/1/23,4.1
E06000033,10/1/23,4.1
E06000033,11/1/23,4.3
E06000033,12/1/23,4.3
E06000033,1/1/24,4.2
E06000033,2/1/24,4.3
E06000033,3/1/24,4.4
E06000033,4/1/24,4.2
E06000033,5/1/24,4.2
E06000033,6/1/24,4.2
E06000033,7/1/24,4.5
E06000033,8/1/24,4.5
E06000033,9/1/24,4.5
E06000033,10/1/24,4.6
E06000033,11/1/24,4.5
E06000033,12/1/24,4.4
E06000033,1/1/25,4.4
E06000033,2/1/25,4.5
E06000033,3/1/25,4.5
E06000033,4/1/25,4.3
E06000033,5/1/25,4.2
E06000033,6/1/25,4.3
E06000033,7/1/25,4.1
E06000033,8/1/25,4.2
E06000033,9/1/25,4.1
E06000033,10/1/25,4.2
E06000033,11/1/25,4.3
E06000033,12/1/25,4.2
E06000033,1/1/26,4.2
E06000033,2/1/26,4.4
E06000034,1/1/18,1.7
E06000034,2/1/18,1.8
E06000034,3/1/18,2
E06000034,4/1/18,2.1
E06000034,5/1/18,2.1
E06000034,6/1/18,2.2
E06000034,7/1/18,2.2
E06000034,8/1/18,2.3
E06000034,9/1/18,2.3
E06000034,10/1/18,2.4
E06000034,11/1/18,2.4
E06000034,12/1/18,2.4
E06000034,1/1/19,2.5
E06000034,2/1/19,2.7
E06000034,3/1/19,2.8
E06000034,4/1/19,2.8
E06000034,5/1/19,2.8
E06000034,6/1/19,2.9
E06000034,7/1/19,2.9
E06000034,8/1/19,2.9
E06000034,9/1/19,2.9
E06000034,10/1/19,2.9
E06000034,11/1/19,2.9
E06000034,12/1/19,2.9
E06000034,1/1/20,2.9
E06000034,2/1/20,3.1
E06000034,3/1/20,3.2
E06000034,4/1/20,4.9
E06000034,5/1/20,7.1
E06000034,6/1/20,6.8
E06000034,7/1/20,6.9
E06000034,8/1/20,7.1
E06000034,9/1/20,6.9
E06000034,10/1/20,6.7
E06000034,11/1/20,6.8
E06000034,12/1/20,6.8
E06000034,1/1/21,6.6
E06000034,2/1/21,7
E06000034,3/1/21,6.9
E06000034,4/1/21,6.9
E06000034,5/1/21,6.5
E06000034,6/1/21,6.1
E06000034,7/1/21,5.8
E06000034,8/1/21,5.6
E06000034,9/1/21,5.2
E06000034,10/1/21,4.9
E06000034,11/1/21,4.6
E06000034,12/1/21,4.4
E06000034,1/1/22,4.2
E06000034,2/1/22,4.3
E06000034,3/1/22,4.1
E06000034,4/1/22,3.9
E06000034,5/1/22,3.8
E06000034,6/1/22,3.8
E06000034,7/1/22,3.8
E06000034,8/1/22,3.8
E06000034,9/1/22,3.7
E06000034,10/1/22,3.6
E06000034,11/1/22,3.5
E06000034,12/1/22,3.7
E06000034,1/1/23,3.6
E06000034,2/1/23,3.7
E06000034,3/1/23,3.8
E06000034,4/1/23,4
E06000034,5/1/23,3.9
E06000034,6/1/23,4
E06000034,7/1/23,3.9
E06000034,8/1/23,3.9
E06000034,9/1/23,3.9
E06000034,10/1/23,3.9
E06000034,11/1/23,4
E06000034,12/1/23,4
E06000034,1/1/24,4
E06000034,2/1/24,4
E06000034,3/1/24,4.1
E06000034,4/1/24,4.1
E06000034,5/1/24,4.1
E06000034,6/1/24,4.2
E06000034,7/1/24,4.5
E06000034,8/1/24,4.5
E06000034,9/1/24,4.5
E06000034,10/1/24,4.5
E06000034,11/1/24,4.4
E06000034,12/1/24,4.3
E06000034,1/1/25,4.3
E06000034,2/1/25,4.4
E06000034,3/1/25,4.5
E06000034,4/1/25,4.4
E06000034,5/1/25,4.4
E06000034,6/1/25,4.5
E06000034,7/1/25,4.4
E06000034,8/1/25,4.4
E06000034,9/1/25,4.4
E06000034,10/1/25,4.3
E06000034,11/1/25,4.2
E06000034,12/1/25,4.2
E06000034,1/1/26,4.2
E06000034,2/1/26,4.4
E06000035,1/1/18,1.9
E06000035,2/1/18,1.9
E06000035,3/1/18,2
E06000035,4/1/18,2
E06000035,5/1/18,2
E06000035,6/1/18,1.8
E06000035,7/1/18,1.9
E06000035,8/1/18,2
E06000035,9/1/18,2
E06000035,10/1/18,2.2
E06000035,11/1/18,2.2
E06000035,12/1/18,2.3
E06000035,1/1/19,2.4
E06000035,2/1/19,2.5
E06000035,3/1/19,2.7
E06000035,4/1/19,2.8
E06000035,5/1/19,2.8
E06000035,6/1/19,2.9
E06000035,7/1/19,3
E06000035,8/1/19,3
E06000035,9/1/19,3
E06000035,10/1/19,3.1
E06000035,11/1/19,3.1
E06000035,12/1/19,3.1
E06000035,1/1/20,3.2
E06000035,2/1/20,3.3
E06000035,3/1/20,3.3
E06000035,4/1/20,5.3
E06000035,5/1/20,7
E06000035,6/1/20,6.5
E06000035,7/1/20,6.7
E06000035,8/1/20,6.9
E06000035,9/1/20,6.8
E06000035,10/1/20,6.5
E06000035,11/1/20,6.6
E06000035,12/1/20,6.6
E06000035,1/1/21,6.5
E06000035,2/1/21,6.8
E06000035,3/1/21,6.9
E06000035,4/1/21,6.8
E06000035,5/1/21,6.5
E06000035,6/1/21,6.1
E06000035,7/1/21,5.9
E06000035,8/1/21,5.7
E06000035,9/1/21,5.4
E06000035,10/1/21,5.2
E06000035,11/1/21,5
E06000035,12/1/21,4.9
E06000035,1/1/22,4.7
E06000035,2/1/22,4.7
E06000035,3/1/22,4.5
E06000035,4/1/22,4.3
E06000035,5/1/22,4.1
E06000035,6/1/22,3.8
E06000035,7/1/22,3.7
E06000035,8/1/22,3.7
E06000035,9/1/22,3.7
E06000035,10/1/22,3.6
E06000035,11/1/22,3.6
E06000035,12/1/22,3.7
E06000035,1/1/23,3.6
E06000035,2/1/23,3.7
E06000035,3/1/23,3.7
E06000035,4/1/23,3.8
E06000035,5/1/23,3.7
E06000035,6/1/23,3.7
E06000035,7/1/23,3.8
E06000035,8/1/23,3.7
E06000035,9/1/23,3.7
E06000035,10/1/23,3.7
E06000035,11/1/23,3.8
E06000035,12/1/23,3.7
E06000035,1/1/24,3.7
E06000035,2/1/24,3.8
E06000035,3/1/24,3.9
E06000035,4/1/24,3.8
E06000035,5/1/24,3.9
E06000035,6/1/24,3.8
E06000035,7/1/24,4.2
E06000035,8/1/24,4.1
E06000035,9/1/24,4.1
E06000035,10/1/24,4.1
E06000035,11/1/24,4
E06000035,12/1/24,4.1
E06000035,1/1/25,4
E06000035,2/1/25,4.1
E06000035,3/1/25,4.2
E06000035,4/1/25,4.1
E06000035,5/1/25,4
E06000035,6/1/25,4
E06000035,7/1/25,4
E06000035,8/1/25,4.1
E06000035,9/1/25,4
E06000035,10/1/25,4.1
E06000035,11/1/25,4
E06000035,12/1/25,4
E06000035,1/1/26,4
E06000035,2/1/26,4.3
E06000036,1/1/18,0.7
E06000036,2/1/18,0.8
E06000036,3/1/18,0.8
E06000036,4/1/18,0.7
E06000036,5/1/18,0.7
E06000036,6/1/18,0.7
E06000036,7/1/18,0.7
E06000036,8/1/18,0.8
E06000036,9/1/18,0.9
E06000036,10/1/18,0.9
E06000036,11/1/18,1
E06000036,12/1/18,1.1
E06000036,1/1/19,1.1
E06000036,2/1/19,1.2
E06000036,3/1/19,1.3
E06000036,4/1/19,1.4
E06000036,5/1/19,1.4
E06000036,6/1/19,1.3
E06000036,7/1/19,1.3
E06000036,8/1/19,1.4
E06000036,9/1/19,1.4
E06000036,10/1/19,1.4
E06000036,11/1/19,1.4
E06000036,12/1/19,1.5
E06000036,1/1/20,1.5
E06000036,2/1/20,1.5
E06000036,3/1/20,1.5
E06000036,4/1/20,3.1
E06000036,5/1/20,4.5
E06000036,6/1/20,4.2
E06000036,7/1/20,4.4
E06000036,8/1/20,4.5
E06000036,9/1/20,4.4
E06000036,10/1/20,4.2
E06000036,11/1/20,4.3
E06000036,12/1/20,4.2
E06000036,1/1/21,4.1
E06000036,2/1/21,4.4
E06000036,3/1/21,4.3
E06000036,4/1/21,4.2
E06000036,5/1/21,3.8
E06000036,6/1/21,3.3
E06000036,7/1/21,3.3
E06000036,8/1/21,3.1
E06000036,9/1/21,2.9
E06000036,10/1/21,2.7
E06000036,11/1/21,2.6
E06000036,12/1/21,2.5
E06000036,1/1/22,2.4
E06000036,2/1/22,2.4
E06000036,3/1/22,2.2
E06000036,4/1/22,2.1
E06000036,5/1/22,2
E06000036,6/1/22,1.9
E06000036,7/1/22,1.9
E06000036,8/1/22,1.9
E06000036,9/1/22,2
E06000036,10/1/22,2
E06000036,11/1/22,2
E06000036,12/1/22,1.9
E06000036,1/1/23,1.9
E06000036,2/1/23,2
E06000036,3/1/23,2
E06000036,4/1/23,2
E06000036,5/1/23,1.9
E06000036,6/1/23,2
E06000036,7/1/23,2
E06000036,8/1/23,1.9
E06000036,9/1/23,1.9
E06000036,10/1/23,1.9
E06000036,11/1/23,1.9
E06000036,12/1/23,1.9
E06000036,1/1/24,2
E06000036,2/1/24,2.1
E06000036,3/1/24,2.1
E06000036,4/1/24,2.2
E06000036,5/1/24,2.2
E06000036,6/1/24,2.3
E06000036,7/1/24,2.4
E06000036,8/1/24,2.4
E06000036,9/1/24,2.5
E06000036,10/1/24,2.4
E06000036,11/1/24,2.4
E06000036,12/1/24,2.4
E06000036,1/1/25,2.4
E06000036,2/1/25,2.6
E06000036,3/1/25,2.6
E06000036,4/1/25,2.5
E06000036,5/1/25,2.5
E06000036,6/1/25,2.6
E06000036,7/1/25,2.7
E06000036,8/1/25,2.6
E06000036,9/1/25,2.6
E06000036,10/1/25,2.7
E06000036,11/1/25,2.6
E06000036,12/1/25,2.6
E06000036,1/1/26,2.6
E06000036,2/1/26,2.7
E06000037,1/1/18,0.6
E06000037,2/1/18,0.7
E06000037,3/1/18,0.8
E06000037,4/1/18,0.9
E06000037,5/1/18,0.9
E06000037,6/1/18,0.9
E06000037,7/1/18,0.9
E06000037,8/1/18,1
E06000037,9/1/18,1
E06000037,10/1/18,1.1
E06000037,11/1/18,1.1
E06000037,12/1/18,1.1
E06000037,1/1/19,1.1
E06000037,2/1/19,1.3
E06000037,3/1/19,1.3
E06000037,4/1/19,1.3
E06000037,5/1/19,1.2
E06000037,6/1/19,1.3
E06000037,7/1/19,1.3
E06000037,8/1/19,1.3
E06000037,9/1/19,1.4
E06000037,10/1/19,1.4
E06000037,11/1/19,1.4
E06000037,12/1/19,1.4
E06000037,1/1/20,1.4
E06000037,2/1/20,1.5
E06000037,3/1/20,1.5
E06000037,4/1/20,2.8
E06000037,5/1/20,4
E06000037,6/1/20,3.8
E06000037,7/1/20,3.9
E06000037,8/1/20,4
E06000037,9/1/20,4
E06000037,10/1/20,3.8
E06000037,11/1/20,3.8
E06000037,12/1/20,3.8
E06000037,1/1/21,3.7
E06000037,2/1/21,3.9
E06000037,3/1/21,3.9
E06000037,4/1/21,3.8
E06000037,5/1/21,3.5
E06000037,6/1/21,3.2
E06000037,7/1/21,3.1
E06000037,8/1/21,3
E06000037,9/1/21,2.8
E06000037,10/1/21,2.7
E06000037,11/1/21,2.6
E06000037,12/1/21,2.5
E06000037,1/1/22,2.5
E06000037,2/1/22,2.5
E06000037,3/1/22,2.4
E06000037,4/1/22,2.3
E06000037,5/1/22,2.2
E06000037,6/1/22,2.1
E06000037,7/1/22,2.1
E06000037,8/1/22,2.1
E06000037,9/1/22,2.1
E06000037,10/1/22,2.1
E06000037,11/1/22,2.1
E06000037,12/1/22,2.1
E06000037,1/1/23,2
E06000037,2/1/23,2
E06000037,3/1/23,2
E06000037,4/1/23,2
E06000037,5/1/23,2
E06000037,6/1/23,2
E06000037,7/1/23,2
E06000037,8/1/23,2
E06000037,9/1/23,2
E06000037,10/1/23,2
E06000037,11/1/23,2
E06000037,12/1/23,2
E06000037,1/1/24,2
E06000037,2/1/24,2
E06000037,3/1/24,2.1
E06000037,4/1/24,2.1
E06000037,5/1/24,2.1
E06000037,6/1/24,2.1
E06000037,7/1/24,2.3
E06000037,8/1/24,2.3
E06000037,9/1/24,2.3
E06000037,10/1/24,2.3
E06000037,11/1/24,2.2
E06000037,12/1/24,2.2
E06000037,1/1/25,2.2
E06000037,2/1/25,2.4
E06000037,3/1/25,2.4
E06000037,4/1/25,2.3
E06000037,5/1/25,2.3
E06000037,6/1/25,2.3
E06000037,7/1/25,2.3
E06000037,8/1/25,2.3
E06000037,9/1/25,2.3
E06000037,10/1/25,2.3
E06000037,11/1/25,2.3
E06000037,12/1/25,2.3
E06000037,1/1/26,2.3
E06000037,2/1/26,2.4
E06000038,1/1/18,1.4
E06000038,2/1/18,1.4
E06000038,3/1/18,1.4
E06000038,4/1/18,1.6
E06000038,5/1/18,1.6
E06000038,6/1/18,1.7
E06000038,7/1/18,1.8
E06000038,8/1/18,1.8
E06000038,9/1/18,1.8
E06000038,10/1/18,1.9
E06000038,11/1/18,2
E06000038,12/1/18,2
E06000038,1/1/19,2
E06000038,2/1/19,2.2
E06000038,3/1/19,2.2
E06000038,4/1/19,2.2
E06000038,5/1/19,2.2
E06000038,6/1/19,2.3
E06000038,7/1/19,2.3
E06000038,8/1/19,2.4
E06000038,9/1/19,2.4
E06000038,10/1/19,2.4
E06000038,11/1/19,2.4
E06000038,12/1/19,2.4
E06000038,1/1/20,2.4
E06000038,2/1/20,2.5
E06000038,3/1/20,2.5
E06000038,4/1/20,3.9
E06000038,5/1/20,5.6
E06000038,6/1/20,5.6
E06000038,7/1/20,5.7
E06000038,8/1/20,5.8
E06000038,9/1/20,5.8
E06000038,10/1/20,5.6
E06000038,11/1/20,5.7
E06000038,12/1/20,5.7
E06000038,1/1/21,5.7
E06000038,2/1/21,6
E06000038,3/1/21,6
E06000038,4/1/21,6
E06000038,5/1/21,5.6
E06000038,6/1/21,5.2
E06000038,7/1/21,5.1
E06000038,8/1/21,4.9
E06000038,9/1/21,4.6
E06000038,10/1/21,4.5
E06000038,11/1/21,4.3
E06000038,12/1/21,4.1
E06000038,1/1/22,4
E06000038,2/1/22,3.9
E06000038,3/1/22,3.8
E06000038,4/1/22,3.7
E06000038,5/1/22,3.6
E06000038,6/1/22,3.6
E06000038,7/1/22,3.5
E06000038,8/1/22,3.5
E06000038,9/1/22,3.5
E06000038,10/1/22,3.6
E06000038,11/1/22,3.5
E06000038,12/1/22,3.5
E06000038,1/1/23,3.4
E06000038,2/1/23,3.5
E06000038,3/1/23,3.5
E06000038,4/1/23,3.6
E06000038,5/1/23,3.5
E06000038,6/1/23,3.6
E06000038,7/1/23,3.6
E06000038,8/1/23,3.6
E06000038,9/1/23,3.7
E06000038,10/1/23,3.7
E06000038,11/1/23,3.7
E06000038,12/1/23,3.8
E06000038,1/1/24,3.7
E06000038,2/1/24,3.9
E06000038,3/1/24,3.9
E06000038,4/1/24,3.9
E06000038,5/1/24,3.9
E06000038,6/1/24,4.1
E06000038,7/1/24,4.4
E06000038,8/1/24,4.3
E06000038,9/1/24,4.3
E06000038,10/1/24,4.3
E06000038,11/1/24,4.2
E06000038,12/1/24,4.2
E06000038,1/1/25,4.2
E06000038,2/1/25,4.3
E06000038,3/1/25,4.4
E06000038,4/1/25,4.4
E06000038,5/1/25,4.4
E06000038,6/1/25,4.4
E06000038,7/1/25,4.3
E06000038,8/1/25,4.3
E06000038,9/1/25,4.3
E06000038,10/1/25,4.2
E06000038,11/1/25,4.2
E06000038,12/1/25,4.3
E06000038,1/1/26,4.3
E06000038,2/1/26,4.5
E06000039,1/1/18,1.2
E06000039,2/1/18,1.3
E06000039,3/1/18,1.3
E06000039,4/1/18,1.3
E06000039,5/1/18,1.2
E06000039,6/1/18,1.2
E06000039,7/1/18,1.4
E06000039,8/1/18,1.4
E06000039,9/1/18,1.6
E06000039,10/1/18,1.6
E06000039,11/1/18,1.7
E06000039,12/1/18,1.8
E06000039,1/1/19,1.9
E06000039,2/1/19,2.1
E06000039,3/1/19,2.1
E06000039,4/1/19,2.2
E06000039,5/1/19,2.2
E06000039,6/1/19,2.3
E06000039,7/1/19,2.3
E06000039,8/1/19,2.4
E06000039,9/1/19,2.4
E06000039,10/1/19,2.5
E06000039,11/1/19,2.5
E06000039,12/1/19,2.6
E06000039,1/1/20,2.6
E06000039,2/1/20,2.7
E06000039,3/1/20,2.7
E06000039,4/1/20,4.6
E06000039,5/1/20,7.2
E06000039,6/1/20,7.1
E06000039,7/1/20,7.3
E06000039,8/1/20,7.6
E06000039,9/1/20,7.7
E06000039,10/1/20,7.5
E06000039,11/1/20,7.8
E06000039,12/1/20,7.7
E06000039,1/1/21,7.6
E06000039,2/1/21,8.1
E06000039,3/1/21,8.2
E06000039,4/1/21,8.1
E06000039,5/1/21,7.5
E06000039,6/1/21,6.8
E06000039,7/1/21,6.7
E06000039,8/1/21,6.4
E06000039,9/1/21,5.9
E06000039,10/1/21,5.8
E06000039,11/1/21,5.7
E06000039,12/1/21,5.5
E06000039,1/1/22,5.3
E06000039,2/1/22,5.4
E06000039,3/1/22,5.2
E06000039,4/1/22,5
E06000039,5/1/22,5
E06000039,6/1/22,4.8
E06000039,7/1/22,4.6
E06000039,8/1/22,4.6
E06000039,9/1/22,4.7
E06000039,10/1/22,4.5
E06000039,11/1/22,4.5
E06000039,12/1/22,4.5
E06000039,1/1/23,4.2
E06000039,2/1/23,4.2
E06000039,3/1/23,4.4
E06000039,4/1/23,4.6
E06000039,5/1/23,4.6
E06000039,6/1/23,4.6
E06000039,7/1/23,4.7
E06000039,8/1/23,4.7
E06000039,9/1/23,4.7
E06000039,10/1/23,4.8
E06000039,11/1/23,4.8
E06000039,12/1/23,4.8
E06000039,1/1/24,4.7
E06000039,2/1/24,4.9
E06000039,3/1/24,4.9
E06000039,4/1/24,5
E06000039,5/1/24,5.2
E06000039,6/1/24,5.2
E06000039,7/1/24,5.7
E06000039,8/1/24,5.8
E06000039,9/1/24,5.9
E06000039,10/1/24,6.1
E06000039,11/1/24,6
E06000039,12/1/24,5.9
E06000039,1/1/25,5.9
E06000039,2/1/25,6.2
E06000039,3/1/25,6.2
E06000039,4/1/25,6.1
E06000039,5/1/25,6.1
E06000039,6/1/25,6.1
E06000039,7/1/25,6
E06000039,8/1/25,5.9
E06000039,9/1/25,5.8
E06000039,10/1/25,5.8
E06000039,11/1/25,5.7
E06000039,12/1/25,5.7
E06000039,1/1/26,5.7
E06000039,2/1/26,6
E06000040,1/1/18,0.7
E06000040,2/1/18,0.8
E06000040,3/1/18,0.8
E06000040,4/1/18,0.8
E06000040,5/1/18,0.7
E06000040,6/1/18,0.7
E06000040,7/1/18,0.7
E06000040,8/1/18,0.7
E06000040,9/1/18,0.8
E06000040,10/1/18,0.9
E06000040,11/1/18,0.9
E06000040,12/1/18,1
E06000040,1/1/19,1
E06000040,2/1/19,1.1
E06000040,3/1/19,1.1
E06000040,4/1/19,1.1
E06000040,5/1/19,1.2
E06000040,6/1/19,1.2
E06000040,7/1/19,1.2
E06000040,8/1/19,1.2
E06000040,9/1/19,1.2
E06000040,10/1/19,1.3
E06000040,11/1/19,1.3
E06000040,12/1/19,1.3
E06000040,1/1/20,1.3
E06000040,2/1/20,1.3
E06000040,3/1/20,1.4
E06000040,4/1/20,2.7
E06000040,5/1/20,4.1
E06000040,6/1/20,4
E06000040,7/1/20,4.3
E06000040,8/1/20,4.4
E06000040,9/1/20,4.5
E06000040,10/1/20,4.3
E06000040,11/1/20,4.4
E06000040,12/1/20,4.4
E06000040,1/1/21,4.3
E06000040,2/1/21,4.5
E06000040,3/1/21,4.5
E06000040,4/1/21,4.3
E06000040,5/1/21,3.9
E06000040,6/1/21,3.5
E06000040,7/1/21,3.4
E06000040,8/1/21,3.2
E06000040,9/1/21,2.9
E06000040,10/1/21,2.9
E06000040,11/1/21,2.7
E06000040,12/1/21,2.7
E06000040,1/1/22,2.5
E06000040,2/1/22,2.5
E06000040,3/1/22,2.5
E06000040,4/1/22,2.4
E06000040,5/1/22,2.3
E06000040,6/1/22,2.3
E06000040,7/1/22,2.3
E06000040,8/1/22,2.2
E06000040,9/1/22,2.2
E06000040,10/1/22,2.1
E06000040,11/1/22,2.1
E06000040,12/1/22,2.1
E06000040,1/1/23,2
E06000040,2/1/23,2.1
E06000040,3/1/23,2.1
E06000040,4/1/23,2
E06000040,5/1/23,2
E06000040,6/1/23,2
E06000040,7/1/23,2
E06000040,8/1/23,2
E06000040,9/1/23,2
E06000040,10/1/23,2.1
E06000040,11/1/23,2.1
E06000040,12/1/23,2.1
E06000040,1/1/24,2.1
E06000040,2/1/24,2.2
E06000040,3/1/24,2.2
E06000040,4/1/24,2.2
E06000040,5/1/24,2.2
E06000040,6/1/24,2.2
E06000040,7/1/24,2.4
E06000040,8/1/24,2.4
E06000040,9/1/24,2.5
E06000040,10/1/24,2.5
E06000040,11/1/24,2.5
E06000040,12/1/24,2.5
E06000040,1/1/25,2.5
E06000040,2/1/25,2.6
E06000040,3/1/25,2.7
E06000040,4/1/25,2.6
E06000040,5/1/25,2.5
E06000040,6/1/25,2.5
E06000040,7/1/25,2.4
E06000040,8/1/25,2.4
E06000040,9/1/25,2.4
E06000040,10/1/25,2.4
E06000040,11/1/25,2.4
E06000040,12/1/25,2.3
E06000040,1/1/26,2.4
E06000040,2/1/26,2.6
E06000041,1/1/18,0.5
E06000041,2/1/18,0.5
E06000041,3/1/18,0.6
E06000041,4/1/18,0.6
E06000041,5/1/18,0.6
E06000041,6/1/18,0.6
E06000041,7/1/18,0.6
E06000041,8/1/18,0.7
E06000041,9/1/18,0.7
E06000041,10/1/18,0.7
E06000041,11/1/18,0.8
E06000041,12/1/18,0.8
E06000041,1/1/19,0.8
E06000041,2/1/19,0.9
E06000041,3/1/19,0.9
E06000041,4/1/19,0.9
E06000041,5/1/19,0.9
E06000041,6/1/19,0.9
E06000041,7/1/19,0.9
E06000041,8/1/19,0.9
E06000041,9/1/19,1
E06000041,10/1/19,1
E06000041,11/1/19,1
E06000041,12/1/19,1
E06000041,1/1/20,1
E06000041,2/1/20,1.1
E06000041,3/1/20,1
E06000041,4/1/20,2.1
E06000041,5/1/20,3.2
E06000041,6/1/20,3.1
E06000041,7/1/20,3.2
E06000041,8/1/20,3.4
E06000041,9/1/20,3.4
E06000041,10/1/20,3.2
E06000041,11/1/20,3.3
E06000041,12/1/20,3.2
E06000041,1/1/21,3.1
E06000041,2/1/21,3.2
E06000041,3/1/21,3.2
E06000041,4/1/21,3.1
E06000041,5/1/21,2.8
E06000041,6/1/21,2.5
E06000041,7/1/21,2.4
E06000041,8/1/21,2.4
E06000041,9/1/21,2.2
E06000041,10/1/21,2.1
E06000041,11/1/21,1.9
E06000041,12/1/21,1.8
E06000041,1/1/22,1.8
E06000041,2/1/22,1.7
E06000041,3/1/22,1.6
E06000041,4/1/22,1.5
E06000041,5/1/22,1.5
E06000041,6/1/22,1.5
E06000041,7/1/22,1.5
E06000041,8/1/22,1.5
E06000041,9/1/22,1.5
E06000041,10/1/22,1.6
E06000041,11/1/22,1.5
E06000041,12/1/22,1.5
E06000041,1/1/23,1.5
E06000041,2/1/23,1.5
E06000041,3/1/23,1.5
E06000041,4/1/23,1.6
E06000041,5/1/23,1.5
E06000041,6/1/23,1.6
E06000041,7/1/23,1.6
E06000041,8/1/23,1.6
E06000041,9/1/23,1.6
E06000041,10/1/23,1.7
E06000041,11/1/23,1.7
E06000041,12/1/23,1.7
E06000041,1/1/24,1.7
E06000041,2/1/24,1.8
E06000041,3/1/24,1.7
E06000041,4/1/24,1.7
E06000041,5/1/24,1.7
E06000041,6/1/24,1.7
E06000041,7/1/24,1.8
E06000041,8/1/24,1.8
E06000041,9/1/24,1.9
E06000041,10/1/24,1.9
E06000041,11/1/24,1.8
E06000041,12/1/24,1.8
E06000041,1/1/25,1.8
E06000041,2/1/25,1.9
E06000041,3/1/25,1.9
E06000041,4/1/25,1.9
E06000041,5/1/25,1.9
E06000041,6/1/25,1.9
E06000041,7/1/25,1.9
E06000041,8/1/25,1.9
E06000041,9/1/25,1.9
E06000041,10/1/25,1.9
E06000041,11/1/25,1.9
E06000041,12/1/25,1.9
E06000041,1/1/26,1.9
E06000041,2/1/26,2
E06000042,1/1/18,1.4
E06000042,2/1/18,1.5
E06000042,3/1/18,1.5
E06000042,4/1/18,1.5
E06000042,5/1/18,1.5
E06000042,6/1/18,1.5
E06000042,7/1/18,1.4
E06000042,8/1/18,1.5
E06000042,9/1/18,1.5
E06000042,10/1/18,1.4
E06000042,11/1/18,1.4
E06000042,12/1/18,1.3
E06000042,1/1/19,1.4
E06000042,2/1/19,1.5
E06000042,3/1/19,1.7
E06000042,4/1/19,1.8
E06000042,5/1/19,1.8
E06000042,6/1/19,1.9
E06000042,7/1/19,1.9
E06000042,8/1/19,2
E06000042,9/1/19,2.1
E06000042,10/1/19,2.2
E06000042,11/1/19,2.2
E06000042,12/1/19,2.2
E06000042,1/1/20,2.3
E06000042,2/1/20,2.4
E06000042,3/1/20,2.5
E06000042,4/1/20,3.7
E06000042,5/1/20,5.7
E06000042,6/1/20,5.7
E06000042,7/1/20,5.8
E06000042,8/1/20,6
E06000042,9/1/20,6
E06000042,10/1/20,5.7
E06000042,11/1/20,5.7
E06000042,12/1/20,5.4
E06000042,1/1/21,5.3
E06000042,2/1/21,5.7
E06000042,3/1/21,5.8
E06000042,4/1/21,5.8
E06000042,5/1/21,5.5
E06000042,6/1/21,5.1
E06000042,7/1/21,5
E06000042,8/1/21,4.8
E06000042,9/1/21,4.6
E06000042,10/1/21,4.4
E06000042,11/1/21,4.1
E06000042,12/1/21,3.9
E06000042,1/1/22,3.8
E06000042,2/1/22,3.8
E06000042,3/1/22,3.7
E06000042,4/1/22,3.5
E06000042,5/1/22,3.5
E06000042,6/1/22,3.4
E06000042,7/1/22,3.3
E06000042,8/1/22,3.3
E06000042,9/1/22,3.3
E06000042,10/1/22,3.3
E06000042,11/1/22,3.3
E06000042,12/1/22,3.3
E06000042,1/1/23,3.2
E06000042,2/1/23,3.3
E06000042,3/1/23,3.5
E06000042,4/1/23,3.5
E06000042,5/1/23,3.4
E06000042,6/1/23,3.4
E06000042,7/1/23,3.4
E06000042,8/1/23,3.5
E06000042,9/1/23,3.5
E06000042,10/1/23,3.5
E06000042,11/1/23,3.5
E06000042,12/1/23,3.5
E06000042,1/1/24,3.5
E06000042,2/1/24,3.6
E06000042,3/1/24,3.7
E06000042,4/1/24,3.8
E06000042,5/1/24,3.8
E06000042,6/1/24,3.9
E06000042,7/1/24,4.2
E06000042,8/1/24,4.2
E06000042,9/1/24,4.3
E06000042,10/1/24,4.3
E06000042,11/1/24,4.2
E06000042,12/1/24,4.1
E06000042,1/1/25,4
E06000042,2/1/25,4.2
E06000042,3/1/25,4.2
E06000042,4/1/25,4.2
E06000042,5/1/25,4.2
E06000042,6/1/25,4.2
E06000042,7/1/25,4.1
E06000042,8/1/25,4.1
E06000042,9/1/25,4.1
E06000042,10/1/25,4.1
E06000042,11/1/25,4
E06000042,12/1/25,3.9
E06000042,1/1/26,3.9
E06000042,2/1/26,4.2
E06000043,1/1/18,1.6
E06000043,2/1/18,1.7
E06000043,3/1/18,1.8
E06000043,4/1/18,2
E06000043,5/1/18,2
E06000043,6/1/18,2.1
E06000043,7/1/18,2.1
E06000043,8/1/18,2.2
E06000043,9/1/18,2.2
E06000043,10/1/18,2.3
E06000043,11/1/18,2.3
E06000043,12/1/18,2.3
E06000043,1/1/19,2.4
E06000043,2/1/19,2.5
E06000043,3/1/19,2.5
E06000043,4/1/19,2.5
E06000043,5/1/19,2.5
E06000043,6/1/19,2.5
E06000043,7/1/19,2.5
E06000043,8/1/19,2.6
E06000043,9/1/19,2.6
E06000043,10/1/19,2.7
E06000043,11/1/19,2.8
E06000043,12/1/19,2.8
E06000043,1/1/20,2.8
E06000043,2/1/20,3
E06000043,3/1/20,3
E06000043,4/1/20,5.2
E06000043,5/1/20,7.1
E06000043,6/1/20,6.7
E06000043,7/1/20,7
E06000043,8/1/20,7.2
E06000043,9/1/20,7.2
E06000043,10/1/20,6.9
E06000043,11/1/20,7
E06000043,12/1/20,7
E06000043,1/1/21,6.9
E06000043,2/1/21,7.3
E06000043,3/1/21,7.3
E06000043,4/1/21,7.1
E06000043,5/1/21,6.6
E06000043,6/1/21,6
E06000043,7/1/21,5.9
E06000043,8/1/21,5.6
E06000043,9/1/21,5.3
E06000043,10/1/21,5.1
E06000043,11/1/21,5
E06000043,12/1/21,4.8
E06000043,1/1/22,4.7
E06000043,2/1/22,4.7
E06000043,3/1/22,4.5
E06000043,4/1/22,4.2
E06000043,5/1/22,4.1
E06000043,6/1/22,4
E06000043,7/1/22,3.9
E06000043,8/1/22,3.9
E06000043,9/1/22,3.9
E06000043,10/1/22,3.9
E06000043,11/1/22,3.9
E06000043,12/1/22,4
E06000043,1/1/23,3.9
E06000043,2/1/23,3.9
E06000043,3/1/23,3.8
E06000043,4/1/23,3.9
E06000043,5/1/23,3.7
E06000043,6/1/23,3.8
E06000043,7/1/23,3.8
E06000043,8/1/23,3.8
E06000043,9/1/23,3.8
E06000043,10/1/23,3.8
E06000043,11/1/23,3.9
E06000043,12/1/23,3.9
E06000043,1/1/24,3.9
E06000043,2/1/24,4
E06000043,3/1/24,3.9
E06000043,4/1/24,3.8
E06000043,5/1/24,3.8
E06000043,6/1/24,3.8
E06000043,7/1/24,4.1
E06000043,8/1/24,4.1
E06000043,9/1/24,4.1
E06000043,10/1/24,4.1
E06000043,11/1/24,4.1
E06000043,12/1/24,4.1
E06000043,1/1/25,4.1
E06000043,2/1/25,4.3
E06000043,3/1/25,4.3
E06000043,4/1/25,4.2
E06000043,5/1/25,4.2
E06000043,6/1/25,4.1
E06000043,7/1/25,4.1
E06000043,8/1/25,4.1
E06000043,9/1/25,4.1
E06000043,10/1/25,4.1
E06000043,11/1/25,4.1
E06000043,12/1/25,4.2
E06000043,1/1/26,4.2
E06000043,2/1/26,4.4
E06000044,1/1/18,1.7
E06000044,2/1/18,1.8
E06000044,3/1/18,1.8
E06000044,4/1/18,1.7
E06000044,5/1/18,1.7
E06000044,6/1/18,1.7
E06000044,7/1/18,1.7
E06000044,8/1/18,1.7
E06000044,9/1/18,1.7
E06000044,10/1/18,1.7
E06000044,11/1/18,1.7
E06000044,12/1/18,1.8
E06000044,1/1/19,2
E06000044,2/1/19,2.1
E06000044,3/1/19,2.2
E06000044,4/1/19,2.3
E06000044,5/1/19,2.4
E06000044,6/1/19,2.5
E06000044,7/1/19,2.5
E06000044,8/1/19,2.6
E06000044,9/1/19,2.7
E06000044,10/1/19,2.8
E06000044,11/1/19,2.9
E06000044,12/1/19,3
E06000044,1/1/20,3.1
E06000044,2/1/20,3.2
E06000044,3/1/20,3.2
E06000044,4/1/20,5.7
E06000044,5/1/20,7.4
E06000044,6/1/20,7
E06000044,7/1/20,7.1
E06000044,8/1/20,7.3
E06000044,9/1/20,7.1
E06000044,10/1/20,6.9
E06000044,11/1/20,7.1
E06000044,12/1/20,7
E06000044,1/1/21,7
E06000044,2/1/21,7.4
E06000044,3/1/21,7.4
E06000044,4/1/21,7.3
E06000044,5/1/21,6.8
E06000044,6/1/21,6.4
E06000044,7/1/21,6.2
E06000044,8/1/21,6
E06000044,9/1/21,5.6
E06000044,10/1/21,5.4
E06000044,11/1/21,5.3
E06000044,12/1/21,5.2
E06000044,1/1/22,5.1
E06000044,2/1/22,5
E06000044,3/1/22,4.9
E06000044,4/1/22,4.7
E06000044,5/1/22,4.5
E06000044,6/1/22,4.4
E06000044,7/1/22,4.3
E06000044,8/1/22,4.4
E06000044,9/1/22,4.3
E06000044,10/1/22,4.3
E06000044,11/1/22,4.4
E06000044,12/1/22,4.4
E06000044,1/1/23,4.3
E06000044,2/1/23,4.3
E06000044,3/1/23,4.4
E06000044,4/1/23,4.3
E06000044,5/1/23,4.2
E06000044,6/1/23,4.3
E06000044,7/1/23,4.3
E06000044,8/1/23,4.3
E06000044,9/1/23,4.3
E06000044,10/1/23,4.3
E06000044,11/1/23,4.3
E06000044,12/1/23,4.4
E06000044,1/1/24,4.5
E06000044,2/1/24,4.6
E06000044,3/1/24,4.6
E06000044,4/1/24,4.6
E06000044,5/1/24,4.6
E06000044,6/1/24,4.6
E06000044,7/1/24,5
E06000044,8/1/24,4.9
E06000044,9/1/24,4.9
E06000044,10/1/24,4.8
E06000044,11/1/24,4.8
E06000044,12/1/24,4.6
E06000044,1/1/25,4.6
E06000044,2/1/25,4.7
E06000044,3/1/25,4.8
E06000044,4/1/25,4.7
E06000044,5/1/25,4.7
E06000044,6/1/25,4.6
E06000044,7/1/25,4.5
E06000044,8/1/25,4.5
E06000044,9/1/25,4.5
E06000044,10/1/25,4.5
E06000044,11/1/25,4.5
E06000044,12/1/25,4.5
E06000044,1/1/26,4.5
E06000044,2/1/26,4.6
E06000045,1/1/18,2.2
E06000045,2/1/18,2.4
E06000045,3/1/18,2.5
E06000045,4/1/18,2.8
E06000045,5/1/18,2.6
E06000045,6/1/18,2.6
E06000045,7/1/18,2.6
E06000045,8/1/18,2.6
E06000045,9/1/18,2.6
E06000045,10/1/18,2.6
E06000045,11/1/18,2.7
E06000045,12/1/18,2.8
E06000045,1/1/19,2.8
E06000045,2/1/19,3
E06000045,3/1/19,2.9
E06000045,4/1/19,2.9
E06000045,5/1/19,2.9
E06000045,6/1/19,3
E06000045,7/1/19,3
E06000045,8/1/19,3.1
E06000045,9/1/19,3
E06000045,10/1/19,3.1
E06000045,11/1/19,3.1
E06000045,12/1/19,3.1
E06000045,1/1/20,3.1
E06000045,2/1/20,3.3
E06000045,3/1/20,3.3
E06000045,4/1/20,5.6
E06000045,5/1/20,7
E06000045,6/1/20,6.8
E06000045,7/1/20,6.9
E06000045,8/1/20,7
E06000045,9/1/20,6.9
E06000045,10/1/20,6.8
E06000045,11/1/20,6.9
E06000045,12/1/20,6.8
E06000045,1/1/21,6.8
E06000045,2/1/21,7.1
E06000045,3/1/21,7.2
E06000045,4/1/21,7.1
E06000045,5/1/21,6.6
E06000045,6/1/21,6.1
E06000045,7/1/21,6
E06000045,8/1/21,5.7
E06000045,9/1/21,5.4
E06000045,10/1/21,5.2
E06000045,11/1/21,5
E06000045,12/1/21,4.9
E06000045,1/1/22,4.7
E06000045,2/1/22,4.7
E06000045,3/1/22,4.6
E06000045,4/1/22,4.4
E06000045,5/1/22,4.2
E06000045,6/1/22,4.2
E06000045,7/1/22,4
E06000045,8/1/22,4
E06000045,9/1/22,3.8
E06000045,10/1/22,3.8
E06000045,11/1/22,3.9
E06000045,12/1/22,3.9
E06000045,1/1/23,3.8
E06000045,2/1/23,3.9
E06000045,3/1/23,3.9
E06000045,4/1/23,3.9
E06000045,5/1/23,3.8
E06000045,6/1/23,3.9
E06000045,7/1/23,3.9
E06000045,8/1/23,3.9
E06000045,9/1/23,3.9
E06000045,10/1/23,3.8
E06000045,11/1/23,3.9
E06000045,12/1/23,3.9
E06000045,1/1/24,3.9
E06000045,2/1/24,4.1
E06000045,3/1/24,4.1
E06000045,4/1/24,4.1
E06000045,5/1/24,4.1
E06000045,6/1/24,4.2
E06000045,7/1/24,4.3
E06000045,8/1/24,4.3
E06000045,9/1/24,4.3
E06000045,10/1/24,4.3
E06000045,11/1/24,4.2
E06000045,12/1/24,4.1
E06000045,1/1/25,4.2
E06000045,2/1/25,4.4
E06000045,3/1/25,4.3
E06000045,4/1/25,4.2
E06000045,5/1/25,4.2
E06000045,6/1/25,4.1
E06000045,7/1/25,4
E06000045,8/1/25,4
E06000045,9/1/25,4
E06000045,10/1/25,4
E06000045,11/1/25,4
E06000045,12/1/25,4
E06000045,1/1/26,4.1
E06000045,2/1/26,4.3
E06000046,1/1/18,2.1
E06000046,2/1/18,2.2
E06000046,3/1/18,2
E06000046,4/1/18,1.9
E06000046,5/1/18,1.8
E06000046,6/1/18,1.6
E06000046,7/1/18,1.7
E06000046,8/1/18,1.7
E06000046,9/1/18,1.7
E06000046,10/1/18,1.9
E06000046,11/1/18,2
E06000046,12/1/18,2.2
E06000046,1/1/19,2.5
E06000046,2/1/19,2.6
E06000046,3/1/19,2.7
E06000046,4/1/19,2.7
E06000046,5/1/19,2.6
E06000046,6/1/19,2.5
E06000046,7/1/19,2.5
E06000046,8/1/19,2.5
E06000046,9/1/19,2.6
E06000046,10/1/19,2.6
E06000046,11/1/19,2.8
E06000046,12/1/19,3
E06000046,1/1/20,3.1
E06000046,2/1/20,3.3
E06000046,3/1/20,3.3
E06000046,4/1/20,6
E06000046,5/1/20,7
E06000046,6/1/20,6.7
E06000046,7/1/20,6.8
E06000046,8/1/20,6.6
E06000046,9/1/20,6.3
E06000046,10/1/20,6
E06000046,11/1/20,6.5
E06000046,12/1/20,6.5
E06000046,1/1/21,6.7
E06000046,2/1/21,7
E06000046,3/1/21,7
E06000046,4/1/21,6.8
E06000046,5/1/21,6.1
E06000046,6/1/21,5.4
E06000046,7/1/21,5
E06000046,8/1/21,4.7
E06000046,9/1/21,4.4
E06000046,10/1/21,4.2
E06000046,11/1/21,4.2
E06000046,12/1/21,4.2
E06000046,1/1/22,4.4
E06000046,2/1/22,4.4
E06000046,3/1/22,4.2
E06000046,4/1/22,4
E06000046,5/1/22,3.6
E06000046,6/1/22,3.4
E06000046,7/1/22,3.2
E06000046,8/1/22,3.3
E06000046,9/1/22,3.3
E06000046,10/1/22,3.3
E06000046,11/1/22,3.5
E06000046,12/1/22,3.7
E06000046,1/1/23,3.8
E06000046,2/1/23,3.8
E06000046,3/1/23,3.8
E06000046,4/1/23,3.7
E06000046,5/1/23,3.4
E06000046,6/1/23,3.3
E06000046,7/1/23,3.2
E06000046,8/1/23,3.2
E06000046,9/1/23,3.3
E06000046,10/1/23,3.4
E06000046,11/1/23,3.6
E06000046,12/1/23,3.8
E06000046,1/1/24,4
E06000046,2/1/24,4.2
E06000046,3/1/24,4.2
E06000046,4/1/24,4.1
E06000046,5/1/24,3.9
E06000046,6/1/24,3.7
E06000046,7/1/24,4
E06000046,8/1/24,4
E06000046,9/1/24,4
E06000046,10/1/24,3.9
E06000046,11/1/24,4.1
E06000046,12/1/24,4.1
E06000046,1/1/25,4.3
E06000046,2/1/25,4.4
E06000046,3/1/25,4.4
E06000046,4/1/25,4.1
E06000046,5/1/25,3.9
E06000046,6/1/25,3.8
E06000046,7/1/25,3.7
E06000046,8/1/25,3.6
E06000046,9/1/25,3.7
E06000046,10/1/25,3.7
E06000046,11/1/25,3.8
E06000046,12/1/25,3.9
E06000046,1/1/26,4.1
E06000046,2/1/26,4.3
E06000047,1/1/18,2.8
E06000047,2/1/18,3
E06000047,3/1/18,3.1
E06000047,4/1/18,3.3
E06000047,5/1/18,3.3
E06000047,6/1/18,3.2
E06000047,7/1/18,3.3
E06000047,8/1/18,3.4
E06000047,9/1/18,3.6
E06000047,10/1/18,3.7
E06000047,11/1/18,3.8
E06000047,12/1/18,3.8
E06000047,1/1/19,3.9
E06000047,2/1/19,4
E06000047,3/1/19,4
E06000047,4/1/19,3.9
E06000047,5/1/19,3.9
E06000047,6/1/19,3.9
E06000047,7/1/19,3.9
E06000047,8/1/19,3.9
E06000047,9/1/19,3.9
E06000047,10/1/19,4
E06000047,11/1/19,4
E06000047,12/1/19,4
E06000047,1/1/20,4
E06000047,2/1/20,4.1
E06000047,3/1/20,4.1
E06000047,4/1/20,6.2
E06000047,5/1/20,6.7
E06000047,6/1/20,6.7
E06000047,7/1/20,6.6
E06000047,8/1/20,6.7
E06000047,9/1/20,6.7
E06000047,10/1/20,6.5
E06000047,11/1/20,6.4
E06000047,12/1/20,6.3
E06000047,1/1/21,6.2
E06000047,2/1/21,6.4
E06000047,3/1/21,6.3
E06000047,4/1/21,6.2
E06000047,5/1/21,5.8
E06000047,6/1/21,5.5
E06000047,7/1/21,5.4
E06000047,8/1/21,5.2
E06000047,9/1/21,5
E06000047,10/1/21,4.8
E06000047,11/1/21,4.6
E06000047,12/1/21,4.4
E06000047,1/1/22,4.3
E06000047,2/1/22,4.2
E06000047,3/1/22,4
E06000047,4/1/22,3.8
E06000047,5/1/22,3.6
E06000047,6/1/22,3.5
E06000047,7/1/22,3.4
E06000047,8/1/22,3.4
E06000047,9/1/22,3.4
E06000047,10/1/22,3.3
E06000047,11/1/22,3.4
E06000047,12/1/22,3.3
E06000047,1/1/23,3.2
E06000047,2/1/23,3.2
E06000047,3/1/23,3.3
E06000047,4/1/23,3.3
E06000047,5/1/23,3.1
E06000047,6/1/23,3.2
E06000047,7/1/23,3.2
E06000047,8/1/23,3.2
E06000047,9/1/23,3.1
E06000047,10/1/23,3.1
E06000047,11/1/23,3.2
E06000047,12/1/23,3.2
E06000047,1/1/24,3.2
E06000047,2/1/24,3.2
E06000047,3/1/24,3.2
E06000047,4/1/24,3.2
E06000047,5/1/24,3.2
E06000047,6/1/24,3.2
E06000047,7/1/24,3.4
E06000047,8/1/24,3.5
E06000047,9/1/24,3.5
E06000047,10/1/24,3.4
E06000047,11/1/24,3.4
E06000047,12/1/24,3.3
E06000047,1/1/25,3.2
E06000047,2/1/25,3.3
E06000047,3/1/25,3.2
E06000047,4/1/25,3.2
E06000047,5/1/25,3.1
E06000047,6/1/25,3
E06000047,7/1/25,3
E06000047,8/1/25,3
E06000047,9/1/25,3
E06000047,10/1/25,3
E06000047,11/1/25,3
E06000047,12/1/25,3
E06000047,1/1/26,3.1
E06000047,2/1/26,3.2
E06000049,1/1/18,1.3
E06000049,2/1/18,1.4
E06000049,3/1/18,1.5
E06000049,4/1/18,1.5
E06000049,5/1/18,1.4
E06000049,6/1/18,1.4
E06000049,7/1/18,1.4
E06000049,8/1/18,1.5
E06000049,9/1/18,1.5
E06000049,10/1/18,1.5
E06000049,11/1/18,1.6
E06000049,12/1/18,1.6
E06000049,1/1/19,1.6
E06000049,2/1/19,1.7
E06000049,3/1/19,1.7
E06000049,4/1/19,1.8
E06000049,5/1/19,1.8
E06000049,6/1/19,1.8
E06000049,7/1/19,1.8
E06000049,8/1/19,1.8
E06000049,9/1/19,1.8
E06000049,10/1/19,1.8
E06000049,11/1/19,1.9
E06000049,12/1/19,1.9
E06000049,1/1/20,1.9
E06000049,2/1/20,2
E06000049,3/1/20,2
E06000049,4/1/20,3.8
E06000049,5/1/20,4.6
E06000049,6/1/20,4.4
E06000049,7/1/20,4.5
E06000049,8/1/20,4.6
E06000049,9/1/20,4.6
E06000049,10/1/20,4.4
E06000049,11/1/20,4.5
E06000049,12/1/20,4.4
E06000049,1/1/21,4.2
E06000049,2/1/21,4.4
E06000049,3/1/21,4.4
E06000049,4/1/21,4.3
E06000049,5/1/21,3.9
E06000049,6/1/21,3.6
E06000049,7/1/21,3.5
E06000049,8/1/21,3.3
E06000049,9/1/21,3.1
E06000049,10/1/21,3
E06000049,11/1/21,2.8
E06000049,12/1/21,2.7
E06000049,1/1/22,2.6
E06000049,2/1/22,2.6
E06000049,3/1/22,2.5
E06000049,4/1/22,2.4
E06000049,5/1/22,2.3
E06000049,6/1/22,2.3
E06000049,7/1/22,2.3
E06000049,8/1/22,2.3
E06000049,9/1/22,2.3
E06000049,10/1/22,2.3
E06000049,11/1/22,2.3
E06000049,12/1/22,2.3
E06000049,1/1/23,2.2
E06000049,2/1/23,2.3
E06000049,3/1/23,2.3
E06000049,4/1/23,2.3
E06000049,5/1/23,2.2
E06000049,6/1/23,2.2
E06000049,7/1/23,2.2
E06000049,8/1/23,2.2
E06000049,9/1/23,2.2
E06000049,10/1/23,2.2
E06000049,11/1/23,2.3
E06000049,12/1/23,2.3
E06000049,1/1/24,2.2
E06000049,2/1/24,2.3
E06000049,3/1/24,2.3
E06000049,4/1/24,2.3
E06000049,5/1/24,2.3
E06000049,6/1/24,2.2
E06000049,7/1/24,2.4
E06000049,8/1/24,2.4
E06000049,9/1/24,2.4
E06000049,10/1/24,2.3
E06000049,11/1/24,2.3
E06000049,12/1/24,2.2
E06000049,1/1/25,2.2
E06000049,2/1/25,2.4
E06000049,3/1/25,2.3
E06000049,4/1/25,2.2
E06000049,5/1/25,2.2
E06000049,6/1/25,2.2
E06000049,7/1/25,2.2
E06000049,8/1/25,2.2
E06000049,9/1/25,2.2
E06000049,10/1/25,2.2
E06000049,11/1/25,2.2
E06000049,12/1/25,2.2
E06000049,1/1/26,2.2
E06000049,2/1/26,2.4
E06000050,1/1/18,1.6
E06000050,2/1/18,1.7
E06000050,3/1/18,1.8
E06000050,4/1/18,2.1
E06000050,5/1/18,2
E06000050,6/1/18,2.1
E06000050,7/1/18,2.1
E06000050,8/1/18,2.1
E06000050,9/1/18,2.2
E06000050,10/1/18,2.2
E06000050,11/1/18,2.2
E06000050,12/1/18,2.2
E06000050,1/1/19,2.2
E06000050,2/1/19,2.4
E06000050,3/1/19,2.4
E06000050,4/1/19,2.4
E06000050,5/1/19,2.4
E06000050,6/1/19,2.4
E06000050,7/1/19,2.3
E06000050,8/1/19,2.3
E06000050,9/1/19,2.3
E06000050,10/1/19,2.4
E06000050,11/1/19,2.4
E06000050,12/1/19,2.4
E06000050,1/1/20,2.4
E06000050,2/1/20,2.4
E06000050,3/1/20,2.4
E06000050,4/1/20,4.7
E06000050,5/1/20,5.3
E06000050,6/1/20,5.1
E06000050,7/1/20,5.2
E06000050,8/1/20,5.2
E06000050,9/1/20,5.1
E06000050,10/1/20,4.9
E06000050,11/1/20,4.9
E06000050,12/1/20,4.8
E06000050,1/1/21,4.7
E06000050,2/1/21,4.9
E06000050,3/1/21,4.8
E06000050,4/1/21,4.8
E06000050,5/1/21,4.3
E06000050,6/1/21,4
E06000050,7/1/21,3.8
E06000050,8/1/21,3.7
E06000050,9/1/21,3.4
E06000050,10/1/21,3.3
E06000050,11/1/21,3.2
E06000050,12/1/21,3
E06000050,1/1/22,2.9
E06000050,2/1/22,2.9
E06000050,3/1/22,2.8
E06000050,4/1/22,2.6
E06000050,5/1/22,2.6
E06000050,6/1/22,2.5
E06000050,7/1/22,2.5
E06000050,8/1/22,2.5
E06000050,9/1/22,2.6
E06000050,10/1/22,2.5
E06000050,11/1/22,2.6
E06000050,12/1/22,2.6
E06000050,1/1/23,2.5
E06000050,2/1/23,2.6
E06000050,3/1/23,2.6
E06000050,4/1/23,2.5
E06000050,5/1/23,2.4
E06000050,6/1/23,2.4
E06000050,7/1/23,2.4
E06000050,8/1/23,2.4
E06000050,9/1/23,2.4
E06000050,10/1/23,2.5
E06000050,11/1/23,2.5
E06000050,12/1/23,2.4
E06000050,1/1/24,2.4
E06000050,2/1/24,2.5
E06000050,3/1/24,2.5
E06000050,4/1/24,2.5
E06000050,5/1/24,2.5
E06000050,6/1/24,2.5
E06000050,7/1/24,2.7
E06000050,8/1/24,2.7
E06000050,9/1/24,2.6
E06000050,10/1/24,2.6
E06000050,11/1/24,2.5
E06000050,12/1/24,2.5
E06000050,1/1/25,2.5
E06000050,2/1/25,2.6
E06000050,3/1/25,2.6
E06000050,4/1/25,2.5
E06000050,5/1/25,2.5
E06000050,6/1/25,2.5
E06000050,7/1/25,2.5
E06000050,8/1/25,2.5
E06000050,9/1/25,2.5
E06000050,10/1/25,2.5
E06000050,11/1/25,2.5
E06000050,12/1/25,2.5
E06000050,1/1/26,2.5
E06000050,2/1/26,2.7
E06000051,1/1/18,1.2
E06000051,2/1/18,1.2
E06000051,3/1/18,1.3
E06000051,4/1/18,1.3
E06000051,5/1/18,1.2
E06000051,6/1/18,1.2
E06000051,7/1/18,1.3
E06000051,8/1/18,1.3
E06000051,9/1/18,1.4
E06000051,10/1/18,1.5
E06000051,11/1/18,1.6
E06000051,12/1/18,1.6
E06000051,1/1/19,1.6
E06000051,2/1/19,1.7
E06000051,3/1/19,1.8
E06000051,4/1/19,1.8
E06000051,5/1/19,1.9
E06000051,6/1/19,1.9
E06000051,7/1/19,1.9
E06000051,8/1/19,1.9
E06000051,9/1/19,1.9
E06000051,10/1/19,2
E06000051,11/1/19,2
E06000051,12/1/19,2
E06000051,1/1/20,2
E06000051,2/1/20,2
E06000051,3/1/20,2.1
E06000051,4/1/20,3.8
E06000051,5/1/20,4.8
E06000051,6/1/20,4.6
E06000051,7/1/20,4.7
E06000051,8/1/20,4.8
E06000051,9/1/20,4.7
E06000051,10/1/20,4.5
E06000051,11/1/20,4.5
E06000051,12/1/20,4.5
E06000051,1/1/21,4.3
E06000051,2/1/21,4.6
E06000051,3/1/21,4.5
E06000051,4/1/21,4.4
E06000051,5/1/21,4
E06000051,6/1/21,3.7
E06000051,7/1/21,3.6
E06000051,8/1/21,3.4
E06000051,9/1/21,3.3
E06000051,10/1/21,3.1
E06000051,11/1/21,3
E06000051,12/1/21,2.9
E06000051,1/1/22,2.9
E06000051,2/1/22,2.8
E06000051,3/1/22,2.7
E06000051,4/1/22,2.5
E06000051,5/1/22,2.4
E06000051,6/1/22,2.4
E06000051,7/1/22,2.4
E06000051,8/1/22,2.4
E06000051,9/1/22,2.4
E06000051,10/1/22,2.3
E06000051,11/1/22,2.4
E06000051,12/1/22,2.4
E06000051,1/1/23,2.4
E06000051,2/1/23,2.4
E06000051,3/1/23,2.4
E06000051,4/1/23,2.4
E06000051,5/1/23,2.3
E06000051,6/1/23,2.3
E06000051,7/1/23,2.3
E06000051,8/1/23,2.3
E06000051,9/1/23,2.2
E06000051,10/1/23,2.2
E06000051,11/1/23,2.2
E06000051,12/1/23,2.2
E06000051,1/1/24,2.2
E06000051,2/1/24,2.3
E06000051,3/1/24,2.3
E06000051,4/1/24,2.3
E06000051,5/1/24,2.3
E06000051,6/1/24,2.4
E06000051,7/1/24,2.7
E06000051,8/1/24,2.7
E06000051,9/1/24,2.6
E06000051,10/1/24,2.6
E06000051,11/1/24,2.6
E06000051,12/1/24,2.5
E06000051,1/1/25,2.5
E06000051,2/1/25,2.5
E06000051,3/1/25,2.5
E06000051,4/1/25,2.4
E06000051,5/1/25,2.4
E06000051,6/1/25,2.4
E06000051,7/1/25,2.3
E06000051,8/1/25,2.3
E06000051,9/1/25,2.3
E06000051,10/1/25,2.3
E06000051,11/1/25,2.3
E06000051,12/1/25,2.3
E06000051,1/1/26,2.3
E06000051,2/1/26,2.5
E06000052,1/1/18,1.4
E06000052,2/1/18,1.5
E06000052,3/1/18,1.5
E06000052,4/1/18,1.4
E06000052,5/1/18,1.4
E06000052,6/1/18,1.3
E06000052,7/1/18,1.4
E06000052,8/1/18,1.4
E06000052,9/1/18,1.6
E06000052,10/1/18,1.7
E06000052,11/1/18,1.9
E06000052,12/1/18,2
E06000052,1/1/19,2.1
E06000052,2/1/19,2.3
E06000052,3/1/19,2.3
E06000052,4/1/19,2.3
E06000052,5/1/19,2.2
E06000052,6/1/19,2.2
E06000052,7/1/19,2.2
E06000052,8/1/19,2.2
E06000052,9/1/19,2.2
E06000052,10/1/19,2.2
E06000052,11/1/19,2.3
E06000052,12/1/19,2.4
E06000052,1/1/20,2.5
E06000052,2/1/20,2.7
E06000052,3/1/20,2.7
E06000052,4/1/20,5.8
E06000052,5/1/20,6.5
E06000052,6/1/20,6
E06000052,7/1/20,6.1
E06000052,8/1/20,6.1
E06000052,9/1/20,5.7
E06000052,10/1/20,5.2
E06000052,11/1/20,5.4
E06000052,12/1/20,5.4
E06000052,1/1/21,5.4
E06000052,2/1/21,5.7
E06000052,3/1/21,5.8
E06000052,4/1/21,5.6
E06000052,5/1/21,5
E06000052,6/1/21,4.4
E06000052,7/1/21,4.2
E06000052,8/1/21,3.9
E06000052,9/1/21,3.7
E06000052,10/1/21,3.6
E06000052,11/1/21,3.5
E06000052,12/1/21,3.4
E06000052,1/1/22,3.4
E06000052,2/1/22,3.4
E06000052,3/1/22,3.2
E06000052,4/1/22,2.9
E06000052,5/1/22,2.7
E06000052,6/1/22,2.7
E06000052,7/1/22,2.6
E06000052,8/1/22,2.6
E06000052,9/1/22,2.5
E06000052,10/1/22,2.5
E06000052,11/1/22,2.7
E06000052,12/1/22,2.8
E06000052,1/1/23,2.8
E06000052,2/1/23,2.8
E06000052,3/1/23,2.8
E06000052,4/1/23,2.8
E06000052,5/1/23,2.6
E06000052,6/1/23,2.7
E06000052,7/1/23,2.7
E06000052,8/1/23,2.6
E06000052,9/1/23,2.6
E06000052,10/1/23,2.6
E06000052,11/1/23,2.8
E06000052,12/1/23,2.9
E06000052,1/1/24,3
E06000052,2/1/24,3
E06000052,3/1/24,3
E06000052,4/1/24,2.9
E06000052,5/1/24,2.9
E06000052,6/1/24,2.8
E06000052,7/1/24,3
E06000052,8/1/24,3
E06000052,9/1/24,3
E06000052,10/1/24,3
E06000052,11/1/24,3.1
E06000052,12/1/24,3.1
E06000052,1/1/25,3.2
E06000052,2/1/25,3.4
E06000052,3/1/25,3.3
E06000052,4/1/25,3.1
E06000052,5/1/25,3
E06000052,6/1/25,3
E06000052,7/1/25,2.8
E06000052,8/1/25,2.8
E06000052,9/1/25,2.8
E06000052,10/1/25,2.9
E06000052,11/1/25,3
E06000052,12/1/25,3.1
E06000052,1/1/26,3.2
E06000052,2/1/26,3.4
E06000053,1/1/18,0.5
E06000053,2/1/18,0.3
E06000053,3/1/18,0.5
E06000053,4/1/18,0.3
E06000053,5/1/18,#
E06000053,6/1/18,0.2
E06000053,7/1/18,0.2
E06000053,8/1/18,0.2
E06000053,9/1/18,0.2
E06000053,10/1/18,0.3
E06000053,11/1/18,0.3
E06000053,12/1/18,0.6
E06000053,1/1/19,0.6
E06000053,2/1/19,0.7
E06000053,3/1/19,0.8
E06000053,4/1/19,0.7
E06000053,5/1/19,0.7
E06000053,6/1/19,0.7
E06000053,7/1/19,0.7
E06000053,8/1/19,0.7
E06000053,9/1/19,0.7
E06000053,10/1/19,0.7
E06000053,11/1/19,0.8
E06000053,12/1/19,1
E06000053,1/1/20,0.9
E06000053,2/1/20,0.9
E06000053,3/1/20,0.8
E06000053,4/1/20,6.9
E06000053,5/1/20,7.7
E06000053,6/1/20,6.8
E06000053,7/1/20,5.9
E06000053,8/1/20,5.2
E06000053,9/1/20,3.6
E06000053,10/1/20,3.2
E06000053,11/1/20,3.6
E06000053,12/1/20,3.9
E06000053,1/1/21,4.5
E06000053,2/1/21,4.7
E06000053,3/1/21,4.5
E06000053,4/1/21,4.2
E06000053,5/1/21,3
E06000053,6/1/21,2.5
E06000053,7/1/21,1.6
E06000053,8/1/21,1.4
E06000053,9/1/21,1
E06000053,10/1/21,1.1
E06000053,11/1/21,1.7
E06000053,12/1/21,2.2
E06000053,1/1/22,2.3
E06000053,2/1/22,2.1
E06000053,3/1/22,1.8
E06000053,4/1/22,1.4
E06000053,5/1/22,0.9
E06000053,6/1/22,1
E06000053,7/1/22,1.1
E06000053,8/1/22,0.7
E06000053,9/1/22,0.9
E06000053,10/1/22,0.9
E06000053,11/1/22,1
E06000053,12/1/22,1.2
E06000053,1/1/23,1.5
E06000053,2/1/23,1.5
E06000053,3/1/23,1.4
E06000053,4/1/23,1.6
E06000053,5/1/23,1.4
E06000053,6/1/23,0.7
E06000053,7/1/23,1.1
E06000053,8/1/23,0.7
E06000053,9/1/23,0.8
E06000053,10/1/23,0.9
E06000053,11/1/23,1
E06000053,12/1/23,1.4
E06000053,1/1/24,1.4
E06000053,2/1/24,1.9
E06000053,3/1/24,1.8
E06000053,4/1/24,1
E06000053,5/1/24,1.2
E06000053,6/1/24,0.7
E06000053,7/1/24,0.8
E06000053,8/1/24,0.8
E06000053,9/1/24,0.8
E06000053,10/1/24,0.9
E06000053,11/1/24,0.9
E06000053,12/1/24,1.2
E06000053,1/1/25,1.2
E06000053,2/1/25,1.6
E06000053,3/1/25,1.5
E06000053,4/1/25,1.6
E06000053,5/1/25,1.4
E06000053,6/1/25,0.6
E06000053,7/1/25,0.8
E06000053,8/1/25,0.9
E06000053,9/1/25,0.9
E06000053,10/1/25,0.7
E06000053,11/1/25,1
E06000053,12/1/25,0.9
E06000053,1/1/26,1.3
E06000053,2/1/26,1.6
E06000054,1/1/18,1.1
E06000054,2/1/18,1.3
E06000054,3/1/18,1.3
E06000054,4/1/18,1.5
E06000054,5/1/18,1.4
E06000054,6/1/18,1.4
E06000054,7/1/18,1.4
E06000054,8/1/18,1.4
E06000054,9/1/18,1.4
E06000054,10/1/18,1.4
E06000054,11/1/18,1.5
E06000054,12/1/18,1.5
E06000054,1/1/19,1.4
E06000054,2/1/19,1.6
E06000054,3/1/19,1.6
E06000054,4/1/19,1.6
E06000054,5/1/19,1.5
E06000054,6/1/19,1.6
E06000054,7/1/19,1.5
E06000054,8/1/19,1.6
E06000054,9/1/19,1.6
E06000054,10/1/19,1.6
E06000054,11/1/19,1.6
E06000054,12/1/19,1.6
E06000054,1/1/20,1.6
E06000054,2/1/20,1.7
E06000054,3/1/20,1.7
E06000054,4/1/20,3.2
E06000054,5/1/20,4.2
E06000054,6/1/20,4
E06000054,7/1/20,4.1
E06000054,8/1/20,4.1
E06000054,9/1/20,4
E06000054,10/1/20,3.8
E06000054,11/1/20,3.8
E06000054,12/1/20,3.8
E06000054,1/1/21,3.7
E06000054,2/1/21,3.9
E06000054,3/1/21,3.9
E06000054,4/1/21,3.8
E06000054,5/1/21,3.5
E06000054,6/1/21,3.3
E06000054,7/1/21,3.2
E06000054,8/1/21,3
E06000054,9/1/21,2.9
E06000054,10/1/21,2.7
E06000054,11/1/21,2.6
E06000054,12/1/21,2.6
E06000054,1/1/22,2.5
E06000054,2/1/22,2.5
E06000054,3/1/22,2.4
E06000054,4/1/22,2.2
E06000054,5/1/22,2.1
E06000054,6/1/22,2
E06000054,7/1/22,2
E06000054,8/1/22,2
E06000054,9/1/22,2
E06000054,10/1/22,2
E06000054,11/1/22,2
E06000054,12/1/22,2
E06000054,1/1/23,2
E06000054,2/1/23,2
E06000054,3/1/23,2
E06000054,4/1/23,2
E06000054,5/1/23,1.9
E06000054,6/1/23,1.9
E06000054,7/1/23,1.9
E06000054,8/1/23,2
E06000054,9/1/23,1.9
E06000054,10/1/23,2
E06000054,11/1/23,2
E06000054,12/1/23,2
E06000054,1/1/24,2.1
E06000054,2/1/24,2.2
E06000054,3/1/24,2.2
E06000054,4/1/24,2.1
E06000054,5/1/24,2.2
E06000054,6/1/24,2.1
E06000054,7/1/24,2.3
E06000054,8/1/24,2.3
E06000054,9/1/24,2.3
E06000054,10/1/24,2.3
E06000054,11/1/24,2.3
E06000054,12/1/24,2.3
E06000054,1/1/25,2.2
E06000054,2/1/25,2.4
E06000054,3/1/25,2.3
E06000054,4/1/25,2.3
E06000054,5/1/25,2.2
E06000054,6/1/25,2.2
E06000054,7/1/25,2.2
E06000054,8/1/25,2.2
E06000054,9/1/25,2.2
E06000054,10/1/25,2.2
E06000054,11/1/25,2.2
E06000054,12/1/25,2.2
E06000054,1/1/26,2.2
E06000054,2/1/26,2.3
E06000055,1/1/18,2.4
E06000055,2/1/18,2.6
E06000055,3/1/18,2.7
E06000055,4/1/18,3
E06000055,5/1/18,2.8
E06000055,6/1/18,2.8
E06000055,7/1/18,2.8
E06000055,8/1/18,2.9
E06000055,9/1/18,2.9
E06000055,10/1/18,3
E06000055,11/1/18,2.9
E06000055,12/1/18,2.9
E06000055,1/1/19,2.8
E06000055,2/1/19,2.9
E06000055,3/1/19,3
E06000055,4/1/19,2.9
E06000055,5/1/19,2.9
E06000055,6/1/19,3
E06000055,7/1/19,3.1
E06000055,8/1/19,3.1
E06000055,9/1/19,3.1
E06000055,10/1/19,3.1
E06000055,11/1/19,3.1
E06000055,12/1/19,3
E06000055,1/1/20,3
E06000055,2/1/20,3.1
E06000055,3/1/20,3.1
E06000055,4/1/20,4.9
E06000055,5/1/20,6.4
E06000055,6/1/20,6.2
E06000055,7/1/20,6.3
E06000055,8/1/20,6.4
E06000055,9/1/20,6.3
E06000055,10/1/20,6
E06000055,11/1/20,6
E06000055,12/1/20,6
E06000055,1/1/21,5.8
E06000055,2/1/21,6.2
E06000055,3/1/21,6.3
E06000055,4/1/21,6.2
E06000055,5/1/21,5.8
E06000055,6/1/21,5.4
E06000055,7/1/21,5.3
E06000055,8/1/21,5.1
E06000055,9/1/21,4.9
E06000055,10/1/21,4.7
E06000055,11/1/21,4.6
E06000055,12/1/21,4.4
E06000055,1/1/22,4.3
E06000055,2/1/22,4.3
E06000055,3/1/22,4.2
E06000055,4/1/22,4
E06000055,5/1/22,3.8
E06000055,6/1/22,3.7
E06000055,7/1/22,3.6
E06000055,8/1/22,3.6
E06000055,9/1/22,3.6
E06000055,10/1/22,3.6
E06000055,11/1/22,3.6
E06000055,12/1/22,3.6
E06000055,1/1/23,3.5
E06000055,2/1/23,3.6
E06000055,3/1/23,3.7
E06000055,4/1/23,3.9
E06000055,5/1/23,3.8
E06000055,6/1/23,3.7
E06000055,7/1/23,3.9
E06000055,8/1/23,3.9
E06000055,9/1/23,3.9
E06000055,10/1/23,3.9
E06000055,11/1/23,3.9
E06000055,12/1/23,3.9
E06000055,1/1/24,3.9
E06000055,2/1/24,3.9
E06000055,3/1/24,3.9
E06000055,4/1/24,3.8
E06000055,5/1/24,3.9
E06000055,6/1/24,3.9
E06000055,7/1/24,4.3
E06000055,8/1/24,4.4
E06000055,9/1/24,4.4
E06000055,10/1/24,4.3
E06000055,11/1/24,4.2
E06000055,12/1/24,4.2
E06000055,1/1/25,4.2
E06000055,2/1/25,4.5
E06000055,3/1/25,4.5
E06000055,4/1/25,4.4
E06000055,5/1/25,4.4
E06000055,6/1/25,4.4
E06000055,7/1/25,4.3
E06000055,8/1/25,4.3
E06000055,9/1/25,4.3
E06000055,10/1/25,4.4
E06000055,11/1/25,4.3
E06000055,12/1/25,4.2
E06000055,1/1/26,4.2
E06000055,2/1/26,4.5
E06000056,1/1/18,0.9
E06000056,2/1/18,0.9
E06000056,3/1/18,0.9
E06000056,4/1/18,1
E06000056,5/1/18,0.9
E06000056,6/1/18,0.9
E06000056,7/1/18,0.9
E06000056,8/1/18,0.9
E06000056,9/1/18,0.9
E06000056,10/1/18,0.9
E06000056,11/1/18,0.9
E06000056,12/1/18,0.8
E06000056,1/1/19,0.9
E06000056,2/1/19,1
E06000056,3/1/19,1.1
E06000056,4/1/19,1.1
E06000056,5/1/19,1.2
E06000056,6/1/19,1.2
E06000056,7/1/19,1.3
E06000056,8/1/19,1.3
E06000056,9/1/19,1.3
E06000056,10/1/19,1.4
E06000056,11/1/19,1.4
E06000056,12/1/19,1.4
E06000056,1/1/20,1.4
E06000056,2/1/20,1.5
E06000056,3/1/20,1.5
E06000056,4/1/20,3.1
E06000056,5/1/20,4.5
E06000056,6/1/20,4.2
E06000056,7/1/20,4.3
E06000056,8/1/20,4.4
E06000056,9/1/20,4.3
E06000056,10/1/20,4
E06000056,11/1/20,4
E06000056,12/1/20,3.9
E06000056,1/1/21,3.8
E06000056,2/1/21,4
E06000056,3/1/21,4
E06000056,4/1/21,4
E06000056,5/1/21,3.7
E06000056,6/1/21,3.4
E06000056,7/1/21,3.3
E06000056,8/1/21,3.2
E06000056,9/1/21,3
E06000056,10/1/21,2.9
E06000056,11/1/21,2.8
E06000056,12/1/21,2.6
E06000056,1/1/22,2.5
E06000056,2/1/22,2.5
E06000056,3/1/22,2.4
E06000056,4/1/22,2.3
E06000056,5/1/22,2.2
E06000056,6/1/22,2.2
E06000056,7/1/22,2.1
E06000056,8/1/22,2.1
E06000056,9/1/22,2.1
E06000056,10/1/22,2.1
E06000056,11/1/22,2.1
E06000056,12/1/22,2
E06000056,1/1/23,2
E06000056,2/1/23,2.1
E06000056,3/1/23,2.1
E06000056,4/1/23,2.2
E06000056,5/1/23,2.1
E06000056,6/1/23,2.1
E06000056,7/1/23,2.1
E06000056,8/1/23,2.1
E06000056,9/1/23,2.1
E06000056,10/1/23,2.1
E06000056,11/1/23,2.1
E06000056,12/1/23,2.1
E06000056,1/1/24,2.1
E06000056,2/1/24,2.1
E06000056,3/1/24,2.2
E06000056,4/1/24,2.2
E06000056,5/1/24,2.2
E06000056,6/1/24,2.3
E06000056,7/1/24,2.4
E06000056,8/1/24,2.5
E06000056,9/1/24,2.5
E06000056,10/1/24,2.5
E06000056,11/1/24,2.5
E06000056,12/1/24,2.4
E06000056,1/1/25,2.5
E06000056,2/1/25,2.6
E06000056,3/1/25,2.6
E06000056,4/1/25,2.5
E06000056,5/1/25,2.5
E06000056,6/1/25,2.6
E06000056,7/1/25,2.5
E06000056,8/1/25,2.5
E06000056,9/1/25,2.6
E06000056,10/1/25,2.5
E06000056,11/1/25,2.5
E06000056,12/1/25,2.5
E06000056,1/1/26,2.5
E06000056,2/1/26,2.7
E06000057,1/1/18,2.7
E06000057,2/1/18,2.7
E06000057,3/1/18,2.8
E06000057,4/1/18,2.8
E06000057,5/1/18,2.7
E06000057,6/1/18,2.6
E06000057,7/1/18,2.5
E06000057,8/1/18,2.5
E06000057,9/1/18,2.5
E06000057,10/1/18,2.5
E06000057,11/1/18,2.5
E06000057,12/1/18,2.6
E06000057,1/1/19,2.7
E06000057,2/1/19,2.9
E06000057,3/1/19,3
E06000057,4/1/19,3.1
E06000057,5/1/19,3.1
E06000057,6/1/19,3.1
E06000057,7/1/19,3.1
E06000057,8/1/19,3.2
E06000057,9/1/19,3.3
E06000057,10/1/19,3.4
E06000057,11/1/19,3.4
E06000057,12/1/19,3.4
E06000057,1/1/20,3.5
E06000057,2/1/20,3.6
E06000057,3/1/20,3.6
E06000057,4/1/20,5.8
E06000057,5/1/20,6.4
E06000057,6/1/20,6
E06000057,7/1/20,6.1
E06000057,8/1/20,6.1
E06000057,9/1/20,6
E06000057,10/1/20,5.8
E06000057,11/1/20,5.9
E06000057,12/1/20,5.9
E06000057,1/1/21,5.8
E06000057,2/1/21,6
E06000057,3/1/21,6
E06000057,4/1/21,5.8
E06000057,5/1/21,5.4
E06000057,6/1/21,4.9
E06000057,7/1/21,4.8
E06000057,8/1/21,4.6
E06000057,9/1/21,4.4
E06000057,10/1/21,4.3
E06000057,11/1/21,4.1
E06000057,12/1/21,4
E06000057,1/1/22,4
E06000057,2/1/22,3.9
E06000057,3/1/22,3.8
E06000057,4/1/22,3.5
E06000057,5/1/22,3.3
E06000057,6/1/22,3.2
E06000057,7/1/22,3.2
E06000057,8/1/22,3.2
E06000057,9/1/22,3.2
E06000057,10/1/22,3.1
E06000057,11/1/22,3.3
E06000057,12/1/22,3.3
E06000057,1/1/23,3.3
E06000057,2/1/23,3.3
E06000057,3/1/23,3.4
E06000057,4/1/23,3.3
E06000057,5/1/23,3.1
E06000057,6/1/23,3.1
E06000057,7/1/23,3.1
E06000057,8/1/23,3
E06000057,9/1/23,3
E06000057,10/1/23,3
E06000057,11/1/23,3.1
E06000057,12/1/23,3
E06000057,1/1/24,3
E06000057,2/1/24,3.1
E06000057,3/1/24,3.1
E06000057,4/1/24,3
E06000057,5/1/24,3
E06000057,6/1/24,3
E06000057,7/1/24,3.2
E06000057,8/1/24,3.2
E06000057,9/1/24,3.2
E06000057,10/1/24,3.1
E06000057,11/1/24,3.1
E06000057,12/1/24,3
E06000057,1/1/25,3
E06000057,2/1/25,3.1
E06000057,3/1/25,3.1
E06000057,4/1/25,3
E06000057,5/1/25,2.8
E06000057,6/1/25,2.8
E06000057,7/1/25,2.8
E06000057,8/1/25,2.7
E06000057,9/1/25,2.7
E06000057,10/1/25,2.7
E06000057,11/1/25,2.7
E06000057,12/1/25,2.8
E06000057,1/1/26,2.8
E06000057,2/1/26,3
E06000058,1/1/18,1.4
E06000058,2/1/18,1.4
E06000058,3/1/18,1.5
E06000058,4/1/18,1.8
E06000058,5/1/18,1.8
E06000058,6/1/18,1.8
E06000058,7/1/18,1.9
E06000058,8/1/18,1.9
E06000058,9/1/18,1.9
E06000058,10/1/18,2
E06000058,11/1/18,2
E06000058,12/1/18,2.1
E06000058,1/1/19,2.2
E06000058,2/1/19,2.3
E06000058,3/1/19,2.3
E06000058,4/1/19,2.3
E06000058,5/1/19,2.3
E06000058,6/1/19,2.4
E06000058,7/1/19,2.4
E06000058,8/1/19,2.4
E06000058,9/1/19,2.3
E06000058,10/1/19,2.3
E06000058,11/1/19,2.4
E06000058,12/1/19,2.4
E06000058,1/1/20,2.5
E06000058,2/1/20,2.6
E06000058,3/1/20,2.6
E06000058,4/1/20,4.7
E06000058,5/1/20,6.5
E06000058,6/1/20,6.1
E06000058,7/1/20,6.2
E06000058,8/1/20,6.3
E06000058,9/1/20,6.2
E06000058,10/1/20,5.9
E06000058,11/1/20,6
E06000058,12/1/20,5.9
E06000058,1/1/21,5.9
E06000058,2/1/21,6.1
E06000058,3/1/21,6.2
E06000058,4/1/21,6
E06000058,5/1/21,5.6
E06000058,6/1/21,5.1
E06000058,7/1/21,4.9
E06000058,8/1/21,4.7
E06000058,9/1/21,4.3
E06000058,10/1/21,4.1
E06000058,11/1/21,4
E06000058,12/1/21,3.9
E06000058,1/1/22,3.8
E06000058,2/1/22,3.8
E06000058,3/1/22,3.7
E06000058,4/1/22,3.6
E06000058,5/1/22,3.4
E06000058,6/1/22,3.4
E06000058,7/1/22,3.2
E06000058,8/1/22,3.2
E06000058,9/1/22,3.2
E06000058,10/1/22,3.1
E06000058,11/1/22,3.2
E06000058,12/1/22,3.3
E06000058,1/1/23,3.2
E06000058,2/1/23,3.3
E06000058,3/1/23,3.3
E06000058,4/1/23,3.4
E06000058,5/1/23,3.2
E06000058,6/1/23,3.2
E06000058,7/1/23,3.2
E06000058,8/1/23,3.1
E06000058,9/1/23,3
E06000058,10/1/23,3
E06000058,11/1/23,3.1
E06000058,12/1/23,3.3
E06000058,1/1/24,3.3
E06000058,2/1/24,3.4
E06000058,3/1/24,3.4
E06000058,4/1/24,3.4
E06000058,5/1/24,3.4
E06000058,6/1/24,3.4
E06000058,7/1/24,3.6
E06000058,8/1/24,3.6
E06000058,9/1/24,3.6
E06000058,10/1/24,3.5
E06000058,11/1/24,3.4
E06000058,12/1/24,3.4
E06000058,1/1/25,3.4
E06000058,2/1/25,3.5
E06000058,3/1/25,3.5
E06000058,4/1/25,3.5
E06000058,5/1/25,3.4
E06000058,6/1/25,3.4
E06000058,7/1/25,3.4
E06000058,8/1/25,3.3
E06000058,9/1/25,3.2
E06000058,10/1/25,3.2
E06000058,11/1/25,3.3
E06000058,12/1/25,3.3
E06000058,1/1/26,3.4
E06000058,2/1/26,3.5
E06000059,1/1/18,1
E06000059,2/1/18,1
E06000059,3/1/18,1.1
E06000059,4/1/18,1.2
E06000059,5/1/18,1.2
E06000059,6/1/18,1.2
E06000059,7/1/18,1.3
E06000059,8/1/18,1.3
E06000059,9/1/18,1.3
E06000059,10/1/18,1.3
E06000059,11/1/18,1.4
E06000059,12/1/18,1.5
E06000059,1/1/19,1.5
E06000059,2/1/19,1.6
E06000059,3/1/19,1.7
E06000059,4/1/19,1.6
E06000059,5/1/19,1.6
E06000059,6/1/19,1.6
E06000059,7/1/19,1.6
E06000059,8/1/19,1.6
E06000059,9/1/19,1.6
E06000059,10/1/19,1.6
E06000059,11/1/19,1.7
E06000059,12/1/19,1.7
E06000059,1/1/20,1.8
E06000059,2/1/20,1.8
E06000059,3/1/20,1.8
E06000059,4/1/20,3.7
E06000059,5/1/20,4.7
E06000059,6/1/20,4.4
E06000059,7/1/20,4.5
E06000059,8/1/20,4.6
E06000059,9/1/20,4.4
E06000059,10/1/20,4.2
E06000059,11/1/20,4.3
E06000059,12/1/20,4.3
E06000059,1/1/21,4.2
E06000059,2/1/21,4.5
E06000059,3/1/21,4.5
E06000059,4/1/21,4.4
E06000059,5/1/21,4
E06000059,6/1/21,3.5
E06000059,7/1/21,3.4
E06000059,8/1/21,3.2
E06000059,9/1/21,3
E06000059,10/1/21,2.9
E06000059,11/1/21,2.8
E06000059,12/1/21,2.7
E06000059,1/1/22,2.8
E06000059,2/1/22,2.8
E06000059,3/1/22,2.7
E06000059,4/1/22,2.5
E06000059,5/1/22,2.3
E06000059,6/1/22,2.3
E06000059,7/1/22,2.2
E06000059,8/1/22,2.2
E06000059,9/1/22,2.2
E06000059,10/1/22,2.2
E06000059,11/1/22,2.3
E06000059,12/1/22,2.3
E06000059,1/1/23,2.3
E06000059,2/1/23,2.3
E06000059,3/1/23,2.3
E06000059,4/1/23,2.3
E06000059,5/1/23,2.2
E06000059,6/1/23,2.2
E06000059,7/1/23,2.2
E06000059,8/1/23,2.1
E06000059,9/1/23,2.1
E06000059,10/1/23,2.1
E06000059,11/1/23,2.2
E06000059,12/1/23,2.3
E06000059,1/1/24,2.3
E06000059,2/1/24,2.4
E06000059,3/1/24,2.4
E06000059,4/1/24,2.4
E06000059,5/1/24,2.4
E06000059,6/1/24,2.4
E06000059,7/1/24,2.6
E06000059,8/1/24,2.6
E06000059,9/1/24,2.5
E06000059,10/1/24,2.5
E06000059,11/1/24,2.5
E06000059,12/1/24,2.4
E06000059,1/1/25,2.5
E06000059,2/1/25,2.6
E06000059,3/1/25,2.6
E06000059,4/1/25,2.5
E06000059,5/1/25,2.4
E06000059,6/1/25,2.3
E06000059,7/1/25,2.3
E06000059,8/1/25,2.2
E06000059,9/1/25,2.2
E06000059,10/1/25,2.2
E06000059,11/1/25,2.2
E06000059,12/1/25,2.2
E06000059,1/1/26,2.3
E06000059,2/1/26,2.4
E06000060,1/1/18,0.9
E06000060,2/1/18,0.9
E06000060,3/1/18,0.9
E06000060,4/1/18,0.9
E06000060,5/1/18,0.9
E06000060,6/1/18,0.9
E06000060,7/1/18,0.9
E06000060,8/1/18,0.9
E06000060,9/1/18,0.9
E06000060,10/1/18,0.9
E06000060,11/1/18,0.9
E06000060,12/1/18,1
E06000060,1/1/19,1
E06000060,2/1/19,1.1
E06000060,3/1/19,1.2
E06000060,4/1/19,1.2
E06000060,5/1/19,1.2
E06000060,6/1/19,1.3
E06000060,7/1/19,1.3
E06000060,8/1/19,1.4
E06000060,9/1/19,1.4
E06000060,10/1/19,1.4
E06000060,11/1/19,1.5
E06000060,12/1/19,1.5
E06000060,1/1/20,1.5
E06000060,2/1/20,1.6
E06000060,3/1/20,1.6
E06000060,4/1/20,2.8
E06000060,5/1/20,4.5
E06000060,6/1/20,4.3
E06000060,7/1/20,4.5
E06000060,8/1/20,4.6
E06000060,9/1/20,4.6
E06000060,10/1/20,4.3
E06000060,11/1/20,4.4
E06000060,12/1/20,4.4
E06000060,1/1/21,4.3
E06000060,2/1/21,4.6
E06000060,3/1/21,4.5
E06000060,4/1/21,4.4
E06000060,5/1/21,4.1
E06000060,6/1/21,3.7
E06000060,7/1/21,3.7
E06000060,8/1/21,3.5
E06000060,9/1/21,3.3
E06000060,10/1/21,3.2
E06000060,11/1/21,3.1
E06000060,12/1/21,3
E06000060,1/1/22,2.9
E06000060,2/1/22,2.8
E06000060,3/1/22,2.8
E06000060,4/1/22,2.7
E06000060,5/1/22,2.6
E06000060,6/1/22,2.6
E06000060,7/1/22,2.5
E06000060,8/1/22,2.6
E06000060,9/1/22,2.6
E06000060,10/1/22,2.5
E06000060,11/1/22,2.5
E06000060,12/1/22,2.5
E06000060,1/1/23,2.5
E06000060,2/1/23,2.5
E06000060,3/1/23,2.5
E06000060,4/1/23,2.5
E06000060,5/1/23,2.5
E06000060,6/1/23,2.5
E06000060,7/1/23,2.5
E06000060,8/1/23,2.5
E06000060,9/1/23,2.5
E06000060,10/1/23,2.5
E06000060,11/1/23,2.5
E06000060,12/1/23,2.6
E06000060,1/1/24,2.5
E06000060,2/1/24,2.6
E06000060,3/1/24,2.6
E06000060,4/1/24,2.6
E06000060,5/1/24,2.7
E06000060,6/1/24,2.8
E06000060,7/1/24,2.9
E06000060,8/1/24,2.9
E06000060,9/1/24,3
E06000060,10/1/24,3
E06000060,11/1/24,3
E06000060,12/1/24,3
E06000060,1/1/25,3
E06000060,2/1/25,3.2
E06000060,3/1/25,3.2
E06000060,4/1/25,3.1
E06000060,5/1/25,3.1
E06000060,6/1/25,3.1
E06000060,7/1/25,3.1
E06000060,8/1/25,3.1
E06000060,9/1/25,3
E06000060,10/1/25,3.1
E06000060,11/1/25,3
E06000060,12/1/25,2.9
E06000060,1/1/26,3
E06000060,2/1/26,3.1
E06000061,1/1/18,1.6
E06000061,2/1/18,1.8
E06000061,3/1/18,1.9
E06000061,4/1/18,1.9
E06000061,5/1/18,1.9
E06000061,6/1/18,1.8
E06000061,7/1/18,1.8
E06000061,8/1/18,1.8
E06000061,9/1/18,1.8
E06000061,10/1/18,1.8
E06000061,11/1/18,1.8
E06000061,12/1/18,1.8
E06000061,1/1/19,2
E06000061,2/1/19,2.1
E06000061,3/1/19,2.2
E06000061,4/1/19,2.3
E06000061,5/1/19,2.3
E06000061,6/1/19,2.4
E06000061,7/1/19,2.4
E06000061,8/1/19,2.4
E06000061,9/1/19,2.4
E06000061,10/1/19,2.4
E06000061,11/1/19,2.4
E06000061,12/1/19,2.4
E06000061,1/1/20,2.4
E06000061,2/1/20,2.5
E06000061,3/1/20,2.6
E06000061,4/1/20,4.8
E06000061,5/1/20,5.9
E06000061,6/1/20,5.7
E06000061,7/1/20,5.6
E06000061,8/1/20,5.7
E06000061,9/1/20,5.5
E06000061,10/1/20,5.2
E06000061,11/1/20,5.2
E06000061,12/1/20,5.2
E06000061,1/1/21,5
E06000061,2/1/21,5.3
E06000061,3/1/21,5.3
E06000061,4/1/21,5.2
E06000061,5/1/21,4.8
E06000061,6/1/21,4.5
E06000061,7/1/21,4.4
E06000061,8/1/21,4.2
E06000061,9/1/21,4
E06000061,10/1/21,3.8
E06000061,11/1/21,3.6
E06000061,12/1/21,3.4
E06000061,1/1/22,3.4
E06000061,2/1/22,3.4
E06000061,3/1/22,3.3
E06000061,4/1/22,3.2
E06000061,5/1/22,3.1
E06000061,6/1/22,3.1
E06000061,7/1/22,3
E06000061,8/1/22,3
E06000061,9/1/22,3
E06000061,10/1/22,2.9
E06000061,11/1/22,3
E06000061,12/1/22,3
E06000061,1/1/23,3
E06000061,2/1/23,3.2
E06000061,3/1/23,3.3
E06000061,4/1/23,3.4
E06000061,5/1/23,3.3
E06000061,6/1/23,3.3
E06000061,7/1/23,3.3
E06000061,8/1/23,3.2
E06000061,9/1/23,3.2
E06000061,10/1/23,3.3
E06000061,11/1/23,3.2
E06000061,12/1/23,3.2
E06000061,1/1/24,3.2
E06000061,2/1/24,3.3
E06000061,3/1/24,3.3
E06000061,4/1/24,3.4
E06000061,5/1/24,3.3
E06000061,6/1/24,3.3
E06000061,7/1/24,3.5
E06000061,8/1/24,3.5
E06000061,9/1/24,3.5
E06000061,10/1/24,3.3
E06000061,11/1/24,3.2
E06000061,12/1/24,3.1
E06000061,1/1/25,3.1
E06000061,2/1/25,3.3
E06000061,3/1/25,3.4
E06000061,4/1/25,3.3
E06000061,5/1/25,3.3
E06000061,6/1/25,3.3
E06000061,7/1/25,3.3
E06000061,8/1/25,3.3
E06000061,9/1/25,3.2
E06000061,10/1/25,3.2
E06000061,11/1/25,3.1
E06000061,12/1/25,3.1
E06000061,1/1/26,3.2
E06000061,2/1/26,3.4
E06000062,1/1/18,1.4
E06000062,2/1/18,1.5
E06000062,3/1/18,1.5
E06000062,4/1/18,1.6
E06000062,5/1/18,1.6
E06000062,6/1/18,1.5
E06000062,7/1/18,1.5
E06000062,8/1/18,1.5
E06000062,9/1/18,1.5
E06000062,10/1/18,1.5
E06000062,11/1/18,1.5
E06000062,12/1/18,1.4
E06000062,1/1/19,1.5
E06000062,2/1/19,1.6
E06000062,3/1/19,1.7
E06000062,4/1/19,1.8
E06000062,5/1/19,1.8
E06000062,6/1/19,1.9
E06000062,7/1/19,2
E06000062,8/1/19,2.1
E06000062,9/1/19,2.1
E06000062,10/1/19,2.1
E06000062,11/1/19,2
E06000062,12/1/19,2
E06000062,1/1/20,2.1
E06000062,2/1/20,2.2
E06000062,3/1/20,2.2
E06000062,4/1/20,3.6
E06000062,5/1/20,5.5
E06000062,6/1/20,5.3
E06000062,7/1/20,5.4
E06000062,8/1/20,5.5
E06000062,9/1/20,5.4
E06000062,10/1/20,5.2
E06000062,11/1/20,5.2
E06000062,12/1/20,5.1
E06000062,1/1/21,4.8
E06000062,2/1/21,5.2
E06000062,3/1/21,5.1
E06000062,4/1/21,5.1
E06000062,5/1/21,4.7
E06000062,6/1/21,4.4
E06000062,7/1/21,4.3
E06000062,8/1/21,4.2
E06000062,9/1/21,4
E06000062,10/1/21,3.8
E06000062,11/1/21,3.7
E06000062,12/1/21,3.5
E06000062,1/1/22,3.4
E06000062,2/1/22,3.5
E06000062,3/1/22,3.4
E06000062,4/1/22,3.3
E06000062,5/1/22,3.2
E06000062,6/1/22,3.1
E06000062,7/1/22,3.1
E06000062,8/1/22,3.1
E06000062,9/1/22,3.1
E06000062,10/1/22,3
E06000062,11/1/22,3
E06000062,12/1/22,3
E06000062,1/1/23,2.9
E06000062,2/1/23,3
E06000062,3/1/23,3.1
E06000062,4/1/23,3.1
E06000062,5/1/23,3
E06000062,6/1/23,3
E06000062,7/1/23,3
E06000062,8/1/23,3
E06000062,9/1/23,3
E06000062,10/1/23,3
E06000062,11/1/23,3
E06000062,12/1/23,3
E06000062,1/1/24,2.9
E06000062,2/1/24,3.1
E06000062,3/1/24,3.1
E06000062,4/1/24,3.1
E06000062,5/1/24,3.2
E06000062,6/1/24,3.2
E06000062,7/1/24,3.5
E06000062,8/1/24,3.5
E06000062,9/1/24,3.4
E06000062,10/1/24,3.3
E06000062,11/1/24,3.2
E06000062,12/1/24,3.2
E06000062,1/1/25,3.2
E06000062,2/1/25,3.4
E06000062,3/1/25,3.5
E06000062,4/1/25,3.5
E06000062,5/1/25,3.5
E06000062,6/1/25,3.4
E06000062,7/1/25,3.4
E06000062,8/1/25,3.4
E06000062,9/1/25,3.3
E06000062,10/1/25,3.3
E06000062,11/1/25,3.2
E06000062,12/1/25,3.1
E06000062,1/1/26,3.2
E06000062,2/1/26,3.4
E06000063,1/1/18,2.2
E06000063,2/1/18,2.4
E06000063,3/1/18,2.4
E06000063,4/1/18,2.5
E06000063,5/1/18,2.4
E06000063,6/1/18,2.4
E06000063,7/1/18,2.4
E06000063,8/1/18,2.4
E06000063,9/1/18,2.4
E06000063,10/1/18,2.4
E06000063,11/1/18,2.4
E06000063,12/1/18,2.5
E06000063,1/1/19,2.5
E06000063,2/1/19,2.6
E06000063,3/1/19,2.7
E06000063,4/1/19,2.7
E06000063,5/1/19,2.6
E06000063,6/1/19,2.6
E06000063,7/1/19,2.7
E06000063,8/1/19,2.6
E06000063,9/1/19,2.6
E06000063,10/1/19,2.6
E06000063,11/1/19,2.6
E06000063,12/1/19,2.7
E06000063,1/1/20,2.7
E06000063,2/1/20,2.8
E06000063,3/1/20,2.8
E06000063,4/1/20,4.6
E06000063,5/1/20,5.2
E06000063,6/1/20,5
E06000063,7/1/20,5.1
E06000063,8/1/20,5
E06000063,9/1/20,4.9
E06000063,10/1/20,4.7
E06000063,11/1/20,4.7
E06000063,12/1/20,4.6
E06000063,1/1/21,4.6
E06000063,2/1/21,4.9
E06000063,3/1/21,4.9
E06000063,4/1/21,4.9
E06000063,5/1/21,4.6
E06000063,6/1/21,4.2
E06000063,7/1/21,4
E06000063,8/1/21,3.9
E06000063,9/1/21,3.7
E06000063,10/1/21,3.5
E06000063,11/1/21,3.3
E06000063,12/1/21,3.2
E06000063,1/1/22,3.2
E06000063,2/1/22,3.2
E06000063,3/1/22,3.1
E06000063,4/1/22,2.8
E06000063,5/1/22,2.7
E06000063,6/1/22,2.6
E06000063,7/1/22,2.5
E06000063,8/1/22,2.5
E06000063,9/1/22,2.6
E06000063,10/1/22,2.6
E06000063,11/1/22,2.7
E06000063,12/1/22,2.7
E06000063,1/1/23,2.6
E06000063,2/1/23,2.6
E06000063,3/1/23,2.7
E06000063,4/1/23,2.7
E06000063,5/1/23,2.5
E06000063,6/1/23,2.5
E06000063,7/1/23,2.6
E06000063,8/1/23,2.5
E06000063,9/1/23,2.4
E06000063,10/1/23,2.5
E06000063,11/1/23,2.5
E06000063,12/1/23,2.5
E06000063,1/1/24,2.5
E06000063,2/1/24,2.5
E06000063,3/1/24,2.6
E06000063,4/1/24,2.5
E06000063,5/1/24,2.5
E06000063,6/1/24,2.6
E06000063,7/1/24,2.8
E06000063,8/1/24,2.8
E06000063,9/1/24,2.7
E06000063,10/1/24,2.6
E06000063,11/1/24,2.6
E06000063,12/1/24,2.5
E06000063,1/1/25,2.5
E06000063,2/1/25,2.6
E06000063,3/1/25,2.5
E06000063,4/1/25,2.5
E06000063,5/1/25,2.4
E06000063,6/1/25,2.4
E06000063,7/1/25,2.3
E06000063,8/1/25,2.3
E06000063,9/1/25,2.3
E06000063,10/1/25,2.4
E06000063,11/1/25,2.4
E06000063,12/1/25,2.4
E06000063,1/1/26,2.4
E06000063,2/1/26,2.6
E06000064,1/1/18,1.2
E06000064,2/1/18,1.3
E06000064,3/1/18,1.3
E06000064,4/1/18,1.2
E06000064,5/1/18,1.2
E06000064,6/1/18,1.2
E06000064,7/1/18,1.1
E06000064,8/1/18,1.1
E06000064,9/1/18,1.1
E06000064,10/1/18,1.2
E06000064,11/1/18,1.2
E06000064,12/1/18,1.2
E06000064,1/1/19,1.3
E06000064,2/1/19,1.4
E06000064,3/1/19,1.5
E06000064,4/1/19,1.5
E06000064,5/1/19,1.6
E06000064,6/1/19,1.6
E06000064,7/1/19,1.6
E06000064,8/1/19,1.6
E06000064,9/1/19,1.6
E06000064,10/1/19,1.7
E06000064,11/1/19,1.7
E06000064,12/1/19,1.7
E06000064,1/1/20,1.8
E06000064,2/1/20,1.8
E06000064,3/1/20,1.8
E06000064,4/1/20,3.8
E06000064,5/1/20,4.5
E06000064,6/1/20,4.3
E06000064,7/1/20,4.3
E06000064,8/1/20,4.2
E06000064,9/1/20,3.9
E06000064,10/1/20,3.6
E06000064,11/1/20,3.7
E06000064,12/1/20,3.7
E06000064,1/1/21,3.7
E06000064,2/1/21,3.9
E06000064,3/1/21,4
E06000064,4/1/21,3.8
E06000064,5/1/21,3.5
E06000064,6/1/21,3.1
E06000064,7/1/21,2.9
E06000064,8/1/21,2.8
E06000064,9/1/21,2.6
E06000064,10/1/21,2.5
E06000064,11/1/21,2.5
E06000064,12/1/21,2.4
E06000064,1/1/22,2.4
E06000064,2/1/22,2.5
E06000064,3/1/22,2.4
E06000064,4/1/22,2.2
E06000064,5/1/22,2.1
E06000064,6/1/22,2
E06000064,7/1/22,2
E06000064,8/1/22,2
E06000064,9/1/22,2
E06000064,10/1/22,2
E06000064,11/1/22,2.1
E06000064,12/1/22,2.1
E06000064,1/1/23,2.1
E06000064,2/1/23,2.1
E06000064,3/1/23,2.1
E06000064,4/1/23,2.1
E06000064,5/1/23,1.9
E06000064,6/1/23,1.8
E06000064,7/1/23,1.9
E06000064,8/1/23,1.9
E06000064,9/1/23,1.9
E06000064,10/1/23,1.8
E06000064,11/1/23,1.9
E06000064,12/1/23,1.9
E06000064,1/1/24,1.9
E06000064,2/1/24,2
E06000064,3/1/24,2
E06000064,4/1/24,2
E06000064,5/1/24,2
E06000064,6/1/24,2
E06000064,7/1/24,2.2
E06000064,8/1/24,2.2
E06000064,9/1/24,2.1
E06000064,10/1/24,2.1
E06000064,11/1/24,2
E06000064,12/1/24,1.9
E06000064,1/1/25,2
E06000064,2/1/25,2
E06000064,3/1/25,2
E06000064,4/1/25,1.9
E06000064,5/1/25,1.8
E06000064,6/1/25,1.8
E06000064,7/1/25,1.8
E06000064,8/1/25,1.8
E06000064,9/1/25,1.8
E06000064,10/1/25,1.8
E06000064,11/1/25,1.7
E06000064,12/1/25,1.7
E06000064,1/1/26,1.8
E06000064,2/1/26,1.9
E06000065,1/1/18,1.5
E06000065,2/1/18,1.6
E06000065,3/1/18,1.6
E06000065,4/1/18,1.7
E06000065,5/1/18,1.5
E06000065,6/1/18,1.4
E06000065,7/1/18,1.4
E06000065,8/1/18,1.5
E06000065,9/1/18,1.5
E06000065,10/1/18,1.6
E06000065,11/1/18,1.6
E06000065,12/1/18,1.6
E06000065,1/1/19,1.6
E06000065,2/1/19,1.7
E06000065,3/1/19,1.7
E06000065,4/1/19,1.7
E06000065,5/1/19,1.6
E06000065,6/1/19,1.6
E06000065,7/1/19,1.6
E06000065,8/1/19,1.6
E06000065,9/1/19,1.6
E06000065,10/1/19,1.6
E06000065,11/1/19,1.6
E06000065,12/1/19,1.7
E06000065,1/1/20,1.7
E06000065,2/1/20,1.8
E06000065,3/1/20,1.7
E06000065,4/1/20,3.9
E06000065,5/1/20,4.4
E06000065,6/1/20,4.2
E06000065,7/1/20,4.3
E06000065,8/1/20,4.3
E06000065,9/1/20,4.1
E06000065,10/1/20,3.9
E06000065,11/1/20,3.9
E06000065,12/1/20,3.9
E06000065,1/1/21,3.9
E06000065,2/1/21,4
E06000065,3/1/21,4
E06000065,4/1/21,3.9
E06000065,5/1/21,3.5
E06000065,6/1/21,3.1
E06000065,7/1/21,2.9
E06000065,8/1/21,2.8
E06000065,9/1/21,2.7
E06000065,10/1/21,2.6
E06000065,11/1/21,2.5
E06000065,12/1/21,2.4
E06000065,1/1/22,2.4
E06000065,2/1/22,2.4
E06000065,3/1/22,2.3
E06000065,4/1/22,2.1
E06000065,5/1/22,2
E06000065,6/1/22,2
E06000065,7/1/22,2
E06000065,8/1/22,2
E06000065,9/1/22,2
E06000065,10/1/22,1.9
E06000065,11/1/22,2
E06000065,12/1/22,2
E06000065,1/1/23,2
E06000065,2/1/23,2.1
E06000065,3/1/23,2.1
E06000065,4/1/23,2
E06000065,5/1/23,1.9
E06000065,6/1/23,1.9
E06000065,7/1/23,1.9
E06000065,8/1/23,1.9
E06000065,9/1/23,1.8
E06000065,10/1/23,1.9
E06000065,11/1/23,1.9
E06000065,12/1/23,2
E06000065,1/1/24,2
E06000065,2/1/24,2.1
E06000065,3/1/24,2.1
E06000065,4/1/24,2
E06000065,5/1/24,2
E06000065,6/1/24,2
E06000065,7/1/24,2.2
E06000065,8/1/24,2.2
E06000065,9/1/24,2.2
E06000065,10/1/24,2.1
E06000065,11/1/24,2.1
E06000065,12/1/24,2.1
E06000065,1/1/25,2.1
E06000065,2/1/25,2.2
E06000065,3/1/25,2.1
E06000065,4/1/25,2.1
E06000065,5/1/25,2
E06000065,6/1/25,2
E06000065,7/1/25,1.9
E06000065,8/1/25,1.9
E06000065,9/1/25,1.9
E06000065,10/1/25,1.9
E06000065,11/1/25,1.9
E06000065,12/1/25,1.9
E06000065,1/1/26,2
E06000065,2/1/26,2.1
E06000066,1/1/18,1.9
E06000066,2/1/18,2.1
E06000066,3/1/18,2.2
E06000066,4/1/18,2.4
E06000066,5/1/18,2.1
E06000066,6/1/18,2.1
E06000066,7/1/18,2.1
E06000066,8/1/18,2.1
E06000066,9/1/18,2.1
E06000066,10/1/18,2.1
E06000066,11/1/18,2.1
E06000066,12/1/18,2.1
E06000066,1/1/19,2.1
E06000066,2/1/19,2.3
E06000066,3/1/19,2.3
E06000066,4/1/19,2.3
E06000066,5/1/19,2.2
E06000066,6/1/19,2.2
E06000066,7/1/19,2.2
E06000066,8/1/19,2.2
E06000066,9/1/19,2.2
E06000066,10/1/19,2.2
E06000066,11/1/19,2.2
E06000066,12/1/19,2.3
E06000066,1/1/20,2.2
E06000066,2/1/20,2.3
E06000066,3/1/20,2.2
E06000066,4/1/20,4.1
E06000066,5/1/20,5
E06000066,6/1/20,4.8
E06000066,7/1/20,5
E06000066,8/1/20,5.1
E06000066,9/1/20,4.9
E06000066,10/1/20,4.6
E06000066,11/1/20,4.7
E06000066,12/1/20,4.6
E06000066,1/1/21,4.5
E06000066,2/1/21,4.7
E06000066,3/1/21,4.7
E06000066,4/1/21,4.5
E06000066,5/1/21,4.2
E06000066,6/1/21,3.8
E06000066,7/1/21,3.7
E06000066,8/1/21,3.5
E06000066,9/1/21,3.3
E06000066,10/1/21,3.2
E06000066,11/1/21,3.1
E06000066,12/1/21,2.9
E06000066,1/1/22,2.9
E06000066,2/1/22,2.9
E06000066,3/1/22,2.8
E06000066,4/1/22,2.6
E06000066,5/1/22,2.5
E06000066,6/1/22,2.4
E06000066,7/1/22,2.3
E06000066,8/1/22,2.3
E06000066,9/1/22,2.3
E06000066,10/1/22,2.3
E06000066,11/1/22,2.3
E06000066,12/1/22,2.3
E06000066,1/1/23,2.3
E06000066,2/1/23,2.3
E06000066,3/1/23,2.4
E06000066,4/1/23,2.4
E06000066,5/1/23,2.3
E06000066,6/1/23,2.3
E06000066,7/1/23,2.3
E06000066,8/1/23,2.3
E06000066,9/1/23,2.3
E06000066,10/1/23,2.4
E06000066,11/1/23,2.5
E06000066,12/1/23,2.5
E06000066,1/1/24,2.5
E06000066,2/1/24,2.6
E06000066,3/1/24,2.6
E06000066,4/1/24,2.5
E06000066,5/1/24,2.5
E06000066,6/1/24,2.5
E06000066,7/1/24,2.6
E06000066,8/1/24,2.6
E06000066,9/1/24,2.6
E06000066,10/1/24,2.6
E06000066,11/1/24,2.5
E06000066,12/1/24,2.5
E06000066,1/1/25,2.5
E06000066,2/1/25,2.6
E06000066,3/1/25,2.6
E06000066,4/1/25,2.5
E06000066,5/1/25,2.4
E06000066,6/1/25,2.5
E06000066,7/1/25,2.4
E06000066,8/1/25,2.4
E06000066,9/1/25,2.4
E06000066,10/1/25,2.5
E06000066,11/1/25,2.5
E06000066,12/1/25,2.5
E06000066,1/1/26,2.6
E06000066,2/1/26,2.6
E07000008,1/1/18,0.7
E07000008,2/1/18,0.7
E07000008,3/1/18,0.7
E07000008,4/1/18,0.8
E07000008,5/1/18,0.7
E07000008,6/1/18,0.7
E07000008,7/1/18,0.7
E07000008,8/1/18,0.7
E07000008,9/1/18,0.7
E07000008,10/1/18,0.7
E07000008,11/1/18,0.6
E07000008,12/1/18,0.7
E07000008,1/1/19,0.8
E07000008,2/1/19,0.9
E07000008,3/1/19,0.9
E07000008,4/1/19,1
E07000008,5/1/19,1
E07000008,6/1/19,1.1
E07000008,7/1/19,1.1
E07000008,8/1/19,1.2
E07000008,9/1/19,1.2
E07000008,10/1/19,1.2
E07000008,11/1/19,1.2
E07000008,12/1/19,1.3
E07000008,1/1/20,1.3
E07000008,2/1/20,1.3
E07000008,3/1/20,1.3
E07000008,4/1/20,2
E07000008,5/1/20,3.2
E07000008,6/1/20,3.2
E07000008,7/1/20,3.3
E07000008,8/1/20,3.5
E07000008,9/1/20,3.5
E07000008,10/1/20,3.3
E07000008,11/1/20,3.3
E07000008,12/1/20,3.3
E07000008,1/1/21,3.2
E07000008,2/1/21,3.4
E07000008,3/1/21,3.3
E07000008,4/1/21,3.3
E07000008,5/1/21,3.1
E07000008,6/1/21,2.8
E07000008,7/1/21,2.7
E07000008,8/1/21,2.6
E07000008,9/1/21,2.4
E07000008,10/1/21,2.4
E07000008,11/1/21,2.2
E07000008,12/1/21,2.1
E07000008,1/1/22,2
E07000008,2/1/22,2
E07000008,3/1/22,2
E07000008,4/1/22,1.9
E07000008,5/1/22,1.9
E07000008,6/1/22,1.8
E07000008,7/1/22,1.8
E07000008,8/1/22,1.9
E07000008,9/1/22,1.9
E07000008,10/1/22,1.9
E07000008,11/1/22,1.9
E07000008,12/1/22,1.9
E07000008,1/1/23,1.9
E07000008,2/1/23,1.9
E07000008,3/1/23,1.9
E07000008,4/1/23,1.9
E07000008,5/1/23,1.8
E07000008,6/1/23,1.8
E07000008,7/1/23,1.8
E07000008,8/1/23,1.8
E07000008,9/1/23,1.8
E07000008,10/1/23,1.8
E07000008,11/1/23,1.8
E07000008,12/1/23,1.9
E07000008,1/1/24,1.9
E07000008,2/1/24,2
E07000008,3/1/24,1.9
E07000008,4/1/24,1.9
E07000008,5/1/24,1.9
E07000008,6/1/24,1.9
E07000008,7/1/24,2.1
E07000008,8/1/24,2.1
E07000008,9/1/24,2.1
E07000008,10/1/24,2.1
E07000008,11/1/24,2.1
E07000008,12/1/24,2.1
E07000008,1/1/25,2.1
E07000008,2/1/25,2.2
E07000008,3/1/25,2.2
E07000008,4/1/25,2.1
E07000008,5/1/25,2.1
E07000008,6/1/25,2.1
E07000008,7/1/25,2.1
E07000008,8/1/25,2.1
E07000008,9/1/25,2.1
E07000008,10/1/25,2.1
E07000008,11/1/25,2.1
E07000008,12/1/25,2
E07000008,1/1/26,2
E07000008,2/1/26,2.1
E07000009,1/1/18,0.7
E07000009,2/1/18,0.7
E07000009,3/1/18,0.8
E07000009,4/1/18,0.7
E07000009,5/1/18,0.7
E07000009,6/1/18,0.7
E07000009,7/1/18,0.6
E07000009,8/1/18,0.7
E07000009,9/1/18,0.6
E07000009,10/1/18,0.6
E07000009,11/1/18,0.7
E07000009,12/1/18,0.8
E07000009,1/1/19,0.9
E07000009,2/1/19,0.9
E07000009,3/1/19,0.9
E07000009,4/1/19,1
E07000009,5/1/19,1
E07000009,6/1/19,1.1
E07000009,7/1/19,1.1
E07000009,8/1/19,1.1
E07000009,9/1/19,1.1
E07000009,10/1/19,1.2
E07000009,11/1/19,1.2
E07000009,12/1/19,1.3
E07000009,1/1/20,1.3
E07000009,2/1/20,1.4
E07000009,3/1/20,1.4
E07000009,4/1/20,2.5
E07000009,5/1/20,3.7
E07000009,6/1/20,3.3
E07000009,7/1/20,3.5
E07000009,8/1/20,3.8
E07000009,9/1/20,3.7
E07000009,10/1/20,3.4
E07000009,11/1/20,3.4
E07000009,12/1/20,3.4
E07000009,1/1/21,3.2
E07000009,2/1/21,3.4
E07000009,3/1/21,3.5
E07000009,4/1/21,3.3
E07000009,5/1/21,3.1
E07000009,6/1/21,2.8
E07000009,7/1/21,2.8
E07000009,8/1/21,2.7
E07000009,9/1/21,2.6
E07000009,10/1/21,2.5
E07000009,11/1/21,2.4
E07000009,12/1/21,2.4
E07000009,1/1/22,2.2
E07000009,2/1/22,2.2
E07000009,3/1/22,2.2
E07000009,4/1/22,2.1
E07000009,5/1/22,2
E07000009,6/1/22,2.1
E07000009,7/1/22,2
E07000009,8/1/22,2
E07000009,9/1/22,2
E07000009,10/1/22,1.9
E07000009,11/1/22,1.8
E07000009,12/1/22,1.8
E07000009,1/1/23,1.9
E07000009,2/1/23,2
E07000009,3/1/23,2
E07000009,4/1/23,1.9
E07000009,5/1/23,1.8
E07000009,6/1/23,1.8
E07000009,7/1/23,1.8
E07000009,8/1/23,1.6
E07000009,9/1/23,1.7
E07000009,10/1/23,1.7
E07000009,11/1/23,1.8
E07000009,12/1/23,1.8
E07000009,1/1/24,1.8
E07000009,2/1/24,2
E07000009,3/1/24,2
E07000009,4/1/24,1.9
E07000009,5/1/24,1.9
E07000009,6/1/24,1.9
E07000009,7/1/24,2
E07000009,8/1/24,2.1
E07000009,9/1/24,2.1
E07000009,10/1/24,2.1
E07000009,11/1/24,2
E07000009,12/1/24,2
E07000009,1/1/25,2
E07000009,2/1/25,2.1
E07000009,3/1/25,2.1
E07000009,4/1/25,2.1
E07000009,5/1/25,2.1
E07000009,6/1/25,2
E07000009,7/1/25,2
E07000009,8/1/25,2
E07000009,9/1/25,2.1
E07000009,10/1/25,2.1
E07000009,11/1/25,2.1
E07000009,12/1/25,2
E07000009,1/1/26,2.1
E07000009,2/1/26,2.2
E07000010,1/1/18,1.1
E07000010,2/1/18,1.2
E07000010,3/1/18,1.2
E07000010,4/1/18,1.3
E07000010,5/1/18,1.3
E07000010,6/1/18,1.3
E07000010,7/1/18,1.4
E07000010,8/1/18,1.4
E07000010,9/1/18,1.4
E07000010,10/1/18,1.3
E07000010,11/1/18,1.5
E07000010,12/1/18,1.6
E07000010,1/1/19,1.7
E07000010,2/1/19,1.9
E07000010,3/1/19,2
E07000010,4/1/19,2.1
E07000010,5/1/19,2.1
E07000010,6/1/19,2.2
E07000010,7/1/19,2.2
E07000010,8/1/19,2.3
E07000010,9/1/19,2.3
E07000010,10/1/19,2.4
E07000010,11/1/19,2.5
E07000010,12/1/19,2.6
E07000010,1/1/20,2.7
E07000010,2/1/20,2.8
E07000010,3/1/20,2.8
E07000010,4/1/20,4.3
E07000010,5/1/20,6.1
E07000010,6/1/20,5.8
E07000010,7/1/20,5.9
E07000010,8/1/20,5.9
E07000010,9/1/20,5.9
E07000010,10/1/20,5.6
E07000010,11/1/20,5.7
E07000010,12/1/20,5.7
E07000010,1/1/21,5.6
E07000010,2/1/21,5.8
E07000010,3/1/21,5.8
E07000010,4/1/21,5.7
E07000010,5/1/21,5.4
E07000010,6/1/21,5.1
E07000010,7/1/21,5.1
E07000010,8/1/21,4.9
E07000010,9/1/21,4.7
E07000010,10/1/21,4.6
E07000010,11/1/21,4.4
E07000010,12/1/21,4.2
E07000010,1/1/22,4.2
E07000010,2/1/22,4.2
E07000010,3/1/22,4
E07000010,4/1/22,3.9
E07000010,5/1/22,3.9
E07000010,6/1/22,3.8
E07000010,7/1/22,3.8
E07000010,8/1/22,3.7
E07000010,9/1/22,3.8
E07000010,10/1/22,3.6
E07000010,11/1/22,3.6
E07000010,12/1/22,3.6
E07000010,1/1/23,3.6
E07000010,2/1/23,3.7
E07000010,3/1/23,3.9
E07000010,4/1/23,3.9
E07000010,5/1/23,3.7
E07000010,6/1/23,3.7
E07000010,7/1/23,3.8
E07000010,8/1/23,3.7
E07000010,9/1/23,3.6
E07000010,10/1/23,3.6
E07000010,11/1/23,3.6
E07000010,12/1/23,3.6
E07000010,1/1/24,3.6
E07000010,2/1/24,3.8
E07000010,3/1/24,3.8
E07000010,4/1/24,3.7
E07000010,5/1/24,3.6
E07000010,6/1/24,3.7
E07000010,7/1/24,4
E07000010,8/1/24,3.8
E07000010,9/1/24,3.8
E07000010,10/1/24,3.8
E07000010,11/1/24,3.7
E07000010,12/1/24,3.6
E07000010,1/1/25,3.7
E07000010,2/1/25,3.9
E07000010,3/1/25,3.9
E07000010,4/1/25,3.7
E07000010,5/1/25,3.7
E07000010,6/1/25,3.6
E07000010,7/1/25,3.5
E07000010,8/1/25,3.6
E07000010,9/1/25,3.6
E07000010,10/1/25,3.5
E07000010,11/1/25,3.5
E07000010,12/1/25,3.6
E07000010,1/1/26,3.7
E07000010,2/1/26,3.9
E07000011,1/1/18,0.7
E07000011,2/1/18,0.8
E07000011,3/1/18,0.8
E07000011,4/1/18,0.8
E07000011,5/1/18,0.8
E07000011,6/1/18,0.8
E07000011,7/1/18,0.8
E07000011,8/1/18,0.8
E07000011,9/1/18,0.8
E07000011,10/1/18,0.8
E07000011,11/1/18,0.8
E07000011,12/1/18,0.8
E07000011,1/1/19,0.9
E07000011,2/1/19,1
E07000011,3/1/19,1.1
E07000011,4/1/19,1.1
E07000011,5/1/19,1.1
E07000011,6/1/19,1.2
E07000011,7/1/19,1.2
E07000011,8/1/19,1.3
E07000011,9/1/19,1.3
E07000011,10/1/19,1.4
E07000011,11/1/19,1.4
E07000011,12/1/19,1.4
E07000011,1/1/20,1.4
E07000011,2/1/20,1.5
E07000011,3/1/20,1.5
E07000011,4/1/20,2.8
E07000011,5/1/20,4.2
E07000011,6/1/20,4
E07000011,7/1/20,4.1
E07000011,8/1/20,4.3
E07000011,9/1/20,4.2
E07000011,10/1/20,3.9
E07000011,11/1/20,3.9
E07000011,12/1/20,3.8
E07000011,1/1/21,3.6
E07000011,2/1/21,3.7
E07000011,3/1/21,3.7
E07000011,4/1/21,3.6
E07000011,5/1/21,3.3
E07000011,6/1/21,3
E07000011,7/1/21,3
E07000011,8/1/21,2.8
E07000011,9/1/21,2.7
E07000011,10/1/21,2.7
E07000011,11/1/21,2.5
E07000011,12/1/21,2.4
E07000011,1/1/22,2.3
E07000011,2/1/22,2.3
E07000011,3/1/22,2.2
E07000011,4/1/22,2.2
E07000011,5/1/22,2.1
E07000011,6/1/22,2.1
E07000011,7/1/22,2.1
E07000011,8/1/22,2.1
E07000011,9/1/22,2.1
E07000011,10/1/22,2.1
E07000011,11/1/22,2.1
E07000011,12/1/22,2.1
E07000011,1/1/23,2
E07000011,2/1/23,2.1
E07000011,3/1/23,2.1
E07000011,4/1/23,2.1
E07000011,5/1/23,2
E07000011,6/1/23,2
E07000011,7/1/23,2
E07000011,8/1/23,2
E07000011,9/1/23,2
E07000011,10/1/23,2
E07000011,11/1/23,2
E07000011,12/1/23,2
E07000011,1/1/24,2.1
E07000011,2/1/24,2.1
E07000011,3/1/24,2.2
E07000011,4/1/24,2.2
E07000011,5/1/24,2.2
E07000011,6/1/24,2.2
E07000011,7/1/24,2.4
E07000011,8/1/24,2.4
E07000011,9/1/24,2.4
E07000011,10/1/24,2.3
E07000011,11/1/24,2.3
E07000011,12/1/24,2.2
E07000011,1/1/25,2.2
E07000011,2/1/25,2.3
E07000011,3/1/25,2.3
E07000011,4/1/25,2.2
E07000011,5/1/25,2.3
E07000011,6/1/25,2.3
E07000011,7/1/25,2.3
E07000011,8/1/25,2.3
E07000011,9/1/25,2.3
E07000011,10/1/25,2.3
E07000011,11/1/25,2.2
E07000011,12/1/25,2.2
E07000011,1/1/26,2.3
E07000011,2/1/26,2.4
E07000012,1/1/18,0.5
E07000012,2/1/18,0.5
E07000012,3/1/18,0.5
E07000012,4/1/18,0.5
E07000012,5/1/18,0.5
E07000012,6/1/18,0.5
E07000012,7/1/18,0.5
E07000012,8/1/18,0.5
E07000012,9/1/18,0.5
E07000012,10/1/18,0.5
E07000012,11/1/18,0.5
E07000012,12/1/18,0.5
E07000012,1/1/19,0.6
E07000012,2/1/19,0.6
E07000012,3/1/19,0.7
E07000012,4/1/19,0.7
E07000012,5/1/19,0.8
E07000012,6/1/19,0.8
E07000012,7/1/19,0.9
E07000012,8/1/19,0.9
E07000012,9/1/19,0.9
E07000012,10/1/19,0.9
E07000012,11/1/19,1
E07000012,12/1/19,1
E07000012,1/1/20,1
E07000012,2/1/20,1.1
E07000012,3/1/20,1.1
E07000012,4/1/20,2
E07000012,5/1/20,3.3
E07000012,6/1/20,3.2
E07000012,7/1/20,3.3
E07000012,8/1/20,3.4
E07000012,9/1/20,3.3
E07000012,10/1/20,3.1
E07000012,11/1/20,3.1
E07000012,12/1/20,3.1
E07000012,1/1/21,3
E07000012,2/1/21,3.1
E07000012,3/1/21,3.1
E07000012,4/1/21,3.1
E07000012,5/1/21,2.8
E07000012,6/1/21,2.5
E07000012,7/1/21,2.5
E07000012,8/1/21,2.4
E07000012,9/1/21,2.2
E07000012,10/1/21,2.2
E07000012,11/1/21,2.1
E07000012,12/1/21,2
E07000012,1/1/22,1.9
E07000012,2/1/22,1.9
E07000012,3/1/22,1.8
E07000012,4/1/22,1.8
E07000012,5/1/22,1.7
E07000012,6/1/22,1.7
E07000012,7/1/22,1.7
E07000012,8/1/22,1.7
E07000012,9/1/22,1.7
E07000012,10/1/22,1.7
E07000012,11/1/22,1.7
E07000012,12/1/22,1.8
E07000012,1/1/23,1.8
E07000012,2/1/23,1.7
E07000012,3/1/23,1.7
E07000012,4/1/23,1.7
E07000012,5/1/23,1.7
E07000012,6/1/23,1.7
E07000012,7/1/23,1.6
E07000012,8/1/23,1.6
E07000012,9/1/23,1.6
E07000012,10/1/23,1.7
E07000012,11/1/23,1.7
E07000012,12/1/23,1.7
E07000012,1/1/24,1.7
E07000012,2/1/24,1.8
E07000012,3/1/24,1.7
E07000012,4/1/24,1.7
E07000012,5/1/24,1.7
E07000012,6/1/24,1.7
E07000012,7/1/24,1.8
E07000012,8/1/24,1.8
E07000012,9/1/24,1.8
E07000012,10/1/24,1.8
E07000012,11/1/24,1.8
E07000012,12/1/24,1.8
E07000012,1/1/25,1.8
E07000012,2/1/25,2
E07000012,3/1/25,2
E07000012,4/1/25,2
E07000012,5/1/25,2
E07000012,6/1/25,1.9
E07000012,7/1/25,1.9
E07000012,8/1/25,1.9
E07000012,9/1/25,1.9
E07000012,10/1/25,1.9
E07000012,11/1/25,1.9
E07000012,12/1/25,1.9
E07000012,1/1/26,1.9
E07000012,2/1/26,2
E07000032,1/1/18,1.3
E07000032,2/1/18,1.3
E07000032,3/1/18,1.4
E07000032,4/1/18,1.4
E07000032,5/1/18,1.5
E07000032,6/1/18,1.4
E07000032,7/1/18,1.4
E07000032,8/1/18,1.5
E07000032,9/1/18,1.5
E07000032,10/1/18,1.6
E07000032,11/1/18,1.7
E07000032,12/1/18,1.8
E07000032,1/1/19,1.9
E07000032,2/1/19,2
E07000032,3/1/19,2.1
E07000032,4/1/19,2.1
E07000032,5/1/19,2
E07000032,6/1/19,2.1
E07000032,7/1/19,2.1
E07000032,8/1/19,2.1
E07000032,9/1/19,2.1
E07000032,10/1/19,2.2
E07000032,11/1/19,2.2
E07000032,12/1/19,2.3
E07000032,1/1/20,2.4
E07000032,2/1/20,2.4
E07000032,3/1/20,2.4
E07000032,4/1/20,4.1
E07000032,5/1/20,5.1
E07000032,6/1/20,4.9
E07000032,7/1/20,4.8
E07000032,8/1/20,4.9
E07000032,9/1/20,4.9
E07000032,10/1/20,4.6
E07000032,11/1/20,4.6
E07000032,12/1/20,4.4
E07000032,1/1/21,4.3
E07000032,2/1/21,4.5
E07000032,3/1/21,4.5
E07000032,4/1/21,4.4
E07000032,5/1/21,4.1
E07000032,6/1/21,3.7
E07000032,7/1/21,3.6
E07000032,8/1/21,3.5
E07000032,9/1/21,3.3
E07000032,10/1/21,3.1
E07000032,11/1/21,3
E07000032,12/1/21,2.9
E07000032,1/1/22,2.7
E07000032,2/1/22,2.7
E07000032,3/1/22,2.6
E07000032,4/1/22,2.5
E07000032,5/1/22,2.5
E07000032,6/1/22,2.5
E07000032,7/1/22,2.4
E07000032,8/1/22,2.5
E07000032,9/1/22,2.5
E07000032,10/1/22,2.4
E07000032,11/1/22,2.5
E07000032,12/1/22,2.5
E07000032,1/1/23,2.5
E07000032,2/1/23,2.6
E07000032,3/1/23,2.6
E07000032,4/1/23,2.7
E07000032,5/1/23,2.5
E07000032,6/1/23,2.5
E07000032,7/1/23,2.6
E07000032,8/1/23,2.5
E07000032,9/1/23,2.5
E07000032,10/1/23,2.4
E07000032,11/1/23,2.5
E07000032,12/1/23,2.6
E07000032,1/1/24,2.5
E07000032,2/1/24,2.6
E07000032,3/1/24,2.7
E07000032,4/1/24,2.6
E07000032,5/1/24,2.6
E07000032,6/1/24,2.6
E07000032,7/1/24,2.7
E07000032,8/1/24,2.7
E07000032,9/1/24,2.7
E07000032,10/1/24,2.7
E07000032,11/1/24,2.6
E07000032,12/1/24,2.6
E07000032,1/1/25,2.6
E07000032,2/1/25,2.7
E07000032,3/1/25,2.6
E07000032,4/1/25,2.6
E07000032,5/1/25,2.5
E07000032,6/1/25,2.5
E07000032,7/1/25,2.6
E07000032,8/1/25,2.5
E07000032,9/1/25,2.5
E07000032,10/1/25,2.5
E07000032,11/1/25,2.5
E07000032,12/1/25,2.5
E07000032,1/1/26,2.5
E07000032,2/1/26,2.7
E07000033,1/1/18,1.4
E07000033,2/1/18,1.5
E07000033,3/1/18,1.7
E07000033,4/1/18,1.7
E07000033,5/1/18,1.7
E07000033,6/1/18,1.7
E07000033,7/1/18,1.7
E07000033,8/1/18,1.7
E07000033,9/1/18,1.7
E07000033,10/1/18,1.8
E07000033,11/1/18,1.8
E07000033,12/1/18,1.8
E07000033,1/1/19,1.9
E07000033,2/1/19,2
E07000033,3/1/19,2.1
E07000033,4/1/19,2.1
E07000033,5/1/19,2.3
E07000033,6/1/19,2.3
E07000033,7/1/19,2.3
E07000033,8/1/19,2.3
E07000033,9/1/19,2.3
E07000033,10/1/19,2.3
E07000033,11/1/19,2.4
E07000033,12/1/19,2.4
E07000033,1/1/20,2.5
E07000033,2/1/20,2.6
E07000033,3/1/20,2.5
E07000033,4/1/20,4.5
E07000033,5/1/20,5.4
E07000033,6/1/20,5.2
E07000033,7/1/20,5.3
E07000033,8/1/20,5.2
E07000033,9/1/20,5.1
E07000033,10/1/20,4.9
E07000033,11/1/20,4.9
E07000033,12/1/20,4.9
E07000033,1/1/21,4.7
E07000033,2/1/21,4.9
E07000033,3/1/21,4.8
E07000033,4/1/21,4.8
E07000033,5/1/21,4.5
E07000033,6/1/21,4.1
E07000033,7/1/21,4.1
E07000033,8/1/21,3.9
E07000033,9/1/21,3.7
E07000033,10/1/21,3.5
E07000033,11/1/21,3.4
E07000033,12/1/21,3.2
E07000033,1/1/22,3.1
E07000033,2/1/22,3.1
E07000033,3/1/22,3
E07000033,4/1/22,3
E07000033,5/1/22,2.9
E07000033,6/1/22,2.9
E07000033,7/1/22,2.8
E07000033,8/1/22,2.9
E07000033,9/1/22,2.8
E07000033,10/1/22,2.8
E07000033,11/1/22,2.8
E07000033,12/1/22,2.9
E07000033,1/1/23,2.9
E07000033,2/1/23,2.9
E07000033,3/1/23,3.1
E07000033,4/1/23,3.1
E07000033,5/1/23,3
E07000033,6/1/23,3
E07000033,7/1/23,3
E07000033,8/1/23,3
E07000033,9/1/23,3
E07000033,10/1/23,3.1
E07000033,11/1/23,3.1
E07000033,12/1/23,3
E07000033,1/1/24,3.1
E07000033,2/1/24,3.2
E07000033,3/1/24,3.1
E07000033,4/1/24,3.1
E07000033,5/1/24,3.1
E07000033,6/1/24,3.1
E07000033,7/1/24,3.3
E07000033,8/1/24,3.3
E07000033,9/1/24,3.2
E07000033,10/1/24,3.2
E07000033,11/1/24,3.2
E07000033,12/1/24,3.1
E07000033,1/1/25,3
E07000033,2/1/25,3.1
E07000033,3/1/25,3.1
E07000033,4/1/25,3
E07000033,5/1/25,2.9
E07000033,6/1/25,2.9
E07000033,7/1/25,2.8
E07000033,8/1/25,2.8
E07000033,9/1/25,2.7
E07000033,10/1/25,2.7
E07000033,11/1/25,2.7
E07000033,12/1/25,2.8
E07000033,1/1/26,2.9
E07000033,2/1/26,3
E07000034,1/1/18,2
E07000034,2/1/18,2.2
E07000034,3/1/18,2.4
E07000034,4/1/18,2.6
E07000034,5/1/18,2.6
E07000034,6/1/18,2.5
E07000034,7/1/18,2.5
E07000034,8/1/18,2.6
E07000034,9/1/18,2.6
E07000034,10/1/18,2.7
E07000034,11/1/18,2.7
E07000034,12/1/18,2.8
E07000034,1/1/19,2.9
E07000034,2/1/19,3
E07000034,3/1/19,3.1
E07000034,4/1/19,3.1
E07000034,5/1/19,3
E07000034,6/1/19,3
E07000034,7/1/19,3.1
E07000034,8/1/19,3.1
E07000034,9/1/19,3.1
E07000034,10/1/19,3.2
E07000034,11/1/19,3.1
E07000034,12/1/19,3.1
E07000034,1/1/20,3.2
E07000034,2/1/20,3.2
E07000034,3/1/20,3.2
E07000034,4/1/20,5.1
E07000034,5/1/20,6
E07000034,6/1/20,5.9
E07000034,7/1/20,5.9
E07000034,8/1/20,5.9
E07000034,9/1/20,5.8
E07000034,10/1/20,5.5
E07000034,11/1/20,5.5
E07000034,12/1/20,5.6
E07000034,1/1/21,5.4
E07000034,2/1/21,5.7
E07000034,3/1/21,5.7
E07000034,4/1/21,5.7
E07000034,5/1/21,5.3
E07000034,6/1/21,5
E07000034,7/1/21,4.9
E07000034,8/1/21,4.7
E07000034,9/1/21,4.4
E07000034,10/1/21,4.2
E07000034,11/1/21,4
E07000034,12/1/21,3.9
E07000034,1/1/22,3.7
E07000034,2/1/22,3.6
E07000034,3/1/22,3.5
E07000034,4/1/22,3.4
E07000034,5/1/22,3.4
E07000034,6/1/22,3.3
E07000034,7/1/22,3.3
E07000034,8/1/22,3.2
E07000034,9/1/22,3.2
E07000034,10/1/22,3.2
E07000034,11/1/22,3.3
E07000034,12/1/22,3.4
E07000034,1/1/23,3.4
E07000034,2/1/23,3.5
E07000034,3/1/23,3.5
E07000034,4/1/23,3.5
E07000034,5/1/23,3.4
E07000034,6/1/23,3.4
E07000034,7/1/23,3.5
E07000034,8/1/23,3.5
E07000034,9/1/23,3.6
E07000034,10/1/23,3.6
E07000034,11/1/23,3.6
E07000034,12/1/23,3.7
E07000034,1/1/24,3.7
E07000034,2/1/24,3.8
E07000034,3/1/24,3.8
E07000034,4/1/24,3.7
E07000034,5/1/24,3.5
E07000034,6/1/24,3.5
E07000034,7/1/24,3.7
E07000034,8/1/24,3.7
E07000034,9/1/24,3.8
E07000034,10/1/24,3.8
E07000034,11/1/24,3.7
E07000034,12/1/24,3.6
E07000034,1/1/25,3.6
E07000034,2/1/25,3.7
E07000034,3/1/25,3.6
E07000034,4/1/25,3.6
E07000034,5/1/25,3.5
E07000034,6/1/25,3.5
E07000034,7/1/25,3.4
E07000034,8/1/25,3.5
E07000034,9/1/25,3.5
E07000034,10/1/25,3.3
E07000034,11/1/25,3.4
E07000034,12/1/25,3.3
E07000034,1/1/26,3.4
E07000034,2/1/26,3.4
E07000035,1/1/18,0.7
E07000035,2/1/18,0.7
E07000035,3/1/18,0.7
E07000035,4/1/18,0.7
E07000035,5/1/18,0.7
E07000035,6/1/18,0.7
E07000035,7/1/18,0.7
E07000035,8/1/18,0.7
E07000035,9/1/18,0.6
E07000035,10/1/18,0.7
E07000035,11/1/18,0.7
E07000035,12/1/18,0.8
E07000035,1/1/19,0.9
E07000035,2/1/19,1
E07000035,3/1/19,1.1
E07000035,4/1/19,1.1
E07000035,5/1/19,1
E07000035,6/1/19,1.1
E07000035,7/1/19,1.1
E07000035,8/1/19,1.2
E07000035,9/1/19,1.2
E07000035,10/1/19,1.3
E07000035,11/1/19,1.3
E07000035,12/1/19,1.3
E07000035,1/1/20,1.3
E07000035,2/1/20,1.3
E07000035,3/1/20,1.3
E07000035,4/1/20,3
E07000035,5/1/20,3.8
E07000035,6/1/20,3.5
E07000035,7/1/20,3.6
E07000035,8/1/20,3.6
E07000035,9/1/20,3.5
E07000035,10/1/20,3.2
E07000035,11/1/20,3.3
E07000035,12/1/20,3.2
E07000035,1/1/21,3.2
E07000035,2/1/21,3.4
E07000035,3/1/21,3.3
E07000035,4/1/21,3.2
E07000035,5/1/21,2.9
E07000035,6/1/21,2.6
E07000035,7/1/21,2.5
E07000035,8/1/21,2.3
E07000035,9/1/21,2.1
E07000035,10/1/21,2
E07000035,11/1/21,2
E07000035,12/1/21,1.9
E07000035,1/1/22,1.8
E07000035,2/1/22,1.8
E07000035,3/1/22,1.8
E07000035,4/1/22,1.6
E07000035,5/1/22,1.5
E07000035,6/1/22,1.5
E07000035,7/1/22,1.6
E07000035,8/1/22,1.6
E07000035,9/1/22,1.7
E07000035,10/1/22,1.7
E07000035,11/1/22,1.7
E07000035,12/1/22,1.7
E07000035,1/1/23,1.8
E07000035,2/1/23,1.9
E07000035,3/1/23,1.9
E07000035,4/1/23,1.9
E07000035,5/1/23,1.8
E07000035,6/1/23,1.7
E07000035,7/1/23,1.8
E07000035,8/1/23,1.8
E07000035,9/1/23,1.8
E07000035,10/1/23,1.8
E07000035,11/1/23,1.8
E07000035,12/1/23,1.8
E07000035,1/1/24,1.9
E07000035,2/1/24,1.9
E07000035,3/1/24,1.9
E07000035,4/1/24,2
E07000035,5/1/24,1.9
E07000035,6/1/24,2
E07000035,7/1/24,2.1
E07000035,8/1/24,2
E07000035,9/1/24,2.1
E07000035,10/1/24,2.1
E07000035,11/1/24,2.1
E07000035,12/1/24,2
E07000035,1/1/25,2
E07000035,2/1/25,2.1
E07000035,3/1/25,2.1
E07000035,4/1/25,2
E07000035,5/1/25,1.9
E07000035,6/1/25,1.9
E07000035,7/1/25,1.9
E07000035,8/1/25,1.8
E07000035,9/1/25,1.7
E07000035,10/1/25,1.8
E07000035,11/1/25,1.8
E07000035,12/1/25,1.8
E07000035,1/1/26,1.9
E07000035,2/1/26,2
E07000036,1/1/18,2.4
E07000036,2/1/18,2.6
E07000036,3/1/18,2.7
E07000036,4/1/18,2.9
E07000036,5/1/18,2.8
E07000036,6/1/18,2.7
E07000036,7/1/18,2.7
E07000036,8/1/18,2.7
E07000036,9/1/18,2.7
E07000036,10/1/18,2.8
E07000036,11/1/18,2.8
E07000036,12/1/18,2.8
E07000036,1/1/19,2.8
E07000036,2/1/19,2.9
E07000036,3/1/19,2.9
E07000036,4/1/19,2.9
E07000036,5/1/19,2.9
E07000036,6/1/19,3
E07000036,7/1/19,2.9
E07000036,8/1/19,3
E07000036,9/1/19,2.9
E07000036,10/1/19,2.9
E07000036,11/1/19,2.9
E07000036,12/1/19,2.9
E07000036,1/1/20,2.9
E07000036,2/1/20,3.1
E07000036,3/1/20,2.9
E07000036,4/1/20,5.1
E07000036,5/1/20,6
E07000036,6/1/20,5.7
E07000036,7/1/20,5.7
E07000036,8/1/20,5.8
E07000036,9/1/20,5.7
E07000036,10/1/20,5.4
E07000036,11/1/20,5.5
E07000036,12/1/20,5.2
E07000036,1/1/21,5.1
E07000036,2/1/21,5.4
E07000036,3/1/21,5.4
E07000036,4/1/21,5.2
E07000036,5/1/21,4.9
E07000036,6/1/21,4.5
E07000036,7/1/21,4.3
E07000036,8/1/21,4.3
E07000036,9/1/21,4
E07000036,10/1/21,3.9
E07000036,11/1/21,3.6
E07000036,12/1/21,3.5
E07000036,1/1/22,3.4
E07000036,2/1/22,3.5
E07000036,3/1/22,3.4
E07000036,4/1/22,3.2
E07000036,5/1/22,3.2
E07000036,6/1/22,3.1
E07000036,7/1/22,3.1
E07000036,8/1/22,3.1
E07000036,9/1/22,3.1
E07000036,10/1/22,3.1
E07000036,11/1/22,3
E07000036,12/1/22,3
E07000036,1/1/23,3
E07000036,2/1/23,3
E07000036,3/1/23,3.1
E07000036,4/1/23,3.1
E07000036,5/1/23,3
E07000036,6/1/23,3
E07000036,7/1/23,3.2
E07000036,8/1/23,3
E07000036,9/1/23,3
E07000036,10/1/23,3
E07000036,11/1/23,3.1
E07000036,12/1/23,3.1
E07000036,1/1/24,3.3
E07000036,2/1/24,3.3
E07000036,3/1/24,3.4
E07000036,4/1/24,3.4
E07000036,5/1/24,3.2
E07000036,6/1/24,3.1
E07000036,7/1/24,3.4
E07000036,8/1/24,3.4
E07000036,9/1/24,3.4
E07000036,10/1/24,3.4
E07000036,11/1/24,3.4
E07000036,12/1/24,3.3
E07000036,1/1/25,3.3
E07000036,2/1/25,3.5
E07000036,3/1/25,3.5
E07000036,4/1/25,3.3
E07000036,5/1/25,3.3
E07000036,6/1/25,3.3
E07000036,7/1/25,3.4
E07000036,8/1/25,3.3
E07000036,9/1/25,3.3
E07000036,10/1/25,3.3
E07000036,11/1/25,3.2
E07000036,12/1/25,3.2
E07000036,1/1/26,3.2
E07000036,2/1/26,3.4
E07000037,1/1/18,1.2
E07000037,2/1/18,1.3
E07000037,3/1/18,1.3
E07000037,4/1/18,1.3
E07000037,5/1/18,1.4
E07000037,6/1/18,1.3
E07000037,7/1/18,1.3
E07000037,8/1/18,1.2
E07000037,9/1/18,1.2
E07000037,10/1/18,1.2
E07000037,11/1/18,1.3
E07000037,12/1/18,1.4
E07000037,1/1/19,1.5
E07000037,2/1/19,1.6
E07000037,3/1/19,1.7
E07000037,4/1/19,1.7
E07000037,5/1/19,1.7
E07000037,6/1/19,1.8
E07000037,7/1/19,1.9
E07000037,8/1/19,1.9
E07000037,9/1/19,1.9
E07000037,10/1/19,1.9
E07000037,11/1/19,1.9
E07000037,12/1/19,2
E07000037,1/1/20,2.1
E07000037,2/1/20,2.1
E07000037,3/1/20,2.1
E07000037,4/1/20,4.3
E07000037,5/1/20,4.9
E07000037,6/1/20,4.7
E07000037,7/1/20,4.8
E07000037,8/1/20,4.9
E07000037,9/1/20,4.8
E07000037,10/1/20,4.5
E07000037,11/1/20,4.7
E07000037,12/1/20,4.6
E07000037,1/1/21,4.5
E07000037,2/1/21,4.7
E07000037,3/1/21,4.7
E07000037,4/1/21,4.5
E07000037,5/1/21,4.1
E07000037,6/1/21,3.7
E07000037,7/1/21,3.6
E07000037,8/1/21,3.4
E07000037,9/1/21,3.2
E07000037,10/1/21,3.1
E07000037,11/1/21,3
E07000037,12/1/21,2.9
E07000037,1/1/22,2.7
E07000037,2/1/22,2.7
E07000037,3/1/22,2.6
E07000037,4/1/22,2.5
E07000037,5/1/22,2.4
E07000037,6/1/22,2.3
E07000037,7/1/22,2.4
E07000037,8/1/22,2.5
E07000037,9/1/22,2.5
E07000037,10/1/22,2.4
E07000037,11/1/22,2.5
E07000037,12/1/22,2.5
E07000037,1/1/23,2.5
E07000037,2/1/23,2.5
E07000037,3/1/23,2.6
E07000037,4/1/23,2.6
E07000037,5/1/23,2.5
E07000037,6/1/23,2.6
E07000037,7/1/23,2.6
E07000037,8/1/23,2.5
E07000037,9/1/23,2.5
E07000037,10/1/23,2.5
E07000037,11/1/23,2.5
E07000037,12/1/23,2.5
E07000037,1/1/24,2.5
E07000037,2/1/24,2.6
E07000037,3/1/24,2.6
E07000037,4/1/24,2.5
E07000037,5/1/24,2.5
E07000037,6/1/24,2.5
E07000037,7/1/24,2.7
E07000037,8/1/24,2.7
E07000037,9/1/24,2.8
E07000037,10/1/24,2.8
E07000037,11/1/24,2.6
E07000037,12/1/24,2.5
E07000037,1/1/25,2.6
E07000037,2/1/25,2.6
E07000037,3/1/25,2.5
E07000037,4/1/25,2.4
E07000037,5/1/25,2.4
E07000037,6/1/25,2.3
E07000037,7/1/25,2.3
E07000037,8/1/25,2.3
E07000037,9/1/25,2.4
E07000037,10/1/25,2.4
E07000037,11/1/25,2.4
E07000037,12/1/25,2.3
E07000037,1/1/26,2.3
E07000037,2/1/26,2.4
E07000038,1/1/18,1.3
E07000038,2/1/18,1.4
E07000038,3/1/18,1.4
E07000038,4/1/18,1.4
E07000038,5/1/18,1.4
E07000038,6/1/18,1.3
E07000038,7/1/18,1.3
E07000038,8/1/18,1.4
E07000038,9/1/18,1.6
E07000038,10/1/18,1.6
E07000038,11/1/18,1.6
E07000038,12/1/18,1.7
E07000038,1/1/19,1.7
E07000038,2/1/19,1.8
E07000038,3/1/19,1.8
E07000038,4/1/19,1.9
E07000038,5/1/19,1.9
E07000038,6/1/19,1.9
E07000038,7/1/19,1.9
E07000038,8/1/19,2
E07000038,9/1/19,2
E07000038,10/1/19,2
E07000038,11/1/19,2
E07000038,12/1/19,2
E07000038,1/1/20,2
E07000038,2/1/20,2.1
E07000038,3/1/20,2.2
E07000038,4/1/20,3.9
E07000038,5/1/20,4.7
E07000038,6/1/20,4.4
E07000038,7/1/20,4.5
E07000038,8/1/20,4.5
E07000038,9/1/20,4.4
E07000038,10/1/20,4.2
E07000038,11/1/20,4.3
E07000038,12/1/20,4.3
E07000038,1/1/21,4.2
E07000038,2/1/21,4.5
E07000038,3/1/21,4.5
E07000038,4/1/21,4.3
E07000038,5/1/21,3.9
E07000038,6/1/21,3.6
E07000038,7/1/21,3.5
E07000038,8/1/21,3.4
E07000038,9/1/21,3.2
E07000038,10/1/21,3.1
E07000038,11/1/21,2.9
E07000038,12/1/21,2.8
E07000038,1/1/22,2.7
E07000038,2/1/22,2.7
E07000038,3/1/22,2.6
E07000038,4/1/22,2.5
E07000038,5/1/22,2.5
E07000038,6/1/22,2.5
E07000038,7/1/22,2.4
E07000038,8/1/22,2.3
E07000038,9/1/22,2.3
E07000038,10/1/22,2.3
E07000038,11/1/22,2.3
E07000038,12/1/22,2.4
E07000038,1/1/23,2.4
E07000038,2/1/23,2.5
E07000038,3/1/23,2.5
E07000038,4/1/23,2.5
E07000038,5/1/23,2.4
E07000038,6/1/23,2.4
E07000038,7/1/23,2.5
E07000038,8/1/23,2.4
E07000038,9/1/23,2.4
E07000038,10/1/23,2.6
E07000038,11/1/23,2.6
E07000038,12/1/23,2.6
E07000038,1/1/24,2.6
E07000038,2/1/24,2.6
E07000038,3/1/24,2.7
E07000038,4/1/24,2.6
E07000038,5/1/24,2.6
E07000038,6/1/24,2.6
E07000038,7/1/24,2.8
E07000038,8/1/24,2.8
E07000038,9/1/24,2.8
E07000038,10/1/24,2.7
E07000038,11/1/24,2.6
E07000038,12/1/24,2.6
E07000038,1/1/25,2.5
E07000038,2/1/25,2.6
E07000038,3/1/25,2.5
E07000038,4/1/25,2.4
E07000038,5/1/25,2.4
E07000038,6/1/25,2.3
E07000038,7/1/25,2.2
E07000038,8/1/25,2.3
E07000038,9/1/25,2.4
E07000038,10/1/25,2.3
E07000038,11/1/25,2.3
E07000038,12/1/25,2.3
E07000038,1/1/26,2.3
E07000038,2/1/26,2.4
E07000039,1/1/18,0.7
E07000039,2/1/18,0.8
E07000039,3/1/18,0.8
E07000039,4/1/18,0.8
E07000039,5/1/18,0.9
E07000039,6/1/18,0.8
E07000039,7/1/18,0.9
E07000039,8/1/18,0.9
E07000039,9/1/18,0.8
E07000039,10/1/18,0.8
E07000039,11/1/18,0.8
E07000039,12/1/18,0.8
E07000039,1/1/19,0.9
E07000039,2/1/19,1
E07000039,3/1/19,1.2
E07000039,4/1/19,1.3
E07000039,5/1/19,1.3
E07000039,6/1/19,1.4
E07000039,7/1/19,1.5
E07000039,8/1/19,1.5
E07000039,9/1/19,1.5
E07000039,10/1/19,1.6
E07000039,11/1/19,1.6
E07000039,12/1/19,1.6
E07000039,1/1/20,1.7
E07000039,2/1/20,1.7
E07000039,3/1/20,1.7
E07000039,4/1/20,3.2
E07000039,5/1/20,4.4
E07000039,6/1/20,4.1
E07000039,7/1/20,4.2
E07000039,8/1/20,4.3
E07000039,9/1/20,4.2
E07000039,10/1/20,3.9
E07000039,11/1/20,4
E07000039,12/1/20,4
E07000039,1/1/21,3.8
E07000039,2/1/21,4
E07000039,3/1/21,3.9
E07000039,4/1/21,3.8
E07000039,5/1/21,3.5
E07000039,6/1/21,3.2
E07000039,7/1/21,3.1
E07000039,8/1/21,3
E07000039,9/1/21,2.8
E07000039,10/1/21,2.7
E07000039,11/1/21,2.6
E07000039,12/1/21,2.5
E07000039,1/1/22,2.3
E07000039,2/1/22,2.2
E07000039,3/1/22,2.2
E07000039,4/1/22,2.1
E07000039,5/1/22,2.1
E07000039,6/1/22,2
E07000039,7/1/22,2
E07000039,8/1/22,2
E07000039,9/1/22,2
E07000039,10/1/22,2
E07000039,11/1/22,1.9
E07000039,12/1/22,2
E07000039,1/1/23,1.9
E07000039,2/1/23,2
E07000039,3/1/23,2
E07000039,4/1/23,2.1
E07000039,5/1/23,2
E07000039,6/1/23,2
E07000039,7/1/23,2.1
E07000039,8/1/23,2
E07000039,9/1/23,2.1
E07000039,10/1/23,2.1
E07000039,11/1/23,2.1
E07000039,12/1/23,2.2
E07000039,1/1/24,2.2
E07000039,2/1/24,2.3
E07000039,3/1/24,2.3
E07000039,4/1/24,2.2
E07000039,5/1/24,2.2
E07000039,6/1/24,2.3
E07000039,7/1/24,2.5
E07000039,8/1/24,2.5
E07000039,9/1/24,2.4
E07000039,10/1/24,2.3
E07000039,11/1/24,2.3
E07000039,12/1/24,2.3
E07000039,1/1/25,2.3
E07000039,2/1/25,2.4
E07000039,3/1/25,2.4
E07000039,4/1/25,2.3
E07000039,5/1/25,2.4
E07000039,6/1/25,2.3
E07000039,7/1/25,2.3
E07000039,8/1/25,2.3
E07000039,9/1/25,2.2
E07000039,10/1/25,2.3
E07000039,11/1/25,2.2
E07000039,12/1/25,2.2
E07000039,1/1/26,2.3
E07000039,2/1/26,2.4
E07000040,1/1/18,0.9
E07000040,2/1/18,0.9
E07000040,3/1/18,0.9
E07000040,4/1/18,0.8
E07000040,5/1/18,0.8
E07000040,6/1/18,0.7
E07000040,7/1/18,0.7
E07000040,8/1/18,0.7
E07000040,9/1/18,0.7
E07000040,10/1/18,0.7
E07000040,11/1/18,0.8
E07000040,12/1/18,0.9
E07000040,1/1/19,1
E07000040,2/1/19,1.2
E07000040,3/1/19,1.2
E07000040,4/1/19,1.2
E07000040,5/1/19,1.2
E07000040,6/1/19,1.2
E07000040,7/1/19,1.3
E07000040,8/1/19,1.3
E07000040,9/1/19,1.3
E07000040,10/1/19,1.4
E07000040,11/1/19,1.4
E07000040,12/1/19,1.4
E07000040,1/1/20,1.5
E07000040,2/1/20,1.5
E07000040,3/1/20,1.7
E07000040,4/1/20,3.9
E07000040,5/1/20,4.6
E07000040,6/1/20,4.2
E07000040,7/1/20,4.3
E07000040,8/1/20,4.4
E07000040,9/1/20,4.2
E07000040,10/1/20,3.8
E07000040,11/1/20,4
E07000040,12/1/20,4
E07000040,1/1/21,3.8
E07000040,2/1/21,4
E07000040,3/1/21,4.1
E07000040,4/1/21,3.9
E07000040,5/1/21,3.5
E07000040,6/1/21,3.1
E07000040,7/1/21,2.9
E07000040,8/1/21,2.7
E07000040,9/1/21,2.5
E07000040,10/1/21,2.5
E07000040,11/1/21,2.4
E07000040,12/1/21,2.3
E07000040,1/1/22,2.2
E07000040,2/1/22,2.2
E07000040,3/1/22,2.1
E07000040,4/1/22,1.9
E07000040,5/1/22,1.8
E07000040,6/1/22,1.7
E07000040,7/1/22,1.7
E07000040,8/1/22,1.7
E07000040,9/1/22,1.8
E07000040,10/1/22,1.7
E07000040,11/1/22,1.8
E07000040,12/1/22,1.8
E07000040,1/1/23,1.8
E07000040,2/1/23,1.8
E07000040,3/1/23,1.8
E07000040,4/1/23,1.8
E07000040,5/1/23,1.6
E07000040,6/1/23,1.7
E07000040,7/1/23,1.6
E07000040,8/1/23,1.6
E07000040,9/1/23,1.6
E07000040,10/1/23,1.6
E07000040,11/1/23,1.7
E07000040,12/1/23,1.7
E07000040,1/1/24,1.8
E07000040,2/1/24,1.9
E07000040,3/1/24,1.8
E07000040,4/1/24,1.8
E07000040,5/1/24,1.9
E07000040,6/1/24,1.9
E07000040,7/1/24,2.1
E07000040,8/1/24,2.1
E07000040,9/1/24,2.1
E07000040,10/1/24,1.9
E07000040,11/1/24,1.9
E07000040,12/1/24,1.9
E07000040,1/1/25,2
E07000040,2/1/25,2.1
E07000040,3/1/25,2.2
E07000040,4/1/25,2
E07000040,5/1/25,1.9
E07000040,6/1/25,1.9
E07000040,7/1/25,1.9
E07000040,8/1/25,1.9
E07000040,9/1/25,2
E07000040,10/1/25,2
E07000040,11/1/25,1.9
E07000040,12/1/25,2
E07000040,1/1/26,2.1
E07000040,2/1/26,2.2
E07000041,1/1/18,1
E07000041,2/1/18,1.1
E07000041,3/1/18,1.1
E07000041,4/1/18,1
E07000041,5/1/18,1
E07000041,6/1/18,0.9
E07000041,7/1/18,0.9
E07000041,8/1/18,0.9
E07000041,9/1/18,0.9
E07000041,10/1/18,0.9
E07000041,11/1/18,0.9
E07000041,12/1/18,1
E07000041,1/1/19,1.2
E07000041,2/1/19,1.3
E07000041,3/1/19,1.3
E07000041,4/1/19,1.4
E07000041,5/1/19,1.4
E07000041,6/1/19,1.4
E07000041,7/1/19,1.5
E07000041,8/1/19,1.5
E07000041,9/1/19,1.5
E07000041,10/1/19,1.6
E07000041,11/1/19,1.6
E07000041,12/1/19,1.6
E07000041,1/1/20,1.6
E07000041,2/1/20,1.7
E07000041,3/1/20,1.8
E07000041,4/1/20,3.7
E07000041,5/1/20,4.4
E07000041,6/1/20,4.2
E07000041,7/1/20,4.3
E07000041,8/1/20,4.4
E07000041,9/1/20,4.3
E07000041,10/1/20,4
E07000041,11/1/20,4.1
E07000041,12/1/20,4.1
E07000041,1/1/21,3.9
E07000041,2/1/21,4.1
E07000041,3/1/21,4.2
E07000041,4/1/21,4.1
E07000041,5/1/21,3.7
E07000041,6/1/21,3.4
E07000041,7/1/21,3.3
E07000041,8/1/21,3
E07000041,9/1/21,2.8
E07000041,10/1/21,2.7
E07000041,11/1/21,2.6
E07000041,12/1/21,2.5
E07000041,1/1/22,2.3
E07000041,2/1/22,2.3
E07000041,3/1/22,2.2
E07000041,4/1/22,2.1
E07000041,5/1/22,2
E07000041,6/1/22,1.9
E07000041,7/1/22,1.9
E07000041,8/1/22,1.8
E07000041,9/1/22,1.9
E07000041,10/1/22,1.8
E07000041,11/1/22,1.9
E07000041,12/1/22,1.9
E07000041,1/1/23,1.8
E07000041,2/1/23,1.9
E07000041,3/1/23,2
E07000041,4/1/23,1.9
E07000041,5/1/23,1.9
E07000041,6/1/23,2
E07000041,7/1/23,1.9
E07000041,8/1/23,1.9
E07000041,9/1/23,1.8
E07000041,10/1/23,1.9
E07000041,11/1/23,1.9
E07000041,12/1/23,1.9
E07000041,1/1/24,1.9
E07000041,2/1/24,2
E07000041,3/1/24,2
E07000041,4/1/24,2
E07000041,5/1/24,2
E07000041,6/1/24,2
E07000041,7/1/24,2.2
E07000041,8/1/24,2.3
E07000041,9/1/24,2.3
E07000041,10/1/24,2.2
E07000041,11/1/24,2.1
E07000041,12/1/24,2.1
E07000041,1/1/25,2.1
E07000041,2/1/25,2.2
E07000041,3/1/25,2.2
E07000041,4/1/25,2.1
E07000041,5/1/25,2.1
E07000041,6/1/25,2.1
E07000041,7/1/25,2.1
E07000041,8/1/25,2.2
E07000041,9/1/25,2.1
E07000041,10/1/25,2.1
E07000041,11/1/25,2.2
E07000041,12/1/25,2.2
E07000041,1/1/26,2.2
E07000041,2/1/26,2.3
E07000042,1/1/18,0.9
E07000042,2/1/18,1
E07000042,3/1/18,1
E07000042,4/1/18,0.9
E07000042,5/1/18,0.9
E07000042,6/1/18,0.9
E07000042,7/1/18,0.8
E07000042,8/1/18,0.9
E07000042,9/1/18,0.9
E07000042,10/1/18,0.9
E07000042,11/1/18,1.1
E07000042,12/1/18,1.2
E07000042,1/1/19,1.2
E07000042,2/1/19,1.3
E07000042,3/1/19,1.4
E07000042,4/1/19,1.4
E07000042,5/1/19,1.4
E07000042,6/1/19,1.5
E07000042,7/1/19,1.5
E07000042,8/1/19,1.6
E07000042,9/1/19,1.5
E07000042,10/1/19,1.5
E07000042,11/1/19,1.5
E07000042,12/1/19,1.5
E07000042,1/1/20,1.6
E07000042,2/1/20,1.7
E07000042,3/1/20,1.7
E07000042,4/1/20,3.8
E07000042,5/1/20,4.5
E07000042,6/1/20,4
E07000042,7/1/20,4.1
E07000042,8/1/20,4.3
E07000042,9/1/20,4.2
E07000042,10/1/20,3.8
E07000042,11/1/20,3.8
E07000042,12/1/20,3.9
E07000042,1/1/21,3.6
E07000042,2/1/21,3.9
E07000042,3/1/21,3.8
E07000042,4/1/21,3.8
E07000042,5/1/21,3.4
E07000042,6/1/21,3.1
E07000042,7/1/21,3
E07000042,8/1/21,2.9
E07000042,9/1/21,2.7
E07000042,10/1/21,2.7
E07000042,11/1/21,2.6
E07000042,12/1/21,2.5
E07000042,1/1/22,2.3
E07000042,2/1/22,2.3
E07000042,3/1/22,2.3
E07000042,4/1/22,2.1
E07000042,5/1/22,2
E07000042,6/1/22,1.9
E07000042,7/1/22,1.9
E07000042,8/1/22,1.8
E07000042,9/1/22,1.9
E07000042,10/1/22,1.8
E07000042,11/1/22,1.8
E07000042,12/1/22,1.9
E07000042,1/1/23,1.9
E07000042,2/1/23,1.9
E07000042,3/1/23,1.9
E07000042,4/1/23,1.9
E07000042,5/1/23,1.8
E07000042,6/1/23,1.9
E07000042,7/1/23,1.8
E07000042,8/1/23,1.8
E07000042,9/1/23,1.8
E07000042,10/1/23,1.9
E07000042,11/1/23,1.8
E07000042,12/1/23,1.8
E07000042,1/1/24,1.8
E07000042,2/1/24,1.9
E07000042,3/1/24,2
E07000042,4/1/24,2
E07000042,5/1/24,2.1
E07000042,6/1/24,2.1
E07000042,7/1/24,2.3
E07000042,8/1/24,2.3
E07000042,9/1/24,2.3
E07000042,10/1/24,2.3
E07000042,11/1/24,2.3
E07000042,12/1/24,2.2
E07000042,1/1/25,2.3
E07000042,2/1/25,2.3
E07000042,3/1/25,2.3
E07000042,4/1/25,2.2
E07000042,5/1/25,2.1
E07000042,6/1/25,2.2
E07000042,7/1/25,2.2
E07000042,8/1/25,2.3
E07000042,9/1/25,2.2
E07000042,10/1/25,2.4
E07000042,11/1/25,2.3
E07000042,12/1/25,2.3
E07000042,1/1/26,2.3
E07000042,2/1/26,2.5
E07000043,1/1/18,1.1
E07000043,2/1/18,1.1
E07000043,3/1/18,1.1
E07000043,4/1/18,1
E07000043,5/1/18,1
E07000043,6/1/18,0.9
E07000043,7/1/18,0.8
E07000043,8/1/18,0.9
E07000043,9/1/18,1
E07000043,10/1/18,1.1
E07000043,11/1/18,1.3
E07000043,12/1/18,1.5
E07000043,1/1/19,1.7
E07000043,2/1/19,1.8
E07000043,3/1/19,1.9
E07000043,4/1/19,1.7
E07000043,5/1/19,1.7
E07000043,6/1/19,1.7
E07000043,7/1/19,1.7
E07000043,8/1/19,1.7
E07000043,9/1/19,1.7
E07000043,10/1/19,1.8
E07000043,11/1/19,1.8
E07000043,12/1/19,1.9
E07000043,1/1/20,2
E07000043,2/1/20,2.2
E07000043,3/1/20,2.2
E07000043,4/1/20,5.2
E07000043,5/1/20,5.9
E07000043,6/1/20,5.6
E07000043,7/1/20,5.7
E07000043,8/1/20,5.7
E07000043,9/1/20,5.4
E07000043,10/1/20,4.9
E07000043,11/1/20,5
E07000043,12/1/20,5.1
E07000043,1/1/21,5
E07000043,2/1/21,5.4
E07000043,3/1/21,5.4
E07000043,4/1/21,5.2
E07000043,5/1/21,4.7
E07000043,6/1/21,4
E07000043,7/1/21,3.7
E07000043,8/1/21,3.4
E07000043,9/1/21,3.2
E07000043,10/1/21,3
E07000043,11/1/21,3
E07000043,12/1/21,3
E07000043,1/1/22,3
E07000043,2/1/22,3.1
E07000043,3/1/22,3
E07000043,4/1/22,2.6
E07000043,5/1/22,2.5
E07000043,6/1/22,2.3
E07000043,7/1/22,2.3
E07000043,8/1/22,2.3
E07000043,9/1/22,2.2
E07000043,10/1/22,2.4
E07000043,11/1/22,2.5
E07000043,12/1/22,2.5
E07000043,1/1/23,2.6
E07000043,2/1/23,2.7
E07000043,3/1/23,2.7
E07000043,4/1/23,2.7
E07000043,5/1/23,2.4
E07000043,6/1/23,2.4
E07000043,7/1/23,2.5
E07000043,8/1/23,2.4
E07000043,9/1/23,2.3
E07000043,10/1/23,2.4
E07000043,11/1/23,2.5
E07000043,12/1/23,2.6
E07000043,1/1/24,2.7
E07000043,2/1/24,2.8
E07000043,3/1/24,2.7
E07000043,4/1/24,2.6
E07000043,5/1/24,2.5
E07000043,6/1/24,2.5
E07000043,7/1/24,2.7
E07000043,8/1/24,2.6
E07000043,9/1/24,2.7
E07000043,10/1/24,2.7
E07000043,11/1/24,2.7
E07000043,12/1/24,2.8
E07000043,1/1/25,3
E07000043,2/1/25,3.1
E07000043,3/1/25,3.2
E07000043,4/1/25,3
E07000043,5/1/25,2.8
E07000043,6/1/25,2.8
E07000043,7/1/25,2.7
E07000043,8/1/25,2.7
E07000043,9/1/25,2.7
E07000043,10/1/25,2.8
E07000043,11/1/25,2.8
E07000043,12/1/25,2.9
E07000043,1/1/26,3
E07000043,2/1/26,3.2
E07000044,1/1/18,0.8
E07000044,2/1/18,0.8
E07000044,3/1/18,0.8
E07000044,4/1/18,0.9
E07000044,5/1/18,0.8
E07000044,6/1/18,0.8
E07000044,7/1/18,0.8
E07000044,8/1/18,0.8
E07000044,9/1/18,0.8
E07000044,10/1/18,0.8
E07000044,11/1/18,1
E07000044,12/1/18,1.1
E07000044,1/1/19,1.2
E07000044,2/1/19,1.3
E07000044,3/1/19,1.3
E07000044,4/1/19,1.3
E07000044,5/1/19,1.3
E07000044,6/1/19,1.2
E07000044,7/1/19,1.2
E07000044,8/1/19,1.2
E07000044,9/1/19,1.2
E07000044,10/1/19,1.3
E07000044,11/1/19,1.3
E07000044,12/1/19,1.4
E07000044,1/1/20,1.4
E07000044,2/1/20,1.5
E07000044,3/1/20,1.5
E07000044,4/1/20,4.1
E07000044,5/1/20,5.1
E07000044,6/1/20,4.7
E07000044,7/1/20,4.9
E07000044,8/1/20,4.8
E07000044,9/1/20,4.7
E07000044,10/1/20,4.2
E07000044,11/1/20,4.3
E07000044,12/1/20,4.2
E07000044,1/1/21,4
E07000044,2/1/21,4.3
E07000044,3/1/21,4.3
E07000044,4/1/21,4.2
E07000044,5/1/21,3.7
E07000044,6/1/21,3.2
E07000044,7/1/21,3
E07000044,8/1/21,2.9
E07000044,9/1/21,2.8
E07000044,10/1/21,2.7
E07000044,11/1/21,2.6
E07000044,12/1/21,2.5
E07000044,1/1/22,2.5
E07000044,2/1/22,2.5
E07000044,3/1/22,2.4
E07000044,4/1/22,2.2
E07000044,5/1/22,2
E07000044,6/1/22,2
E07000044,7/1/22,2
E07000044,8/1/22,2
E07000044,9/1/22,1.9
E07000044,10/1/22,1.9
E07000044,11/1/22,1.9
E07000044,12/1/22,1.8
E07000044,1/1/23,1.8
E07000044,2/1/23,1.8
E07000044,3/1/23,1.8
E07000044,4/1/23,1.8
E07000044,5/1/23,1.7
E07000044,6/1/23,1.7
E07000044,7/1/23,1.6
E07000044,8/1/23,1.6
E07000044,9/1/23,1.6
E07000044,10/1/23,1.6
E07000044,11/1/23,1.7
E07000044,12/1/23,1.7
E07000044,1/1/24,1.8
E07000044,2/1/24,1.8
E07000044,3/1/24,1.9
E07000044,4/1/24,1.9
E07000044,5/1/24,2
E07000044,6/1/24,2.1
E07000044,7/1/24,2.1
E07000044,8/1/24,2.1
E07000044,9/1/24,2.2
E07000044,10/1/24,2.2
E07000044,11/1/24,2.1
E07000044,12/1/24,2.1
E07000044,1/1/25,2.2
E07000044,2/1/25,2.2
E07000044,3/1/25,2.2
E07000044,4/1/25,2.1
E07000044,5/1/25,2
E07000044,6/1/25,2
E07000044,7/1/25,1.9
E07000044,8/1/25,1.9
E07000044,9/1/25,2
E07000044,10/1/25,2
E07000044,11/1/25,2
E07000044,12/1/25,2
E07000044,1/1/26,2.1
E07000044,2/1/26,2.2
E07000045,1/1/18,0.9
E07000045,2/1/18,1
E07000045,3/1/18,0.9
E07000045,4/1/18,0.9
E07000045,5/1/18,0.9
E07000045,6/1/18,0.8
E07000045,7/1/18,0.8
E07000045,8/1/18,0.8
E07000045,9/1/18,0.7
E07000045,10/1/18,0.8
E07000045,11/1/18,0.9
E07000045,12/1/18,1
E07000045,1/1/19,1.1
E07000045,2/1/19,1.3
E07000045,3/1/19,1.4
E07000045,4/1/19,1.4
E07000045,5/1/19,1.4
E07000045,6/1/19,1.5
E07000045,7/1/19,1.5
E07000045,8/1/19,1.5
E07000045,9/1/19,1.5
E07000045,10/1/19,1.6
E07000045,11/1/19,1.7
E07000045,12/1/19,1.7
E07000045,1/1/20,1.7
E07000045,2/1/20,1.8
E07000045,3/1/20,1.9
E07000045,4/1/20,4.8
E07000045,5/1/20,5.3
E07000045,6/1/20,4.9
E07000045,7/1/20,5
E07000045,8/1/20,5
E07000045,9/1/20,4.8
E07000045,10/1/20,4.4
E07000045,11/1/20,4.5
E07000045,12/1/20,4.4
E07000045,1/1/21,4.3
E07000045,2/1/21,4.5
E07000045,3/1/21,4.6
E07000045,4/1/21,4.5
E07000045,5/1/21,4
E07000045,6/1/21,3.6
E07000045,7/1/21,3.3
E07000045,8/1/21,3.1
E07000045,9/1/21,3
E07000045,10/1/21,3
E07000045,11/1/21,2.8
E07000045,12/1/21,2.7
E07000045,1/1/22,2.7
E07000045,2/1/22,2.6
E07000045,3/1/22,2.4
E07000045,4/1/22,2.2
E07000045,5/1/22,2
E07000045,6/1/22,2
E07000045,7/1/22,1.9
E07000045,8/1/22,1.9
E07000045,9/1/22,1.9
E07000045,10/1/22,1.9
E07000045,11/1/22,1.9
E07000045,12/1/22,2
E07000045,1/1/23,1.9
E07000045,2/1/23,1.9
E07000045,3/1/23,2
E07000045,4/1/23,1.9
E07000045,5/1/23,1.8
E07000045,6/1/23,1.9
E07000045,7/1/23,1.9
E07000045,8/1/23,1.9
E07000045,9/1/23,1.9
E07000045,10/1/23,1.8
E07000045,11/1/23,1.9
E07000045,12/1/23,2
E07000045,1/1/24,2
E07000045,2/1/24,2.1
E07000045,3/1/24,2.1
E07000045,4/1/24,2.1
E07000045,5/1/24,2.2
E07000045,6/1/24,2.2
E07000045,7/1/24,2.3
E07000045,8/1/24,2.3
E07000045,9/1/24,2.4
E07000045,10/1/24,2.3
E07000045,11/1/24,2.3
E07000045,12/1/24,2.3
E07000045,1/1/25,2.3
E07000045,2/1/25,2.4
E07000045,3/1/25,2.4
E07000045,4/1/25,2.3
E07000045,5/1/25,2.1
E07000045,6/1/25,2.2
E07000045,7/1/25,2.1
E07000045,8/1/25,2.1
E07000045,9/1/25,2.1
E07000045,10/1/25,2.1
E07000045,11/1/25,2.1
E07000045,12/1/25,2.1
E07000045,1/1/26,2.2
E07000045,2/1/26,2.2
E07000046,1/1/18,1.3
E07000046,2/1/18,1.4
E07000046,3/1/18,1.4
E07000046,4/1/18,1.4
E07000046,5/1/18,1.3
E07000046,6/1/18,1.2
E07000046,7/1/18,1.2
E07000046,8/1/18,1.2
E07000046,9/1/18,1.4
E07000046,10/1/18,1.4
E07000046,11/1/18,1.6
E07000046,12/1/18,1.8
E07000046,1/1/19,1.9
E07000046,2/1/19,2
E07000046,3/1/19,2
E07000046,4/1/19,2
E07000046,5/1/19,1.9
E07000046,6/1/19,2
E07000046,7/1/19,2
E07000046,8/1/19,2
E07000046,9/1/19,2
E07000046,10/1/19,2.1
E07000046,11/1/19,2.1
E07000046,12/1/19,2.3
E07000046,1/1/20,2.3
E07000046,2/1/20,2.4
E07000046,3/1/20,2.4
E07000046,4/1/20,5.3
E07000046,5/1/20,5.9
E07000046,6/1/20,5.5
E07000046,7/1/20,5.5
E07000046,8/1/20,5.6
E07000046,9/1/20,5.3
E07000046,10/1/20,4.9
E07000046,11/1/20,5.1
E07000046,12/1/20,5
E07000046,1/1/21,4.9
E07000046,2/1/21,5.2
E07000046,3/1/21,5.1
E07000046,4/1/21,5
E07000046,5/1/21,4.5
E07000046,6/1/21,4
E07000046,7/1/21,3.8
E07000046,8/1/21,3.5
E07000046,9/1/21,3.3
E07000046,10/1/21,3.1
E07000046,11/1/21,3
E07000046,12/1/21,2.9
E07000046,1/1/22,2.9
E07000046,2/1/22,2.8
E07000046,3/1/22,2.7
E07000046,4/1/22,2.5
E07000046,5/1/22,2.4
E07000046,6/1/22,2.2
E07000046,7/1/22,2.1
E07000046,8/1/22,2.1
E07000046,9/1/22,2.1
E07000046,10/1/22,2.2
E07000046,11/1/22,2.2
E07000046,12/1/22,2.3
E07000046,1/1/23,2.3
E07000046,2/1/23,2.3
E07000046,3/1/23,2.4
E07000046,4/1/23,2.4
E07000046,5/1/23,2.2
E07000046,6/1/23,2.2
E07000046,7/1/23,2.2
E07000046,8/1/23,2.2
E07000046,9/1/23,2.2
E07000046,10/1/23,2.2
E07000046,11/1/23,2.4
E07000046,12/1/23,2.4
E07000046,1/1/24,2.4
E07000046,2/1/24,2.6
E07000046,3/1/24,2.5
E07000046,4/1/24,2.6
E07000046,5/1/24,2.6
E07000046,6/1/24,2.7
E07000046,7/1/24,2.9
E07000046,8/1/24,2.9
E07000046,9/1/24,2.9
E07000046,10/1/24,2.8
E07000046,11/1/24,2.8
E07000046,12/1/24,2.9
E07000046,1/1/25,2.9
E07000046,2/1/25,3.2
E07000046,3/1/25,3.1
E07000046,4/1/25,2.9
E07000046,5/1/25,2.9
E07000046,6/1/25,2.7
E07000046,7/1/25,2.6
E07000046,8/1/25,2.6
E07000046,9/1/25,2.5
E07000046,10/1/25,2.5
E07000046,11/1/25,2.6
E07000046,12/1/25,2.6
E07000046,1/1/26,2.8
E07000046,2/1/26,2.9
E07000047,1/1/18,0.8
E07000047,2/1/18,0.8
E07000047,3/1/18,0.9
E07000047,4/1/18,1
E07000047,5/1/18,1
E07000047,6/1/18,1
E07000047,7/1/18,1
E07000047,8/1/18,0.9
E07000047,9/1/18,1
E07000047,10/1/18,1
E07000047,11/1/18,1.1
E07000047,12/1/18,1.1
E07000047,1/1/19,1.2
E07000047,2/1/19,1.2
E07000047,3/1/19,1.2
E07000047,4/1/19,1.3
E07000047,5/1/19,1.3
E07000047,6/1/19,1.3
E07000047,7/1/19,1.3
E07000047,8/1/19,1.4
E07000047,9/1/19,1.3
E07000047,10/1/19,1.4
E07000047,11/1/19,1.5
E07000047,12/1/19,1.5
E07000047,1/1/20,1.4
E07000047,2/1/20,1.5
E07000047,3/1/20,1.6
E07000047,4/1/20,3.6
E07000047,5/1/20,4.3
E07000047,6/1/20,4
E07000047,7/1/20,4.2
E07000047,8/1/20,4.3
E07000047,9/1/20,4.1
E07000047,10/1/20,3.9
E07000047,11/1/20,4
E07000047,12/1/20,4.1
E07000047,1/1/21,3.9
E07000047,2/1/21,4.1
E07000047,3/1/21,4
E07000047,4/1/21,3.9
E07000047,5/1/21,3.6
E07000047,6/1/21,3.2
E07000047,7/1/21,3.2
E07000047,8/1/21,2.9
E07000047,9/1/21,2.7
E07000047,10/1/21,2.6
E07000047,11/1/21,2.5
E07000047,12/1/21,2.4
E07000047,1/1/22,2.3
E07000047,2/1/22,2.3
E07000047,3/1/22,2.2
E07000047,4/1/22,2
E07000047,5/1/22,2
E07000047,6/1/22,1.9
E07000047,7/1/22,1.8
E07000047,8/1/22,1.7
E07000047,9/1/22,1.7
E07000047,10/1/22,1.7
E07000047,11/1/22,1.8
E07000047,12/1/22,1.8
E07000047,1/1/23,1.8
E07000047,2/1/23,1.9
E07000047,3/1/23,1.8
E07000047,4/1/23,1.8
E07000047,5/1/23,1.7
E07000047,6/1/23,1.8
E07000047,7/1/23,1.8
E07000047,8/1/23,1.8
E07000047,9/1/23,1.7
E07000047,10/1/23,1.7
E07000047,11/1/23,1.8
E07000047,12/1/23,1.8
E07000047,1/1/24,1.9
E07000047,2/1/24,2
E07000047,3/1/24,2
E07000047,4/1/24,2
E07000047,5/1/24,2.1
E07000047,6/1/24,2.1
E07000047,7/1/24,2.3
E07000047,8/1/24,2.4
E07000047,9/1/24,2.4
E07000047,10/1/24,2.3
E07000047,11/1/24,2.3
E07000047,12/1/24,2.2
E07000047,1/1/25,2.1
E07000047,2/1/25,2.3
E07000047,3/1/25,2.3
E07000047,4/1/25,2.2
E07000047,5/1/25,2.1
E07000047,6/1/25,2.1
E07000047,7/1/25,2
E07000047,8/1/25,2
E07000047,9/1/25,2
E07000047,10/1/25,2.1
E07000047,11/1/25,2.1
E07000047,12/1/25,2.1
E07000047,1/1/26,2.1
E07000047,2/1/26,2.3
E07000061,1/1/18,2
E07000061,2/1/18,2.3
E07000061,3/1/18,2.3
E07000061,4/1/18,2.7
E07000061,5/1/18,2.6
E07000061,6/1/18,2.6
E07000061,7/1/18,2.7
E07000061,8/1/18,2.8
E07000061,9/1/18,2.8
E07000061,10/1/18,2.8
E07000061,11/1/18,2.9
E07000061,12/1/18,3.1
E07000061,1/1/19,3.1
E07000061,2/1/19,3.3
E07000061,3/1/19,3.2
E07000061,4/1/19,3.2
E07000061,5/1/19,3.3
E07000061,6/1/19,3.4
E07000061,7/1/19,3.4
E07000061,8/1/19,3.3
E07000061,9/1/19,3.4
E07000061,10/1/19,3.4
E07000061,11/1/19,3.5
E07000061,12/1/19,3.6
E07000061,1/1/20,3.6
E07000061,2/1/20,3.7
E07000061,3/1/20,3.8
E07000061,4/1/20,6.5
E07000061,5/1/20,7.9
E07000061,6/1/20,7.5
E07000061,7/1/20,7.6
E07000061,8/1/20,7.7
E07000061,9/1/20,7.6
E07000061,10/1/20,7.2
E07000061,11/1/20,7.5
E07000061,12/1/20,7.4
E07000061,1/1/21,7.4
E07000061,2/1/21,7.8
E07000061,3/1/21,7.8
E07000061,4/1/21,7.6
E07000061,5/1/21,7.1
E07000061,6/1/21,6.6
E07000061,7/1/21,6.4
E07000061,8/1/21,6
E07000061,9/1/21,5.6
E07000061,10/1/21,5.6
E07000061,11/1/21,5.7
E07000061,12/1/21,5.5
E07000061,1/1/22,5.5
E07000061,2/1/22,5.5
E07000061,3/1/22,5.4
E07000061,4/1/22,4.9
E07000061,5/1/22,4.8
E07000061,6/1/22,4.6
E07000061,7/1/22,4.5
E07000061,8/1/22,4.6
E07000061,9/1/22,4.6
E07000061,10/1/22,4.6
E07000061,11/1/22,4.6
E07000061,12/1/22,4.4
E07000061,1/1/23,4.4
E07000061,2/1/23,4.4
E07000061,3/1/23,4.5
E07000061,4/1/23,4.5
E07000061,5/1/23,4.3
E07000061,6/1/23,4.4
E07000061,7/1/23,4.4
E07000061,8/1/23,4.1
E07000061,9/1/23,4.2
E07000061,10/1/23,4.2
E07000061,11/1/23,4.3
E07000061,12/1/23,4.3
E07000061,1/1/24,4.4
E07000061,2/1/24,4.5
E07000061,3/1/24,4.5
E07000061,4/1/24,4.4
E07000061,5/1/24,4.2
E07000061,6/1/24,4.2
E07000061,7/1/24,4.5
E07000061,8/1/24,4.5
E07000061,9/1/24,4.5
E07000061,10/1/24,4.5
E07000061,11/1/24,4.7
E07000061,12/1/24,4.6
E07000061,1/1/25,4.6
E07000061,2/1/25,4.8
E07000061,3/1/25,4.8
E07000061,4/1/25,4.7
E07000061,5/1/25,4.6
E07000061,6/1/25,4.7
E07000061,7/1/25,4.7
E07000061,8/1/25,4.7
E07000061,9/1/25,4.7
E07000061,10/1/25,4.6
E07000061,11/1/25,4.7
E07000061,12/1/25,4.6
E07000061,1/1/26,4.7
E07000061,2/1/26,4.9
E07000062,1/1/18,4.2
E07000062,2/1/18,4.4
E07000062,3/1/18,4.4
E07000062,4/1/18,4.8
E07000062,5/1/18,4.4
E07000062,6/1/18,4.4
E07000062,7/1/18,4.4
E07000062,8/1/18,4.4
E07000062,9/1/18,4.5
E07000062,10/1/18,4.4
E07000062,11/1/18,4.6
E07000062,12/1/18,4.7
E07000062,1/1/19,4.8
E07000062,2/1/19,5
E07000062,3/1/19,4.8
E07000062,4/1/19,4.8
E07000062,5/1/19,4.7
E07000062,6/1/19,4.5
E07000062,7/1/19,4.6
E07000062,8/1/19,4.5
E07000062,9/1/19,4.5
E07000062,10/1/19,4.7
E07000062,11/1/19,4.7
E07000062,12/1/19,4.6
E07000062,1/1/20,4.9
E07000062,2/1/20,4.9
E07000062,3/1/20,5
E07000062,4/1/20,7.9
E07000062,5/1/20,9.2
E07000062,6/1/20,8.6
E07000062,7/1/20,8.9
E07000062,8/1/20,9.1
E07000062,9/1/20,9.1
E07000062,10/1/20,8.8
E07000062,11/1/20,9.1
E07000062,12/1/20,9
E07000062,1/1/21,8.9
E07000062,2/1/21,9.3
E07000062,3/1/21,9.2
E07000062,4/1/21,9.1
E07000062,5/1/21,8.6
E07000062,6/1/21,7.9
E07000062,7/1/21,7.7
E07000062,8/1/21,7.3
E07000062,9/1/21,7
E07000062,10/1/21,6.9
E07000062,11/1/21,6.9
E07000062,12/1/21,6.7
E07000062,1/1/22,6.8
E07000062,2/1/22,6.8
E07000062,3/1/22,6.6
E07000062,4/1/22,6.1
E07000062,5/1/22,6
E07000062,6/1/22,5.7
E07000062,7/1/22,5.6
E07000062,8/1/22,5.5
E07000062,9/1/22,5.5
E07000062,10/1/22,5.4
E07000062,11/1/22,5.5
E07000062,12/1/22,5.5
E07000062,1/1/23,5.5
E07000062,2/1/23,5.7
E07000062,3/1/23,5.7
E07000062,4/1/23,5.5
E07000062,5/1/23,5.3
E07000062,6/1/23,5.3
E07000062,7/1/23,5.2
E07000062,8/1/23,5.2
E07000062,9/1/23,5.1
E07000062,10/1/23,5.2
E07000062,11/1/23,5.2
E07000062,12/1/23,5.3
E07000062,1/1/24,5.4
E07000062,2/1/24,5.4
E07000062,3/1/24,5.3
E07000062,4/1/24,5.1
E07000062,5/1/24,5.1
E07000062,6/1/24,5.2
E07000062,7/1/24,5.4
E07000062,8/1/24,5.4
E07000062,9/1/24,5.3
E07000062,10/1/24,5.2
E07000062,11/1/24,5.1
E07000062,12/1/24,5.2
E07000062,1/1/25,5.2
E07000062,2/1/25,5.3
E07000062,3/1/25,5.1
E07000062,4/1/25,5.1
E07000062,5/1/25,4.8
E07000062,6/1/25,4.7
E07000062,7/1/25,4.7
E07000062,8/1/25,4.7
E07000062,9/1/25,4.6
E07000062,10/1/25,4.7
E07000062,11/1/25,4.9
E07000062,12/1/25,4.9
E07000062,1/1/26,4.9
E07000062,2/1/26,5.2
E07000063,1/1/18,1.2
E07000063,2/1/18,1.3
E07000063,3/1/18,1.3
E07000063,4/1/18,1.3
E07000063,5/1/18,1.2
E07000063,6/1/18,1.2
E07000063,7/1/18,1.2
E07000063,8/1/18,1.2
E07000063,9/1/18,1.2
E07000063,10/1/18,1.2
E07000063,11/1/18,1.3
E07000063,12/1/18,1.5
E07000063,1/1/19,1.6
E07000063,2/1/19,1.8
E07000063,3/1/19,1.9
E07000063,4/1/19,1.9
E07000063,5/1/19,1.9
E07000063,6/1/19,1.9
E07000063,7/1/19,1.9
E07000063,8/1/19,2
E07000063,9/1/19,2
E07000063,10/1/19,2.2
E07000063,11/1/19,2.2
E07000063,12/1/19,2.3
E07000063,1/1/20,2.3
E07000063,2/1/20,2.4
E07000063,3/1/20,2.5
E07000063,4/1/20,4.7
E07000063,5/1/20,6.1
E07000063,6/1/20,5.6
E07000063,7/1/20,5.7
E07000063,8/1/20,6
E07000063,9/1/20,5.9
E07000063,10/1/20,5.5
E07000063,11/1/20,5.6
E07000063,12/1/20,5.6
E07000063,1/1/21,5.6
E07000063,2/1/21,5.9
E07000063,3/1/21,5.9
E07000063,4/1/21,5.7
E07000063,5/1/21,5.4
E07000063,6/1/21,4.9
E07000063,7/1/21,4.7
E07000063,8/1/21,4.5
E07000063,9/1/21,4.3
E07000063,10/1/21,4.2
E07000063,11/1/21,4.1
E07000063,12/1/21,3.9
E07000063,1/1/22,3.8
E07000063,2/1/22,3.9
E07000063,3/1/22,3.7
E07000063,4/1/22,3.5
E07000063,5/1/22,3.3
E07000063,6/1/22,3.2
E07000063,7/1/22,3.3
E07000063,8/1/22,3.2
E07000063,9/1/22,3.2
E07000063,10/1/22,3.1
E07000063,11/1/22,3.1
E07000063,12/1/22,3.2
E07000063,1/1/23,3.1
E07000063,2/1/23,3.1
E07000063,3/1/23,3.1
E07000063,4/1/23,3
E07000063,5/1/23,2.9
E07000063,6/1/23,2.9
E07000063,7/1/23,2.9
E07000063,8/1/23,2.9
E07000063,9/1/23,3
E07000063,10/1/23,3
E07000063,11/1/23,3
E07000063,12/1/23,3.1
E07000063,1/1/24,3
E07000063,2/1/24,3.1
E07000063,3/1/24,3.1
E07000063,4/1/24,3.1
E07000063,5/1/24,3.1
E07000063,6/1/24,3.3
E07000063,7/1/24,3.3
E07000063,8/1/24,3.4
E07000063,9/1/24,3.5
E07000063,10/1/24,3.4
E07000063,11/1/24,3.5
E07000063,12/1/24,3.4
E07000063,1/1/25,3.4
E07000063,2/1/25,3.6
E07000063,3/1/25,3.5
E07000063,4/1/25,3.4
E07000063,5/1/25,3.3
E07000063,6/1/25,3.3
E07000063,7/1/25,3.3
E07000063,8/1/25,3.4
E07000063,9/1/25,3.4
E07000063,10/1/25,3.2
E07000063,11/1/25,3.2
E07000063,12/1/25,3.3
E07000063,1/1/26,3.4
E07000063,2/1/26,3.6
E07000064,1/1/18,2
E07000064,2/1/18,2.2
E07000064,3/1/18,2.3
E07000064,4/1/18,2.5
E07000064,5/1/18,2.3
E07000064,6/1/18,2.3
E07000064,7/1/18,2.3
E07000064,8/1/18,2.3
E07000064,9/1/18,2.4
E07000064,10/1/18,2.4
E07000064,11/1/18,2.5
E07000064,12/1/18,2.5
E07000064,1/1/19,2.6
E07000064,2/1/19,2.7
E07000064,3/1/19,2.7
E07000064,4/1/19,2.6
E07000064,5/1/19,2.5
E07000064,6/1/19,2.5
E07000064,7/1/19,2.5
E07000064,8/1/19,2.5
E07000064,9/1/19,2.6
E07000064,10/1/19,2.7
E07000064,11/1/19,2.7
E07000064,12/1/19,2.7
E07000064,1/1/20,2.8
E07000064,2/1/20,2.8
E07000064,3/1/20,2.8
E07000064,4/1/20,5.4
E07000064,5/1/20,6.3
E07000064,6/1/20,5.9
E07000064,7/1/20,6.1
E07000064,8/1/20,6.1
E07000064,9/1/20,6.1
E07000064,10/1/20,5.6
E07000064,11/1/20,5.9
E07000064,12/1/20,5.9
E07000064,1/1/21,5.8
E07000064,2/1/21,6.1
E07000064,3/1/21,6
E07000064,4/1/21,5.8
E07000064,5/1/21,5.4
E07000064,6/1/21,4.9
E07000064,7/1/21,4.7
E07000064,8/1/21,4.6
E07000064,9/1/21,4.3
E07000064,10/1/21,4.3
E07000064,11/1/21,4.1
E07000064,12/1/21,4
E07000064,1/1/22,4
E07000064,2/1/22,4
E07000064,3/1/22,3.8
E07000064,4/1/22,3.6
E07000064,5/1/22,3.5
E07000064,6/1/22,3.4
E07000064,7/1/22,3.3
E07000064,8/1/22,3.3
E07000064,9/1/22,3.3
E07000064,10/1/22,3.3
E07000064,11/1/22,3.4
E07000064,12/1/22,3.4
E07000064,1/1/23,3.4
E07000064,2/1/23,3.5
E07000064,3/1/23,3.4
E07000064,4/1/23,3.3
E07000064,5/1/23,3.2
E07000064,6/1/23,3.2
E07000064,7/1/23,3.2
E07000064,8/1/23,3.1
E07000064,9/1/23,3.1
E07000064,10/1/23,3.1
E07000064,11/1/23,3.1
E07000064,12/1/23,3.2
E07000064,1/1/24,3.1
E07000064,2/1/24,3.2
E07000064,3/1/24,3.1
E07000064,4/1/24,3
E07000064,5/1/24,3.1
E07000064,6/1/24,3.1
E07000064,7/1/24,3.4
E07000064,8/1/24,3.4
E07000064,9/1/24,3.2
E07000064,10/1/24,3.2
E07000064,11/1/24,3.2
E07000064,12/1/24,3.1
E07000064,1/1/25,3.3
E07000064,2/1/25,3.3
E07000064,3/1/25,3.3
E07000064,4/1/25,3.2
E07000064,5/1/25,3.1
E07000064,6/1/25,3.1
E07000064,7/1/25,3
E07000064,8/1/25,3
E07000064,9/1/25,3
E07000064,10/1/25,3.1
E07000064,11/1/25,3.1
E07000064,12/1/25,3.1
E07000064,1/1/26,3.2
E07000064,2/1/26,3.3
E07000065,1/1/18,0.7
E07000065,2/1/18,0.7
E07000065,3/1/18,0.7
E07000065,4/1/18,0.8
E07000065,5/1/18,0.8
E07000065,6/1/18,0.8
E07000065,7/1/18,0.9
E07000065,8/1/18,0.9
E07000065,9/1/18,0.9
E07000065,10/1/18,0.9
E07000065,11/1/18,1
E07000065,12/1/18,1
E07000065,1/1/19,1.1
E07000065,2/1/19,1.2
E07000065,3/1/19,1.2
E07000065,4/1/19,1.2
E07000065,5/1/19,1.2
E07000065,6/1/19,1.2
E07000065,7/1/19,1.2
E07000065,8/1/19,1.3
E07000065,9/1/19,1.3
E07000065,10/1/19,1.4
E07000065,11/1/19,1.4
E07000065,12/1/19,1.4
E07000065,1/1/20,1.4
E07000065,2/1/20,1.5
E07000065,3/1/20,1.5
E07000065,4/1/20,3.5
E07000065,5/1/20,4.7
E07000065,6/1/20,4.3
E07000065,7/1/20,4.4
E07000065,8/1/20,4.5
E07000065,9/1/20,4.5
E07000065,10/1/20,4.1
E07000065,11/1/20,4.2
E07000065,12/1/20,4.2
E07000065,1/1/21,4.1
E07000065,2/1/21,4.4
E07000065,3/1/21,4.3
E07000065,4/1/21,4.2
E07000065,5/1/21,3.7
E07000065,6/1/21,3.4
E07000065,7/1/21,3.3
E07000065,8/1/21,3.2
E07000065,9/1/21,2.9
E07000065,10/1/21,2.8
E07000065,11/1/21,2.8
E07000065,12/1/21,2.6
E07000065,1/1/22,2.6
E07000065,2/1/22,2.6
E07000065,3/1/22,2.5
E07000065,4/1/22,2.3
E07000065,5/1/22,2.2
E07000065,6/1/22,2.2
E07000065,7/1/22,2.1
E07000065,8/1/22,2.2
E07000065,9/1/22,2.2
E07000065,10/1/22,2.2
E07000065,11/1/22,2.1
E07000065,12/1/22,2.1
E07000065,1/1/23,2.1
E07000065,2/1/23,2.1
E07000065,3/1/23,2
E07000065,4/1/23,2
E07000065,5/1/23,2
E07000065,6/1/23,2
E07000065,7/1/23,1.9
E07000065,8/1/23,1.9
E07000065,9/1/23,1.9
E07000065,10/1/23,1.9
E07000065,11/1/23,2
E07000065,12/1/23,2
E07000065,1/1/24,2
E07000065,2/1/24,2.1
E07000065,3/1/24,2.1
E07000065,4/1/24,2.1
E07000065,5/1/24,2.1
E07000065,6/1/24,2.2
E07000065,7/1/24,2.4
E07000065,8/1/24,2.4
E07000065,9/1/24,2.4
E07000065,10/1/24,2.2
E07000065,11/1/24,2.2
E07000065,12/1/24,2.3
E07000065,1/1/25,2.3
E07000065,2/1/25,2.4
E07000065,3/1/25,2.3
E07000065,4/1/25,2.2
E07000065,5/1/25,2.2
E07000065,6/1/25,2.2
E07000065,7/1/25,2.2
E07000065,8/1/25,2.2
E07000065,9/1/25,2.3
E07000065,10/1/25,2.3
E07000065,11/1/25,2.3
E07000065,12/1/25,2.3
E07000065,1/1/26,2.4
E07000065,2/1/26,2.5
E07000066,1/1/18,1.6
E07000066,2/1/18,1.8
E07000066,3/1/18,2
E07000066,4/1/18,2.2
E07000066,5/1/18,2.2
E07000066,6/1/18,2.3
E07000066,7/1/18,2.3
E07000066,8/1/18,2.4
E07000066,9/1/18,2.4
E07000066,10/1/18,2.5
E07000066,11/1/18,2.5
E07000066,12/1/18,2.5
E07000066,1/1/19,2.6
E07000066,2/1/19,2.7
E07000066,3/1/19,2.8
E07000066,4/1/19,2.8
E07000066,5/1/19,2.8
E07000066,6/1/19,2.9
E07000066,7/1/19,2.9
E07000066,8/1/19,2.9
E07000066,9/1/19,2.9
E07000066,10/1/19,2.8
E07000066,11/1/19,2.9
E07000066,12/1/19,2.9
E07000066,1/1/20,2.9
E07000066,2/1/20,3
E07000066,3/1/20,3.1
E07000066,4/1/20,5.3
E07000066,5/1/20,7.1
E07000066,6/1/20,6.7
E07000066,7/1/20,6.8
E07000066,8/1/20,7.1
E07000066,9/1/20,6.9
E07000066,10/1/20,6.6
E07000066,11/1/20,6.6
E07000066,12/1/20,6.7
E07000066,1/1/21,6.4
E07000066,2/1/21,6.9
E07000066,3/1/21,6.8
E07000066,4/1/21,6.8
E07000066,5/1/21,6.2
E07000066,6/1/21,5.6
E07000066,7/1/21,5.4
E07000066,8/1/21,5.2
E07000066,9/1/21,4.8
E07000066,10/1/21,4.6
E07000066,11/1/21,4.4
E07000066,12/1/21,4.2
E07000066,1/1/22,4
E07000066,2/1/22,4.1
E07000066,3/1/22,3.9
E07000066,4/1/22,3.7
E07000066,5/1/22,3.7
E07000066,6/1/22,3.6
E07000066,7/1/22,3.6
E07000066,8/1/22,3.5
E07000066,9/1/22,3.5
E07000066,10/1/22,3.4
E07000066,11/1/22,3.5
E07000066,12/1/22,3.4
E07000066,1/1/23,3.3
E07000066,2/1/23,3.4
E07000066,3/1/23,3.4
E07000066,4/1/23,3.5
E07000066,5/1/23,3.4
E07000066,6/1/23,3.5
E07000066,7/1/23,3.5
E07000066,8/1/23,3.4
E07000066,9/1/23,3.4
E07000066,10/1/23,3.4
E07000066,11/1/23,3.5
E07000066,12/1/23,3.5
E07000066,1/1/24,3.4
E07000066,2/1/24,3.5
E07000066,3/1/24,3.6
E07000066,4/1/24,3.5
E07000066,5/1/24,3.5
E07000066,6/1/24,3.7
E07000066,7/1/24,4
E07000066,8/1/24,3.9
E07000066,9/1/24,3.9
E07000066,10/1/24,3.9
E07000066,11/1/24,3.8
E07000066,12/1/24,3.8
E07000066,1/1/25,3.9
E07000066,2/1/25,4
E07000066,3/1/25,4
E07000066,4/1/25,3.8
E07000066,5/1/25,3.8
E07000066,6/1/25,3.9
E07000066,7/1/25,3.8
E07000066,8/1/25,3.8
E07000066,9/1/25,3.8
E07000066,10/1/25,3.7
E07000066,11/1/25,3.7
E07000066,12/1/25,3.7
E07000066,1/1/26,3.7
E07000066,2/1/26,3.9
E07000067,1/1/18,1.1
E07000067,2/1/18,1.2
E07000067,3/1/18,1.3
E07000067,4/1/18,1.4
E07000067,5/1/18,1.4
E07000067,6/1/18,1.4
E07000067,7/1/18,1.5
E07000067,8/1/18,1.5
E07000067,9/1/18,1.5
E07000067,10/1/18,1.6
E07000067,11/1/18,1.6
E07000067,12/1/18,1.6
E07000067,1/1/19,1.6
E07000067,2/1/19,1.8
E07000067,3/1/19,1.8
E07000067,4/1/19,1.8
E07000067,5/1/19,1.9
E07000067,6/1/19,1.9
E07000067,7/1/19,1.9
E07000067,8/1/19,1.9
E07000067,9/1/19,1.9
E07000067,10/1/19,2
E07000067,11/1/19,2
E07000067,12/1/19,2.1
E07000067,1/1/20,2.1
E07000067,2/1/20,2.2
E07000067,3/1/20,2.1
E07000067,4/1/20,4.3
E07000067,5/1/20,5.4
E07000067,6/1/20,4.9
E07000067,7/1/20,5.1
E07000067,8/1/20,5.4
E07000067,9/1/20,5.3
E07000067,10/1/20,5
E07000067,11/1/20,5.1
E07000067,12/1/20,5
E07000067,1/1/21,4.8
E07000067,2/1/21,5.1
E07000067,3/1/21,5
E07000067,4/1/21,4.9
E07000067,5/1/21,4.5
E07000067,6/1/21,4.1
E07000067,7/1/21,3.9
E07000067,8/1/21,3.8
E07000067,9/1/21,3.5
E07000067,10/1/21,3.3
E07000067,11/1/21,3.2
E07000067,12/1/21,3.1
E07000067,1/1/22,3
E07000067,2/1/22,2.9
E07000067,3/1/22,2.8
E07000067,4/1/22,2.6
E07000067,5/1/22,2.4
E07000067,6/1/22,2.4
E07000067,7/1/22,2.4
E07000067,8/1/22,2.5
E07000067,9/1/22,2.5
E07000067,10/1/22,2.4
E07000067,11/1/22,2.5
E07000067,12/1/22,2.5
E07000067,1/1/23,2.4
E07000067,2/1/23,2.5
E07000067,3/1/23,2.5
E07000067,4/1/23,2.6
E07000067,5/1/23,2.5
E07000067,6/1/23,2.6
E07000067,7/1/23,2.5
E07000067,8/1/23,2.5
E07000067,9/1/23,2.6
E07000067,10/1/23,2.5
E07000067,11/1/23,2.6
E07000067,12/1/23,2.6
E07000067,1/1/24,2.5
E07000067,2/1/24,2.7
E07000067,3/1/24,2.7
E07000067,4/1/24,2.7
E07000067,5/1/24,2.6
E07000067,6/1/24,2.6
E07000067,7/1/24,2.9
E07000067,8/1/24,2.9
E07000067,9/1/24,2.9
E07000067,10/1/24,2.8
E07000067,11/1/24,2.7
E07000067,12/1/24,2.6
E07000067,1/1/25,2.6
E07000067,2/1/25,2.7
E07000067,3/1/25,2.7
E07000067,4/1/25,2.5
E07000067,5/1/25,2.5
E07000067,6/1/25,2.5
E07000067,7/1/25,2.5
E07000067,8/1/25,2.5
E07000067,9/1/25,2.5
E07000067,10/1/25,2.6
E07000067,11/1/25,2.5
E07000067,12/1/25,2.5
E07000067,1/1/26,2.6
E07000067,2/1/26,2.7
E07000068,1/1/18,0.8
E07000068,2/1/18,1
E07000068,3/1/18,1
E07000068,4/1/18,1.2
E07000068,5/1/18,1.1
E07000068,6/1/18,1.2
E07000068,7/1/18,1.2
E07000068,8/1/18,1.2
E07000068,9/1/18,1.3
E07000068,10/1/18,1.3
E07000068,11/1/18,1.4
E07000068,12/1/18,1.4
E07000068,1/1/19,1.4
E07000068,2/1/19,1.5
E07000068,3/1/19,1.5
E07000068,4/1/19,1.5
E07000068,5/1/19,1.5
E07000068,6/1/19,1.5
E07000068,7/1/19,1.6
E07000068,8/1/19,1.5
E07000068,9/1/19,1.5
E07000068,10/1/19,1.5
E07000068,11/1/19,1.5
E07000068,12/1/19,1.6
E07000068,1/1/20,1.6
E07000068,2/1/20,1.7
E07000068,3/1/20,1.7
E07000068,4/1/20,3.4
E07000068,5/1/20,5.2
E07000068,6/1/20,4.8
E07000068,7/1/20,4.9
E07000068,8/1/20,5.2
E07000068,9/1/20,5.1
E07000068,10/1/20,4.8
E07000068,11/1/20,4.8
E07000068,12/1/20,4.9
E07000068,1/1/21,4.7
E07000068,2/1/21,5
E07000068,3/1/21,5
E07000068,4/1/21,4.9
E07000068,5/1/21,4.6
E07000068,6/1/21,4.1
E07000068,7/1/21,4
E07000068,8/1/21,3.9
E07000068,9/1/21,3.5
E07000068,10/1/21,3.4
E07000068,11/1/21,3.1
E07000068,12/1/21,3.1
E07000068,1/1/22,3
E07000068,2/1/22,3.1
E07000068,3/1/22,2.8
E07000068,4/1/22,2.6
E07000068,5/1/22,2.5
E07000068,6/1/22,2.5
E07000068,7/1/22,2.4
E07000068,8/1/22,2.4
E07000068,9/1/22,2.4
E07000068,10/1/22,2.3
E07000068,11/1/22,2.3
E07000068,12/1/22,2.2
E07000068,1/1/23,2.2
E07000068,2/1/23,2.3
E07000068,3/1/23,2.3
E07000068,4/1/23,2.4
E07000068,5/1/23,2.3
E07000068,6/1/23,2.3
E07000068,7/1/23,2.3
E07000068,8/1/23,2.3
E07000068,9/1/23,2.3
E07000068,10/1/23,2.4
E07000068,11/1/23,2.5
E07000068,12/1/23,2.4
E07000068,1/1/24,2.4
E07000068,2/1/24,2.5
E07000068,3/1/24,2.4
E07000068,4/1/24,2.3
E07000068,5/1/24,2.3
E07000068,6/1/24,2.4
E07000068,7/1/24,2.6
E07000068,8/1/24,2.5
E07000068,9/1/24,2.5
E07000068,10/1/24,2.5
E07000068,11/1/24,2.5
E07000068,12/1/24,2.4
E07000068,1/1/25,2.4
E07000068,2/1/25,2.5
E07000068,3/1/25,2.6
E07000068,4/1/25,2.5
E07000068,5/1/25,2.5
E07000068,6/1/25,2.6
E07000068,7/1/25,2.5
E07000068,8/1/25,2.5
E07000068,9/1/25,2.5
E07000068,10/1/25,2.4
E07000068,11/1/25,2.4
E07000068,12/1/25,2.5
E07000068,1/1/26,2.5
E07000068,2/1/26,2.6
E07000069,1/1/18,1
E07000069,2/1/18,1.1
E07000069,3/1/18,1.1
E07000069,4/1/18,1.1
E07000069,5/1/18,1.1
E07000069,6/1/18,1
E07000069,7/1/18,1
E07000069,8/1/18,1
E07000069,9/1/18,1
E07000069,10/1/18,1.2
E07000069,11/1/18,1.3
E07000069,12/1/18,1.4
E07000069,1/1/19,1.5
E07000069,2/1/19,1.6
E07000069,3/1/19,1.7
E07000069,4/1/19,1.8
E07000069,5/1/19,1.7
E07000069,6/1/19,1.7
E07000069,7/1/19,1.7
E07000069,8/1/19,1.7
E07000069,9/1/19,1.7
E07000069,10/1/19,1.8
E07000069,11/1/19,1.8
E07000069,12/1/19,1.8
E07000069,1/1/20,1.8
E07000069,2/1/20,1.9
E07000069,3/1/20,2
E07000069,4/1/20,4.4
E07000069,5/1/20,6.4
E07000069,6/1/20,5.7
E07000069,7/1/20,5.8
E07000069,8/1/20,5.9
E07000069,9/1/20,5.7
E07000069,10/1/20,5.3
E07000069,11/1/20,5.3
E07000069,12/1/20,5.3
E07000069,1/1/21,5.1
E07000069,2/1/21,5.4
E07000069,3/1/21,5.3
E07000069,4/1/21,5.2
E07000069,5/1/21,4.7
E07000069,6/1/21,4.2
E07000069,7/1/21,4
E07000069,8/1/21,3.7
E07000069,9/1/21,3.4
E07000069,10/1/21,3.2
E07000069,11/1/21,3.1
E07000069,12/1/21,3
E07000069,1/1/22,2.9
E07000069,2/1/22,2.9
E07000069,3/1/22,2.7
E07000069,4/1/22,2.5
E07000069,5/1/22,2.4
E07000069,6/1/22,2.4
E07000069,7/1/22,2.3
E07000069,8/1/22,2.2
E07000069,9/1/22,2.2
E07000069,10/1/22,2.2
E07000069,11/1/22,2.2
E07000069,12/1/22,2.2
E07000069,1/1/23,2.2
E07000069,2/1/23,2.2
E07000069,3/1/23,2.3
E07000069,4/1/23,2.3
E07000069,5/1/23,2.3
E07000069,6/1/23,2.3
E07000069,7/1/23,2.3
E07000069,8/1/23,2.2
E07000069,9/1/23,2.3
E07000069,10/1/23,2.3
E07000069,11/1/23,2.3
E07000069,12/1/23,2.3
E07000069,1/1/24,2.3
E07000069,2/1/24,2.3
E07000069,3/1/24,2.4
E07000069,4/1/24,2.3
E07000069,5/1/24,2.3
E07000069,6/1/24,2.3
E07000069,7/1/24,2.6
E07000069,8/1/24,2.6
E07000069,9/1/24,2.6
E07000069,10/1/24,2.6
E07000069,11/1/24,2.5
E07000069,12/1/24,2.5
E07000069,1/1/25,2.5
E07000069,2/1/25,2.6
E07000069,3/1/25,2.6
E07000069,4/1/25,2.5
E07000069,5/1/25,2.5
E07000069,6/1/25,2.5
E07000069,7/1/25,2.4
E07000069,8/1/25,2.4
E07000069,9/1/25,2.4
E07000069,10/1/25,2.4
E07000069,11/1/25,2.4
E07000069,12/1/25,2.4
E07000069,1/1/26,2.4
E07000069,2/1/26,2.5
E07000070,1/1/18,1
E07000070,2/1/18,1.1
E07000070,3/1/18,1.1
E07000070,4/1/18,1.1
E07000070,5/1/18,1.1
E07000070,6/1/18,1
E07000070,7/1/18,1.1
E07000070,8/1/18,1.1
E07000070,9/1/18,1.1
E07000070,10/1/18,1.1
E07000070,11/1/18,1.1
E07000070,12/1/18,1.1
E07000070,1/1/19,1.1
E07000070,2/1/19,1.3
E07000070,3/1/19,1.3
E07000070,4/1/19,1.4
E07000070,5/1/19,1.4
E07000070,6/1/19,1.5
E07000070,7/1/19,1.6
E07000070,8/1/19,1.6
E07000070,9/1/19,1.6
E07000070,10/1/19,1.7
E07000070,11/1/19,1.7
E07000070,12/1/19,1.7
E07000070,1/1/20,1.7
E07000070,2/1/20,1.8
E07000070,3/1/20,1.9
E07000070,4/1/20,3.1
E07000070,5/1/20,4.8
E07000070,6/1/20,4.7
E07000070,7/1/20,4.8
E07000070,8/1/20,4.8
E07000070,9/1/20,4.8
E07000070,10/1/20,4.5
E07000070,11/1/20,4.6
E07000070,12/1/20,4.6
E07000070,1/1/21,4.4
E07000070,2/1/21,4.5
E07000070,3/1/21,4.5
E07000070,4/1/21,4.4
E07000070,5/1/21,4
E07000070,6/1/21,3.7
E07000070,7/1/21,3.5
E07000070,8/1/21,3.3
E07000070,9/1/21,3.2
E07000070,10/1/21,3.1
E07000070,11/1/21,3
E07000070,12/1/21,2.9
E07000070,1/1/22,2.8
E07000070,2/1/22,2.8
E07000070,3/1/22,2.6
E07000070,4/1/22,2.5
E07000070,5/1/22,2.4
E07000070,6/1/22,2.3
E07000070,7/1/22,2.4
E07000070,8/1/22,2.3
E07000070,9/1/22,2.2
E07000070,10/1/22,2.2
E07000070,11/1/22,2.2
E07000070,12/1/22,2.2
E07000070,1/1/23,2.1
E07000070,2/1/23,2.2
E07000070,3/1/23,2.3
E07000070,4/1/23,2.3
E07000070,5/1/23,2.2
E07000070,6/1/23,2.3
E07000070,7/1/23,2.2
E07000070,8/1/23,2.2
E07000070,9/1/23,2.3
E07000070,10/1/23,2.3
E07000070,11/1/23,2.3
E07000070,12/1/23,2.3
E07000070,1/1/24,2.3
E07000070,2/1/24,2.4
E07000070,3/1/24,2.3
E07000070,4/1/24,2.4
E07000070,5/1/24,2.4
E07000070,6/1/24,2.5
E07000070,7/1/24,2.6
E07000070,8/1/24,2.7
E07000070,9/1/24,2.7
E07000070,10/1/24,2.7
E07000070,11/1/24,2.6
E07000070,12/1/24,2.6
E07000070,1/1/25,2.6
E07000070,2/1/25,2.7
E07000070,3/1/25,2.7
E07000070,4/1/25,2.7
E07000070,5/1/25,2.6
E07000070,6/1/25,2.7
E07000070,7/1/25,2.5
E07000070,8/1/25,2.6
E07000070,9/1/25,2.6
E07000070,10/1/25,2.6
E07000070,11/1/25,2.5
E07000070,12/1/25,2.5
E07000070,1/1/26,2.6
E07000070,2/1/26,2.7
E07000071,1/1/18,1.1
E07000071,2/1/18,1.2
E07000071,3/1/18,1.2
E07000071,4/1/18,1.2
E07000071,5/1/18,1.2
E07000071,6/1/18,1.2
E07000071,7/1/18,1.1
E07000071,8/1/18,1.1
E07000071,9/1/18,1.2
E07000071,10/1/18,1.4
E07000071,11/1/18,1.5
E07000071,12/1/18,1.6
E07000071,1/1/19,1.7
E07000071,2/1/19,1.7
E07000071,3/1/19,1.8
E07000071,4/1/19,1.8
E07000071,5/1/19,1.9
E07000071,6/1/19,1.9
E07000071,7/1/19,1.9
E07000071,8/1/19,1.9
E07000071,9/1/19,1.9
E07000071,10/1/19,2
E07000071,11/1/19,2
E07000071,12/1/19,2.1
E07000071,1/1/20,2.1
E07000071,2/1/20,2.2
E07000071,3/1/20,2.2
E07000071,4/1/20,4.1
E07000071,5/1/20,5.3
E07000071,6/1/20,5
E07000071,7/1/20,5.1
E07000071,8/1/20,5.3
E07000071,9/1/20,5.3
E07000071,10/1/20,5
E07000071,11/1/20,5
E07000071,12/1/20,5
E07000071,1/1/21,4.9
E07000071,2/1/21,5.2
E07000071,3/1/21,5.1
E07000071,4/1/21,5.1
E07000071,5/1/21,4.7
E07000071,6/1/21,4.3
E07000071,7/1/21,4.2
E07000071,8/1/21,4.1
E07000071,9/1/21,3.8
E07000071,10/1/21,3.7
E07000071,11/1/21,3.5
E07000071,12/1/21,3.4
E07000071,1/1/22,3.2
E07000071,2/1/22,3.2
E07000071,3/1/22,3
E07000071,4/1/22,2.8
E07000071,5/1/22,2.7
E07000071,6/1/22,2.6
E07000071,7/1/22,2.6
E07000071,8/1/22,2.6
E07000071,9/1/22,2.7
E07000071,10/1/22,2.6
E07000071,11/1/22,2.7
E07000071,12/1/22,2.7
E07000071,1/1/23,2.7
E07000071,2/1/23,2.8
E07000071,3/1/23,2.8
E07000071,4/1/23,2.8
E07000071,5/1/23,2.7
E07000071,6/1/23,2.8
E07000071,7/1/23,2.7
E07000071,8/1/23,2.7
E07000071,9/1/23,2.7
E07000071,10/1/23,2.7
E07000071,11/1/23,2.8
E07000071,12/1/23,2.8
E07000071,1/1/24,2.8
E07000071,2/1/24,2.9
E07000071,3/1/24,2.9
E07000071,4/1/24,2.8
E07000071,5/1/24,2.9
E07000071,6/1/24,3
E07000071,7/1/24,3.2
E07000071,8/1/24,3.2
E07000071,9/1/24,3.3
E07000071,10/1/24,3.2
E07000071,11/1/24,3.1
E07000071,12/1/24,3.1
E07000071,1/1/25,3.1
E07000071,2/1/25,3.2
E07000071,3/1/25,3.2
E07000071,4/1/25,3.1
E07000071,5/1/25,3.1
E07000071,6/1/25,3.1
E07000071,7/1/25,3
E07000071,8/1/25,3
E07000071,9/1/25,3
E07000071,10/1/25,3
E07000071,11/1/25,3
E07000071,12/1/25,3
E07000071,1/1/26,3.1
E07000071,2/1/26,3.2
E07000072,1/1/18,1.2
E07000072,2/1/18,1.2
E07000072,3/1/18,1.2
E07000072,4/1/18,1.2
E07000072,5/1/18,1.2
E07000072,6/1/18,1.2
E07000072,7/1/18,1.2
E07000072,8/1/18,1.1
E07000072,9/1/18,1.1
E07000072,10/1/18,1.2
E07000072,11/1/18,1.2
E07000072,12/1/18,1.1
E07000072,1/1/19,1.2
E07000072,2/1/19,1.3
E07000072,3/1/19,1.4
E07000072,4/1/19,1.5
E07000072,5/1/19,1.6
E07000072,6/1/19,1.6
E07000072,7/1/19,1.6
E07000072,8/1/19,1.6
E07000072,9/1/19,1.7
E07000072,10/1/19,1.7
E07000072,11/1/19,1.7
E07000072,12/1/19,1.7
E07000072,1/1/20,1.7
E07000072,2/1/20,1.8
E07000072,3/1/20,1.8
E07000072,4/1/20,3.4
E07000072,5/1/20,5.9
E07000072,6/1/20,5.5
E07000072,7/1/20,5.6
E07000072,8/1/20,6
E07000072,9/1/20,5.8
E07000072,10/1/20,5.5
E07000072,11/1/20,5.7
E07000072,12/1/20,5.7
E07000072,1/1/21,5.6
E07000072,2/1/21,5.9
E07000072,3/1/21,5.8
E07000072,4/1/21,5.7
E07000072,5/1/21,5.2
E07000072,6/1/21,4.6
E07000072,7/1/21,4.4
E07000072,8/1/21,4.2
E07000072,9/1/21,3.9
E07000072,10/1/21,3.7
E07000072,11/1/21,3.6
E07000072,12/1/21,3.5
E07000072,1/1/22,3.4
E07000072,2/1/22,3.4
E07000072,3/1/22,3.2
E07000072,4/1/22,2.9
E07000072,5/1/22,2.9
E07000072,6/1/22,2.7
E07000072,7/1/22,2.6
E07000072,8/1/22,2.6
E07000072,9/1/22,2.7
E07000072,10/1/22,2.6
E07000072,11/1/22,2.7
E07000072,12/1/22,2.7
E07000072,1/1/23,2.6
E07000072,2/1/23,2.6
E07000072,3/1/23,2.6
E07000072,4/1/23,2.6
E07000072,5/1/23,2.5
E07000072,6/1/23,2.5
E07000072,7/1/23,2.6
E07000072,8/1/23,2.5
E07000072,9/1/23,2.5
E07000072,10/1/23,2.6
E07000072,11/1/23,2.7
E07000072,12/1/23,2.7
E07000072,1/1/24,2.8
E07000072,2/1/24,2.8
E07000072,3/1/24,2.9
E07000072,4/1/24,2.8
E07000072,5/1/24,2.9
E07000072,6/1/24,2.9
E07000072,7/1/24,3.2
E07000072,8/1/24,3.1
E07000072,9/1/24,3
E07000072,10/1/24,3
E07000072,11/1/24,2.9
E07000072,12/1/24,2.9
E07000072,1/1/25,2.9
E07000072,2/1/25,3
E07000072,3/1/25,3
E07000072,4/1/25,2.9
E07000072,5/1/25,2.9
E07000072,6/1/25,3.1
E07000072,7/1/25,3
E07000072,8/1/25,2.9
E07000072,9/1/25,3
E07000072,10/1/25,2.9
E07000072,11/1/25,2.9
E07000072,12/1/25,2.9
E07000072,1/1/26,2.9
E07000072,2/1/26,3
E07000073,1/1/18,2.1
E07000073,2/1/18,2.3
E07000073,3/1/18,2.4
E07000073,4/1/18,2.7
E07000073,5/1/18,2.6
E07000073,6/1/18,2.6
E07000073,7/1/18,2.7
E07000073,8/1/18,2.8
E07000073,9/1/18,2.9
E07000073,10/1/18,2.9
E07000073,11/1/18,3
E07000073,12/1/18,3
E07000073,1/1/19,3.1
E07000073,2/1/19,3.2
E07000073,3/1/19,3.2
E07000073,4/1/19,3.2
E07000073,5/1/19,3.2
E07000073,6/1/19,3.3
E07000073,7/1/19,3.2
E07000073,8/1/19,3.2
E07000073,9/1/19,3.2
E07000073,10/1/19,3.3
E07000073,11/1/19,3.3
E07000073,12/1/19,3.2
E07000073,1/1/20,3.3
E07000073,2/1/20,3.4
E07000073,3/1/20,3.5
E07000073,4/1/20,6
E07000073,5/1/20,8
E07000073,6/1/20,7.4
E07000073,7/1/20,7.5
E07000073,8/1/20,7.6
E07000073,9/1/20,7.4
E07000073,10/1/20,7.2
E07000073,11/1/20,7.2
E07000073,12/1/20,7.3
E07000073,1/1/21,7.2
E07000073,2/1/21,7.6
E07000073,3/1/21,7.6
E07000073,4/1/21,7.5
E07000073,5/1/21,6.8
E07000073,6/1/21,6.2
E07000073,7/1/21,6.2
E07000073,8/1/21,6
E07000073,9/1/21,5.6
E07000073,10/1/21,5.5
E07000073,11/1/21,5.3
E07000073,12/1/21,5.1
E07000073,1/1/22,5.1
E07000073,2/1/22,5.1
E07000073,3/1/22,4.9
E07000073,4/1/22,4.5
E07000073,5/1/22,4.4
E07000073,6/1/22,4.2
E07000073,7/1/22,4.1
E07000073,8/1/22,4.2
E07000073,9/1/22,4.2
E07000073,10/1/22,4.1
E07000073,11/1/22,4
E07000073,12/1/22,3.9
E07000073,1/1/23,3.9
E07000073,2/1/23,3.8
E07000073,3/1/23,4
E07000073,4/1/23,4.1
E07000073,5/1/23,4
E07000073,6/1/23,4.1
E07000073,7/1/23,4.1
E07000073,8/1/23,4.3
E07000073,9/1/23,4.2
E07000073,10/1/23,4.3
E07000073,11/1/23,4.4
E07000073,12/1/23,4.5
E07000073,1/1/24,4.4
E07000073,2/1/24,4.5
E07000073,3/1/24,4.5
E07000073,4/1/24,4.5
E07000073,5/1/24,4.5
E07000073,6/1/24,4.5
E07000073,7/1/24,4.8
E07000073,8/1/24,4.8
E07000073,9/1/24,4.7
E07000073,10/1/24,4.6
E07000073,11/1/24,4.4
E07000073,12/1/24,4.4
E07000073,1/1/25,4.4
E07000073,2/1/25,4.5
E07000073,3/1/25,4.5
E07000073,4/1/25,4.4
E07000073,5/1/25,4.4
E07000073,6/1/25,4.4
E07000073,7/1/25,4.2
E07000073,8/1/25,4.3
E07000073,9/1/25,4.3
E07000073,10/1/25,4.3
E07000073,11/1/25,4.4
E07000073,12/1/25,4.2
E07000073,1/1/26,4.3
E07000073,2/1/26,4.6
E07000074,1/1/18,1
E07000074,2/1/18,1
E07000074,3/1/18,1.1
E07000074,4/1/18,1
E07000074,5/1/18,1
E07000074,6/1/18,1
E07000074,7/1/18,0.9
E07000074,8/1/18,0.9
E07000074,9/1/18,0.9
E07000074,10/1/18,0.9
E07000074,11/1/18,0.9
E07000074,12/1/18,0.9
E07000074,1/1/19,0.9
E07000074,2/1/19,1
E07000074,3/1/19,1
E07000074,4/1/19,1.1
E07000074,5/1/19,1.2
E07000074,6/1/19,1.3
E07000074,7/1/19,1.3
E07000074,8/1/19,1.4
E07000074,9/1/19,1.5
E07000074,10/1/19,1.5
E07000074,11/1/19,1.6
E07000074,12/1/19,1.6
E07000074,1/1/20,1.6
E07000074,2/1/20,1.8
E07000074,3/1/20,1.8
E07000074,4/1/20,3.2
E07000074,5/1/20,5.3
E07000074,6/1/20,4.8
E07000074,7/1/20,4.9
E07000074,8/1/20,5.1
E07000074,9/1/20,5
E07000074,10/1/20,4.7
E07000074,11/1/20,4.7
E07000074,12/1/20,4.7
E07000074,1/1/21,4.4
E07000074,2/1/21,4.6
E07000074,3/1/21,4.6
E07000074,4/1/21,4.6
E07000074,5/1/21,4.2
E07000074,6/1/21,3.7
E07000074,7/1/21,3.6
E07000074,8/1/21,3.5
E07000074,9/1/21,3.2
E07000074,10/1/21,3
E07000074,11/1/21,3
E07000074,12/1/21,3
E07000074,1/1/22,2.9
E07000074,2/1/22,2.8
E07000074,3/1/22,2.6
E07000074,4/1/22,2.4
E07000074,5/1/22,2.3
E07000074,6/1/22,2.2
E07000074,7/1/22,2.2
E07000074,8/1/22,2.2
E07000074,9/1/22,2.2
E07000074,10/1/22,2.1
E07000074,11/1/22,2.1
E07000074,12/1/22,2.1
E07000074,1/1/23,2
E07000074,2/1/23,2
E07000074,3/1/23,2.1
E07000074,4/1/23,2.2
E07000074,5/1/23,2.2
E07000074,6/1/23,2.2
E07000074,7/1/23,2.1
E07000074,8/1/23,2.1
E07000074,9/1/23,2.2
E07000074,10/1/23,2.2
E07000074,11/1/23,2.2
E07000074,12/1/23,2.2
E07000074,1/1/24,2.3
E07000074,2/1/24,2.3
E07000074,3/1/24,2.3
E07000074,4/1/24,2.3
E07000074,5/1/24,2.3
E07000074,6/1/24,2.4
E07000074,7/1/24,2.6
E07000074,8/1/24,2.6
E07000074,9/1/24,2.6
E07000074,10/1/24,2.6
E07000074,11/1/24,2.6
E07000074,12/1/24,2.5
E07000074,1/1/25,2.5
E07000074,2/1/25,2.6
E07000074,3/1/25,2.6
E07000074,4/1/25,2.6
E07000074,5/1/25,2.4
E07000074,6/1/25,2.4
E07000074,7/1/25,2.4
E07000074,8/1/25,2.4
E07000074,9/1/25,2.4
E07000074,10/1/25,2.3
E07000074,11/1/25,2.3
E07000074,12/1/25,2.3
E07000074,1/1/26,2.4
E07000074,2/1/26,2.4
E07000075,1/1/18,0.8
E07000075,2/1/18,0.9
E07000075,3/1/18,0.9
E07000075,4/1/18,0.9
E07000075,5/1/18,0.9
E07000075,6/1/18,0.9
E07000075,7/1/18,0.9
E07000075,8/1/18,0.9
E07000075,9/1/18,0.9
E07000075,10/1/18,1
E07000075,11/1/18,1.1
E07000075,12/1/18,1.1
E07000075,1/1/19,1.2
E07000075,2/1/19,1.3
E07000075,3/1/19,1.4
E07000075,4/1/19,1.4
E07000075,5/1/19,1.4
E07000075,6/1/19,1.4
E07000075,7/1/19,1.4
E07000075,8/1/19,1.5
E07000075,9/1/19,1.4
E07000075,10/1/19,1.5
E07000075,11/1/19,1.6
E07000075,12/1/19,1.6
E07000075,1/1/20,1.6
E07000075,2/1/20,1.7
E07000075,3/1/20,1.7
E07000075,4/1/20,3.5
E07000075,5/1/20,5
E07000075,6/1/20,4.7
E07000075,7/1/20,4.7
E07000075,8/1/20,4.8
E07000075,9/1/20,4.7
E07000075,10/1/20,4.5
E07000075,11/1/20,4.6
E07000075,12/1/20,4.6
E07000075,1/1/21,4.2
E07000075,2/1/21,4.6
E07000075,3/1/21,4.6
E07000075,4/1/21,4.4
E07000075,5/1/21,3.9
E07000075,6/1/21,3.5
E07000075,7/1/21,3.4
E07000075,8/1/21,3.3
E07000075,9/1/21,3
E07000075,10/1/21,2.9
E07000075,11/1/21,2.8
E07000075,12/1/21,2.7
E07000075,1/1/22,2.5
E07000075,2/1/22,2.6
E07000075,3/1/22,2.4
E07000075,4/1/22,2.3
E07000075,5/1/22,2.2
E07000075,6/1/22,2.1
E07000075,7/1/22,2.1
E07000075,8/1/22,2.1
E07000075,9/1/22,2
E07000075,10/1/22,2
E07000075,11/1/22,2
E07000075,12/1/22,2
E07000075,1/1/23,2
E07000075,2/1/23,2
E07000075,3/1/23,2
E07000075,4/1/23,2.1
E07000075,5/1/23,2
E07000075,6/1/23,2
E07000075,7/1/23,2
E07000075,8/1/23,2
E07000075,9/1/23,1.9
E07000075,10/1/23,1.9
E07000075,11/1/23,1.9
E07000075,12/1/23,2
E07000075,1/1/24,2
E07000075,2/1/24,2.1
E07000075,3/1/24,2.2
E07000075,4/1/24,2.1
E07000075,5/1/24,2.2
E07000075,6/1/24,2.1
E07000075,7/1/24,2.3
E07000075,8/1/24,2.2
E07000075,9/1/24,2.3
E07000075,10/1/24,2.3
E07000075,11/1/24,2.3
E07000075,12/1/24,2.3
E07000075,1/1/25,2.3
E07000075,2/1/25,2.4
E07000075,3/1/25,2.3
E07000075,4/1/25,2.2
E07000075,5/1/25,2.2
E07000075,6/1/25,2.3
E07000075,7/1/25,2.2
E07000075,8/1/25,2.2
E07000075,9/1/25,2.2
E07000075,10/1/25,2.2
E07000075,11/1/25,2.2
E07000075,12/1/25,2.2
E07000075,1/1/26,2.2
E07000075,2/1/26,2.3
E07000076,1/1/18,2.8
E07000076,2/1/18,2.8
E07000076,3/1/18,2.8
E07000076,4/1/18,2.8
E07000076,5/1/18,2.7
E07000076,6/1/18,2.6
E07000076,7/1/18,2.6
E07000076,8/1/18,2.6
E07000076,9/1/18,2.7
E07000076,10/1/18,2.9
E07000076,11/1/18,3.2
E07000076,12/1/18,3.5
E07000076,1/1/19,3.7
E07000076,2/1/19,3.9
E07000076,3/1/19,4
E07000076,4/1/19,4
E07000076,5/1/19,4
E07000076,6/1/19,4
E07000076,7/1/19,3.9
E07000076,8/1/19,3.9
E07000076,9/1/19,3.9
E07000076,10/1/19,4
E07000076,11/1/19,4.1
E07000076,12/1/19,4.2
E07000076,1/1/20,4.3
E07000076,2/1/20,4.6
E07000076,3/1/20,4.6
E07000076,4/1/20,7.7
E07000076,5/1/20,8.4
E07000076,6/1/20,7.9
E07000076,7/1/20,8.1
E07000076,8/1/20,8.2
E07000076,9/1/20,8
E07000076,10/1/20,7.6
E07000076,11/1/20,7.9
E07000076,12/1/20,8
E07000076,1/1/21,7.6
E07000076,2/1/21,8
E07000076,3/1/21,7.8
E07000076,4/1/21,7.7
E07000076,5/1/21,7
E07000076,6/1/21,6.3
E07000076,7/1/21,6.1
E07000076,8/1/21,5.9
E07000076,9/1/21,5.6
E07000076,10/1/21,5.3
E07000076,11/1/21,5.3
E07000076,12/1/21,5.2
E07000076,1/1/22,5.2
E07000076,2/1/22,5.1
E07000076,3/1/22,4.9
E07000076,4/1/22,4.4
E07000076,5/1/22,4.2
E07000076,6/1/22,4
E07000076,7/1/22,4
E07000076,8/1/22,4
E07000076,9/1/22,3.8
E07000076,10/1/22,3.9
E07000076,11/1/22,4
E07000076,12/1/22,4
E07000076,1/1/23,4
E07000076,2/1/23,4
E07000076,3/1/23,4
E07000076,4/1/23,4.1
E07000076,5/1/23,3.9
E07000076,6/1/23,3.8
E07000076,7/1/23,3.8
E07000076,8/1/23,3.7
E07000076,9/1/23,3.7
E07000076,10/1/23,3.7
E07000076,11/1/23,3.9
E07000076,12/1/23,3.9
E07000076,1/1/24,3.9
E07000076,2/1/24,4
E07000076,3/1/24,3.9
E07000076,4/1/24,3.8
E07000076,5/1/24,3.7
E07000076,6/1/24,3.8
E07000076,7/1/24,4
E07000076,8/1/24,4.2
E07000076,9/1/24,4.1
E07000076,10/1/24,4.1
E07000076,11/1/24,4.1
E07000076,12/1/24,4.1
E07000076,1/1/25,4.2
E07000076,2/1/25,4.4
E07000076,3/1/25,4.4
E07000076,4/1/25,4.2
E07000076,5/1/25,4
E07000076,6/1/25,3.9
E07000076,7/1/25,3.8
E07000076,8/1/25,3.8
E07000076,9/1/25,3.8
E07000076,10/1/25,3.8
E07000076,11/1/25,4
E07000076,12/1/25,4
E07000076,1/1/26,4.2
E07000076,2/1/26,4.3
E07000077,1/1/18,0.5
E07000077,2/1/18,0.6
E07000077,3/1/18,0.6
E07000077,4/1/18,0.7
E07000077,5/1/18,0.7
E07000077,6/1/18,0.7
E07000077,7/1/18,0.7
E07000077,8/1/18,0.8
E07000077,9/1/18,0.8
E07000077,10/1/18,0.8
E07000077,11/1/18,0.8
E07000077,12/1/18,0.8
E07000077,1/1/19,0.9
E07000077,2/1/19,0.9
E07000077,3/1/19,1
E07000077,4/1/19,0.9
E07000077,5/1/19,1
E07000077,6/1/19,1
E07000077,7/1/19,1
E07000077,8/1/19,1
E07000077,9/1/19,1
E07000077,10/1/19,1.1
E07000077,11/1/19,1.1
E07000077,12/1/19,1.2
E07000077,1/1/20,1.1
E07000077,2/1/20,1.2
E07000077,3/1/20,1.2
E07000077,4/1/20,2.4
E07000077,5/1/20,4.1
E07000077,6/1/20,3.8
E07000077,7/1/20,3.9
E07000077,8/1/20,4.1
E07000077,9/1/20,4
E07000077,10/1/20,3.7
E07000077,11/1/20,3.8
E07000077,12/1/20,3.9
E07000077,1/1/21,3.7
E07000077,2/1/21,3.9
E07000077,3/1/21,3.8
E07000077,4/1/21,3.8
E07000077,5/1/21,3.4
E07000077,6/1/21,3.1
E07000077,7/1/21,3.1
E07000077,8/1/21,2.9
E07000077,9/1/21,2.6
E07000077,10/1/21,2.4
E07000077,11/1/21,2.3
E07000077,12/1/21,2.2
E07000077,1/1/22,2.1
E07000077,2/1/22,2
E07000077,3/1/22,1.9
E07000077,4/1/22,1.8
E07000077,5/1/22,1.7
E07000077,6/1/22,1.7
E07000077,7/1/22,1.7
E07000077,8/1/22,1.7
E07000077,9/1/22,1.7
E07000077,10/1/22,1.7
E07000077,11/1/22,1.7
E07000077,12/1/22,1.7
E07000077,1/1/23,1.7
E07000077,2/1/23,1.7
E07000077,3/1/23,1.7
E07000077,4/1/23,1.7
E07000077,5/1/23,1.7
E07000077,6/1/23,1.7
E07000077,7/1/23,1.7
E07000077,8/1/23,1.7
E07000077,9/1/23,1.7
E07000077,10/1/23,1.7
E07000077,11/1/23,1.8
E07000077,12/1/23,1.8
E07000077,1/1/24,1.8
E07000077,2/1/24,1.9
E07000077,3/1/24,2
E07000077,4/1/24,1.9
E07000077,5/1/24,2
E07000077,6/1/24,2
E07000077,7/1/24,2
E07000077,8/1/24,2.1
E07000077,9/1/24,2
E07000077,10/1/24,2
E07000077,11/1/24,2
E07000077,12/1/24,2
E07000077,1/1/25,2
E07000077,2/1/25,2
E07000077,3/1/25,2
E07000077,4/1/25,1.9
E07000077,5/1/25,1.9
E07000077,6/1/25,1.9
E07000077,7/1/25,1.9
E07000077,8/1/25,2
E07000077,9/1/25,1.9
E07000077,10/1/25,1.9
E07000077,11/1/25,1.8
E07000077,12/1/25,1.9
E07000077,1/1/26,1.9
E07000077,2/1/26,2
E07000078,1/1/18,0.9
E07000078,2/1/18,1
E07000078,3/1/18,1.1
E07000078,4/1/18,1.3
E07000078,5/1/18,1.2
E07000078,6/1/18,1.3
E07000078,7/1/18,1.4
E07000078,8/1/18,1.4
E07000078,9/1/18,1.5
E07000078,10/1/18,1.5
E07000078,11/1/18,1.5
E07000078,12/1/18,1.5
E07000078,1/1/19,1.6
E07000078,2/1/19,1.7
E07000078,3/1/19,1.7
E07000078,4/1/19,1.7
E07000078,5/1/19,1.8
E07000078,6/1/19,1.8
E07000078,7/1/19,1.8
E07000078,8/1/19,1.8
E07000078,9/1/19,1.8
E07000078,10/1/19,1.9
E07000078,11/1/19,1.9
E07000078,12/1/19,1.9
E07000078,1/1/20,2.1
E07000078,2/1/20,2.2
E07000078,3/1/20,2.2
E07000078,4/1/20,3.5
E07000078,5/1/20,5
E07000078,6/1/20,4.8
E07000078,7/1/20,5.1
E07000078,8/1/20,5.2
E07000078,9/1/20,5
E07000078,10/1/20,4.8
E07000078,11/1/20,4.9
E07000078,12/1/20,4.8
E07000078,1/1/21,4.7
E07000078,2/1/21,4.9
E07000078,3/1/21,4.9
E07000078,4/1/21,4.8
E07000078,5/1/21,4.3
E07000078,6/1/21,4
E07000078,7/1/21,3.9
E07000078,8/1/21,3.7
E07000078,9/1/21,3.5
E07000078,10/1/21,3.4
E07000078,11/1/21,3.3
E07000078,12/1/21,3.1
E07000078,1/1/22,3
E07000078,2/1/22,3
E07000078,3/1/22,2.8
E07000078,4/1/22,2.6
E07000078,5/1/22,2.5
E07000078,6/1/22,2.4
E07000078,7/1/22,2.3
E07000078,8/1/22,2.3
E07000078,9/1/22,2.4
E07000078,10/1/22,2.3
E07000078,11/1/22,2.2
E07000078,12/1/22,2.3
E07000078,1/1/23,2.3
E07000078,2/1/23,2.3
E07000078,3/1/23,2.4
E07000078,4/1/23,2.5
E07000078,5/1/23,2.4
E07000078,6/1/23,2.4
E07000078,7/1/23,2.5
E07000078,8/1/23,2.5
E07000078,9/1/23,2.5
E07000078,10/1/23,2.5
E07000078,11/1/23,2.6
E07000078,12/1/23,2.6
E07000078,1/1/24,2.6
E07000078,2/1/24,2.7
E07000078,3/1/24,2.7
E07000078,4/1/24,2.6
E07000078,5/1/24,2.6
E07000078,6/1/24,2.6
E07000078,7/1/24,2.9
E07000078,8/1/24,2.9
E07000078,9/1/24,2.9
E07000078,10/1/24,2.8
E07000078,11/1/24,2.7
E07000078,12/1/24,2.7
E07000078,1/1/25,2.7
E07000078,2/1/25,2.9
E07000078,3/1/25,2.9
E07000078,4/1/25,2.8
E07000078,5/1/25,2.7
E07000078,6/1/25,2.7
E07000078,7/1/25,2.8
E07000078,8/1/25,2.8
E07000078,9/1/25,2.8
E07000078,10/1/25,2.7
E07000078,11/1/25,2.7
E07000078,12/1/25,2.6
E07000078,1/1/26,2.6
E07000078,2/1/26,2.8
E07000079,1/1/18,0.6
E07000079,2/1/18,0.7
E07000079,3/1/18,0.8
E07000079,4/1/18,0.9
E07000079,5/1/18,0.9
E07000079,6/1/18,0.9
E07000079,7/1/18,0.9
E07000079,8/1/18,1
E07000079,9/1/18,1
E07000079,10/1/18,1
E07000079,11/1/18,1.1
E07000079,12/1/18,1.1
E07000079,1/1/19,1.2
E07000079,2/1/19,1.3
E07000079,3/1/19,1.3
E07000079,4/1/19,1.3
E07000079,5/1/19,1.3
E07000079,6/1/19,1.2
E07000079,7/1/19,1.2
E07000079,8/1/19,1.2
E07000079,9/1/19,1.3
E07000079,10/1/19,1.3
E07000079,11/1/19,1.4
E07000079,12/1/19,1.3
E07000079,1/1/20,1.4
E07000079,2/1/20,1.4
E07000079,3/1/20,1.4
E07000079,4/1/20,3.1
E07000079,5/1/20,4.3
E07000079,6/1/20,3.9
E07000079,7/1/20,4.1
E07000079,8/1/20,4.2
E07000079,9/1/20,4.1
E07000079,10/1/20,3.6
E07000079,11/1/20,3.6
E07000079,12/1/20,3.5
E07000079,1/1/21,3.3
E07000079,2/1/21,3.6
E07000079,3/1/21,3.6
E07000079,4/1/21,3.5
E07000079,5/1/21,3.2
E07000079,6/1/21,2.8
E07000079,7/1/21,2.8
E07000079,8/1/21,2.7
E07000079,9/1/21,2.4
E07000079,10/1/21,2.4
E07000079,11/1/21,2.3
E07000079,12/1/21,2.3
E07000079,1/1/22,2.2
E07000079,2/1/22,2.2
E07000079,3/1/22,2.1
E07000079,4/1/22,1.8
E07000079,5/1/22,1.8
E07000079,6/1/22,1.7
E07000079,7/1/22,1.7
E07000079,8/1/22,1.7
E07000079,9/1/22,1.8
E07000079,10/1/22,1.6
E07000079,11/1/22,1.7
E07000079,12/1/22,1.6
E07000079,1/1/23,1.7
E07000079,2/1/23,1.7
E07000079,3/1/23,1.8
E07000079,4/1/23,1.8
E07000079,5/1/23,1.7
E07000079,6/1/23,1.7
E07000079,7/1/23,1.6
E07000079,8/1/23,1.7
E07000079,9/1/23,1.6
E07000079,10/1/23,1.7
E07000079,11/1/23,1.8
E07000079,12/1/23,1.8
E07000079,1/1/24,1.8
E07000079,2/1/24,1.9
E07000079,3/1/24,1.9
E07000079,4/1/24,1.9
E07000079,5/1/24,1.8
E07000079,6/1/24,1.8
E07000079,7/1/24,2
E07000079,8/1/24,2
E07000079,9/1/24,1.9
E07000079,10/1/24,1.9
E07000079,11/1/24,1.9
E07000079,12/1/24,1.9
E07000079,1/1/25,1.9
E07000079,2/1/25,2.1
E07000079,3/1/25,2
E07000079,4/1/25,1.9
E07000079,5/1/25,1.8
E07000079,6/1/25,1.9
E07000079,7/1/25,2
E07000079,8/1/25,2
E07000079,9/1/25,2
E07000079,10/1/25,2
E07000079,11/1/25,2
E07000079,12/1/25,1.9
E07000079,1/1/26,2
E07000079,2/1/26,2.1
E07000080,1/1/18,1.2
E07000080,2/1/18,1.4
E07000080,3/1/18,1.5
E07000080,4/1/18,1.7
E07000080,5/1/18,1.6
E07000080,6/1/18,1.7
E07000080,7/1/18,1.7
E07000080,8/1/18,1.8
E07000080,9/1/18,1.8
E07000080,10/1/18,1.9
E07000080,11/1/18,1.9
E07000080,12/1/18,1.9
E07000080,1/1/19,2
E07000080,2/1/19,2.1
E07000080,3/1/19,2.1
E07000080,4/1/19,2.1
E07000080,5/1/19,2.1
E07000080,6/1/19,2.2
E07000080,7/1/19,2.1
E07000080,8/1/19,2.2
E07000080,9/1/19,2.1
E07000080,10/1/19,2.1
E07000080,11/1/19,2.1
E07000080,12/1/19,2.2
E07000080,1/1/20,2.2
E07000080,2/1/20,2.3
E07000080,3/1/20,2.2
E07000080,4/1/20,4.2
E07000080,5/1/20,4.9
E07000080,6/1/20,4.7
E07000080,7/1/20,4.9
E07000080,8/1/20,5
E07000080,9/1/20,4.8
E07000080,10/1/20,4.6
E07000080,11/1/20,4.6
E07000080,12/1/20,4.5
E07000080,1/1/21,4.4
E07000080,2/1/21,4.7
E07000080,3/1/21,4.5
E07000080,4/1/21,4.4
E07000080,5/1/21,3.9
E07000080,6/1/21,3.5
E07000080,7/1/21,3.5
E07000080,8/1/21,3.3
E07000080,9/1/21,3.1
E07000080,10/1/21,3.1
E07000080,11/1/21,2.9
E07000080,12/1/21,2.8
E07000080,1/1/22,2.7
E07000080,2/1/22,2.6
E07000080,3/1/22,2.5
E07000080,4/1/22,2.3
E07000080,5/1/22,2.3
E07000080,6/1/22,2.2
E07000080,7/1/22,2.2
E07000080,8/1/22,2.3
E07000080,9/1/22,2.3
E07000080,10/1/22,2.3
E07000080,11/1/22,2.3
E07000080,12/1/22,2.3
E07000080,1/1/23,2.3
E07000080,2/1/23,2.4
E07000080,3/1/23,2.4
E07000080,4/1/23,2.4
E07000080,5/1/23,2.3
E07000080,6/1/23,2.3
E07000080,7/1/23,2.3
E07000080,8/1/23,2.3
E07000080,9/1/23,2.3
E07000080,10/1/23,2.4
E07000080,11/1/23,2.4
E07000080,12/1/23,2.5
E07000080,1/1/24,2.6
E07000080,2/1/24,2.8
E07000080,3/1/24,2.8
E07000080,4/1/24,2.9
E07000080,5/1/24,2.9
E07000080,6/1/24,3
E07000080,7/1/24,3.2
E07000080,8/1/24,3.1
E07000080,9/1/24,3
E07000080,10/1/24,2.9
E07000080,11/1/24,2.8
E07000080,12/1/24,2.7
E07000080,1/1/25,2.7
E07000080,2/1/25,2.8
E07000080,3/1/25,2.7
E07000080,4/1/25,2.6
E07000080,5/1/25,2.6
E07000080,6/1/25,2.6
E07000080,7/1/25,2.5
E07000080,8/1/25,2.6
E07000080,9/1/25,2.6
E07000080,10/1/25,2.6
E07000080,11/1/25,2.6
E07000080,12/1/25,2.5
E07000080,1/1/26,2.5
E07000080,2/1/26,2.7
E07000081,1/1/18,1.5
E07000081,2/1/18,1.6
E07000081,3/1/18,1.6
E07000081,4/1/18,1.6
E07000081,5/1/18,1.7
E07000081,6/1/18,1.8
E07000081,7/1/18,1.9
E07000081,8/1/18,1.9
E07000081,9/1/18,2
E07000081,10/1/18,2.1
E07000081,11/1/18,2.1
E07000081,12/1/18,2.2
E07000081,1/1/19,2.2
E07000081,2/1/19,2.4
E07000081,3/1/19,2.5
E07000081,4/1/19,2.5
E07000081,5/1/19,2.5
E07000081,6/1/19,2.6
E07000081,7/1/19,2.6
E07000081,8/1/19,2.7
E07000081,9/1/19,2.6
E07000081,10/1/19,2.7
E07000081,11/1/19,2.6
E07000081,12/1/19,2.7
E07000081,1/1/20,2.7
E07000081,2/1/20,2.8
E07000081,3/1/20,2.8
E07000081,4/1/20,4.6
E07000081,5/1/20,5.7
E07000081,6/1/20,5.6
E07000081,7/1/20,5.8
E07000081,8/1/20,6
E07000081,9/1/20,5.9
E07000081,10/1/20,5.7
E07000081,11/1/20,5.7
E07000081,12/1/20,5.6
E07000081,1/1/21,5.5
E07000081,2/1/21,5.6
E07000081,3/1/21,5.7
E07000081,4/1/21,5.6
E07000081,5/1/21,5.2
E07000081,6/1/21,4.9
E07000081,7/1/21,4.8
E07000081,8/1/21,4.6
E07000081,9/1/21,4.3
E07000081,10/1/21,4.1
E07000081,11/1/21,4
E07000081,12/1/21,3.8
E07000081,1/1/22,3.6
E07000081,2/1/22,3.6
E07000081,3/1/22,3.5
E07000081,4/1/22,3.4
E07000081,5/1/22,3.2
E07000081,6/1/22,3.1
E07000081,7/1/22,3
E07000081,8/1/22,3
E07000081,9/1/22,3
E07000081,10/1/22,3
E07000081,11/1/22,3
E07000081,12/1/22,3.1
E07000081,1/1/23,2.9
E07000081,2/1/23,2.9
E07000081,3/1/23,3.1
E07000081,4/1/23,3.2
E07000081,5/1/23,3.1
E07000081,6/1/23,3.1
E07000081,7/1/23,3.2
E07000081,8/1/23,3.2
E07000081,9/1/23,3.2
E07000081,10/1/23,3.2
E07000081,11/1/23,3.3
E07000081,12/1/23,3.3
E07000081,1/1/24,3.3
E07000081,2/1/24,3.4
E07000081,3/1/24,3.4
E07000081,4/1/24,3.4
E07000081,5/1/24,3.4
E07000081,6/1/24,3.4
E07000081,7/1/24,3.6
E07000081,8/1/24,3.6
E07000081,9/1/24,3.7
E07000081,10/1/24,3.6
E07000081,11/1/24,3.5
E07000081,12/1/24,3.5
E07000081,1/1/25,3.5
E07000081,2/1/25,3.6
E07000081,3/1/25,3.6
E07000081,4/1/25,3.5
E07000081,5/1/25,3.5
E07000081,6/1/25,3.5
E07000081,7/1/25,3.5
E07000081,8/1/25,3.4
E07000081,9/1/25,3.5
E07000081,10/1/25,3.5
E07000081,11/1/25,3.4
E07000081,12/1/25,3.5
E07000081,1/1/26,3.4
E07000081,2/1/26,3.6
E07000082,1/1/18,0.8
E07000082,2/1/18,1
E07000082,3/1/18,1
E07000082,4/1/18,1.1
E07000082,5/1/18,1.1
E07000082,6/1/18,1.1
E07000082,7/1/18,1.1
E07000082,8/1/18,1.1
E07000082,9/1/18,1.1
E07000082,10/1/18,1.2
E07000082,11/1/18,1.1
E07000082,12/1/18,1.1
E07000082,1/1/19,1.1
E07000082,2/1/19,1.3
E07000082,3/1/19,1.3
E07000082,4/1/19,1.3
E07000082,5/1/19,1.3
E07000082,6/1/19,1.2
E07000082,7/1/19,1.3
E07000082,8/1/19,1.3
E07000082,9/1/19,1.4
E07000082,10/1/19,1.4
E07000082,11/1/19,1.5
E07000082,12/1/19,1.5
E07000082,1/1/20,1.5
E07000082,2/1/20,1.5
E07000082,3/1/20,1.5
E07000082,4/1/20,2.7
E07000082,5/1/20,4.1
E07000082,6/1/20,4
E07000082,7/1/20,4
E07000082,8/1/20,4.2
E07000082,9/1/20,4.2
E07000082,10/1/20,3.8
E07000082,11/1/20,3.9
E07000082,12/1/20,3.7
E07000082,1/1/21,3.6
E07000082,2/1/21,3.8
E07000082,3/1/21,3.7
E07000082,4/1/21,3.5
E07000082,5/1/21,3.1
E07000082,6/1/21,2.8
E07000082,7/1/21,2.7
E07000082,8/1/21,2.6
E07000082,9/1/21,2.5
E07000082,10/1/21,2.3
E07000082,11/1/21,2.2
E07000082,12/1/21,2.2
E07000082,1/1/22,2
E07000082,2/1/22,2
E07000082,3/1/22,1.9
E07000082,4/1/22,1.7
E07000082,5/1/22,1.6
E07000082,6/1/22,1.6
E07000082,7/1/22,1.6
E07000082,8/1/22,1.5
E07000082,9/1/22,1.5
E07000082,10/1/22,1.5
E07000082,11/1/22,1.5
E07000082,12/1/22,1.6
E07000082,1/1/23,1.6
E07000082,2/1/23,1.6
E07000082,3/1/23,1.5
E07000082,4/1/23,1.7
E07000082,5/1/23,1.6
E07000082,6/1/23,1.6
E07000082,7/1/23,1.6
E07000082,8/1/23,1.6
E07000082,9/1/23,1.7
E07000082,10/1/23,1.7
E07000082,11/1/23,1.8
E07000082,12/1/23,1.8
E07000082,1/1/24,1.8
E07000082,2/1/24,1.9
E07000082,3/1/24,2
E07000082,4/1/24,2
E07000082,5/1/24,1.9
E07000082,6/1/24,1.9
E07000082,7/1/24,2
E07000082,8/1/24,2
E07000082,9/1/24,2
E07000082,10/1/24,2
E07000082,11/1/24,2
E07000082,12/1/24,2
E07000082,1/1/25,2
E07000082,2/1/25,2.1
E07000082,3/1/25,2.1
E07000082,4/1/25,2
E07000082,5/1/25,2
E07000082,6/1/25,2
E07000082,7/1/25,2
E07000082,8/1/25,2
E07000082,9/1/25,2
E07000082,10/1/25,2
E07000082,11/1/25,2
E07000082,12/1/25,2
E07000082,1/1/26,2
E07000082,2/1/26,2.2
E07000083,1/1/18,0.8
E07000083,2/1/18,0.9
E07000083,3/1/18,0.9
E07000083,4/1/18,1
E07000083,5/1/18,1
E07000083,6/1/18,1.1
E07000083,7/1/18,1.2
E07000083,8/1/18,1.2
E07000083,9/1/18,1.3
E07000083,10/1/18,1.3
E07000083,11/1/18,1.4
E07000083,12/1/18,1.4
E07000083,1/1/19,1.3
E07000083,2/1/19,1.4
E07000083,3/1/19,1.5
E07000083,4/1/19,1.5
E07000083,5/1/19,1.5
E07000083,6/1/19,1.5
E07000083,7/1/19,1.6
E07000083,8/1/19,1.6
E07000083,9/1/19,1.6
E07000083,10/1/19,1.6
E07000083,11/1/19,1.6
E07000083,12/1/19,1.7
E07000083,1/1/20,1.7
E07000083,2/1/20,1.8
E07000083,3/1/20,1.8
E07000083,4/1/20,3.5
E07000083,5/1/20,4.4
E07000083,6/1/20,4.1
E07000083,7/1/20,4.2
E07000083,8/1/20,4.3
E07000083,9/1/20,4.1
E07000083,10/1/20,3.9
E07000083,11/1/20,3.9
E07000083,12/1/20,3.9
E07000083,1/1/21,3.7
E07000083,2/1/21,3.9
E07000083,3/1/21,3.9
E07000083,4/1/21,3.7
E07000083,5/1/21,3.4
E07000083,6/1/21,3.1
E07000083,7/1/21,3
E07000083,8/1/21,2.9
E07000083,9/1/21,2.8
E07000083,10/1/21,2.6
E07000083,11/1/21,2.4
E07000083,12/1/21,2.3
E07000083,1/1/22,2.3
E07000083,2/1/22,2.3
E07000083,3/1/22,2.2
E07000083,4/1/22,2
E07000083,5/1/22,2
E07000083,6/1/22,1.9
E07000083,7/1/22,1.8
E07000083,8/1/22,1.8
E07000083,9/1/22,1.8
E07000083,10/1/22,1.8
E07000083,11/1/22,1.9
E07000083,12/1/22,1.9
E07000083,1/1/23,1.8
E07000083,2/1/23,1.9
E07000083,3/1/23,1.9
E07000083,4/1/23,2
E07000083,5/1/23,1.9
E07000083,6/1/23,1.9
E07000083,7/1/23,2
E07000083,8/1/23,2
E07000083,9/1/23,2
E07000083,10/1/23,2
E07000083,11/1/23,2.1
E07000083,12/1/23,2.1
E07000083,1/1/24,2.1
E07000083,2/1/24,2.2
E07000083,3/1/24,2.2
E07000083,4/1/24,2.1
E07000083,5/1/24,2.1
E07000083,6/1/24,2.1
E07000083,7/1/24,2.3
E07000083,8/1/24,2.3
E07000083,9/1/24,2.3
E07000083,10/1/24,2.2
E07000083,11/1/24,2.2
E07000083,12/1/24,2.2
E07000083,1/1/25,2.2
E07000083,2/1/25,2.3
E07000083,3/1/25,2.2
E07000083,4/1/25,2.2
E07000083,5/1/25,2.2
E07000083,6/1/25,2.2
E07000083,7/1/25,2.2
E07000083,8/1/25,2.2
E07000083,9/1/25,2.3
E07000083,10/1/25,2.3
E07000083,11/1/25,2.3
E07000083,12/1/25,2.3
E07000083,1/1/26,2.3
E07000083,2/1/26,2.4
E07000084,1/1/18,0.9
E07000084,2/1/18,1
E07000084,3/1/18,1
E07000084,4/1/18,0.9
E07000084,5/1/18,0.9
E07000084,6/1/18,0.9
E07000084,7/1/18,0.9
E07000084,8/1/18,1
E07000084,9/1/18,1
E07000084,10/1/18,1.1
E07000084,11/1/18,1.2
E07000084,12/1/18,1.2
E07000084,1/1/19,1.2
E07000084,2/1/19,1.3
E07000084,3/1/19,1.4
E07000084,4/1/19,1.4
E07000084,5/1/19,1.4
E07000084,6/1/19,1.5
E07000084,7/1/19,1.5
E07000084,8/1/19,1.6
E07000084,9/1/19,1.6
E07000084,10/1/19,1.5
E07000084,11/1/19,1.6
E07000084,12/1/19,1.6
E07000084,1/1/20,1.6
E07000084,2/1/20,1.6
E07000084,3/1/20,1.7
E07000084,4/1/20,2.8
E07000084,5/1/20,4.1
E07000084,6/1/20,3.9
E07000084,7/1/20,4
E07000084,8/1/20,4.1
E07000084,9/1/20,4.1
E07000084,10/1/20,4
E07000084,11/1/20,4
E07000084,12/1/20,4
E07000084,1/1/21,3.9
E07000084,2/1/21,4.1
E07000084,3/1/21,4.1
E07000084,4/1/21,4.1
E07000084,5/1/21,3.7
E07000084,6/1/21,3.4
E07000084,7/1/21,3.4
E07000084,8/1/21,3.2
E07000084,9/1/21,3
E07000084,10/1/21,2.9
E07000084,11/1/21,2.8
E07000084,12/1/21,2.7
E07000084,1/1/22,2.7
E07000084,2/1/22,2.6
E07000084,3/1/22,2.6
E07000084,4/1/22,2.5
E07000084,5/1/22,2.4
E07000084,6/1/22,2.4
E07000084,7/1/22,2.4
E07000084,8/1/22,2.4
E07000084,9/1/22,2.4
E07000084,10/1/22,2.4
E07000084,11/1/22,2.4
E07000084,12/1/22,2.4
E07000084,1/1/23,2.4
E07000084,2/1/23,2.4
E07000084,3/1/23,2.5
E07000084,4/1/23,2.5
E07000084,5/1/23,2.5
E07000084,6/1/23,2.5
E07000084,7/1/23,2.5
E07000084,8/1/23,2.5
E07000084,9/1/23,2.5
E07000084,10/1/23,2.5
E07000084,11/1/23,2.4
E07000084,12/1/23,2.4
E07000084,1/1/24,2.4
E07000084,2/1/24,2.5
E07000084,3/1/24,2.4
E07000084,4/1/24,2.4
E07000084,5/1/24,2.3
E07000084,6/1/24,2.4
E07000084,7/1/24,2.6
E07000084,8/1/24,2.5
E07000084,9/1/24,2.6
E07000084,10/1/24,2.6
E07000084,11/1/24,2.5
E07000084,12/1/24,2.5
E07000084,1/1/25,2.5
E07000084,2/1/25,2.6
E07000084,3/1/25,2.7
E07000084,4/1/25,2.6
E07000084,5/1/25,2.6
E07000084,6/1/25,2.6
E07000084,7/1/25,2.6
E07000084,8/1/25,2.6
E07000084,9/1/25,2.6
E07000084,10/1/25,2.6
E07000084,11/1/25,2.5
E07000084,12/1/25,2.6
E07000084,1/1/26,2.6
E07000084,2/1/26,2.7
E07000085,1/1/18,0.6
E07000085,2/1/18,0.6
E07000085,3/1/18,0.6
E07000085,4/1/18,0.6
E07000085,5/1/18,0.6
E07000085,6/1/18,0.6
E07000085,7/1/18,0.6
E07000085,8/1/18,0.6
E07000085,9/1/18,0.6
E07000085,10/1/18,0.6
E07000085,11/1/18,0.6
E07000085,12/1/18,0.6
E07000085,1/1/19,0.7
E07000085,2/1/19,0.8
E07000085,3/1/19,0.8
E07000085,4/1/19,0.9
E07000085,5/1/19,0.9
E07000085,6/1/19,0.9
E07000085,7/1/19,0.9
E07000085,8/1/19,1
E07000085,9/1/19,1
E07000085,10/1/19,1.1
E07000085,11/1/19,1.1
E07000085,12/1/19,1.1
E07000085,1/1/20,1.1
E07000085,2/1/20,1.2
E07000085,3/1/20,1.2
E07000085,4/1/20,3
E07000085,5/1/20,4
E07000085,6/1/20,3.7
E07000085,7/1/20,3.7
E07000085,8/1/20,4
E07000085,9/1/20,3.9
E07000085,10/1/20,3.6
E07000085,11/1/20,3.7
E07000085,12/1/20,3.6
E07000085,1/1/21,3.4
E07000085,2/1/21,3.7
E07000085,3/1/21,3.7
E07000085,4/1/21,3.6
E07000085,5/1/21,3.3
E07000085,6/1/21,2.8
E07000085,7/1/21,2.8
E07000085,8/1/21,2.6
E07000085,9/1/21,2.5
E07000085,10/1/21,2.4
E07000085,11/1/21,2.2
E07000085,12/1/21,2.2
E07000085,1/1/22,2.1
E07000085,2/1/22,2.1
E07000085,3/1/22,2.1
E07000085,4/1/22,2
E07000085,5/1/22,1.9
E07000085,6/1/22,1.8
E07000085,7/1/22,1.8
E07000085,8/1/22,1.9
E07000085,9/1/22,1.9
E07000085,10/1/22,1.9
E07000085,11/1/22,1.8
E07000085,12/1/22,1.9
E07000085,1/1/23,1.9
E07000085,2/1/23,1.9
E07000085,3/1/23,1.9
E07000085,4/1/23,1.9
E07000085,5/1/23,1.9
E07000085,6/1/23,1.9
E07000085,7/1/23,1.9
E07000085,8/1/23,1.9
E07000085,9/1/23,1.9
E07000085,10/1/23,1.9
E07000085,11/1/23,1.9
E07000085,12/1/23,2
E07000085,1/1/24,2
E07000085,2/1/24,2
E07000085,3/1/24,2.1
E07000085,4/1/24,2
E07000085,5/1/24,2.1
E07000085,6/1/24,2
E07000085,7/1/24,2.2
E07000085,8/1/24,2.2
E07000085,9/1/24,2.2
E07000085,10/1/24,2.2
E07000085,11/1/24,2.1
E07000085,12/1/24,2.1
E07000085,1/1/25,2.2
E07000085,2/1/25,2.1
E07000085,3/1/25,2.1
E07000085,4/1/25,2
E07000085,5/1/25,2
E07000085,6/1/25,2
E07000085,7/1/25,2
E07000085,8/1/25,2
E07000085,9/1/25,2
E07000085,10/1/25,2
E07000085,11/1/25,2
E07000085,12/1/25,2
E07000085,1/1/26,2
E07000085,2/1/26,2.1
E07000086,1/1/18,1
E07000086,2/1/18,1.1
E07000086,3/1/18,1.1
E07000086,4/1/18,1.3
E07000086,5/1/18,1.2
E07000086,6/1/18,1.1
E07000086,7/1/18,1.1
E07000086,8/1/18,1.2
E07000086,9/1/18,1.2
E07000086,10/1/18,1.2
E07000086,11/1/18,1.3
E07000086,12/1/18,1.2
E07000086,1/1/19,1.2
E07000086,2/1/19,1.3
E07000086,3/1/19,1.3
E07000086,4/1/19,1.3
E07000086,5/1/19,1.3
E07000086,6/1/19,1.3
E07000086,7/1/19,1.3
E07000086,8/1/19,1.4
E07000086,9/1/19,1.4
E07000086,10/1/19,1.4
E07000086,11/1/19,1.4
E07000086,12/1/19,1.4
E07000086,1/1/20,1.4
E07000086,2/1/20,1.5
E07000086,3/1/20,1.5
E07000086,4/1/20,3.1
E07000086,5/1/20,4.2
E07000086,6/1/20,3.8
E07000086,7/1/20,3.9
E07000086,8/1/20,4
E07000086,9/1/20,3.9
E07000086,10/1/20,3.8
E07000086,11/1/20,3.9
E07000086,12/1/20,3.7
E07000086,1/1/21,3.6
E07000086,2/1/21,3.8
E07000086,3/1/21,3.8
E07000086,4/1/21,3.6
E07000086,5/1/21,3.2
E07000086,6/1/21,2.9
E07000086,7/1/21,2.9
E07000086,8/1/21,2.8
E07000086,9/1/21,2.6
E07000086,10/1/21,2.5
E07000086,11/1/21,2.4
E07000086,12/1/21,2.4
E07000086,1/1/22,2.2
E07000086,2/1/22,2.2
E07000086,3/1/22,2.1
E07000086,4/1/22,2.1
E07000086,5/1/22,2
E07000086,6/1/22,2
E07000086,7/1/22,1.9
E07000086,8/1/22,1.9
E07000086,9/1/22,1.9
E07000086,10/1/22,1.9
E07000086,11/1/22,1.9
E07000086,12/1/22,1.9
E07000086,1/1/23,1.9
E07000086,2/1/23,1.9
E07000086,3/1/23,1.9
E07000086,4/1/23,1.9
E07000086,5/1/23,1.8
E07000086,6/1/23,1.8
E07000086,7/1/23,1.8
E07000086,8/1/23,1.8
E07000086,9/1/23,1.8
E07000086,10/1/23,1.9
E07000086,11/1/23,1.9
E07000086,12/1/23,2
E07000086,1/1/24,2
E07000086,2/1/24,2
E07000086,3/1/24,2
E07000086,4/1/24,2
E07000086,5/1/24,2
E07000086,6/1/24,2
E07000086,7/1/24,2.3
E07000086,8/1/24,2.3
E07000086,9/1/24,2.3
E07000086,10/1/24,2.3
E07000086,11/1/24,2.2
E07000086,12/1/24,2.1
E07000086,1/1/25,2.1
E07000086,2/1/25,2.2
E07000086,3/1/25,2.2
E07000086,4/1/25,2.1
E07000086,5/1/25,2.1
E07000086,6/1/25,2.1
E07000086,7/1/25,2.2
E07000086,8/1/25,2.1
E07000086,9/1/25,2.2
E07000086,10/1/25,2.2
E07000086,11/1/25,2.2
E07000086,12/1/25,2.2
E07000086,1/1/26,2.2
E07000086,2/1/26,2.4
E07000087,1/1/18,0.8
E07000087,2/1/18,0.8
E07000087,3/1/18,0.8
E07000087,4/1/18,0.8
E07000087,5/1/18,0.8
E07000087,6/1/18,0.8
E07000087,7/1/18,0.8
E07000087,8/1/18,0.7
E07000087,9/1/18,0.7
E07000087,10/1/18,0.7
E07000087,11/1/18,0.7
E07000087,12/1/18,0.7
E07000087,1/1/19,0.8
E07000087,2/1/19,0.8
E07000087,3/1/19,0.9
E07000087,4/1/19,0.9
E07000087,5/1/19,0.9
E07000087,6/1/19,0.9
E07000087,7/1/19,0.9
E07000087,8/1/19,1
E07000087,9/1/19,1.1
E07000087,10/1/19,1.1
E07000087,11/1/19,1.1
E07000087,12/1/19,1.1
E07000087,1/1/20,1.2
E07000087,2/1/20,1.2
E07000087,3/1/20,1.2
E07000087,4/1/20,2.8
E07000087,5/1/20,3.9
E07000087,6/1/20,3.6
E07000087,7/1/20,3.7
E07000087,8/1/20,3.9
E07000087,9/1/20,3.8
E07000087,10/1/20,3.6
E07000087,11/1/20,3.6
E07000087,12/1/20,3.6
E07000087,1/1/21,3.6
E07000087,2/1/21,3.7
E07000087,3/1/21,3.6
E07000087,4/1/21,3.4
E07000087,5/1/21,3
E07000087,6/1/21,2.8
E07000087,7/1/21,2.7
E07000087,8/1/21,2.5
E07000087,9/1/21,2.4
E07000087,10/1/21,2.3
E07000087,11/1/21,2.2
E07000087,12/1/21,2.1
E07000087,1/1/22,2.1
E07000087,2/1/22,2.1
E07000087,3/1/22,2
E07000087,4/1/22,1.9
E07000087,5/1/22,1.8
E07000087,6/1/22,1.9
E07000087,7/1/22,1.9
E07000087,8/1/22,1.9
E07000087,9/1/22,1.8
E07000087,10/1/22,1.8
E07000087,11/1/22,1.8
E07000087,12/1/22,1.7
E07000087,1/1/23,1.7
E07000087,2/1/23,1.7
E07000087,3/1/23,1.8
E07000087,4/1/23,1.7
E07000087,5/1/23,1.7
E07000087,6/1/23,1.7
E07000087,7/1/23,1.7
E07000087,8/1/23,1.8
E07000087,9/1/23,1.7
E07000087,10/1/23,1.7
E07000087,11/1/23,1.7
E07000087,12/1/23,1.6
E07000087,1/1/24,1.6
E07000087,2/1/24,1.8
E07000087,3/1/24,1.8
E07000087,4/1/24,1.7
E07000087,5/1/24,1.8
E07000087,6/1/24,1.7
E07000087,7/1/24,1.9
E07000087,8/1/24,2
E07000087,9/1/24,2
E07000087,10/1/24,1.9
E07000087,11/1/24,1.8
E07000087,12/1/24,1.8
E07000087,1/1/25,1.8
E07000087,2/1/25,1.9
E07000087,3/1/25,1.9
E07000087,4/1/25,1.9
E07000087,5/1/25,1.9
E07000087,6/1/25,1.9
E07000087,7/1/25,1.9
E07000087,8/1/25,2
E07000087,9/1/25,2
E07000087,10/1/25,2
E07000087,11/1/25,2
E07000087,12/1/25,2
E07000087,1/1/26,2
E07000087,2/1/26,2.1
E07000088,1/1/18,1.5
E07000088,2/1/18,1.5
E07000088,3/1/18,1.6
E07000088,4/1/18,1.6
E07000088,5/1/18,1.5
E07000088,6/1/18,1.5
E07000088,7/1/18,1.4
E07000088,8/1/18,1.4
E07000088,9/1/18,1.4
E07000088,10/1/18,1.4
E07000088,11/1/18,1.4
E07000088,12/1/18,1.3
E07000088,1/1/19,1.5
E07000088,2/1/19,1.6
E07000088,3/1/19,1.8
E07000088,4/1/19,1.8
E07000088,5/1/19,1.8
E07000088,6/1/19,2
E07000088,7/1/19,2
E07000088,8/1/19,2
E07000088,9/1/19,2
E07000088,10/1/19,2.2
E07000088,11/1/19,2.3
E07000088,12/1/19,2.3
E07000088,1/1/20,2.3
E07000088,2/1/20,2.4
E07000088,3/1/20,2.5
E07000088,4/1/20,4.9
E07000088,5/1/20,5.8
E07000088,6/1/20,5.4
E07000088,7/1/20,5.6
E07000088,8/1/20,5.7
E07000088,9/1/20,5.6
E07000088,10/1/20,5.5
E07000088,11/1/20,5.6
E07000088,12/1/20,5.5
E07000088,1/1/21,5.5
E07000088,2/1/21,5.9
E07000088,3/1/21,5.9
E07000088,4/1/21,5.7
E07000088,5/1/21,5.3
E07000088,6/1/21,4.9
E07000088,7/1/21,4.8
E07000088,8/1/21,4.7
E07000088,9/1/21,4.3
E07000088,10/1/21,4.2
E07000088,11/1/21,4.1
E07000088,12/1/21,4
E07000088,1/1/22,4
E07000088,2/1/22,4
E07000088,3/1/22,3.9
E07000088,4/1/22,3.7
E07000088,5/1/22,3.6
E07000088,6/1/22,3.6
E07000088,7/1/22,3.5
E07000088,8/1/22,3.5
E07000088,9/1/22,3.3
E07000088,10/1/22,3.3
E07000088,11/1/22,3.3
E07000088,12/1/22,3.3
E07000088,1/1/23,3.3
E07000088,2/1/23,3.4
E07000088,3/1/23,3.5
E07000088,4/1/23,3.6
E07000088,5/1/23,3.3
E07000088,6/1/23,3.2
E07000088,7/1/23,3.3
E07000088,8/1/23,3.2
E07000088,9/1/23,3.2
E07000088,10/1/23,3.3
E07000088,11/1/23,3.4
E07000088,12/1/23,3.2
E07000088,1/1/24,3.2
E07000088,2/1/24,3.4
E07000088,3/1/24,3.4
E07000088,4/1/24,3.4
E07000088,5/1/24,3.4
E07000088,6/1/24,3.3
E07000088,7/1/24,3.5
E07000088,8/1/24,3.4
E07000088,9/1/24,3.5
E07000088,10/1/24,3.3
E07000088,11/1/24,3.3
E07000088,12/1/24,3.3
E07000088,1/1/25,3.4
E07000088,2/1/25,3.6
E07000088,3/1/25,3.6
E07000088,4/1/25,3.6
E07000088,5/1/25,3.5
E07000088,6/1/25,3.5
E07000088,7/1/25,3.4
E07000088,8/1/25,3.5
E07000088,9/1/25,3.4
E07000088,10/1/25,3.4
E07000088,11/1/25,3.4
E07000088,12/1/25,3.5
E07000088,1/1/26,3.6
E07000088,2/1/26,3.8
E07000089,1/1/18,0.5
E07000089,2/1/18,0.5
E07000089,3/1/18,0.5
E07000089,4/1/18,0.5
E07000089,5/1/18,0.5
E07000089,6/1/18,0.4
E07000089,7/1/18,0.4
E07000089,8/1/18,0.4
E07000089,9/1/18,0.4
E07000089,10/1/18,0.4
E07000089,11/1/18,0.4
E07000089,12/1/18,0.4
E07000089,1/1/19,0.5
E07000089,2/1/19,0.5
E07000089,3/1/19,0.5
E07000089,4/1/19,0.6
E07000089,5/1/19,0.6
E07000089,6/1/19,0.6
E07000089,7/1/19,0.6
E07000089,8/1/19,0.6
E07000089,9/1/19,0.6
E07000089,10/1/19,0.7
E07000089,11/1/19,0.8
E07000089,12/1/19,0.8
E07000089,1/1/20,0.8
E07000089,2/1/20,0.9
E07000089,3/1/20,0.9
E07000089,4/1/20,1.9
E07000089,5/1/20,3.2
E07000089,6/1/20,3
E07000089,7/1/20,3.1
E07000089,8/1/20,3.2
E07000089,9/1/20,3.2
E07000089,10/1/20,3
E07000089,11/1/20,3.2
E07000089,12/1/20,3
E07000089,1/1/21,3
E07000089,2/1/21,3.2
E07000089,3/1/21,3.2
E07000089,4/1/21,3
E07000089,5/1/21,2.7
E07000089,6/1/21,2.4
E07000089,7/1/21,2.4
E07000089,8/1/21,2.2
E07000089,9/1/21,2
E07000089,10/1/21,1.9
E07000089,11/1/21,1.8
E07000089,12/1/21,1.7
E07000089,1/1/22,1.7
E07000089,2/1/22,1.7
E07000089,3/1/22,1.7
E07000089,4/1/22,1.5
E07000089,5/1/22,1.4
E07000089,6/1/22,1.5
E07000089,7/1/22,1.5
E07000089,8/1/22,1.5
E07000089,9/1/22,1.5
E07000089,10/1/22,1.5
E07000089,11/1/22,1.5
E07000089,12/1/22,1.5
E07000089,1/1/23,1.5
E07000089,2/1/23,1.5
E07000089,3/1/23,1.4
E07000089,4/1/23,1.4
E07000089,5/1/23,1.3
E07000089,6/1/23,1.4
E07000089,7/1/23,1.3
E07000089,8/1/23,1.3
E07000089,9/1/23,1.3
E07000089,10/1/23,1.3
E07000089,11/1/23,1.4
E07000089,12/1/23,1.4
E07000089,1/1/24,1.4
E07000089,2/1/24,1.5
E07000089,3/1/24,1.5
E07000089,4/1/24,1.5
E07000089,5/1/24,1.4
E07000089,6/1/24,1.5
E07000089,7/1/24,1.7
E07000089,8/1/24,1.7
E07000089,9/1/24,1.7
E07000089,10/1/24,1.7
E07000089,11/1/24,1.6
E07000089,12/1/24,1.6
E07000089,1/1/25,1.6
E07000089,2/1/25,1.6
E07000089,3/1/25,1.7
E07000089,4/1/25,1.6
E07000089,5/1/25,1.7
E07000089,6/1/25,1.6
E07000089,7/1/25,1.6
E07000089,8/1/25,1.6
E07000089,9/1/25,1.6
E07000089,10/1/25,1.7
E07000089,11/1/25,1.6
E07000089,12/1/25,1.7
E07000089,1/1/26,1.7
E07000089,2/1/26,1.8
E07000090,1/1/18,1.6
E07000090,2/1/18,1.6
E07000090,3/1/18,1.7
E07000090,4/1/18,1.6
E07000090,5/1/18,1.6
E07000090,6/1/18,1.5
E07000090,7/1/18,1.5
E07000090,8/1/18,1.5
E07000090,9/1/18,1.5
E07000090,10/1/18,1.5
E07000090,11/1/18,1.5
E07000090,12/1/18,1.6
E07000090,1/1/19,1.7
E07000090,2/1/19,1.8
E07000090,3/1/19,2
E07000090,4/1/19,2
E07000090,5/1/19,2
E07000090,6/1/19,2.1
E07000090,7/1/19,2.2
E07000090,8/1/19,2.3
E07000090,9/1/19,2.3
E07000090,10/1/19,2.3
E07000090,11/1/19,2.4
E07000090,12/1/19,2.5
E07000090,1/1/20,2.5
E07000090,2/1/20,2.7
E07000090,3/1/20,2.7
E07000090,4/1/20,5.5
E07000090,5/1/20,6.7
E07000090,6/1/20,6.1
E07000090,7/1/20,6.3
E07000090,8/1/20,6.4
E07000090,9/1/20,6.2
E07000090,10/1/20,6
E07000090,11/1/20,6.2
E07000090,12/1/20,6.1
E07000090,1/1/21,6
E07000090,2/1/21,6.3
E07000090,3/1/21,6.3
E07000090,4/1/21,6.1
E07000090,5/1/21,5.6
E07000090,6/1/21,5.2
E07000090,7/1/21,5
E07000090,8/1/21,4.8
E07000090,9/1/21,4.5
E07000090,10/1/21,4.3
E07000090,11/1/21,4.2
E07000090,12/1/21,4.1
E07000090,1/1/22,4
E07000090,2/1/22,4
E07000090,3/1/22,3.9
E07000090,4/1/22,3.8
E07000090,5/1/22,3.6
E07000090,6/1/22,3.6
E07000090,7/1/22,3.5
E07000090,8/1/22,3.5
E07000090,9/1/22,3.4
E07000090,10/1/22,3.3
E07000090,11/1/22,3.4
E07000090,12/1/22,3.4
E07000090,1/1/23,3.4
E07000090,2/1/23,3.4
E07000090,3/1/23,3.4
E07000090,4/1/23,3.5
E07000090,5/1/23,3.4
E07000090,6/1/23,3.3
E07000090,7/1/23,3.4
E07000090,8/1/23,3.4
E07000090,9/1/23,3.4
E07000090,10/1/23,3.4
E07000090,11/1/23,3.3
E07000090,12/1/23,3.4
E07000090,1/1/24,3.4
E07000090,2/1/24,3.6
E07000090,3/1/24,3.6
E07000090,4/1/24,3.6
E07000090,5/1/24,3.5
E07000090,6/1/24,3.5
E07000090,7/1/24,3.8
E07000090,8/1/24,3.8
E07000090,9/1/24,3.7
E07000090,10/1/24,3.6
E07000090,11/1/24,3.6
E07000090,12/1/24,3.6
E07000090,1/1/25,3.7
E07000090,2/1/25,3.8
E07000090,3/1/25,3.7
E07000090,4/1/25,3.6
E07000090,5/1/25,3.6
E07000090,6/1/25,3.6
E07000090,7/1/25,3.5
E07000090,8/1/25,3.5
E07000090,9/1/25,3.5
E07000090,10/1/25,3.4
E07000090,11/1/25,3.5
E07000090,12/1/25,3.4
E07000090,1/1/26,3.4
E07000090,2/1/26,3.5
E07000091,1/1/18,0.8
E07000091,2/1/18,0.9
E07000091,3/1/18,0.9
E07000091,4/1/18,0.9
E07000091,5/1/18,0.8
E07000091,6/1/18,0.8
E07000091,7/1/18,0.8
E07000091,8/1/18,0.8
E07000091,9/1/18,0.9
E07000091,10/1/18,0.9
E07000091,11/1/18,1
E07000091,12/1/18,1.1
E07000091,1/1/19,1.1
E07000091,2/1/19,1.2
E07000091,3/1/19,1.2
E07000091,4/1/19,1.2
E07000091,5/1/19,1.2
E07000091,6/1/19,1.3
E07000091,7/1/19,1.3
E07000091,8/1/19,1.3
E07000091,9/1/19,1.4
E07000091,10/1/19,1.4
E07000091,11/1/19,1.4
E07000091,12/1/19,1.5
E07000091,1/1/20,1.5
E07000091,2/1/20,1.5
E07000091,3/1/20,1.6
E07000091,4/1/20,3.2
E07000091,5/1/20,4.6
E07000091,6/1/20,4.2
E07000091,7/1/20,4.3
E07000091,8/1/20,4.4
E07000091,9/1/20,4.2
E07000091,10/1/20,4
E07000091,11/1/20,4
E07000091,12/1/20,4
E07000091,1/1/21,3.9
E07000091,2/1/21,4.1
E07000091,3/1/21,4.1
E07000091,4/1/21,4
E07000091,5/1/21,3.7
E07000091,6/1/21,3.2
E07000091,7/1/21,3
E07000091,8/1/21,2.9
E07000091,9/1/21,2.7
E07000091,10/1/21,2.6
E07000091,11/1/21,2.5
E07000091,12/1/21,2.4
E07000091,1/1/22,2.4
E07000091,2/1/22,2.4
E07000091,3/1/22,2.3
E07000091,4/1/22,2.1
E07000091,5/1/22,2
E07000091,6/1/22,2
E07000091,7/1/22,2
E07000091,8/1/22,2
E07000091,9/1/22,2
E07000091,10/1/22,1.9
E07000091,11/1/22,2
E07000091,12/1/22,2
E07000091,1/1/23,2.1
E07000091,2/1/23,2
E07000091,3/1/23,2
E07000091,4/1/23,2
E07000091,5/1/23,1.8
E07000091,6/1/23,1.9
E07000091,7/1/23,1.9
E07000091,8/1/23,1.9
E07000091,9/1/23,1.9
E07000091,10/1/23,2
E07000091,11/1/23,2
E07000091,12/1/23,2.1
E07000091,1/1/24,2.1
E07000091,2/1/24,2.2
E07000091,3/1/24,2.2
E07000091,4/1/24,2.1
E07000091,5/1/24,2.2
E07000091,6/1/24,2.1
E07000091,7/1/24,2.3
E07000091,8/1/24,2.3
E07000091,9/1/24,2.3
E07000091,10/1/24,2.3
E07000091,11/1/24,2.3
E07000091,12/1/24,2.3
E07000091,1/1/25,2.3
E07000091,2/1/25,2.4
E07000091,3/1/25,2.3
E07000091,4/1/25,2.3
E07000091,5/1/25,2.2
E07000091,6/1/25,2.2
E07000091,7/1/25,2.2
E07000091,8/1/25,2.3
E07000091,9/1/25,2.3
E07000091,10/1/25,2.3
E07000091,11/1/25,2.4
E07000091,12/1/25,2.4
E07000091,1/1/26,2.4
E07000091,2/1/26,2.5
E07000092,1/1/18,0.8
E07000092,2/1/18,0.9
E07000092,3/1/18,0.8
E07000092,4/1/18,0.8
E07000092,5/1/18,0.8
E07000092,6/1/18,0.8
E07000092,7/1/18,0.8
E07000092,8/1/18,0.8
E07000092,9/1/18,0.8
E07000092,10/1/18,0.8
E07000092,11/1/18,0.8
E07000092,12/1/18,0.8
E07000092,1/1/19,0.9
E07000092,2/1/19,1
E07000092,3/1/19,1.1
E07000092,4/1/19,1.2
E07000092,5/1/19,1.2
E07000092,6/1/19,1.3
E07000092,7/1/19,1.3
E07000092,8/1/19,1.3
E07000092,9/1/19,1.5
E07000092,10/1/19,1.5
E07000092,11/1/19,1.5
E07000092,12/1/19,1.5
E07000092,1/1/20,1.5
E07000092,2/1/20,1.6
E07000092,3/1/20,1.6
E07000092,4/1/20,2.9
E07000092,5/1/20,4.5
E07000092,6/1/20,4.3
E07000092,7/1/20,4.5
E07000092,8/1/20,4.6
E07000092,9/1/20,4.6
E07000092,10/1/20,4.5
E07000092,11/1/20,4.5
E07000092,12/1/20,4.5
E07000092,1/1/21,4.4
E07000092,2/1/21,4.6
E07000092,3/1/21,4.7
E07000092,4/1/21,4.7
E07000092,5/1/21,4.4
E07000092,6/1/21,4
E07000092,7/1/21,4
E07000092,8/1/21,3.9
E07000092,9/1/21,3.7
E07000092,10/1/21,3.6
E07000092,11/1/21,3.4
E07000092,12/1/21,3.2
E07000092,1/1/22,3.2
E07000092,2/1/22,3.1
E07000092,3/1/22,3
E07000092,4/1/22,2.7
E07000092,5/1/22,2.6
E07000092,6/1/22,2.6
E07000092,7/1/22,2.6
E07000092,8/1/22,2.6
E07000092,9/1/22,2.6
E07000092,10/1/22,2.6
E07000092,11/1/22,2.7
E07000092,12/1/22,2.7
E07000092,1/1/23,2.6
E07000092,2/1/23,2.6
E07000092,3/1/23,2.6
E07000092,4/1/23,2.6
E07000092,5/1/23,2.5
E07000092,6/1/23,2.6
E07000092,7/1/23,2.5
E07000092,8/1/23,2.5
E07000092,9/1/23,2.5
E07000092,10/1/23,2.6
E07000092,11/1/23,2.6
E07000092,12/1/23,2.7
E07000092,1/1/24,2.7
E07000092,2/1/24,2.8
E07000092,3/1/24,2.8
E07000092,4/1/24,2.8
E07000092,5/1/24,2.8
E07000092,6/1/24,2.9
E07000092,7/1/24,3
E07000092,8/1/24,3.1
E07000092,9/1/24,3
E07000092,10/1/24,3
E07000092,11/1/24,2.9
E07000092,12/1/24,2.9
E07000092,1/1/25,2.9
E07000092,2/1/25,3
E07000092,3/1/25,2.9
E07000092,4/1/25,2.8
E07000092,5/1/25,2.8
E07000092,6/1/25,2.8
E07000092,7/1/25,2.8
E07000092,8/1/25,2.9
E07000092,9/1/25,2.9
E07000092,10/1/25,2.9
E07000092,11/1/25,2.9
E07000092,12/1/25,2.9
E07000092,1/1/26,3
E07000092,2/1/26,3.1
E07000093,1/1/18,0.7
E07000093,2/1/18,0.7
E07000093,3/1/18,0.7
E07000093,4/1/18,0.7
E07000093,5/1/18,0.7
E07000093,6/1/18,0.7
E07000093,7/1/18,0.7
E07000093,8/1/18,0.7
E07000093,9/1/18,0.8
E07000093,10/1/18,0.8
E07000093,11/1/18,0.9
E07000093,12/1/18,0.9
E07000093,1/1/19,1
E07000093,2/1/19,1.1
E07000093,3/1/19,1
E07000093,4/1/19,1.1
E07000093,5/1/19,1.1
E07000093,6/1/19,1.2
E07000093,7/1/19,1.2
E07000093,8/1/19,1.2
E07000093,9/1/19,1.3
E07000093,10/1/19,1.3
E07000093,11/1/19,1.3
E07000093,12/1/19,1.3
E07000093,1/1/20,1.3
E07000093,2/1/20,1.3
E07000093,3/1/20,1.3
E07000093,4/1/20,2.6
E07000093,5/1/20,3.7
E07000093,6/1/20,3.5
E07000093,7/1/20,3.6
E07000093,8/1/20,3.7
E07000093,9/1/20,3.6
E07000093,10/1/20,3.4
E07000093,11/1/20,3.3
E07000093,12/1/20,3.3
E07000093,1/1/21,3.3
E07000093,2/1/21,3.5
E07000093,3/1/21,3.5
E07000093,4/1/21,3.4
E07000093,5/1/21,3
E07000093,6/1/21,2.7
E07000093,7/1/21,2.6
E07000093,8/1/21,2.5
E07000093,9/1/21,2.3
E07000093,10/1/21,2.3
E07000093,11/1/21,2.1
E07000093,12/1/21,2.1
E07000093,1/1/22,2
E07000093,2/1/22,2.1
E07000093,3/1/22,2
E07000093,4/1/22,1.9
E07000093,5/1/22,1.8
E07000093,6/1/22,1.8
E07000093,7/1/22,1.8
E07000093,8/1/22,1.8
E07000093,9/1/22,1.8
E07000093,10/1/22,1.8
E07000093,11/1/22,1.8
E07000093,12/1/22,1.8
E07000093,1/1/23,1.8
E07000093,2/1/23,1.8
E07000093,3/1/23,1.8
E07000093,4/1/23,1.8
E07000093,5/1/23,1.7
E07000093,6/1/23,1.7
E07000093,7/1/23,1.7
E07000093,8/1/23,1.7
E07000093,9/1/23,1.7
E07000093,10/1/23,1.7
E07000093,11/1/23,1.7
E07000093,12/1/23,1.8
E07000093,1/1/24,1.8
E07000093,2/1/24,1.9
E07000093,3/1/24,1.9
E07000093,4/1/24,1.8
E07000093,5/1/24,1.8
E07000093,6/1/24,1.8
E07000093,7/1/24,2
E07000093,8/1/24,2
E07000093,9/1/24,2.1
E07000093,10/1/24,2
E07000093,11/1/24,2
E07000093,12/1/24,2
E07000093,1/1/25,1.9
E07000093,2/1/25,2
E07000093,3/1/25,2
E07000093,4/1/25,1.9
E07000093,5/1/25,1.9
E07000093,6/1/25,2
E07000093,7/1/25,1.9
E07000093,8/1/25,1.9
E07000093,9/1/25,1.9
E07000093,10/1/25,2
E07000093,11/1/25,1.9
E07000093,12/1/25,1.9
E07000093,1/1/26,1.9
E07000093,2/1/26,2
E07000094,1/1/18,0.6
E07000094,2/1/18,0.7
E07000094,3/1/18,0.6
E07000094,4/1/18,0.6
E07000094,5/1/18,0.7
E07000094,6/1/18,0.6
E07000094,7/1/18,0.6
E07000094,8/1/18,0.6
E07000094,9/1/18,0.7
E07000094,10/1/18,0.7
E07000094,11/1/18,0.8
E07000094,12/1/18,0.8
E07000094,1/1/19,0.9
E07000094,2/1/19,0.9
E07000094,3/1/19,1
E07000094,4/1/19,1
E07000094,5/1/19,1
E07000094,6/1/19,1
E07000094,7/1/19,1
E07000094,8/1/19,1.1
E07000094,9/1/19,1.1
E07000094,10/1/19,1.1
E07000094,11/1/19,1.2
E07000094,12/1/19,1.2
E07000094,1/1/20,1.2
E07000094,2/1/20,1.3
E07000094,3/1/20,1.3
E07000094,4/1/20,2.8
E07000094,5/1/20,3.6
E07000094,6/1/20,3.5
E07000094,7/1/20,3.6
E07000094,8/1/20,3.5
E07000094,9/1/20,3.6
E07000094,10/1/20,3.4
E07000094,11/1/20,3.5
E07000094,12/1/20,3.4
E07000094,1/1/21,3.4
E07000094,2/1/21,3.6
E07000094,3/1/21,3.5
E07000094,4/1/21,3.5
E07000094,5/1/21,3.1
E07000094,6/1/21,2.8
E07000094,7/1/21,2.8
E07000094,8/1/21,2.6
E07000094,9/1/21,2.5
E07000094,10/1/21,2.4
E07000094,11/1/21,2.3
E07000094,12/1/21,2.2
E07000094,1/1/22,2.1
E07000094,2/1/22,2.1
E07000094,3/1/22,2
E07000094,4/1/22,1.9
E07000094,5/1/22,1.8
E07000094,6/1/22,1.8
E07000094,7/1/22,1.8
E07000094,8/1/22,1.8
E07000094,9/1/22,1.8
E07000094,10/1/22,1.8
E07000094,11/1/22,1.8
E07000094,12/1/22,1.9
E07000094,1/1/23,1.8
E07000094,2/1/23,1.8
E07000094,3/1/23,1.9
E07000094,4/1/23,1.9
E07000094,5/1/23,1.9
E07000094,6/1/23,1.9
E07000094,7/1/23,1.9
E07000094,8/1/23,1.9
E07000094,9/1/23,1.9
E07000094,10/1/23,1.9
E07000094,11/1/23,1.9
E07000094,12/1/23,1.9
E07000094,1/1/24,1.9
E07000094,2/1/24,1.9
E07000094,3/1/24,2
E07000094,4/1/24,2
E07000094,5/1/24,2
E07000094,6/1/24,2
E07000094,7/1/24,2.2
E07000094,8/1/24,2.2
E07000094,9/1/24,2.2
E07000094,10/1/24,2.2
E07000094,11/1/24,2.1
E07000094,12/1/24,2
E07000094,1/1/25,2
E07000094,2/1/25,2.1
E07000094,3/1/25,2
E07000094,4/1/25,1.9
E07000094,5/1/25,2
E07000094,6/1/25,2
E07000094,7/1/25,2
E07000094,8/1/25,2
E07000094,9/1/25,2
E07000094,10/1/25,2
E07000094,11/1/25,2
E07000094,12/1/25,2
E07000094,1/1/26,2
E07000094,2/1/26,2.1
E07000095,1/1/18,1.3
E07000095,2/1/18,1.4
E07000095,3/1/18,1.5
E07000095,4/1/18,1.7
E07000095,5/1/18,1.7
E07000095,6/1/18,1.8
E07000095,7/1/18,1.8
E07000095,8/1/18,1.8
E07000095,9/1/18,1.8
E07000095,10/1/18,1.8
E07000095,11/1/18,1.9
E07000095,12/1/18,1.8
E07000095,1/1/19,1.9
E07000095,2/1/19,2
E07000095,3/1/19,2
E07000095,4/1/19,2
E07000095,5/1/19,2.1
E07000095,6/1/19,2.1
E07000095,7/1/19,2.2
E07000095,8/1/19,2.2
E07000095,9/1/19,2.2
E07000095,10/1/19,2.2
E07000095,11/1/19,2.3
E07000095,12/1/19,2.3
E07000095,1/1/20,2.2
E07000095,2/1/20,2.3
E07000095,3/1/20,2.3
E07000095,4/1/20,4.1
E07000095,5/1/20,6.5
E07000095,6/1/20,6.1
E07000095,7/1/20,6.3
E07000095,8/1/20,6.5
E07000095,9/1/20,6.3
E07000095,10/1/20,6.2
E07000095,11/1/20,6.2
E07000095,12/1/20,6.2
E07000095,1/1/21,6.1
E07000095,2/1/21,6.5
E07000095,3/1/21,6.5
E07000095,4/1/21,6.4
E07000095,5/1/21,6
E07000095,6/1/21,5.4
E07000095,7/1/21,5.3
E07000095,8/1/21,5
E07000095,9/1/21,4.8
E07000095,10/1/21,4.4
E07000095,11/1/21,4.1
E07000095,12/1/21,4
E07000095,1/1/22,3.9
E07000095,2/1/22,3.9
E07000095,3/1/22,3.8
E07000095,4/1/22,3.7
E07000095,5/1/22,3.5
E07000095,6/1/22,3.3
E07000095,7/1/22,3.1
E07000095,8/1/22,3.1
E07000095,9/1/22,3
E07000095,10/1/22,3
E07000095,11/1/22,3.1
E07000095,12/1/22,3.2
E07000095,1/1/23,3.1
E07000095,2/1/23,3.1
E07000095,3/1/23,3.1
E07000095,4/1/23,3.2
E07000095,5/1/23,3.2
E07000095,6/1/23,3.2
E07000095,7/1/23,3.2
E07000095,8/1/23,3.2
E07000095,9/1/23,3.2
E07000095,10/1/23,3.2
E07000095,11/1/23,3.2
E07000095,12/1/23,3.2
E07000095,1/1/24,3.2
E07000095,2/1/24,3.2
E07000095,3/1/24,3.2
E07000095,4/1/24,3.2
E07000095,5/1/24,3.3
E07000095,6/1/24,3.3
E07000095,7/1/24,3.7
E07000095,8/1/24,3.6
E07000095,9/1/24,3.6
E07000095,10/1/24,3.4
E07000095,11/1/24,3.4
E07000095,12/1/24,3.4
E07000095,1/1/25,3.4
E07000095,2/1/25,3.4
E07000095,3/1/25,3.3
E07000095,4/1/25,3.3
E07000095,5/1/25,3.3
E07000095,6/1/25,3.4
E07000095,7/1/25,3.3
E07000095,8/1/25,3.3
E07000095,9/1/25,3.4
E07000095,10/1/25,3.3
E07000095,11/1/25,3.4
E07000095,12/1/25,3.3
E07000095,1/1/26,3.4
E07000095,2/1/26,3.5
E07000096,1/1/18,1.2
E07000096,2/1/18,1.2
E07000096,3/1/18,1.2
E07000096,4/1/18,1.2
E07000096,5/1/18,1.1
E07000096,6/1/18,1.1
E07000096,7/1/18,1.1
E07000096,8/1/18,1
E07000096,9/1/18,1
E07000096,10/1/18,1
E07000096,11/1/18,1
E07000096,12/1/18,1
E07000096,1/1/19,1.1
E07000096,2/1/19,1.1
E07000096,3/1/19,1.2
E07000096,4/1/19,1.3
E07000096,5/1/19,1.3
E07000096,6/1/19,1.4
E07000096,7/1/19,1.4
E07000096,8/1/19,1.5
E07000096,9/1/19,1.6
E07000096,10/1/19,1.6
E07000096,11/1/19,1.7
E07000096,12/1/19,1.7
E07000096,1/1/20,1.7
E07000096,2/1/20,1.8
E07000096,3/1/20,1.9
E07000096,4/1/20,3.4
E07000096,5/1/20,5.3
E07000096,6/1/20,5
E07000096,7/1/20,5.2
E07000096,8/1/20,5.2
E07000096,9/1/20,5.2
E07000096,10/1/20,5
E07000096,11/1/20,5
E07000096,12/1/20,5
E07000096,1/1/21,4.8
E07000096,2/1/21,5.2
E07000096,3/1/21,5.2
E07000096,4/1/21,5.1
E07000096,5/1/21,4.6
E07000096,6/1/21,4.3
E07000096,7/1/21,4.2
E07000096,8/1/21,4.1
E07000096,9/1/21,3.8
E07000096,10/1/21,3.6
E07000096,11/1/21,3.5
E07000096,12/1/21,3.3
E07000096,1/1/22,3.2
E07000096,2/1/22,3.1
E07000096,3/1/22,3
E07000096,4/1/22,2.8
E07000096,5/1/22,2.8
E07000096,6/1/22,2.7
E07000096,7/1/22,2.6
E07000096,8/1/22,2.6
E07000096,9/1/22,2.6
E07000096,10/1/22,2.6
E07000096,11/1/22,2.6
E07000096,12/1/22,2.6
E07000096,1/1/23,2.6
E07000096,2/1/23,2.6
E07000096,3/1/23,2.7
E07000096,4/1/23,2.8
E07000096,5/1/23,2.7
E07000096,6/1/23,2.8
E07000096,7/1/23,2.8
E07000096,8/1/23,2.8
E07000096,9/1/23,2.8
E07000096,10/1/23,2.8
E07000096,11/1/23,2.8
E07000096,12/1/23,2.8
E07000096,1/1/24,2.8
E07000096,2/1/24,2.9
E07000096,3/1/24,2.9
E07000096,4/1/24,2.8
E07000096,5/1/24,2.8
E07000096,6/1/24,3
E07000096,7/1/24,3.3
E07000096,8/1/24,3.3
E07000096,9/1/24,3.4
E07000096,10/1/24,3.3
E07000096,11/1/24,3.2
E07000096,12/1/24,3.1
E07000096,1/1/25,3.2
E07000096,2/1/25,3.3
E07000096,3/1/25,3.3
E07000096,4/1/25,3.3
E07000096,5/1/25,3.2
E07000096,6/1/25,3.3
E07000096,7/1/25,3.2
E07000096,8/1/25,3.2
E07000096,9/1/25,3.2
E07000096,10/1/25,3.2
E07000096,11/1/25,3.1
E07000096,12/1/25,3.1
E07000096,1/1/26,3.1
E07000096,2/1/26,3.2
E07000098,1/1/18,1.2
E07000098,2/1/18,1.2
E07000098,3/1/18,1.2
E07000098,4/1/18,1.3
E07000098,5/1/18,1.3
E07000098,6/1/18,1.2
E07000098,7/1/18,1.3
E07000098,8/1/18,1.3
E07000098,9/1/18,1.3
E07000098,10/1/18,1.3
E07000098,11/1/18,1.4
E07000098,12/1/18,1.3
E07000098,1/1/19,1.4
E07000098,2/1/19,1.5
E07000098,3/1/19,1.6
E07000098,4/1/19,1.6
E07000098,5/1/19,1.7
E07000098,6/1/19,1.7
E07000098,7/1/19,1.8
E07000098,8/1/19,1.9
E07000098,9/1/19,1.9
E07000098,10/1/19,1.9
E07000098,11/1/19,1.9
E07000098,12/1/19,1.9
E07000098,1/1/20,1.9
E07000098,2/1/20,1.9
E07000098,3/1/20,2
E07000098,4/1/20,3.7
E07000098,5/1/20,5.6
E07000098,6/1/20,5.3
E07000098,7/1/20,5.4
E07000098,8/1/20,5.5
E07000098,9/1/20,5.5
E07000098,10/1/20,5.3
E07000098,11/1/20,5.4
E07000098,12/1/20,5.4
E07000098,1/1/21,5.3
E07000098,2/1/21,5.7
E07000098,3/1/21,5.7
E07000098,4/1/21,5.5
E07000098,5/1/21,5.1
E07000098,6/1/21,4.6
E07000098,7/1/21,4.4
E07000098,8/1/21,4.2
E07000098,9/1/21,3.8
E07000098,10/1/21,3.6
E07000098,11/1/21,3.6
E07000098,12/1/21,3.5
E07000098,1/1/22,3.3
E07000098,2/1/22,3.3
E07000098,3/1/22,3.3
E07000098,4/1/22,3
E07000098,5/1/22,3
E07000098,6/1/22,2.9
E07000098,7/1/22,2.9
E07000098,8/1/22,2.9
E07000098,9/1/22,2.9
E07000098,10/1/22,2.9
E07000098,11/1/22,2.9
E07000098,12/1/22,2.9
E07000098,1/1/23,2.7
E07000098,2/1/23,2.7
E07000098,3/1/23,2.7
E07000098,4/1/23,2.8
E07000098,5/1/23,2.8
E07000098,6/1/23,2.9
E07000098,7/1/23,2.8
E07000098,8/1/23,2.8
E07000098,9/1/23,2.9
E07000098,10/1/23,2.9
E07000098,11/1/23,3
E07000098,12/1/23,3.1
E07000098,1/1/24,3
E07000098,2/1/24,3.2
E07000098,3/1/24,3.1
E07000098,4/1/24,3.1
E07000098,5/1/24,3.1
E07000098,6/1/24,3.3
E07000098,7/1/24,3.6
E07000098,8/1/24,3.6
E07000098,9/1/24,3.6
E07000098,10/1/24,3.5
E07000098,11/1/24,3.4
E07000098,12/1/24,3.4
E07000098,1/1/25,3.3
E07000098,2/1/25,3.5
E07000098,3/1/25,3.5
E07000098,4/1/25,3.4
E07000098,5/1/25,3.5
E07000098,6/1/25,3.5
E07000098,7/1/25,3.5
E07000098,8/1/25,3.5
E07000098,9/1/25,3.5
E07000098,10/1/25,3.5
E07000098,11/1/25,3.4
E07000098,12/1/25,3.4
E07000098,1/1/26,3.4
E07000098,2/1/26,3.5
E07000099,1/1/18,1.2
E07000099,2/1/18,1.2
E07000099,3/1/18,1.2
E07000099,4/1/18,1.2
E07000099,5/1/18,1.1
E07000099,6/1/18,1.1
E07000099,7/1/18,1.1
E07000099,8/1/18,1.1
E07000099,9/1/18,1
E07000099,10/1/18,1
E07000099,11/1/18,1
E07000099,12/1/18,1.1
E07000099,1/1/19,1.2
E07000099,2/1/19,1.4
E07000099,3/1/19,1.4
E07000099,4/1/19,1.5
E07000099,5/1/19,1.5
E07000099,6/1/19,1.5
E07000099,7/1/19,1.6
E07000099,8/1/19,1.6
E07000099,9/1/19,1.6
E07000099,10/1/19,1.6
E07000099,11/1/19,1.6
E07000099,12/1/19,1.6
E07000099,1/1/20,1.6
E07000099,2/1/20,1.7
E07000099,3/1/20,1.7
E07000099,4/1/20,3.3
E07000099,5/1/20,4.7
E07000099,6/1/20,4.4
E07000099,7/1/20,4.5
E07000099,8/1/20,4.6
E07000099,9/1/20,4.6
E07000099,10/1/20,4.3
E07000099,11/1/20,4.5
E07000099,12/1/20,4.4
E07000099,1/1/21,4.2
E07000099,2/1/21,4.5
E07000099,3/1/21,4.4
E07000099,4/1/21,4.3
E07000099,5/1/21,4
E07000099,6/1/21,3.5
E07000099,7/1/21,3.5
E07000099,8/1/21,3.3
E07000099,9/1/21,3.2
E07000099,10/1/21,3
E07000099,11/1/21,2.9
E07000099,12/1/21,2.8
E07000099,1/1/22,2.7
E07000099,2/1/22,2.7
E07000099,3/1/22,2.5
E07000099,4/1/22,2.4
E07000099,5/1/22,2.3
E07000099,6/1/22,2.2
E07000099,7/1/22,2.1
E07000099,8/1/22,2.1
E07000099,9/1/22,2.1
E07000099,10/1/22,2.1
E07000099,11/1/22,2.1
E07000099,12/1/22,2.1
E07000099,1/1/23,2
E07000099,2/1/23,2.1
E07000099,3/1/23,2
E07000099,4/1/23,2.1
E07000099,5/1/23,2
E07000099,6/1/23,2
E07000099,7/1/23,2
E07000099,8/1/23,2
E07000099,9/1/23,2
E07000099,10/1/23,2
E07000099,11/1/23,2
E07000099,12/1/23,2
E07000099,1/1/24,2
E07000099,2/1/24,2.1
E07000099,3/1/24,2.1
E07000099,4/1/24,2.1
E07000099,5/1/24,2.1
E07000099,6/1/24,2.2
E07000099,7/1/24,2.4
E07000099,8/1/24,2.4
E07000099,9/1/24,2.3
E07000099,10/1/24,2.3
E07000099,11/1/24,2.3
E07000099,12/1/24,2.2
E07000099,1/1/25,2.3
E07000099,2/1/25,2.4
E07000099,3/1/25,2.4
E07000099,4/1/25,2.4
E07000099,5/1/25,2.3
E07000099,6/1/25,2.3
E07000099,7/1/25,2.3
E07000099,8/1/25,2.3
E07000099,9/1/25,2.3
E07000099,10/1/25,2.2
E07000099,11/1/25,2.2
E07000099,12/1/25,2.2
E07000099,1/1/26,2.2
E07000099,2/1/26,2.3
E07000102,1/1/18,0.9
E07000102,2/1/18,0.9
E07000102,3/1/18,1
E07000102,4/1/18,1.1
E07000102,5/1/18,1.2
E07000102,6/1/18,1.2
E07000102,7/1/18,1.2
E07000102,8/1/18,1.3
E07000102,9/1/18,1.3
E07000102,10/1/18,1.4
E07000102,11/1/18,1.4
E07000102,12/1/18,1.4
E07000102,1/1/19,1.4
E07000102,2/1/19,1.5
E07000102,3/1/19,1.5
E07000102,4/1/19,1.5
E07000102,5/1/19,1.5
E07000102,6/1/19,1.6
E07000102,7/1/19,1.6
E07000102,8/1/19,1.6
E07000102,9/1/19,1.6
E07000102,10/1/19,1.6
E07000102,11/1/19,1.6
E07000102,12/1/19,1.6
E07000102,1/1/20,1.6
E07000102,2/1/20,1.6
E07000102,3/1/20,1.7
E07000102,4/1/20,3.1
E07000102,5/1/20,4.6
E07000102,6/1/20,4.4
E07000102,7/1/20,4.6
E07000102,8/1/20,4.8
E07000102,9/1/20,4.7
E07000102,10/1/20,4.5
E07000102,11/1/20,4.5
E07000102,12/1/20,4.6
E07000102,1/1/21,4.4
E07000102,2/1/21,4.5
E07000102,3/1/21,4.5
E07000102,4/1/21,4.4
E07000102,5/1/21,4
E07000102,6/1/21,3.5
E07000102,7/1/21,3.4
E07000102,8/1/21,3.2
E07000102,9/1/21,2.9
E07000102,10/1/21,2.8
E07000102,11/1/21,2.6
E07000102,12/1/21,2.5
E07000102,1/1/22,2.4
E07000102,2/1/22,2.4
E07000102,3/1/22,2.3
E07000102,4/1/22,2.2
E07000102,5/1/22,2.1
E07000102,6/1/22,2.2
E07000102,7/1/22,2.2
E07000102,8/1/22,2.1
E07000102,9/1/22,2.2
E07000102,10/1/22,2.2
E07000102,11/1/22,2.2
E07000102,12/1/22,2.1
E07000102,1/1/23,2
E07000102,2/1/23,2.2
E07000102,3/1/23,2.2
E07000102,4/1/23,2.2
E07000102,5/1/23,2.2
E07000102,6/1/23,2.2
E07000102,7/1/23,2.3
E07000102,8/1/23,2.3
E07000102,9/1/23,2.3
E07000102,10/1/23,2.4
E07000102,11/1/23,2.4
E07000102,12/1/23,2.4
E07000102,1/1/24,2.4
E07000102,2/1/24,2.5
E07000102,3/1/24,2.4
E07000102,4/1/24,2.4
E07000102,5/1/24,2.5
E07000102,6/1/24,2.5
E07000102,7/1/24,2.7
E07000102,8/1/24,2.7
E07000102,9/1/24,2.8
E07000102,10/1/24,2.8
E07000102,11/1/24,2.7
E07000102,12/1/24,2.7
E07000102,1/1/25,2.7
E07000102,2/1/25,2.8
E07000102,3/1/25,2.8
E07000102,4/1/25,2.7
E07000102,5/1/25,2.8
E07000102,6/1/25,2.8
E07000102,7/1/25,2.7
E07000102,8/1/25,2.6
E07000102,9/1/25,2.6
E07000102,10/1/25,2.7
E07000102,11/1/25,2.6
E07000102,12/1/25,2.6
E07000102,1/1/26,2.6
E07000102,2/1/26,2.7
E07000103,1/1/18,1.3
E07000103,2/1/18,1.4
E07000103,3/1/18,1.5
E07000103,4/1/18,1.7
E07000103,5/1/18,1.7
E07000103,6/1/18,1.8
E07000103,7/1/18,1.9
E07000103,8/1/18,2
E07000103,9/1/18,2
E07000103,10/1/18,2.1
E07000103,11/1/18,2.1
E07000103,12/1/18,2.1
E07000103,1/1/19,2.1
E07000103,2/1/19,2.2
E07000103,3/1/19,2.2
E07000103,4/1/19,2.2
E07000103,5/1/19,2.2
E07000103,6/1/19,2.3
E07000103,7/1/19,2.3
E07000103,8/1/19,2.3
E07000103,9/1/19,2.3
E07000103,10/1/19,2.3
E07000103,11/1/19,2.3
E07000103,12/1/19,2.3
E07000103,1/1/20,2.3
E07000103,2/1/20,2.4
E07000103,3/1/20,2.5
E07000103,4/1/20,4.1
E07000103,5/1/20,6.1
E07000103,6/1/20,5.9
E07000103,7/1/20,6.1
E07000103,8/1/20,6.3
E07000103,9/1/20,6.2
E07000103,10/1/20,6
E07000103,11/1/20,6.2
E07000103,12/1/20,6.2
E07000103,1/1/21,6.2
E07000103,2/1/21,6.5
E07000103,3/1/21,6.4
E07000103,4/1/21,6.3
E07000103,5/1/21,5.8
E07000103,6/1/21,5.3
E07000103,7/1/21,5
E07000103,8/1/21,4.7
E07000103,9/1/21,4.4
E07000103,10/1/21,4.2
E07000103,11/1/21,3.9
E07000103,12/1/21,3.7
E07000103,1/1/22,3.6
E07000103,2/1/22,3.6
E07000103,3/1/22,3.5
E07000103,4/1/22,3.3
E07000103,5/1/22,3.2
E07000103,6/1/22,3.2
E07000103,7/1/22,3.2
E07000103,8/1/22,3.2
E07000103,9/1/22,3.2
E07000103,10/1/22,3.1
E07000103,11/1/22,3.2
E07000103,12/1/22,3.2
E07000103,1/1/23,3.1
E07000103,2/1/23,3.2
E07000103,3/1/23,3.2
E07000103,4/1/23,3.5
E07000103,5/1/23,3.4
E07000103,6/1/23,3.5
E07000103,7/1/23,3.7
E07000103,8/1/23,3.6
E07000103,9/1/23,3.6
E07000103,10/1/23,3.7
E07000103,11/1/23,3.7
E07000103,12/1/23,3.7
E07000103,1/1/24,3.7
E07000103,2/1/24,3.9
E07000103,3/1/24,3.8
E07000103,4/1/24,3.8
E07000103,5/1/24,3.8
E07000103,6/1/24,4
E07000103,7/1/24,4.3
E07000103,8/1/24,4.4
E07000103,9/1/24,4.6
E07000103,10/1/24,4.6
E07000103,11/1/24,4.5
E07000103,12/1/24,4.4
E07000103,1/1/25,4.3
E07000103,2/1/25,4.5
E07000103,3/1/25,4.5
E07000103,4/1/25,4.5
E07000103,5/1/25,4.5
E07000103,6/1/25,4.6
E07000103,7/1/25,4.5
E07000103,8/1/25,4.5
E07000103,9/1/25,4.4
E07000103,10/1/25,4.3
E07000103,11/1/25,4.2
E07000103,12/1/25,4.2
E07000103,1/1/26,4.3
E07000103,2/1/26,4.5
E07000105,1/1/18,1.7
E07000105,2/1/18,1.7
E07000105,3/1/18,1.8
E07000105,4/1/18,1.7
E07000105,5/1/18,1.7
E07000105,6/1/18,1.7
E07000105,7/1/18,1.7
E07000105,8/1/18,1.7
E07000105,9/1/18,1.8
E07000105,10/1/18,1.9
E07000105,11/1/18,2.1
E07000105,12/1/18,2.1
E07000105,1/1/19,2.2
E07000105,2/1/19,2.3
E07000105,3/1/19,2.4
E07000105,4/1/19,2.3
E07000105,5/1/19,2.4
E07000105,6/1/19,2.4
E07000105,7/1/19,2.5
E07000105,8/1/19,2.5
E07000105,9/1/19,2.5
E07000105,10/1/19,2.6
E07000105,11/1/19,2.6
E07000105,12/1/19,2.6
E07000105,1/1/20,2.6
E07000105,2/1/20,2.7
E07000105,3/1/20,2.8
E07000105,4/1/20,5
E07000105,5/1/20,6.2
E07000105,6/1/20,5.8
E07000105,7/1/20,6
E07000105,8/1/20,6.2
E07000105,9/1/20,6
E07000105,10/1/20,5.8
E07000105,11/1/20,5.8
E07000105,12/1/20,5.7
E07000105,1/1/21,5.6
E07000105,2/1/21,5.8
E07000105,3/1/21,5.7
E07000105,4/1/21,5.5
E07000105,5/1/21,5.1
E07000105,6/1/21,4.7
E07000105,7/1/21,4.6
E07000105,8/1/21,4.4
E07000105,9/1/21,4.2
E07000105,10/1/21,4
E07000105,11/1/21,3.9
E07000105,12/1/21,3.8
E07000105,1/1/22,3.7
E07000105,2/1/22,3.7
E07000105,3/1/22,3.5
E07000105,4/1/22,3.3
E07000105,5/1/22,3.2
E07000105,6/1/22,3
E07000105,7/1/22,2.9
E07000105,8/1/22,2.9
E07000105,9/1/22,2.9
E07000105,10/1/22,2.8
E07000105,11/1/22,2.8
E07000105,12/1/22,2.8
E07000105,1/1/23,2.8
E07000105,2/1/23,2.8
E07000105,3/1/23,2.9
E07000105,4/1/23,2.9
E07000105,5/1/23,2.8
E07000105,6/1/23,2.9
E07000105,7/1/23,2.9
E07000105,8/1/23,2.9
E07000105,9/1/23,2.9
E07000105,10/1/23,2.9
E07000105,11/1/23,2.9
E07000105,12/1/23,2.9
E07000105,1/1/24,2.9
E07000105,2/1/24,3
E07000105,3/1/24,3
E07000105,4/1/24,3
E07000105,5/1/24,3
E07000105,6/1/24,2.9
E07000105,7/1/24,3.2
E07000105,8/1/24,3.1
E07000105,9/1/24,3.1
E07000105,10/1/24,3.1
E07000105,11/1/24,3.1
E07000105,12/1/24,3.1
E07000105,1/1/25,3.1
E07000105,2/1/25,3.1
E07000105,3/1/25,3.1
E07000105,4/1/25,3
E07000105,5/1/25,3
E07000105,6/1/25,3
E07000105,7/1/25,2.9
E07000105,8/1/25,2.9
E07000105,9/1/25,2.9
E07000105,10/1/25,2.9
E07000105,11/1/25,2.9
E07000105,12/1/25,2.9
E07000105,1/1/26,2.9
E07000105,2/1/26,3
E07000106,1/1/18,1.4
E07000106,2/1/18,1.5
E07000106,3/1/18,1.5
E07000106,4/1/18,1.5
E07000106,5/1/18,1.4
E07000106,6/1/18,1.4
E07000106,7/1/18,1.3
E07000106,8/1/18,1.3
E07000106,9/1/18,1.4
E07000106,10/1/18,1.6
E07000106,11/1/18,1.7
E07000106,12/1/18,1.9
E07000106,1/1/19,1.9
E07000106,2/1/19,2.1
E07000106,3/1/19,2.1
E07000106,4/1/19,2.1
E07000106,5/1/19,2.2
E07000106,6/1/19,2.2
E07000106,7/1/19,2.3
E07000106,8/1/19,2.3
E07000106,9/1/19,2.3
E07000106,10/1/19,2.3
E07000106,11/1/19,2.3
E07000106,12/1/19,2.3
E07000106,1/1/20,2.4
E07000106,2/1/20,2.4
E07000106,3/1/20,2.5
E07000106,4/1/20,4.7
E07000106,5/1/20,5.6
E07000106,6/1/20,5.3
E07000106,7/1/20,5.5
E07000106,8/1/20,5.6
E07000106,9/1/20,5.5
E07000106,10/1/20,5.2
E07000106,11/1/20,5.2
E07000106,12/1/20,5.2
E07000106,1/1/21,5.2
E07000106,2/1/21,5.4
E07000106,3/1/21,5.3
E07000106,4/1/21,5.2
E07000106,5/1/21,4.8
E07000106,6/1/21,4.4
E07000106,7/1/21,4.3
E07000106,8/1/21,4.1
E07000106,9/1/21,3.9
E07000106,10/1/21,3.8
E07000106,11/1/21,3.8
E07000106,12/1/21,3.6
E07000106,1/1/22,3.5
E07000106,2/1/22,3.6
E07000106,3/1/22,3.5
E07000106,4/1/22,3.3
E07000106,5/1/22,3.1
E07000106,6/1/22,3
E07000106,7/1/22,2.9
E07000106,8/1/22,2.9
E07000106,9/1/22,2.9
E07000106,10/1/22,2.9
E07000106,11/1/22,3
E07000106,12/1/22,3.1
E07000106,1/1/23,3
E07000106,2/1/23,3.1
E07000106,3/1/23,3.2
E07000106,4/1/23,3.2
E07000106,5/1/23,3.1
E07000106,6/1/23,3.2
E07000106,7/1/23,3.1
E07000106,8/1/23,3.1
E07000106,9/1/23,3.1
E07000106,10/1/23,3.1
E07000106,11/1/23,3.2
E07000106,12/1/23,3.2
E07000106,1/1/24,3.3
E07000106,2/1/24,3.4
E07000106,3/1/24,3.4
E07000106,4/1/24,3.3
E07000106,5/1/24,3.2
E07000106,6/1/24,3.2
E07000106,7/1/24,3.4
E07000106,8/1/24,3.4
E07000106,9/1/24,3.3
E07000106,10/1/24,3.4
E07000106,11/1/24,3.3
E07000106,12/1/24,3.3
E07000106,1/1/25,3.3
E07000106,2/1/25,3.4
E07000106,3/1/25,3.4
E07000106,4/1/25,3.3
E07000106,5/1/25,3.2
E07000106,6/1/25,3.2
E07000106,7/1/25,3.1
E07000106,8/1/25,3
E07000106,9/1/25,3.1
E07000106,10/1/25,3.1
E07000106,11/1/25,3.2
E07000106,12/1/25,3.2
E07000106,1/1/26,3.2
E07000106,2/1/26,3.3
E07000107,1/1/18,1.1
E07000107,2/1/18,1.1
E07000107,3/1/18,1.2
E07000107,4/1/18,1.1
E07000107,5/1/18,1.1
E07000107,6/1/18,1
E07000107,7/1/18,1
E07000107,8/1/18,1
E07000107,9/1/18,1.1
E07000107,10/1/18,1.2
E07000107,11/1/18,1.2
E07000107,12/1/18,1.3
E07000107,1/1/19,1.3
E07000107,2/1/19,1.5
E07000107,3/1/19,1.6
E07000107,4/1/19,1.6
E07000107,5/1/19,1.6
E07000107,6/1/19,1.8
E07000107,7/1/19,1.8
E07000107,8/1/19,1.9
E07000107,9/1/19,2
E07000107,10/1/19,2.1
E07000107,11/1/19,2
E07000107,12/1/19,2
E07000107,1/1/20,2.1
E07000107,2/1/20,2.2
E07000107,3/1/20,2.2
E07000107,4/1/20,4.2
E07000107,5/1/20,5.6
E07000107,6/1/20,5.3
E07000107,7/1/20,5.4
E07000107,8/1/20,5.5
E07000107,9/1/20,5.4
E07000107,10/1/20,5.1
E07000107,11/1/20,5.2
E07000107,12/1/20,5.3
E07000107,1/1/21,5.1
E07000107,2/1/21,5.4
E07000107,3/1/21,5.4
E07000107,4/1/21,5.3
E07000107,5/1/21,4.9
E07000107,6/1/21,4.5
E07000107,7/1/21,4.4
E07000107,8/1/21,4.1
E07000107,9/1/21,3.9
E07000107,10/1/21,3.6
E07000107,11/1/21,3.4
E07000107,12/1/21,3.3
E07000107,1/1/22,3.2
E07000107,2/1/22,3.1
E07000107,3/1/22,3
E07000107,4/1/22,2.9
E07000107,5/1/22,2.8
E07000107,6/1/22,2.8
E07000107,7/1/22,2.7
E07000107,8/1/22,2.7
E07000107,9/1/22,2.7
E07000107,10/1/22,2.8
E07000107,11/1/22,2.8
E07000107,12/1/22,2.8
E07000107,1/1/23,2.7
E07000107,2/1/23,2.8
E07000107,3/1/23,2.8
E07000107,4/1/23,2.9
E07000107,5/1/23,2.8
E07000107,6/1/23,2.9
E07000107,7/1/23,2.9
E07000107,8/1/23,2.8
E07000107,9/1/23,2.8
E07000107,10/1/23,2.9
E07000107,11/1/23,2.9
E07000107,12/1/23,2.9
E07000107,1/1/24,2.8
E07000107,2/1/24,2.9
E07000107,3/1/24,2.9
E07000107,4/1/24,2.8
E07000107,5/1/24,2.9
E07000107,6/1/24,3
E07000107,7/1/24,3.2
E07000107,8/1/24,3.2
E07000107,9/1/24,3.2
E07000107,10/1/24,3
E07000107,11/1/24,3
E07000107,12/1/24,3
E07000107,1/1/25,2.9
E07000107,2/1/25,3
E07000107,3/1/25,3
E07000107,4/1/25,2.9
E07000107,5/1/25,2.9
E07000107,6/1/25,3
E07000107,7/1/25,3
E07000107,8/1/25,2.9
E07000107,9/1/25,3
E07000107,10/1/25,3.1
E07000107,11/1/25,3
E07000107,12/1/25,3
E07000107,1/1/26,3.1
E07000107,2/1/26,3.2
E07000108,1/1/18,2.9
E07000108,2/1/18,3.1
E07000108,3/1/18,3.1
E07000108,4/1/18,3.4
E07000108,5/1/18,3.2
E07000108,6/1/18,3.2
E07000108,7/1/18,3.2
E07000108,8/1/18,3.2
E07000108,9/1/18,3.2
E07000108,10/1/18,3.3
E07000108,11/1/18,3.3
E07000108,12/1/18,3.5
E07000108,1/1/19,3.5
E07000108,2/1/19,3.6
E07000108,3/1/19,3.6
E07000108,4/1/19,3.7
E07000108,5/1/19,3.6
E07000108,6/1/19,3.6
E07000108,7/1/19,3.6
E07000108,8/1/19,3.6
E07000108,9/1/19,3.6
E07000108,10/1/19,3.7
E07000108,11/1/19,3.6
E07000108,12/1/19,3.6
E07000108,1/1/20,3.6
E07000108,2/1/20,3.7
E07000108,3/1/20,3.8
E07000108,4/1/20,6.4
E07000108,5/1/20,7.1
E07000108,6/1/20,6.8
E07000108,7/1/20,6.9
E07000108,8/1/20,7
E07000108,9/1/20,6.9
E07000108,10/1/20,6.7
E07000108,11/1/20,6.7
E07000108,12/1/20,6.7
E07000108,1/1/21,6.5
E07000108,2/1/21,6.7
E07000108,3/1/21,6.6
E07000108,4/1/21,6.4
E07000108,5/1/21,6
E07000108,6/1/21,5.5
E07000108,7/1/21,5.4
E07000108,8/1/21,5.1
E07000108,9/1/21,4.9
E07000108,10/1/21,4.8
E07000108,11/1/21,4.7
E07000108,12/1/21,4.5
E07000108,1/1/22,4.5
E07000108,2/1/22,4.5
E07000108,3/1/22,4.3
E07000108,4/1/22,4.1
E07000108,5/1/22,3.9
E07000108,6/1/22,3.7
E07000108,7/1/22,3.6
E07000108,8/1/22,3.6
E07000108,9/1/22,3.6
E07000108,10/1/22,3.6
E07000108,11/1/22,3.7
E07000108,12/1/22,3.8
E07000108,1/1/23,3.8
E07000108,2/1/23,3.8
E07000108,3/1/23,3.9
E07000108,4/1/23,3.8
E07000108,5/1/23,3.8
E07000108,6/1/23,3.7
E07000108,7/1/23,3.8
E07000108,8/1/23,3.7
E07000108,9/1/23,3.7
E07000108,10/1/23,3.7
E07000108,11/1/23,3.8
E07000108,12/1/23,3.9
E07000108,1/1/24,3.9
E07000108,2/1/24,4
E07000108,3/1/24,4
E07000108,4/1/24,3.8
E07000108,5/1/24,3.8
E07000108,6/1/24,3.7
E07000108,7/1/24,3.9
E07000108,8/1/24,3.8
E07000108,9/1/24,3.8
E07000108,10/1/24,3.7
E07000108,11/1/24,3.7
E07000108,12/1/24,3.6
E07000108,1/1/25,3.5
E07000108,2/1/25,3.6
E07000108,3/1/25,3.5
E07000108,4/1/25,3.4
E07000108,5/1/25,3.4
E07000108,6/1/25,3.3
E07000108,7/1/25,3.3
E07000108,8/1/25,3.3
E07000108,9/1/25,3.2
E07000108,10/1/25,3.3
E07000108,11/1/25,3.4
E07000108,12/1/25,3.4
E07000108,1/1/26,3.5
E07000108,2/1/26,3.6
E07000109,1/1/18,2.1
E07000109,2/1/18,2.2
E07000109,3/1/18,2.2
E07000109,4/1/18,2.1
E07000109,5/1/18,2.1
E07000109,6/1/18,2.1
E07000109,7/1/18,2.1
E07000109,8/1/18,2.2
E07000109,9/1/18,2.2
E07000109,10/1/18,2.3
E07000109,11/1/18,2.4
E07000109,12/1/18,2.4
E07000109,1/1/19,2.5
E07000109,2/1/19,2.6
E07000109,3/1/19,2.7
E07000109,4/1/19,2.9
E07000109,5/1/19,2.9
E07000109,6/1/19,3
E07000109,7/1/19,3.2
E07000109,8/1/19,3.2
E07000109,9/1/19,3.3
E07000109,10/1/19,3.2
E07000109,11/1/19,3.3
E07000109,12/1/19,3.4
E07000109,1/1/20,3.4
E07000109,2/1/20,3.5
E07000109,3/1/20,3.5
E07000109,4/1/20,5.7
E07000109,5/1/20,7.4
E07000109,6/1/20,7.2
E07000109,7/1/20,7.2
E07000109,8/1/20,7.4
E07000109,9/1/20,7.4
E07000109,10/1/20,7.2
E07000109,11/1/20,7.2
E07000109,12/1/20,7.2
E07000109,1/1/21,7.1
E07000109,2/1/21,7.4
E07000109,3/1/21,7.5
E07000109,4/1/21,7.4
E07000109,5/1/21,6.9
E07000109,6/1/21,6.4
E07000109,7/1/21,6.2
E07000109,8/1/21,5.9
E07000109,9/1/21,5.6
E07000109,10/1/21,5.3
E07000109,11/1/21,5
E07000109,12/1/21,4.9
E07000109,1/1/22,4.7
E07000109,2/1/22,4.7
E07000109,3/1/22,4.5
E07000109,4/1/22,4.3
E07000109,5/1/22,4.1
E07000109,6/1/22,4
E07000109,7/1/22,3.9
E07000109,8/1/22,4
E07000109,9/1/22,3.9
E07000109,10/1/22,3.9
E07000109,11/1/22,3.9
E07000109,12/1/22,4
E07000109,1/1/23,4
E07000109,2/1/23,4
E07000109,3/1/23,4.2
E07000109,4/1/23,4.4
E07000109,5/1/23,4.2
E07000109,6/1/23,4.2
E07000109,7/1/23,4.2
E07000109,8/1/23,4.1
E07000109,9/1/23,4.2
E07000109,10/1/23,4.2
E07000109,11/1/23,4.2
E07000109,12/1/23,4.2
E07000109,1/1/24,4.2
E07000109,2/1/24,4.3
E07000109,3/1/24,4.3
E07000109,4/1/24,4.4
E07000109,5/1/24,4.3
E07000109,6/1/24,4.3
E07000109,7/1/24,4.7
E07000109,8/1/24,4.6
E07000109,9/1/24,4.6
E07000109,10/1/24,4.6
E07000109,11/1/24,4.4
E07000109,12/1/24,4.4
E07000109,1/1/25,4.4
E07000109,2/1/25,4.4
E07000109,3/1/25,4.4
E07000109,4/1/25,4.4
E07000109,5/1/25,4.3
E07000109,6/1/25,4.5
E07000109,7/1/25,4.4
E07000109,8/1/25,4.3
E07000109,9/1/25,4.3
E07000109,10/1/25,4.3
E07000109,11/1/25,4.1
E07000109,12/1/25,4.1
E07000109,1/1/26,4.1
E07000109,2/1/26,4.2
E07000110,1/1/18,1.2
E07000110,2/1/18,1.2
E07000110,3/1/18,1.2
E07000110,4/1/18,1.2
E07000110,5/1/18,1.2
E07000110,6/1/18,1.1
E07000110,7/1/18,1.1
E07000110,8/1/18,1.1
E07000110,9/1/18,1.1
E07000110,10/1/18,1.1
E07000110,11/1/18,1.1
E07000110,12/1/18,1.1
E07000110,1/1/19,1.2
E07000110,2/1/19,1.3
E07000110,3/1/19,1.4
E07000110,4/1/19,1.6
E07000110,5/1/19,1.6
E07000110,6/1/19,1.7
E07000110,7/1/19,1.8
E07000110,8/1/19,1.8
E07000110,9/1/19,1.9
E07000110,10/1/19,1.9
E07000110,11/1/19,2
E07000110,12/1/19,2
E07000110,1/1/20,2
E07000110,2/1/20,2.1
E07000110,3/1/20,2.1
E07000110,4/1/20,4
E07000110,5/1/20,5.4
E07000110,6/1/20,5
E07000110,7/1/20,5.1
E07000110,8/1/20,5.2
E07000110,9/1/20,5.1
E07000110,10/1/20,4.8
E07000110,11/1/20,4.9
E07000110,12/1/20,4.9
E07000110,1/1/21,4.7
E07000110,2/1/21,5
E07000110,3/1/21,5
E07000110,4/1/21,4.9
E07000110,5/1/21,4.6
E07000110,6/1/21,4.2
E07000110,7/1/21,4.1
E07000110,8/1/21,4.1
E07000110,9/1/21,3.9
E07000110,10/1/21,3.7
E07000110,11/1/21,3.6
E07000110,12/1/21,3.5
E07000110,1/1/22,3.4
E07000110,2/1/22,3.4
E07000110,3/1/22,3.2
E07000110,4/1/22,3
E07000110,5/1/22,2.8
E07000110,6/1/22,2.8
E07000110,7/1/22,2.7
E07000110,8/1/22,2.7
E07000110,9/1/22,2.7
E07000110,10/1/22,2.7
E07000110,11/1/22,2.7
E07000110,12/1/22,2.7
E07000110,1/1/23,2.7
E07000110,2/1/23,2.7
E07000110,3/1/23,2.7
E07000110,4/1/23,2.8
E07000110,5/1/23,2.7
E07000110,6/1/23,2.8
E07000110,7/1/23,2.8
E07000110,8/1/23,2.8
E07000110,9/1/23,2.8
E07000110,10/1/23,2.9
E07000110,11/1/23,2.9
E07000110,12/1/23,2.9
E07000110,1/1/24,2.9
E07000110,2/1/24,3
E07000110,3/1/24,3
E07000110,4/1/24,3
E07000110,5/1/24,3
E07000110,6/1/24,3
E07000110,7/1/24,3.3
E07000110,8/1/24,3.2
E07000110,9/1/24,3.3
E07000110,10/1/24,3.3
E07000110,11/1/24,3.1
E07000110,12/1/24,3.1
E07000110,1/1/25,3.1
E07000110,2/1/25,3.2
E07000110,3/1/25,3.2
E07000110,4/1/25,3.1
E07000110,5/1/25,3.2
E07000110,6/1/25,3.2
E07000110,7/1/25,3.1
E07000110,8/1/25,3.1
E07000110,9/1/25,3.2
E07000110,10/1/25,3.2
E07000110,11/1/25,3.2
E07000110,12/1/25,3.2
E07000110,1/1/26,3.3
E07000110,2/1/26,3.5
E07000111,1/1/18,0.8
E07000111,2/1/18,0.8
E07000111,3/1/18,0.8
E07000111,4/1/18,0.8
E07000111,5/1/18,0.8
E07000111,6/1/18,0.7
E07000111,7/1/18,0.7
E07000111,8/1/18,0.7
E07000111,9/1/18,0.7
E07000111,10/1/18,0.7
E07000111,11/1/18,0.7
E07000111,12/1/18,0.8
E07000111,1/1/19,0.9
E07000111,2/1/19,1
E07000111,3/1/19,1
E07000111,4/1/19,1
E07000111,5/1/19,1.1
E07000111,6/1/19,1.1
E07000111,7/1/19,1.2
E07000111,8/1/19,1.2
E07000111,9/1/19,1.3
E07000111,10/1/19,1.3
E07000111,11/1/19,1.3
E07000111,12/1/19,1.3
E07000111,1/1/20,1.3
E07000111,2/1/20,1.4
E07000111,3/1/20,1.4
E07000111,4/1/20,3.1
E07000111,5/1/20,4.3
E07000111,6/1/20,4
E07000111,7/1/20,4.1
E07000111,8/1/20,4.2
E07000111,9/1/20,4.2
E07000111,10/1/20,4
E07000111,11/1/20,4.1
E07000111,12/1/20,4.1
E07000111,1/1/21,3.9
E07000111,2/1/21,4.2
E07000111,3/1/21,4.1
E07000111,4/1/21,4.1
E07000111,5/1/21,3.7
E07000111,6/1/21,3.3
E07000111,7/1/21,3.3
E07000111,8/1/21,3.1
E07000111,9/1/21,2.9
E07000111,10/1/21,2.7
E07000111,11/1/21,2.6
E07000111,12/1/21,2.5
E07000111,1/1/22,2.4
E07000111,2/1/22,2.3
E07000111,3/1/22,2.2
E07000111,4/1/22,2.1
E07000111,5/1/22,2
E07000111,6/1/22,2
E07000111,7/1/22,2
E07000111,8/1/22,2
E07000111,9/1/22,1.9
E07000111,10/1/22,2
E07000111,11/1/22,2
E07000111,12/1/22,2
E07000111,1/1/23,2
E07000111,2/1/23,2
E07000111,3/1/23,2
E07000111,4/1/23,2.1
E07000111,5/1/23,2
E07000111,6/1/23,2
E07000111,7/1/23,1.9
E07000111,8/1/23,1.9
E07000111,9/1/23,2
E07000111,10/1/23,2.1
E07000111,11/1/23,2.1
E07000111,12/1/23,2.1
E07000111,1/1/24,2
E07000111,2/1/24,2.1
E07000111,3/1/24,2
E07000111,4/1/24,2
E07000111,5/1/24,2
E07000111,6/1/24,2.1
E07000111,7/1/24,2.2
E07000111,8/1/24,2.1
E07000111,9/1/24,2.2
E07000111,10/1/24,2.1
E07000111,11/1/24,2.1
E07000111,12/1/24,2.1
E07000111,1/1/25,2.1
E07000111,2/1/25,2.2
E07000111,3/1/25,2.2
E07000111,4/1/25,2.1
E07000111,5/1/25,2.1
E07000111,6/1/25,2.1
E07000111,7/1/25,2.1
E07000111,8/1/25,2.1
E07000111,9/1/25,2.2
E07000111,10/1/25,2.2
E07000111,11/1/25,2.2
E07000111,12/1/25,2.1
E07000111,1/1/26,2.2
E07000111,2/1/26,2.3
E07000112,1/1/18,2.3
E07000112,2/1/18,2.5
E07000112,3/1/18,2.5
E07000112,4/1/18,2.5
E07000112,5/1/18,2.5
E07000112,6/1/18,2.3
E07000112,7/1/18,2.3
E07000112,8/1/18,2.3
E07000112,9/1/18,2.5
E07000112,10/1/18,2.7
E07000112,11/1/18,2.8
E07000112,12/1/18,2.9
E07000112,1/1/19,3
E07000112,2/1/19,3.2
E07000112,3/1/19,3.3
E07000112,4/1/19,3.3
E07000112,5/1/19,3.4
E07000112,6/1/19,3.5
E07000112,7/1/19,3.4
E07000112,8/1/19,3.4
E07000112,9/1/19,3.5
E07000112,10/1/19,3.5
E07000112,11/1/19,3.6
E07000112,12/1/19,3.7
E07000112,1/1/20,3.8
E07000112,2/1/20,3.9
E07000112,3/1/20,3.8
E07000112,4/1/20,6.7
E07000112,5/1/20,7.7
E07000112,6/1/20,7.3
E07000112,7/1/20,7.5
E07000112,8/1/20,7.7
E07000112,9/1/20,7.7
E07000112,10/1/20,7.4
E07000112,11/1/20,7.5
E07000112,12/1/20,7.6
E07000112,1/1/21,7.4
E07000112,2/1/21,7.6
E07000112,3/1/21,7.4
E07000112,4/1/21,7.3
E07000112,5/1/21,6.8
E07000112,6/1/21,6.2
E07000112,7/1/21,6.1
E07000112,8/1/21,5.7
E07000112,9/1/21,5.5
E07000112,10/1/21,5.5
E07000112,11/1/21,5.3
E07000112,12/1/21,5.2
E07000112,1/1/22,5.1
E07000112,2/1/22,5.1
E07000112,3/1/22,4.8
E07000112,4/1/22,4.5
E07000112,5/1/22,4.3
E07000112,6/1/22,4.1
E07000112,7/1/22,4.1
E07000112,8/1/22,4
E07000112,9/1/22,4
E07000112,10/1/22,3.9
E07000112,11/1/22,4
E07000112,12/1/22,4
E07000112,1/1/23,4
E07000112,2/1/23,4
E07000112,3/1/23,4
E07000112,4/1/23,3.9
E07000112,5/1/23,3.8
E07000112,6/1/23,3.8
E07000112,7/1/23,3.8
E07000112,8/1/23,3.8
E07000112,9/1/23,3.8
E07000112,10/1/23,3.8
E07000112,11/1/23,3.9
E07000112,12/1/23,4
E07000112,1/1/24,4.1
E07000112,2/1/24,4.2
E07000112,3/1/24,4.1
E07000112,4/1/24,4
E07000112,5/1/24,3.9
E07000112,6/1/24,3.8
E07000112,7/1/24,4.1
E07000112,8/1/24,4.1
E07000112,9/1/24,4.1
E07000112,10/1/24,4.1
E07000112,11/1/24,4.1
E07000112,12/1/24,4.1
E07000112,1/1/25,4
E07000112,2/1/25,4.1
E07000112,3/1/25,4.1
E07000112,4/1/25,4
E07000112,5/1/25,3.9
E07000112,6/1/25,3.9
E07000112,7/1/25,3.7
E07000112,8/1/25,3.7
E07000112,9/1/25,3.7
E07000112,10/1/25,3.7
E07000112,11/1/25,3.8
E07000112,12/1/25,3.8
E07000112,1/1/26,3.8
E07000112,2/1/26,3.9
E07000113,1/1/18,2.2
E07000113,2/1/18,2.3
E07000113,3/1/18,2.5
E07000113,4/1/18,2.7
E07000113,5/1/18,2.7
E07000113,6/1/18,2.7
E07000113,7/1/18,2.7
E07000113,8/1/18,2.8
E07000113,9/1/18,2.9
E07000113,10/1/18,2.9
E07000113,11/1/18,3
E07000113,12/1/18,3
E07000113,1/1/19,3
E07000113,2/1/19,3.2
E07000113,3/1/19,3.2
E07000113,4/1/19,3.2
E07000113,5/1/19,3.2
E07000113,6/1/19,3.2
E07000113,7/1/19,3.2
E07000113,8/1/19,3.2
E07000113,9/1/19,3.3
E07000113,10/1/19,3.4
E07000113,11/1/19,3.4
E07000113,12/1/19,3.4
E07000113,1/1/20,3.5
E07000113,2/1/20,3.5
E07000113,3/1/20,3.6
E07000113,4/1/20,6
E07000113,5/1/20,6.9
E07000113,6/1/20,6.6
E07000113,7/1/20,6.6
E07000113,8/1/20,6.6
E07000113,9/1/20,6.6
E07000113,10/1/20,6.3
E07000113,11/1/20,6.4
E07000113,12/1/20,6.4
E07000113,1/1/21,6.2
E07000113,2/1/21,6.4
E07000113,3/1/21,6.4
E07000113,4/1/21,6.3
E07000113,5/1/21,5.9
E07000113,6/1/21,5.5
E07000113,7/1/21,5.4
E07000113,8/1/21,5.2
E07000113,9/1/21,5.1
E07000113,10/1/21,4.8
E07000113,11/1/21,4.7
E07000113,12/1/21,4.5
E07000113,1/1/22,4.4
E07000113,2/1/22,4.4
E07000113,3/1/22,4.2
E07000113,4/1/22,4
E07000113,5/1/22,3.8
E07000113,6/1/22,3.6
E07000113,7/1/22,3.5
E07000113,8/1/22,3.5
E07000113,9/1/22,3.5
E07000113,10/1/22,3.5
E07000113,11/1/22,3.5
E07000113,12/1/22,3.6
E07000113,1/1/23,3.6
E07000113,2/1/23,3.7
E07000113,3/1/23,3.6
E07000113,4/1/23,3.6
E07000113,5/1/23,3.5
E07000113,6/1/23,3.4
E07000113,7/1/23,3.5
E07000113,8/1/23,3.4
E07000113,9/1/23,3.4
E07000113,10/1/23,3.5
E07000113,11/1/23,3.6
E07000113,12/1/23,3.6
E07000113,1/1/24,3.6
E07000113,2/1/24,3.7
E07000113,3/1/24,3.6
E07000113,4/1/24,3.6
E07000113,5/1/24,3.6
E07000113,6/1/24,3.5
E07000113,7/1/24,3.7
E07000113,8/1/24,3.7
E07000113,9/1/24,3.7
E07000113,10/1/24,3.6
E07000113,11/1/24,3.6
E07000113,12/1/24,3.5
E07000113,1/1/25,3.5
E07000113,2/1/25,3.6
E07000113,3/1/25,3.6
E07000113,4/1/25,3.5
E07000113,5/1/25,3.4
E07000113,6/1/25,3.4
E07000113,7/1/25,3.4
E07000113,8/1/25,3.4
E07000113,9/1/25,3.5
E07000113,10/1/25,3.5
E07000113,11/1/25,3.4
E07000113,12/1/25,3.5
E07000113,1/1/26,3.5
E07000113,2/1/26,3.8
E07000114,1/1/18,4.2
E07000114,2/1/18,4.4
E07000114,3/1/18,4.5
E07000114,4/1/18,5
E07000114,5/1/18,4.9
E07000114,6/1/18,4.8
E07000114,7/1/18,4.8
E07000114,8/1/18,4.8
E07000114,9/1/18,4.8
E07000114,10/1/18,4.9
E07000114,11/1/18,5
E07000114,12/1/18,5.1
E07000114,1/1/19,5.2
E07000114,2/1/19,5.4
E07000114,3/1/19,5.4
E07000114,4/1/19,5.3
E07000114,5/1/19,5.3
E07000114,6/1/19,5.3
E07000114,7/1/19,5.3
E07000114,8/1/19,5.3
E07000114,9/1/19,5.2
E07000114,10/1/19,5.3
E07000114,11/1/19,5.3
E07000114,12/1/19,5.3
E07000114,1/1/20,5.5
E07000114,2/1/20,5.7
E07000114,3/1/20,5.7
E07000114,4/1/20,9
E07000114,5/1/20,10.8
E07000114,6/1/20,10.2
E07000114,7/1/20,10.4
E07000114,8/1/20,10.6
E07000114,9/1/20,10.4
E07000114,10/1/20,9.9
E07000114,11/1/20,10.2
E07000114,12/1/20,10.1
E07000114,1/1/21,9.6
E07000114,2/1/21,9.9
E07000114,3/1/21,9.6
E07000114,4/1/21,9.5
E07000114,5/1/21,9.1
E07000114,6/1/21,8.5
E07000114,7/1/21,8.3
E07000114,8/1/21,8
E07000114,9/1/21,7.6
E07000114,10/1/21,7.4
E07000114,11/1/21,7.2
E07000114,12/1/21,7.1
E07000114,1/1/22,7.1
E07000114,2/1/22,7.1
E07000114,3/1/22,6.7
E07000114,4/1/22,6.3
E07000114,5/1/22,6.1
E07000114,6/1/22,5.8
E07000114,7/1/22,5.7
E07000114,8/1/22,5.6
E07000114,9/1/22,5.6
E07000114,10/1/22,5.6
E07000114,11/1/22,5.6
E07000114,12/1/22,5.7
E07000114,1/1/23,5.6
E07000114,2/1/23,5.6
E07000114,3/1/23,5.7
E07000114,4/1/23,5.8
E07000114,5/1/23,5.5
E07000114,6/1/23,5.6
E07000114,7/1/23,5.5
E07000114,8/1/23,5.4
E07000114,9/1/23,5.3
E07000114,10/1/23,5.3
E07000114,11/1/23,5.4
E07000114,12/1/23,5.5
E07000114,1/1/24,5.5
E07000114,2/1/24,5.6
E07000114,3/1/24,5.5
E07000114,4/1/24,5.3
E07000114,5/1/24,5.2
E07000114,6/1/24,5.1
E07000114,7/1/24,5.5
E07000114,8/1/24,5.5
E07000114,9/1/24,5.4
E07000114,10/1/24,5.5
E07000114,11/1/24,5.5
E07000114,12/1/24,5.5
E07000114,1/1/25,5.4
E07000114,2/1/25,5.5
E07000114,3/1/25,5.5
E07000114,4/1/25,5.4
E07000114,5/1/25,5.3
E07000114,6/1/25,5.1
E07000114,7/1/25,4.9
E07000114,8/1/25,4.9
E07000114,9/1/25,4.9
E07000114,10/1/25,5
E07000114,11/1/25,5.2
E07000114,12/1/25,5.2
E07000114,1/1/26,5.2
E07000114,2/1/26,5.4
E07000115,1/1/18,1
E07000115,2/1/18,1
E07000115,3/1/18,1
E07000115,4/1/18,1
E07000115,5/1/18,0.9
E07000115,6/1/18,0.9
E07000115,7/1/18,0.9
E07000115,8/1/18,0.9
E07000115,9/1/18,0.9
E07000115,10/1/18,0.8
E07000115,11/1/18,0.8
E07000115,12/1/18,0.8
E07000115,1/1/19,0.9
E07000115,2/1/19,1
E07000115,3/1/19,1
E07000115,4/1/19,1.1
E07000115,5/1/19,1.1
E07000115,6/1/19,1.2
E07000115,7/1/19,1.3
E07000115,8/1/19,1.4
E07000115,9/1/19,1.4
E07000115,10/1/19,1.5
E07000115,11/1/19,1.5
E07000115,12/1/19,1.5
E07000115,1/1/20,1.5
E07000115,2/1/20,1.6
E07000115,3/1/20,1.6
E07000115,4/1/20,3.2
E07000115,5/1/20,4.4
E07000115,6/1/20,4.1
E07000115,7/1/20,4.2
E07000115,8/1/20,4.3
E07000115,9/1/20,4.4
E07000115,10/1/20,4.2
E07000115,11/1/20,4.1
E07000115,12/1/20,4.1
E07000115,1/1/21,4
E07000115,2/1/21,4.2
E07000115,3/1/21,4.1
E07000115,4/1/21,4.1
E07000115,5/1/21,3.8
E07000115,6/1/21,3.4
E07000115,7/1/21,3.4
E07000115,8/1/21,3.2
E07000115,9/1/21,3
E07000115,10/1/21,2.8
E07000115,11/1/21,2.7
E07000115,12/1/21,2.5
E07000115,1/1/22,2.4
E07000115,2/1/22,2.4
E07000115,3/1/22,2.3
E07000115,4/1/22,2.1
E07000115,5/1/22,2.1
E07000115,6/1/22,2
E07000115,7/1/22,2
E07000115,8/1/22,2
E07000115,9/1/22,1.9
E07000115,10/1/22,2
E07000115,11/1/22,2
E07000115,12/1/22,2.1
E07000115,1/1/23,2
E07000115,2/1/23,2
E07000115,3/1/23,2.1
E07000115,4/1/23,2.1
E07000115,5/1/23,2
E07000115,6/1/23,2
E07000115,7/1/23,2.1
E07000115,8/1/23,2.1
E07000115,9/1/23,2.1
E07000115,10/1/23,2.1
E07000115,11/1/23,2.1
E07000115,12/1/23,2.2
E07000115,1/1/24,2.1
E07000115,2/1/24,2.2
E07000115,3/1/24,2.2
E07000115,4/1/24,2.1
E07000115,5/1/24,2.1
E07000115,6/1/24,2.1
E07000115,7/1/24,2.3
E07000115,8/1/24,2.2
E07000115,9/1/24,2.3
E07000115,10/1/24,2.3
E07000115,11/1/24,2.2
E07000115,12/1/24,2.2
E07000115,1/1/25,2.2
E07000115,2/1/25,2.4
E07000115,3/1/25,2.3
E07000115,4/1/25,2.3
E07000115,5/1/25,2.3
E07000115,6/1/25,2.4
E07000115,7/1/25,2.3
E07000115,8/1/25,2.3
E07000115,9/1/25,2.3
E07000115,10/1/25,2.4
E07000115,11/1/25,2.4
E07000115,12/1/25,2.3
E07000115,1/1/26,2.4
E07000115,2/1/26,2.5
E07000116,1/1/18,1
E07000116,2/1/18,1
E07000116,3/1/18,1
E07000116,4/1/18,0.9
E07000116,5/1/18,0.9
E07000116,6/1/18,0.9
E07000116,7/1/18,0.8
E07000116,8/1/18,0.8
E07000116,9/1/18,0.8
E07000116,10/1/18,0.8
E07000116,11/1/18,0.8
E07000116,12/1/18,0.8
E07000116,1/1/19,0.9
E07000116,2/1/19,1
E07000116,3/1/19,1.2
E07000116,4/1/19,1.2
E07000116,5/1/19,1.2
E07000116,6/1/19,1.3
E07000116,7/1/19,1.3
E07000116,8/1/19,1.3
E07000116,9/1/19,1.4
E07000116,10/1/19,1.5
E07000116,11/1/19,1.5
E07000116,12/1/19,1.5
E07000116,1/1/20,1.6
E07000116,2/1/20,1.6
E07000116,3/1/20,1.6
E07000116,4/1/20,3.3
E07000116,5/1/20,4.7
E07000116,6/1/20,4.3
E07000116,7/1/20,4.5
E07000116,8/1/20,4.7
E07000116,9/1/20,4.6
E07000116,10/1/20,4.4
E07000116,11/1/20,4.4
E07000116,12/1/20,4.4
E07000116,1/1/21,4.4
E07000116,2/1/21,4.6
E07000116,3/1/21,4.6
E07000116,4/1/21,4.4
E07000116,5/1/21,4
E07000116,6/1/21,3.6
E07000116,7/1/21,3.6
E07000116,8/1/21,3.4
E07000116,9/1/21,3.2
E07000116,10/1/21,3.1
E07000116,11/1/21,3
E07000116,12/1/21,2.8
E07000116,1/1/22,2.8
E07000116,2/1/22,2.7
E07000116,3/1/22,2.7
E07000116,4/1/22,2.5
E07000116,5/1/22,2.4
E07000116,6/1/22,2.3
E07000116,7/1/22,2.3
E07000116,8/1/22,2.3
E07000116,9/1/22,2.3
E07000116,10/1/22,2.3
E07000116,11/1/22,2.2
E07000116,12/1/22,2.2
E07000116,1/1/23,2.2
E07000116,2/1/23,2.2
E07000116,3/1/23,2.3
E07000116,4/1/23,2.3
E07000116,5/1/23,2.3
E07000116,6/1/23,2.4
E07000116,7/1/23,2.3
E07000116,8/1/23,2.4
E07000116,9/1/23,2.3
E07000116,10/1/23,2.3
E07000116,11/1/23,2.3
E07000116,12/1/23,2.3
E07000116,1/1/24,2.2
E07000116,2/1/24,2.3
E07000116,3/1/24,2.3
E07000116,4/1/24,2.3
E07000116,5/1/24,2.3
E07000116,6/1/24,2.3
E07000116,7/1/24,2.5
E07000116,8/1/24,2.5
E07000116,9/1/24,2.6
E07000116,10/1/24,2.6
E07000116,11/1/24,2.6
E07000116,12/1/24,2.5
E07000116,1/1/25,2.5
E07000116,2/1/25,2.5
E07000116,3/1/25,2.5
E07000116,4/1/25,2.4
E07000116,5/1/25,2.4
E07000116,6/1/25,2.3
E07000116,7/1/25,2.3
E07000116,8/1/25,2.3
E07000116,9/1/25,2.4
E07000116,10/1/25,2.4
E07000116,11/1/25,2.4
E07000116,12/1/25,2.3
E07000116,1/1/26,2.3
E07000116,2/1/26,2.5
E07000117,1/1/18,4.1
E07000117,2/1/18,4.4
E07000117,3/1/18,4.5
E07000117,4/1/18,4.9
E07000117,5/1/18,4.6
E07000117,6/1/18,4.6
E07000117,7/1/18,4.6
E07000117,8/1/18,4.7
E07000117,9/1/18,4.6
E07000117,10/1/18,4.8
E07000117,11/1/18,4.8
E07000117,12/1/18,4.8
E07000117,1/1/19,4.8
E07000117,2/1/19,5
E07000117,3/1/19,4.9
E07000117,4/1/19,4.9
E07000117,5/1/19,4.8
E07000117,6/1/19,4.8
E07000117,7/1/19,4.8
E07000117,8/1/19,4.8
E07000117,9/1/19,4.8
E07000117,10/1/19,4.8
E07000117,11/1/19,4.8
E07000117,12/1/19,4.9
E07000117,1/1/20,4.9
E07000117,2/1/20,4.9
E07000117,3/1/20,5
E07000117,4/1/20,7
E07000117,5/1/20,8.3
E07000117,6/1/20,8.2
E07000117,7/1/20,8.3
E07000117,8/1/20,8.3
E07000117,9/1/20,8.2
E07000117,10/1/20,8.1
E07000117,11/1/20,8.1
E07000117,12/1/20,8.2
E07000117,1/1/21,8.1
E07000117,2/1/21,8.5
E07000117,3/1/21,8.5
E07000117,4/1/21,8.3
E07000117,5/1/21,7.8
E07000117,6/1/21,7.5
E07000117,7/1/21,7.3
E07000117,8/1/21,7.1
E07000117,9/1/21,6.9
E07000117,10/1/21,6.6
E07000117,11/1/21,6.2
E07000117,12/1/21,6
E07000117,1/1/22,5.7
E07000117,2/1/22,5.7
E07000117,3/1/22,5.3
E07000117,4/1/22,5
E07000117,5/1/22,5
E07000117,6/1/22,4.9
E07000117,7/1/22,5
E07000117,8/1/22,5
E07000117,9/1/22,4.9
E07000117,10/1/22,4.9
E07000117,11/1/22,5
E07000117,12/1/22,5.1
E07000117,1/1/23,5
E07000117,2/1/23,5.1
E07000117,3/1/23,5.3
E07000117,4/1/23,5.5
E07000117,5/1/23,5.2
E07000117,6/1/23,5.2
E07000117,7/1/23,5.3
E07000117,8/1/23,5.3
E07000117,9/1/23,5.2
E07000117,10/1/23,5.3
E07000117,11/1/23,5.3
E07000117,12/1/23,5.4
E07000117,1/1/24,5.5
E07000117,2/1/24,5.7
E07000117,3/1/24,5.9
E07000117,4/1/24,6
E07000117,5/1/24,6
E07000117,6/1/24,5.9
E07000117,7/1/24,6.6
E07000117,8/1/24,6.6
E07000117,9/1/24,6.5
E07000117,10/1/24,6.4
E07000117,11/1/24,6.2
E07000117,12/1/24,6.3
E07000117,1/1/25,6.1
E07000117,2/1/25,6.1
E07000117,3/1/25,6.1
E07000117,4/1/25,5.8
E07000117,5/1/25,5.7
E07000117,6/1/25,5.7
E07000117,7/1/25,5.5
E07000117,8/1/25,5.5
E07000117,9/1/25,5.4
E07000117,10/1/25,5.5
E07000117,11/1/25,5.5
E07000117,12/1/25,5.4
E07000117,1/1/26,5.5
E07000117,2/1/26,5.8
E07000118,1/1/18,1.6
E07000118,2/1/18,1.6
E07000118,3/1/18,1.6
E07000118,4/1/18,1.6
E07000118,5/1/18,1.6
E07000118,6/1/18,1.6
E07000118,7/1/18,1.5
E07000118,8/1/18,1.5
E07000118,9/1/18,1.5
E07000118,10/1/18,1.6
E07000118,11/1/18,1.7
E07000118,12/1/18,1.8
E07000118,1/1/19,1.9
E07000118,2/1/19,2
E07000118,3/1/19,2
E07000118,4/1/19,2
E07000118,5/1/19,2
E07000118,6/1/19,2
E07000118,7/1/19,2
E07000118,8/1/19,2.1
E07000118,9/1/19,2.1
E07000118,10/1/19,2.2
E07000118,11/1/19,2.2
E07000118,12/1/19,2.2
E07000118,1/1/20,2.2
E07000118,2/1/20,2.3
E07000118,3/1/20,2.3
E07000118,4/1/20,4.2
E07000118,5/1/20,5
E07000118,6/1/20,4.7
E07000118,7/1/20,4.7
E07000118,8/1/20,4.7
E07000118,9/1/20,4.6
E07000118,10/1/20,4.3
E07000118,11/1/20,4.4
E07000118,12/1/20,4.3
E07000118,1/1/21,4.2
E07000118,2/1/21,4.5
E07000118,3/1/21,4.4
E07000118,4/1/21,4.3
E07000118,5/1/21,4
E07000118,6/1/21,3.7
E07000118,7/1/21,3.6
E07000118,8/1/21,3.4
E07000118,9/1/21,3.3
E07000118,10/1/21,3.2
E07000118,11/1/21,3.1
E07000118,12/1/21,2.9
E07000118,1/1/22,2.9
E07000118,2/1/22,2.9
E07000118,3/1/22,2.8
E07000118,4/1/22,2.6
E07000118,5/1/22,2.6
E07000118,6/1/22,2.5
E07000118,7/1/22,2.5
E07000118,8/1/22,2.5
E07000118,9/1/22,2.5
E07000118,10/1/22,2.5
E07000118,11/1/22,2.6
E07000118,12/1/22,2.6
E07000118,1/1/23,2.5
E07000118,2/1/23,2.6
E07000118,3/1/23,2.7
E07000118,4/1/23,2.6
E07000118,5/1/23,2.5
E07000118,6/1/23,2.4
E07000118,7/1/23,2.4
E07000118,8/1/23,2.3
E07000118,9/1/23,2.3
E07000118,10/1/23,2.3
E07000118,11/1/23,2.4
E07000118,12/1/23,2.4
E07000118,1/1/24,2.4
E07000118,2/1/24,2.5
E07000118,3/1/24,2.6
E07000118,4/1/24,2.5
E07000118,5/1/24,2.6
E07000118,6/1/24,2.5
E07000118,7/1/24,2.7
E07000118,8/1/24,2.7
E07000118,9/1/24,2.7
E07000118,10/1/24,2.6
E07000118,11/1/24,2.6
E07000118,12/1/24,2.5
E07000118,1/1/25,2.5
E07000118,2/1/25,2.5
E07000118,3/1/25,2.4
E07000118,4/1/25,2.4
E07000118,5/1/25,2.3
E07000118,6/1/25,2.4
E07000118,7/1/25,2.3
E07000118,8/1/25,2.4
E07000118,9/1/25,2.4
E07000118,10/1/25,2.4
E07000118,11/1/25,2.2
E07000118,12/1/25,2.2
E07000118,1/1/26,2.3
E07000118,2/1/26,2.4
E07000119,1/1/18,1.4
E07000119,2/1/18,1.5
E07000119,3/1/18,1.5
E07000119,4/1/18,1.5
E07000119,5/1/18,1.4
E07000119,6/1/18,1.3
E07000119,7/1/18,1.3
E07000119,8/1/18,1.3
E07000119,9/1/18,1.3
E07000119,10/1/18,1.3
E07000119,11/1/18,1.3
E07000119,12/1/18,1.4
E07000119,1/1/19,1.5
E07000119,2/1/19,1.6
E07000119,3/1/19,1.7
E07000119,4/1/19,1.7
E07000119,5/1/19,1.8
E07000119,6/1/19,1.9
E07000119,7/1/19,2
E07000119,8/1/19,2
E07000119,9/1/19,2.1
E07000119,10/1/19,2.2
E07000119,11/1/19,2.3
E07000119,12/1/19,2.2
E07000119,1/1/20,2.3
E07000119,2/1/20,2.3
E07000119,3/1/20,2.3
E07000119,4/1/20,4.9
E07000119,5/1/20,6
E07000119,6/1/20,5.6
E07000119,7/1/20,5.7
E07000119,8/1/20,5.7
E07000119,9/1/20,5.4
E07000119,10/1/20,5.3
E07000119,11/1/20,5.4
E07000119,12/1/20,5.4
E07000119,1/1/21,5.1
E07000119,2/1/21,5.3
E07000119,3/1/21,5.2
E07000119,4/1/21,4.9
E07000119,5/1/21,4.6
E07000119,6/1/21,4.1
E07000119,7/1/21,4
E07000119,8/1/21,3.8
E07000119,9/1/21,3.5
E07000119,10/1/21,3.4
E07000119,11/1/21,3.4
E07000119,12/1/21,3.2
E07000119,1/1/22,3.3
E07000119,2/1/22,3.2
E07000119,3/1/22,3.1
E07000119,4/1/22,2.9
E07000119,5/1/22,2.8
E07000119,6/1/22,2.7
E07000119,7/1/22,2.7
E07000119,8/1/22,2.7
E07000119,9/1/22,2.6
E07000119,10/1/22,2.6
E07000119,11/1/22,2.6
E07000119,12/1/22,2.8
E07000119,1/1/23,2.7
E07000119,2/1/23,2.8
E07000119,3/1/23,2.9
E07000119,4/1/23,2.8
E07000119,5/1/23,2.6
E07000119,6/1/23,2.6
E07000119,7/1/23,2.6
E07000119,8/1/23,2.5
E07000119,9/1/23,2.4
E07000119,10/1/23,2.4
E07000119,11/1/23,2.5
E07000119,12/1/23,2.8
E07000119,1/1/24,2.8
E07000119,2/1/24,2.8
E07000119,3/1/24,2.7
E07000119,4/1/24,2.7
E07000119,5/1/24,2.6
E07000119,6/1/24,2.6
E07000119,7/1/24,2.8
E07000119,8/1/24,2.8
E07000119,9/1/24,2.8
E07000119,10/1/24,2.8
E07000119,11/1/24,2.8
E07000119,12/1/24,2.7
E07000119,1/1/25,2.8
E07000119,2/1/25,2.9
E07000119,3/1/25,2.8
E07000119,4/1/25,2.8
E07000119,5/1/25,2.7
E07000119,6/1/25,2.7
E07000119,7/1/25,2.6
E07000119,8/1/25,2.6
E07000119,9/1/25,2.6
E07000119,10/1/25,2.5
E07000119,11/1/25,2.6
E07000119,12/1/25,2.7
E07000119,1/1/26,2.7
E07000119,2/1/26,2.9
E07000120,1/1/18,2.7
E07000120,2/1/18,2.9
E07000120,3/1/18,2.9
E07000120,4/1/18,2.9
E07000120,5/1/18,3.1
E07000120,6/1/18,3.3
E07000120,7/1/18,3.4
E07000120,8/1/18,3.6
E07000120,9/1/18,3.7
E07000120,10/1/18,3.6
E07000120,11/1/18,3.6
E07000120,12/1/18,3.6
E07000120,1/1/19,3.7
E07000120,2/1/19,4
E07000120,3/1/19,4
E07000120,4/1/19,4
E07000120,5/1/19,4
E07000120,6/1/19,4.1
E07000120,7/1/19,4.1
E07000120,8/1/19,4.3
E07000120,9/1/19,4.2
E07000120,10/1/19,4.3
E07000120,11/1/19,4.2
E07000120,12/1/19,4.3
E07000120,1/1/20,4.2
E07000120,2/1/20,4.4
E07000120,3/1/20,4.4
E07000120,4/1/20,7.1
E07000120,5/1/20,8
E07000120,6/1/20,7.8
E07000120,7/1/20,7.9
E07000120,8/1/20,8
E07000120,9/1/20,7.8
E07000120,10/1/20,7.5
E07000120,11/1/20,7.7
E07000120,12/1/20,7.6
E07000120,1/1/21,7.7
E07000120,2/1/21,8.2
E07000120,3/1/21,8
E07000120,4/1/21,7.9
E07000120,5/1/21,7.5
E07000120,6/1/21,7.1
E07000120,7/1/21,7
E07000120,8/1/21,6.8
E07000120,9/1/21,6.6
E07000120,10/1/21,6.2
E07000120,11/1/21,6
E07000120,12/1/21,5.8
E07000120,1/1/22,5.6
E07000120,2/1/22,5.7
E07000120,3/1/22,5.5
E07000120,4/1/22,5.3
E07000120,5/1/22,5.2
E07000120,6/1/22,5.3
E07000120,7/1/22,5.2
E07000120,8/1/22,5.2
E07000120,9/1/22,5.2
E07000120,10/1/22,5.1
E07000120,11/1/22,5
E07000120,12/1/22,5.2
E07000120,1/1/23,5.2
E07000120,2/1/23,5.4
E07000120,3/1/23,5.6
E07000120,4/1/23,5.6
E07000120,5/1/23,5.3
E07000120,6/1/23,5.4
E07000120,7/1/23,5.3
E07000120,8/1/23,5.2
E07000120,9/1/23,5.1
E07000120,10/1/23,5.1
E07000120,11/1/23,5.1
E07000120,12/1/23,5.1
E07000120,1/1/24,5.2
E07000120,2/1/24,5.4
E07000120,3/1/24,5.7
E07000120,4/1/24,5.7
E07000120,5/1/24,6
E07000120,6/1/24,5.9
E07000120,7/1/24,6.2
E07000120,8/1/24,6.2
E07000120,9/1/24,5.9
E07000120,10/1/24,5.9
E07000120,11/1/24,5.8
E07000120,12/1/24,5.7
E07000120,1/1/25,5.6
E07000120,2/1/25,5.8
E07000120,3/1/25,5.6
E07000120,4/1/25,5.5
E07000120,5/1/25,5.3
E07000120,6/1/25,5.4
E07000120,7/1/25,5.3
E07000120,8/1/25,5.2
E07000120,9/1/25,5.2
E07000120,10/1/25,5.2
E07000120,11/1/25,5.2
E07000120,12/1/25,5.2
E07000120,1/1/26,5.3
E07000120,2/1/26,5.5
E07000121,1/1/18,2.7
E07000121,2/1/18,2.9
E07000121,3/1/18,3
E07000121,4/1/18,3.2
E07000121,5/1/18,3
E07000121,6/1/18,2.9
E07000121,7/1/18,2.9
E07000121,8/1/18,2.9
E07000121,9/1/18,2.9
E07000121,10/1/18,2.9
E07000121,11/1/18,3
E07000121,12/1/18,3
E07000121,1/1/19,3
E07000121,2/1/19,3.1
E07000121,3/1/19,3.2
E07000121,4/1/19,3.2
E07000121,5/1/19,3.1
E07000121,6/1/19,3.1
E07000121,7/1/19,3
E07000121,8/1/19,3.1
E07000121,9/1/19,3.1
E07000121,10/1/19,3.2
E07000121,11/1/19,3.1
E07000121,12/1/19,3.2
E07000121,1/1/20,3.2
E07000121,2/1/20,3.2
E07000121,3/1/20,3.2
E07000121,4/1/20,5.2
E07000121,5/1/20,5.8
E07000121,6/1/20,5.7
E07000121,7/1/20,5.7
E07000121,8/1/20,5.7
E07000121,9/1/20,5.6
E07000121,10/1/20,5.4
E07000121,11/1/20,5.4
E07000121,12/1/20,5.5
E07000121,1/1/21,5.3
E07000121,2/1/21,5.5
E07000121,3/1/21,5.5
E07000121,4/1/21,5.4
E07000121,5/1/21,5
E07000121,6/1/21,4.6
E07000121,7/1/21,4.6
E07000121,8/1/21,4.3
E07000121,9/1/21,4.1
E07000121,10/1/21,4
E07000121,11/1/21,3.9
E07000121,12/1/21,3.8
E07000121,1/1/22,3.6
E07000121,2/1/22,3.5
E07000121,3/1/22,3.4
E07000121,4/1/22,3.1
E07000121,5/1/22,3
E07000121,6/1/22,2.9
E07000121,7/1/22,2.8
E07000121,8/1/22,2.8
E07000121,9/1/22,2.8
E07000121,10/1/22,2.9
E07000121,11/1/22,3
E07000121,12/1/22,3
E07000121,1/1/23,3
E07000121,2/1/23,3.1
E07000121,3/1/23,3.1
E07000121,4/1/23,3.1
E07000121,5/1/23,2.9
E07000121,6/1/23,3
E07000121,7/1/23,3
E07000121,8/1/23,3
E07000121,9/1/23,2.9
E07000121,10/1/23,2.9
E07000121,11/1/23,2.9
E07000121,12/1/23,2.9
E07000121,1/1/24,2.9
E07000121,2/1/24,3
E07000121,3/1/24,3
E07000121,4/1/24,3
E07000121,5/1/24,2.9
E07000121,6/1/24,2.9
E07000121,7/1/24,3.1
E07000121,8/1/24,3.1
E07000121,9/1/24,3.1
E07000121,10/1/24,3.1
E07000121,11/1/24,3.1
E07000121,12/1/24,3.1
E07000121,1/1/25,3.1
E07000121,2/1/25,3.2
E07000121,3/1/25,3.1
E07000121,4/1/25,3
E07000121,5/1/25,2.9
E07000121,6/1/25,2.9
E07000121,7/1/25,2.9
E07000121,8/1/25,2.8
E07000121,9/1/25,2.8
E07000121,10/1/25,2.8
E07000121,11/1/25,2.9
E07000121,12/1/25,2.8
E07000121,1/1/26,2.9
E07000121,2/1/26,3
E07000122,1/1/18,2
E07000122,2/1/18,2.1
E07000122,3/1/18,2.2
E07000122,4/1/18,2.2
E07000122,5/1/18,2.1
E07000122,6/1/18,2.1
E07000122,7/1/18,2.1
E07000122,8/1/18,2
E07000122,9/1/18,2
E07000122,10/1/18,2
E07000122,11/1/18,2.1
E07000122,12/1/18,2.1
E07000122,1/1/19,2.3
E07000122,2/1/19,2.4
E07000122,3/1/19,2.4
E07000122,4/1/19,2.5
E07000122,5/1/19,2.6
E07000122,6/1/19,2.9
E07000122,7/1/19,2.9
E07000122,8/1/19,3
E07000122,9/1/19,3.1
E07000122,10/1/19,3.2
E07000122,11/1/19,3.3
E07000122,12/1/19,3.4
E07000122,1/1/20,3.5
E07000122,2/1/20,3.6
E07000122,3/1/20,3.6
E07000122,4/1/20,5.7
E07000122,5/1/20,6.9
E07000122,6/1/20,6.8
E07000122,7/1/20,6.8
E07000122,8/1/20,6.9
E07000122,9/1/20,6.9
E07000122,10/1/20,6.7
E07000122,11/1/20,6.8
E07000122,12/1/20,7
E07000122,1/1/21,6.9
E07000122,2/1/21,7.2
E07000122,3/1/21,7.2
E07000122,4/1/21,7.2
E07000122,5/1/21,6.8
E07000122,6/1/21,6.5
E07000122,7/1/21,6.4
E07000122,8/1/21,6.2
E07000122,9/1/21,6
E07000122,10/1/21,5.7
E07000122,11/1/21,5.5
E07000122,12/1/21,5.3
E07000122,1/1/22,5.2
E07000122,2/1/22,5.2
E07000122,3/1/22,5
E07000122,4/1/22,4.8
E07000122,5/1/22,4.7
E07000122,6/1/22,4.6
E07000122,7/1/22,4.6
E07000122,8/1/22,4.7
E07000122,9/1/22,4.6
E07000122,10/1/22,4.6
E07000122,11/1/22,4.7
E07000122,12/1/22,4.8
E07000122,1/1/23,4.7
E07000122,2/1/23,4.9
E07000122,3/1/23,5
E07000122,4/1/23,5.1
E07000122,5/1/23,5
E07000122,6/1/23,5
E07000122,7/1/23,5
E07000122,8/1/23,4.9
E07000122,9/1/23,4.8
E07000122,10/1/23,4.8
E07000122,11/1/23,4.9
E07000122,12/1/23,5.1
E07000122,1/1/24,5.3
E07000122,2/1/24,5.6
E07000122,3/1/24,6
E07000122,4/1/24,6.2
E07000122,5/1/24,6.4
E07000122,6/1/24,6.5
E07000122,7/1/24,7.1
E07000122,8/1/24,6.9
E07000122,9/1/24,6.9
E07000122,10/1/24,6.9
E07000122,11/1/24,6.8
E07000122,12/1/24,6.8
E07000122,1/1/25,6.6
E07000122,2/1/25,6.6
E07000122,3/1/25,6.3
E07000122,4/1/25,6.2
E07000122,5/1/25,6.1
E07000122,6/1/25,6
E07000122,7/1/25,5.8
E07000122,8/1/25,5.8
E07000122,9/1/25,5.6
E07000122,10/1/25,5.6
E07000122,11/1/25,5.5
E07000122,12/1/25,5.4
E07000122,1/1/26,5.5
E07000122,2/1/26,5.8
E07000123,1/1/18,2.3
E07000123,2/1/18,2.4
E07000123,3/1/18,2.4
E07000123,4/1/18,2.5
E07000123,5/1/18,2.4
E07000123,6/1/18,2.4
E07000123,7/1/18,2.4
E07000123,8/1/18,2.3
E07000123,9/1/18,2.3
E07000123,10/1/18,2.4
E07000123,11/1/18,2.6
E07000123,12/1/18,2.7
E07000123,1/1/19,2.8
E07000123,2/1/19,2.9
E07000123,3/1/19,3.1
E07000123,4/1/19,3.2
E07000123,5/1/19,3.2
E07000123,6/1/19,3.3
E07000123,7/1/19,3.3
E07000123,8/1/19,3.4
E07000123,9/1/19,3.4
E07000123,10/1/19,3.4
E07000123,11/1/19,3.5
E07000123,12/1/19,3.5
E07000123,1/1/20,3.5
E07000123,2/1/20,3.6
E07000123,3/1/20,3.7
E07000123,4/1/20,5.6
E07000123,5/1/20,6.7
E07000123,6/1/20,6.5
E07000123,7/1/20,6.7
E07000123,8/1/20,6.7
E07000123,9/1/20,6.5
E07000123,10/1/20,6.4
E07000123,11/1/20,6.5
E07000123,12/1/20,6.5
E07000123,1/1/21,6.3
E07000123,2/1/21,6.6
E07000123,3/1/21,6.6
E07000123,4/1/21,6.4
E07000123,5/1/21,6.1
E07000123,6/1/21,5.8
E07000123,7/1/21,5.6
E07000123,8/1/21,5.5
E07000123,9/1/21,5.3
E07000123,10/1/21,5
E07000123,11/1/21,4.9
E07000123,12/1/21,4.7
E07000123,1/1/22,4.5
E07000123,2/1/22,4.5
E07000123,3/1/22,4.4
E07000123,4/1/22,4.2
E07000123,5/1/22,4.2
E07000123,6/1/22,4.2
E07000123,7/1/22,4
E07000123,8/1/22,4
E07000123,9/1/22,4.1
E07000123,10/1/22,4
E07000123,11/1/22,4
E07000123,12/1/22,4.1
E07000123,1/1/23,3.9
E07000123,2/1/23,4
E07000123,3/1/23,4.1
E07000123,4/1/23,4.2
E07000123,5/1/23,4.1
E07000123,6/1/23,4.2
E07000123,7/1/23,4.2
E07000123,8/1/23,4.3
E07000123,9/1/23,4.3
E07000123,10/1/23,4.3
E07000123,11/1/23,4.3
E07000123,12/1/23,4.2
E07000123,1/1/24,4.1
E07000123,2/1/24,4.2
E07000123,3/1/24,4.4
E07000123,4/1/24,4.4
E07000123,5/1/24,4.4
E07000123,6/1/24,4.5
E07000123,7/1/24,4.9
E07000123,8/1/24,4.9
E07000123,9/1/24,4.9
E07000123,10/1/24,4.8
E07000123,11/1/24,4.7
E07000123,12/1/24,4.7
E07000123,1/1/25,4.6
E07000123,2/1/25,4.7
E07000123,3/1/25,4.6
E07000123,4/1/25,4.6
E07000123,5/1/25,4.6
E07000123,6/1/25,4.5
E07000123,7/1/25,4.5
E07000123,8/1/25,4.5
E07000123,9/1/25,4.5
E07000123,10/1/25,4.5
E07000123,11/1/25,4.5
E07000123,12/1/25,4.5
E07000123,1/1/26,4.4
E07000123,2/1/26,4.6
E07000124,1/1/18,0.8
E07000124,2/1/18,0.9
E07000124,3/1/18,0.9
E07000124,4/1/18,0.8
E07000124,5/1/18,0.8
E07000124,6/1/18,0.8
E07000124,7/1/18,0.7
E07000124,8/1/18,0.8
E07000124,9/1/18,0.7
E07000124,10/1/18,0.8
E07000124,11/1/18,0.8
E07000124,12/1/18,0.8
E07000124,1/1/19,0.9
E07000124,2/1/19,0.9
E07000124,3/1/19,1
E07000124,4/1/19,1
E07000124,5/1/19,1
E07000124,6/1/19,1.1
E07000124,7/1/19,1.1
E07000124,8/1/19,1.1
E07000124,9/1/19,1.2
E07000124,10/1/19,1.2
E07000124,11/1/19,1.2
E07000124,12/1/19,1.2
E07000124,1/1/20,1.2
E07000124,2/1/20,1.2
E07000124,3/1/20,1.2
E07000124,4/1/20,3
E07000124,5/1/20,3.5
E07000124,6/1/20,3.3
E07000124,7/1/20,3.3
E07000124,8/1/20,3.4
E07000124,9/1/20,3.3
E07000124,10/1/20,3.2
E07000124,11/1/20,3.1
E07000124,12/1/20,3.1
E07000124,1/1/21,3
E07000124,2/1/21,3.2
E07000124,3/1/21,3.2
E07000124,4/1/21,3.1
E07000124,5/1/21,2.8
E07000124,6/1/21,2.4
E07000124,7/1/21,2.3
E07000124,8/1/21,2.3
E07000124,9/1/21,2.2
E07000124,10/1/21,2.1
E07000124,11/1/21,2
E07000124,12/1/21,1.9
E07000124,1/1/22,1.9
E07000124,2/1/22,1.9
E07000124,3/1/22,1.8
E07000124,4/1/22,1.7
E07000124,5/1/22,1.7
E07000124,6/1/22,1.6
E07000124,7/1/22,1.6
E07000124,8/1/22,1.6
E07000124,9/1/22,1.7
E07000124,10/1/22,1.7
E07000124,11/1/22,1.7
E07000124,12/1/22,1.7
E07000124,1/1/23,1.8
E07000124,2/1/23,1.8
E07000124,3/1/23,1.8
E07000124,4/1/23,1.8
E07000124,5/1/23,1.7
E07000124,6/1/23,1.7
E07000124,7/1/23,1.6
E07000124,8/1/23,1.6
E07000124,9/1/23,1.6
E07000124,10/1/23,1.6
E07000124,11/1/23,1.7
E07000124,12/1/23,1.8
E07000124,1/1/24,1.7
E07000124,2/1/24,1.7
E07000124,3/1/24,1.8
E07000124,4/1/24,1.8
E07000124,5/1/24,1.8
E07000124,6/1/24,1.8
E07000124,7/1/24,1.8
E07000124,8/1/24,1.9
E07000124,9/1/24,1.8
E07000124,10/1/24,1.7
E07000124,11/1/24,1.6
E07000124,12/1/24,1.6
E07000124,1/1/25,1.7
E07000124,2/1/25,1.7
E07000124,3/1/25,1.7
E07000124,4/1/25,1.6
E07000124,5/1/25,1.6
E07000124,6/1/25,1.6
E07000124,7/1/25,1.5
E07000124,8/1/25,1.6
E07000124,9/1/25,1.6
E07000124,10/1/25,1.6
E07000124,11/1/25,1.6
E07000124,12/1/25,1.7
E07000124,1/1/26,1.7
E07000124,2/1/26,1.8
E07000125,1/1/18,2.1
E07000125,2/1/18,2.2
E07000125,3/1/18,2.2
E07000125,4/1/18,2.3
E07000125,5/1/18,2.2
E07000125,6/1/18,2.2
E07000125,7/1/18,2.2
E07000125,8/1/18,2.2
E07000125,9/1/18,2.2
E07000125,10/1/18,2.2
E07000125,11/1/18,2.2
E07000125,12/1/18,2.2
E07000125,1/1/19,2.3
E07000125,2/1/19,2.5
E07000125,3/1/19,2.7
E07000125,4/1/19,2.8
E07000125,5/1/19,2.8
E07000125,6/1/19,3
E07000125,7/1/19,3
E07000125,8/1/19,3.2
E07000125,9/1/19,3.2
E07000125,10/1/19,3.3
E07000125,11/1/19,3.2
E07000125,12/1/19,3.2
E07000125,1/1/20,3.2
E07000125,2/1/20,3.4
E07000125,3/1/20,3.4
E07000125,4/1/20,6
E07000125,5/1/20,7
E07000125,6/1/20,6.6
E07000125,7/1/20,6.8
E07000125,8/1/20,6.8
E07000125,9/1/20,6.8
E07000125,10/1/20,6.5
E07000125,11/1/20,6.5
E07000125,12/1/20,6.6
E07000125,1/1/21,6.4
E07000125,2/1/21,6.6
E07000125,3/1/21,6.5
E07000125,4/1/21,6.4
E07000125,5/1/21,6
E07000125,6/1/21,5.7
E07000125,7/1/21,5.5
E07000125,8/1/21,5.4
E07000125,9/1/21,5.2
E07000125,10/1/21,5
E07000125,11/1/21,4.9
E07000125,12/1/21,4.6
E07000125,1/1/22,4.5
E07000125,2/1/22,4.5
E07000125,3/1/22,4.4
E07000125,4/1/22,4.2
E07000125,5/1/22,4.1
E07000125,6/1/22,4
E07000125,7/1/22,4
E07000125,8/1/22,3.9
E07000125,9/1/22,3.9
E07000125,10/1/22,3.9
E07000125,11/1/22,3.9
E07000125,12/1/22,4
E07000125,1/1/23,3.8
E07000125,2/1/23,3.9
E07000125,3/1/23,4
E07000125,4/1/23,4.1
E07000125,5/1/23,3.9
E07000125,6/1/23,3.9
E07000125,7/1/23,3.8
E07000125,8/1/23,3.8
E07000125,9/1/23,3.7
E07000125,10/1/23,3.7
E07000125,11/1/23,3.8
E07000125,12/1/23,3.9
E07000125,1/1/24,3.8
E07000125,2/1/24,3.9
E07000125,3/1/24,3.9
E07000125,4/1/24,4
E07000125,5/1/24,4.1
E07000125,6/1/24,3.9
E07000125,7/1/24,4.2
E07000125,8/1/24,4.2
E07000125,9/1/24,4.2
E07000125,10/1/24,4
E07000125,11/1/24,3.9
E07000125,12/1/24,3.8
E07000125,1/1/25,3.8
E07000125,2/1/25,3.8
E07000125,3/1/25,3.7
E07000125,4/1/25,3.7
E07000125,5/1/25,3.7
E07000125,6/1/25,3.7
E07000125,7/1/25,3.7
E07000125,8/1/25,3.7
E07000125,9/1/25,3.7
E07000125,10/1/25,3.7
E07000125,11/1/25,3.5
E07000125,12/1/25,3.6
E07000125,1/1/26,3.7
E07000125,2/1/26,3.9
E07000126,1/1/18,1.4
E07000126,2/1/18,1.5
E07000126,3/1/18,1.5
E07000126,4/1/18,1.5
E07000126,5/1/18,1.4
E07000126,6/1/18,1.3
E07000126,7/1/18,1.4
E07000126,8/1/18,1.3
E07000126,9/1/18,1.4
E07000126,10/1/18,1.4
E07000126,11/1/18,1.5
E07000126,12/1/18,1.5
E07000126,1/1/19,1.5
E07000126,2/1/19,1.7
E07000126,3/1/19,1.8
E07000126,4/1/19,1.9
E07000126,5/1/19,1.8
E07000126,6/1/19,1.9
E07000126,7/1/19,1.9
E07000126,8/1/19,1.9
E07000126,9/1/19,1.9
E07000126,10/1/19,1.9
E07000126,11/1/19,1.9
E07000126,12/1/19,1.9
E07000126,1/1/20,1.9
E07000126,2/1/20,2
E07000126,3/1/20,2
E07000126,4/1/20,3.9
E07000126,5/1/20,4.7
E07000126,6/1/20,4.4
E07000126,7/1/20,4.4
E07000126,8/1/20,4.5
E07000126,9/1/20,4.3
E07000126,10/1/20,4.1
E07000126,11/1/20,4.2
E07000126,12/1/20,4.1
E07000126,1/1/21,3.9
E07000126,2/1/21,4.1
E07000126,3/1/21,4.1
E07000126,4/1/21,3.9
E07000126,5/1/21,3.7
E07000126,6/1/21,3.3
E07000126,7/1/21,3.2
E07000126,8/1/21,3.1
E07000126,9/1/21,2.9
E07000126,10/1/21,2.8
E07000126,11/1/21,2.7
E07000126,12/1/21,2.6
E07000126,1/1/22,2.4
E07000126,2/1/22,2.5
E07000126,3/1/22,2.4
E07000126,4/1/22,2.3
E07000126,5/1/22,2.3
E07000126,6/1/22,2.3
E07000126,7/1/22,2.3
E07000126,8/1/22,2.3
E07000126,9/1/22,2.3
E07000126,10/1/22,2.3
E07000126,11/1/22,2.3
E07000126,12/1/22,2.3
E07000126,1/1/23,2.3
E07000126,2/1/23,2.3
E07000126,3/1/23,2.4
E07000126,4/1/23,2.4
E07000126,5/1/23,2.4
E07000126,6/1/23,2.3
E07000126,7/1/23,2.4
E07000126,8/1/23,2.4
E07000126,9/1/23,2.3
E07000126,10/1/23,2.3
E07000126,11/1/23,2.4
E07000126,12/1/23,2.4
E07000126,1/1/24,2.4
E07000126,2/1/24,2.5
E07000126,3/1/24,2.5
E07000126,4/1/24,2.5
E07000126,5/1/24,2.5
E07000126,6/1/24,2.5
E07000126,7/1/24,2.6
E07000126,8/1/24,2.7
E07000126,9/1/24,2.6
E07000126,10/1/24,2.5
E07000126,11/1/24,2.4
E07000126,12/1/24,2.4
E07000126,1/1/25,2.3
E07000126,2/1/25,2.4
E07000126,3/1/25,2.4
E07000126,4/1/25,2.3
E07000126,5/1/25,2.4
E07000126,6/1/25,2.4
E07000126,7/1/25,2.4
E07000126,8/1/25,2.4
E07000126,9/1/25,2.4
E07000126,10/1/25,2.5
E07000126,11/1/25,2.5
E07000126,12/1/25,2.4
E07000126,1/1/26,2.4
E07000126,2/1/26,2.5
E07000127,1/1/18,1.7
E07000127,2/1/18,1.8
E07000127,3/1/18,2
E07000127,4/1/18,2.1
E07000127,5/1/18,2.1
E07000127,6/1/18,2.1
E07000127,7/1/18,2.1
E07000127,8/1/18,2.2
E07000127,9/1/18,2.2
E07000127,10/1/18,2.2
E07000127,11/1/18,2.3
E07000127,12/1/18,2.2
E07000127,1/1/19,2.3
E07000127,2/1/19,2.5
E07000127,3/1/19,2.5
E07000127,4/1/19,2.5
E07000127,5/1/19,2.4
E07000127,6/1/19,2.4
E07000127,7/1/19,2.4
E07000127,8/1/19,2.4
E07000127,9/1/19,2.3
E07000127,10/1/19,2.4
E07000127,11/1/19,2.4
E07000127,12/1/19,2.3
E07000127,1/1/20,2.4
E07000127,2/1/20,2.4
E07000127,3/1/20,2.5
E07000127,4/1/20,4.6
E07000127,5/1/20,5.2
E07000127,6/1/20,5
E07000127,7/1/20,5.1
E07000127,8/1/20,5.2
E07000127,9/1/20,5.1
E07000127,10/1/20,4.9
E07000127,11/1/20,5
E07000127,12/1/20,5
E07000127,1/1/21,4.8
E07000127,2/1/21,5
E07000127,3/1/21,5
E07000127,4/1/21,4.9
E07000127,5/1/21,4.6
E07000127,6/1/21,4.3
E07000127,7/1/21,4.2
E07000127,8/1/21,4
E07000127,9/1/21,3.8
E07000127,10/1/21,3.7
E07000127,11/1/21,3.6
E07000127,12/1/21,3.4
E07000127,1/1/22,3.3
E07000127,2/1/22,3.3
E07000127,3/1/22,3.1
E07000127,4/1/22,3
E07000127,5/1/22,2.9
E07000127,6/1/22,2.9
E07000127,7/1/22,2.9
E07000127,8/1/22,2.9
E07000127,9/1/22,2.8
E07000127,10/1/22,2.8
E07000127,11/1/22,2.8
E07000127,12/1/22,2.8
E07000127,1/1/23,2.8
E07000127,2/1/23,2.9
E07000127,3/1/23,2.9
E07000127,4/1/23,3
E07000127,5/1/23,2.8
E07000127,6/1/23,2.8
E07000127,7/1/23,2.8
E07000127,8/1/23,2.7
E07000127,9/1/23,2.6
E07000127,10/1/23,2.7
E07000127,11/1/23,2.7
E07000127,12/1/23,2.8
E07000127,1/1/24,2.8
E07000127,2/1/24,2.8
E07000127,3/1/24,2.8
E07000127,4/1/24,2.8
E07000127,5/1/24,2.7
E07000127,6/1/24,2.8
E07000127,7/1/24,3
E07000127,8/1/24,3
E07000127,9/1/24,3
E07000127,10/1/24,2.9
E07000127,11/1/24,2.8
E07000127,12/1/24,2.7
E07000127,1/1/25,2.7
E07000127,2/1/25,2.9
E07000127,3/1/25,2.9
E07000127,4/1/25,2.8
E07000127,5/1/25,2.9
E07000127,6/1/25,2.8
E07000127,7/1/25,2.8
E07000127,8/1/25,2.7
E07000127,9/1/25,2.7
E07000127,10/1/25,2.7
E07000127,11/1/25,2.7
E07000127,12/1/25,2.7
E07000127,1/1/26,2.7
E07000127,2/1/26,2.8
E07000128,1/1/18,1.7
E07000128,2/1/18,1.8
E07000128,3/1/18,1.7
E07000128,4/1/18,1.7
E07000128,5/1/18,1.6
E07000128,6/1/18,1.5
E07000128,7/1/18,1.4
E07000128,8/1/18,1.5
E07000128,9/1/18,1.5
E07000128,10/1/18,1.6
E07000128,11/1/18,1.6
E07000128,12/1/18,1.6
E07000128,1/1/19,1.8
E07000128,2/1/19,1.9
E07000128,3/1/19,2
E07000128,4/1/19,2
E07000128,5/1/19,2
E07000128,6/1/19,2.2
E07000128,7/1/19,2.2
E07000128,8/1/19,2.3
E07000128,9/1/19,2.5
E07000128,10/1/19,2.5
E07000128,11/1/19,2.7
E07000128,12/1/19,2.7
E07000128,1/1/20,2.8
E07000128,2/1/20,2.8
E07000128,3/1/20,2.8
E07000128,4/1/20,5.2
E07000128,5/1/20,6.3
E07000128,6/1/20,6
E07000128,7/1/20,6.1
E07000128,8/1/20,6.1
E07000128,9/1/20,6
E07000128,10/1/20,5.7
E07000128,11/1/20,5.8
E07000128,12/1/20,5.9
E07000128,1/1/21,5.8
E07000128,2/1/21,6.1
E07000128,3/1/21,5.9
E07000128,4/1/21,5.7
E07000128,5/1/21,5.2
E07000128,6/1/21,4.7
E07000128,7/1/21,4.5
E07000128,8/1/21,4.3
E07000128,9/1/21,4
E07000128,10/1/21,3.9
E07000128,11/1/21,3.8
E07000128,12/1/21,3.6
E07000128,1/1/22,3.5
E07000128,2/1/22,3.5
E07000128,3/1/22,3.3
E07000128,4/1/22,3.2
E07000128,5/1/22,3
E07000128,6/1/22,2.9
E07000128,7/1/22,3
E07000128,8/1/22,2.9
E07000128,9/1/22,2.9
E07000128,10/1/22,2.9
E07000128,11/1/22,2.9
E07000128,12/1/22,3
E07000128,1/1/23,3
E07000128,2/1/23,3.1
E07000128,3/1/23,3.2
E07000128,4/1/23,3.2
E07000128,5/1/23,3
E07000128,6/1/23,2.9
E07000128,7/1/23,2.8
E07000128,8/1/23,2.8
E07000128,9/1/23,2.8
E07000128,10/1/23,2.8
E07000128,11/1/23,2.9
E07000128,12/1/23,3
E07000128,1/1/24,2.9
E07000128,2/1/24,2.9
E07000128,3/1/24,3.1
E07000128,4/1/24,3
E07000128,5/1/24,2.9
E07000128,6/1/24,2.9
E07000128,7/1/24,3.2
E07000128,8/1/24,3.2
E07000128,9/1/24,3.2
E07000128,10/1/24,2.9
E07000128,11/1/24,3
E07000128,12/1/24,2.8
E07000128,1/1/25,2.9
E07000128,2/1/25,3
E07000128,3/1/25,2.9
E07000128,4/1/25,2.8
E07000128,5/1/25,2.7
E07000128,6/1/25,2.8
E07000128,7/1/25,2.7
E07000128,8/1/25,2.7
E07000128,9/1/25,2.7
E07000128,10/1/25,2.6
E07000128,11/1/25,2.6
E07000128,12/1/25,2.6
E07000128,1/1/26,2.8
E07000128,2/1/26,2.9
E07000129,1/1/18,0.7
E07000129,2/1/18,0.8
E07000129,3/1/18,0.8
E07000129,4/1/18,0.8
E07000129,5/1/18,0.8
E07000129,6/1/18,0.7
E07000129,7/1/18,0.8
E07000129,8/1/18,0.8
E07000129,9/1/18,0.9
E07000129,10/1/18,0.9
E07000129,11/1/18,0.9
E07000129,12/1/18,1
E07000129,1/1/19,1
E07000129,2/1/19,1.1
E07000129,3/1/19,1.1
E07000129,4/1/19,1.1
E07000129,5/1/19,1.1
E07000129,6/1/19,1.2
E07000129,7/1/19,1.2
E07000129,8/1/19,1.3
E07000129,9/1/19,1.3
E07000129,10/1/19,1.3
E07000129,11/1/19,1.3
E07000129,12/1/19,1.3
E07000129,1/1/20,1.3
E07000129,2/1/20,1.4
E07000129,3/1/20,1.4
E07000129,4/1/20,3.3
E07000129,5/1/20,4.3
E07000129,6/1/20,4.1
E07000129,7/1/20,4.2
E07000129,8/1/20,4.4
E07000129,9/1/20,4.2
E07000129,10/1/20,3.9
E07000129,11/1/20,3.8
E07000129,12/1/20,3.7
E07000129,1/1/21,3.6
E07000129,2/1/21,3.8
E07000129,3/1/21,3.7
E07000129,4/1/21,3.7
E07000129,5/1/21,3.3
E07000129,6/1/21,2.9
E07000129,7/1/21,2.9
E07000129,8/1/21,2.8
E07000129,9/1/21,2.6
E07000129,10/1/21,2.6
E07000129,11/1/21,2.5
E07000129,12/1/21,2.3
E07000129,1/1/22,2.3
E07000129,2/1/22,2.4
E07000129,3/1/22,2.2
E07000129,4/1/22,2.1
E07000129,5/1/22,2.1
E07000129,6/1/22,2
E07000129,7/1/22,2
E07000129,8/1/22,1.9
E07000129,9/1/22,1.9
E07000129,10/1/22,1.8
E07000129,11/1/22,2
E07000129,12/1/22,2
E07000129,1/1/23,1.9
E07000129,2/1/23,2
E07000129,3/1/23,2
E07000129,4/1/23,2
E07000129,5/1/23,2
E07000129,6/1/23,2
E07000129,7/1/23,2
E07000129,8/1/23,1.9
E07000129,9/1/23,1.9
E07000129,10/1/23,2
E07000129,11/1/23,1.9
E07000129,12/1/23,2
E07000129,1/1/24,1.9
E07000129,2/1/24,2
E07000129,3/1/24,2
E07000129,4/1/24,2
E07000129,5/1/24,2.1
E07000129,6/1/24,2.1
E07000129,7/1/24,2.3
E07000129,8/1/24,2.3
E07000129,9/1/24,2.3
E07000129,10/1/24,2.3
E07000129,11/1/24,2.2
E07000129,12/1/24,2.1
E07000129,1/1/25,2.1
E07000129,2/1/25,2.2
E07000129,3/1/25,2.2
E07000129,4/1/25,2.1
E07000129,5/1/25,2.1
E07000129,6/1/25,2.2
E07000129,7/1/25,2.1
E07000129,8/1/25,2.1
E07000129,9/1/25,2.1
E07000129,10/1/25,2.1
E07000129,11/1/25,2.1
E07000129,12/1/25,2.1
E07000129,1/1/26,2.1
E07000129,2/1/26,2.2
E07000130,1/1/18,0.8
E07000130,2/1/18,0.8
E07000130,3/1/18,0.9
E07000130,4/1/18,0.9
E07000130,5/1/18,0.8
E07000130,6/1/18,0.8
E07000130,7/1/18,0.8
E07000130,8/1/18,0.9
E07000130,9/1/18,0.9
E07000130,10/1/18,1
E07000130,11/1/18,1
E07000130,12/1/18,1.1
E07000130,1/1/19,1.2
E07000130,2/1/19,1.4
E07000130,3/1/19,1.4
E07000130,4/1/19,1.5
E07000130,5/1/19,1.5
E07000130,6/1/19,1.5
E07000130,7/1/19,1.5
E07000130,8/1/19,1.6
E07000130,9/1/19,1.6
E07000130,10/1/19,1.6
E07000130,11/1/19,1.5
E07000130,12/1/19,1.6
E07000130,1/1/20,1.6
E07000130,2/1/20,1.6
E07000130,3/1/20,1.6
E07000130,4/1/20,3.4
E07000130,5/1/20,4.1
E07000130,6/1/20,3.9
E07000130,7/1/20,4
E07000130,8/1/20,4.1
E07000130,9/1/20,4.1
E07000130,10/1/20,3.9
E07000130,11/1/20,3.9
E07000130,12/1/20,3.9
E07000130,1/1/21,3.8
E07000130,2/1/21,4
E07000130,3/1/21,3.9
E07000130,4/1/21,3.8
E07000130,5/1/21,3.5
E07000130,6/1/21,3.2
E07000130,7/1/21,3.1
E07000130,8/1/21,3.1
E07000130,9/1/21,2.9
E07000130,10/1/21,2.8
E07000130,11/1/21,2.7
E07000130,12/1/21,2.6
E07000130,1/1/22,2.5
E07000130,2/1/22,2.6
E07000130,3/1/22,2.5
E07000130,4/1/22,2.3
E07000130,5/1/22,2.2
E07000130,6/1/22,2.2
E07000130,7/1/22,2.1
E07000130,8/1/22,2.1
E07000130,9/1/22,2.2
E07000130,10/1/22,2.1
E07000130,11/1/22,2.1
E07000130,12/1/22,2.2
E07000130,1/1/23,2.1
E07000130,2/1/23,2.2
E07000130,3/1/23,2.1
E07000130,4/1/23,2.2
E07000130,5/1/23,2.1
E07000130,6/1/23,2.2
E07000130,7/1/23,2.3
E07000130,8/1/23,2.2
E07000130,9/1/23,2.2
E07000130,10/1/23,2.2
E07000130,11/1/23,2.2
E07000130,12/1/23,2.2
E07000130,1/1/24,2.2
E07000130,2/1/24,2.2
E07000130,3/1/24,2.2
E07000130,4/1/24,2.2
E07000130,5/1/24,2.3
E07000130,6/1/24,2.3
E07000130,7/1/24,2.5
E07000130,8/1/24,2.5
E07000130,9/1/24,2.5
E07000130,10/1/24,2.4
E07000130,11/1/24,2.4
E07000130,12/1/24,2.4
E07000130,1/1/25,2.4
E07000130,2/1/25,2.5
E07000130,3/1/25,2.5
E07000130,4/1/25,2.4
E07000130,5/1/25,2.4
E07000130,6/1/25,2.4
E07000130,7/1/25,2.3
E07000130,8/1/25,2.4
E07000130,9/1/25,2.4
E07000130,10/1/25,2.3
E07000130,11/1/25,2.3
E07000130,12/1/25,2.3
E07000130,1/1/26,2.3
E07000130,2/1/26,2.4
E07000131,1/1/18,0.8
E07000131,2/1/18,0.9
E07000131,3/1/18,0.9
E07000131,4/1/18,1
E07000131,5/1/18,0.9
E07000131,6/1/18,0.9
E07000131,7/1/18,0.9
E07000131,8/1/18,0.9
E07000131,9/1/18,1
E07000131,10/1/18,1
E07000131,11/1/18,1
E07000131,12/1/18,1
E07000131,1/1/19,0.9
E07000131,2/1/19,1
E07000131,3/1/19,1
E07000131,4/1/19,1
E07000131,5/1/19,1.1
E07000131,6/1/19,1.1
E07000131,7/1/19,1.1
E07000131,8/1/19,1.1
E07000131,9/1/19,1.1
E07000131,10/1/19,1.2
E07000131,11/1/19,1.1
E07000131,12/1/19,1.2
E07000131,1/1/20,1.2
E07000131,2/1/20,1.2
E07000131,3/1/20,1.2
E07000131,4/1/20,2.7
E07000131,5/1/20,3.7
E07000131,6/1/20,3.5
E07000131,7/1/20,3.7
E07000131,8/1/20,3.8
E07000131,9/1/20,3.7
E07000131,10/1/20,3.4
E07000131,11/1/20,3.4
E07000131,12/1/20,3.3
E07000131,1/1/21,3.1
E07000131,2/1/21,3.3
E07000131,3/1/21,3.2
E07000131,4/1/21,3.1
E07000131,5/1/21,2.8
E07000131,6/1/21,2.5
E07000131,7/1/21,2.4
E07000131,8/1/21,2.3
E07000131,9/1/21,2.1
E07000131,10/1/21,2
E07000131,11/1/21,1.9
E07000131,12/1/21,1.9
E07000131,1/1/22,1.8
E07000131,2/1/22,1.9
E07000131,3/1/22,1.7
E07000131,4/1/22,1.6
E07000131,5/1/22,1.7
E07000131,6/1/22,1.6
E07000131,7/1/22,1.7
E07000131,8/1/22,1.7
E07000131,9/1/22,1.6
E07000131,10/1/22,1.6
E07000131,11/1/22,1.6
E07000131,12/1/22,1.6
E07000131,1/1/23,1.6
E07000131,2/1/23,1.6
E07000131,3/1/23,1.6
E07000131,4/1/23,1.6
E07000131,5/1/23,1.5
E07000131,6/1/23,1.5
E07000131,7/1/23,1.5
E07000131,8/1/23,1.5
E07000131,9/1/23,1.5
E07000131,10/1/23,1.5
E07000131,11/1/23,1.6
E07000131,12/1/23,1.5
E07000131,1/1/24,1.6
E07000131,2/1/24,1.6
E07000131,3/1/24,1.6
E07000131,4/1/24,1.7
E07000131,5/1/24,1.7
E07000131,6/1/24,1.7
E07000131,7/1/24,1.9
E07000131,8/1/24,1.9
E07000131,9/1/24,1.8
E07000131,10/1/24,1.8
E07000131,11/1/24,1.7
E07000131,12/1/24,1.6
E07000131,1/1/25,1.7
E07000131,2/1/25,1.8
E07000131,3/1/25,1.8
E07000131,4/1/25,1.7
E07000131,5/1/25,1.7
E07000131,6/1/25,1.7
E07000131,7/1/25,1.7
E07000131,8/1/25,1.7
E07000131,9/1/25,1.7
E07000131,10/1/25,1.7
E07000131,11/1/25,1.7
E07000131,12/1/25,1.7
E07000131,1/1/26,1.7
E07000131,2/1/26,1.9
E07000132,1/1/18,1.3
E07000132,2/1/18,1.4
E07000132,3/1/18,1.4
E07000132,4/1/18,1.7
E07000132,5/1/18,1.5
E07000132,6/1/18,1.5
E07000132,7/1/18,1.5
E07000132,8/1/18,1.6
E07000132,9/1/18,1.6
E07000132,10/1/18,1.7
E07000132,11/1/18,1.7
E07000132,12/1/18,1.7
E07000132,1/1/19,1.8
E07000132,2/1/19,1.9
E07000132,3/1/19,2
E07000132,4/1/19,1.9
E07000132,5/1/19,2
E07000132,6/1/19,2
E07000132,7/1/19,2.1
E07000132,8/1/19,2.1
E07000132,9/1/19,2
E07000132,10/1/19,2.1
E07000132,11/1/19,2
E07000132,12/1/19,2
E07000132,1/1/20,2
E07000132,2/1/20,2.1
E07000132,3/1/20,2.1
E07000132,4/1/20,4.1
E07000132,5/1/20,4.6
E07000132,6/1/20,4.3
E07000132,7/1/20,4.4
E07000132,8/1/20,4.6
E07000132,9/1/20,4.5
E07000132,10/1/20,4.4
E07000132,11/1/20,4.4
E07000132,12/1/20,4.3
E07000132,1/1/21,4.2
E07000132,2/1/21,4.4
E07000132,3/1/21,4.4
E07000132,4/1/21,4.2
E07000132,5/1/21,3.8
E07000132,6/1/21,3.6
E07000132,7/1/21,3.5
E07000132,8/1/21,3.4
E07000132,9/1/21,3.2
E07000132,10/1/21,3.1
E07000132,11/1/21,2.9
E07000132,12/1/21,2.8
E07000132,1/1/22,2.8
E07000132,2/1/22,2.8
E07000132,3/1/22,2.7
E07000132,4/1/22,2.6
E07000132,5/1/22,2.5
E07000132,6/1/22,2.5
E07000132,7/1/22,2.4
E07000132,8/1/22,2.4
E07000132,9/1/22,2.4
E07000132,10/1/22,2.3
E07000132,11/1/22,2.3
E07000132,12/1/22,2.5
E07000132,1/1/23,2.5
E07000132,2/1/23,2.5
E07000132,3/1/23,2.5
E07000132,4/1/23,2.5
E07000132,5/1/23,2.4
E07000132,6/1/23,2.4
E07000132,7/1/23,2.4
E07000132,8/1/23,2.3
E07000132,9/1/23,2.3
E07000132,10/1/23,2.3
E07000132,11/1/23,2.3
E07000132,12/1/23,2.3
E07000132,1/1/24,2.3
E07000132,2/1/24,2.3
E07000132,3/1/24,2.3
E07000132,4/1/24,2.2
E07000132,5/1/24,2.3
E07000132,6/1/24,2.3
E07000132,7/1/24,2.5
E07000132,8/1/24,2.5
E07000132,9/1/24,2.6
E07000132,10/1/24,2.5
E07000132,11/1/24,2.4
E07000132,12/1/24,2.4
E07000132,1/1/25,2.3
E07000132,2/1/25,2.5
E07000132,3/1/25,2.5
E07000132,4/1/25,2.5
E07000132,5/1/25,2.4
E07000132,6/1/25,2.4
E07000132,7/1/25,2.4
E07000132,8/1/25,2.5
E07000132,9/1/25,2.5
E07000132,10/1/25,2.4
E07000132,11/1/25,2.4
E07000132,12/1/25,2.4
E07000132,1/1/26,2.4
E07000132,2/1/26,2.5
E07000133,1/1/18,1.7
E07000133,2/1/18,1.9
E07000133,3/1/18,1.9
E07000133,4/1/18,2.1
E07000133,5/1/18,2.1
E07000133,6/1/18,2
E07000133,7/1/18,2
E07000133,8/1/18,2
E07000133,9/1/18,2.1
E07000133,10/1/18,2
E07000133,11/1/18,2
E07000133,12/1/18,2
E07000133,1/1/19,2.1
E07000133,2/1/19,2.2
E07000133,3/1/19,2.2
E07000133,4/1/19,2.1
E07000133,5/1/19,2.1
E07000133,6/1/19,2
E07000133,7/1/19,2
E07000133,8/1/19,1.9
E07000133,9/1/19,1.9
E07000133,10/1/19,1.9
E07000133,11/1/19,1.8
E07000133,12/1/19,1.8
E07000133,1/1/20,1.9
E07000133,2/1/20,2
E07000133,3/1/20,2
E07000133,4/1/20,3.8
E07000133,5/1/20,4.4
E07000133,6/1/20,4.2
E07000133,7/1/20,4.3
E07000133,8/1/20,4.3
E07000133,9/1/20,4.2
E07000133,10/1/20,4
E07000133,11/1/20,4.1
E07000133,12/1/20,4
E07000133,1/1/21,4
E07000133,2/1/21,4.2
E07000133,3/1/21,4.1
E07000133,4/1/21,4.1
E07000133,5/1/21,3.7
E07000133,6/1/21,3.4
E07000133,7/1/21,3.3
E07000133,8/1/21,3.2
E07000133,9/1/21,3
E07000133,10/1/21,2.9
E07000133,11/1/21,2.8
E07000133,12/1/21,2.7
E07000133,1/1/22,2.6
E07000133,2/1/22,2.6
E07000133,3/1/22,2.6
E07000133,4/1/22,2.4
E07000133,5/1/22,2.4
E07000133,6/1/22,2.3
E07000133,7/1/22,2.3
E07000133,8/1/22,2.4
E07000133,9/1/22,2.4
E07000133,10/1/22,2.5
E07000133,11/1/22,2.6
E07000133,12/1/22,2.6
E07000133,1/1/23,2.6
E07000133,2/1/23,2.8
E07000133,3/1/23,2.8
E07000133,4/1/23,2.7
E07000133,5/1/23,2.7
E07000133,6/1/23,2.7
E07000133,7/1/23,2.8
E07000133,8/1/23,2.8
E07000133,9/1/23,2.7
E07000133,10/1/23,2.7
E07000133,11/1/23,2.7
E07000133,12/1/23,2.6
E07000133,1/1/24,2.6
E07000133,2/1/24,2.7
E07000133,3/1/24,2.7
E07000133,4/1/24,2.8
E07000133,5/1/24,2.8
E07000133,6/1/24,2.9
E07000133,7/1/24,3.1
E07000133,8/1/24,3.2
E07000133,9/1/24,3
E07000133,10/1/24,3.1
E07000133,11/1/24,3
E07000133,12/1/24,3.1
E07000133,1/1/25,3.1
E07000133,2/1/25,3.4
E07000133,3/1/25,3.3
E07000133,4/1/25,3.2
E07000133,5/1/25,3.2
E07000133,6/1/25,3.2
E07000133,7/1/25,3
E07000133,8/1/25,3
E07000133,9/1/25,3
E07000133,10/1/25,3
E07000133,11/1/25,2.9
E07000133,12/1/25,2.8
E07000133,1/1/26,2.8
E07000133,2/1/26,2.9
E07000134,1/1/18,0.8
E07000134,2/1/18,0.9
E07000134,3/1/18,0.9
E07000134,4/1/18,1
E07000134,5/1/18,1
E07000134,6/1/18,1.1
E07000134,7/1/18,1.1
E07000134,8/1/18,1.2
E07000134,9/1/18,1.2
E07000134,10/1/18,1.2
E07000134,11/1/18,1.2
E07000134,12/1/18,1.2
E07000134,1/1/19,1.3
E07000134,2/1/19,1.4
E07000134,3/1/19,1.5
E07000134,4/1/19,1.4
E07000134,5/1/19,1.5
E07000134,6/1/19,1.5
E07000134,7/1/19,1.5
E07000134,8/1/19,1.6
E07000134,9/1/19,1.6
E07000134,10/1/19,1.6
E07000134,11/1/19,1.6
E07000134,12/1/19,1.6
E07000134,1/1/20,1.6
E07000134,2/1/20,1.6
E07000134,3/1/20,1.6
E07000134,4/1/20,3.5
E07000134,5/1/20,4.3
E07000134,6/1/20,4.1
E07000134,7/1/20,4.1
E07000134,8/1/20,4.3
E07000134,9/1/20,4.2
E07000134,10/1/20,4
E07000134,11/1/20,4.1
E07000134,12/1/20,3.9
E07000134,1/1/21,3.9
E07000134,2/1/21,4
E07000134,3/1/21,3.9
E07000134,4/1/21,3.8
E07000134,5/1/21,3.5
E07000134,6/1/21,3.2
E07000134,7/1/21,3
E07000134,8/1/21,2.9
E07000134,9/1/21,2.6
E07000134,10/1/21,2.6
E07000134,11/1/21,2.5
E07000134,12/1/21,2.5
E07000134,1/1/22,2.4
E07000134,2/1/22,2.4
E07000134,3/1/22,2.3
E07000134,4/1/22,2.1
E07000134,5/1/22,2.1
E07000134,6/1/22,2
E07000134,7/1/22,1.9
E07000134,8/1/22,2
E07000134,9/1/22,2
E07000134,10/1/22,1.9
E07000134,11/1/22,1.9
E07000134,12/1/22,2
E07000134,1/1/23,1.9
E07000134,2/1/23,2
E07000134,3/1/23,2
E07000134,4/1/23,2
E07000134,5/1/23,1.9
E07000134,6/1/23,1.9
E07000134,7/1/23,2
E07000134,8/1/23,2
E07000134,9/1/23,1.9
E07000134,10/1/23,2
E07000134,11/1/23,2
E07000134,12/1/23,2
E07000134,1/1/24,2
E07000134,2/1/24,2
E07000134,3/1/24,1.9
E07000134,4/1/24,1.9
E07000134,5/1/24,1.9
E07000134,6/1/24,1.9
E07000134,7/1/24,2
E07000134,8/1/24,2
E07000134,9/1/24,2
E07000134,10/1/24,2
E07000134,11/1/24,2
E07000134,12/1/24,1.9
E07000134,1/1/25,2
E07000134,2/1/25,2.1
E07000134,3/1/25,2.1
E07000134,4/1/25,2
E07000134,5/1/25,2
E07000134,6/1/25,2
E07000134,7/1/25,2
E07000134,8/1/25,2.1
E07000134,9/1/25,2
E07000134,10/1/25,2
E07000134,11/1/25,2
E07000134,12/1/25,1.9
E07000134,1/1/26,1.9
E07000134,2/1/26,2.1
E07000135,1/1/18,0.8
E07000135,2/1/18,0.8
E07000135,3/1/18,0.8
E07000135,4/1/18,0.8
E07000135,5/1/18,0.8
E07000135,6/1/18,0.8
E07000135,7/1/18,0.8
E07000135,8/1/18,0.9
E07000135,9/1/18,1
E07000135,10/1/18,1
E07000135,11/1/18,1
E07000135,12/1/18,1.1
E07000135,1/1/19,1.2
E07000135,2/1/19,1.2
E07000135,3/1/19,1.3
E07000135,4/1/19,1.3
E07000135,5/1/19,1.3
E07000135,6/1/19,1.3
E07000135,7/1/19,1.4
E07000135,8/1/19,1.4
E07000135,9/1/19,1.5
E07000135,10/1/19,1.5
E07000135,11/1/19,1.5
E07000135,12/1/19,1.5
E07000135,1/1/20,1.5
E07000135,2/1/20,1.6
E07000135,3/1/20,1.5
E07000135,4/1/20,3.4
E07000135,5/1/20,4.5
E07000135,6/1/20,4.5
E07000135,7/1/20,4.6
E07000135,8/1/20,4.8
E07000135,9/1/20,4.7
E07000135,10/1/20,4.6
E07000135,11/1/20,4.5
E07000135,12/1/20,4.5
E07000135,1/1/21,4.3
E07000135,2/1/21,4.5
E07000135,3/1/21,4.5
E07000135,4/1/21,4.4
E07000135,5/1/21,4.1
E07000135,6/1/21,3.8
E07000135,7/1/21,3.6
E07000135,8/1/21,3.6
E07000135,9/1/21,3.4
E07000135,10/1/21,3.2
E07000135,11/1/21,3.1
E07000135,12/1/21,3
E07000135,1/1/22,2.8
E07000135,2/1/22,2.8
E07000135,3/1/22,2.7
E07000135,4/1/22,2.6
E07000135,5/1/22,2.6
E07000135,6/1/22,2.5
E07000135,7/1/22,2.4
E07000135,8/1/22,2.4
E07000135,9/1/22,2.4
E07000135,10/1/22,2.3
E07000135,11/1/22,2.3
E07000135,12/1/22,2.4
E07000135,1/1/23,2.3
E07000135,2/1/23,2.3
E07000135,3/1/23,2.4
E07000135,4/1/23,2.4
E07000135,5/1/23,2.4
E07000135,6/1/23,2.4
E07000135,7/1/23,2.4
E07000135,8/1/23,2.4
E07000135,9/1/23,2.5
E07000135,10/1/23,2.5
E07000135,11/1/23,2.4
E07000135,12/1/23,2.4
E07000135,1/1/24,2.4
E07000135,2/1/24,2.5
E07000135,3/1/24,2.5
E07000135,4/1/24,2.6
E07000135,5/1/24,2.7
E07000135,6/1/24,2.7
E07000135,7/1/24,3
E07000135,8/1/24,3.1
E07000135,9/1/24,3.2
E07000135,10/1/24,3.1
E07000135,11/1/24,3.1
E07000135,12/1/24,3
E07000135,1/1/25,3
E07000135,2/1/25,3.1
E07000135,3/1/25,3.1
E07000135,4/1/25,2.9
E07000135,5/1/25,2.9
E07000135,6/1/25,3
E07000135,7/1/25,2.9
E07000135,8/1/25,2.9
E07000135,9/1/25,2.9
E07000135,10/1/25,2.9
E07000135,11/1/25,2.9
E07000135,12/1/25,2.8
E07000135,1/1/26,2.9
E07000135,2/1/26,3
E07000136,1/1/18,1.5
E07000136,2/1/18,1.6
E07000136,3/1/18,1.6
E07000136,4/1/18,1.6
E07000136,5/1/18,1.6
E07000136,6/1/18,1.5
E07000136,7/1/18,1.4
E07000136,8/1/18,1.4
E07000136,9/1/18,1.4
E07000136,10/1/18,1.4
E07000136,11/1/18,1.7
E07000136,12/1/18,1.8
E07000136,1/1/19,2
E07000136,2/1/19,2.2
E07000136,3/1/19,2.2
E07000136,4/1/19,2.3
E07000136,5/1/19,2.3
E07000136,6/1/19,2.3
E07000136,7/1/19,2.4
E07000136,8/1/19,2.5
E07000136,9/1/19,2.6
E07000136,10/1/19,2.6
E07000136,11/1/19,2.6
E07000136,12/1/19,2.7
E07000136,1/1/20,2.7
E07000136,2/1/20,2.9
E07000136,3/1/20,2.9
E07000136,4/1/20,4.7
E07000136,5/1/20,5.9
E07000136,6/1/20,6
E07000136,7/1/20,6
E07000136,8/1/20,6.1
E07000136,9/1/20,6
E07000136,10/1/20,5.9
E07000136,11/1/20,6.1
E07000136,12/1/20,6.2
E07000136,1/1/21,6.1
E07000136,2/1/21,6.5
E07000136,3/1/21,6.6
E07000136,4/1/21,6.4
E07000136,5/1/21,6.5
E07000136,6/1/21,6
E07000136,7/1/21,5.9
E07000136,8/1/21,5.7
E07000136,9/1/21,5.5
E07000136,10/1/21,5.4
E07000136,11/1/21,5.2
E07000136,12/1/21,5
E07000136,1/1/22,5.1
E07000136,2/1/22,5.3
E07000136,3/1/22,5.1
E07000136,4/1/22,4.6
E07000136,5/1/22,4.4
E07000136,6/1/22,4.3
E07000136,7/1/22,4.3
E07000136,8/1/22,4.3
E07000136,9/1/22,4.3
E07000136,10/1/22,4.2
E07000136,11/1/22,4.4
E07000136,12/1/22,4.5
E07000136,1/1/23,4.5
E07000136,2/1/23,4.6
E07000136,3/1/23,4.7
E07000136,4/1/23,4.6
E07000136,5/1/23,4.3
E07000136,6/1/23,4.4
E07000136,7/1/23,4.6
E07000136,8/1/23,4.5
E07000136,9/1/23,4.4
E07000136,10/1/23,4.4
E07000136,11/1/23,4.2
E07000136,12/1/23,4.3
E07000136,1/1/24,4.4
E07000136,2/1/24,4.5
E07000136,3/1/24,4.6
E07000136,4/1/24,4.3
E07000136,5/1/24,4.4
E07000136,6/1/24,4.4
E07000136,7/1/24,4.8
E07000136,8/1/24,4.6
E07000136,9/1/24,4.5
E07000136,10/1/24,4.4
E07000136,11/1/24,4.3
E07000136,12/1/24,4.4
E07000136,1/1/25,4.4
E07000136,2/1/25,4.7
E07000136,3/1/25,4.7
E07000136,4/1/25,4.4
E07000136,5/1/25,4.2
E07000136,6/1/25,4.2
E07000136,7/1/25,4.1
E07000136,8/1/25,4.2
E07000136,9/1/25,4.3
E07000136,10/1/25,4.3
E07000136,11/1/25,4.3
E07000136,12/1/25,4.5
E07000136,1/1/26,4.6
E07000136,2/1/26,5
E07000137,1/1/18,2.6
E07000137,2/1/18,2.7
E07000137,3/1/18,2.5
E07000137,4/1/18,2.3
E07000137,5/1/18,2.1
E07000137,6/1/18,2
E07000137,7/1/18,2
E07000137,8/1/18,2
E07000137,9/1/18,2.1
E07000137,10/1/18,2.2
E07000137,11/1/18,2.6
E07000137,12/1/18,3
E07000137,1/1/19,3.2
E07000137,2/1/19,3.5
E07000137,3/1/19,3.5
E07000137,4/1/19,3.3
E07000137,5/1/19,3.1
E07000137,6/1/19,3
E07000137,7/1/19,3
E07000137,8/1/19,3
E07000137,9/1/19,3
E07000137,10/1/19,3.2
E07000137,11/1/19,3.6
E07000137,12/1/19,3.8
E07000137,1/1/20,4.1
E07000137,2/1/20,4.4
E07000137,3/1/20,4.2
E07000137,4/1/20,6.4
E07000137,5/1/20,7.3
E07000137,6/1/20,7.1
E07000137,7/1/20,7.2
E07000137,8/1/20,6.7
E07000137,9/1/20,6.4
E07000137,10/1/20,6.1
E07000137,11/1/20,6.4
E07000137,12/1/20,6.5
E07000137,1/1/21,6.6
E07000137,2/1/21,7.1
E07000137,3/1/21,7
E07000137,4/1/21,6.7
E07000137,5/1/21,6
E07000137,6/1/21,5.3
E07000137,7/1/21,4.8
E07000137,8/1/21,4.5
E07000137,9/1/21,4.2
E07000137,10/1/21,4
E07000137,11/1/21,4.1
E07000137,12/1/21,4.1
E07000137,1/1/22,4.4
E07000137,2/1/22,4.5
E07000137,3/1/22,4.1
E07000137,4/1/22,3.4
E07000137,5/1/22,3.1
E07000137,6/1/22,3
E07000137,7/1/22,3
E07000137,8/1/22,2.9
E07000137,9/1/22,2.9
E07000137,10/1/22,2.9
E07000137,11/1/22,3.2
E07000137,12/1/22,3.3
E07000137,1/1/23,3.5
E07000137,2/1/23,3.5
E07000137,3/1/23,3.4
E07000137,4/1/23,3
E07000137,5/1/23,2.7
E07000137,6/1/23,2.6
E07000137,7/1/23,2.7
E07000137,8/1/23,2.6
E07000137,9/1/23,2.5
E07000137,10/1/23,2.7
E07000137,11/1/23,3
E07000137,12/1/23,3.2
E07000137,1/1/24,3.5
E07000137,2/1/24,3.6
E07000137,3/1/24,3.5
E07000137,4/1/24,3.1
E07000137,5/1/24,2.9
E07000137,6/1/24,2.8
E07000137,7/1/24,3.1
E07000137,8/1/24,3
E07000137,9/1/24,2.9
E07000137,10/1/24,3.1
E07000137,11/1/24,3.3
E07000137,12/1/24,3.3
E07000137,1/1/25,3.6
E07000137,2/1/25,3.8
E07000137,3/1/25,3.6
E07000137,4/1/25,3.3
E07000137,5/1/25,2.9
E07000137,6/1/25,2.9
E07000137,7/1/25,2.8
E07000137,8/1/25,2.8
E07000137,9/1/25,2.8
E07000137,10/1/25,2.9
E07000137,11/1/25,3.1
E07000137,12/1/25,3.3
E07000137,1/1/26,3.5
E07000137,2/1/26,3.9
E07000138,1/1/18,2.3
E07000138,2/1/18,2.4
E07000138,3/1/18,2.4
E07000138,4/1/18,2.6
E07000138,5/1/18,2.6
E07000138,6/1/18,2.7
E07000138,7/1/18,2.8
E07000138,8/1/18,2.8
E07000138,9/1/18,2.8
E07000138,10/1/18,2.9
E07000138,11/1/18,2.9
E07000138,12/1/18,3
E07000138,1/1/19,3.1
E07000138,2/1/19,3.2
E07000138,3/1/19,3.3
E07000138,4/1/19,3.3
E07000138,5/1/19,3.4
E07000138,6/1/19,3.3
E07000138,7/1/19,3.4
E07000138,8/1/19,3.4
E07000138,9/1/19,3.4
E07000138,10/1/19,3.3
E07000138,11/1/19,3.3
E07000138,12/1/19,3.4
E07000138,1/1/20,3.5
E07000138,2/1/20,3.6
E07000138,3/1/20,3.6
E07000138,4/1/20,5.4
E07000138,5/1/20,6.3
E07000138,6/1/20,6.1
E07000138,7/1/20,6.2
E07000138,8/1/20,6.3
E07000138,9/1/20,6.2
E07000138,10/1/20,5.9
E07000138,11/1/20,6
E07000138,12/1/20,6
E07000138,1/1/21,6
E07000138,2/1/21,6.2
E07000138,3/1/21,6.2
E07000138,4/1/21,6.1
E07000138,5/1/21,5.8
E07000138,6/1/21,5.6
E07000138,7/1/21,5.5
E07000138,8/1/21,5.4
E07000138,9/1/21,5.1
E07000138,10/1/21,5.1
E07000138,11/1/21,4.9
E07000138,12/1/21,4.7
E07000138,1/1/22,4.5
E07000138,2/1/22,4.6
E07000138,3/1/22,4.4
E07000138,4/1/22,4.2
E07000138,5/1/22,4.1
E07000138,6/1/22,4
E07000138,7/1/22,4
E07000138,8/1/22,4.1
E07000138,9/1/22,4
E07000138,10/1/22,4
E07000138,11/1/22,4.1
E07000138,12/1/22,4.3
E07000138,1/1/23,4.3
E07000138,2/1/23,4.3
E07000138,3/1/23,4.3
E07000138,4/1/23,4.3
E07000138,5/1/23,4
E07000138,6/1/23,4.1
E07000138,7/1/23,4
E07000138,8/1/23,3.8
E07000138,9/1/23,3.9
E07000138,10/1/23,3.9
E07000138,11/1/23,3.8
E07000138,12/1/23,3.8
E07000138,1/1/24,3.8
E07000138,2/1/24,3.9
E07000138,3/1/24,3.9
E07000138,4/1/24,3.8
E07000138,5/1/24,3.8
E07000138,6/1/24,3.8
E07000138,7/1/24,4.1
E07000138,8/1/24,4.1
E07000138,9/1/24,4
E07000138,10/1/24,4
E07000138,11/1/24,3.8
E07000138,12/1/24,3.7
E07000138,1/1/25,3.7
E07000138,2/1/25,3.8
E07000138,3/1/25,3.9
E07000138,4/1/25,3.8
E07000138,5/1/25,3.7
E07000138,6/1/25,3.8
E07000138,7/1/25,3.8
E07000138,8/1/25,3.7
E07000138,9/1/25,3.7
E07000138,10/1/25,3.7
E07000138,11/1/25,3.7
E07000138,12/1/25,3.7
E07000138,1/1/26,3.8
E07000138,2/1/26,3.9
E07000139,1/1/18,0.9
E07000139,2/1/18,1
E07000139,3/1/18,1
E07000139,4/1/18,1
E07000139,5/1/18,0.9
E07000139,6/1/18,1
E07000139,7/1/18,1
E07000139,8/1/18,1
E07000139,9/1/18,1
E07000139,10/1/18,1
E07000139,11/1/18,1.1
E07000139,12/1/18,1.1
E07000139,1/1/19,1.1
E07000139,2/1/19,1.2
E07000139,3/1/19,1.3
E07000139,4/1/19,1.3
E07000139,5/1/19,1.3
E07000139,6/1/19,1.4
E07000139,7/1/19,1.5
E07000139,8/1/19,1.5
E07000139,9/1/19,1.5
E07000139,10/1/19,1.6
E07000139,11/1/19,1.6
E07000139,12/1/19,1.7
E07000139,1/1/20,1.7
E07000139,2/1/20,1.7
E07000139,3/1/20,1.7
E07000139,4/1/20,3.5
E07000139,5/1/20,4.2
E07000139,6/1/20,3.9
E07000139,7/1/20,4
E07000139,8/1/20,4
E07000139,9/1/20,3.9
E07000139,10/1/20,3.6
E07000139,11/1/20,3.7
E07000139,12/1/20,3.6
E07000139,1/1/21,3.5
E07000139,2/1/21,3.7
E07000139,3/1/21,3.6
E07000139,4/1/21,3.5
E07000139,5/1/21,3.3
E07000139,6/1/21,2.9
E07000139,7/1/21,2.9
E07000139,8/1/21,2.9
E07000139,9/1/21,2.7
E07000139,10/1/21,2.6
E07000139,11/1/21,2.4
E07000139,12/1/21,2.3
E07000139,1/1/22,2.2
E07000139,2/1/22,2.2
E07000139,3/1/22,2.1
E07000139,4/1/22,2
E07000139,5/1/22,1.9
E07000139,6/1/22,1.9
E07000139,7/1/22,1.9
E07000139,8/1/22,1.9
E07000139,9/1/22,2
E07000139,10/1/22,1.9
E07000139,11/1/22,2
E07000139,12/1/22,1.9
E07000139,1/1/23,1.9
E07000139,2/1/23,2
E07000139,3/1/23,2
E07000139,4/1/23,1.9
E07000139,5/1/23,1.8
E07000139,6/1/23,1.8
E07000139,7/1/23,1.8
E07000139,8/1/23,1.8
E07000139,9/1/23,1.8
E07000139,10/1/23,1.8
E07000139,11/1/23,1.8
E07000139,12/1/23,1.8
E07000139,1/1/24,1.9
E07000139,2/1/24,2
E07000139,3/1/24,2
E07000139,4/1/24,2
E07000139,5/1/24,1.9
E07000139,6/1/24,1.9
E07000139,7/1/24,2.1
E07000139,8/1/24,2.1
E07000139,9/1/24,2.1
E07000139,10/1/24,2
E07000139,11/1/24,2
E07000139,12/1/24,2
E07000139,1/1/25,1.9
E07000139,2/1/25,2.1
E07000139,3/1/25,2.1
E07000139,4/1/25,2
E07000139,5/1/25,2
E07000139,6/1/25,2
E07000139,7/1/25,2
E07000139,8/1/25,2
E07000139,9/1/25,2
E07000139,10/1/25,2
E07000139,11/1/25,2
E07000139,12/1/25,2
E07000139,1/1/26,2.1
E07000139,2/1/26,2.2
E07000140,1/1/18,1.2
E07000140,2/1/18,1.2
E07000140,3/1/18,1.3
E07000140,4/1/18,1.3
E07000140,5/1/18,1.2
E07000140,6/1/18,1.2
E07000140,7/1/18,1.1
E07000140,8/1/18,1.2
E07000140,9/1/18,1.2
E07000140,10/1/18,1.3
E07000140,11/1/18,1.4
E07000140,12/1/18,1.4
E07000140,1/1/19,1.5
E07000140,2/1/19,1.6
E07000140,3/1/19,1.7
E07000140,4/1/19,1.7
E07000140,5/1/19,1.8
E07000140,6/1/19,1.9
E07000140,7/1/19,1.9
E07000140,8/1/19,1.9
E07000140,9/1/19,2
E07000140,10/1/19,2.1
E07000140,11/1/19,2.2
E07000140,12/1/19,2.1
E07000140,1/1/20,2.2
E07000140,2/1/20,2.3
E07000140,3/1/20,2.3
E07000140,4/1/20,4.4
E07000140,5/1/20,5.1
E07000140,6/1/20,4.9
E07000140,7/1/20,5
E07000140,8/1/20,5.2
E07000140,9/1/20,5.2
E07000140,10/1/20,5
E07000140,11/1/20,5.1
E07000140,12/1/20,5.2
E07000140,1/1/21,4.9
E07000140,2/1/21,5.2
E07000140,3/1/21,5.1
E07000140,4/1/21,5.1
E07000140,5/1/21,4.7
E07000140,6/1/21,4.4
E07000140,7/1/21,4.3
E07000140,8/1/21,4.2
E07000140,9/1/21,3.9
E07000140,10/1/21,3.8
E07000140,11/1/21,3.7
E07000140,12/1/21,3.5
E07000140,1/1/22,3.4
E07000140,2/1/22,3.4
E07000140,3/1/22,3.3
E07000140,4/1/22,3.2
E07000140,5/1/22,2.9
E07000140,6/1/22,2.9
E07000140,7/1/22,2.8
E07000140,8/1/22,2.7
E07000140,9/1/22,2.7
E07000140,10/1/22,2.6
E07000140,11/1/22,2.6
E07000140,12/1/22,2.7
E07000140,1/1/23,2.7
E07000140,2/1/23,2.6
E07000140,3/1/23,2.7
E07000140,4/1/23,2.8
E07000140,5/1/23,2.7
E07000140,6/1/23,2.8
E07000140,7/1/23,2.8
E07000140,8/1/23,2.7
E07000140,9/1/23,2.8
E07000140,10/1/23,2.8
E07000140,11/1/23,2.8
E07000140,12/1/23,2.8
E07000140,1/1/24,2.8
E07000140,2/1/24,3
E07000140,3/1/24,3
E07000140,4/1/24,2.9
E07000140,5/1/24,2.9
E07000140,6/1/24,2.9
E07000140,7/1/24,3.1
E07000140,8/1/24,3.1
E07000140,9/1/24,3.1
E07000140,10/1/24,3
E07000140,11/1/24,3
E07000140,12/1/24,3
E07000140,1/1/25,3
E07000140,2/1/25,3.2
E07000140,3/1/25,3.2
E07000140,4/1/25,3.1
E07000140,5/1/25,3
E07000140,6/1/25,3
E07000140,7/1/25,3.1
E07000140,8/1/25,2.9
E07000140,9/1/25,2.9
E07000140,10/1/25,2.9
E07000140,11/1/25,3
E07000140,12/1/25,2.9
E07000140,1/1/26,3
E07000140,2/1/26,3.1
E07000141,1/1/18,1.5
E07000141,2/1/18,1.7
E07000141,3/1/18,1.8
E07000141,4/1/18,1.9
E07000141,5/1/18,1.9
E07000141,6/1/18,1.9
E07000141,7/1/18,1.9
E07000141,8/1/18,2
E07000141,9/1/18,2
E07000141,10/1/18,2
E07000141,11/1/18,2
E07000141,12/1/18,2.1
E07000141,1/1/19,2.1
E07000141,2/1/19,2.2
E07000141,3/1/19,2.2
E07000141,4/1/19,2.2
E07000141,5/1/19,2.2
E07000141,6/1/19,2.2
E07000141,7/1/19,2.2
E07000141,8/1/19,2.3
E07000141,9/1/19,2.3
E07000141,10/1/19,2.4
E07000141,11/1/19,2.4
E07000141,12/1/19,2.4
E07000141,1/1/20,2.4
E07000141,2/1/20,2.5
E07000141,3/1/20,2.5
E07000141,4/1/20,4.4
E07000141,5/1/20,5.4
E07000141,6/1/20,5.1
E07000141,7/1/20,5.3
E07000141,8/1/20,5.3
E07000141,9/1/20,5.2
E07000141,10/1/20,4.9
E07000141,11/1/20,4.9
E07000141,12/1/20,4.7
E07000141,1/1/21,4.7
E07000141,2/1/21,4.9
E07000141,3/1/21,4.8
E07000141,4/1/21,4.6
E07000141,5/1/21,4.3
E07000141,6/1/21,4
E07000141,7/1/21,3.9
E07000141,8/1/21,3.8
E07000141,9/1/21,3.6
E07000141,10/1/21,3.6
E07000141,11/1/21,3.4
E07000141,12/1/21,3.2
E07000141,1/1/22,3.3
E07000141,2/1/22,3.2
E07000141,3/1/22,3.1
E07000141,4/1/22,2.8
E07000141,5/1/22,2.8
E07000141,6/1/22,2.7
E07000141,7/1/22,2.7
E07000141,8/1/22,2.7
E07000141,9/1/22,2.7
E07000141,10/1/22,2.6
E07000141,11/1/22,2.7
E07000141,12/1/22,2.8
E07000141,1/1/23,2.7
E07000141,2/1/23,2.7
E07000141,3/1/23,2.8
E07000141,4/1/23,2.7
E07000141,5/1/23,2.6
E07000141,6/1/23,2.6
E07000141,7/1/23,2.7
E07000141,8/1/23,2.7
E07000141,9/1/23,2.7
E07000141,10/1/23,2.7
E07000141,11/1/23,2.6
E07000141,12/1/23,2.7
E07000141,1/1/24,2.7
E07000141,2/1/24,2.7
E07000141,3/1/24,2.8
E07000141,4/1/24,2.7
E07000141,5/1/24,2.7
E07000141,6/1/24,2.6
E07000141,7/1/24,2.8
E07000141,8/1/24,2.9
E07000141,9/1/24,2.8
E07000141,10/1/24,2.8
E07000141,11/1/24,2.7
E07000141,12/1/24,2.7
E07000141,1/1/25,2.8
E07000141,2/1/25,2.8
E07000141,3/1/25,2.9
E07000141,4/1/25,2.8
E07000141,5/1/25,2.8
E07000141,6/1/25,2.8
E07000141,7/1/25,2.8
E07000141,8/1/25,2.8
E07000141,9/1/25,2.8
E07000141,10/1/25,2.8
E07000141,11/1/25,2.8
E07000141,12/1/25,2.8
E07000141,1/1/26,2.8
E07000141,2/1/26,3
E07000142,1/1/18,2
E07000142,2/1/18,2.1
E07000142,3/1/18,2.1
E07000142,4/1/18,2.2
E07000142,5/1/18,2.2
E07000142,6/1/18,2.2
E07000142,7/1/18,2.1
E07000142,8/1/18,2.2
E07000142,9/1/18,2.2
E07000142,10/1/18,2.2
E07000142,11/1/18,2.3
E07000142,12/1/18,2.4
E07000142,1/1/19,2.5
E07000142,2/1/19,2.7
E07000142,3/1/19,2.8
E07000142,4/1/19,2.9
E07000142,5/1/19,2.9
E07000142,6/1/19,2.9
E07000142,7/1/19,3
E07000142,8/1/19,3
E07000142,9/1/19,2.9
E07000142,10/1/19,3
E07000142,11/1/19,3
E07000142,12/1/19,3
E07000142,1/1/20,3
E07000142,2/1/20,3.2
E07000142,3/1/20,3.1
E07000142,4/1/20,4.9
E07000142,5/1/20,5.5
E07000142,6/1/20,5.3
E07000142,7/1/20,5.3
E07000142,8/1/20,5.5
E07000142,9/1/20,5.4
E07000142,10/1/20,5.1
E07000142,11/1/20,5.2
E07000142,12/1/20,5.1
E07000142,1/1/21,5
E07000142,2/1/21,5.2
E07000142,3/1/21,5.1
E07000142,4/1/21,5
E07000142,5/1/21,4.7
E07000142,6/1/21,4.3
E07000142,7/1/21,4.3
E07000142,8/1/21,4.2
E07000142,9/1/21,4
E07000142,10/1/21,3.8
E07000142,11/1/21,3.7
E07000142,12/1/21,3.6
E07000142,1/1/22,3.5
E07000142,2/1/22,3.4
E07000142,3/1/22,3.3
E07000142,4/1/22,3.2
E07000142,5/1/22,3.1
E07000142,6/1/22,3.1
E07000142,7/1/22,3.1
E07000142,8/1/22,3.2
E07000142,9/1/22,3.1
E07000142,10/1/22,3.1
E07000142,11/1/22,3.1
E07000142,12/1/22,3.1
E07000142,1/1/23,3.1
E07000142,2/1/23,3.1
E07000142,3/1/23,3.1
E07000142,4/1/23,3
E07000142,5/1/23,2.8
E07000142,6/1/23,2.9
E07000142,7/1/23,2.9
E07000142,8/1/23,2.8
E07000142,9/1/23,2.9
E07000142,10/1/23,2.8
E07000142,11/1/23,2.8
E07000142,12/1/23,2.9
E07000142,1/1/24,2.9
E07000142,2/1/24,3
E07000142,3/1/24,3
E07000142,4/1/24,2.9
E07000142,5/1/24,2.9
E07000142,6/1/24,2.9
E07000142,7/1/24,3.1
E07000142,8/1/24,3.1
E07000142,9/1/24,3.1
E07000142,10/1/24,3.1
E07000142,11/1/24,2.9
E07000142,12/1/24,2.9
E07000142,1/1/25,2.9
E07000142,2/1/25,3
E07000142,3/1/25,2.9
E07000142,4/1/25,3
E07000142,5/1/25,2.8
E07000142,6/1/25,2.8
E07000142,7/1/25,2.8
E07000142,8/1/25,2.8
E07000142,9/1/25,2.8
E07000142,10/1/25,2.8
E07000142,11/1/25,2.9
E07000142,12/1/25,2.9
E07000142,1/1/26,3
E07000142,2/1/26,3.1
E07000143,1/1/18,1.1
E07000143,2/1/18,1.2
E07000143,3/1/18,1.2
E07000143,4/1/18,1.2
E07000143,5/1/18,1.2
E07000143,6/1/18,1.1
E07000143,7/1/18,1.1
E07000143,8/1/18,1.1
E07000143,9/1/18,1
E07000143,10/1/18,1.1
E07000143,11/1/18,1.2
E07000143,12/1/18,1.3
E07000143,1/1/19,1.4
E07000143,2/1/19,1.5
E07000143,3/1/19,1.6
E07000143,4/1/19,1.6
E07000143,5/1/19,1.7
E07000143,6/1/19,1.7
E07000143,7/1/19,1.6
E07000143,8/1/19,1.7
E07000143,9/1/19,1.7
E07000143,10/1/19,1.8
E07000143,11/1/19,1.8
E07000143,12/1/19,1.9
E07000143,1/1/20,1.9
E07000143,2/1/20,2
E07000143,3/1/20,2
E07000143,4/1/20,3.8
E07000143,5/1/20,4.7
E07000143,6/1/20,4.3
E07000143,7/1/20,4.4
E07000143,8/1/20,4.4
E07000143,9/1/20,4.3
E07000143,10/1/20,4.1
E07000143,11/1/20,4.3
E07000143,12/1/20,4.3
E07000143,1/1/21,4.1
E07000143,2/1/21,4.3
E07000143,3/1/21,4.2
E07000143,4/1/21,4.2
E07000143,5/1/21,3.8
E07000143,6/1/21,3.4
E07000143,7/1/21,3.3
E07000143,8/1/21,3.2
E07000143,9/1/21,3
E07000143,10/1/21,3
E07000143,11/1/21,2.9
E07000143,12/1/21,2.8
E07000143,1/1/22,2.7
E07000143,2/1/22,2.8
E07000143,3/1/22,2.6
E07000143,4/1/22,2.5
E07000143,5/1/22,2.4
E07000143,6/1/22,2.4
E07000143,7/1/22,2.3
E07000143,8/1/22,2.3
E07000143,9/1/22,2.3
E07000143,10/1/22,2.2
E07000143,11/1/22,2.2
E07000143,12/1/22,2.2
E07000143,1/1/23,2.1
E07000143,2/1/23,2.2
E07000143,3/1/23,2.2
E07000143,4/1/23,2.2
E07000143,5/1/23,2.2
E07000143,6/1/23,2.1
E07000143,7/1/23,2.2
E07000143,8/1/23,2.1
E07000143,9/1/23,2.1
E07000143,10/1/23,2.2
E07000143,11/1/23,2.2
E07000143,12/1/23,2.3
E07000143,1/1/24,2.3
E07000143,2/1/24,2.3
E07000143,3/1/24,2.3
E07000143,4/1/24,2.3
E07000143,5/1/24,2.2
E07000143,6/1/24,2.3
E07000143,7/1/24,2.5
E07000143,8/1/24,2.5
E07000143,9/1/24,2.5
E07000143,10/1/24,2.4
E07000143,11/1/24,2.3
E07000143,12/1/24,2.3
E07000143,1/1/25,2.4
E07000143,2/1/25,2.4
E07000143,3/1/25,2.4
E07000143,4/1/25,2.4
E07000143,5/1/25,2.3
E07000143,6/1/25,2.3
E07000143,7/1/25,2.3
E07000143,8/1/25,2.3
E07000143,9/1/25,2.3
E07000143,10/1/25,2.3
E07000143,11/1/25,2.3
E07000143,12/1/25,2.3
E07000143,1/1/26,2.4
E07000143,2/1/26,2.6
E07000144,1/1/18,0.7
E07000144,2/1/18,0.8
E07000144,3/1/18,0.9
E07000144,4/1/18,0.9
E07000144,5/1/18,0.9
E07000144,6/1/18,0.8
E07000144,7/1/18,0.8
E07000144,8/1/18,0.8
E07000144,9/1/18,0.7
E07000144,10/1/18,0.7
E07000144,11/1/18,0.7
E07000144,12/1/18,0.8
E07000144,1/1/19,0.9
E07000144,2/1/19,1
E07000144,3/1/19,1.1
E07000144,4/1/19,1.1
E07000144,5/1/19,1.1
E07000144,6/1/19,1.1
E07000144,7/1/19,1.2
E07000144,8/1/19,1.2
E07000144,9/1/19,1.2
E07000144,10/1/19,1.3
E07000144,11/1/19,1.3
E07000144,12/1/19,1.4
E07000144,1/1/20,1.4
E07000144,2/1/20,1.4
E07000144,3/1/20,1.5
E07000144,4/1/20,3
E07000144,5/1/20,4.1
E07000144,6/1/20,3.7
E07000144,7/1/20,3.9
E07000144,8/1/20,4
E07000144,9/1/20,3.8
E07000144,10/1/20,3.6
E07000144,11/1/20,3.6
E07000144,12/1/20,3.6
E07000144,1/1/21,3.4
E07000144,2/1/21,3.6
E07000144,3/1/21,3.6
E07000144,4/1/21,3.5
E07000144,5/1/21,3.2
E07000144,6/1/21,2.8
E07000144,7/1/21,2.7
E07000144,8/1/21,2.6
E07000144,9/1/21,2.5
E07000144,10/1/21,2.4
E07000144,11/1/21,2.3
E07000144,12/1/21,2.3
E07000144,1/1/22,2.2
E07000144,2/1/22,2.2
E07000144,3/1/22,2.2
E07000144,4/1/22,2
E07000144,5/1/22,1.9
E07000144,6/1/22,1.9
E07000144,7/1/22,1.9
E07000144,8/1/22,1.8
E07000144,9/1/22,1.8
E07000144,10/1/22,1.7
E07000144,11/1/22,1.7
E07000144,12/1/22,1.7
E07000144,1/1/23,1.7
E07000144,2/1/23,1.8
E07000144,3/1/23,1.7
E07000144,4/1/23,1.7
E07000144,5/1/23,1.7
E07000144,6/1/23,1.7
E07000144,7/1/23,1.8
E07000144,8/1/23,1.7
E07000144,9/1/23,1.7
E07000144,10/1/23,1.7
E07000144,11/1/23,1.8
E07000144,12/1/23,1.8
E07000144,1/1/24,1.8
E07000144,2/1/24,1.9
E07000144,3/1/24,2
E07000144,4/1/24,1.9
E07000144,5/1/24,1.9
E07000144,6/1/24,1.8
E07000144,7/1/24,2
E07000144,8/1/24,2
E07000144,9/1/24,2.1
E07000144,10/1/24,2.1
E07000144,11/1/24,2.1
E07000144,12/1/24,2
E07000144,1/1/25,2
E07000144,2/1/25,2.1
E07000144,3/1/25,2.1
E07000144,4/1/25,2
E07000144,5/1/25,2
E07000144,6/1/25,2
E07000144,7/1/25,2
E07000144,8/1/25,2
E07000144,9/1/25,2
E07000144,10/1/25,2
E07000144,11/1/25,2
E07000144,12/1/25,1.9
E07000144,1/1/26,2
E07000144,2/1/26,2.1
E07000145,1/1/18,5.1
E07000145,2/1/18,5.3
E07000145,3/1/18,5.5
E07000145,4/1/18,5.7
E07000145,5/1/18,5.1
E07000145,6/1/18,4.8
E07000145,7/1/18,4.7
E07000145,8/1/18,4.8
E07000145,9/1/18,4.7
E07000145,10/1/18,4.8
E07000145,11/1/18,5
E07000145,12/1/18,5.1
E07000145,1/1/19,5.3
E07000145,2/1/19,5.4
E07000145,3/1/19,5.4
E07000145,4/1/19,5.2
E07000145,5/1/19,4.9
E07000145,6/1/19,4.7
E07000145,7/1/19,4.5
E07000145,8/1/19,4.6
E07000145,9/1/19,4.4
E07000145,10/1/19,4.5
E07000145,11/1/19,4.8
E07000145,12/1/19,5
E07000145,1/1/20,5.3
E07000145,2/1/20,5.4
E07000145,3/1/20,5.2
E07000145,4/1/20,7.8
E07000145,5/1/20,8.3
E07000145,6/1/20,8.3
E07000145,7/1/20,8.3
E07000145,8/1/20,8.1
E07000145,9/1/20,7.8
E07000145,10/1/20,7.5
E07000145,11/1/20,8
E07000145,12/1/20,7.9
E07000145,1/1/21,8.3
E07000145,2/1/21,8.6
E07000145,3/1/21,8.5
E07000145,4/1/21,8.3
E07000145,5/1/21,7.5
E07000145,6/1/21,6.8
E07000145,7/1/21,6.3
E07000145,8/1/21,6.1
E07000145,9/1/21,5.8
E07000145,10/1/21,5.8
E07000145,11/1/21,5.9
E07000145,12/1/21,5.9
E07000145,1/1/22,6.2
E07000145,2/1/22,6.2
E07000145,3/1/22,5.8
E07000145,4/1/22,5.1
E07000145,5/1/22,4.7
E07000145,6/1/22,4.5
E07000145,7/1/22,4.2
E07000145,8/1/22,4.2
E07000145,9/1/22,4.1
E07000145,10/1/22,4.1
E07000145,11/1/22,4.4
E07000145,12/1/22,4.8
E07000145,1/1/23,5.1
E07000145,2/1/23,5.2
E07000145,3/1/23,5.2
E07000145,4/1/23,5.2
E07000145,5/1/23,4.8
E07000145,6/1/23,4.7
E07000145,7/1/23,4.7
E07000145,8/1/23,4.4
E07000145,9/1/23,4.4
E07000145,10/1/23,4.4
E07000145,11/1/23,4.7
E07000145,12/1/23,4.7
E07000145,1/1/24,5.1
E07000145,2/1/24,5.1
E07000145,3/1/24,5.2
E07000145,4/1/24,5.1
E07000145,5/1/24,4.9
E07000145,6/1/24,5
E07000145,7/1/24,5.1
E07000145,8/1/24,5.1
E07000145,9/1/24,4.9
E07000145,10/1/24,4.8
E07000145,11/1/24,4.9
E07000145,12/1/24,4.8
E07000145,1/1/25,5
E07000145,2/1/25,5.2
E07000145,3/1/25,5.1
E07000145,4/1/25,4.9
E07000145,5/1/25,4.7
E07000145,6/1/25,4.6
E07000145,7/1/25,4.6
E07000145,8/1/25,4.4
E07000145,9/1/25,4.3
E07000145,10/1/25,4.3
E07000145,11/1/25,4.5
E07000145,12/1/25,4.7
E07000145,1/1/26,4.9
E07000145,2/1/26,5.2
E07000146,1/1/18,1
E07000146,2/1/18,1.1
E07000146,3/1/18,1.1
E07000146,4/1/18,1.1
E07000146,5/1/18,1.1
E07000146,6/1/18,1
E07000146,7/1/18,1
E07000146,8/1/18,1
E07000146,9/1/18,1
E07000146,10/1/18,1
E07000146,11/1/18,1
E07000146,12/1/18,1.1
E07000146,1/1/19,1.2
E07000146,2/1/19,1.3
E07000146,3/1/19,1.5
E07000146,4/1/19,1.6
E07000146,5/1/19,1.6
E07000146,6/1/19,1.7
E07000146,7/1/19,1.8
E07000146,8/1/19,1.9
E07000146,9/1/19,1.9
E07000146,10/1/19,2
E07000146,11/1/19,2.1
E07000146,12/1/19,2.2
E07000146,1/1/20,2.3
E07000146,2/1/20,2.3
E07000146,3/1/20,2.3
E07000146,4/1/20,4
E07000146,5/1/20,5.3
E07000146,6/1/20,5
E07000146,7/1/20,5.1
E07000146,8/1/20,5.1
E07000146,9/1/20,4.9
E07000146,10/1/20,4.6
E07000146,11/1/20,4.7
E07000146,12/1/20,4.8
E07000146,1/1/21,4.7
E07000146,2/1/21,5
E07000146,3/1/21,4.9
E07000146,4/1/21,4.8
E07000146,5/1/21,4.4
E07000146,6/1/21,4
E07000146,7/1/21,3.9
E07000146,8/1/21,3.6
E07000146,9/1/21,3.4
E07000146,10/1/21,3.3
E07000146,11/1/21,3.1
E07000146,12/1/21,3
E07000146,1/1/22,3
E07000146,2/1/22,3
E07000146,3/1/22,2.9
E07000146,4/1/22,2.7
E07000146,5/1/22,2.6
E07000146,6/1/22,2.5
E07000146,7/1/22,2.4
E07000146,8/1/22,2.5
E07000146,9/1/22,2.5
E07000146,10/1/22,2.5
E07000146,11/1/22,2.6
E07000146,12/1/22,2.5
E07000146,1/1/23,2.5
E07000146,2/1/23,2.6
E07000146,3/1/23,2.7
E07000146,4/1/23,2.7
E07000146,5/1/23,2.8
E07000146,6/1/23,2.7
E07000146,7/1/23,2.7
E07000146,8/1/23,2.6
E07000146,9/1/23,2.6
E07000146,10/1/23,2.6
E07000146,11/1/23,2.6
E07000146,12/1/23,2.7
E07000146,1/1/24,2.7
E07000146,2/1/24,2.7
E07000146,3/1/24,2.7
E07000146,4/1/24,2.7
E07000146,5/1/24,2.6
E07000146,6/1/24,2.7
E07000146,7/1/24,2.9
E07000146,8/1/24,2.8
E07000146,9/1/24,2.8
E07000146,10/1/24,2.8
E07000146,11/1/24,2.8
E07000146,12/1/24,2.8
E07000146,1/1/25,2.8
E07000146,2/1/25,2.9
E07000146,3/1/25,3
E07000146,4/1/25,2.9
E07000146,5/1/25,2.8
E07000146,6/1/25,2.8
E07000146,7/1/25,2.7
E07000146,8/1/25,2.8
E07000146,9/1/25,2.7
E07000146,10/1/25,2.7
E07000146,11/1/25,2.7
E07000146,12/1/25,2.8
E07000146,1/1/26,2.9
E07000146,2/1/26,3
E07000147,1/1/18,1
E07000147,2/1/18,1.1
E07000147,3/1/18,1.1
E07000147,4/1/18,1.1
E07000147,5/1/18,1
E07000147,6/1/18,0.9
E07000147,7/1/18,0.8
E07000147,8/1/18,0.8
E07000147,9/1/18,0.8
E07000147,10/1/18,0.8
E07000147,11/1/18,0.8
E07000147,12/1/18,0.9
E07000147,1/1/19,1
E07000147,2/1/19,1.2
E07000147,3/1/19,1.3
E07000147,4/1/19,1.4
E07000147,5/1/19,1.4
E07000147,6/1/19,1.5
E07000147,7/1/19,1.4
E07000147,8/1/19,1.5
E07000147,9/1/19,1.5
E07000147,10/1/19,1.6
E07000147,11/1/19,1.7
E07000147,12/1/19,1.8
E07000147,1/1/20,1.9
E07000147,2/1/20,2.1
E07000147,3/1/20,2
E07000147,4/1/20,4.3
E07000147,5/1/20,5.2
E07000147,6/1/20,4.8
E07000147,7/1/20,4.9
E07000147,8/1/20,4.9
E07000147,9/1/20,4.7
E07000147,10/1/20,4.2
E07000147,11/1/20,4.4
E07000147,12/1/20,4.4
E07000147,1/1/21,4.4
E07000147,2/1/21,4.7
E07000147,3/1/21,4.6
E07000147,4/1/21,4.6
E07000147,5/1/21,4.2
E07000147,6/1/21,3.7
E07000147,7/1/21,3.5
E07000147,8/1/21,3.3
E07000147,9/1/21,3.1
E07000147,10/1/21,3.1
E07000147,11/1/21,3.1
E07000147,12/1/21,3.1
E07000147,1/1/22,3.1
E07000147,2/1/22,3.2
E07000147,3/1/22,3.1
E07000147,4/1/22,2.9
E07000147,5/1/22,2.7
E07000147,6/1/22,2.7
E07000147,7/1/22,2.6
E07000147,8/1/22,2.5
E07000147,9/1/22,2.5
E07000147,10/1/22,2.5
E07000147,11/1/22,2.5
E07000147,12/1/22,2.6
E07000147,1/1/23,2.6
E07000147,2/1/23,2.8
E07000147,3/1/23,2.7
E07000147,4/1/23,2.7
E07000147,5/1/23,2.6
E07000147,6/1/23,2.5
E07000147,7/1/23,2.5
E07000147,8/1/23,2.4
E07000147,9/1/23,2.4
E07000147,10/1/23,2.4
E07000147,11/1/23,2.5
E07000147,12/1/23,2.6
E07000147,1/1/24,2.7
E07000147,2/1/24,2.8
E07000147,3/1/24,2.9
E07000147,4/1/24,2.8
E07000147,5/1/24,2.6
E07000147,6/1/24,2.6
E07000147,7/1/24,2.9
E07000147,8/1/24,2.9
E07000147,9/1/24,2.8
E07000147,10/1/24,2.9
E07000147,11/1/24,2.9
E07000147,12/1/24,2.8
E07000147,1/1/25,2.8
E07000147,2/1/25,2.9
E07000147,3/1/25,2.9
E07000147,4/1/25,2.8
E07000147,5/1/25,2.6
E07000147,6/1/25,2.6
E07000147,7/1/25,2.5
E07000147,8/1/25,2.5
E07000147,9/1/25,2.5
E07000147,10/1/25,2.5
E07000147,11/1/25,2.6
E07000147,12/1/25,2.6
E07000147,1/1/26,2.7
E07000147,2/1/26,2.9
E07000148,1/1/18,1.6
E07000148,2/1/18,1.7
E07000148,3/1/18,1.8
E07000148,4/1/18,1.8
E07000148,5/1/18,1.8
E07000148,6/1/18,1.7
E07000148,7/1/18,1.7
E07000148,8/1/18,1.7
E07000148,9/1/18,1.7
E07000148,10/1/18,1.7
E07000148,11/1/18,1.7
E07000148,12/1/18,1.8
E07000148,1/1/19,2.1
E07000148,2/1/19,2.2
E07000148,3/1/19,2.4
E07000148,4/1/19,2.5
E07000148,5/1/19,2.6
E07000148,6/1/19,2.7
E07000148,7/1/19,2.8
E07000148,8/1/19,2.9
E07000148,9/1/19,2.9
E07000148,10/1/19,3
E07000148,11/1/19,3.1
E07000148,12/1/19,3.1
E07000148,1/1/20,3.2
E07000148,2/1/20,3.3
E07000148,3/1/20,3.3
E07000148,4/1/20,5.1
E07000148,5/1/20,6.5
E07000148,6/1/20,6.2
E07000148,7/1/20,6.5
E07000148,8/1/20,6.5
E07000148,9/1/20,6.5
E07000148,10/1/20,6.1
E07000148,11/1/20,6.3
E07000148,12/1/20,6.3
E07000148,1/1/21,6.2
E07000148,2/1/21,6.5
E07000148,3/1/21,6.5
E07000148,4/1/21,6.5
E07000148,5/1/21,6
E07000148,6/1/21,5.6
E07000148,7/1/21,5.5
E07000148,8/1/21,5.3
E07000148,9/1/21,5.1
E07000148,10/1/21,4.9
E07000148,11/1/21,4.8
E07000148,12/1/21,4.6
E07000148,1/1/22,4.4
E07000148,2/1/22,4.4
E07000148,3/1/22,4.3
E07000148,4/1/22,4.1
E07000148,5/1/22,3.9
E07000148,6/1/22,3.8
E07000148,7/1/22,3.7
E07000148,8/1/22,3.7
E07000148,9/1/22,3.6
E07000148,10/1/22,3.5
E07000148,11/1/22,3.4
E07000148,12/1/22,3.5
E07000148,1/1/23,3.5
E07000148,2/1/23,3.5
E07000148,3/1/23,3.5
E07000148,4/1/23,3.5
E07000148,5/1/23,3.4
E07000148,6/1/23,3.4
E07000148,7/1/23,3.5
E07000148,8/1/23,3.5
E07000148,9/1/23,3.5
E07000148,10/1/23,3.5
E07000148,11/1/23,3.6
E07000148,12/1/23,3.7
E07000148,1/1/24,3.7
E07000148,2/1/24,3.8
E07000148,3/1/24,3.9
E07000148,4/1/24,3.8
E07000148,5/1/24,3.8
E07000148,6/1/24,3.8
E07000148,7/1/24,4.2
E07000148,8/1/24,4.1
E07000148,9/1/24,4.1
E07000148,10/1/24,4.1
E07000148,11/1/24,4
E07000148,12/1/24,3.9
E07000148,1/1/25,4
E07000148,2/1/25,4.1
E07000148,3/1/25,4
E07000148,4/1/25,4
E07000148,5/1/25,3.9
E07000148,6/1/25,3.9
E07000148,7/1/25,3.9
E07000148,8/1/25,4
E07000148,9/1/25,3.9
E07000148,10/1/25,4
E07000148,11/1/25,4
E07000148,12/1/25,4
E07000148,1/1/26,4
E07000148,2/1/26,4.3
E07000149,1/1/18,0.8
E07000149,2/1/18,0.8
E07000149,3/1/18,0.9
E07000149,4/1/18,0.9
E07000149,5/1/18,0.9
E07000149,6/1/18,0.8
E07000149,7/1/18,0.8
E07000149,8/1/18,0.8
E07000149,9/1/18,0.9
E07000149,10/1/18,0.9
E07000149,11/1/18,0.9
E07000149,12/1/18,1
E07000149,1/1/19,1
E07000149,2/1/19,1.1
E07000149,3/1/19,1.2
E07000149,4/1/19,1.2
E07000149,5/1/19,1.2
E07000149,6/1/19,1.3
E07000149,7/1/19,1.4
E07000149,8/1/19,1.4
E07000149,9/1/19,1.4
E07000149,10/1/19,1.4
E07000149,11/1/19,1.5
E07000149,12/1/19,1.5
E07000149,1/1/20,1.6
E07000149,2/1/20,1.6
E07000149,3/1/20,1.6
E07000149,4/1/20,3.1
E07000149,5/1/20,4.1
E07000149,6/1/20,3.8
E07000149,7/1/20,4
E07000149,8/1/20,4.1
E07000149,9/1/20,3.9
E07000149,10/1/20,3.6
E07000149,11/1/20,3.7
E07000149,12/1/20,3.7
E07000149,1/1/21,3.5
E07000149,2/1/21,3.6
E07000149,3/1/21,3.6
E07000149,4/1/21,3.6
E07000149,5/1/21,3.2
E07000149,6/1/21,2.9
E07000149,7/1/21,2.9
E07000149,8/1/21,2.8
E07000149,9/1/21,2.6
E07000149,10/1/21,2.6
E07000149,11/1/21,2.5
E07000149,12/1/21,2.5
E07000149,1/1/22,2.4
E07000149,2/1/22,2.4
E07000149,3/1/22,2.3
E07000149,4/1/22,2.2
E07000149,5/1/22,2.1
E07000149,6/1/22,2
E07000149,7/1/22,2
E07000149,8/1/22,2
E07000149,9/1/22,2
E07000149,10/1/22,1.9
E07000149,11/1/22,1.9
E07000149,12/1/22,1.9
E07000149,1/1/23,1.9
E07000149,2/1/23,1.9
E07000149,3/1/23,1.9
E07000149,4/1/23,2
E07000149,5/1/23,1.9
E07000149,6/1/23,1.9
E07000149,7/1/23,1.9
E07000149,8/1/23,1.9
E07000149,9/1/23,1.9
E07000149,10/1/23,1.9
E07000149,11/1/23,2
E07000149,12/1/23,2
E07000149,1/1/24,2
E07000149,2/1/24,2
E07000149,3/1/24,2
E07000149,4/1/24,2
E07000149,5/1/24,2
E07000149,6/1/24,2
E07000149,7/1/24,2.2
E07000149,8/1/24,2.2
E07000149,9/1/24,2.3
E07000149,10/1/24,2.2
E07000149,11/1/24,2.1
E07000149,12/1/24,2.2
E07000149,1/1/25,2.2
E07000149,2/1/25,2.3
E07000149,3/1/25,2.2
E07000149,4/1/25,2.1
E07000149,5/1/25,2.1
E07000149,6/1/25,2.1
E07000149,7/1/25,2.1
E07000149,8/1/25,2.1
E07000149,9/1/25,2.1
E07000149,10/1/25,2.2
E07000149,11/1/25,2.2
E07000149,12/1/25,2.2
E07000149,1/1/26,2.3
E07000149,2/1/26,2.4
E07000170,1/1/18,2.1
E07000170,2/1/18,2.2
E07000170,3/1/18,2.2
E07000170,4/1/18,2.2
E07000170,5/1/18,2.1
E07000170,6/1/18,2.1
E07000170,7/1/18,2
E07000170,8/1/18,1.9
E07000170,9/1/18,1.9
E07000170,10/1/18,1.9
E07000170,11/1/18,1.9
E07000170,12/1/18,1.9
E07000170,1/1/19,2.1
E07000170,2/1/19,2.3
E07000170,3/1/19,2.5
E07000170,4/1/19,2.6
E07000170,5/1/19,2.6
E07000170,6/1/19,2.8
E07000170,7/1/19,2.8
E07000170,8/1/19,2.8
E07000170,9/1/19,2.9
E07000170,10/1/19,2.9
E07000170,11/1/19,2.9
E07000170,12/1/19,3
E07000170,1/1/20,3.2
E07000170,2/1/20,3.4
E07000170,3/1/20,3.3
E07000170,4/1/20,5.6
E07000170,5/1/20,6.6
E07000170,6/1/20,6.3
E07000170,7/1/20,6.4
E07000170,8/1/20,6.4
E07000170,9/1/20,6.1
E07000170,10/1/20,5.9
E07000170,11/1/20,5.9
E07000170,12/1/20,5.7
E07000170,1/1/21,5.7
E07000170,2/1/21,5.9
E07000170,3/1/21,5.9
E07000170,4/1/21,5.8
E07000170,5/1/21,5.5
E07000170,6/1/21,5.2
E07000170,7/1/21,5.2
E07000170,8/1/21,5.1
E07000170,9/1/21,4.8
E07000170,10/1/21,4.7
E07000170,11/1/21,4.6
E07000170,12/1/21,4.4
E07000170,1/1/22,4.3
E07000170,2/1/22,4.3
E07000170,3/1/22,4.2
E07000170,4/1/22,4
E07000170,5/1/22,3.9
E07000170,6/1/22,3.9
E07000170,7/1/22,3.8
E07000170,8/1/22,3.8
E07000170,9/1/22,3.7
E07000170,10/1/22,3.6
E07000170,11/1/22,3.6
E07000170,12/1/22,3.7
E07000170,1/1/23,3.6
E07000170,2/1/23,3.8
E07000170,3/1/23,3.8
E07000170,4/1/23,3.9
E07000170,5/1/23,3.8
E07000170,6/1/23,3.8
E07000170,7/1/23,3.8
E07000170,8/1/23,3.8
E07000170,9/1/23,3.7
E07000170,10/1/23,3.7
E07000170,11/1/23,3.7
E07000170,12/1/23,3.7
E07000170,1/1/24,3.8
E07000170,2/1/24,3.9
E07000170,3/1/24,3.9
E07000170,4/1/24,3.9
E07000170,5/1/24,3.9
E07000170,6/1/24,4
E07000170,7/1/24,4.2
E07000170,8/1/24,4.1
E07000170,9/1/24,4.1
E07000170,10/1/24,3.9
E07000170,11/1/24,3.9
E07000170,12/1/24,3.8
E07000170,1/1/25,3.8
E07000170,2/1/25,3.9
E07000170,3/1/25,3.9
E07000170,4/1/25,3.8
E07000170,5/1/25,3.8
E07000170,6/1/25,3.8
E07000170,7/1/25,3.8
E07000170,8/1/25,3.9
E07000170,9/1/25,3.8
E07000170,10/1/25,3.8
E07000170,11/1/25,3.7
E07000170,12/1/25,3.7
E07000170,1/1/26,3.8
E07000170,2/1/26,4
E07000171,1/1/18,1.6
E07000171,2/1/18,1.8
E07000171,3/1/18,1.9
E07000171,4/1/18,2.1
E07000171,5/1/18,2
E07000171,6/1/18,2.1
E07000171,7/1/18,2.1
E07000171,8/1/18,2.2
E07000171,9/1/18,2.2
E07000171,10/1/18,2.3
E07000171,11/1/18,2.3
E07000171,12/1/18,2.3
E07000171,1/1/19,2.4
E07000171,2/1/19,2.6
E07000171,3/1/19,2.7
E07000171,4/1/19,2.7
E07000171,5/1/19,2.7
E07000171,6/1/19,2.7
E07000171,7/1/19,2.6
E07000171,8/1/19,2.6
E07000171,9/1/19,2.6
E07000171,10/1/19,2.6
E07000171,11/1/19,2.7
E07000171,12/1/19,2.6
E07000171,1/1/20,2.8
E07000171,2/1/20,2.8
E07000171,3/1/20,2.7
E07000171,4/1/20,4.8
E07000171,5/1/20,5.6
E07000171,6/1/20,5.2
E07000171,7/1/20,5.3
E07000171,8/1/20,5.4
E07000171,9/1/20,5.2
E07000171,10/1/20,5
E07000171,11/1/20,4.9
E07000171,12/1/20,4.9
E07000171,1/1/21,4.8
E07000171,2/1/21,5
E07000171,3/1/21,4.8
E07000171,4/1/21,4.8
E07000171,5/1/21,4.5
E07000171,6/1/21,4.2
E07000171,7/1/21,4.1
E07000171,8/1/21,4
E07000171,9/1/21,3.7
E07000171,10/1/21,3.7
E07000171,11/1/21,3.5
E07000171,12/1/21,3.4
E07000171,1/1/22,3.4
E07000171,2/1/22,3.4
E07000171,3/1/22,3.3
E07000171,4/1/22,3.1
E07000171,5/1/22,3
E07000171,6/1/22,3
E07000171,7/1/22,2.9
E07000171,8/1/22,3
E07000171,9/1/22,2.9
E07000171,10/1/22,2.8
E07000171,11/1/22,3
E07000171,12/1/22,2.9
E07000171,1/1/23,2.9
E07000171,2/1/23,2.9
E07000171,3/1/23,3
E07000171,4/1/23,3.1
E07000171,5/1/23,2.9
E07000171,6/1/23,2.9
E07000171,7/1/23,2.9
E07000171,8/1/23,2.9
E07000171,9/1/23,3.1
E07000171,10/1/23,3.5
E07000171,11/1/23,3.4
E07000171,12/1/23,3.3
E07000171,1/1/24,3.2
E07000171,2/1/24,3.2
E07000171,3/1/24,3.3
E07000171,4/1/24,3.2
E07000171,5/1/24,3.2
E07000171,6/1/24,3.2
E07000171,7/1/24,3.4
E07000171,8/1/24,3.4
E07000171,9/1/24,3.3
E07000171,10/1/24,3.3
E07000171,11/1/24,3.1
E07000171,12/1/24,3.1
E07000171,1/1/25,3.1
E07000171,2/1/25,3.2
E07000171,3/1/25,3.1
E07000171,4/1/25,3
E07000171,5/1/25,3
E07000171,6/1/25,3
E07000171,7/1/25,3
E07000171,8/1/25,3
E07000171,9/1/25,3.1
E07000171,10/1/25,3
E07000171,11/1/25,3.1
E07000171,12/1/25,3.1
E07000171,1/1/26,3.1
E07000171,2/1/26,3.3
E07000172,1/1/18,1.6
E07000172,2/1/18,1.6
E07000172,3/1/18,1.6
E07000172,4/1/18,1.6
E07000172,5/1/18,1.6
E07000172,6/1/18,1.6
E07000172,7/1/18,1.5
E07000172,8/1/18,1.5
E07000172,9/1/18,1.5
E07000172,10/1/18,1.5
E07000172,11/1/18,1.5
E07000172,12/1/18,1.5
E07000172,1/1/19,1.7
E07000172,2/1/19,1.8
E07000172,3/1/19,1.9
E07000172,4/1/19,2
E07000172,5/1/19,2
E07000172,6/1/19,2
E07000172,7/1/19,2.1
E07000172,8/1/19,2.1
E07000172,9/1/19,2.1
E07000172,10/1/19,2.2
E07000172,11/1/19,2.2
E07000172,12/1/19,2.2
E07000172,1/1/20,2.2
E07000172,2/1/20,2.3
E07000172,3/1/20,2.3
E07000172,4/1/20,4
E07000172,5/1/20,5
E07000172,6/1/20,4.7
E07000172,7/1/20,4.8
E07000172,8/1/20,5
E07000172,9/1/20,4.8
E07000172,10/1/20,4.6
E07000172,11/1/20,4.6
E07000172,12/1/20,4.5
E07000172,1/1/21,4.4
E07000172,2/1/21,4.6
E07000172,3/1/21,4.5
E07000172,4/1/21,4.4
E07000172,5/1/21,4.1
E07000172,6/1/21,3.8
E07000172,7/1/21,3.7
E07000172,8/1/21,3.7
E07000172,9/1/21,3.4
E07000172,10/1/21,3.3
E07000172,11/1/21,3.2
E07000172,12/1/21,3
E07000172,1/1/22,2.8
E07000172,2/1/22,2.9
E07000172,3/1/22,2.8
E07000172,4/1/22,2.6
E07000172,5/1/22,2.5
E07000172,6/1/22,2.5
E07000172,7/1/22,2.5
E07000172,8/1/22,2.5
E07000172,9/1/22,2.5
E07000172,10/1/22,2.4
E07000172,11/1/22,2.5
E07000172,12/1/22,2.5
E07000172,1/1/23,2.5
E07000172,2/1/23,2.6
E07000172,3/1/23,2.6
E07000172,4/1/23,2.7
E07000172,5/1/23,2.6
E07000172,6/1/23,2.5
E07000172,7/1/23,2.6
E07000172,8/1/23,2.5
E07000172,9/1/23,2.4
E07000172,10/1/23,2.5
E07000172,11/1/23,2.4
E07000172,12/1/23,2.5
E07000172,1/1/24,2.5
E07000172,2/1/24,2.6
E07000172,3/1/24,2.7
E07000172,4/1/24,2.7
E07000172,5/1/24,2.6
E07000172,6/1/24,2.6
E07000172,7/1/24,2.9
E07000172,8/1/24,2.9
E07000172,9/1/24,2.9
E07000172,10/1/24,2.9
E07000172,11/1/24,2.8
E07000172,12/1/24,2.8
E07000172,1/1/25,2.7
E07000172,2/1/25,2.8
E07000172,3/1/25,2.9
E07000172,4/1/25,2.8
E07000172,5/1/25,2.8
E07000172,6/1/25,2.9
E07000172,7/1/25,2.9
E07000172,8/1/25,2.9
E07000172,9/1/25,2.9
E07000172,10/1/25,2.8
E07000172,11/1/25,2.8
E07000172,12/1/25,2.8
E07000172,1/1/26,2.8
E07000172,2/1/26,2.8
E07000173,1/1/18,1.5
E07000173,2/1/18,1.6
E07000173,3/1/18,1.7
E07000173,4/1/18,1.6
E07000173,5/1/18,1.6
E07000173,6/1/18,1.5
E07000173,7/1/18,1.5
E07000173,8/1/18,1.5
E07000173,9/1/18,1.5
E07000173,10/1/18,1.5
E07000173,11/1/18,1.5
E07000173,12/1/18,1.6
E07000173,1/1/19,1.7
E07000173,2/1/19,1.8
E07000173,3/1/19,2
E07000173,4/1/19,2.1
E07000173,5/1/19,2.1
E07000173,6/1/19,2.1
E07000173,7/1/19,2.2
E07000173,8/1/19,2.3
E07000173,9/1/19,2.2
E07000173,10/1/19,2.4
E07000173,11/1/19,2.4
E07000173,12/1/19,2.4
E07000173,1/1/20,2.5
E07000173,2/1/20,2.6
E07000173,3/1/20,2.6
E07000173,4/1/20,4.3
E07000173,5/1/20,5.4
E07000173,6/1/20,5.1
E07000173,7/1/20,5.2
E07000173,8/1/20,5.4
E07000173,9/1/20,5.2
E07000173,10/1/20,5.1
E07000173,11/1/20,5
E07000173,12/1/20,4.9
E07000173,1/1/21,4.8
E07000173,2/1/21,5
E07000173,3/1/21,5
E07000173,4/1/21,4.9
E07000173,5/1/21,4.6
E07000173,6/1/21,4.2
E07000173,7/1/21,4.1
E07000173,8/1/21,3.9
E07000173,9/1/21,3.8
E07000173,10/1/21,3.7
E07000173,11/1/21,3.5
E07000173,12/1/21,3.4
E07000173,1/1/22,3.3
E07000173,2/1/22,3.3
E07000173,3/1/22,3.2
E07000173,4/1/22,3.1
E07000173,5/1/22,3
E07000173,6/1/22,3
E07000173,7/1/22,2.9
E07000173,8/1/22,2.9
E07000173,9/1/22,2.9
E07000173,10/1/22,2.8
E07000173,11/1/22,2.8
E07000173,12/1/22,2.9
E07000173,1/1/23,2.8
E07000173,2/1/23,2.9
E07000173,3/1/23,3
E07000173,4/1/23,3
E07000173,5/1/23,2.9
E07000173,6/1/23,3
E07000173,7/1/23,3.1
E07000173,8/1/23,2.9
E07000173,9/1/23,2.9
E07000173,10/1/23,2.9
E07000173,11/1/23,2.8
E07000173,12/1/23,2.9
E07000173,1/1/24,2.8
E07000173,2/1/24,2.9
E07000173,3/1/24,3
E07000173,4/1/24,2.9
E07000173,5/1/24,2.9
E07000173,6/1/24,3
E07000173,7/1/24,3.2
E07000173,8/1/24,3.3
E07000173,9/1/24,3.2
E07000173,10/1/24,3.2
E07000173,11/1/24,3.1
E07000173,12/1/24,3
E07000173,1/1/25,3.1
E07000173,2/1/25,3.2
E07000173,3/1/25,3.2
E07000173,4/1/25,3.1
E07000173,5/1/25,3.1
E07000173,6/1/25,3.1
E07000173,7/1/25,3.1
E07000173,8/1/25,3.1
E07000173,9/1/25,3.1
E07000173,10/1/25,3.1
E07000173,11/1/25,3.1
E07000173,12/1/25,3.1
E07000173,1/1/26,3.1
E07000173,2/1/26,3.2
E07000174,1/1/18,2.1
E07000174,2/1/18,2.2
E07000174,3/1/18,2.2
E07000174,4/1/18,2.1
E07000174,5/1/18,2
E07000174,6/1/18,1.9
E07000174,7/1/18,1.9
E07000174,8/1/18,1.9
E07000174,9/1/18,1.8
E07000174,10/1/18,1.7
E07000174,11/1/18,1.9
E07000174,12/1/18,2.1
E07000174,1/1/19,2.2
E07000174,2/1/19,2.4
E07000174,3/1/19,2.6
E07000174,4/1/19,2.7
E07000174,5/1/19,2.7
E07000174,6/1/19,2.8
E07000174,7/1/19,2.8
E07000174,8/1/19,2.9
E07000174,9/1/19,2.8
E07000174,10/1/19,2.9
E07000174,11/1/19,3
E07000174,12/1/19,3.1
E07000174,1/1/20,3.2
E07000174,2/1/20,3.4
E07000174,3/1/20,3.4
E07000174,4/1/20,5.5
E07000174,5/1/20,6.8
E07000174,6/1/20,6.6
E07000174,7/1/20,6.5
E07000174,8/1/20,6.4
E07000174,9/1/20,6.2
E07000174,10/1/20,5.9
E07000174,11/1/20,5.9
E07000174,12/1/20,5.7
E07000174,1/1/21,5.5
E07000174,2/1/21,6
E07000174,3/1/21,6
E07000174,4/1/21,5.9
E07000174,5/1/21,5.6
E07000174,6/1/21,5.2
E07000174,7/1/21,5
E07000174,8/1/21,5
E07000174,9/1/21,4.9
E07000174,10/1/21,4.8
E07000174,11/1/21,4.5
E07000174,12/1/21,4.4
E07000174,1/1/22,4.2
E07000174,2/1/22,4.3
E07000174,3/1/22,4.2
E07000174,4/1/22,4.1
E07000174,5/1/22,4
E07000174,6/1/22,3.9
E07000174,7/1/22,3.8
E07000174,8/1/22,3.8
E07000174,9/1/22,3.7
E07000174,10/1/22,3.6
E07000174,11/1/22,3.7
E07000174,12/1/22,3.7
E07000174,1/1/23,3.7
E07000174,2/1/23,3.8
E07000174,3/1/23,3.9
E07000174,4/1/23,4
E07000174,5/1/23,3.8
E07000174,6/1/23,3.8
E07000174,7/1/23,3.9
E07000174,8/1/23,3.9
E07000174,9/1/23,3.9
E07000174,10/1/23,3.8
E07000174,11/1/23,3.8
E07000174,12/1/23,3.8
E07000174,1/1/24,3.8
E07000174,2/1/24,3.9
E07000174,3/1/24,4
E07000174,4/1/24,3.9
E07000174,5/1/24,3.8
E07000174,6/1/24,3.8
E07000174,7/1/24,4.1
E07000174,8/1/24,4.1
E07000174,9/1/24,4
E07000174,10/1/24,3.9
E07000174,11/1/24,3.9
E07000174,12/1/24,3.8
E07000174,1/1/25,3.8
E07000174,2/1/25,3.9
E07000174,3/1/25,4.1
E07000174,4/1/25,3.8
E07000174,5/1/25,3.8
E07000174,6/1/25,3.9
E07000174,7/1/25,3.8
E07000174,8/1/25,3.8
E07000174,9/1/25,3.8
E07000174,10/1/25,3.7
E07000174,11/1/25,3.8
E07000174,12/1/25,3.7
E07000174,1/1/26,3.8
E07000174,2/1/26,3.9
E07000175,1/1/18,1.3
E07000175,2/1/18,1.4
E07000175,3/1/18,1.4
E07000175,4/1/18,1.4
E07000175,5/1/18,1.3
E07000175,6/1/18,1.3
E07000175,7/1/18,1.4
E07000175,8/1/18,1.4
E07000175,9/1/18,1.4
E07000175,10/1/18,1.4
E07000175,11/1/18,1.4
E07000175,12/1/18,1.5
E07000175,1/1/19,1.6
E07000175,2/1/19,1.7
E07000175,3/1/19,1.8
E07000175,4/1/19,1.9
E07000175,5/1/19,2
E07000175,6/1/19,2
E07000175,7/1/19,2.1
E07000175,8/1/19,2.1
E07000175,9/1/19,2.1
E07000175,10/1/19,2.1
E07000175,11/1/19,2.2
E07000175,12/1/19,2.2
E07000175,1/1/20,2.3
E07000175,2/1/20,2.4
E07000175,3/1/20,2.4
E07000175,4/1/20,4
E07000175,5/1/20,5.1
E07000175,6/1/20,5
E07000175,7/1/20,5
E07000175,8/1/20,5
E07000175,9/1/20,4.9
E07000175,10/1/20,4.6
E07000175,11/1/20,4.7
E07000175,12/1/20,4.6
E07000175,1/1/21,4.4
E07000175,2/1/21,4.6
E07000175,3/1/21,4.7
E07000175,4/1/21,4.5
E07000175,5/1/21,4.2
E07000175,6/1/21,3.9
E07000175,7/1/21,3.8
E07000175,8/1/21,3.7
E07000175,9/1/21,3.6
E07000175,10/1/21,3.5
E07000175,11/1/21,3.4
E07000175,12/1/21,3.3
E07000175,1/1/22,3.2
E07000175,2/1/22,3.3
E07000175,3/1/22,3.2
E07000175,4/1/22,3
E07000175,5/1/22,2.9
E07000175,6/1/22,2.9
E07000175,7/1/22,2.9
E07000175,8/1/22,2.9
E07000175,9/1/22,2.8
E07000175,10/1/22,2.7
E07000175,11/1/22,2.7
E07000175,12/1/22,2.8
E07000175,1/1/23,2.8
E07000175,2/1/23,2.8
E07000175,3/1/23,2.8
E07000175,4/1/23,2.8
E07000175,5/1/23,2.6
E07000175,6/1/23,2.7
E07000175,7/1/23,2.8
E07000175,8/1/23,2.8
E07000175,9/1/23,2.8
E07000175,10/1/23,2.8
E07000175,11/1/23,2.7
E07000175,12/1/23,2.7
E07000175,1/1/24,2.8
E07000175,2/1/24,2.9
E07000175,3/1/24,2.9
E07000175,4/1/24,2.9
E07000175,5/1/24,2.8
E07000175,6/1/24,2.8
E07000175,7/1/24,3
E07000175,8/1/24,3
E07000175,9/1/24,3
E07000175,10/1/24,3
E07000175,11/1/24,2.9
E07000175,12/1/24,2.8
E07000175,1/1/25,2.8
E07000175,2/1/25,2.8
E07000175,3/1/25,2.8
E07000175,4/1/25,2.7
E07000175,5/1/25,2.7
E07000175,6/1/25,2.8
E07000175,7/1/25,2.7
E07000175,8/1/25,2.8
E07000175,9/1/25,2.7
E07000175,10/1/25,2.7
E07000175,11/1/25,2.7
E07000175,12/1/25,2.7
E07000175,1/1/26,2.8
E07000175,2/1/26,3
E07000176,1/1/18,0.9
E07000176,2/1/18,1
E07000176,3/1/18,1
E07000176,4/1/18,0.9
E07000176,5/1/18,0.9
E07000176,6/1/18,0.8
E07000176,7/1/18,0.8
E07000176,8/1/18,0.8
E07000176,9/1/18,0.8
E07000176,10/1/18,0.7
E07000176,11/1/18,0.7
E07000176,12/1/18,0.8
E07000176,1/1/19,0.9
E07000176,2/1/19,0.9
E07000176,3/1/19,1
E07000176,4/1/19,1.1
E07000176,5/1/19,1.1
E07000176,6/1/19,1.2
E07000176,7/1/19,1.2
E07000176,8/1/19,1.2
E07000176,9/1/19,1.3
E07000176,10/1/19,1.3
E07000176,11/1/19,1.4
E07000176,12/1/19,1.4
E07000176,1/1/20,1.4
E07000176,2/1/20,1.4
E07000176,3/1/20,1.4
E07000176,4/1/20,2.7
E07000176,5/1/20,3.5
E07000176,6/1/20,3.3
E07000176,7/1/20,3.4
E07000176,8/1/20,3.4
E07000176,9/1/20,3.4
E07000176,10/1/20,3.2
E07000176,11/1/20,3.2
E07000176,12/1/20,3.2
E07000176,1/1/21,3.1
E07000176,2/1/21,3.2
E07000176,3/1/21,3.2
E07000176,4/1/21,3.1
E07000176,5/1/21,2.8
E07000176,6/1/21,2.6
E07000176,7/1/21,2.5
E07000176,8/1/21,2.4
E07000176,9/1/21,2.3
E07000176,10/1/21,2.2
E07000176,11/1/21,2.1
E07000176,12/1/21,2
E07000176,1/1/22,1.9
E07000176,2/1/22,2
E07000176,3/1/22,1.9
E07000176,4/1/22,1.8
E07000176,5/1/22,1.6
E07000176,6/1/22,1.7
E07000176,7/1/22,1.6
E07000176,8/1/22,1.7
E07000176,9/1/22,1.7
E07000176,10/1/22,1.7
E07000176,11/1/22,1.7
E07000176,12/1/22,1.7
E07000176,1/1/23,1.7
E07000176,2/1/23,1.7
E07000176,3/1/23,1.8
E07000176,4/1/23,1.8
E07000176,5/1/23,1.7
E07000176,6/1/23,1.7
E07000176,7/1/23,1.7
E07000176,8/1/23,1.7
E07000176,9/1/23,1.7
E07000176,10/1/23,1.7
E07000176,11/1/23,1.8
E07000176,12/1/23,1.8
E07000176,1/1/24,1.8
E07000176,2/1/24,1.9
E07000176,3/1/24,1.9
E07000176,4/1/24,1.9
E07000176,5/1/24,1.9
E07000176,6/1/24,1.9
E07000176,7/1/24,2.1
E07000176,8/1/24,2.1
E07000176,9/1/24,2.1
E07000176,10/1/24,2.1
E07000176,11/1/24,2
E07000176,12/1/24,2
E07000176,1/1/25,2
E07000176,2/1/25,2
E07000176,3/1/25,2
E07000176,4/1/25,2
E07000176,5/1/25,1.9
E07000176,6/1/25,1.9
E07000176,7/1/25,1.9
E07000176,8/1/25,1.9
E07000176,9/1/25,1.9
E07000176,10/1/25,1.9
E07000176,11/1/25,1.9
E07000176,12/1/25,1.9
E07000176,1/1/26,2
E07000176,2/1/26,2.1
E07000177,1/1/18,0.6
E07000177,2/1/18,0.6
E07000177,3/1/18,0.7
E07000177,4/1/18,0.9
E07000177,5/1/18,0.8
E07000177,6/1/18,0.8
E07000177,7/1/18,0.9
E07000177,8/1/18,1
E07000177,9/1/18,1
E07000177,10/1/18,1
E07000177,11/1/18,1
E07000177,12/1/18,1
E07000177,1/1/19,1
E07000177,2/1/19,1.1
E07000177,3/1/19,1.1
E07000177,4/1/19,1.1
E07000177,5/1/19,1.1
E07000177,6/1/19,1.2
E07000177,7/1/19,1.2
E07000177,8/1/19,1.2
E07000177,9/1/19,1.2
E07000177,10/1/19,1.3
E07000177,11/1/19,1.3
E07000177,12/1/19,1.3
E07000177,1/1/20,1.3
E07000177,2/1/20,1.4
E07000177,3/1/20,1.4
E07000177,4/1/20,2.8
E07000177,5/1/20,3.9
E07000177,6/1/20,3.8
E07000177,7/1/20,3.9
E07000177,8/1/20,3.9
E07000177,9/1/20,4
E07000177,10/1/20,3.8
E07000177,11/1/20,3.8
E07000177,12/1/20,3.7
E07000177,1/1/21,3.7
E07000177,2/1/21,3.9
E07000177,3/1/21,4
E07000177,4/1/21,3.9
E07000177,5/1/21,3.5
E07000177,6/1/21,3.2
E07000177,7/1/21,3.1
E07000177,8/1/21,3.1
E07000177,9/1/21,2.9
E07000177,10/1/21,2.8
E07000177,11/1/21,2.6
E07000177,12/1/21,2.4
E07000177,1/1/22,2.2
E07000177,2/1/22,2.2
E07000177,3/1/22,2.1
E07000177,4/1/22,2
E07000177,5/1/22,2
E07000177,6/1/22,2
E07000177,7/1/22,1.9
E07000177,8/1/22,2
E07000177,9/1/22,1.9
E07000177,10/1/22,1.9
E07000177,11/1/22,2
E07000177,12/1/22,2
E07000177,1/1/23,1.9
E07000177,2/1/23,2
E07000177,3/1/23,2
E07000177,4/1/23,2.1
E07000177,5/1/23,2
E07000177,6/1/23,2
E07000177,7/1/23,2.1
E07000177,8/1/23,2
E07000177,9/1/23,2
E07000177,10/1/23,2
E07000177,11/1/23,2
E07000177,12/1/23,2
E07000177,1/1/24,2
E07000177,2/1/24,2.1
E07000177,3/1/24,2.1
E07000177,4/1/24,2.2
E07000177,5/1/24,2.2
E07000177,6/1/24,2.2
E07000177,7/1/24,2.4
E07000177,8/1/24,2.4
E07000177,9/1/24,2.4
E07000177,10/1/24,2.3
E07000177,11/1/24,2.3
E07000177,12/1/24,2.3
E07000177,1/1/25,2.3
E07000177,2/1/25,2.4
E07000177,3/1/25,2.4
E07000177,4/1/25,2.4
E07000177,5/1/25,2.4
E07000177,6/1/25,2.4
E07000177,7/1/25,2.4
E07000177,8/1/25,2.4
E07000177,9/1/25,2.4
E07000177,10/1/25,2.4
E07000177,11/1/25,2.4
E07000177,12/1/25,2.4
E07000177,1/1/26,2.4
E07000177,2/1/26,2.5
E07000178,1/1/18,0.9
E07000178,2/1/18,1
E07000178,3/1/18,1.1
E07000178,4/1/18,1.2
E07000178,5/1/18,1.2
E07000178,6/1/18,1.3
E07000178,7/1/18,1.3
E07000178,8/1/18,1.3
E07000178,9/1/18,1.4
E07000178,10/1/18,1.4
E07000178,11/1/18,1.4
E07000178,12/1/18,1.5
E07000178,1/1/19,1.5
E07000178,2/1/19,1.6
E07000178,3/1/19,1.6
E07000178,4/1/19,1.6
E07000178,5/1/19,1.6
E07000178,6/1/19,1.7
E07000178,7/1/19,1.7
E07000178,8/1/19,1.7
E07000178,9/1/19,1.7
E07000178,10/1/19,1.7
E07000178,11/1/19,1.7
E07000178,12/1/19,1.8
E07000178,1/1/20,1.8
E07000178,2/1/20,1.8
E07000178,3/1/20,1.8
E07000178,4/1/20,2.8
E07000178,5/1/20,3.9
E07000178,6/1/20,3.9
E07000178,7/1/20,4.1
E07000178,8/1/20,4.1
E07000178,9/1/20,4.1
E07000178,10/1/20,4
E07000178,11/1/20,4
E07000178,12/1/20,4
E07000178,1/1/21,4
E07000178,2/1/21,4.2
E07000178,3/1/21,4.3
E07000178,4/1/21,4.3
E07000178,5/1/21,4
E07000178,6/1/21,3.7
E07000178,7/1/21,3.6
E07000178,8/1/21,3.5
E07000178,9/1/21,3.3
E07000178,10/1/21,3.2
E07000178,11/1/21,3
E07000178,12/1/21,2.8
E07000178,1/1/22,2.7
E07000178,2/1/22,2.7
E07000178,3/1/22,2.6
E07000178,4/1/22,2.5
E07000178,5/1/22,2.3
E07000178,6/1/22,2.3
E07000178,7/1/22,2.3
E07000178,8/1/22,2.3
E07000178,9/1/22,2.3
E07000178,10/1/22,2.3
E07000178,11/1/22,2.2
E07000178,12/1/22,2.3
E07000178,1/1/23,2.2
E07000178,2/1/23,2.2
E07000178,3/1/23,2.2
E07000178,4/1/23,2.3
E07000178,5/1/23,2.3
E07000178,6/1/23,2.3
E07000178,7/1/23,2.3
E07000178,8/1/23,2.3
E07000178,9/1/23,2.2
E07000178,10/1/23,2.2
E07000178,11/1/23,2.2
E07000178,12/1/23,2.2
E07000178,1/1/24,2.3
E07000178,2/1/24,2.3
E07000178,3/1/24,2.3
E07000178,4/1/24,2.3
E07000178,5/1/24,2.3
E07000178,6/1/24,2.4
E07000178,7/1/24,2.6
E07000178,8/1/24,2.6
E07000178,9/1/24,2.6
E07000178,10/1/24,2.6
E07000178,11/1/24,2.7
E07000178,12/1/24,2.7
E07000178,1/1/25,2.7
E07000178,2/1/25,2.7
E07000178,3/1/25,2.7
E07000178,4/1/25,2.6
E07000178,5/1/25,2.6
E07000178,6/1/25,2.5
E07000178,7/1/25,2.5
E07000178,8/1/25,2.5
E07000178,9/1/25,2.6
E07000178,10/1/25,2.5
E07000178,11/1/25,2.5
E07000178,12/1/25,2.5
E07000178,1/1/26,2.5
E07000178,2/1/26,2.6
E07000179,1/1/18,0.6
E07000179,2/1/18,0.6
E07000179,3/1/18,0.6
E07000179,4/1/18,0.8
E07000179,5/1/18,0.7
E07000179,6/1/18,0.8
E07000179,7/1/18,0.8
E07000179,8/1/18,0.9
E07000179,9/1/18,0.9
E07000179,10/1/18,0.9
E07000179,11/1/18,0.9
E07000179,12/1/18,0.9
E07000179,1/1/19,1
E07000179,2/1/19,1
E07000179,3/1/19,1
E07000179,4/1/19,1
E07000179,5/1/19,1
E07000179,6/1/19,1
E07000179,7/1/19,1
E07000179,8/1/19,1.1
E07000179,9/1/19,1.1
E07000179,10/1/19,1.1
E07000179,11/1/19,1.1
E07000179,12/1/19,1.1
E07000179,1/1/20,1.2
E07000179,2/1/20,1.2
E07000179,3/1/20,1.2
E07000179,4/1/20,2.5
E07000179,5/1/20,3.6
E07000179,6/1/20,3.4
E07000179,7/1/20,3.4
E07000179,8/1/20,3.5
E07000179,9/1/20,3.4
E07000179,10/1/20,3.2
E07000179,11/1/20,3.2
E07000179,12/1/20,3.2
E07000179,1/1/21,3.1
E07000179,2/1/21,3.3
E07000179,3/1/21,3.3
E07000179,4/1/21,3.1
E07000179,5/1/21,2.9
E07000179,6/1/21,2.7
E07000179,7/1/21,2.6
E07000179,8/1/21,2.5
E07000179,9/1/21,2.3
E07000179,10/1/21,2.2
E07000179,11/1/21,2.1
E07000179,12/1/21,2
E07000179,1/1/22,2
E07000179,2/1/22,1.9
E07000179,3/1/22,1.9
E07000179,4/1/22,1.8
E07000179,5/1/22,1.7
E07000179,6/1/22,1.7
E07000179,7/1/22,1.7
E07000179,8/1/22,1.7
E07000179,9/1/22,1.7
E07000179,10/1/22,1.8
E07000179,11/1/22,1.8
E07000179,12/1/22,1.8
E07000179,1/1/23,1.8
E07000179,2/1/23,1.8
E07000179,3/1/23,1.8
E07000179,4/1/23,1.8
E07000179,5/1/23,1.8
E07000179,6/1/23,1.7
E07000179,7/1/23,1.8
E07000179,8/1/23,1.8
E07000179,9/1/23,1.8
E07000179,10/1/23,1.8
E07000179,11/1/23,1.8
E07000179,12/1/23,1.8
E07000179,1/1/24,1.8
E07000179,2/1/24,1.9
E07000179,3/1/24,1.8
E07000179,4/1/24,1.8
E07000179,5/1/24,1.9
E07000179,6/1/24,1.9
E07000179,7/1/24,2
E07000179,8/1/24,1.9
E07000179,9/1/24,1.9
E07000179,10/1/24,1.9
E07000179,11/1/24,1.9
E07000179,12/1/24,1.9
E07000179,1/1/25,1.9
E07000179,2/1/25,2
E07000179,3/1/25,2
E07000179,4/1/25,1.9
E07000179,5/1/25,1.9
E07000179,6/1/25,1.9
E07000179,7/1/25,1.8
E07000179,8/1/25,1.8
E07000179,9/1/25,1.9
E07000179,10/1/25,1.9
E07000179,11/1/25,1.9
E07000179,12/1/25,1.8
E07000179,1/1/26,1.9
E07000179,2/1/26,2
E07000180,1/1/18,0.7
E07000180,2/1/18,0.8
E07000180,3/1/18,0.8
E07000180,4/1/18,0.9
E07000180,5/1/18,0.9
E07000180,6/1/18,0.9
E07000180,7/1/18,1
E07000180,8/1/18,1
E07000180,9/1/18,1.1
E07000180,10/1/18,1
E07000180,11/1/18,1
E07000180,12/1/18,1.1
E07000180,1/1/19,1.1
E07000180,2/1/19,1.1
E07000180,3/1/19,1.2
E07000180,4/1/19,1.2
E07000180,5/1/19,1.1
E07000180,6/1/19,1.1
E07000180,7/1/19,1.2
E07000180,8/1/19,1.1
E07000180,9/1/19,1.2
E07000180,10/1/19,1.2
E07000180,11/1/19,1.2
E07000180,12/1/19,1.2
E07000180,1/1/20,1.2
E07000180,2/1/20,1.3
E07000180,3/1/20,1.3
E07000180,4/1/20,2.3
E07000180,5/1/20,3.6
E07000180,6/1/20,3.3
E07000180,7/1/20,3.4
E07000180,8/1/20,3.5
E07000180,9/1/20,3.5
E07000180,10/1/20,3.3
E07000180,11/1/20,3.3
E07000180,12/1/20,3.2
E07000180,1/1/21,3.1
E07000180,2/1/21,3.3
E07000180,3/1/21,3.3
E07000180,4/1/21,3.2
E07000180,5/1/21,3
E07000180,6/1/21,2.7
E07000180,7/1/21,2.6
E07000180,8/1/21,2.5
E07000180,9/1/21,2.4
E07000180,10/1/21,2.3
E07000180,11/1/21,2.2
E07000180,12/1/21,2.1
E07000180,1/1/22,2.1
E07000180,2/1/22,2.2
E07000180,3/1/22,2.1
E07000180,4/1/22,2
E07000180,5/1/22,1.9
E07000180,6/1/22,1.9
E07000180,7/1/22,1.9
E07000180,8/1/22,1.9
E07000180,9/1/22,1.9
E07000180,10/1/22,1.9
E07000180,11/1/22,1.8
E07000180,12/1/22,1.9
E07000180,1/1/23,1.9
E07000180,2/1/23,1.9
E07000180,3/1/23,2
E07000180,4/1/23,2
E07000180,5/1/23,1.9
E07000180,6/1/23,2
E07000180,7/1/23,1.9
E07000180,8/1/23,1.9
E07000180,9/1/23,2
E07000180,10/1/23,2
E07000180,11/1/23,2
E07000180,12/1/23,2
E07000180,1/1/24,2
E07000180,2/1/24,2.1
E07000180,3/1/24,2.2
E07000180,4/1/24,2.2
E07000180,5/1/24,2.1
E07000180,6/1/24,2.2
E07000180,7/1/24,2.3
E07000180,8/1/24,2.3
E07000180,9/1/24,2.2
E07000180,10/1/24,2.2
E07000180,11/1/24,2.2
E07000180,12/1/24,2.1
E07000180,1/1/25,2.1
E07000180,2/1/25,2.2
E07000180,3/1/25,2.2
E07000180,4/1/25,2.1
E07000180,5/1/25,2.1
E07000180,6/1/25,2
E07000180,7/1/25,2.1
E07000180,8/1/25,2
E07000180,9/1/25,2
E07000180,10/1/25,2
E07000180,11/1/25,1.9
E07000180,12/1/25,1.9
E07000180,1/1/26,1.9
E07000180,2/1/26,2.1
E07000181,1/1/18,0.6
E07000181,2/1/18,0.7
E07000181,3/1/18,0.7
E07000181,4/1/18,0.9
E07000181,5/1/18,0.8
E07000181,6/1/18,0.9
E07000181,7/1/18,0.9
E07000181,8/1/18,0.9
E07000181,9/1/18,0.9
E07000181,10/1/18,1
E07000181,11/1/18,1
E07000181,12/1/18,1
E07000181,1/1/19,1
E07000181,2/1/19,1.1
E07000181,3/1/19,1.1
E07000181,4/1/19,1.1
E07000181,5/1/19,1.1
E07000181,6/1/19,1.1
E07000181,7/1/19,1.1
E07000181,8/1/19,1.1
E07000181,9/1/19,1.2
E07000181,10/1/19,1.2
E07000181,11/1/19,1.2
E07000181,12/1/19,1.3
E07000181,1/1/20,1.3
E07000181,2/1/20,1.4
E07000181,3/1/20,1.4
E07000181,4/1/20,2.8
E07000181,5/1/20,3.9
E07000181,6/1/20,3.7
E07000181,7/1/20,3.8
E07000181,8/1/20,3.9
E07000181,9/1/20,3.7
E07000181,10/1/20,3.5
E07000181,11/1/20,3.5
E07000181,12/1/20,3.4
E07000181,1/1/21,3.3
E07000181,2/1/21,3.5
E07000181,3/1/21,3.5
E07000181,4/1/21,3.4
E07000181,5/1/21,3.1
E07000181,6/1/21,2.9
E07000181,7/1/21,2.8
E07000181,8/1/21,2.6
E07000181,9/1/21,2.5
E07000181,10/1/21,2.4
E07000181,11/1/21,2.3
E07000181,12/1/21,2.2
E07000181,1/1/22,2.1
E07000181,2/1/22,2.1
E07000181,3/1/22,2.1
E07000181,4/1/22,2
E07000181,5/1/22,1.8
E07000181,6/1/22,1.8
E07000181,7/1/22,1.8
E07000181,8/1/22,1.8
E07000181,9/1/22,1.9
E07000181,10/1/22,1.9
E07000181,11/1/22,1.9
E07000181,12/1/22,1.9
E07000181,1/1/23,1.8
E07000181,2/1/23,1.9
E07000181,3/1/23,1.8
E07000181,4/1/23,1.8
E07000181,5/1/23,1.7
E07000181,6/1/23,1.7
E07000181,7/1/23,1.6
E07000181,8/1/23,1.7
E07000181,9/1/23,1.7
E07000181,10/1/23,1.7
E07000181,11/1/23,1.8
E07000181,12/1/23,1.7
E07000181,1/1/24,1.7
E07000181,2/1/24,1.8
E07000181,3/1/24,1.7
E07000181,4/1/24,1.7
E07000181,5/1/24,1.7
E07000181,6/1/24,1.8
E07000181,7/1/24,1.8
E07000181,8/1/24,1.8
E07000181,9/1/24,1.8
E07000181,10/1/24,1.7
E07000181,11/1/24,1.7
E07000181,12/1/24,1.7
E07000181,1/1/25,1.7
E07000181,2/1/25,1.8
E07000181,3/1/25,1.8
E07000181,4/1/25,1.7
E07000181,5/1/25,1.7
E07000181,6/1/25,1.8
E07000181,7/1/25,1.8
E07000181,8/1/25,1.7
E07000181,9/1/25,1.8
E07000181,10/1/25,1.8
E07000181,11/1/25,1.8
E07000181,12/1/25,1.8
E07000181,1/1/26,1.8
E07000181,2/1/26,1.9
E07000192,1/1/18,1.3
E07000192,2/1/18,1.4
E07000192,3/1/18,1.5
E07000192,4/1/18,1.5
E07000192,5/1/18,1.5
E07000192,6/1/18,1.4
E07000192,7/1/18,1.3
E07000192,8/1/18,1.3
E07000192,9/1/18,1.3
E07000192,10/1/18,1.3
E07000192,11/1/18,1.3
E07000192,12/1/18,1.3
E07000192,1/1/19,1.5
E07000192,2/1/19,1.6
E07000192,3/1/19,1.8
E07000192,4/1/19,1.9
E07000192,5/1/19,2
E07000192,6/1/19,2.1
E07000192,7/1/19,2.1
E07000192,8/1/19,2.2
E07000192,9/1/19,2.3
E07000192,10/1/19,2.3
E07000192,11/1/19,2.3
E07000192,12/1/19,2.4
E07000192,1/1/20,2.5
E07000192,2/1/20,2.6
E07000192,3/1/20,2.7
E07000192,4/1/20,4.8
E07000192,5/1/20,6.3
E07000192,6/1/20,5.8
E07000192,7/1/20,5.8
E07000192,8/1/20,6
E07000192,9/1/20,5.8
E07000192,10/1/20,5.6
E07000192,11/1/20,5.6
E07000192,12/1/20,5.4
E07000192,1/1/21,5.3
E07000192,2/1/21,5.5
E07000192,3/1/21,5.4
E07000192,4/1/21,5.3
E07000192,5/1/21,4.9
E07000192,6/1/21,4.5
E07000192,7/1/21,4.6
E07000192,8/1/21,4.3
E07000192,9/1/21,4.1
E07000192,10/1/21,3.9
E07000192,11/1/21,3.7
E07000192,12/1/21,3.6
E07000192,1/1/22,3.5
E07000192,2/1/22,3.5
E07000192,3/1/22,3.4
E07000192,4/1/22,3.2
E07000192,5/1/22,3.1
E07000192,6/1/22,3
E07000192,7/1/22,3.1
E07000192,8/1/22,3.1
E07000192,9/1/22,3.1
E07000192,10/1/22,3.2
E07000192,11/1/22,3.2
E07000192,12/1/22,3.2
E07000192,1/1/23,3.2
E07000192,2/1/23,3.2
E07000192,3/1/23,3.4
E07000192,4/1/23,3.5
E07000192,5/1/23,3.3
E07000192,6/1/23,3.3
E07000192,7/1/23,3.4
E07000192,8/1/23,3.3
E07000192,9/1/23,3.2
E07000192,10/1/23,3.2
E07000192,11/1/23,3.2
E07000192,12/1/23,3.2
E07000192,1/1/24,3.2
E07000192,2/1/24,3.3
E07000192,3/1/24,3.3
E07000192,4/1/24,3.2
E07000192,5/1/24,3.1
E07000192,6/1/24,3.2
E07000192,7/1/24,3.4
E07000192,8/1/24,3.4
E07000192,9/1/24,3.4
E07000192,10/1/24,3.3
E07000192,11/1/24,3.3
E07000192,12/1/24,3.2
E07000192,1/1/25,3.2
E07000192,2/1/25,3.2
E07000192,3/1/25,3.2
E07000192,4/1/25,3.1
E07000192,5/1/25,3.1
E07000192,6/1/25,3
E07000192,7/1/25,3
E07000192,8/1/25,3
E07000192,9/1/25,2.9
E07000192,10/1/25,3
E07000192,11/1/25,3
E07000192,12/1/25,3
E07000192,1/1/26,3
E07000192,2/1/26,3.2
E07000193,1/1/18,1
E07000193,2/1/18,1.1
E07000193,3/1/18,1.2
E07000193,4/1/18,1.2
E07000193,5/1/18,1.2
E07000193,6/1/18,1.2
E07000193,7/1/18,1.1
E07000193,8/1/18,1.1
E07000193,9/1/18,1.1
E07000193,10/1/18,1
E07000193,11/1/18,1
E07000193,12/1/18,1
E07000193,1/1/19,1.2
E07000193,2/1/19,1.4
E07000193,3/1/19,1.5
E07000193,4/1/19,1.6
E07000193,5/1/19,1.7
E07000193,6/1/19,1.7
E07000193,7/1/19,1.8
E07000193,8/1/19,1.9
E07000193,9/1/19,1.9
E07000193,10/1/19,2
E07000193,11/1/19,2
E07000193,12/1/19,2
E07000193,1/1/20,2.1
E07000193,2/1/20,2.2
E07000193,3/1/20,2.2
E07000193,4/1/20,3.6
E07000193,5/1/20,5
E07000193,6/1/20,5.1
E07000193,7/1/20,5
E07000193,8/1/20,5.1
E07000193,9/1/20,5
E07000193,10/1/20,4.8
E07000193,11/1/20,4.8
E07000193,12/1/20,4.8
E07000193,1/1/21,4.7
E07000193,2/1/21,5
E07000193,3/1/21,5.1
E07000193,4/1/21,5
E07000193,5/1/21,4.7
E07000193,6/1/21,4.5
E07000193,7/1/21,4.3
E07000193,8/1/21,4.1
E07000193,9/1/21,3.9
E07000193,10/1/21,3.7
E07000193,11/1/21,3.5
E07000193,12/1/21,3.3
E07000193,1/1/22,3.2
E07000193,2/1/22,3.2
E07000193,3/1/22,3.1
E07000193,4/1/22,3
E07000193,5/1/22,2.9
E07000193,6/1/22,2.8
E07000193,7/1/22,2.8
E07000193,8/1/22,2.8
E07000193,9/1/22,2.8
E07000193,10/1/22,2.7
E07000193,11/1/22,2.8
E07000193,12/1/22,2.9
E07000193,1/1/23,2.8
E07000193,2/1/23,2.9
E07000193,3/1/23,3.1
E07000193,4/1/23,3.4
E07000193,5/1/23,3.3
E07000193,6/1/23,3.3
E07000193,7/1/23,3.3
E07000193,8/1/23,3.3
E07000193,9/1/23,3.2
E07000193,10/1/23,3.3
E07000193,11/1/23,3.2
E07000193,12/1/23,3.3
E07000193,1/1/24,3.4
E07000193,2/1/24,3.5
E07000193,3/1/24,3.7
E07000193,4/1/24,3.7
E07000193,5/1/24,3.7
E07000193,6/1/24,3.8
E07000193,7/1/24,4
E07000193,8/1/24,3.9
E07000193,9/1/24,3.8
E07000193,10/1/24,3.7
E07000193,11/1/24,3.5
E07000193,12/1/24,3.5
E07000193,1/1/25,3.5
E07000193,2/1/25,3.6
E07000193,3/1/25,3.6
E07000193,4/1/25,3.6
E07000193,5/1/25,3.6
E07000193,6/1/25,3.5
E07000193,7/1/25,3.4
E07000193,8/1/25,3.4
E07000193,9/1/25,3.4
E07000193,10/1/25,3.3
E07000193,11/1/25,3.3
E07000193,12/1/25,3.2
E07000193,1/1/26,3.3
E07000193,2/1/26,3.5
E07000194,1/1/18,0.8
E07000194,2/1/18,0.9
E07000194,3/1/18,1.1
E07000194,4/1/18,1.2
E07000194,5/1/18,1.2
E07000194,6/1/18,1.3
E07000194,7/1/18,1.3
E07000194,8/1/18,1.2
E07000194,9/1/18,1.3
E07000194,10/1/18,1.3
E07000194,11/1/18,1.3
E07000194,12/1/18,1.4
E07000194,1/1/19,1.5
E07000194,2/1/19,1.6
E07000194,3/1/19,1.6
E07000194,4/1/19,1.6
E07000194,5/1/19,1.7
E07000194,6/1/19,1.7
E07000194,7/1/19,1.7
E07000194,8/1/19,1.8
E07000194,9/1/19,1.8
E07000194,10/1/19,1.9
E07000194,11/1/19,1.9
E07000194,12/1/19,1.9
E07000194,1/1/20,2
E07000194,2/1/20,2.1
E07000194,3/1/20,2.1
E07000194,4/1/20,3.7
E07000194,5/1/20,4.9
E07000194,6/1/20,4.7
E07000194,7/1/20,4.9
E07000194,8/1/20,5
E07000194,9/1/20,4.8
E07000194,10/1/20,4.4
E07000194,11/1/20,4.5
E07000194,12/1/20,4.4
E07000194,1/1/21,4.2
E07000194,2/1/21,4.3
E07000194,3/1/21,4.4
E07000194,4/1/21,4.3
E07000194,5/1/21,4
E07000194,6/1/21,3.6
E07000194,7/1/21,3.5
E07000194,8/1/21,3.3
E07000194,9/1/21,3.2
E07000194,10/1/21,3
E07000194,11/1/21,2.9
E07000194,12/1/21,2.7
E07000194,1/1/22,2.7
E07000194,2/1/22,2.6
E07000194,3/1/22,2.6
E07000194,4/1/22,2.5
E07000194,5/1/22,2.4
E07000194,6/1/22,2.4
E07000194,7/1/22,2.4
E07000194,8/1/22,2.4
E07000194,9/1/22,2.3
E07000194,10/1/22,2.3
E07000194,11/1/22,2.3
E07000194,12/1/22,2.4
E07000194,1/1/23,2.4
E07000194,2/1/23,2.3
E07000194,3/1/23,2.4
E07000194,4/1/23,2.4
E07000194,5/1/23,2.4
E07000194,6/1/23,2.3
E07000194,7/1/23,2.3
E07000194,8/1/23,2.3
E07000194,9/1/23,2.3
E07000194,10/1/23,2.2
E07000194,11/1/23,2.2
E07000194,12/1/23,2.2
E07000194,1/1/24,2.1
E07000194,2/1/24,2.3
E07000194,3/1/24,2.3
E07000194,4/1/24,2.2
E07000194,5/1/24,2.1
E07000194,6/1/24,2.2
E07000194,7/1/24,2.4
E07000194,8/1/24,2.4
E07000194,9/1/24,2.4
E07000194,10/1/24,2.3
E07000194,11/1/24,2.3
E07000194,12/1/24,2.2
E07000194,1/1/25,2.3
E07000194,2/1/25,2.4
E07000194,3/1/25,2.3
E07000194,4/1/25,2.3
E07000194,5/1/25,2.3
E07000194,6/1/25,2.3
E07000194,7/1/25,2.3
E07000194,8/1/25,2.2
E07000194,9/1/25,2.1
E07000194,10/1/25,2.2
E07000194,11/1/25,2.2
E07000194,12/1/25,2.2
E07000194,1/1/26,2.2
E07000194,2/1/26,2.3
E07000195,1/1/18,1.4
E07000195,2/1/18,1.5
E07000195,3/1/18,1.5
E07000195,4/1/18,1.5
E07000195,5/1/18,1.5
E07000195,6/1/18,1.5
E07000195,7/1/18,1.5
E07000195,8/1/18,1.5
E07000195,9/1/18,1.5
E07000195,10/1/18,1.5
E07000195,11/1/18,1.4
E07000195,12/1/18,1.4
E07000195,1/1/19,1.5
E07000195,2/1/19,1.6
E07000195,3/1/19,1.8
E07000195,4/1/19,1.9
E07000195,5/1/19,2
E07000195,6/1/19,2.1
E07000195,7/1/19,2.2
E07000195,8/1/19,2.2
E07000195,9/1/19,2.2
E07000195,10/1/19,2.3
E07000195,11/1/19,2.3
E07000195,12/1/19,2.4
E07000195,1/1/20,2.4
E07000195,2/1/20,2.5
E07000195,3/1/20,2.6
E07000195,4/1/20,4.2
E07000195,5/1/20,5.3
E07000195,6/1/20,5
E07000195,7/1/20,5.1
E07000195,8/1/20,5.2
E07000195,9/1/20,5.1
E07000195,10/1/20,4.9
E07000195,11/1/20,4.9
E07000195,12/1/20,4.9
E07000195,1/1/21,4.8
E07000195,2/1/21,5
E07000195,3/1/21,4.9
E07000195,4/1/21,4.8
E07000195,5/1/21,4.4
E07000195,6/1/21,4.1
E07000195,7/1/21,4.1
E07000195,8/1/21,3.9
E07000195,9/1/21,3.7
E07000195,10/1/21,3.6
E07000195,11/1/21,3.3
E07000195,12/1/21,3.3
E07000195,1/1/22,3.2
E07000195,2/1/22,3.2
E07000195,3/1/22,3.2
E07000195,4/1/22,3.1
E07000195,5/1/22,2.9
E07000195,6/1/22,2.8
E07000195,7/1/22,2.8
E07000195,8/1/22,2.8
E07000195,9/1/22,2.9
E07000195,10/1/22,2.8
E07000195,11/1/22,2.8
E07000195,12/1/22,2.8
E07000195,1/1/23,2.8
E07000195,2/1/23,2.9
E07000195,3/1/23,3.1
E07000195,4/1/23,3.1
E07000195,5/1/23,3
E07000195,6/1/23,3
E07000195,7/1/23,2.9
E07000195,8/1/23,2.9
E07000195,9/1/23,2.9
E07000195,10/1/23,2.9
E07000195,11/1/23,2.9
E07000195,12/1/23,3
E07000195,1/1/24,2.9
E07000195,2/1/24,3.1
E07000195,3/1/24,3.1
E07000195,4/1/24,3
E07000195,5/1/24,2.9
E07000195,6/1/24,2.9
E07000195,7/1/24,3.2
E07000195,8/1/24,3.2
E07000195,9/1/24,3.1
E07000195,10/1/24,3
E07000195,11/1/24,3
E07000195,12/1/24,2.9
E07000195,1/1/25,3
E07000195,2/1/25,3.1
E07000195,3/1/25,3.1
E07000195,4/1/25,3
E07000195,5/1/25,3
E07000195,6/1/25,3
E07000195,7/1/25,3
E07000195,8/1/25,3
E07000195,9/1/25,3
E07000195,10/1/25,2.9
E07000195,11/1/25,2.9
E07000195,12/1/25,2.8
E07000195,1/1/26,2.8
E07000195,2/1/26,3
E07000196,1/1/18,1.3
E07000196,2/1/18,1.3
E07000196,3/1/18,1.3
E07000196,4/1/18,1.4
E07000196,5/1/18,1.4
E07000196,6/1/18,1.4
E07000196,7/1/18,1.4
E07000196,8/1/18,1.4
E07000196,9/1/18,1.4
E07000196,10/1/18,1.4
E07000196,11/1/18,1.4
E07000196,12/1/18,1.4
E07000196,1/1/19,1.4
E07000196,2/1/19,1.6
E07000196,3/1/19,1.6
E07000196,4/1/19,1.6
E07000196,5/1/19,1.6
E07000196,6/1/19,1.7
E07000196,7/1/19,1.8
E07000196,8/1/19,1.8
E07000196,9/1/19,1.8
E07000196,10/1/19,1.8
E07000196,11/1/19,1.9
E07000196,12/1/19,1.9
E07000196,1/1/20,1.9
E07000196,2/1/20,2
E07000196,3/1/20,2
E07000196,4/1/20,3.8
E07000196,5/1/20,4.7
E07000196,6/1/20,4.6
E07000196,7/1/20,4.7
E07000196,8/1/20,4.7
E07000196,9/1/20,4.6
E07000196,10/1/20,4.5
E07000196,11/1/20,4.5
E07000196,12/1/20,4.5
E07000196,1/1/21,4.4
E07000196,2/1/21,4.7
E07000196,3/1/21,4.7
E07000196,4/1/21,4.5
E07000196,5/1/21,4.1
E07000196,6/1/21,3.8
E07000196,7/1/21,3.7
E07000196,8/1/21,3.6
E07000196,9/1/21,3.5
E07000196,10/1/21,3.4
E07000196,11/1/21,3.3
E07000196,12/1/21,3.2
E07000196,1/1/22,3.1
E07000196,2/1/22,3.1
E07000196,3/1/22,3
E07000196,4/1/22,2.8
E07000196,5/1/22,2.7
E07000196,6/1/22,2.6
E07000196,7/1/22,2.6
E07000196,8/1/22,2.6
E07000196,9/1/22,2.6
E07000196,10/1/22,2.6
E07000196,11/1/22,2.6
E07000196,12/1/22,2.6
E07000196,1/1/23,2.6
E07000196,2/1/23,2.6
E07000196,3/1/23,2.8
E07000196,4/1/23,2.8
E07000196,5/1/23,2.6
E07000196,6/1/23,2.6
E07000196,7/1/23,2.5
E07000196,8/1/23,2.5
E07000196,9/1/23,2.5
E07000196,10/1/23,2.5
E07000196,11/1/23,2.5
E07000196,12/1/23,2.5
E07000196,1/1/24,2.5
E07000196,2/1/24,2.5
E07000196,3/1/24,2.6
E07000196,4/1/24,2.5
E07000196,5/1/24,2.5
E07000196,6/1/24,2.6
E07000196,7/1/24,2.7
E07000196,8/1/24,2.7
E07000196,9/1/24,2.8
E07000196,10/1/24,2.7
E07000196,11/1/24,2.6
E07000196,12/1/24,2.5
E07000196,1/1/25,2.5
E07000196,2/1/25,2.6
E07000196,3/1/25,2.6
E07000196,4/1/25,2.5
E07000196,5/1/25,2.5
E07000196,6/1/25,2.5
E07000196,7/1/25,2.5
E07000196,8/1/25,2.5
E07000196,9/1/25,2.4
E07000196,10/1/25,2.5
E07000196,11/1/25,2.5
E07000196,12/1/25,2.5
E07000196,1/1/26,2.6
E07000196,2/1/26,2.7
E07000197,1/1/18,0.9
E07000197,2/1/18,1
E07000197,3/1/18,1
E07000197,4/1/18,1
E07000197,5/1/18,1
E07000197,6/1/18,1
E07000197,7/1/18,1
E07000197,8/1/18,1
E07000197,9/1/18,1
E07000197,10/1/18,1
E07000197,11/1/18,1
E07000197,12/1/18,1
E07000197,1/1/19,1.1
E07000197,2/1/19,1.2
E07000197,3/1/19,1.3
E07000197,4/1/19,1.4
E07000197,5/1/19,1.5
E07000197,6/1/19,1.6
E07000197,7/1/19,1.6
E07000197,8/1/19,1.6
E07000197,9/1/19,1.7
E07000197,10/1/19,1.7
E07000197,11/1/19,1.8
E07000197,12/1/19,1.9
E07000197,1/1/20,1.9
E07000197,2/1/20,2
E07000197,3/1/20,2
E07000197,4/1/20,3.4
E07000197,5/1/20,4.5
E07000197,6/1/20,4.3
E07000197,7/1/20,4.4
E07000197,8/1/20,4.6
E07000197,9/1/20,4.4
E07000197,10/1/20,4.2
E07000197,11/1/20,4.1
E07000197,12/1/20,4.1
E07000197,1/1/21,4
E07000197,2/1/21,4.2
E07000197,3/1/21,4.1
E07000197,4/1/21,4.1
E07000197,5/1/21,3.8
E07000197,6/1/21,3.5
E07000197,7/1/21,3.4
E07000197,8/1/21,3.3
E07000197,9/1/21,3.1
E07000197,10/1/21,3
E07000197,11/1/21,2.9
E07000197,12/1/21,2.8
E07000197,1/1/22,2.7
E07000197,2/1/22,2.8
E07000197,3/1/22,2.7
E07000197,4/1/22,2.5
E07000197,5/1/22,2.4
E07000197,6/1/22,2.4
E07000197,7/1/22,2.4
E07000197,8/1/22,2.4
E07000197,9/1/22,2.4
E07000197,10/1/22,2.4
E07000197,11/1/22,2.4
E07000197,12/1/22,2.5
E07000197,1/1/23,2.4
E07000197,2/1/23,2.5
E07000197,3/1/23,2.5
E07000197,4/1/23,2.5
E07000197,5/1/23,2.4
E07000197,6/1/23,2.4
E07000197,7/1/23,2.3
E07000197,8/1/23,2.3
E07000197,9/1/23,2.3
E07000197,10/1/23,2.4
E07000197,11/1/23,2.4
E07000197,12/1/23,2.4
E07000197,1/1/24,2.4
E07000197,2/1/24,2.5
E07000197,3/1/24,2.6
E07000197,4/1/24,2.5
E07000197,5/1/24,2.5
E07000197,6/1/24,2.6
E07000197,7/1/24,2.7
E07000197,8/1/24,2.7
E07000197,9/1/24,2.7
E07000197,10/1/24,2.6
E07000197,11/1/24,2.5
E07000197,12/1/24,2.4
E07000197,1/1/25,2.5
E07000197,2/1/25,2.5
E07000197,3/1/25,2.3
E07000197,4/1/25,2.3
E07000197,5/1/25,2.3
E07000197,6/1/25,2.3
E07000197,7/1/25,2.3
E07000197,8/1/25,2.4
E07000197,9/1/25,2.4
E07000197,10/1/25,2.3
E07000197,11/1/25,2.4
E07000197,12/1/25,2.3
E07000197,1/1/26,2.4
E07000197,2/1/26,2.5
E07000198,1/1/18,1
E07000198,2/1/18,1.1
E07000198,3/1/18,1.1
E07000198,4/1/18,1.1
E07000198,5/1/18,1.1
E07000198,6/1/18,1
E07000198,7/1/18,0.9
E07000198,8/1/18,1
E07000198,9/1/18,1
E07000198,10/1/18,1
E07000198,11/1/18,1.1
E07000198,12/1/18,1.1
E07000198,1/1/19,1.2
E07000198,2/1/19,1.3
E07000198,3/1/19,1.4
E07000198,4/1/19,1.4
E07000198,5/1/19,1.3
E07000198,6/1/19,1.4
E07000198,7/1/19,1.4
E07000198,8/1/19,1.5
E07000198,9/1/19,1.5
E07000198,10/1/19,1.5
E07000198,11/1/19,1.5
E07000198,12/1/19,1.6
E07000198,1/1/20,1.6
E07000198,2/1/20,1.6
E07000198,3/1/20,1.6
E07000198,4/1/20,3.2
E07000198,5/1/20,4
E07000198,6/1/20,3.7
E07000198,7/1/20,3.9
E07000198,8/1/20,4.1
E07000198,9/1/20,3.9
E07000198,10/1/20,3.8
E07000198,11/1/20,3.8
E07000198,12/1/20,3.8
E07000198,1/1/21,3.7
E07000198,2/1/21,3.9
E07000198,3/1/21,3.8
E07000198,4/1/21,3.7
E07000198,5/1/21,3.3
E07000198,6/1/21,3.1
E07000198,7/1/21,3
E07000198,8/1/21,2.9
E07000198,9/1/21,2.7
E07000198,10/1/21,2.6
E07000198,11/1/21,2.5
E07000198,12/1/21,2.4
E07000198,1/1/22,2.3
E07000198,2/1/22,2.4
E07000198,3/1/22,2.2
E07000198,4/1/22,2.1
E07000198,5/1/22,2
E07000198,6/1/22,1.9
E07000198,7/1/22,1.9
E07000198,8/1/22,1.9
E07000198,9/1/22,1.9
E07000198,10/1/22,1.9
E07000198,11/1/22,2
E07000198,12/1/22,1.9
E07000198,1/1/23,2
E07000198,2/1/23,2
E07000198,3/1/23,2.1
E07000198,4/1/23,2
E07000198,5/1/23,2
E07000198,6/1/23,1.9
E07000198,7/1/23,2
E07000198,8/1/23,1.9
E07000198,9/1/23,1.9
E07000198,10/1/23,1.9
E07000198,11/1/23,2
E07000198,12/1/23,2.1
E07000198,1/1/24,2.1
E07000198,2/1/24,2.2
E07000198,3/1/24,2.2
E07000198,4/1/24,2.2
E07000198,5/1/24,2.1
E07000198,6/1/24,2.3
E07000198,7/1/24,2.4
E07000198,8/1/24,2.4
E07000198,9/1/24,2.3
E07000198,10/1/24,2.3
E07000198,11/1/24,2.2
E07000198,12/1/24,2.2
E07000198,1/1/25,2.3
E07000198,2/1/25,2.4
E07000198,3/1/25,2.4
E07000198,4/1/25,2.3
E07000198,5/1/25,2.3
E07000198,6/1/25,2.3
E07000198,7/1/25,2.2
E07000198,8/1/25,2.2
E07000198,9/1/25,2.1
E07000198,10/1/25,2.1
E07000198,11/1/25,2.1
E07000198,12/1/25,2.1
E07000198,1/1/26,2.1
E07000198,2/1/26,2.2
E07000199,1/1/18,1.1
E07000199,2/1/18,1.4
E07000199,3/1/18,1.6
E07000199,4/1/18,1.8
E07000199,5/1/18,1.9
E07000199,6/1/18,1.9
E07000199,7/1/18,2
E07000199,8/1/18,2.1
E07000199,9/1/18,2.1
E07000199,10/1/18,2.1
E07000199,11/1/18,2.1
E07000199,12/1/18,2.2
E07000199,1/1/19,2.2
E07000199,2/1/19,2.4
E07000199,3/1/19,2.4
E07000199,4/1/19,2.4
E07000199,5/1/19,2.4
E07000199,6/1/19,2.5
E07000199,7/1/19,2.6
E07000199,8/1/19,2.6
E07000199,9/1/19,2.6
E07000199,10/1/19,2.7
E07000199,11/1/19,2.7
E07000199,12/1/19,2.8
E07000199,1/1/20,2.9
E07000199,2/1/20,3
E07000199,3/1/20,3.1
E07000199,4/1/20,4.8
E07000199,5/1/20,6.3
E07000199,6/1/20,5.8
E07000199,7/1/20,6
E07000199,8/1/20,6.1
E07000199,9/1/20,6
E07000199,10/1/20,5.8
E07000199,11/1/20,5.9
E07000199,12/1/20,5.9
E07000199,1/1/21,5.7
E07000199,2/1/21,5.9
E07000199,3/1/21,5.9
E07000199,4/1/21,5.8
E07000199,5/1/21,5.4
E07000199,6/1/21,5
E07000199,7/1/21,4.9
E07000199,8/1/21,4.7
E07000199,9/1/21,4.5
E07000199,10/1/21,4.3
E07000199,11/1/21,4.1
E07000199,12/1/21,3.9
E07000199,1/1/22,4
E07000199,2/1/22,3.9
E07000199,3/1/22,3.9
E07000199,4/1/22,3.6
E07000199,5/1/22,3.5
E07000199,6/1/22,3.4
E07000199,7/1/22,3.4
E07000199,8/1/22,3.4
E07000199,9/1/22,3.3
E07000199,10/1/22,3.3
E07000199,11/1/22,3.3
E07000199,12/1/22,3.3
E07000199,1/1/23,3.2
E07000199,2/1/23,3.3
E07000199,3/1/23,3.5
E07000199,4/1/23,3.6
E07000199,5/1/23,3.4
E07000199,6/1/23,3.3
E07000199,7/1/23,3.4
E07000199,8/1/23,3.3
E07000199,9/1/23,3.2
E07000199,10/1/23,3.2
E07000199,11/1/23,3.3
E07000199,12/1/23,3.4
E07000199,1/1/24,3.3
E07000199,2/1/24,3.4
E07000199,3/1/24,3.4
E07000199,4/1/24,3.4
E07000199,5/1/24,3.4
E07000199,6/1/24,3.3
E07000199,7/1/24,3.5
E07000199,8/1/24,3.4
E07000199,9/1/24,3.4
E07000199,10/1/24,3.3
E07000199,11/1/24,3.3
E07000199,12/1/24,3.2
E07000199,1/1/25,3.1
E07000199,2/1/25,3.3
E07000199,3/1/25,3.3
E07000199,4/1/25,3.2
E07000199,5/1/25,3.2
E07000199,6/1/25,3.2
E07000199,7/1/25,3.2
E07000199,8/1/25,3.2
E07000199,9/1/25,3.1
E07000199,10/1/25,3.2
E07000199,11/1/25,3.2
E07000199,12/1/25,3.1
E07000199,1/1/26,3.1
E07000199,2/1/26,3.4
E07000200,1/1/18,0.9
E07000200,2/1/18,1
E07000200,3/1/18,1.1
E07000200,4/1/18,1.2
E07000200,5/1/18,1.2
E07000200,6/1/18,1.2
E07000200,7/1/18,1.3
E07000200,8/1/18,1.4
E07000200,9/1/18,1.4
E07000200,10/1/18,1.5
E07000200,11/1/18,1.5
E07000200,12/1/18,1.5
E07000200,1/1/19,1.5
E07000200,2/1/19,1.6
E07000200,3/1/19,1.6
E07000200,4/1/19,1.6
E07000200,5/1/19,1.6
E07000200,6/1/19,1.6
E07000200,7/1/19,1.7
E07000200,8/1/19,1.7
E07000200,9/1/19,1.7
E07000200,10/1/19,1.8
E07000200,11/1/19,1.8
E07000200,12/1/19,1.8
E07000200,1/1/20,1.8
E07000200,2/1/20,1.9
E07000200,3/1/20,1.9
E07000200,4/1/20,3.9
E07000200,5/1/20,5
E07000200,6/1/20,4.6
E07000200,7/1/20,4.8
E07000200,8/1/20,4.9
E07000200,9/1/20,4.8
E07000200,10/1/20,4.6
E07000200,11/1/20,4.8
E07000200,12/1/20,4.7
E07000200,1/1/21,4.4
E07000200,2/1/21,4.7
E07000200,3/1/21,4.6
E07000200,4/1/21,4.5
E07000200,5/1/21,4.1
E07000200,6/1/21,3.7
E07000200,7/1/21,3.6
E07000200,8/1/21,3.4
E07000200,9/1/21,3.2
E07000200,10/1/21,3.1
E07000200,11/1/21,2.9
E07000200,12/1/21,2.8
E07000200,1/1/22,2.7
E07000200,2/1/22,2.7
E07000200,3/1/22,2.5
E07000200,4/1/22,2.4
E07000200,5/1/22,2.2
E07000200,6/1/22,2.2
E07000200,7/1/22,2.2
E07000200,8/1/22,2.3
E07000200,9/1/22,2.2
E07000200,10/1/22,2.2
E07000200,11/1/22,2.2
E07000200,12/1/22,2.2
E07000200,1/1/23,2.2
E07000200,2/1/23,2.1
E07000200,3/1/23,2.1
E07000200,4/1/23,2.2
E07000200,5/1/23,2.2
E07000200,6/1/23,2.2
E07000200,7/1/23,2.2
E07000200,8/1/23,2.1
E07000200,9/1/23,2.1
E07000200,10/1/23,2.1
E07000200,11/1/23,2.2
E07000200,12/1/23,2.3
E07000200,1/1/24,2.3
E07000200,2/1/24,2.4
E07000200,3/1/24,2.4
E07000200,4/1/24,2.3
E07000200,5/1/24,2.3
E07000200,6/1/24,2.4
E07000200,7/1/24,2.5
E07000200,8/1/24,2.6
E07000200,9/1/24,2.5
E07000200,10/1/24,2.5
E07000200,11/1/24,2.4
E07000200,12/1/24,2.4
E07000200,1/1/25,2.4
E07000200,2/1/25,2.5
E07000200,3/1/25,2.5
E07000200,4/1/25,2.4
E07000200,5/1/25,2.4
E07000200,6/1/25,2.5
E07000200,7/1/25,2.4
E07000200,8/1/25,2.3
E07000200,9/1/25,2.2
E07000200,10/1/25,2.3
E07000200,11/1/25,2.3
E07000200,12/1/25,2.3
E07000200,1/1/26,2.4
E07000200,2/1/26,2.5
E07000202,1/1/18,2
E07000202,2/1/18,2
E07000202,3/1/18,2.1
E07000202,4/1/18,2.1
E07000202,5/1/18,2.1
E07000202,6/1/18,2.1
E07000202,7/1/18,2.3
E07000202,8/1/18,2.4
E07000202,9/1/18,2.5
E07000202,10/1/18,2.6
E07000202,11/1/18,2.6
E07000202,12/1/18,2.7
E07000202,1/1/19,2.8
E07000202,2/1/19,2.9
E07000202,3/1/19,2.9
E07000202,4/1/19,3
E07000202,5/1/19,3
E07000202,6/1/19,3.2
E07000202,7/1/19,3.2
E07000202,8/1/19,3.3
E07000202,9/1/19,3.3
E07000202,10/1/19,3.3
E07000202,11/1/19,3.4
E07000202,12/1/19,3.5
E07000202,1/1/20,3.6
E07000202,2/1/20,3.7
E07000202,3/1/20,3.7
E07000202,4/1/20,5.5
E07000202,5/1/20,6.9
E07000202,6/1/20,6.8
E07000202,7/1/20,6.9
E07000202,8/1/20,7
E07000202,9/1/20,7
E07000202,10/1/20,6.9
E07000202,11/1/20,6.9
E07000202,12/1/20,7
E07000202,1/1/21,7
E07000202,2/1/21,7.3
E07000202,3/1/21,7.5
E07000202,4/1/21,7.4
E07000202,5/1/21,7
E07000202,6/1/21,6.6
E07000202,7/1/21,6.4
E07000202,8/1/21,6.2
E07000202,9/1/21,6
E07000202,10/1/21,5.7
E07000202,11/1/21,5.6
E07000202,12/1/21,5.4
E07000202,1/1/22,5.2
E07000202,2/1/22,5.2
E07000202,3/1/22,5.1
E07000202,4/1/22,4.8
E07000202,5/1/22,4.6
E07000202,6/1/22,4.4
E07000202,7/1/22,4.3
E07000202,8/1/22,4.3
E07000202,9/1/22,4.2
E07000202,10/1/22,4.4
E07000202,11/1/22,4.5
E07000202,12/1/22,4.6
E07000202,1/1/23,4.5
E07000202,2/1/23,4.5
E07000202,3/1/23,4.6
E07000202,4/1/23,4.7
E07000202,5/1/23,4.5
E07000202,6/1/23,4.5
E07000202,7/1/23,4.6
E07000202,8/1/23,4.6
E07000202,9/1/23,4.6
E07000202,10/1/23,4.5
E07000202,11/1/23,4.4
E07000202,12/1/23,4.5
E07000202,1/1/24,4.6
E07000202,2/1/24,4.7
E07000202,3/1/24,4.6
E07000202,4/1/24,4.5
E07000202,5/1/24,4.5
E07000202,6/1/24,4.6
E07000202,7/1/24,5.1
E07000202,8/1/24,4.9
E07000202,9/1/24,4.7
E07000202,10/1/24,4.5
E07000202,11/1/24,4.4
E07000202,12/1/24,4.3
E07000202,1/1/25,4.3
E07000202,2/1/25,4.5
E07000202,3/1/25,4.4
E07000202,4/1/25,4.4
E07000202,5/1/25,4.4
E07000202,6/1/25,4.4
E07000202,7/1/25,4.2
E07000202,8/1/25,4.1
E07000202,9/1/25,4.1
E07000202,10/1/25,4.1
E07000202,11/1/25,4.1
E07000202,12/1/25,4.2
E07000202,1/1/26,4.2
E07000202,2/1/26,4.6
E07000203,1/1/18,0.8
E07000203,2/1/18,0.8
E07000203,3/1/18,0.8
E07000203,4/1/18,0.9
E07000203,5/1/18,0.9
E07000203,6/1/18,0.8
E07000203,7/1/18,0.9
E07000203,8/1/18,1
E07000203,9/1/18,1
E07000203,10/1/18,1
E07000203,11/1/18,1.1
E07000203,12/1/18,1.2
E07000203,1/1/19,1.2
E07000203,2/1/19,1.3
E07000203,3/1/19,1.3
E07000203,4/1/19,1.3
E07000203,5/1/19,1.4
E07000203,6/1/19,1.3
E07000203,7/1/19,1.4
E07000203,8/1/19,1.4
E07000203,9/1/19,1.4
E07000203,10/1/19,1.4
E07000203,11/1/19,1.5
E07000203,12/1/19,1.5
E07000203,1/1/20,1.5
E07000203,2/1/20,1.6
E07000203,3/1/20,1.6
E07000203,4/1/20,3
E07000203,5/1/20,3.9
E07000203,6/1/20,3.7
E07000203,7/1/20,3.8
E07000203,8/1/20,3.8
E07000203,9/1/20,3.8
E07000203,10/1/20,3.6
E07000203,11/1/20,3.7
E07000203,12/1/20,3.7
E07000203,1/1/21,3.5
E07000203,2/1/21,3.8
E07000203,3/1/21,3.6
E07000203,4/1/21,3.5
E07000203,5/1/21,3.2
E07000203,6/1/21,3
E07000203,7/1/21,2.8
E07000203,8/1/21,2.6
E07000203,9/1/21,2.5
E07000203,10/1/21,2.4
E07000203,11/1/21,2.3
E07000203,12/1/21,2.2
E07000203,1/1/22,2.2
E07000203,2/1/22,2.2
E07000203,3/1/22,2
E07000203,4/1/22,1.9
E07000203,5/1/22,1.9
E07000203,6/1/22,1.8
E07000203,7/1/22,1.9
E07000203,8/1/22,1.9
E07000203,9/1/22,1.8
E07000203,10/1/22,1.9
E07000203,11/1/22,1.9
E07000203,12/1/22,2
E07000203,1/1/23,1.9
E07000203,2/1/23,1.8
E07000203,3/1/23,1.8
E07000203,4/1/23,1.8
E07000203,5/1/23,1.8
E07000203,6/1/23,1.8
E07000203,7/1/23,1.8
E07000203,8/1/23,1.8
E07000203,9/1/23,1.8
E07000203,10/1/23,1.8
E07000203,11/1/23,1.8
E07000203,12/1/23,1.9
E07000203,1/1/24,1.9
E07000203,2/1/24,1.9
E07000203,3/1/24,2
E07000203,4/1/24,2
E07000203,5/1/24,2
E07000203,6/1/24,2
E07000203,7/1/24,2.2
E07000203,8/1/24,2.2
E07000203,9/1/24,2.2
E07000203,10/1/24,2
E07000203,11/1/24,2
E07000203,12/1/24,1.9
E07000203,1/1/25,1.9
E07000203,2/1/25,1.9
E07000203,3/1/25,1.9
E07000203,4/1/25,1.9
E07000203,5/1/25,1.8
E07000203,6/1/25,1.9
E07000203,7/1/25,1.8
E07000203,8/1/25,1.9
E07000203,9/1/25,1.8
E07000203,10/1/25,1.9
E07000203,11/1/25,1.8
E07000203,12/1/25,1.8
E07000203,1/1/26,1.8
E07000203,2/1/26,2
E07000207,1/1/18,0.6
E07000207,2/1/18,0.6
E07000207,3/1/18,0.6
E07000207,4/1/18,0.7
E07000207,5/1/18,0.6
E07000207,6/1/18,0.6
E07000207,7/1/18,0.6
E07000207,8/1/18,0.6
E07000207,9/1/18,0.6
E07000207,10/1/18,0.6
E07000207,11/1/18,0.6
E07000207,12/1/18,0.6
E07000207,1/1/19,0.7
E07000207,2/1/19,0.7
E07000207,3/1/19,0.8
E07000207,4/1/19,0.8
E07000207,5/1/19,0.8
E07000207,6/1/19,0.9
E07000207,7/1/19,0.9
E07000207,8/1/19,0.9
E07000207,9/1/19,1
E07000207,10/1/19,1
E07000207,11/1/19,1.1
E07000207,12/1/19,1.1
E07000207,1/1/20,1.1
E07000207,2/1/20,1.1
E07000207,3/1/20,1.2
E07000207,4/1/20,2.1
E07000207,5/1/20,3.7
E07000207,6/1/20,3.6
E07000207,7/1/20,3.8
E07000207,8/1/20,3.9
E07000207,9/1/20,3.9
E07000207,10/1/20,3.8
E07000207,11/1/20,3.8
E07000207,12/1/20,3.9
E07000207,1/1/21,3.7
E07000207,2/1/21,3.9
E07000207,3/1/21,3.9
E07000207,4/1/21,3.8
E07000207,5/1/21,3.4
E07000207,6/1/21,3.1
E07000207,7/1/21,3
E07000207,8/1/21,2.8
E07000207,9/1/21,2.6
E07000207,10/1/21,2.5
E07000207,11/1/21,2.4
E07000207,12/1/21,2.3
E07000207,1/1/22,2.2
E07000207,2/1/22,2.2
E07000207,3/1/22,2.1
E07000207,4/1/22,2
E07000207,5/1/22,1.9
E07000207,6/1/22,1.9
E07000207,7/1/22,1.9
E07000207,8/1/22,2
E07000207,9/1/22,2
E07000207,10/1/22,2
E07000207,11/1/22,2
E07000207,12/1/22,1.9
E07000207,1/1/23,1.9
E07000207,2/1/23,2
E07000207,3/1/23,2
E07000207,4/1/23,2
E07000207,5/1/23,2
E07000207,6/1/23,2
E07000207,7/1/23,2
E07000207,8/1/23,2
E07000207,9/1/23,2
E07000207,10/1/23,2
E07000207,11/1/23,1.9
E07000207,12/1/23,2
E07000207,1/1/24,2
E07000207,2/1/24,2.1
E07000207,3/1/24,2.1
E07000207,4/1/24,2
E07000207,5/1/24,2
E07000207,6/1/24,2
E07000207,7/1/24,2.2
E07000207,8/1/24,2.2
E07000207,9/1/24,2.3
E07000207,10/1/24,2.3
E07000207,11/1/24,2.3
E07000207,12/1/24,2.3
E07000207,1/1/25,2.3
E07000207,2/1/25,2.4
E07000207,3/1/25,2.4
E07000207,4/1/25,2.3
E07000207,5/1/25,2.3
E07000207,6/1/25,2.4
E07000207,7/1/25,2.3
E07000207,8/1/25,2.3
E07000207,9/1/25,2.3
E07000207,10/1/25,2.3
E07000207,11/1/25,2.3
E07000207,12/1/25,2.3
E07000207,1/1/26,2.3
E07000207,2/1/26,2.4
E07000208,1/1/18,0.7
E07000208,2/1/18,0.8
E07000208,3/1/18,0.8
E07000208,4/1/18,0.8
E07000208,5/1/18,0.8
E07000208,6/1/18,0.8
E07000208,7/1/18,0.8
E07000208,8/1/18,0.8
E07000208,9/1/18,0.8
E07000208,10/1/18,0.8
E07000208,11/1/18,0.8
E07000208,12/1/18,0.8
E07000208,1/1/19,0.8
E07000208,2/1/19,0.9
E07000208,3/1/19,1
E07000208,4/1/19,1
E07000208,5/1/19,0.9
E07000208,6/1/19,1
E07000208,7/1/19,1
E07000208,8/1/19,0.9
E07000208,9/1/19,1
E07000208,10/1/19,1.1
E07000208,11/1/19,1.1
E07000208,12/1/19,1.1
E07000208,1/1/20,1.1
E07000208,2/1/20,1.1
E07000208,3/1/20,1.2
E07000208,4/1/20,2.3
E07000208,5/1/20,3.9
E07000208,6/1/20,3.7
E07000208,7/1/20,3.7
E07000208,8/1/20,3.9
E07000208,9/1/20,3.8
E07000208,10/1/20,3.6
E07000208,11/1/20,3.6
E07000208,12/1/20,3.6
E07000208,1/1/21,3.6
E07000208,2/1/21,3.9
E07000208,3/1/21,3.8
E07000208,4/1/21,3.7
E07000208,5/1/21,3.3
E07000208,6/1/21,3
E07000208,7/1/21,3
E07000208,8/1/21,2.8
E07000208,9/1/21,2.5
E07000208,10/1/21,2.4
E07000208,11/1/21,2.3
E07000208,12/1/21,2.2
E07000208,1/1/22,2.1
E07000208,2/1/22,2.1
E07000208,3/1/22,2
E07000208,4/1/22,2
E07000208,5/1/22,1.9
E07000208,6/1/22,1.9
E07000208,7/1/22,1.8
E07000208,8/1/22,1.7
E07000208,9/1/22,1.8
E07000208,10/1/22,1.8
E07000208,11/1/22,1.8
E07000208,12/1/22,1.8
E07000208,1/1/23,1.8
E07000208,2/1/23,1.8
E07000208,3/1/23,1.8
E07000208,4/1/23,1.8
E07000208,5/1/23,1.7
E07000208,6/1/23,1.7
E07000208,7/1/23,1.8
E07000208,8/1/23,1.8
E07000208,9/1/23,1.8
E07000208,10/1/23,1.9
E07000208,11/1/23,1.9
E07000208,12/1/23,2
E07000208,1/1/24,2
E07000208,2/1/24,2
E07000208,3/1/24,2
E07000208,4/1/24,1.9
E07000208,5/1/24,1.9
E07000208,6/1/24,1.9
E07000208,7/1/24,2.1
E07000208,8/1/24,2.1
E07000208,9/1/24,2.1
E07000208,10/1/24,2.1
E07000208,11/1/24,2.1
E07000208,12/1/24,2.1
E07000208,1/1/25,2
E07000208,2/1/25,2.1
E07000208,3/1/25,2.1
E07000208,4/1/25,2
E07000208,5/1/25,2
E07000208,6/1/25,2
E07000208,7/1/25,2.1
E07000208,8/1/25,2
E07000208,9/1/25,2
E07000208,10/1/25,2.1
E07000208,11/1/25,2.1
E07000208,12/1/25,2.1
E07000208,1/1/26,2.1
E07000208,2/1/26,2.2
E07000209,1/1/18,0.6
E07000209,2/1/18,0.6
E07000209,3/1/18,0.6
E07000209,4/1/18,0.6
E07000209,5/1/18,0.6
E07000209,6/1/18,0.6
E07000209,7/1/18,0.6
E07000209,8/1/18,0.6
E07000209,9/1/18,0.6
E07000209,10/1/18,0.6
E07000209,11/1/18,0.5
E07000209,12/1/18,0.6
E07000209,1/1/19,0.7
E07000209,2/1/19,0.7
E07000209,3/1/19,0.7
E07000209,4/1/19,0.8
E07000209,5/1/19,0.8
E07000209,6/1/19,0.9
E07000209,7/1/19,0.9
E07000209,8/1/19,0.9
E07000209,9/1/19,0.9
E07000209,10/1/19,1
E07000209,11/1/19,1
E07000209,12/1/19,1
E07000209,1/1/20,1
E07000209,2/1/20,1.1
E07000209,3/1/20,1.1
E07000209,4/1/20,2.2
E07000209,5/1/20,3.3
E07000209,6/1/20,3.2
E07000209,7/1/20,3.3
E07000209,8/1/20,3.5
E07000209,9/1/20,3.4
E07000209,10/1/20,3.3
E07000209,11/1/20,3.4
E07000209,12/1/20,3.3
E07000209,1/1/21,3.3
E07000209,2/1/21,3.5
E07000209,3/1/21,3.5
E07000209,4/1/21,3.4
E07000209,5/1/21,3
E07000209,6/1/21,2.7
E07000209,7/1/21,2.6
E07000209,8/1/21,2.5
E07000209,9/1/21,2.3
E07000209,10/1/21,2.2
E07000209,11/1/21,2.2
E07000209,12/1/21,2.1
E07000209,1/1/22,2
E07000209,2/1/22,2
E07000209,3/1/22,1.9
E07000209,4/1/22,1.8
E07000209,5/1/22,1.7
E07000209,6/1/22,1.7
E07000209,7/1/22,1.8
E07000209,8/1/22,1.8
E07000209,9/1/22,1.8
E07000209,10/1/22,1.8
E07000209,11/1/22,1.8
E07000209,12/1/22,1.8
E07000209,1/1/23,1.8
E07000209,2/1/23,1.8
E07000209,3/1/23,1.8
E07000209,4/1/23,1.8
E07000209,5/1/23,1.8
E07000209,6/1/23,1.8
E07000209,7/1/23,1.8
E07000209,8/1/23,1.8
E07000209,9/1/23,1.7
E07000209,10/1/23,1.8
E07000209,11/1/23,1.8
E07000209,12/1/23,1.8
E07000209,1/1/24,1.8
E07000209,2/1/24,1.8
E07000209,3/1/24,1.8
E07000209,4/1/24,1.8
E07000209,5/1/24,1.8
E07000209,6/1/24,1.8
E07000209,7/1/24,1.9
E07000209,8/1/24,1.9
E07000209,9/1/24,1.9
E07000209,10/1/24,2
E07000209,11/1/24,1.9
E07000209,12/1/24,1.9
E07000209,1/1/25,1.9
E07000209,2/1/25,2
E07000209,3/1/25,1.9
E07000209,4/1/25,1.9
E07000209,5/1/25,1.9
E07000209,6/1/25,1.9
E07000209,7/1/25,1.9
E07000209,8/1/25,1.9
E07000209,9/1/25,1.9
E07000209,10/1/25,1.9
E07000209,11/1/25,1.9
E07000209,12/1/25,1.9
E07000209,1/1/26,1.9
E07000209,2/1/26,2
E07000210,1/1/18,0.6
E07000210,2/1/18,0.6
E07000210,3/1/18,0.6
E07000210,4/1/18,0.6
E07000210,5/1/18,0.6
E07000210,6/1/18,0.6
E07000210,7/1/18,0.6
E07000210,8/1/18,0.6
E07000210,9/1/18,0.6
E07000210,10/1/18,0.6
E07000210,11/1/18,0.5
E07000210,12/1/18,0.5
E07000210,1/1/19,0.6
E07000210,2/1/19,0.7
E07000210,3/1/19,0.8
E07000210,4/1/19,0.7
E07000210,5/1/19,0.8
E07000210,6/1/19,0.8
E07000210,7/1/19,0.9
E07000210,8/1/19,0.9
E07000210,9/1/19,0.9
E07000210,10/1/19,1
E07000210,11/1/19,1
E07000210,12/1/19,1
E07000210,1/1/20,1
E07000210,2/1/20,1.1
E07000210,3/1/20,1.1
E07000210,4/1/20,2.2
E07000210,5/1/20,3.7
E07000210,6/1/20,3.5
E07000210,7/1/20,3.6
E07000210,8/1/20,3.7
E07000210,9/1/20,3.7
E07000210,10/1/20,3.5
E07000210,11/1/20,3.6
E07000210,12/1/20,3.6
E07000210,1/1/21,3.6
E07000210,2/1/21,3.7
E07000210,3/1/21,3.7
E07000210,4/1/21,3.6
E07000210,5/1/21,3.3
E07000210,6/1/21,2.9
E07000210,7/1/21,2.8
E07000210,8/1/21,2.7
E07000210,9/1/21,2.5
E07000210,10/1/21,2.4
E07000210,11/1/21,2.2
E07000210,12/1/21,2.1
E07000210,1/1/22,2.1
E07000210,2/1/22,2.1
E07000210,3/1/22,2.1
E07000210,4/1/22,2
E07000210,5/1/22,1.9
E07000210,6/1/22,1.9
E07000210,7/1/22,1.8
E07000210,8/1/22,1.8
E07000210,9/1/22,1.8
E07000210,10/1/22,1.8
E07000210,11/1/22,1.8
E07000210,12/1/22,1.8
E07000210,1/1/23,1.6
E07000210,2/1/23,1.6
E07000210,3/1/23,1.7
E07000210,4/1/23,1.7
E07000210,5/1/23,1.6
E07000210,6/1/23,1.7
E07000210,7/1/23,1.8
E07000210,8/1/23,1.8
E07000210,9/1/23,1.8
E07000210,10/1/23,1.8
E07000210,11/1/23,1.8
E07000210,12/1/23,1.8
E07000210,1/1/24,1.8
E07000210,2/1/24,1.8
E07000210,3/1/24,1.8
E07000210,4/1/24,1.7
E07000210,5/1/24,1.8
E07000210,6/1/24,1.8
E07000210,7/1/24,2
E07000210,8/1/24,2
E07000210,9/1/24,2
E07000210,10/1/24,2
E07000210,11/1/24,2
E07000210,12/1/24,2
E07000210,1/1/25,2
E07000210,2/1/25,2
E07000210,3/1/25,2
E07000210,4/1/25,1.9
E07000210,5/1/25,1.9
E07000210,6/1/25,1.9
E07000210,7/1/25,1.9
E07000210,8/1/25,1.9
E07000210,9/1/25,1.8
E07000210,10/1/25,1.9
E07000210,11/1/25,1.8
E07000210,12/1/25,1.7
E07000210,1/1/26,1.8
E07000210,2/1/26,1.9
E07000211,1/1/18,0.8
E07000211,2/1/18,0.8
E07000211,3/1/18,0.8
E07000211,4/1/18,0.8
E07000211,5/1/18,0.8
E07000211,6/1/18,0.8
E07000211,7/1/18,0.8
E07000211,8/1/18,0.8
E07000211,9/1/18,0.7
E07000211,10/1/18,0.7
E07000211,11/1/18,0.7
E07000211,12/1/18,0.8
E07000211,1/1/19,0.8
E07000211,2/1/19,0.9
E07000211,3/1/19,1
E07000211,4/1/19,1
E07000211,5/1/19,1
E07000211,6/1/19,1.1
E07000211,7/1/19,1.1
E07000211,8/1/19,1.1
E07000211,9/1/19,1.2
E07000211,10/1/19,1.2
E07000211,11/1/19,1.2
E07000211,12/1/19,1.2
E07000211,1/1/20,1.2
E07000211,2/1/20,1.3
E07000211,3/1/20,1.3
E07000211,4/1/20,2.7
E07000211,5/1/20,4.1
E07000211,6/1/20,3.9
E07000211,7/1/20,4
E07000211,8/1/20,4.2
E07000211,9/1/20,4.2
E07000211,10/1/20,3.9
E07000211,11/1/20,4.1
E07000211,12/1/20,4.2
E07000211,1/1/21,4.1
E07000211,2/1/21,4.3
E07000211,3/1/21,4.3
E07000211,4/1/21,4.1
E07000211,5/1/21,3.8
E07000211,6/1/21,3.4
E07000211,7/1/21,3.3
E07000211,8/1/21,3.1
E07000211,9/1/21,3
E07000211,10/1/21,2.8
E07000211,11/1/21,2.6
E07000211,12/1/21,2.5
E07000211,1/1/22,2.4
E07000211,2/1/22,2.4
E07000211,3/1/22,2.3
E07000211,4/1/22,2.2
E07000211,5/1/22,2.1
E07000211,6/1/22,2.1
E07000211,7/1/22,2
E07000211,8/1/22,2
E07000211,9/1/22,2
E07000211,10/1/22,1.9
E07000211,11/1/22,1.9
E07000211,12/1/22,1.9
E07000211,1/1/23,1.8
E07000211,2/1/23,1.8
E07000211,3/1/23,1.8
E07000211,4/1/23,1.8
E07000211,5/1/23,1.7
E07000211,6/1/23,1.8
E07000211,7/1/23,1.8
E07000211,8/1/23,1.8
E07000211,9/1/23,1.9
E07000211,10/1/23,1.9
E07000211,11/1/23,1.9
E07000211,12/1/23,1.9
E07000211,1/1/24,1.9
E07000211,2/1/24,1.9
E07000211,3/1/24,1.9
E07000211,4/1/24,1.9
E07000211,5/1/24,1.9
E07000211,6/1/24,1.9
E07000211,7/1/24,2.1
E07000211,8/1/24,2.1
E07000211,9/1/24,2.2
E07000211,10/1/24,2.1
E07000211,11/1/24,2.1
E07000211,12/1/24,2
E07000211,1/1/25,2.1
E07000211,2/1/25,2.1
E07000211,3/1/25,2.1
E07000211,4/1/25,2.1
E07000211,5/1/25,2.1
E07000211,6/1/25,2.1
E07000211,7/1/25,2
E07000211,8/1/25,2
E07000211,9/1/25,2
E07000211,10/1/25,2
E07000211,11/1/25,2
E07000211,12/1/25,2.1
E07000211,1/1/26,2.1
E07000211,2/1/26,2.2
E07000212,1/1/18,0.7
E07000212,2/1/18,0.7
E07000212,3/1/18,0.7
E07000212,4/1/18,0.7
E07000212,5/1/18,0.7
E07000212,6/1/18,0.7
E07000212,7/1/18,0.7
E07000212,8/1/18,0.7
E07000212,9/1/18,0.7
E07000212,10/1/18,0.7
E07000212,11/1/18,0.7
E07000212,12/1/18,0.7
E07000212,1/1/19,0.7
E07000212,2/1/19,0.7
E07000212,3/1/19,0.8
E07000212,4/1/19,0.8
E07000212,5/1/19,0.9
E07000212,6/1/19,0.9
E07000212,7/1/19,0.9
E07000212,8/1/19,0.9
E07000212,9/1/19,1
E07000212,10/1/19,1.1
E07000212,11/1/19,1.2
E07000212,12/1/19,1.2
E07000212,1/1/20,1.3
E07000212,2/1/20,1.3
E07000212,3/1/20,1.3
E07000212,4/1/20,2.5
E07000212,5/1/20,4.2
E07000212,6/1/20,4.1
E07000212,7/1/20,4.1
E07000212,8/1/20,4.3
E07000212,9/1/20,4.3
E07000212,10/1/20,4.3
E07000212,11/1/20,4.3
E07000212,12/1/20,4.4
E07000212,1/1/21,4.3
E07000212,2/1/21,4.6
E07000212,3/1/21,4.6
E07000212,4/1/21,4.5
E07000212,5/1/21,4
E07000212,6/1/21,3.5
E07000212,7/1/21,3.5
E07000212,8/1/21,3.3
E07000212,9/1/21,3.1
E07000212,10/1/21,2.9
E07000212,11/1/21,2.8
E07000212,12/1/21,2.7
E07000212,1/1/22,2.5
E07000212,2/1/22,2.5
E07000212,3/1/22,2.4
E07000212,4/1/22,2.3
E07000212,5/1/22,2.2
E07000212,6/1/22,2.2
E07000212,7/1/22,2.3
E07000212,8/1/22,2.3
E07000212,9/1/22,2.3
E07000212,10/1/22,2.2
E07000212,11/1/22,2.3
E07000212,12/1/22,2.2
E07000212,1/1/23,2.2
E07000212,2/1/23,2.3
E07000212,3/1/23,2.2
E07000212,4/1/23,2.2
E07000212,5/1/23,2.2
E07000212,6/1/23,2.2
E07000212,7/1/23,2.3
E07000212,8/1/23,2.2
E07000212,9/1/23,2.2
E07000212,10/1/23,2.2
E07000212,11/1/23,2.2
E07000212,12/1/23,2.2
E07000212,1/1/24,2.2
E07000212,2/1/24,2.3
E07000212,3/1/24,2.3
E07000212,4/1/24,2.2
E07000212,5/1/24,2.3
E07000212,6/1/24,2.3
E07000212,7/1/24,2.5
E07000212,8/1/24,2.4
E07000212,9/1/24,2.4
E07000212,10/1/24,2.4
E07000212,11/1/24,2.4
E07000212,12/1/24,2.4
E07000212,1/1/25,2.4
E07000212,2/1/25,2.4
E07000212,3/1/25,2.4
E07000212,4/1/25,2.4
E07000212,5/1/25,2.4
E07000212,6/1/25,2.4
E07000212,7/1/25,2.4
E07000212,8/1/25,2.3
E07000212,9/1/25,2.3
E07000212,10/1/25,2.3
E07000212,11/1/25,2.4
E07000212,12/1/25,2.4
E07000212,1/1/26,2.4
E07000212,2/1/26,2.6
E07000213,1/1/18,0.9
E07000213,2/1/18,0.9
E07000213,3/1/18,0.9
E07000213,4/1/18,0.9
E07000213,5/1/18,0.9
E07000213,6/1/18,0.9
E07000213,7/1/18,0.9
E07000213,8/1/18,0.9
E07000213,9/1/18,0.8
E07000213,10/1/18,0.9
E07000213,11/1/18,0.8
E07000213,12/1/18,0.8
E07000213,1/1/19,0.9
E07000213,2/1/19,1
E07000213,3/1/19,1.1
E07000213,4/1/19,1.1
E07000213,5/1/19,1.1
E07000213,6/1/19,1.2
E07000213,7/1/19,1.3
E07000213,8/1/19,1.3
E07000213,9/1/19,1.4
E07000213,10/1/19,1.4
E07000213,11/1/19,1.5
E07000213,12/1/19,1.5
E07000213,1/1/20,1.5
E07000213,2/1/20,1.6
E07000213,3/1/20,1.6
E07000213,4/1/20,3.1
E07000213,5/1/20,5
E07000213,6/1/20,4.9
E07000213,7/1/20,5
E07000213,8/1/20,5.2
E07000213,9/1/20,5.4
E07000213,10/1/20,5.2
E07000213,11/1/20,5.4
E07000213,12/1/20,5.4
E07000213,1/1/21,5.3
E07000213,2/1/21,5.6
E07000213,3/1/21,5.5
E07000213,4/1/21,5.4
E07000213,5/1/21,5
E07000213,6/1/21,4.5
E07000213,7/1/21,4.4
E07000213,8/1/21,4.1
E07000213,9/1/21,3.7
E07000213,10/1/21,3.6
E07000213,11/1/21,3.4
E07000213,12/1/21,3.3
E07000213,1/1/22,3.2
E07000213,2/1/22,3.2
E07000213,3/1/22,3
E07000213,4/1/22,2.9
E07000213,5/1/22,2.9
E07000213,6/1/22,2.7
E07000213,7/1/22,2.8
E07000213,8/1/22,2.7
E07000213,9/1/22,2.7
E07000213,10/1/22,2.8
E07000213,11/1/22,2.9
E07000213,12/1/22,2.9
E07000213,1/1/23,2.9
E07000213,2/1/23,3
E07000213,3/1/23,3
E07000213,4/1/23,3.1
E07000213,5/1/23,3
E07000213,6/1/23,3.1
E07000213,7/1/23,3.1
E07000213,8/1/23,3
E07000213,9/1/23,3.1
E07000213,10/1/23,3.1
E07000213,11/1/23,3.1
E07000213,12/1/23,3.1
E07000213,1/1/24,3
E07000213,2/1/24,3.1
E07000213,3/1/24,3
E07000213,4/1/24,2.9
E07000213,5/1/24,3
E07000213,6/1/24,3.1
E07000213,7/1/24,3.3
E07000213,8/1/24,3.3
E07000213,9/1/24,3.3
E07000213,10/1/24,3.3
E07000213,11/1/24,3.3
E07000213,12/1/24,3.2
E07000213,1/1/25,3.2
E07000213,2/1/25,3.3
E07000213,3/1/25,3.4
E07000213,4/1/25,3.4
E07000213,5/1/25,3.4
E07000213,6/1/25,3.4
E07000213,7/1/25,3.4
E07000213,8/1/25,3.4
E07000213,9/1/25,3.4
E07000213,10/1/25,3.4
E07000213,11/1/25,3.3
E07000213,12/1/25,3.4
E07000213,1/1/26,3.4
E07000213,2/1/26,3.6
E07000214,1/1/18,0.7
E07000214,2/1/18,0.7
E07000214,3/1/18,0.7
E07000214,4/1/18,0.7
E07000214,5/1/18,0.6
E07000214,6/1/18,0.6
E07000214,7/1/18,0.6
E07000214,8/1/18,0.5
E07000214,9/1/18,0.5
E07000214,10/1/18,0.5
E07000214,11/1/18,0.5
E07000214,12/1/18,0.5
E07000214,1/1/19,0.5
E07000214,2/1/19,0.6
E07000214,3/1/19,0.7
E07000214,4/1/19,0.7
E07000214,5/1/19,0.7
E07000214,6/1/19,0.8
E07000214,7/1/19,0.8
E07000214,8/1/19,0.8
E07000214,9/1/19,0.8
E07000214,10/1/19,0.9
E07000214,11/1/19,0.9
E07000214,12/1/19,0.9
E07000214,1/1/20,1
E07000214,2/1/20,1
E07000214,3/1/20,1.1
E07000214,4/1/20,2.2
E07000214,5/1/20,3.9
E07000214,6/1/20,3.7
E07000214,7/1/20,3.9
E07000214,8/1/20,4
E07000214,9/1/20,4
E07000214,10/1/20,3.8
E07000214,11/1/20,3.8
E07000214,12/1/20,3.8
E07000214,1/1/21,3.8
E07000214,2/1/21,4
E07000214,3/1/21,4
E07000214,4/1/21,3.6
E07000214,5/1/21,3.3
E07000214,6/1/21,3
E07000214,7/1/21,2.8
E07000214,8/1/21,2.6
E07000214,9/1/21,2.4
E07000214,10/1/21,2.4
E07000214,11/1/21,2.3
E07000214,12/1/21,2.2
E07000214,1/1/22,2.2
E07000214,2/1/22,2.2
E07000214,3/1/22,2.1
E07000214,4/1/22,2
E07000214,5/1/22,1.9
E07000214,6/1/22,1.9
E07000214,7/1/22,1.9
E07000214,8/1/22,1.9
E07000214,9/1/22,2
E07000214,10/1/22,2
E07000214,11/1/22,2
E07000214,12/1/22,1.9
E07000214,1/1/23,1.9
E07000214,2/1/23,1.9
E07000214,3/1/23,1.9
E07000214,4/1/23,2
E07000214,5/1/23,1.9
E07000214,6/1/23,1.9
E07000214,7/1/23,2
E07000214,8/1/23,1.9
E07000214,9/1/23,2
E07000214,10/1/23,2
E07000214,11/1/23,2
E07000214,12/1/23,2
E07000214,1/1/24,2
E07000214,2/1/24,2.1
E07000214,3/1/24,2
E07000214,4/1/24,2
E07000214,5/1/24,1.9
E07000214,6/1/24,2
E07000214,7/1/24,2.2
E07000214,8/1/24,2.1
E07000214,9/1/24,2.2
E07000214,10/1/24,2.2
E07000214,11/1/24,2.2
E07000214,12/1/24,2.1
E07000214,1/1/25,2.2
E07000214,2/1/25,2.3
E07000214,3/1/25,2.2
E07000214,4/1/25,2.2
E07000214,5/1/25,2.2
E07000214,6/1/25,2.2
E07000214,7/1/25,2.2
E07000214,8/1/25,2.2
E07000214,9/1/25,2.2
E07000214,10/1/25,2.2
E07000214,11/1/25,2.2
E07000214,12/1/25,2.2
E07000214,1/1/26,2.2
E07000214,2/1/26,2.3
E07000215,1/1/18,0.9
E07000215,2/1/18,1.1
E07000215,3/1/18,1
E07000215,4/1/18,1.1
E07000215,5/1/18,1
E07000215,6/1/18,1
E07000215,7/1/18,1
E07000215,8/1/18,1
E07000215,9/1/18,1
E07000215,10/1/18,1
E07000215,11/1/18,1.1
E07000215,12/1/18,1
E07000215,1/1/19,1.1
E07000215,2/1/19,1.2
E07000215,3/1/19,1.1
E07000215,4/1/19,1.1
E07000215,5/1/19,1.2
E07000215,6/1/19,1.2
E07000215,7/1/19,1.2
E07000215,8/1/19,1.3
E07000215,9/1/19,1.3
E07000215,10/1/19,1.4
E07000215,11/1/19,1.4
E07000215,12/1/19,1.4
E07000215,1/1/20,1.4
E07000215,2/1/20,1.5
E07000215,3/1/20,1.5
E07000215,4/1/20,2.8
E07000215,5/1/20,4.4
E07000215,6/1/20,4.2
E07000215,7/1/20,4.4
E07000215,8/1/20,4.5
E07000215,9/1/20,4.5
E07000215,10/1/20,4.2
E07000215,11/1/20,4.3
E07000215,12/1/20,4.3
E07000215,1/1/21,4.3
E07000215,2/1/21,4.5
E07000215,3/1/21,4.4
E07000215,4/1/21,4.2
E07000215,5/1/21,3.8
E07000215,6/1/21,3.5
E07000215,7/1/21,3.4
E07000215,8/1/21,3.2
E07000215,9/1/21,3
E07000215,10/1/21,2.7
E07000215,11/1/21,2.6
E07000215,12/1/21,2.5
E07000215,1/1/22,2.4
E07000215,2/1/22,2.4
E07000215,3/1/22,2.3
E07000215,4/1/22,2.2
E07000215,5/1/22,2.1
E07000215,6/1/22,2.1
E07000215,7/1/22,2.1
E07000215,8/1/22,2.1
E07000215,9/1/22,2.1
E07000215,10/1/22,2
E07000215,11/1/22,2
E07000215,12/1/22,2
E07000215,1/1/23,2
E07000215,2/1/23,2
E07000215,3/1/23,2
E07000215,4/1/23,2
E07000215,5/1/23,2
E07000215,6/1/23,2
E07000215,7/1/23,2
E07000215,8/1/23,2
E07000215,9/1/23,2
E07000215,10/1/23,2
E07000215,11/1/23,2.1
E07000215,12/1/23,2.1
E07000215,1/1/24,2.1
E07000215,2/1/24,2.1
E07000215,3/1/24,2.1
E07000215,4/1/24,2.1
E07000215,5/1/24,2.1
E07000215,6/1/24,2.2
E07000215,7/1/24,2.3
E07000215,8/1/24,2.3
E07000215,9/1/24,2.3
E07000215,10/1/24,2.4
E07000215,11/1/24,2.3
E07000215,12/1/24,2.3
E07000215,1/1/25,2.3
E07000215,2/1/25,2.4
E07000215,3/1/25,2.4
E07000215,4/1/25,2.4
E07000215,5/1/25,2.4
E07000215,6/1/25,2.5
E07000215,7/1/25,2.5
E07000215,8/1/25,2.5
E07000215,9/1/25,2.5
E07000215,10/1/25,2.5
E07000215,11/1/25,2.4
E07000215,12/1/25,2.5
E07000215,1/1/26,2.5
E07000215,2/1/26,2.6
E07000216,1/1/18,0.5
E07000216,2/1/18,0.6
E07000216,3/1/18,0.5
E07000216,4/1/18,0.5
E07000216,5/1/18,0.5
E07000216,6/1/18,0.5
E07000216,7/1/18,0.5
E07000216,8/1/18,0.5
E07000216,9/1/18,0.5
E07000216,10/1/18,0.5
E07000216,11/1/18,0.5
E07000216,12/1/18,0.5
E07000216,1/1/19,0.6
E07000216,2/1/19,0.7
E07000216,3/1/19,0.7
E07000216,4/1/19,0.7
E07000216,5/1/19,0.7
E07000216,6/1/19,0.8
E07000216,7/1/19,0.8
E07000216,8/1/19,0.8
E07000216,9/1/19,0.8
E07000216,10/1/19,0.9
E07000216,11/1/19,0.9
E07000216,12/1/19,0.9
E07000216,1/1/20,0.9
E07000216,2/1/20,1
E07000216,3/1/20,0.9
E07000216,4/1/20,2.1
E07000216,5/1/20,3.4
E07000216,6/1/20,3.2
E07000216,7/1/20,3.3
E07000216,8/1/20,3.4
E07000216,9/1/20,3.4
E07000216,10/1/20,3.2
E07000216,11/1/20,3.2
E07000216,12/1/20,3.2
E07000216,1/1/21,3.1
E07000216,2/1/21,3.3
E07000216,3/1/21,3.2
E07000216,4/1/21,3.1
E07000216,5/1/21,2.7
E07000216,6/1/21,2.5
E07000216,7/1/21,2.4
E07000216,8/1/21,2.2
E07000216,9/1/21,2.1
E07000216,10/1/21,2
E07000216,11/1/21,2
E07000216,12/1/21,1.9
E07000216,1/1/22,1.8
E07000216,2/1/22,1.9
E07000216,3/1/22,1.8
E07000216,4/1/22,1.6
E07000216,5/1/22,1.5
E07000216,6/1/22,1.6
E07000216,7/1/22,1.7
E07000216,8/1/22,1.7
E07000216,9/1/22,1.8
E07000216,10/1/22,1.8
E07000216,11/1/22,1.7
E07000216,12/1/22,1.7
E07000216,1/1/23,1.7
E07000216,2/1/23,1.7
E07000216,3/1/23,1.6
E07000216,4/1/23,1.7
E07000216,5/1/23,1.6
E07000216,6/1/23,1.6
E07000216,7/1/23,1.6
E07000216,8/1/23,1.7
E07000216,9/1/23,1.6
E07000216,10/1/23,1.6
E07000216,11/1/23,1.6
E07000216,12/1/23,1.6
E07000216,1/1/24,1.6
E07000216,2/1/24,1.7
E07000216,3/1/24,1.7
E07000216,4/1/24,1.7
E07000216,5/1/24,1.7
E07000216,6/1/24,1.7
E07000216,7/1/24,1.9
E07000216,8/1/24,1.9
E07000216,9/1/24,1.9
E07000216,10/1/24,1.9
E07000216,11/1/24,1.8
E07000216,12/1/24,1.8
E07000216,1/1/25,1.8
E07000216,2/1/25,1.9
E07000216,3/1/25,1.9
E07000216,4/1/25,1.8
E07000216,5/1/25,1.8
E07000216,6/1/25,1.9
E07000216,7/1/25,1.8
E07000216,8/1/25,1.7
E07000216,9/1/25,1.8
E07000216,10/1/25,1.8
E07000216,11/1/25,1.9
E07000216,12/1/25,1.8
E07000216,1/1/26,1.8
E07000216,2/1/26,2
E07000217,1/1/18,0.6
E07000217,2/1/18,0.7
E07000217,3/1/18,0.7
E07000217,4/1/18,0.7
E07000217,5/1/18,0.6
E07000217,6/1/18,0.7
E07000217,7/1/18,0.6
E07000217,8/1/18,0.6
E07000217,9/1/18,0.6
E07000217,10/1/18,0.6
E07000217,11/1/18,0.6
E07000217,12/1/18,0.6
E07000217,1/1/19,0.7
E07000217,2/1/19,0.8
E07000217,3/1/19,0.9
E07000217,4/1/19,0.8
E07000217,5/1/19,0.9
E07000217,6/1/19,0.9
E07000217,7/1/19,1
E07000217,8/1/19,1
E07000217,9/1/19,1
E07000217,10/1/19,1.1
E07000217,11/1/19,1.1
E07000217,12/1/19,1.1
E07000217,1/1/20,1.1
E07000217,2/1/20,1.2
E07000217,3/1/20,1.3
E07000217,4/1/20,2.4
E07000217,5/1/20,4
E07000217,6/1/20,3.9
E07000217,7/1/20,4.1
E07000217,8/1/20,4.3
E07000217,9/1/20,4.3
E07000217,10/1/20,4.1
E07000217,11/1/20,4.1
E07000217,12/1/20,4.1
E07000217,1/1/21,4.1
E07000217,2/1/21,4.3
E07000217,3/1/21,4.3
E07000217,4/1/21,4.2
E07000217,5/1/21,3.8
E07000217,6/1/21,3.3
E07000217,7/1/21,3.2
E07000217,8/1/21,3.1
E07000217,9/1/21,2.9
E07000217,10/1/21,2.8
E07000217,11/1/21,2.7
E07000217,12/1/21,2.6
E07000217,1/1/22,2.5
E07000217,2/1/22,2.5
E07000217,3/1/22,2.3
E07000217,4/1/22,2.2
E07000217,5/1/22,2.1
E07000217,6/1/22,2.2
E07000217,7/1/22,2.2
E07000217,8/1/22,2.2
E07000217,9/1/22,2.3
E07000217,10/1/22,2.2
E07000217,11/1/22,2.2
E07000217,12/1/22,2.2
E07000217,1/1/23,2.2
E07000217,2/1/23,2.2
E07000217,3/1/23,2.2
E07000217,4/1/23,2.3
E07000217,5/1/23,2.2
E07000217,6/1/23,2.2
E07000217,7/1/23,2.3
E07000217,8/1/23,2.3
E07000217,9/1/23,2.4
E07000217,10/1/23,2.4
E07000217,11/1/23,2.4
E07000217,12/1/23,2.4
E07000217,1/1/24,2.3
E07000217,2/1/24,2.4
E07000217,3/1/24,2.3
E07000217,4/1/24,2.4
E07000217,5/1/24,2.3
E07000217,6/1/24,2.4
E07000217,7/1/24,2.6
E07000217,8/1/24,2.7
E07000217,9/1/24,2.7
E07000217,10/1/24,2.7
E07000217,11/1/24,2.6
E07000217,12/1/24,2.6
E07000217,1/1/25,2.6
E07000217,2/1/25,2.7
E07000217,3/1/25,2.6
E07000217,4/1/25,2.6
E07000217,5/1/25,2.6
E07000217,6/1/25,2.7
E07000217,7/1/25,2.6
E07000217,8/1/25,2.5
E07000217,9/1/25,2.6
E07000217,10/1/25,2.7
E07000217,11/1/25,2.6
E07000217,12/1/25,2.6
E07000217,1/1/26,2.6
E07000217,2/1/26,2.7
E07000218,1/1/18,1.1
E07000218,2/1/18,1.3
E07000218,3/1/18,1.3
E07000218,4/1/18,1.3
E07000218,5/1/18,1.4
E07000218,6/1/18,1.3
E07000218,7/1/18,1.3
E07000218,8/1/18,1.3
E07000218,9/1/18,1.3
E07000218,10/1/18,1.3
E07000218,11/1/18,1.3
E07000218,12/1/18,1.4
E07000218,1/1/19,1.5
E07000218,2/1/19,1.6
E07000218,3/1/19,1.7
E07000218,4/1/19,1.7
E07000218,5/1/19,1.7
E07000218,6/1/19,1.8
E07000218,7/1/19,1.8
E07000218,8/1/19,1.8
E07000218,9/1/19,1.9
E07000218,10/1/19,2
E07000218,11/1/19,2
E07000218,12/1/19,2
E07000218,1/1/20,1.9
E07000218,2/1/20,2
E07000218,3/1/20,2.2
E07000218,4/1/20,4.6
E07000218,5/1/20,5.5
E07000218,6/1/20,5.1
E07000218,7/1/20,5.2
E07000218,8/1/20,5.4
E07000218,9/1/20,5.3
E07000218,10/1/20,5
E07000218,11/1/20,5
E07000218,12/1/20,5
E07000218,1/1/21,4.8
E07000218,2/1/21,5.1
E07000218,3/1/21,5.1
E07000218,4/1/21,4.9
E07000218,5/1/21,4.5
E07000218,6/1/21,4
E07000218,7/1/21,3.9
E07000218,8/1/21,3.7
E07000218,9/1/21,3.5
E07000218,10/1/21,3.4
E07000218,11/1/21,3.2
E07000218,12/1/21,3
E07000218,1/1/22,3
E07000218,2/1/22,3.1
E07000218,3/1/22,2.9
E07000218,4/1/22,2.7
E07000218,5/1/22,2.6
E07000218,6/1/22,2.6
E07000218,7/1/22,2.5
E07000218,8/1/22,2.5
E07000218,9/1/22,2.5
E07000218,10/1/22,2.5
E07000218,11/1/22,2.6
E07000218,12/1/22,2.5
E07000218,1/1/23,2.5
E07000218,2/1/23,2.5
E07000218,3/1/23,2.6
E07000218,4/1/23,2.6
E07000218,5/1/23,2.5
E07000218,6/1/23,2.5
E07000218,7/1/23,2.4
E07000218,8/1/23,2.5
E07000218,9/1/23,2.4
E07000218,10/1/23,2.4
E07000218,11/1/23,2.5
E07000218,12/1/23,2.4
E07000218,1/1/24,2.4
E07000218,2/1/24,2.6
E07000218,3/1/24,2.6
E07000218,4/1/24,2.5
E07000218,5/1/24,2.5
E07000218,6/1/24,2.5
E07000218,7/1/24,2.7
E07000218,8/1/24,2.8
E07000218,9/1/24,2.7
E07000218,10/1/24,2.6
E07000218,11/1/24,2.7
E07000218,12/1/24,2.6
E07000218,1/1/25,2.6
E07000218,2/1/25,2.7
E07000218,3/1/25,2.7
E07000218,4/1/25,2.7
E07000218,5/1/25,2.7
E07000218,6/1/25,2.7
E07000218,7/1/25,2.6
E07000218,8/1/25,2.6
E07000218,9/1/25,2.6
E07000218,10/1/25,2.6
E07000218,11/1/25,2.6
E07000218,12/1/25,2.6
E07000218,1/1/26,2.6
E07000218,2/1/26,2.8
E07000219,1/1/18,1.9
E07000219,2/1/18,2.1
E07000219,3/1/18,2.3
E07000219,4/1/18,2.6
E07000219,5/1/18,2.6
E07000219,6/1/18,2.7
E07000219,7/1/18,2.8
E07000219,8/1/18,2.8
E07000219,9/1/18,2.7
E07000219,10/1/18,2.7
E07000219,11/1/18,2.7
E07000219,12/1/18,2.7
E07000219,1/1/19,2.7
E07000219,2/1/19,2.9
E07000219,3/1/19,3
E07000219,4/1/19,3
E07000219,5/1/19,3
E07000219,6/1/19,3.1
E07000219,7/1/19,3.1
E07000219,8/1/19,3.1
E07000219,9/1/19,3.2
E07000219,10/1/19,3.3
E07000219,11/1/19,3.2
E07000219,12/1/19,3.3
E07000219,1/1/20,3.2
E07000219,2/1/20,3.3
E07000219,3/1/20,3.4
E07000219,4/1/20,5.6
E07000219,5/1/20,6.5
E07000219,6/1/20,6.3
E07000219,7/1/20,6.4
E07000219,8/1/20,6.6
E07000219,9/1/20,6.5
E07000219,10/1/20,6.4
E07000219,11/1/20,6.3
E07000219,12/1/20,6.1
E07000219,1/1/21,5.9
E07000219,2/1/21,6.1
E07000219,3/1/21,6.2
E07000219,4/1/21,6
E07000219,5/1/21,5.7
E07000219,6/1/21,5.4
E07000219,7/1/21,5.2
E07000219,8/1/21,5
E07000219,9/1/21,4.9
E07000219,10/1/21,4.8
E07000219,11/1/21,4.7
E07000219,12/1/21,4.4
E07000219,1/1/22,4.3
E07000219,2/1/22,4.3
E07000219,3/1/22,4.2
E07000219,4/1/22,4
E07000219,5/1/22,3.9
E07000219,6/1/22,3.8
E07000219,7/1/22,3.8
E07000219,8/1/22,3.7
E07000219,9/1/22,3.7
E07000219,10/1/22,3.7
E07000219,11/1/22,3.7
E07000219,12/1/22,3.7
E07000219,1/1/23,3.6
E07000219,2/1/23,3.7
E07000219,3/1/23,3.8
E07000219,4/1/23,3.8
E07000219,5/1/23,3.8
E07000219,6/1/23,3.7
E07000219,7/1/23,3.8
E07000219,8/1/23,3.7
E07000219,9/1/23,3.6
E07000219,10/1/23,3.6
E07000219,11/1/23,3.6
E07000219,12/1/23,3.5
E07000219,1/1/24,3.4
E07000219,2/1/24,3.5
E07000219,3/1/24,3.4
E07000219,4/1/24,3.5
E07000219,5/1/24,3.6
E07000219,6/1/24,3.7
E07000219,7/1/24,4
E07000219,8/1/24,4.1
E07000219,9/1/24,4.1
E07000219,10/1/24,4.1
E07000219,11/1/24,4
E07000219,12/1/24,3.9
E07000219,1/1/25,4
E07000219,2/1/25,4
E07000219,3/1/25,4
E07000219,4/1/25,4
E07000219,5/1/25,4
E07000219,6/1/25,4
E07000219,7/1/25,4.1
E07000219,8/1/25,4.1
E07000219,9/1/25,4.1
E07000219,10/1/25,4.1
E07000219,11/1/25,4
E07000219,12/1/25,4
E07000219,1/1/26,4
E07000219,2/1/26,4.2
E07000220,1/1/18,1.9
E07000220,2/1/18,2
E07000220,3/1/18,2.1
E07000220,4/1/18,2.2
E07000220,5/1/18,2.1
E07000220,6/1/18,2
E07000220,7/1/18,2
E07000220,8/1/18,2.1
E07000220,9/1/18,2
E07000220,10/1/18,2
E07000220,11/1/18,2
E07000220,12/1/18,1.9
E07000220,1/1/19,1.9
E07000220,2/1/19,2.2
E07000220,3/1/19,2.2
E07000220,4/1/19,2.1
E07000220,5/1/19,2.1
E07000220,6/1/19,2.2
E07000220,7/1/19,2.2
E07000220,8/1/19,2.2
E07000220,9/1/19,2.2
E07000220,10/1/19,2.2
E07000220,11/1/19,2.2
E07000220,12/1/19,2.2
E07000220,1/1/20,2.1
E07000220,2/1/20,2.2
E07000220,3/1/20,2.2
E07000220,4/1/20,3.9
E07000220,5/1/20,4.6
E07000220,6/1/20,4.5
E07000220,7/1/20,4.6
E07000220,8/1/20,4.6
E07000220,9/1/20,4.6
E07000220,10/1/20,4.4
E07000220,11/1/20,4.4
E07000220,12/1/20,4.2
E07000220,1/1/21,4.2
E07000220,2/1/21,4.4
E07000220,3/1/21,4.4
E07000220,4/1/21,4.3
E07000220,5/1/21,4
E07000220,6/1/21,3.7
E07000220,7/1/21,3.7
E07000220,8/1/21,3.6
E07000220,9/1/21,3.4
E07000220,10/1/21,3.3
E07000220,11/1/21,3.1
E07000220,12/1/21,3
E07000220,1/1/22,2.9
E07000220,2/1/22,2.9
E07000220,3/1/22,2.8
E07000220,4/1/22,2.7
E07000220,5/1/22,2.6
E07000220,6/1/22,2.6
E07000220,7/1/22,2.7
E07000220,8/1/22,2.7
E07000220,9/1/22,2.6
E07000220,10/1/22,2.6
E07000220,11/1/22,2.6
E07000220,12/1/22,2.6
E07000220,1/1/23,2.6
E07000220,2/1/23,2.6
E07000220,3/1/23,2.7
E07000220,4/1/23,2.9
E07000220,5/1/23,2.8
E07000220,6/1/23,2.8
E07000220,7/1/23,2.7
E07000220,8/1/23,2.7
E07000220,9/1/23,2.6
E07000220,10/1/23,2.6
E07000220,11/1/23,2.5
E07000220,12/1/23,2.4
E07000220,1/1/24,2.3
E07000220,2/1/24,2.5
E07000220,3/1/24,2.5
E07000220,4/1/24,2.5
E07000220,5/1/24,2.5
E07000220,6/1/24,2.6
E07000220,7/1/24,2.9
E07000220,8/1/24,2.8
E07000220,9/1/24,2.8
E07000220,10/1/24,2.7
E07000220,11/1/24,2.7
E07000220,12/1/24,2.6
E07000220,1/1/25,2.6
E07000220,2/1/25,2.7
E07000220,3/1/25,2.7
E07000220,4/1/25,2.7
E07000220,5/1/25,2.7
E07000220,6/1/25,2.7
E07000220,7/1/25,2.7
E07000220,8/1/25,2.7
E07000220,9/1/25,2.7
E07000220,10/1/25,2.7
E07000220,11/1/25,2.6
E07000220,12/1/25,2.6
E07000220,1/1/26,2.6
E07000220,2/1/26,2.8
E07000221,1/1/18,0.8
E07000221,2/1/18,0.9
E07000221,3/1/18,0.9
E07000221,4/1/18,1.1
E07000221,5/1/18,1
E07000221,6/1/18,1
E07000221,7/1/18,1
E07000221,8/1/18,1.1
E07000221,9/1/18,1.1
E07000221,10/1/18,1.1
E07000221,11/1/18,1.1
E07000221,12/1/18,1.1
E07000221,1/1/19,1.1
E07000221,2/1/19,1.1
E07000221,3/1/19,1.2
E07000221,4/1/19,1.2
E07000221,5/1/19,1.2
E07000221,6/1/19,1.3
E07000221,7/1/19,1.3
E07000221,8/1/19,1.3
E07000221,9/1/19,1.3
E07000221,10/1/19,1.3
E07000221,11/1/19,1.3
E07000221,12/1/19,1.3
E07000221,1/1/20,1.3
E07000221,2/1/20,1.4
E07000221,3/1/20,1.4
E07000221,4/1/20,2.9
E07000221,5/1/20,4.1
E07000221,6/1/20,3.8
E07000221,7/1/20,3.9
E07000221,8/1/20,4.1
E07000221,9/1/20,4
E07000221,10/1/20,3.7
E07000221,11/1/20,3.8
E07000221,12/1/20,3.8
E07000221,1/1/21,3.6
E07000221,2/1/21,3.8
E07000221,3/1/21,3.8
E07000221,4/1/21,3.7
E07000221,5/1/21,3.4
E07000221,6/1/21,3
E07000221,7/1/21,3
E07000221,8/1/21,2.9
E07000221,9/1/21,2.7
E07000221,10/1/21,2.7
E07000221,11/1/21,2.6
E07000221,12/1/21,2.6
E07000221,1/1/22,2.4
E07000221,2/1/22,2.4
E07000221,3/1/22,2.3
E07000221,4/1/22,2.2
E07000221,5/1/22,2.1
E07000221,6/1/22,2
E07000221,7/1/22,2
E07000221,8/1/22,2
E07000221,9/1/22,2
E07000221,10/1/22,2
E07000221,11/1/22,2
E07000221,12/1/22,2
E07000221,1/1/23,1.9
E07000221,2/1/23,1.9
E07000221,3/1/23,2
E07000221,4/1/23,2
E07000221,5/1/23,1.9
E07000221,6/1/23,1.9
E07000221,7/1/23,1.8
E07000221,8/1/23,1.8
E07000221,9/1/23,1.8
E07000221,10/1/23,1.8
E07000221,11/1/23,1.8
E07000221,12/1/23,1.8
E07000221,1/1/24,1.8
E07000221,2/1/24,1.9
E07000221,3/1/24,1.9
E07000221,4/1/24,1.8
E07000221,5/1/24,1.8
E07000221,6/1/24,1.9
E07000221,7/1/24,2
E07000221,8/1/24,2.1
E07000221,9/1/24,2.1
E07000221,10/1/24,2
E07000221,11/1/24,2
E07000221,12/1/24,2
E07000221,1/1/25,1.9
E07000221,2/1/25,2
E07000221,3/1/25,2
E07000221,4/1/25,1.9
E07000221,5/1/25,1.9
E07000221,6/1/25,1.9
E07000221,7/1/25,1.9
E07000221,8/1/25,1.9
E07000221,9/1/25,2
E07000221,10/1/25,2
E07000221,11/1/25,2.1
E07000221,12/1/25,2.1
E07000221,1/1/26,2.2
E07000221,2/1/26,2.3
E07000222,1/1/18,0.7
E07000222,2/1/18,0.8
E07000222,3/1/18,0.8
E07000222,4/1/18,0.8
E07000222,5/1/18,0.8
E07000222,6/1/18,0.8
E07000222,7/1/18,0.8
E07000222,8/1/18,0.8
E07000222,9/1/18,0.8
E07000222,10/1/18,0.8
E07000222,11/1/18,0.8
E07000222,12/1/18,0.8
E07000222,1/1/19,0.9
E07000222,2/1/19,1
E07000222,3/1/19,1.1
E07000222,4/1/19,1.2
E07000222,5/1/19,1.2
E07000222,6/1/19,1.3
E07000222,7/1/19,1.3
E07000222,8/1/19,1.4
E07000222,9/1/19,1.4
E07000222,10/1/19,1.5
E07000222,11/1/19,1.6
E07000222,12/1/19,1.6
E07000222,1/1/20,1.6
E07000222,2/1/20,1.6
E07000222,3/1/20,1.7
E07000222,4/1/20,2.9
E07000222,5/1/20,4
E07000222,6/1/20,3.8
E07000222,7/1/20,4
E07000222,8/1/20,4.1
E07000222,9/1/20,4
E07000222,10/1/20,3.8
E07000222,11/1/20,3.9
E07000222,12/1/20,3.8
E07000222,1/1/21,3.7
E07000222,2/1/21,3.9
E07000222,3/1/21,3.9
E07000222,4/1/21,3.8
E07000222,5/1/21,3.5
E07000222,6/1/21,3.2
E07000222,7/1/21,3.1
E07000222,8/1/21,2.9
E07000222,9/1/21,2.8
E07000222,10/1/21,2.7
E07000222,11/1/21,2.6
E07000222,12/1/21,2.6
E07000222,1/1/22,2.5
E07000222,2/1/22,2.4
E07000222,3/1/22,2.4
E07000222,4/1/22,2.3
E07000222,5/1/22,2.2
E07000222,6/1/22,2.2
E07000222,7/1/22,2.2
E07000222,8/1/22,2.1
E07000222,9/1/22,2.1
E07000222,10/1/22,2.1
E07000222,11/1/22,2.1
E07000222,12/1/22,2.1
E07000222,1/1/23,2
E07000222,2/1/23,2.1
E07000222,3/1/23,2.1
E07000222,4/1/23,2.2
E07000222,5/1/23,2.1
E07000222,6/1/23,2.1
E07000222,7/1/23,2.1
E07000222,8/1/23,2
E07000222,9/1/23,2
E07000222,10/1/23,2
E07000222,11/1/23,2
E07000222,12/1/23,2
E07000222,1/1/24,2
E07000222,2/1/24,2
E07000222,3/1/24,2
E07000222,4/1/24,2
E07000222,5/1/24,2
E07000222,6/1/24,2.1
E07000222,7/1/24,2.3
E07000222,8/1/24,2.3
E07000222,9/1/24,2.4
E07000222,10/1/24,2.3
E07000222,11/1/24,2.3
E07000222,12/1/24,2.3
E07000222,1/1/25,2.3
E07000222,2/1/25,2.4
E07000222,3/1/25,2.4
E07000222,4/1/25,2.3
E07000222,5/1/25,2.3
E07000222,6/1/25,2.3
E07000222,7/1/25,2.3
E07000222,8/1/25,2.3
E07000222,9/1/25,2.3
E07000222,10/1/25,2.3
E07000222,11/1/25,2.3
E07000222,12/1/25,2.2
E07000222,1/1/26,2.3
E07000222,2/1/26,2.4
E07000223,1/1/18,1.4
E07000223,2/1/18,1.4
E07000223,3/1/18,1.5
E07000223,4/1/18,1.4
E07000223,5/1/18,1.3
E07000223,6/1/18,1.3
E07000223,7/1/18,1.2
E07000223,8/1/18,1.3
E07000223,9/1/18,1.4
E07000223,10/1/18,1.5
E07000223,11/1/18,1.6
E07000223,12/1/18,1.7
E07000223,1/1/19,1.8
E07000223,2/1/19,1.8
E07000223,3/1/19,1.8
E07000223,4/1/19,1.9
E07000223,5/1/19,1.9
E07000223,6/1/19,1.9
E07000223,7/1/19,2
E07000223,8/1/19,2
E07000223,9/1/19,2
E07000223,10/1/19,2.1
E07000223,11/1/19,2.1
E07000223,12/1/19,2.1
E07000223,1/1/20,2.2
E07000223,2/1/20,2.3
E07000223,3/1/20,2.3
E07000223,4/1/20,4.3
E07000223,5/1/20,6.4
E07000223,6/1/20,5.8
E07000223,7/1/20,5.9
E07000223,8/1/20,6.3
E07000223,9/1/20,6.2
E07000223,10/1/20,5.8
E07000223,11/1/20,5.9
E07000223,12/1/20,5.8
E07000223,1/1/21,5.8
E07000223,2/1/21,6.1
E07000223,3/1/21,6.1
E07000223,4/1/21,5.8
E07000223,5/1/21,5.4
E07000223,6/1/21,4.8
E07000223,7/1/21,4.7
E07000223,8/1/21,4.5
E07000223,9/1/21,4.1
E07000223,10/1/21,4
E07000223,11/1/21,3.7
E07000223,12/1/21,3.6
E07000223,1/1/22,3.4
E07000223,2/1/22,3.4
E07000223,3/1/22,3.2
E07000223,4/1/22,3.1
E07000223,5/1/22,3
E07000223,6/1/22,2.9
E07000223,7/1/22,2.9
E07000223,8/1/22,2.8
E07000223,9/1/22,2.8
E07000223,10/1/22,2.7
E07000223,11/1/22,2.8
E07000223,12/1/22,2.7
E07000223,1/1/23,2.7
E07000223,2/1/23,2.7
E07000223,3/1/23,2.8
E07000223,4/1/23,2.8
E07000223,5/1/23,2.6
E07000223,6/1/23,2.5
E07000223,7/1/23,2.6
E07000223,8/1/23,2.6
E07000223,9/1/23,2.6
E07000223,10/1/23,2.6
E07000223,11/1/23,2.6
E07000223,12/1/23,2.6
E07000223,1/1/24,2.6
E07000223,2/1/24,2.6
E07000223,3/1/24,2.6
E07000223,4/1/24,2.5
E07000223,5/1/24,2.5
E07000223,6/1/24,2.5
E07000223,7/1/24,2.8
E07000223,8/1/24,2.7
E07000223,9/1/24,2.7
E07000223,10/1/24,2.8
E07000223,11/1/24,2.7
E07000223,12/1/24,2.7
E07000223,1/1/25,2.8
E07000223,2/1/25,3
E07000223,3/1/25,3
E07000223,4/1/25,3
E07000223,5/1/25,2.9
E07000223,6/1/25,2.9
E07000223,7/1/25,3
E07000223,8/1/25,2.9
E07000223,9/1/25,2.9
E07000223,10/1/25,2.9
E07000223,11/1/25,2.9
E07000223,12/1/25,2.9
E07000223,1/1/26,3
E07000223,2/1/26,3.3
E07000224,1/1/18,1.3
E07000224,2/1/18,1.4
E07000224,3/1/18,1.4
E07000224,4/1/18,1.3
E07000224,5/1/18,1.3
E07000224,6/1/18,1.2
E07000224,7/1/18,1.2
E07000224,8/1/18,1.2
E07000224,9/1/18,1.3
E07000224,10/1/18,1.3
E07000224,11/1/18,1.5
E07000224,12/1/18,1.6
E07000224,1/1/19,1.7
E07000224,2/1/19,1.8
E07000224,3/1/19,1.9
E07000224,4/1/19,1.9
E07000224,5/1/19,1.9
E07000224,6/1/19,1.9
E07000224,7/1/19,1.9
E07000224,8/1/19,2
E07000224,9/1/19,2
E07000224,10/1/19,2.1
E07000224,11/1/19,2.1
E07000224,12/1/19,2.2
E07000224,1/1/20,2.2
E07000224,2/1/20,2.3
E07000224,3/1/20,2.3
E07000224,4/1/20,4.8
E07000224,5/1/20,5.9
E07000224,6/1/20,5.3
E07000224,7/1/20,5.5
E07000224,8/1/20,5.7
E07000224,9/1/20,5.5
E07000224,10/1/20,5.3
E07000224,11/1/20,5.3
E07000224,12/1/20,5.4
E07000224,1/1/21,5.3
E07000224,2/1/21,5.8
E07000224,3/1/21,5.7
E07000224,4/1/21,5.6
E07000224,5/1/21,5.1
E07000224,6/1/21,4.6
E07000224,7/1/21,4.6
E07000224,8/1/21,4.4
E07000224,9/1/21,4.1
E07000224,10/1/21,3.9
E07000224,11/1/21,3.8
E07000224,12/1/21,3.7
E07000224,1/1/22,3.7
E07000224,2/1/22,3.6
E07000224,3/1/22,3.5
E07000224,4/1/22,3.2
E07000224,5/1/22,3
E07000224,6/1/22,3
E07000224,7/1/22,2.9
E07000224,8/1/22,3
E07000224,9/1/22,3
E07000224,10/1/22,2.9
E07000224,11/1/22,3
E07000224,12/1/22,3.1
E07000224,1/1/23,3
E07000224,2/1/23,3
E07000224,3/1/23,3.1
E07000224,4/1/23,3.1
E07000224,5/1/23,2.9
E07000224,6/1/23,3
E07000224,7/1/23,2.9
E07000224,8/1/23,3
E07000224,9/1/23,2.9
E07000224,10/1/23,3
E07000224,11/1/23,3
E07000224,12/1/23,3.1
E07000224,1/1/24,3.2
E07000224,2/1/24,3.2
E07000224,3/1/24,3.3
E07000224,4/1/24,3.3
E07000224,5/1/24,3.2
E07000224,6/1/24,3.3
E07000224,7/1/24,3.6
E07000224,8/1/24,3.6
E07000224,9/1/24,3.6
E07000224,10/1/24,3.6
E07000224,11/1/24,3.5
E07000224,12/1/24,3.5
E07000224,1/1/25,3.6
E07000224,2/1/25,3.6
E07000224,3/1/25,3.7
E07000224,4/1/25,3.6
E07000224,5/1/25,3.5
E07000224,6/1/25,3.5
E07000224,7/1/25,3.5
E07000224,8/1/25,3.5
E07000224,9/1/25,3.5
E07000224,10/1/25,3.5
E07000224,11/1/25,3.6
E07000224,12/1/25,3.5
E07000224,1/1/26,3.6
E07000224,2/1/26,3.9
E07000225,1/1/18,1
E07000225,2/1/18,1
E07000225,3/1/18,1.1
E07000225,4/1/18,1
E07000225,5/1/18,1
E07000225,6/1/18,1
E07000225,7/1/18,0.9
E07000225,8/1/18,1
E07000225,9/1/18,1
E07000225,10/1/18,1.1
E07000225,11/1/18,1.1
E07000225,12/1/18,1.2
E07000225,1/1/19,1.3
E07000225,2/1/19,1.4
E07000225,3/1/19,1.4
E07000225,4/1/19,1.5
E07000225,5/1/19,1.5
E07000225,6/1/19,1.6
E07000225,7/1/19,1.6
E07000225,8/1/19,1.6
E07000225,9/1/19,1.7
E07000225,10/1/19,1.7
E07000225,11/1/19,1.8
E07000225,12/1/19,1.8
E07000225,1/1/20,1.8
E07000225,2/1/20,1.9
E07000225,3/1/20,1.9
E07000225,4/1/20,3.9
E07000225,5/1/20,5
E07000225,6/1/20,4.7
E07000225,7/1/20,4.9
E07000225,8/1/20,5
E07000225,9/1/20,4.9
E07000225,10/1/20,4.6
E07000225,11/1/20,4.6
E07000225,12/1/20,4.7
E07000225,1/1/21,4.6
E07000225,2/1/21,4.9
E07000225,3/1/21,4.9
E07000225,4/1/21,4.8
E07000225,5/1/21,4.4
E07000225,6/1/21,4
E07000225,7/1/21,3.9
E07000225,8/1/21,3.7
E07000225,9/1/21,3.6
E07000225,10/1/21,3.5
E07000225,11/1/21,3.4
E07000225,12/1/21,3.4
E07000225,1/1/22,3.2
E07000225,2/1/22,3.2
E07000225,3/1/22,3.1
E07000225,4/1/22,2.9
E07000225,5/1/22,2.8
E07000225,6/1/22,2.7
E07000225,7/1/22,2.7
E07000225,8/1/22,2.7
E07000225,9/1/22,2.7
E07000225,10/1/22,2.7
E07000225,11/1/22,2.7
E07000225,12/1/22,2.8
E07000225,1/1/23,2.9
E07000225,2/1/23,2.9
E07000225,3/1/23,2.8
E07000225,4/1/23,2.8
E07000225,5/1/23,2.7
E07000225,6/1/23,2.8
E07000225,7/1/23,2.7
E07000225,8/1/23,2.7
E07000225,9/1/23,2.7
E07000225,10/1/23,2.8
E07000225,11/1/23,2.8
E07000225,12/1/23,2.8
E07000225,1/1/24,2.8
E07000225,2/1/24,3
E07000225,3/1/24,3
E07000225,4/1/24,2.9
E07000225,5/1/24,2.8
E07000225,6/1/24,2.9
E07000225,7/1/24,3.1
E07000225,8/1/24,3.1
E07000225,9/1/24,3.2
E07000225,10/1/24,3.2
E07000225,11/1/24,3.2
E07000225,12/1/24,3.2
E07000225,1/1/25,3.3
E07000225,2/1/25,3.4
E07000225,3/1/25,3.4
E07000225,4/1/25,3.4
E07000225,5/1/25,3.3
E07000225,6/1/25,3.2
E07000225,7/1/25,3.1
E07000225,8/1/25,3.1
E07000225,9/1/25,3.1
E07000225,10/1/25,3.2
E07000225,11/1/25,3.2
E07000225,12/1/25,3.2
E07000225,1/1/26,3.2
E07000225,2/1/26,3.4
E07000226,1/1/18,1.2
E07000226,2/1/18,1.3
E07000226,3/1/18,1.4
E07000226,4/1/18,1.3
E07000226,5/1/18,1.3
E07000226,6/1/18,1.2
E07000226,7/1/18,1.2
E07000226,8/1/18,1.3
E07000226,9/1/18,1.5
E07000226,10/1/18,1.6
E07000226,11/1/18,1.7
E07000226,12/1/18,1.7
E07000226,1/1/19,1.8
E07000226,2/1/19,2
E07000226,3/1/19,2
E07000226,4/1/19,2
E07000226,5/1/19,2
E07000226,6/1/19,2
E07000226,7/1/19,2.1
E07000226,8/1/19,2.2
E07000226,9/1/19,2.2
E07000226,10/1/19,2.3
E07000226,11/1/19,2.4
E07000226,12/1/19,2.4
E07000226,1/1/20,2.4
E07000226,2/1/20,2.5
E07000226,3/1/20,2.6
E07000226,4/1/20,4.5
E07000226,5/1/20,6.7
E07000226,6/1/20,6.5
E07000226,7/1/20,6.6
E07000226,8/1/20,6.9
E07000226,9/1/20,7.2
E07000226,10/1/20,7.2
E07000226,11/1/20,7.7
E07000226,12/1/20,7.7
E07000226,1/1/21,7.7
E07000226,2/1/21,8.2
E07000226,3/1/21,8.2
E07000226,4/1/21,7.9
E07000226,5/1/21,7.2
E07000226,6/1/21,6.4
E07000226,7/1/21,6.2
E07000226,8/1/21,5.8
E07000226,9/1/21,5.4
E07000226,10/1/21,5.1
E07000226,11/1/21,4.9
E07000226,12/1/21,4.6
E07000226,1/1/22,4.5
E07000226,2/1/22,4.6
E07000226,3/1/22,4.4
E07000226,4/1/22,4.2
E07000226,5/1/22,4
E07000226,6/1/22,3.8
E07000226,7/1/22,3.7
E07000226,8/1/22,3.8
E07000226,9/1/22,3.8
E07000226,10/1/22,3.7
E07000226,11/1/22,3.8
E07000226,12/1/22,3.7
E07000226,1/1/23,3.5
E07000226,2/1/23,3.6
E07000226,3/1/23,3.7
E07000226,4/1/23,3.8
E07000226,5/1/23,3.7
E07000226,6/1/23,3.8
E07000226,7/1/23,3.8
E07000226,8/1/23,3.7
E07000226,9/1/23,3.7
E07000226,10/1/23,3.7
E07000226,11/1/23,3.7
E07000226,12/1/23,3.8
E07000226,1/1/24,3.7
E07000226,2/1/24,3.8
E07000226,3/1/24,3.9
E07000226,4/1/24,3.8
E07000226,5/1/24,4
E07000226,6/1/24,4.2
E07000226,7/1/24,4.4
E07000226,8/1/24,4.3
E07000226,9/1/24,4.4
E07000226,10/1/24,4.2
E07000226,11/1/24,4.1
E07000226,12/1/24,4
E07000226,1/1/25,4
E07000226,2/1/25,4.2
E07000226,3/1/25,4.5
E07000226,4/1/25,4.5
E07000226,5/1/25,4.6
E07000226,6/1/25,4.6
E07000226,7/1/25,4.4
E07000226,8/1/25,4.4
E07000226,9/1/25,4.4
E07000226,10/1/25,4.4
E07000226,11/1/25,4.4
E07000226,12/1/25,4.4
E07000226,1/1/26,4.5
E07000226,2/1/26,4.7
E07000227,1/1/18,0.7
E07000227,2/1/18,0.8
E07000227,3/1/18,0.8
E07000227,4/1/18,0.7
E07000227,5/1/18,0.7
E07000227,6/1/18,0.7
E07000227,7/1/18,0.7
E07000227,8/1/18,0.7
E07000227,9/1/18,0.8
E07000227,10/1/18,0.9
E07000227,11/1/18,0.9
E07000227,12/1/18,1
E07000227,1/1/19,1
E07000227,2/1/19,1.1
E07000227,3/1/19,1.1
E07000227,4/1/19,1.1
E07000227,5/1/19,1.1
E07000227,6/1/19,1.1
E07000227,7/1/19,1.1
E07000227,8/1/19,1.1
E07000227,9/1/19,1.2
E07000227,10/1/19,1.3
E07000227,11/1/19,1.3
E07000227,12/1/19,1.3
E07000227,1/1/20,1.3
E07000227,2/1/20,1.3
E07000227,3/1/20,1.3
E07000227,4/1/20,2.7
E07000227,5/1/20,4
E07000227,6/1/20,3.7
E07000227,7/1/20,4
E07000227,8/1/20,4.1
E07000227,9/1/20,4.2
E07000227,10/1/20,4
E07000227,11/1/20,3.9
E07000227,12/1/20,3.9
E07000227,1/1/21,3.8
E07000227,2/1/21,4
E07000227,3/1/21,3.9
E07000227,4/1/21,3.8
E07000227,5/1/21,3.4
E07000227,6/1/21,3
E07000227,7/1/21,3
E07000227,8/1/21,2.8
E07000227,9/1/21,2.6
E07000227,10/1/21,2.5
E07000227,11/1/21,2.4
E07000227,12/1/21,2.3
E07000227,1/1/22,2.2
E07000227,2/1/22,2.2
E07000227,3/1/22,2.1
E07000227,4/1/22,2
E07000227,5/1/22,1.9
E07000227,6/1/22,1.8
E07000227,7/1/22,1.9
E07000227,8/1/22,2
E07000227,9/1/22,2
E07000227,10/1/22,1.9
E07000227,11/1/22,1.9
E07000227,12/1/22,1.8
E07000227,1/1/23,1.8
E07000227,2/1/23,1.9
E07000227,3/1/23,1.8
E07000227,4/1/23,1.9
E07000227,5/1/23,1.8
E07000227,6/1/23,1.8
E07000227,7/1/23,1.8
E07000227,8/1/23,1.8
E07000227,9/1/23,1.8
E07000227,10/1/23,1.9
E07000227,11/1/23,1.9
E07000227,12/1/23,1.9
E07000227,1/1/24,1.9
E07000227,2/1/24,1.9
E07000227,3/1/24,1.8
E07000227,4/1/24,1.8
E07000227,5/1/24,1.8
E07000227,6/1/24,1.9
E07000227,7/1/24,2
E07000227,8/1/24,2
E07000227,9/1/24,2
E07000227,10/1/24,2
E07000227,11/1/24,2
E07000227,12/1/24,1.9
E07000227,1/1/25,1.9
E07000227,2/1/25,2
E07000227,3/1/25,2
E07000227,4/1/25,2
E07000227,5/1/25,1.9
E07000227,6/1/25,1.9
E07000227,7/1/25,1.9
E07000227,8/1/25,1.9
E07000227,9/1/25,2
E07000227,10/1/25,1.9
E07000227,11/1/25,1.9
E07000227,12/1/25,1.9
E07000227,1/1/26,2
E07000227,2/1/26,2.1
E07000228,1/1/18,0.5
E07000228,2/1/18,0.5
E07000228,3/1/18,0.5
E07000228,4/1/18,0.5
E07000228,5/1/18,0.4
E07000228,6/1/18,0.4
E07000228,7/1/18,0.4
E07000228,8/1/18,0.5
E07000228,9/1/18,0.6
E07000228,10/1/18,0.7
E07000228,11/1/18,0.7
E07000228,12/1/18,0.7
E07000228,1/1/19,0.8
E07000228,2/1/19,0.9
E07000228,3/1/19,0.9
E07000228,4/1/19,0.9
E07000228,5/1/19,0.9
E07000228,6/1/19,0.9
E07000228,7/1/19,0.9
E07000228,8/1/19,0.9
E07000228,9/1/19,0.9
E07000228,10/1/19,1
E07000228,11/1/19,1
E07000228,12/1/19,1
E07000228,1/1/20,1
E07000228,2/1/20,1.1
E07000228,3/1/20,1.1
E07000228,4/1/20,2.5
E07000228,5/1/20,3.8
E07000228,6/1/20,3.5
E07000228,7/1/20,3.5
E07000228,8/1/20,3.7
E07000228,9/1/20,3.7
E07000228,10/1/20,3.5
E07000228,11/1/20,3.5
E07000228,12/1/20,3.5
E07000228,1/1/21,3.4
E07000228,2/1/21,3.6
E07000228,3/1/21,3.6
E07000228,4/1/21,3.4
E07000228,5/1/21,3.1
E07000228,6/1/21,2.7
E07000228,7/1/21,2.6
E07000228,8/1/21,2.4
E07000228,9/1/21,2.2
E07000228,10/1/21,2.2
E07000228,11/1/21,2
E07000228,12/1/21,2
E07000228,1/1/22,1.9
E07000228,2/1/22,1.9
E07000228,3/1/22,1.8
E07000228,4/1/22,1.7
E07000228,5/1/22,1.7
E07000228,6/1/22,1.6
E07000228,7/1/22,1.6
E07000228,8/1/22,1.6
E07000228,9/1/22,1.6
E07000228,10/1/22,1.6
E07000228,11/1/22,1.5
E07000228,12/1/22,1.6
E07000228,1/1/23,1.5
E07000228,2/1/23,1.6
E07000228,3/1/23,1.6
E07000228,4/1/23,1.6
E07000228,5/1/23,1.6
E07000228,6/1/23,1.7
E07000228,7/1/23,1.7
E07000228,8/1/23,1.7
E07000228,9/1/23,1.7
E07000228,10/1/23,1.7
E07000228,11/1/23,1.7
E07000228,12/1/23,1.7
E07000228,1/1/24,1.8
E07000228,2/1/24,1.8
E07000228,3/1/24,1.8
E07000228,4/1/24,1.8
E07000228,5/1/24,1.7
E07000228,6/1/24,1.8
E07000228,7/1/24,1.9
E07000228,8/1/24,2
E07000228,9/1/24,2
E07000228,10/1/24,1.9
E07000228,11/1/24,1.9
E07000228,12/1/24,1.8
E07000228,1/1/25,1.8
E07000228,2/1/25,1.9
E07000228,3/1/25,1.9
E07000228,4/1/25,1.8
E07000228,5/1/25,1.8
E07000228,6/1/25,1.8
E07000228,7/1/25,1.9
E07000228,8/1/25,1.9
E07000228,9/1/25,1.9
E07000228,10/1/25,2
E07000228,11/1/25,1.9
E07000228,12/1/25,1.9
E07000228,1/1/26,2
E07000228,2/1/26,2.1
E07000229,1/1/18,1.4
E07000229,2/1/18,1.4
E07000229,3/1/18,1.5
E07000229,4/1/18,1.4
E07000229,5/1/18,1.3
E07000229,6/1/18,1.3
E07000229,7/1/18,1.3
E07000229,8/1/18,1.3
E07000229,9/1/18,1.3
E07000229,10/1/18,1.5
E07000229,11/1/18,1.6
E07000229,12/1/18,1.7
E07000229,1/1/19,1.8
E07000229,2/1/19,2
E07000229,3/1/19,2
E07000229,4/1/19,2
E07000229,5/1/19,2.1
E07000229,6/1/19,2.1
E07000229,7/1/19,2.1
E07000229,8/1/19,2.2
E07000229,9/1/19,2.2
E07000229,10/1/19,2.3
E07000229,11/1/19,2.3
E07000229,12/1/19,2.3
E07000229,1/1/20,2.4
E07000229,2/1/20,2.5
E07000229,3/1/20,2.5
E07000229,4/1/20,4.4
E07000229,5/1/20,6
E07000229,6/1/20,5.6
E07000229,7/1/20,5.7
E07000229,8/1/20,5.9
E07000229,9/1/20,5.9
E07000229,10/1/20,5.4
E07000229,11/1/20,5.5
E07000229,12/1/20,5.6
E07000229,1/1/21,5.6
E07000229,2/1/21,5.9
E07000229,3/1/21,5.9
E07000229,4/1/21,5.7
E07000229,5/1/21,5.3
E07000229,6/1/21,4.9
E07000229,7/1/21,4.8
E07000229,8/1/21,4.6
E07000229,9/1/21,4.3
E07000229,10/1/21,4.1
E07000229,11/1/21,4
E07000229,12/1/21,3.8
E07000229,1/1/22,3.7
E07000229,2/1/22,3.8
E07000229,3/1/22,3.4
E07000229,4/1/22,3.2
E07000229,5/1/22,3.1
E07000229,6/1/22,3
E07000229,7/1/22,3
E07000229,8/1/22,3
E07000229,9/1/22,2.9
E07000229,10/1/22,2.9
E07000229,11/1/22,3
E07000229,12/1/22,2.9
E07000229,1/1/23,2.9
E07000229,2/1/23,2.9
E07000229,3/1/23,2.9
E07000229,4/1/23,2.8
E07000229,5/1/23,2.8
E07000229,6/1/23,2.7
E07000229,7/1/23,2.7
E07000229,8/1/23,2.6
E07000229,9/1/23,2.7
E07000229,10/1/23,2.6
E07000229,11/1/23,2.7
E07000229,12/1/23,2.7
E07000229,1/1/24,2.7
E07000229,2/1/24,2.7
E07000229,3/1/24,2.7
E07000229,4/1/24,2.6
E07000229,5/1/24,2.6
E07000229,6/1/24,2.8
E07000229,7/1/24,2.9
E07000229,8/1/24,3
E07000229,9/1/24,3
E07000229,10/1/24,3
E07000229,11/1/24,2.9
E07000229,12/1/24,3
E07000229,1/1/25,3
E07000229,2/1/25,3.1
E07000229,3/1/25,3
E07000229,4/1/25,3
E07000229,5/1/25,3
E07000229,6/1/25,3.1
E07000229,7/1/25,3
E07000229,8/1/25,3.1
E07000229,9/1/25,3.1
E07000229,10/1/25,3.1
E07000229,11/1/25,3.1
E07000229,12/1/25,3.1
E07000229,1/1/26,3.2
E07000229,2/1/26,3.3
E07000234,1/1/18,1.2
E07000234,2/1/18,1.3
E07000234,3/1/18,1.3
E07000234,4/1/18,1.3
E07000234,5/1/18,1.3
E07000234,6/1/18,1.3
E07000234,7/1/18,1.3
E07000234,8/1/18,1.4
E07000234,9/1/18,1.3
E07000234,10/1/18,1.4
E07000234,11/1/18,1.4
E07000234,12/1/18,1.5
E07000234,1/1/19,1.6
E07000234,2/1/19,1.7
E07000234,3/1/19,1.7
E07000234,4/1/19,1.8
E07000234,5/1/19,1.7
E07000234,6/1/19,1.8
E07000234,7/1/19,1.8
E07000234,8/1/19,1.9
E07000234,9/1/19,1.9
E07000234,10/1/19,1.9
E07000234,11/1/19,2
E07000234,12/1/19,1.9
E07000234,1/1/20,1.9
E07000234,2/1/20,2
E07000234,3/1/20,2
E07000234,4/1/20,4
E07000234,5/1/20,4.7
E07000234,6/1/20,4.4
E07000234,7/1/20,4.6
E07000234,8/1/20,4.7
E07000234,9/1/20,4.6
E07000234,10/1/20,4.5
E07000234,11/1/20,4.6
E07000234,12/1/20,4.6
E07000234,1/1/21,4.5
E07000234,2/1/21,4.7
E07000234,3/1/21,4.5
E07000234,4/1/21,4.4
E07000234,5/1/21,4
E07000234,6/1/21,3.7
E07000234,7/1/21,3.7
E07000234,8/1/21,3.6
E07000234,9/1/21,3.5
E07000234,10/1/21,3.3
E07000234,11/1/21,3.2
E07000234,12/1/21,3.1
E07000234,1/1/22,3
E07000234,2/1/22,3.1
E07000234,3/1/22,3
E07000234,4/1/22,2.8
E07000234,5/1/22,2.6
E07000234,6/1/22,2.6
E07000234,7/1/22,2.7
E07000234,8/1/22,2.7
E07000234,9/1/22,2.5
E07000234,10/1/22,2.5
E07000234,11/1/22,2.6
E07000234,12/1/22,2.6
E07000234,1/1/23,2.5
E07000234,2/1/23,2.5
E07000234,3/1/23,2.5
E07000234,4/1/23,2.6
E07000234,5/1/23,2.4
E07000234,6/1/23,2.5
E07000234,7/1/23,2.5
E07000234,8/1/23,2.4
E07000234,9/1/23,2.4
E07000234,10/1/23,2.3
E07000234,11/1/23,2.4
E07000234,12/1/23,2.4
E07000234,1/1/24,2.4
E07000234,2/1/24,2.4
E07000234,3/1/24,2.4
E07000234,4/1/24,2.3
E07000234,5/1/24,2.4
E07000234,6/1/24,2.5
E07000234,7/1/24,2.7
E07000234,8/1/24,2.7
E07000234,9/1/24,2.7
E07000234,10/1/24,2.6
E07000234,11/1/24,2.7
E07000234,12/1/24,2.6
E07000234,1/1/25,2.6
E07000234,2/1/25,2.6
E07000234,3/1/25,2.6
E07000234,4/1/25,2.6
E07000234,5/1/25,2.5
E07000234,6/1/25,2.5
E07000234,7/1/25,2.5
E07000234,8/1/25,2.5
E07000234,9/1/25,2.5
E07000234,10/1/25,2.6
E07000234,11/1/25,2.6
E07000234,12/1/25,2.5
E07000234,1/1/26,2.6
E07000234,2/1/26,2.7
E07000235,1/1/18,1.2
E07000235,2/1/18,1.2
E07000235,3/1/18,1.2
E07000235,4/1/18,1.3
E07000235,5/1/18,1.2
E07000235,6/1/18,1.1
E07000235,7/1/18,1.1
E07000235,8/1/18,1.1
E07000235,9/1/18,1.1
E07000235,10/1/18,1.1
E07000235,11/1/18,1.1
E07000235,12/1/18,1.3
E07000235,1/1/19,1.3
E07000235,2/1/19,1.4
E07000235,3/1/19,1.6
E07000235,4/1/19,1.7
E07000235,5/1/19,1.7
E07000235,6/1/19,1.7
E07000235,7/1/19,1.7
E07000235,8/1/19,1.8
E07000235,9/1/19,1.8
E07000235,10/1/19,1.9
E07000235,11/1/19,1.9
E07000235,12/1/19,1.9
E07000235,1/1/20,1.9
E07000235,2/1/20,2
E07000235,3/1/20,2.1
E07000235,4/1/20,4
E07000235,5/1/20,4.9
E07000235,6/1/20,4.8
E07000235,7/1/20,4.9
E07000235,8/1/20,5.1
E07000235,9/1/20,4.9
E07000235,10/1/20,4.6
E07000235,11/1/20,4.6
E07000235,12/1/20,4.7
E07000235,1/1/21,4.4
E07000235,2/1/21,4.6
E07000235,3/1/21,4.6
E07000235,4/1/21,4.4
E07000235,5/1/21,4.2
E07000235,6/1/21,3.7
E07000235,7/1/21,3.6
E07000235,8/1/21,3.5
E07000235,9/1/21,3.4
E07000235,10/1/21,3.2
E07000235,11/1/21,3.2
E07000235,12/1/21,3.1
E07000235,1/1/22,2.9
E07000235,2/1/22,3
E07000235,3/1/22,2.8
E07000235,4/1/22,2.7
E07000235,5/1/22,2.6
E07000235,6/1/22,2.6
E07000235,7/1/22,2.6
E07000235,8/1/22,2.6
E07000235,9/1/22,2.5
E07000235,10/1/22,2.5
E07000235,11/1/22,2.6
E07000235,12/1/22,2.5
E07000235,1/1/23,2.4
E07000235,2/1/23,2.6
E07000235,3/1/23,2.6
E07000235,4/1/23,2.6
E07000235,5/1/23,2.5
E07000235,6/1/23,2.6
E07000235,7/1/23,2.5
E07000235,8/1/23,2.5
E07000235,9/1/23,2.4
E07000235,10/1/23,2.4
E07000235,11/1/23,2.5
E07000235,12/1/23,2.3
E07000235,1/1/24,2.3
E07000235,2/1/24,2.4
E07000235,3/1/24,2.3
E07000235,4/1/24,2.4
E07000235,5/1/24,2.3
E07000235,6/1/24,2.5
E07000235,7/1/24,2.7
E07000235,8/1/24,2.7
E07000235,9/1/24,2.6
E07000235,10/1/24,2.6
E07000235,11/1/24,2.5
E07000235,12/1/24,2.4
E07000235,1/1/25,2.5
E07000235,2/1/25,2.5
E07000235,3/1/25,2.4
E07000235,4/1/25,2.3
E07000235,5/1/25,2.3
E07000235,6/1/25,2.3
E07000235,7/1/25,2.2
E07000235,8/1/25,2.3
E07000235,9/1/25,2.2
E07000235,10/1/25,2.2
E07000235,11/1/25,2.2
E07000235,12/1/25,2.2
E07000235,1/1/26,2.3
E07000235,2/1/26,2.4
E07000236,1/1/18,1.8
E07000236,2/1/18,2
E07000236,3/1/18,2.2
E07000236,4/1/18,2.3
E07000236,5/1/18,2.2
E07000236,6/1/18,2.2
E07000236,7/1/18,2.4
E07000236,8/1/18,2.5
E07000236,9/1/18,2.6
E07000236,10/1/18,2.6
E07000236,11/1/18,2.5
E07000236,12/1/18,2.6
E07000236,1/1/19,2.7
E07000236,2/1/19,2.8
E07000236,3/1/19,2.8
E07000236,4/1/19,2.9
E07000236,5/1/19,2.9
E07000236,6/1/19,2.8
E07000236,7/1/19,2.8
E07000236,8/1/19,2.8
E07000236,9/1/19,2.8
E07000236,10/1/19,2.8
E07000236,11/1/19,2.7
E07000236,12/1/19,2.7
E07000236,1/1/20,2.8
E07000236,2/1/20,2.9
E07000236,3/1/20,2.9
E07000236,4/1/20,4.8
E07000236,5/1/20,6.4
E07000236,6/1/20,6
E07000236,7/1/20,6
E07000236,8/1/20,6.1
E07000236,9/1/20,6.1
E07000236,10/1/20,5.9
E07000236,11/1/20,6.1
E07000236,12/1/20,5.8
E07000236,1/1/21,5.7
E07000236,2/1/21,6.1
E07000236,3/1/21,6
E07000236,4/1/21,5.8
E07000236,5/1/21,5.4
E07000236,6/1/21,5
E07000236,7/1/21,5
E07000236,8/1/21,4.7
E07000236,9/1/21,4.5
E07000236,10/1/21,4.3
E07000236,11/1/21,4.2
E07000236,12/1/21,4.1
E07000236,1/1/22,4.1
E07000236,2/1/22,4.1
E07000236,3/1/22,4
E07000236,4/1/22,3.8
E07000236,5/1/22,3.8
E07000236,6/1/22,3.7
E07000236,7/1/22,3.7
E07000236,8/1/22,3.7
E07000236,9/1/22,3.7
E07000236,10/1/22,3.6
E07000236,11/1/22,3.7
E07000236,12/1/22,3.7
E07000236,1/1/23,3.7
E07000236,2/1/23,3.7
E07000236,3/1/23,3.8
E07000236,4/1/23,3.8
E07000236,5/1/23,3.7
E07000236,6/1/23,3.6
E07000236,7/1/23,3.7
E07000236,8/1/23,3.6
E07000236,9/1/23,3.5
E07000236,10/1/23,3.6
E07000236,11/1/23,3.6
E07000236,12/1/23,3.7
E07000236,1/1/24,3.7
E07000236,2/1/24,3.8
E07000236,3/1/24,3.8
E07000236,4/1/24,3.7
E07000236,5/1/24,3.8
E07000236,6/1/24,3.9
E07000236,7/1/24,4.1
E07000236,8/1/24,4
E07000236,9/1/24,3.9
E07000236,10/1/24,3.9
E07000236,11/1/24,4
E07000236,12/1/24,3.9
E07000236,1/1/25,3.9
E07000236,2/1/25,4.1
E07000236,3/1/25,4
E07000236,4/1/25,3.9
E07000236,5/1/25,3.8
E07000236,6/1/25,3.9
E07000236,7/1/25,3.9
E07000236,8/1/25,3.7
E07000236,9/1/25,3.7
E07000236,10/1/25,3.8
E07000236,11/1/25,3.7
E07000236,12/1/25,3.6
E07000236,1/1/26,3.7
E07000236,2/1/26,3.9
E07000237,1/1/18,1.5
E07000237,2/1/18,1.6
E07000237,3/1/18,1.6
E07000237,4/1/18,1.7
E07000237,5/1/18,1.7
E07000237,6/1/18,1.6
E07000237,7/1/18,1.6
E07000237,8/1/18,1.6
E07000237,9/1/18,1.7
E07000237,10/1/18,1.6
E07000237,11/1/18,1.5
E07000237,12/1/18,1.6
E07000237,1/1/19,1.8
E07000237,2/1/19,1.9
E07000237,3/1/19,2.1
E07000237,4/1/19,2.2
E07000237,5/1/19,2.3
E07000237,6/1/19,2.4
E07000237,7/1/19,2.4
E07000237,8/1/19,2.4
E07000237,9/1/19,2.4
E07000237,10/1/19,2.5
E07000237,11/1/19,2.5
E07000237,12/1/19,2.4
E07000237,1/1/20,2.5
E07000237,2/1/20,2.6
E07000237,3/1/20,2.6
E07000237,4/1/20,4.6
E07000237,5/1/20,5.7
E07000237,6/1/20,5.5
E07000237,7/1/20,5.6
E07000237,8/1/20,5.7
E07000237,9/1/20,5.6
E07000237,10/1/20,5.4
E07000237,11/1/20,5.4
E07000237,12/1/20,5.3
E07000237,1/1/21,5.2
E07000237,2/1/21,5.6
E07000237,3/1/21,5.6
E07000237,4/1/21,5.5
E07000237,5/1/21,5.1
E07000237,6/1/21,4.8
E07000237,7/1/21,4.6
E07000237,8/1/21,4.4
E07000237,9/1/21,4.1
E07000237,10/1/21,4.1
E07000237,11/1/21,3.9
E07000237,12/1/21,3.8
E07000237,1/1/22,3.7
E07000237,2/1/22,3.9
E07000237,3/1/22,3.9
E07000237,4/1/22,3.7
E07000237,5/1/22,3.6
E07000237,6/1/22,3.5
E07000237,7/1/22,3.4
E07000237,8/1/22,3.4
E07000237,9/1/22,3.4
E07000237,10/1/22,3.4
E07000237,11/1/22,3.5
E07000237,12/1/22,3.5
E07000237,1/1/23,3.4
E07000237,2/1/23,3.5
E07000237,3/1/23,3.6
E07000237,4/1/23,3.6
E07000237,5/1/23,3.4
E07000237,6/1/23,3.5
E07000237,7/1/23,3.5
E07000237,8/1/23,3.4
E07000237,9/1/23,3.4
E07000237,10/1/23,3.3
E07000237,11/1/23,3.4
E07000237,12/1/23,3.3
E07000237,1/1/24,3.3
E07000237,2/1/24,3.4
E07000237,3/1/24,3.5
E07000237,4/1/24,3.5
E07000237,5/1/24,3.6
E07000237,6/1/24,3.7
E07000237,7/1/24,4
E07000237,8/1/24,4
E07000237,9/1/24,4
E07000237,10/1/24,4
E07000237,11/1/24,3.8
E07000237,12/1/24,3.6
E07000237,1/1/25,3.6
E07000237,2/1/25,3.6
E07000237,3/1/25,3.6
E07000237,4/1/25,3.6
E07000237,5/1/25,3.5
E07000237,6/1/25,3.4
E07000237,7/1/25,3.4
E07000237,8/1/25,3.4
E07000237,9/1/25,3.4
E07000237,10/1/25,3.4
E07000237,11/1/25,3.3
E07000237,12/1/25,3.2
E07000237,1/1/26,3.3
E07000237,2/1/26,3.5
E07000238,1/1/18,1
E07000238,2/1/18,1
E07000238,3/1/18,1
E07000238,4/1/18,1.1
E07000238,5/1/18,1.1
E07000238,6/1/18,1.1
E07000238,7/1/18,1
E07000238,8/1/18,1
E07000238,9/1/18,1
E07000238,10/1/18,1.1
E07000238,11/1/18,1
E07000238,12/1/18,1
E07000238,1/1/19,1.1
E07000238,2/1/19,1.2
E07000238,3/1/19,1.3
E07000238,4/1/19,1.4
E07000238,5/1/19,1.4
E07000238,6/1/19,1.5
E07000238,7/1/19,1.5
E07000238,8/1/19,1.5
E07000238,9/1/19,1.5
E07000238,10/1/19,1.6
E07000238,11/1/19,1.6
E07000238,12/1/19,1.6
E07000238,1/1/20,1.7
E07000238,2/1/20,1.7
E07000238,3/1/20,1.7
E07000238,4/1/20,3.9
E07000238,5/1/20,4.8
E07000238,6/1/20,4.4
E07000238,7/1/20,4.6
E07000238,8/1/20,4.6
E07000238,9/1/20,4.6
E07000238,10/1/20,4.3
E07000238,11/1/20,4.4
E07000238,12/1/20,4.3
E07000238,1/1/21,4.1
E07000238,2/1/21,4.3
E07000238,3/1/21,4.3
E07000238,4/1/21,4.1
E07000238,5/1/21,3.8
E07000238,6/1/21,3.5
E07000238,7/1/21,3.5
E07000238,8/1/21,3.3
E07000238,9/1/21,3.2
E07000238,10/1/21,3.1
E07000238,11/1/21,3
E07000238,12/1/21,2.9
E07000238,1/1/22,2.9
E07000238,2/1/22,3
E07000238,3/1/22,2.9
E07000238,4/1/22,2.7
E07000238,5/1/22,2.6
E07000238,6/1/22,2.7
E07000238,7/1/22,2.6
E07000238,8/1/22,2.6
E07000238,9/1/22,2.6
E07000238,10/1/22,2.6
E07000238,11/1/22,2.7
E07000238,12/1/22,2.8
E07000238,1/1/23,2.6
E07000238,2/1/23,2.6
E07000238,3/1/23,2.6
E07000238,4/1/23,2.6
E07000238,5/1/23,2.5
E07000238,6/1/23,2.6
E07000238,7/1/23,2.6
E07000238,8/1/23,2.5
E07000238,9/1/23,2.4
E07000238,10/1/23,2.5
E07000238,11/1/23,2.6
E07000238,12/1/23,2.7
E07000238,1/1/24,2.7
E07000238,2/1/24,2.7
E07000238,3/1/24,2.7
E07000238,4/1/24,2.6
E07000238,5/1/24,2.7
E07000238,6/1/24,2.8
E07000238,7/1/24,2.9
E07000238,8/1/24,2.9
E07000238,9/1/24,2.9
E07000238,10/1/24,2.9
E07000238,11/1/24,2.8
E07000238,12/1/24,2.7
E07000238,1/1/25,2.7
E07000238,2/1/25,2.8
E07000238,3/1/25,2.7
E07000238,4/1/25,2.7
E07000238,5/1/25,2.6
E07000238,6/1/25,2.6
E07000238,7/1/25,2.6
E07000238,8/1/25,2.5
E07000238,9/1/25,2.5
E07000238,10/1/25,2.5
E07000238,11/1/25,2.5
E07000238,12/1/25,2.5
E07000238,1/1/26,2.6
E07000238,2/1/26,2.7
E07000239,1/1/18,1.5
E07000239,2/1/18,1.6
E07000239,3/1/18,1.6
E07000239,4/1/18,1.7
E07000239,5/1/18,1.7
E07000239,6/1/18,1.6
E07000239,7/1/18,1.7
E07000239,8/1/18,1.6
E07000239,9/1/18,1.5
E07000239,10/1/18,1.6
E07000239,11/1/18,1.5
E07000239,12/1/18,1.6
E07000239,1/1/19,1.7
E07000239,2/1/19,1.9
E07000239,3/1/19,2
E07000239,4/1/19,2.1
E07000239,5/1/19,2.2
E07000239,6/1/19,2.3
E07000239,7/1/19,2.5
E07000239,8/1/19,2.5
E07000239,9/1/19,2.5
E07000239,10/1/19,2.6
E07000239,11/1/19,2.6
E07000239,12/1/19,2.6
E07000239,1/1/20,2.6
E07000239,2/1/20,2.7
E07000239,3/1/20,2.7
E07000239,4/1/20,5.1
E07000239,5/1/20,6.3
E07000239,6/1/20,6
E07000239,7/1/20,6.1
E07000239,8/1/20,6.2
E07000239,9/1/20,6.2
E07000239,10/1/20,5.8
E07000239,11/1/20,6
E07000239,12/1/20,5.9
E07000239,1/1/21,5.8
E07000239,2/1/21,6
E07000239,3/1/21,5.9
E07000239,4/1/21,5.6
E07000239,5/1/21,5.2
E07000239,6/1/21,4.8
E07000239,7/1/21,4.7
E07000239,8/1/21,4.5
E07000239,9/1/21,4.3
E07000239,10/1/21,4.1
E07000239,11/1/21,3.9
E07000239,12/1/21,3.7
E07000239,1/1/22,3.7
E07000239,2/1/22,3.8
E07000239,3/1/22,3.7
E07000239,4/1/22,3.4
E07000239,5/1/22,3.2
E07000239,6/1/22,3.2
E07000239,7/1/22,3.2
E07000239,8/1/22,3.2
E07000239,9/1/22,3.2
E07000239,10/1/22,3.2
E07000239,11/1/22,3.2
E07000239,12/1/22,3.2
E07000239,1/1/23,3.2
E07000239,2/1/23,3.2
E07000239,3/1/23,3.2
E07000239,4/1/23,3.2
E07000239,5/1/23,3
E07000239,6/1/23,3
E07000239,7/1/23,3
E07000239,8/1/23,3
E07000239,9/1/23,3
E07000239,10/1/23,2.9
E07000239,11/1/23,3
E07000239,12/1/23,3
E07000239,1/1/24,3
E07000239,2/1/24,3.1
E07000239,3/1/24,3.1
E07000239,4/1/24,3
E07000239,5/1/24,3
E07000239,6/1/24,3.1
E07000239,7/1/24,3.3
E07000239,8/1/24,3.4
E07000239,9/1/24,3.4
E07000239,10/1/24,3.4
E07000239,11/1/24,3.2
E07000239,12/1/24,3.2
E07000239,1/1/25,3.2
E07000239,2/1/25,3.4
E07000239,3/1/25,3.3
E07000239,4/1/25,3.2
E07000239,5/1/25,3.1
E07000239,6/1/25,3
E07000239,7/1/25,3.1
E07000239,8/1/25,3.1
E07000239,9/1/25,3.2
E07000239,10/1/25,3
E07000239,11/1/25,3.1
E07000239,12/1/25,3
E07000239,1/1/26,3.1
E07000239,2/1/26,3.2
E07000240,1/1/18,0.9
E07000240,2/1/18,1
E07000240,3/1/18,1.1
E07000240,4/1/18,1.2
E07000240,5/1/18,1.2
E07000240,6/1/18,1.2
E07000240,7/1/18,1.2
E07000240,8/1/18,1.3
E07000240,9/1/18,1.3
E07000240,10/1/18,1.4
E07000240,11/1/18,1.3
E07000240,12/1/18,1.2
E07000240,1/1/19,1.3
E07000240,2/1/19,1.4
E07000240,3/1/19,1.3
E07000240,4/1/19,1.3
E07000240,5/1/19,1.4
E07000240,6/1/19,1.4
E07000240,7/1/19,1.4
E07000240,8/1/19,1.5
E07000240,9/1/19,1.5
E07000240,10/1/19,1.5
E07000240,11/1/19,1.5
E07000240,12/1/19,1.5
E07000240,1/1/20,1.5
E07000240,2/1/20,1.6
E07000240,3/1/20,1.6
E07000240,4/1/20,2.7
E07000240,5/1/20,4.1
E07000240,6/1/20,4
E07000240,7/1/20,4
E07000240,8/1/20,4.1
E07000240,9/1/20,4.1
E07000240,10/1/20,3.9
E07000240,11/1/20,3.9
E07000240,12/1/20,3.8
E07000240,1/1/21,3.7
E07000240,2/1/21,3.9
E07000240,3/1/21,3.8
E07000240,4/1/21,3.8
E07000240,5/1/21,3.5
E07000240,6/1/21,3.2
E07000240,7/1/21,3.1
E07000240,8/1/21,3
E07000240,9/1/21,2.9
E07000240,10/1/21,2.8
E07000240,11/1/21,2.6
E07000240,12/1/21,2.5
E07000240,1/1/22,2.4
E07000240,2/1/22,2.3
E07000240,3/1/22,2.2
E07000240,4/1/22,2.1
E07000240,5/1/22,2.1
E07000240,6/1/22,2
E07000240,7/1/22,2
E07000240,8/1/22,2
E07000240,9/1/22,2
E07000240,10/1/22,2
E07000240,11/1/22,2.1
E07000240,12/1/22,2.1
E07000240,1/1/23,1.9
E07000240,2/1/23,2
E07000240,3/1/23,2
E07000240,4/1/23,2
E07000240,5/1/23,1.9
E07000240,6/1/23,1.9
E07000240,7/1/23,2
E07000240,8/1/23,2
E07000240,9/1/23,2.1
E07000240,10/1/23,2.1
E07000240,11/1/23,2.1
E07000240,12/1/23,2.1
E07000240,1/1/24,2
E07000240,2/1/24,2.1
E07000240,3/1/24,2.1
E07000240,4/1/24,2.1
E07000240,5/1/24,2.1
E07000240,6/1/24,2.3
E07000240,7/1/24,2.5
E07000240,8/1/24,2.6
E07000240,9/1/24,2.6
E07000240,10/1/24,2.6
E07000240,11/1/24,2.4
E07000240,12/1/24,2.4
E07000240,1/1/25,2.3
E07000240,2/1/25,2.4
E07000240,3/1/25,2.4
E07000240,4/1/25,2.4
E07000240,5/1/25,2.4
E07000240,6/1/25,2.3
E07000240,7/1/25,2.3
E07000240,8/1/25,2.3
E07000240,9/1/25,2.3
E07000240,10/1/25,2.4
E07000240,11/1/25,2.3
E07000240,12/1/25,2.3
E07000240,1/1/26,2.3
E07000240,2/1/26,2.4
E07000241,1/1/18,1.2
E07000241,2/1/18,1.3
E07000241,3/1/18,1.4
E07000241,4/1/18,1.6
E07000241,5/1/18,1.5
E07000241,6/1/18,1.5
E07000241,7/1/18,1.6
E07000241,8/1/18,1.6
E07000241,9/1/18,1.7
E07000241,10/1/18,1.7
E07000241,11/1/18,1.7
E07000241,12/1/18,1.7
E07000241,1/1/19,1.7
E07000241,2/1/19,1.8
E07000241,3/1/19,1.8
E07000241,4/1/19,1.8
E07000241,5/1/19,1.8
E07000241,6/1/19,1.8
E07000241,7/1/19,1.8
E07000241,8/1/19,1.9
E07000241,9/1/19,1.8
E07000241,10/1/19,1.9
E07000241,11/1/19,1.9
E07000241,12/1/19,2
E07000241,1/1/20,1.9
E07000241,2/1/20,2
E07000241,3/1/20,2
E07000241,4/1/20,3.5
E07000241,5/1/20,4.7
E07000241,6/1/20,4.5
E07000241,7/1/20,4.6
E07000241,8/1/20,4.7
E07000241,9/1/20,4.8
E07000241,10/1/20,4.6
E07000241,11/1/20,4.8
E07000241,12/1/20,4.6
E07000241,1/1/21,4.6
E07000241,2/1/21,4.9
E07000241,3/1/21,4.8
E07000241,4/1/21,4.9
E07000241,5/1/21,4.6
E07000241,6/1/21,4.2
E07000241,7/1/21,4.1
E07000241,8/1/21,3.9
E07000241,9/1/21,3.7
E07000241,10/1/21,3.6
E07000241,11/1/21,3.4
E07000241,12/1/21,3.3
E07000241,1/1/22,3.2
E07000241,2/1/22,3
E07000241,3/1/22,2.9
E07000241,4/1/22,2.6
E07000241,5/1/22,2.5
E07000241,6/1/22,2.5
E07000241,7/1/22,2.3
E07000241,8/1/22,2.4
E07000241,9/1/22,2.3
E07000241,10/1/22,2.3
E07000241,11/1/22,2.4
E07000241,12/1/22,2.4
E07000241,1/1/23,2.4
E07000241,2/1/23,2.5
E07000241,3/1/23,2.4
E07000241,4/1/23,2.4
E07000241,5/1/23,2.4
E07000241,6/1/23,2.4
E07000241,7/1/23,2.4
E07000241,8/1/23,2.4
E07000241,9/1/23,2.4
E07000241,10/1/23,2.4
E07000241,11/1/23,2.5
E07000241,12/1/23,2.5
E07000241,1/1/24,2.5
E07000241,2/1/24,2.6
E07000241,3/1/24,2.6
E07000241,4/1/24,2.6
E07000241,5/1/24,2.6
E07000241,6/1/24,2.7
E07000241,7/1/24,3
E07000241,8/1/24,3
E07000241,9/1/24,3
E07000241,10/1/24,3
E07000241,11/1/24,3
E07000241,12/1/24,3
E07000241,1/1/25,3
E07000241,2/1/25,3.1
E07000241,3/1/25,3
E07000241,4/1/25,3
E07000241,5/1/25,3
E07000241,6/1/25,3.1
E07000241,7/1/25,3
E07000241,8/1/25,3
E07000241,9/1/25,3
E07000241,10/1/25,3
E07000241,11/1/25,2.9
E07000241,12/1/25,2.9
E07000241,1/1/26,2.9
E07000241,2/1/26,3
E07000242,1/1/18,0.7
E07000242,2/1/18,0.7
E07000242,3/1/18,0.7
E07000242,4/1/18,0.7
E07000242,5/1/18,0.7
E07000242,6/1/18,0.6
E07000242,7/1/18,0.6
E07000242,8/1/18,0.6
E07000242,9/1/18,0.6
E07000242,10/1/18,0.6
E07000242,11/1/18,0.6
E07000242,12/1/18,0.7
E07000242,1/1/19,0.8
E07000242,2/1/19,0.9
E07000242,3/1/19,1
E07000242,4/1/19,1
E07000242,5/1/19,1
E07000242,6/1/19,1.1
E07000242,7/1/19,1.1
E07000242,8/1/19,1.1
E07000242,9/1/19,1.1
E07000242,10/1/19,1.2
E07000242,11/1/19,1.2
E07000242,12/1/19,1.2
E07000242,1/1/20,1.2
E07000242,2/1/20,1.2
E07000242,3/1/20,1.2
E07000242,4/1/20,2.7
E07000242,5/1/20,4.3
E07000242,6/1/20,3.9
E07000242,7/1/20,4
E07000242,8/1/20,4.2
E07000242,9/1/20,4.1
E07000242,10/1/20,3.8
E07000242,11/1/20,4
E07000242,12/1/20,4
E07000242,1/1/21,3.9
E07000242,2/1/21,4.1
E07000242,3/1/21,4
E07000242,4/1/21,4
E07000242,5/1/21,3.6
E07000242,6/1/21,3.3
E07000242,7/1/21,3.2
E07000242,8/1/21,2.9
E07000242,9/1/21,2.7
E07000242,10/1/21,2.6
E07000242,11/1/21,2.5
E07000242,12/1/21,2.3
E07000242,1/1/22,2.2
E07000242,2/1/22,2.2
E07000242,3/1/22,2.1
E07000242,4/1/22,2
E07000242,5/1/22,1.9
E07000242,6/1/22,1.8
E07000242,7/1/22,1.8
E07000242,8/1/22,1.8
E07000242,9/1/22,1.8
E07000242,10/1/22,1.8
E07000242,11/1/22,1.8
E07000242,12/1/22,1.8
E07000242,1/1/23,1.7
E07000242,2/1/23,1.8
E07000242,3/1/23,1.8
E07000242,4/1/23,1.8
E07000242,5/1/23,1.7
E07000242,6/1/23,1.8
E07000242,7/1/23,1.8
E07000242,8/1/23,1.7
E07000242,9/1/23,1.8
E07000242,10/1/23,1.9
E07000242,11/1/23,1.9
E07000242,12/1/23,1.9
E07000242,1/1/24,1.9
E07000242,2/1/24,2
E07000242,3/1/24,1.9
E07000242,4/1/24,1.9
E07000242,5/1/24,1.9
E07000242,6/1/24,1.9
E07000242,7/1/24,2.1
E07000242,8/1/24,2
E07000242,9/1/24,2
E07000242,10/1/24,1.9
E07000242,11/1/24,1.9
E07000242,12/1/24,1.8
E07000242,1/1/25,1.8
E07000242,2/1/25,1.9
E07000242,3/1/25,1.9
E07000242,4/1/25,1.9
E07000242,5/1/25,1.9
E07000242,6/1/25,1.9
E07000242,7/1/25,1.8
E07000242,8/1/25,1.9
E07000242,9/1/25,2
E07000242,10/1/25,1.9
E07000242,11/1/25,1.8
E07000242,12/1/25,1.8
E07000242,1/1/26,1.9
E07000242,2/1/26,2
E07000243,1/1/18,1.6
E07000243,2/1/18,1.6
E07000243,3/1/18,1.6
E07000243,4/1/18,1.5
E07000243,5/1/18,1.6
E07000243,6/1/18,1.5
E07000243,7/1/18,1.5
E07000243,8/1/18,1.5
E07000243,9/1/18,1.5
E07000243,10/1/18,1.4
E07000243,11/1/18,1.4
E07000243,12/1/18,1.5
E07000243,1/1/19,1.7
E07000243,2/1/19,1.9
E07000243,3/1/19,1.9
E07000243,4/1/19,2
E07000243,5/1/19,2.1
E07000243,6/1/19,2.2
E07000243,7/1/19,2.3
E07000243,8/1/19,2.2
E07000243,9/1/19,2.2
E07000243,10/1/19,2.3
E07000243,11/1/19,2.2
E07000243,12/1/19,2.3
E07000243,1/1/20,2.4
E07000243,2/1/20,2.5
E07000243,3/1/20,2.5
E07000243,4/1/20,4.5
E07000243,5/1/20,6.2
E07000243,6/1/20,5.7
E07000243,7/1/20,5.8
E07000243,8/1/20,5.9
E07000243,9/1/20,5.9
E07000243,10/1/20,5.6
E07000243,11/1/20,5.6
E07000243,12/1/20,5.5
E07000243,1/1/21,5.5
E07000243,2/1/21,6
E07000243,3/1/21,6
E07000243,4/1/21,5.9
E07000243,5/1/21,5.6
E07000243,6/1/21,5.2
E07000243,7/1/21,5.2
E07000243,8/1/21,5
E07000243,9/1/21,4.7
E07000243,10/1/21,4.5
E07000243,11/1/21,4.2
E07000243,12/1/21,4.1
E07000243,1/1/22,3.9
E07000243,2/1/22,3.8
E07000243,3/1/22,3.6
E07000243,4/1/22,3.3
E07000243,5/1/22,3.1
E07000243,6/1/22,3
E07000243,7/1/22,2.9
E07000243,8/1/22,2.8
E07000243,9/1/22,2.8
E07000243,10/1/22,2.8
E07000243,11/1/22,2.9
E07000243,12/1/22,3
E07000243,1/1/23,3
E07000243,2/1/23,3
E07000243,3/1/23,3
E07000243,4/1/23,3.1
E07000243,5/1/23,3
E07000243,6/1/23,3.1
E07000243,7/1/23,3.1
E07000243,8/1/23,3
E07000243,9/1/23,2.9
E07000243,10/1/23,3
E07000243,11/1/23,3
E07000243,12/1/23,3
E07000243,1/1/24,3
E07000243,2/1/24,3.1
E07000243,3/1/24,3.1
E07000243,4/1/24,3.2
E07000243,5/1/24,3.1
E07000243,6/1/24,3.3
E07000243,7/1/24,3.5
E07000243,8/1/24,3.5
E07000243,9/1/24,3.5
E07000243,10/1/24,3.5
E07000243,11/1/24,3.5
E07000243,12/1/24,3.4
E07000243,1/1/25,3.5
E07000243,2/1/25,3.6
E07000243,3/1/25,3.6
E07000243,4/1/25,3.5
E07000243,5/1/25,3.5
E07000243,6/1/25,3.5
E07000243,7/1/25,3.5
E07000243,8/1/25,3.4
E07000243,9/1/25,3.4
E07000243,10/1/25,3.4
E07000243,11/1/25,3.3
E07000243,12/1/25,3.3
E07000243,1/1/26,3.3
E07000243,2/1/26,3.5
E07000244,1/1/18,2.1
E07000244,2/1/18,2.2
E07000244,3/1/18,2.2
E07000244,4/1/18,2.3
E07000244,5/1/18,2.2
E07000244,6/1/18,2.1
E07000244,7/1/18,2.1
E07000244,8/1/18,2.1
E07000244,9/1/18,2.1
E07000244,10/1/18,2.2
E07000244,11/1/18,2.2
E07000244,12/1/18,2.2
E07000244,1/1/19,2.3
E07000244,2/1/19,2.5
E07000244,3/1/19,2.4
E07000244,4/1/19,2.4
E07000244,5/1/19,2.4
E07000244,6/1/19,2.4
E07000244,7/1/19,2.4
E07000244,8/1/19,2.4
E07000244,9/1/19,2.4
E07000244,10/1/19,2.5
E07000244,11/1/19,2.6
E07000244,12/1/19,2.6
E07000244,1/1/20,2.7
E07000244,2/1/20,2.8
E07000244,3/1/20,2.7
E07000244,4/1/20,4.6
E07000244,5/1/20,5.3
E07000244,6/1/20,5
E07000244,7/1/20,5.1
E07000244,8/1/20,5.2
E07000244,9/1/20,5.1
E07000244,10/1/20,4.9
E07000244,11/1/20,5.1
E07000244,12/1/20,5
E07000244,1/1/21,5
E07000244,2/1/21,5.2
E07000244,3/1/21,5.2
E07000244,4/1/21,5.1
E07000244,5/1/21,4.7
E07000244,6/1/21,4.3
E07000244,7/1/21,4.1
E07000244,8/1/21,3.9
E07000244,9/1/21,3.7
E07000244,10/1/21,3.6
E07000244,11/1/21,3.5
E07000244,12/1/21,3.4
E07000244,1/1/22,3.4
E07000244,2/1/22,3.4
E07000244,3/1/22,3.3
E07000244,4/1/22,3.1
E07000244,5/1/22,2.9
E07000244,6/1/22,2.8
E07000244,7/1/22,2.7
E07000244,8/1/22,2.6
E07000244,9/1/22,2.6
E07000244,10/1/22,2.6
E07000244,11/1/22,2.7
E07000244,12/1/22,2.7
E07000244,1/1/23,2.6
E07000244,2/1/23,2.7
E07000244,3/1/23,2.7
E07000244,4/1/23,2.7
E07000244,5/1/23,2.6
E07000244,6/1/23,2.5
E07000244,7/1/23,2.5
E07000244,8/1/23,2.5
E07000244,9/1/23,2.5
E07000244,10/1/23,2.5
E07000244,11/1/23,2.6
E07000244,12/1/23,2.6
E07000244,1/1/24,2.6
E07000244,2/1/24,2.8
E07000244,3/1/24,2.7
E07000244,4/1/24,2.6
E07000244,5/1/24,2.6
E07000244,6/1/24,2.6
E07000244,7/1/24,2.8
E07000244,8/1/24,2.7
E07000244,9/1/24,2.7
E07000244,10/1/24,2.7
E07000244,11/1/24,2.7
E07000244,12/1/24,2.8
E07000244,1/1/25,2.8
E07000244,2/1/25,2.9
E07000244,3/1/25,2.8
E07000244,4/1/25,2.8
E07000244,5/1/25,2.7
E07000244,6/1/25,2.7
E07000244,7/1/25,2.7
E07000244,8/1/25,2.7
E07000244,9/1/25,2.7
E07000244,10/1/25,2.7
E07000244,11/1/25,2.8
E07000244,12/1/25,2.8
E07000244,1/1/26,2.9
E07000244,2/1/26,3
E07000245,1/1/18,1.1
E07000245,2/1/18,1.2
E07000245,3/1/18,1.3
E07000245,4/1/18,1.4
E07000245,5/1/18,1.4
E07000245,6/1/18,1.3
E07000245,7/1/18,1.3
E07000245,8/1/18,1.3
E07000245,9/1/18,1.3
E07000245,10/1/18,1.3
E07000245,11/1/18,1.3
E07000245,12/1/18,1.4
E07000245,1/1/19,1.4
E07000245,2/1/19,1.5
E07000245,3/1/19,1.6
E07000245,4/1/19,1.6
E07000245,5/1/19,1.6
E07000245,6/1/19,1.7
E07000245,7/1/19,1.7
E07000245,8/1/19,1.7
E07000245,9/1/19,1.7
E07000245,10/1/19,1.7
E07000245,11/1/19,1.7
E07000245,12/1/19,1.8
E07000245,1/1/20,1.8
E07000245,2/1/20,1.9
E07000245,3/1/20,1.9
E07000245,4/1/20,3.5
E07000245,5/1/20,4.3
E07000245,6/1/20,4.1
E07000245,7/1/20,4.1
E07000245,8/1/20,4.3
E07000245,9/1/20,4.3
E07000245,10/1/20,4.1
E07000245,11/1/20,4.1
E07000245,12/1/20,4.1
E07000245,1/1/21,3.9
E07000245,2/1/21,4.2
E07000245,3/1/21,4.1
E07000245,4/1/21,4
E07000245,5/1/21,3.8
E07000245,6/1/21,3.5
E07000245,7/1/21,3.3
E07000245,8/1/21,3.2
E07000245,9/1/21,3
E07000245,10/1/21,2.8
E07000245,11/1/21,2.6
E07000245,12/1/21,2.5
E07000245,1/1/22,2.4
E07000245,2/1/22,2.5
E07000245,3/1/22,2.4
E07000245,4/1/22,2.3
E07000245,5/1/22,2.2
E07000245,6/1/22,2.2
E07000245,7/1/22,2.2
E07000245,8/1/22,2.1
E07000245,9/1/22,2.1
E07000245,10/1/22,2.1
E07000245,11/1/22,2
E07000245,12/1/22,2.1
E07000245,1/1/23,2
E07000245,2/1/23,2.1
E07000245,3/1/23,2.1
E07000245,4/1/23,2.1
E07000245,5/1/23,2.1
E07000245,6/1/23,2.2
E07000245,7/1/23,2.1
E07000245,8/1/23,2.1
E07000245,9/1/23,2.1
E07000245,10/1/23,2.1
E07000245,11/1/23,2.1
E07000245,12/1/23,2.2
E07000245,1/1/24,2.2
E07000245,2/1/24,2.3
E07000245,3/1/24,2.3
E07000245,4/1/24,2.3
E07000245,5/1/24,2.2
E07000245,6/1/24,2.2
E07000245,7/1/24,2.5
E07000245,8/1/24,2.5
E07000245,9/1/24,2.4
E07000245,10/1/24,2.4
E07000245,11/1/24,2.4
E07000245,12/1/24,2.3
E07000245,1/1/25,2.4
E07000245,2/1/25,2.4
E07000245,3/1/25,2.4
E07000245,4/1/25,2.4
E07000245,5/1/25,2.3
E07000245,6/1/25,2.4
E07000245,7/1/25,2.3
E07000245,8/1/25,2.4
E07000245,9/1/25,2.4
E07000245,10/1/25,2.4
E07000245,11/1/25,2.4
E07000245,12/1/25,2.4
E07000245,1/1/26,2.5
E07000245,2/1/26,2.6
E08000001,1/1/18,3.1
E08000001,2/1/18,3.2
E08000001,3/1/18,3.3
E08000001,4/1/18,3.4
E08000001,5/1/18,3.4
E08000001,6/1/18,3.3
E08000001,7/1/18,3.2
E08000001,8/1/18,3.2
E08000001,9/1/18,3.1
E08000001,10/1/18,3
E08000001,11/1/18,2.9
E08000001,12/1/18,3
E08000001,1/1/19,3.1
E08000001,2/1/19,3.5
E08000001,3/1/19,3.7
E08000001,4/1/19,3.8
E08000001,5/1/19,3.9
E08000001,6/1/19,4
E08000001,7/1/19,4.1
E08000001,8/1/19,4.2
E08000001,9/1/19,4.2
E08000001,10/1/19,4.3
E08000001,11/1/19,4.3
E08000001,12/1/19,4.3
E08000001,1/1/20,4.4
E08000001,2/1/20,4.6
E08000001,3/1/20,4.7
E08000001,4/1/20,7.1
E08000001,5/1/20,8.3
E08000001,6/1/20,8.1
E08000001,7/1/20,8.2
E08000001,8/1/20,8.4
E08000001,9/1/20,8.3
E08000001,10/1/20,8.2
E08000001,11/1/20,8.3
E08000001,12/1/20,8.2
E08000001,1/1/21,8
E08000001,2/1/21,8.3
E08000001,3/1/21,8.3
E08000001,4/1/21,8.2
E08000001,5/1/21,7.8
E08000001,6/1/21,7.5
E08000001,7/1/21,7.3
E08000001,8/1/21,7.1
E08000001,9/1/21,6.8
E08000001,10/1/21,6.6
E08000001,11/1/21,6.3
E08000001,12/1/21,6.1
E08000001,1/1/22,5.9
E08000001,2/1/22,5.9
E08000001,3/1/22,5.8
E08000001,4/1/22,5.7
E08000001,5/1/22,5.6
E08000001,6/1/22,5.5
E08000001,7/1/22,5.5
E08000001,8/1/22,5.4
E08000001,9/1/22,5.4
E08000001,10/1/22,5.3
E08000001,11/1/22,5.4
E08000001,12/1/22,5.4
E08000001,1/1/23,5.2
E08000001,2/1/23,5.3
E08000001,3/1/23,5.4
E08000001,4/1/23,5.5
E08000001,5/1/23,5.4
E08000001,6/1/23,5.4
E08000001,7/1/23,5.4
E08000001,8/1/23,5.2
E08000001,9/1/23,5.1
E08000001,10/1/23,5.1
E08000001,11/1/23,5.1
E08000001,12/1/23,5.2
E08000001,1/1/24,5.2
E08000001,2/1/24,5.4
E08000001,3/1/24,5.6
E08000001,4/1/24,5.6
E08000001,5/1/24,5.7
E08000001,6/1/24,5.8
E08000001,7/1/24,6.2
E08000001,8/1/24,6.1
E08000001,9/1/24,6
E08000001,10/1/24,6
E08000001,11/1/24,5.8
E08000001,12/1/24,5.7
E08000001,1/1/25,5.6
E08000001,2/1/25,5.7
E08000001,3/1/25,5.6
E08000001,4/1/25,5.5
E08000001,5/1/25,5.4
E08000001,6/1/25,5.4
E08000001,7/1/25,5.3
E08000001,8/1/25,5.2
E08000001,9/1/25,5.2
E08000001,10/1/25,5.1
E08000001,11/1/25,5.1
E08000001,12/1/25,5
E08000001,1/1/26,5
E08000001,2/1/26,5.3
E08000002,1/1/18,2.4
E08000002,2/1/18,2.5
E08000002,3/1/18,2.5
E08000002,4/1/18,2.5
E08000002,5/1/18,2.5
E08000002,6/1/18,2.4
E08000002,7/1/18,2.4
E08000002,8/1/18,2.3
E08000002,9/1/18,2.4
E08000002,10/1/18,2.5
E08000002,11/1/18,2.6
E08000002,12/1/18,2.7
E08000002,1/1/19,2.9
E08000002,2/1/19,3.1
E08000002,3/1/19,3.1
E08000002,4/1/19,3.1
E08000002,5/1/19,3.2
E08000002,6/1/19,3.2
E08000002,7/1/19,3.3
E08000002,8/1/19,3.3
E08000002,9/1/19,3.4
E08000002,10/1/19,3.4
E08000002,11/1/19,3.4
E08000002,12/1/19,3.4
E08000002,1/1/20,3.4
E08000002,2/1/20,3.6
E08000002,3/1/20,3.6
E08000002,4/1/20,6.2
E08000002,5/1/20,7.1
E08000002,6/1/20,6.9
E08000002,7/1/20,6.9
E08000002,8/1/20,7
E08000002,9/1/20,7
E08000002,10/1/20,6.7
E08000002,11/1/20,6.9
E08000002,12/1/20,6.7
E08000002,1/1/21,6.7
E08000002,2/1/21,6.9
E08000002,3/1/21,6.9
E08000002,4/1/21,6.7
E08000002,5/1/21,6.4
E08000002,6/1/21,6
E08000002,7/1/21,5.9
E08000002,8/1/21,5.7
E08000002,9/1/21,5.4
E08000002,10/1/21,5.2
E08000002,11/1/21,5
E08000002,12/1/21,4.9
E08000002,1/1/22,4.7
E08000002,2/1/22,4.7
E08000002,3/1/22,4.6
E08000002,4/1/22,4.5
E08000002,5/1/22,4.4
E08000002,6/1/22,4.3
E08000002,7/1/22,4.3
E08000002,8/1/22,4.2
E08000002,9/1/22,4.2
E08000002,10/1/22,4.2
E08000002,11/1/22,4.2
E08000002,12/1/22,4.2
E08000002,1/1/23,4.2
E08000002,2/1/23,4.2
E08000002,3/1/23,4.3
E08000002,4/1/23,4.4
E08000002,5/1/23,4.2
E08000002,6/1/23,4.2
E08000002,7/1/23,4.2
E08000002,8/1/23,4.1
E08000002,9/1/23,4
E08000002,10/1/23,4
E08000002,11/1/23,4
E08000002,12/1/23,4.1
E08000002,1/1/24,4.1
E08000002,2/1/24,4.1
E08000002,3/1/24,4.3
E08000002,4/1/24,4.3
E08000002,5/1/24,4.4
E08000002,6/1/24,4.5
E08000002,7/1/24,4.8
E08000002,8/1/24,4.8
E08000002,9/1/24,4.8
E08000002,10/1/24,4.7
E08000002,11/1/24,4.5
E08000002,12/1/24,4.5
E08000002,1/1/25,4.5
E08000002,2/1/25,4.4
E08000002,3/1/25,4.4
E08000002,4/1/25,4.3
E08000002,5/1/25,4.3
E08000002,6/1/25,4.3
E08000002,7/1/25,4.2
E08000002,8/1/25,4.2
E08000002,9/1/25,4.2
E08000002,10/1/25,4.1
E08000002,11/1/25,4.1
E08000002,12/1/25,4
E08000002,1/1/26,4.1
E08000002,2/1/26,4.4
E08000003,1/1/18,2.6
E08000003,2/1/18,2.8
E08000003,3/1/18,3
E08000003,4/1/18,3.1
E08000003,5/1/18,3.2
E08000003,6/1/18,3.2
E08000003,7/1/18,3.3
E08000003,8/1/18,3.3
E08000003,9/1/18,3.4
E08000003,10/1/18,3.5
E08000003,11/1/18,3.6
E08000003,12/1/18,3.7
E08000003,1/1/19,3.7
E08000003,2/1/19,4
E08000003,3/1/19,4.1
E08000003,4/1/19,4.1
E08000003,5/1/19,4.2
E08000003,6/1/19,4.2
E08000003,7/1/19,4.3
E08000003,8/1/19,4.4
E08000003,9/1/19,4.3
E08000003,10/1/19,4.4
E08000003,11/1/19,4.3
E08000003,12/1/19,4.3
E08000003,1/1/20,4.3
E08000003,2/1/20,4.6
E08000003,3/1/20,4.7
E08000003,4/1/20,7.5
E08000003,5/1/20,8.9
E08000003,6/1/20,8.9
E08000003,7/1/20,9
E08000003,8/1/20,9.1
E08000003,9/1/20,9.1
E08000003,10/1/20,8.9
E08000003,11/1/20,9.1
E08000003,12/1/20,9
E08000003,1/1/21,8.9
E08000003,2/1/21,9.3
E08000003,3/1/21,9.3
E08000003,4/1/21,9.3
E08000003,5/1/21,8.8
E08000003,6/1/21,8.2
E08000003,7/1/21,8
E08000003,8/1/21,7.8
E08000003,9/1/21,7.4
E08000003,10/1/21,7.2
E08000003,11/1/21,7
E08000003,12/1/21,6.8
E08000003,1/1/22,6.4
E08000003,2/1/22,6.4
E08000003,3/1/22,6.4
E08000003,4/1/22,6.1
E08000003,5/1/22,5.9
E08000003,6/1/22,5.8
E08000003,7/1/22,5.7
E08000003,8/1/22,5.7
E08000003,9/1/22,5.7
E08000003,10/1/22,5.5
E08000003,11/1/22,5.5
E08000003,12/1/22,5.6
E08000003,1/1/23,5.4
E08000003,2/1/23,5.5
E08000003,3/1/23,5.7
E08000003,4/1/23,5.9
E08000003,5/1/23,5.8
E08000003,6/1/23,5.8
E08000003,7/1/23,5.8
E08000003,8/1/23,5.7
E08000003,9/1/23,5.7
E08000003,10/1/23,5.7
E08000003,11/1/23,5.7
E08000003,12/1/23,5.7
E08000003,1/1/24,5.6
E08000003,2/1/24,5.8
E08000003,3/1/24,5.9
E08000003,4/1/24,5.9
E08000003,5/1/24,6
E08000003,6/1/24,6.2
E08000003,7/1/24,6.7
E08000003,8/1/24,6.6
E08000003,9/1/24,6.6
E08000003,10/1/24,6.4
E08000003,11/1/24,6.3
E08000003,12/1/24,6.2
E08000003,1/1/25,6.2
E08000003,2/1/25,6.3
E08000003,3/1/25,6.3
E08000003,4/1/25,6.2
E08000003,5/1/25,6.2
E08000003,6/1/25,6.1
E08000003,7/1/25,6
E08000003,8/1/25,6
E08000003,9/1/25,5.9
E08000003,10/1/25,5.9
E08000003,11/1/25,5.8
E08000003,12/1/25,5.7
E08000003,1/1/26,5.7
E08000003,2/1/26,6
E08000004,1/1/18,3.7
E08000004,2/1/18,3.9
E08000004,3/1/18,4
E08000004,4/1/18,4.4
E08000004,5/1/18,4.1
E08000004,6/1/18,4.1
E08000004,7/1/18,4.2
E08000004,8/1/18,4.2
E08000004,9/1/18,4.2
E08000004,10/1/18,4.2
E08000004,11/1/18,4.2
E08000004,12/1/18,4.1
E08000004,1/1/19,4.1
E08000004,2/1/19,4.3
E08000004,3/1/19,4.5
E08000004,4/1/19,4.5
E08000004,5/1/19,4.4
E08000004,6/1/19,4.5
E08000004,7/1/19,4.6
E08000004,8/1/19,4.7
E08000004,9/1/19,4.7
E08000004,10/1/19,4.7
E08000004,11/1/19,4.7
E08000004,12/1/19,4.6
E08000004,1/1/20,4.5
E08000004,2/1/20,4.8
E08000004,3/1/20,5
E08000004,4/1/20,7.9
E08000004,5/1/20,9.1
E08000004,6/1/20,9.1
E08000004,7/1/20,9.2
E08000004,8/1/20,9.3
E08000004,9/1/20,9.3
E08000004,10/1/20,9.1
E08000004,11/1/20,9.1
E08000004,12/1/20,9
E08000004,1/1/21,9.2
E08000004,2/1/21,9.7
E08000004,3/1/21,9.7
E08000004,4/1/21,9.7
E08000004,5/1/21,9.3
E08000004,6/1/21,8.9
E08000004,7/1/21,8.8
E08000004,8/1/21,8.4
E08000004,9/1/21,8.1
E08000004,10/1/21,7.7
E08000004,11/1/21,7.4
E08000004,12/1/21,7.1
E08000004,1/1/22,6.9
E08000004,2/1/22,7
E08000004,3/1/22,6.9
E08000004,4/1/22,6.6
E08000004,5/1/22,6.6
E08000004,6/1/22,6.4
E08000004,7/1/22,6.3
E08000004,8/1/22,6.2
E08000004,9/1/22,6.2
E08000004,10/1/22,6.2
E08000004,11/1/22,6.2
E08000004,12/1/22,6.2
E08000004,1/1/23,6
E08000004,2/1/23,6.2
E08000004,3/1/23,6.4
E08000004,4/1/23,6.6
E08000004,5/1/23,6.3
E08000004,6/1/23,6.2
E08000004,7/1/23,6.3
E08000004,8/1/23,6.3
E08000004,9/1/23,6.2
E08000004,10/1/23,6.2
E08000004,11/1/23,6.2
E08000004,12/1/23,6.1
E08000004,1/1/24,6
E08000004,2/1/24,6.2
E08000004,3/1/24,6.6
E08000004,4/1/24,6.7
E08000004,5/1/24,6.8
E08000004,6/1/24,6.9
E08000004,7/1/24,7.5
E08000004,8/1/24,7.5
E08000004,9/1/24,7.5
E08000004,10/1/24,7.4
E08000004,11/1/24,7.1
E08000004,12/1/24,7.1
E08000004,1/1/25,6.9
E08000004,2/1/25,7.1
E08000004,3/1/25,7
E08000004,4/1/25,6.8
E08000004,5/1/25,6.6
E08000004,6/1/25,6.6
E08000004,7/1/25,6.5
E08000004,8/1/25,6.5
E08000004,9/1/25,6.4
E08000004,10/1/25,6.5
E08000004,11/1/25,6.4
E08000004,12/1/25,6.3
E08000004,1/1/26,6.2
E08000004,2/1/26,6.6
E08000005,1/1/18,2.8
E08000005,2/1/18,3
E08000005,3/1/18,3.1
E08000005,4/1/18,3.1
E08000005,5/1/18,2.9
E08000005,6/1/18,2.9
E08000005,7/1/18,2.9
E08000005,8/1/18,3.1
E08000005,9/1/18,3.3
E08000005,10/1/18,3.5
E08000005,11/1/18,3.6
E08000005,12/1/18,3.6
E08000005,1/1/19,3.7
E08000005,2/1/19,4
E08000005,3/1/19,4.2
E08000005,4/1/19,4.2
E08000005,5/1/19,4.2
E08000005,6/1/19,4.3
E08000005,7/1/19,4.3
E08000005,8/1/19,4.4
E08000005,9/1/19,4.3
E08000005,10/1/19,4.3
E08000005,11/1/19,4.3
E08000005,12/1/19,4.2
E08000005,1/1/20,4.2
E08000005,2/1/20,4.6
E08000005,3/1/20,4.7
E08000005,4/1/20,7.5
E08000005,5/1/20,8.7
E08000005,6/1/20,8.7
E08000005,7/1/20,8.6
E08000005,8/1/20,8.7
E08000005,9/1/20,8.6
E08000005,10/1/20,8.4
E08000005,11/1/20,8.4
E08000005,12/1/20,8.3
E08000005,1/1/21,8.2
E08000005,2/1/21,8.7
E08000005,3/1/21,8.7
E08000005,4/1/21,8.6
E08000005,5/1/21,8.2
E08000005,6/1/21,7.8
E08000005,7/1/21,7.7
E08000005,8/1/21,7.5
E08000005,9/1/21,7.3
E08000005,10/1/21,7.1
E08000005,11/1/21,6.9
E08000005,12/1/21,6.7
E08000005,1/1/22,6.5
E08000005,2/1/22,6.6
E08000005,3/1/22,6.4
E08000005,4/1/22,6.3
E08000005,5/1/22,6.2
E08000005,6/1/22,6.1
E08000005,7/1/22,6
E08000005,8/1/22,5.9
E08000005,9/1/22,5.8
E08000005,10/1/22,5.7
E08000005,11/1/22,5.7
E08000005,12/1/22,5.7
E08000005,1/1/23,5.6
E08000005,2/1/23,5.7
E08000005,3/1/23,6
E08000005,4/1/23,5.9
E08000005,5/1/23,5.7
E08000005,6/1/23,5.7
E08000005,7/1/23,5.7
E08000005,8/1/23,5.6
E08000005,9/1/23,5.4
E08000005,10/1/23,5.3
E08000005,11/1/23,5.4
E08000005,12/1/23,5.4
E08000005,1/1/24,5.4
E08000005,2/1/24,5.6
E08000005,3/1/24,5.8
E08000005,4/1/24,5.9
E08000005,5/1/24,6.1
E08000005,6/1/24,6.3
E08000005,7/1/24,6.7
E08000005,8/1/24,6.6
E08000005,9/1/24,6.5
E08000005,10/1/24,6.4
E08000005,11/1/24,6.2
E08000005,12/1/24,6.1
E08000005,1/1/25,6.1
E08000005,2/1/25,6.2
E08000005,3/1/25,6.2
E08000005,4/1/25,6.1
E08000005,5/1/25,6
E08000005,6/1/25,6.1
E08000005,7/1/25,6
E08000005,8/1/25,6
E08000005,9/1/25,5.9
E08000005,10/1/25,5.9
E08000005,11/1/25,5.8
E08000005,12/1/25,5.7
E08000005,1/1/26,5.7
E08000005,2/1/26,6
E08000006,1/1/18,2.5
E08000006,2/1/18,2.7
E08000006,3/1/18,2.8
E08000006,4/1/18,2.8
E08000006,5/1/18,2.8
E08000006,6/1/18,2.8
E08000006,7/1/18,2.7
E08000006,8/1/18,2.7
E08000006,9/1/18,2.7
E08000006,10/1/18,2.7
E08000006,11/1/18,2.7
E08000006,12/1/18,2.9
E08000006,1/1/19,3.1
E08000006,2/1/19,3.3
E08000006,3/1/19,3.4
E08000006,4/1/19,3.5
E08000006,5/1/19,3.6
E08000006,6/1/19,3.7
E08000006,7/1/19,3.7
E08000006,8/1/19,3.8
E08000006,9/1/19,3.8
E08000006,10/1/19,3.8
E08000006,11/1/19,3.8
E08000006,12/1/19,3.8
E08000006,1/1/20,3.8
E08000006,2/1/20,4
E08000006,3/1/20,4.1
E08000006,4/1/20,6.7
E08000006,5/1/20,7.9
E08000006,6/1/20,7.8
E08000006,7/1/20,7.9
E08000006,8/1/20,8
E08000006,9/1/20,8
E08000006,10/1/20,7.9
E08000006,11/1/20,8
E08000006,12/1/20,7.9
E08000006,1/1/21,7.7
E08000006,2/1/21,8
E08000006,3/1/21,8
E08000006,4/1/21,7.9
E08000006,5/1/21,7.5
E08000006,6/1/21,7
E08000006,7/1/21,6.8
E08000006,8/1/21,6.6
E08000006,9/1/21,6.3
E08000006,10/1/21,6.1
E08000006,11/1/21,5.9
E08000006,12/1/21,5.6
E08000006,1/1/22,5.3
E08000006,2/1/22,5.4
E08000006,3/1/22,5.3
E08000006,4/1/22,5
E08000006,5/1/22,4.9
E08000006,6/1/22,4.9
E08000006,7/1/22,4.8
E08000006,8/1/22,4.8
E08000006,9/1/22,4.7
E08000006,10/1/22,4.6
E08000006,11/1/22,4.7
E08000006,12/1/22,4.8
E08000006,1/1/23,4.6
E08000006,2/1/23,4.7
E08000006,3/1/23,4.9
E08000006,4/1/23,5
E08000006,5/1/23,4.9
E08000006,6/1/23,4.9
E08000006,7/1/23,4.8
E08000006,8/1/23,4.7
E08000006,9/1/23,4.7
E08000006,10/1/23,4.7
E08000006,11/1/23,4.7
E08000006,12/1/23,4.7
E08000006,1/1/24,4.5
E08000006,2/1/24,4.6
E08000006,3/1/24,4.6
E08000006,4/1/24,4.6
E08000006,5/1/24,4.7
E08000006,6/1/24,4.7
E08000006,7/1/24,5
E08000006,8/1/24,5
E08000006,9/1/24,4.9
E08000006,10/1/24,4.9
E08000006,11/1/24,4.8
E08000006,12/1/24,4.7
E08000006,1/1/25,4.7
E08000006,2/1/25,4.8
E08000006,3/1/25,4.9
E08000006,4/1/25,4.8
E08000006,5/1/25,4.8
E08000006,6/1/25,4.8
E08000006,7/1/25,4.7
E08000006,8/1/25,4.8
E08000006,9/1/25,4.7
E08000006,10/1/25,4.8
E08000006,11/1/25,4.8
E08000006,12/1/25,4.7
E08000006,1/1/26,4.7
E08000006,2/1/26,5
E08000007,1/1/18,1.9
E08000007,2/1/18,1.9
E08000007,3/1/18,1.9
E08000007,4/1/18,1.9
E08000007,5/1/18,1.9
E08000007,6/1/18,1.8
E08000007,7/1/18,1.8
E08000007,8/1/18,1.8
E08000007,9/1/18,1.8
E08000007,10/1/18,1.8
E08000007,11/1/18,1.8
E08000007,12/1/18,1.8
E08000007,1/1/19,2
E08000007,2/1/19,2.1
E08000007,3/1/19,2.2
E08000007,4/1/19,2.3
E08000007,5/1/19,2.3
E08000007,6/1/19,2.3
E08000007,7/1/19,2.4
E08000007,8/1/19,2.5
E08000007,9/1/19,2.5
E08000007,10/1/19,2.6
E08000007,11/1/19,2.7
E08000007,12/1/19,2.8
E08000007,1/1/20,2.8
E08000007,2/1/20,2.9
E08000007,3/1/20,2.9
E08000007,4/1/20,4.9
E08000007,5/1/20,6.1
E08000007,6/1/20,5.8
E08000007,7/1/20,5.9
E08000007,8/1/20,6
E08000007,9/1/20,5.9
E08000007,10/1/20,5.8
E08000007,11/1/20,5.9
E08000007,12/1/20,5.9
E08000007,1/1/21,5.7
E08000007,2/1/21,6
E08000007,3/1/21,5.9
E08000007,4/1/21,5.8
E08000007,5/1/21,5.4
E08000007,6/1/21,5
E08000007,7/1/21,4.9
E08000007,8/1/21,4.7
E08000007,9/1/21,4.5
E08000007,10/1/21,4.3
E08000007,11/1/21,4.1
E08000007,12/1/21,3.9
E08000007,1/1/22,3.9
E08000007,2/1/22,3.8
E08000007,3/1/22,3.8
E08000007,4/1/22,3.6
E08000007,5/1/22,3.5
E08000007,6/1/22,3.4
E08000007,7/1/22,3.4
E08000007,8/1/22,3.4
E08000007,9/1/22,3.4
E08000007,10/1/22,3.3
E08000007,11/1/22,3.3
E08000007,12/1/22,3.3
E08000007,1/1/23,3.2
E08000007,2/1/23,3.2
E08000007,3/1/23,3.2
E08000007,4/1/23,3.2
E08000007,5/1/23,3.1
E08000007,6/1/23,3.1
E08000007,7/1/23,3.1
E08000007,8/1/23,3.1
E08000007,9/1/23,3.1
E08000007,10/1/23,3.1
E08000007,11/1/23,3.1
E08000007,12/1/23,3.1
E08000007,1/1/24,3.1
E08000007,2/1/24,3.2
E08000007,3/1/24,3.1
E08000007,4/1/24,3.1
E08000007,5/1/24,3.1
E08000007,6/1/24,3.2
E08000007,7/1/24,3.4
E08000007,8/1/24,3.4
E08000007,9/1/24,3.4
E08000007,10/1/24,3.3
E08000007,11/1/24,3.1
E08000007,12/1/24,3
E08000007,1/1/25,3
E08000007,2/1/25,3
E08000007,3/1/25,3
E08000007,4/1/25,2.9
E08000007,5/1/25,2.9
E08000007,6/1/25,2.9
E08000007,7/1/25,2.9
E08000007,8/1/25,2.9
E08000007,9/1/25,3
E08000007,10/1/25,3
E08000007,11/1/25,2.9
E08000007,12/1/25,2.9
E08000007,1/1/26,3
E08000007,2/1/26,3.1
E08000008,1/1/18,2.6
E08000008,2/1/18,2.7
E08000008,3/1/18,2.7
E08000008,4/1/18,2.8
E08000008,5/1/18,2.8
E08000008,6/1/18,3
E08000008,7/1/18,3.1
E08000008,8/1/18,3.3
E08000008,9/1/18,3.4
E08000008,10/1/18,3.4
E08000008,11/1/18,3.5
E08000008,12/1/18,3.5
E08000008,1/1/19,3.6
E08000008,2/1/19,3.7
E08000008,3/1/19,3.7
E08000008,4/1/19,3.8
E08000008,5/1/19,3.7
E08000008,6/1/19,3.8
E08000008,7/1/19,3.9
E08000008,8/1/19,3.9
E08000008,9/1/19,3.8
E08000008,10/1/19,3.9
E08000008,11/1/19,3.8
E08000008,12/1/19,3.8
E08000008,1/1/20,3.8
E08000008,2/1/20,4.1
E08000008,3/1/20,4.1
E08000008,4/1/20,6.7
E08000008,5/1/20,7.8
E08000008,6/1/20,7.7
E08000008,7/1/20,7.8
E08000008,8/1/20,7.9
E08000008,9/1/20,7.7
E08000008,10/1/20,7.5
E08000008,11/1/20,7.7
E08000008,12/1/20,7.7
E08000008,1/1/21,7.6
E08000008,2/1/21,7.9
E08000008,3/1/21,7.8
E08000008,4/1/21,7.6
E08000008,5/1/21,7
E08000008,6/1/21,6.6
E08000008,7/1/21,6.5
E08000008,8/1/21,6.3
E08000008,9/1/21,5.9
E08000008,10/1/21,5.7
E08000008,11/1/21,5.5
E08000008,12/1/21,5.3
E08000008,1/1/22,5.1
E08000008,2/1/22,5.1
E08000008,3/1/22,5
E08000008,4/1/22,4.8
E08000008,5/1/22,4.7
E08000008,6/1/22,4.6
E08000008,7/1/22,4.6
E08000008,8/1/22,4.6
E08000008,9/1/22,4.6
E08000008,10/1/22,4.5
E08000008,11/1/22,4.5
E08000008,12/1/22,4.5
E08000008,1/1/23,4.4
E08000008,2/1/23,4.5
E08000008,3/1/23,4.6
E08000008,4/1/23,4.7
E08000008,5/1/23,4.5
E08000008,6/1/23,4.5
E08000008,7/1/23,4.6
E08000008,8/1/23,4.6
E08000008,9/1/23,4.5
E08000008,10/1/23,4.5
E08000008,11/1/23,4.5
E08000008,12/1/23,4.5
E08000008,1/1/24,4.5
E08000008,2/1/24,4.6
E08000008,3/1/24,4.6
E08000008,4/1/24,4.7
E08000008,5/1/24,4.6
E08000008,6/1/24,4.8
E08000008,7/1/24,5.1
E08000008,8/1/24,5.1
E08000008,9/1/24,5.1
E08000008,10/1/24,5.1
E08000008,11/1/24,5
E08000008,12/1/24,4.9
E08000008,1/1/25,4.9
E08000008,2/1/25,5
E08000008,3/1/25,5
E08000008,4/1/25,4.8
E08000008,5/1/25,4.7
E08000008,6/1/25,4.7
E08000008,7/1/25,4.6
E08000008,8/1/25,4.7
E08000008,9/1/25,4.6
E08000008,10/1/25,4.6
E08000008,11/1/25,4.6
E08000008,12/1/25,4.6
E08000008,1/1/26,4.6
E08000008,2/1/26,4.9
E08000009,1/1/18,1.8
E08000009,2/1/18,1.9
E08000009,3/1/18,2
E08000009,4/1/18,2.1
E08000009,5/1/18,2.1
E08000009,6/1/18,2.1
E08000009,7/1/18,2.1
E08000009,8/1/18,2.2
E08000009,9/1/18,2.2
E08000009,10/1/18,2.2
E08000009,11/1/18,2.2
E08000009,12/1/18,2.2
E08000009,1/1/19,2.2
E08000009,2/1/19,2.3
E08000009,3/1/19,2.3
E08000009,4/1/19,2.3
E08000009,5/1/19,2.3
E08000009,6/1/19,2.4
E08000009,7/1/19,2.4
E08000009,8/1/19,2.4
E08000009,9/1/19,2.4
E08000009,10/1/19,2.5
E08000009,11/1/19,2.4
E08000009,12/1/19,2.3
E08000009,1/1/20,2.3
E08000009,2/1/20,2.5
E08000009,3/1/20,2.5
E08000009,4/1/20,4.5
E08000009,5/1/20,5.3
E08000009,6/1/20,5.2
E08000009,7/1/20,5.3
E08000009,8/1/20,5.4
E08000009,9/1/20,5.4
E08000009,10/1/20,5.2
E08000009,11/1/20,5.3
E08000009,12/1/20,5.2
E08000009,1/1/21,5.1
E08000009,2/1/21,5.3
E08000009,3/1/21,5.3
E08000009,4/1/21,5.2
E08000009,5/1/21,4.9
E08000009,6/1/21,4.5
E08000009,7/1/21,4.4
E08000009,8/1/21,4.2
E08000009,9/1/21,4
E08000009,10/1/21,3.7
E08000009,11/1/21,3.6
E08000009,12/1/21,3.5
E08000009,1/1/22,3.3
E08000009,2/1/22,3.4
E08000009,3/1/22,3.4
E08000009,4/1/22,3.2
E08000009,5/1/22,3.1
E08000009,6/1/22,3.1
E08000009,7/1/22,3
E08000009,8/1/22,3.1
E08000009,9/1/22,3
E08000009,10/1/22,2.9
E08000009,11/1/22,2.9
E08000009,12/1/22,2.9
E08000009,1/1/23,2.9
E08000009,2/1/23,3
E08000009,3/1/23,3.1
E08000009,4/1/23,3.1
E08000009,5/1/23,3
E08000009,6/1/23,3
E08000009,7/1/23,3
E08000009,8/1/23,3
E08000009,9/1/23,2.9
E08000009,10/1/23,3
E08000009,11/1/23,3
E08000009,12/1/23,3
E08000009,1/1/24,2.9
E08000009,2/1/24,3
E08000009,3/1/24,3
E08000009,4/1/24,3
E08000009,5/1/24,3
E08000009,6/1/24,3
E08000009,7/1/24,3.3
E08000009,8/1/24,3.3
E08000009,9/1/24,3.2
E08000009,10/1/24,3.2
E08000009,11/1/24,3.1
E08000009,12/1/24,3.1
E08000009,1/1/25,3.1
E08000009,2/1/25,3.1
E08000009,3/1/25,3.1
E08000009,4/1/25,3
E08000009,5/1/25,2.9
E08000009,6/1/25,2.9
E08000009,7/1/25,2.9
E08000009,8/1/25,2.9
E08000009,9/1/25,2.9
E08000009,10/1/25,2.9
E08000009,11/1/25,2.9
E08000009,12/1/25,2.9
E08000009,1/1/26,2.9
E08000009,2/1/26,3.1
E08000010,1/1/18,2.6
E08000010,2/1/18,2.7
E08000010,3/1/18,2.8
E08000010,4/1/18,2.8
E08000010,5/1/18,2.8
E08000010,6/1/18,2.8
E08000010,7/1/18,2.9
E08000010,8/1/18,3
E08000010,9/1/18,3.2
E08000010,10/1/18,3.3
E08000010,11/1/18,3.3
E08000010,12/1/18,3.3
E08000010,1/1/19,3.4
E08000010,2/1/19,3.6
E08000010,3/1/19,3.7
E08000010,4/1/19,3.7
E08000010,5/1/19,3.7
E08000010,6/1/19,3.7
E08000010,7/1/19,3.7
E08000010,8/1/19,3.8
E08000010,9/1/19,3.6
E08000010,10/1/19,3.7
E08000010,11/1/19,3.7
E08000010,12/1/19,3.6
E08000010,1/1/20,3.7
E08000010,2/1/20,3.8
E08000010,3/1/20,3.9
E08000010,4/1/20,6.3
E08000010,5/1/20,7.2
E08000010,6/1/20,6.9
E08000010,7/1/20,7
E08000010,8/1/20,7.1
E08000010,9/1/20,6.9
E08000010,10/1/20,6.6
E08000010,11/1/20,6.7
E08000010,12/1/20,6.6
E08000010,1/1/21,6.3
E08000010,2/1/21,6.6
E08000010,3/1/21,6.5
E08000010,4/1/21,6.4
E08000010,5/1/21,6
E08000010,6/1/21,5.7
E08000010,7/1/21,5.5
E08000010,8/1/21,5.3
E08000010,9/1/21,5.1
E08000010,10/1/21,4.9
E08000010,11/1/21,4.7
E08000010,12/1/21,4.5
E08000010,1/1/22,4.4
E08000010,2/1/22,4.4
E08000010,3/1/22,4.3
E08000010,4/1/22,4
E08000010,5/1/22,3.9
E08000010,6/1/22,3.8
E08000010,7/1/22,3.8
E08000010,8/1/22,3.8
E08000010,9/1/22,3.7
E08000010,10/1/22,3.7
E08000010,11/1/22,3.7
E08000010,12/1/22,3.7
E08000010,1/1/23,3.6
E08000010,2/1/23,3.7
E08000010,3/1/23,3.8
E08000010,4/1/23,3.9
E08000010,5/1/23,3.7
E08000010,6/1/23,3.7
E08000010,7/1/23,3.6
E08000010,8/1/23,3.6
E08000010,9/1/23,3.5
E08000010,10/1/23,3.5
E08000010,11/1/23,3.6
E08000010,12/1/23,3.6
E08000010,1/1/24,3.5
E08000010,2/1/24,3.6
E08000010,3/1/24,3.6
E08000010,4/1/24,3.6
E08000010,5/1/24,3.6
E08000010,6/1/24,3.6
E08000010,7/1/24,3.8
E08000010,8/1/24,3.8
E08000010,9/1/24,3.8
E08000010,10/1/24,3.7
E08000010,11/1/24,3.6
E08000010,12/1/24,3.5
E08000010,1/1/25,3.5
E08000010,2/1/25,3.6
E08000010,3/1/25,3.6
E08000010,4/1/25,3.6
E08000010,5/1/25,3.5
E08000010,6/1/25,3.5
E08000010,7/1/25,3.5
E08000010,8/1/25,3.5
E08000010,9/1/25,3.5
E08000010,10/1/25,3.5
E08000010,11/1/25,3.4
E08000010,12/1/25,3.4
E08000010,1/1/26,3.5
E08000010,2/1/26,3.6
E08000011,1/1/18,3.3
E08000011,2/1/18,3.5
E08000011,3/1/18,3.5
E08000011,4/1/18,3.5
E08000011,5/1/18,3.4
E08000011,6/1/18,3.4
E08000011,7/1/18,3.5
E08000011,8/1/18,3.6
E08000011,9/1/18,3.7
E08000011,10/1/18,3.8
E08000011,11/1/18,3.9
E08000011,12/1/18,4
E08000011,1/1/19,4
E08000011,2/1/19,4.3
E08000011,3/1/19,4.4
E08000011,4/1/19,4.5
E08000011,5/1/19,4.5
E08000011,6/1/19,4.6
E08000011,7/1/19,4.5
E08000011,8/1/19,4.5
E08000011,9/1/19,4.4
E08000011,10/1/19,4.4
E08000011,11/1/19,4.5
E08000011,12/1/19,4.4
E08000011,1/1/20,4.4
E08000011,2/1/20,4.5
E08000011,3/1/20,4.6
E08000011,4/1/20,7.6
E08000011,5/1/20,8.7
E08000011,6/1/20,8.4
E08000011,7/1/20,8.4
E08000011,8/1/20,8.4
E08000011,9/1/20,8.4
E08000011,10/1/20,8.2
E08000011,11/1/20,8.3
E08000011,12/1/20,8.2
E08000011,1/1/21,8.1
E08000011,2/1/21,8.2
E08000011,3/1/21,8.3
E08000011,4/1/21,8.1
E08000011,5/1/21,7.7
E08000011,6/1/21,7.2
E08000011,7/1/21,7.1
E08000011,8/1/21,6.9
E08000011,9/1/21,6.5
E08000011,10/1/21,6.3
E08000011,11/1/21,5.9
E08000011,12/1/21,5.6
E08000011,1/1/22,5.4
E08000011,2/1/22,5.4
E08000011,3/1/22,5.3
E08000011,4/1/22,5
E08000011,5/1/22,4.9
E08000011,6/1/22,4.8
E08000011,7/1/22,4.7
E08000011,8/1/22,4.7
E08000011,9/1/22,4.7
E08000011,10/1/22,4.6
E08000011,11/1/22,4.7
E08000011,12/1/22,4.7
E08000011,1/1/23,4.6
E08000011,2/1/23,4.7
E08000011,3/1/23,4.8
E08000011,4/1/23,4.8
E08000011,5/1/23,4.5
E08000011,6/1/23,4.5
E08000011,7/1/23,4.5
E08000011,8/1/23,4.4
E08000011,9/1/23,4.5
E08000011,10/1/23,4.5
E08000011,11/1/23,4.4
E08000011,12/1/23,4.4
E08000011,1/1/24,4.2
E08000011,2/1/24,4.3
E08000011,3/1/24,4.4
E08000011,4/1/24,4.3
E08000011,5/1/24,4.4
E08000011,6/1/24,4.5
E08000011,7/1/24,4.9
E08000011,8/1/24,4.9
E08000011,9/1/24,4.9
E08000011,10/1/24,4.8
E08000011,11/1/24,4.7
E08000011,12/1/24,4.5
E08000011,1/1/25,4.5
E08000011,2/1/25,4.7
E08000011,3/1/25,4.6
E08000011,4/1/25,4.5
E08000011,5/1/25,4.4
E08000011,6/1/25,4.4
E08000011,7/1/25,4.3
E08000011,8/1/25,4.2
E08000011,9/1/25,4.3
E08000011,10/1/25,4.2
E08000011,11/1/25,4.2
E08000011,12/1/25,4.1
E08000011,1/1/26,4.1
E08000011,2/1/26,4.3
E08000012,1/1/18,3.4
E08000012,2/1/18,3.6
E08000012,3/1/18,3.6
E08000012,4/1/18,3.6
E08000012,5/1/18,3.6
E08000012,6/1/18,3.5
E08000012,7/1/18,3.5
E08000012,8/1/18,3.5
E08000012,9/1/18,3.4
E08000012,10/1/18,3.3
E08000012,11/1/18,3.3
E08000012,12/1/18,3.4
E08000012,1/1/19,3.6
E08000012,2/1/19,3.9
E08000012,3/1/19,4.1
E08000012,4/1/19,4.2
E08000012,5/1/19,4.2
E08000012,6/1/19,4.3
E08000012,7/1/19,4.4
E08000012,8/1/19,4.5
E08000012,9/1/19,4.5
E08000012,10/1/19,4.5
E08000012,11/1/19,4.6
E08000012,12/1/19,4.7
E08000012,1/1/20,4.7
E08000012,2/1/20,4.9
E08000012,3/1/20,4.9
E08000012,4/1/20,7.8
E08000012,5/1/20,9.1
E08000012,6/1/20,8.9
E08000012,7/1/20,9
E08000012,8/1/20,9.1
E08000012,9/1/20,9.1
E08000012,10/1/20,8.9
E08000012,11/1/20,9
E08000012,12/1/20,8.9
E08000012,1/1/21,8.8
E08000012,2/1/21,9.1
E08000012,3/1/21,9.2
E08000012,4/1/21,9.1
E08000012,5/1/21,8.7
E08000012,6/1/21,8.2
E08000012,7/1/21,8
E08000012,8/1/21,7.8
E08000012,9/1/21,7.4
E08000012,10/1/21,7.1
E08000012,11/1/21,6.8
E08000012,12/1/21,6.6
E08000012,1/1/22,6.4
E08000012,2/1/22,6.4
E08000012,3/1/22,6.3
E08000012,4/1/22,6
E08000012,5/1/22,5.8
E08000012,6/1/22,5.7
E08000012,7/1/22,5.6
E08000012,8/1/22,5.6
E08000012,9/1/22,5.4
E08000012,10/1/22,5.3
E08000012,11/1/22,5.4
E08000012,12/1/22,5.4
E08000012,1/1/23,5.3
E08000012,2/1/23,5.4
E08000012,3/1/23,5.6
E08000012,4/1/23,5.7
E08000012,5/1/23,5.5
E08000012,6/1/23,5.5
E08000012,7/1/23,5.5
E08000012,8/1/23,5.4
E08000012,9/1/23,5.4
E08000012,10/1/23,5.4
E08000012,11/1/23,5.4
E08000012,12/1/23,5.4
E08000012,1/1/24,5.4
E08000012,2/1/24,5.5
E08000012,3/1/24,5.5
E08000012,4/1/24,5.4
E08000012,5/1/24,5.4
E08000012,6/1/24,5.6
E08000012,7/1/24,6
E08000012,8/1/24,6
E08000012,9/1/24,6
E08000012,10/1/24,5.9
E08000012,11/1/24,5.9
E08000012,12/1/24,5.7
E08000012,1/1/25,5.7
E08000012,2/1/25,5.8
E08000012,3/1/25,5.8
E08000012,4/1/25,5.7
E08000012,5/1/25,5.6
E08000012,6/1/25,5.6
E08000012,7/1/25,5.5
E08000012,8/1/25,5.5
E08000012,9/1/25,5.4
E08000012,10/1/25,5.4
E08000012,11/1/25,5.4
E08000012,12/1/25,5.4
E08000012,1/1/26,5.4
E08000012,2/1/26,5.6
E08000013,1/1/18,2.7
E08000013,2/1/18,2.8
E08000013,3/1/18,2.9
E08000013,4/1/18,3
E08000013,5/1/18,2.9
E08000013,6/1/18,2.8
E08000013,7/1/18,2.7
E08000013,8/1/18,2.7
E08000013,9/1/18,2.9
E08000013,10/1/18,3
E08000013,11/1/18,3.2
E08000013,12/1/18,3.3
E08000013,1/1/19,3.4
E08000013,2/1/19,3.7
E08000013,3/1/19,3.8
E08000013,4/1/19,3.8
E08000013,5/1/19,3.8
E08000013,6/1/19,3.9
E08000013,7/1/19,3.7
E08000013,8/1/19,3.7
E08000013,9/1/19,3.7
E08000013,10/1/19,3.8
E08000013,11/1/19,3.8
E08000013,12/1/19,3.7
E08000013,1/1/20,3.7
E08000013,2/1/20,3.7
E08000013,3/1/20,3.8
E08000013,4/1/20,6.4
E08000013,5/1/20,7.2
E08000013,6/1/20,6.9
E08000013,7/1/20,6.8
E08000013,8/1/20,6.9
E08000013,9/1/20,6.8
E08000013,10/1/20,6.7
E08000013,11/1/20,6.7
E08000013,12/1/20,6.6
E08000013,1/1/21,6.5
E08000013,2/1/21,6.6
E08000013,3/1/21,6.7
E08000013,4/1/21,6.5
E08000013,5/1/21,6.1
E08000013,6/1/21,5.8
E08000013,7/1/21,5.7
E08000013,8/1/21,5.5
E08000013,9/1/21,5.3
E08000013,10/1/21,5.1
E08000013,11/1/21,4.8
E08000013,12/1/21,4.7
E08000013,1/1/22,4.5
E08000013,2/1/22,4.5
E08000013,3/1/22,4.4
E08000013,4/1/22,4.2
E08000013,5/1/22,4
E08000013,6/1/22,4
E08000013,7/1/22,4.1
E08000013,8/1/22,4.1
E08000013,9/1/22,4.1
E08000013,10/1/22,4
E08000013,11/1/22,3.9
E08000013,12/1/22,3.9
E08000013,1/1/23,3.8
E08000013,2/1/23,3.9
E08000013,3/1/23,4
E08000013,4/1/23,4
E08000013,5/1/23,3.9
E08000013,6/1/23,3.8
E08000013,7/1/23,3.9
E08000013,8/1/23,3.9
E08000013,9/1/23,3.8
E08000013,10/1/23,3.8
E08000013,11/1/23,3.9
E08000013,12/1/23,3.8
E08000013,1/1/24,3.7
E08000013,2/1/24,3.8
E08000013,3/1/24,3.9
E08000013,4/1/24,3.8
E08000013,5/1/24,3.8
E08000013,6/1/24,3.9
E08000013,7/1/24,4.1
E08000013,8/1/24,4.1
E08000013,9/1/24,4.1
E08000013,10/1/24,4
E08000013,11/1/24,4
E08000013,12/1/24,3.9
E08000013,1/1/25,3.9
E08000013,2/1/25,4
E08000013,3/1/25,3.9
E08000013,4/1/25,3.8
E08000013,5/1/25,3.8
E08000013,6/1/25,3.8
E08000013,7/1/25,3.7
E08000013,8/1/25,3.8
E08000013,9/1/25,3.7
E08000013,10/1/25,3.7
E08000013,11/1/25,3.7
E08000013,12/1/25,3.7
E08000013,1/1/26,3.7
E08000013,2/1/26,3.9
E08000014,1/1/18,2.7
E08000014,2/1/18,3
E08000014,3/1/18,3.1
E08000014,4/1/18,3.3
E08000014,5/1/18,3.2
E08000014,6/1/18,3.2
E08000014,7/1/18,3.2
E08000014,8/1/18,3.3
E08000014,9/1/18,3.4
E08000014,10/1/18,3.4
E08000014,11/1/18,3.5
E08000014,12/1/18,3.5
E08000014,1/1/19,3.6
E08000014,2/1/19,3.7
E08000014,3/1/19,3.8
E08000014,4/1/19,3.8
E08000014,5/1/19,3.7
E08000014,6/1/19,3.7
E08000014,7/1/19,3.7
E08000014,8/1/19,3.7
E08000014,9/1/19,3.6
E08000014,10/1/19,3.7
E08000014,11/1/19,3.7
E08000014,12/1/19,3.7
E08000014,1/1/20,3.7
E08000014,2/1/20,3.7
E08000014,3/1/20,3.7
E08000014,4/1/20,6.3
E08000014,5/1/20,7.2
E08000014,6/1/20,7
E08000014,7/1/20,7
E08000014,8/1/20,7
E08000014,9/1/20,6.9
E08000014,10/1/20,6.7
E08000014,11/1/20,6.9
E08000014,12/1/20,6.8
E08000014,1/1/21,6.6
E08000014,2/1/21,6.9
E08000014,3/1/21,6.9
E08000014,4/1/21,6.8
E08000014,5/1/21,6.4
E08000014,6/1/21,6
E08000014,7/1/21,5.7
E08000014,8/1/21,5.5
E08000014,9/1/21,5.2
E08000014,10/1/21,5
E08000014,11/1/21,4.8
E08000014,12/1/21,4.6
E08000014,1/1/22,4.6
E08000014,2/1/22,4.6
E08000014,3/1/22,4.5
E08000014,4/1/22,4.3
E08000014,5/1/22,4.1
E08000014,6/1/22,4
E08000014,7/1/22,3.9
E08000014,8/1/22,3.9
E08000014,9/1/22,3.8
E08000014,10/1/22,3.7
E08000014,11/1/22,3.7
E08000014,12/1/22,3.7
E08000014,1/1/23,3.6
E08000014,2/1/23,3.7
E08000014,3/1/23,3.8
E08000014,4/1/23,3.8
E08000014,5/1/23,3.7
E08000014,6/1/23,3.7
E08000014,7/1/23,3.7
E08000014,8/1/23,3.7
E08000014,9/1/23,3.6
E08000014,10/1/23,3.6
E08000014,11/1/23,3.7
E08000014,12/1/23,3.7
E08000014,1/1/24,3.6
E08000014,2/1/24,3.6
E08000014,3/1/24,3.6
E08000014,4/1/24,3.5
E08000014,5/1/24,3.6
E08000014,6/1/24,3.7
E08000014,7/1/24,4
E08000014,8/1/24,4
E08000014,9/1/24,4
E08000014,10/1/24,4
E08000014,11/1/24,3.9
E08000014,12/1/24,3.8
E08000014,1/1/25,3.8
E08000014,2/1/25,3.9
E08000014,3/1/25,3.9
E08000014,4/1/25,3.8
E08000014,5/1/25,3.8
E08000014,6/1/25,3.7
E08000014,7/1/25,3.6
E08000014,8/1/25,3.6
E08000014,9/1/25,3.6
E08000014,10/1/25,3.6
E08000014,11/1/25,3.6
E08000014,12/1/25,3.6
E08000014,1/1/26,3.7
E08000014,2/1/26,3.8
E08000015,1/1/18,2.3
E08000015,2/1/18,2.4
E08000015,3/1/18,2.5
E08000015,4/1/18,2.8
E08000015,5/1/18,2.9
E08000015,6/1/18,2.9
E08000015,7/1/18,3
E08000015,8/1/18,3.2
E08000015,9/1/18,3.2
E08000015,10/1/18,3.2
E08000015,11/1/18,3.2
E08000015,12/1/18,3.3
E08000015,1/1/19,3.4
E08000015,2/1/19,3.6
E08000015,3/1/19,3.6
E08000015,4/1/19,3.7
E08000015,5/1/19,3.6
E08000015,6/1/19,3.7
E08000015,7/1/19,3.7
E08000015,8/1/19,3.7
E08000015,9/1/19,3.6
E08000015,10/1/19,3.6
E08000015,11/1/19,3.5
E08000015,12/1/19,3.6
E08000015,1/1/20,3.6
E08000015,2/1/20,3.6
E08000015,3/1/20,3.7
E08000015,4/1/20,6.1
E08000015,5/1/20,6.9
E08000015,6/1/20,6.7
E08000015,7/1/20,6.7
E08000015,8/1/20,6.7
E08000015,9/1/20,6.6
E08000015,10/1/20,6.4
E08000015,11/1/20,6.4
E08000015,12/1/20,6.4
E08000015,1/1/21,6.3
E08000015,2/1/21,6.5
E08000015,3/1/21,6.4
E08000015,4/1/21,6.3
E08000015,5/1/21,5.9
E08000015,6/1/21,5.5
E08000015,7/1/21,5.4
E08000015,8/1/21,5.2
E08000015,9/1/21,4.9
E08000015,10/1/21,4.7
E08000015,11/1/21,4.5
E08000015,12/1/21,4.4
E08000015,1/1/22,4.3
E08000015,2/1/22,4.2
E08000015,3/1/22,4.1
E08000015,4/1/22,3.9
E08000015,5/1/22,3.8
E08000015,6/1/22,3.8
E08000015,7/1/22,3.8
E08000015,8/1/22,3.8
E08000015,9/1/22,3.7
E08000015,10/1/22,3.7
E08000015,11/1/22,3.7
E08000015,12/1/22,3.6
E08000015,1/1/23,3.6
E08000015,2/1/23,3.7
E08000015,3/1/23,3.7
E08000015,4/1/23,3.7
E08000015,5/1/23,3.6
E08000015,6/1/23,3.5
E08000015,7/1/23,3.6
E08000015,8/1/23,3.6
E08000015,9/1/23,3.5
E08000015,10/1/23,3.5
E08000015,11/1/23,3.6
E08000015,12/1/23,3.5
E08000015,1/1/24,3.4
E08000015,2/1/24,3.5
E08000015,3/1/24,3.5
E08000015,4/1/24,3.4
E08000015,5/1/24,3.4
E08000015,6/1/24,3.5
E08000015,7/1/24,3.8
E08000015,8/1/24,3.8
E08000015,9/1/24,3.8
E08000015,10/1/24,3.8
E08000015,11/1/24,3.7
E08000015,12/1/24,3.6
E08000015,1/1/25,3.6
E08000015,2/1/25,3.7
E08000015,3/1/25,3.6
E08000015,4/1/25,3.6
E08000015,5/1/25,3.5
E08000015,6/1/25,3.5
E08000015,7/1/25,3.5
E08000015,8/1/25,3.5
E08000015,9/1/25,3.5
E08000015,10/1/25,3.5
E08000015,11/1/25,3.5
E08000015,12/1/25,3.4
E08000015,1/1/26,3.4
E08000015,2/1/26,3.5
E08000016,1/1/18,2.8
E08000016,2/1/18,3.1
E08000016,3/1/18,3.2
E08000016,4/1/18,3.5
E08000016,5/1/18,3.3
E08000016,6/1/18,3.3
E08000016,7/1/18,3.2
E08000016,8/1/18,3.3
E08000016,9/1/18,3.3
E08000016,10/1/18,3.3
E08000016,11/1/18,3.3
E08000016,12/1/18,3.3
E08000016,1/1/19,3.3
E08000016,2/1/19,3.5
E08000016,3/1/19,3.5
E08000016,4/1/19,3.6
E08000016,5/1/19,3.6
E08000016,6/1/19,3.5
E08000016,7/1/19,3.4
E08000016,8/1/19,3.4
E08000016,9/1/19,3.4
E08000016,10/1/19,3.3
E08000016,11/1/19,3.3
E08000016,12/1/19,3.2
E08000016,1/1/20,3.3
E08000016,2/1/20,3.4
E08000016,3/1/20,3.4
E08000016,4/1/20,5.9
E08000016,5/1/20,6.9
E08000016,6/1/20,6.5
E08000016,7/1/20,6.6
E08000016,8/1/20,6.4
E08000016,9/1/20,6.2
E08000016,10/1/20,6.1
E08000016,11/1/20,6.1
E08000016,12/1/20,6.1
E08000016,1/1/21,6.1
E08000016,2/1/21,6.4
E08000016,3/1/21,6.4
E08000016,4/1/21,6.3
E08000016,5/1/21,5.9
E08000016,6/1/21,5.5
E08000016,7/1/21,5.4
E08000016,8/1/21,5.2
E08000016,9/1/21,5.1
E08000016,10/1/21,4.9
E08000016,11/1/21,4.7
E08000016,12/1/21,4.5
E08000016,1/1/22,4.3
E08000016,2/1/22,4.3
E08000016,3/1/22,4
E08000016,4/1/22,3.8
E08000016,5/1/22,3.7
E08000016,6/1/22,3.6
E08000016,7/1/22,3.5
E08000016,8/1/22,3.5
E08000016,9/1/22,3.5
E08000016,10/1/22,3.5
E08000016,11/1/22,3.4
E08000016,12/1/22,3.4
E08000016,1/1/23,3.4
E08000016,2/1/23,3.5
E08000016,3/1/23,3.6
E08000016,4/1/23,3.6
E08000016,5/1/23,3.5
E08000016,6/1/23,3.5
E08000016,7/1/23,3.5
E08000016,8/1/23,3.4
E08000016,9/1/23,3.4
E08000016,10/1/23,3.4
E08000016,11/1/23,3.5
E08000016,12/1/23,3.4
E08000016,1/1/24,3.4
E08000016,2/1/24,3.4
E08000016,3/1/24,3.4
E08000016,4/1/24,3.3
E08000016,5/1/24,3.3
E08000016,6/1/24,3.4
E08000016,7/1/24,3.6
E08000016,8/1/24,3.7
E08000016,9/1/24,3.6
E08000016,10/1/24,3.5
E08000016,11/1/24,3.3
E08000016,12/1/24,3.2
E08000016,1/1/25,3.3
E08000016,2/1/25,3.5
E08000016,3/1/25,3.4
E08000016,4/1/25,3.3
E08000016,5/1/25,3.2
E08000016,6/1/25,3.1
E08000016,7/1/25,3.1
E08000016,8/1/25,3.1
E08000016,9/1/25,3.1
E08000016,10/1/25,3.1
E08000016,11/1/25,3
E08000016,12/1/25,3
E08000016,1/1/26,3.1
E08000016,2/1/26,3.3
E08000017,1/1/18,2.6
E08000017,2/1/18,2.8
E08000017,3/1/18,3
E08000017,4/1/18,3.2
E08000017,5/1/18,3.2
E08000017,6/1/18,3.2
E08000017,7/1/18,3.2
E08000017,8/1/18,3.3
E08000017,9/1/18,3.3
E08000017,10/1/18,3.4
E08000017,11/1/18,3.4
E08000017,12/1/18,3.4
E08000017,1/1/19,3.5
E08000017,2/1/19,3.6
E08000017,3/1/19,3.7
E08000017,4/1/19,3.7
E08000017,5/1/19,3.6
E08000017,6/1/19,3.6
E08000017,7/1/19,3.6
E08000017,8/1/19,3.5
E08000017,9/1/19,3.6
E08000017,10/1/19,3.6
E08000017,11/1/19,3.6
E08000017,12/1/19,3.6
E08000017,1/1/20,3.7
E08000017,2/1/20,3.8
E08000017,3/1/20,4
E08000017,4/1/20,6.6
E08000017,5/1/20,7.6
E08000017,6/1/20,7.4
E08000017,7/1/20,7.5
E08000017,8/1/20,7.5
E08000017,9/1/20,7.3
E08000017,10/1/20,7.2
E08000017,11/1/20,7.3
E08000017,12/1/20,7.3
E08000017,1/1/21,7.2
E08000017,2/1/21,7.5
E08000017,3/1/21,7.6
E08000017,4/1/21,7.6
E08000017,5/1/21,7.1
E08000017,6/1/21,6.7
E08000017,7/1/21,6.6
E08000017,8/1/21,6.3
E08000017,9/1/21,6.1
E08000017,10/1/21,5.8
E08000017,11/1/21,5.6
E08000017,12/1/21,5.4
E08000017,1/1/22,5.2
E08000017,2/1/22,5.3
E08000017,3/1/22,5.1
E08000017,4/1/22,4.9
E08000017,5/1/22,4.8
E08000017,6/1/22,4.7
E08000017,7/1/22,4.6
E08000017,8/1/22,4.5
E08000017,9/1/22,4.5
E08000017,10/1/22,4.5
E08000017,11/1/22,4.5
E08000017,12/1/22,4.5
E08000017,1/1/23,4.5
E08000017,2/1/23,4.5
E08000017,3/1/23,4.6
E08000017,4/1/23,4.8
E08000017,5/1/23,4.7
E08000017,6/1/23,4.7
E08000017,7/1/23,4.6
E08000017,8/1/23,4.6
E08000017,9/1/23,4.5
E08000017,10/1/23,4.5
E08000017,11/1/23,4.5
E08000017,12/1/23,4.6
E08000017,1/1/24,4.5
E08000017,2/1/24,4.6
E08000017,3/1/24,4.5
E08000017,4/1/24,4.5
E08000017,5/1/24,4.5
E08000017,6/1/24,4.6
E08000017,7/1/24,4.9
E08000017,8/1/24,4.9
E08000017,9/1/24,4.9
E08000017,10/1/24,4.7
E08000017,11/1/24,4.5
E08000017,12/1/24,4.4
E08000017,1/1/25,4.4
E08000017,2/1/25,4.4
E08000017,3/1/25,4.4
E08000017,4/1/25,4.3
E08000017,5/1/25,4.2
E08000017,6/1/25,4.1
E08000017,7/1/25,4.1
E08000017,8/1/25,4.1
E08000017,9/1/25,4.1
E08000017,10/1/25,4
E08000017,11/1/25,4
E08000017,12/1/25,4
E08000017,1/1/26,4.1
E08000017,2/1/26,4.3
E08000018,1/1/18,2.6
E08000018,2/1/18,2.7
E08000018,3/1/18,2.7
E08000018,4/1/18,2.8
E08000018,5/1/18,2.7
E08000018,6/1/18,2.5
E08000018,7/1/18,2.5
E08000018,8/1/18,2.5
E08000018,9/1/18,2.5
E08000018,10/1/18,2.7
E08000018,11/1/18,2.8
E08000018,12/1/18,2.9
E08000018,1/1/19,3
E08000018,2/1/19,3.2
E08000018,3/1/19,3.3
E08000018,4/1/19,3.4
E08000018,5/1/19,3.4
E08000018,6/1/19,3.3
E08000018,7/1/19,3.3
E08000018,8/1/19,3.4
E08000018,9/1/19,3.5
E08000018,10/1/19,3.5
E08000018,11/1/19,3.4
E08000018,12/1/19,3.5
E08000018,1/1/20,3.5
E08000018,2/1/20,3.6
E08000018,3/1/20,3.8
E08000018,4/1/20,6.3
E08000018,5/1/20,7.3
E08000018,6/1/20,7
E08000018,7/1/20,7.1
E08000018,8/1/20,7.2
E08000018,9/1/20,7.1
E08000018,10/1/20,6.9
E08000018,11/1/20,7
E08000018,12/1/20,7
E08000018,1/1/21,6.9
E08000018,2/1/21,7.2
E08000018,3/1/21,7.2
E08000018,4/1/21,7.1
E08000018,5/1/21,6.6
E08000018,6/1/21,6.3
E08000018,7/1/21,6.2
E08000018,8/1/21,6.1
E08000018,9/1/21,5.9
E08000018,10/1/21,5.6
E08000018,11/1/21,5.4
E08000018,12/1/21,5.2
E08000018,1/1/22,5.1
E08000018,2/1/22,5.1
E08000018,3/1/22,5
E08000018,4/1/22,4.8
E08000018,5/1/22,4.6
E08000018,6/1/22,4.4
E08000018,7/1/22,4.3
E08000018,8/1/22,4.3
E08000018,9/1/22,4.2
E08000018,10/1/22,4.1
E08000018,11/1/22,4.1
E08000018,12/1/22,4.2
E08000018,1/1/23,4.2
E08000018,2/1/23,4.3
E08000018,3/1/23,4.3
E08000018,4/1/23,4.3
E08000018,5/1/23,4.2
E08000018,6/1/23,4.2
E08000018,7/1/23,4.1
E08000018,8/1/23,4.1
E08000018,9/1/23,4.1
E08000018,10/1/23,4.1
E08000018,11/1/23,4.2
E08000018,12/1/23,4.1
E08000018,1/1/24,4.1
E08000018,2/1/24,4.1
E08000018,3/1/24,4.2
E08000018,4/1/24,4.2
E08000018,5/1/24,4.2
E08000018,6/1/24,4.3
E08000018,7/1/24,4.5
E08000018,8/1/24,4.6
E08000018,9/1/24,4.6
E08000018,10/1/24,4.5
E08000018,11/1/24,4.3
E08000018,12/1/24,4.2
E08000018,1/1/25,4.2
E08000018,2/1/25,4.3
E08000018,3/1/25,4.2
E08000018,4/1/25,4.1
E08000018,5/1/25,3.9
E08000018,6/1/25,3.8
E08000018,7/1/25,3.8
E08000018,8/1/25,3.8
E08000018,9/1/25,3.7
E08000018,10/1/25,3.7
E08000018,11/1/25,3.6
E08000018,12/1/25,3.7
E08000018,1/1/26,3.6
E08000018,2/1/26,3.8
E08000019,1/1/18,2.5
E08000019,2/1/18,2.6
E08000019,3/1/18,2.6
E08000019,4/1/18,2.6
E08000019,5/1/18,2.5
E08000019,6/1/18,2.4
E08000019,7/1/18,2.4
E08000019,8/1/18,2.4
E08000019,9/1/18,2.3
E08000019,10/1/18,2.3
E08000019,11/1/18,2.2
E08000019,12/1/18,2.2
E08000019,1/1/19,2.3
E08000019,2/1/19,2.4
E08000019,3/1/19,2.5
E08000019,4/1/19,2.6
E08000019,5/1/19,2.6
E08000019,6/1/19,2.7
E08000019,7/1/19,2.7
E08000019,8/1/19,2.8
E08000019,9/1/19,2.9
E08000019,10/1/19,2.9
E08000019,11/1/19,3
E08000019,12/1/19,3
E08000019,1/1/20,3.1
E08000019,2/1/20,3.2
E08000019,3/1/20,3.3
E08000019,4/1/20,5.3
E08000019,5/1/20,6.4
E08000019,6/1/20,6.3
E08000019,7/1/20,6.4
E08000019,8/1/20,6.5
E08000019,9/1/20,6.4
E08000019,10/1/20,6.3
E08000019,11/1/20,6.5
E08000019,12/1/20,6.5
E08000019,1/1/21,6.4
E08000019,2/1/21,6.7
E08000019,3/1/21,6.7
E08000019,4/1/21,6.6
E08000019,5/1/21,6.3
E08000019,6/1/21,6
E08000019,7/1/21,5.9
E08000019,8/1/21,5.8
E08000019,9/1/21,5.5
E08000019,10/1/21,5.3
E08000019,11/1/21,5.1
E08000019,12/1/21,5
E08000019,1/1/22,4.7
E08000019,2/1/22,4.7
E08000019,3/1/22,4.6
E08000019,4/1/22,4.5
E08000019,5/1/22,4.3
E08000019,6/1/22,4.2
E08000019,7/1/22,4.2
E08000019,8/1/22,4.1
E08000019,9/1/22,4.1
E08000019,10/1/22,4
E08000019,11/1/22,4
E08000019,12/1/22,4
E08000019,1/1/23,4
E08000019,2/1/23,4
E08000019,3/1/23,4.2
E08000019,4/1/23,4.3
E08000019,5/1/23,4.2
E08000019,6/1/23,4.2
E08000019,7/1/23,4.2
E08000019,8/1/23,4.2
E08000019,9/1/23,4.1
E08000019,10/1/23,4.1
E08000019,11/1/23,4.2
E08000019,12/1/23,4.2
E08000019,1/1/24,4.2
E08000019,2/1/24,4.2
E08000019,3/1/24,4.2
E08000019,4/1/24,4.2
E08000019,5/1/24,4.3
E08000019,6/1/24,4.5
E08000019,7/1/24,4.8
E08000019,8/1/24,4.8
E08000019,9/1/24,4.8
E08000019,10/1/24,4.8
E08000019,11/1/24,4.7
E08000019,12/1/24,4.6
E08000019,1/1/25,4.6
E08000019,2/1/25,4.7
E08000019,3/1/25,4.6
E08000019,4/1/25,4.6
E08000019,5/1/25,4.5
E08000019,6/1/25,4.4
E08000019,7/1/25,4.4
E08000019,8/1/25,4.4
E08000019,9/1/25,4.3
E08000019,10/1/25,4.3
E08000019,11/1/25,4.2
E08000019,12/1/25,4.1
E08000019,1/1/26,4.2
E08000019,2/1/26,4.4
E08000021,1/1/18,3.8
E08000021,2/1/18,4
E08000021,3/1/18,4
E08000021,4/1/18,4.3
E08000021,5/1/18,4.1
E08000021,6/1/18,4.1
E08000021,7/1/18,4
E08000021,8/1/18,4.1
E08000021,9/1/18,4.1
E08000021,10/1/18,4.2
E08000021,11/1/18,4.2
E08000021,12/1/18,4.3
E08000021,1/1/19,4.3
E08000021,2/1/19,4.5
E08000021,3/1/19,4.5
E08000021,4/1/19,4.5
E08000021,5/1/19,4.5
E08000021,6/1/19,4.5
E08000021,7/1/19,4.4
E08000021,8/1/19,4.4
E08000021,9/1/19,4.4
E08000021,10/1/19,4.4
E08000021,11/1/19,4.4
E08000021,12/1/19,4.4
E08000021,1/1/20,4.5
E08000021,2/1/20,4.6
E08000021,3/1/20,4.6
E08000021,4/1/20,6.9
E08000021,5/1/20,7.6
E08000021,6/1/20,7.5
E08000021,7/1/20,7.6
E08000021,8/1/20,7.7
E08000021,9/1/20,7.7
E08000021,10/1/20,7.5
E08000021,11/1/20,7.6
E08000021,12/1/20,7.5
E08000021,1/1/21,7.5
E08000021,2/1/21,7.7
E08000021,3/1/21,7.7
E08000021,4/1/21,7.5
E08000021,5/1/21,7.1
E08000021,6/1/21,6.7
E08000021,7/1/21,6.6
E08000021,8/1/21,6.4
E08000021,9/1/21,6.2
E08000021,10/1/21,5.9
E08000021,11/1/21,5.7
E08000021,12/1/21,5.5
E08000021,1/1/22,5.2
E08000021,2/1/22,5.2
E08000021,3/1/22,5.1
E08000021,4/1/22,4.8
E08000021,5/1/22,4.6
E08000021,6/1/22,4.5
E08000021,7/1/22,4.4
E08000021,8/1/22,4.4
E08000021,9/1/22,4.3
E08000021,10/1/22,4.3
E08000021,11/1/22,4.4
E08000021,12/1/22,4.4
E08000021,1/1/23,4.2
E08000021,2/1/23,4.3
E08000021,3/1/23,4.4
E08000021,4/1/23,4.5
E08000021,5/1/23,4.2
E08000021,6/1/23,4.2
E08000021,7/1/23,4.2
E08000021,8/1/23,4.1
E08000021,9/1/23,4
E08000021,10/1/23,4
E08000021,11/1/23,4
E08000021,12/1/23,3.9
E08000021,1/1/24,3.8
E08000021,2/1/24,3.9
E08000021,3/1/24,3.9
E08000021,4/1/24,3.9
E08000021,5/1/24,4
E08000021,6/1/24,4
E08000021,7/1/24,4.5
E08000021,8/1/24,4.4
E08000021,9/1/24,4.4
E08000021,10/1/24,4.3
E08000021,11/1/24,4.3
E08000021,12/1/24,4.2
E08000021,1/1/25,4.2
E08000021,2/1/25,4.2
E08000021,3/1/25,4.2
E08000021,4/1/25,4
E08000021,5/1/25,4
E08000021,6/1/25,4
E08000021,7/1/25,4
E08000021,8/1/25,4
E08000021,9/1/25,4
E08000021,10/1/25,3.9
E08000021,11/1/25,3.8
E08000021,12/1/25,3.8
E08000021,1/1/26,3.9
E08000021,2/1/26,4
E08000022,1/1/18,2.7
E08000022,2/1/18,2.7
E08000022,3/1/18,2.8
E08000022,4/1/18,2.8
E08000022,5/1/18,2.7
E08000022,6/1/18,2.7
E08000022,7/1/18,2.7
E08000022,8/1/18,2.8
E08000022,9/1/18,2.9
E08000022,10/1/18,3.1
E08000022,11/1/18,3.2
E08000022,12/1/18,3.3
E08000022,1/1/19,3.4
E08000022,2/1/19,3.6
E08000022,3/1/19,3.7
E08000022,4/1/19,3.8
E08000022,5/1/19,3.7
E08000022,6/1/19,3.7
E08000022,7/1/19,3.7
E08000022,8/1/19,3.6
E08000022,9/1/19,3.5
E08000022,10/1/19,3.6
E08000022,11/1/19,3.6
E08000022,12/1/19,3.6
E08000022,1/1/20,3.6
E08000022,2/1/20,3.7
E08000022,3/1/20,3.8
E08000022,4/1/20,6
E08000022,5/1/20,6.5
E08000022,6/1/20,6.3
E08000022,7/1/20,6.4
E08000022,8/1/20,6.5
E08000022,9/1/20,6.5
E08000022,10/1/20,6.3
E08000022,11/1/20,6.3
E08000022,12/1/20,6.3
E08000022,1/1/21,6.2
E08000022,2/1/21,6.4
E08000022,3/1/21,6.3
E08000022,4/1/21,6.1
E08000022,5/1/21,5.8
E08000022,6/1/21,5.4
E08000022,7/1/21,5.2
E08000022,8/1/21,5
E08000022,9/1/21,4.8
E08000022,10/1/21,4.6
E08000022,11/1/21,4.4
E08000022,12/1/21,4.2
E08000022,1/1/22,4.1
E08000022,2/1/22,4.1
E08000022,3/1/22,4
E08000022,4/1/22,3.7
E08000022,5/1/22,3.6
E08000022,6/1/22,3.5
E08000022,7/1/22,3.4
E08000022,8/1/22,3.4
E08000022,9/1/22,3.4
E08000022,10/1/22,3.3
E08000022,11/1/22,3.4
E08000022,12/1/22,3.5
E08000022,1/1/23,3.4
E08000022,2/1/23,3.4
E08000022,3/1/23,3.5
E08000022,4/1/23,3.4
E08000022,5/1/23,3.3
E08000022,6/1/23,3.4
E08000022,7/1/23,3.4
E08000022,8/1/23,3.4
E08000022,9/1/23,3.4
E08000022,10/1/23,3.3
E08000022,11/1/23,3.3
E08000022,12/1/23,3.3
E08000022,1/1/24,3.3
E08000022,2/1/24,3.3
E08000022,3/1/24,3.3
E08000022,4/1/24,3.2
E08000022,5/1/24,3.3
E08000022,6/1/24,3.3
E08000022,7/1/24,3.5
E08000022,8/1/24,3.5
E08000022,9/1/24,3.5
E08000022,10/1/24,3.5
E08000022,11/1/24,3.5
E08000022,12/1/24,3.4
E08000022,1/1/25,3.3
E08000022,2/1/25,3.4
E08000022,3/1/25,3.4
E08000022,4/1/25,3.2
E08000022,5/1/25,3.1
E08000022,6/1/25,3.1
E08000022,7/1/25,3.1
E08000022,8/1/25,3.1
E08000022,9/1/25,3.1
E08000022,10/1/25,3.1
E08000022,11/1/25,3.2
E08000022,12/1/25,3.2
E08000022,1/1/26,3.2
E08000022,2/1/26,3.4
E08000023,1/1/18,4.6
E08000023,2/1/18,4.7
E08000023,3/1/18,4.9
E08000023,4/1/18,4.9
E08000023,5/1/18,4.8
E08000023,6/1/18,4.5
E08000023,7/1/18,4.7
E08000023,8/1/18,4.7
E08000023,9/1/18,5
E08000023,10/1/18,5.2
E08000023,11/1/18,5.3
E08000023,12/1/18,5.5
E08000023,1/1/19,5.7
E08000023,2/1/19,6
E08000023,3/1/19,6.1
E08000023,4/1/19,6.2
E08000023,5/1/19,6.1
E08000023,6/1/19,6.1
E08000023,7/1/19,6
E08000023,8/1/19,6
E08000023,9/1/19,5.9
E08000023,10/1/19,6
E08000023,11/1/19,6
E08000023,12/1/19,6.1
E08000023,1/1/20,6.2
E08000023,2/1/20,6.3
E08000023,3/1/20,6.4
E08000023,4/1/20,9.2
E08000023,5/1/20,9.7
E08000023,6/1/20,9.5
E08000023,7/1/20,9.7
E08000023,8/1/20,9.7
E08000023,9/1/20,9.5
E08000023,10/1/20,9.3
E08000023,11/1/20,9.2
E08000023,12/1/20,9
E08000023,1/1/21,9.1
E08000023,2/1/21,9.3
E08000023,3/1/21,9.3
E08000023,4/1/21,9.1
E08000023,5/1/21,8.7
E08000023,6/1/21,8.2
E08000023,7/1/21,8
E08000023,8/1/21,7.7
E08000023,9/1/21,7.4
E08000023,10/1/21,7.1
E08000023,11/1/21,6.8
E08000023,12/1/21,6.6
E08000023,1/1/22,6.6
E08000023,2/1/22,6.6
E08000023,3/1/22,6.4
E08000023,4/1/22,6.2
E08000023,5/1/22,5.9
E08000023,6/1/22,5.9
E08000023,7/1/22,5.8
E08000023,8/1/22,5.7
E08000023,9/1/22,5.7
E08000023,10/1/22,5.6
E08000023,11/1/22,5.6
E08000023,12/1/22,5.6
E08000023,1/1/23,5.5
E08000023,2/1/23,5.6
E08000023,3/1/23,5.7
E08000023,4/1/23,5.7
E08000023,5/1/23,5.5
E08000023,6/1/23,5.4
E08000023,7/1/23,5.5
E08000023,8/1/23,5.3
E08000023,9/1/23,5.2
E08000023,10/1/23,5.1
E08000023,11/1/23,5.1
E08000023,12/1/23,5.1
E08000023,1/1/24,5.1
E08000023,2/1/24,5.2
E08000023,3/1/24,5.2
E08000023,4/1/24,5.1
E08000023,5/1/24,5.1
E08000023,6/1/24,5.1
E08000023,7/1/24,5.4
E08000023,8/1/24,5.3
E08000023,9/1/24,5.3
E08000023,10/1/24,5.3
E08000023,11/1/24,5.2
E08000023,12/1/24,5.2
E08000023,1/1/25,5.1
E08000023,2/1/25,5.1
E08000023,3/1/25,5.1
E08000023,4/1/25,4.9
E08000023,5/1/25,4.7
E08000023,6/1/25,4.8
E08000023,7/1/25,4.7
E08000023,8/1/25,4.8
E08000023,9/1/25,4.5
E08000023,10/1/25,4.6
E08000023,11/1/25,4.7
E08000023,12/1/25,4.7
E08000023,1/1/26,4.7
E08000023,2/1/26,4.9
E08000024,1/1/18,3.2
E08000024,2/1/18,3.4
E08000024,3/1/18,3.5
E08000024,4/1/18,3.4
E08000024,5/1/18,3.4
E08000024,6/1/18,3.4
E08000024,7/1/18,3.4
E08000024,8/1/18,3.3
E08000024,9/1/18,3.5
E08000024,10/1/18,3.7
E08000024,11/1/18,3.9
E08000024,12/1/18,4.1
E08000024,1/1/19,4.3
E08000024,2/1/19,4.6
E08000024,3/1/19,4.8
E08000024,4/1/19,4.8
E08000024,5/1/19,4.9
E08000024,6/1/19,5
E08000024,7/1/19,4.9
E08000024,8/1/19,5
E08000024,9/1/19,5
E08000024,10/1/19,5
E08000024,11/1/19,5
E08000024,12/1/19,4.9
E08000024,1/1/20,5
E08000024,2/1/20,5.2
E08000024,3/1/20,5.2
E08000024,4/1/20,7.8
E08000024,5/1/20,8.5
E08000024,6/1/20,8.4
E08000024,7/1/20,8.4
E08000024,8/1/20,8.5
E08000024,9/1/20,8.4
E08000024,10/1/20,8.2
E08000024,11/1/20,8.1
E08000024,12/1/20,7.9
E08000024,1/1/21,7.7
E08000024,2/1/21,7.9
E08000024,3/1/21,7.8
E08000024,4/1/21,7.7
E08000024,5/1/21,7.4
E08000024,6/1/21,7
E08000024,7/1/21,6.8
E08000024,8/1/21,6.7
E08000024,9/1/21,6.3
E08000024,10/1/21,6.1
E08000024,11/1/21,5.9
E08000024,12/1/21,5.7
E08000024,1/1/22,5.6
E08000024,2/1/22,5.6
E08000024,3/1/22,5.4
E08000024,4/1/22,5
E08000024,5/1/22,4.9
E08000024,6/1/22,4.8
E08000024,7/1/22,4.7
E08000024,8/1/22,4.7
E08000024,9/1/22,4.6
E08000024,10/1/22,4.6
E08000024,11/1/22,4.6
E08000024,12/1/22,4.6
E08000024,1/1/23,4.5
E08000024,2/1/23,4.6
E08000024,3/1/23,4.6
E08000024,4/1/23,4.4
E08000024,5/1/23,4.2
E08000024,6/1/23,4.3
E08000024,7/1/23,4.3
E08000024,8/1/23,4.3
E08000024,9/1/23,4.2
E08000024,10/1/23,4
E08000024,11/1/23,4
E08000024,12/1/23,4
E08000024,1/1/24,4
E08000024,2/1/24,4
E08000024,3/1/24,4
E08000024,4/1/24,4
E08000024,5/1/24,4.1
E08000024,6/1/24,4.1
E08000024,7/1/24,4.5
E08000024,8/1/24,4.4
E08000024,9/1/24,4.4
E08000024,10/1/24,4.4
E08000024,11/1/24,4.3
E08000024,12/1/24,4.2
E08000024,1/1/25,4.2
E08000024,2/1/25,4.2
E08000024,3/1/25,4.2
E08000024,4/1/25,4
E08000024,5/1/25,3.9
E08000024,6/1/25,4
E08000024,7/1/25,3.9
E08000024,8/1/25,3.8
E08000024,9/1/25,3.8
E08000024,10/1/25,3.8
E08000024,11/1/25,3.7
E08000024,12/1/25,3.6
E08000024,1/1/26,3.7
E08000024,2/1/26,3.8
E08000025,1/1/18,4.2
E08000025,2/1/18,4.4
E08000025,3/1/18,4.6
E08000025,4/1/18,4.8
E08000025,5/1/18,4.9
E08000025,6/1/18,5
E08000025,7/1/18,5.2
E08000025,8/1/18,5.2
E08000025,9/1/18,5.3
E08000025,10/1/18,5.4
E08000025,11/1/18,5.4
E08000025,12/1/18,5.4
E08000025,1/1/19,5.5
E08000025,2/1/19,5.7
E08000025,3/1/19,5.8
E08000025,4/1/19,6
E08000025,5/1/19,6
E08000025,6/1/19,6.2
E08000025,7/1/19,6.2
E08000025,8/1/19,6.3
E08000025,9/1/19,6.4
E08000025,10/1/19,6.4
E08000025,11/1/19,6.5
E08000025,12/1/19,6.5
E08000025,1/1/20,6.5
E08000025,2/1/20,6.6
E08000025,3/1/20,6.7
E08000025,4/1/20,8.9
E08000025,5/1/20,10.5
E08000025,6/1/20,10.5
E08000025,7/1/20,10.7
E08000025,8/1/20,10.9
E08000025,9/1/20,10.9
E08000025,10/1/20,10.9
E08000025,11/1/20,11
E08000025,12/1/20,11
E08000025,1/1/21,11
E08000025,2/1/21,11.3
E08000025,3/1/21,11.4
E08000025,4/1/21,11.3
E08000025,5/1/21,10.9
E08000025,6/1/21,10.6
E08000025,7/1/21,10.4
E08000025,8/1/21,10.2
E08000025,9/1/21,9.9
E08000025,10/1/21,9.6
E08000025,11/1/21,9.3
E08000025,12/1/21,9.1
E08000025,1/1/22,8.8
E08000025,2/1/22,8.9
E08000025,3/1/22,8.8
E08000025,4/1/22,8.6
E08000025,5/1/22,8.5
E08000025,6/1/22,8.3
E08000025,7/1/22,8.2
E08000025,8/1/22,8.2
E08000025,9/1/22,8.1
E08000025,10/1/22,8
E08000025,11/1/22,8.1
E08000025,12/1/22,8.1
E08000025,1/1/23,7.9
E08000025,2/1/23,8
E08000025,3/1/23,8.1
E08000025,4/1/23,8.4
E08000025,5/1/23,8.2
E08000025,6/1/23,8.2
E08000025,7/1/23,8.3
E08000025,8/1/23,8.2
E08000025,9/1/23,8.2
E08000025,10/1/23,8.2
E08000025,11/1/23,8.2
E08000025,12/1/23,8.3
E08000025,1/1/24,8.2
E08000025,2/1/24,8.4
E08000025,3/1/24,8.6
E08000025,4/1/24,8.5
E08000025,5/1/24,8.7
E08000025,6/1/24,9.4
E08000025,7/1/24,10.1
E08000025,8/1/24,10.2
E08000025,9/1/24,10.3
E08000025,10/1/24,10.3
E08000025,11/1/24,10.3
E08000025,12/1/24,10.2
E08000025,1/1/25,10.1
E08000025,2/1/25,10.3
E08000025,3/1/25,10.4
E08000025,4/1/25,10.3
E08000025,5/1/25,10.2
E08000025,6/1/25,10.2
E08000025,7/1/25,10.1
E08000025,8/1/25,10
E08000025,9/1/25,10
E08000025,10/1/25,9.9
E08000025,11/1/25,9.9
E08000025,12/1/25,9.8
E08000025,1/1/26,9.7
E08000025,2/1/26,10
E08000026,1/1/18,1.9
E08000026,2/1/18,2
E08000026,3/1/18,2
E08000026,4/1/18,2.1
E08000026,5/1/18,2.1
E08000026,6/1/18,2
E08000026,7/1/18,1.9
E08000026,8/1/18,1.9
E08000026,9/1/18,1.9
E08000026,10/1/18,2
E08000026,11/1/18,2.1
E08000026,12/1/18,2.2
E08000026,1/1/19,2.3
E08000026,2/1/19,2.6
E08000026,3/1/19,2.7
E08000026,4/1/19,2.8
E08000026,5/1/19,2.9
E08000026,6/1/19,3
E08000026,7/1/19,3.1
E08000026,8/1/19,3.2
E08000026,9/1/19,3.2
E08000026,10/1/19,3.2
E08000026,11/1/19,3.3
E08000026,12/1/19,3.3
E08000026,1/1/20,3.3
E08000026,2/1/20,3.4
E08000026,3/1/20,3.5
E08000026,4/1/20,5.4
E08000026,5/1/20,6.9
E08000026,6/1/20,7
E08000026,7/1/20,7.1
E08000026,8/1/20,7.2
E08000026,9/1/20,7.3
E08000026,10/1/20,7.3
E08000026,11/1/20,7.3
E08000026,12/1/20,7.3
E08000026,1/1/21,7.2
E08000026,2/1/21,7.6
E08000026,3/1/21,7.7
E08000026,4/1/21,7.5
E08000026,5/1/21,7.1
E08000026,6/1/21,6.9
E08000026,7/1/21,6.7
E08000026,8/1/21,6.5
E08000026,9/1/21,6.2
E08000026,10/1/21,5.9
E08000026,11/1/21,5.8
E08000026,12/1/21,5.5
E08000026,1/1/22,5.3
E08000026,2/1/22,5.4
E08000026,3/1/22,5.3
E08000026,4/1/22,5.2
E08000026,5/1/22,5.1
E08000026,6/1/22,5.1
E08000026,7/1/22,5
E08000026,8/1/22,5
E08000026,9/1/22,5.1
E08000026,10/1/22,5
E08000026,11/1/22,5.1
E08000026,12/1/22,5.1
E08000026,1/1/23,5
E08000026,2/1/23,5.1
E08000026,3/1/23,5.4
E08000026,4/1/23,5.6
E08000026,5/1/23,5.5
E08000026,6/1/23,5.5
E08000026,7/1/23,5.4
E08000026,8/1/23,5.3
E08000026,9/1/23,5.3
E08000026,10/1/23,5.2
E08000026,11/1/23,5.2
E08000026,12/1/23,5.1
E08000026,1/1/24,5
E08000026,2/1/24,5.1
E08000026,3/1/24,5.1
E08000026,4/1/24,5.1
E08000026,5/1/24,5.2
E08000026,6/1/24,5.4
E08000026,7/1/24,5.7
E08000026,8/1/24,5.7
E08000026,9/1/24,5.7
E08000026,10/1/24,5.6
E08000026,11/1/24,5.6
E08000026,12/1/24,5.4
E08000026,1/1/25,5.4
E08000026,2/1/25,5.6
E08000026,3/1/25,5.7
E08000026,4/1/25,5.6
E08000026,5/1/25,5.6
E08000026,6/1/25,5.6
E08000026,7/1/25,5.5
E08000026,8/1/25,5.5
E08000026,9/1/25,5.5
E08000026,10/1/25,5.5
E08000026,11/1/25,5.5
E08000026,12/1/25,5.3
E08000026,1/1/26,5.3
E08000026,2/1/26,5.7
E08000027,1/1/18,3.3
E08000027,2/1/18,3.5
E08000027,3/1/18,3.6
E08000027,4/1/18,3.8
E08000027,5/1/18,3.7
E08000027,6/1/18,3.7
E08000027,7/1/18,3.8
E08000027,8/1/18,3.8
E08000027,9/1/18,3.8
E08000027,10/1/18,3.8
E08000027,11/1/18,3.8
E08000027,12/1/18,3.8
E08000027,1/1/19,3.9
E08000027,2/1/19,4
E08000027,3/1/19,4
E08000027,4/1/19,4
E08000027,5/1/19,4
E08000027,6/1/19,4.1
E08000027,7/1/19,4.1
E08000027,8/1/19,4.2
E08000027,9/1/19,4.2
E08000027,10/1/19,4.2
E08000027,11/1/19,4.3
E08000027,12/1/19,4.2
E08000027,1/1/20,4.2
E08000027,2/1/20,4.3
E08000027,3/1/20,4.4
E08000027,4/1/20,6.6
E08000027,5/1/20,7.5
E08000027,6/1/20,7.2
E08000027,7/1/20,7.3
E08000027,8/1/20,7.5
E08000027,9/1/20,7.5
E08000027,10/1/20,7.2
E08000027,11/1/20,7.4
E08000027,12/1/20,7.3
E08000027,1/1/21,7.2
E08000027,2/1/21,7.4
E08000027,3/1/21,7.3
E08000027,4/1/21,7.1
E08000027,5/1/21,6.8
E08000027,6/1/21,6.4
E08000027,7/1/21,6.3
E08000027,8/1/21,6.1
E08000027,9/1/21,5.9
E08000027,10/1/21,5.8
E08000027,11/1/21,5.5
E08000027,12/1/21,5.3
E08000027,1/1/22,5.2
E08000027,2/1/22,5.2
E08000027,3/1/22,5.1
E08000027,4/1/22,5.1
E08000027,5/1/22,4.9
E08000027,6/1/22,4.8
E08000027,7/1/22,4.7
E08000027,8/1/22,4.7
E08000027,9/1/22,4.6
E08000027,10/1/22,4.6
E08000027,11/1/22,4.6
E08000027,12/1/22,4.6
E08000027,1/1/23,4.6
E08000027,2/1/23,4.6
E08000027,3/1/23,4.6
E08000027,4/1/23,4.8
E08000027,5/1/23,4.6
E08000027,6/1/23,4.5
E08000027,7/1/23,4.5
E08000027,8/1/23,4.5
E08000027,9/1/23,4.5
E08000027,10/1/23,4.5
E08000027,11/1/23,4.5
E08000027,12/1/23,4.5
E08000027,1/1/24,4.4
E08000027,2/1/24,4.5
E08000027,3/1/24,4.5
E08000027,4/1/24,4.4
E08000027,5/1/24,4.4
E08000027,6/1/24,4.6
E08000027,7/1/24,5
E08000027,8/1/24,5
E08000027,9/1/24,5.1
E08000027,10/1/24,5.1
E08000027,11/1/24,4.9
E08000027,12/1/24,4.8
E08000027,1/1/25,4.9
E08000027,2/1/25,4.9
E08000027,3/1/25,4.9
E08000027,4/1/25,4.8
E08000027,5/1/25,4.7
E08000027,6/1/25,4.7
E08000027,7/1/25,4.6
E08000027,8/1/25,4.6
E08000027,9/1/25,4.6
E08000027,10/1/25,4.6
E08000027,11/1/25,4.6
E08000027,12/1/25,4.5
E08000027,1/1/26,4.6
E08000027,2/1/26,4.8
E08000028,1/1/18,3.4
E08000028,2/1/18,3.5
E08000028,3/1/18,3.5
E08000028,4/1/18,3.6
E08000028,5/1/18,3.6
E08000028,6/1/18,3.5
E08000028,7/1/18,3.5
E08000028,8/1/18,3.5
E08000028,9/1/18,3.5
E08000028,10/1/18,3.4
E08000028,11/1/18,3.4
E08000028,12/1/18,3.3
E08000028,1/1/19,3.5
E08000028,2/1/19,3.5
E08000028,3/1/19,3.7
E08000028,4/1/19,3.8
E08000028,5/1/19,3.9
E08000028,6/1/19,4.1
E08000028,7/1/19,4.3
E08000028,8/1/19,4.4
E08000028,9/1/19,4.5
E08000028,10/1/19,4.6
E08000028,11/1/19,4.7
E08000028,12/1/19,4.7
E08000028,1/1/20,4.6
E08000028,2/1/20,4.8
E08000028,3/1/20,5
E08000028,4/1/20,7
E08000028,5/1/20,8.6
E08000028,6/1/20,8.6
E08000028,7/1/20,8.7
E08000028,8/1/20,8.9
E08000028,9/1/20,8.9
E08000028,10/1/20,8.8
E08000028,11/1/20,9
E08000028,12/1/20,9
E08000028,1/1/21,8.9
E08000028,2/1/21,9.2
E08000028,3/1/21,9.2
E08000028,4/1/21,9.1
E08000028,5/1/21,8.7
E08000028,6/1/21,8.2
E08000028,7/1/21,8
E08000028,8/1/21,7.8
E08000028,9/1/21,7.5
E08000028,10/1/21,7.3
E08000028,11/1/21,7.1
E08000028,12/1/21,6.9
E08000028,1/1/22,6.7
E08000028,2/1/22,6.6
E08000028,3/1/22,6.6
E08000028,4/1/22,6.4
E08000028,5/1/22,6.2
E08000028,6/1/22,6.2
E08000028,7/1/22,6.1
E08000028,8/1/22,6
E08000028,9/1/22,6
E08000028,10/1/22,6
E08000028,11/1/22,6.1
E08000028,12/1/22,6.1
E08000028,1/1/23,6
E08000028,2/1/23,6
E08000028,3/1/23,6.1
E08000028,4/1/23,6.3
E08000028,5/1/23,6
E08000028,6/1/23,6
E08000028,7/1/23,6.1
E08000028,8/1/23,6
E08000028,9/1/23,6
E08000028,10/1/23,6
E08000028,11/1/23,6
E08000028,12/1/23,5.9
E08000028,1/1/24,5.8
E08000028,2/1/24,5.9
E08000028,3/1/24,5.9
E08000028,4/1/24,5.9
E08000028,5/1/24,6
E08000028,6/1/24,6.4
E08000028,7/1/24,7.1
E08000028,8/1/24,7.1
E08000028,9/1/24,7.2
E08000028,10/1/24,7.1
E08000028,11/1/24,7
E08000028,12/1/24,6.9
E08000028,1/1/25,6.8
E08000028,2/1/25,7.1
E08000028,3/1/25,7.1
E08000028,4/1/25,7
E08000028,5/1/25,6.9
E08000028,6/1/25,6.9
E08000028,7/1/25,6.7
E08000028,8/1/25,6.7
E08000028,9/1/25,6.7
E08000028,10/1/25,6.7
E08000028,11/1/25,6.6
E08000028,12/1/25,6.5
E08000028,1/1/26,6.4
E08000028,2/1/26,6.8
E08000029,1/1/18,2
E08000029,2/1/18,2.2
E08000029,3/1/18,2.3
E08000029,4/1/18,2.4
E08000029,5/1/18,2.4
E08000029,6/1/18,2.3
E08000029,7/1/18,2.3
E08000029,8/1/18,2.4
E08000029,9/1/18,2.4
E08000029,10/1/18,2.4
E08000029,11/1/18,2.4
E08000029,12/1/18,2.4
E08000029,1/1/19,2.4
E08000029,2/1/19,2.6
E08000029,3/1/19,2.7
E08000029,4/1/19,2.7
E08000029,5/1/19,2.7
E08000029,6/1/19,2.7
E08000029,7/1/19,2.6
E08000029,8/1/19,2.7
E08000029,9/1/19,2.7
E08000029,10/1/19,2.8
E08000029,11/1/19,2.8
E08000029,12/1/19,2.8
E08000029,1/1/20,2.8
E08000029,2/1/20,2.8
E08000029,3/1/20,2.8
E08000029,4/1/20,4.5
E08000029,5/1/20,5.7
E08000029,6/1/20,5.6
E08000029,7/1/20,5.7
E08000029,8/1/20,5.8
E08000029,9/1/20,5.9
E08000029,10/1/20,5.7
E08000029,11/1/20,5.9
E08000029,12/1/20,5.8
E08000029,1/1/21,5.7
E08000029,2/1/21,5.9
E08000029,3/1/21,5.9
E08000029,4/1/21,5.7
E08000029,5/1/21,5.3
E08000029,6/1/21,5
E08000029,7/1/21,4.8
E08000029,8/1/21,4.7
E08000029,9/1/21,4.5
E08000029,10/1/21,4.3
E08000029,11/1/21,4.1
E08000029,12/1/21,3.9
E08000029,1/1/22,3.8
E08000029,2/1/22,3.8
E08000029,3/1/22,3.7
E08000029,4/1/22,3.6
E08000029,5/1/22,3.5
E08000029,6/1/22,3.4
E08000029,7/1/22,3.4
E08000029,8/1/22,3.3
E08000029,9/1/22,3.2
E08000029,10/1/22,3.1
E08000029,11/1/22,3.1
E08000029,12/1/22,3.1
E08000029,1/1/23,3.1
E08000029,2/1/23,3.1
E08000029,3/1/23,3.2
E08000029,4/1/23,3.3
E08000029,5/1/23,3.2
E08000029,6/1/23,3.2
E08000029,7/1/23,3.2
E08000029,8/1/23,3.1
E08000029,9/1/23,3.1
E08000029,10/1/23,3.1
E08000029,11/1/23,3.1
E08000029,12/1/23,3.1
E08000029,1/1/24,3.2
E08000029,2/1/24,3.2
E08000029,3/1/24,3.2
E08000029,4/1/24,3.1
E08000029,5/1/24,3.1
E08000029,6/1/24,3.3
E08000029,7/1/24,3.6
E08000029,8/1/24,3.6
E08000029,9/1/24,3.7
E08000029,10/1/24,3.6
E08000029,11/1/24,3.6
E08000029,12/1/24,3.6
E08000029,1/1/25,3.5
E08000029,2/1/25,3.7
E08000029,3/1/25,3.6
E08000029,4/1/25,3.6
E08000029,5/1/25,3.6
E08000029,6/1/25,3.6
E08000029,7/1/25,3.5
E08000029,8/1/25,3.5
E08000029,9/1/25,3.5
E08000029,10/1/25,3.5
E08000029,11/1/25,3.5
E08000029,12/1/25,3.5
E08000029,1/1/26,3.5
E08000029,2/1/26,3.7
E08000030,1/1/18,2.8
E08000030,2/1/18,2.9
E08000030,3/1/18,3
E08000030,4/1/18,3
E08000030,5/1/18,3
E08000030,6/1/18,2.9
E08000030,7/1/18,2.9
E08000030,8/1/18,2.9
E08000030,9/1/18,2.9
E08000030,10/1/18,2.9
E08000030,11/1/18,3.1
E08000030,12/1/18,3.3
E08000030,1/1/19,3.4
E08000030,2/1/19,3.6
E08000030,3/1/19,3.7
E08000030,4/1/19,3.8
E08000030,5/1/19,3.9
E08000030,6/1/19,4.2
E08000030,7/1/19,4.3
E08000030,8/1/19,4.4
E08000030,9/1/19,4.5
E08000030,10/1/19,4.6
E08000030,11/1/19,4.6
E08000030,12/1/19,4.6
E08000030,1/1/20,4.6
E08000030,2/1/20,4.8
E08000030,3/1/20,5
E08000030,4/1/20,7.1
E08000030,5/1/20,8.7
E08000030,6/1/20,8.5
E08000030,7/1/20,8.6
E08000030,8/1/20,8.7
E08000030,9/1/20,8.7
E08000030,10/1/20,8.5
E08000030,11/1/20,8.6
E08000030,12/1/20,8.5
E08000030,1/1/21,8.4
E08000030,2/1/21,8.8
E08000030,3/1/21,8.8
E08000030,4/1/21,8.7
E08000030,5/1/21,8.2
E08000030,6/1/21,7.8
E08000030,7/1/21,7.7
E08000030,8/1/21,7.4
E08000030,9/1/21,7.1
E08000030,10/1/21,6.9
E08000030,11/1/21,6.6
E08000030,12/1/21,6.4
E08000030,1/1/22,6.3
E08000030,2/1/22,6.2
E08000030,3/1/22,6.1
E08000030,4/1/22,5.9
E08000030,5/1/22,5.6
E08000030,6/1/22,5.5
E08000030,7/1/22,5.4
E08000030,8/1/22,5.5
E08000030,9/1/22,5.4
E08000030,10/1/22,5.3
E08000030,11/1/22,5.4
E08000030,12/1/22,5.4
E08000030,1/1/23,5.3
E08000030,2/1/23,5.3
E08000030,3/1/23,5.5
E08000030,4/1/23,5.7
E08000030,5/1/23,5.5
E08000030,6/1/23,5.5
E08000030,7/1/23,5.5
E08000030,8/1/23,5.4
E08000030,9/1/23,5.3
E08000030,10/1/23,5.3
E08000030,11/1/23,5.3
E08000030,12/1/23,5.3
E08000030,1/1/24,5.2
E08000030,2/1/24,5.3
E08000030,3/1/24,5.4
E08000030,4/1/24,5.2
E08000030,5/1/24,5.3
E08000030,6/1/24,5.6
E08000030,7/1/24,6.2
E08000030,8/1/24,6.2
E08000030,9/1/24,6.3
E08000030,10/1/24,6.3
E08000030,11/1/24,6.2
E08000030,12/1/24,6
E08000030,1/1/25,5.9
E08000030,2/1/25,6.1
E08000030,3/1/25,6.1
E08000030,4/1/25,5.9
E08000030,5/1/25,5.9
E08000030,6/1/25,5.9
E08000030,7/1/25,5.9
E08000030,8/1/25,5.8
E08000030,9/1/25,5.7
E08000030,10/1/25,5.7
E08000030,11/1/25,5.7
E08000030,12/1/25,5.5
E08000030,1/1/26,5.5
E08000030,2/1/26,5.8
E08000031,1/1/18,4.1
E08000031,2/1/18,4.2
E08000031,3/1/18,4.4
E08000031,4/1/18,4.7
E08000031,5/1/18,4.7
E08000031,6/1/18,4.8
E08000031,7/1/18,4.9
E08000031,8/1/18,5
E08000031,9/1/18,5.1
E08000031,10/1/18,5.1
E08000031,11/1/18,5.2
E08000031,12/1/18,5.1
E08000031,1/1/19,5.2
E08000031,2/1/19,5.3
E08000031,3/1/19,5.5
E08000031,4/1/19,5.5
E08000031,5/1/19,5.6
E08000031,6/1/19,5.6
E08000031,7/1/19,5.8
E08000031,8/1/19,5.8
E08000031,9/1/19,5.9
E08000031,10/1/19,5.9
E08000031,11/1/19,5.9
E08000031,12/1/19,5.9
E08000031,1/1/20,5.9
E08000031,2/1/20,6.1
E08000031,3/1/20,6.3
E08000031,4/1/20,9
E08000031,5/1/20,10.2
E08000031,6/1/20,10.2
E08000031,7/1/20,10.2
E08000031,8/1/20,10.4
E08000031,9/1/20,10.4
E08000031,10/1/20,10.2
E08000031,11/1/20,10.3
E08000031,12/1/20,10.2
E08000031,1/1/21,10.1
E08000031,2/1/21,10.5
E08000031,3/1/21,10.6
E08000031,4/1/21,10.4
E08000031,5/1/21,10
E08000031,6/1/21,9.6
E08000031,7/1/21,9.4
E08000031,8/1/21,9.1
E08000031,9/1/21,8.8
E08000031,10/1/21,8.5
E08000031,11/1/21,8.2
E08000031,12/1/21,7.9
E08000031,1/1/22,7.7
E08000031,2/1/22,7.7
E08000031,3/1/22,7.6
E08000031,4/1/22,7.4
E08000031,5/1/22,7.2
E08000031,6/1/22,7.2
E08000031,7/1/22,7.1
E08000031,8/1/22,7.1
E08000031,9/1/22,7.1
E08000031,10/1/22,7.1
E08000031,11/1/22,7.1
E08000031,12/1/22,7.3
E08000031,1/1/23,7.1
E08000031,2/1/23,7.2
E08000031,3/1/23,7.3
E08000031,4/1/23,7.5
E08000031,5/1/23,7.3
E08000031,6/1/23,7.3
E08000031,7/1/23,7.3
E08000031,8/1/23,7.1
E08000031,9/1/23,7.1
E08000031,10/1/23,7
E08000031,11/1/23,6.9
E08000031,12/1/23,6.8
E08000031,1/1/24,6.7
E08000031,2/1/24,6.8
E08000031,3/1/24,6.9
E08000031,4/1/24,6.8
E08000031,5/1/24,6.8
E08000031,6/1/24,7
E08000031,7/1/24,7.6
E08000031,8/1/24,7.6
E08000031,9/1/24,7.6
E08000031,10/1/24,7.6
E08000031,11/1/24,7.4
E08000031,12/1/24,7.2
E08000031,1/1/25,7.1
E08000031,2/1/25,7.2
E08000031,3/1/25,7.2
E08000031,4/1/25,7.1
E08000031,5/1/25,6.9
E08000031,6/1/25,7
E08000031,7/1/25,6.8
E08000031,8/1/25,6.8
E08000031,9/1/25,6.7
E08000031,10/1/25,6.6
E08000031,11/1/25,6.6
E08000031,12/1/25,6.5
E08000031,1/1/26,6.5
E08000031,2/1/26,6.9
E08000032,1/1/18,2.6
E08000032,2/1/18,2.7
E08000032,3/1/18,2.8
E08000032,4/1/18,2.8
E08000032,5/1/18,2.8
E08000032,6/1/18,2.8
E08000032,7/1/18,2.7
E08000032,8/1/18,2.8
E08000032,9/1/18,3
E08000032,10/1/18,3.2
E08000032,11/1/18,3.4
E08000032,12/1/18,3.6
E08000032,1/1/19,3.7
E08000032,2/1/19,3.8
E08000032,3/1/19,3.9
E08000032,4/1/19,4.1
E08000032,5/1/19,4.2
E08000032,6/1/19,4.2
E08000032,7/1/19,4.3
E08000032,8/1/19,4.5
E08000032,9/1/19,4.5
E08000032,10/1/19,4.6
E08000032,11/1/19,4.7
E08000032,12/1/19,4.7
E08000032,1/1/20,4.8
E08000032,2/1/20,5
E08000032,3/1/20,5
E08000032,4/1/20,7.3
E08000032,5/1/20,8.8
E08000032,6/1/20,8.9
E08000032,7/1/20,9
E08000032,8/1/20,9.1
E08000032,9/1/20,9.2
E08000032,10/1/20,9.1
E08000032,11/1/20,9.1
E08000032,12/1/20,9.1
E08000032,1/1/21,9.1
E08000032,2/1/21,9.4
E08000032,3/1/21,9.5
E08000032,4/1/21,9.4
E08000032,5/1/21,9
E08000032,6/1/21,8.7
E08000032,7/1/21,8.6
E08000032,8/1/21,8.4
E08000032,9/1/21,8
E08000032,10/1/21,7.8
E08000032,11/1/21,7.6
E08000032,12/1/21,7.3
E08000032,1/1/22,7.1
E08000032,2/1/22,7.1
E08000032,3/1/22,7
E08000032,4/1/22,6.9
E08000032,5/1/22,6.8
E08000032,6/1/22,6.7
E08000032,7/1/22,6.5
E08000032,8/1/22,6.5
E08000032,9/1/22,6.4
E08000032,10/1/22,6.3
E08000032,11/1/22,6.4
E08000032,12/1/22,6.4
E08000032,1/1/23,6.2
E08000032,2/1/23,6.3
E08000032,3/1/23,6.4
E08000032,4/1/23,6.5
E08000032,5/1/23,6.3
E08000032,6/1/23,6.3
E08000032,7/1/23,6.3
E08000032,8/1/23,6.3
E08000032,9/1/23,6.3
E08000032,10/1/23,6.3
E08000032,11/1/23,6.4
E08000032,12/1/23,6.5
E08000032,1/1/24,6.5
E08000032,2/1/24,6.6
E08000032,3/1/24,7
E08000032,4/1/24,7.2
E08000032,5/1/24,7.3
E08000032,6/1/24,7.5
E08000032,7/1/24,8.1
E08000032,8/1/24,8.1
E08000032,9/1/24,8.2
E08000032,10/1/24,8.1
E08000032,11/1/24,8
E08000032,12/1/24,7.8
E08000032,1/1/25,7.6
E08000032,2/1/25,7.7
E08000032,3/1/25,7.5
E08000032,4/1/25,7.4
E08000032,5/1/25,7.3
E08000032,6/1/25,7.3
E08000032,7/1/25,7.2
E08000032,8/1/25,7
E08000032,9/1/25,7
E08000032,10/1/25,6.9
E08000032,11/1/25,6.8
E08000032,12/1/25,6.7
E08000032,1/1/26,6.7
E08000032,2/1/26,6.9
E08000033,1/1/18,2.9
E08000033,2/1/18,3.1
E08000033,3/1/18,3.2
E08000033,4/1/18,3.5
E08000033,5/1/18,3.4
E08000033,6/1/18,3.4
E08000033,7/1/18,3.4
E08000033,8/1/18,3.4
E08000033,9/1/18,3.4
E08000033,10/1/18,3.5
E08000033,11/1/18,3.5
E08000033,12/1/18,3.4
E08000033,1/1/19,3.5
E08000033,2/1/19,3.6
E08000033,3/1/19,3.6
E08000033,4/1/19,3.6
E08000033,5/1/19,3.6
E08000033,6/1/19,3.7
E08000033,7/1/19,3.7
E08000033,8/1/19,3.7
E08000033,9/1/19,3.6
E08000033,10/1/19,3.7
E08000033,11/1/19,3.6
E08000033,12/1/19,3.6
E08000033,1/1/20,3.7
E08000033,2/1/20,3.7
E08000033,3/1/20,3.7
E08000033,4/1/20,5.9
E08000033,5/1/20,7
E08000033,6/1/20,6.8
E08000033,7/1/20,7.1
E08000033,8/1/20,7.2
E08000033,9/1/20,7
E08000033,10/1/20,6.9
E08000033,11/1/20,7
E08000033,12/1/20,6.9
E08000033,1/1/21,6.9
E08000033,2/1/21,7.1
E08000033,3/1/21,7.1
E08000033,4/1/21,7
E08000033,5/1/21,6.5
E08000033,6/1/21,6.1
E08000033,7/1/21,5.9
E08000033,8/1/21,5.7
E08000033,9/1/21,5.4
E08000033,10/1/21,5.2
E08000033,11/1/21,4.9
E08000033,12/1/21,4.8
E08000033,1/1/22,4.7
E08000033,2/1/22,4.6
E08000033,3/1/22,4.6
E08000033,4/1/22,4.3
E08000033,5/1/22,4.1
E08000033,6/1/22,4
E08000033,7/1/22,4
E08000033,8/1/22,4
E08000033,9/1/22,3.9
E08000033,10/1/22,3.8
E08000033,11/1/22,3.9
E08000033,12/1/22,4
E08000033,1/1/23,3.9
E08000033,2/1/23,4
E08000033,3/1/23,4.1
E08000033,4/1/23,4.3
E08000033,5/1/23,4.1
E08000033,6/1/23,4.1
E08000033,7/1/23,4.1
E08000033,8/1/23,4.1
E08000033,9/1/23,4
E08000033,10/1/23,4
E08000033,11/1/23,4
E08000033,12/1/23,4.2
E08000033,1/1/24,4.2
E08000033,2/1/24,4.3
E08000033,3/1/24,4.4
E08000033,4/1/24,4.4
E08000033,5/1/24,4.4
E08000033,6/1/24,4.4
E08000033,7/1/24,4.7
E08000033,8/1/24,4.7
E08000033,9/1/24,4.7
E08000033,10/1/24,4.7
E08000033,11/1/24,4.5
E08000033,12/1/24,4.5
E08000033,1/1/25,4.5
E08000033,2/1/25,4.5
E08000033,3/1/25,4.4
E08000033,4/1/25,4.3
E08000033,5/1/25,4.3
E08000033,6/1/25,4.2
E08000033,7/1/25,4.2
E08000033,8/1/25,4.2
E08000033,9/1/25,4.2
E08000033,10/1/25,4.1
E08000033,11/1/25,4
E08000033,12/1/25,4.1
E08000033,1/1/26,4.1
E08000033,2/1/26,4.3
E08000034,1/1/18,2.3
E08000034,2/1/18,2.5
E08000034,3/1/18,2.6
E08000034,4/1/18,3
E08000034,5/1/18,2.9
E08000034,6/1/18,3
E08000034,7/1/18,3
E08000034,8/1/18,3.1
E08000034,9/1/18,3.1
E08000034,10/1/18,3.1
E08000034,11/1/18,3.2
E08000034,12/1/18,3.2
E08000034,1/1/19,3.3
E08000034,2/1/19,3.4
E08000034,3/1/19,3.4
E08000034,4/1/19,3.5
E08000034,5/1/19,3.5
E08000034,6/1/19,3.5
E08000034,7/1/19,3.5
E08000034,8/1/19,3.5
E08000034,9/1/19,3.5
E08000034,10/1/19,3.6
E08000034,11/1/19,3.6
E08000034,12/1/19,3.6
E08000034,1/1/20,3.7
E08000034,2/1/20,3.8
E08000034,3/1/20,3.8
E08000034,4/1/20,5.8
E08000034,5/1/20,7
E08000034,6/1/20,6.7
E08000034,7/1/20,6.9
E08000034,8/1/20,6.9
E08000034,9/1/20,6.9
E08000034,10/1/20,6.7
E08000034,11/1/20,6.8
E08000034,12/1/20,6.7
E08000034,1/1/21,6.7
E08000034,2/1/21,6.9
E08000034,3/1/21,6.9
E08000034,4/1/21,6.7
E08000034,5/1/21,6.4
E08000034,6/1/21,6
E08000034,7/1/21,5.9
E08000034,8/1/21,5.7
E08000034,9/1/21,5.5
E08000034,10/1/21,5.3
E08000034,11/1/21,5.1
E08000034,12/1/21,4.9
E08000034,1/1/22,4.7
E08000034,2/1/22,4.7
E08000034,3/1/22,4.6
E08000034,4/1/22,4.4
E08000034,5/1/22,4.4
E08000034,6/1/22,4.3
E08000034,7/1/22,4.3
E08000034,8/1/22,4.3
E08000034,9/1/22,4.2
E08000034,10/1/22,4.1
E08000034,11/1/22,4.1
E08000034,12/1/22,4.1
E08000034,1/1/23,4.1
E08000034,2/1/23,4.1
E08000034,3/1/23,4.3
E08000034,4/1/23,4.4
E08000034,5/1/23,4.2
E08000034,6/1/23,4.2
E08000034,7/1/23,4.2
E08000034,8/1/23,4.2
E08000034,9/1/23,4.1
E08000034,10/1/23,4.1
E08000034,11/1/23,4.1
E08000034,12/1/23,4.2
E08000034,1/1/24,4.2
E08000034,2/1/24,4.3
E08000034,3/1/24,4.6
E08000034,4/1/24,4.7
E08000034,5/1/24,4.7
E08000034,6/1/24,4.8
E08000034,7/1/24,5.3
E08000034,8/1/24,5.4
E08000034,9/1/24,5.3
E08000034,10/1/24,5.2
E08000034,11/1/24,5.1
E08000034,12/1/24,5
E08000034,1/1/25,4.9
E08000034,2/1/25,5
E08000034,3/1/25,4.9
E08000034,4/1/25,4.8
E08000034,5/1/25,4.7
E08000034,6/1/25,4.7
E08000034,7/1/25,4.6
E08000034,8/1/25,4.6
E08000034,9/1/25,4.6
E08000034,10/1/25,4.5
E08000034,11/1/25,4.5
E08000034,12/1/25,4.5
E08000034,1/1/26,4.5
E08000034,2/1/26,4.7
E08000035,1/1/18,2.2
E08000035,2/1/18,2.3
E08000035,3/1/18,2.3
E08000035,4/1/18,2.3
E08000035,5/1/18,2.2
E08000035,6/1/18,2.1
E08000035,7/1/18,2.1
E08000035,8/1/18,2.2
E08000035,9/1/18,2.2
E08000035,10/1/18,2.1
E08000035,11/1/18,2.1
E08000035,12/1/18,2.2
E08000035,1/1/19,2.4
E08000035,2/1/19,2.5
E08000035,3/1/19,2.7
E08000035,4/1/19,2.7
E08000035,5/1/19,2.8
E08000035,6/1/19,2.9
E08000035,7/1/19,3
E08000035,8/1/19,3
E08000035,9/1/19,3.1
E08000035,10/1/19,3.1
E08000035,11/1/19,3.2
E08000035,12/1/19,3.2
E08000035,1/1/20,3.2
E08000035,2/1/20,3.3
E08000035,3/1/20,3.4
E08000035,4/1/20,5.5
E08000035,5/1/20,6.6
E08000035,6/1/20,6.7
E08000035,7/1/20,6.8
E08000035,8/1/20,6.8
E08000035,9/1/20,6.8
E08000035,10/1/20,6.6
E08000035,11/1/20,6.6
E08000035,12/1/20,6.6
E08000035,1/1/21,6.6
E08000035,2/1/21,6.9
E08000035,3/1/21,6.9
E08000035,4/1/21,6.8
E08000035,5/1/21,6.5
E08000035,6/1/21,6.1
E08000035,7/1/21,5.9
E08000035,8/1/21,5.7
E08000035,9/1/21,5.5
E08000035,10/1/21,5.2
E08000035,11/1/21,5
E08000035,12/1/21,4.8
E08000035,1/1/22,4.6
E08000035,2/1/22,4.6
E08000035,3/1/22,4.5
E08000035,4/1/22,4.4
E08000035,5/1/22,4.3
E08000035,6/1/22,4.2
E08000035,7/1/22,4.1
E08000035,8/1/22,4.2
E08000035,9/1/22,4.2
E08000035,10/1/22,4.1
E08000035,11/1/22,4.1
E08000035,12/1/22,4.1
E08000035,1/1/23,4
E08000035,2/1/23,4.1
E08000035,3/1/23,4.2
E08000035,4/1/23,4.4
E08000035,5/1/23,4.2
E08000035,6/1/23,4.2
E08000035,7/1/23,4.2
E08000035,8/1/23,4.2
E08000035,9/1/23,4.1
E08000035,10/1/23,4.1
E08000035,11/1/23,4.2
E08000035,12/1/23,4.2
E08000035,1/1/24,4.2
E08000035,2/1/24,4.3
E08000035,3/1/24,4.3
E08000035,4/1/24,4.3
E08000035,5/1/24,4.4
E08000035,6/1/24,4.4
E08000035,7/1/24,4.8
E08000035,8/1/24,4.7
E08000035,9/1/24,4.7
E08000035,10/1/24,4.7
E08000035,11/1/24,4.6
E08000035,12/1/24,4.5
E08000035,1/1/25,4.5
E08000035,2/1/25,4.6
E08000035,3/1/25,4.6
E08000035,4/1/25,4.5
E08000035,5/1/25,4.5
E08000035,6/1/25,4.5
E08000035,7/1/25,4.4
E08000035,8/1/25,4.4
E08000035,9/1/25,4.4
E08000035,10/1/25,4.4
E08000035,11/1/25,4.3
E08000035,12/1/25,4.3
E08000035,1/1/26,4.4
E08000035,2/1/26,4.6
E08000036,1/1/18,1.9
E08000036,2/1/18,2
E08000036,3/1/18,2
E08000036,4/1/18,2
E08000036,5/1/18,2
E08000036,6/1/18,1.9
E08000036,7/1/18,1.8
E08000036,8/1/18,1.9
E08000036,9/1/18,1.9
E08000036,10/1/18,1.9
E08000036,11/1/18,1.9
E08000036,12/1/18,1.8
E08000036,1/1/19,2
E08000036,2/1/19,2.1
E08000036,3/1/19,2.4
E08000036,4/1/19,2.5
E08000036,5/1/19,2.5
E08000036,6/1/19,2.6
E08000036,7/1/19,2.7
E08000036,8/1/19,2.8
E08000036,9/1/19,2.8
E08000036,10/1/19,2.8
E08000036,11/1/19,2.9
E08000036,12/1/19,2.9
E08000036,1/1/20,2.9
E08000036,2/1/20,3.1
E08000036,3/1/20,3.2
E08000036,4/1/20,5.1
E08000036,5/1/20,6.2
E08000036,6/1/20,6
E08000036,7/1/20,6.1
E08000036,8/1/20,6
E08000036,9/1/20,6
E08000036,10/1/20,5.8
E08000036,11/1/20,5.8
E08000036,12/1/20,5.8
E08000036,1/1/21,5.7
E08000036,2/1/21,6
E08000036,3/1/21,6
E08000036,4/1/21,5.9
E08000036,5/1/21,5.6
E08000036,6/1/21,5.2
E08000036,7/1/21,5.1
E08000036,8/1/21,4.9
E08000036,9/1/21,4.7
E08000036,10/1/21,4.5
E08000036,11/1/21,4.3
E08000036,12/1/21,4.2
E08000036,1/1/22,4
E08000036,2/1/22,4
E08000036,3/1/22,3.9
E08000036,4/1/22,3.7
E08000036,5/1/22,3.5
E08000036,6/1/22,3.4
E08000036,7/1/22,3.5
E08000036,8/1/22,3.5
E08000036,9/1/22,3.5
E08000036,10/1/22,3.4
E08000036,11/1/22,3.4
E08000036,12/1/22,3.4
E08000036,1/1/23,3.4
E08000036,2/1/23,3.5
E08000036,3/1/23,3.5
E08000036,4/1/23,3.6
E08000036,5/1/23,3.4
E08000036,6/1/23,3.4
E08000036,7/1/23,3.5
E08000036,8/1/23,3.4
E08000036,9/1/23,3.3
E08000036,10/1/23,3.3
E08000036,11/1/23,3.4
E08000036,12/1/23,3.4
E08000036,1/1/24,3.4
E08000036,2/1/24,3.5
E08000036,3/1/24,3.5
E08000036,4/1/24,3.5
E08000036,5/1/24,3.5
E08000036,6/1/24,3.6
E08000036,7/1/24,3.8
E08000036,8/1/24,3.8
E08000036,9/1/24,3.8
E08000036,10/1/24,3.7
E08000036,11/1/24,3.6
E08000036,12/1/24,3.5
E08000036,1/1/25,3.5
E08000036,2/1/25,3.7
E08000036,3/1/25,3.6
E08000036,4/1/25,3.5
E08000036,5/1/25,3.5
E08000036,6/1/25,3.5
E08000036,7/1/25,3.5
E08000036,8/1/25,3.5
E08000036,9/1/25,3.5
E08000036,10/1/25,3.5
E08000036,11/1/25,3.4
E08000036,12/1/25,3.4
E08000036,1/1/26,3.5
E08000036,2/1/26,3.8
E08000037,1/1/18,3.1
E08000037,2/1/18,3.4
E08000037,3/1/18,3.5
E08000037,4/1/18,3.8
E08000037,5/1/18,3.8
E08000037,6/1/18,3.9
E08000037,7/1/18,3.8
E08000037,8/1/18,3.9
E08000037,9/1/18,4
E08000037,10/1/18,4.1
E08000037,11/1/18,4.1
E08000037,12/1/18,4.2
E08000037,1/1/19,4.2
E08000037,2/1/19,4.5
E08000037,3/1/19,4.6
E08000037,4/1/19,4.5
E08000037,5/1/19,4.4
E08000037,6/1/19,4.5
E08000037,7/1/19,4.4
E08000037,8/1/19,4.5
E08000037,9/1/19,4.5
E08000037,10/1/19,4.5
E08000037,11/1/19,4.5
E08000037,12/1/19,4.4
E08000037,1/1/20,4.5
E08000037,2/1/20,4.8
E08000037,3/1/20,4.8
E08000037,4/1/20,7.3
E08000037,5/1/20,7.8
E08000037,6/1/20,7.8
E08000037,7/1/20,7.9
E08000037,8/1/20,8
E08000037,9/1/20,7.8
E08000037,10/1/20,7.7
E08000037,11/1/20,7.7
E08000037,12/1/20,7.6
E08000037,1/1/21,7.6
E08000037,2/1/21,7.8
E08000037,3/1/21,7.7
E08000037,4/1/21,7.6
E08000037,5/1/21,7.2
E08000037,6/1/21,6.8
E08000037,7/1/21,6.6
E08000037,8/1/21,6.4
E08000037,9/1/21,6.1
E08000037,10/1/21,5.7
E08000037,11/1/21,5.5
E08000037,12/1/21,5.3
E08000037,1/1/22,5.2
E08000037,2/1/22,5.2
E08000037,3/1/22,5.1
E08000037,4/1/22,4.7
E08000037,5/1/22,4.6
E08000037,6/1/22,4.5
E08000037,7/1/22,4.5
E08000037,8/1/22,4.5
E08000037,9/1/22,4.4
E08000037,10/1/22,4.3
E08000037,11/1/22,4.3
E08000037,12/1/22,4.3
E08000037,1/1/23,4.3
E08000037,2/1/23,4.4
E08000037,3/1/23,4.6
E08000037,4/1/23,4.7
E08000037,5/1/23,4.4
E08000037,6/1/23,4.4
E08000037,7/1/23,4.4
E08000037,8/1/23,4.4
E08000037,9/1/23,4.2
E08000037,10/1/23,4.2
E08000037,11/1/23,4.2
E08000037,12/1/23,4.2
E08000037,1/1/24,4.1
E08000037,2/1/24,4.3
E08000037,3/1/24,4.3
E08000037,4/1/24,4.2
E08000037,5/1/24,4.1
E08000037,6/1/24,4.2
E08000037,7/1/24,4.6
E08000037,8/1/24,4.6
E08000037,9/1/24,4.5
E08000037,10/1/24,4.4
E08000037,11/1/24,4.3
E08000037,12/1/24,4.2
E08000037,1/1/25,4.2
E08000037,2/1/25,4.3
E08000037,3/1/25,4.2
E08000037,4/1/25,4.2
E08000037,5/1/25,4.2
E08000037,6/1/25,4.1
E08000037,7/1/25,4
E08000037,8/1/25,4
E08000037,9/1/25,3.9
E08000037,10/1/25,3.8
E08000037,11/1/25,3.8
E08000037,12/1/25,3.8
E08000037,1/1/26,3.8
E08000037,2/1/26,4
E09000001,1/1/18,1
E09000001,2/1/18,1
E09000001,3/1/18,1
E09000001,4/1/18,1.1
E09000001,5/1/18,1
E09000001,6/1/18,1
E09000001,7/1/18,1
E09000001,8/1/18,1
E09000001,9/1/18,1
E09000001,10/1/18,1
E09000001,11/1/18,1
E09000001,12/1/18,1
E09000001,1/1/19,0.9
E09000001,2/1/19,1
E09000001,3/1/19,1
E09000001,4/1/19,1
E09000001,5/1/19,1
E09000001,6/1/19,1
E09000001,7/1/19,1
E09000001,8/1/19,1.1
E09000001,9/1/19,1.1
E09000001,10/1/19,1.1
E09000001,11/1/19,1.2
E09000001,12/1/19,1.1
E09000001,1/1/20,1.2
E09000001,2/1/20,1.3
E09000001,3/1/20,1.4
E09000001,4/1/20,2.5
E09000001,5/1/20,3.6
E09000001,6/1/20,3.4
E09000001,7/1/20,3.8
E09000001,8/1/20,3.9
E09000001,9/1/20,3.8
E09000001,10/1/20,3.7
E09000001,11/1/20,3.7
E09000001,12/1/20,4
E09000001,1/1/21,3.8
E09000001,2/1/21,3.6
E09000001,3/1/21,3.8
E09000001,4/1/21,3.8
E09000001,5/1/21,3.8
E09000001,6/1/21,3.4
E09000001,7/1/21,3.3
E09000001,8/1/21,3
E09000001,9/1/21,3
E09000001,10/1/21,3.9
E09000001,11/1/21,4.9
E09000001,12/1/21,4.8
E09000001,1/1/22,3.5
E09000001,2/1/22,3.6
E09000001,3/1/22,3.4
E09000001,4/1/22,3.3
E09000001,5/1/22,3.3
E09000001,6/1/22,3.1
E09000001,7/1/22,2.9
E09000001,8/1/22,2.8
E09000001,9/1/22,2.6
E09000001,10/1/22,2.3
E09000001,11/1/22,2.2
E09000001,12/1/22,2.2
E09000001,1/1/23,1.7
E09000001,2/1/23,1.6
E09000001,3/1/23,1.6
E09000001,4/1/23,1.4
E09000001,5/1/23,1.4
E09000001,6/1/23,1.3
E09000001,7/1/23,1.4
E09000001,8/1/23,1.4
E09000001,9/1/23,1.3
E09000001,10/1/23,1.3
E09000001,11/1/23,1.3
E09000001,12/1/23,1.2
E09000001,1/1/24,1.1
E09000001,2/1/24,1.1
E09000001,3/1/24,1
E09000001,4/1/24,1
E09000001,5/1/24,1
E09000001,6/1/24,1.1
E09000001,7/1/24,1.2
E09000001,8/1/24,1.2
E09000001,9/1/24,1.1
E09000001,10/1/24,1.2
E09000001,11/1/24,1.2
E09000001,12/1/24,1.1
E09000001,1/1/25,1.2
E09000001,2/1/25,1.1
E09000001,3/1/25,1.2
E09000001,4/1/25,1.2
E09000001,5/1/25,1.2
E09000001,6/1/25,1.2
E09000001,7/1/25,1.1
E09000001,8/1/25,1.1
E09000001,9/1/25,1.2
E09000001,10/1/25,1.1
E09000001,11/1/25,1.1
E09000001,12/1/25,1
E09000001,1/1/26,1.1
E09000001,2/1/26,1.2
E09000002,1/1/18,2.3
E09000002,2/1/18,2.3
E09000002,3/1/18,2.4
E09000002,4/1/18,2.4
E09000002,5/1/18,2.5
E09000002,6/1/18,2.6
E09000002,7/1/18,2.7
E09000002,8/1/18,2.7
E09000002,9/1/18,2.8
E09000002,10/1/18,2.9
E09000002,11/1/18,3
E09000002,12/1/18,3
E09000002,1/1/19,3.1
E09000002,2/1/19,3.3
E09000002,3/1/19,3.3
E09000002,4/1/19,3.4
E09000002,5/1/19,3.5
E09000002,6/1/19,3.6
E09000002,7/1/19,3.6
E09000002,8/1/19,3.6
E09000002,9/1/19,3.7
E09000002,10/1/19,3.7
E09000002,11/1/19,3.8
E09000002,12/1/19,3.8
E09000002,1/1/20,3.8
E09000002,2/1/20,4.1
E09000002,3/1/20,4.1
E09000002,4/1/20,5.8
E09000002,5/1/20,9.5
E09000002,6/1/20,9.3
E09000002,7/1/20,9.5
E09000002,8/1/20,9.7
E09000002,9/1/20,9.6
E09000002,10/1/20,9.4
E09000002,11/1/20,9.9
E09000002,12/1/20,10.1
E09000002,1/1/21,9.8
E09000002,2/1/21,10.4
E09000002,3/1/21,10.5
E09000002,4/1/21,10.5
E09000002,5/1/21,10
E09000002,6/1/21,9.3
E09000002,7/1/21,9.2
E09000002,8/1/21,8.8
E09000002,9/1/21,8.2
E09000002,10/1/21,7.8
E09000002,11/1/21,7.4
E09000002,12/1/21,7.2
E09000002,1/1/22,6.9
E09000002,2/1/22,6.9
E09000002,3/1/22,6.7
E09000002,4/1/22,6.4
E09000002,5/1/22,6.3
E09000002,6/1/22,6.2
E09000002,7/1/22,6.1
E09000002,8/1/22,6
E09000002,9/1/22,6
E09000002,10/1/22,6
E09000002,11/1/22,6.1
E09000002,12/1/22,6.1
E09000002,1/1/23,5.8
E09000002,2/1/23,5.8
E09000002,3/1/23,6
E09000002,4/1/23,6.2
E09000002,5/1/23,6.1
E09000002,6/1/23,6.2
E09000002,7/1/23,6.4
E09000002,8/1/23,6.4
E09000002,9/1/23,6.5
E09000002,10/1/23,6.5
E09000002,11/1/23,6.4
E09000002,12/1/23,6.4
E09000002,1/1/24,6.2
E09000002,2/1/24,6.4
E09000002,3/1/24,6.4
E09000002,4/1/24,6.4
E09000002,5/1/24,6.6
E09000002,6/1/24,6.9
E09000002,7/1/24,7.7
E09000002,8/1/24,7.5
E09000002,9/1/24,7.5
E09000002,10/1/24,7.5
E09000002,11/1/24,7.5
E09000002,12/1/24,7.5
E09000002,1/1/25,7.4
E09000002,2/1/25,7.7
E09000002,3/1/25,7.7
E09000002,4/1/25,7.6
E09000002,5/1/25,7.7
E09000002,6/1/25,7.8
E09000002,7/1/25,7.6
E09000002,8/1/25,7.4
E09000002,9/1/25,7.5
E09000002,10/1/25,7.5
E09000002,11/1/25,7.4
E09000002,12/1/25,7.3
E09000002,1/1/26,7.3
E09000002,2/1/26,7.6
E09000003,1/1/18,1.4
E09000003,2/1/18,1.4
E09000003,3/1/18,1.4
E09000003,4/1/18,1.4
E09000003,5/1/18,1.4
E09000003,6/1/18,1.4
E09000003,7/1/18,1.4
E09000003,8/1/18,1.5
E09000003,9/1/18,1.6
E09000003,10/1/18,1.6
E09000003,11/1/18,1.7
E09000003,12/1/18,1.8
E09000003,1/1/19,1.8
E09000003,2/1/19,1.9
E09000003,3/1/19,1.9
E09000003,4/1/19,2
E09000003,5/1/19,2
E09000003,6/1/19,2.2
E09000003,7/1/19,2.2
E09000003,8/1/19,2.2
E09000003,9/1/19,2.3
E09000003,10/1/19,2.4
E09000003,11/1/19,2.4
E09000003,12/1/19,2.4
E09000003,1/1/20,2.5
E09000003,2/1/20,2.5
E09000003,3/1/20,2.6
E09000003,4/1/20,4.2
E09000003,5/1/20,6.9
E09000003,6/1/20,6.8
E09000003,7/1/20,7
E09000003,8/1/20,7.2
E09000003,9/1/20,7.3
E09000003,10/1/20,7.1
E09000003,11/1/20,7.2
E09000003,12/1/20,7.3
E09000003,1/1/21,7.1
E09000003,2/1/21,7.5
E09000003,3/1/21,7.5
E09000003,4/1/21,7.5
E09000003,5/1/21,7
E09000003,6/1/21,6.5
E09000003,7/1/21,6.3
E09000003,8/1/21,6
E09000003,9/1/21,5.7
E09000003,10/1/21,5.6
E09000003,11/1/21,5.3
E09000003,12/1/21,5.2
E09000003,1/1/22,5
E09000003,2/1/22,5
E09000003,3/1/22,4.8
E09000003,4/1/22,4.6
E09000003,5/1/22,4.5
E09000003,6/1/22,4.5
E09000003,7/1/22,4.3
E09000003,8/1/22,4.3
E09000003,9/1/22,4.4
E09000003,10/1/22,4.3
E09000003,11/1/22,4.4
E09000003,12/1/22,4.4
E09000003,1/1/23,4.2
E09000003,2/1/23,4.2
E09000003,3/1/23,4.2
E09000003,4/1/23,4.3
E09000003,5/1/23,4.1
E09000003,6/1/23,4.2
E09000003,7/1/23,4.3
E09000003,8/1/23,4.2
E09000003,9/1/23,4.2
E09000003,10/1/23,4.2
E09000003,11/1/23,4.2
E09000003,12/1/23,4.3
E09000003,1/1/24,4.2
E09000003,2/1/24,4.3
E09000003,3/1/24,4.3
E09000003,4/1/24,4.3
E09000003,5/1/24,4.4
E09000003,6/1/24,4.5
E09000003,7/1/24,5.2
E09000003,8/1/24,5
E09000003,9/1/24,5.1
E09000003,10/1/24,5.2
E09000003,11/1/24,5
E09000003,12/1/24,5
E09000003,1/1/25,4.9
E09000003,2/1/25,5.1
E09000003,3/1/25,5.1
E09000003,4/1/25,5.1
E09000003,5/1/25,5.2
E09000003,6/1/25,5.3
E09000003,7/1/25,5.2
E09000003,8/1/25,5.1
E09000003,9/1/25,5.1
E09000003,10/1/25,5
E09000003,11/1/25,4.9
E09000003,12/1/25,4.9
E09000003,1/1/26,4.9
E09000003,2/1/26,5.1
E09000004,1/1/18,1.4
E09000004,2/1/18,1.4
E09000004,3/1/18,1.4
E09000004,4/1/18,1.4
E09000004,5/1/18,1.4
E09000004,6/1/18,1.3
E09000004,7/1/18,1.2
E09000004,8/1/18,1.2
E09000004,9/1/18,1.2
E09000004,10/1/18,1.2
E09000004,11/1/18,1.2
E09000004,12/1/18,1.3
E09000004,1/1/19,1.4
E09000004,2/1/19,1.6
E09000004,3/1/19,1.7
E09000004,4/1/19,1.7
E09000004,5/1/19,1.7
E09000004,6/1/19,1.8
E09000004,7/1/19,1.9
E09000004,8/1/19,1.9
E09000004,9/1/19,2
E09000004,10/1/19,2
E09000004,11/1/19,2.1
E09000004,12/1/19,2.1
E09000004,1/1/20,2.1
E09000004,2/1/20,2.2
E09000004,3/1/20,2.2
E09000004,4/1/20,4.1
E09000004,5/1/20,5.9
E09000004,6/1/20,5.5
E09000004,7/1/20,5.7
E09000004,8/1/20,5.8
E09000004,9/1/20,5.8
E09000004,10/1/20,5.5
E09000004,11/1/20,5.7
E09000004,12/1/20,5.7
E09000004,1/1/21,5.6
E09000004,2/1/21,5.9
E09000004,3/1/21,5.9
E09000004,4/1/21,5.8
E09000004,5/1/21,5.4
E09000004,6/1/21,4.9
E09000004,7/1/21,4.8
E09000004,8/1/21,4.6
E09000004,9/1/21,4.2
E09000004,10/1/21,4
E09000004,11/1/21,3.8
E09000004,12/1/21,3.6
E09000004,1/1/22,3.4
E09000004,2/1/22,3.4
E09000004,3/1/22,3.3
E09000004,4/1/22,3.1
E09000004,5/1/22,3
E09000004,6/1/22,3
E09000004,7/1/22,3
E09000004,8/1/22,3
E09000004,9/1/22,3
E09000004,10/1/22,3
E09000004,11/1/22,3.1
E09000004,12/1/22,3
E09000004,1/1/23,2.9
E09000004,2/1/23,2.9
E09000004,3/1/23,2.9
E09000004,4/1/23,3.1
E09000004,5/1/23,3
E09000004,6/1/23,3.1
E09000004,7/1/23,3.1
E09000004,8/1/23,3.1
E09000004,9/1/23,3.1
E09000004,10/1/23,3.1
E09000004,11/1/23,3.1
E09000004,12/1/23,3.1
E09000004,1/1/24,3.1
E09000004,2/1/24,3.2
E09000004,3/1/24,3.2
E09000004,4/1/24,3.1
E09000004,5/1/24,3.2
E09000004,6/1/24,3.2
E09000004,7/1/24,3.5
E09000004,8/1/24,3.5
E09000004,9/1/24,3.5
E09000004,10/1/24,3.5
E09000004,11/1/24,3.4
E09000004,12/1/24,3.4
E09000004,1/1/25,3.4
E09000004,2/1/25,3.5
E09000004,3/1/25,3.5
E09000004,4/1/25,3.5
E09000004,5/1/25,3.4
E09000004,6/1/25,3.5
E09000004,7/1/25,3.5
E09000004,8/1/25,3.4
E09000004,9/1/25,3.4
E09000004,10/1/25,3.4
E09000004,11/1/25,3.3
E09000004,12/1/25,3.2
E09000004,1/1/26,3.2
E09000004,2/1/26,3.4
E09000005,1/1/18,2
E09000005,2/1/18,2.1
E09000005,3/1/18,2.1
E09000005,4/1/18,2.1
E09000005,5/1/18,2
E09000005,6/1/18,2
E09000005,7/1/18,2
E09000005,8/1/18,1.9
E09000005,9/1/18,2
E09000005,10/1/18,2
E09000005,11/1/18,2
E09000005,12/1/18,2
E09000005,1/1/19,2.1
E09000005,2/1/19,2.2
E09000005,3/1/19,2.3
E09000005,4/1/19,2.4
E09000005,5/1/19,2.5
E09000005,6/1/19,2.6
E09000005,7/1/19,2.7
E09000005,8/1/19,2.8
E09000005,9/1/19,2.9
E09000005,10/1/19,2.9
E09000005,11/1/19,3
E09000005,12/1/19,3
E09000005,1/1/20,3.1
E09000005,2/1/20,3.2
E09000005,3/1/20,3.3
E09000005,4/1/20,5
E09000005,5/1/20,8.6
E09000005,6/1/20,8.9
E09000005,7/1/20,9
E09000005,8/1/20,9.1
E09000005,9/1/20,9.3
E09000005,10/1/20,9.2
E09000005,11/1/20,9.5
E09000005,12/1/20,9.6
E09000005,1/1/21,9.7
E09000005,2/1/21,10.3
E09000005,3/1/21,10.4
E09000005,4/1/21,10.3
E09000005,5/1/21,9.7
E09000005,6/1/21,9
E09000005,7/1/21,8.9
E09000005,8/1/21,8.4
E09000005,9/1/21,8
E09000005,10/1/21,7.7
E09000005,11/1/21,7.4
E09000005,12/1/21,7
E09000005,1/1/22,6.9
E09000005,2/1/22,6.8
E09000005,3/1/22,6.5
E09000005,4/1/22,6.3
E09000005,5/1/22,6.1
E09000005,6/1/22,6
E09000005,7/1/22,5.8
E09000005,8/1/22,5.8
E09000005,9/1/22,5.9
E09000005,10/1/22,5.9
E09000005,11/1/22,6
E09000005,12/1/22,6
E09000005,1/1/23,5.7
E09000005,2/1/23,5.8
E09000005,3/1/23,5.9
E09000005,4/1/23,6
E09000005,5/1/23,5.9
E09000005,6/1/23,6.1
E09000005,7/1/23,6.1
E09000005,8/1/23,6.1
E09000005,9/1/23,6.2
E09000005,10/1/23,6.2
E09000005,11/1/23,6.2
E09000005,12/1/23,6.3
E09000005,1/1/24,6.3
E09000005,2/1/24,6.5
E09000005,3/1/24,6.4
E09000005,4/1/24,6.4
E09000005,5/1/24,6.5
E09000005,6/1/24,6.7
E09000005,7/1/24,7.6
E09000005,8/1/24,7.5
E09000005,9/1/24,7.6
E09000005,10/1/24,7.6
E09000005,11/1/24,7.5
E09000005,12/1/24,7.4
E09000005,1/1/25,7.4
E09000005,2/1/25,7.6
E09000005,3/1/25,7.6
E09000005,4/1/25,7.5
E09000005,5/1/25,7.6
E09000005,6/1/25,7.8
E09000005,7/1/25,7.6
E09000005,8/1/25,7.5
E09000005,9/1/25,7.4
E09000005,10/1/25,7.3
E09000005,11/1/25,7.2
E09000005,12/1/25,7.1
E09000005,1/1/26,7.1
E09000005,2/1/26,7.3
E09000006,1/1/18,1.1
E09000006,2/1/18,1.2
E09000006,3/1/18,1.2
E09000006,4/1/18,1.2
E09000006,5/1/18,1.1
E09000006,6/1/18,1.1
E09000006,7/1/18,1.1
E09000006,8/1/18,1.1
E09000006,9/1/18,1.1
E09000006,10/1/18,1.2
E09000006,11/1/18,1.3
E09000006,12/1/18,1.4
E09000006,1/1/19,1.4
E09000006,2/1/19,1.5
E09000006,3/1/19,1.6
E09000006,4/1/19,1.7
E09000006,5/1/19,1.7
E09000006,6/1/19,1.8
E09000006,7/1/19,1.8
E09000006,8/1/19,1.8
E09000006,9/1/19,1.9
E09000006,10/1/19,2
E09000006,11/1/19,2
E09000006,12/1/19,2
E09000006,1/1/20,2
E09000006,2/1/20,2
E09000006,3/1/20,2.1
E09000006,4/1/20,3.4
E09000006,5/1/20,5.5
E09000006,6/1/20,5.3
E09000006,7/1/20,5.5
E09000006,8/1/20,5.6
E09000006,9/1/20,5.6
E09000006,10/1/20,5.3
E09000006,11/1/20,5.6
E09000006,12/1/20,5.5
E09000006,1/1/21,5.4
E09000006,2/1/21,5.7
E09000006,3/1/21,5.7
E09000006,4/1/21,5.6
E09000006,5/1/21,5.1
E09000006,6/1/21,4.6
E09000006,7/1/21,4.5
E09000006,8/1/21,4.3
E09000006,9/1/21,4
E09000006,10/1/21,3.8
E09000006,11/1/21,3.6
E09000006,12/1/21,3.5
E09000006,1/1/22,3.3
E09000006,2/1/22,3.3
E09000006,3/1/22,3.1
E09000006,4/1/22,3
E09000006,5/1/22,2.9
E09000006,6/1/22,2.9
E09000006,7/1/22,2.8
E09000006,8/1/22,2.8
E09000006,9/1/22,2.8
E09000006,10/1/22,2.8
E09000006,11/1/22,2.8
E09000006,12/1/22,2.9
E09000006,1/1/23,2.8
E09000006,2/1/23,2.8
E09000006,3/1/23,2.9
E09000006,4/1/23,2.9
E09000006,5/1/23,2.8
E09000006,6/1/23,2.9
E09000006,7/1/23,2.9
E09000006,8/1/23,2.9
E09000006,9/1/23,3
E09000006,10/1/23,3
E09000006,11/1/23,3
E09000006,12/1/23,3.1
E09000006,1/1/24,3.1
E09000006,2/1/24,3.2
E09000006,3/1/24,3.1
E09000006,4/1/24,3.1
E09000006,5/1/24,3.1
E09000006,6/1/24,3.2
E09000006,7/1/24,3.4
E09000006,8/1/24,3.4
E09000006,9/1/24,3.4
E09000006,10/1/24,3.4
E09000006,11/1/24,3.5
E09000006,12/1/24,3.5
E09000006,1/1/25,3.5
E09000006,2/1/25,3.5
E09000006,3/1/25,3.6
E09000006,4/1/25,3.5
E09000006,5/1/25,3.5
E09000006,6/1/25,3.5
E09000006,7/1/25,3.5
E09000006,8/1/25,3.4
E09000006,9/1/25,3.4
E09000006,10/1/25,3.4
E09000006,11/1/25,3.4
E09000006,12/1/25,3.4
E09000006,1/1/26,3.4
E09000006,2/1/26,3.5
E09000007,1/1/18,1.7
E09000007,2/1/18,1.8
E09000007,3/1/18,1.8
E09000007,4/1/18,1.8
E09000007,5/1/18,1.8
E09000007,6/1/18,1.8
E09000007,7/1/18,1.7
E09000007,8/1/18,1.7
E09000007,9/1/18,1.7
E09000007,10/1/18,1.8
E09000007,11/1/18,1.8
E09000007,12/1/18,1.9
E09000007,1/1/19,2
E09000007,2/1/19,2.1
E09000007,3/1/19,2.1
E09000007,4/1/19,2.2
E09000007,5/1/19,2.3
E09000007,6/1/19,2.4
E09000007,7/1/19,2.4
E09000007,8/1/19,2.5
E09000007,9/1/19,2.6
E09000007,10/1/19,2.6
E09000007,11/1/19,2.6
E09000007,12/1/19,2.6
E09000007,1/1/20,2.6
E09000007,2/1/20,2.7
E09000007,3/1/20,2.8
E09000007,4/1/20,4.7
E09000007,5/1/20,6.5
E09000007,6/1/20,6.6
E09000007,7/1/20,6.7
E09000007,8/1/20,6.9
E09000007,9/1/20,7
E09000007,10/1/20,6.9
E09000007,11/1/20,7.1
E09000007,12/1/20,7.2
E09000007,1/1/21,7.2
E09000007,2/1/21,7.6
E09000007,3/1/21,7.6
E09000007,4/1/21,7.6
E09000007,5/1/21,7.2
E09000007,6/1/21,6.7
E09000007,7/1/21,6.5
E09000007,8/1/21,6.1
E09000007,9/1/21,5.8
E09000007,10/1/21,5.7
E09000007,11/1/21,5.7
E09000007,12/1/21,5.5
E09000007,1/1/22,5.1
E09000007,2/1/22,5
E09000007,3/1/22,4.8
E09000007,4/1/22,4.6
E09000007,5/1/22,4.5
E09000007,6/1/22,4.4
E09000007,7/1/22,4.2
E09000007,8/1/22,4.2
E09000007,9/1/22,4.3
E09000007,10/1/22,4.2
E09000007,11/1/22,4.2
E09000007,12/1/22,4.2
E09000007,1/1/23,4
E09000007,2/1/23,4.1
E09000007,3/1/23,4.1
E09000007,4/1/23,4.2
E09000007,5/1/23,4.2
E09000007,6/1/23,4.2
E09000007,7/1/23,4.2
E09000007,8/1/23,4.2
E09000007,9/1/23,4.2
E09000007,10/1/23,4.2
E09000007,11/1/23,4.2
E09000007,12/1/23,4.2
E09000007,1/1/24,4.2
E09000007,2/1/24,4.3
E09000007,3/1/24,4.3
E09000007,4/1/24,4.3
E09000007,5/1/24,4.3
E09000007,6/1/24,4.4
E09000007,7/1/24,4.8
E09000007,8/1/24,4.7
E09000007,9/1/24,4.8
E09000007,10/1/24,4.9
E09000007,11/1/24,4.8
E09000007,12/1/24,4.8
E09000007,1/1/25,4.7
E09000007,2/1/25,4.9
E09000007,3/1/25,4.9
E09000007,4/1/25,4.9
E09000007,5/1/25,4.8
E09000007,6/1/25,4.9
E09000007,7/1/25,4.8
E09000007,8/1/25,4.7
E09000007,9/1/25,4.7
E09000007,10/1/25,4.7
E09000007,11/1/25,4.6
E09000007,12/1/25,4.5
E09000007,1/1/26,4.4
E09000007,2/1/26,4.7
E09000008,1/1/18,3.4
E09000008,2/1/18,3.7
E09000008,3/1/18,3.7
E09000008,4/1/18,4.1
E09000008,5/1/18,3.8
E09000008,6/1/18,3.7
E09000008,7/1/18,3.7
E09000008,8/1/18,3.7
E09000008,9/1/18,3.8
E09000008,10/1/18,3.8
E09000008,11/1/18,3.8
E09000008,12/1/18,3.7
E09000008,1/1/19,3.7
E09000008,2/1/19,3.9
E09000008,3/1/19,3.9
E09000008,4/1/19,3.9
E09000008,5/1/19,3.9
E09000008,6/1/19,4
E09000008,7/1/19,4
E09000008,8/1/19,4.1
E09000008,9/1/19,4.1
E09000008,10/1/19,4.1
E09000008,11/1/19,4.1
E09000008,12/1/19,4.1
E09000008,1/1/20,4.1
E09000008,2/1/20,4.2
E09000008,3/1/20,4.2
E09000008,4/1/20,6.5
E09000008,5/1/20,8.5
E09000008,6/1/20,8.4
E09000008,7/1/20,8.5
E09000008,8/1/20,8.8
E09000008,9/1/20,8.9
E09000008,10/1/20,8.7
E09000008,11/1/20,9
E09000008,12/1/20,8.9
E09000008,1/1/21,8.8
E09000008,2/1/21,9.2
E09000008,3/1/21,9.2
E09000008,4/1/21,9.1
E09000008,5/1/21,8.6
E09000008,6/1/21,8
E09000008,7/1/21,7.9
E09000008,8/1/21,7.6
E09000008,9/1/21,7.2
E09000008,10/1/21,7
E09000008,11/1/21,6.7
E09000008,12/1/21,6.5
E09000008,1/1/22,6.2
E09000008,2/1/22,6.2
E09000008,3/1/22,5.9
E09000008,4/1/22,5.7
E09000008,5/1/22,5.6
E09000008,6/1/22,5.4
E09000008,7/1/22,5.3
E09000008,8/1/22,5.3
E09000008,9/1/22,5.3
E09000008,10/1/22,5.3
E09000008,11/1/22,5.3
E09000008,12/1/22,5.3
E09000008,1/1/23,5.2
E09000008,2/1/23,5.2
E09000008,3/1/23,5.3
E09000008,4/1/23,5.4
E09000008,5/1/23,5.3
E09000008,6/1/23,5.4
E09000008,7/1/23,5.5
E09000008,8/1/23,5.4
E09000008,9/1/23,5.5
E09000008,10/1/23,5.5
E09000008,11/1/23,5.4
E09000008,12/1/23,5.5
E09000008,1/1/24,5.4
E09000008,2/1/24,5.6
E09000008,3/1/24,5.6
E09000008,4/1/24,5.5
E09000008,5/1/24,5.5
E09000008,6/1/24,5.6
E09000008,7/1/24,6.1
E09000008,8/1/24,6.1
E09000008,9/1/24,6.1
E09000008,10/1/24,6.1
E09000008,11/1/24,6.1
E09000008,12/1/24,6.1
E09000008,1/1/25,6.1
E09000008,2/1/25,6.3
E09000008,3/1/25,6.4
E09000008,4/1/25,6.4
E09000008,5/1/25,6.4
E09000008,6/1/25,6.6
E09000008,7/1/25,6.4
E09000008,8/1/25,6.3
E09000008,9/1/25,6.3
E09000008,10/1/25,6.3
E09000008,11/1/25,6.2
E09000008,12/1/25,6.2
E09000008,1/1/26,6.1
E09000008,2/1/26,6.4
E09000009,1/1/18,2
E09000009,2/1/18,2.1
E09000009,3/1/18,2.1
E09000009,4/1/18,2.1
E09000009,5/1/18,2.1
E09000009,6/1/18,2.2
E09000009,7/1/18,2.2
E09000009,8/1/18,2.3
E09000009,9/1/18,2.4
E09000009,10/1/18,2.5
E09000009,11/1/18,2.5
E09000009,12/1/18,2.6
E09000009,1/1/19,2.6
E09000009,2/1/19,2.7
E09000009,3/1/19,2.8
E09000009,4/1/19,2.8
E09000009,5/1/19,2.9
E09000009,6/1/19,2.9
E09000009,7/1/19,3
E09000009,8/1/19,3
E09000009,9/1/19,3
E09000009,10/1/19,3.1
E09000009,11/1/19,3.1
E09000009,12/1/19,3.1
E09000009,1/1/20,3.1
E09000009,2/1/20,3.2
E09000009,3/1/20,3.3
E09000009,4/1/20,4.9
E09000009,5/1/20,7.9
E09000009,6/1/20,8
E09000009,7/1/20,8.2
E09000009,8/1/20,8.4
E09000009,9/1/20,8.5
E09000009,10/1/20,8.3
E09000009,11/1/20,8.7
E09000009,12/1/20,8.7
E09000009,1/1/21,8.6
E09000009,2/1/21,9
E09000009,3/1/21,9.1
E09000009,4/1/21,9
E09000009,5/1/21,8.6
E09000009,6/1/21,7.9
E09000009,7/1/21,7.9
E09000009,8/1/21,7.5
E09000009,9/1/21,7.1
E09000009,10/1/21,6.8
E09000009,11/1/21,6.6
E09000009,12/1/21,6.3
E09000009,1/1/22,6
E09000009,2/1/22,6.1
E09000009,3/1/22,5.8
E09000009,4/1/22,5.6
E09000009,5/1/22,5.5
E09000009,6/1/22,5.4
E09000009,7/1/22,5.2
E09000009,8/1/22,5.2
E09000009,9/1/22,5.2
E09000009,10/1/22,5.1
E09000009,11/1/22,5.1
E09000009,12/1/22,5.2
E09000009,1/1/23,5
E09000009,2/1/23,5.1
E09000009,3/1/23,5.1
E09000009,4/1/23,5.2
E09000009,5/1/23,5.1
E09000009,6/1/23,5.2
E09000009,7/1/23,5.2
E09000009,8/1/23,5.2
E09000009,9/1/23,5.3
E09000009,10/1/23,5.3
E09000009,11/1/23,5.4
E09000009,12/1/23,5.4
E09000009,1/1/24,5.4
E09000009,2/1/24,5.5
E09000009,3/1/24,5.5
E09000009,4/1/24,5.5
E09000009,5/1/24,5.5
E09000009,6/1/24,5.8
E09000009,7/1/24,6.7
E09000009,8/1/24,6.5
E09000009,9/1/24,6.5
E09000009,10/1/24,6.6
E09000009,11/1/24,6.5
E09000009,12/1/24,6.5
E09000009,1/1/25,6.4
E09000009,2/1/25,6.7
E09000009,3/1/25,6.7
E09000009,4/1/25,6.6
E09000009,5/1/25,6.7
E09000009,6/1/25,6.8
E09000009,7/1/25,6.6
E09000009,8/1/25,6.5
E09000009,9/1/25,6.5
E09000009,10/1/25,6.4
E09000009,11/1/25,6.3
E09000009,12/1/25,6.3
E09000009,1/1/26,6.3
E09000009,2/1/26,6.5
E09000010,1/1/18,2.1
E09000010,2/1/18,2.2
E09000010,3/1/18,2.3
E09000010,4/1/18,2.4
E09000010,5/1/18,2.4
E09000010,6/1/18,2.4
E09000010,7/1/18,2.5
E09000010,8/1/18,2.5
E09000010,9/1/18,2.6
E09000010,10/1/18,2.7
E09000010,11/1/18,2.7
E09000010,12/1/18,2.7
E09000010,1/1/19,2.7
E09000010,2/1/19,2.9
E09000010,3/1/19,3
E09000010,4/1/19,3.1
E09000010,5/1/19,3.1
E09000010,6/1/19,3.2
E09000010,7/1/19,3.2
E09000010,8/1/19,3.2
E09000010,9/1/19,3.3
E09000010,10/1/19,3.3
E09000010,11/1/19,3.4
E09000010,12/1/19,3.4
E09000010,1/1/20,3.4
E09000010,2/1/20,3.5
E09000010,3/1/20,3.6
E09000010,4/1/20,6
E09000010,5/1/20,8.5
E09000010,6/1/20,8.5
E09000010,7/1/20,8.6
E09000010,8/1/20,8.7
E09000010,9/1/20,8.8
E09000010,10/1/20,8.6
E09000010,11/1/20,8.9
E09000010,12/1/20,9.1
E09000010,1/1/21,9.1
E09000010,2/1/21,9.5
E09000010,3/1/21,9.6
E09000010,4/1/21,9.6
E09000010,5/1/21,9.3
E09000010,6/1/21,8.6
E09000010,7/1/21,8.6
E09000010,8/1/21,8.2
E09000010,9/1/21,7.6
E09000010,10/1/21,7.4
E09000010,11/1/21,7
E09000010,12/1/21,6.8
E09000010,1/1/22,6.7
E09000010,2/1/22,6.7
E09000010,3/1/22,6.5
E09000010,4/1/22,6.4
E09000010,5/1/22,6.2
E09000010,6/1/22,6.1
E09000010,7/1/22,6
E09000010,8/1/22,5.8
E09000010,9/1/22,5.8
E09000010,10/1/22,5.7
E09000010,11/1/22,5.8
E09000010,12/1/22,5.7
E09000010,1/1/23,5.6
E09000010,2/1/23,5.6
E09000010,3/1/23,5.8
E09000010,4/1/23,5.9
E09000010,5/1/23,5.7
E09000010,6/1/23,5.8
E09000010,7/1/23,5.9
E09000010,8/1/23,5.8
E09000010,9/1/23,5.9
E09000010,10/1/23,6
E09000010,11/1/23,6
E09000010,12/1/23,6
E09000010,1/1/24,6
E09000010,2/1/24,6.1
E09000010,3/1/24,6.1
E09000010,4/1/24,6.1
E09000010,5/1/24,6.3
E09000010,6/1/24,6.5
E09000010,7/1/24,8.1
E09000010,8/1/24,7.8
E09000010,9/1/24,7.6
E09000010,10/1/24,7.7
E09000010,11/1/24,7.5
E09000010,12/1/24,7.5
E09000010,1/1/25,7.4
E09000010,2/1/25,7.5
E09000010,3/1/25,7.5
E09000010,4/1/25,7.4
E09000010,5/1/25,7.5
E09000010,6/1/25,7.7
E09000010,7/1/25,7.4
E09000010,8/1/25,7.3
E09000010,9/1/25,7.2
E09000010,10/1/25,7.2
E09000010,11/1/25,7
E09000010,12/1/25,6.9
E09000010,1/1/26,6.9
E09000010,2/1/26,7.1
E09000011,1/1/18,2.1
E09000011,2/1/18,2.1
E09000011,3/1/18,2.2
E09000011,4/1/18,2.2
E09000011,5/1/18,2.2
E09000011,6/1/18,2.1
E09000011,7/1/18,2.1
E09000011,8/1/18,2.1
E09000011,9/1/18,2.1
E09000011,10/1/18,2
E09000011,11/1/18,1.9
E09000011,12/1/18,2
E09000011,1/1/19,2.2
E09000011,2/1/19,2.3
E09000011,3/1/19,2.4
E09000011,4/1/19,2.5
E09000011,5/1/19,2.6
E09000011,6/1/19,2.7
E09000011,7/1/19,2.8
E09000011,8/1/19,2.9
E09000011,9/1/19,3
E09000011,10/1/19,3
E09000011,11/1/19,3.1
E09000011,12/1/19,3.1
E09000011,1/1/20,3.1
E09000011,2/1/20,3.2
E09000011,3/1/20,3.2
E09000011,4/1/20,5.2
E09000011,5/1/20,7.6
E09000011,6/1/20,7.6
E09000011,7/1/20,7.8
E09000011,8/1/20,8
E09000011,9/1/20,8.1
E09000011,10/1/20,7.8
E09000011,11/1/20,8
E09000011,12/1/20,8.1
E09000011,1/1/21,7.9
E09000011,2/1/21,8.3
E09000011,3/1/21,8.3
E09000011,4/1/21,8.3
E09000011,5/1/21,7.8
E09000011,6/1/21,7.3
E09000011,7/1/21,7.1
E09000011,8/1/21,6.9
E09000011,9/1/21,6.5
E09000011,10/1/21,6.2
E09000011,11/1/21,5.9
E09000011,12/1/21,5.7
E09000011,1/1/22,5.4
E09000011,2/1/22,5.4
E09000011,3/1/22,5.3
E09000011,4/1/22,5.1
E09000011,5/1/22,5
E09000011,6/1/22,4.9
E09000011,7/1/22,4.7
E09000011,8/1/22,4.7
E09000011,9/1/22,4.7
E09000011,10/1/22,4.7
E09000011,11/1/22,4.7
E09000011,12/1/22,4.7
E09000011,1/1/23,4.5
E09000011,2/1/23,4.5
E09000011,3/1/23,4.6
E09000011,4/1/23,4.7
E09000011,5/1/23,4.6
E09000011,6/1/23,4.7
E09000011,7/1/23,4.8
E09000011,8/1/23,4.8
E09000011,9/1/23,4.9
E09000011,10/1/23,4.9
E09000011,11/1/23,4.8
E09000011,12/1/23,4.9
E09000011,1/1/24,4.9
E09000011,2/1/24,5
E09000011,3/1/24,5
E09000011,4/1/24,4.9
E09000011,5/1/24,5
E09000011,6/1/24,5.1
E09000011,7/1/24,5.3
E09000011,8/1/24,5.4
E09000011,9/1/24,5.5
E09000011,10/1/24,5.5
E09000011,11/1/24,5.5
E09000011,12/1/24,5.4
E09000011,1/1/25,5.4
E09000011,2/1/25,5.6
E09000011,3/1/25,5.6
E09000011,4/1/25,5.6
E09000011,5/1/25,5.7
E09000011,6/1/25,5.8
E09000011,7/1/25,5.7
E09000011,8/1/25,5.6
E09000011,9/1/25,5.6
E09000011,10/1/25,5.6
E09000011,11/1/25,5.6
E09000011,12/1/25,5.6
E09000011,1/1/26,5.5
E09000011,2/1/26,5.8
E09000012,1/1/18,2.5
E09000012,2/1/18,2.6
E09000012,3/1/18,2.6
E09000012,4/1/18,2.6
E09000012,5/1/18,2.6
E09000012,6/1/18,2.6
E09000012,7/1/18,2.6
E09000012,8/1/18,2.6
E09000012,9/1/18,2.6
E09000012,10/1/18,2.6
E09000012,11/1/18,2.6
E09000012,12/1/18,2.8
E09000012,1/1/19,3
E09000012,2/1/19,3.1
E09000012,3/1/19,3.2
E09000012,4/1/19,3.3
E09000012,5/1/19,3.4
E09000012,6/1/19,3.4
E09000012,7/1/19,3.5
E09000012,8/1/19,3.6
E09000012,9/1/19,3.6
E09000012,10/1/19,3.7
E09000012,11/1/19,3.8
E09000012,12/1/19,3.8
E09000012,1/1/20,3.9
E09000012,2/1/20,4
E09000012,3/1/20,4
E09000012,4/1/20,6.3
E09000012,5/1/20,9.2
E09000012,6/1/20,9
E09000012,7/1/20,9.4
E09000012,8/1/20,9.6
E09000012,9/1/20,9.7
E09000012,10/1/20,9.5
E09000012,11/1/20,9.7
E09000012,12/1/20,9.8
E09000012,1/1/21,9.8
E09000012,2/1/21,10.2
E09000012,3/1/21,10.2
E09000012,4/1/21,10.2
E09000012,5/1/21,9.7
E09000012,6/1/21,9
E09000012,7/1/21,8.7
E09000012,8/1/21,8.4
E09000012,9/1/21,7.9
E09000012,10/1/21,7.5
E09000012,11/1/21,7.2
E09000012,12/1/21,6.9
E09000012,1/1/22,6.6
E09000012,2/1/22,6.6
E09000012,3/1/22,6.5
E09000012,4/1/22,6.2
E09000012,5/1/22,6
E09000012,6/1/22,5.9
E09000012,7/1/22,5.9
E09000012,8/1/22,5.7
E09000012,9/1/22,5.7
E09000012,10/1/22,5.7
E09000012,11/1/22,5.7
E09000012,12/1/22,5.8
E09000012,1/1/23,5.5
E09000012,2/1/23,5.6
E09000012,3/1/23,5.8
E09000012,4/1/23,5.9
E09000012,5/1/23,5.7
E09000012,6/1/23,5.8
E09000012,7/1/23,6
E09000012,8/1/23,6
E09000012,9/1/23,6.1
E09000012,10/1/23,6.1
E09000012,11/1/23,6.1
E09000012,12/1/23,6.1
E09000012,1/1/24,6
E09000012,2/1/24,6.2
E09000012,3/1/24,6.2
E09000012,4/1/24,6.1
E09000012,5/1/24,6.3
E09000012,6/1/24,6.4
E09000012,7/1/24,7.1
E09000012,8/1/24,7
E09000012,9/1/24,7.1
E09000012,10/1/24,7.2
E09000012,11/1/24,7.2
E09000012,12/1/24,7.1
E09000012,1/1/25,7
E09000012,2/1/25,7.2
E09000012,3/1/25,7.1
E09000012,4/1/25,7
E09000012,5/1/25,7.2
E09000012,6/1/25,7.2
E09000012,7/1/25,7
E09000012,8/1/25,6.9
E09000012,9/1/25,7
E09000012,10/1/25,7
E09000012,11/1/25,6.8
E09000012,12/1/25,6.8
E09000012,1/1/26,6.7
E09000012,2/1/26,7
E09000013,1/1/18,2.9
E09000013,2/1/18,3.1
E09000013,3/1/18,3.1
E09000013,4/1/18,3.3
E09000013,5/1/18,3.2
E09000013,6/1/18,3.2
E09000013,7/1/18,3.2
E09000013,8/1/18,3.2
E09000013,9/1/18,3.2
E09000013,10/1/18,3.2
E09000013,11/1/18,3.2
E09000013,12/1/18,3.1
E09000013,1/1/19,3.1
E09000013,2/1/19,3.2
E09000013,3/1/19,3.2
E09000013,4/1/19,3.2
E09000013,5/1/19,3.2
E09000013,6/1/19,3.3
E09000013,7/1/19,3.3
E09000013,8/1/19,3.3
E09000013,9/1/19,3.3
E09000013,10/1/19,3.4
E09000013,11/1/19,3.3
E09000013,12/1/19,3.3
E09000013,1/1/20,3.3
E09000013,2/1/20,3.4
E09000013,3/1/20,3.4
E09000013,4/1/20,4.8
E09000013,5/1/20,7.3
E09000013,6/1/20,7.3
E09000013,7/1/20,7.4
E09000013,8/1/20,7.5
E09000013,9/1/20,7.6
E09000013,10/1/20,7.5
E09000013,11/1/20,7.8
E09000013,12/1/20,7.8
E09000013,1/1/21,7.9
E09000013,2/1/21,8.2
E09000013,3/1/21,8.2
E09000013,4/1/21,8.1
E09000013,5/1/21,7.7
E09000013,6/1/21,7.2
E09000013,7/1/21,6.9
E09000013,8/1/21,6.5
E09000013,9/1/21,6.3
E09000013,10/1/21,6.1
E09000013,11/1/21,5.8
E09000013,12/1/21,5.6
E09000013,1/1/22,5.3
E09000013,2/1/22,5.3
E09000013,3/1/22,5.1
E09000013,4/1/22,4.8
E09000013,5/1/22,4.7
E09000013,6/1/22,4.6
E09000013,7/1/22,4.5
E09000013,8/1/22,4.4
E09000013,9/1/22,4.4
E09000013,10/1/22,4.3
E09000013,11/1/22,4.3
E09000013,12/1/22,4.4
E09000013,1/1/23,4.2
E09000013,2/1/23,4.3
E09000013,3/1/23,4.3
E09000013,4/1/23,4.3
E09000013,5/1/23,4.2
E09000013,6/1/23,4.4
E09000013,7/1/23,4.4
E09000013,8/1/23,4.4
E09000013,9/1/23,4.3
E09000013,10/1/23,4.3
E09000013,11/1/23,4.3
E09000013,12/1/23,4.3
E09000013,1/1/24,4.4
E09000013,2/1/24,4.4
E09000013,3/1/24,4.5
E09000013,4/1/24,4.3
E09000013,5/1/24,4.4
E09000013,6/1/24,4.5
E09000013,7/1/24,4.9
E09000013,8/1/24,4.8
E09000013,9/1/24,4.8
E09000013,10/1/24,4.8
E09000013,11/1/24,4.8
E09000013,12/1/24,4.7
E09000013,1/1/25,4.7
E09000013,2/1/25,4.8
E09000013,3/1/25,4.8
E09000013,4/1/25,4.8
E09000013,5/1/25,4.8
E09000013,6/1/25,4.9
E09000013,7/1/25,4.8
E09000013,8/1/25,4.7
E09000013,9/1/25,4.7
E09000013,10/1/25,4.7
E09000013,11/1/25,4.7
E09000013,12/1/25,4.7
E09000013,1/1/26,4.6
E09000013,2/1/26,4.8
E09000014,1/1/18,2.3
E09000014,2/1/18,2.3
E09000014,3/1/18,2.4
E09000014,4/1/18,2.3
E09000014,5/1/18,2.3
E09000014,6/1/18,2.3
E09000014,7/1/18,2.3
E09000014,8/1/18,2.3
E09000014,9/1/18,2.3
E09000014,10/1/18,2.3
E09000014,11/1/18,2.3
E09000014,12/1/18,2.4
E09000014,1/1/19,2.5
E09000014,2/1/19,2.6
E09000014,3/1/19,2.8
E09000014,4/1/19,2.9
E09000014,5/1/19,3
E09000014,6/1/19,3.1
E09000014,7/1/19,3.1
E09000014,8/1/19,3.2
E09000014,9/1/19,3.3
E09000014,10/1/19,3.3
E09000014,11/1/19,3.4
E09000014,12/1/19,3.4
E09000014,1/1/20,3.5
E09000014,2/1/20,3.6
E09000014,3/1/20,3.7
E09000014,4/1/20,6.1
E09000014,5/1/20,9.9
E09000014,6/1/20,9.8
E09000014,7/1/20,9.9
E09000014,8/1/20,10.1
E09000014,9/1/20,10.3
E09000014,10/1/20,10.1
E09000014,11/1/20,10.5
E09000014,12/1/20,10.8
E09000014,1/1/21,10.9
E09000014,2/1/21,11.5
E09000014,3/1/21,11.6
E09000014,4/1/21,11.5
E09000014,5/1/21,11.1
E09000014,6/1/21,10.1
E09000014,7/1/21,9.9
E09000014,8/1/21,9.5
E09000014,9/1/21,8.9
E09000014,10/1/21,8.6
E09000014,11/1/21,8.2
E09000014,12/1/21,7.9
E09000014,1/1/22,7.8
E09000014,2/1/22,7.8
E09000014,3/1/22,7.5
E09000014,4/1/22,7.1
E09000014,5/1/22,7
E09000014,6/1/22,6.9
E09000014,7/1/22,6.8
E09000014,8/1/22,6.7
E09000014,9/1/22,6.7
E09000014,10/1/22,6.6
E09000014,11/1/22,6.6
E09000014,12/1/22,6.6
E09000014,1/1/23,6.4
E09000014,2/1/23,6.6
E09000014,3/1/23,6.7
E09000014,4/1/23,6.8
E09000014,5/1/23,6.6
E09000014,6/1/23,6.7
E09000014,7/1/23,6.8
E09000014,8/1/23,6.7
E09000014,9/1/23,6.7
E09000014,10/1/23,6.8
E09000014,11/1/23,6.7
E09000014,12/1/23,6.7
E09000014,1/1/24,6.7
E09000014,2/1/24,6.8
E09000014,3/1/24,6.8
E09000014,4/1/24,6.8
E09000014,5/1/24,6.9
E09000014,6/1/24,7.1
E09000014,7/1/24,8.1
E09000014,8/1/24,7.9
E09000014,9/1/24,7.8
E09000014,10/1/24,7.8
E09000014,11/1/24,7.6
E09000014,12/1/24,7.6
E09000014,1/1/25,7.5
E09000014,2/1/25,7.7
E09000014,3/1/25,7.8
E09000014,4/1/25,7.6
E09000014,5/1/25,7.7
E09000014,6/1/25,7.9
E09000014,7/1/25,7.7
E09000014,8/1/25,7.5
E09000014,9/1/25,7.6
E09000014,10/1/25,7.5
E09000014,11/1/25,7.4
E09000014,12/1/25,7.3
E09000014,1/1/26,7.2
E09000014,2/1/26,7.6
E09000015,1/1/18,1.1
E09000015,2/1/18,1.1
E09000015,3/1/18,1.1
E09000015,4/1/18,1.1
E09000015,5/1/18,1.1
E09000015,6/1/18,1.1
E09000015,7/1/18,1
E09000015,8/1/18,1.1
E09000015,9/1/18,1.2
E09000015,10/1/18,1.2
E09000015,11/1/18,1.3
E09000015,12/1/18,1.3
E09000015,1/1/19,1.4
E09000015,2/1/19,1.5
E09000015,3/1/19,1.5
E09000015,4/1/19,1.6
E09000015,5/1/19,1.6
E09000015,6/1/19,1.7
E09000015,7/1/19,1.7
E09000015,8/1/19,1.8
E09000015,9/1/19,1.8
E09000015,10/1/19,1.9
E09000015,11/1/19,1.9
E09000015,12/1/19,1.9
E09000015,1/1/20,1.9
E09000015,2/1/20,2
E09000015,3/1/20,2
E09000015,4/1/20,3.4
E09000015,5/1/20,6.1
E09000015,6/1/20,6.3
E09000015,7/1/20,6.2
E09000015,8/1/20,6.4
E09000015,9/1/20,6.5
E09000015,10/1/20,6.4
E09000015,11/1/20,6.6
E09000015,12/1/20,6.6
E09000015,1/1/21,6.5
E09000015,2/1/21,6.9
E09000015,3/1/21,6.8
E09000015,4/1/21,6.7
E09000015,5/1/21,6.3
E09000015,6/1/21,5.7
E09000015,7/1/21,5.7
E09000015,8/1/21,5.5
E09000015,9/1/21,5.1
E09000015,10/1/21,4.9
E09000015,11/1/21,4.7
E09000015,12/1/21,4.6
E09000015,1/1/22,4.4
E09000015,2/1/22,4.3
E09000015,3/1/22,4
E09000015,4/1/22,3.8
E09000015,5/1/22,3.7
E09000015,6/1/22,3.6
E09000015,7/1/22,3.5
E09000015,8/1/22,3.5
E09000015,9/1/22,3.6
E09000015,10/1/22,3.4
E09000015,11/1/22,3.4
E09000015,12/1/22,3.5
E09000015,1/1/23,3.4
E09000015,2/1/23,3.5
E09000015,3/1/23,3.5
E09000015,4/1/23,3.6
E09000015,5/1/23,3.5
E09000015,6/1/23,3.5
E09000015,7/1/23,3.6
E09000015,8/1/23,3.6
E09000015,9/1/23,3.6
E09000015,10/1/23,3.6
E09000015,11/1/23,3.6
E09000015,12/1/23,3.6
E09000015,1/1/24,3.6
E09000015,2/1/24,3.7
E09000015,3/1/24,3.7
E09000015,4/1/24,3.7
E09000015,5/1/24,3.8
E09000015,6/1/24,4
E09000015,7/1/24,4.6
E09000015,8/1/24,4.5
E09000015,9/1/24,4.8
E09000015,10/1/24,4.8
E09000015,11/1/24,4.7
E09000015,12/1/24,4.7
E09000015,1/1/25,4.7
E09000015,2/1/25,4.9
E09000015,3/1/25,4.9
E09000015,4/1/25,4.8
E09000015,5/1/25,4.9
E09000015,6/1/25,5
E09000015,7/1/25,4.9
E09000015,8/1/25,4.8
E09000015,9/1/25,4.8
E09000015,10/1/25,4.7
E09000015,11/1/25,4.6
E09000015,12/1/25,4.6
E09000015,1/1/26,4.6
E09000015,2/1/26,4.7
E09000016,1/1/18,1.5
E09000016,2/1/18,1.6
E09000016,3/1/18,1.6
E09000016,4/1/18,1.6
E09000016,5/1/18,1.6
E09000016,6/1/18,1.6
E09000016,7/1/18,1.5
E09000016,8/1/18,1.6
E09000016,9/1/18,1.6
E09000016,10/1/18,1.7
E09000016,11/1/18,1.8
E09000016,12/1/18,1.9
E09000016,1/1/19,1.9
E09000016,2/1/19,2.1
E09000016,3/1/19,2.1
E09000016,4/1/19,2.2
E09000016,5/1/19,2.2
E09000016,6/1/19,2.3
E09000016,7/1/19,2.3
E09000016,8/1/19,2.3
E09000016,9/1/19,2.3
E09000016,10/1/19,2.4
E09000016,11/1/19,2.4
E09000016,12/1/19,2.5
E09000016,1/1/20,2.4
E09000016,2/1/20,2.6
E09000016,3/1/20,2.6
E09000016,4/1/20,4.9
E09000016,5/1/20,6.6
E09000016,6/1/20,6.1
E09000016,7/1/20,6.3
E09000016,8/1/20,6.5
E09000016,9/1/20,6.5
E09000016,10/1/20,6.2
E09000016,11/1/20,6.3
E09000016,12/1/20,6.4
E09000016,1/1/21,6.1
E09000016,2/1/21,6.5
E09000016,3/1/21,6.5
E09000016,4/1/21,6.5
E09000016,5/1/21,6
E09000016,6/1/21,5.5
E09000016,7/1/21,5.4
E09000016,8/1/21,5.1
E09000016,9/1/21,4.8
E09000016,10/1/21,4.6
E09000016,11/1/21,4.4
E09000016,12/1/21,4.3
E09000016,1/1/22,4.1
E09000016,2/1/22,4.1
E09000016,3/1/22,3.8
E09000016,4/1/22,3.6
E09000016,5/1/22,3.5
E09000016,6/1/22,3.5
E09000016,7/1/22,3.4
E09000016,8/1/22,3.5
E09000016,9/1/22,3.5
E09000016,10/1/22,3.5
E09000016,11/1/22,3.6
E09000016,12/1/22,3.6
E09000016,1/1/23,3.5
E09000016,2/1/23,3.6
E09000016,3/1/23,3.8
E09000016,4/1/23,3.8
E09000016,5/1/23,3.8
E09000016,6/1/23,3.8
E09000016,7/1/23,3.8
E09000016,8/1/23,3.8
E09000016,9/1/23,3.8
E09000016,10/1/23,3.9
E09000016,11/1/23,3.9
E09000016,12/1/23,3.8
E09000016,1/1/24,3.8
E09000016,2/1/24,3.9
E09000016,3/1/24,3.9
E09000016,4/1/24,3.9
E09000016,5/1/24,4
E09000016,6/1/24,4.1
E09000016,7/1/24,4.4
E09000016,8/1/24,4.4
E09000016,9/1/24,4.5
E09000016,10/1/24,4.5
E09000016,11/1/24,4.4
E09000016,12/1/24,4.4
E09000016,1/1/25,4.3
E09000016,2/1/25,4.5
E09000016,3/1/25,4.5
E09000016,4/1/25,4.4
E09000016,5/1/25,4.4
E09000016,6/1/25,4.5
E09000016,7/1/25,4.4
E09000016,8/1/25,4.4
E09000016,9/1/25,4.4
E09000016,10/1/25,4.4
E09000016,11/1/25,4.3
E09000016,12/1/25,4.3
E09000016,1/1/26,4.3
E09000016,2/1/26,4.5
E09000017,1/1/18,1.3
E09000017,2/1/18,1.3
E09000017,3/1/18,1.4
E09000017,4/1/18,1.3
E09000017,5/1/18,1.3
E09000017,6/1/18,1.3
E09000017,7/1/18,1.3
E09000017,8/1/18,1.3
E09000017,9/1/18,1.3
E09000017,10/1/18,1.3
E09000017,11/1/18,1.2
E09000017,12/1/18,1.3
E09000017,1/1/19,1.5
E09000017,2/1/19,1.6
E09000017,3/1/19,1.7
E09000017,4/1/19,1.8
E09000017,5/1/19,1.9
E09000017,6/1/19,1.9
E09000017,7/1/19,1.9
E09000017,8/1/19,2
E09000017,9/1/19,2.1
E09000017,10/1/19,2.1
E09000017,11/1/19,2.1
E09000017,12/1/19,2.2
E09000017,1/1/20,2.2
E09000017,2/1/20,2.3
E09000017,3/1/20,2.4
E09000017,4/1/20,4
E09000017,5/1/20,6.5
E09000017,6/1/20,6.5
E09000017,7/1/20,6.7
E09000017,8/1/20,6.9
E09000017,9/1/20,7
E09000017,10/1/20,6.9
E09000017,11/1/20,7.2
E09000017,12/1/20,7.2
E09000017,1/1/21,7.1
E09000017,2/1/21,7.5
E09000017,3/1/21,7.5
E09000017,4/1/21,7.3
E09000017,5/1/21,6.8
E09000017,6/1/21,6.3
E09000017,7/1/21,6.1
E09000017,8/1/21,5.8
E09000017,9/1/21,5.5
E09000017,10/1/21,5.2
E09000017,11/1/21,5
E09000017,12/1/21,4.7
E09000017,1/1/22,4.3
E09000017,2/1/22,4.3
E09000017,3/1/22,4.2
E09000017,4/1/22,4
E09000017,5/1/22,3.9
E09000017,6/1/22,3.8
E09000017,7/1/22,3.7
E09000017,8/1/22,3.7
E09000017,9/1/22,3.7
E09000017,10/1/22,3.7
E09000017,11/1/22,3.7
E09000017,12/1/22,3.8
E09000017,1/1/23,3.5
E09000017,2/1/23,3.7
E09000017,3/1/23,3.7
E09000017,4/1/23,3.8
E09000017,5/1/23,3.7
E09000017,6/1/23,3.8
E09000017,7/1/23,3.8
E09000017,8/1/23,3.8
E09000017,9/1/23,3.9
E09000017,10/1/23,4
E09000017,11/1/23,4
E09000017,12/1/23,4
E09000017,1/1/24,3.9
E09000017,2/1/24,4
E09000017,3/1/24,4
E09000017,4/1/24,4
E09000017,5/1/24,4.1
E09000017,6/1/24,4.3
E09000017,7/1/24,4.8
E09000017,8/1/24,4.7
E09000017,9/1/24,4.8
E09000017,10/1/24,4.9
E09000017,11/1/24,4.8
E09000017,12/1/24,4.8
E09000017,1/1/25,4.7
E09000017,2/1/25,4.9
E09000017,3/1/25,5
E09000017,4/1/25,5
E09000017,5/1/25,5
E09000017,6/1/25,5
E09000017,7/1/25,4.9
E09000017,8/1/25,4.9
E09000017,9/1/25,4.9
E09000017,10/1/25,4.9
E09000017,11/1/25,4.8
E09000017,12/1/25,4.8
E09000017,1/1/26,4.7
E09000017,2/1/26,5
E09000018,1/1/18,2.5
E09000018,2/1/18,2.8
E09000018,3/1/18,2.8
E09000018,4/1/18,3.1
E09000018,5/1/18,2.8
E09000018,6/1/18,2.8
E09000018,7/1/18,2.8
E09000018,8/1/18,2.8
E09000018,9/1/18,2.9
E09000018,10/1/18,2.9
E09000018,11/1/18,2.9
E09000018,12/1/18,2.9
E09000018,1/1/19,2.9
E09000018,2/1/19,3.1
E09000018,3/1/19,3.1
E09000018,4/1/19,3.1
E09000018,5/1/19,3.1
E09000018,6/1/19,3.1
E09000018,7/1/19,3.1
E09000018,8/1/19,3.1
E09000018,9/1/19,3.2
E09000018,10/1/19,3.2
E09000018,11/1/19,3.2
E09000018,12/1/19,3.2
E09000018,1/1/20,3.2
E09000018,2/1/20,3.4
E09000018,3/1/20,3.4
E09000018,4/1/20,5.2
E09000018,5/1/20,7.7
E09000018,6/1/20,7.6
E09000018,7/1/20,7.8
E09000018,8/1/20,8.1
E09000018,9/1/20,8.2
E09000018,10/1/20,8.2
E09000018,11/1/20,8.6
E09000018,12/1/20,8.6
E09000018,1/1/21,8.4
E09000018,2/1/21,9
E09000018,3/1/21,9.1
E09000018,4/1/21,9
E09000018,5/1/21,8.5
E09000018,6/1/21,7.8
E09000018,7/1/21,7.6
E09000018,8/1/21,7.2
E09000018,9/1/21,6.8
E09000018,10/1/21,6.4
E09000018,11/1/21,6.2
E09000018,12/1/21,5.9
E09000018,1/1/22,5.7
E09000018,2/1/22,5.7
E09000018,3/1/22,5.3
E09000018,4/1/22,5.1
E09000018,5/1/22,4.9
E09000018,6/1/22,4.8
E09000018,7/1/22,4.7
E09000018,8/1/22,4.7
E09000018,9/1/22,4.7
E09000018,10/1/22,4.7
E09000018,11/1/22,4.7
E09000018,12/1/22,4.7
E09000018,1/1/23,4.6
E09000018,2/1/23,4.7
E09000018,3/1/23,4.8
E09000018,4/1/23,5
E09000018,5/1/23,4.8
E09000018,6/1/23,4.9
E09000018,7/1/23,4.9
E09000018,8/1/23,4.8
E09000018,9/1/23,4.9
E09000018,10/1/23,4.9
E09000018,11/1/23,4.9
E09000018,12/1/23,4.9
E09000018,1/1/24,4.8
E09000018,2/1/24,4.9
E09000018,3/1/24,4.9
E09000018,4/1/24,4.8
E09000018,5/1/24,4.8
E09000018,6/1/24,5.1
E09000018,7/1/24,5.6
E09000018,8/1/24,5.5
E09000018,9/1/24,5.5
E09000018,10/1/24,5.5
E09000018,11/1/24,5.4
E09000018,12/1/24,5.2
E09000018,1/1/25,5.2
E09000018,2/1/25,5.4
E09000018,3/1/25,5.3
E09000018,4/1/25,5.2
E09000018,5/1/25,5.2
E09000018,6/1/25,5.4
E09000018,7/1/25,5.3
E09000018,8/1/25,5.2
E09000018,9/1/25,5.1
E09000018,10/1/25,5.1
E09000018,11/1/25,5
E09000018,12/1/25,4.9
E09000018,1/1/26,4.9
E09000018,2/1/26,5.1
E09000019,1/1/18,2.2
E09000019,2/1/18,2.3
E09000019,3/1/18,2.3
E09000019,4/1/18,2.3
E09000019,5/1/18,2.3
E09000019,6/1/18,2.4
E09000019,7/1/18,2.4
E09000019,8/1/18,2.4
E09000019,9/1/18,2.5
E09000019,10/1/18,2.6
E09000019,11/1/18,2.7
E09000019,12/1/18,2.8
E09000019,1/1/19,2.8
E09000019,2/1/19,2.9
E09000019,3/1/19,3
E09000019,4/1/19,3
E09000019,5/1/19,3.1
E09000019,6/1/19,3.2
E09000019,7/1/19,3.2
E09000019,8/1/19,3.3
E09000019,9/1/19,3.3
E09000019,10/1/19,3.3
E09000019,11/1/19,3.3
E09000019,12/1/19,3.3
E09000019,1/1/20,3.4
E09000019,2/1/20,3.5
E09000019,3/1/20,3.5
E09000019,4/1/20,5.3
E09000019,5/1/20,7.5
E09000019,6/1/20,7.5
E09000019,7/1/20,7.6
E09000019,8/1/20,7.8
E09000019,9/1/20,7.9
E09000019,10/1/20,7.8
E09000019,11/1/20,8.1
E09000019,12/1/20,8.2
E09000019,1/1/21,8.3
E09000019,2/1/21,8.6
E09000019,3/1/21,8.6
E09000019,4/1/21,8.6
E09000019,5/1/21,8.1
E09000019,6/1/21,7.6
E09000019,7/1/21,7.3
E09000019,8/1/21,6.9
E09000019,9/1/21,6.7
E09000019,10/1/21,6.4
E09000019,11/1/21,6.1
E09000019,12/1/21,5.8
E09000019,1/1/22,5.5
E09000019,2/1/22,5.6
E09000019,3/1/22,5.4
E09000019,4/1/22,5.2
E09000019,5/1/22,5.1
E09000019,6/1/22,5
E09000019,7/1/22,5
E09000019,8/1/22,4.9
E09000019,9/1/22,4.9
E09000019,10/1/22,4.9
E09000019,11/1/22,4.9
E09000019,12/1/22,4.9
E09000019,1/1/23,4.8
E09000019,2/1/23,4.9
E09000019,3/1/23,5
E09000019,4/1/23,5.1
E09000019,5/1/23,5
E09000019,6/1/23,5.1
E09000019,7/1/23,5.1
E09000019,8/1/23,5.1
E09000019,9/1/23,5.2
E09000019,10/1/23,5.2
E09000019,11/1/23,5.2
E09000019,12/1/23,5.2
E09000019,1/1/24,5.1
E09000019,2/1/24,5.3
E09000019,3/1/24,5.3
E09000019,4/1/24,5.3
E09000019,5/1/24,5.4
E09000019,6/1/24,5.4
E09000019,7/1/24,5.8
E09000019,8/1/24,5.8
E09000019,9/1/24,5.9
E09000019,10/1/24,5.9
E09000019,11/1/24,5.8
E09000019,12/1/24,5.8
E09000019,1/1/25,5.7
E09000019,2/1/25,5.9
E09000019,3/1/25,5.9
E09000019,4/1/25,5.8
E09000019,5/1/25,5.8
E09000019,6/1/25,5.8
E09000019,7/1/25,5.8
E09000019,8/1/25,5.8
E09000019,9/1/25,5.7
E09000019,10/1/25,5.7
E09000019,11/1/25,5.6
E09000019,12/1/25,5.5
E09000019,1/1/26,5.4
E09000019,2/1/26,5.6
E09000020,1/1/18,1.7
E09000020,2/1/18,1.9
E09000020,3/1/18,1.8
E09000020,4/1/18,1.9
E09000020,5/1/18,1.9
E09000020,6/1/18,1.9
E09000020,7/1/18,1.8
E09000020,8/1/18,1.8
E09000020,9/1/18,1.8
E09000020,10/1/18,1.8
E09000020,11/1/18,1.9
E09000020,12/1/18,1.8
E09000020,1/1/19,1.9
E09000020,2/1/19,2
E09000020,3/1/19,2
E09000020,4/1/19,2
E09000020,5/1/19,2.1
E09000020,6/1/19,2.1
E09000020,7/1/19,2.1
E09000020,8/1/19,2.2
E09000020,9/1/19,2.2
E09000020,10/1/19,2.2
E09000020,11/1/19,2.2
E09000020,12/1/19,2.2
E09000020,1/1/20,2.2
E09000020,2/1/20,2.3
E09000020,3/1/20,2.3
E09000020,4/1/20,3.6
E09000020,5/1/20,5.5
E09000020,6/1/20,5.6
E09000020,7/1/20,5.7
E09000020,8/1/20,5.9
E09000020,9/1/20,5.9
E09000020,10/1/20,5.8
E09000020,11/1/20,6
E09000020,12/1/20,6.1
E09000020,1/1/21,6.1
E09000020,2/1/21,6.3
E09000020,3/1/21,6.3
E09000020,4/1/21,6.2
E09000020,5/1/21,5.9
E09000020,6/1/21,5.5
E09000020,7/1/21,5.3
E09000020,8/1/21,5.1
E09000020,9/1/21,4.8
E09000020,10/1/21,4.7
E09000020,11/1/21,4.6
E09000020,12/1/21,4.4
E09000020,1/1/22,4.1
E09000020,2/1/22,4.1
E09000020,3/1/22,3.9
E09000020,4/1/22,3.7
E09000020,5/1/22,3.6
E09000020,6/1/22,3.5
E09000020,7/1/22,3.4
E09000020,8/1/22,3.4
E09000020,9/1/22,3.3
E09000020,10/1/22,3.3
E09000020,11/1/22,3.3
E09000020,12/1/22,3.3
E09000020,1/1/23,3.2
E09000020,2/1/23,3.2
E09000020,3/1/23,3.2
E09000020,4/1/23,3.1
E09000020,5/1/23,3.1
E09000020,6/1/23,3.2
E09000020,7/1/23,3.2
E09000020,8/1/23,3.2
E09000020,9/1/23,3.2
E09000020,10/1/23,3.2
E09000020,11/1/23,3.2
E09000020,12/1/23,3.2
E09000020,1/1/24,3.3
E09000020,2/1/24,3.3
E09000020,3/1/24,3.3
E09000020,4/1/24,3.2
E09000020,5/1/24,3.3
E09000020,6/1/24,3.4
E09000020,7/1/24,3.7
E09000020,8/1/24,3.7
E09000020,9/1/24,3.7
E09000020,10/1/24,3.8
E09000020,11/1/24,3.7
E09000020,12/1/24,3.8
E09000020,1/1/25,3.7
E09000020,2/1/25,3.8
E09000020,3/1/25,3.7
E09000020,4/1/25,3.7
E09000020,5/1/25,3.7
E09000020,6/1/25,3.7
E09000020,7/1/25,3.6
E09000020,8/1/25,3.6
E09000020,9/1/25,3.5
E09000020,10/1/25,3.5
E09000020,11/1/25,3.5
E09000020,12/1/25,3.5
E09000020,1/1/26,3.4
E09000020,2/1/26,3.5
E09000021,1/1/18,1.2
E09000021,2/1/18,1.2
E09000021,3/1/18,1.2
E09000021,4/1/18,1.2
E09000021,5/1/18,1.1
E09000021,6/1/18,1.1
E09000021,7/1/18,1.1
E09000021,8/1/18,1.1
E09000021,9/1/18,1.2
E09000021,10/1/18,1.3
E09000021,11/1/18,1.4
E09000021,12/1/18,1.5
E09000021,1/1/19,1.5
E09000021,2/1/19,1.6
E09000021,3/1/19,1.6
E09000021,4/1/19,1.7
E09000021,5/1/19,1.7
E09000021,6/1/19,1.7
E09000021,7/1/19,1.7
E09000021,8/1/19,1.7
E09000021,9/1/19,1.8
E09000021,10/1/19,1.8
E09000021,11/1/19,1.9
E09000021,12/1/19,1.9
E09000021,1/1/20,1.9
E09000021,2/1/20,2
E09000021,3/1/20,2
E09000021,4/1/20,3.1
E09000021,5/1/20,5.2
E09000021,6/1/20,5.1
E09000021,7/1/20,5.3
E09000021,8/1/20,5.5
E09000021,9/1/20,5.5
E09000021,10/1/20,5.3
E09000021,11/1/20,5.3
E09000021,12/1/20,5.3
E09000021,1/1/21,5.2
E09000021,2/1/21,5.5
E09000021,3/1/21,5.5
E09000021,4/1/21,5.4
E09000021,5/1/21,5
E09000021,6/1/21,4.5
E09000021,7/1/21,4.4
E09000021,8/1/21,4.2
E09000021,9/1/21,3.9
E09000021,10/1/21,3.7
E09000021,11/1/21,3.5
E09000021,12/1/21,3.4
E09000021,1/1/22,3.2
E09000021,2/1/22,3.2
E09000021,3/1/22,3
E09000021,4/1/22,2.7
E09000021,5/1/22,2.7
E09000021,6/1/22,2.6
E09000021,7/1/22,2.6
E09000021,8/1/22,2.5
E09000021,9/1/22,2.5
E09000021,10/1/22,2.5
E09000021,11/1/22,2.5
E09000021,12/1/22,2.5
E09000021,1/1/23,2.5
E09000021,2/1/23,2.5
E09000021,3/1/23,2.6
E09000021,4/1/23,2.7
E09000021,5/1/23,2.6
E09000021,6/1/23,2.7
E09000021,7/1/23,2.7
E09000021,8/1/23,2.7
E09000021,9/1/23,2.8
E09000021,10/1/23,2.8
E09000021,11/1/23,2.7
E09000021,12/1/23,2.8
E09000021,1/1/24,2.7
E09000021,2/1/24,2.8
E09000021,3/1/24,2.8
E09000021,4/1/24,2.8
E09000021,5/1/24,2.8
E09000021,6/1/24,2.8
E09000021,7/1/24,3.2
E09000021,8/1/24,3.2
E09000021,9/1/24,3.2
E09000021,10/1/24,3.3
E09000021,11/1/24,3.3
E09000021,12/1/24,3.2
E09000021,1/1/25,3.2
E09000021,2/1/25,3.3
E09000021,3/1/25,3.2
E09000021,4/1/25,3.2
E09000021,5/1/25,3.3
E09000021,6/1/25,3.3
E09000021,7/1/25,3.3
E09000021,8/1/25,3.3
E09000021,9/1/25,3.2
E09000021,10/1/25,3.2
E09000021,11/1/25,3.2
E09000021,12/1/25,3.2
E09000021,1/1/26,3.2
E09000021,2/1/26,3.3
E09000022,1/1/18,2.4
E09000022,2/1/18,2.5
E09000022,3/1/18,2.5
E09000022,4/1/18,2.6
E09000022,5/1/18,2.7
E09000022,6/1/18,2.7
E09000022,7/1/18,2.8
E09000022,8/1/18,2.9
E09000022,9/1/18,2.9
E09000022,10/1/18,2.9
E09000022,11/1/18,3
E09000022,12/1/18,3
E09000022,1/1/19,3
E09000022,2/1/19,3.1
E09000022,3/1/19,3.2
E09000022,4/1/19,3.2
E09000022,5/1/19,3.2
E09000022,6/1/19,3.3
E09000022,7/1/19,3.3
E09000022,8/1/19,3.4
E09000022,9/1/19,3.5
E09000022,10/1/19,3.4
E09000022,11/1/19,3.5
E09000022,12/1/19,3.5
E09000022,1/1/20,3.5
E09000022,2/1/20,3.6
E09000022,3/1/20,3.6
E09000022,4/1/20,5.5
E09000022,5/1/20,8
E09000022,6/1/20,8
E09000022,7/1/20,8.2
E09000022,8/1/20,8.4
E09000022,9/1/20,8.5
E09000022,10/1/20,8.4
E09000022,11/1/20,8.6
E09000022,12/1/20,8.7
E09000022,1/1/21,8.8
E09000022,2/1/21,9.2
E09000022,3/1/21,9.3
E09000022,4/1/21,9.2
E09000022,5/1/21,8.7
E09000022,6/1/21,8.1
E09000022,7/1/21,7.8
E09000022,8/1/21,7.5
E09000022,9/1/21,7.1
E09000022,10/1/21,6.8
E09000022,11/1/21,6.5
E09000022,12/1/21,6.1
E09000022,1/1/22,6
E09000022,2/1/22,6
E09000022,3/1/22,5.9
E09000022,4/1/22,5.6
E09000022,5/1/22,5.4
E09000022,6/1/22,5.3
E09000022,7/1/22,5.1
E09000022,8/1/22,5.1
E09000022,9/1/22,5.1
E09000022,10/1/22,5.1
E09000022,11/1/22,5
E09000022,12/1/22,5
E09000022,1/1/23,4.8
E09000022,2/1/23,5
E09000022,3/1/23,5.1
E09000022,4/1/23,5.1
E09000022,5/1/23,5
E09000022,6/1/23,5.1
E09000022,7/1/23,5.2
E09000022,8/1/23,5.2
E09000022,9/1/23,5.3
E09000022,10/1/23,5.3
E09000022,11/1/23,5.2
E09000022,12/1/23,5.2
E09000022,1/1/24,5.2
E09000022,2/1/24,5.4
E09000022,3/1/24,5.5
E09000022,4/1/24,5.4
E09000022,5/1/24,5.4
E09000022,6/1/24,5.5
E09000022,7/1/24,5.9
E09000022,8/1/24,5.9
E09000022,9/1/24,6.1
E09000022,10/1/24,6.1
E09000022,11/1/24,6.1
E09000022,12/1/24,6.1
E09000022,1/1/25,6
E09000022,2/1/25,6.2
E09000022,3/1/25,6.2
E09000022,4/1/25,6.2
E09000022,5/1/25,6.2
E09000022,6/1/25,6.4
E09000022,7/1/25,6.2
E09000022,8/1/25,6.2
E09000022,9/1/25,6.2
E09000022,10/1/25,6.1
E09000022,11/1/25,6
E09000022,12/1/25,6
E09000022,1/1/26,6
E09000022,2/1/26,6.3
E09000023,1/1/18,2.5
E09000023,2/1/18,2.5
E09000023,3/1/18,2.6
E09000023,4/1/18,2.6
E09000023,5/1/18,2.6
E09000023,6/1/18,2.5
E09000023,7/1/18,2.5
E09000023,8/1/18,2.5
E09000023,9/1/18,2.6
E09000023,10/1/18,2.7
E09000023,11/1/18,2.8
E09000023,12/1/18,2.9
E09000023,1/1/19,2.9
E09000023,2/1/19,3.1
E09000023,3/1/19,3.2
E09000023,4/1/19,3.3
E09000023,5/1/19,3.3
E09000023,6/1/19,3.5
E09000023,7/1/19,3.5
E09000023,8/1/19,3.6
E09000023,9/1/19,3.7
E09000023,10/1/19,3.7
E09000023,11/1/19,3.7
E09000023,12/1/19,3.7
E09000023,1/1/20,3.7
E09000023,2/1/20,3.8
E09000023,3/1/20,3.9
E09000023,4/1/20,5.9
E09000023,5/1/20,8.8
E09000023,6/1/20,8.7
E09000023,7/1/20,8.8
E09000023,8/1/20,9.1
E09000023,9/1/20,9.3
E09000023,10/1/20,9.1
E09000023,11/1/20,9.4
E09000023,12/1/20,9.4
E09000023,1/1/21,9.4
E09000023,2/1/21,9.8
E09000023,3/1/21,9.8
E09000023,4/1/21,9.7
E09000023,5/1/21,9.2
E09000023,6/1/21,8.6
E09000023,7/1/21,8.3
E09000023,8/1/21,8
E09000023,9/1/21,7.6
E09000023,10/1/21,7.3
E09000023,11/1/21,7
E09000023,12/1/21,6.7
E09000023,1/1/22,6.5
E09000023,2/1/22,6.6
E09000023,3/1/22,6.3
E09000023,4/1/22,6.1
E09000023,5/1/22,5.9
E09000023,6/1/22,5.8
E09000023,7/1/22,5.7
E09000023,8/1/22,5.6
E09000023,9/1/22,5.7
E09000023,10/1/22,5.7
E09000023,11/1/22,5.6
E09000023,12/1/22,5.7
E09000023,1/1/23,5.5
E09000023,2/1/23,5.6
E09000023,3/1/23,5.7
E09000023,4/1/23,5.8
E09000023,5/1/23,5.7
E09000023,6/1/23,5.8
E09000023,7/1/23,5.9
E09000023,8/1/23,5.8
E09000023,9/1/23,5.9
E09000023,10/1/23,6
E09000023,11/1/23,6
E09000023,12/1/23,6.1
E09000023,1/1/24,6
E09000023,2/1/24,6.2
E09000023,3/1/24,6.3
E09000023,4/1/24,6.3
E09000023,5/1/24,6.3
E09000023,6/1/24,6.4
E09000023,7/1/24,6.8
E09000023,8/1/24,6.8
E09000023,9/1/24,6.9
E09000023,10/1/24,6.9
E09000023,11/1/24,6.9
E09000023,12/1/24,6.9
E09000023,1/1/25,6.8
E09000023,2/1/25,7
E09000023,3/1/25,7
E09000023,4/1/25,7
E09000023,5/1/25,7
E09000023,6/1/25,7.1
E09000023,7/1/25,6.9
E09000023,8/1/25,6.9
E09000023,9/1/25,7
E09000023,10/1/25,6.9
E09000023,11/1/25,6.8
E09000023,12/1/25,6.7
E09000023,1/1/26,6.6
E09000023,2/1/26,6.9
E09000024,1/1/18,1.6
E09000024,2/1/18,1.7
E09000024,3/1/18,1.8
E09000024,4/1/18,1.9
E09000024,5/1/18,1.9
E09000024,6/1/18,1.9
E09000024,7/1/18,1.9
E09000024,8/1/18,1.9
E09000024,9/1/18,2
E09000024,10/1/18,2
E09000024,11/1/18,2.1
E09000024,12/1/18,2.1
E09000024,1/1/19,2.1
E09000024,2/1/19,2.2
E09000024,3/1/19,2.2
E09000024,4/1/19,2.3
E09000024,5/1/19,2.3
E09000024,6/1/19,2.3
E09000024,7/1/19,2.3
E09000024,8/1/19,2.3
E09000024,9/1/19,2.3
E09000024,10/1/19,2.4
E09000024,11/1/19,2.4
E09000024,12/1/19,2.4
E09000024,1/1/20,2.4
E09000024,2/1/20,2.5
E09000024,3/1/20,2.5
E09000024,4/1/20,4.4
E09000024,5/1/20,6.5
E09000024,6/1/20,6.4
E09000024,7/1/20,6.5
E09000024,8/1/20,6.8
E09000024,9/1/20,6.8
E09000024,10/1/20,6.5
E09000024,11/1/20,6.6
E09000024,12/1/20,6.7
E09000024,1/1/21,6.6
E09000024,2/1/21,6.9
E09000024,3/1/21,6.9
E09000024,4/1/21,6.8
E09000024,5/1/21,6.3
E09000024,6/1/21,5.7
E09000024,7/1/21,5.7
E09000024,8/1/21,5.3
E09000024,9/1/21,5
E09000024,10/1/21,4.8
E09000024,11/1/21,4.6
E09000024,12/1/21,4.4
E09000024,1/1/22,4.3
E09000024,2/1/22,4.3
E09000024,3/1/22,4.2
E09000024,4/1/22,4
E09000024,5/1/22,3.9
E09000024,6/1/22,3.8
E09000024,7/1/22,3.7
E09000024,8/1/22,3.7
E09000024,9/1/22,3.8
E09000024,10/1/22,3.8
E09000024,11/1/22,3.8
E09000024,12/1/22,3.8
E09000024,1/1/23,3.6
E09000024,2/1/23,3.7
E09000024,3/1/23,3.8
E09000024,4/1/23,4
E09000024,5/1/23,3.9
E09000024,6/1/23,3.9
E09000024,7/1/23,4
E09000024,8/1/23,4
E09000024,9/1/23,4
E09000024,10/1/23,4
E09000024,11/1/23,4.1
E09000024,12/1/23,4.1
E09000024,1/1/24,4.1
E09000024,2/1/24,4.1
E09000024,3/1/24,4.2
E09000024,4/1/24,4.1
E09000024,5/1/24,4.2
E09000024,6/1/24,4.3
E09000024,7/1/24,4.7
E09000024,8/1/24,4.6
E09000024,9/1/24,4.8
E09000024,10/1/24,4.8
E09000024,11/1/24,4.7
E09000024,12/1/24,4.6
E09000024,1/1/25,4.6
E09000024,2/1/25,4.8
E09000024,3/1/25,4.7
E09000024,4/1/25,4.7
E09000024,5/1/25,4.7
E09000024,6/1/25,4.8
E09000024,7/1/25,4.7
E09000024,8/1/25,4.6
E09000024,9/1/25,4.7
E09000024,10/1/25,4.6
E09000024,11/1/25,4.5
E09000024,12/1/25,4.5
E09000024,1/1/26,4.5
E09000024,2/1/26,4.6
E09000025,1/1/18,1.9
E09000025,2/1/18,1.9
E09000025,3/1/18,2
E09000025,4/1/18,2
E09000025,5/1/18,2
E09000025,6/1/18,2
E09000025,7/1/18,2
E09000025,8/1/18,1.9
E09000025,9/1/18,2
E09000025,10/1/18,2.1
E09000025,11/1/18,2.2
E09000025,12/1/18,2.2
E09000025,1/1/19,2.3
E09000025,2/1/19,2.4
E09000025,3/1/19,2.5
E09000025,4/1/19,2.6
E09000025,5/1/19,2.7
E09000025,6/1/19,2.8
E09000025,7/1/19,2.8
E09000025,8/1/19,2.8
E09000025,9/1/19,2.9
E09000025,10/1/19,3
E09000025,11/1/19,3.1
E09000025,12/1/19,3.1
E09000025,1/1/20,3.1
E09000025,2/1/20,3.2
E09000025,3/1/20,3.3
E09000025,4/1/20,5.1
E09000025,5/1/20,9.3
E09000025,6/1/20,9.4
E09000025,7/1/20,9.4
E09000025,8/1/20,9.7
E09000025,9/1/20,9.8
E09000025,10/1/20,9.8
E09000025,11/1/20,10.3
E09000025,12/1/20,10.6
E09000025,1/1/21,10.4
E09000025,2/1/21,11
E09000025,3/1/21,11.2
E09000025,4/1/21,11.2
E09000025,5/1/21,10.7
E09000025,6/1/21,9.9
E09000025,7/1/21,9.8
E09000025,8/1/21,9.4
E09000025,9/1/21,8.8
E09000025,10/1/21,8.5
E09000025,11/1/21,8.2
E09000025,12/1/21,7.9
E09000025,1/1/22,7.4
E09000025,2/1/22,7.3
E09000025,3/1/22,6.9
E09000025,4/1/22,6.5
E09000025,5/1/22,6.3
E09000025,6/1/22,6.2
E09000025,7/1/22,5.9
E09000025,8/1/22,5.9
E09000025,9/1/22,5.9
E09000025,10/1/22,5.9
E09000025,11/1/22,6
E09000025,12/1/22,6
E09000025,1/1/23,5.6
E09000025,2/1/23,5.7
E09000025,3/1/23,5.9
E09000025,4/1/23,6.1
E09000025,5/1/23,6
E09000025,6/1/23,6.1
E09000025,7/1/23,6.2
E09000025,8/1/23,6.2
E09000025,9/1/23,6.3
E09000025,10/1/23,6.3
E09000025,11/1/23,6.3
E09000025,12/1/23,6.3
E09000025,1/1/24,6.2
E09000025,2/1/24,6.4
E09000025,3/1/24,6.4
E09000025,4/1/24,6.4
E09000025,5/1/24,6.6
E09000025,6/1/24,6.9
E09000025,7/1/24,7.5
E09000025,8/1/24,7.4
E09000025,9/1/24,7.6
E09000025,10/1/24,7.8
E09000025,11/1/24,7.8
E09000025,12/1/24,7.7
E09000025,1/1/25,7.6
E09000025,2/1/25,7.9
E09000025,3/1/25,7.9
E09000025,4/1/25,7.8
E09000025,5/1/25,7.8
E09000025,6/1/25,8
E09000025,7/1/25,7.8
E09000025,8/1/25,7.7
E09000025,9/1/25,7.7
E09000025,10/1/25,7.7
E09000025,11/1/25,7.5
E09000025,12/1/25,7.4
E09000025,1/1/26,7.3
E09000025,2/1/26,7.7
E09000026,1/1/18,1.2
E09000026,2/1/18,1.2
E09000026,3/1/18,1.2
E09000026,4/1/18,1.3
E09000026,5/1/18,1.3
E09000026,6/1/18,1.3
E09000026,7/1/18,1.2
E09000026,8/1/18,1.3
E09000026,9/1/18,1.3
E09000026,10/1/18,1.5
E09000026,11/1/18,1.5
E09000026,12/1/18,1.6
E09000026,1/1/19,1.6
E09000026,2/1/19,1.8
E09000026,3/1/19,1.9
E09000026,4/1/19,1.9
E09000026,5/1/19,2
E09000026,6/1/19,2.1
E09000026,7/1/19,2.1
E09000026,8/1/19,2.2
E09000026,9/1/19,2.2
E09000026,10/1/19,2.3
E09000026,11/1/19,2.4
E09000026,12/1/19,2.4
E09000026,1/1/20,2.4
E09000026,2/1/20,2.5
E09000026,3/1/20,2.6
E09000026,4/1/20,5.1
E09000026,5/1/20,7.4
E09000026,6/1/20,7.3
E09000026,7/1/20,7.4
E09000026,8/1/20,7.6
E09000026,9/1/20,7.6
E09000026,10/1/20,7.4
E09000026,11/1/20,7.7
E09000026,12/1/20,7.7
E09000026,1/1/21,7.6
E09000026,2/1/21,8.2
E09000026,3/1/21,8.2
E09000026,4/1/21,8.2
E09000026,5/1/21,7.8
E09000026,6/1/21,7.2
E09000026,7/1/21,7.2
E09000026,8/1/21,6.9
E09000026,9/1/21,6.4
E09000026,10/1/21,6.2
E09000026,11/1/21,5.9
E09000026,12/1/21,5.7
E09000026,1/1/22,5.4
E09000026,2/1/22,5.3
E09000026,3/1/22,4.9
E09000026,4/1/22,4.7
E09000026,5/1/22,4.6
E09000026,6/1/22,4.5
E09000026,7/1/22,4.5
E09000026,8/1/22,4.4
E09000026,9/1/22,4.4
E09000026,10/1/22,4.4
E09000026,11/1/22,4.5
E09000026,12/1/22,4.6
E09000026,1/1/23,4.4
E09000026,2/1/23,4.5
E09000026,3/1/23,4.6
E09000026,4/1/23,4.8
E09000026,5/1/23,4.6
E09000026,6/1/23,4.7
E09000026,7/1/23,4.9
E09000026,8/1/23,4.8
E09000026,9/1/23,4.8
E09000026,10/1/23,4.8
E09000026,11/1/23,4.8
E09000026,12/1/23,4.8
E09000026,1/1/24,4.7
E09000026,2/1/24,4.9
E09000026,3/1/24,4.8
E09000026,4/1/24,4.9
E09000026,5/1/24,5.1
E09000026,6/1/24,5.2
E09000026,7/1/24,5.9
E09000026,8/1/24,5.8
E09000026,9/1/24,5.8
E09000026,10/1/24,5.9
E09000026,11/1/24,5.9
E09000026,12/1/24,5.9
E09000026,1/1/25,5.8
E09000026,2/1/25,6
E09000026,3/1/25,6.1
E09000026,4/1/25,6
E09000026,5/1/25,6
E09000026,6/1/25,6.1
E09000026,7/1/25,5.9
E09000026,8/1/25,5.9
E09000026,9/1/25,6
E09000026,10/1/25,5.9
E09000026,11/1/25,5.8
E09000026,12/1/25,5.7
E09000026,1/1/26,5.6
E09000026,2/1/26,6
E09000027,1/1/18,1.2
E09000027,2/1/18,1.2
E09000027,3/1/18,1.2
E09000027,4/1/18,1.2
E09000027,5/1/18,1.2
E09000027,6/1/18,1.2
E09000027,7/1/18,1.2
E09000027,8/1/18,1.2
E09000027,9/1/18,1.3
E09000027,10/1/18,1.3
E09000027,11/1/18,1.4
E09000027,12/1/18,1.4
E09000027,1/1/19,1.4
E09000027,2/1/19,1.5
E09000027,3/1/19,1.5
E09000027,4/1/19,1.6
E09000027,5/1/19,1.6
E09000027,6/1/19,1.6
E09000027,7/1/19,1.6
E09000027,8/1/19,1.6
E09000027,9/1/19,1.7
E09000027,10/1/19,1.7
E09000027,11/1/19,1.7
E09000027,12/1/19,1.6
E09000027,1/1/20,1.6
E09000027,2/1/20,1.7
E09000027,3/1/20,1.7
E09000027,4/1/20,3
E09000027,5/1/20,4.4
E09000027,6/1/20,4.4
E09000027,7/1/20,4.5
E09000027,8/1/20,4.7
E09000027,9/1/20,4.8
E09000027,10/1/20,4.6
E09000027,11/1/20,4.7
E09000027,12/1/20,4.7
E09000027,1/1/21,4.6
E09000027,2/1/21,4.8
E09000027,3/1/21,4.8
E09000027,4/1/21,4.6
E09000027,5/1/21,4.3
E09000027,6/1/21,3.9
E09000027,7/1/21,3.8
E09000027,8/1/21,3.6
E09000027,9/1/21,3.4
E09000027,10/1/21,3.2
E09000027,11/1/21,3
E09000027,12/1/21,2.9
E09000027,1/1/22,2.8
E09000027,2/1/22,2.8
E09000027,3/1/22,2.6
E09000027,4/1/22,2.5
E09000027,5/1/22,2.4
E09000027,6/1/22,2.4
E09000027,7/1/22,2.4
E09000027,8/1/22,2.4
E09000027,9/1/22,2.3
E09000027,10/1/22,2.3
E09000027,11/1/22,2.4
E09000027,12/1/22,2.4
E09000027,1/1/23,2.3
E09000027,2/1/23,2.4
E09000027,3/1/23,2.4
E09000027,4/1/23,2.5
E09000027,5/1/23,2.4
E09000027,6/1/23,2.4
E09000027,7/1/23,2.4
E09000027,8/1/23,2.3
E09000027,9/1/23,2.3
E09000027,10/1/23,2.3
E09000027,11/1/23,2.3
E09000027,12/1/23,2.3
E09000027,1/1/24,2.3
E09000027,2/1/24,2.4
E09000027,3/1/24,2.4
E09000027,4/1/24,2.3
E09000027,5/1/24,2.3
E09000027,6/1/24,2.3
E09000027,7/1/24,2.6
E09000027,8/1/24,2.6
E09000027,9/1/24,2.6
E09000027,10/1/24,2.7
E09000027,11/1/24,2.6
E09000027,12/1/24,2.5
E09000027,1/1/25,2.5
E09000027,2/1/25,2.6
E09000027,3/1/25,2.6
E09000027,4/1/25,2.6
E09000027,5/1/25,2.6
E09000027,6/1/25,2.6
E09000027,7/1/25,2.6
E09000027,8/1/25,2.5
E09000027,9/1/25,2.5
E09000027,10/1/25,2.5
E09000027,11/1/25,2.5
E09000027,12/1/25,2.4
E09000027,1/1/26,2.4
E09000027,2/1/26,2.5
E09000028,1/1/18,3.1
E09000028,2/1/18,3.3
E09000028,3/1/18,3.3
E09000028,4/1/18,3.6
E09000028,5/1/18,3.4
E09000028,6/1/18,3.4
E09000028,7/1/18,3.4
E09000028,8/1/18,3.5
E09000028,9/1/18,3.5
E09000028,10/1/18,3.5
E09000028,11/1/18,3.5
E09000028,12/1/18,3.5
E09000028,1/1/19,3.4
E09000028,2/1/19,3.6
E09000028,3/1/19,3.6
E09000028,4/1/19,3.6
E09000028,5/1/19,3.6
E09000028,6/1/19,3.7
E09000028,7/1/19,3.7
E09000028,8/1/19,3.7
E09000028,9/1/19,3.7
E09000028,10/1/19,3.7
E09000028,11/1/19,3.7
E09000028,12/1/19,3.6
E09000028,1/1/20,3.6
E09000028,2/1/20,3.7
E09000028,3/1/20,3.7
E09000028,4/1/20,5.9
E09000028,5/1/20,8
E09000028,6/1/20,8
E09000028,7/1/20,8.2
E09000028,8/1/20,8.4
E09000028,9/1/20,8.6
E09000028,10/1/20,8.4
E09000028,11/1/20,8.7
E09000028,12/1/20,8.7
E09000028,1/1/21,8.8
E09000028,2/1/21,9.2
E09000028,3/1/21,9.2
E09000028,4/1/21,9.1
E09000028,5/1/21,8.6
E09000028,6/1/21,7.9
E09000028,7/1/21,7.6
E09000028,8/1/21,7.2
E09000028,9/1/21,6.9
E09000028,10/1/21,6.6
E09000028,11/1/21,6.3
E09000028,12/1/21,6.1
E09000028,1/1/22,5.9
E09000028,2/1/22,5.9
E09000028,3/1/22,5.7
E09000028,4/1/22,5.4
E09000028,5/1/22,5.3
E09000028,6/1/22,5.1
E09000028,7/1/22,4.9
E09000028,8/1/22,4.9
E09000028,9/1/22,4.9
E09000028,10/1/22,4.9
E09000028,11/1/22,4.8
E09000028,12/1/22,4.8
E09000028,1/1/23,4.7
E09000028,2/1/23,4.8
E09000028,3/1/23,4.9
E09000028,4/1/23,4.9
E09000028,5/1/23,4.8
E09000028,6/1/23,4.8
E09000028,7/1/23,4.8
E09000028,8/1/23,4.8
E09000028,9/1/23,4.8
E09000028,10/1/23,4.9
E09000028,11/1/23,4.9
E09000028,12/1/23,4.9
E09000028,1/1/24,4.9
E09000028,2/1/24,5.1
E09000028,3/1/24,5.1
E09000028,4/1/24,5
E09000028,5/1/24,5.1
E09000028,6/1/24,5.3
E09000028,7/1/24,5.7
E09000028,8/1/24,5.7
E09000028,9/1/24,5.7
E09000028,10/1/24,5.7
E09000028,11/1/24,5.6
E09000028,12/1/24,5.6
E09000028,1/1/25,5.5
E09000028,2/1/25,5.7
E09000028,3/1/25,5.7
E09000028,4/1/25,5.6
E09000028,5/1/25,5.7
E09000028,6/1/25,5.7
E09000028,7/1/25,5.6
E09000028,8/1/25,5.5
E09000028,9/1/25,5.6
E09000028,10/1/25,5.6
E09000028,11/1/25,5.5
E09000028,12/1/25,5.5
E09000028,1/1/26,5.5
E09000028,2/1/26,5.7
E09000029,1/1/18,2
E09000029,2/1/18,2.2
E09000029,3/1/18,2.2
E09000029,4/1/18,2.4
E09000029,5/1/18,2.2
E09000029,6/1/18,2.2
E09000029,7/1/18,2.2
E09000029,8/1/18,2.2
E09000029,9/1/18,2.3
E09000029,10/1/18,2.3
E09000029,11/1/18,2.3
E09000029,12/1/18,2.3
E09000029,1/1/19,2.3
E09000029,2/1/19,2.4
E09000029,3/1/19,2.4
E09000029,4/1/19,2.3
E09000029,5/1/19,2.4
E09000029,6/1/19,2.4
E09000029,7/1/19,2.4
E09000029,8/1/19,2.4
E09000029,9/1/19,2.4
E09000029,10/1/19,2.4
E09000029,11/1/19,2.4
E09000029,12/1/19,2.3
E09000029,1/1/20,2.3
E09000029,2/1/20,2.4
E09000029,3/1/20,2.4
E09000029,4/1/20,4
E09000029,5/1/20,5.6
E09000029,6/1/20,5.2
E09000029,7/1/20,5.4
E09000029,8/1/20,5.6
E09000029,9/1/20,5.7
E09000029,10/1/20,5.4
E09000029,11/1/20,5.5
E09000029,12/1/20,5.5
E09000029,1/1/21,5.4
E09000029,2/1/21,5.7
E09000029,3/1/21,5.7
E09000029,4/1/21,5.5
E09000029,5/1/21,5.1
E09000029,6/1/21,4.6
E09000029,7/1/21,4.5
E09000029,8/1/21,4.3
E09000029,9/1/21,4
E09000029,10/1/21,3.8
E09000029,11/1/21,3.6
E09000029,12/1/21,3.4
E09000029,1/1/22,3.2
E09000029,2/1/22,3.2
E09000029,3/1/22,3
E09000029,4/1/22,2.8
E09000029,5/1/22,2.8
E09000029,6/1/22,2.8
E09000029,7/1/22,2.8
E09000029,8/1/22,2.7
E09000029,9/1/22,2.7
E09000029,10/1/22,2.7
E09000029,11/1/22,2.7
E09000029,12/1/22,2.8
E09000029,1/1/23,2.7
E09000029,2/1/23,2.8
E09000029,3/1/23,2.8
E09000029,4/1/23,3
E09000029,5/1/23,2.9
E09000029,6/1/23,2.9
E09000029,7/1/23,2.9
E09000029,8/1/23,2.9
E09000029,9/1/23,2.9
E09000029,10/1/23,2.9
E09000029,11/1/23,2.9
E09000029,12/1/23,2.9
E09000029,1/1/24,2.9
E09000029,2/1/24,3
E09000029,3/1/24,3
E09000029,4/1/24,3
E09000029,5/1/24,3.1
E09000029,6/1/24,3.1
E09000029,7/1/24,3.5
E09000029,8/1/24,3.4
E09000029,9/1/24,3.5
E09000029,10/1/24,3.4
E09000029,11/1/24,3.4
E09000029,12/1/24,3.4
E09000029,1/1/25,3.3
E09000029,2/1/25,3.5
E09000029,3/1/25,3.5
E09000029,4/1/25,3.4
E09000029,5/1/25,3.5
E09000029,6/1/25,3.6
E09000029,7/1/25,3.5
E09000029,8/1/25,3.4
E09000029,9/1/25,3.5
E09000029,10/1/25,3.4
E09000029,11/1/25,3.3
E09000029,12/1/25,3.3
E09000029,1/1/26,3.3
E09000029,2/1/26,3.5
E09000030,1/1/18,2.7
E09000030,2/1/18,2.9
E09000030,3/1/18,2.9
E09000030,4/1/18,3
E09000030,5/1/18,2.9
E09000030,6/1/18,2.9
E09000030,7/1/18,3
E09000030,8/1/18,3
E09000030,9/1/18,3.1
E09000030,10/1/18,3.1
E09000030,11/1/18,3.1
E09000030,12/1/18,3.1
E09000030,1/1/19,3
E09000030,2/1/19,3.2
E09000030,3/1/19,3.2
E09000030,4/1/19,3.2
E09000030,5/1/19,3.2
E09000030,6/1/19,3.3
E09000030,7/1/19,3.4
E09000030,8/1/19,3.4
E09000030,9/1/19,3.4
E09000030,10/1/19,3.5
E09000030,11/1/19,3.5
E09000030,12/1/19,3.4
E09000030,1/1/20,3.5
E09000030,2/1/20,3.6
E09000030,3/1/20,3.6
E09000030,4/1/20,6.3
E09000030,5/1/20,8.2
E09000030,6/1/20,8.2
E09000030,7/1/20,8.4
E09000030,8/1/20,8.6
E09000030,9/1/20,8.7
E09000030,10/1/20,8.7
E09000030,11/1/20,9.1
E09000030,12/1/20,9.1
E09000030,1/1/21,8.8
E09000030,2/1/21,9.2
E09000030,3/1/21,9.3
E09000030,4/1/21,9.2
E09000030,5/1/21,8.7
E09000030,6/1/21,8.2
E09000030,7/1/21,8.1
E09000030,8/1/21,7.7
E09000030,9/1/21,7.3
E09000030,10/1/21,7
E09000030,11/1/21,6.6
E09000030,12/1/21,6.3
E09000030,1/1/22,5.8
E09000030,2/1/22,5.9
E09000030,3/1/22,5.7
E09000030,4/1/22,5.4
E09000030,5/1/22,5.3
E09000030,6/1/22,5.1
E09000030,7/1/22,4.9
E09000030,8/1/22,4.9
E09000030,9/1/22,4.9
E09000030,10/1/22,4.9
E09000030,11/1/22,4.9
E09000030,12/1/22,4.9
E09000030,1/1/23,4.6
E09000030,2/1/23,4.6
E09000030,3/1/23,4.7
E09000030,4/1/23,4.8
E09000030,5/1/23,4.8
E09000030,6/1/23,4.9
E09000030,7/1/23,5.1
E09000030,8/1/23,5.1
E09000030,9/1/23,5.1
E09000030,10/1/23,5.1
E09000030,11/1/23,5.1
E09000030,12/1/23,5.2
E09000030,1/1/24,5.1
E09000030,2/1/24,5.2
E09000030,3/1/24,5.3
E09000030,4/1/24,5.2
E09000030,5/1/24,5.4
E09000030,6/1/24,5.6
E09000030,7/1/24,6.4
E09000030,8/1/24,6.3
E09000030,9/1/24,6.6
E09000030,10/1/24,6.8
E09000030,11/1/24,6.7
E09000030,12/1/24,6.6
E09000030,1/1/25,6.5
E09000030,2/1/25,6.8
E09000030,3/1/25,6.8
E09000030,4/1/25,6.8
E09000030,5/1/25,6.9
E09000030,6/1/25,6.9
E09000030,7/1/25,6.8
E09000030,8/1/25,6.7
E09000030,9/1/25,6.7
E09000030,10/1/25,6.6
E09000030,11/1/25,6.5
E09000030,12/1/25,6.5
E09000030,1/1/26,6.4
E09000030,2/1/26,6.7
E09000031,1/1/18,2.1
E09000031,2/1/18,2.1
E09000031,3/1/18,2.2
E09000031,4/1/18,2.1
E09000031,5/1/18,2.1
E09000031,6/1/18,2.1
E09000031,7/1/18,2.1
E09000031,8/1/18,2.1
E09000031,9/1/18,2.2
E09000031,10/1/18,2.3
E09000031,11/1/18,2.4
E09000031,12/1/18,2.4
E09000031,1/1/19,2.5
E09000031,2/1/19,2.6
E09000031,3/1/19,2.7
E09000031,4/1/19,2.8
E09000031,5/1/19,2.8
E09000031,6/1/19,2.9
E09000031,7/1/19,2.9
E09000031,8/1/19,2.9
E09000031,9/1/19,3
E09000031,10/1/19,3
E09000031,11/1/19,3.1
E09000031,12/1/19,3.1
E09000031,1/1/20,3.1
E09000031,2/1/20,3.3
E09000031,3/1/20,3.3
E09000031,4/1/20,6.3
E09000031,5/1/20,9
E09000031,6/1/20,8.7
E09000031,7/1/20,8.9
E09000031,8/1/20,9.2
E09000031,9/1/20,9.3
E09000031,10/1/20,9.1
E09000031,11/1/20,9.5
E09000031,12/1/20,9.7
E09000031,1/1/21,9.5
E09000031,2/1/21,10.1
E09000031,3/1/21,10.2
E09000031,4/1/21,10.1
E09000031,5/1/21,9.5
E09000031,6/1/21,8.6
E09000031,7/1/21,8.5
E09000031,8/1/21,8.1
E09000031,9/1/21,7.6
E09000031,10/1/21,7.2
E09000031,11/1/21,6.8
E09000031,12/1/21,6.5
E09000031,1/1/22,6.4
E09000031,2/1/22,6.3
E09000031,3/1/22,6
E09000031,4/1/22,5.6
E09000031,5/1/22,5.5
E09000031,6/1/22,5.4
E09000031,7/1/22,5.2
E09000031,8/1/22,5.3
E09000031,9/1/22,5.3
E09000031,10/1/22,5.4
E09000031,11/1/22,5.4
E09000031,12/1/22,5.5
E09000031,1/1/23,5.4
E09000031,2/1/23,5.5
E09000031,3/1/23,5.6
E09000031,4/1/23,5.9
E09000031,5/1/23,5.8
E09000031,6/1/23,5.9
E09000031,7/1/23,6
E09000031,8/1/23,5.9
E09000031,9/1/23,6
E09000031,10/1/23,6
E09000031,11/1/23,6
E09000031,12/1/23,6
E09000031,1/1/24,6
E09000031,2/1/24,6.2
E09000031,3/1/24,6.3
E09000031,4/1/24,6.2
E09000031,5/1/24,6.3
E09000031,6/1/24,6.5
E09000031,7/1/24,7.1
E09000031,8/1/24,7
E09000031,9/1/24,7
E09000031,10/1/24,7
E09000031,11/1/24,7
E09000031,12/1/24,6.9
E09000031,1/1/25,6.8
E09000031,2/1/25,7.1
E09000031,3/1/25,7
E09000031,4/1/25,7
E09000031,5/1/25,7
E09000031,6/1/25,7.1
E09000031,7/1/25,6.9
E09000031,8/1/25,6.7
E09000031,9/1/25,6.8
E09000031,10/1/25,6.7
E09000031,11/1/25,6.5
E09000031,12/1/25,6.5
E09000031,1/1/26,6.4
E09000031,2/1/26,6.7
E09000032,1/1/18,1.3
E09000032,2/1/18,1.4
E09000032,3/1/18,1.4
E09000032,4/1/18,1.4
E09000032,5/1/18,1.4
E09000032,6/1/18,1.4
E09000032,7/1/18,1.4
E09000032,8/1/18,1.4
E09000032,9/1/18,1.4
E09000032,10/1/18,1.4
E09000032,11/1/18,1.5
E09000032,12/1/18,1.5
E09000032,1/1/19,1.6
E09000032,2/1/19,1.6
E09000032,3/1/19,1.7
E09000032,4/1/19,1.7
E09000032,5/1/19,1.7
E09000032,6/1/19,1.8
E09000032,7/1/19,1.8
E09000032,8/1/19,1.9
E09000032,9/1/19,1.9
E09000032,10/1/19,2
E09000032,11/1/19,2
E09000032,12/1/19,2
E09000032,1/1/20,2
E09000032,2/1/20,2.1
E09000032,3/1/20,2.1
E09000032,4/1/20,3.3
E09000032,5/1/20,5.4
E09000032,6/1/20,5.4
E09000032,7/1/20,5.5
E09000032,8/1/20,5.6
E09000032,9/1/20,5.7
E09000032,10/1/20,5.5
E09000032,11/1/20,5.7
E09000032,12/1/20,5.7
E09000032,1/1/21,5.8
E09000032,2/1/21,6
E09000032,3/1/21,6
E09000032,4/1/21,5.9
E09000032,5/1/21,5.5
E09000032,6/1/21,5
E09000032,7/1/21,4.9
E09000032,8/1/21,4.6
E09000032,9/1/21,4.4
E09000032,10/1/21,4.2
E09000032,11/1/21,4
E09000032,12/1/21,3.8
E09000032,1/1/22,3.7
E09000032,2/1/22,3.7
E09000032,3/1/22,3.5
E09000032,4/1/22,3.4
E09000032,5/1/22,3.3
E09000032,6/1/22,3.3
E09000032,7/1/22,3.2
E09000032,8/1/22,3.2
E09000032,9/1/22,3.2
E09000032,10/1/22,3.2
E09000032,11/1/22,3.2
E09000032,12/1/22,3.1
E09000032,1/1/23,3
E09000032,2/1/23,3.1
E09000032,3/1/23,3.1
E09000032,4/1/23,3.2
E09000032,5/1/23,3.2
E09000032,6/1/23,3.2
E09000032,7/1/23,3.2
E09000032,8/1/23,3.2
E09000032,9/1/23,3.3
E09000032,10/1/23,3.3
E09000032,11/1/23,3.3
E09000032,12/1/23,3.3
E09000032,1/1/24,3.2
E09000032,2/1/24,3.3
E09000032,3/1/24,3.3
E09000032,4/1/24,3.3
E09000032,5/1/24,3.4
E09000032,6/1/24,3.4
E09000032,7/1/24,3.7
E09000032,8/1/24,3.7
E09000032,9/1/24,3.8
E09000032,10/1/24,4
E09000032,11/1/24,4
E09000032,12/1/24,4
E09000032,1/1/25,4
E09000032,2/1/25,4.2
E09000032,3/1/25,4.2
E09000032,4/1/25,4.2
E09000032,5/1/25,4.2
E09000032,6/1/25,4.3
E09000032,7/1/25,4.2
E09000032,8/1/25,4.1
E09000032,9/1/25,4.1
E09000032,10/1/25,4
E09000032,11/1/25,3.9
E09000032,12/1/25,3.9
E09000032,1/1/26,3.9
E09000032,2/1/26,4
E09000033,1/1/18,1.6
E09000033,2/1/18,1.7
E09000033,3/1/18,1.7
E09000033,4/1/18,1.7
E09000033,5/1/18,1.7
E09000033,6/1/18,1.7
E09000033,7/1/18,1.6
E09000033,8/1/18,1.6
E09000033,9/1/18,1.7
E09000033,10/1/18,1.8
E09000033,11/1/18,1.9
E09000033,12/1/18,1.9
E09000033,1/1/19,2
E09000033,2/1/19,2.1
E09000033,3/1/19,2.2
E09000033,4/1/19,2.2
E09000033,5/1/19,2.3
E09000033,6/1/19,2.3
E09000033,7/1/19,2.4
E09000033,8/1/19,2.4
E09000033,9/1/19,2.4
E09000033,10/1/19,2.4
E09000033,11/1/19,2.4
E09000033,12/1/19,2.5
E09000033,1/1/20,2.5
E09000033,2/1/20,2.4
E09000033,3/1/20,2.5
E09000033,4/1/20,3.9
E09000033,5/1/20,6
E09000033,6/1/20,6.1
E09000033,7/1/20,6.3
E09000033,8/1/20,6.4
E09000033,9/1/20,6.5
E09000033,10/1/20,6.5
E09000033,11/1/20,6.7
E09000033,12/1/20,6.9
E09000033,1/1/21,6.9
E09000033,2/1/21,7.2
E09000033,3/1/21,7.2
E09000033,4/1/21,7.2
E09000033,5/1/21,6.8
E09000033,6/1/21,6.4
E09000033,7/1/21,6.2
E09000033,8/1/21,5.8
E09000033,9/1/21,5.6
E09000033,10/1/21,5.4
E09000033,11/1/21,5.2
E09000033,12/1/21,5
E09000033,1/1/22,4.8
E09000033,2/1/22,4.7
E09000033,3/1/22,4.6
E09000033,4/1/22,4.4
E09000033,5/1/22,4.3
E09000033,6/1/22,4.2
E09000033,7/1/22,4
E09000033,8/1/22,4
E09000033,9/1/22,4
E09000033,10/1/22,3.9
E09000033,11/1/22,3.9
E09000033,12/1/22,3.9
E09000033,1/1/23,3.8
E09000033,2/1/23,3.8
E09000033,3/1/23,3.9
E09000033,4/1/23,3.9
E09000033,5/1/23,3.8
E09000033,6/1/23,3.8
E09000033,7/1/23,3.8
E09000033,8/1/23,3.8
E09000033,9/1/23,3.8
E09000033,10/1/23,3.9
E09000033,11/1/23,3.9
E09000033,12/1/23,3.9
E09000033,1/1/24,4
E09000033,2/1/24,4
E09000033,3/1/24,4
E09000033,4/1/24,3.9
E09000033,5/1/24,4
E09000033,6/1/24,4
E09000033,7/1/24,4.5
E09000033,8/1/24,4.4
E09000033,9/1/24,4.2
E09000033,10/1/24,4.2
E09000033,11/1/24,4.2
E09000033,12/1/24,4.2
E09000033,1/1/25,4.2
E09000033,2/1/25,4.4
E09000033,3/1/25,4.3
E09000033,4/1/25,4.3
E09000033,5/1/25,4.3
E09000033,6/1/25,4.3
E09000033,7/1/25,4.2
E09000033,8/1/25,4.1
E09000033,9/1/25,4.1
E09000033,10/1/25,4.1
E09000033,11/1/25,4
E09000033,12/1/25,4.1
E09000033,1/1/26,4
E09000033,2/1/26,4.1
N09000001,1/1/18,2
N09000001,2/1/18,2.1
N09000001,3/1/18,2
N09000001,4/1/18,2
N09000001,5/1/18,1.9
N09000001,6/1/18,1.8
N09000001,7/1/18,1.9
N09000001,8/1/18,1.9
N09000001,9/1/18,1.9
N09000001,10/1/18,1.8
N09000001,11/1/18,1.9
N09000001,12/1/18,1.8
N09000001,1/1/19,1.8
N09000001,2/1/19,1.9
N09000001,3/1/19,1.9
N09000001,4/1/19,2
N09000001,5/1/19,1.9
N09000001,6/1/19,2
N09000001,7/1/19,2
N09000001,8/1/19,2
N09000001,9/1/19,2
N09000001,10/1/19,2.1
N09000001,11/1/19,2
N09000001,12/1/19,2
N09000001,1/1/20,2
N09000001,2/1/20,2
N09000001,3/1/20,2.1
N09000001,4/1/20,4
N09000001,5/1/20,4.4
N09000001,6/1/20,4.3
N09000001,7/1/20,4.2
N09000001,8/1/20,4.3
N09000001,9/1/20,4.2
N09000001,10/1/20,4.1
N09000001,11/1/20,4.1
N09000001,12/1/20,4
N09000001,1/1/21,3.9
N09000001,2/1/21,4
N09000001,3/1/21,4
N09000001,4/1/21,4
N09000001,5/1/21,3.8
N09000001,6/1/21,3.6
N09000001,7/1/21,3.4
N09000001,8/1/21,3.4
N09000001,9/1/21,3.2
N09000001,10/1/21,3.1
N09000001,11/1/21,2.9
N09000001,12/1/21,2.7
N09000001,1/1/22,2.6
N09000001,2/1/22,2.6
N09000001,3/1/22,2.5
N09000001,4/1/22,2.4
N09000001,5/1/22,2.4
N09000001,6/1/22,2.4
N09000001,7/1/22,2.4
N09000001,8/1/22,2.4
N09000001,9/1/22,2.3
N09000001,10/1/22,2.3
N09000001,11/1/22,2.3
N09000001,12/1/22,2.4
N09000001,1/1/23,2.3
N09000001,2/1/23,2.3
N09000001,3/1/23,2.4
N09000001,4/1/23,2.6
N09000001,5/1/23,2.4
N09000001,6/1/23,2.4
N09000001,7/1/23,2.4
N09000001,8/1/23,2.4
N09000001,9/1/23,2.5
N09000001,10/1/23,2.4
N09000001,11/1/23,2.3
N09000001,12/1/23,2.3
N09000001,1/1/24,2.2
N09000001,2/1/24,2.3
N09000001,3/1/24,2.4
N09000001,4/1/24,2.4
N09000001,5/1/24,2.3
N09000001,6/1/24,2.4
N09000001,7/1/24,2.7
N09000001,8/1/24,2.8
N09000001,9/1/24,2.8
N09000001,10/1/24,2.7
N09000001,11/1/24,2.5
N09000001,12/1/24,2.4
N09000001,1/1/25,2.4
N09000001,2/1/25,2.5
N09000001,3/1/25,2.4
N09000001,4/1/25,2.3
N09000001,5/1/25,2.2
N09000001,6/1/25,2.3
N09000001,7/1/25,2.3
N09000001,8/1/25,2.3
N09000001,9/1/25,2.4
N09000001,10/1/25,2.4
N09000001,11/1/25,2.3
N09000001,12/1/25,2.2
N09000001,1/1/26,2.1
N09000001,2/1/26,2.3
N09000002,1/1/18,1.9
N09000002,2/1/18,1.9
N09000002,3/1/18,1.9
N09000002,4/1/18,1.8
N09000002,5/1/18,1.8
N09000002,6/1/18,1.7
N09000002,7/1/18,1.7
N09000002,8/1/18,1.8
N09000002,9/1/18,1.8
N09000002,10/1/18,1.9
N09000002,11/1/18,1.9
N09000002,12/1/18,1.9
N09000002,1/1/19,2
N09000002,2/1/19,2
N09000002,3/1/19,2.1
N09000002,4/1/19,2
N09000002,5/1/19,2
N09000002,6/1/19,2
N09000002,7/1/19,2.1
N09000002,8/1/19,2
N09000002,9/1/19,2.1
N09000002,10/1/19,2
N09000002,11/1/19,2
N09000002,12/1/19,1.9
N09000002,1/1/20,1.9
N09000002,2/1/20,1.9
N09000002,3/1/20,1.9
N09000002,4/1/20,3.8
N09000002,5/1/20,4.7
N09000002,6/1/20,4.5
N09000002,7/1/20,4.5
N09000002,8/1/20,4.6
N09000002,9/1/20,4.5
N09000002,10/1/20,4.4
N09000002,11/1/20,4.4
N09000002,12/1/20,4.3
N09000002,1/1/21,4.1
N09000002,2/1/21,4.3
N09000002,3/1/21,4.2
N09000002,4/1/21,4.1
N09000002,5/1/21,3.9
N09000002,6/1/21,3.6
N09000002,7/1/21,3.6
N09000002,8/1/21,3.5
N09000002,9/1/21,3.4
N09000002,10/1/21,3.3
N09000002,11/1/21,3
N09000002,12/1/21,2.8
N09000002,1/1/22,2.7
N09000002,2/1/22,2.7
N09000002,3/1/22,2.6
N09000002,4/1/22,2.6
N09000002,5/1/22,2.4
N09000002,6/1/22,2.4
N09000002,7/1/22,2.5
N09000002,8/1/22,2.5
N09000002,9/1/22,2.5
N09000002,10/1/22,2.5
N09000002,11/1/22,2.5
N09000002,12/1/22,2.6
N09000002,1/1/23,2.5
N09000002,2/1/23,2.6
N09000002,3/1/23,2.6
N09000002,4/1/23,2.8
N09000002,5/1/23,2.7
N09000002,6/1/23,2.7
N09000002,7/1/23,2.7
N09000002,8/1/23,2.8
N09000002,9/1/23,2.9
N09000002,10/1/23,2.8
N09000002,11/1/23,2.7
N09000002,12/1/23,2.7
N09000002,1/1/24,2.6
N09000002,2/1/24,2.7
N09000002,3/1/24,2.7
N09000002,4/1/24,2.7
N09000002,5/1/24,2.7
N09000002,6/1/24,2.9
N09000002,7/1/24,3.1
N09000002,8/1/24,3.2
N09000002,9/1/24,3.3
N09000002,10/1/24,3.2
N09000002,11/1/24,3.1
N09000002,12/1/24,3
N09000002,1/1/25,2.9
N09000002,2/1/25,3.1
N09000002,3/1/25,3
N09000002,4/1/25,2.9
N09000002,5/1/25,2.8
N09000002,6/1/25,2.8
N09000002,7/1/25,2.8
N09000002,8/1/25,2.9
N09000002,9/1/25,2.9
N09000002,10/1/25,2.9
N09000002,11/1/25,2.8
N09000002,12/1/25,2.7
N09000002,1/1/26,2.7
N09000002,2/1/26,2.7
N09000003,1/1/18,3.1
N09000003,2/1/18,3.1
N09000003,3/1/18,3.1
N09000003,4/1/18,3.1
N09000003,5/1/18,3.1
N09000003,6/1/18,3
N09000003,7/1/18,2.9
N09000003,8/1/18,3
N09000003,9/1/18,3
N09000003,10/1/18,2.9
N09000003,11/1/18,2.9
N09000003,12/1/18,2.9
N09000003,1/1/19,2.9
N09000003,2/1/19,2.9
N09000003,3/1/19,2.9
N09000003,4/1/19,2.9
N09000003,5/1/19,2.8
N09000003,6/1/19,2.8
N09000003,7/1/19,2.8
N09000003,8/1/19,2.8
N09000003,9/1/19,2.8
N09000003,10/1/19,2.7
N09000003,11/1/19,2.7
N09000003,12/1/19,3.1
N09000003,1/1/20,3.1
N09000003,2/1/20,3.1
N09000003,3/1/20,3.3
N09000003,4/1/20,6.2
N09000003,5/1/20,6.5
N09000003,6/1/20,6.4
N09000003,7/1/20,6.4
N09000003,8/1/20,6.4
N09000003,9/1/20,6.3
N09000003,10/1/20,6.2
N09000003,11/1/20,6.2
N09000003,12/1/20,6.1
N09000003,1/1/21,5.9
N09000003,2/1/21,6.1
N09000003,3/1/21,6.2
N09000003,4/1/21,6.1
N09000003,5/1/21,5.9
N09000003,6/1/21,5.6
N09000003,7/1/21,5.5
N09000003,8/1/21,5.4
N09000003,9/1/21,5.3
N09000003,10/1/21,5.1
N09000003,11/1/21,4.8
N09000003,12/1/21,4.6
N09000003,1/1/22,4.4
N09000003,2/1/22,4.4
N09000003,3/1/22,4.3
N09000003,4/1/22,4.2
N09000003,5/1/22,4
N09000003,6/1/22,4
N09000003,7/1/22,3.9
N09000003,8/1/22,3.9
N09000003,9/1/22,4
N09000003,10/1/22,4
N09000003,11/1/22,3.9
N09000003,12/1/22,3.9
N09000003,1/1/23,3.8
N09000003,2/1/23,3.9
N09000003,3/1/23,4
N09000003,4/1/23,4.1
N09000003,5/1/23,3.9
N09000003,6/1/23,3.9
N09000003,7/1/23,4
N09000003,8/1/23,4
N09000003,9/1/23,4.1
N09000003,10/1/23,4
N09000003,11/1/23,3.9
N09000003,12/1/23,3.9
N09000003,1/1/24,3.8
N09000003,2/1/24,3.9
N09000003,3/1/24,4
N09000003,4/1/24,4
N09000003,5/1/24,3.9
N09000003,6/1/24,4
N09000003,7/1/24,4.3
N09000003,8/1/24,4.3
N09000003,9/1/24,4.5
N09000003,10/1/24,4.4
N09000003,11/1/24,4.2
N09000003,12/1/24,4.1
N09000003,1/1/25,3.9
N09000003,2/1/25,4.1
N09000003,3/1/25,4.1
N09000003,4/1/25,4.1
N09000003,5/1/25,4
N09000003,6/1/25,4.1
N09000003,7/1/25,4
N09000003,8/1/25,4
N09000003,9/1/25,4.2
N09000003,10/1/25,4.2
N09000003,11/1/25,4
N09000003,12/1/25,3.8
N09000003,1/1/26,3.8
N09000003,2/1/26,3.9
N09000004,1/1/18,2.8
N09000004,2/1/18,3
N09000004,3/1/18,3
N09000004,4/1/18,3
N09000004,5/1/18,2.9
N09000004,6/1/18,2.8
N09000004,7/1/18,2.9
N09000004,8/1/18,2.9
N09000004,9/1/18,3
N09000004,10/1/18,3.1
N09000004,11/1/18,3.1
N09000004,12/1/18,3.1
N09000004,1/1/19,3.2
N09000004,2/1/19,3.3
N09000004,3/1/19,3.2
N09000004,4/1/19,3.1
N09000004,5/1/19,3
N09000004,6/1/19,2.9
N09000004,7/1/19,2.9
N09000004,8/1/19,2.9
N09000004,9/1/19,2.9
N09000004,10/1/19,3.1
N09000004,11/1/19,3.1
N09000004,12/1/19,3
N09000004,1/1/20,3
N09000004,2/1/20,3
N09000004,3/1/20,2.9
N09000004,4/1/20,5.2
N09000004,5/1/20,6
N09000004,6/1/20,5.7
N09000004,7/1/20,5.7
N09000004,8/1/20,5.6
N09000004,9/1/20,5.4
N09000004,10/1/20,5.1
N09000004,11/1/20,5.1
N09000004,12/1/20,4.9
N09000004,1/1/21,4.8
N09000004,2/1/21,5.1
N09000004,3/1/21,5
N09000004,4/1/21,4.9
N09000004,5/1/21,4.6
N09000004,6/1/21,4.2
N09000004,7/1/21,4.1
N09000004,8/1/21,4
N09000004,9/1/21,3.9
N09000004,10/1/21,3.8
N09000004,11/1/21,3.6
N09000004,12/1/21,3.5
N09000004,1/1/22,3.4
N09000004,2/1/22,3.4
N09000004,3/1/22,3.3
N09000004,4/1/22,3.2
N09000004,5/1/22,3
N09000004,6/1/22,3.1
N09000004,7/1/22,3.1
N09000004,8/1/22,3.1
N09000004,9/1/22,3.1
N09000004,10/1/22,3.1
N09000004,11/1/22,3.1
N09000004,12/1/22,3.2
N09000004,1/1/23,3.2
N09000004,2/1/23,3.2
N09000004,3/1/23,3.2
N09000004,4/1/23,3.2
N09000004,5/1/23,3
N09000004,6/1/23,3
N09000004,7/1/23,3.2
N09000004,8/1/23,3.2
N09000004,9/1/23,3.2
N09000004,10/1/23,3.2
N09000004,11/1/23,3.1
N09000004,12/1/23,3.1
N09000004,1/1/24,3.1
N09000004,2/1/24,3.1
N09000004,3/1/24,3.2
N09000004,4/1/24,3.2
N09000004,5/1/24,3.1
N09000004,6/1/24,3.3
N09000004,7/1/24,3.5
N09000004,8/1/24,3.6
N09000004,9/1/24,3.7
N09000004,10/1/24,3.7
N09000004,11/1/24,3.5
N09000004,12/1/24,3.4
N09000004,1/1/25,3.3
N09000004,2/1/25,3.5
N09000004,3/1/25,3.3
N09000004,4/1/25,3.3
N09000004,5/1/25,3.1
N09000004,6/1/25,3.1
N09000004,7/1/25,3.1
N09000004,8/1/25,3.1
N09000004,9/1/25,3.1
N09000004,10/1/25,3.1
N09000004,11/1/25,3.1
N09000004,12/1/25,3
N09000004,1/1/26,3
N09000004,2/1/26,3.1
N09000005,1/1/18,4.8
N09000005,2/1/18,4.7
N09000005,3/1/18,4.5
N09000005,4/1/18,4.6
N09000005,5/1/18,4.6
N09000005,6/1/18,4.6
N09000005,7/1/18,4.7
N09000005,8/1/18,4.9
N09000005,9/1/18,4.9
N09000005,10/1/18,4.9
N09000005,11/1/18,4.9
N09000005,12/1/18,4.8
N09000005,1/1/19,4.9
N09000005,2/1/19,4.8
N09000005,3/1/19,4.8
N09000005,4/1/19,4.7
N09000005,5/1/19,4.7
N09000005,6/1/19,4.7
N09000005,7/1/19,4.7
N09000005,8/1/19,4.7
N09000005,9/1/19,4.7
N09000005,10/1/19,4.7
N09000005,11/1/19,4.6
N09000005,12/1/19,4.5
N09000005,1/1/20,4.4
N09000005,2/1/20,4.4
N09000005,3/1/20,4.3
N09000005,4/1/20,6.5
N09000005,5/1/20,7.5
N09000005,6/1/20,7.4
N09000005,7/1/20,7.4
N09000005,8/1/20,7.4
N09000005,9/1/20,7.1
N09000005,10/1/20,7
N09000005,11/1/20,6.9
N09000005,12/1/20,6.7
N09000005,1/1/21,6.6
N09000005,2/1/21,6.8
N09000005,3/1/21,6.7
N09000005,4/1/21,6.7
N09000005,5/1/21,6.4
N09000005,6/1/21,6.2
N09000005,7/1/21,6.2
N09000005,8/1/21,6.1
N09000005,9/1/21,5.9
N09000005,10/1/21,5.8
N09000005,11/1/21,5.5
N09000005,12/1/21,5.2
N09000005,1/1/22,5.1
N09000005,2/1/22,5.1
N09000005,3/1/22,5
N09000005,4/1/22,4.9
N09000005,5/1/22,4.8
N09000005,6/1/22,4.8
N09000005,7/1/22,4.8
N09000005,8/1/22,4.9
N09000005,9/1/22,4.9
N09000005,10/1/22,4.9
N09000005,11/1/22,4.7
N09000005,12/1/22,4.8
N09000005,1/1/23,4.8
N09000005,2/1/23,4.8
N09000005,3/1/23,4.9
N09000005,4/1/23,5
N09000005,5/1/23,4.8
N09000005,6/1/23,4.8
N09000005,7/1/23,5
N09000005,8/1/23,5
N09000005,9/1/23,5.1
N09000005,10/1/23,5.2
N09000005,11/1/23,5
N09000005,12/1/23,4.9
N09000005,1/1/24,4.7
N09000005,2/1/24,4.8
N09000005,3/1/24,4.9
N09000005,4/1/24,4.9
N09000005,5/1/24,4.8
N09000005,6/1/24,4.9
N09000005,7/1/24,5.3
N09000005,8/1/24,5.4
N09000005,9/1/24,5.6
N09000005,10/1/24,5.7
N09000005,11/1/24,5.4
N09000005,12/1/24,5.2
N09000005,1/1/25,5
N09000005,2/1/25,5.1
N09000005,3/1/25,5
N09000005,4/1/25,4.9
N09000005,5/1/25,4.7
N09000005,6/1/25,4.8
N09000005,7/1/25,4.7
N09000005,8/1/25,4.8
N09000005,9/1/25,4.7
N09000005,10/1/25,4.7
N09000005,11/1/25,4.5
N09000005,12/1/25,4.3
N09000005,1/1/26,4.3
N09000005,2/1/26,4.4
N09000006,1/1/18,2.1
N09000006,2/1/18,2.1
N09000006,3/1/18,2
N09000006,4/1/18,2
N09000006,5/1/18,2.1
N09000006,6/1/18,2.1
N09000006,7/1/18,2.1
N09000006,8/1/18,2.2
N09000006,9/1/18,2.3
N09000006,10/1/18,2.3
N09000006,11/1/18,2.2
N09000006,12/1/18,2.2
N09000006,1/1/19,2.2
N09000006,2/1/19,2.3
N09000006,3/1/19,2.3
N09000006,4/1/19,2.3
N09000006,5/1/19,2.3
N09000006,6/1/19,2.3
N09000006,7/1/19,2.4
N09000006,8/1/19,2.5
N09000006,9/1/19,2.4
N09000006,10/1/19,2.4
N09000006,11/1/19,2.3
N09000006,12/1/19,2.2
N09000006,1/1/20,2.2
N09000006,2/1/20,2.1
N09000006,3/1/20,2.1
N09000006,4/1/20,3.8
N09000006,5/1/20,4.5
N09000006,6/1/20,4.4
N09000006,7/1/20,4.4
N09000006,8/1/20,4.4
N09000006,9/1/20,4.3
N09000006,10/1/20,4.1
N09000006,11/1/20,4
N09000006,12/1/20,3.8
N09000006,1/1/21,3.8
N09000006,2/1/21,3.9
N09000006,3/1/21,3.9
N09000006,4/1/21,3.8
N09000006,5/1/21,3.6
N09000006,6/1/21,3.4
N09000006,7/1/21,3.4
N09000006,8/1/21,3.3
N09000006,9/1/21,3.1
N09000006,10/1/21,3.1
N09000006,11/1/21,2.8
N09000006,12/1/21,2.7
N09000006,1/1/22,2.6
N09000006,2/1/22,2.6
N09000006,3/1/22,2.5
N09000006,4/1/22,2.5
N09000006,5/1/22,2.4
N09000006,6/1/22,2.4
N09000006,7/1/22,2.5
N09000006,8/1/22,2.5
N09000006,9/1/22,2.4
N09000006,10/1/22,2.4
N09000006,11/1/22,2.3
N09000006,12/1/22,2.4
N09000006,1/1/23,2.3
N09000006,2/1/23,2.3
N09000006,3/1/23,2.4
N09000006,4/1/23,2.5
N09000006,5/1/23,2.3
N09000006,6/1/23,2.3
N09000006,7/1/23,2.4
N09000006,8/1/23,2.4
N09000006,9/1/23,2.5
N09000006,10/1/23,2.5
N09000006,11/1/23,2.4
N09000006,12/1/23,2.3
N09000006,1/1/24,2.3
N09000006,2/1/24,2.4
N09000006,3/1/24,2.4
N09000006,4/1/24,2.5
N09000006,5/1/24,2.5
N09000006,6/1/24,2.7
N09000006,7/1/24,3
N09000006,8/1/24,3.1
N09000006,9/1/24,3.1
N09000006,10/1/24,3.1
N09000006,11/1/24,3.1
N09000006,12/1/24,2.9
N09000006,1/1/25,2.9
N09000006,2/1/25,3.1
N09000006,3/1/25,2.9
N09000006,4/1/25,2.8
N09000006,5/1/25,2.7
N09000006,6/1/25,2.6
N09000006,7/1/25,2.6
N09000006,8/1/25,2.6
N09000006,9/1/25,2.6
N09000006,10/1/25,2.6
N09000006,11/1/25,2.5
N09000006,12/1/25,2.4
N09000006,1/1/26,2.4
N09000006,2/1/26,2.4
N09000007,1/1/18,1.4
N09000007,2/1/18,1.5
N09000007,3/1/18,1.5
N09000007,4/1/18,1.4
N09000007,5/1/18,1.4
N09000007,6/1/18,1.3
N09000007,7/1/18,1.3
N09000007,8/1/18,1.4
N09000007,9/1/18,1.4
N09000007,10/1/18,1.4
N09000007,11/1/18,1.3
N09000007,12/1/18,1.3
N09000007,1/1/19,1.4
N09000007,2/1/19,1.4
N09000007,3/1/19,1.5
N09000007,4/1/19,1.4
N09000007,5/1/19,1.4
N09000007,6/1/19,1.5
N09000007,7/1/19,1.5
N09000007,8/1/19,1.5
N09000007,9/1/19,1.5
N09000007,10/1/19,1.5
N09000007,11/1/19,1.5
N09000007,12/1/19,1.5
N09000007,1/1/20,1.5
N09000007,2/1/20,1.5
N09000007,3/1/20,1.5
N09000007,4/1/20,3.3
N09000007,5/1/20,3.7
N09000007,6/1/20,3.6
N09000007,7/1/20,3.6
N09000007,8/1/20,3.8
N09000007,9/1/20,3.6
N09000007,10/1/20,3.5
N09000007,11/1/20,3.5
N09000007,12/1/20,3.4
N09000007,1/1/21,3.3
N09000007,2/1/21,3.4
N09000007,3/1/21,3.4
N09000007,4/1/21,3.4
N09000007,5/1/21,3.2
N09000007,6/1/21,3
N09000007,7/1/21,2.9
N09000007,8/1/21,2.8
N09000007,9/1/21,2.7
N09000007,10/1/21,2.6
N09000007,11/1/21,2.4
N09000007,12/1/21,2.2
N09000007,1/1/22,2.1
N09000007,2/1/22,2.1
N09000007,3/1/22,2.1
N09000007,4/1/22,2
N09000007,5/1/22,2
N09000007,6/1/22,2
N09000007,7/1/22,2
N09000007,8/1/22,2
N09000007,9/1/22,1.9
N09000007,10/1/22,1.9
N09000007,11/1/22,1.9
N09000007,12/1/22,1.8
N09000007,1/1/23,1.8
N09000007,2/1/23,1.8
N09000007,3/1/23,1.8
N09000007,4/1/23,2
N09000007,5/1/23,1.9
N09000007,6/1/23,1.8
N09000007,7/1/23,1.9
N09000007,8/1/23,1.9
N09000007,9/1/23,2
N09000007,10/1/23,2
N09000007,11/1/23,1.9
N09000007,12/1/23,1.9
N09000007,1/1/24,1.8
N09000007,2/1/24,1.8
N09000007,3/1/24,1.9
N09000007,4/1/24,1.9
N09000007,5/1/24,1.9
N09000007,6/1/24,2
N09000007,7/1/24,2.2
N09000007,8/1/24,2.2
N09000007,9/1/24,2.3
N09000007,10/1/24,2.2
N09000007,11/1/24,2.1
N09000007,12/1/24,2
N09000007,1/1/25,2
N09000007,2/1/25,2.1
N09000007,3/1/25,2
N09000007,4/1/25,2
N09000007,5/1/25,1.9
N09000007,6/1/25,2
N09000007,7/1/25,2
N09000007,8/1/25,2
N09000007,9/1/25,2
N09000007,10/1/25,2.1
N09000007,11/1/25,2
N09000007,12/1/25,1.9
N09000007,1/1/26,1.9
N09000007,2/1/26,2
N09000008,1/1/18,2.3
N09000008,2/1/18,2.4
N09000008,3/1/18,2.4
N09000008,4/1/18,2.3
N09000008,5/1/18,2.3
N09000008,6/1/18,2.2
N09000008,7/1/18,2.3
N09000008,8/1/18,2.3
N09000008,9/1/18,2.3
N09000008,10/1/18,2.2
N09000008,11/1/18,2.2
N09000008,12/1/18,2.1
N09000008,1/1/19,2.3
N09000008,2/1/19,2.3
N09000008,3/1/19,2.3
N09000008,4/1/19,2.4
N09000008,5/1/19,2.3
N09000008,6/1/19,2.3
N09000008,7/1/19,2.4
N09000008,8/1/19,2.5
N09000008,9/1/19,2.5
N09000008,10/1/19,3.1
N09000008,11/1/19,3
N09000008,12/1/19,2.8
N09000008,1/1/20,2.8
N09000008,2/1/20,2.7
N09000008,3/1/20,2.7
N09000008,4/1/20,4.3
N09000008,5/1/20,4.9
N09000008,6/1/20,4.8
N09000008,7/1/20,4.7
N09000008,8/1/20,4.8
N09000008,9/1/20,4.7
N09000008,10/1/20,4.6
N09000008,11/1/20,4.6
N09000008,12/1/20,4.5
N09000008,1/1/21,4.4
N09000008,2/1/21,4.6
N09000008,3/1/21,4.6
N09000008,4/1/21,4.6
N09000008,5/1/21,4.4
N09000008,6/1/21,4.2
N09000008,7/1/21,4.2
N09000008,8/1/21,4.1
N09000008,9/1/21,4
N09000008,10/1/21,3.9
N09000008,11/1/21,3.7
N09000008,12/1/21,3.4
N09000008,1/1/22,3.3
N09000008,2/1/22,3.3
N09000008,3/1/22,3.3
N09000008,4/1/22,3.2
N09000008,5/1/22,3.1
N09000008,6/1/22,3
N09000008,7/1/22,3
N09000008,8/1/22,3.1
N09000008,9/1/22,3.1
N09000008,10/1/22,3.1
N09000008,11/1/22,3.1
N09000008,12/1/22,3
N09000008,1/1/23,2.9
N09000008,2/1/23,3
N09000008,3/1/23,3
N09000008,4/1/23,3.1
N09000008,5/1/23,2.9
N09000008,6/1/23,2.9
N09000008,7/1/23,3
N09000008,8/1/23,3
N09000008,9/1/23,3.1
N09000008,10/1/23,3
N09000008,11/1/23,2.9
N09000008,12/1/23,2.9
N09000008,1/1/24,2.8
N09000008,2/1/24,2.9
N09000008,3/1/24,3
N09000008,4/1/24,3
N09000008,5/1/24,2.9
N09000008,6/1/24,3
N09000008,7/1/24,3.3
N09000008,8/1/24,3.4
N09000008,9/1/24,3.5
N09000008,10/1/24,3.5
N09000008,11/1/24,3.3
N09000008,12/1/24,3.2
N09000008,1/1/25,3.1
N09000008,2/1/25,3.2
N09000008,3/1/25,3.1
N09000008,4/1/25,3.1
N09000008,5/1/25,3
N09000008,6/1/25,3
N09000008,7/1/25,2.9
N09000008,8/1/25,3
N09000008,9/1/25,3.1
N09000008,10/1/25,3
N09000008,11/1/25,2.9
N09000008,12/1/25,2.8
N09000008,1/1/26,2.8
N09000008,2/1/26,2.9
N09000009,1/1/18,1.5
N09000009,2/1/18,1.5
N09000009,3/1/18,1.5
N09000009,4/1/18,1.6
N09000009,5/1/18,1.6
N09000009,6/1/18,1.6
N09000009,7/1/18,1.6
N09000009,8/1/18,1.7
N09000009,9/1/18,1.7
N09000009,10/1/18,1.7
N09000009,11/1/18,1.7
N09000009,12/1/18,1.7
N09000009,1/1/19,1.7
N09000009,2/1/19,1.7
N09000009,3/1/19,1.7
N09000009,4/1/19,1.7
N09000009,5/1/19,1.7
N09000009,6/1/19,1.7
N09000009,7/1/19,1.7
N09000009,8/1/19,1.8
N09000009,9/1/19,1.7
N09000009,10/1/19,1.8
N09000009,11/1/19,1.7
N09000009,12/1/19,1.7
N09000009,1/1/20,1.7
N09000009,2/1/20,1.7
N09000009,3/1/20,1.7
N09000009,4/1/20,3.7
N09000009,5/1/20,4.4
N09000009,6/1/20,4.3
N09000009,7/1/20,4.4
N09000009,8/1/20,4.4
N09000009,9/1/20,4.3
N09000009,10/1/20,4.2
N09000009,11/1/20,4
N09000009,12/1/20,3.9
N09000009,1/1/21,3.7
N09000009,2/1/21,3.8
N09000009,3/1/21,3.6
N09000009,4/1/21,3.6
N09000009,5/1/21,3.4
N09000009,6/1/21,3.2
N09000009,7/1/21,3.2
N09000009,8/1/21,3.2
N09000009,9/1/21,3.1
N09000009,10/1/21,2.8
N09000009,11/1/21,2.6
N09000009,12/1/21,2.4
N09000009,1/1/22,2.4
N09000009,2/1/22,2.3
N09000009,3/1/22,2.2
N09000009,4/1/22,2.2
N09000009,5/1/22,2.2
N09000009,6/1/22,2.2
N09000009,7/1/22,2.2
N09000009,8/1/22,2.3
N09000009,9/1/22,2.2
N09000009,10/1/22,2.2
N09000009,11/1/22,2.1
N09000009,12/1/22,2.2
N09000009,1/1/23,2.1
N09000009,2/1/23,2.1
N09000009,3/1/23,2.1
N09000009,4/1/23,2.2
N09000009,5/1/23,2.1
N09000009,6/1/23,2.1
N09000009,7/1/23,2.2
N09000009,8/1/23,2.2
N09000009,9/1/23,2.3
N09000009,10/1/23,2.2
N09000009,11/1/23,2.1
N09000009,12/1/23,2.1
N09000009,1/1/24,2
N09000009,2/1/24,2.1
N09000009,3/1/24,2.2
N09000009,4/1/24,2.3
N09000009,5/1/24,2.4
N09000009,6/1/24,2.6
N09000009,7/1/24,2.8
N09000009,8/1/24,2.9
N09000009,9/1/24,3
N09000009,10/1/24,3
N09000009,11/1/24,2.7
N09000009,12/1/24,2.6
N09000009,1/1/25,2.5
N09000009,2/1/25,2.6
N09000009,3/1/25,2.5
N09000009,4/1/25,2.4
N09000009,5/1/25,2.3
N09000009,6/1/25,2.3
N09000009,7/1/25,2.3
N09000009,8/1/25,2.3
N09000009,9/1/25,2.4
N09000009,10/1/25,2.3
N09000009,11/1/25,2.2
N09000009,12/1/25,2.1
N09000009,1/1/26,2.1
N09000009,2/1/26,2.2
N09000010,1/1/18,2.1
N09000010,2/1/18,2.1
N09000010,3/1/18,2.1
N09000010,4/1/18,2.1
N09000010,5/1/18,2
N09000010,6/1/18,1.9
N09000010,7/1/18,2
N09000010,8/1/18,2.1
N09000010,9/1/18,2.1
N09000010,10/1/18,2.1
N09000010,11/1/18,2.1
N09000010,12/1/18,2.1
N09000010,1/1/19,2.1
N09000010,2/1/19,2.2
N09000010,3/1/19,2.2
N09000010,4/1/19,2.2
N09000010,5/1/19,2.2
N09000010,6/1/19,2.2
N09000010,7/1/19,2.3
N09000010,8/1/19,2.3
N09000010,9/1/19,2.3
N09000010,10/1/19,2.4
N09000010,11/1/19,2.3
N09000010,12/1/19,2.2
N09000010,1/1/20,2.2
N09000010,2/1/20,2.2
N09000010,3/1/20,2.2
N09000010,4/1/20,4.9
N09000010,5/1/20,5.9
N09000010,6/1/20,5.6
N09000010,7/1/20,5.6
N09000010,8/1/20,5.6
N09000010,9/1/20,5.4
N09000010,10/1/20,5.2
N09000010,11/1/20,5.1
N09000010,12/1/20,4.9
N09000010,1/1/21,4.7
N09000010,2/1/21,5
N09000010,3/1/21,4.9
N09000010,4/1/21,4.9
N09000010,5/1/21,4.5
N09000010,6/1/21,4.1
N09000010,7/1/21,4
N09000010,8/1/21,4
N09000010,9/1/21,3.8
N09000010,10/1/21,3.7
N09000010,11/1/21,3.4
N09000010,12/1/21,3.3
N09000010,1/1/22,3.2
N09000010,2/1/22,3.2
N09000010,3/1/22,3
N09000010,4/1/22,2.9
N09000010,5/1/22,2.9
N09000010,6/1/22,2.8
N09000010,7/1/22,2.9
N09000010,8/1/22,2.9
N09000010,9/1/22,2.9
N09000010,10/1/22,2.9
N09000010,11/1/22,2.8
N09000010,12/1/22,2.9
N09000010,1/1/23,2.8
N09000010,2/1/23,2.8
N09000010,3/1/23,2.9
N09000010,4/1/23,3
N09000010,5/1/23,2.9
N09000010,6/1/23,2.9
N09000010,7/1/23,3
N09000010,8/1/23,3
N09000010,9/1/23,3.1
N09000010,10/1/23,3
N09000010,11/1/23,2.8
N09000010,12/1/23,2.7
N09000010,1/1/24,2.7
N09000010,2/1/24,2.8
N09000010,3/1/24,2.8
N09000010,4/1/24,2.9
N09000010,5/1/24,2.9
N09000010,6/1/24,3
N09000010,7/1/24,3.3
N09000010,8/1/24,3.4
N09000010,9/1/24,3.5
N09000010,10/1/24,3.5
N09000010,11/1/24,3.2
N09000010,12/1/24,3.1
N09000010,1/1/25,3
N09000010,2/1/25,3.1
N09000010,3/1/25,3
N09000010,4/1/25,3
N09000010,5/1/25,2.8
N09000010,6/1/25,2.8
N09000010,7/1/25,2.8
N09000010,8/1/25,2.8
N09000010,9/1/25,3
N09000010,10/1/25,2.9
N09000010,11/1/25,2.7
N09000010,12/1/25,2.6
N09000010,1/1/26,2.7
N09000010,2/1/26,2.8
N09000011,1/1/18,2.2
N09000011,2/1/18,2.3
N09000011,3/1/18,2.2
N09000011,4/1/18,2.2
N09000011,5/1/18,2.1
N09000011,6/1/18,2.1
N09000011,7/1/18,2.1
N09000011,8/1/18,2.2
N09000011,9/1/18,2.2
N09000011,10/1/18,2.1
N09000011,11/1/18,2
N09000011,12/1/18,2.1
N09000011,1/1/19,2.1
N09000011,2/1/19,2.1
N09000011,3/1/19,2.2
N09000011,4/1/19,2.2
N09000011,5/1/19,2.2
N09000011,6/1/19,2.2
N09000011,7/1/19,2.2
N09000011,8/1/19,2.2
N09000011,9/1/19,2.2
N09000011,10/1/19,2.3
N09000011,11/1/19,2.2
N09000011,12/1/19,2.3
N09000011,1/1/20,2.2
N09000011,2/1/20,2.3
N09000011,3/1/20,2.4
N09000011,4/1/20,4.5
N09000011,5/1/20,4.9
N09000011,6/1/20,4.7
N09000011,7/1/20,4.7
N09000011,8/1/20,4.8
N09000011,9/1/20,4.6
N09000011,10/1/20,4.5
N09000011,11/1/20,4.6
N09000011,12/1/20,4.5
N09000011,1/1/21,4.3
N09000011,2/1/21,4.5
N09000011,3/1/21,4.4
N09000011,4/1/21,4.4
N09000011,5/1/21,4.1
N09000011,6/1/21,3.9
N09000011,7/1/21,3.9
N09000011,8/1/21,3.8
N09000011,9/1/21,3.6
N09000011,10/1/21,3.5
N09000011,11/1/21,3.2
N09000011,12/1/21,3.1
N09000011,1/1/22,3
N09000011,2/1/22,3
N09000011,3/1/22,2.8
N09000011,4/1/22,2.8
N09000011,5/1/22,2.7
N09000011,6/1/22,2.7
N09000011,7/1/22,2.7
N09000011,8/1/22,2.7
N09000011,9/1/22,2.7
N09000011,10/1/22,2.6
N09000011,11/1/22,2.7
N09000011,12/1/22,2.7
N09000011,1/1/23,2.6
N09000011,2/1/23,2.7
N09000011,3/1/23,2.7
N09000011,4/1/23,2.8
N09000011,5/1/23,2.6
N09000011,6/1/23,2.7
N09000011,7/1/23,2.7
N09000011,8/1/23,2.7
N09000011,9/1/23,2.8
N09000011,10/1/23,2.7
N09000011,11/1/23,2.6
N09000011,12/1/23,2.7
N09000011,1/1/24,2.6
N09000011,2/1/24,2.7
N09000011,3/1/24,2.7
N09000011,4/1/24,2.7
N09000011,5/1/24,2.7
N09000011,6/1/24,2.8
N09000011,7/1/24,3
N09000011,8/1/24,3.1
N09000011,9/1/24,3.1
N09000011,10/1/24,3
N09000011,11/1/24,2.9
N09000011,12/1/24,2.9
N09000011,1/1/25,2.7
N09000011,2/1/25,2.8
N09000011,3/1/25,2.8
N09000011,4/1/25,2.8
N09000011,5/1/25,2.6
N09000011,6/1/25,2.7
N09000011,7/1/25,2.6
N09000011,8/1/25,2.7
N09000011,9/1/25,2.6
N09000011,10/1/25,2.7
N09000011,11/1/25,2.7
N09000011,12/1/25,2.6
N09000011,1/1/26,2.5
N09000011,2/1/26,2.6
S12000005,1/1/18,3.7
S12000005,2/1/18,3.9
S12000005,3/1/18,4.1
S12000005,4/1/18,4.4
S12000005,5/1/18,4.2
S12000005,6/1/18,4.2
S12000005,7/1/18,4.3
S12000005,8/1/18,4.3
S12000005,9/1/18,4.2
S12000005,10/1/18,4.2
S12000005,11/1/18,4.1
S12000005,12/1/18,4
S12000005,1/1/19,4
S12000005,2/1/19,4.2
S12000005,3/1/19,4.3
S12000005,4/1/19,4.2
S12000005,5/1/19,4.2
S12000005,6/1/19,4.1
S12000005,7/1/19,4.3
S12000005,8/1/19,4.3
S12000005,9/1/19,4
S12000005,10/1/19,3.9
S12000005,11/1/19,4.1
S12000005,12/1/19,4
S12000005,1/1/20,4.2
S12000005,2/1/20,4.3
S12000005,3/1/20,4.2
S12000005,4/1/20,6.2
S12000005,5/1/20,6.8
S12000005,6/1/20,6.7
S12000005,7/1/20,6.9
S12000005,8/1/20,7
S12000005,9/1/20,6.8
S12000005,10/1/20,6.6
S12000005,11/1/20,6.5
S12000005,12/1/20,6.4
S12000005,1/1/21,6.3
S12000005,2/1/21,6.5
S12000005,3/1/21,6.4
S12000005,4/1/21,6.3
S12000005,5/1/21,5.8
S12000005,6/1/21,5.4
S12000005,7/1/21,5.2
S12000005,8/1/21,5
S12000005,9/1/21,4.8
S12000005,10/1/21,4.7
S12000005,11/1/21,4.5
S12000005,12/1/21,4.3
S12000005,1/1/22,4.3
S12000005,2/1/22,4.2
S12000005,3/1/22,3.9
S12000005,4/1/22,3.8
S12000005,5/1/22,3.7
S12000005,6/1/22,3.6
S12000005,7/1/22,3.6
S12000005,8/1/22,3.8
S12000005,9/1/22,3.5
S12000005,10/1/22,3.5
S12000005,11/1/22,3.6
S12000005,12/1/22,3.6
S12000005,1/1/23,3.6
S12000005,2/1/23,3.6
S12000005,3/1/23,3.8
S12000005,4/1/23,3.9
S12000005,5/1/23,3.6
S12000005,6/1/23,3.6
S12000005,7/1/23,3.7
S12000005,8/1/23,3.6
S12000005,9/1/23,3.4
S12000005,10/1/23,3.3
S12000005,11/1/23,3.4
S12000005,12/1/23,3.5
S12000005,1/1/24,3.3
S12000005,2/1/24,3.4
S12000005,3/1/24,3.3
S12000005,4/1/24,3.2
S12000005,5/1/24,3.2
S12000005,6/1/24,3.3
S12000005,7/1/24,3.4
S12000005,8/1/24,3.4
S12000005,9/1/24,3.4
S12000005,10/1/24,3.1
S12000005,11/1/24,3.1
S12000005,12/1/24,3
S12000005,1/1/25,3.1
S12000005,2/1/25,3.1
S12000005,3/1/25,3.1
S12000005,4/1/25,3.1
S12000005,5/1/25,3.1
S12000005,6/1/25,3.1
S12000005,7/1/25,3
S12000005,8/1/25,2.9
S12000005,9/1/25,2.7
S12000005,10/1/25,2.8
S12000005,11/1/25,2.9
S12000005,12/1/25,2.9
S12000005,1/1/26,3
S12000005,2/1/26,3.1
S12000006,1/1/18,1.9
S12000006,2/1/18,2
S12000006,3/1/18,1.9
S12000006,4/1/18,1.9
S12000006,5/1/18,1.8
S12000006,6/1/18,1.8
S12000006,7/1/18,2
S12000006,8/1/18,2.1
S12000006,9/1/18,2.2
S12000006,10/1/18,2.3
S12000006,11/1/18,2.4
S12000006,12/1/18,2.6
S12000006,1/1/19,2.7
S12000006,2/1/19,2.9
S12000006,3/1/19,3.1
S12000006,4/1/19,3.1
S12000006,5/1/19,3
S12000006,6/1/19,3
S12000006,7/1/19,3.1
S12000006,8/1/19,3.2
S12000006,9/1/19,3.1
S12000006,10/1/19,3.2
S12000006,11/1/19,3.1
S12000006,12/1/19,3.2
S12000006,1/1/20,3.3
S12000006,2/1/20,3.5
S12000006,3/1/20,3.4
S12000006,4/1/20,5.8
S12000006,5/1/20,6.1
S12000006,6/1/20,5.9
S12000006,7/1/20,6
S12000006,8/1/20,5.9
S12000006,9/1/20,5.6
S12000006,10/1/20,5.3
S12000006,11/1/20,5.3
S12000006,12/1/20,5.2
S12000006,1/1/21,5.3
S12000006,2/1/21,5.6
S12000006,3/1/21,5.5
S12000006,4/1/21,5.3
S12000006,5/1/21,5
S12000006,6/1/21,4.6
S12000006,7/1/21,4.5
S12000006,8/1/21,4.4
S12000006,9/1/21,4.1
S12000006,10/1/21,3.9
S12000006,11/1/21,3.8
S12000006,12/1/21,3.8
S12000006,1/1/22,3.8
S12000006,2/1/22,3.7
S12000006,3/1/22,3.5
S12000006,4/1/22,3.4
S12000006,5/1/22,3.2
S12000006,6/1/22,3
S12000006,7/1/22,3
S12000006,8/1/22,3
S12000006,9/1/22,2.9
S12000006,10/1/22,2.9
S12000006,11/1/22,2.9
S12000006,12/1/22,3
S12000006,1/1/23,3
S12000006,2/1/23,3.1
S12000006,3/1/23,3.1
S12000006,4/1/23,3.2
S12000006,5/1/23,3
S12000006,6/1/23,3
S12000006,7/1/23,3
S12000006,8/1/23,2.9
S12000006,9/1/23,2.8
S12000006,10/1/23,2.8
S12000006,11/1/23,2.8
S12000006,12/1/23,2.9
S12000006,1/1/24,2.8
S12000006,2/1/24,2.8
S12000006,3/1/24,3
S12000006,4/1/24,2.9
S12000006,5/1/24,2.9
S12000006,6/1/24,3.1
S12000006,7/1/24,3.2
S12000006,8/1/24,3.1
S12000006,9/1/24,3
S12000006,10/1/24,3
S12000006,11/1/24,2.9
S12000006,12/1/24,2.8
S12000006,1/1/25,2.9
S12000006,2/1/25,2.8
S12000006,3/1/25,2.7
S12000006,4/1/25,2.7
S12000006,5/1/25,2.6
S12000006,6/1/25,2.7
S12000006,7/1/25,2.7
S12000006,8/1/25,2.7
S12000006,9/1/25,2.7
S12000006,10/1/25,2.6
S12000006,11/1/25,2.6
S12000006,12/1/25,2.6
S12000006,1/1/26,2.7
S12000006,2/1/26,2.9
S12000008,1/1/18,3.5
S12000008,2/1/18,3.8
S12000008,3/1/18,4
S12000008,4/1/18,4.3
S12000008,5/1/18,4.3
S12000008,6/1/18,4.4
S12000008,7/1/18,4.8
S12000008,8/1/18,4.8
S12000008,9/1/18,4.6
S12000008,10/1/18,4.7
S12000008,11/1/18,4.8
S12000008,12/1/18,4.8
S12000008,1/1/19,4.9
S12000008,2/1/19,5
S12000008,3/1/19,5.1
S12000008,4/1/19,5
S12000008,5/1/19,4.9
S12000008,6/1/19,4.9
S12000008,7/1/19,5.1
S12000008,8/1/19,5.1
S12000008,9/1/19,4.8
S12000008,10/1/19,4.9
S12000008,11/1/19,4.8
S12000008,12/1/19,4.8
S12000008,1/1/20,5
S12000008,2/1/20,4.9
S12000008,3/1/20,4.8
S12000008,4/1/20,7.3
S12000008,5/1/20,8
S12000008,6/1/20,8
S12000008,7/1/20,8.2
S12000008,8/1/20,8.4
S12000008,9/1/20,8.1
S12000008,10/1/20,7.6
S12000008,11/1/20,7.7
S12000008,12/1/20,7.5
S12000008,1/1/21,7.6
S12000008,2/1/21,7.7
S12000008,3/1/21,7.6
S12000008,4/1/21,7.5
S12000008,5/1/21,7.1
S12000008,6/1/21,6.7
S12000008,7/1/21,6.6
S12000008,8/1/21,6.4
S12000008,9/1/21,6
S12000008,10/1/21,5.7
S12000008,11/1/21,5.6
S12000008,12/1/21,5.5
S12000008,1/1/22,5.4
S12000008,2/1/22,5.3
S12000008,3/1/22,5.1
S12000008,4/1/22,4.8
S12000008,5/1/22,4.6
S12000008,6/1/22,4.5
S12000008,7/1/22,4.5
S12000008,8/1/22,4.4
S12000008,9/1/22,4.1
S12000008,10/1/22,4
S12000008,11/1/22,4.1
S12000008,12/1/22,4.2
S12000008,1/1/23,4.3
S12000008,2/1/23,4.3
S12000008,3/1/23,4.5
S12000008,4/1/23,4.5
S12000008,5/1/23,4.2
S12000008,6/1/23,4.2
S12000008,7/1/23,4.3
S12000008,8/1/23,4.1
S12000008,9/1/23,4
S12000008,10/1/23,4
S12000008,11/1/23,4
S12000008,12/1/23,4
S12000008,1/1/24,3.9
S12000008,2/1/24,3.8
S12000008,3/1/24,3.9
S12000008,4/1/24,3.9
S12000008,5/1/24,3.9
S12000008,6/1/24,3.9
S12000008,7/1/24,4
S12000008,8/1/24,4
S12000008,9/1/24,3.9
S12000008,10/1/24,3.7
S12000008,11/1/24,3.7
S12000008,12/1/24,3.7
S12000008,1/1/25,3.7
S12000008,2/1/25,3.8
S12000008,3/1/25,3.7
S12000008,4/1/25,3.6
S12000008,5/1/25,3.6
S12000008,6/1/25,3.6
S12000008,7/1/25,3.6
S12000008,8/1/25,3.6
S12000008,9/1/25,3.5
S12000008,10/1/25,3.6
S12000008,11/1/25,3.6
S12000008,12/1/25,3.5
S12000008,1/1/26,3.5
S12000008,2/1/26,3.7
S12000010,1/1/18,2.7
S12000010,2/1/18,2.8
S12000010,3/1/18,2.8
S12000010,4/1/18,3.1
S12000010,5/1/18,2.8
S12000010,6/1/18,2.8
S12000010,7/1/18,2.7
S12000010,8/1/18,2.7
S12000010,9/1/18,2.7
S12000010,10/1/18,2.7
S12000010,11/1/18,2.8
S12000010,12/1/18,2.8
S12000010,1/1/19,2.7
S12000010,2/1/19,2.9
S12000010,3/1/19,2.8
S12000010,4/1/19,2.7
S12000010,5/1/19,2.6
S12000010,6/1/19,2.6
S12000010,7/1/19,2.6
S12000010,8/1/19,2.6
S12000010,9/1/19,2.5
S12000010,10/1/19,2.5
S12000010,11/1/19,2.6
S12000010,12/1/19,2.6
S12000010,1/1/20,2.6
S12000010,2/1/20,2.6
S12000010,3/1/20,2.6
S12000010,4/1/20,4.8
S12000010,5/1/20,5.5
S12000010,6/1/20,5.2
S12000010,7/1/20,5.4
S12000010,8/1/20,5.4
S12000010,9/1/20,5.1
S12000010,10/1/20,4.8
S12000010,11/1/20,4.9
S12000010,12/1/20,4.8
S12000010,1/1/21,4.8
S12000010,2/1/21,5.1
S12000010,3/1/21,5.1
S12000010,4/1/21,5
S12000010,5/1/21,4.6
S12000010,6/1/21,4
S12000010,7/1/21,4
S12000010,8/1/21,3.8
S12000010,9/1/21,3.5
S12000010,10/1/21,3.4
S12000010,11/1/21,3.3
S12000010,12/1/21,3.1
S12000010,1/1/22,3.1
S12000010,2/1/22,3
S12000010,3/1/22,2.7
S12000010,4/1/22,2.5
S12000010,5/1/22,2.4
S12000010,6/1/22,2.3
S12000010,7/1/22,2.1
S12000010,8/1/22,2.2
S12000010,9/1/22,2.1
S12000010,10/1/22,2.1
S12000010,11/1/22,2.1
S12000010,12/1/22,2.2
S12000010,1/1/23,2.1
S12000010,2/1/23,2.2
S12000010,3/1/23,2.3
S12000010,4/1/23,2.4
S12000010,5/1/23,2.3
S12000010,6/1/23,2.2
S12000010,7/1/23,2.3
S12000010,8/1/23,2.2
S12000010,9/1/23,2.2
S12000010,10/1/23,2.2
S12000010,11/1/23,2.3
S12000010,12/1/23,2.2
S12000010,1/1/24,2.2
S12000010,2/1/24,2.3
S12000010,3/1/24,2.3
S12000010,4/1/24,2.3
S12000010,5/1/24,2.3
S12000010,6/1/24,2.3
S12000010,7/1/24,2.4
S12000010,8/1/24,2.4
S12000010,9/1/24,2.3
S12000010,10/1/24,2.3
S12000010,11/1/24,2.3
S12000010,12/1/24,2.3
S12000010,1/1/25,2.3
S12000010,2/1/25,2.4
S12000010,3/1/25,2.3
S12000010,4/1/25,2.2
S12000010,5/1/25,2.2
S12000010,6/1/25,2.1
S12000010,7/1/25,2.1
S12000010,8/1/25,2.1
S12000010,9/1/25,2.1
S12000010,10/1/25,2.1
S12000010,11/1/25,2.1
S12000010,12/1/25,2.1
S12000010,1/1/26,2.2
S12000010,2/1/26,2.4
S12000011,1/1/18,1.2
S12000011,2/1/18,1.2
S12000011,3/1/18,1.2
S12000011,4/1/18,1.2
S12000011,5/1/18,1.2
S12000011,6/1/18,1.2
S12000011,7/1/18,1.2
S12000011,8/1/18,1.2
S12000011,9/1/18,1.1
S12000011,10/1/18,1.1
S12000011,11/1/18,1.2
S12000011,12/1/18,1.3
S12000011,1/1/19,1.3
S12000011,2/1/19,1.4
S12000011,3/1/19,1.5
S12000011,4/1/19,1.5
S12000011,5/1/19,1.5
S12000011,6/1/19,1.6
S12000011,7/1/19,1.7
S12000011,8/1/19,1.8
S12000011,9/1/19,1.7
S12000011,10/1/19,1.7
S12000011,11/1/19,1.7
S12000011,12/1/19,1.7
S12000011,1/1/20,1.7
S12000011,2/1/20,1.7
S12000011,3/1/20,1.7
S12000011,4/1/20,3.3
S12000011,5/1/20,4.1
S12000011,6/1/20,4
S12000011,7/1/20,4.3
S12000011,8/1/20,4.3
S12000011,9/1/20,4
S12000011,10/1/20,3.8
S12000011,11/1/20,3.8
S12000011,12/1/20,3.8
S12000011,1/1/21,3.7
S12000011,2/1/21,3.8
S12000011,3/1/21,3.8
S12000011,4/1/21,3.6
S12000011,5/1/21,3.3
S12000011,6/1/21,3
S12000011,7/1/21,3
S12000011,8/1/21,2.8
S12000011,9/1/21,2.5
S12000011,10/1/21,2.4
S12000011,11/1/21,2.3
S12000011,12/1/21,2.2
S12000011,1/1/22,2.2
S12000011,2/1/22,2.1
S12000011,3/1/22,2
S12000011,4/1/22,1.9
S12000011,5/1/22,1.8
S12000011,6/1/22,1.8
S12000011,7/1/22,1.7
S12000011,8/1/22,1.7
S12000011,9/1/22,1.7
S12000011,10/1/22,1.6
S12000011,11/1/22,1.7
S12000011,12/1/22,1.7
S12000011,1/1/23,1.7
S12000011,2/1/23,1.7
S12000011,3/1/23,1.8
S12000011,4/1/23,1.9
S12000011,5/1/23,1.8
S12000011,6/1/23,1.8
S12000011,7/1/23,1.8
S12000011,8/1/23,1.8
S12000011,9/1/23,1.8
S12000011,10/1/23,1.7
S12000011,11/1/23,1.7
S12000011,12/1/23,1.7
S12000011,1/1/24,1.6
S12000011,2/1/24,1.7
S12000011,3/1/24,1.7
S12000011,4/1/24,1.7
S12000011,5/1/24,1.7
S12000011,6/1/24,1.8
S12000011,7/1/24,2
S12000011,8/1/24,2
S12000011,9/1/24,1.9
S12000011,10/1/24,1.8
S12000011,11/1/24,1.7
S12000011,12/1/24,1.7
S12000011,1/1/25,1.6
S12000011,2/1/25,1.7
S12000011,3/1/25,1.7
S12000011,4/1/25,1.6
S12000011,5/1/25,1.6
S12000011,6/1/25,1.6
S12000011,7/1/25,1.6
S12000011,8/1/25,1.7
S12000011,9/1/25,1.7
S12000011,10/1/25,1.6
S12000011,11/1/25,1.6
S12000011,12/1/25,1.6
S12000011,1/1/26,1.6
S12000011,2/1/26,1.7
S12000013,1/1/18,1.8
S12000013,2/1/18,1.9
S12000013,3/1/18,1.9
S12000013,4/1/18,1.8
S12000013,5/1/18,1.7
S12000013,6/1/18,1.5
S12000013,7/1/18,1.5
S12000013,8/1/18,1.5
S12000013,9/1/18,1.4
S12000013,10/1/18,1.5
S12000013,11/1/18,1.7
S12000013,12/1/18,1.9
S12000013,1/1/19,1.9
S12000013,2/1/19,2.2
S12000013,3/1/19,2.3
S12000013,4/1/19,2.1
S12000013,5/1/19,2.1
S12000013,6/1/19,2
S12000013,7/1/19,2.1
S12000013,8/1/19,2.2
S12000013,9/1/19,2.2
S12000013,10/1/19,2.2
S12000013,11/1/19,2.3
S12000013,12/1/19,2.6
S12000013,1/1/20,2.8
S12000013,2/1/20,3.1
S12000013,3/1/20,3.1
S12000013,4/1/20,5.3
S12000013,5/1/20,5.7
S12000013,6/1/20,5.5
S12000013,7/1/20,5.7
S12000013,8/1/20,5.8
S12000013,9/1/20,5.2
S12000013,10/1/20,4.9
S12000013,11/1/20,5
S12000013,12/1/20,5
S12000013,1/1/21,4.8
S12000013,2/1/21,5
S12000013,3/1/21,5.1
S12000013,4/1/21,4.9
S12000013,5/1/21,4.6
S12000013,6/1/21,4.1
S12000013,7/1/21,3.9
S12000013,8/1/21,3.6
S12000013,9/1/21,3.3
S12000013,10/1/21,3.2
S12000013,11/1/21,3
S12000013,12/1/21,3
S12000013,1/1/22,3.1
S12000013,2/1/22,2.9
S12000013,3/1/22,3
S12000013,4/1/22,2.7
S12000013,5/1/22,2.4
S12000013,6/1/22,2.2
S12000013,7/1/22,2.3
S12000013,8/1/22,2.2
S12000013,9/1/22,2.1
S12000013,10/1/22,1.9
S12000013,11/1/22,2
S12000013,12/1/22,1.9
S12000013,1/1/23,2
S12000013,2/1/23,2.1
S12000013,3/1/23,2.1
S12000013,4/1/23,2
S12000013,5/1/23,1.9
S12000013,6/1/23,2
S12000013,7/1/23,1.9
S12000013,8/1/23,1.8
S12000013,9/1/23,1.8
S12000013,10/1/23,1.8
S12000013,11/1/23,1.7
S12000013,12/1/23,1.8
S12000013,1/1/24,1.9
S12000013,2/1/24,2
S12000013,3/1/24,2.1
S12000013,4/1/24,1.9
S12000013,5/1/24,1.7
S12000013,6/1/24,1.8
S12000013,7/1/24,1.9
S12000013,8/1/24,1.9
S12000013,9/1/24,1.7
S12000013,10/1/24,1.8
S12000013,11/1/24,2
S12000013,12/1/24,2
S12000013,1/1/25,2.2
S12000013,2/1/25,2.3
S12000013,3/1/25,2.2
S12000013,4/1/25,2.1
S12000013,5/1/25,2
S12000013,6/1/25,1.8
S12000013,7/1/25,1.8
S12000013,8/1/25,1.9
S12000013,9/1/25,1.8
S12000013,10/1/25,1.8
S12000013,11/1/25,2
S12000013,12/1/25,1.9
S12000013,1/1/26,2.1
S12000013,2/1/26,2.3
S12000014,1/1/18,2.3
S12000014,2/1/18,2.5
S12000014,3/1/18,2.6
S12000014,4/1/18,2.5
S12000014,5/1/18,2.5
S12000014,6/1/18,2.6
S12000014,7/1/18,2.7
S12000014,8/1/18,2.9
S12000014,9/1/18,2.9
S12000014,10/1/18,2.9
S12000014,11/1/18,2.9
S12000014,12/1/18,3
S12000014,1/1/19,3.2
S12000014,2/1/19,3.4
S12000014,3/1/19,3.4
S12000014,4/1/19,3.3
S12000014,5/1/19,3.2
S12000014,6/1/19,3.2
S12000014,7/1/19,3.2
S12000014,8/1/19,3.3
S12000014,9/1/19,3.1
S12000014,10/1/19,3.1
S12000014,11/1/19,3.2
S12000014,12/1/19,3.2
S12000014,1/1/20,3.2
S12000014,2/1/20,3.3
S12000014,3/1/20,3.3
S12000014,4/1/20,5.5
S12000014,5/1/20,6.2
S12000014,6/1/20,6
S12000014,7/1/20,6.3
S12000014,8/1/20,6.2
S12000014,9/1/20,5.9
S12000014,10/1/20,5.7
S12000014,11/1/20,5.8
S12000014,12/1/20,5.8
S12000014,1/1/21,5.8
S12000014,2/1/21,5.9
S12000014,3/1/21,6
S12000014,4/1/21,5.9
S12000014,5/1/21,5.4
S12000014,6/1/21,5
S12000014,7/1/21,4.9
S12000014,8/1/21,4.7
S12000014,9/1/21,4.3
S12000014,10/1/21,4.2
S12000014,11/1/21,3.9
S12000014,12/1/21,3.7
S12000014,1/1/22,3.7
S12000014,2/1/22,3.7
S12000014,3/1/22,3.5
S12000014,4/1/22,3.4
S12000014,5/1/22,3.2
S12000014,6/1/22,3.2
S12000014,7/1/22,3.2
S12000014,8/1/22,3.1
S12000014,9/1/22,3
S12000014,10/1/22,2.9
S12000014,11/1/22,2.9
S12000014,12/1/22,3.1
S12000014,1/1/23,3.1
S12000014,2/1/23,3.1
S12000014,3/1/23,3.2
S12000014,4/1/23,3.1
S12000014,5/1/23,3
S12000014,6/1/23,2.9
S12000014,7/1/23,3
S12000014,8/1/23,3
S12000014,9/1/23,2.8
S12000014,10/1/23,2.8
S12000014,11/1/23,2.8
S12000014,12/1/23,2.8
S12000014,1/1/24,2.8
S12000014,2/1/24,2.9
S12000014,3/1/24,2.9
S12000014,4/1/24,2.8
S12000014,5/1/24,2.8
S12000014,6/1/24,2.9
S12000014,7/1/24,3
S12000014,8/1/24,3
S12000014,9/1/24,2.9
S12000014,10/1/24,2.8
S12000014,11/1/24,2.7
S12000014,12/1/24,2.7
S12000014,1/1/25,2.8
S12000014,2/1/25,2.8
S12000014,3/1/25,2.8
S12000014,4/1/25,2.8
S12000014,5/1/25,2.8
S12000014,6/1/25,2.9
S12000014,7/1/25,2.8
S12000014,8/1/25,2.9
S12000014,9/1/25,2.8
S12000014,10/1/25,2.8
S12000014,11/1/25,2.8
S12000014,12/1/25,2.8
S12000014,1/1/26,2.8
S12000014,2/1/26,2.9
S12000017,1/1/18,2.4
S12000017,2/1/18,2.6
S12000017,3/1/18,2.6
S12000017,4/1/18,2.8
S12000017,5/1/18,2.6
S12000017,6/1/18,2.5
S12000017,7/1/18,2.4
S12000017,8/1/18,2.4
S12000017,9/1/18,2.4
S12000017,10/1/18,2.4
S12000017,11/1/18,2.4
S12000017,12/1/18,2.4
S12000017,1/1/19,2.5
S12000017,2/1/19,2.7
S12000017,3/1/19,2.7
S12000017,4/1/19,2.6
S12000017,5/1/19,2.5
S12000017,6/1/19,2.4
S12000017,7/1/19,2.4
S12000017,8/1/19,2.4
S12000017,9/1/19,2.3
S12000017,10/1/19,2.3
S12000017,11/1/19,2.3
S12000017,12/1/19,2.5
S12000017,1/1/20,2.6
S12000017,2/1/20,2.6
S12000017,3/1/20,2.6
S12000017,4/1/20,5
S12000017,5/1/20,5.9
S12000017,6/1/20,5.8
S12000017,7/1/20,5.9
S12000017,8/1/20,5.9
S12000017,9/1/20,5.4
S12000017,10/1/20,5.1
S12000017,11/1/20,5.1
S12000017,12/1/20,5.1
S12000017,1/1/21,5.1
S12000017,2/1/21,5.4
S12000017,3/1/21,5.4
S12000017,4/1/21,5.2
S12000017,5/1/21,4.8
S12000017,6/1/21,4.2
S12000017,7/1/21,3.9
S12000017,8/1/21,3.6
S12000017,9/1/21,3.3
S12000017,10/1/21,3
S12000017,11/1/21,3
S12000017,12/1/21,2.9
S12000017,1/1/22,3
S12000017,2/1/22,3
S12000017,3/1/22,2.9
S12000017,4/1/22,2.6
S12000017,5/1/22,2.5
S12000017,6/1/22,2.4
S12000017,7/1/22,2.3
S12000017,8/1/22,2.3
S12000017,9/1/22,2.3
S12000017,10/1/22,2.2
S12000017,11/1/22,2.3
S12000017,12/1/22,2.3
S12000017,1/1/23,2.5
S12000017,2/1/23,2.6
S12000017,3/1/23,2.6
S12000017,4/1/23,2.6
S12000017,5/1/23,2.4
S12000017,6/1/23,2.2
S12000017,7/1/23,2.3
S12000017,8/1/23,2.2
S12000017,9/1/23,2.1
S12000017,10/1/23,2.1
S12000017,11/1/23,2.2
S12000017,12/1/23,2.2
S12000017,1/1/24,2.3
S12000017,2/1/24,2.3
S12000017,3/1/24,2.3
S12000017,4/1/24,2.2
S12000017,5/1/24,2.2
S12000017,6/1/24,2.2
S12000017,7/1/24,2.4
S12000017,8/1/24,2.3
S12000017,9/1/24,2.3
S12000017,10/1/24,2.3
S12000017,11/1/24,2.3
S12000017,12/1/24,2.3
S12000017,1/1/25,2.3
S12000017,2/1/25,2.5
S12000017,3/1/25,2.4
S12000017,4/1/25,2.3
S12000017,5/1/25,2.2
S12000017,6/1/25,2.1
S12000017,7/1/25,2.1
S12000017,8/1/25,2.1
S12000017,9/1/25,2
S12000017,10/1/25,2
S12000017,11/1/25,2.1
S12000017,12/1/25,2.2
S12000017,1/1/26,2.2
S12000017,2/1/26,2.4
S12000018,1/1/18,4.8
S12000018,2/1/18,5
S12000018,3/1/18,5.1
S12000018,4/1/18,5.5
S12000018,5/1/18,5.2
S12000018,6/1/18,5.2
S12000018,7/1/18,5.3
S12000018,8/1/18,5.3
S12000018,9/1/18,5.1
S12000018,10/1/18,4.9
S12000018,11/1/18,4.8
S12000018,12/1/18,4.8
S12000018,1/1/19,4.7
S12000018,2/1/19,5
S12000018,3/1/19,5
S12000018,4/1/19,5
S12000018,5/1/19,4.9
S12000018,6/1/19,4.8
S12000018,7/1/19,4.8
S12000018,8/1/19,4.8
S12000018,9/1/19,4.6
S12000018,10/1/19,4.5
S12000018,11/1/19,4.5
S12000018,12/1/19,4.3
S12000018,1/1/20,4.5
S12000018,2/1/20,4.6
S12000018,3/1/20,4.5
S12000018,4/1/20,6.1
S12000018,5/1/20,6.5
S12000018,6/1/20,6.3
S12000018,7/1/20,6.6
S12000018,8/1/20,6.6
S12000018,9/1/20,6.3
S12000018,10/1/20,6.1
S12000018,11/1/20,6.1
S12000018,12/1/20,5.9
S12000018,1/1/21,6
S12000018,2/1/21,6.1
S12000018,3/1/21,6.2
S12000018,4/1/21,6.3
S12000018,5/1/21,6
S12000018,6/1/21,5.6
S12000018,7/1/21,5.7
S12000018,8/1/21,5.4
S12000018,9/1/21,5.1
S12000018,10/1/21,4.9
S12000018,11/1/21,4.7
S12000018,12/1/21,4.6
S12000018,1/1/22,4.6
S12000018,2/1/22,4.6
S12000018,3/1/22,4.3
S12000018,4/1/22,4.1
S12000018,5/1/22,3.9
S12000018,6/1/22,3.8
S12000018,7/1/22,3.8
S12000018,8/1/22,3.9
S12000018,9/1/22,3.7
S12000018,10/1/22,3.6
S12000018,11/1/22,3.7
S12000018,12/1/22,3.7
S12000018,1/1/23,3.6
S12000018,2/1/23,3.6
S12000018,3/1/23,3.7
S12000018,4/1/23,3.9
S12000018,5/1/23,3.8
S12000018,6/1/23,3.8
S12000018,7/1/23,3.9
S12000018,8/1/23,3.8
S12000018,9/1/23,3.4
S12000018,10/1/23,3.3
S12000018,11/1/23,3.6
S12000018,12/1/23,3.5
S12000018,1/1/24,3.5
S12000018,2/1/24,3.5
S12000018,3/1/24,3.4
S12000018,4/1/24,3.3
S12000018,5/1/24,3.3
S12000018,6/1/24,3.4
S12000018,7/1/24,3.7
S12000018,8/1/24,3.6
S12000018,9/1/24,3.5
S12000018,10/1/24,3.5
S12000018,11/1/24,3.5
S12000018,12/1/24,3.3
S12000018,1/1/25,3.2
S12000018,2/1/25,3.3
S12000018,3/1/25,3.4
S12000018,4/1/25,3.3
S12000018,5/1/25,3.1
S12000018,6/1/25,3.2
S12000018,7/1/25,3.2
S12000018,8/1/25,3.2
S12000018,9/1/25,3.2
S12000018,10/1/25,3
S12000018,11/1/25,3.2
S12000018,12/1/25,3.2
S12000018,1/1/26,3.2
S12000018,2/1/26,3.3
S12000019,1/1/18,2.4
S12000019,2/1/18,2.6
S12000019,3/1/18,2.6
S12000019,4/1/18,2.9
S12000019,5/1/18,2.6
S12000019,6/1/18,2.5
S12000019,7/1/18,2.5
S12000019,8/1/18,2.6
S12000019,9/1/18,2.4
S12000019,10/1/18,2.4
S12000019,11/1/18,2.4
S12000019,12/1/18,2.3
S12000019,1/1/19,2.3
S12000019,2/1/19,2.5
S12000019,3/1/19,2.5
S12000019,4/1/19,2.5
S12000019,5/1/19,2.4
S12000019,6/1/19,2.4
S12000019,7/1/19,2.4
S12000019,8/1/19,2.4
S12000019,9/1/19,2.3
S12000019,10/1/19,2.3
S12000019,11/1/19,2.4
S12000019,12/1/19,2.4
S12000019,1/1/20,2.4
S12000019,2/1/20,2.5
S12000019,3/1/20,2.5
S12000019,4/1/20,4.7
S12000019,5/1/20,5.4
S12000019,6/1/20,5.1
S12000019,7/1/20,5.2
S12000019,8/1/20,5.4
S12000019,9/1/20,5.2
S12000019,10/1/20,4.9
S12000019,11/1/20,5
S12000019,12/1/20,5
S12000019,1/1/21,4.9
S12000019,2/1/21,5.2
S12000019,3/1/21,5.2
S12000019,4/1/21,5
S12000019,5/1/21,4.6
S12000019,6/1/21,4.2
S12000019,7/1/21,4.1
S12000019,8/1/21,3.9
S12000019,9/1/21,3.5
S12000019,10/1/21,3.2
S12000019,11/1/21,3
S12000019,12/1/21,2.9
S12000019,1/1/22,2.8
S12000019,2/1/22,2.8
S12000019,3/1/22,2.5
S12000019,4/1/22,2.5
S12000019,5/1/22,2.3
S12000019,6/1/22,2.2
S12000019,7/1/22,2.2
S12000019,8/1/22,2.3
S12000019,9/1/22,2.2
S12000019,10/1/22,2.1
S12000019,11/1/22,2.1
S12000019,12/1/22,2.2
S12000019,1/1/23,2.2
S12000019,2/1/23,2.2
S12000019,3/1/23,2.3
S12000019,4/1/23,2.2
S12000019,5/1/23,2.2
S12000019,6/1/23,2.2
S12000019,7/1/23,2.3
S12000019,8/1/23,2.2
S12000019,9/1/23,2.2
S12000019,10/1/23,2.1
S12000019,11/1/23,2.2
S12000019,12/1/23,2.2
S12000019,1/1/24,2.1
S12000019,2/1/24,2.2
S12000019,3/1/24,2.2
S12000019,4/1/24,2.1
S12000019,5/1/24,2.1
S12000019,6/1/24,2.2
S12000019,7/1/24,2.3
S12000019,8/1/24,2.3
S12000019,9/1/24,2.3
S12000019,10/1/24,2.2
S12000019,11/1/24,2.1
S12000019,12/1/24,2.1
S12000019,1/1/25,2.1
S12000019,2/1/25,2.2
S12000019,3/1/25,2.2
S12000019,4/1/25,2.2
S12000019,5/1/25,2.2
S12000019,6/1/25,2.2
S12000019,7/1/25,2.3
S12000019,8/1/25,2.3
S12000019,9/1/25,2.2
S12000019,10/1/25,2.2
S12000019,11/1/25,2.2
S12000019,12/1/25,2.2
S12000019,1/1/26,2.3
S12000019,2/1/26,2.4
S12000020,1/1/18,2
S12000020,2/1/18,2.1
S12000020,3/1/18,2.1
S12000020,4/1/18,2
S12000020,5/1/18,1.8
S12000020,6/1/18,1.8
S12000020,7/1/18,1.8
S12000020,8/1/18,1.9
S12000020,9/1/18,1.9
S12000020,10/1/18,2
S12000020,11/1/18,2.1
S12000020,12/1/18,2.2
S12000020,1/1/19,2.4
S12000020,2/1/19,2.6
S12000020,3/1/19,2.6
S12000020,4/1/19,2.6
S12000020,5/1/19,2.6
S12000020,6/1/19,2.5
S12000020,7/1/19,2.6
S12000020,8/1/19,2.6
S12000020,9/1/19,2.4
S12000020,10/1/19,2.4
S12000020,11/1/19,2.5
S12000020,12/1/19,2.5
S12000020,1/1/20,2.6
S12000020,2/1/20,2.7
S12000020,3/1/20,2.7
S12000020,4/1/20,4.4
S12000020,5/1/20,5.1
S12000020,6/1/20,5.1
S12000020,7/1/20,5.2
S12000020,8/1/20,5.3
S12000020,9/1/20,5
S12000020,10/1/20,4.8
S12000020,11/1/20,4.8
S12000020,12/1/20,4.8
S12000020,1/1/21,4.9
S12000020,2/1/21,5.3
S12000020,3/1/21,5.3
S12000020,4/1/21,5
S12000020,5/1/21,4.7
S12000020,6/1/21,4.3
S12000020,7/1/21,4.1
S12000020,8/1/21,4
S12000020,9/1/21,3.6
S12000020,10/1/21,3.4
S12000020,11/1/21,3.2
S12000020,12/1/21,3.2
S12000020,1/1/22,3.2
S12000020,2/1/22,3.1
S12000020,3/1/22,3
S12000020,4/1/22,2.9
S12000020,5/1/22,2.7
S12000020,6/1/22,2.6
S12000020,7/1/22,2.5
S12000020,8/1/22,2.4
S12000020,9/1/22,2.4
S12000020,10/1/22,2.3
S12000020,11/1/22,2.3
S12000020,12/1/22,2.4
S12000020,1/1/23,2.5
S12000020,2/1/23,2.4
S12000020,3/1/23,2.4
S12000020,4/1/23,2.5
S12000020,5/1/23,2.3
S12000020,6/1/23,2.3
S12000020,7/1/23,2.4
S12000020,8/1/23,2.2
S12000020,9/1/23,2.1
S12000020,10/1/23,2.1
S12000020,11/1/23,2.2
S12000020,12/1/23,2.1
S12000020,1/1/24,2.2
S12000020,2/1/24,2.2
S12000020,3/1/24,2.3
S12000020,4/1/24,2.1
S12000020,5/1/24,2.1
S12000020,6/1/24,2.2
S12000020,7/1/24,2.3
S12000020,8/1/24,2.4
S12000020,9/1/24,2.3
S12000020,10/1/24,2.2
S12000020,11/1/24,2.3
S12000020,12/1/24,2.3
S12000020,1/1/25,2.4
S12000020,2/1/25,2.5
S12000020,3/1/25,2.4
S12000020,4/1/25,2.4
S12000020,5/1/25,2.4
S12000020,6/1/25,2.3
S12000020,7/1/25,2.3
S12000020,8/1/25,2.3
S12000020,9/1/25,2.2
S12000020,10/1/25,2.2
S12000020,11/1/25,2.2
S12000020,12/1/25,2.2
S12000020,1/1/26,2.4
S12000020,2/1/26,2.7
S12000021,1/1/18,4
S12000021,2/1/18,4.2
S12000021,3/1/18,4.5
S12000021,4/1/18,4.9
S12000021,5/1/18,4.9
S12000021,6/1/18,5.1
S12000021,7/1/18,5.4
S12000021,8/1/18,5.5
S12000021,9/1/18,5.3
S12000021,10/1/18,5.4
S12000021,11/1/18,5.4
S12000021,12/1/18,5.4
S12000021,1/1/19,5.5
S12000021,2/1/19,5.6
S12000021,3/1/19,5.7
S12000021,4/1/19,5.6
S12000021,5/1/19,5.5
S12000021,6/1/19,5.6
S12000021,7/1/19,5.7
S12000021,8/1/19,5.7
S12000021,9/1/19,5.4
S12000021,10/1/19,5.4
S12000021,11/1/19,5.5
S12000021,12/1/19,5.3
S12000021,1/1/20,5.5
S12000021,2/1/20,5.7
S12000021,3/1/20,5.5
S12000021,4/1/20,8.1
S12000021,5/1/20,8.7
S12000021,6/1/20,8.7
S12000021,7/1/20,9
S12000021,8/1/20,9
S12000021,9/1/20,8.6
S12000021,10/1/20,8.2
S12000021,11/1/20,8.3
S12000021,12/1/20,8.2
S12000021,1/1/21,8.2
S12000021,2/1/21,8.4
S12000021,3/1/21,8.4
S12000021,4/1/21,8
S12000021,5/1/21,7.5
S12000021,6/1/21,7
S12000021,7/1/21,6.9
S12000021,8/1/21,6.7
S12000021,9/1/21,6.1
S12000021,10/1/21,5.9
S12000021,11/1/21,5.7
S12000021,12/1/21,5.6
S12000021,1/1/22,5.6
S12000021,2/1/22,5.5
S12000021,3/1/22,5.3
S12000021,4/1/22,5
S12000021,5/1/22,4.8
S12000021,6/1/22,4.7
S12000021,7/1/22,4.7
S12000021,8/1/22,4.7
S12000021,9/1/22,4.5
S12000021,10/1/22,4.4
S12000021,11/1/22,4.5
S12000021,12/1/22,4.6
S12000021,1/1/23,4.5
S12000021,2/1/23,4.5
S12000021,3/1/23,4.6
S12000021,4/1/23,4.7
S12000021,5/1/23,4.5
S12000021,6/1/23,4.5
S12000021,7/1/23,4.6
S12000021,8/1/23,4.5
S12000021,9/1/23,4.3
S12000021,10/1/23,4.3
S12000021,11/1/23,4.4
S12000021,12/1/23,4.4
S12000021,1/1/24,4.3
S12000021,2/1/24,4.4
S12000021,3/1/24,4.4
S12000021,4/1/24,4.4
S12000021,5/1/24,4.3
S12000021,6/1/24,4.4
S12000021,7/1/24,4.7
S12000021,8/1/24,4.7
S12000021,9/1/24,4.6
S12000021,10/1/24,4.4
S12000021,11/1/24,4.3
S12000021,12/1/24,4.2
S12000021,1/1/25,4.3
S12000021,2/1/25,4.3
S12000021,3/1/25,4.2
S12000021,4/1/25,4
S12000021,5/1/25,3.9
S12000021,6/1/25,3.9
S12000021,7/1/25,3.9
S12000021,8/1/25,4
S12000021,9/1/25,3.9
S12000021,10/1/25,3.8
S12000021,11/1/25,3.8
S12000021,12/1/25,3.9
S12000021,1/1/26,4
S12000021,2/1/26,4.1
S12000023,1/1/18,0.9
S12000023,2/1/18,1
S12000023,3/1/18,1
S12000023,4/1/18,0.8
S12000023,5/1/18,0.8
S12000023,6/1/18,0.8
S12000023,7/1/18,0.6
S12000023,8/1/18,0.6
S12000023,9/1/18,0.5
S12000023,10/1/18,0.6
S12000023,11/1/18,0.8
S12000023,12/1/18,1
S12000023,1/1/19,1.2
S12000023,2/1/19,1.4
S12000023,3/1/19,1.5
S12000023,4/1/19,1.4
S12000023,5/1/19,1.3
S12000023,6/1/19,1.4
S12000023,7/1/19,1.3
S12000023,8/1/19,1.2
S12000023,9/1/19,1.3
S12000023,10/1/19,1.4
S12000023,11/1/19,1.4
S12000023,12/1/19,1.3
S12000023,1/1/20,1.4
S12000023,2/1/20,1.5
S12000023,3/1/20,1.5
S12000023,4/1/20,2.9
S12000023,5/1/20,3.2
S12000023,6/1/20,2.9
S12000023,7/1/20,3.1
S12000023,8/1/20,3.2
S12000023,9/1/20,3.1
S12000023,10/1/20,2.8
S12000023,11/1/20,2.8
S12000023,12/1/20,2.8
S12000023,1/1/21,2.8
S12000023,2/1/21,2.8
S12000023,3/1/21,3
S12000023,4/1/21,2.8
S12000023,5/1/21,2.6
S12000023,6/1/21,2.2
S12000023,7/1/21,2.2
S12000023,8/1/21,2
S12000023,9/1/21,1.9
S12000023,10/1/21,1.8
S12000023,11/1/21,1.8
S12000023,12/1/21,1.9
S12000023,1/1/22,1.9
S12000023,2/1/22,2
S12000023,3/1/22,1.9
S12000023,4/1/22,1.7
S12000023,5/1/22,1.6
S12000023,6/1/22,1.5
S12000023,7/1/22,1.5
S12000023,8/1/22,1.5
S12000023,9/1/22,1.4
S12000023,10/1/22,1.6
S12000023,11/1/22,1.6
S12000023,12/1/22,1.6
S12000023,1/1/23,1.6
S12000023,2/1/23,1.9
S12000023,3/1/23,1.9
S12000023,4/1/23,1.8
S12000023,5/1/23,1.7
S12000023,6/1/23,1.7
S12000023,7/1/23,1.5
S12000023,8/1/23,1.6
S12000023,9/1/23,1.6
S12000023,10/1/23,1.5
S12000023,11/1/23,1.5
S12000023,12/1/23,1.7
S12000023,1/1/24,1.5
S12000023,2/1/24,1.5
S12000023,3/1/24,1.7
S12000023,4/1/24,1.5
S12000023,5/1/24,1.7
S12000023,6/1/24,1.9
S12000023,7/1/24,1.8
S12000023,8/1/24,1.8
S12000023,9/1/24,2
S12000023,10/1/24,1.7
S12000023,11/1/24,1.6
S12000023,12/1/24,1.6
S12000023,1/1/25,1.7
S12000023,2/1/25,1.8
S12000023,3/1/25,1.8
S12000023,4/1/25,1.7
S12000023,5/1/25,1.7
S12000023,6/1/25,1.5
S12000023,7/1/25,1.6
S12000023,8/1/25,1.6
S12000023,9/1/25,1.5
S12000023,10/1/25,1.5
S12000023,11/1/25,1.6
S12000023,12/1/25,1.8
S12000023,1/1/26,1.8
S12000023,2/1/26,1.9
S12000026,1/1/18,1.6
S12000026,2/1/18,1.6
S12000026,3/1/18,1.7
S12000026,4/1/18,1.7
S12000026,5/1/18,1.6
S12000026,6/1/18,1.6
S12000026,7/1/18,1.6
S12000026,8/1/18,1.8
S12000026,9/1/18,1.8
S12000026,10/1/18,1.8
S12000026,11/1/18,2
S12000026,12/1/18,2.1
S12000026,1/1/19,2.3
S12000026,2/1/19,2.5
S12000026,3/1/19,2.5
S12000026,4/1/19,2.5
S12000026,5/1/19,2.5
S12000026,6/1/19,2.6
S12000026,7/1/19,2.6
S12000026,8/1/19,2.6
S12000026,9/1/19,2.5
S12000026,10/1/19,2.5
S12000026,11/1/19,2.6
S12000026,12/1/19,2.6
S12000026,1/1/20,2.7
S12000026,2/1/20,2.7
S12000026,3/1/20,2.8
S12000026,4/1/20,4.9
S12000026,5/1/20,5.5
S12000026,6/1/20,5.3
S12000026,7/1/20,5.6
S12000026,8/1/20,5.6
S12000026,9/1/20,5.3
S12000026,10/1/20,5.1
S12000026,11/1/20,5.1
S12000026,12/1/20,5.1
S12000026,1/1/21,5.1
S12000026,2/1/21,5.3
S12000026,3/1/21,5.3
S12000026,4/1/21,5.2
S12000026,5/1/21,4.9
S12000026,6/1/21,4.5
S12000026,7/1/21,4.4
S12000026,8/1/21,4.1
S12000026,9/1/21,3.9
S12000026,10/1/21,3.7
S12000026,11/1/21,3.5
S12000026,12/1/21,3.5
S12000026,1/1/22,3.5
S12000026,2/1/22,3.4
S12000026,3/1/22,3.3
S12000026,4/1/22,3.1
S12000026,5/1/22,3
S12000026,6/1/22,2.9
S12000026,7/1/22,2.9
S12000026,8/1/22,2.9
S12000026,9/1/22,2.9
S12000026,10/1/22,2.8
S12000026,11/1/22,3
S12000026,12/1/22,3
S12000026,1/1/23,3
S12000026,2/1/23,3
S12000026,3/1/23,3
S12000026,4/1/23,3.1
S12000026,5/1/23,3
S12000026,6/1/23,3
S12000026,7/1/23,3
S12000026,8/1/23,2.9
S12000026,9/1/23,2.8
S12000026,10/1/23,2.9
S12000026,11/1/23,2.8
S12000026,12/1/23,2.8
S12000026,1/1/24,2.9
S12000026,2/1/24,3.1
S12000026,3/1/24,3.1
S12000026,4/1/24,3
S12000026,5/1/24,3.1
S12000026,6/1/24,3.1
S12000026,7/1/24,3.3
S12000026,8/1/24,3.3
S12000026,9/1/24,3.1
S12000026,10/1/24,3.1
S12000026,11/1/24,3
S12000026,12/1/24,3
S12000026,1/1/25,3
S12000026,2/1/25,3.1
S12000026,3/1/25,3
S12000026,4/1/25,3
S12000026,5/1/25,2.9
S12000026,6/1/25,2.8
S12000026,7/1/25,2.8
S12000026,8/1/25,2.8
S12000026,9/1/25,2.7
S12000026,10/1/25,2.6
S12000026,11/1/25,2.7
S12000026,12/1/25,2.7
S12000026,1/1/26,2.8
S12000026,2/1/26,2.9
S12000027,1/1/18,0.7
S12000027,2/1/18,0.8
S12000027,3/1/18,0.9
S12000027,4/1/18,0.9
S12000027,5/1/18,0.8
S12000027,6/1/18,0.9
S12000027,7/1/18,0.9
S12000027,8/1/18,0.9
S12000027,9/1/18,0.9
S12000027,10/1/18,0.8
S12000027,11/1/18,0.9
S12000027,12/1/18,1
S12000027,1/1/19,1.1
S12000027,2/1/19,1.3
S12000027,3/1/19,1.4
S12000027,4/1/19,1.5
S12000027,5/1/19,1.4
S12000027,6/1/19,1.4
S12000027,7/1/19,1.4
S12000027,8/1/19,1.6
S12000027,9/1/19,1.5
S12000027,10/1/19,1.7
S12000027,11/1/19,1.7
S12000027,12/1/19,1.8
S12000027,1/1/20,1.7
S12000027,2/1/20,1.9
S12000027,3/1/20,1.9
S12000027,4/1/20,3.1
S12000027,5/1/20,3.5
S12000027,6/1/20,3.6
S12000027,7/1/20,3.8
S12000027,8/1/20,3.9
S12000027,9/1/20,3.9
S12000027,10/1/20,3.7
S12000027,11/1/20,3.4
S12000027,12/1/20,3.3
S12000027,1/1/21,3.3
S12000027,2/1/21,3.4
S12000027,3/1/21,3.2
S12000027,4/1/21,3.1
S12000027,5/1/21,2.9
S12000027,6/1/21,2.8
S12000027,7/1/21,2.6
S12000027,8/1/21,2.5
S12000027,9/1/21,2.3
S12000027,10/1/21,2.3
S12000027,11/1/21,2.3
S12000027,12/1/21,2.3
S12000027,1/1/22,2
S12000027,2/1/22,2.3
S12000027,3/1/22,2.2
S12000027,4/1/22,2
S12000027,5/1/22,2.1
S12000027,6/1/22,1.9
S12000027,7/1/22,1.7
S12000027,8/1/22,1.7
S12000027,9/1/22,1.7
S12000027,10/1/22,1.8
S12000027,11/1/22,1.7
S12000027,12/1/22,1.8
S12000027,1/1/23,1.8
S12000027,2/1/23,1.8
S12000027,3/1/23,1.8
S12000027,4/1/23,1.8
S12000027,5/1/23,1.7
S12000027,6/1/23,1.7
S12000027,7/1/23,1.6
S12000027,8/1/23,1.5
S12000027,9/1/23,1.5
S12000027,10/1/23,1.5
S12000027,11/1/23,1.5
S12000027,12/1/23,1.5
S12000027,1/1/24,1.5
S12000027,2/1/24,1.5
S12000027,3/1/24,1.5
S12000027,4/1/24,1.6
S12000027,5/1/24,1.6
S12000027,6/1/24,1.5
S12000027,7/1/24,1.7
S12000027,8/1/24,1.7
S12000027,9/1/24,1.6
S12000027,10/1/24,1.4
S12000027,11/1/24,1.4
S12000027,12/1/24,1.4
S12000027,1/1/25,1.4
S12000027,2/1/25,1.5
S12000027,3/1/25,1.3
S12000027,4/1/25,1.2
S12000027,5/1/25,1.2
S12000027,6/1/25,1.1
S12000027,7/1/25,1.1
S12000027,8/1/25,1.1
S12000027,9/1/25,1.2
S12000027,10/1/25,1.1
S12000027,11/1/25,1.3
S12000027,12/1/25,1.3
S12000027,1/1/26,1.3
S12000027,2/1/26,1.5
S12000028,1/1/18,2.5
S12000028,2/1/18,2.6
S12000028,3/1/18,2.5
S12000028,4/1/18,2.7
S12000028,5/1/18,2.8
S12000028,6/1/18,3
S12000028,7/1/18,3.3
S12000028,8/1/18,3.4
S12000028,9/1/18,3.5
S12000028,10/1/18,3.4
S12000028,11/1/18,3.5
S12000028,12/1/18,3.6
S12000028,1/1/19,3.8
S12000028,2/1/19,4
S12000028,3/1/19,4
S12000028,4/1/19,4
S12000028,5/1/19,3.9
S12000028,6/1/19,4
S12000028,7/1/19,4
S12000028,8/1/19,4
S12000028,9/1/19,3.9
S12000028,10/1/19,3.9
S12000028,11/1/19,4
S12000028,12/1/19,4.1
S12000028,1/1/20,4.2
S12000028,2/1/20,4.3
S12000028,3/1/20,4.2
S12000028,4/1/20,6.6
S12000028,5/1/20,7.1
S12000028,6/1/20,7.1
S12000028,7/1/20,7.4
S12000028,8/1/20,7.6
S12000028,9/1/20,7.4
S12000028,10/1/20,7
S12000028,11/1/20,7
S12000028,12/1/20,7
S12000028,1/1/21,7.3
S12000028,2/1/21,7.2
S12000028,3/1/21,7.1
S12000028,4/1/21,6.9
S12000028,5/1/21,6.5
S12000028,6/1/21,6
S12000028,7/1/21,5.8
S12000028,8/1/21,5.6
S12000028,9/1/21,5.2
S12000028,10/1/21,5
S12000028,11/1/21,4.8
S12000028,12/1/21,4.7
S12000028,1/1/22,4.8
S12000028,2/1/22,4.7
S12000028,3/1/22,4.5
S12000028,4/1/22,4.1
S12000028,5/1/22,3.8
S12000028,6/1/22,3.8
S12000028,7/1/22,3.7
S12000028,8/1/22,3.8
S12000028,9/1/22,3.7
S12000028,10/1/22,3.6
S12000028,11/1/22,3.6
S12000028,12/1/22,3.7
S12000028,1/1/23,3.8
S12000028,2/1/23,3.8
S12000028,3/1/23,3.8
S12000028,4/1/23,3.8
S12000028,5/1/23,3.5
S12000028,6/1/23,3.5
S12000028,7/1/23,3.6
S12000028,8/1/23,3.5
S12000028,9/1/23,3.4
S12000028,10/1/23,3.4
S12000028,11/1/23,3.4
S12000028,12/1/23,3.5
S12000028,1/1/24,3.5
S12000028,2/1/24,3.6
S12000028,3/1/24,3.6
S12000028,4/1/24,3.5
S12000028,5/1/24,3.4
S12000028,6/1/24,3.5
S12000028,7/1/24,3.7
S12000028,8/1/24,3.7
S12000028,9/1/24,3.6
S12000028,10/1/24,3.4
S12000028,11/1/24,3.4
S12000028,12/1/24,3.4
S12000028,1/1/25,3.5
S12000028,2/1/25,3.6
S12000028,3/1/25,3.4
S12000028,4/1/25,3.3
S12000028,5/1/25,3.2
S12000028,6/1/25,3.2
S12000028,7/1/25,3.2
S12000028,8/1/25,3.2
S12000028,9/1/25,3.1
S12000028,10/1/25,3
S12000028,11/1/25,3.1
S12000028,12/1/25,3.1
S12000028,1/1/26,3.1
S12000028,2/1/26,3.3
S12000029,1/1/18,2.4
S12000029,2/1/18,2.6
S12000029,3/1/18,2.7
S12000029,4/1/18,3.1
S12000029,5/1/18,3
S12000029,6/1/18,3.1
S12000029,7/1/18,3.2
S12000029,8/1/18,3.3
S12000029,9/1/18,3.2
S12000029,10/1/18,3.2
S12000029,11/1/18,3.3
S12000029,12/1/18,3.3
S12000029,1/1/19,3.3
S12000029,2/1/19,3.5
S12000029,3/1/19,3.6
S12000029,4/1/19,3.5
S12000029,5/1/19,3.4
S12000029,6/1/19,3.5
S12000029,7/1/19,3.5
S12000029,8/1/19,3.4
S12000029,9/1/19,3.3
S12000029,10/1/19,3.3
S12000029,11/1/19,3.3
S12000029,12/1/19,3.3
S12000029,1/1/20,3.3
S12000029,2/1/20,3.4
S12000029,3/1/20,3.5
S12000029,4/1/20,5.7
S12000029,5/1/20,6.5
S12000029,6/1/20,6.3
S12000029,7/1/20,6.5
S12000029,8/1/20,6.7
S12000029,9/1/20,6.5
S12000029,10/1/20,6.2
S12000029,11/1/20,6.1
S12000029,12/1/20,6
S12000029,1/1/21,6
S12000029,2/1/21,6.2
S12000029,3/1/21,6.2
S12000029,4/1/21,6
S12000029,5/1/21,5.6
S12000029,6/1/21,5.2
S12000029,7/1/21,5.2
S12000029,8/1/21,4.9
S12000029,9/1/21,4.6
S12000029,10/1/21,4.3
S12000029,11/1/21,4.2
S12000029,12/1/21,4
S12000029,1/1/22,3.9
S12000029,2/1/22,3.9
S12000029,3/1/22,3.7
S12000029,4/1/22,3.5
S12000029,5/1/22,3.3
S12000029,6/1/22,3.2
S12000029,7/1/22,3.2
S12000029,8/1/22,3.2
S12000029,9/1/22,3.1
S12000029,10/1/22,3
S12000029,11/1/22,3
S12000029,12/1/22,3
S12000029,1/1/23,2.9
S12000029,2/1/23,3
S12000029,3/1/23,3.1
S12000029,4/1/23,3.2
S12000029,5/1/23,3.1
S12000029,6/1/23,3
S12000029,7/1/23,3.1
S12000029,8/1/23,3
S12000029,9/1/23,2.9
S12000029,10/1/23,2.8
S12000029,11/1/23,2.9
S12000029,12/1/23,2.8
S12000029,1/1/24,2.8
S12000029,2/1/24,2.8
S12000029,3/1/24,2.9
S12000029,4/1/24,2.9
S12000029,5/1/24,2.9
S12000029,6/1/24,2.9
S12000029,7/1/24,3.1
S12000029,8/1/24,3.1
S12000029,9/1/24,2.9
S12000029,10/1/24,2.8
S12000029,11/1/24,2.8
S12000029,12/1/24,2.7
S12000029,1/1/25,2.7
S12000029,2/1/25,2.8
S12000029,3/1/25,2.7
S12000029,4/1/25,2.6
S12000029,5/1/25,2.6
S12000029,6/1/25,2.6
S12000029,7/1/25,2.6
S12000029,8/1/25,2.6
S12000029,9/1/25,2.5
S12000029,10/1/25,2.5
S12000029,11/1/25,2.5
S12000029,12/1/25,2.4
S12000029,1/1/26,2.5
S12000029,2/1/26,2.6
S12000030,1/1/18,2.1
S12000030,2/1/18,2.2
S12000030,3/1/18,2.4
S12000030,4/1/18,2.6
S12000030,5/1/18,2.4
S12000030,6/1/18,2.4
S12000030,7/1/18,2.5
S12000030,8/1/18,2.5
S12000030,9/1/18,2.4
S12000030,10/1/18,2.5
S12000030,11/1/18,2.4
S12000030,12/1/18,2.3
S12000030,1/1/19,2.5
S12000030,2/1/19,2.7
S12000030,3/1/19,2.6
S12000030,4/1/19,2.6
S12000030,5/1/19,2.5
S12000030,6/1/19,2.5
S12000030,7/1/19,2.6
S12000030,8/1/19,2.5
S12000030,9/1/19,2.4
S12000030,10/1/19,2.5
S12000030,11/1/19,2.5
S12000030,12/1/19,2.5
S12000030,1/1/20,2.5
S12000030,2/1/20,2.6
S12000030,3/1/20,2.6
S12000030,4/1/20,4.8
S12000030,5/1/20,5.3
S12000030,6/1/20,5.2
S12000030,7/1/20,5.3
S12000030,8/1/20,5.3
S12000030,9/1/20,4.9
S12000030,10/1/20,4.6
S12000030,11/1/20,4.6
S12000030,12/1/20,4.6
S12000030,1/1/21,4.6
S12000030,2/1/21,4.8
S12000030,3/1/21,4.7
S12000030,4/1/21,4.6
S12000030,5/1/21,4.1
S12000030,6/1/21,3.7
S12000030,7/1/21,3.6
S12000030,8/1/21,3.4
S12000030,9/1/21,3.2
S12000030,10/1/21,3.1
S12000030,11/1/21,2.9
S12000030,12/1/21,2.8
S12000030,1/1/22,2.8
S12000030,2/1/22,2.8
S12000030,3/1/22,2.6
S12000030,4/1/22,2.3
S12000030,5/1/22,2.3
S12000030,6/1/22,2.2
S12000030,7/1/22,2.4
S12000030,8/1/22,2.4
S12000030,9/1/22,2.3
S12000030,10/1/22,2.3
S12000030,11/1/22,2.4
S12000030,12/1/22,2.4
S12000030,1/1/23,2.4
S12000030,2/1/23,2.5
S12000030,3/1/23,2.5
S12000030,4/1/23,2.5
S12000030,5/1/23,2.4
S12000030,6/1/23,2.4
S12000030,7/1/23,2.4
S12000030,8/1/23,2.4
S12000030,9/1/23,2.3
S12000030,10/1/23,2.3
S12000030,11/1/23,2.3
S12000030,12/1/23,2.3
S12000030,1/1/24,2.3
S12000030,2/1/24,2.5
S12000030,3/1/24,2.5
S12000030,4/1/24,2.4
S12000030,5/1/24,2.3
S12000030,6/1/24,2.4
S12000030,7/1/24,2.5
S12000030,8/1/24,2.5
S12000030,9/1/24,2.4
S12000030,10/1/24,2.3
S12000030,11/1/24,2.3
S12000030,12/1/24,2.2
S12000030,1/1/25,2.2
S12000030,2/1/25,2.3
S12000030,3/1/25,2.3
S12000030,4/1/25,2.2
S12000030,5/1/25,2.3
S12000030,6/1/25,2.2
S12000030,7/1/25,2.1
S12000030,8/1/25,2.2
S12000030,9/1/25,2.1
S12000030,10/1/25,2.1
S12000030,11/1/25,2.2
S12000030,12/1/25,2.2
S12000030,1/1/26,2.3
S12000030,2/1/26,2.3
S12000033,1/1/18,2.2
S12000033,2/1/18,2.2
S12000033,3/1/18,2.3
S12000033,4/1/18,2.3
S12000033,5/1/18,2.2
S12000033,6/1/18,2.1
S12000033,7/1/18,2.1
S12000033,8/1/18,2
S12000033,9/1/18,1.9
S12000033,10/1/18,1.9
S12000033,11/1/18,1.8
S12000033,12/1/18,1.8
S12000033,1/1/19,2
S12000033,2/1/19,2.2
S12000033,3/1/19,2.2
S12000033,4/1/19,2.3
S12000033,5/1/19,2.3
S12000033,6/1/19,2.3
S12000033,7/1/19,2.4
S12000033,8/1/19,2.5
S12000033,9/1/19,2.5
S12000033,10/1/19,2.5
S12000033,11/1/19,2.6
S12000033,12/1/19,2.7
S12000033,1/1/20,2.7
S12000033,2/1/20,2.7
S12000033,3/1/20,2.8
S12000033,4/1/20,4.4
S12000033,5/1/20,5.2
S12000033,6/1/20,5.4
S12000033,7/1/20,5.8
S12000033,8/1/20,6.1
S12000033,9/1/20,6.1
S12000033,10/1/20,6.1
S12000033,11/1/20,6.2
S12000033,12/1/20,6.1
S12000033,1/1/21,6.4
S12000033,2/1/21,6.6
S12000033,3/1/21,6.5
S12000033,4/1/21,6.4
S12000033,5/1/21,5.9
S12000033,6/1/21,5.5
S12000033,7/1/21,5.4
S12000033,8/1/21,5.1
S12000033,9/1/21,4.8
S12000033,10/1/21,4.6
S12000033,11/1/21,4.4
S12000033,12/1/21,4.3
S12000033,1/1/22,4.2
S12000033,2/1/22,4.1
S12000033,3/1/22,4
S12000033,4/1/22,3.7
S12000033,5/1/22,3.6
S12000033,6/1/22,3.5
S12000033,7/1/22,3.5
S12000033,8/1/22,3.5
S12000033,9/1/22,3.4
S12000033,10/1/22,3.4
S12000033,11/1/22,3.4
S12000033,12/1/22,3.3
S12000033,1/1/23,3.2
S12000033,2/1/23,3.3
S12000033,3/1/23,3.3
S12000033,4/1/23,3.3
S12000033,5/1/23,3.2
S12000033,6/1/23,3.2
S12000033,7/1/23,3.2
S12000033,8/1/23,3.2
S12000033,9/1/23,3
S12000033,10/1/23,3
S12000033,11/1/23,3.1
S12000033,12/1/23,3
S12000033,1/1/24,3
S12000033,2/1/24,3.1
S12000033,3/1/24,3.2
S12000033,4/1/24,3.1
S12000033,5/1/24,3.2
S12000033,6/1/24,3.1
S12000033,7/1/24,3.3
S12000033,8/1/24,3.3
S12000033,9/1/24,3.2
S12000033,10/1/24,3.1
S12000033,11/1/24,3.2
S12000033,12/1/24,3.2
S12000033,1/1/25,3.2
S12000033,2/1/25,3.3
S12000033,3/1/25,3.4
S12000033,4/1/25,3.4
S12000033,5/1/25,3.4
S12000033,6/1/25,3.4
S12000033,7/1/25,3.4
S12000033,8/1/25,3.4
S12000033,9/1/25,3.3
S12000033,10/1/25,3.3
S12000033,11/1/25,3.3
S12000033,12/1/25,3.3
S12000033,1/1/26,3.4
S12000033,2/1/26,3.7
S12000034,1/1/18,1.3
S12000034,2/1/18,1.4
S12000034,3/1/18,1.4
S12000034,4/1/18,1.3
S12000034,5/1/18,1.3
S12000034,6/1/18,1.3
S12000034,7/1/18,1.2
S12000034,8/1/18,1.2
S12000034,9/1/18,1.2
S12000034,10/1/18,1.3
S12000034,11/1/18,1.3
S12000034,12/1/18,1.3
S12000034,1/1/19,1.4
S12000034,2/1/19,1.6
S12000034,3/1/19,1.6
S12000034,4/1/19,1.6
S12000034,5/1/19,1.6
S12000034,6/1/19,1.7
S12000034,7/1/19,1.7
S12000034,8/1/19,1.7
S12000034,9/1/19,1.7
S12000034,10/1/19,1.7
S12000034,11/1/19,1.7
S12000034,12/1/19,1.8
S12000034,1/1/20,1.8
S12000034,2/1/20,1.9
S12000034,3/1/20,1.8
S12000034,4/1/20,3.2
S12000034,5/1/20,3.7
S12000034,6/1/20,3.8
S12000034,7/1/20,4
S12000034,8/1/20,4.2
S12000034,9/1/20,4.2
S12000034,10/1/20,4.1
S12000034,11/1/20,4.1
S12000034,12/1/20,4
S12000034,1/1/21,4.1
S12000034,2/1/21,4.2
S12000034,3/1/21,4.1
S12000034,4/1/21,4
S12000034,5/1/21,3.6
S12000034,6/1/21,3.4
S12000034,7/1/21,3.3
S12000034,8/1/21,3.1
S12000034,9/1/21,2.9
S12000034,10/1/21,2.7
S12000034,11/1/21,2.6
S12000034,12/1/21,2.6
S12000034,1/1/22,2.6
S12000034,2/1/22,2.5
S12000034,3/1/22,2.4
S12000034,4/1/22,2.2
S12000034,5/1/22,2.1
S12000034,6/1/22,2
S12000034,7/1/22,1.9
S12000034,8/1/22,1.9
S12000034,9/1/22,1.8
S12000034,10/1/22,1.8
S12000034,11/1/22,1.9
S12000034,12/1/22,1.9
S12000034,1/1/23,1.9
S12000034,2/1/23,2
S12000034,3/1/23,2
S12000034,4/1/23,2
S12000034,5/1/23,1.9
S12000034,6/1/23,1.9
S12000034,7/1/23,1.9
S12000034,8/1/23,1.8
S12000034,9/1/23,1.8
S12000034,10/1/23,1.8
S12000034,11/1/23,1.8
S12000034,12/1/23,1.8
S12000034,1/1/24,1.8
S12000034,2/1/24,1.8
S12000034,3/1/24,1.8
S12000034,4/1/24,1.8
S12000034,5/1/24,1.8
S12000034,6/1/24,1.8
S12000034,7/1/24,1.9
S12000034,8/1/24,1.9
S12000034,9/1/24,1.8
S12000034,10/1/24,1.8
S12000034,11/1/24,1.8
S12000034,12/1/24,1.7
S12000034,1/1/25,1.8
S12000034,2/1/25,1.9
S12000034,3/1/25,1.9
S12000034,4/1/25,1.9
S12000034,5/1/25,1.9
S12000034,6/1/25,1.9
S12000034,7/1/25,1.9
S12000034,8/1/25,1.9
S12000034,9/1/25,1.8
S12000034,10/1/25,1.8
S12000034,11/1/25,1.8
S12000034,12/1/25,1.9
S12000034,1/1/26,1.9
S12000034,2/1/26,2
S12000035,1/1/18,1.7
S12000035,2/1/18,1.8
S12000035,3/1/18,1.7
S12000035,4/1/18,1.7
S12000035,5/1/18,1.6
S12000035,6/1/18,1.6
S12000035,7/1/18,1.6
S12000035,8/1/18,1.6
S12000035,9/1/18,1.5
S12000035,10/1/18,1.7
S12000035,11/1/18,1.9
S12000035,12/1/18,2.1
S12000035,1/1/19,2.3
S12000035,2/1/19,2.5
S12000035,3/1/19,2.6
S12000035,4/1/19,2.6
S12000035,5/1/19,2.6
S12000035,6/1/19,2.6
S12000035,7/1/19,2.7
S12000035,8/1/19,2.7
S12000035,9/1/19,2.6
S12000035,10/1/19,2.5
S12000035,11/1/19,2.6
S12000035,12/1/19,2.6
S12000035,1/1/20,2.8
S12000035,2/1/20,3
S12000035,3/1/20,2.9
S12000035,4/1/20,5.4
S12000035,5/1/20,6.4
S12000035,6/1/20,6.2
S12000035,7/1/20,6.3
S12000035,8/1/20,6.1
S12000035,9/1/20,5.6
S12000035,10/1/20,5.3
S12000035,11/1/20,5.4
S12000035,12/1/20,5.4
S12000035,1/1/21,5.3
S12000035,2/1/21,5.6
S12000035,3/1/21,5.5
S12000035,4/1/21,5.4
S12000035,5/1/21,4.9
S12000035,6/1/21,4.5
S12000035,7/1/21,4.2
S12000035,8/1/21,4
S12000035,9/1/21,3.7
S12000035,10/1/21,3.5
S12000035,11/1/21,3.5
S12000035,12/1/21,3.4
S12000035,1/1/22,3.5
S12000035,2/1/22,3.5
S12000035,3/1/22,3.4
S12000035,4/1/22,3.1
S12000035,5/1/22,2.9
S12000035,6/1/22,2.7
S12000035,7/1/22,2.6
S12000035,8/1/22,2.7
S12000035,9/1/22,2.5
S12000035,10/1/22,2.5
S12000035,11/1/22,2.6
S12000035,12/1/22,2.7
S12000035,1/1/23,2.7
S12000035,2/1/23,2.9
S12000035,3/1/23,2.9
S12000035,4/1/23,2.9
S12000035,5/1/23,2.6
S12000035,6/1/23,2.6
S12000035,7/1/23,2.6
S12000035,8/1/23,2.5
S12000035,9/1/23,2.5
S12000035,10/1/23,2.5
S12000035,11/1/23,2.6
S12000035,12/1/23,2.7
S12000035,1/1/24,2.8
S12000035,2/1/24,2.9
S12000035,3/1/24,3
S12000035,4/1/24,2.8
S12000035,5/1/24,2.6
S12000035,6/1/24,2.5
S12000035,7/1/24,2.6
S12000035,8/1/24,2.7
S12000035,9/1/24,2.7
S12000035,10/1/24,2.6
S12000035,11/1/24,2.6
S12000035,12/1/24,2.7
S12000035,1/1/25,2.7
S12000035,2/1/25,2.8
S12000035,3/1/25,2.8
S12000035,4/1/25,2.6
S12000035,5/1/25,2.5
S12000035,6/1/25,2.4
S12000035,7/1/25,2.3
S12000035,8/1/25,2.3
S12000035,9/1/25,2.3
S12000035,10/1/25,2.2
S12000035,11/1/25,2.4
S12000035,12/1/25,2.5
S12000035,1/1/26,2.6
S12000035,2/1/26,2.7
S12000036,1/1/18,1.3
S12000036,2/1/18,1.4
S12000036,3/1/18,1.4
S12000036,4/1/18,1.4
S12000036,5/1/18,1.4
S12000036,6/1/18,1.4
S12000036,7/1/18,1.4
S12000036,8/1/18,1.3
S12000036,9/1/18,1.3
S12000036,10/1/18,1.3
S12000036,11/1/18,1.3
S12000036,12/1/18,1.3
S12000036,1/1/19,1.4
S12000036,2/1/19,1.4
S12000036,3/1/19,1.6
S12000036,4/1/19,1.6
S12000036,5/1/19,1.7
S12000036,6/1/19,1.7
S12000036,7/1/19,1.8
S12000036,8/1/19,1.8
S12000036,9/1/19,1.8
S12000036,10/1/19,1.9
S12000036,11/1/19,1.9
S12000036,12/1/19,2
S12000036,1/1/20,2
S12000036,2/1/20,2
S12000036,3/1/20,2.1
S12000036,4/1/20,3.9
S12000036,5/1/20,5
S12000036,6/1/20,5
S12000036,7/1/20,5.2
S12000036,8/1/20,5.3
S12000036,9/1/20,5.2
S12000036,10/1/20,5
S12000036,11/1/20,5.1
S12000036,12/1/20,5
S12000036,1/1/21,5
S12000036,2/1/21,5.3
S12000036,3/1/21,5.3
S12000036,4/1/21,5.2
S12000036,5/1/21,4.8
S12000036,6/1/21,4.3
S12000036,7/1/21,4.2
S12000036,8/1/21,4
S12000036,9/1/21,3.6
S12000036,10/1/21,3.5
S12000036,11/1/21,3.3
S12000036,12/1/21,3.1
S12000036,1/1/22,2.9
S12000036,2/1/22,2.9
S12000036,3/1/22,2.8
S12000036,4/1/22,2.6
S12000036,5/1/22,2.5
S12000036,6/1/22,2.5
S12000036,7/1/22,2.5
S12000036,8/1/22,2.4
S12000036,9/1/22,2.4
S12000036,10/1/22,2.4
S12000036,11/1/22,2.4
S12000036,12/1/22,2.4
S12000036,1/1/23,2.3
S12000036,2/1/23,2.3
S12000036,3/1/23,2.4
S12000036,4/1/23,2.5
S12000036,5/1/23,2.4
S12000036,6/1/23,2.4
S12000036,7/1/23,2.4
S12000036,8/1/23,2.3
S12000036,9/1/23,2.3
S12000036,10/1/23,2.3
S12000036,11/1/23,2.3
S12000036,12/1/23,2.3
S12000036,1/1/24,2.3
S12000036,2/1/24,2.4
S12000036,3/1/24,2.4
S12000036,4/1/24,2.4
S12000036,5/1/24,2.4
S12000036,6/1/24,2.4
S12000036,7/1/24,2.6
S12000036,8/1/24,2.6
S12000036,9/1/24,2.5
S12000036,10/1/24,2.5
S12000036,11/1/24,2.5
S12000036,12/1/24,2.4
S12000036,1/1/25,2.5
S12000036,2/1/25,2.6
S12000036,3/1/25,2.5
S12000036,4/1/25,2.5
S12000036,5/1/25,2.5
S12000036,6/1/25,2.5
S12000036,7/1/25,2.5
S12000036,8/1/25,2.5
S12000036,9/1/25,2.4
S12000036,10/1/25,2.4
S12000036,11/1/25,2.5
S12000036,12/1/25,2.5
S12000036,1/1/26,2.5
S12000036,2/1/26,2.7
S12000038,1/1/18,2.7
S12000038,2/1/18,2.8
S12000038,3/1/18,2.8
S12000038,4/1/18,2.8
S12000038,5/1/18,2.8
S12000038,6/1/18,2.8
S12000038,7/1/18,2.7
S12000038,8/1/18,2.7
S12000038,9/1/18,2.5
S12000038,10/1/18,2.4
S12000038,11/1/18,2.5
S12000038,12/1/18,2.7
S12000038,1/1/19,2.9
S12000038,2/1/19,3.1
S12000038,3/1/19,3.2
S12000038,4/1/19,3.2
S12000038,5/1/19,3.2
S12000038,6/1/19,3.3
S12000038,7/1/19,3.4
S12000038,8/1/19,3.5
S12000038,9/1/19,3.2
S12000038,10/1/19,3.2
S12000038,11/1/19,3.3
S12000038,12/1/19,3.3
S12000038,1/1/20,3.4
S12000038,2/1/20,3.4
S12000038,3/1/20,3.4
S12000038,4/1/20,5.7
S12000038,5/1/20,6.4
S12000038,6/1/20,6.4
S12000038,7/1/20,6.6
S12000038,8/1/20,6.7
S12000038,9/1/20,6.5
S12000038,10/1/20,6
S12000038,11/1/20,6.1
S12000038,12/1/20,6
S12000038,1/1/21,5.9
S12000038,2/1/21,6.1
S12000038,3/1/21,6.2
S12000038,4/1/21,6
S12000038,5/1/21,5.6
S12000038,6/1/21,5.1
S12000038,7/1/21,5
S12000038,8/1/21,4.8
S12000038,9/1/21,4.3
S12000038,10/1/21,4
S12000038,11/1/21,3.8
S12000038,12/1/21,3.8
S12000038,1/1/22,3.7
S12000038,2/1/22,3.7
S12000038,3/1/22,3.5
S12000038,4/1/22,3.2
S12000038,5/1/22,3
S12000038,6/1/22,3
S12000038,7/1/22,3.1
S12000038,8/1/22,3.1
S12000038,9/1/22,3
S12000038,10/1/22,2.9
S12000038,11/1/22,2.9
S12000038,12/1/22,2.9
S12000038,1/1/23,2.9
S12000038,2/1/23,3.1
S12000038,3/1/23,3.2
S12000038,4/1/23,3.3
S12000038,5/1/23,3.2
S12000038,6/1/23,3.1
S12000038,7/1/23,3.2
S12000038,8/1/23,3.1
S12000038,9/1/23,3
S12000038,10/1/23,2.9
S12000038,11/1/23,3
S12000038,12/1/23,3.1
S12000038,1/1/24,3
S12000038,2/1/24,3
S12000038,3/1/24,3
S12000038,4/1/24,3
S12000038,5/1/24,3
S12000038,6/1/24,3
S12000038,7/1/24,3.2
S12000038,8/1/24,3.2
S12000038,9/1/24,3.1
S12000038,10/1/24,2.9
S12000038,11/1/24,2.9
S12000038,12/1/24,2.7
S12000038,1/1/25,2.8
S12000038,2/1/25,2.8
S12000038,3/1/25,2.7
S12000038,4/1/25,2.7
S12000038,5/1/25,2.6
S12000038,6/1/25,2.7
S12000038,7/1/25,2.6
S12000038,8/1/25,2.7
S12000038,9/1/25,2.6
S12000038,10/1/25,2.6
S12000038,11/1/25,2.6
S12000038,12/1/25,2.6
S12000038,1/1/26,2.6
S12000038,2/1/26,2.9
S12000039,1/1/18,3.6
S12000039,2/1/18,3.8
S12000039,3/1/18,3.8
S12000039,4/1/18,3.8
S12000039,5/1/18,3.8
S12000039,6/1/18,3.7
S12000039,7/1/18,3.6
S12000039,8/1/18,3.6
S12000039,9/1/18,3.4
S12000039,10/1/18,3.4
S12000039,11/1/18,3.4
S12000039,12/1/18,3.5
S12000039,1/1/19,3.8
S12000039,2/1/19,3.9
S12000039,3/1/19,4.1
S12000039,4/1/19,4.3
S12000039,5/1/19,4.4
S12000039,6/1/19,4.5
S12000039,7/1/19,4.7
S12000039,8/1/19,4.9
S12000039,9/1/19,4.7
S12000039,10/1/19,4.8
S12000039,11/1/19,4.9
S12000039,12/1/19,4.9
S12000039,1/1/20,5
S12000039,2/1/20,5.2
S12000039,3/1/20,5.1
S12000039,4/1/20,7.9
S12000039,5/1/20,8.5
S12000039,6/1/20,8.5
S12000039,7/1/20,8.6
S12000039,8/1/20,8.6
S12000039,9/1/20,8.3
S12000039,10/1/20,8
S12000039,11/1/20,8.1
S12000039,12/1/20,8
S12000039,1/1/21,8.1
S12000039,2/1/21,8.2
S12000039,3/1/21,8.1
S12000039,4/1/21,7.9
S12000039,5/1/21,7.5
S12000039,6/1/21,7
S12000039,7/1/21,6.8
S12000039,8/1/21,6.5
S12000039,9/1/21,6.1
S12000039,10/1/21,5.8
S12000039,11/1/21,5.7
S12000039,12/1/21,5.6
S12000039,1/1/22,5.6
S12000039,2/1/22,5.6
S12000039,3/1/22,5.4
S12000039,4/1/22,5
S12000039,5/1/22,4.8
S12000039,6/1/22,4.6
S12000039,7/1/22,4.5
S12000039,8/1/22,4.5
S12000039,9/1/22,4.4
S12000039,10/1/22,4.2
S12000039,11/1/22,4.3
S12000039,12/1/22,4.6
S12000039,1/1/23,4.4
S12000039,2/1/23,4.5
S12000039,3/1/23,4.7
S12000039,4/1/23,4.7
S12000039,5/1/23,4.4
S12000039,6/1/23,4.4
S12000039,7/1/23,4.6
S12000039,8/1/23,4.4
S12000039,9/1/23,4.2
S12000039,10/1/23,4.2
S12000039,11/1/23,4.2
S12000039,12/1/23,4.3
S12000039,1/1/24,4.2
S12000039,2/1/24,4.3
S12000039,3/1/24,4.2
S12000039,4/1/24,4
S12000039,5/1/24,4
S12000039,6/1/24,4
S12000039,7/1/24,4.3
S12000039,8/1/24,4.3
S12000039,9/1/24,4.1
S12000039,10/1/24,4
S12000039,11/1/24,3.9
S12000039,12/1/24,3.8
S12000039,1/1/25,3.9
S12000039,2/1/25,4
S12000039,3/1/25,3.9
S12000039,4/1/25,3.8
S12000039,5/1/25,3.7
S12000039,6/1/25,3.8
S12000039,7/1/25,3.7
S12000039,8/1/25,3.7
S12000039,9/1/25,3.6
S12000039,10/1/25,3.5
S12000039,11/1/25,3.6
S12000039,12/1/25,3.6
S12000039,1/1/26,3.7
S12000039,2/1/26,3.8
S12000040,1/1/18,1.7
S12000040,2/1/18,1.8
S12000040,3/1/18,1.9
S12000040,4/1/18,1.9
S12000040,5/1/18,1.8
S12000040,6/1/18,1.8
S12000040,7/1/18,1.9
S12000040,8/1/18,2
S12000040,9/1/18,2.1
S12000040,10/1/18,2.2
S12000040,11/1/18,2.3
S12000040,12/1/18,2.3
S12000040,1/1/19,2.5
S12000040,2/1/19,2.8
S12000040,3/1/19,2.9
S12000040,4/1/19,2.8
S12000040,5/1/19,2.8
S12000040,6/1/19,2.8
S12000040,7/1/19,2.9
S12000040,8/1/19,2.9
S12000040,9/1/19,2.8
S12000040,10/1/19,2.8
S12000040,11/1/19,2.9
S12000040,12/1/19,2.9
S12000040,1/1/20,2.8
S12000040,2/1/20,3
S12000040,3/1/20,3
S12000040,4/1/20,4.9
S12000040,5/1/20,5.8
S12000040,6/1/20,5.6
S12000040,7/1/20,5.9
S12000040,8/1/20,6.1
S12000040,9/1/20,5.8
S12000040,10/1/20,5.4
S12000040,11/1/20,5.5
S12000040,12/1/20,5.3
S12000040,1/1/21,5.3
S12000040,2/1/21,5.5
S12000040,3/1/21,5.6
S12000040,4/1/21,5.5
S12000040,5/1/21,5.1
S12000040,6/1/21,4.6
S12000040,7/1/21,4.6
S12000040,8/1/21,4.3
S12000040,9/1/21,3.9
S12000040,10/1/21,3.6
S12000040,11/1/21,3.5
S12000040,12/1/21,3.3
S12000040,1/1/22,3.2
S12000040,2/1/22,3.2
S12000040,3/1/22,2.9
S12000040,4/1/22,2.9
S12000040,5/1/22,2.7
S12000040,6/1/22,2.7
S12000040,7/1/22,2.7
S12000040,8/1/22,2.8
S12000040,9/1/22,2.8
S12000040,10/1/22,2.6
S12000040,11/1/22,2.6
S12000040,12/1/22,2.6
S12000040,1/1/23,2.6
S12000040,2/1/23,2.6
S12000040,3/1/23,2.8
S12000040,4/1/23,2.9
S12000040,5/1/23,2.7
S12000040,6/1/23,2.7
S12000040,7/1/23,2.8
S12000040,8/1/23,2.7
S12000040,9/1/23,2.6
S12000040,10/1/23,2.5
S12000040,11/1/23,2.6
S12000040,12/1/23,2.6
S12000040,1/1/24,2.6
S12000040,2/1/24,2.7
S12000040,3/1/24,2.8
S12000040,4/1/24,2.6
S12000040,5/1/24,2.6
S12000040,6/1/24,2.6
S12000040,7/1/24,2.8
S12000040,8/1/24,2.8
S12000040,9/1/24,2.7
S12000040,10/1/24,2.5
S12000040,11/1/24,2.6
S12000040,12/1/24,2.5
S12000040,1/1/25,2.5
S12000040,2/1/25,2.7
S12000040,3/1/25,2.7
S12000040,4/1/25,2.6
S12000040,5/1/25,2.5
S12000040,6/1/25,2.5
S12000040,7/1/25,2.5
S12000040,8/1/25,2.5
S12000040,9/1/25,2.4
S12000040,10/1/25,2.4
S12000040,11/1/25,2.4
S12000040,12/1/25,2.4
S12000040,1/1/26,2.4
S12000040,2/1/26,2.6
S12000041,1/1/18,2.3
S12000041,2/1/18,2.5
S12000041,3/1/18,2.6
S12000041,4/1/18,2.9
S12000041,5/1/18,2.8
S12000041,6/1/18,2.8
S12000041,7/1/18,2.9
S12000041,8/1/18,3
S12000041,9/1/18,2.8
S12000041,10/1/18,2.8
S12000041,11/1/18,2.9
S12000041,12/1/18,2.9
S12000041,1/1/19,3
S12000041,2/1/19,3.2
S12000041,3/1/19,3.2
S12000041,4/1/19,3.1
S12000041,5/1/19,3.1
S12000041,6/1/19,3.2
S12000041,7/1/19,3.3
S12000041,8/1/19,3.3
S12000041,9/1/19,3
S12000041,10/1/19,2.9
S12000041,11/1/19,3
S12000041,12/1/19,3
S12000041,1/1/20,3
S12000041,2/1/20,3
S12000041,3/1/20,3
S12000041,4/1/20,4.8
S12000041,5/1/20,5.5
S12000041,6/1/20,5.5
S12000041,7/1/20,5.8
S12000041,8/1/20,5.8
S12000041,9/1/20,5.7
S12000041,10/1/20,5.4
S12000041,11/1/20,5.5
S12000041,12/1/20,5.4
S12000041,1/1/21,5.5
S12000041,2/1/21,5.6
S12000041,3/1/21,5.5
S12000041,4/1/21,5.4
S12000041,5/1/21,5
S12000041,6/1/21,4.6
S12000041,7/1/21,4.5
S12000041,8/1/21,4.5
S12000041,9/1/21,4.1
S12000041,10/1/21,3.8
S12000041,11/1/21,3.6
S12000041,12/1/21,3.5
S12000041,1/1/22,3.5
S12000041,2/1/22,3.4
S12000041,3/1/22,3.2
S12000041,4/1/22,3
S12000041,5/1/22,2.9
S12000041,6/1/22,2.9
S12000041,7/1/22,2.9
S12000041,8/1/22,2.9
S12000041,9/1/22,2.8
S12000041,10/1/22,2.8
S12000041,11/1/22,2.9
S12000041,12/1/22,3
S12000041,1/1/23,2.9
S12000041,2/1/23,3
S12000041,3/1/23,3.1
S12000041,4/1/23,3.1
S12000041,5/1/23,3
S12000041,6/1/23,3.1
S12000041,7/1/23,3.2
S12000041,8/1/23,3
S12000041,9/1/23,2.7
S12000041,10/1/23,2.7
S12000041,11/1/23,2.8
S12000041,12/1/23,2.7
S12000041,1/1/24,2.8
S12000041,2/1/24,2.8
S12000041,3/1/24,2.8
S12000041,4/1/24,2.8
S12000041,5/1/24,2.8
S12000041,6/1/24,2.9
S12000041,7/1/24,3.1
S12000041,8/1/24,3.1
S12000041,9/1/24,2.9
S12000041,10/1/24,2.8
S12000041,11/1/24,2.9
S12000041,12/1/24,2.9
S12000041,1/1/25,3
S12000041,2/1/25,3.1
S12000041,3/1/25,3.1
S12000041,4/1/25,3.1
S12000041,5/1/25,3
S12000041,6/1/25,3.1
S12000041,7/1/25,3.1
S12000041,8/1/25,3.1
S12000041,9/1/25,2.9
S12000041,10/1/25,2.8
S12000041,11/1/25,2.9
S12000041,12/1/25,2.9
S12000041,1/1/26,3
S12000041,2/1/26,3.1
S12000042,1/1/18,3.5
S12000042,2/1/18,3.7
S12000042,3/1/18,3.8
S12000042,4/1/18,4.2
S12000042,5/1/18,4.2
S12000042,6/1/18,4.4
S12000042,7/1/18,4.5
S12000042,8/1/18,4.6
S12000042,9/1/18,4.4
S12000042,10/1/18,4.3
S12000042,11/1/18,4.3
S12000042,12/1/18,4.4
S12000042,1/1/19,4.4
S12000042,2/1/19,4.7
S12000042,3/1/19,4.8
S12000042,4/1/19,4.7
S12000042,5/1/19,4.6
S12000042,6/1/19,4.8
S12000042,7/1/19,4.9
S12000042,8/1/19,4.9
S12000042,9/1/19,4.8
S12000042,10/1/19,4.6
S12000042,11/1/19,4.6
S12000042,12/1/19,4.6
S12000042,1/1/20,4.5
S12000042,2/1/20,4.6
S12000042,3/1/20,4.5
S12000042,4/1/20,6.6
S12000042,5/1/20,7.2
S12000042,6/1/20,7.3
S12000042,7/1/20,7.6
S12000042,8/1/20,7.6
S12000042,9/1/20,7.5
S12000042,10/1/20,7.2
S12000042,11/1/20,7.2
S12000042,12/1/20,6.9
S12000042,1/1/21,7
S12000042,2/1/21,7.3
S12000042,3/1/21,7.1
S12000042,4/1/21,7
S12000042,5/1/21,6.7
S12000042,6/1/21,6.3
S12000042,7/1/21,6.3
S12000042,8/1/21,6.3
S12000042,9/1/21,5.8
S12000042,10/1/21,5.4
S12000042,11/1/21,5.2
S12000042,12/1/21,5
S12000042,1/1/22,4.9
S12000042,2/1/22,4.9
S12000042,3/1/22,4.7
S12000042,4/1/22,4.5
S12000042,5/1/22,4.3
S12000042,6/1/22,4.2
S12000042,7/1/22,4.3
S12000042,8/1/22,4.3
S12000042,9/1/22,4.2
S12000042,10/1/22,4.1
S12000042,11/1/22,4.1
S12000042,12/1/22,4.1
S12000042,1/1/23,4.2
S12000042,2/1/23,4.2
S12000042,3/1/23,4.4
S12000042,4/1/23,4.5
S12000042,5/1/23,4.3
S12000042,6/1/23,4.3
S12000042,7/1/23,4.5
S12000042,8/1/23,4.3
S12000042,9/1/23,4.1
S12000042,10/1/23,4
S12000042,11/1/23,4
S12000042,12/1/23,4
S12000042,1/1/24,4
S12000042,2/1/24,4
S12000042,3/1/24,4.1
S12000042,4/1/24,4
S12000042,5/1/24,3.9
S12000042,6/1/24,4.1
S12000042,7/1/24,4.5
S12000042,8/1/24,4.5
S12000042,9/1/24,4.3
S12000042,10/1/24,4.2
S12000042,11/1/24,4.1
S12000042,12/1/24,3.9
S12000042,1/1/25,3.8
S12000042,2/1/25,3.9
S12000042,3/1/25,3.9
S12000042,4/1/25,3.9
S12000042,5/1/25,3.9
S12000042,6/1/25,3.9
S12000042,7/1/25,3.9
S12000042,8/1/25,4
S12000042,9/1/25,3.8
S12000042,10/1/25,3.7
S12000042,11/1/25,3.8
S12000042,12/1/25,3.7
S12000042,1/1/26,3.7
S12000042,2/1/26,3.9
S12000045,1/1/18,1.6
S12000045,2/1/18,1.8
S12000045,3/1/18,1.8
S12000045,4/1/18,1.9
S12000045,5/1/18,1.7
S12000045,6/1/18,1.7
S12000045,7/1/18,1.8
S12000045,8/1/18,1.8
S12000045,9/1/18,1.7
S12000045,10/1/18,1.7
S12000045,11/1/18,1.7
S12000045,12/1/18,1.7
S12000045,1/1/19,1.8
S12000045,2/1/19,1.9
S12000045,3/1/19,1.9
S12000045,4/1/19,1.9
S12000045,5/1/19,1.9
S12000045,6/1/19,1.9
S12000045,7/1/19,1.9
S12000045,8/1/19,2
S12000045,9/1/19,1.8
S12000045,10/1/19,1.8
S12000045,11/1/19,1.9
S12000045,12/1/19,1.9
S12000045,1/1/20,1.9
S12000045,2/1/20,1.9
S12000045,3/1/20,1.9
S12000045,4/1/20,3.7
S12000045,5/1/20,4.3
S12000045,6/1/20,4.2
S12000045,7/1/20,4.5
S12000045,8/1/20,4.6
S12000045,9/1/20,4.4
S12000045,10/1/20,4.1
S12000045,11/1/20,4
S12000045,12/1/20,3.9
S12000045,1/1/21,3.8
S12000045,2/1/21,4
S12000045,3/1/21,4
S12000045,4/1/21,3.8
S12000045,5/1/21,3.6
S12000045,6/1/21,3.3
S12000045,7/1/21,3.3
S12000045,8/1/21,3.2
S12000045,9/1/21,2.9
S12000045,10/1/21,2.7
S12000045,11/1/21,2.6
S12000045,12/1/21,2.6
S12000045,1/1/22,2.5
S12000045,2/1/22,2.5
S12000045,3/1/22,2.3
S12000045,4/1/22,2.2
S12000045,5/1/22,2.1
S12000045,6/1/22,2
S12000045,7/1/22,2.1
S12000045,8/1/22,2
S12000045,9/1/22,2
S12000045,10/1/22,2
S12000045,11/1/22,1.9
S12000045,12/1/22,2
S12000045,1/1/23,1.9
S12000045,2/1/23,1.9
S12000045,3/1/23,2
S12000045,4/1/23,2
S12000045,5/1/23,2
S12000045,6/1/23,2
S12000045,7/1/23,2
S12000045,8/1/23,2
S12000045,9/1/23,1.9
S12000045,10/1/23,1.9
S12000045,11/1/23,1.9
S12000045,12/1/23,1.9
S12000045,1/1/24,1.9
S12000045,2/1/24,1.9
S12000045,3/1/24,1.9
S12000045,4/1/24,2
S12000045,5/1/24,1.9
S12000045,6/1/24,2
S12000045,7/1/24,2.1
S12000045,8/1/24,2.1
S12000045,9/1/24,2.1
S12000045,10/1/24,2
S12000045,11/1/24,1.9
S12000045,12/1/24,1.9
S12000045,1/1/25,1.9
S12000045,2/1/25,2
S12000045,3/1/25,1.9
S12000045,4/1/25,1.8
S12000045,5/1/25,1.8
S12000045,6/1/25,1.8
S12000045,7/1/25,1.8
S12000045,8/1/25,1.8
S12000045,9/1/25,1.8
S12000045,10/1/25,1.7
S12000045,11/1/25,1.8
S12000045,12/1/25,1.7
S12000045,1/1/26,1.8
S12000045,2/1/26,1.9
S12000047,1/1/18,2.6
S12000047,2/1/18,2.8
S12000047,3/1/18,3.1
S12000047,4/1/18,3.4
S12000047,5/1/18,3.3
S12000047,6/1/18,3.4
S12000047,7/1/18,3.6
S12000047,8/1/18,3.7
S12000047,9/1/18,3.6
S12000047,10/1/18,3.6
S12000047,11/1/18,3.6
S12000047,12/1/18,3.6
S12000047,1/1/19,3.7
S12000047,2/1/19,3.9
S12000047,3/1/19,4
S12000047,4/1/19,3.9
S12000047,5/1/19,3.8
S12000047,6/1/19,3.8
S12000047,7/1/19,3.8
S12000047,8/1/19,3.9
S12000047,9/1/19,3.7
S12000047,10/1/19,3.7
S12000047,11/1/19,3.7
S12000047,12/1/19,3.7
S12000047,1/1/20,3.7
S12000047,2/1/20,3.8
S12000047,3/1/20,3.8
S12000047,4/1/20,6
S12000047,5/1/20,6.6
S12000047,6/1/20,6.5
S12000047,7/1/20,6.8
S12000047,8/1/20,6.9
S12000047,9/1/20,6.6
S12000047,10/1/20,6.3
S12000047,11/1/20,6.3
S12000047,12/1/20,6.1
S12000047,1/1/21,6.2
S12000047,2/1/21,6.4
S12000047,3/1/21,6.5
S12000047,4/1/21,6.3
S12000047,5/1/21,6
S12000047,6/1/21,5.6
S12000047,7/1/21,5.5
S12000047,8/1/21,5.3
S12000047,9/1/21,4.9
S12000047,10/1/21,4.6
S12000047,11/1/21,4.4
S12000047,12/1/21,4.3
S12000047,1/1/22,4.2
S12000047,2/1/22,4.3
S12000047,3/1/22,4.1
S12000047,4/1/22,3.9
S12000047,5/1/22,3.7
S12000047,6/1/22,3.6
S12000047,7/1/22,3.6
S12000047,8/1/22,3.5
S12000047,9/1/22,3.4
S12000047,10/1/22,3.4
S12000047,11/1/22,3.4
S12000047,12/1/22,3.5
S12000047,1/1/23,3.4
S12000047,2/1/23,3.5
S12000047,3/1/23,3.6
S12000047,4/1/23,3.7
S12000047,5/1/23,3.5
S12000047,6/1/23,3.5
S12000047,7/1/23,3.5
S12000047,8/1/23,3.4
S12000047,9/1/23,3.2
S12000047,10/1/23,3.2
S12000047,11/1/23,3.2
S12000047,12/1/23,3.2
S12000047,1/1/24,3.2
S12000047,2/1/24,3.2
S12000047,3/1/24,3.3
S12000047,4/1/24,3.2
S12000047,5/1/24,3.2
S12000047,6/1/24,3.3
S12000047,7/1/24,3.5
S12000047,8/1/24,3.5
S12000047,9/1/24,3.4
S12000047,10/1/24,3.3
S12000047,11/1/24,3.3
S12000047,12/1/24,3.2
S12000047,1/1/25,3.3
S12000047,2/1/25,3.4
S12000047,3/1/25,3.3
S12000047,4/1/25,3.2
S12000047,5/1/25,3.1
S12000047,6/1/25,3.2
S12000047,7/1/25,3.1
S12000047,8/1/25,3.1
S12000047,9/1/25,3
S12000047,10/1/25,3
S12000047,11/1/25,3
S12000047,12/1/25,3
S12000047,1/1/26,3.1
S12000047,2/1/26,3.3
S12000048,1/1/18,1.2
S12000048,2/1/18,1.2
S12000048,3/1/18,1.3
S12000048,4/1/18,1.3
S12000048,5/1/18,1.3
S12000048,6/1/18,1.2
S12000048,7/1/18,1.2
S12000048,8/1/18,1.3
S12000048,9/1/18,1.3
S12000048,10/1/18,1.4
S12000048,11/1/18,1.5
S12000048,12/1/18,1.6
S12000048,1/1/19,1.7
S12000048,2/1/19,1.9
S12000048,3/1/19,2
S12000048,4/1/19,1.9
S12000048,5/1/19,1.9
S12000048,6/1/19,1.9
S12000048,7/1/19,2
S12000048,8/1/19,2
S12000048,9/1/19,1.9
S12000048,10/1/19,2
S12000048,11/1/19,2
S12000048,12/1/19,2
S12000048,1/1/20,2
S12000048,2/1/20,2.1
S12000048,3/1/20,2.1
S12000048,4/1/20,4
S12000048,5/1/20,4.8
S12000048,6/1/20,4.9
S12000048,7/1/20,5.1
S12000048,8/1/20,5.1
S12000048,9/1/20,5
S12000048,10/1/20,4.7
S12000048,11/1/20,4.6
S12000048,12/1/20,4.5
S12000048,1/1/21,4.5
S12000048,2/1/21,4.6
S12000048,3/1/21,4.6
S12000048,4/1/21,4.5
S12000048,5/1/21,4.2
S12000048,6/1/21,3.9
S12000048,7/1/21,3.8
S12000048,8/1/21,3.7
S12000048,9/1/21,3.4
S12000048,10/1/21,3.1
S12000048,11/1/21,3
S12000048,12/1/21,2.9
S12000048,1/1/22,2.8
S12000048,2/1/22,2.9
S12000048,3/1/22,2.8
S12000048,4/1/22,2.6
S12000048,5/1/22,2.5
S12000048,6/1/22,2.5
S12000048,7/1/22,2.4
S12000048,8/1/22,2.5
S12000048,9/1/22,2.3
S12000048,10/1/22,2.2
S12000048,11/1/22,2.2
S12000048,12/1/22,2.3
S12000048,1/1/23,2.3
S12000048,2/1/23,2.4
S12000048,3/1/23,2.4
S12000048,4/1/23,2.5
S12000048,5/1/23,2.5
S12000048,6/1/23,2.5
S12000048,7/1/23,2.5
S12000048,8/1/23,2.5
S12000048,9/1/23,2.3
S12000048,10/1/23,2.3
S12000048,11/1/23,2.2
S12000048,12/1/23,2.2
S12000048,1/1/24,2.1
S12000048,2/1/24,2.2
S12000048,3/1/24,2.3
S12000048,4/1/24,2.2
S12000048,5/1/24,2.2
S12000048,6/1/24,2.3
S12000048,7/1/24,2.4
S12000048,8/1/24,2.5
S12000048,9/1/24,2.3
S12000048,10/1/24,2.3
S12000048,11/1/24,2.3
S12000048,12/1/24,2.2
S12000048,1/1/25,2.3
S12000048,2/1/25,2.4
S12000048,3/1/25,2.3
S12000048,4/1/25,2.2
S12000048,5/1/25,2.2
S12000048,6/1/25,2.2
S12000048,7/1/25,2.2
S12000048,8/1/25,2.2
S12000048,9/1/25,2.2
S12000048,10/1/25,2.1
S12000048,11/1/25,2.1
S12000048,12/1/25,2.1
S12000048,1/1/26,2.2
S12000048,2/1/26,2.4
S12000049,1/1/18,3.2
S12000049,2/1/18,3.3
S12000049,3/1/18,3.3
S12000049,4/1/18,3.3
S12000049,5/1/18,3.3
S12000049,6/1/18,3.3
S12000049,7/1/18,3.2
S12000049,8/1/18,3.2
S12000049,9/1/18,3.1
S12000049,10/1/18,3
S12000049,11/1/18,3
S12000049,12/1/18,3.2
S12000049,1/1/19,3.4
S12000049,2/1/19,3.6
S12000049,3/1/19,3.7
S12000049,4/1/19,3.9
S12000049,5/1/19,4
S12000049,6/1/19,4.2
S12000049,7/1/19,4.3
S12000049,8/1/19,4.5
S12000049,9/1/19,4.4
S12000049,10/1/19,4.4
S12000049,11/1/19,4.5
S12000049,12/1/19,4.5
S12000049,1/1/20,4.6
S12000049,2/1/20,4.7
S12000049,3/1/20,4.7
S12000049,4/1/20,7.3
S12000049,5/1/20,8.4
S12000049,6/1/20,8.4
S12000049,7/1/20,8.7
S12000049,8/1/20,8.9
S12000049,9/1/20,8.7
S12000049,10/1/20,8.4
S12000049,11/1/20,8.5
S12000049,12/1/20,8.4
S12000049,1/1/21,8.3
S12000049,2/1/21,8.5
S12000049,3/1/21,8.5
S12000049,4/1/21,8.4
S12000049,5/1/21,8
S12000049,6/1/21,7.5
S12000049,7/1/21,7.4
S12000049,8/1/21,7.2
S12000049,9/1/21,6.7
S12000049,10/1/21,6.4
S12000049,11/1/21,6.2
S12000049,12/1/21,6
S12000049,1/1/22,5.8
S12000049,2/1/22,5.8
S12000049,3/1/22,5.5
S12000049,4/1/22,5.3
S12000049,5/1/22,5.1
S12000049,6/1/22,5
S12000049,7/1/22,5
S12000049,8/1/22,5
S12000049,9/1/22,4.8
S12000049,10/1/22,4.7
S12000049,11/1/22,4.9
S12000049,12/1/22,4.9
S12000049,1/1/23,4.7
S12000049,2/1/23,4.7
S12000049,3/1/23,4.8
S12000049,4/1/23,5
S12000049,5/1/23,4.8
S12000049,6/1/23,4.8
S12000049,7/1/23,4.8
S12000049,8/1/23,4.7
S12000049,9/1/23,4.5
S12000049,10/1/23,4.5
S12000049,11/1/23,4.5
S12000049,12/1/23,4.6
S12000049,1/1/24,4.4
S12000049,2/1/24,4.6
S12000049,3/1/24,4.7
S12000049,4/1/24,4.6
S12000049,5/1/24,4.7
S12000049,6/1/24,4.8
S12000049,7/1/24,5.1
S12000049,8/1/24,5.2
S12000049,9/1/24,5
S12000049,10/1/24,5
S12000049,11/1/24,4.9
S12000049,12/1/24,4.8
S12000049,1/1/25,4.7
S12000049,2/1/25,4.9
S12000049,3/1/25,4.8
S12000049,4/1/25,4.7
S12000049,5/1/25,4.6
S12000049,6/1/25,4.7
S12000049,7/1/25,4.6
S12000049,8/1/25,4.7
S12000049,9/1/25,4.6
S12000049,10/1/25,4.5
S12000049,11/1/25,4.5
S12000049,12/1/25,4.5
S12000049,1/1/26,4.5
S12000049,2/1/26,4.7
S12000050,1/1/18,2.7
S12000050,2/1/18,2.8
S12000050,3/1/18,2.8
S12000050,4/1/18,2.8
S12000050,5/1/18,2.8
S12000050,6/1/18,3
S12000050,7/1/18,3.2
S12000050,8/1/18,3.4
S12000050,9/1/18,3.4
S12000050,10/1/18,3.5
S12000050,11/1/18,3.5
S12000050,12/1/18,3.5
S12000050,1/1/19,3.6
S12000050,2/1/19,3.7
S12000050,3/1/19,3.9
S12000050,4/1/19,3.8
S12000050,5/1/19,3.8
S12000050,6/1/19,3.9
S12000050,7/1/19,3.9
S12000050,8/1/19,3.9
S12000050,9/1/19,3.7
S12000050,10/1/19,3.7
S12000050,11/1/19,3.7
S12000050,12/1/19,3.6
S12000050,1/1/20,3.6
S12000050,2/1/20,3.7
S12000050,3/1/20,3.7
S12000050,4/1/20,6.1
S12000050,5/1/20,6.9
S12000050,6/1/20,6.8
S12000050,7/1/20,7.1
S12000050,8/1/20,7.2
S12000050,9/1/20,6.9
S12000050,10/1/20,6.5
S12000050,11/1/20,6.5
S12000050,12/1/20,6.4
S12000050,1/1/21,6.4
S12000050,2/1/21,6.6
S12000050,3/1/21,6.6
S12000050,4/1/21,6.4
S12000050,5/1/21,6
S12000050,6/1/21,5.6
S12000050,7/1/21,5.6
S12000050,8/1/21,5.3
S12000050,9/1/21,4.9
S12000050,10/1/21,4.7
S12000050,11/1/21,4.5
S12000050,12/1/21,4.4
S12000050,1/1/22,4.3
S12000050,2/1/22,4.2
S12000050,3/1/22,4.1
S12000050,4/1/22,3.8
S12000050,5/1/22,3.6
S12000050,6/1/22,3.5
S12000050,7/1/22,3.6
S12000050,8/1/22,3.6
S12000050,9/1/22,3.4
S12000050,10/1/22,3.3
S12000050,11/1/22,3.3
S12000050,12/1/22,3.3
S12000050,1/1/23,3.3
S12000050,2/1/23,3.4
S12000050,3/1/23,3.5
S12000050,4/1/23,3.6
S12000050,5/1/23,3.4
S12000050,6/1/23,3.4
S12000050,7/1/23,3.4
S12000050,8/1/23,3.4
S12000050,9/1/23,3.3
S12000050,10/1/23,3.2
S12000050,11/1/23,3.2
S12000050,12/1/23,3.3
S12000050,1/1/24,3.3
S12000050,2/1/24,3.4
S12000050,3/1/24,3.4
S12000050,4/1/24,3.4
S12000050,5/1/24,3.3
S12000050,6/1/24,3.3
S12000050,7/1/24,3.5
S12000050,8/1/24,3.5
S12000050,9/1/24,3.4
S12000050,10/1/24,3.3
S12000050,11/1/24,3.2
S12000050,12/1/24,3.1
S12000050,1/1/25,3.2
S12000050,2/1/25,3.3
S12000050,3/1/25,3.2
S12000050,4/1/25,3.1
S12000050,5/1/25,3.1
S12000050,6/1/25,3
S12000050,7/1/25,3
S12000050,8/1/25,3
S12000050,9/1/25,2.9
S12000050,10/1/25,2.8
S12000050,11/1/25,2.8
S12000050,12/1/25,2.8
S12000050,1/1/26,2.8
S12000050,2/1/26,3
W06000001,1/1/18,2.6
W06000001,2/1/18,2.7
W06000001,3/1/18,2.7
W06000001,4/1/18,2.6
W06000001,5/1/18,2.5
W06000001,6/1/18,2.3
W06000001,7/1/18,2.2
W06000001,8/1/18,2.2
W06000001,9/1/18,2.1
W06000001,10/1/18,2.1
W06000001,11/1/18,2.1
W06000001,12/1/18,2.1
W06000001,1/1/19,2.3
W06000001,2/1/19,2.5
W06000001,3/1/19,2.7
W06000001,4/1/19,2.8
W06000001,5/1/19,2.7
W06000001,6/1/19,2.8
W06000001,7/1/19,2.8
W06000001,8/1/19,2.8
W06000001,9/1/19,2.9
W06000001,10/1/19,2.9
W06000001,11/1/19,3.1
W06000001,12/1/19,3.3
W06000001,1/1/20,3.2
W06000001,2/1/20,3.4
W06000001,3/1/20,3.4
W06000001,4/1/20,5.9
W06000001,5/1/20,6.7
W06000001,6/1/20,6.5
W06000001,7/1/20,6.8
W06000001,8/1/20,6.7
W06000001,9/1/20,6.5
W06000001,10/1/20,6
W06000001,11/1/20,6.2
W06000001,12/1/20,6
W06000001,1/1/21,5.9
W06000001,2/1/21,6.1
W06000001,3/1/21,6.1
W06000001,4/1/21,6
W06000001,5/1/21,5.7
W06000001,6/1/21,5.3
W06000001,7/1/21,5
W06000001,8/1/21,4.8
W06000001,9/1/21,4.5
W06000001,10/1/21,4.4
W06000001,11/1/21,4.3
W06000001,12/1/21,4.2
W06000001,1/1/22,4.1
W06000001,2/1/22,4.1
W06000001,3/1/22,4
W06000001,4/1/22,3.8
W06000001,5/1/22,3.5
W06000001,6/1/22,3.4
W06000001,7/1/22,3.3
W06000001,8/1/22,3.2
W06000001,9/1/22,3.1
W06000001,10/1/22,3.2
W06000001,11/1/22,3.2
W06000001,12/1/22,3.3
W06000001,1/1/23,3.3
W06000001,2/1/23,3.4
W06000001,3/1/23,3.7
W06000001,4/1/23,3.7
W06000001,5/1/23,3.7
W06000001,6/1/23,3.7
W06000001,7/1/23,3.7
W06000001,8/1/23,3.6
W06000001,9/1/23,3.6
W06000001,10/1/23,3.4
W06000001,11/1/23,3.6
W06000001,12/1/23,3.6
W06000001,1/1/24,3.7
W06000001,2/1/24,3.7
W06000001,3/1/24,3.7
W06000001,4/1/24,3.5
W06000001,5/1/24,3.5
W06000001,6/1/24,3.6
W06000001,7/1/24,3.8
W06000001,8/1/24,3.7
W06000001,9/1/24,3.8
W06000001,10/1/24,3.7
W06000001,11/1/24,3.7
W06000001,12/1/24,3.8
W06000001,1/1/25,3.8
W06000001,2/1/25,3.9
W06000001,3/1/25,3.8
W06000001,4/1/25,3.6
W06000001,5/1/25,3.5
W06000001,6/1/25,3.5
W06000001,7/1/25,3.4
W06000001,8/1/25,3.4
W06000001,9/1/25,3.4
W06000001,10/1/25,3.4
W06000001,11/1/25,3.4
W06000001,12/1/25,3.5
W06000001,1/1/26,3.6
W06000001,2/1/26,3.8
W06000002,1/1/18,2
W06000002,2/1/18,2.1
W06000002,3/1/18,2
W06000002,4/1/18,1.8
W06000002,5/1/18,1.8
W06000002,6/1/18,1.6
W06000002,7/1/18,1.6
W06000002,8/1/18,1.6
W06000002,9/1/18,1.6
W06000002,10/1/18,1.6
W06000002,11/1/18,1.6
W06000002,12/1/18,1.7
W06000002,1/1/19,1.9
W06000002,2/1/19,2
W06000002,3/1/19,2
W06000002,4/1/19,2
W06000002,5/1/19,2
W06000002,6/1/19,2.1
W06000002,7/1/19,2.1
W06000002,8/1/19,2.2
W06000002,9/1/19,2.2
W06000002,10/1/19,2.2
W06000002,11/1/19,2.5
W06000002,12/1/19,2.6
W06000002,1/1/20,2.7
W06000002,2/1/20,2.8
W06000002,3/1/20,2.8
W06000002,4/1/20,5.4
W06000002,5/1/20,6
W06000002,6/1/20,5.9
W06000002,7/1/20,6.1
W06000002,8/1/20,6
W06000002,9/1/20,5.6
W06000002,10/1/20,5.2
W06000002,11/1/20,5.3
W06000002,12/1/20,5.4
W06000002,1/1/21,5.6
W06000002,2/1/21,5.9
W06000002,3/1/21,5.8
W06000002,4/1/21,5.5
W06000002,5/1/21,4.9
W06000002,6/1/21,4.4
W06000002,7/1/21,4.2
W06000002,8/1/21,3.9
W06000002,9/1/21,3.7
W06000002,10/1/21,3.6
W06000002,11/1/21,3.6
W06000002,12/1/21,3.6
W06000002,1/1/22,3.6
W06000002,2/1/22,3.6
W06000002,3/1/22,3.4
W06000002,4/1/22,3
W06000002,5/1/22,2.8
W06000002,6/1/22,2.7
W06000002,7/1/22,2.6
W06000002,8/1/22,2.7
W06000002,9/1/22,2.6
W06000002,10/1/22,2.6
W06000002,11/1/22,2.8
W06000002,12/1/22,2.9
W06000002,1/1/23,2.9
W06000002,2/1/23,2.9
W06000002,3/1/23,2.9
W06000002,4/1/23,2.9
W06000002,5/1/23,2.7
W06000002,6/1/23,2.7
W06000002,7/1/23,2.6
W06000002,8/1/23,2.5
W06000002,9/1/23,2.4
W06000002,10/1/23,2.5
W06000002,11/1/23,2.6
W06000002,12/1/23,2.7
W06000002,1/1/24,2.7
W06000002,2/1/24,2.7
W06000002,3/1/24,2.7
W06000002,4/1/24,2.6
W06000002,5/1/24,2.5
W06000002,6/1/24,2.6
W06000002,7/1/24,2.9
W06000002,8/1/24,2.8
W06000002,9/1/24,2.7
W06000002,10/1/24,2.7
W06000002,11/1/24,2.8
W06000002,12/1/24,2.8
W06000002,1/1/25,2.9
W06000002,2/1/25,3.2
W06000002,3/1/25,3
W06000002,4/1/25,2.9
W06000002,5/1/25,2.7
W06000002,6/1/25,2.6
W06000002,7/1/25,2.5
W06000002,8/1/25,2.6
W06000002,9/1/25,2.6
W06000002,10/1/25,2.6
W06000002,11/1/25,2.8
W06000002,12/1/25,2.8
W06000002,1/1/26,2.9
W06000002,2/1/26,3.1
W06000003,1/1/18,2.1
W06000003,2/1/18,2.2
W06000003,3/1/18,2.2
W06000003,4/1/18,2.2
W06000003,5/1/18,2.1
W06000003,6/1/18,2
W06000003,7/1/18,2.1
W06000003,8/1/18,2.1
W06000003,9/1/18,2.2
W06000003,10/1/18,2.3
W06000003,11/1/18,2.5
W06000003,12/1/18,2.7
W06000003,1/1/19,2.9
W06000003,2/1/19,3.2
W06000003,3/1/19,3.3
W06000003,4/1/19,3.3
W06000003,5/1/19,3.1
W06000003,6/1/19,3.1
W06000003,7/1/19,3.1
W06000003,8/1/19,3.1
W06000003,9/1/19,3.2
W06000003,10/1/19,3.2
W06000003,11/1/19,3.3
W06000003,12/1/19,3.4
W06000003,1/1/20,3.5
W06000003,2/1/20,3.6
W06000003,3/1/20,3.6
W06000003,4/1/20,6.5
W06000003,5/1/20,7.2
W06000003,6/1/20,7.1
W06000003,7/1/20,7.3
W06000003,8/1/20,7.2
W06000003,9/1/20,6.9
W06000003,10/1/20,6.5
W06000003,11/1/20,6.6
W06000003,12/1/20,6.7
W06000003,1/1/21,6.6
W06000003,2/1/21,6.7
W06000003,3/1/21,6.7
W06000003,4/1/21,6.6
W06000003,5/1/21,6.2
W06000003,6/1/21,5.6
W06000003,7/1/21,5.2
W06000003,8/1/21,4.9
W06000003,9/1/21,4.7
W06000003,10/1/21,4.6
W06000003,11/1/21,4.5
W06000003,12/1/21,4.5
W06000003,1/1/22,4.5
W06000003,2/1/22,4.5
W06000003,3/1/22,4.2
W06000003,4/1/22,3.8
W06000003,5/1/22,3.6
W06000003,6/1/22,3.5
W06000003,7/1/22,3.5
W06000003,8/1/22,3.5
W06000003,9/1/22,3.4
W06000003,10/1/22,3.4
W06000003,11/1/22,3.5
W06000003,12/1/22,3.6
W06000003,1/1/23,3.6
W06000003,2/1/23,3.6
W06000003,3/1/23,3.7
W06000003,4/1/23,3.7
W06000003,5/1/23,3.5
W06000003,6/1/23,3.4
W06000003,7/1/23,3.4
W06000003,8/1/23,3.3
W06000003,9/1/23,3.3
W06000003,10/1/23,3.4
W06000003,11/1/23,3.5
W06000003,12/1/23,3.7
W06000003,1/1/24,3.8
W06000003,2/1/24,3.8
W06000003,3/1/24,3.9
W06000003,4/1/24,3.8
W06000003,5/1/24,3.7
W06000003,6/1/24,3.7
W06000003,7/1/24,3.9
W06000003,8/1/24,3.9
W06000003,9/1/24,3.9
W06000003,10/1/24,3.9
W06000003,11/1/24,3.8
W06000003,12/1/24,3.8
W06000003,1/1/25,3.9
W06000003,2/1/25,4
W06000003,3/1/25,4
W06000003,4/1/25,3.8
W06000003,5/1/25,3.7
W06000003,6/1/25,3.6
W06000003,7/1/25,3.5
W06000003,8/1/25,3.5
W06000003,9/1/25,3.5
W06000003,10/1/25,3.5
W06000003,11/1/25,3.5
W06000003,12/1/25,3.6
W06000003,1/1/26,3.7
W06000003,2/1/26,3.8
W06000004,1/1/18,2.1
W06000004,2/1/18,2.2
W06000004,3/1/18,2.1
W06000004,4/1/18,2.1
W06000004,5/1/18,2.1
W06000004,6/1/18,2.1
W06000004,7/1/18,2.2
W06000004,8/1/18,2.3
W06000004,9/1/18,2.5
W06000004,10/1/18,2.6
W06000004,11/1/18,2.8
W06000004,12/1/18,2.9
W06000004,1/1/19,3
W06000004,2/1/19,3.2
W06000004,3/1/19,3.2
W06000004,4/1/19,3.3
W06000004,5/1/19,3.2
W06000004,6/1/19,3.3
W06000004,7/1/19,3.3
W06000004,8/1/19,3.3
W06000004,9/1/19,3.4
W06000004,10/1/19,3.4
W06000004,11/1/19,3.5
W06000004,12/1/19,3.5
W06000004,1/1/20,3.6
W06000004,2/1/20,3.7
W06000004,3/1/20,3.6
W06000004,4/1/20,6.2
W06000004,5/1/20,6.9
W06000004,6/1/20,6.6
W06000004,7/1/20,6.9
W06000004,8/1/20,6.9
W06000004,9/1/20,6.7
W06000004,10/1/20,6.4
W06000004,11/1/20,6.5
W06000004,12/1/20,6.4
W06000004,1/1/21,6.3
W06000004,2/1/21,6.5
W06000004,3/1/21,6.5
W06000004,4/1/21,6.4
W06000004,5/1/21,6
W06000004,6/1/21,5.5
W06000004,7/1/21,5.2
W06000004,8/1/21,5.1
W06000004,9/1/21,4.8
W06000004,10/1/21,4.6
W06000004,11/1/21,4.6
W06000004,12/1/21,4.4
W06000004,1/1/22,4.4
W06000004,2/1/22,4.3
W06000004,3/1/22,4
W06000004,4/1/22,3.7
W06000004,5/1/22,3.5
W06000004,6/1/22,3.5
W06000004,7/1/22,3.5
W06000004,8/1/22,3.6
W06000004,9/1/22,3.6
W06000004,10/1/22,3.5
W06000004,11/1/22,3.6
W06000004,12/1/22,3.7
W06000004,1/1/23,3.6
W06000004,2/1/23,3.6
W06000004,3/1/23,3.7
W06000004,4/1/23,3.7
W06000004,5/1/23,3.5
W06000004,6/1/23,3.5
W06000004,7/1/23,3.5
W06000004,8/1/23,3.4
W06000004,9/1/23,3.4
W06000004,10/1/23,3.4
W06000004,11/1/23,3.5
W06000004,12/1/23,3.4
W06000004,1/1/24,3.5
W06000004,2/1/24,3.6
W06000004,3/1/24,3.6
W06000004,4/1/24,3.4
W06000004,5/1/24,3.4
W06000004,6/1/24,3.5
W06000004,7/1/24,3.8
W06000004,8/1/24,3.8
W06000004,9/1/24,3.7
W06000004,10/1/24,3.7
W06000004,11/1/24,3.7
W06000004,12/1/24,3.7
W06000004,1/1/25,3.7
W06000004,2/1/25,3.9
W06000004,3/1/25,3.8
W06000004,4/1/25,3.7
W06000004,5/1/25,3.6
W06000004,6/1/25,3.5
W06000004,7/1/25,3.5
W06000004,8/1/25,3.4
W06000004,9/1/25,3.4
W06000004,10/1/25,3.4
W06000004,11/1/25,3.4
W06000004,12/1/25,3.4
W06000004,1/1/26,3.5
W06000004,2/1/26,3.6
W06000005,1/1/18,1.9
W06000005,2/1/18,2.1
W06000005,3/1/18,2.1
W06000005,4/1/18,2.4
W06000005,5/1/18,2.2
W06000005,6/1/18,2.2
W06000005,7/1/18,2.3
W06000005,8/1/18,2.3
W06000005,9/1/18,2.4
W06000005,10/1/18,2.4
W06000005,11/1/18,2.4
W06000005,12/1/18,2.4
W06000005,1/1/19,2.5
W06000005,2/1/19,2.6
W06000005,3/1/19,2.7
W06000005,4/1/19,2.6
W06000005,5/1/19,2.6
W06000005,6/1/19,2.7
W06000005,7/1/19,2.7
W06000005,8/1/19,2.8
W06000005,9/1/19,2.8
W06000005,10/1/19,2.8
W06000005,11/1/19,2.7
W06000005,12/1/19,2.7
W06000005,1/1/20,2.7
W06000005,2/1/20,2.8
W06000005,3/1/20,2.8
W06000005,4/1/20,4.9
W06000005,5/1/20,5.6
W06000005,6/1/20,5.4
W06000005,7/1/20,5.5
W06000005,8/1/20,5.6
W06000005,9/1/20,5.4
W06000005,10/1/20,5.2
W06000005,11/1/20,5.3
W06000005,12/1/20,5.1
W06000005,1/1/21,5.1
W06000005,2/1/21,5.3
W06000005,3/1/21,5.3
W06000005,4/1/21,5.2
W06000005,5/1/21,4.7
W06000005,6/1/21,4.3
W06000005,7/1/21,4.2
W06000005,8/1/21,4.1
W06000005,9/1/21,3.9
W06000005,10/1/21,3.8
W06000005,11/1/21,3.7
W06000005,12/1/21,3.6
W06000005,1/1/22,3.6
W06000005,2/1/22,3.6
W06000005,3/1/22,3.4
W06000005,4/1/22,3.2
W06000005,5/1/22,3.1
W06000005,6/1/22,2.9
W06000005,7/1/22,2.9
W06000005,8/1/22,2.9
W06000005,9/1/22,2.8
W06000005,10/1/22,2.8
W06000005,11/1/22,2.8
W06000005,12/1/22,2.8
W06000005,1/1/23,2.8
W06000005,2/1/23,2.9
W06000005,3/1/23,3
W06000005,4/1/23,3
W06000005,5/1/23,2.9
W06000005,6/1/23,2.9
W06000005,7/1/23,2.8
W06000005,8/1/23,2.8
W06000005,9/1/23,2.7
W06000005,10/1/23,2.7
W06000005,11/1/23,2.8
W06000005,12/1/23,2.8
W06000005,1/1/24,2.7
W06000005,2/1/24,2.8
W06000005,3/1/24,2.7
W06000005,4/1/24,2.7
W06000005,5/1/24,2.8
W06000005,6/1/24,2.8
W06000005,7/1/24,2.9
W06000005,8/1/24,2.9
W06000005,9/1/24,2.9
W06000005,10/1/24,2.9
W06000005,11/1/24,2.8
W06000005,12/1/24,2.7
W06000005,1/1/25,2.8
W06000005,2/1/25,2.9
W06000005,3/1/25,2.9
W06000005,4/1/25,2.9
W06000005,5/1/25,2.8
W06000005,6/1/25,2.8
W06000005,7/1/25,2.9
W06000005,8/1/25,2.9
W06000005,9/1/25,2.9
W06000005,10/1/25,2.8
W06000005,11/1/25,2.8
W06000005,12/1/25,2.7
W06000005,1/1/26,2.7
W06000005,2/1/26,2.9
W06000006,1/1/18,1.8
W06000006,2/1/18,2
W06000006,3/1/18,2.1
W06000006,4/1/18,2.4
W06000006,5/1/18,2.3
W06000006,6/1/18,2.4
W06000006,7/1/18,2.5
W06000006,8/1/18,2.6
W06000006,9/1/18,2.7
W06000006,10/1/18,2.7
W06000006,11/1/18,2.7
W06000006,12/1/18,2.7
W06000006,1/1/19,2.8
W06000006,2/1/19,2.8
W06000006,3/1/19,2.9
W06000006,4/1/19,3
W06000006,5/1/19,3
W06000006,6/1/19,3
W06000006,7/1/19,3
W06000006,8/1/19,3.1
W06000006,9/1/19,3.2
W06000006,10/1/19,3.1
W06000006,11/1/19,3.2
W06000006,12/1/19,3.2
W06000006,1/1/20,3.2
W06000006,2/1/20,3.2
W06000006,3/1/20,3.1
W06000006,4/1/20,5.4
W06000006,5/1/20,6.2
W06000006,6/1/20,5.9
W06000006,7/1/20,6.1
W06000006,8/1/20,6.1
W06000006,9/1/20,6
W06000006,10/1/20,5.7
W06000006,11/1/20,5.8
W06000006,12/1/20,5.7
W06000006,1/1/21,5.8
W06000006,2/1/21,6
W06000006,3/1/21,5.9
W06000006,4/1/21,5.8
W06000006,5/1/21,5.4
W06000006,6/1/21,5
W06000006,7/1/21,4.9
W06000006,8/1/21,4.6
W06000006,9/1/21,4.5
W06000006,10/1/21,4.3
W06000006,11/1/21,4.1
W06000006,12/1/21,4
W06000006,1/1/22,3.9
W06000006,2/1/22,3.8
W06000006,3/1/22,3.6
W06000006,4/1/22,3.3
W06000006,5/1/22,3.2
W06000006,6/1/22,3.1
W06000006,7/1/22,3
W06000006,8/1/22,3.1
W06000006,9/1/22,3
W06000006,10/1/22,2.8
W06000006,11/1/22,2.9
W06000006,12/1/22,2.9
W06000006,1/1/23,3
W06000006,2/1/23,3
W06000006,3/1/23,3.1
W06000006,4/1/23,3.1
W06000006,5/1/23,3
W06000006,6/1/23,2.9
W06000006,7/1/23,2.9
W06000006,8/1/23,2.9
W06000006,9/1/23,2.9
W06000006,10/1/23,2.8
W06000006,11/1/23,3
W06000006,12/1/23,2.9
W06000006,1/1/24,3
W06000006,2/1/24,3.1
W06000006,3/1/24,3
W06000006,4/1/24,3
W06000006,5/1/24,3
W06000006,6/1/24,3
W06000006,7/1/24,3.3
W06000006,8/1/24,3.3
W06000006,9/1/24,3.3
W06000006,10/1/24,3.2
W06000006,11/1/24,3.1
W06000006,12/1/24,2.9
W06000006,1/1/25,3
W06000006,2/1/25,3.1
W06000006,3/1/25,3
W06000006,4/1/25,3
W06000006,5/1/25,2.9
W06000006,6/1/25,2.9
W06000006,7/1/25,2.9
W06000006,8/1/25,2.9
W06000006,9/1/25,2.9
W06000006,10/1/25,2.9
W06000006,11/1/25,2.9
W06000006,12/1/25,2.8
W06000006,1/1/26,2.8
W06000006,2/1/26,3
W06000008,1/1/18,1.3
W06000008,2/1/18,1.3
W06000008,3/1/18,1.2
W06000008,4/1/18,1.1
W06000008,5/1/18,1
W06000008,6/1/18,1
W06000008,7/1/18,1
W06000008,8/1/18,1
W06000008,9/1/18,1
W06000008,10/1/18,0.9
W06000008,11/1/18,1
W06000008,12/1/18,1.1
W06000008,1/1/19,1.2
W06000008,2/1/19,1.3
W06000008,3/1/19,1.4
W06000008,4/1/19,1.5
W06000008,5/1/19,1.5
W06000008,6/1/19,1.6
W06000008,7/1/19,1.6
W06000008,8/1/19,1.7
W06000008,9/1/19,1.7
W06000008,10/1/19,1.8
W06000008,11/1/19,1.9
W06000008,12/1/19,1.9
W06000008,1/1/20,1.9
W06000008,2/1/20,2
W06000008,3/1/20,1.9
W06000008,4/1/20,4
W06000008,5/1/20,4.7
W06000008,6/1/20,4.4
W06000008,7/1/20,4.7
W06000008,8/1/20,4.7
W06000008,9/1/20,4.5
W06000008,10/1/20,4.2
W06000008,11/1/20,4.3
W06000008,12/1/20,4.4
W06000008,1/1/21,4.4
W06000008,2/1/21,4.5
W06000008,3/1/21,4.6
W06000008,4/1/21,4.4
W06000008,5/1/21,4.1
W06000008,6/1/21,3.8
W06000008,7/1/21,3.5
W06000008,8/1/21,3.4
W06000008,9/1/21,3.2
W06000008,10/1/21,3.1
W06000008,11/1/21,3.1
W06000008,12/1/21,3.1
W06000008,1/1/22,3.2
W06000008,2/1/22,3.2
W06000008,3/1/22,3.1
W06000008,4/1/22,2.8
W06000008,5/1/22,2.6
W06000008,6/1/22,2.5
W06000008,7/1/22,2.5
W06000008,8/1/22,2.6
W06000008,9/1/22,2.6
W06000008,10/1/22,2.5
W06000008,11/1/22,2.6
W06000008,12/1/22,2.8
W06000008,1/1/23,2.7
W06000008,2/1/23,2.7
W06000008,3/1/23,2.7
W06000008,4/1/23,2.7
W06000008,5/1/23,2.3
W06000008,6/1/23,2.3
W06000008,7/1/23,2.2
W06000008,8/1/23,2.2
W06000008,9/1/23,2.2
W06000008,10/1/23,2.2
W06000008,11/1/23,2.4
W06000008,12/1/23,2.6
W06000008,1/1/24,2.7
W06000008,2/1/24,2.8
W06000008,3/1/24,2.8
W06000008,4/1/24,2.8
W06000008,5/1/24,2.7
W06000008,6/1/24,2.8
W06000008,7/1/24,2.9
W06000008,8/1/24,2.9
W06000008,9/1/24,2.9
W06000008,10/1/24,2.8
W06000008,11/1/24,2.9
W06000008,12/1/24,2.8
W06000008,1/1/25,2.8
W06000008,2/1/25,2.8
W06000008,3/1/25,2.8
W06000008,4/1/25,2.6
W06000008,5/1/25,2.6
W06000008,6/1/25,2.5
W06000008,7/1/25,2.5
W06000008,8/1/25,2.4
W06000008,9/1/25,2.3
W06000008,10/1/25,2.3
W06000008,11/1/25,2.4
W06000008,12/1/25,2.5
W06000008,1/1/26,2.6
W06000008,2/1/26,2.7
W06000009,1/1/18,2.3
W06000009,2/1/18,2.3
W06000009,3/1/18,2.2
W06000009,4/1/18,2.2
W06000009,5/1/18,2.1
W06000009,6/1/18,2.1
W06000009,7/1/18,2
W06000009,8/1/18,1.9
W06000009,9/1/18,1.9
W06000009,10/1/18,1.9
W06000009,11/1/18,2
W06000009,12/1/18,2.4
W06000009,1/1/19,2.6
W06000009,2/1/19,2.7
W06000009,3/1/19,2.8
W06000009,4/1/19,2.8
W06000009,5/1/19,2.7
W06000009,6/1/19,2.7
W06000009,7/1/19,2.7
W06000009,8/1/19,2.7
W06000009,9/1/19,2.8
W06000009,10/1/19,2.8
W06000009,11/1/19,2.9
W06000009,12/1/19,3
W06000009,1/1/20,3.1
W06000009,2/1/20,3.2
W06000009,3/1/20,3.2
W06000009,4/1/20,6
W06000009,5/1/20,6.4
W06000009,6/1/20,6.2
W06000009,7/1/20,6.4
W06000009,8/1/20,6.5
W06000009,9/1/20,6.1
W06000009,10/1/20,5.7
W06000009,11/1/20,5.6
W06000009,12/1/20,5.7
W06000009,1/1/21,5.6
W06000009,2/1/21,5.9
W06000009,3/1/21,5.7
W06000009,4/1/21,5.6
W06000009,5/1/21,5.1
W06000009,6/1/21,4.7
W06000009,7/1/21,4.5
W06000009,8/1/21,4.3
W06000009,9/1/21,4.1
W06000009,10/1/21,4
W06000009,11/1/21,4
W06000009,12/1/21,4
W06000009,1/1/22,4.1
W06000009,2/1/22,4.1
W06000009,3/1/22,3.9
W06000009,4/1/22,3.4
W06000009,5/1/22,3.2
W06000009,6/1/22,3.1
W06000009,7/1/22,3
W06000009,8/1/22,3
W06000009,9/1/22,3
W06000009,10/1/22,3.1
W06000009,11/1/22,3.2
W06000009,12/1/22,3.3
W06000009,1/1/23,3.3
W06000009,2/1/23,3.4
W06000009,3/1/23,3.4
W06000009,4/1/23,3.3
W06000009,5/1/23,3.1
W06000009,6/1/23,3
W06000009,7/1/23,3
W06000009,8/1/23,2.9
W06000009,9/1/23,2.8
W06000009,10/1/23,2.9
W06000009,11/1/23,3.1
W06000009,12/1/23,3.2
W06000009,1/1/24,3.2
W06000009,2/1/24,3.3
W06000009,3/1/24,3.3
W06000009,4/1/24,3.2
W06000009,5/1/24,3.2
W06000009,6/1/24,3.3
W06000009,7/1/24,3.4
W06000009,8/1/24,3.5
W06000009,9/1/24,3.4
W06000009,10/1/24,3.3
W06000009,11/1/24,3.4
W06000009,12/1/24,3.4
W06000009,1/1/25,3.5
W06000009,2/1/25,3.5
W06000009,3/1/25,3.4
W06000009,4/1/25,3.3
W06000009,5/1/25,3.2
W06000009,6/1/25,3.2
W06000009,7/1/25,3.2
W06000009,8/1/25,3.2
W06000009,9/1/25,3.1
W06000009,10/1/25,3.2
W06000009,11/1/25,3.3
W06000009,12/1/25,3.4
W06000009,1/1/26,3.4
W06000009,2/1/26,3.6
W06000010,1/1/18,1.7
W06000010,2/1/18,1.9
W06000010,3/1/18,2
W06000010,4/1/18,2
W06000010,5/1/18,2
W06000010,6/1/18,2
W06000010,7/1/18,1.9
W06000010,8/1/18,1.9
W06000010,9/1/18,1.8
W06000010,10/1/18,1.8
W06000010,11/1/18,1.8
W06000010,12/1/18,1.8
W06000010,1/1/19,1.9
W06000010,2/1/19,2
W06000010,3/1/19,2.1
W06000010,4/1/19,2.2
W06000010,5/1/19,2.3
W06000010,6/1/19,2.5
W06000010,7/1/19,2.5
W06000010,8/1/19,2.6
W06000010,9/1/19,2.7
W06000010,10/1/19,2.7
W06000010,11/1/19,2.8
W06000010,12/1/19,2.8
W06000010,1/1/20,2.8
W06000010,2/1/20,2.8
W06000010,3/1/20,2.8
W06000010,4/1/20,5
W06000010,5/1/20,5.6
W06000010,6/1/20,5.4
W06000010,7/1/20,5.6
W06000010,8/1/20,5.7
W06000010,9/1/20,5.5
W06000010,10/1/20,5.3
W06000010,11/1/20,5.3
W06000010,12/1/20,5.1
W06000010,1/1/21,5
W06000010,2/1/21,5.3
W06000010,3/1/21,5.2
W06000010,4/1/21,5.1
W06000010,5/1/21,4.7
W06000010,6/1/21,4.4
W06000010,7/1/21,4.3
W06000010,8/1/21,4.2
W06000010,9/1/21,4
W06000010,10/1/21,3.8
W06000010,11/1/21,3.6
W06000010,12/1/21,3.4
W06000010,1/1/22,3.4
W06000010,2/1/22,3.4
W06000010,3/1/22,3.2
W06000010,4/1/22,3
W06000010,5/1/22,3
W06000010,6/1/22,2.9
W06000010,7/1/22,2.8
W06000010,8/1/22,2.9
W06000010,9/1/22,2.9
W06000010,10/1/22,2.8
W06000010,11/1/22,2.8
W06000010,12/1/22,2.8
W06000010,1/1/23,2.8
W06000010,2/1/23,2.8
W06000010,3/1/23,2.8
W06000010,4/1/23,2.8
W06000010,5/1/23,2.8
W06000010,6/1/23,2.7
W06000010,7/1/23,2.7
W06000010,8/1/23,2.7
W06000010,9/1/23,2.7
W06000010,10/1/23,2.7
W06000010,11/1/23,2.7
W06000010,12/1/23,2.8
W06000010,1/1/24,2.8
W06000010,2/1/24,2.9
W06000010,3/1/24,3
W06000010,4/1/24,3
W06000010,5/1/24,3
W06000010,6/1/24,3
W06000010,7/1/24,3.2
W06000010,8/1/24,3.3
W06000010,9/1/24,3.3
W06000010,10/1/24,3.2
W06000010,11/1/24,3.2
W06000010,12/1/24,3.1
W06000010,1/1/25,3.1
W06000010,2/1/25,3
W06000010,3/1/25,2.9
W06000010,4/1/25,2.9
W06000010,5/1/25,2.8
W06000010,6/1/25,2.9
W06000010,7/1/25,2.8
W06000010,8/1/25,2.8
W06000010,9/1/25,2.8
W06000010,10/1/25,2.9
W06000010,11/1/25,2.8
W06000010,12/1/25,2.8
W06000010,1/1/26,2.8
W06000010,2/1/26,2.9
W06000011,1/1/18,2.1
W06000011,2/1/18,2.4
W06000011,3/1/18,2.7
W06000011,4/1/18,2.9
W06000011,5/1/18,3
W06000011,6/1/18,3.1
W06000011,7/1/18,3.1
W06000011,8/1/18,3.2
W06000011,9/1/18,3.3
W06000011,10/1/18,3.3
W06000011,11/1/18,3.2
W06000011,12/1/18,3.2
W06000011,1/1/19,3.3
W06000011,2/1/19,3.5
W06000011,3/1/19,3.5
W06000011,4/1/19,3.5
W06000011,5/1/19,3.5
W06000011,6/1/19,3.5
W06000011,7/1/19,3.5
W06000011,8/1/19,3.6
W06000011,9/1/19,3.6
W06000011,10/1/19,3.5
W06000011,11/1/19,3.5
W06000011,12/1/19,3.5
W06000011,1/1/20,3.5
W06000011,2/1/20,3.6
W06000011,3/1/20,3.6
W06000011,4/1/20,5.6
W06000011,5/1/20,6.2
W06000011,6/1/20,6
W06000011,7/1/20,6.2
W06000011,8/1/20,6.3
W06000011,9/1/20,6.2
W06000011,10/1/20,5.8
W06000011,11/1/20,5.9
W06000011,12/1/20,5.8
W06000011,1/1/21,5.7
W06000011,2/1/21,5.9
W06000011,3/1/21,6
W06000011,4/1/21,5.9
W06000011,5/1/21,5.6
W06000011,6/1/21,5.2
W06000011,7/1/21,5.1
W06000011,8/1/21,4.9
W06000011,9/1/21,4.7
W06000011,10/1/21,4.5
W06000011,11/1/21,4.4
W06000011,12/1/21,4.2
W06000011,1/1/22,4
W06000011,2/1/22,4
W06000011,3/1/22,3.9
W06000011,4/1/22,3.7
W06000011,5/1/22,3.6
W06000011,6/1/22,3.6
W06000011,7/1/22,3.5
W06000011,8/1/22,3.5
W06000011,9/1/22,3.5
W06000011,10/1/22,3.4
W06000011,11/1/22,3.5
W06000011,12/1/22,3.5
W06000011,1/1/23,3.3
W06000011,2/1/23,3.4
W06000011,3/1/23,3.5
W06000011,4/1/23,3.5
W06000011,5/1/23,3.4
W06000011,6/1/23,3.3
W06000011,7/1/23,3.3
W06000011,8/1/23,3.3
W06000011,9/1/23,3.2
W06000011,10/1/23,3.2
W06000011,11/1/23,3.2
W06000011,12/1/23,3.2
W06000011,1/1/24,3.2
W06000011,2/1/24,3.3
W06000011,3/1/24,3.4
W06000011,4/1/24,3.3
W06000011,5/1/24,3.3
W06000011,6/1/24,3.3
W06000011,7/1/24,3.6
W06000011,8/1/24,3.6
W06000011,9/1/24,3.6
W06000011,10/1/24,3.4
W06000011,11/1/24,3.4
W06000011,12/1/24,3.3
W06000011,1/1/25,3.2
W06000011,2/1/25,3.3
W06000011,3/1/25,3.3
W06000011,4/1/25,3.3
W06000011,5/1/25,3.3
W06000011,6/1/25,3.3
W06000011,7/1/25,3.2
W06000011,8/1/25,3.3
W06000011,9/1/25,3.2
W06000011,10/1/25,3.2
W06000011,11/1/25,3.2
W06000011,12/1/25,3.1
W06000011,1/1/26,3.1
W06000011,2/1/26,3.3
W06000012,1/1/18,2.5
W06000012,2/1/18,2.9
W06000012,3/1/18,3
W06000012,4/1/18,3.4
W06000012,5/1/18,3.3
W06000012,6/1/18,3.2
W06000012,7/1/18,3.2
W06000012,8/1/18,3.3
W06000012,9/1/18,3.3
W06000012,10/1/18,3.3
W06000012,11/1/18,3.3
W06000012,12/1/18,3.2
W06000012,1/1/19,3.3
W06000012,2/1/19,3.5
W06000012,3/1/19,3.5
W06000012,4/1/19,3.5
W06000012,5/1/19,3.5
W06000012,6/1/19,3.5
W06000012,7/1/19,3.4
W06000012,8/1/19,3.5
W06000012,9/1/19,3.5
W06000012,10/1/19,3.4
W06000012,11/1/19,3.5
W06000012,12/1/19,3.5
W06000012,1/1/20,3.4
W06000012,2/1/20,3.4
W06000012,3/1/20,3.5
W06000012,4/1/20,5.7
W06000012,5/1/20,6.2
W06000012,6/1/20,6
W06000012,7/1/20,6.1
W06000012,8/1/20,6.2
W06000012,9/1/20,6
W06000012,10/1/20,5.8
W06000012,11/1/20,5.7
W06000012,12/1/20,5.6
W06000012,1/1/21,5.4
W06000012,2/1/21,5.6
W06000012,3/1/21,5.5
W06000012,4/1/21,5.5
W06000012,5/1/21,5.2
W06000012,6/1/21,4.7
W06000012,7/1/21,4.7
W06000012,8/1/21,4.5
W06000012,9/1/21,4.3
W06000012,10/1/21,4.2
W06000012,11/1/21,4
W06000012,12/1/21,3.8
W06000012,1/1/22,3.7
W06000012,2/1/22,3.7
W06000012,3/1/22,3.6
W06000012,4/1/22,3.4
W06000012,5/1/22,3.3
W06000012,6/1/22,3.2
W06000012,7/1/22,3.1
W06000012,8/1/22,3.1
W06000012,9/1/22,3.2
W06000012,10/1/22,3
W06000012,11/1/22,3.1
W06000012,12/1/22,3.1
W06000012,1/1/23,3
W06000012,2/1/23,3
W06000012,3/1/23,3.2
W06000012,4/1/23,3.3
W06000012,5/1/23,3.1
W06000012,6/1/23,3.1
W06000012,7/1/23,3.1
W06000012,8/1/23,3
W06000012,9/1/23,3
W06000012,10/1/23,2.9
W06000012,11/1/23,3
W06000012,12/1/23,2.9
W06000012,1/1/24,2.9
W06000012,2/1/24,3
W06000012,3/1/24,3
W06000012,4/1/24,3
W06000012,5/1/24,3
W06000012,6/1/24,3.1
W06000012,7/1/24,3.2
W06000012,8/1/24,3.3
W06000012,9/1/24,3.2
W06000012,10/1/24,3.2
W06000012,11/1/24,3.3
W06000012,12/1/24,3.2
W06000012,1/1/25,3.3
W06000012,2/1/25,3.4
W06000012,3/1/25,3.3
W06000012,4/1/25,3.2
W06000012,5/1/25,3.2
W06000012,6/1/25,3.2
W06000012,7/1/25,3.2
W06000012,8/1/25,3.1
W06000012,9/1/25,3.1
W06000012,10/1/25,3
W06000012,11/1/25,3
W06000012,12/1/25,3
W06000012,1/1/26,3
W06000012,2/1/26,3.2
W06000013,1/1/18,2
W06000013,2/1/18,2.1
W06000013,3/1/18,2.1
W06000013,4/1/18,2.1
W06000013,5/1/18,2
W06000013,6/1/18,2
W06000013,7/1/18,2.1
W06000013,8/1/18,2.1
W06000013,9/1/18,2.2
W06000013,10/1/18,2.2
W06000013,11/1/18,2.4
W06000013,12/1/18,2.4
W06000013,1/1/19,2.6
W06000013,2/1/19,2.7
W06000013,3/1/19,2.7
W06000013,4/1/19,2.7
W06000013,5/1/19,2.7
W06000013,6/1/19,2.8
W06000013,7/1/19,2.7
W06000013,8/1/19,2.8
W06000013,9/1/19,2.9
W06000013,10/1/19,2.9
W06000013,11/1/19,2.9
W06000013,12/1/19,2.9
W06000013,1/1/20,2.9
W06000013,2/1/20,3
W06000013,3/1/20,3
W06000013,4/1/20,5.2
W06000013,5/1/20,5.9
W06000013,6/1/20,5.7
W06000013,7/1/20,5.8
W06000013,8/1/20,5.9
W06000013,9/1/20,5.9
W06000013,10/1/20,5.6
W06000013,11/1/20,5.7
W06000013,12/1/20,5.6
W06000013,1/1/21,5.4
W06000013,2/1/21,5.7
W06000013,3/1/21,5.5
W06000013,4/1/21,5.4
W06000013,5/1/21,5
W06000013,6/1/21,4.6
W06000013,7/1/21,4.5
W06000013,8/1/21,4.3
W06000013,9/1/21,4.1
W06000013,10/1/21,4
W06000013,11/1/21,3.9
W06000013,12/1/21,3.7
W06000013,1/1/22,3.7
W06000013,2/1/22,3.7
W06000013,3/1/22,3.6
W06000013,4/1/22,3.3
W06000013,5/1/22,3.2
W06000013,6/1/22,3.2
W06000013,7/1/22,3.1
W06000013,8/1/22,3.1
W06000013,9/1/22,3
W06000013,10/1/22,2.9
W06000013,11/1/22,2.9
W06000013,12/1/22,2.9
W06000013,1/1/23,2.9
W06000013,2/1/23,2.9
W06000013,3/1/23,3
W06000013,4/1/23,3
W06000013,5/1/23,2.8
W06000013,6/1/23,2.9
W06000013,7/1/23,2.8
W06000013,8/1/23,2.8
W06000013,9/1/23,2.7
W06000013,10/1/23,2.7
W06000013,11/1/23,2.8
W06000013,12/1/23,2.7
W06000013,1/1/24,2.7
W06000013,2/1/24,2.8
W06000013,3/1/24,2.8
W06000013,4/1/24,2.7
W06000013,5/1/24,2.8
W06000013,6/1/24,2.9
W06000013,7/1/24,3.1
W06000013,8/1/24,3.1
W06000013,9/1/24,3.1
W06000013,10/1/24,3
W06000013,11/1/24,2.9
W06000013,12/1/24,2.9
W06000013,1/1/25,2.8
W06000013,2/1/25,2.9
W06000013,3/1/25,2.9
W06000013,4/1/25,2.8
W06000013,5/1/25,2.8
W06000013,6/1/25,2.8
W06000013,7/1/25,2.8
W06000013,8/1/25,2.8
W06000013,9/1/25,2.8
W06000013,10/1/25,2.9
W06000013,11/1/25,2.9
W06000013,12/1/25,2.8
W06000013,1/1/26,2.8
W06000013,2/1/26,3.1
W06000014,1/1/18,1.7
W06000014,2/1/18,1.7
W06000014,3/1/18,1.8
W06000014,4/1/18,1.7
W06000014,5/1/18,1.6
W06000014,6/1/18,1.5
W06000014,7/1/18,1.5
W06000014,8/1/18,1.5
W06000014,9/1/18,1.4
W06000014,10/1/18,1.4
W06000014,11/1/18,1.4
W06000014,12/1/18,1.6
W06000014,1/1/19,1.8
W06000014,2/1/19,2
W06000014,3/1/19,2
W06000014,4/1/19,2.1
W06000014,5/1/19,2.1
W06000014,6/1/19,2.2
W06000014,7/1/19,2.3
W06000014,8/1/19,2.4
W06000014,9/1/19,2.5
W06000014,10/1/19,2.6
W06000014,11/1/19,2.7
W06000014,12/1/19,2.6
W06000014,1/1/20,2.6
W06000014,2/1/20,2.7
W06000014,3/1/20,2.7
W06000014,4/1/20,4.9
W06000014,5/1/20,5.6
W06000014,6/1/20,5.4
W06000014,7/1/20,5.6
W06000014,8/1/20,5.7
W06000014,9/1/20,5.6
W06000014,10/1/20,5.4
W06000014,11/1/20,5.4
W06000014,12/1/20,5.4
W06000014,1/1/21,5.2
W06000014,2/1/21,5.4
W06000014,3/1/21,5.4
W06000014,4/1/21,5.3
W06000014,5/1/21,4.9
W06000014,6/1/21,4.6
W06000014,7/1/21,4.4
W06000014,8/1/21,4.2
W06000014,9/1/21,3.9
W06000014,10/1/21,3.7
W06000014,11/1/21,3.6
W06000014,12/1/21,3.5
W06000014,1/1/22,3.4
W06000014,2/1/22,3.4
W06000014,3/1/22,3.3
W06000014,4/1/22,3.2
W06000014,5/1/22,3.1
W06000014,6/1/22,3.1
W06000014,7/1/22,3
W06000014,8/1/22,3
W06000014,9/1/22,3
W06000014,10/1/22,2.9
W06000014,11/1/22,2.9
W06000014,12/1/22,2.9
W06000014,1/1/23,2.8
W06000014,2/1/23,2.9
W06000014,3/1/23,3
W06000014,4/1/23,3
W06000014,5/1/23,2.9
W06000014,6/1/23,2.8
W06000014,7/1/23,2.8
W06000014,8/1/23,2.8
W06000014,9/1/23,2.8
W06000014,10/1/23,2.8
W06000014,11/1/23,2.8
W06000014,12/1/23,2.9
W06000014,1/1/24,2.9
W06000014,2/1/24,2.9
W06000014,3/1/24,2.9
W06000014,4/1/24,3
W06000014,5/1/24,3.1
W06000014,6/1/24,3.1
W06000014,7/1/24,3.4
W06000014,8/1/24,3.3
W06000014,9/1/24,3.4
W06000014,10/1/24,3.2
W06000014,11/1/24,3.2
W06000014,12/1/24,3.1
W06000014,1/1/25,3.2
W06000014,2/1/25,3.2
W06000014,3/1/25,3.1
W06000014,4/1/25,3.1
W06000014,5/1/25,3
W06000014,6/1/25,3.1
W06000014,7/1/25,3.1
W06000014,8/1/25,3.1
W06000014,9/1/25,3.2
W06000014,10/1/25,3.2
W06000014,11/1/25,3.2
W06000014,12/1/25,3.2
W06000014,1/1/26,3.2
W06000014,2/1/26,3.3
W06000015,1/1/18,2.1
W06000015,2/1/18,2.2
W06000015,3/1/18,2.1
W06000015,4/1/18,2.2
W06000015,5/1/18,2.2
W06000015,6/1/18,2.4
W06000015,7/1/18,2.5
W06000015,8/1/18,2.6
W06000015,9/1/18,2.7
W06000015,10/1/18,2.6
W06000015,11/1/18,2.7
W06000015,12/1/18,2.8
W06000015,1/1/19,2.8
W06000015,2/1/19,3
W06000015,3/1/19,3.1
W06000015,4/1/19,3
W06000015,5/1/19,3
W06000015,6/1/19,3.1
W06000015,7/1/19,3.1
W06000015,8/1/19,3.2
W06000015,9/1/19,3.3
W06000015,10/1/19,3.3
W06000015,11/1/19,3.4
W06000015,12/1/19,3.4
W06000015,1/1/20,3.3
W06000015,2/1/20,3.4
W06000015,3/1/20,3.4
W06000015,4/1/20,5.6
W06000015,5/1/20,6.5
W06000015,6/1/20,6.4
W06000015,7/1/20,6.6
W06000015,8/1/20,6.7
W06000015,9/1/20,6.6
W06000015,10/1/20,6.5
W06000015,11/1/20,6.6
W06000015,12/1/20,6.6
W06000015,1/1/21,6.4
W06000015,2/1/21,6.7
W06000015,3/1/21,6.7
W06000015,4/1/21,6.6
W06000015,5/1/21,6.2
W06000015,6/1/21,5.8
W06000015,7/1/21,5.6
W06000015,8/1/21,5.3
W06000015,9/1/21,5
W06000015,10/1/21,4.8
W06000015,11/1/21,4.7
W06000015,12/1/21,4.5
W06000015,1/1/22,4.3
W06000015,2/1/22,4.3
W06000015,3/1/22,4.2
W06000015,4/1/22,3.9
W06000015,5/1/22,3.8
W06000015,6/1/22,3.7
W06000015,7/1/22,3.7
W06000015,8/1/22,3.8
W06000015,9/1/22,3.8
W06000015,10/1/22,3.7
W06000015,11/1/22,3.7
W06000015,12/1/22,3.7
W06000015,1/1/23,3.5
W06000015,2/1/23,3.5
W06000015,3/1/23,3.6
W06000015,4/1/23,3.6
W06000015,5/1/23,3.6
W06000015,6/1/23,3.6
W06000015,7/1/23,3.6
W06000015,8/1/23,3.6
W06000015,9/1/23,3.5
W06000015,10/1/23,3.5
W06000015,11/1/23,3.6
W06000015,12/1/23,3.6
W06000015,1/1/24,3.5
W06000015,2/1/24,3.7
W06000015,3/1/24,3.8
W06000015,4/1/24,3.7
W06000015,5/1/24,3.8
W06000015,6/1/24,3.8
W06000015,7/1/24,4.2
W06000015,8/1/24,4.1
W06000015,9/1/24,4
W06000015,10/1/24,3.9
W06000015,11/1/24,3.9
W06000015,12/1/24,3.9
W06000015,1/1/25,3.9
W06000015,2/1/25,4
W06000015,3/1/25,3.9
W06000015,4/1/25,3.9
W06000015,5/1/25,3.9
W06000015,6/1/25,3.8
W06000015,7/1/25,3.7
W06000015,8/1/25,3.7
W06000015,9/1/25,3.7
W06000015,10/1/25,3.7
W06000015,11/1/25,3.7
W06000015,12/1/25,3.6
W06000015,1/1/26,3.6
W06000015,2/1/26,3.9
W06000016,1/1/18,2.1
W06000016,2/1/18,2.3
W06000016,3/1/18,2.3
W06000016,4/1/18,2.3
W06000016,5/1/18,2.2
W06000016,6/1/18,2.2
W06000016,7/1/18,2.1
W06000016,8/1/18,2.1
W06000016,9/1/18,2.1
W06000016,10/1/18,2.1
W06000016,11/1/18,2
W06000016,12/1/18,2
W06000016,1/1/19,2.2
W06000016,2/1/19,2.5
W06000016,3/1/19,2.7
W06000016,4/1/19,2.7
W06000016,5/1/19,2.8
W06000016,6/1/19,2.9
W06000016,7/1/19,3
W06000016,8/1/19,3.1
W06000016,9/1/19,3.1
W06000016,10/1/19,3.1
W06000016,11/1/19,3.2
W06000016,12/1/19,3.2
W06000016,1/1/20,3.2
W06000016,2/1/20,3.3
W06000016,3/1/20,3.3
W06000016,4/1/20,6
W06000016,5/1/20,6.8
W06000016,6/1/20,6.5
W06000016,7/1/20,6.6
W06000016,8/1/20,6.7
W06000016,9/1/20,6.5
W06000016,10/1/20,6.2
W06000016,11/1/20,6.2
W06000016,12/1/20,6.1
W06000016,1/1/21,5.9
W06000016,2/1/21,6.2
W06000016,3/1/21,6.1
W06000016,4/1/21,5.9
W06000016,5/1/21,5.5
W06000016,6/1/21,5.1
W06000016,7/1/21,4.9
W06000016,8/1/21,4.8
W06000016,9/1/21,4.6
W06000016,10/1/21,4.4
W06000016,11/1/21,4.2
W06000016,12/1/21,4
W06000016,1/1/22,4
W06000016,2/1/22,3.9
W06000016,3/1/22,3.8
W06000016,4/1/22,3.6
W06000016,5/1/22,3.5
W06000016,6/1/22,3.4
W06000016,7/1/22,3.3
W06000016,8/1/22,3.2
W06000016,9/1/22,3.2
W06000016,10/1/22,3.1
W06000016,11/1/22,3.1
W06000016,12/1/22,3.2
W06000016,1/1/23,3
W06000016,2/1/23,3.1
W06000016,3/1/23,3.2
W06000016,4/1/23,3.2
W06000016,5/1/23,3.1
W06000016,6/1/23,3.1
W06000016,7/1/23,3
W06000016,8/1/23,3
W06000016,9/1/23,3
W06000016,10/1/23,3.1
W06000016,11/1/23,3.2
W06000016,12/1/23,3.2
W06000016,1/1/24,3
W06000016,2/1/24,3.1
W06000016,3/1/24,3.1
W06000016,4/1/24,3
W06000016,5/1/24,3
W06000016,6/1/24,3
W06000016,7/1/24,3.2
W06000016,8/1/24,3.2
W06000016,9/1/24,3.3
W06000016,10/1/24,3.2
W06000016,11/1/24,3.2
W06000016,12/1/24,3.1
W06000016,1/1/25,3.1
W06000016,2/1/25,3.2
W06000016,3/1/25,3.1
W06000016,4/1/25,3.1
W06000016,5/1/25,3.1
W06000016,6/1/25,3.1
W06000016,7/1/25,3.1
W06000016,8/1/25,3.1
W06000016,9/1/25,3
W06000016,10/1/25,3
W06000016,11/1/25,3
W06000016,12/1/25,3
W06000016,1/1/26,3
W06000016,2/1/26,3.2
W06000018,1/1/18,2.6
W06000018,2/1/18,2.7
W06000018,3/1/18,2.7
W06000018,4/1/18,2.7
W06000018,5/1/18,2.6
W06000018,6/1/18,2.5
W06000018,7/1/18,2.5
W06000018,8/1/18,2.5
W06000018,9/1/18,2.2
W06000018,10/1/18,2.2
W06000018,11/1/18,2.3
W06000018,12/1/18,2.6
W06000018,1/1/19,2.8
W06000018,2/1/19,3
W06000018,3/1/19,3.1
W06000018,4/1/19,3.1
W06000018,5/1/19,3.2
W06000018,6/1/19,3.2
W06000018,7/1/19,3.3
W06000018,8/1/19,3.3
W06000018,9/1/19,3.3
W06000018,10/1/19,3.3
W06000018,11/1/19,3.3
W06000018,12/1/19,3.3
W06000018,1/1/20,3.2
W06000018,2/1/20,3.4
W06000018,3/1/20,3.3
W06000018,4/1/20,5.7
W06000018,5/1/20,6.4
W06000018,6/1/20,6.3
W06000018,7/1/20,6.4
W06000018,8/1/20,6.4
W06000018,9/1/20,6.3
W06000018,10/1/20,6
W06000018,11/1/20,6.1
W06000018,12/1/20,6
W06000018,1/1/21,5.9
W06000018,2/1/21,6.2
W06000018,3/1/21,6.1
W06000018,4/1/21,5.9
W06000018,5/1/21,5.7
W06000018,6/1/21,5.3
W06000018,7/1/21,5.2
W06000018,8/1/21,5
W06000018,9/1/21,4.8
W06000018,10/1/21,4.6
W06000018,11/1/21,4.5
W06000018,12/1/21,4.3
W06000018,1/1/22,4.3
W06000018,2/1/22,4.2
W06000018,3/1/22,4.1
W06000018,4/1/22,3.7
W06000018,5/1/22,3.6
W06000018,6/1/22,3.6
W06000018,7/1/22,3.6
W06000018,8/1/22,3.6
W06000018,9/1/22,3.5
W06000018,10/1/22,3.4
W06000018,11/1/22,3.4
W06000018,12/1/22,3.4
W06000018,1/1/23,3.4
W06000018,2/1/23,3.5
W06000018,3/1/23,3.5
W06000018,4/1/23,3.5
W06000018,5/1/23,3.4
W06000018,6/1/23,3.4
W06000018,7/1/23,3.4
W06000018,8/1/23,3.4
W06000018,9/1/23,3.3
W06000018,10/1/23,3.3
W06000018,11/1/23,3.3
W06000018,12/1/23,3.3
W06000018,1/1/24,3.2
W06000018,2/1/24,3.3
W06000018,3/1/24,3.3
W06000018,4/1/24,3.3
W06000018,5/1/24,3.3
W06000018,6/1/24,3.3
W06000018,7/1/24,3.5
W06000018,8/1/24,3.5
W06000018,9/1/24,3.5
W06000018,10/1/24,3.4
W06000018,11/1/24,3.4
W06000018,12/1/24,3.4
W06000018,1/1/25,3.4
W06000018,2/1/25,3.5
W06000018,3/1/25,3.4
W06000018,4/1/25,3.3
W06000018,5/1/25,3.3
W06000018,6/1/25,3.4
W06000018,7/1/25,3.3
W06000018,8/1/25,3.3
W06000018,9/1/25,3.3
W06000018,10/1/25,3.3
W06000018,11/1/25,3.4
W06000018,12/1/25,3.4
W06000018,1/1/26,3.4
W06000018,2/1/26,3.5
W06000019,1/1/18,2.9
W06000019,2/1/18,3
W06000019,3/1/18,3
W06000019,4/1/18,3
W06000019,5/1/18,2.9
W06000019,6/1/18,2.7
W06000019,7/1/18,2.6
W06000019,8/1/18,2.6
W06000019,9/1/18,2.6
W06000019,10/1/18,2.8
W06000019,11/1/18,2.9
W06000019,12/1/18,3.2
W06000019,1/1/19,3.4
W06000019,2/1/19,3.6
W06000019,3/1/19,3.8
W06000019,4/1/19,3.8
W06000019,5/1/19,3.7
W06000019,6/1/19,3.9
W06000019,7/1/19,3.9
W06000019,8/1/19,4
W06000019,9/1/19,3.9
W06000019,10/1/19,4
W06000019,11/1/19,4.1
W06000019,12/1/19,4.1
W06000019,1/1/20,4
W06000019,2/1/20,4.2
W06000019,3/1/20,4.2
W06000019,4/1/20,6.7
W06000019,5/1/20,7.5
W06000019,6/1/20,7.5
W06000019,7/1/20,7.5
W06000019,8/1/20,7.4
W06000019,9/1/20,7.2
W06000019,10/1/20,6.9
W06000019,11/1/20,6.9
W06000019,12/1/20,6.7
W06000019,1/1/21,6.6
W06000019,2/1/21,6.9
W06000019,3/1/21,6.9
W06000019,4/1/21,6.8
W06000019,5/1/21,6.5
W06000019,6/1/21,6.1
W06000019,7/1/21,6
W06000019,8/1/21,5.9
W06000019,9/1/21,5.6
W06000019,10/1/21,5.4
W06000019,11/1/21,5.3
W06000019,12/1/21,5.1
W06000019,1/1/22,5.1
W06000019,2/1/22,5.1
W06000019,3/1/22,4.8
W06000019,4/1/22,4.6
W06000019,5/1/22,4.5
W06000019,6/1/22,4.5
W06000019,7/1/22,4.4
W06000019,8/1/22,4.3
W06000019,9/1/22,4.2
W06000019,10/1/22,4.2
W06000019,11/1/22,4.2
W06000019,12/1/22,4.3
W06000019,1/1/23,4.1
W06000019,2/1/23,4.3
W06000019,3/1/23,4.3
W06000019,4/1/23,4.4
W06000019,5/1/23,4.2
W06000019,6/1/23,4.5
W06000019,7/1/23,4.1
W06000019,8/1/23,4.1
W06000019,9/1/23,4.1
W06000019,10/1/23,4.2
W06000019,11/1/23,4.1
W06000019,12/1/23,4
W06000019,1/1/24,4.1
W06000019,2/1/24,4.2
W06000019,3/1/24,4.2
W06000019,4/1/24,4.2
W06000019,5/1/24,4.1
W06000019,6/1/24,4.2
W06000019,7/1/24,4.3
W06000019,8/1/24,4.3
W06000019,9/1/24,4.2
W06000019,10/1/24,4
W06000019,11/1/24,4
W06000019,12/1/24,4.1
W06000019,1/1/25,4.2
W06000019,2/1/25,4.1
W06000019,3/1/25,4.1
W06000019,4/1/25,3.9
W06000019,5/1/25,3.8
W06000019,6/1/25,3.9
W06000019,7/1/25,3.9
W06000019,8/1/25,3.9
W06000019,9/1/25,3.9
W06000019,10/1/25,3.9
W06000019,11/1/25,3.8
W06000019,12/1/25,3.8
W06000019,1/1/26,3.9
W06000019,2/1/26,4.1
W06000020,1/1/18,3
W06000020,2/1/18,3.2
W06000020,3/1/18,3.3
W06000020,4/1/18,3.7
W06000020,5/1/18,3.5
W06000020,6/1/18,3.5
W06000020,7/1/18,3.5
W06000020,8/1/18,3.5
W06000020,9/1/18,3.5
W06000020,10/1/18,3.6
W06000020,11/1/18,3.5
W06000020,12/1/18,3.5
W06000020,1/1/19,3.5
W06000020,2/1/19,3.7
W06000020,3/1/19,3.7
W06000020,4/1/19,3.6
W06000020,5/1/19,3.6
W06000020,6/1/19,3.6
W06000020,7/1/19,3.5
W06000020,8/1/19,3.6
W06000020,9/1/19,3.6
W06000020,10/1/19,3.5
W06000020,11/1/19,3.6
W06000020,12/1/19,3.6
W06000020,1/1/20,3.5
W06000020,2/1/20,3.6
W06000020,3/1/20,3.6
W06000020,4/1/20,6
W06000020,5/1/20,6.7
W06000020,6/1/20,6.4
W06000020,7/1/20,6.7
W06000020,8/1/20,6.8
W06000020,9/1/20,6.6
W06000020,10/1/20,6.2
W06000020,11/1/20,6.2
W06000020,12/1/20,6.1
W06000020,1/1/21,6.1
W06000020,2/1/21,6.4
W06000020,3/1/21,6.3
W06000020,4/1/21,6.2
W06000020,5/1/21,5.8
W06000020,6/1/21,5.5
W06000020,7/1/21,5.3
W06000020,8/1/21,5.2
W06000020,9/1/21,5
W06000020,10/1/21,4.8
W06000020,11/1/21,4.6
W06000020,12/1/21,4.6
W06000020,1/1/22,4.5
W06000020,2/1/22,4.5
W06000020,3/1/22,4.4
W06000020,4/1/22,4.1
W06000020,5/1/22,3.9
W06000020,6/1/22,3.9
W06000020,7/1/22,3.7
W06000020,8/1/22,3.7
W06000020,9/1/22,3.6
W06000020,10/1/22,3.6
W06000020,11/1/22,3.6
W06000020,12/1/22,3.7
W06000020,1/1/23,3.5
W06000020,2/1/23,3.6
W06000020,3/1/23,3.6
W06000020,4/1/23,3.7
W06000020,5/1/23,3.6
W06000020,6/1/23,3.6
W06000020,7/1/23,3.6
W06000020,8/1/23,3.6
W06000020,9/1/23,3.5
W06000020,10/1/23,3.6
W06000020,11/1/23,3.7
W06000020,12/1/23,3.6
W06000020,1/1/24,3.6
W06000020,2/1/24,3.6
W06000020,3/1/24,3.8
W06000020,4/1/24,3.7
W06000020,5/1/24,3.6
W06000020,6/1/24,3.7
W06000020,7/1/24,4
W06000020,8/1/24,4
W06000020,9/1/24,3.9
W06000020,10/1/24,3.8
W06000020,11/1/24,3.8
W06000020,12/1/24,3.7
W06000020,1/1/25,3.7
W06000020,2/1/25,3.8
W06000020,3/1/25,3.7
W06000020,4/1/25,3.7
W06000020,5/1/25,3.6
W06000020,6/1/25,3.6
W06000020,7/1/25,3.6
W06000020,8/1/25,3.6
W06000020,9/1/25,3.6
W06000020,10/1/25,3.6
W06000020,11/1/25,3.6
W06000020,12/1/25,3.5
W06000020,1/1/26,3.6
W06000020,2/1/26,3.8
W06000021,1/1/18,1.2
W06000021,2/1/18,1.3
W06000021,3/1/18,1.2
W06000021,4/1/18,1.2
W06000021,5/1/18,1.1
W06000021,6/1/18,1.1
W06000021,7/1/18,1.1
W06000021,8/1/18,1.1
W06000021,9/1/18,1.2
W06000021,10/1/18,1.4
W06000021,11/1/18,1.5
W06000021,12/1/18,1.5
W06000021,1/1/19,1.5
W06000021,2/1/19,1.6
W06000021,3/1/19,1.6
W06000021,4/1/19,1.6
W06000021,5/1/19,1.6
W06000021,6/1/19,1.6
W06000021,7/1/19,1.7
W06000021,8/1/19,1.7
W06000021,9/1/19,1.7
W06000021,10/1/19,1.8
W06000021,11/1/19,1.8
W06000021,12/1/19,1.8
W06000021,1/1/20,1.8
W06000021,2/1/20,1.8
W06000021,3/1/20,1.8
W06000021,4/1/20,3.8
W06000021,5/1/20,4.4
W06000021,6/1/20,4.2
W06000021,7/1/20,4.3
W06000021,8/1/20,4.4
W06000021,9/1/20,4.3
W06000021,10/1/20,4
W06000021,11/1/20,4
W06000021,12/1/20,4
W06000021,1/1/21,3.9
W06000021,2/1/21,4.1
W06000021,3/1/21,4.1
W06000021,4/1/21,4
W06000021,5/1/21,3.7
W06000021,6/1/21,3.4
W06000021,7/1/21,3.3
W06000021,8/1/21,3.1
W06000021,9/1/21,3.1
W06000021,10/1/21,3
W06000021,11/1/21,2.8
W06000021,12/1/21,2.7
W06000021,1/1/22,2.7
W06000021,2/1/22,2.7
W06000021,3/1/22,2.6
W06000021,4/1/22,2.4
W06000021,5/1/22,2.4
W06000021,6/1/22,2.4
W06000021,7/1/22,2.4
W06000021,8/1/22,2.5
W06000021,9/1/22,2.3
W06000021,10/1/22,2.2
W06000021,11/1/22,2.2
W06000021,12/1/22,2.2
W06000021,1/1/23,2.2
W06000021,2/1/23,2.3
W06000021,3/1/23,2.3
W06000021,4/1/23,2.4
W06000021,5/1/23,2.2
W06000021,6/1/23,2.2
W06000021,7/1/23,2.2
W06000021,8/1/23,2.1
W06000021,9/1/23,2.2
W06000021,10/1/23,2.2
W06000021,11/1/23,2.3
W06000021,12/1/23,2.2
W06000021,1/1/24,2.2
W06000021,2/1/24,2.3
W06000021,3/1/24,2.4
W06000021,4/1/24,2.4
W06000021,5/1/24,2.4
W06000021,6/1/24,2.4
W06000021,7/1/24,2.5
W06000021,8/1/24,2.5
W06000021,9/1/24,2.5
W06000021,10/1/24,2.5
W06000021,11/1/24,2.5
W06000021,12/1/24,2.4
W06000021,1/1/25,2.4
W06000021,2/1/25,2.5
W06000021,3/1/25,2.4
W06000021,4/1/25,2.4
W06000021,5/1/25,2.4
W06000021,6/1/25,2.3
W06000021,7/1/25,2.3
W06000021,8/1/25,2.3
W06000021,9/1/25,2.3
W06000021,10/1/25,2.3
W06000021,11/1/25,2.2
W06000021,12/1/25,2.3
W06000021,1/1/26,2.3
W06000021,2/1/26,2.4
W06000022,1/1/18,2.7
W06000022,2/1/18,3
W06000022,3/1/18,3.1
W06000022,4/1/18,3.4
W06000022,5/1/18,3.3
W06000022,6/1/18,3.4
W06000022,7/1/18,3.5
W06000022,8/1/18,3.6
W06000022,9/1/18,3.6
W06000022,10/1/18,3.6
W06000022,11/1/18,3.6
W06000022,12/1/18,3.6
W06000022,1/1/19,3.6
W06000022,2/1/19,3.7
W06000022,3/1/19,3.8
W06000022,4/1/19,3.7
W06000022,5/1/19,3.8
W06000022,6/1/19,3.9
W06000022,7/1/19,3.9
W06000022,8/1/19,4
W06000022,9/1/19,3.9
W06000022,10/1/19,3.9
W06000022,11/1/19,3.9
W06000022,12/1/19,3.9
W06000022,1/1/20,3.8
W06000022,2/1/20,3.9
W06000022,3/1/20,4
W06000022,4/1/20,6.2
W06000022,5/1/20,7.2
W06000022,6/1/20,7.2
W06000022,7/1/20,7.3
W06000022,8/1/20,7.4
W06000022,9/1/20,7.4
W06000022,10/1/20,7.3
W06000022,11/1/20,7.2
W06000022,12/1/20,7.1
W06000022,1/1/21,7
W06000022,2/1/21,7.4
W06000022,3/1/21,7.3
W06000022,4/1/21,7.2
W06000022,5/1/21,6.9
W06000022,6/1/21,6.6
W06000022,7/1/21,6.5
W06000022,8/1/21,6.2
W06000022,9/1/21,6
W06000022,10/1/21,5.8
W06000022,11/1/21,5.6
W06000022,12/1/21,5.4
W06000022,1/1/22,5.2
W06000022,2/1/22,5.3
W06000022,3/1/22,5.2
W06000022,4/1/22,4.9
W06000022,5/1/22,4.8
W06000022,6/1/22,4.6
W06000022,7/1/22,4.5
W06000022,8/1/22,4.5
W06000022,9/1/22,4.3
W06000022,10/1/22,4.1
W06000022,11/1/22,4.1
W06000022,12/1/22,4.2
W06000022,1/1/23,4.1
W06000022,2/1/23,4.3
W06000022,3/1/23,4.3
W06000022,4/1/23,4.5
W06000022,5/1/23,4.4
W06000022,6/1/23,4.4
W06000022,7/1/23,4.4
W06000022,8/1/23,4.4
W06000022,9/1/23,4.4
W06000022,10/1/23,4.5
W06000022,11/1/23,4.6
W06000022,12/1/23,4.4
W06000022,1/1/24,4.4
W06000022,2/1/24,4.5
W06000022,3/1/24,4.5
W06000022,4/1/24,4.6
W06000022,5/1/24,4.6
W06000022,6/1/24,4.7
W06000022,7/1/24,4.9
W06000022,8/1/24,4.9
W06000022,9/1/24,4.8
W06000022,10/1/24,4.7
W06000022,11/1/24,4.5
W06000022,12/1/24,4.4
W06000022,1/1/25,4.5
W06000022,2/1/25,4.6
W06000022,3/1/25,4.5
W06000022,4/1/25,4.5
W06000022,5/1/25,4.4
W06000022,6/1/25,4.4
W06000022,7/1/25,4.3
W06000022,8/1/25,4.2
W06000022,9/1/25,4.3
W06000022,10/1/25,4.3
W06000022,11/1/25,4.3
W06000022,12/1/25,4.3
W06000022,1/1/26,4.4
W06000022,2/1/26,4.5
W06000023,1/1/18,1
W06000023,2/1/18,1
W06000023,3/1/18,1
W06000023,4/1/18,1
W06000023,5/1/18,1
W06000023,6/1/18,0.9
W06000023,7/1/18,0.9
W06000023,8/1/18,0.9
W06000023,9/1/18,1
W06000023,10/1/18,0.9
W06000023,11/1/18,0.9
W06000023,12/1/18,1
W06000023,1/1/19,1.1
W06000023,2/1/19,1.3
W06000023,3/1/19,1.4
W06000023,4/1/19,1.5
W06000023,5/1/19,1.5
W06000023,6/1/19,1.6
W06000023,7/1/19,1.5
W06000023,8/1/19,1.6
W06000023,9/1/19,1.7
W06000023,10/1/19,1.7
W06000023,11/1/19,1.8
W06000023,12/1/19,1.8
W06000023,1/1/20,1.8
W06000023,2/1/20,1.9
W06000023,3/1/20,1.9
W06000023,4/1/20,3.8
W06000023,5/1/20,4.9
W06000023,6/1/20,4.6
W06000023,7/1/20,4.8
W06000023,8/1/20,4.9
W06000023,9/1/20,4.8
W06000023,10/1/20,4.5
W06000023,11/1/20,4.5
W06000023,12/1/20,4.4
W06000023,1/1/21,4.3
W06000023,2/1/21,4.4
W06000023,3/1/21,4.4
W06000023,4/1/21,4.2
W06000023,5/1/21,3.9
W06000023,6/1/21,3.5
W06000023,7/1/21,3.4
W06000023,8/1/21,3.2
W06000023,9/1/21,3
W06000023,10/1/21,2.9
W06000023,11/1/21,2.9
W06000023,12/1/21,2.8
W06000023,1/1/22,2.8
W06000023,2/1/22,2.8
W06000023,3/1/22,2.7
W06000023,4/1/22,2.5
W06000023,5/1/22,2.4
W06000023,6/1/22,2.3
W06000023,7/1/22,2.2
W06000023,8/1/22,2.2
W06000023,9/1/22,2.2
W06000023,10/1/22,2.2
W06000023,11/1/22,2.3
W06000023,12/1/22,2.3
W06000023,1/1/23,2.3
W06000023,2/1/23,2.3
W06000023,3/1/23,2.3
W06000023,4/1/23,2.4
W06000023,5/1/23,2.3
W06000023,6/1/23,2.3
W06000023,7/1/23,2.2
W06000023,8/1/23,2.2
W06000023,9/1/23,2.2
W06000023,10/1/23,2.2
W06000023,11/1/23,2.2
W06000023,12/1/23,2.2
W06000023,1/1/24,2.2
W06000023,2/1/24,2.3
W06000023,3/1/24,2.3
W06000023,4/1/24,2.3
W06000023,5/1/24,2.4
W06000023,6/1/24,2.6
W06000023,7/1/24,2.8
W06000023,8/1/24,2.7
W06000023,9/1/24,2.8
W06000023,10/1/24,2.7
W06000023,11/1/24,2.7
W06000023,12/1/24,2.7
W06000023,1/1/25,2.7
W06000023,2/1/25,2.8
W06000023,3/1/25,2.8
W06000023,4/1/25,2.7
W06000023,5/1/25,2.6
W06000023,6/1/25,2.5
W06000023,7/1/25,2.5
W06000023,8/1/25,2.5
W06000023,9/1/25,2.5
W06000023,10/1/25,2.5
W06000023,11/1/25,2.4
W06000023,12/1/25,2.5
W06000023,1/1/26,2.5
W06000023,2/1/26,2.7
W06000024,1/1/18,2.7
W06000024,2/1/18,2.8
W06000024,3/1/18,2.8
W06000024,4/1/18,2.8
W06000024,5/1/18,2.6
W06000024,6/1/18,2.5
W06000024,7/1/18,2.4
W06000024,8/1/18,2.5
W06000024,9/1/18,2.5
W06000024,10/1/18,2.7
W06000024,11/1/18,2.9
W06000024,12/1/18,3.1
W06000024,1/1/19,3.3
W06000024,2/1/19,3.5
W06000024,3/1/19,3.6
W06000024,4/1/19,3.6
W06000024,5/1/19,3.7
W06000024,6/1/19,3.8
W06000024,7/1/19,3.7
W06000024,8/1/19,3.8
W06000024,9/1/19,3.9
W06000024,10/1/19,4
W06000024,11/1/19,4.1
W06000024,12/1/19,4.1
W06000024,1/1/20,4.1
W06000024,2/1/20,4
W06000024,3/1/20,3.9
W06000024,4/1/20,6.7
W06000024,5/1/20,7.5
W06000024,6/1/20,7.2
W06000024,7/1/20,7.4
W06000024,8/1/20,7.4
W06000024,9/1/20,6.9
W06000024,10/1/20,6.6
W06000024,11/1/20,6.6
W06000024,12/1/20,6.5
W06000024,1/1/21,6.4
W06000024,2/1/21,6.6
W06000024,3/1/21,6.6
W06000024,4/1/21,6.4
W06000024,5/1/21,6
W06000024,6/1/21,5.6
W06000024,7/1/21,5.4
W06000024,8/1/21,5.3
W06000024,9/1/21,5.1
W06000024,10/1/21,4.8
W06000024,11/1/21,4.7
W06000024,12/1/21,4.5
W06000024,1/1/22,4.4
W06000024,2/1/22,4.5
W06000024,3/1/22,4.5
W06000024,4/1/22,4.1
W06000024,5/1/22,4
W06000024,6/1/22,3.9
W06000024,7/1/22,3.9
W06000024,8/1/22,3.8
W06000024,9/1/22,3.9
W06000024,10/1/22,3.7
W06000024,11/1/22,3.8
W06000024,12/1/22,3.7
W06000024,1/1/23,3.5
W06000024,2/1/23,3.6
W06000024,3/1/23,3.7
W06000024,4/1/23,3.7
W06000024,5/1/23,3.4
W06000024,6/1/23,3.4
W06000024,7/1/23,3.4
W06000024,8/1/23,3.4
W06000024,9/1/23,3.4
W06000024,10/1/23,3.4
W06000024,11/1/23,3.4
W06000024,12/1/23,3.4
W06000024,1/1/24,3.3
W06000024,2/1/24,3.4
W06000024,3/1/24,3.3
W06000024,4/1/24,3.2
W06000024,5/1/24,3.3
W06000024,6/1/24,3.3
W06000024,7/1/24,3.5
W06000024,8/1/24,3.4
W06000024,9/1/24,3.4
W06000024,10/1/24,3.3
W06000024,11/1/24,3.4
W06000024,12/1/24,3.2
W06000024,1/1/25,3.2
W06000024,2/1/25,3.3
W06000024,3/1/25,3.3
W06000024,4/1/25,3.2
W06000024,5/1/25,3.2
W06000024,6/1/25,3.3
W06000024,7/1/25,3.1
W06000024,8/1/25,3.2
W06000024,9/1/25,3.3
W06000024,10/1/25,3.2
W06000024,11/1/25,3.2
W06000024,12/1/25,3.2
W06000024,1/1/26,3.2
W06000024,2/1/26,3.4
,1/1/18,2
,1/1/18,
,1/1/18,
,1/1/18,
,1/1/18,
,1/1/18,
,1/1/18,
,1/1/18,
,1/1/18,
,2/1/18,2.1
,2/1/18,
,2/1/18,
,2/1/18,
,2/1/18,
,2/1/18,
,2/1/18,
,2/1/18,
,2/1/18,
,3/1/18,2.1
,3/1/18,
,3/1/18,
,3/1/18,
,3/1/18,
,3/1/18,
,3/1/18,
,3/1/18,
,3/1/18,
,4/1/18,2.2
,4/1/18,
,4/1/18,
,4/1/18,
,4/1/18,
,4/1/18,
,4/1/18,
,4/1/18,
,4/1/18,
,5/1/18,2.1
,5/1/18,
,5/1/18,
,5/1/18,
,5/1/18,
,5/1/18,
,5/1/18,
,5/1/18,
,5/1/18,
,6/1/18,2.1
,6/1/18,
,6/1/18,
,6/1/18,
,6/1/18,
,6/1/18,
,6/1/18,
,6/1/18,
,6/1/18,
,7/1/18,2.1
,7/1/18,
,7/1/18,
,7/1/18,
,7/1/18,
,7/1/18,
,7/1/18,
,7/1/18,
,7/1/18,
,8/1/18,2.2
,8/1/18,
,8/1/18,
,8/1/18,
,8/1/18,
,8/1/18,
,8/1/18,
,8/1/18,
,8/1/18,
,9/1/18,2.2
,9/1/18,
,9/1/18,
,9/1/18,
,9/1/18,
,9/1/18,
,9/1/18,
,9/1/18,
,9/1/18,
,10/1/18,2.2
,10/1/18,
,10/1/18,
,10/1/18,
,10/1/18,
,10/1/18,
,10/1/18,
,10/1/18,
,10/1/18,
,11/1/18,2.3
,11/1/18,
,11/1/18,
,11/1/18,
,11/1/18,
,11/1/18,
,11/1/18,
,11/1/18,
,11/1/18,
,12/1/18,2.3
,12/1/18,
,12/1/18,
,12/1/18,
,12/1/18,
,12/1/18,
,12/1/18,
,12/1/18,
,12/1/18,
,1/1/19,2.4
,1/1/19,
,1/1/19,
,1/1/19,
,1/1/19,
,1/1/19,
,1/1/19,
,1/1/19,
,1/1/19,
,2/1/19,2.5
,2/1/19,
,2/1/19,
,2/1/19,
,2/1/19,
,2/1/19,
,2/1/19,
,2/1/19,
,2/1/19,
,3/1/19,2.6
,3/1/19,
,3/1/19,
,3/1/19,
,3/1/19,
,3/1/19,
,3/1/19,
,3/1/19,
,3/1/19,
,4/1/19,2.6
,4/1/19,
,4/1/19,
,4/1/19,
,4/1/19,
,4/1/19,
,4/1/19,
,4/1/19,
,4/1/19,
,5/1/19,2.7
,5/1/19,
,5/1/19,
,5/1/19,
,5/1/19,
,5/1/19,
,5/1/19,
,5/1/19,
,5/1/19,
,6/1/19,2.7
,6/1/19,
,6/1/19,
,6/1/19,
,6/1/19,
,6/1/19,
,6/1/19,
,6/1/19,
,6/1/19,
,7/1/19,2.7
,7/1/19,
,7/1/19,
,7/1/19,
,7/1/19,
,7/1/19,
,7/1/19,
,7/1/19,
,7/1/19,
,8/1/19,2.8
,8/1/19,
,8/1/19,
,8/1/19,
,8/1/19,
,8/1/19,
,8/1/19,
,8/1/19,
,8/1/19,
,9/1/19,2.8
,9/1/19,
,9/1/19,
,9/1/19,
,9/1/19,
,9/1/19,
,9/1/19,
,9/1/19,
,9/1/19,
,10/1/19,2.8
,10/1/19,
,10/1/19,
,10/1/19,
,10/1/19,
,10/1/19,
,10/1/19,
,10/1/19,
,10/1/19,
,11/1/19,2.9
,11/1/19,
,11/1/19,
,11/1/19,
,11/1/19,
,11/1/19,
,11/1/19,
,11/1/19,
,11/1/19,
,12/1/19,2.9
,12/1/19,
,12/1/19,
,12/1/19,
,12/1/19,
,12/1/19,
,12/1/19,
,12/1/19,
,12/1/19,
,1/1/20,2.9
,1/1/20,
,1/1/20,
,1/1/20,
,1/1/20,
,1/1/20,
,1/1/20,
,1/1/20,
,1/1/20,
,2/1/20,3
,2/1/20,
,2/1/20,
,2/1/20,
,2/1/20,
,2/1/20,
,2/1/20,
,2/1/20,
,2/1/20,
,3/1/20,3
,3/1/20,
,3/1/20,
,3/1/20,
,3/1/20,
,3/1/20,
,3/1/20,
,3/1/20,
,3/1/20,
,4/1/20,5
,4/1/20,
,4/1/20,
,4/1/20,
,4/1/20,
,4/1/20,
,4/1/20,
,4/1/20,
,4/1/20,
,5/1/20,6.3
,5/1/20,
,5/1/20,
,5/1/20,
,5/1/20,
,5/1/20,
,5/1/20,
,5/1/20,
,5/1/20,
,6/1/20,6.2
,6/1/20,
,6/1/20,
,6/1/20,
,6/1/20,
,6/1/20,
,6/1/20,
,6/1/20,
,6/1/20,
,7/1/20,6.3
,7/1/20,
,7/1/20,
,7/1/20,
,7/1/20,
,7/1/20,
,7/1/20,
,7/1/20,
,7/1/20,
,8/1/20,6.4
,8/1/20,
,8/1/20,
,8/1/20,
,8/1/20,
,8/1/20,
,8/1/20,
,8/1/20,
,8/1/20,
,9/1/20,6.3
,9/1/20,
,9/1/20,
,9/1/20,
,9/1/20,
,9/1/20,
,9/1/20,
,9/1/20,
,9/1/20,
,10/1/20,6.1
,10/1/20,
,10/1/20,
,10/1/20,
,10/1/20,
,10/1/20,
,10/1/20,
,10/1/20,
,10/1/20,
,11/1/20,6.2
,11/1/20,
,11/1/20,
,11/1/20,
,11/1/20,
,11/1/20,
,11/1/20,
,11/1/20,
,11/1/20,
,12/1/20,6.2
,12/1/20,
,12/1/20,
,12/1/20,
,12/1/20,
,12/1/20,
,12/1/20,
,12/1/20,
,12/1/20,
,1/1/21,6.1
,1/1/21,
,1/1/21,
,1/1/21,
,1/1/21,
,1/1/21,
,1/1/21,
,1/1/21,
,1/1/21,
,2/1/21,6.4
,2/1/21,
,2/1/21,
,2/1/21,
,2/1/21,
,2/1/21,
,2/1/21,
,2/1/21,
,2/1/21,
,3/1/21,6.3
,3/1/21,
,3/1/21,
,3/1/21,
,3/1/21,
,3/1/21,
,3/1/21,
,3/1/21,
,3/1/21,
,4/1/21,6.2
,4/1/21,
,4/1/21,
,4/1/21,
,4/1/21,
,4/1/21,
,4/1/21,
,4/1/21,
,4/1/21,
,5/1/21,5.8
,5/1/21,
,5/1/21,
,5/1/21,
,5/1/21,
,5/1/21,
,5/1/21,
,5/1/21,
,5/1/21,
,6/1/21,5.4
,6/1/21,
,6/1/21,
,6/1/21,
,6/1/21,
,6/1/21,
,6/1/21,
,6/1/21,
,6/1/21,
,7/1/21,5.3
,7/1/21,
,7/1/21,
,7/1/21,
,7/1/21,
,7/1/21,
,7/1/21,
,7/1/21,
,7/1/21,
,8/1/21,5.1
,8/1/21,
,8/1/21,
,8/1/21,
,8/1/21,
,8/1/21,
,8/1/21,
,8/1/21,
,8/1/21,
,9/1/21,4.8
,9/1/21,
,9/1/21,
,9/1/21,
,9/1/21,
,9/1/21,
,9/1/21,
,9/1/21,
,9/1/21,
,10/1/21,4.6
,10/1/21,
,10/1/21,
,10/1/21,
,10/1/21,
,10/1/21,
,10/1/21,
,10/1/21,
,10/1/21,
,11/1/21,4.5
,11/1/21,
,11/1/21,
,11/1/21,
,11/1/21,
,11/1/21,
,11/1/21,
,11/1/21,
,11/1/21,
,12/1/21,4.3
,12/1/21,
,12/1/21,
,12/1/21,
,12/1/21,
,12/1/21,
,12/1/21,
,12/1/21,
,12/1/21,
,1/1/22,4.2
,1/1/22,
,1/1/22,
,1/1/22,
,1/1/22,
,1/1/22,
,1/1/22,
,1/1/22,
,1/1/22,
,2/1/22,4.2
,2/1/22,
,2/1/22,
,2/1/22,
,2/1/22,
,2/1/22,
,2/1/22,
,2/1/22,
,2/1/22,
,3/1/22,4
,3/1/22,
,3/1/22,
,3/1/22,
,3/1/22,
,3/1/22,
,3/1/22,
,3/1/22,
,3/1/22,
,4/1/22,3.8
,4/1/22,
,4/1/22,
,4/1/22,
,4/1/22,
,4/1/22,
,4/1/22,
,4/1/22,
,4/1/22,
,5/1/22,3.7
,5/1/22,
,5/1/22,
,5/1/22,
,5/1/22,
,5/1/22,
,5/1/22,
,5/1/22,
,5/1/22,
,6/1/22,3.6
,6/1/22,
,6/1/22,
,6/1/22,
,6/1/22,
,6/1/22,
,6/1/22,
,6/1/22,
,6/1/22,
,7/1/22,3.6
,7/1/22,
,7/1/22,
,7/1/22,
,7/1/22,
,7/1/22,
,7/1/22,
,7/1/22,
,7/1/22,
,8/1/22,3.6
,8/1/22,
,8/1/22,
,8/1/22,
,8/1/22,
,8/1/22,
,8/1/22,
,8/1/22,
,8/1/22,
,9/1/22,3.6
,9/1/22,
,9/1/22,
,9/1/22,
,9/1/22,
,9/1/22,
,9/1/22,
,9/1/22,
,9/1/22,
,10/1/22,3.5
,10/1/22,
,10/1/22,
,10/1/22,
,10/1/22,
,10/1/22,
,10/1/22,
,10/1/22,
,10/1/22,
,11/1/22,3.5
,11/1/22,
,11/1/22,
,11/1/22,
,11/1/22,
,11/1/22,
,11/1/22,
,11/1/22,
,11/1/22,
,12/1/22,3.6
,12/1/22,
,12/1/22,
,12/1/22,
,12/1/22,
,12/1/22,
,12/1/22,
,12/1/22,
,12/1/22,
,1/1/23,3.5
,1/1/23,
,1/1/23,
,1/1/23,
,1/1/23,
,1/1/23,
,1/1/23,
,1/1/23,
,1/1/23,
,2/1/23,3.5
,2/1/23,
,2/1/23,
,2/1/23,
,2/1/23,
,2/1/23,
,2/1/23,
,2/1/23,
,2/1/23,
,3/1/23,3.6
,3/1/23,
,3/1/23,
,3/1/23,
,3/1/23,
,3/1/23,
,3/1/23,
,3/1/23,
,3/1/23,
,4/1/23,3.7
,4/1/23,
,4/1/23,
,4/1/23,
,4/1/23,
,4/1/23,
,4/1/23,
,4/1/23,
,4/1/23,
,5/1/23,3.6
,5/1/23,
,5/1/23,
,5/1/23,
,5/1/23,
,5/1/23,
,5/1/23,
,5/1/23,
,5/1/23,
,6/1/23,3.6
,6/1/23,
,6/1/23,
,6/1/23,
,6/1/23,
,6/1/23,
,6/1/23,
,6/1/23,
,6/1/23,
,7/1/23,3.6
,7/1/23,
,7/1/23,
,7/1/23,
,7/1/23,
,7/1/23,
,7/1/23,
,7/1/23,
,7/1/23,
,8/1/23,3.6
,8/1/23,
,8/1/23,
,8/1/23,
,8/1/23,
,8/1/23,
,8/1/23,
,8/1/23,
,8/1/23,
,9/1/23,3.5
,9/1/23,
,9/1/23,
,9/1/23,
,9/1/23,
,9/1/23,
,9/1/23,
,9/1/23,
,9/1/23,
,10/1/23,3.5
,10/1/23,
,10/1/23,
,10/1/23,
,10/1/23,
,10/1/23,
,10/1/23,
,10/1/23,
,10/1/23,
,11/1/23,3.6
,11/1/23,
,11/1/23,
,11/1/23,
,11/1/23,
,11/1/23,
,11/1/23,
,11/1/23,
,11/1/23,
,12/1/23,3.6
,12/1/23,
,12/1/23,
,12/1/23,
,12/1/23,
,12/1/23,
,12/1/23,
,12/1/23,
,12/1/23,
,1/1/24,3.6
,1/1/24,
,1/1/24,
,1/1/24,
,1/1/24,
,1/1/24,
,1/1/24,
,1/1/24,
,1/1/24,
,2/1/24,3.7
,2/1/24,
,2/1/24,
,2/1/24,
,2/1/24,
,2/1/24,
,2/1/24,
,2/1/24,
,2/1/24,
,3/1/24,3.7
,3/1/24,
,3/1/24,
,3/1/24,
,3/1/24,
,3/1/24,
,3/1/24,
,3/1/24,
,3/1/24,
,4/1/24,3.7
,4/1/24,
,4/1/24,
,4/1/24,
,4/1/24,
,4/1/24,
,4/1/24,
,4/1/24,
,4/1/24,
,5/1/24,3.7
,5/1/24,
,5/1/24,
,5/1/24,
,5/1/24,
,5/1/24,
,5/1/24,
,5/1/24,
,5/1/24,
,6/1/24,3.8
,6/1/24,
,6/1/24,
,6/1/24,
,6/1/24,
,6/1/24,
,6/1/24,
,6/1/24,
,6/1/24,
,7/1/24,4.1
,7/1/24,
,7/1/24,
,7/1/24,
,7/1/24,
,7/1/24,
,7/1/24,
,7/1/24,
,7/1/24,
,8/1/24,4.1
,8/1/24,
,8/1/24,
,8/1/24,
,8/1/24,
,8/1/24,
,8/1/24,
,8/1/24,
,8/1/24,
,9/1/24,4.1
,9/1/24,
,9/1/24,
,9/1/24,
,9/1/24,
,9/1/24,
,9/1/24,
,9/1/24,
,9/1/24,
,10/1/24,4
,10/1/24,
,10/1/24,
,10/1/24,
,10/1/24,
,10/1/24,
,10/1/24,
,10/1/24,
,10/1/24,
,11/1/24,4
,11/1/24,
,11/1/24,
,11/1/24,
,11/1/24,
,11/1/24,
,11/1/24,
,11/1/24,
,11/1/24,
,12/1/24,3.9
,12/1/24,
,12/1/24,
,12/1/24,
,12/1/24,
,12/1/24,
,12/1/24,
,12/1/24,
,12/1/24,
,1/1/25,3.9
,1/1/25,
,1/1/25,
,1/1/25,
,1/1/25,
,1/1/25,
,1/1/25,
,1/1/25,
,1/1/25,
,2/1/25,4
,2/1/25,
,2/1/25,
,2/1/25,
,2/1/25,
,2/1/25,
,2/1/25,
,2/1/25,
,2/1/25,
,3/1/25,4
,3/1/25,
,3/1/25,
,3/1/25,
,3/1/25,
,3/1/25,
,3/1/25,
,3/1/25,
,3/1/25,
,4/1/25,3.9
,4/1/25,
,4/1/25,
,4/1/25,
,4/1/25,
,4/1/25,
,4/1/25,
,4/1/25,
,4/1/25,
,5/1/25,3.9
,5/1/25,
,5/1/25,
,5/1/25,
,5/1/25,
,5/1/25,
,5/1/25,
,5/1/25,
,5/1/25,
,6/1/25,3.9
,6/1/25,
,6/1/25,
,6/1/25,
,6/1/25,
,6/1/25,
,6/1/25,
,6/1/25,
,6/1/25,
,7/1/25,3.8
,7/1/25,
,7/1/25,
,7/1/25,
,7/1/25,
,7/1/25,
,7/1/25,
,7/1/25,
,7/1/25,
,8/1/25,3.8
,8/1/25,
,8/1/25,
,8/1/25,
,8/1/25,
,8/1/25,
,8/1/25,
,8/1/25,
,8/1/25,
,9/1/25,3.8
,9/1/25,
,9/1/25,
,9/1/25,
,9/1/25,
,9/1/25,
,9/1/25,
,9/1/25,
,9/1/25,
,10/1/25,3.8
,10/1/25,
,10/1/25,
,10/1/25,
,10/1/25,
,10/1/25,
,10/1/25,
,10/1/25,
,10/1/25,
,11/1/25,3.8
,11/1/25,
,11/1/25,
,11/1/25,
,11/1/25,
,11/1/25,
,11/1/25,
,11/1/25,
,11/1/25,
,12/1/25,3.7
,12/1/25,
,12/1/25,
,12/1/25,
,12/1/25,
,12/1/25,
,12/1/25,
,12/1/25,
,12/1/25,
,1/1/26,3.8
,1/1/26,
,1/1/26,
,1/1/26,
,1/1/26,
,1/1/26,
,1/1/26,
,1/1/26,
,1/1/26,
,2/1/26,3.9
,2/1/26,
,2/1/26,
,2/1/26,
,2/1/26,
,2/1/26,
,2/1/26,
,2/1/26,
,2/1/26,