lad_code,date,claimant_count
E06000001,1/1/18,3890
E06000002,1/1/18,4135
E06000003,1/1/18,2985
E06000004,1/1/18,3915
E06000005,1/1/18,2290
E06000006,1/1/18,2755
E06000007,1/1/18,2760
E06000008,1/1/18,2815
E06000009,1/1/18,4015
E06000010,1/1/18,6300
E06000011,1/1/18,3010
E06000012,1/1/18,3310
E06000013,1/1/18,2410
E06000014,1/1/18,1400
E06000015,1/1/18,2830
E06000016,1/1/18,4045
E06000017,1/1/18,135
E06000018,1/1/18,7175
E06000019,1/1/18,1170
E06000020,1/1/18,1930
E06000021,1/1/18,3990
E06000022,1/1/18,1970
E06000023,1/1/18,5165
E06000024,1/1/18,1725
E06000025,1/1/18,1510
E06000026,1/1/18,3545
E06000027,1/1/18,1730
E06000030,1/1/18,2795
E06000031,1/1/18,1850
E06000032,1/1/18,2520
E06000033,1/1/18,2730
E06000034,1/1/18,1855
E06000035,1/1/18,3345
E06000036,1/1/18,580
E06000037,1/1/18,630
E06000038,1/1/18,1650
E06000039,1/1/18,1225
E06000040,1/1/18,675
E06000041,1/1/18,525
E06000042,1/1/18,2600
E06000043,1/1/18,3200
E06000044,1/1/18,2365
E06000045,1/1/18,3845
E06000046,1/1/18,1685
E06000047,1/1/18,8860
E06000049,1/1/18,3030
E06000050,1/1/18,3360
E06000051,1/1/18,2220
E06000052,1/1/18,4555
E06000053,1/1/18,5
E06000054,1/1/18,3455
E06000055,1/1/18,2710
E06000056,1/1/18,1515
E06000057,1/1/18,5010
E06000058,1/1/18,3450
E06000059,1/1/18,2010
E06000060,1/1/18,2945
E06000061,1/1/18,3580
E06000062,1/1/18,3715
E06000063,1/1/18,3640
E06000064,1/1/18,1645
E06000065,1/1/18,5285
E06000066,1/1/18,6405
E07000008,1/1/18,705
E07000009,1/1/18,370
E07000010,1/1/18,685
E07000011,1/1/18,805
E07000012,1/1/18,470
E07000032,1/1/18,975
E07000033,1/1/18,695
E07000034,1/1/18,1310
E07000035,1/1/18,280
E07000036,1/1/18,1680
E07000037,1/1/18,665
E07000038,1/1/18,770
E07000039,1/1/18,460
E07000040,1/1/18,695
E07000041,1/1/18,860
E07000042,1/1/18,435
E07000043,1/1/18,605
E07000044,1/1/18,385
E07000045,1/1/18,715
E07000046,1/1/18,485
E07000047,1/1/18,265
E07000061,1/1/18,1200
E07000062,1/1/18,2415
E07000063,1/1/18,710
E07000064,1/1/18,990
E07000065,1/1/18,605
E07000066,1/1/18,1915
E07000067,1/1/18,1020
E07000068,1/1/18,395
E07000069,1/1/18,530
E07000070,1/1/18,1160
E07000071,1/1/18,1380
E07000072,1/1/18,975
E07000073,1/1/18,1200
E07000074,1/1/18,385
E07000075,1/1/18,425
E07000076,1/1/18,2210
E07000077,1/1/18,275
E07000078,1/1/18,690
E07000079,1/1/18,335
E07000080,1/1/18,620
E07000081,1/1/18,1240
E07000082,1/1/18,580
E07000083,1/1/18,430
E07000084,1/1/18,1025
E07000085,1/1/18,420
E07000086,1/1/18,780
E07000087,1/1/18,535
E07000088,1/1/18,750
E07000089,1/1/18,305
E07000090,1/1/18,1195
E07000091,1/1/18,835
E07000092,1/1/18,560
E07000093,1/1/18,500
E07000094,1/1/18,475
E07000095,1/1/18,785
E07000096,1/1/18,1140
E07000098,1/1/18,785
E07000099,1/1/18,945
E07000102,1/1/18,535
E07000103,1/1/18,885
E07000105,1/1/18,1320
E07000106,1/1/18,1405
E07000107,1/1/18,765
E07000108,1/1/18,1985
E07000109,1/1/18,1370
E07000110,1/1/18,1260
E07000111,1/1/18,530
E07000112,1/1/18,1510
E07000113,1/1/18,2010
E07000114,1/1/18,3420
E07000115,1/1/18,780
E07000116,1/1/18,670
E07000117,1/1/18,2340
E07000118,1/1/18,1135
E07000119,1/1/18,660
E07000120,1/1/18,1360
E07000121,1/1/18,2395
E07000122,1/1/18,1155
E07000123,1/1/18,2125
E07000124,1/1/18,290
E07000125,1/1/18,930
E07000126,1/1/18,935
E07000127,1/1/18,1185
E07000128,1/1/18,1040
E07000129,1/1/18,445
E07000130,1/1/18,900
E07000131,1/1/18,420
E07000132,1/1/18,910
E07000133,1/1/18,510
E07000134,1/1/18,530
E07000135,1/1/18,270
E07000136,1/1/18,625
E07000137,1/1/18,2045
E07000138,1/1/18,1640
E07000139,1/1/18,640
E07000140,1/1/18,655
E07000141,1/1/18,1230
E07000142,1/1/18,1105
E07000143,1/1/18,875
E07000144,1/1/18,530
E07000145,1/1/18,3015
E07000146,1/1/18,920
E07000147,1/1/18,540
E07000148,1/1/18,1605
E07000149,1/1/18,650
E07000170,1/1/18,1620
E07000171,1/1/18,1170
E07000172,1/1/18,1080
E07000173,1/1/18,1105
E07000174,1/1/18,1425
E07000175,1/1/18,990
E07000176,1/1/18,645
E07000177,1/1/18,560
E07000178,1/1/18,1105
E07000179,1/1/18,485
E07000180,1/1/18,570
E07000181,1/1/18,405
E07000192,1/1/18,825
E07000193,1/1/18,760
E07000194,1/1/18,485
E07000195,1/1/18,1115
E07000196,1/1/18,835
E07000197,1/1/18,755
E07000198,1/1/18,575
E07000199,1/1/18,555
E07000200,1/1/18,450
E07000202,1/1/18,1770
E07000203,1/1/18,455
E07000207,1/1/18,530
E07000208,1/1/18,370
E07000209,1/1/18,570
E07000210,1/1/18,290
E07000211,1/1/18,730
E07000212,1/1/18,390
E07000213,1/1/18,575
E07000214,1/1/18,370
E07000215,1/1/18,490
E07000216,1/1/18,380
E07000217,1/1/18,420
E07000218,1/1/18,425
E07000219,1/1/18,1525
E07000220,1/1/18,1305
E07000221,1/1/18,615
E07000222,1/1/18,680
E07000223,1/1/18,520
E07000224,1/1/18,1180
E07000225,1/1/18,700
E07000226,1/1/18,950
E07000227,1/1/18,625
E07000228,1/1/18,430
E07000229,1/1/18,920
E07000234,1/1/18,695
E07000235,1/1/18,510
E07000236,1/1/18,945
E07000237,1/1/18,1020
E07000238,1/1/18,720
E07000239,1/1/18,905
E07000240,1/1/18,840
E07000241,1/1/18,950
E07000242,1/1/18,640
E07000243,1/1/18,935
E07000244,1/1/18,2900
E07000245,1/1/18,1230
E08000001,1/1/18,5620
E08000002,1/1/18,2795
E08000003,1/1/18,9700
E08000004,1/1/18,5390
E08000005,1/1/18,3865
E08000006,1/1/18,4360
E08000007,1/1/18,3355
E08000008,1/1/18,3725
E08000009,1/1/18,2615
E08000010,1/1/18,5295
E08000011,1/1/18,3130
E08000012,1/1/18,11270
E08000013,1/1/18,2955
E08000014,1/1/18,4515
E08000015,1/1/18,4325
E08000016,1/1/18,4275
E08000017,1/1/18,4945
E08000018,1/1/18,4250
E08000019,1/1/18,8940
E08000021,1/1/18,7600
E08000022,1/1/18,3395
E08000023,1/1/18,4245
E08000024,1/1/18,5570
E08000025,1/1/18,31170
E08000026,1/1/18,4165
E08000027,1/1/18,6460
E08000028,1/1/18,7090
E08000029,1/1/18,2585
E08000030,1/1/18,4870
E08000031,1/1/18,6765
E08000032,1/1/18,8670
E08000033,1/1/18,3735
E08000034,1/1/18,6120
E08000035,1/1/18,11400
E08000036,1/1/18,4040
E08000037,1/1/18,3910
E09000001,1/1/18,65
E09000002,1/1/18,3170
E09000003,1/1/18,3490
E09000004,1/1/18,2165
E09000005,1/1/18,4820
E09000006,1/1/18,2280
E09000007,1/1/18,2735
E09000008,1/1/18,8690
E09000009,1/1/18,4970
E09000010,1/1/18,4490
E09000011,1/1/18,4055
E09000012,1/1/18,4895
E09000013,1/1/18,4105
E09000014,1/1/18,4480
E09000015,1/1/18,1780
E09000016,1/1/18,2500
E09000017,1/1/18,2575
E09000018,1/1/18,4800
E09000019,1/1/18,3705
E09000020,1/1/18,1840
E09000021,1/1/18,1305
E09000022,1/1/18,5970
E09000023,1/1/18,5280
E09000024,1/1/18,2360
E09000025,1/1/18,4580
E09000026,1/1/18,2475
E09000027,1/1/18,1520
E09000028,1/1/18,7155
E09000029,1/1/18,2685
E09000030,1/1/18,6145
E09000031,1/1/18,3975
E09000032,1/1/18,3300
E09000033,1/1/18,2520
N09000001,1/1/18,1795
N09000002,1/1/18,2520
N09000003,1/1/18,6955
N09000004,1/1/18,2485
N09000005,1/1/18,4565
N09000006,1/1/18,1510
N09000007,1/1/18,1325
N09000008,1/1/18,2010
N09000009,1/1/18,1390
N09000010,1/1/18,2320
N09000011,1/1/18,2135
S12000005,1/1/18,1215
S12000006,1/1/18,1630
S12000008,1/1/18,2650
S12000010,1/1/18,1765
S12000011,1/1/18,670
S12000013,1/1/18,275
S12000014,1/1/18,2350
S12000017,1/1/18,3525
S12000018,1/1/18,2400
S12000019,1/1/18,1405
S12000020,1/1/18,1140
S12000021,1/1/18,3285
S12000023,1/1/18,120
S12000026,1/1/18,1090
S12000027,1/1/18,105
S12000028,1/1/18,1640
S12000029,1/1/18,4980
S12000030,1/1/18,1225
S12000033,1/1/18,3295
S12000034,1/1/18,2150
S12000035,1/1/18,915
S12000036,1/1/18,4660
S12000038,1/1/18,3145
S12000039,1/1/18,2080
S12000040,1/1/18,1940
S12000041,1/1/18,1615
S12000042,1/1/18,3370
S12000045,1/1/18,1075
S12000047,1/1/18,5905
S12000048,1/1/18,1065
S12000049,1/1/18,13765
S12000050,1/1/18,5870
W06000001,1/1/18,1010
W06000002,1/1/18,1405
W06000003,1/1/18,1360
W06000004,1/1/18,1140
W06000005,1/1/18,1830
W06000006,1/1/18,1545
W06000008,1/1/18,560
W06000009,1/1/18,1585
W06000010,1/1/18,1910
W06000011,1/1/18,3190
W06000012,1/1/18,2140
W06000013,1/1/18,1795
W06000014,1/1/18,1305
W06000015,1/1/18,4920
W06000016,1/1/18,3090
W06000018,1/1/18,2885
W06000019,1/1/18,1225
W06000020,1/1/18,1665
W06000021,1/1/18,625
W06000022,1/1/18,2605
W06000023,1/1/18,725
W06000024,1/1/18,995
E06000001,2/1/18,4055
E06000002,2/1/18,4275
E06000003,2/1/18,3090
E06000004,2/1/18,3960
E06000005,2/1/18,2355
E06000006,2/1/18,3035
E06000007,2/1/18,2995
E06000008,2/1/18,2840
E06000009,2/1/18,4200
E06000010,2/1/18,6510
E06000011,2/1/18,3120
E06000012,2/1/18,3500
E06000013,2/1/18,2620
E06000014,2/1/18,1535
E06000015,2/1/18,3095
E06000016,2/1/18,4300
E06000017,2/1/18,155
E06000018,2/1/18,7475
E06000019,2/1/18,1235
E06000020,2/1/18,2025
E06000021,2/1/18,4330
E06000022,2/1/18,2105
E06000023,2/1/18,5410
E06000024,2/1/18,1875
E06000025,2/1/18,1545
E06000026,2/1/18,3580
E06000027,2/1/18,1815
E06000030,2/1/18,3080
E06000031,2/1/18,2130
E06000032,2/1/18,2555
E06000033,2/1/18,2985
E06000034,2/1/18,2040
E06000035,2/1/18,3450
E06000036,2/1/18,620
E06000037,2/1/18,685
E06000038,2/1/18,1700
E06000039,2/1/18,1305
E06000040,2/1/18,720
E06000041,2/1/18,570
E06000042,2/1/18,2745
E06000043,2/1/18,3455
E06000044,2/1/18,2525
E06000045,2/1/18,4220
E06000046,2/1/18,1760
E06000047,2/1/18,9540
E06000049,2/1/18,3255
E06000050,2/1/18,3645
E06000051,2/1/18,2340
E06000052,2/1/18,4790
E06000053,2/1/18,5
E06000054,2/1/18,3780
E06000055,2/1/18,2970
E06000056,2/1/18,1580
E06000057,2/1/18,5075
E06000058,2/1/18,3615
E06000059,2/1/18,2090
E06000060,2/1/18,3050
E06000061,2/1/18,3875
E06000062,2/1/18,3950
E06000063,2/1/18,3905
E06000064,2/1/18,1735
E06000065,2/1/18,5685
E06000066,2/1/18,7020
E07000008,2/1/18,725
E07000009,2/1/18,385
E07000010,2/1/18,730
E07000011,2/1/18,880
E07000012,2/1/18,490
E07000032,2/1/18,1010
E07000033,2/1/18,760
E07000034,2/1/18,1440
E07000035,2/1/18,285
E07000036,2/1/18,1815
E07000037,2/1/18,710
E07000038,2/1/18,820
E07000039,2/1/18,495
E07000040,2/1/18,680
E07000041,2/1/18,910
E07000042,2/1/18,450
E07000043,2/1/18,615
E07000044,2/1/18,410
E07000045,2/1/18,755
E07000046,2/1/18,520
E07000047,2/1/18,270
E07000061,2/1/18,1375
E07000062,2/1/18,2535
E07000063,2/1/18,755
E07000064,2/1/18,1080
E07000065,2/1/18,620
E07000066,2/1/18,2130
E07000067,2/1/18,1125
E07000068,2/1/18,465
E07000069,2/1/18,565
E07000070,2/1/18,1195
E07000071,2/1/18,1405
E07000072,2/1/18,1015
E07000073,2/1/18,1335
E07000074,2/1/18,390
E07000075,2/1/18,435
E07000076,2/1/18,2230
E07000077,2/1/18,320
E07000078,2/1/18,750
E07000079,2/1/18,355
E07000080,2/1/18,710
E07000081,2/1/18,1320
E07000082,2/1/18,670
E07000083,2/1/18,460
E07000084,2/1/18,1095
E07000085,2/1/18,430
E07000086,2/1/18,880
E07000087,2/1/18,555
E07000088,2/1/18,795
E07000089,2/1/18,305
E07000090,2/1/18,1205
E07000091,2/1/18,905
E07000092,2/1/18,580
E07000093,2/1/18,525
E07000094,2/1/18,495
E07000095,2/1/18,890
E07000096,2/1/18,1165
E07000098,2/1/18,805
E07000099,2/1/18,995
E07000102,2/1/18,550
E07000103,2/1/18,945
E07000105,2/1/18,1360
E07000106,2/1/18,1465
E07000107,2/1/18,815
E07000108,2/1/18,2110
E07000109,2/1/18,1440
E07000110,2/1/18,1315
E07000111,2/1/18,540
E07000112,2/1/18,1585
E07000113,2/1/18,2110
E07000114,2/1/18,3650
E07000115,2/1/18,790
E07000116,2/1/18,695
E07000117,2/1/18,2480
E07000118,2/1/18,1165
E07000119,2/1/18,675
E07000120,2/1/18,1455
E07000121,2/1/18,2575
E07000122,2/1/18,1215
E07000123,2/1/18,2195
E07000124,2/1/18,315
E07000125,2/1/18,980
E07000126,2/1/18,985
E07000127,2/1/18,1305
E07000128,2/1/18,1085
E07000129,2/1/18,490
E07000130,2/1/18,980
E07000131,2/1/18,495
E07000132,2/1/18,975
E07000133,2/1/18,580
E07000134,2/1/18,560
E07000135,2/1/18,280
E07000136,2/1/18,680
E07000137,2/1/18,2065
E07000138,2/1/18,1710
E07000139,2/1/18,655
E07000140,2/1/18,660
E07000141,2/1/18,1405
E07000142,2/1/18,1170
E07000143,2/1/18,955
E07000144,2/1/18,595
E07000145,2/1/18,3135
E07000146,2/1/18,955
E07000147,2/1/18,575
E07000148,2/1/18,1665
E07000149,2/1/18,670
E07000170,2/1/18,1680
E07000171,2/1/18,1270
E07000172,2/1/18,1080
E07000173,2/1/18,1165
E07000174,2/1/18,1505
E07000175,2/1/18,1025
E07000176,2/1/18,685
E07000177,2/1/18,590
E07000178,2/1/18,1220
E07000179,2/1/18,530
E07000180,2/1/18,650
E07000181,2/1/18,460
E07000192,2/1/18,865
E07000193,2/1/18,835
E07000194,2/1/18,570
E07000195,2/1/18,1205
E07000196,2/1/18,865
E07000197,2/1/18,835
E07000198,2/1/18,625
E07000199,2/1/18,665
E07000200,2/1/18,540
E07000202,2/1/18,1855
E07000203,2/1/18,470
E07000207,2/1/18,525
E07000208,2/1/18,375
E07000209,2/1/18,590
E07000210,2/1/18,300
E07000211,2/1/18,775
E07000212,2/1/18,410
E07000213,2/1/18,585
E07000214,2/1/18,375
E07000215,2/1/18,545
E07000216,2/1/18,410
E07000217,2/1/18,440
E07000218,2/1/18,490
E07000219,2/1/18,1715
E07000220,2/1/18,1385
E07000221,2/1/18,695
E07000222,2/1/18,705
E07000223,2/1/18,540
E07000224,2/1/18,1250
E07000225,2/1/18,720
E07000226,2/1/18,1020
E07000227,2/1/18,655
E07000228,2/1/18,430
E07000229,2/1/18,960
E07000234,2/1/18,745
E07000235,2/1/18,540
E07000236,2/1/18,1070
E07000237,2/1/18,1085
E07000238,2/1/18,755
E07000239,2/1/18,960
E07000240,2/1/18,945
E07000241,2/1/18,1000
E07000242,2/1/18,640
E07000243,2/1/18,935
E07000244,2/1/18,2995
E07000245,2/1/18,1305
E08000001,2/1/18,5820
E08000002,2/1/18,2925
E08000003,2/1/18,10500
E08000004,2/1/18,5760
E08000005,2/1/18,4100
E08000006,2/1/18,4685
E08000007,2/1/18,3470
E08000008,2/1/18,3920
E08000009,2/1/18,2840
E08000010,2/1/18,5470
E08000011,2/1/18,3305
E08000012,2/1/18,11660
E08000013,2/1/18,3100
E08000014,2/1/18,4955
E08000015,2/1/18,4635
E08000016,2/1/18,4640
E08000017,2/1/18,5420
E08000018,2/1/18,4440
E08000019,2/1/18,9325
E08000021,2/1/18,7945
E08000022,2/1/18,3430
E08000023,2/1/18,4345
E08000024,2/1/18,5770
E08000025,2/1/18,32570
E08000026,2/1/18,4450
E08000027,2/1/18,6770
E08000028,2/1/18,7300
E08000029,2/1/18,2790
E08000030,2/1/18,5055
E08000031,2/1/18,6990
E08000032,2/1/18,9065
E08000033,2/1/18,3995
E08000034,2/1/18,6650
E08000035,2/1/18,11760
E08000036,2/1/18,4305
E08000037,2/1/18,4290
E09000001,2/1/18,60
E09000002,2/1/18,3260
E09000003,2/1/18,3590
E09000004,2/1/18,2170
E09000005,2/1/18,4895
E09000006,2/1/18,2385
E09000007,2/1/18,2820
E09000008,2/1/18,9315
E09000009,2/1/18,5160
E09000010,2/1/18,4710
E09000011,2/1/18,4200
E09000012,2/1/18,5025
E09000013,2/1/18,4365
E09000014,2/1/18,4520
E09000015,2/1/18,1810
E09000016,2/1/18,2605
E09000017,2/1/18,2645
E09000018,2/1/18,5335
E09000019,2/1/18,3815
E09000020,2/1/18,1950
E09000021,2/1/18,1325
E09000022,2/1/18,6145
E09000023,2/1/18,5455
E09000024,2/1/18,2480
E09000025,2/1/18,4740
E09000026,2/1/18,2515
E09000027,2/1/18,1555
E09000028,2/1/18,7610
E09000029,2/1/18,2955
E09000030,2/1/18,6450
E09000031,2/1/18,4070
E09000032,2/1/18,3400
E09000033,2/1/18,2590
N09000001,2/1/18,1890
N09000002,2/1/18,2595
N09000003,2/1/18,7075
N09000004,2/1/18,2635
N09000005,2/1/18,4465
N09000006,2/1/18,1505
N09000007,2/1/18,1355
N09000008,2/1/18,2035
N09000009,2/1/18,1425
N09000010,2/1/18,2350
N09000011,2/1/18,2215
S12000005,2/1/18,1280
S12000006,2/1/18,1700
S12000008,2/1/18,2840
S12000010,2/1/18,1850
S12000011,2/1/18,685
S12000013,2/1/18,295
S12000014,2/1/18,2570
S12000017,2/1/18,3765
S12000018,2/1/18,2515
S12000019,2/1/18,1520
S12000020,2/1/18,1220
S12000021,2/1/18,3490
S12000023,2/1/18,130
S12000026,2/1/18,1125
S12000027,2/1/18,110
S12000028,2/1/18,1700
S12000029,2/1/18,5375
S12000030,2/1/18,1310
S12000033,2/1/18,3385
S12000034,2/1/18,2230
S12000035,2/1/18,940
S12000036,2/1/18,4950
S12000038,2/1/18,3245
S12000039,2/1/18,2170
S12000040,2/1/18,2105
S12000041,2/1/18,1740
S12000042,2/1/18,3575
S12000045,2/1/18,1150
S12000047,2/1/18,6425
S12000048,2/1/18,1130
S12000049,2/1/18,14025
S12000050,2/1/18,6145
W06000001,2/1/18,1070
W06000002,2/1/18,1525
W06000003,2/1/18,1435
W06000004,2/1/18,1175
W06000005,2/1/18,1960
W06000006,2/1/18,1690
W06000008,2/1/18,560
W06000009,2/1/18,1610
W06000010,2/1/18,2105
W06000011,2/1/18,3560
W06000012,2/1/18,2490
W06000013,2/1/18,1840
W06000014,2/1/18,1340
W06000015,2/1/18,5120
W06000016,2/1/18,3295
W06000018,2/1/18,2910
W06000019,2/1/18,1275
W06000020,2/1/18,1795
W06000021,2/1/18,680
W06000022,2/1/18,2875
W06000023,2/1/18,785
W06000024,2/1/18,1050
E06000001,3/1/18,4075
E06000002,3/1/18,4310
E06000003,3/1/18,3075
E06000004,3/1/18,3990
E06000005,3/1/18,2335
E06000006,3/1/18,3085
E06000007,3/1/18,3020
E06000008,3/1/18,2765
E06000009,3/1/18,4185
E06000010,3/1/18,6590
E06000011,3/1/18,3045
E06000012,3/1/18,3760
E06000013,3/1/18,2790
E06000014,3/1/18,1610
E06000015,3/1/18,3265
E06000016,3/1/18,4365
E06000017,3/1/18,165
E06000018,3/1/18,7590
E06000019,3/1/18,1250
E06000020,3/1/18,2100
E06000021,3/1/18,4485
E06000022,3/1/18,2075
E06000023,3/1/18,5480
E06000024,3/1/18,1940
E06000025,3/1/18,1585
E06000026,3/1/18,3815
E06000027,3/1/18,1830
E06000030,3/1/18,3105
E06000031,3/1/18,2520
E06000032,3/1/18,2625
E06000033,3/1/18,3135
E06000034,3/1/18,2160
E06000035,3/1/18,3475
E06000036,3/1/18,610
E06000037,3/1/18,760
E06000038,3/1/18,1730
E06000039,3/1/18,1340
E06000040,3/1/18,730
E06000041,3/1/18,600
E06000042,3/1/18,2780
E06000043,3/1/18,3670
E06000044,3/1/18,2525
E06000045,3/1/18,4275
E06000046,3/1/18,1650
E06000047,3/1/18,9955
E06000049,3/1/18,3395
E06000050,3/1/18,3915
E06000051,3/1/18,2420
E06000052,3/1/18,4820
E06000053,3/1/18,5
E06000054,3/1/18,3980
E06000055,3/1/18,3005
E06000056,3/1/18,1600
E06000057,3/1/18,5210
E06000058,3/1/18,3740
E06000059,3/1/18,2255
E06000060,3/1/18,3090
E06000061,3/1/18,4060
E06000062,3/1/18,4010
E06000063,3/1/18,3940
E06000064,3/1/18,1715
E06000065,3/1/18,5655
E06000066,3/1/18,7070
E07000008,3/1/18,765
E07000009,3/1/18,420
E07000010,3/1/18,730
E07000011,3/1/18,895
E07000012,3/1/18,495
E07000032,3/1/18,1045
E07000033,3/1/18,810
E07000034,3/1/18,1530
E07000035,3/1/18,295
E07000036,3/1/18,1900
E07000037,3/1/18,715
E07000038,3/1/18,855
E07000039,3/1/18,500
E07000040,3/1/18,695
E07000041,3/1/18,910
E07000042,3/1/18,470
E07000043,3/1/18,605
E07000044,3/1/18,395
E07000045,3/1/18,710
E07000046,3/1/18,530
E07000047,3/1/18,280
E07000061,3/1/18,1410
E07000062,3/1/18,2545
E07000063,3/1/18,740
E07000064,3/1/18,1115
E07000065,3/1/18,635
E07000066,3/1/18,2290
E07000067,3/1/18,1170
E07000068,3/1/18,495
E07000069,3/1/18,560
E07000070,3/1/18,1230
E07000071,3/1/18,1435
E07000072,3/1/18,1010
E07000073,3/1/18,1405
E07000074,3/1/18,400
E07000075,3/1/18,455
E07000076,3/1/18,2245
E07000077,3/1/18,325
E07000078,3/1/18,870
E07000079,3/1/18,390
E07000080,3/1/18,755
E07000081,3/1/18,1310
E07000082,3/1/18,700
E07000083,3/1/18,475
E07000084,3/1/18,1095
E07000085,3/1/18,445
E07000086,3/1/18,910
E07000087,3/1/18,530
E07000088,3/1/18,815
E07000089,3/1/18,305
E07000090,3/1/18,1215
E07000091,3/1/18,900
E07000092,3/1/18,560
E07000093,3/1/18,520
E07000094,3/1/18,490
E07000095,3/1/18,915
E07000096,3/1/18,1150
E07000098,3/1/18,820
E07000099,3/1/18,975
E07000102,3/1/18,585
E07000103,3/1/18,990
E07000105,3/1/18,1395
E07000106,3/1/18,1485
E07000107,3/1/18,845
E07000108,3/1/18,2140
E07000109,3/1/18,1450
E07000110,3/1/18,1295
E07000111,3/1/18,540
E07000112,3/1/18,1610
E07000113,3/1/18,2255
E07000114,3/1/18,3715
E07000115,3/1/18,775
E07000116,3/1/18,670
E07000117,3/1/18,2515
E07000118,3/1/18,1165
E07000119,3/1/18,670
E07000120,3/1/18,1445
E07000121,3/1/18,2635
E07000122,3/1/18,1245
E07000123,3/1/18,2225
E07000124,3/1/18,315
E07000125,3/1/18,980
E07000126,3/1/18,1000
E07000127,3/1/18,1395
E07000128,3/1/18,1065
E07000129,3/1/18,480
E07000130,3/1/18,995
E07000131,3/1/18,495
E07000132,3/1/18,970
E07000133,3/1/18,600
E07000134,3/1/18,570
E07000135,3/1/18,280
E07000136,3/1/18,680
E07000137,3/1/18,1975
E07000138,3/1/18,1715
E07000139,3/1/18,675
E07000140,3/1/18,690
E07000141,3/1/18,1505
E07000142,3/1/18,1165
E07000143,3/1/18,955
E07000144,3/1/18,640
E07000145,3/1/18,3230
E07000146,3/1/18,960
E07000147,3/1/18,585
E07000148,3/1/18,1735
E07000149,3/1/18,675
E07000170,3/1/18,1685
E07000171,3/1/18,1345
E07000172,3/1/18,1075
E07000173,3/1/18,1185
E07000174,3/1/18,1515
E07000175,3/1/18,1025
E07000176,3/1/18,665
E07000177,3/1/18,680
E07000178,3/1/18,1295
E07000179,3/1/18,555
E07000180,3/1/18,650
E07000181,3/1/18,470
E07000192,3/1/18,915
E07000193,3/1/18,875
E07000194,3/1/18,665
E07000195,3/1/18,1210
E07000196,3/1/18,875
E07000197,3/1/18,795
E07000198,3/1/18,640
E07000199,3/1/18,765
E07000200,3/1/18,545
E07000202,3/1/18,1875
E07000203,3/1/18,495
E07000207,3/1/18,530
E07000208,3/1/18,390
E07000209,3/1/18,595
E07000210,3/1/18,285
E07000211,3/1/18,770
E07000212,3/1/18,380
E07000213,3/1/18,575
E07000214,3/1/18,365
E07000215,3/1/18,525
E07000216,3/1/18,400
E07000217,3/1/18,435
E07000218,3/1/18,500
E07000219,3/1/18,1900
E07000220,3/1/18,1405
E07000221,3/1/18,705
E07000222,3/1/18,725
E07000223,3/1/18,560
E07000224,3/1/18,1265
E07000225,3/1/18,745
E07000226,3/1/18,1050
E07000227,3/1/18,645
E07000228,3/1/18,425
E07000229,3/1/18,970
E07000234,3/1/18,780
E07000235,3/1/18,540
E07000236,3/1/18,1180
E07000237,3/1/18,1120
E07000238,3/1/18,770
E07000239,3/1/18,945
E07000240,3/1/18,1000
E07000241,3/1/18,1070
E07000242,3/1/18,645
E07000243,3/1/18,910
E07000244,3/1/18,3040
E07000245,3/1/18,1400
E08000001,3/1/18,5980
E08000002,3/1/18,3000
E08000003,3/1/18,11120
E08000004,3/1/18,5880
E08000005,3/1/18,4235
E08000006,3/1/18,4815
E08000007,3/1/18,3465
E08000008,3/1/18,3925
E08000009,3/1/18,2885
E08000010,3/1/18,5620
E08000011,3/1/18,3310
E08000012,3/1/18,11870
E08000013,3/1/18,3190
E08000014,3/1/18,5140
E08000015,3/1/18,4825
E08000016,3/1/18,4810
E08000017,3/1/18,5780
E08000018,3/1/18,4465
E08000019,3/1/18,9525
E08000021,3/1/18,8000
E08000022,3/1/18,3565
E08000023,3/1/18,4515
E08000024,3/1/18,5950
E08000025,3/1/18,33505
E08000026,3/1/18,4555
E08000027,3/1/18,6935
E08000028,3/1/18,7425
E08000029,3/1/18,2890
E08000030,3/1/18,5150
E08000031,3/1/18,7180
E08000032,3/1/18,9280
E08000033,3/1/18,4105
E08000034,3/1/18,7095
E08000035,3/1/18,11860
E08000036,3/1/18,4410
E08000037,3/1/18,4460
E09000001,3/1/18,65
E09000002,3/1/18,3330
E09000003,3/1/18,3645
E09000004,3/1/18,2160
E09000005,3/1/18,4995
E09000006,3/1/18,2425
E09000007,3/1/18,2875
E09000008,3/1/18,9335
E09000009,3/1/18,5230
E09000010,3/1/18,4840
E09000011,3/1/18,4310
E09000012,3/1/18,5060
E09000013,3/1/18,4355
E09000014,3/1/18,4635
E09000015,3/1/18,1860
E09000016,3/1/18,2625
E09000017,3/1/18,2700
E09000018,3/1/18,5360
E09000019,3/1/18,3905
E09000020,3/1/18,1950
E09000021,3/1/18,1310
E09000022,3/1/18,6330
E09000023,3/1/18,5480
E09000024,3/1/18,2580
E09000025,3/1/18,4750
E09000026,3/1/18,2525
E09000027,3/1/18,1555
E09000028,3/1/18,7675
E09000029,3/1/18,2865
E09000030,3/1/18,6440
E09000031,3/1/18,4165
E09000032,3/1/18,3405
E09000033,3/1/18,2640
N09000001,3/1/18,1845
N09000002,3/1/18,2555
N09000003,3/1/18,7135
N09000004,3/1/18,2640
N09000005,3/1/18,4345
N09000006,3/1/18,1455
N09000007,3/1/18,1330
N09000008,3/1/18,2065
N09000009,3/1/18,1430
N09000010,3/1/18,2355
N09000011,3/1/18,2190
S12000005,3/1/18,1320
S12000006,3/1/18,1655
S12000008,3/1/18,3015
S12000010,3/1/18,1865
S12000011,3/1/18,695
S12000013,3/1/18,295
S12000014,3/1/18,2635
S12000017,3/1/18,3740
S12000018,3/1/18,2570
S12000019,3/1/18,1505
S12000020,3/1/18,1210
S12000021,3/1/18,3695
S12000023,3/1/18,125
S12000026,3/1/18,1145
S12000027,3/1/18,120
S12000028,3/1/18,1685
S12000029,3/1/18,5620
S12000030,3/1/18,1410
S12000033,3/1/18,3435
S12000034,3/1/18,2215
S12000035,3/1/18,915
S12000036,3/1/18,5030
S12000038,3/1/18,3270
S12000039,3/1/18,2200
S12000040,3/1/18,2190
S12000041,3/1/18,1800
S12000042,3/1/18,3690
S12000045,3/1/18,1140
S12000047,3/1/18,7105
S12000048,3/1/18,1185
S12000049,3/1/18,14240
S12000050,3/1/18,6190
W06000001,3/1/18,1055
W06000002,3/1/18,1420
W06000003,3/1/18,1420
W06000004,3/1/18,1160
W06000005,3/1/18,2010
W06000006,3/1/18,1775
W06000008,3/1/18,530
W06000009,3/1/18,1530
W06000010,3/1/18,2210
W06000011,3/1/18,3990
W06000012,3/1/18,2635
W06000013,3/1/18,1840
W06000014,3/1/18,1355
W06000015,3/1/18,5085
W06000016,3/1/18,3320
W06000018,3/1/18,2960
W06000019,3/1/18,1270
W06000020,3/1/18,1835
W06000021,3/1/18,655
W06000022,3/1/18,2975
W06000023,3/1/18,775
W06000024,3/1/18,1050
E06000001,4/1/18,4275
E06000002,4/1/18,4155
E06000003,4/1/18,3035
E06000004,4/1/18,3955
E06000005,4/1/18,2385
E06000006,4/1/18,3455
E06000007,4/1/18,3455
E06000008,4/1/18,2930
E06000009,4/1/18,4120
E06000010,4/1/18,6475
E06000011,4/1/18,2940
E06000012,4/1/18,3995
E06000013,4/1/18,3060
E06000014,4/1/18,1830
E06000015,4/1/18,3430
E06000016,4/1/18,4385
E06000017,4/1/18,190
E06000018,4/1/18,7590
E06000019,4/1/18,1265
E06000020,4/1/18,2170
E06000021,4/1/18,4470
E06000022,4/1/18,2300
E06000023,4/1/18,5360
E06000024,4/1/18,2225
E06000025,4/1/18,1585
E06000026,4/1/18,4225
E06000027,4/1/18,1760
E06000030,4/1/18,3460
E06000031,4/1/18,2980
E06000032,4/1/18,2605
E06000033,4/1/18,3465
E06000034,4/1/18,2350
E06000035,4/1/18,3460
E06000036,4/1/18,570
E06000037,4/1/18,870
E06000038,4/1/18,1930
E06000039,4/1/18,1320
E06000040,4/1/18,725
E06000041,4/1/18,640
E06000042,4/1/18,2740
E06000043,4/1/18,4000
E06000044,4/1/18,2465
E06000045,4/1/18,4860
E06000046,4/1/18,1490
E06000047,4/1/18,10490
E06000049,4/1/18,3465
E06000050,4/1/18,4450
E06000051,4/1/18,2395
E06000052,4/1/18,4690
E06000053,4/1/18,5
E06000054,4/1/18,4545
E06000055,4/1/18,3345
E06000056,4/1/18,1685
E06000057,4/1/18,5165
E06000058,4/1/18,4410
E06000059,4/1/18,2575
E06000060,4/1/18,3060
E06000061,4/1/18,4230
E06000062,4/1/18,4200
E06000063,4/1/18,4135
E06000064,4/1/18,1660
E06000065,4/1/18,5995
E06000066,4/1/18,7895
E07000008,4/1/18,790
E07000009,4/1/18,395
E07000010,4/1/18,795
E07000011,4/1/18,915
E07000012,4/1/18,500
E07000032,4/1/18,1060
E07000033,4/1/18,855
E07000034,4/1/18,1655
E07000035,4/1/18,280
E07000036,4/1/18,2055
E07000037,4/1/18,755
E07000038,4/1/18,845
E07000039,4/1/18,535
E07000040,4/1/18,655
E07000041,4/1/18,865
E07000042,4/1/18,440
E07000043,4/1/18,580
E07000044,4/1/18,415
E07000045,4/1/18,680
E07000046,4/1/18,520
E07000047,4/1/18,310
E07000061,4/1/18,1610
E07000062,4/1/18,2750
E07000063,4/1/18,730
E07000064,4/1/18,1205
E07000065,4/1/18,725
E07000066,4/1/18,2605
E07000067,4/1/18,1315
E07000068,4/1/18,555
E07000069,4/1/18,555
E07000070,4/1/18,1225
E07000071,4/1/18,1435
E07000072,4/1/18,1010
E07000073,4/1/18,1535
E07000074,4/1/18,380
E07000075,4/1/18,465
E07000076,4/1/18,2170
E07000077,4/1/18,370
E07000078,4/1/18,965
E07000079,4/1/18,440
E07000080,4/1/18,855
E07000081,4/1/18,1380
E07000082,4/1/18,775
E07000083,4/1/18,540
E07000084,4/1/18,1065
E07000085,4/1/18,455
E07000086,4/1/18,1030
E07000087,4/1/18,555
E07000088,4/1/18,820
E07000089,4/1/18,280
E07000090,4/1/18,1195
E07000091,4/1/18,885
E07000092,4/1/18,530
E07000093,4/1/18,565
E07000094,4/1/18,490
E07000095,4/1/18,1055
E07000096,4/1/18,1170
E07000098,4/1/18,875
E07000099,4/1/18,970
E07000102,4/1/18,645
E07000103,4/1/18,1130
E07000105,4/1/18,1380
E07000106,4/1/18,1465
E07000107,4/1/18,795
E07000108,4/1/18,2330
E07000109,4/1/18,1400
E07000110,4/1/18,1275
E07000111,4/1/18,540
E07000112,4/1/18,1590
E07000113,4/1/18,2470
E07000114,4/1/18,4140
E07000115,4/1/18,770
E07000116,4/1/18,645
E07000117,4/1/18,2775
E07000118,4/1/18,1150
E07000119,4/1/18,670
E07000120,4/1/18,1470
E07000121,4/1/18,2820
E07000122,4/1/18,1245
E07000123,4/1/18,2300
E07000124,4/1/18,295
E07000125,4/1/18,990
E07000126,4/1/18,980
E07000127,4/1/18,1510
E07000128,4/1/18,1035
E07000129,4/1/18,475
E07000130,4/1/18,1020
E07000131,4/1/18,550
E07000132,4/1/18,1135
E07000133,4/1/18,660
E07000134,4/1/18,640
E07000135,4/1/18,275
E07000136,4/1/18,695
E07000137,4/1/18,1780
E07000138,4/1/18,1825
E07000139,4/1/18,660
E07000140,4/1/18,710
E07000141,4/1/18,1625
E07000142,4/1/18,1185
E07000143,4/1/18,975
E07000144,4/1/18,680
E07000145,4/1/18,3365
E07000146,4/1/18,985
E07000147,4/1/18,580
E07000148,4/1/18,1830
E07000149,4/1/18,725
E07000170,4/1/18,1735
E07000171,4/1/18,1470
E07000172,4/1/18,1105
E07000173,4/1/18,1155
E07000174,4/1/18,1440
E07000175,4/1/18,1035
E07000176,4/1/18,645
E07000177,4/1/18,840
E07000178,4/1/18,1445
E07000179,4/1/18,670
E07000180,4/1/18,760
E07000181,4/1/18,585
E07000192,4/1/18,930
E07000193,4/1/18,895
E07000194,4/1/18,740
E07000195,4/1/18,1220
E07000196,4/1/18,940
E07000197,4/1/18,835
E07000198,4/1/18,625
E07000199,4/1/18,875
E07000200,4/1/18,625
E07000202,4/1/18,1900
E07000203,4/1/18,510
E07000207,4/1/18,535
E07000208,4/1/18,400
E07000209,4/1/18,580
E07000210,4/1/18,290
E07000211,4/1/18,735
E07000212,4/1/18,375
E07000213,4/1/18,585
E07000214,4/1/18,360
E07000215,4/1/18,545
E07000216,4/1/18,390
E07000217,4/1/18,455
E07000218,4/1/18,530
E07000219,4/1/18,2100
E07000220,4/1/18,1500
E07000221,4/1/18,810
E07000222,4/1/18,765
E07000223,4/1/18,535
E07000224,4/1/18,1215
E07000225,4/1/18,735
E07000226,4/1/18,1035
E07000227,4/1/18,630
E07000228,4/1/18,420
E07000229,4/1/18,905
E07000234,4/1/18,755
E07000235,4/1/18,555
E07000236,4/1/18,1250
E07000237,4/1/18,1140
E07000238,4/1/18,815
E07000239,4/1/18,990
E07000240,4/1/18,1110
E07000241,4/1/18,1210
E07000242,4/1/18,645
E07000243,4/1/18,885
E07000244,4/1/18,3225
E07000245,4/1/18,1545
E08000001,4/1/18,6140
E08000002,4/1/18,3020
E08000003,4/1/18,11830
E08000004,4/1/18,6505
E08000005,4/1/18,4175
E08000006,4/1/18,4845
E08000007,4/1/18,3415
E08000008,4/1/18,3940
E08000009,4/1/18,3115
E08000010,4/1/18,5720
E08000011,4/1/18,3285
E08000012,4/1/18,11905
E08000013,4/1/18,3285
E08000014,4/1/18,5500
E08000015,4/1/18,5470
E08000016,4/1/18,5270
E08000017,4/1/18,6215
E08000018,4/1/18,4505
E08000019,4/1/18,9375
E08000021,4/1/18,8545
E08000022,4/1/18,3555
E08000023,4/1/18,4500
E08000024,4/1/18,5920
E08000025,4/1/18,35020
E08000026,4/1/18,4700
E08000027,4/1/18,7370
E08000028,4/1/18,7590
E08000029,4/1/18,3080
E08000030,4/1/18,5130
E08000031,4/1/18,7685
E08000032,4/1/18,9480
E08000033,4/1/18,4495
E08000034,4/1/18,7990
E08000035,4/1/18,11740
E08000036,4/1/18,4355
E08000037,4/1/18,4840
E09000001,4/1/18,70
E09000002,4/1/18,3325
E09000003,4/1/18,3600
E09000004,4/1/18,2145
E09000005,4/1/18,4900
E09000006,4/1/18,2420
E09000007,4/1/18,2880
E09000008,4/1/18,10280
E09000009,4/1/18,5195
E09000010,4/1/18,5060
E09000011,4/1/18,4335
E09000012,4/1/18,5085
E09000013,4/1/18,4605
E09000014,4/1/18,4590
E09000015,4/1/18,1895
E09000016,4/1/18,2645
E09000017,4/1/18,2670
E09000018,4/1/18,5970
E09000019,4/1/18,3865
E09000020,4/1/18,2045
E09000021,4/1/18,1320
E09000022,4/1/18,6555
E09000023,4/1/18,5560
E09000024,4/1/18,2735
E09000025,4/1/18,4790
E09000026,4/1/18,2560
E09000027,4/1/18,1565
E09000028,4/1/18,8270
E09000029,4/1/18,3210
E09000030,4/1/18,6870
E09000031,4/1/18,4145
E09000032,4/1/18,3455
E09000033,4/1/18,2605
N09000001,4/1/18,1805
N09000002,4/1/18,2430
N09000003,4/1/18,7105
N09000004,4/1/18,2650
N09000005,4/1/18,4415
N09000006,4/1/18,1440
N09000007,4/1/18,1300
N09000008,4/1/18,2005
N09000009,4/1/18,1480
N09000010,4/1/18,2385
N09000011,4/1/18,2100
S12000005,4/1/18,1430
S12000006,4/1/18,1640
S12000008,4/1/18,3260
S12000010,4/1/18,2070
S12000011,4/1/18,700
S12000013,4/1/18,280
S12000014,4/1/18,2525
S12000017,4/1/18,4020
S12000018,4/1/18,2750
S12000019,4/1/18,1660
S12000020,4/1/18,1145
S12000021,4/1/18,4030
S12000023,4/1/18,110
S12000026,4/1/18,1140
S12000027,4/1/18,130
S12000028,4/1/18,1775
S12000029,4/1/18,6245
S12000030,4/1/18,1515
S12000033,4/1/18,3430
S12000034,4/1/18,2165
S12000035,4/1/18,890
S12000036,4/1/18,5040
S12000038,4/1/18,3270
S12000039,4/1/18,2175
S12000040,4/1/18,2220
S12000041,4/1/18,1990
S12000042,4/1/18,4105
S12000045,4/1/18,1215
S12000047,4/1/18,7790
S12000048,4/1/18,1165
S12000049,4/1/18,14165
S12000050,4/1/18,6070
W06000001,4/1/18,1015
W06000002,4/1/18,1315
W06000003,4/1/18,1425
W06000004,4/1/18,1130
W06000005,4/1/18,2245
W06000006,4/1/18,2030
W06000008,4/1/18,480
W06000009,4/1/18,1515
W06000010,4/1/18,2180
W06000011,4/1/18,4385
W06000012,4/1/18,2950
W06000013,4/1/18,1825
W06000014,4/1/18,1315
W06000015,4/1/18,5250
W06000016,4/1/18,3300
W06000018,4/1/18,2915
W06000019,4/1/18,1260
W06000020,4/1/18,2060
W06000021,4/1/18,630
W06000022,4/1/18,3270
W06000023,4/1/18,740
W06000024,4/1/18,1035
E06000001,5/1/18,4000
E06000002,5/1/18,4015
E06000003,5/1/18,2915
E06000004,5/1/18,3915
E06000005,5/1/18,2325
E06000006,5/1/18,3150
E06000007,5/1/18,3155
E06000008,5/1/18,3040
E06000009,5/1/18,3835
E06000010,5/1/18,6415
E06000011,5/1/18,2855
E06000012,5/1/18,3910
E06000013,5/1/18,2995
E06000014,5/1/18,1690
E06000015,5/1/18,3530
E06000016,5/1/18,4335
E06000017,5/1/18,175
E06000018,5/1/18,7485
E06000019,5/1/18,1235
E06000020,5/1/18,2145
E06000021,5/1/18,4495
E06000022,5/1/18,2140
E06000023,5/1/18,5295
E06000024,5/1/18,2045
E06000025,5/1/18,1560
E06000026,5/1/18,4265
E06000027,5/1/18,1660
E06000030,5/1/18,3030
E06000031,5/1/18,2970
E06000032,5/1/18,2600
E06000033,5/1/18,3310
E06000034,5/1/18,2295
E06000035,5/1/18,3470
E06000036,5/1/18,545
E06000037,5/1/18,850
E06000038,5/1/18,1950
E06000039,5/1/18,1260
E06000040,5/1/18,700
E06000041,5/1/18,635
E06000042,5/1/18,2770
E06000043,5/1/18,4070
E06000044,5/1/18,2465
E06000045,5/1/18,4505
E06000046,5/1/18,1430
E06000047,5/1/18,10415
E06000049,5/1/18,3295
E06000050,5/1/18,4335
E06000051,5/1/18,2280
E06000052,5/1/18,4560
E06000053,5/1/18,0
E06000054,5/1/18,4145
E06000055,5/1/18,3120
E06000056,5/1/18,1650
E06000057,5/1/18,5010
E06000058,5/1/18,4375
E06000059,5/1/18,2460
E06000060,5/1/18,3050
E06000061,5/1/18,4090
E06000062,5/1/18,4130
E06000063,5/1/18,3970
E06000064,5/1/18,1615
E06000065,5/1/18,5345
E06000066,5/1/18,7030
E07000008,5/1/18,780
E07000009,5/1/18,370
E07000010,5/1/18,780
E07000011,5/1/18,870
E07000012,5/1/18,495
E07000032,5/1/18,1110
E07000033,5/1/18,855
E07000034,5/1/18,1655
E07000035,5/1/18,300
E07000036,5/1/18,1970
E07000037,5/1/18,765
E07000038,5/1/18,815
E07000039,5/1/18,545
E07000040,5/1/18,605
E07000041,5/1/18,860
E07000042,5/1/18,430
E07000043,5/1/18,555
E07000044,5/1/18,385
E07000045,5/1/18,675
E07000046,5/1/18,495
E07000047,5/1/18,315
E07000061,5/1/18,1580
E07000062,5/1/18,2545
E07000063,5/1/18,715
E07000064,5/1/18,1115
E07000065,5/1/18,720
E07000066,5/1/18,2625
E07000067,5/1/18,1335
E07000068,5/1/18,540
E07000069,5/1/18,555
E07000070,5/1/18,1210
E07000071,5/1/18,1395
E07000072,5/1/18,985
E07000073,5/1/18,1510
E07000074,5/1/18,365
E07000075,5/1/18,440
E07000076,5/1/18,2130
E07000077,5/1/18,380
E07000078,5/1/18,945
E07000079,5/1/18,455
E07000080,5/1/18,825
E07000081,5/1/18,1385
E07000082,5/1/18,755
E07000083,5/1/18,560
E07000084,5/1/18,1070
E07000085,5/1/18,445
E07000086,5/1/18,945
E07000087,5/1/18,555
E07000088,5/1/18,795
E07000089,5/1/18,270
E07000090,5/1/18,1185
E07000091,5/1/18,835
E07000092,5/1/18,530
E07000093,5/1/18,525
E07000094,5/1/18,490
E07000095,5/1/18,1030
E07000096,5/1/18,1100
E07000098,5/1/18,845
E07000099,5/1/18,930
E07000102,5/1/18,675
E07000103,5/1/18,1160
E07000105,5/1/18,1350
E07000106,5/1/18,1415
E07000107,5/1/18,765
E07000108,5/1/18,2180
E07000109,5/1/18,1405
E07000110,5/1/18,1245
E07000111,5/1/18,535
E07000112,5/1/18,1590
E07000113,5/1/18,2445
E07000114,5/1/18,4020
E07000115,5/1/18,740
E07000116,5/1/18,615
E07000117,5/1/18,2620
E07000118,5/1/18,1130
E07000119,5/1/18,625
E07000120,5/1/18,1535
E07000121,5/1/18,2620
E07000122,5/1/18,1195
E07000123,5/1/18,2260
E07000124,5/1/18,300
E07000125,5/1/18,970
E07000126,5/1/18,945
E07000127,5/1/18,1505
E07000128,5/1/18,985
E07000129,5/1/18,460
E07000130,5/1/18,975
E07000131,5/1/18,525
E07000132,5/1/18,1030
E07000133,5/1/18,645
E07000134,5/1/18,655
E07000135,5/1/18,300
E07000136,5/1/18,680
E07000137,5/1/18,1640
E07000138,5/1/18,1850
E07000139,5/1/18,640
E07000140,5/1/18,645
E07000141,5/1/18,1605
E07000142,5/1/18,1185
E07000143,5/1/18,975
E07000144,5/1/18,650
E07000145,5/1/18,3005
E07000146,5/1/18,975
E07000147,5/1/18,545
E07000148,5/1/18,1775
E07000149,5/1/18,700
E07000170,5/1/18,1675
E07000171,5/1/18,1425
E07000172,5/1/18,1120
E07000173,5/1/18,1120
E07000174,5/1/18,1375
E07000175,5/1/18,990
E07000176,5/1/18,615
E07000177,5/1/18,805
E07000178,5/1/18,1430
E07000179,5/1/18,650
E07000180,5/1/18,755
E07000181,5/1/18,565
E07000192,5/1/18,910
E07000193,5/1/18,900
E07000194,5/1/18,740
E07000195,5/1/18,1200
E07000196,5/1/18,930
E07000197,5/1/18,830
E07000198,5/1/18,615
E07000199,5/1/18,895
E07000200,5/1/18,610
E07000202,5/1/18,1895
E07000203,5/1/18,500
E07000207,5/1/18,500
E07000208,5/1/18,380
E07000209,5/1/18,565
E07000210,5/1/18,285
E07000211,5/1/18,760
E07000212,5/1/18,370
E07000213,5/1/18,560
E07000214,5/1/18,340
E07000215,5/1/18,515
E07000216,5/1/18,385
E07000217,5/1/18,425
E07000218,5/1/18,540
E07000219,5/1/18,2155
E07000220,5/1/18,1420
E07000221,5/1/18,775
E07000222,5/1/18,775
E07000223,5/1/18,490
E07000224,5/1/18,1145
E07000225,5/1/18,725
E07000226,5/1/18,1010
E07000227,5/1/18,615
E07000228,5/1/18,380
E07000229,5/1/18,875
E07000234,5/1/18,745
E07000235,5/1/18,540
E07000236,5/1/18,1205
E07000237,5/1/18,1135
E07000238,5/1/18,815
E07000239,5/1/18,990
E07000240,5/1/18,1085
E07000241,5/1/18,1170
E07000242,5/1/18,625
E07000243,5/1/18,920
E07000244,5/1/18,2980
E07000245,5/1/18,1505
E08000001,5/1/18,6055
E08000002,5/1/18,2945
E08000003,5/1/18,11860
E08000004,5/1/18,6030
E08000005,5/1/18,4015
E08000006,5/1/18,4820
E08000007,5/1/18,3375
E08000008,5/1/18,4020
E08000009,5/1/18,2995
E08000010,5/1/18,5570
E08000011,5/1/18,3265
E08000012,5/1/18,11815
E08000013,5/1/18,3255
E08000014,5/1/18,5400
E08000015,5/1/18,5515
E08000016,5/1/18,5060
E08000017,5/1/18,6115
E08000018,5/1/18,4420
E08000019,5/1/18,9200
E08000021,5/1/18,8235
E08000022,5/1/18,3445
E08000023,5/1/18,4415
E08000024,5/1/18,5870
E08000025,5/1/18,35740
E08000026,5/1/18,4680
E08000027,5/1/18,7200
E08000028,5/1/18,7545
E08000029,5/1/18,3025
E08000030,5/1/18,5185
E08000031,5/1/18,7810
E08000032,5/1/18,9545
E08000033,5/1/18,4365
E08000034,5/1/18,7810
E08000035,5/1/18,11580
E08000036,5/1/18,4280
E08000037,5/1/18,4760
E09000001,5/1/18,65
E09000002,5/1/18,3475
E09000003,5/1/18,3600
E09000004,5/1/18,2100
E09000005,5/1/18,4800
E09000006,5/1/18,2330
E09000007,5/1/18,2865
E09000008,5/1/18,9565
E09000009,5/1/18,5195
E09000010,5/1/18,5045
E09000011,5/1/18,4275
E09000012,5/1/18,5050
E09000013,5/1/18,4465
E09000014,5/1/18,4580
E09000015,5/1/18,1865
E09000016,5/1/18,2555
E09000017,5/1/18,2640
E09000018,5/1/18,5450
E09000019,5/1/18,3925
E09000020,5/1/18,1990
E09000021,5/1/18,1285
E09000022,5/1/18,6660
E09000023,5/1/18,5500
E09000024,5/1/18,2730
E09000025,5/1/18,4750
E09000026,5/1/18,2560
E09000027,5/1/18,1525
E09000028,5/1/18,7930
E09000029,5/1/18,2920
E09000030,5/1/18,6600
E09000031,5/1/18,4055
E09000032,5/1/18,3465
E09000033,5/1/18,2670
N09000001,5/1/18,1740
N09000002,5/1/18,2350
N09000003,5/1/18,6980
N09000004,5/1/18,2540
N09000005,5/1/18,4395
N09000006,5/1/18,1475
N09000007,5/1/18,1255
N09000008,5/1/18,1970
N09000009,5/1/18,1450
N09000010,5/1/18,2265
N09000011,5/1/18,2080
S12000005,5/1/18,1350
S12000006,5/1/18,1575
S12000008,5/1/18,3245
S12000010,5/1/18,1880
S12000011,5/1/18,685
S12000013,5/1/18,260
S12000014,5/1/18,2500
S12000017,5/1/18,3720
S12000018,5/1/18,2615
S12000019,5/1/18,1515
S12000020,5/1/18,1060
S12000021,5/1/18,4005
S12000023,5/1/18,100
S12000026,5/1/18,1110
S12000027,5/1/18,120
S12000028,5/1/18,1855
S12000029,5/1/18,6120
S12000030,5/1/18,1420
S12000033,5/1/18,3295
S12000034,5/1/18,2100
S12000035,5/1/18,855
S12000036,5/1/18,4940
S12000038,5/1/18,3195
S12000039,5/1/18,2175
S12000040,5/1/18,2135
S12000041,5/1/18,1925
S12000042,5/1/18,4110
S12000045,5/1/18,1140
S12000047,5/1/18,7720
S12000048,5/1/18,1135
S12000049,5/1/18,13935
S12000050,5/1/18,6115
W06000001,5/1/18,970
W06000002,5/1/18,1255
W06000003,5/1/18,1395
W06000004,5/1/18,1125
W06000005,5/1/18,2110
W06000006,5/1/18,1950
W06000008,5/1/18,450
W06000009,5/1/18,1440
W06000010,5/1/18,2150
W06000011,5/1/18,4440
W06000012,5/1/18,2860
W06000013,5/1/18,1755
W06000014,5/1/18,1245
W06000015,5/1/18,5315
W06000016,5/1/18,3190
W06000018,5/1/18,2850
W06000019,5/1/18,1220
W06000020,5/1/18,1940
W06000021,5/1/18,610
W06000022,5/1/18,3250
W06000023,5/1/18,725
W06000024,5/1/18,975
E06000001,6/1/18,3965
E06000002,6/1/18,3910
E06000003,6/1/18,2710
E06000004,6/1/18,3720
E06000005,6/1/18,2310
E06000006,6/1/18,3155
E06000007,6/1/18,3160
E06000008,6/1/18,3225
E06000009,6/1/18,3695
E06000010,6/1/18,6205
E06000011,6/1/18,2790
E06000012,6/1/18,3945
E06000013,6/1/18,3070
E06000014,6/1/18,1675
E06000015,6/1/18,3450
E06000016,6/1/18,4210
E06000017,6/1/18,185
E06000018,6/1/18,7150
E06000019,6/1/18,1140
E06000020,6/1/18,1975
E06000021,6/1/18,4285
E06000022,6/1/18,2040
E06000023,6/1/18,5165
E06000024,6/1/18,1965
E06000025,6/1/18,1505
E06000026,6/1/18,4415
E06000027,6/1/18,1520
E06000030,6/1/18,2990
E06000031,6/1/18,3085
E06000032,6/1/18,2570
E06000033,6/1/18,3370
E06000034,6/1/18,2400
E06000035,6/1/18,3240
E06000036,6/1/18,520
E06000037,6/1/18,875
E06000038,6/1/18,2050
E06000039,6/1/18,1255
E06000040,6/1/18,635
E06000041,6/1/18,640
E06000042,6/1/18,2635
E06000043,6/1/18,4120
E06000044,6/1/18,2435
E06000045,6/1/18,4485
E06000046,6/1/18,1325
E06000047,6/1/18,10340
E06000049,6/1/18,3310
E06000050,6/1/18,4435
E06000051,6/1/18,2255
E06000052,6/1/18,4385
E06000053,6/1/18,5
E06000054,6/1/18,4065
E06000055,6/1/18,3110
E06000056,6/1/18,1630
E06000057,6/1/18,4785
E06000058,6/1/18,4545
E06000059,6/1/18,2515
E06000060,6/1/18,2925
E06000061,6/1/18,4035
E06000062,6/1/18,4030
E06000063,6/1/18,3935
E06000064,6/1/18,1590
E06000065,6/1/18,5080
E06000066,6/1/18,6945
E07000008,6/1/18,755
E07000009,6/1/18,355
E07000010,6/1/18,815
E07000011,6/1/18,855
E07000012,6/1/18,470
E07000032,6/1/18,1095
E07000033,6/1/18,850
E07000034,6/1/18,1640
E07000035,6/1/18,280
E07000036,6/1/18,1935
E07000037,6/1/18,730
E07000038,6/1/18,800
E07000039,6/1/18,525
E07000040,6/1/18,550
E07000041,6/1/18,800
E07000042,6/1/18,410
E07000043,6/1/18,505
E07000044,6/1/18,405
E07000045,6/1/18,635
E07000046,6/1/18,460
E07000047,6/1/18,315
E07000061,6/1/18,1590
E07000062,6/1/18,2505
E07000063,6/1/18,685
E07000064,6/1/18,1115
E07000065,6/1/18,695
E07000066,6/1/18,2660
E07000067,6/1/18,1335
E07000068,6/1/18,565
E07000069,6/1/18,545
E07000070,6/1/18,1140
E07000071,6/1/18,1390
E07000072,6/1/18,965
E07000073,6/1/18,1530
E07000074,6/1/18,360
E07000075,6/1/18,445
E07000076,6/1/18,2070
E07000077,6/1/18,400
E07000078,6/1/18,1000
E07000079,6/1/18,485
E07000080,6/1/18,855
E07000081,6/1/18,1495
E07000082,6/1/18,770
E07000083,6/1/18,595
E07000084,6/1/18,1010
E07000085,6/1/18,430
E07000086,6/1/18,905
E07000087,6/1/18,525
E07000088,6/1/18,775
E07000089,6/1/18,240
E07000090,6/1/18,1130
E07000091,6/1/18,805
E07000092,6/1/18,520
E07000093,6/1/18,530
E07000094,6/1/18,480
E07000095,6/1/18,1085
E07000096,6/1/18,1090
E07000098,6/1/18,815
E07000099,6/1/18,920
E07000102,6/1/18,705
E07000103,6/1/18,1210
E07000105,6/1/18,1360
E07000106,6/1/18,1360
E07000107,6/1/18,735
E07000108,6/1/18,2210
E07000109,6/1/18,1365
E07000110,6/1/18,1195
E07000111,6/1/18,490
E07000112,6/1/18,1500
E07000113,6/1/18,2440
E07000114,6/1/18,3955
E07000115,6/1/18,715
E07000116,6/1/18,610
E07000117,6/1/18,2610
E07000118,6/1/18,1130
E07000119,6/1/18,600
E07000120,6/1/18,1645
E07000121,6/1/18,2555
E07000122,6/1/18,1175
E07000123,6/1/18,2220
E07000124,6/1/18,270
E07000125,6/1/18,955
E07000126,6/1/18,905
E07000127,6/1/18,1520
E07000128,6/1/18,915
E07000129,6/1/18,430
E07000130,6/1/18,950
E07000131,6/1/18,495
E07000132,6/1/18,1025
E07000133,6/1/18,630
E07000134,6/1/18,675
E07000135,6/1/18,275
E07000136,6/1/18,645
E07000137,6/1/18,1540
E07000138,6/1/18,1925
E07000139,6/1/18,650
E07000140,6/1/18,645
E07000141,6/1/18,1630
E07000142,6/1/18,1185
E07000143,6/1/18,930
E07000144,6/1/18,590
E07000145,6/1/18,2840
E07000146,6/1/18,910
E07000147,6/1/18,470
E07000148,6/1/18,1700
E07000149,6/1/18,665
E07000170,6/1/18,1615
E07000171,6/1/18,1455
E07000172,6/1/18,1065
E07000173,6/1/18,1065
E07000174,6/1/18,1330
E07000175,6/1/18,990
E07000176,6/1/18,590
E07000177,6/1/18,830
E07000178,6/1/18,1460
E07000179,6/1/18,675
E07000180,6/1/18,770
E07000181,6/1/18,590
E07000192,6/1/18,860
E07000193,6/1/18,885
E07000194,6/1/18,775
E07000195,6/1/18,1155
E07000196,6/1/18,935
E07000197,6/1/18,820
E07000198,6/1/18,550
E07000199,6/1/18,900
E07000200,6/1/18,635
E07000202,6/1/18,1905
E07000203,6/1/18,480
E07000207,6/1/18,520
E07000208,6/1/18,380
E07000209,6/1/18,560
E07000210,6/1/18,300
E07000211,6/1/18,760
E07000212,6/1/18,380
E07000213,6/1/18,570
E07000214,6/1/18,345
E07000215,6/1/18,500
E07000216,6/1/18,375
E07000217,6/1/18,440
E07000218,6/1/18,520
E07000219,6/1/18,2170
E07000220,6/1/18,1395
E07000221,6/1/18,750
E07000222,6/1/18,740
E07000223,6/1/18,490
E07000224,6/1/18,1115
E07000225,6/1/18,685
E07000226,6/1/18,945
E07000227,6/1/18,585
E07000228,6/1/18,360
E07000229,6/1/18,855
E07000234,6/1/18,760
E07000235,6/1/18,495
E07000236,6/1/18,1205
E07000237,6/1/18,1100
E07000238,6/1/18,800
E07000239,6/1/18,955
E07000240,6/1/18,1120
E07000241,6/1/18,1185
E07000242,6/1/18,595
E07000243,6/1/18,880
E07000244,6/1/18,2850
E07000245,6/1/18,1435
E08000001,6/1/18,5910
E08000002,6/1/18,2900
E08000003,6/1/18,12045
E08000004,6/1/18,6090
E08000005,6/1/18,3955
E08000006,6/1/18,4770
E08000007,6/1/18,3290
E08000008,6/1/18,4265
E08000009,6/1/18,3030
E08000010,6/1/18,5720
E08000011,6/1/18,3235
E08000012,6/1/18,11580
E08000013,6/1/18,3110
E08000014,6/1/18,5330
E08000015,6/1/18,5665
E08000016,6/1/18,5000
E08000017,6/1/18,6190
E08000018,6/1/18,4155
E08000019,6/1/18,8830
E08000021,6/1/18,8135
E08000022,6/1/18,3380
E08000023,6/1/18,4150
E08000024,6/1/18,5795
E08000025,6/1/18,37010
E08000026,6/1/18,4430
E08000027,6/1/18,7245
E08000028,6/1/18,7450
E08000029,6/1/18,3010
E08000030,6/1/18,5045
E08000031,6/1/18,7930
E08000032,6/1/18,9420
E08000033,6/1/18,4365
E08000034,6/1/18,8010
E08000035,6/1/18,11205
E08000036,6/1/18,4090
E08000037,6/1/18,4870
E09000001,6/1/18,65
E09000002,6/1/18,3610
E09000003,6/1/18,3565
E09000004,6/1/18,1985
E09000005,6/1/18,4715
E09000006,6/1/18,2365
E09000007,6/1/18,2770
E09000008,6/1/18,9335
E09000009,6/1/18,5405
E09000010,6/1/18,5170
E09000011,6/1/18,4165
E09000012,6/1/18,5095
E09000013,6/1/18,4450
E09000014,6/1/18,4570
E09000015,6/1/18,1820
E09000016,6/1/18,2535
E09000017,6/1/18,2535
E09000018,6/1/18,5370
E09000019,6/1/18,3945
E09000020,6/1/18,1960
E09000021,6/1/18,1230
E09000022,6/1/18,6800
E09000023,6/1/18,5445
E09000024,6/1/18,2740
E09000025,6/1/18,4810
E09000026,6/1/18,2580
E09000027,6/1/18,1520
E09000028,6/1/18,7815
E09000029,6/1/18,2880
E09000030,6/1/18,6630
E09000031,6/1/18,4035
E09000032,6/1/18,3470
E09000033,6/1/18,2600
N09000001,6/1/18,1660
N09000002,6/1/18,2255
N09000003,6/1/18,6840
N09000004,6/1/18,2505
N09000005,6/1/18,4410
N09000006,6/1/18,1480
N09000007,6/1/18,1205
N09000008,6/1/18,1875
N09000009,6/1/18,1475
N09000010,6/1/18,2165
N09000011,6/1/18,2020
S12000005,6/1/18,1365
S12000006,6/1/18,1575
S12000008,6/1/18,3350
S12000010,6/1/18,1830
S12000011,6/1/18,690
S12000013,6/1/18,230
S12000014,6/1/18,2675
S12000017,6/1/18,3550
S12000018,6/1/18,2630
S12000019,6/1/18,1455
S12000020,6/1/18,1030
S12000021,6/1/18,4200
S12000023,6/1/18,100
S12000026,6/1/18,1080
S12000027,6/1/18,125
S12000028,6/1/18,1980
S12000029,6/1/18,6370
S12000030,6/1/18,1405
S12000033,6/1/18,3200
S12000034,6/1/18,2050
S12000035,6/1/18,840
S12000036,6/1/18,4875
S12000038,6/1/18,3205
S12000039,6/1/18,2130
S12000040,6/1/18,2080
S12000041,6/1/18,1945
S12000042,6/1/18,4310
S12000045,6/1/18,1130
S12000047,6/1/18,7930
S12000048,6/1/18,1075
S12000049,6/1/18,13860
S12000050,6/1/18,6585
W06000001,6/1/18,890
W06000002,6/1/18,1160
W06000003,6/1/18,1305
W06000004,6/1/18,1125
W06000005,6/1/18,2100
W06000006,6/1/18,2040
W06000008,6/1/18,435
W06000009,6/1/18,1425
W06000010,6/1/18,2165
W06000011,6/1/18,4615
W06000012,6/1/18,2800
W06000013,6/1/18,1735
W06000014,6/1/18,1180
W06000015,6/1/18,5645
W06000016,6/1/18,3155
W06000018,6/1/18,2765
W06000019,6/1/18,1135
W06000020,6/1/18,1940
W06000021,6/1/18,605
W06000022,6/1/18,3320
W06000023,6/1/18,715
W06000024,6/1/18,940
E06000001,7/1/18,3860
E06000002,7/1/18,3805
E06000003,7/1/18,2635
E06000004,7/1/18,3665
E06000005,7/1/18,2265
E06000006,7/1/18,3145
E06000007,7/1/18,3105
E06000008,7/1/18,3365
E06000009,7/1/18,3540
E06000010,7/1/18,6120
E06000011,7/1/18,2750
E06000012,7/1/18,4000
E06000013,7/1/18,3070
E06000014,7/1/18,1680
E06000015,7/1/18,3360
E06000016,7/1/18,4260
E06000017,7/1/18,200
E06000018,7/1/18,6970
E06000019,7/1/18,1170
E06000020,7/1/18,1920
E06000021,7/1/18,4095
E06000022,7/1/18,2085
E06000023,7/1/18,5095
E06000024,7/1/18,2035
E06000025,7/1/18,1490
E06000026,7/1/18,4550
E06000027,7/1/18,1435
E06000030,7/1/18,3035
E06000031,7/1/18,3150
E06000032,7/1/18,2515
E06000033,7/1/18,3445
E06000034,7/1/18,2425
E06000035,7/1/18,3305
E06000036,7/1/18,550
E06000037,7/1/18,940
E06000038,7/1/18,2145
E06000039,7/1/18,1405
E06000040,7/1/18,655
E06000041,7/1/18,675
E06000042,7/1/18,2600
E06000043,7/1/18,4240
E06000044,7/1/18,2400
E06000045,7/1/18,4435
E06000046,7/1/18,1355
E06000047,7/1/18,10445
E06000049,7/1/18,3335
E06000050,7/1/18,4460
E06000051,7/1/18,2360
E06000052,7/1/18,4550
E06000053,7/1/18,5
E06000054,7/1/18,4135
E06000055,7/1/18,3160
E06000056,7/1/18,1570
E06000057,7/1/18,4600
E06000058,7/1/18,4670
E06000059,7/1/18,2690
E06000060,7/1/18,2970
E06000061,7/1/18,3995
E06000062,7/1/18,3960
E06000063,7/1/18,3925
E06000064,7/1/18,1535
E06000065,7/1/18,5110
E06000066,7/1/18,6885
E07000008,7/1/18,740
E07000009,7/1/18,340
E07000010,7/1/18,840
E07000011,7/1/18,880
E07000012,7/1/18,490
E07000032,7/1/18,1050
E07000033,7/1/18,835
E07000034,7/1/18,1635
E07000035,7/1/18,280
E07000036,7/1/18,1935
E07000037,7/1/18,715
E07000038,7/1/18,775
E07000039,7/1/18,545
E07000040,7/1/18,525
E07000041,7/1/18,760
E07000042,7/1/18,395
E07000043,7/1/18,455
E07000044,7/1/18,395
E07000045,7/1/18,625
E07000046,7/1/18,455
E07000047,7/1/18,310
E07000061,7/1/18,1650
E07000062,7/1/18,2525
E07000063,7/1/18,690
E07000064,7/1/18,1120
E07000065,7/1/18,760
E07000066,7/1/18,2730
E07000067,7/1/18,1400
E07000068,7/1/18,570
E07000069,7/1/18,520
E07000070,7/1/18,1170
E07000071,7/1/18,1360
E07000072,7/1/18,955
E07000073,7/1/18,1575
E07000074,7/1/18,355
E07000075,7/1/18,445
E07000076,7/1/18,2035
E07000077,7/1/18,395
E07000078,7/1/18,1050
E07000079,7/1/18,490
E07000080,7/1/18,860
E07000081,7/1/18,1600
E07000082,7/1/18,765
E07000083,7/1/18,625
E07000084,7/1/18,1035
E07000085,7/1/18,430
E07000086,7/1/18,920
E07000087,7/1/18,520
E07000088,7/1/18,725
E07000089,7/1/18,250
E07000090,7/1/18,1115
E07000091,7/1/18,795
E07000092,7/1/18,520
E07000093,7/1/18,505
E07000094,7/1/18,460
E07000095,7/1/18,1105
E07000096,7/1/18,1055
E07000098,7/1/18,845
E07000099,7/1/18,880
E07000102,7/1/18,710
E07000103,7/1/18,1250
E07000105,7/1/18,1315
E07000106,7/1/18,1275
E07000107,7/1/18,725
E07000108,7/1/18,2210
E07000109,7/1/18,1405
E07000110,7/1/18,1165
E07000111,7/1/18,465
E07000112,7/1/18,1470
E07000113,7/1/18,2480
E07000114,7/1/18,3920
E07000115,7/1/18,695
E07000116,7/1/18,585
E07000117,7/1/18,2580
E07000118,7/1/18,1095
E07000119,7/1/18,595
E07000120,7/1/18,1710
E07000121,7/1/18,2555
E07000122,7/1/18,1170
E07000123,7/1/18,2240
E07000124,7/1/18,265
E07000125,7/1/18,945
E07000126,7/1/18,930
E07000127,7/1/18,1500
E07000128,7/1/18,885
E07000129,7/1/18,465
E07000130,7/1/18,955
E07000131,7/1/18,485
E07000132,7/1/18,1020
E07000133,7/1/18,630
E07000134,7/1/18,700
E07000135,7/1/18,275
E07000136,7/1/18,620
E07000137,7/1/18,1550
E07000138,7/1/18,1985
E07000139,7/1/18,660
E07000140,7/1/18,620
E07000141,7/1/18,1630
E07000142,7/1/18,1160
E07000143,7/1/18,875
E07000144,7/1/18,580
E07000145,7/1/18,2785
E07000146,7/1/18,875
E07000147,7/1/18,450
E07000148,7/1/18,1655
E07000149,7/1/18,645
E07000170,7/1/18,1560
E07000171,7/1/18,1495
E07000172,7/1/18,1020
E07000173,7/1/18,1060
E07000174,7/1/18,1290
E07000175,7/1/18,1005
E07000176,7/1/18,555
E07000177,7/1/18,885
E07000178,7/1/18,1520
E07000179,7/1/18,710
E07000180,7/1/18,810
E07000181,7/1/18,615
E07000192,7/1/18,815
E07000193,7/1/18,850
E07000194,7/1/18,765
E07000195,7/1/18,1150
E07000196,7/1/18,915
E07000197,7/1/18,800
E07000198,7/1/18,510
E07000199,7/1/18,965
E07000200,7/1/18,670
E07000202,7/1/18,2045
E07000203,7/1/18,515
E07000207,7/1/18,510
E07000208,7/1/18,405
E07000209,7/1/18,565
E07000210,7/1/18,305
E07000211,7/1/18,735
E07000212,7/1/18,385
E07000213,7/1/18,575
E07000214,7/1/18,340
E07000215,7/1/18,500
E07000216,7/1/18,375
E07000217,7/1/18,405
E07000218,7/1/18,525
E07000219,7/1/18,2250
E07000220,7/1/18,1375
E07000221,7/1/18,750
E07000222,7/1/18,735
E07000223,7/1/18,440
E07000224,7/1/18,1060
E07000225,7/1/18,665
E07000226,7/1/18,930
E07000227,7/1/18,590
E07000228,7/1/18,375
E07000229,7/1/18,835
E07000234,7/1/18,765
E07000235,7/1/18,485
E07000236,7/1/18,1275
E07000237,7/1/18,1095
E07000238,7/1/18,780
E07000239,7/1/18,980
E07000240,7/1/18,1105
E07000241,7/1/18,1270
E07000242,7/1/18,585
E07000243,7/1/18,870
E07000244,7/1/18,2875
E07000245,7/1/18,1425
E08000001,7/1/18,5795
E08000002,7/1/18,2870
E08000003,7/1/18,12255
E08000004,7/1/18,6105
E08000005,7/1/18,3970
E08000006,7/1/18,4640
E08000007,7/1/18,3265
E08000008,7/1/18,4405
E08000009,7/1/18,3115
E08000010,7/1/18,5830
E08000011,7/1/18,3310
E08000012,7/1/18,11370
E08000013,7/1/18,3015
E08000014,7/1/18,5355
E08000015,7/1/18,5850
E08000016,7/1/18,4910
E08000017,7/1/18,6180
E08000018,7/1/18,4145
E08000019,7/1/18,8660
E08000021,7/1/18,8085
E08000022,7/1/18,3405
E08000023,7/1/18,4290
E08000024,7/1/18,5830
E08000025,7/1/18,37930
E08000026,7/1/18,4280
E08000027,7/1/18,7320
E08000028,7/1/18,7390
E08000029,7/1/18,3015
E08000030,7/1/18,5010
E08000031,7/1/18,8045
E08000032,7/1/18,9160
E08000033,7/1/18,4350
E08000034,7/1/18,8125
E08000035,7/1/18,11100
E08000036,7/1/18,3960
E08000037,7/1/18,4845
E09000001,7/1/18,65
E09000002,7/1/18,3705
E09000003,7/1/18,3645
E09000004,7/1/18,1880
E09000005,7/1/18,4680
E09000006,7/1/18,2355
E09000007,7/1/18,2695
E09000008,7/1/18,9355
E09000009,7/1/18,5445
E09000010,7/1/18,5300
E09000011,7/1/18,4050
E09000012,7/1/18,5060
E09000013,7/1/18,4475
E09000014,7/1/18,4505
E09000015,7/1/18,1770
E09000016,7/1/18,2470
E09000017,7/1/18,2515
E09000018,7/1/18,5365
E09000019,7/1/18,3955
E09000020,7/1/18,1890
E09000021,7/1/18,1245
E09000022,7/1/18,6965
E09000023,7/1/18,5360
E09000024,7/1/18,2830
E09000025,7/1/18,4765
E09000026,7/1/18,2460
E09000027,7/1/18,1470
E09000028,7/1/18,7885
E09000029,7/1/18,2910
E09000030,7/1/18,6685
E09000031,7/1/18,4035
E09000032,7/1/18,3470
E09000033,7/1/18,2520
N09000001,7/1/18,1720
N09000002,7/1/18,2325
N09000003,7/1/18,6660
N09000004,7/1/18,2555
N09000005,7/1/18,4505
N09000006,7/1/18,1515
N09000007,7/1/18,1230
N09000008,7/1/18,1940
N09000009,7/1/18,1515
N09000010,7/1/18,2230
N09000011,7/1/18,2040
S12000005,7/1/18,1400
S12000006,7/1/18,1705
S12000008,7/1/18,3600
S12000010,7/1/18,1805
S12000011,7/1/18,700
S12000013,7/1/18,230
S12000014,7/1/18,2735
S12000017,7/1/18,3520
S12000018,7/1/18,2645
S12000019,7/1/18,1425
S12000020,7/1/18,1030
S12000021,7/1/18,4415
S12000023,7/1/18,85
S12000026,7/1/18,1080
S12000027,7/1/18,130
S12000028,7/1/18,2210
S12000029,7/1/18,6620
S12000030,7/1/18,1430
S12000033,7/1/18,3160
S12000034,7/1/18,2015
S12000035,7/1/18,835
S12000036,7/1/18,4800
S12000038,7/1/18,3160
S12000039,7/1/18,2065
S12000040,7/1/18,2190
S12000041,7/1/18,2035
S12000042,7/1/18,4415
S12000045,7/1/18,1145
S12000047,7/1/18,8215
S12000048,7/1/18,1130
S12000049,7/1/18,13740
S12000050,7/1/18,7100
W06000001,7/1/18,850
W06000002,7/1/18,1145
W06000003,7/1/18,1335
W06000004,7/1/18,1185
W06000005,7/1/18,2130
W06000006,7/1/18,2110
W06000008,7/1/18,440
W06000009,7/1/18,1375
W06000010,7/1/18,2100
W06000011,7/1/18,4690
W06000012,7/1/18,2800
W06000013,7/1/18,1830
W06000014,7/1/18,1185
W06000015,7/1/18,5880
W06000016,7/1/18,3125
W06000018,7/1/18,2720
W06000019,7/1/18,1100
W06000020,7/1/18,1945
W06000021,7/1/18,580
W06000022,7/1/18,3360
W06000023,7/1/18,700
W06000024,7/1/18,905
E06000001,8/1/18,3910
E06000002,8/1/18,3805
E06000003,8/1/18,2600
E06000004,8/1/18,3725
E06000005,8/1/18,2365
E06000006,8/1/18,3220
E06000007,8/1/18,3130
E06000008,8/1/18,3535
E06000009,8/1/18,3540
E06000010,8/1/18,6110
E06000011,8/1/18,2825
E06000012,8/1/18,4135
E06000013,8/1/18,3120
E06000014,8/1/18,1680
E06000015,8/1/18,3325
E06000016,8/1/18,4395
E06000017,8/1/18,205
E06000018,8/1/18,6890
E06000019,8/1/18,1205
E06000020,8/1/18,1900
E06000021,8/1/18,4240
E06000022,8/1/18,2080
E06000023,8/1/18,5125
E06000024,8/1/18,2115
E06000025,8/1/18,1495
E06000026,8/1/18,4705
E06000027,8/1/18,1435
E06000030,8/1/18,3090
E06000031,8/1/18,3270
E06000032,8/1/18,2430
E06000033,8/1/18,3530
E06000034,8/1/18,2500
E06000035,8/1/18,3475
E06000036,8/1/18,620
E06000037,8/1/18,980
E06000038,8/1/18,2225
E06000039,8/1/18,1470
E06000040,8/1/18,680
E06000041,8/1/18,735
E06000042,8/1/18,2660
E06000043,8/1/18,4400
E06000044,8/1/18,2425
E06000045,8/1/18,4470
E06000046,8/1/18,1365
E06000047,8/1/18,10830
E06000049,8/1/18,3395
E06000050,8/1/18,4580
E06000051,8/1/18,2440
E06000052,8/1/18,4765
E06000053,8/1/18,5
E06000054,8/1/18,4295
E06000055,8/1/18,3245
E06000056,8/1/18,1575
E06000057,8/1/18,4635
E06000058,8/1/18,4790
E06000059,8/1/18,2695
E06000060,8/1/18,3075
E06000061,8/1/18,4015
E06000062,8/1/18,3985
E06000063,8/1/18,3940
E06000064,8/1/18,1495
E06000065,8/1/18,5330
E06000066,8/1/18,7040
E07000008,8/1/18,730
E07000009,8/1/18,350
E07000010,8/1/18,845
E07000011,8/1/18,850
E07000012,8/1/18,485
E07000032,8/1/18,1125
E07000033,8/1/18,845
E07000034,8/1/18,1670
E07000035,8/1/18,280
E07000036,8/1/18,1945
E07000037,8/1/18,705
E07000038,8/1/18,850
E07000039,8/1/18,550
E07000040,8/1/18,540
E07000041,8/1/18,765
E07000042,8/1/18,405
E07000043,8/1/18,475
E07000044,8/1/18,400
E07000045,8/1/18,625
E07000046,8/1/18,480
E07000047,8/1/18,295
E07000061,8/1/18,1680
E07000062,8/1/18,2520
E07000063,8/1/18,710
E07000064,8/1/18,1130
E07000065,8/1/18,785
E07000066,8/1/18,2780
E07000067,8/1/18,1415
E07000068,8/1/18,585
E07000069,8/1/18,525
E07000070,8/1/18,1175
E07000071,8/1/18,1370
E07000072,8/1/18,940
E07000073,8/1/18,1630
E07000074,8/1/18,335
E07000075,8/1/18,455
E07000076,8/1/18,2020
E07000077,8/1/18,415
E07000078,8/1/18,1110
E07000079,8/1/18,515
E07000080,8/1/18,915
E07000081,8/1/18,1635
E07000082,8/1/18,755
E07000083,8/1/18,670
E07000084,8/1/18,1095
E07000085,8/1/18,425
E07000086,8/1/18,940
E07000087,8/1/18,495
E07000088,8/1/18,710
E07000089,8/1/18,235
E07000090,8/1/18,1125
E07000091,8/1/18,820
E07000092,8/1/18,525
E07000093,8/1/18,550
E07000094,8/1/18,475
E07000095,8/1/18,1080
E07000096,8/1/18,1010
E07000098,8/1/18,845
E07000099,8/1/18,870
E07000102,8/1/18,760
E07000103,8/1/18,1340
E07000105,8/1/18,1365
E07000106,8/1/18,1315
E07000107,8/1/18,715
E07000108,8/1/18,2185
E07000109,8/1/18,1440
E07000110,8/1/18,1165
E07000111,8/1/18,460
E07000112,8/1/18,1505
E07000113,8/1/18,2560
E07000114,8/1/18,3950
E07000115,8/1/18,680
E07000116,8/1/18,570
E07000117,8/1/18,2655
E07000118,8/1/18,1100
E07000119,8/1/18,570
E07000120,8/1/18,1785
E07000121,8/1/18,2555
E07000122,8/1/18,1165
E07000123,8/1/18,2185
E07000124,8/1/18,270
E07000125,8/1/18,945
E07000126,8/1/18,905
E07000127,8/1/18,1560
E07000128,8/1/18,925
E07000129,8/1/18,505
E07000130,8/1/18,1015
E07000131,8/1/18,505
E07000132,8/1/18,1070
E07000133,8/1/18,630
E07000134,8/1/18,735
E07000135,8/1/18,310
E07000136,8/1/18,610
E07000137,8/1/18,1575
E07000138,8/1/18,1985
E07000139,8/1/18,680
E07000140,8/1/18,635
E07000141,8/1/18,1655
E07000142,8/1/18,1195
E07000143,8/1/18,865
E07000144,8/1/18,565
E07000145,8/1/18,2825
E07000146,8/1/18,865
E07000147,8/1/18,435
E07000148,8/1/18,1695
E07000149,8/1/18,665
E07000170,8/1/18,1510
E07000171,8/1/18,1550
E07000172,8/1/18,1015
E07000173,8/1/18,1085
E07000174,8/1/18,1285
E07000175,8/1/18,1020
E07000176,8/1/18,540
E07000177,8/1/18,955
E07000178,8/1/18,1565
E07000179,8/1/18,760
E07000180,8/1/18,820
E07000181,8/1/18,625
E07000192,8/1/18,830
E07000193,8/1/18,830
E07000194,8/1/18,745
E07000195,8/1/18,1210
E07000196,8/1/18,930
E07000197,8/1/18,840
E07000198,8/1/18,555
E07000199,8/1/18,1005
E07000200,8/1/18,700
E07000202,8/1/18,2165
E07000203,8/1/18,560
E07000207,8/1/18,495
E07000208,8/1/18,380
E07000209,8/1/18,550
E07000210,8/1/18,290
E07000211,8/1/18,695
E07000212,8/1/18,380
E07000213,8/1/18,555
E07000214,8/1/18,300
E07000215,8/1/18,500
E07000216,8/1/18,395
E07000217,8/1/18,395
E07000218,8/1/18,520
E07000219,8/1/18,2260
E07000220,8/1/18,1415
E07000221,8/1/18,795
E07000222,8/1/18,765
E07000223,8/1/18,485
E07000224,8/1/18,1085
E07000225,8/1/18,675
E07000226,8/1/18,1015
E07000227,8/1/18,610
E07000228,8/1/18,465
E07000229,8/1/18,855
E07000234,8/1/18,810
E07000235,8/1/18,495
E07000236,8/1/18,1350
E07000237,8/1/18,1105
E07000238,8/1/18,760
E07000239,8/1/18,970
E07000240,8/1/18,1130
E07000241,8/1/18,1260
E07000242,8/1/18,585
E07000243,8/1/18,865
E07000244,8/1/18,2900
E07000245,8/1/18,1460
E08000001,8/1/18,5715
E08000002,8/1/18,2760
E08000003,8/1/18,12500
E08000004,8/1/18,6165
E08000005,8/1/18,4190
E08000006,8/1/18,4695
E08000007,8/1/18,3260
E08000008,8/1/18,4650
E08000009,8/1/18,3180
E08000010,8/1/18,6060
E08000011,8/1/18,3465
E08000012,8/1/18,11380
E08000013,8/1/18,2990
E08000014,8/1/18,5570
E08000015,8/1/18,6065
E08000016,8/1/18,5010
E08000017,8/1/18,6355
E08000018,8/1/18,4080
E08000019,8/1/18,8545
E08000021,8/1/18,8210
E08000022,8/1/18,3610
E08000023,8/1/18,4340
E08000024,8/1/18,5640
E08000025,8/1/18,38440
E08000026,8/1/18,4320
E08000027,8/1/18,7415
E08000028,8/1/18,7375
E08000029,8/1/18,3070
E08000030,8/1/18,4970
E08000031,8/1/18,8155
E08000032,8/1/18,9405
E08000033,8/1/18,4350
E08000034,8/1/18,8290
E08000035,8/1/18,11335
E08000036,8/1/18,4145
E08000037,8/1/18,4975
E09000001,8/1/18,60
E09000002,8/1/18,3815
E09000003,8/1/18,3715
E09000004,8/1/18,1885
E09000005,8/1/18,4645
E09000006,8/1/18,2295
E09000007,8/1/18,2650
E09000008,8/1/18,9390
E09000009,8/1/18,5690
E09000010,8/1/18,5455
E09000011,8/1/18,4060
E09000012,8/1/18,5015
E09000013,8/1/18,4460
E09000014,8/1/18,4490
E09000015,8/1/18,1795
E09000016,8/1/18,2525
E09000017,8/1/18,2485
E09000018,8/1/18,5400
E09000019,8/1/18,4000
E09000020,8/1/18,1925
E09000021,8/1/18,1280
E09000022,8/1/18,7185
E09000023,8/1/18,5405
E09000024,8/1/18,2810
E09000025,8/1/18,4660
E09000026,8/1/18,2575
E09000027,8/1/18,1505
E09000028,8/1/18,7970
E09000029,8/1/18,2950
E09000030,8/1/18,6750
E09000031,8/1/18,4030
E09000032,8/1/18,3535
E09000033,8/1/18,2515
N09000001,8/1/18,1745
N09000002,8/1/18,2365
N09000003,8/1/18,6765
N09000004,8/1/18,2565
N09000005,8/1/18,4640
N09000006,8/1/18,1565
N09000007,8/1/18,1250
N09000008,8/1/18,1990
N09000009,8/1/18,1550
N09000010,8/1/18,2305
N09000011,8/1/18,2145
S12000005,8/1/18,1410
S12000006,8/1/18,1800
S12000008,8/1/18,3620
S12000010,8/1/18,1805
S12000011,8/1/18,700
S12000013,8/1/18,235
S12000014,8/1/18,2900
S12000017,8/1/18,3475
S12000018,8/1/18,2645
S12000019,8/1/18,1485
S12000020,8/1/18,1110
S12000021,8/1/18,4500
S12000023,8/1/18,80
S12000026,8/1/18,1215
S12000027,8/1/18,135
S12000028,8/1/18,2250
S12000029,8/1/18,6775
S12000030,8/1/18,1435
S12000033,8/1/18,3060
S12000034,8/1/18,1995
S12000035,8/1/18,840
S12000036,8/1/18,4670
S12000038,8/1/18,3115
S12000039,8/1/18,2060
S12000040,8/1/18,2295
S12000041,8/1/18,2085
S12000042,8/1/18,4465
S12000045,8/1/18,1150
S12000047,8/1/18,8490
S12000048,8/1/18,1205
S12000049,8/1/18,13755
S12000050,8/1/18,7470
W06000001,8/1/18,850
W06000002,8/1/18,1125
W06000003,8/1/18,1350
W06000004,8/1/18,1240
W06000005,8/1/18,2190
W06000006,8/1/18,2180
W06000008,8/1/18,415
W06000009,8/1/18,1305
W06000010,8/1/18,2080
W06000011,8/1/18,4835
W06000012,8/1/18,2830
W06000013,8/1/18,1870
W06000014,8/1/18,1140
W06000015,8/1/18,6105
W06000016,8/1/18,3075
W06000018,8/1/18,2680
W06000019,8/1/18,1095
W06000020,8/1/18,1950
W06000021,8/1/18,610
W06000022,8/1/18,3480
W06000023,8/1/18,715
W06000024,8/1/18,930
E06000001,9/1/18,3920
E06000002,9/1/18,3775
E06000003,9/1/18,2610
E06000004,9/1/18,3845
E06000005,9/1/18,2455
E06000006,9/1/18,3235
E06000007,9/1/18,3225
E06000008,9/1/18,3575
E06000009,9/1/18,3445
E06000010,9/1/18,6130
E06000011,9/1/18,3000
E06000012,9/1/18,4170
E06000013,9/1/18,3150
E06000014,9/1/18,1740
E06000015,9/1/18,3305
E06000016,9/1/18,4585
E06000017,9/1/18,215
E06000018,9/1/18,6775
E06000019,9/1/18,1255
E06000020,9/1/18,1860
E06000021,9/1/18,4435
E06000022,9/1/18,2115
E06000023,9/1/18,5150
E06000024,9/1/18,2125
E06000025,9/1/18,1455
E06000026,9/1/18,4760
E06000027,9/1/18,1355
E06000030,9/1/18,3125
E06000031,9/1/18,3385
E06000032,9/1/18,2450
E06000033,9/1/18,3620
E06000034,9/1/18,2520
E06000035,9/1/18,3620
E06000036,9/1/18,700
E06000037,9/1/18,1020
E06000038,9/1/18,2225
E06000039,9/1/18,1645
E06000040,9/1/18,740
E06000041,9/1/18,745
E06000042,9/1/18,2615
E06000043,9/1/18,4445
E06000044,9/1/18,2430
E06000045,9/1/18,4540
E06000046,9/1/18,1375
E06000047,9/1/18,11435
E06000049,9/1/18,3455
E06000050,9/1/18,4665
E06000051,9/1/18,2640
E06000052,9/1/18,5245
E06000053,9/1/18,5
E06000054,9/1/18,4285
E06000055,9/1/18,3275
E06000056,9/1/18,1590
E06000057,9/1/18,4595
E06000058,9/1/18,4770
E06000059,9/1/18,2720
E06000060,9/1/18,3015
E06000061,9/1/18,3990
E06000062,9/1/18,3940
E06000063,9/1/18,3940
E06000064,9/1/18,1515
E06000065,9/1/18,5430
E06000066,9/1/18,6965
E07000008,9/1/18,700
E07000009,9/1/18,340
E07000010,9/1/18,845
E07000011,9/1/18,850
E07000012,9/1/18,480
E07000032,9/1/18,1170
E07000033,9/1/18,855
E07000034,9/1/18,1700
E07000035,9/1/18,265
E07000036,9/1/18,1885
E07000037,9/1/18,690
E07000038,9/1/18,930
E07000039,9/1/18,515
E07000040,9/1/18,550
E07000041,9/1/18,745
E07000042,9/1/18,425
E07000043,9/1/18,560
E07000044,9/1/18,385
E07000045,9/1/18,565
E07000046,9/1/18,525
E07000047,9/1/18,305
E07000061,9/1/18,1700
E07000062,9/1/18,2550
E07000063,9/1/18,715
E07000064,9/1/18,1160
E07000065,9/1/18,795
E07000066,9/1/18,2855
E07000067,9/1/18,1430
E07000068,9/1/18,610
E07000069,9/1/18,540
E07000070,9/1/18,1230
E07000071,9/1/18,1465
E07000072,9/1/18,935
E07000073,9/1/18,1655
E07000074,9/1/18,340
E07000075,9/1/18,480
E07000076,9/1/18,2095
E07000077,9/1/18,420
E07000078,9/1/18,1135
E07000079,9/1/18,540
E07000080,9/1/18,890
E07000081,9/1/18,1700
E07000082,9/1/18,785
E07000083,9/1/18,690
E07000084,9/1/18,1180
E07000085,9/1/18,435
E07000086,9/1/18,1000
E07000087,9/1/18,500
E07000088,9/1/18,720
E07000089,9/1/18,245
E07000090,9/1/18,1120
E07000091,9/1/18,855
E07000092,9/1/18,535
E07000093,9/1/18,590
E07000094,9/1/18,540
E07000095,9/1/18,1110
E07000096,9/1/18,1000
E07000098,9/1/18,835
E07000099,9/1/18,810
E07000102,9/1/18,760
E07000103,9/1/18,1375
E07000105,9/1/18,1430
E07000106,9/1/18,1430
E07000107,9/1/18,760
E07000108,9/1/18,2170
E07000109,9/1/18,1470
E07000110,9/1/18,1165
E07000111,9/1/18,470
E07000112,9/1/18,1580
E07000113,9/1/18,2615
E07000114,9/1/18,3940
E07000115,9/1/18,675
E07000116,9/1/18,570
E07000117,9/1/18,2625
E07000118,9/1/18,1050
E07000119,9/1/18,570
E07000120,9/1/18,1830
E07000121,9/1/18,2570
E07000122,9/1/18,1160
E07000123,9/1/18,2170
E07000124,9/1/18,260
E07000125,9/1/18,970
E07000126,9/1/18,910
E07000127,9/1/18,1535
E07000128,9/1/18,950
E07000129,9/1/18,545
E07000130,9/1/18,1085
E07000131,9/1/18,545
E07000132,9/1/18,1105
E07000133,9/1/18,650
E07000134,9/1/18,740
E07000135,9/1/18,340
E07000136,9/1/18,605
E07000137,9/1/18,1630
E07000138,9/1/18,2015
E07000139,9/1/18,650
E07000140,9/1/18,640
E07000141,9/1/18,1660
E07000142,9/1/18,1200
E07000143,9/1/18,830
E07000144,9/1/18,540
E07000145,9/1/18,2770
E07000146,9/1/18,870
E07000147,9/1/18,435
E07000148,9/1/18,1660
E07000149,9/1/18,705
E07000170,9/1/18,1495
E07000171,9/1/18,1580
E07000172,9/1/18,1010
E07000173,9/1/18,1100
E07000174,9/1/18,1210
E07000175,9/1/18,1000
E07000176,9/1/18,530
E07000177,9/1/18,970
E07000178,9/1/18,1605
E07000179,9/1/18,765
E07000180,9/1/18,855
E07000181,9/1/18,635
E07000192,9/1/18,840
E07000193,9/1/18,805
E07000194,9/1/18,780
E07000195,9/1/18,1215
E07000196,9/1/18,945
E07000197,9/1/18,810
E07000198,9/1/18,575
E07000199,9/1/18,1000
E07000200,9/1/18,725
E07000202,9/1/18,2275
E07000203,9/1/18,595
E07000207,9/1/18,480
E07000208,9/1/18,385
E07000209,9/1/18,530
E07000210,9/1/18,285
E07000211,9/1/18,680
E07000212,9/1/18,390
E07000213,9/1/18,540
E07000214,9/1/18,300
E07000215,9/1/18,505
E07000216,9/1/18,390
E07000217,9/1/18,395
E07000218,9/1/18,520
E07000219,9/1/18,2240
E07000220,9/1/18,1360
E07000221,9/1/18,790
E07000222,9/1/18,745
E07000223,9/1/18,530
E07000224,9/1/18,1150
E07000225,9/1/18,690
E07000226,9/1/18,1150
E07000227,9/1/18,675
E07000228,9/1/18,530
E07000229,9/1/18,895
E07000234,9/1/18,780
E07000235,9/1/18,485
E07000236,9/1/18,1385
E07000237,9/1/18,1140
E07000238,9/1/18,765
E07000239,9/1/18,900
E07000240,9/1/18,1180
E07000241,9/1/18,1335
E07000242,9/1/18,580
E07000243,9/1/18,850
E07000244,9/1/18,2880
E07000245,9/1/18,1450
E08000001,9/1/18,5485
E08000002,9/1/18,2825
E08000003,9/1/18,12805
E08000004,9/1/18,6200
E08000005,9/1/18,4510
E08000006,9/1/18,4675
E08000007,9/1/18,3210
E08000008,9/1/18,4810
E08000009,9/1/18,3235
E08000010,9/1/18,6400
E08000011,9/1/18,3555
E08000012,9/1/18,11075
E08000013,9/1/18,3185
E08000014,9/1/18,5665
E08000015,9/1/18,6105
E08000016,9/1/18,5055
E08000017,9/1/18,6390
E08000018,9/1/18,4130
E08000019,9/1/18,8395
E08000021,9/1/18,8250
E08000022,9/1/18,3750
E08000023,9/1/18,4585
E08000024,9/1/18,5950
E08000025,9/1/18,39145
E08000026,9/1/18,4230
E08000027,9/1/18,7460
E08000028,9/1/18,7340
E08000029,9/1/18,3110
E08000030,9/1/18,5025
E08000031,9/1/18,8350
E08000032,9/1/18,10055
E08000033,9/1/18,4370
E08000034,9/1/18,8315
E08000035,9/1/18,11340
E08000036,9/1/18,4095
E08000037,9/1/18,5070
E09000001,9/1/18,65
E09000002,9/1/18,3960
E09000003,9/1/18,3925
E09000004,9/1/18,1835
E09000005,9/1/18,4805
E09000006,9/1/18,2370
E09000007,9/1/18,2705
E09000008,9/1/18,9540
E09000009,9/1/18,5960
E09000010,9/1/18,5630
E09000011,9/1/18,4025
E09000012,9/1/18,5055
E09000013,9/1/18,4500
E09000014,9/1/18,4525
E09000015,9/1/18,1975
E09000016,9/1/18,2610
E09000017,9/1/18,2515
E09000018,9/1/18,5520
E09000019,9/1/18,4215
E09000020,9/1/18,1930
E09000021,9/1/18,1320
E09000022,9/1/18,7315
E09000023,9/1/18,5550
E09000024,9/1/18,2940
E09000025,9/1/18,4855
E09000026,9/1/18,2730
E09000027,9/1/18,1610
E09000028,9/1/18,8130
E09000029,9/1/18,3105
E09000030,9/1/18,6925
E09000031,9/1/18,4180
E09000032,9/1/18,3535
E09000033,9/1/18,2655
N09000001,9/1/18,1715
N09000002,9/1/18,2465
N09000003,9/1/18,6860
N09000004,9/1/18,2635
N09000005,9/1/18,4700
N09000006,9/1/18,1635
N09000007,9/1/18,1260
N09000008,9/1/18,1950
N09000009,9/1/18,1575
N09000010,9/1/18,2320
N09000011,9/1/18,2155
S12000005,9/1/18,1370
S12000006,9/1/18,1905
S12000008,9/1/18,3500
S12000010,9/1/18,1785
S12000011,9/1/18,645
S12000013,9/1/18,225
S12000014,9/1/18,2920
S12000017,9/1/18,3410
S12000018,9/1/18,2570
S12000019,9/1/18,1380
S12000020,9/1/18,1080
S12000021,9/1/18,4365
S12000023,9/1/18,65
S12000026,9/1/18,1220
S12000027,9/1/18,125
S12000028,9/1/18,2295
S12000029,9/1/18,6605
S12000030,9/1/18,1420
S12000033,9/1/18,2885
S12000034,9/1/18,2015
S12000035,9/1/18,805
S12000036,9/1/18,4455
S12000038,9/1/18,2835
S12000039,9/1/18,1960
S12000040,9/1/18,2405
S12000041,9/1/18,1955
S12000042,9/1/18,4275
S12000045,9/1/18,1120
S12000047,9/1/18,8400
S12000048,9/1/18,1195
S12000049,9/1/18,13205
S12000050,9/1/18,7575
W06000001,9/1/18,820
W06000002,9/1/18,1115
W06000003,9/1/18,1430
W06000004,9/1/18,1350
W06000005,9/1/18,2265
W06000006,9/1/18,2230
W06000008,9/1/18,415
W06000009,9/1/18,1290
W06000010,9/1/18,2000
W06000011,9/1/18,4965
W06000012,9/1/18,2880
W06000013,9/1/18,1965
W06000014,9/1/18,1110
W06000015,9/1/18,6350
W06000016,9/1/18,3015
W06000018,9/1/18,2445
W06000019,9/1/18,1100
W06000020,9/1/18,1930
W06000021,9/1/18,635
W06000022,9/1/18,3470
W06000023,9/1/18,725
W06000024,9/1/18,935
E06000001,10/1/18,3965
E06000002,10/1/18,3670
E06000003,10/1/18,2600
E06000004,10/1/18,4045
E06000005,10/1/18,2500
E06000006,10/1/18,3205
E06000007,10/1/18,3200
E06000008,10/1/18,3650
E06000009,10/1/18,3515
E06000010,10/1/18,6165
E06000011,10/1/18,3165
E06000012,10/1/18,4150
E06000013,10/1/18,3190
E06000014,10/1/18,1720
E06000015,10/1/18,3375
E06000016,10/1/18,4880
E06000017,10/1/18,215
E06000018,10/1/18,6610
E06000019,10/1/18,1370
E06000020,10/1/18,1840
E06000021,10/1/18,4600
E06000022,10/1/18,2085
E06000023,10/1/18,5325
E06000024,10/1/18,2205
E06000025,10/1/18,1455
E06000026,10/1/18,4860
E06000027,10/1/18,1400
E06000030,10/1/18,3125
E06000031,10/1/18,3340
E06000032,10/1/18,2460
E06000033,10/1/18,3690
E06000034,10/1/18,2600
E06000035,10/1/18,3815
E06000036,10/1/18,740
E06000037,10/1/18,1065
E06000038,10/1/18,2315
E06000039,10/1/18,1665
E06000040,10/1/18,830
E06000041,10/1/18,775
E06000042,10/1/18,2575
E06000043,10/1/18,4560
E06000044,10/1/18,2380
E06000045,10/1/18,4545
E06000046,10/1/18,1510
E06000047,10/1/18,11845
E06000049,10/1/18,3600
E06000050,10/1/18,4795
E06000051,10/1/18,2785
E06000052,10/1/18,5725
E06000053,10/1/18,5
E06000054,10/1/18,4350
E06000055,10/1/18,3320
E06000056,10/1/18,1580
E06000057,10/1/18,4605
E06000058,10/1/18,4910
E06000059,10/1/18,2725
E06000060,10/1/18,2910
E06000061,10/1/18,3930
E06000062,10/1/18,3880
E06000063,10/1/18,3905
E06000064,10/1/18,1540
E06000065,10/1/18,5585
E06000066,10/1/18,6960
E07000008,10/1/18,705
E07000009,10/1/18,340
E07000010,10/1/18,810
E07000011,10/1/18,845
E07000012,10/1/18,495
E07000032,10/1/18,1255
E07000033,10/1/18,885
E07000034,10/1/18,1740
E07000035,10/1/18,285
E07000036,10/1/18,1970
E07000037,10/1/18,690
E07000038,10/1/18,955
E07000039,10/1/18,505
E07000040,10/1/18,570
E07000041,10/1/18,730
E07000042,10/1/18,435
E07000043,10/1/18,625
E07000044,10/1/18,415
E07000045,10/1/18,575
E07000046,10/1/18,550
E07000047,10/1/18,315
E07000061,10/1/18,1695
E07000062,10/1/18,2545
E07000063,10/1/18,715
E07000064,10/1/18,1170
E07000065,10/1/18,835
E07000066,10/1/18,2930
E07000067,10/1/18,1470
E07000068,10/1/18,635
E07000069,10/1/18,620
E07000070,10/1/18,1225
E07000071,10/1/18,1660
E07000072,10/1/18,955
E07000073,10/1/18,1680
E07000074,10/1/18,345
E07000075,10/1/18,530
E07000076,10/1/18,2305
E07000077,10/1/18,430
E07000078,10/1/18,1130
E07000079,10/1/18,540
E07000080,10/1/18,950
E07000081,10/1/18,1750
E07000082,10/1/18,830
E07000083,10/1/18,710
E07000084,10/1/18,1255
E07000085,10/1/18,405
E07000086,10/1/18,985
E07000087,10/1/18,485
E07000088,10/1/18,715
E07000089,10/1/18,235
E07000090,10/1/18,1110
E07000091,10/1/18,895
E07000092,10/1/18,555
E07000093,10/1/18,645
E07000094,10/1/18,555
E07000095,10/1/18,1115
E07000096,10/1/18,980
E07000098,10/1/18,850
E07000099,10/1/18,815
E07000102,10/1/18,800
E07000103,10/1/18,1400
E07000105,10/1/18,1535
E07000106,10/1/18,1575
E07000107,10/1/18,820
E07000108,10/1/18,2230
E07000109,10/1/18,1520
E07000110,10/1/18,1160
E07000111,10/1/18,480
E07000112,10/1/18,1740
E07000113,10/1/18,2640
E07000114,10/1/18,4035
E07000115,10/1/18,660
E07000116,10/1/18,555
E07000117,10/1/18,2690
E07000118,10/1/18,1115
E07000119,10/1/18,585
E07000120,10/1/18,1785
E07000121,10/1/18,2555
E07000122,10/1/18,1145
E07000123,10/1/18,2255
E07000124,10/1/18,280
E07000125,10/1/18,975
E07000126,10/1/18,940
E07000127,10/1/18,1585
E07000128,10/1/18,965
E07000129,10/1/18,565
E07000130,10/1/18,1115
E07000131,10/1/18,540
E07000132,10/1/18,1130
E07000133,10/1/18,615
E07000134,10/1/18,740
E07000135,10/1/18,360
E07000136,10/1/18,615
E07000137,10/1/18,1735
E07000138,10/1/18,2080
E07000139,10/1/18,695
E07000140,10/1/18,695
E07000141,10/1/18,1690
E07000142,10/1/18,1210
E07000143,10/1/18,870
E07000144,10/1/18,535
E07000145,10/1/18,2830
E07000146,10/1/18,895
E07000147,10/1/18,435
E07000148,10/1/18,1715
E07000149,10/1/18,700
E07000170,10/1/18,1480
E07000171,10/1/18,1600
E07000172,10/1/18,1050
E07000173,10/1/18,1105
E07000174,10/1/18,1210
E07000175,10/1/18,1015
E07000176,10/1/18,525
E07000177,10/1/18,980
E07000178,10/1/18,1670
E07000179,10/1/18,815
E07000180,10/1/18,820
E07000181,10/1/18,650
E07000192,10/1/18,830
E07000193,10/1/18,790
E07000194,10/1/18,825
E07000195,10/1/18,1190
E07000196,10/1/18,945
E07000197,10/1/18,815
E07000198,10/1/18,580
E07000199,10/1/18,1020
E07000200,10/1/18,770
E07000202,10/1/18,2325
E07000203,10/1/18,610
E07000207,10/1/18,500
E07000208,10/1/18,390
E07000209,10/1/18,540
E07000210,10/1/18,285
E07000211,10/1/18,690
E07000212,10/1/18,390
E07000213,10/1/18,545
E07000214,10/1/18,280
E07000215,10/1/18,520
E07000216,10/1/18,390
E07000217,10/1/18,380
E07000218,10/1/18,520
E07000219,10/1/18,2235
E07000220,10/1/18,1340
E07000221,10/1/18,810
E07000222,10/1/18,755
E07000223,10/1/18,545
E07000224,10/1/18,1230
E07000225,10/1/18,740
E07000226,10/1/18,1250
E07000227,10/1/18,750
E07000228,10/1/18,605
E07000229,10/1/18,980
E07000234,10/1/18,830
E07000235,10/1/18,500
E07000236,10/1/18,1405
E07000237,10/1/18,1110
E07000238,10/1/18,800
E07000239,10/1/18,915
E07000240,10/1/18,1225
E07000241,10/1/18,1350
E07000242,10/1/18,570
E07000243,10/1/18,820
E07000244,10/1/18,2985
E07000245,10/1/18,1480
E08000001,10/1/18,5380
E08000002,10/1/18,2980
E08000003,10/1/18,13290
E08000004,10/1/18,6205
E08000005,10/1/18,4835
E08000006,10/1/18,4560
E08000007,10/1/18,3230
E08000008,10/1/18,4915
E08000009,10/1/18,3270
E08000010,10/1/18,6675
E08000011,10/1/18,3610
E08000012,10/1/18,10970
E08000013,10/1/18,3295
E08000014,10/1/18,5765
E08000015,10/1/18,6195
E08000016,10/1/18,4970
E08000017,10/1/18,6540
E08000018,10/1/18,4355
E08000019,10/1/18,8235
E08000021,10/1/18,8385
E08000022,10/1/18,3945
E08000023,10/1/18,4755
E08000024,10/1/18,6310
E08000025,10/1/18,39630
E08000026,10/1/18,4465
E08000027,10/1/18,7390
E08000028,10/1/18,7255
E08000029,10/1/18,3115
E08000030,10/1/18,5085
E08000031,10/1/18,8410
E08000032,10/1/18,10585
E08000033,10/1/18,4435
E08000034,10/1/18,8450
E08000035,10/1/18,11135
E08000036,10/1/18,4005
E08000037,10/1/18,5140
E09000001,10/1/18,65
E09000002,10/1/18,4045
E09000003,10/1/18,4130
E09000004,10/1/18,1790
E09000005,10/1/18,4755
E09000006,10/1/18,2510
E09000007,10/1/18,2775
E09000008,10/1/18,9605
E09000009,10/1/18,6170
E09000010,10/1/18,5775
E09000011,10/1/18,3840
E09000012,10/1/18,4985
E09000013,10/1/18,4500
E09000014,10/1/18,4535
E09000015,10/1/18,2100
E09000016,10/1/18,2725
E09000017,10/1/18,2505
E09000018,10/1/18,5640
E09000019,10/1/18,4310
E09000020,10/1/18,1930
E09000021,10/1/18,1470
E09000022,10/1/18,7345
E09000023,10/1/18,5830
E09000024,10/1/18,3005
E09000025,10/1/18,5105
E09000026,10/1/18,3000
E09000027,10/1/18,1670
E09000028,10/1/18,8120
E09000029,10/1/18,3045
E09000030,10/1/18,6960
E09000031,10/1/18,4370
E09000032,10/1/18,3545
E09000033,10/1/18,2790
N09000001,10/1/18,1595
N09000002,10/1/18,2530
N09000003,10/1/18,6695
N09000004,10/1/18,2705
N09000005,10/1/18,4720
N09000006,10/1/18,1615
N09000007,10/1/18,1265
N09000008,10/1/18,1880
N09000009,10/1/18,1565
N09000010,10/1/18,2305
N09000011,10/1/18,2045
S12000005,10/1/18,1355
S12000006,10/1/18,2030
S12000008,10/1/18,3530
S12000010,10/1/18,1780
S12000011,10/1/18,630
S12000013,10/1/18,240
S12000014,10/1/18,2950
S12000017,10/1/18,3385
S12000018,10/1/18,2470
S12000019,10/1/18,1375
S12000020,10/1/18,1145
S12000021,10/1/18,4440
S12000023,10/1/18,75
S12000026,10/1/18,1260
S12000027,10/1/18,120
S12000028,10/1/18,2285
S12000029,10/1/18,6600
S12000030,10/1/18,1435
S12000033,10/1/18,2860
S12000034,10/1/18,2085
S12000035,10/1/18,865
S12000036,10/1/18,4480
S12000038,10/1/18,2805
S12000039,10/1/18,1930
S12000040,10/1/18,2490
S12000041,10/1/18,1970
S12000042,10/1/18,4140
S12000045,10/1/18,1120
S12000047,10/1/18,8260
S12000048,10/1/18,1255
S12000049,10/1/18,12835
S12000050,10/1/18,7635
W06000001,10/1/18,835
W06000002,10/1/18,1130
W06000003,10/1/18,1500
W06000004,10/1/18,1430
W06000005,10/1/18,2265
W06000006,10/1/18,2245
W06000008,10/1/18,395
W06000009,10/1/18,1315
W06000010,10/1/18,1950
W06000011,10/1/18,4885
W06000012,10/1/18,2885
W06000013,10/1/18,1970
W06000014,10/1/18,1105
W06000015,10/1/18,6265
W06000016,10/1/18,3035
W06000018,10/1/18,2420
W06000019,10/1/18,1170
W06000020,10/1/18,1980
W06000021,10/1/18,750
W06000022,10/1/18,3490
W06000023,10/1/18,680
W06000024,10/1/18,990
E06000001,11/1/18,3970
E06000002,11/1/18,3625
E06000003,11/1/18,2575
E06000004,11/1/18,4185
E06000005,11/1/18,2590
E06000006,11/1/18,3170
E06000007,11/1/18,3200
E06000008,11/1/18,3725
E06000009,11/1/18,3640
E06000010,11/1/18,6235
E06000011,11/1/18,3320
E06000012,11/1/18,4125
E06000013,11/1/18,3175
E06000014,11/1/18,1730
E06000015,11/1/18,3500
E06000016,11/1/18,5045
E06000017,11/1/18,220
E06000018,11/1/18,6365
E06000019,11/1/18,1470
E06000020,11/1/18,1855
E06000021,11/1/18,4775
E06000022,11/1/18,2125
E06000023,11/1/18,5660
E06000024,11/1/18,2215
E06000025,11/1/18,1435
E06000026,11/1/18,4960
E06000027,11/1/18,1560
E06000030,11/1/18,3115
E06000031,11/1/18,3380
E06000032,11/1/18,2470
E06000033,11/1/18,3750
E06000034,11/1/18,2670
E06000035,11/1/18,3850
E06000036,11/1/18,790
E06000037,11/1/18,1120
E06000038,11/1/18,2360
E06000039,11/1/18,1735
E06000040,11/1/18,860
E06000041,11/1/18,800
E06000042,11/1/18,2480
E06000043,11/1/18,4645
E06000044,11/1/18,2365
E06000045,11/1/18,4715
E06000046,11/1/18,1580
E06000047,11/1/18,12030
E06000049,11/1/18,3745
E06000050,11/1/18,4840
E06000051,11/1/18,2910
E06000052,11/1/18,6245
E06000053,11/1/18,5
E06000054,11/1/18,4390
E06000055,11/1/18,3250
E06000056,11/1/18,1580
E06000057,11/1/18,4630
E06000058,11/1/18,5035
E06000059,11/1/18,2910
E06000060,11/1/18,2955
E06000061,11/1/18,3905
E06000062,11/1/18,3860
E06000063,11/1/18,4005
E06000064,11/1/18,1570
E06000065,11/1/18,5680
E06000066,11/1/18,7050
E07000008,11/1/18,675
E07000009,11/1/18,350
E07000010,11/1/18,900
E07000011,11/1/18,850
E07000012,11/1/18,460
E07000032,11/1/18,1300
E07000033,11/1/18,875
E07000034,11/1/18,1770
E07000035,11/1/18,300
E07000036,11/1/18,1975
E07000037,11/1/18,715
E07000038,11/1/18,965
E07000039,11/1/18,500
E07000040,11/1/18,645
E07000041,11/1/18,805
E07000042,11/1/18,500
E07000043,11/1/18,710
E07000044,11/1/18,465
E07000045,11/1/18,660
E07000046,11/1/18,625
E07000047,11/1/18,335
E07000061,11/1/18,1755
E07000062,11/1/18,2630
E07000063,11/1/18,740
E07000064,11/1/18,1220
E07000065,11/1/18,880
E07000066,11/1/18,2945
E07000067,11/1/18,1530
E07000068,11/1/18,650
E07000069,11/1/18,655
E07000070,11/1/18,1230
E07000071,11/1/18,1810
E07000072,11/1/18,955
E07000073,11/1/18,1730
E07000074,11/1/18,345
E07000075,11/1/18,550
E07000076,11/1/18,2545
E07000077,11/1/18,435
E07000078,11/1/18,1155
E07000079,11/1/18,575
E07000080,11/1/18,970
E07000081,11/1/18,1800
E07000082,11/1/18,805
E07000083,11/1/18,730
E07000084,11/1/18,1335
E07000085,11/1/18,405
E07000086,11/1/18,1005
E07000087,11/1/18,470
E07000088,11/1/18,705
E07000089,11/1/18,225
E07000090,11/1/18,1130
E07000091,11/1/18,970
E07000092,11/1/18,550
E07000093,11/1/18,680
E07000094,11/1/18,580
E07000095,11/1/18,1150
E07000096,11/1/18,950
E07000098,11/1/18,910
E07000099,11/1/18,855
E07000102,11/1/18,805
E07000103,11/1/18,1385
E07000105,11/1/18,1620
E07000106,11/1/18,1690
E07000107,11/1/18,855
E07000108,11/1/18,2265
E07000109,11/1/18,1565
E07000110,11/1/18,1170
E07000111,11/1/18,510
E07000112,11/1/18,1800
E07000113,11/1/18,2695
E07000114,11/1/18,4140
E07000115,11/1/18,650
E07000116,11/1/18,565
E07000117,11/1/18,2690
E07000118,11/1/18,1225
E07000119,11/1/18,610
E07000120,11/1/18,1800
E07000121,11/1/18,2625
E07000122,11/1/18,1175
E07000123,11/1/18,2435
E07000124,11/1/18,290
E07000125,11/1/18,965
E07000126,11/1/18,1020
E07000127,11/1/18,1650
E07000128,11/1/18,1010
E07000129,11/1/18,580
E07000130,11/1/18,1205
E07000131,11/1/18,540
E07000132,11/1/18,1155
E07000133,11/1/18,630
E07000134,11/1/18,755
E07000135,11/1/18,355
E07000136,11/1/18,730
E07000137,11/1/18,2015
E07000138,11/1/18,2090
E07000139,11/1/18,720
E07000140,11/1/18,770
E07000141,11/1/18,1730
E07000142,11/1/18,1260
E07000143,11/1/18,960
E07000144,11/1/18,540
E07000145,11/1/18,2935
E07000146,11/1/18,915
E07000147,11/1/18,455
E07000148,11/1/18,1650
E07000149,11/1/18,685
E07000170,11/1/18,1505
E07000171,11/1/18,1600
E07000172,11/1/18,1050
E07000173,11/1/18,1105
E07000174,11/1/18,1310
E07000175,11/1/18,1055
E07000176,11/1/18,510
E07000177,11/1/18,995
E07000178,11/1/18,1680
E07000179,11/1/18,795
E07000180,11/1/18,855
E07000181,11/1/18,675
E07000192,11/1/18,800
E07000193,11/1/18,775
E07000194,11/1/18,815
E07000195,11/1/18,1125
E07000196,11/1/18,945
E07000197,11/1/18,810
E07000198,11/1/18,605
E07000199,11/1/18,1005
E07000200,11/1/18,780
E07000202,11/1/18,2395
E07000203,11/1/18,650
E07000207,11/1/18,505
E07000208,11/1/18,390
E07000209,11/1/18,505
E07000210,11/1/18,275
E07000211,11/1/18,665
E07000212,11/1/18,375
E07000213,11/1/18,525
E07000214,11/1/18,295
E07000215,11/1/18,555
E07000216,11/1/18,370
E07000217,11/1/18,365
E07000218,11/1/18,525
E07000219,11/1/18,2205
E07000220,11/1/18,1335
E07000221,11/1/18,800
E07000222,11/1/18,725
E07000223,11/1/18,610
E07000224,11/1/18,1370
E07000225,11/1/18,800
E07000226,11/1/18,1300
E07000227,11/1/18,785
E07000228,11/1/18,650
E07000229,11/1/18,1055
E07000234,11/1/18,840
E07000235,11/1/18,490
E07000236,11/1/18,1365
E07000237,11/1/18,1035
E07000238,11/1/18,765
E07000239,11/1/18,890
E07000240,11/1/18,1195
E07000241,11/1/18,1355
E07000242,11/1/18,585
E07000243,11/1/18,805
E07000244,11/1/18,3010
E07000245,11/1/18,1470
E08000001,11/1/18,5205
E08000002,11/1/18,3125
E08000003,11/1/18,13720
E08000004,11/1/18,6110
E08000005,11/1/18,4890
E08000006,11/1/18,4580
E08000007,11/1/18,3235
E08000008,11/1/18,4980
E08000009,11/1/18,3255
E08000010,11/1/18,6735
E08000011,11/1/18,3670
E08000012,11/1/18,10860
E08000013,11/1/18,3525
E08000014,11/1/18,5840
E08000015,11/1/18,6215
E08000016,11/1/18,4980
E08000017,11/1/18,6495
E08000018,11/1/18,4535
E08000019,11/1/18,7945
E08000021,11/1/18,8445
E08000022,11/1/18,4095
E08000023,11/1/18,4890
E08000024,11/1/18,6640
E08000025,11/1/18,39670
E08000026,11/1/18,4635
E08000027,11/1/18,7435
E08000028,11/1/18,7180
E08000029,11/1/18,3120
E08000030,11/1/18,5305
E08000031,11/1/18,8500
E08000032,11/1/18,11270
E08000033,11/1/18,4475
E08000034,11/1/18,8580
E08000035,11/1/18,10970
E08000036,11/1/18,4000
E08000037,11/1/18,5175
E09000001,11/1/18,60
E09000002,11/1/18,4155
E09000003,11/1/18,4240
E09000004,11/1/18,1820
E09000005,11/1/18,4790
E09000006,11/1/18,2635
E09000007,11/1/18,2885
E09000008,11/1/18,9655
E09000009,11/1/18,6255
E09000010,11/1/18,5890
E09000011,11/1/18,3710
E09000012,11/1/18,5060
E09000013,11/1/18,4440
E09000014,11/1/18,4430
E09000015,11/1/18,2185
E09000016,11/1/18,2945
E09000017,11/1/18,2460
E09000018,11/1/18,5595
E09000019,11/1/18,4470
E09000020,11/1/18,1950
E09000021,11/1/18,1600
E09000022,11/1/18,7375
E09000023,11/1/18,5930
E09000024,11/1/18,3040
E09000025,11/1/18,5305
E09000026,11/1/18,3140
E09000027,11/1/18,1740
E09000028,11/1/18,8005
E09000029,11/1/18,3075
E09000030,11/1/18,6970
E09000031,11/1/18,4565
E09000032,11/1/18,3590
E09000033,11/1/18,2910
N09000001,11/1/18,1675
N09000002,11/1/18,2540
N09000003,11/1/18,6665
N09000004,11/1/18,2730
N09000005,11/1/18,4640
N09000006,11/1/18,1575
N09000007,11/1/18,1205
N09000008,11/1/18,1875
N09000009,11/1/18,1545
N09000010,11/1/18,2335
N09000011,11/1/18,1935
S12000005,11/1/18,1335
S12000006,11/1/18,2100
S12000008,11/1/18,3610
S12000010,11/1/18,1820
S12000011,11/1/18,665
S12000013,11/1/18,260
S12000014,11/1/18,2995
S12000017,11/1/18,3460
S12000018,11/1/18,2430
S12000019,11/1/18,1370
S12000020,11/1/18,1215
S12000021,11/1/18,4430
S12000023,11/1/18,110
S12000026,11/1/18,1370
S12000027,11/1/18,125
S12000028,11/1/18,2350
S12000029,11/1/18,6695
S12000030,11/1/18,1410
S12000033,11/1/18,2790
S12000034,11/1/18,2130
S12000035,11/1/18,975
S12000036,11/1/18,4490
S12000038,11/1/18,2885
S12000039,11/1/18,1945
S12000040,11/1/18,2625
S12000041,11/1/18,1990
S12000042,11/1/18,4175
S12000045,11/1/18,1110
S12000047,11/1/18,8310
S12000048,11/1/18,1335
S12000049,11/1/18,12955
S12000050,11/1/18,7615
W06000001,11/1/18,825
W06000002,11/1/18,1150
W06000003,11/1/18,1610
W06000004,11/1/18,1515
W06000005,11/1/18,2240
W06000006,11/1/18,2270
W06000008,11/1/18,435
W06000009,11/1/18,1415
W06000010,11/1/18,1995
W06000011,11/1/18,4830
W06000012,11/1/18,2840
W06000013,11/1/18,2120
W06000014,11/1/18,1105
W06000015,11/1/18,6460
W06000016,11/1/18,2920
W06000018,11/1/18,2555
W06000019,11/1/18,1240
W06000020,11/1/18,1960
W06000021,11/1/18,785
W06000022,11/1/18,3490
W06000023,11/1/18,665
W06000024,11/1/18,1065
E06000001,12/1/18,3960
E06000002,12/1/18,3910
E06000003,12/1/18,2625
E06000004,12/1/18,4410
E06000005,12/1/18,2590
E06000006,12/1/18,3190
E06000007,12/1/18,3200
E06000008,12/1/18,3835
E06000009,12/1/18,3845
E06000010,12/1/18,6485
E06000011,12/1/18,3570
E06000012,12/1/18,4165
E06000013,12/1/18,3195
E06000014,12/1/18,1690
E06000015,12/1/18,3685
E06000016,12/1/18,5295
E06000017,12/1/18,225
E06000018,12/1/18,6390
E06000019,12/1/18,1580
E06000020,12/1/18,1845
E06000021,12/1/18,4955
E06000022,12/1/18,2120
E06000023,12/1/18,6030
E06000024,12/1/18,2260
E06000025,12/1/18,1515
E06000026,12/1/18,5120
E06000027,12/1/18,1840
E06000030,12/1/18,3050
E06000031,12/1/18,3425
E06000032,12/1/18,2570
E06000033,12/1/18,3780
E06000034,12/1/18,2685
E06000035,12/1/18,4095
E06000036,12/1/18,860
E06000037,12/1/18,1125
E06000038,12/1/18,2410
E06000039,12/1/18,1815
E06000040,12/1/18,930
E06000041,12/1/18,855
E06000042,12/1/18,2400
E06000043,12/1/18,4665
E06000044,12/1/18,2565
E06000045,12/1/18,4830
E06000046,12/1/18,1740
E06000047,12/1/18,12170
E06000049,12/1/18,3770
E06000050,12/1/18,4815
E06000051,12/1/18,2970
E06000052,12/1/18,6670
E06000053,12/1/18,10
E06000054,12/1/18,4380
E06000055,12/1/18,3220
E06000056,12/1/18,1475
E06000057,12/1/18,4790
E06000058,12/1/18,5210
E06000059,12/1/18,3050
E06000060,12/1/18,3170
E06000061,12/1/18,3985
E06000062,12/1/18,3730
E06000063,12/1/18,4080
E06000064,12/1/18,1625
E06000065,12/1/18,5740
E06000066,12/1/18,7025
E07000008,12/1/18,735
E07000009,12/1/18,405
E07000010,12/1/18,980
E07000011,12/1/18,875
E07000012,12/1/18,500
E07000032,12/1/18,1380
E07000033,12/1/18,880
E07000034,12/1/18,1820
E07000035,12/1/18,345
E07000036,12/1/18,1980
E07000037,12/1/18,780
E07000038,12/1/18,1010
E07000039,12/1/18,530
E07000040,12/1/18,745
E07000041,12/1/18,895
E07000042,12/1/18,545
E07000043,12/1/18,835
E07000044,12/1/18,535
E07000045,12/1/18,775
E07000046,12/1/18,685
E07000047,12/1/18,345
E07000061,12/1/18,1865
E07000062,12/1/18,2670
E07000063,12/1/18,845
E07000064,12/1/18,1220
E07000065,12/1/18,910
E07000066,12/1/18,2950
E07000067,12/1/18,1525
E07000068,12/1/18,645
E07000069,12/1/18,725
E07000070,12/1/18,1185
E07000071,12/1/18,1890
E07000072,12/1/18,925
E07000073,12/1/18,1760
E07000074,12/1/18,330
E07000075,12/1/18,575
E07000076,12/1/18,2740
E07000077,12/1/18,445
E07000078,12/1/18,1185
E07000079,12/1/18,595
E07000080,12/1/18,985
E07000081,12/1/18,1865
E07000082,12/1/18,800
E07000083,12/1/18,740
E07000084,12/1/18,1360
E07000085,12/1/18,445
E07000086,12/1/18,995
E07000087,12/1/18,455
E07000088,12/1/18,685
E07000089,12/1/18,245
E07000090,12/1/18,1155
E07000091,12/1/18,1040
E07000092,12/1/18,545
E07000093,12/1/18,720
E07000094,12/1/18,605
E07000095,12/1/18,1125
E07000096,12/1/18,945
E07000098,12/1/18,875
E07000099,12/1/18,930
E07000102,12/1/18,805
E07000103,12/1/18,1385
E07000105,12/1/18,1690
E07000106,12/1/18,1845
E07000107,12/1/18,920
E07000108,12/1/18,2355
E07000109,12/1/18,1610
E07000110,12/1/18,1175
E07000111,12/1/18,570
E07000112,12/1/18,1850
E07000113,12/1/18,2720
E07000114,12/1/18,4200
E07000115,12/1/18,655
E07000116,12/1/18,550
E07000117,12/1/18,2695
E07000118,12/1/18,1310
E07000119,12/1/18,635
E07000120,12/1/18,1795
E07000121,12/1/18,2595
E07000122,12/1/18,1185
E07000123,12/1/18,2515
E07000124,12/1/18,290
E07000125,12/1/18,955
E07000126,12/1/18,1005
E07000127,12/1/18,1565
E07000128,12/1/18,1010
E07000129,12/1/18,590
E07000130,12/1/18,1310
E07000131,12/1/18,535
E07000132,12/1/18,1170
E07000133,12/1/18,630
E07000134,12/1/18,770
E07000135,12/1/18,390
E07000136,12/1/18,775
E07000137,12/1/18,2340
E07000138,12/1/18,2140
E07000139,12/1/18,740
E07000140,12/1/18,790
E07000141,12/1/18,1735
E07000142,12/1/18,1280
E07000143,12/1/18,1055
E07000144,12/1/18,585
E07000145,12/1/18,2990
E07000146,12/1/18,940
E07000147,12/1/18,485
E07000148,12/1/18,1815
E07000149,12/1/18,765
E07000170,12/1/18,1495
E07000171,12/1/18,1600
E07000172,12/1/18,1055
E07000173,12/1/18,1125
E07000174,12/1/18,1430
E07000175,12/1/18,1120
E07000176,12/1/18,555
E07000177,12/1/18,1025
E07000178,12/1/18,1730
E07000179,12/1/18,820
E07000180,12/1/18,905
E07000181,12/1/18,685
E07000192,12/1/18,830
E07000193,12/1/18,755
E07000194,12/1/18,865
E07000195,12/1/18,1085
E07000196,12/1/18,925
E07000197,12/1/18,800
E07000198,12/1/18,645
E07000199,12/1/18,1045
E07000200,12/1/18,790
E07000202,12/1/18,2400
E07000203,12/1/18,680
E07000207,12/1/18,510
E07000208,12/1/18,395
E07000209,12/1/18,530
E07000210,12/1/18,275
E07000211,12/1/18,695
E07000212,12/1/18,370
E07000213,12/1/18,515
E07000214,12/1/18,265
E07000215,12/1/18,545
E07000216,12/1/18,400
E07000217,12/1/18,395
E07000218,12/1/18,545
E07000219,12/1/18,2175
E07000220,12/1/18,1305
E07000221,12/1/18,815
E07000222,12/1/18,790
E07000223,12/1/18,655
E07000224,12/1/18,1465
E07000225,12/1/18,825
E07000226,12/1/18,1340
E07000227,12/1/18,820
E07000228,12/1/18,670
E07000229,12/1/18,1150
E07000234,12/1/18,870
E07000235,12/1/18,545
E07000236,12/1/18,1400
E07000237,12/1/18,1125
E07000238,12/1/18,760
E07000239,12/1/18,950
E07000240,12/1/18,1125
E07000241,12/1/18,1335
E07000242,12/1/18,625
E07000243,12/1/18,890
E07000244,12/1/18,3040
E07000245,12/1/18,1500
E08000001,12/1/18,5380
E08000002,12/1/18,3245
E08000003,12/1/18,14005
E08000004,12/1/18,6025
E08000005,12/1/18,4950
E08000006,12/1/18,5020
E08000007,12/1/18,3235
E08000008,12/1/18,5000
E08000009,12/1/18,3215
E08000010,12/1/18,6750
E08000011,12/1/18,3795
E08000012,12/1/18,11110
E08000013,12/1/18,3710
E08000014,12/1/18,5850
E08000015,12/1/18,6350
E08000016,12/1/18,4935
E08000017,12/1/18,6495
E08000018,12/1/18,4800
E08000019,12/1/18,7825
E08000021,12/1/18,8680
E08000022,12/1/18,4200
E08000023,12/1/18,5055
E08000024,12/1/18,7095
E08000025,12/1/18,39795
E08000026,12/1/18,4970
E08000027,12/1/18,7455
E08000028,12/1/18,7040
E08000029,12/1/18,3065
E08000030,12/1/18,5660
E08000031,12/1/18,8430
E08000032,12/1/18,11995
E08000033,12/1/18,4385
E08000034,12/1/18,8640
E08000035,12/1/18,11665
E08000036,12/1/18,3920
E08000037,12/1/18,5260
E09000001,12/1/18,65
E09000002,12/1/18,4235
E09000003,12/1/18,4435
E09000004,12/1/18,2000
E09000005,12/1/18,4805
E09000006,12/1/18,2865
E09000007,12/1/18,2960
E09000008,12/1/18,9460
E09000009,12/1/18,6365
E09000010,12/1/18,5840
E09000011,12/1/18,3950
E09000012,12/1/18,5375
E09000013,12/1/18,4360
E09000014,12/1/18,4645
E09000015,12/1/18,2270
E09000016,12/1/18,3120
E09000017,12/1/18,2635
E09000018,12/1/18,5610
E09000019,12/1/18,4625
E09000020,12/1/18,1940
E09000021,12/1/18,1670
E09000022,12/1/18,7420
E09000023,12/1/18,6230
E09000024,12/1/18,3015
E09000025,12/1/18,5440
E09000026,12/1/18,3210
E09000027,12/1/18,1740
E09000028,12/1/18,8130
E09000029,12/1/18,3075
E09000030,12/1/18,6885
E09000031,12/1/18,4735
E09000032,12/1/18,3705
E09000033,12/1/18,3005
N09000001,12/1/18,1590
N09000002,12/1/18,2600
N09000003,12/1/18,6540
N09000004,12/1/18,2775
N09000005,12/1/18,4615
N09000006,12/1/18,1575
N09000007,12/1/18,1205
N09000008,12/1/18,1845
N09000009,12/1/18,1565
N09000010,12/1/18,2340
N09000011,12/1/18,2000
S12000005,12/1/18,1295
S12000006,12/1/18,2230
S12000008,12/1/18,3635
S12000010,12/1/18,1830
S12000011,12/1/18,710
S12000013,12/1/18,290
S12000014,12/1/18,3080
S12000017,12/1/18,3510
S12000018,12/1/18,2400
S12000019,12/1/18,1350
S12000020,12/1/18,1290
S12000021,12/1/18,4490
S12000023,12/1/18,135
S12000026,12/1/18,1425
S12000027,12/1/18,150
S12000028,12/1/18,2420
S12000029,12/1/18,6685
S12000030,12/1/18,1370
S12000033,12/1/18,2760
S12000034,12/1/18,2180
S12000035,12/1/18,1085
S12000036,12/1/18,4420
S12000038,12/1/18,3135
S12000039,12/1/18,1990
S12000040,12/1/18,2705
S12000041,12/1/18,2040
S12000042,12/1/18,4270
S12000045,12/1/18,1105
S12000047,12/1/18,8275
S12000048,12/1/18,1445
S12000049,12/1/18,13600
S12000050,12/1/18,7675
W06000001,12/1/18,810
W06000002,12/1/18,1235
W06000003,12/1/18,1775
W06000004,12/1/18,1565
W06000005,12/1/18,2265
W06000006,12/1/18,2250
W06000008,12/1/18,455
W06000009,12/1/18,1655
W06000010,12/1/18,1995
W06000011,12/1/18,4800
W06000012,12/1/18,2815
W06000013,12/1/18,2145
W06000014,12/1/18,1235
W06000015,12/1/18,6545
W06000016,12/1/18,2930
W06000018,12/1/18,2835
W06000019,12/1/18,1340
W06000020,12/1/18,1925
W06000021,12/1/18,785
W06000022,12/1/18,3480
W06000023,12/1/18,770
W06000024,12/1/18,1150
E06000001,1/1/19,3965
E06000002,1/1/19,4365
E06000003,1/1/19,2875
E06000004,1/1/19,4600
E06000005,1/1/19,2650
E06000006,1/1/19,3220
E06000007,1/1/19,3220
E06000008,1/1/19,3970
E06000009,1/1/19,4185
E06000010,1/1/19,6875
E06000011,1/1/19,3725
E06000012,1/1/19,4240
E06000013,1/1/19,3195
E06000014,1/1/19,1675
E06000015,1/1/19,3950
E06000016,1/1/19,5560
E06000017,1/1/19,235
E06000018,1/1/19,6865
E06000019,1/1/19,1630
E06000020,1/1/19,2060
E06000021,1/1/19,5240
E06000022,1/1/19,2080
E06000023,1/1/19,6345
E06000024,1/1/19,2295
E06000025,1/1/19,1690
E06000026,1/1/19,5220
E06000027,1/1/19,1995
E06000030,1/1/19,3085
E06000031,1/1/19,3420
E06000032,1/1/19,2725
E06000033,1/1/19,3820
E06000034,1/1/19,2760
E06000035,1/1/19,4295
E06000036,1/1/19,885
E06000037,1/1/19,1140
E06000038,1/1/19,2460
E06000039,1/1/19,1920
E06000040,1/1/19,945
E06000041,1/1/19,840
E06000042,1/1/19,2525
E06000043,1/1/19,4745
E06000044,1/1/19,2825
E06000045,1/1/19,4855
E06000046,1/1/19,1955
E06000047,1/1/19,12450
E06000049,1/1/19,3845
E06000050,1/1/19,4885
E06000051,1/1/19,3080
E06000052,1/1/19,7070
E06000053,1/1/19,5
E06000054,1/1/19,4390
E06000055,1/1/19,3160
E06000056,1/1/19,1600
E06000057,1/1/19,5135
E06000058,1/1/19,5390
E06000059,1/1/19,3170
E06000060,1/1/19,3450
E06000061,1/1/19,4305
E06000062,1/1/19,3900
E06000063,1/1/19,4110
E06000064,1/1/19,1755
E06000065,1/1/19,5845
E06000066,1/1/19,7030
E07000008,1/1/19,855
E07000009,1/1/19,465
E07000010,1/1/19,1075
E07000011,1/1/19,930
E07000012,1/1/19,555
E07000032,1/1/19,1430
E07000033,1/1/19,915
E07000034,1/1/19,1850
E07000035,1/1/19,370
E07000036,1/1/19,1940
E07000037,1/1/19,830
E07000038,1/1/19,985
E07000039,1/1/19,605
E07000040,1/1/19,825
E07000041,1/1/19,1000
E07000042,1/1/19,585
E07000043,1/1/19,945
E07000044,1/1/19,565
E07000045,1/1/19,875
E07000046,1/1/19,710
E07000047,1/1/19,365
E07000061,1/1/19,1875
E07000062,1/1/19,2690
E07000063,1/1/19,930
E07000064,1/1/19,1240
E07000065,1/1/19,975
E07000066,1/1/19,3020
E07000067,1/1/19,1540
E07000068,1/1/19,650
E07000069,1/1/19,770
E07000070,1/1/19,1275
E07000071,1/1/19,2015
E07000072,1/1/19,980
E07000073,1/1/19,1805
E07000074,1/1/19,350
E07000075,1/1/19,615
E07000076,1/1/19,2890
E07000077,1/1/19,465
E07000078,1/1/19,1240
E07000079,1/1/19,620
E07000080,1/1/19,1025
E07000081,1/1/19,1890
E07000082,1/1/19,800
E07000083,1/1/19,730
E07000084,1/1/19,1425
E07000085,1/1/19,495
E07000086,1/1/19,1000
E07000087,1/1/19,525
E07000088,1/1/19,770
E07000089,1/1/19,270
E07000090,1/1/19,1265
E07000091,1/1/19,1120
E07000092,1/1/19,620
E07000093,1/1/19,745
E07000094,1/1/19,680
E07000095,1/1/19,1150
E07000096,1/1/19,1025
E07000098,1/1/19,935
E07000099,1/1/19,1020
E07000102,1/1/19,800
E07000103,1/1/19,1410
E07000105,1/1/19,1760
E07000106,1/1/19,1905
E07000107,1/1/19,950
E07000108,1/1/19,2410
E07000109,1/1/19,1650
E07000110,1/1/19,1320
E07000111,1/1/19,610
E07000112,1/1/19,1945
E07000113,1/1/19,2755
E07000114,1/1/19,4230
E07000115,1/1/19,740
E07000116,1/1/19,615
E07000117,1/1/19,2710
E07000118,1/1/19,1355
E07000119,1/1/19,680
E07000120,1/1/19,1865
E07000121,1/1/19,2635
E07000122,1/1/19,1295
E07000123,1/1/19,2660
E07000124,1/1/19,305
E07000125,1/1/19,1020
E07000126,1/1/19,1035
E07000127,1/1/19,1620
E07000128,1/1/19,1115
E07000129,1/1/19,620
E07000130,1/1/19,1405
E07000131,1/1/19,515
E07000132,1/1/19,1215
E07000133,1/1/19,630
E07000134,1/1/19,830
E07000135,1/1/19,420
E07000136,1/1/19,855
E07000137,1/1/19,2510
E07000138,1/1/19,2215
E07000139,1/1/19,780
E07000140,1/1/19,800
E07000141,1/1/19,1770
E07000142,1/1/19,1370
E07000143,1/1/19,1110
E07000144,1/1/19,655
E07000145,1/1/19,3105
E07000146,1/1/19,1070
E07000147,1/1/19,565
E07000148,1/1/19,2015
E07000149,1/1/19,825
E07000170,1/1/19,1660
E07000171,1/1/19,1695
E07000172,1/1/19,1140
E07000173,1/1/19,1210
E07000174,1/1/19,1535
E07000175,1/1/19,1185
E07000176,1/1/19,600
E07000177,1/1/19,1045
E07000178,1/1/19,1735
E07000179,1/1/19,840
E07000180,1/1/19,920
E07000181,1/1/19,700
E07000192,1/1/19,945
E07000193,1/1/19,880
E07000194,1/1/19,895
E07000195,1/1/19,1180
E07000196,1/1/19,950
E07000197,1/1/19,890
E07000198,1/1/19,670
E07000199,1/1/19,1060
E07000200,1/1/19,785
E07000202,1/1/19,2480
E07000203,1/1/19,715
E07000207,1/1/19,540
E07000208,1/1/19,415
E07000209,1/1/19,605
E07000210,1/1/19,310
E07000211,1/1/19,775
E07000212,1/1/19,395
E07000213,1/1/19,555
E07000214,1/1/19,305
E07000215,1/1/19,545
E07000216,1/1/19,445
E07000217,1/1/19,485
E07000218,1/1/19,595
E07000219,1/1/19,2220
E07000220,1/1/19,1325
E07000221,1/1/19,815
E07000222,1/1/19,860
E07000223,1/1/19,680
E07000224,1/1/19,1555
E07000225,1/1/19,895
E07000226,1/1/19,1370
E07000227,1/1/19,875
E07000228,1/1/19,690
E07000229,1/1/19,1220
E07000234,1/1/19,905
E07000235,1/1/19,580
E07000236,1/1/19,1425
E07000237,1/1/19,1235
E07000238,1/1/19,840
E07000239,1/1/19,1025
E07000240,1/1/19,1150
E07000241,1/1/19,1310
E07000242,1/1/19,710
E07000243,1/1/19,990
E07000244,1/1/19,3145
E07000245,1/1/19,1515
E08000001,1/1/19,5680
E08000002,1/1/19,3410
E08000003,1/1/19,14190
E08000004,1/1/19,6095
E08000005,1/1/19,5125
E08000006,1/1/19,5445
E08000007,1/1/19,3520
E08000008,1/1/19,5120
E08000009,1/1/19,3275
E08000010,1/1/19,6910
E08000011,1/1/19,3885
E08000012,1/1/19,11810
E08000013,1/1/19,3820
E08000014,1/1/19,5975
E08000015,1/1/19,6480
E08000016,1/1/19,5015
E08000017,1/1/19,6625
E08000018,1/1/19,4965
E08000019,1/1/19,8390
E08000021,1/1/19,8670
E08000022,1/1/19,4310
E08000023,1/1/19,5230
E08000024,1/1/19,7405
E08000025,1/1/19,40440
E08000026,1/1/19,5195
E08000027,1/1/19,7555
E08000028,1/1/19,7450
E08000029,1/1/19,3125
E08000030,1/1/19,5915
E08000031,1/1/19,8590
E08000032,1/1/19,12445
E08000033,1/1/19,4435
E08000034,1/1/19,8860
E08000035,1/1/19,12570
E08000036,1/1/19,4280
E08000037,1/1/19,5270
E09000001,1/1/19,65
E09000002,1/1/19,4325
E09000003,1/1/19,4540
E09000004,1/1/19,2175
E09000005,1/1/19,5105
E09000006,1/1/19,2990
E09000007,1/1/19,3105
E09000008,1/1/19,9395
E09000009,1/1/19,6455
E09000010,1/1/19,5905
E09000011,1/1/19,4270
E09000012,1/1/19,5690
E09000013,1/1/19,4300
E09000014,1/1/19,4980
E09000015,1/1/19,2295
E09000016,1/1/19,3145
E09000017,1/1/19,2905
E09000018,1/1/19,5600
E09000019,1/1/19,4760
E09000020,1/1/19,1995
E09000021,1/1/19,1710
E09000022,1/1/19,7530
E09000023,1/1/19,6345
E09000024,1/1/19,3040
E09000025,1/1/19,5680
E09000026,1/1/19,3330
E09000027,1/1/19,1805
E09000028,1/1/19,8010
E09000029,1/1/19,3020
E09000030,1/1/19,7010
E09000031,1/1/19,4785
E09000032,1/1/19,3890
E09000033,1/1/19,3055
N09000001,1/1/19,1670
N09000002,1/1/19,2650
N09000003,1/1/19,6705
N09000004,1/1/19,2825
N09000005,1/1/19,4650
N09000006,1/1/19,1600
N09000007,1/1/19,1280
N09000008,1/1/19,1950
N09000009,1/1/19,1555
N09000010,1/1/19,2400
N09000011,1/1/19,2085
S12000005,1/1/19,1295
S12000006,1/1/19,2350
S12000008,1/1/19,3670
S12000010,1/1/19,1800
S12000011,1/1/19,745
S12000013,1/1/19,295
S12000014,1/1/19,3220
S12000017,1/1/19,3585
S12000018,1/1/19,2345
S12000019,1/1/19,1365
S12000020,1/1/19,1380
S12000021,1/1/19,4535
S12000023,1/1/19,155
S12000026,1/1/19,1560
S12000027,1/1/19,155
S12000028,1/1/19,2490
S12000029,1/1/19,6695
S12000030,1/1/19,1460
S12000033,1/1/19,3010
S12000034,1/1/19,2335
S12000035,1/1/19,1200
S12000036,1/1/19,4865
S12000038,1/1/19,3435
S12000039,1/1/19,2180
S12000040,1/1/19,2920
S12000041,1/1/19,2070
S12000042,1/1/19,4330
S12000045,1/1/19,1140
S12000047,1/1/19,8450
S12000048,1/1/19,1500
S12000049,1/1/19,14570
S12000050,1/1/19,7865
W06000001,1/1/19,880
W06000002,1/1/19,1380
W06000003,1/1/19,1900
W06000004,1/1/19,1640
W06000005,1/1/19,2300
W06000006,1/1/19,2320
W06000008,1/1/19,515
W06000009,1/1/19,1825
W06000010,1/1/19,2110
W06000011,1/1/19,4960
W06000012,1/1/19,2870
W06000013,1/1/19,2265
W06000014,1/1/19,1405
W06000015,1/1/19,6770
W06000016,1/1/19,3285
W06000018,1/1/19,2995
W06000019,1/1/19,1405
W06000020,1/1/19,1955
W06000021,1/1/19,780
W06000022,1/1/19,3535
W06000023,1/1/19,850
W06000024,1/1/19,1210
E06000001,2/1/19,3975
E06000002,2/1/19,4565
E06000003,2/1/19,3030
E06000004,2/1/19,4795
E06000005,2/1/19,2730
E06000006,2/1/19,3430
E06000007,2/1/19,3410
E06000008,2/1/19,4125
E06000009,2/1/19,4405
E06000010,2/1/19,7035
E06000011,2/1/19,3960
E06000012,2/1/19,4370
E06000013,2/1/19,3415
E06000014,2/1/19,1825
E06000015,2/1/19,4370
E06000016,2/1/19,6135
E06000017,2/1/19,250
E06000018,2/1/19,7385
E06000019,2/1/19,1730
E06000020,2/1/19,2255
E06000021,2/1/19,5590
E06000022,2/1/19,2250
E06000023,2/1/19,6685
E06000024,2/1/19,2505
E06000025,2/1/19,1915
E06000026,2/1/19,5465
E06000027,2/1/19,2215
E06000030,2/1/19,3300
E06000031,2/1/19,3765
E06000032,2/1/19,2925
E06000033,2/1/19,4070
E06000034,2/1/19,2975
E06000035,2/1/19,4510
E06000036,2/1/19,970
E06000037,2/1/19,1250
E06000038,2/1/19,2615
E06000039,2/1/19,2125
E06000040,2/1/19,1040
E06000041,2/1/19,910
E06000042,2/1/19,2660
E06000043,2/1/19,4905
E06000044,2/1/19,2970
E06000045,2/1/19,5090
E06000046,2/1/19,2115
E06000047,2/1/19,12705
E06000049,2/1/19,4080
E06000050,2/1/19,5160
E06000051,2/1/19,3220
E06000052,2/1/19,7545
E06000053,2/1/19,10
E06000054,2/1/19,4715
E06000055,2/1/19,3335
E06000056,2/1/19,1780
E06000057,2/1/19,5440
E06000058,2/1/19,5675
E06000059,2/1/19,3400
E06000060,2/1/19,3680
E06000061,2/1/19,4615
E06000062,2/1/19,4335
E06000063,2/1/19,4355
E06000064,2/1/19,1895
E06000065,2/1/19,6305
E06000066,2/1/19,7570
E07000008,2/1/19,930
E07000009,2/1/19,495
E07000010,2/1/19,1185
E07000011,2/1/19,1130
E07000012,2/1/19,625
E07000032,2/1/19,1550
E07000033,2/1/19,975
E07000034,2/1/19,1915
E07000035,2/1/19,405
E07000036,2/1/19,2045
E07000037,2/1/19,890
E07000038,2/1/19,1075
E07000039,2/1/19,660
E07000040,2/1/19,955
E07000041,2/1/19,1120
E07000042,2/1/19,630
E07000043,2/1/19,1030
E07000044,2/1/19,635
E07000045,2/1/19,1010
E07000046,2/1/19,755
E07000047,2/1/19,385
E07000061,2/1/19,1975
E07000062,2/1/19,2800
E07000063,2/1/19,1025
E07000064,2/1/19,1315
E07000065,2/1/19,1030
E07000066,2/1/19,3185
E07000067,2/1/19,1665
E07000068,2/1/19,695
E07000069,2/1/19,830
E07000070,2/1/19,1405
E07000071,2/1/19,2110
E07000072,2/1/19,1055
E07000073,2/1/19,1895
E07000074,2/1/19,375
E07000075,2/1/19,665
E07000076,2/1/19,3055
E07000077,2/1/19,495
E07000078,2/1/19,1295
E07000079,2/1/19,655
E07000080,2/1/19,1065
E07000081,2/1/19,2040
E07000082,2/1/19,895
E07000083,2/1/19,785
E07000084,2/1/19,1535
E07000085,2/1/19,570
E07000086,2/1/19,1080
E07000087,2/1/19,515
E07000088,2/1/19,795
E07000089,2/1/19,305
E07000090,2/1/19,1345
E07000091,2/1/19,1185
E07000092,2/1/19,665
E07000093,2/1/19,820
E07000094,2/1/19,705
E07000095,2/1/19,1220
E07000096,2/1/19,1080
E07000098,2/1/19,1010
E07000099,2/1/19,1115
E07000102,2/1/19,855
E07000103,2/1/19,1480
E07000105,2/1/19,1845
E07000106,2/1/19,2045
E07000107,2/1/19,1085
E07000108,2/1/19,2485
E07000109,2/1/19,1730
E07000110,2/1/19,1415
E07000111,2/1/19,700
E07000112,2/1/19,2045
E07000113,2/1/19,2920
E07000114,2/1/19,4430
E07000115,2/1/19,785
E07000116,2/1/19,730
E07000117,2/1/19,2830
E07000118,2/1/19,1425
E07000119,2/1/19,740
E07000120,2/1/19,1990
E07000121,2/1/19,2725
E07000122,2/1/19,1350
E07000123,2/1/19,2760
E07000124,2/1/19,330
E07000125,2/1/19,1095
E07000126,2/1/19,1130
E07000127,2/1/19,1765
E07000128,2/1/19,1160
E07000129,2/1/19,680
E07000130,2/1/19,1590
E07000131,2/1/19,570
E07000132,2/1/19,1295
E07000133,2/1/19,670
E07000134,2/1/19,915
E07000135,2/1/19,435
E07000136,2/1/19,940
E07000137,2/1/19,2740
E07000138,2/1/19,2265
E07000139,2/1/19,835
E07000140,2/1/19,890
E07000141,2/1/19,1885
E07000142,2/1/19,1465
E07000143,2/1/19,1200
E07000144,2/1/19,750
E07000145,2/1/19,3210
E07000146,2/1/19,1180
E07000147,2/1/19,640
E07000148,2/1/19,2190
E07000149,2/1/19,895
E07000170,2/1/19,1820
E07000171,2/1/19,1815
E07000172,2/1/19,1265
E07000173,2/1/19,1310
E07000174,2/1/19,1655
E07000175,2/1/19,1285
E07000176,2/1/19,650
E07000177,2/1/19,1105
E07000178,2/1/19,1840
E07000179,2/1/19,895
E07000180,2/1/19,945
E07000181,2/1/19,720
E07000192,2/1/19,1015
E07000193,2/1/19,1040
E07000194,2/1/19,955
E07000195,2/1/19,1255
E07000196,2/1/19,1025
E07000197,2/1/19,970
E07000198,2/1/19,735
E07000199,2/1/19,1140
E07000200,2/1/19,820
E07000202,2/1/19,2600
E07000203,2/1/19,770
E07000207,2/1/19,590
E07000208,2/1/19,435
E07000209,2/1/19,660
E07000210,2/1/19,365
E07000211,2/1/19,850
E07000212,2/1/19,420
E07000213,2/1/19,625
E07000214,2/1/19,345
E07000215,2/1/19,595
E07000216,2/1/19,480
E07000217,2/1/19,530
E07000218,2/1/19,625
E07000219,2/1/19,2390
E07000220,2/1/19,1490
E07000221,2/1/19,860
E07000222,2/1/19,940
E07000223,2/1/19,690
E07000224,2/1/19,1660
E07000225,2/1/19,965
E07000226,2/1/19,1525
E07000227,2/1/19,925
E07000228,2/1/19,770
E07000229,2/1/19,1355
E07000234,2/1/19,975
E07000235,2/1/19,620
E07000236,2/1/19,1500
E07000237,2/1/19,1295
E07000238,2/1/19,885
E07000239,2/1/19,1115
E07000240,2/1/19,1230
E07000241,2/1/19,1375
E07000242,2/1/19,830
E07000243,2/1/19,1075
E07000244,2/1/19,3390
E07000245,2/1/19,1670
E08000001,2/1/19,6250
E08000002,2/1/19,3690
E08000003,2/1/19,15095
E08000004,2/1/19,6420
E08000005,2/1/19,5470
E08000006,2/1/19,5755
E08000007,2/1/19,3720
E08000008,2/1/19,5345
E08000009,2/1/19,3425
E08000010,2/1/19,7335
E08000011,2/1/19,4150
E08000012,2/1/19,12855
E08000013,2/1/19,4075
E08000014,2/1/19,6220
E08000015,2/1/19,6935
E08000016,2/1/19,5265
E08000017,2/1/19,6850
E08000018,2/1/19,5170
E08000019,2/1/19,8500
E08000021,2/1/19,9070
E08000022,2/1/19,4565
E08000023,2/1/19,5525
E08000024,2/1/19,7865
E08000025,2/1/19,42235
E08000026,2/1/19,5785
E08000027,2/1/19,7745
E08000028,2/1/19,7520
E08000029,2/1/19,3320
E08000030,2/1/19,6185
E08000031,2/1/19,8805
E08000032,2/1/19,12930
E08000033,2/1/19,4605
E08000034,2/1/19,9230
E08000035,2/1/19,13285
E08000036,2/1/19,4660
E08000037,2/1/19,5560
E09000001,2/1/19,70
E09000002,2/1/19,4620
E09000003,2/1/19,4800
E09000004,2/1/19,2410
E09000005,2/1/19,5185
E09000006,2/1/19,3175
E09000007,2/1/19,3245
E09000008,2/1/19,10035
E09000009,2/1/19,6715
E09000010,2/1/19,6335
E09000011,2/1/19,4545
E09000012,2/1/19,5935
E09000013,2/1/19,4485
E09000014,2/1/19,5170
E09000015,2/1/19,2490
E09000016,2/1/19,3395
E09000017,2/1/19,3235
E09000018,2/1/19,5985
E09000019,2/1/19,4960
E09000020,2/1/19,2080
E09000021,2/1/19,1785
E09000022,2/1/19,7885
E09000023,2/1/19,6775
E09000024,2/1/19,3250
E09000025,2/1/19,5880
E09000026,2/1/19,3625
E09000027,2/1/19,1890
E09000028,2/1/19,8370
E09000029,2/1/19,3230
E09000030,2/1/19,7305
E09000031,2/1/19,5035
E09000032,2/1/19,4045
E09000033,2/1/19,3240
N09000001,2/1/19,1735
N09000002,2/1/19,2725
N09000003,2/1/19,6535
N09000004,2/1/19,2885
N09000005,2/1/19,4600
N09000006,2/1/19,1640
N09000007,2/1/19,1285
N09000008,2/1/19,1960
N09000009,2/1/19,1585
N09000010,2/1/19,2470
N09000011,2/1/19,2080
S12000005,2/1/19,1370
S12000006,2/1/19,2510
S12000008,2/1/19,3775
S12000010,2/1/19,1950
S12000011,2/1/19,790
S12000013,2/1/19,335
S12000014,2/1/19,3430
S12000017,2/1/19,3875
S12000018,2/1/19,2480
S12000019,2/1/19,1440
S12000020,2/1/19,1490
S12000021,2/1/19,4615
S12000023,2/1/19,185
S12000026,2/1/19,1700
S12000027,2/1/19,185
S12000028,2/1/19,2610
S12000029,2/1/19,7080
S12000030,2/1/19,1555
S12000033,2/1/19,3270
S12000034,2/1/19,2565
S12000035,2/1/19,1305
S12000036,2/1/19,5100
S12000038,2/1/19,3650
S12000039,2/1/19,2240
S12000040,2/1/19,3210
S12000041,2/1/19,2200
S12000042,2/1/19,4620
S12000045,2/1/19,1205
S12000047,2/1/19,8875
S12000048,2/1/19,1700
S12000049,2/1/19,15350
S12000050,2/1/19,8270
W06000001,2/1/19,970
W06000002,2/1/19,1440
W06000003,2/1/19,2050
W06000004,2/1/19,1755
W06000005,2/1/19,2440
W06000006,2/1/19,2370
W06000008,2/1/19,565
W06000009,2/1/19,1865
W06000010,2/1/19,2175
W06000011,2/1/19,5150
W06000012,2/1/19,3000
W06000013,2/1/19,2350
W06000014,2/1/19,1535
W06000015,2/1/19,7245
W06000016,2/1/19,3615
W06000018,2/1/19,3240
W06000019,2/1/19,1520
W06000020,2/1/19,2065
W06000021,2/1/19,850
W06000022,2/1/19,3675
W06000023,2/1/19,975
W06000024,2/1/19,1300
E06000001,3/1/19,3985
E06000002,3/1/19,4785
E06000003,3/1/19,3215
E06000004,3/1/19,4835
E06000005,3/1/19,2725
E06000006,3/1/19,3480
E06000007,3/1/19,3490
E06000008,3/1/19,4200
E06000009,3/1/19,4605
E06000010,3/1/19,7600
E06000011,3/1/19,4025
E06000012,3/1/19,4250
E06000013,3/1/19,3405
E06000014,3/1/19,1845
E06000015,3/1/19,4615
E06000016,3/1/19,6370
E06000017,3/1/19,245
E06000018,3/1/19,7860
E06000019,3/1/19,1805
E06000020,3/1/19,2430
E06000021,3/1/19,5990
E06000022,3/1/19,2215
E06000023,3/1/19,6945
E06000024,3/1/19,2485
E06000025,3/1/19,2005
E06000026,3/1/19,5440
E06000027,3/1/19,2300
E06000030,3/1/19,3325
E06000031,3/1/19,3890
E06000032,3/1/19,3120
E06000033,3/1/19,4045
E06000034,3/1/19,3065
E06000035,3/1/19,4750
E06000036,3/1/19,995
E06000037,3/1/19,1260
E06000038,3/1/19,2625
E06000039,3/1/19,2205
E06000040,3/1/19,1075
E06000041,3/1/19,920
E06000042,3/1/19,2995
E06000043,3/1/19,4865
E06000044,3/1/19,3195
E06000045,3/1/19,5005
E06000046,3/1/19,2145
E06000047,3/1/19,12715
E06000049,3/1/19,4085
E06000050,3/1/19,5150
E06000051,3/1/19,3385
E06000052,3/1/19,7610
E06000053,3/1/19,10
E06000054,3/1/19,4775
E06000055,3/1/19,3370
E06000056,3/1/19,1945
E06000057,3/1/19,5680
E06000058,3/1/19,5725
E06000059,3/1/19,3470
E06000060,3/1/19,3885
E06000061,3/1/19,4845
E06000062,3/1/19,4570
E06000063,3/1/19,4405
E06000064,3/1/19,2010
E06000065,3/1/19,6230
E06000066,3/1/19,7435
E07000008,3/1/19,1000
E07000009,3/1/19,490
E07000010,3/1/19,1225
E07000011,3/1/19,1170
E07000012,3/1/19,655
E07000032,3/1/19,1595
E07000033,3/1/19,1015
E07000034,3/1/19,2000
E07000035,3/1/19,430
E07000036,3/1/19,2025
E07000037,3/1/19,940
E07000038,3/1/19,1090
E07000039,3/1/19,750
E07000040,3/1/19,980
E07000041,3/1/19,1155
E07000042,3/1/19,665
E07000043,3/1/19,1055
E07000044,3/1/19,640
E07000045,3/1/19,1050
E07000046,3/1/19,755
E07000047,3/1/19,385
E07000061,3/1/19,1930
E07000062,3/1/19,2730
E07000063,3/1/19,1065
E07000064,3/1/19,1305
E07000065,3/1/19,1050
E07000066,3/1/19,3250
E07000067,3/1/19,1700
E07000068,3/1/19,695
E07000069,3/1/19,870
E07000070,3/1/19,1490
E07000071,3/1/19,2185
E07000072,3/1/19,1125
E07000073,3/1/19,1885
E07000074,3/1/19,395
E07000075,3/1/19,690
E07000076,3/1/19,3120
E07000077,3/1/19,515
E07000078,3/1/19,1310
E07000079,3/1/19,680
E07000080,3/1/19,1090
E07000081,3/1/19,2070
E07000082,3/1/19,910
E07000083,3/1/19,830
E07000084,3/1/19,1610
E07000085,3/1/19,610
E07000086,3/1/19,1030
E07000087,3/1/19,585
E07000088,3/1/19,885
E07000089,3/1/19,315
E07000090,3/1/19,1445
E07000091,3/1/19,1205
E07000092,3/1/19,730
E07000093,3/1/19,785
E07000094,3/1/19,730
E07000095,3/1/19,1260
E07000096,3/1/19,1205
E07000098,3/1/19,1045
E07000099,3/1/19,1165
E07000102,3/1/19,860
E07000103,3/1/19,1485
E07000105,3/1/19,1880
E07000106,3/1/19,2120
E07000107,3/1/19,1140
E07000108,3/1/19,2490
E07000109,3/1/19,1810
E07000110,3/1/19,1485
E07000111,3/1/19,715
E07000112,3/1/19,2105
E07000113,3/1/19,2910
E07000114,3/1/19,4390
E07000115,3/1/19,835
E07000116,3/1/19,830
E07000117,3/1/19,2795
E07000118,3/1/19,1440
E07000119,3/1/19,785
E07000120,3/1/19,2020
E07000121,3/1/19,2805
E07000122,3/1/19,1385
E07000123,3/1/19,2965
E07000124,3/1/19,345
E07000125,3/1/19,1175
E07000126,3/1/19,1210
E07000127,3/1/19,1785
E07000128,3/1/19,1210
E07000129,3/1/19,690
E07000130,3/1/19,1675
E07000131,3/1/19,585
E07000132,3/1/19,1345
E07000133,3/1/19,670
E07000134,3/1/19,925
E07000135,3/1/19,445
E07000136,3/1/19,960
E07000137,3/1/19,2760
E07000138,3/1/19,2350
E07000139,3/1/19,870
E07000140,3/1/19,940
E07000141,3/1/19,1850
E07000142,3/1/19,1530
E07000143,3/1/19,1280
E07000144,3/1/19,800
E07000145,3/1/19,3175
E07000146,3/1/19,1310
E07000147,3/1/19,685
E07000148,3/1/19,2360
E07000149,3/1/19,935
E07000170,3/1/19,1920
E07000171,3/1/19,1900
E07000172,3/1/19,1310
E07000173,3/1/19,1445
E07000174,3/1/19,1805
E07000175,3/1/19,1330
E07000176,3/1/19,715
E07000177,3/1/19,1100
E07000178,3/1/19,1870
E07000179,3/1/19,915
E07000180,3/1/19,990
E07000181,3/1/19,730
E07000192,3/1/19,1090
E07000193,3/1/19,1145
E07000194,3/1/19,985
E07000195,3/1/19,1395
E07000196,3/1/19,1035
E07000197,3/1/19,1050
E07000198,3/1/19,775
E07000199,3/1/19,1175
E07000200,3/1/19,850
E07000202,3/1/19,2590
E07000203,3/1/19,775
E07000207,3/1/19,635
E07000208,3/1/19,480
E07000209,3/1/19,680
E07000210,3/1/19,400
E07000211,3/1/19,920
E07000212,3/1/19,450
E07000213,3/1/19,690
E07000214,3/1/19,380
E07000215,3/1/19,585
E07000216,3/1/19,520
E07000217,3/1/19,565
E07000218,3/1/19,665
E07000219,3/1/19,2430
E07000220,3/1/19,1500
E07000221,3/1/19,890
E07000222,3/1/19,1070
E07000223,3/1/19,690
E07000224,3/1/19,1725
E07000225,3/1/19,1015
E07000226,3/1/19,1560
E07000227,3/1/19,950
E07000228,3/1/19,770
E07000229,3/1/19,1370
E07000234,3/1/19,995
E07000235,3/1/19,695
E07000236,3/1/19,1505
E07000237,3/1/19,1430
E07000238,3/1/19,965
E07000239,3/1/19,1165
E07000240,3/1/19,1195
E07000241,3/1/19,1410
E07000242,3/1/19,910
E07000243,3/1/19,1110
E07000244,3/1/19,3370
E07000245,3/1/19,1745
E08000001,3/1/19,6695
E08000002,3/1/19,3725
E08000003,3/1/19,15450
E08000004,3/1/19,6670
E08000005,3/1/19,5765
E08000006,3/1/19,5910
E08000007,3/1/19,3920
E08000008,3/1/19,5375
E08000009,3/1/19,3415
E08000010,3/1/19,7475
E08000011,3/1/19,4250
E08000012,3/1/19,13255
E08000013,3/1/19,4235
E08000014,3/1/19,6280
E08000015,3/1/19,6875
E08000016,3/1/19,5380
E08000017,3/1/19,7065
E08000018,3/1/19,5365
E08000019,3/1/19,9190
E08000021,3/1/19,9170
E08000022,3/1/19,4715
E08000023,3/1/19,5605
E08000024,3/1/19,8185
E08000025,3/1/19,42990
E08000026,3/1/19,5965
E08000027,3/1/19,7800
E08000028,3/1/19,7880
E08000029,3/1/19,3430
E08000030,3/1/19,6475
E08000031,3/1/19,8995
E08000032,3/1/19,13310
E08000033,3/1/19,4620
E08000034,3/1/19,9270
E08000035,3/1/19,14000
E08000036,3/1/19,5125
E08000037,3/1/19,5660
E09000001,3/1/19,70
E09000002,3/1/19,4695
E09000003,3/1/19,4945
E09000004,3/1/19,2595
E09000005,3/1/19,5565
E09000006,3/1/19,3295
E09000007,3/1/19,3375
E09000008,3/1/19,9985
E09000009,3/1/19,6910
E09000010,3/1/19,6505
E09000011,3/1/19,4810
E09000012,3/1/19,6145
E09000013,3/1/19,4485
E09000014,3/1/19,5440
E09000015,3/1/19,2600
E09000016,3/1/19,3475
E09000017,3/1/19,3485
E09000018,3/1/19,6040
E09000019,3/1/19,5035
E09000020,3/1/19,2115
E09000021,3/1/19,1835
E09000022,3/1/19,7960
E09000023,3/1/19,6960
E09000024,3/1/19,3280
E09000025,3/1/19,6195
E09000026,3/1/19,3860
E09000027,3/1/19,1950
E09000028,3/1/19,8300
E09000029,3/1/19,3185
E09000030,3/1/19,7310
E09000031,3/1/19,5240
E09000032,3/1/19,4170
E09000033,3/1/19,3375
N09000001,3/1/19,1775
N09000002,3/1/19,2825
N09000003,3/1/19,6510
N09000004,3/1/19,2820
N09000005,3/1/19,4600
N09000006,3/1/19,1645
N09000007,3/1/19,1350
N09000008,3/1/19,1980
N09000009,3/1/19,1585
N09000010,3/1/19,2475
N09000011,3/1/19,2105
S12000005,3/1/19,1375
S12000006,3/1/19,2640
S12000008,3/1/19,3815
S12000010,3/1/19,1890
S12000011,3/1/19,835
S12000013,3/1/19,350
S12000014,3/1/19,3475
S12000017,3/1/19,3840
S12000018,3/1/19,2490
S12000019,3/1/19,1460
S12000020,3/1/19,1530
S12000021,3/1/19,4650
S12000023,3/1/19,195
S12000026,3/1/19,1740
S12000027,3/1/19,190
S12000028,3/1/19,2640
S12000029,3/1/19,7260
S12000030,3/1/19,1545
S12000033,3/1/19,3375
S12000034,3/1/19,2615
S12000035,3/1/19,1375
S12000036,3/1/19,5525
S12000038,3/1/19,3710
S12000039,3/1/19,2350
S12000040,3/1/19,3315
S12000041,3/1/19,2210
S12000042,3/1/19,4660
S12000045,3/1/19,1210
S12000047,3/1/19,9125
S12000048,3/1/19,1760
S12000049,3/1/19,16090
S12000050,3/1/19,8515
W06000001,3/1/19,1045
W06000002,3/1/19,1435
W06000003,3/1/19,2130
W06000004,3/1/19,1760
W06000005,3/1/19,2510
W06000006,3/1/19,2435
W06000008,3/1/19,610
W06000009,3/1/19,1930
W06000010,3/1/19,2315
W06000011,3/1/19,5285
W06000012,3/1/19,3045
W06000013,3/1/19,2415
W06000014,3/1/19,1585
W06000015,3/1/19,7345
W06000016,3/1/19,3910
W06000018,3/1/19,3370
W06000019,3/1/19,1585
W06000020,3/1/19,2055
W06000021,3/1/19,855
W06000022,3/1/19,3710
W06000023,3/1/19,1050
W06000024,3/1/19,1335
E06000001,4/1/19,3855
E06000002,4/1/19,4850
E06000003,4/1/19,3270
E06000004,4/1/19,4805
E06000005,4/1/19,2760
E06000006,4/1/19,3425
E06000007,4/1/19,3410
E06000008,4/1/19,4220
E06000009,4/1/19,4735
E06000010,4/1/19,7915
E06000011,4/1/19,4005
E06000012,4/1/19,4240
E06000013,4/1/19,3360
E06000014,4/1/19,1850
E06000015,4/1/19,4760
E06000016,4/1/19,6550
E06000017,4/1/19,255
E06000018,4/1/19,8210
E06000019,4/1/19,1820
E06000020,4/1/19,2605
E06000021,4/1/19,6180
E06000022,4/1/19,2210
E06000023,4/1/19,7170
E06000024,4/1/19,2495
E06000025,4/1/19,2065
E06000026,4/1/19,5405
E06000027,4/1/19,2360
E06000030,4/1/19,3335
E06000031,4/1/19,3950
E06000032,4/1/19,3340
E06000033,4/1/19,4010
E06000034,4/1/19,3125
E06000035,4/1/19,4955
E06000036,4/1/19,1075
E06000037,4/1/19,1250
E06000038,4/1/19,2655
E06000039,4/1/19,2250
E06000040,4/1/19,1090
E06000041,4/1/19,915
E06000042,4/1/19,3230
E06000043,4/1/19,4875
E06000044,4/1/19,3295
E06000045,4/1/19,4930
E06000046,4/1/19,2145
E06000047,4/1/19,12585
E06000049,4/1/19,4125
E06000050,4/1/19,5115
E06000051,4/1/19,3475
E06000052,4/1/19,7550
E06000053,4/1/19,10
E06000054,4/1/19,4720
E06000055,4/1/19,3345
E06000056,4/1/19,2035
E06000057,4/1/19,5785
E06000058,4/1/19,5710
E06000059,4/1/19,3360
E06000060,4/1/19,4065
E06000061,4/1/19,4955
E06000062,4/1/19,4795
E06000063,4/1/19,4515
E06000064,4/1/19,2030
E06000065,4/1/19,6040
E06000066,4/1/19,7445
E07000008,4/1/19,1030
E07000009,4/1/19,520
E07000010,4/1/19,1265
E07000011,4/1/19,1215
E07000012,4/1/19,685
E07000032,4/1/19,1600
E07000033,4/1/19,1060
E07000034,4/1/19,2025
E07000035,4/1/19,435
E07000036,4/1/19,2045
E07000037,4/1/19,960
E07000038,4/1/19,1110
E07000039,4/1/19,820
E07000040,4/1/19,985
E07000041,4/1/19,1170
E07000042,4/1/19,670
E07000043,4/1/19,965
E07000044,4/1/19,645
E07000045,4/1/19,1075
E07000046,4/1/19,765
E07000047,4/1/19,400
E07000061,4/1/19,1955
E07000062,4/1/19,2725
E07000063,4/1/19,1085
E07000064,4/1/19,1260
E07000065,4/1/19,1070
E07000066,4/1/19,3295
E07000067,4/1/19,1710
E07000068,4/1/19,710
E07000069,4/1/19,915
E07000070,4/1/19,1580
E07000071,4/1/19,2220
E07000072,4/1/19,1220
E07000073,4/1/19,1850
E07000074,4/1/19,405
E07000075,4/1/19,700
E07000076,4/1/19,3130
E07000077,4/1/19,505
E07000078,4/1/19,1330
E07000079,4/1/19,675
E07000080,4/1/19,1070
E07000081,4/1/19,2115
E07000082,4/1/19,895
E07000083,4/1/19,845
E07000084,4/1/19,1625
E07000085,4/1/19,635
E07000086,4/1/19,1045
E07000087,4/1/19,595
E07000088,4/1/19,910
E07000089,4/1/19,335
E07000090,4/1/19,1465
E07000091,4/1/19,1195
E07000092,4/1/19,790
E07000093,4/1/19,825
E07000094,4/1/19,745
E07000095,4/1/19,1265
E07000096,4/1/19,1250
E07000098,4/1/19,1065
E07000099,4/1/19,1195
E07000102,4/1/19,845
E07000103,4/1/19,1490
E07000105,4/1/19,1860
E07000106,4/1/19,2120
E07000107,4/1/19,1175
E07000108,4/1/19,2500
E07000109,4/1/19,1920
E07000110,4/1/19,1650
E07000111,4/1/19,730
E07000112,4/1/19,2130
E07000113,4/1/19,2895
E07000114,4/1/19,4330
E07000115,4/1/19,900
E07000116,4/1/19,815
E07000117,4/1/19,2805
E07000118,4/1/19,1430
E07000119,4/1/19,795
E07000120,4/1/19,2005
E07000121,4/1/19,2805
E07000122,4/1/19,1460
E07000123,4/1/19,3030
E07000124,4/1/19,365
E07000125,4/1/19,1205
E07000126,4/1/19,1245
E07000127,4/1/19,1775
E07000128,4/1/19,1260
E07000129,4/1/19,675
E07000130,4/1/19,1725
E07000131,4/1/19,570
E07000132,4/1/19,1305
E07000133,4/1/19,645
E07000134,4/1/19,915
E07000135,4/1/19,445
E07000136,4/1/19,995
E07000137,4/1/19,2590
E07000138,4/1/19,2390
E07000139,4/1/19,860
E07000140,4/1/19,945
E07000141,4/1/19,1875
E07000142,4/1/19,1555
E07000143,4/1/19,1295
E07000144,4/1/19,790
E07000145,4/1/19,3055
E07000146,4/1/19,1400
E07000147,4/1/19,745
E07000148,4/1/19,2495
E07000149,4/1/19,980
E07000170,4/1/19,2020
E07000171,4/1/19,1900
E07000172,4/1/19,1350
E07000173,4/1/19,1475
E07000174,4/1/19,1880
E07000175,4/1/19,1400
E07000176,4/1/19,775
E07000177,4/1/19,1140
E07000178,4/1/19,1870
E07000179,4/1/19,890
E07000180,4/1/19,955
E07000181,4/1/19,735
E07000192,4/1/19,1180
E07000193,4/1/19,1195
E07000194,4/1/19,1010
E07000195,4/1/19,1510
E07000196,4/1/19,1050
E07000197,4/1/19,1135
E07000198,4/1/19,780
E07000199,4/1/19,1175
E07000200,4/1/19,805
E07000202,4/1/19,2660
E07000203,4/1/19,785
E07000207,4/1/19,650
E07000208,4/1/19,490
E07000209,4/1/19,730
E07000210,4/1/19,380
E07000211,4/1/19,930
E07000212,4/1/19,470
E07000213,4/1/19,710
E07000214,4/1/19,405
E07000215,4/1/19,585
E07000216,4/1/19,525
E07000217,4/1/19,560
E07000218,4/1/19,655
E07000219,4/1/19,2450
E07000220,4/1/19,1470
E07000221,4/1/19,935
E07000222,4/1/19,1140
E07000223,4/1/19,705
E07000224,4/1/19,1760
E07000225,4/1/19,1030
E07000226,4/1/19,1570
E07000227,4/1/19,925
E07000228,4/1/19,780
E07000229,4/1/19,1365
E07000234,4/1/19,1040
E07000235,4/1/19,725
E07000236,4/1/19,1550
E07000237,4/1/19,1515
E07000238,4/1/19,1020
E07000239,4/1/19,1260
E07000240,4/1/19,1215
E07000241,4/1/19,1375
E07000242,4/1/19,960
E07000243,4/1/19,1140
E07000244,4/1/19,3355
E07000245,4/1/19,1775
E08000001,4/1/19,6850
E08000002,4/1/19,3720
E08000003,4/1/19,15680
E08000004,4/1/19,6655
E08000005,4/1/19,5700
E08000006,4/1/19,6090
E08000007,4/1/19,4045
E08000008,4/1/19,5465
E08000009,4/1/19,3375
E08000010,4/1/19,7500
E08000011,4/1/19,4335
E08000012,4/1/19,13755
E08000013,4/1/19,4210
E08000014,4/1/19,6275
E08000015,4/1/19,7010
E08000016,4/1/19,5420
E08000017,4/1/19,7105
E08000018,4/1/19,5490
E08000019,4/1/19,9470
E08000021,4/1/19,9100
E08000022,4/1/19,4810
E08000023,4/1/19,5655
E08000024,4/1/19,8250
E08000025,4/1/19,44060
E08000026,4/1/19,6215
E08000027,4/1/19,7810
E08000028,4/1/19,8115
E08000029,4/1/19,3475
E08000030,4/1/19,6645
E08000031,4/1/19,9095
E08000032,4/1/19,13685
E08000033,4/1/19,4640
E08000034,4/1/19,9395
E08000035,4/1/19,14405
E08000036,4/1/19,5355
E08000037,4/1/19,5615
E09000001,4/1/19,70
E09000002,4/1/19,4815
E09000003,4/1/19,5070
E09000004,4/1/19,2640
E09000005,4/1/19,5880
E09000006,4/1/19,3440
E09000007,4/1/19,3525
E09000008,4/1/19,10065
E09000009,4/1/19,7065
E09000010,4/1/19,6570
E09000011,4/1/19,5035
E09000012,4/1/19,6285
E09000013,4/1/19,4500
E09000014,4/1/19,5715
E09000015,4/1/19,2665
E09000016,4/1/19,3625
E09000017,4/1/19,3640
E09000018,4/1/19,6075
E09000019,4/1/19,5110
E09000020,4/1/19,2130
E09000021,4/1/19,1890
E09000022,4/1/19,8055
E09000023,4/1/19,7115
E09000024,4/1/19,3320
E09000025,4/1/19,6450
E09000026,4/1/19,3965
E09000027,4/1/19,2025
E09000028,4/1/19,8370
E09000029,4/1/19,3115
E09000030,4/1/19,7345
E09000031,4/1/19,5385
E09000032,4/1/19,4245
E09000033,4/1/19,3430
N09000001,4/1/19,1795
N09000002,4/1/19,2760
N09000003,4/1/19,6500
N09000004,4/1/19,2760
N09000005,4/1/19,4535
N09000006,4/1/19,1630
N09000007,4/1/19,1330
N09000008,4/1/19,2030
N09000009,4/1/19,1580
N09000010,4/1/19,2465
N09000011,4/1/19,2175
S12000005,4/1/19,1355
S12000006,4/1/19,2645
S12000008,4/1/19,3750
S12000010,4/1/19,1825
S12000011,4/1/19,835
S12000013,4/1/19,330
S12000014,4/1/19,3365
S12000017,4/1/19,3725
S12000018,4/1/19,2490
S12000019,4/1/19,1455
S12000020,4/1/19,1510
S12000021,4/1/19,4565
S12000023,4/1/19,190
S12000026,4/1/19,1730
S12000027,4/1/19,205
S12000028,4/1/19,2600
S12000029,4/1/19,7175
S12000030,4/1/19,1500
S12000033,4/1/19,3460
S12000034,4/1/19,2645
S12000035,4/1/19,1375
S12000036,4/1/19,5760
S12000038,4/1/19,3710
S12000039,4/1/19,2465
S12000040,4/1/19,3270
S12000041,4/1/19,2150
S12000042,4/1/19,4590
S12000045,4/1/19,1250
S12000047,4/1/19,9020
S12000048,4/1/19,1745
S12000049,4/1/19,16910
S12000050,4/1/19,8435
W06000001,4/1/19,1080
W06000002,4/1/19,1425
W06000003,4/1/19,2105
W06000004,4/1/19,1790
W06000005,4/1/19,2435
W06000006,4/1/19,2465
W06000008,4/1/19,650
W06000009,4/1/19,1900
W06000010,4/1/19,2420
W06000011,4/1/19,5285
W06000012,4/1/19,2985
W06000013,4/1/19,2395
W06000014,4/1/19,1600
W06000015,4/1/19,7275
W06000016,4/1/19,4015
W06000018,4/1/19,3405
W06000019,4/1/19,1580
W06000020,4/1/19,1985
W06000021,4/1/19,880
W06000022,4/1/19,3675
W06000023,4/1/19,1090
W06000024,4/1/19,1335
E06000001,5/1/19,3750
E06000002,5/1/19,4920
E06000003,5/1/19,3330
E06000004,5/1/19,4855
E06000005,5/1/19,2780
E06000006,5/1/19,3385
E06000007,5/1/19,3330
E06000008,5/1/19,4245
E06000009,5/1/19,4825
E06000010,5/1/19,8280
E06000011,5/1/19,3945
E06000012,5/1/19,4120
E06000013,5/1/19,3325
E06000014,5/1/19,1790
E06000015,5/1/19,4880
E06000016,5/1/19,6605
E06000017,5/1/19,230
E06000018,5/1/19,8550
E06000019,5/1/19,1815
E06000020,5/1/19,2685
E06000021,5/1/19,6280
E06000022,5/1/19,2185
E06000023,5/1/19,7375
E06000024,5/1/19,2450
E06000025,5/1/19,2135
E06000026,5/1/19,5385
E06000027,5/1/19,2355
E06000030,5/1/19,3325
E06000031,5/1/19,3885
E06000032,5/1/19,3380
E06000033,5/1/19,4010
E06000034,5/1/19,3135
E06000035,5/1/19,4985
E06000036,5/1/19,1075
E06000037,5/1/19,1235
E06000038,5/1/19,2675
E06000039,5/1/19,2305
E06000040,5/1/19,1115
E06000041,5/1/19,925
E06000042,5/1/19,3300
E06000043,5/1/19,4870
E06000044,5/1/19,3445
E06000045,5/1/19,5025
E06000046,5/1/19,2090
E06000047,5/1/19,12480
E06000049,5/1/19,4155
E06000050,5/1/19,5155
E06000051,5/1/19,3490
E06000052,5/1/19,7395
E06000053,5/1/19,10
E06000054,5/1/19,4630
E06000055,5/1/19,3345
E06000056,5/1/19,2070
E06000057,5/1/19,5850
E06000058,5/1/19,5705
E06000059,5/1/19,3315
E06000060,5/1/19,4105
E06000061,5/1/19,5060
E06000062,5/1/19,4870
E06000063,5/1/19,4370
E06000064,5/1/19,2100
E06000065,5/1/19,5840
E06000066,5/1/19,7285
E07000008,5/1/19,1065
E07000009,5/1/19,525
E07000010,5/1/19,1300
E07000011,5/1/19,1245
E07000012,5/1/19,740
E07000032,5/1/19,1545
E07000033,5/1/19,1110
E07000034,5/1/19,1960
E07000035,5/1/19,425
E07000036,5/1/19,2030
E07000037,5/1/19,975
E07000038,5/1/19,1130
E07000039,5/1/19,825
E07000040,5/1/19,955
E07000041,5/1/19,1160
E07000042,5/1/19,680
E07000043,5/1/19,940
E07000044,5/1/19,620
E07000045,5/1/19,1060
E07000046,5/1/19,740
E07000047,5/1/19,400
E07000061,5/1/19,1965
E07000062,5/1/19,2645
E07000063,5/1/19,1080
E07000064,5/1/19,1225
E07000065,5/1/19,1060
E07000066,5/1/19,3305
E07000067,5/1/19,1740
E07000068,5/1/19,705
E07000069,5/1/19,880
E07000070,5/1/19,1610
E07000071,5/1/19,2240
E07000072,5/1/19,1290
E07000073,5/1/19,1860
E07000074,5/1/19,440
E07000075,5/1/19,700
E07000076,5/1/19,3145
E07000077,5/1/19,515
E07000078,5/1/19,1350
E07000079,5/1/19,690
E07000080,5/1/19,1065
E07000081,5/1/19,2145
E07000082,5/1/19,900
E07000083,5/1/19,835
E07000084,5/1/19,1645
E07000085,5/1/19,635
E07000086,5/1/19,1080
E07000087,5/1/19,615
E07000088,5/1/19,935
E07000089,5/1/19,340
E07000090,5/1/19,1485
E07000091,5/1/19,1200
E07000092,5/1/19,795
E07000093,5/1/19,835
E07000094,5/1/19,765
E07000095,5/1/19,1315
E07000096,5/1/19,1295
E07000098,5/1/19,1105
E07000099,5/1/19,1210
E07000102,5/1/19,870
E07000103,5/1/19,1490
E07000105,5/1/19,1880
E07000106,5/1/19,2140
E07000107,5/1/19,1195
E07000108,5/1/19,2490
E07000109,5/1/19,1955
E07000110,5/1/19,1665
E07000111,5/1/19,745
E07000112,5/1/19,2175
E07000113,5/1/19,2910
E07000114,5/1/19,4315
E07000115,5/1/19,915
E07000116,5/1/19,875
E07000117,5/1/19,2740
E07000118,5/1/19,1410
E07000119,5/1/19,825
E07000120,5/1/19,2025
E07000121,5/1/19,2740
E07000122,5/1/19,1500
E07000123,5/1/19,3040
E07000124,5/1/19,375
E07000125,5/1/19,1240
E07000126,5/1/19,1230
E07000127,5/1/19,1720
E07000128,5/1/19,1255
E07000129,5/1/19,705
E07000130,5/1/19,1725
E07000131,5/1/19,600
E07000132,5/1/19,1335
E07000133,5/1/19,645
E07000134,5/1/19,955
E07000135,5/1/19,460
E07000136,5/1/19,1000
E07000137,5/1/19,2415
E07000138,5/1/19,2405
E07000139,5/1/19,905
E07000140,5/1/19,980
E07000141,5/1/19,1885
E07000142,5/1/19,1560
E07000143,5/1/19,1340
E07000144,5/1/19,830
E07000145,5/1/19,2865
E07000146,5/1/19,1450
E07000147,5/1/19,735
E07000148,5/1/19,2545
E07000149,5/1/19,985
E07000170,5/1/19,2060
E07000171,5/1/19,1885
E07000172,5/1/19,1355
E07000173,5/1/19,1500
E07000174,5/1/19,1870
E07000175,5/1/19,1445
E07000176,5/1/19,805
E07000177,5/1/19,1135
E07000178,5/1/19,1905
E07000179,5/1/19,905
E07000180,5/1/19,920
E07000181,5/1/19,740
E07000192,5/1/19,1245
E07000193,5/1/19,1260
E07000194,5/1/19,1020
E07000195,5/1/19,1555
E07000196,5/1/19,1085
E07000197,5/1/19,1195
E07000198,5/1/19,760
E07000199,5/1/19,1175
E07000200,5/1/19,805
E07000202,5/1/19,2720
E07000203,5/1/19,810
E07000207,5/1/19,660
E07000208,5/1/19,470
E07000209,5/1/19,735
E07000210,5/1/19,395
E07000211,5/1/19,960
E07000212,5/1/19,485
E07000213,5/1/19,725
E07000214,5/1/19,420
E07000215,5/1/19,600
E07000216,5/1/19,540
E07000217,5/1/19,625
E07000218,5/1/19,665
E07000219,5/1/19,2460
E07000220,5/1/19,1470
E07000221,5/1/19,930
E07000222,5/1/19,1155
E07000223,5/1/19,700
E07000224,5/1/19,1740
E07000225,5/1/19,1065
E07000226,5/1/19,1565
E07000227,5/1/19,920
E07000228,5/1/19,790
E07000229,5/1/19,1390
E07000234,5/1/19,1010
E07000235,5/1/19,725
E07000236,5/1/19,1540
E07000237,5/1/19,1545
E07000238,5/1/19,1085
E07000239,5/1/19,1275
E07000240,5/1/19,1245
E07000241,5/1/19,1405
E07000242,5/1/19,950
E07000243,5/1/19,1205
E07000244,5/1/19,3340
E07000245,5/1/19,1800
E08000001,5/1/19,7045
E08000002,5/1/19,3760
E08000003,5/1/19,15845
E08000004,5/1/19,6550
E08000005,5/1/19,5750
E08000006,5/1/19,6235
E08000007,5/1/19,4060
E08000008,5/1/19,5340
E08000009,5/1/19,3385
E08000010,5/1/19,7470
E08000011,5/1/19,4335
E08000012,5/1/19,13800
E08000013,5/1/19,4225
E08000014,5/1/19,6215
E08000015,5/1/19,6990
E08000016,5/1/19,5450
E08000017,5/1/19,6960
E08000018,5/1/19,5540
E08000019,5/1/19,9545
E08000021,5/1/19,8990
E08000022,5/1/19,4790
E08000023,5/1/19,5610
E08000024,5/1/19,8335
E08000025,5/1/19,44565
E08000026,5/1/19,6465
E08000027,5/1/19,7820
E08000028,5/1/19,8435
E08000029,5/1/19,3485
E08000030,5/1/19,6850
E08000031,5/1/19,9210
E08000032,5/1/19,14075
E08000033,5/1/19,4660
E08000034,5/1/19,9370
E08000035,5/1/19,14740
E08000036,5/1/19,5470
E08000037,5/1/19,5525
E09000001,5/1/19,70
E09000002,5/1/19,4940
E09000003,5/1/19,5225
E09000004,5/1/19,2710
E09000005,5/1/19,6025
E09000006,5/1/19,3450
E09000007,5/1/19,3580
E09000008,5/1/19,10110
E09000009,5/1/19,7235
E09000010,5/1/19,6680
E09000011,5/1/19,5120
E09000012,5/1/19,6485
E09000013,5/1/19,4520
E09000014,5/1/19,5785
E09000015,5/1/19,2750
E09000016,5/1/19,3630
E09000017,5/1/19,3780
E09000018,5/1/19,6105
E09000019,5/1/19,5180
E09000020,5/1/19,2140
E09000021,5/1/19,1870
E09000022,5/1/19,8130
E09000023,5/1/19,7230
E09000024,5/1/19,3330
E09000025,5/1/19,6755
E09000026,5/1/19,4125
E09000027,5/1/19,1975
E09000028,5/1/19,8365
E09000029,5/1/19,3155
E09000030,5/1/19,7475
E09000031,5/1/19,5450
E09000032,5/1/19,4290
E09000033,5/1/19,3495
N09000001,5/1/19,1765
N09000002,5/1/19,2675
N09000003,5/1/19,6440
N09000004,5/1/19,2680
N09000005,5/1/19,4455
N09000006,5/1/19,1630
N09000007,5/1/19,1325
N09000008,5/1/19,2005
N09000009,5/1/19,1570
N09000010,5/1/19,2410
N09000011,5/1/19,2150
S12000005,5/1/19,1355
S12000006,5/1/19,2605
S12000008,5/1/19,3675
S12000010,5/1/19,1755
S12000011,5/1/19,860
S12000013,5/1/19,315
S12000014,5/1/19,3225
S12000017,5/1/19,3535
S12000018,5/1/19,2465
S12000019,5/1/19,1400
S12000020,5/1/19,1490
S12000021,5/1/19,4525
S12000023,5/1/19,170
S12000026,5/1/19,1725
S12000027,5/1/19,200
S12000028,5/1/19,2560
S12000029,5/1/19,6990
S12000030,5/1/19,1485
S12000033,5/1/19,3440
S12000034,5/1/19,2625
S12000035,5/1/19,1350
S12000036,5/1/19,5890
S12000038,5/1/19,3785
S12000039,5/1/19,2530
S12000040,5/1/19,3225
S12000041,5/1/19,2140
S12000042,5/1/19,4525
S12000045,5/1/19,1255
S12000047,5/1/19,8705
S12000048,5/1/19,1725
S12000049,5/1/19,17090
S12000050,5/1/19,8410
W06000001,5/1/19,1050
W06000002,5/1/19,1395
W06000003,5/1/19,2015
W06000004,5/1/19,1760
W06000005,5/1/19,2470
W06000006,5/1/19,2480
W06000008,5/1/19,650
W06000009,5/1/19,1840
W06000010,5/1/19,2525
W06000011,5/1/19,5245
W06000012,5/1/19,3020
W06000013,5/1/19,2415
W06000014,5/1/19,1630
W06000015,5/1/19,7260
W06000016,5/1/19,4140
W06000018,5/1/19,3425
W06000019,5/1/19,1565
W06000020,5/1/19,1990
W06000021,5/1/19,865
W06000022,5/1/19,3705
W06000023,5/1/19,1130
W06000024,5/1/19,1365
E06000001,6/1/19,3640
E06000002,6/1/19,5030
E06000003,6/1/19,3285
E06000004,6/1/19,4970
E06000005,6/1/19,2835
E06000006,6/1/19,3310
E06000007,6/1/19,3330
E06000008,6/1/19,4350
E06000009,6/1/19,4865
E06000010,6/1/19,8525
E06000011,6/1/19,3955
E06000012,6/1/19,4110
E06000013,6/1/19,3370
E06000014,6/1/19,1730
E06000015,6/1/19,4980
E06000016,6/1/19,6845
E06000017,6/1/19,245
E06000018,6/1/19,8755
E06000019,6/1/19,1840
E06000020,6/1/19,2805
E06000021,6/1/19,6465
E06000022,6/1/19,2215
E06000023,6/1/19,7700
E06000024,6/1/19,2490
E06000025,6/1/19,2220
E06000026,6/1/19,5365
E06000027,6/1/19,2330
E06000030,6/1/19,3440
E06000031,6/1/19,3995
E06000032,6/1/19,3585
E06000033,6/1/19,4035
E06000034,6/1/19,3225
E06000035,6/1/19,5125
E06000036,6/1/19,1070
E06000037,6/1/19,1305
E06000038,6/1/19,2765
E06000039,6/1/19,2380
E06000040,6/1/19,1150
E06000041,6/1/19,965
E06000042,6/1/19,3410
E06000043,6/1/19,5005
E06000044,6/1/19,3570
E06000045,6/1/19,5185
E06000046,6/1/19,2010
E06000047,6/1/19,12610
E06000049,6/1/19,4220
E06000050,6/1/19,5145
E06000051,6/1/19,3540
E06000052,6/1/19,7275
E06000053,6/1/19,10
E06000054,6/1/19,4715
E06000055,6/1/19,3460
E06000056,6/1/19,2175
E06000057,6/1/19,5750
E06000058,6/1/19,5865
E06000059,6/1/19,3305
E06000060,6/1/19,4350
E06000061,6/1/19,5195
E06000062,6/1/19,5175
E06000063,6/1/19,4330
E06000064,6/1/19,2115
E06000065,6/1/19,5745
E06000066,6/1/19,7195
E07000008,6/1/19,1120
E07000009,6/1/19,570
E07000010,6/1/19,1360
E07000011,6/1/19,1265
E07000012,6/1/19,785
E07000032,6/1/19,1595
E07000033,6/1/19,1110
E07000034,6/1/19,1965
E07000035,6/1/19,465
E07000036,6/1/19,2080
E07000037,6/1/19,1010
E07000038,6/1/19,1130
E07000039,6/1/19,895
E07000040,6/1/19,980
E07000041,6/1/19,1215
E07000042,6/1/19,710
E07000043,6/1/19,940
E07000044,6/1/19,605
E07000045,6/1/19,1125
E07000046,6/1/19,745
E07000047,6/1/19,400
E07000061,6/1/19,2030
E07000062,6/1/19,2570
E07000063,6/1/19,1085
E07000064,6/1/19,1235
E07000065,6/1/19,1105
E07000066,6/1/19,3385
E07000067,6/1/19,1770
E07000068,6/1/19,715
E07000069,6/1/19,900
E07000070,6/1/19,1695
E07000071,6/1/19,2300
E07000072,6/1/19,1350
E07000073,6/1/19,1925
E07000074,6/1/19,475
E07000075,6/1/19,735
E07000076,6/1/19,3130
E07000077,6/1/19,540
E07000078,6/1/19,1360
E07000079,6/1/19,640
E07000080,6/1/19,1100
E07000081,6/1/19,2190
E07000082,6/1/19,880
E07000083,6/1/19,835
E07000084,6/1/19,1760
E07000085,6/1/19,660
E07000086,6/1/19,1080
E07000087,6/1/19,635
E07000088,6/1/19,1000
E07000089,6/1/19,375
E07000090,6/1/19,1560
E07000091,6/1/19,1255
E07000092,6/1/19,830
E07000093,6/1/19,900
E07000094,6/1/19,785
E07000095,6/1/19,1305
E07000096,6/1/19,1365
E07000098,6/1/19,1145
E07000099,6/1/19,1245
E07000102,6/1/19,910
E07000103,6/1/19,1535
E07000105,6/1/19,1895
E07000106,6/1/19,2165
E07000107,6/1/19,1300
E07000108,6/1/19,2440
E07000109,6/1/19,2015
E07000110,6/1/19,1810
E07000111,6/1/19,800
E07000112,6/1/19,2210
E07000113,6/1/19,2980
E07000114,6/1/19,4320
E07000115,6/1/19,975
E07000116,6/1/19,900
E07000117,6/1/19,2745
E07000118,6/1/19,1450
E07000119,6/1/19,850
E07000120,6/1/19,2045
E07000121,6/1/19,2730
E07000122,6/1/19,1645
E07000123,6/1/19,3110
E07000124,6/1/19,390
E07000125,6/1/19,1305
E07000126,6/1/19,1255
E07000127,6/1/19,1715
E07000128,6/1/19,1330
E07000129,6/1/19,735
E07000130,6/1/19,1755
E07000131,6/1/19,620
E07000132,6/1/19,1355
E07000133,6/1/19,620
E07000134,6/1/19,960
E07000135,6/1/19,460
E07000136,6/1/19,1000
E07000137,6/1/19,2380
E07000138,6/1/19,2335
E07000139,6/1/19,960
E07000140,6/1/19,1045
E07000141,6/1/19,1875
E07000142,6/1/19,1555
E07000143,6/1/19,1370
E07000144,6/1/19,840
E07000145,6/1/19,2770
E07000146,6/1/19,1510
E07000147,6/1/19,800
E07000148,6/1/19,2695
E07000149,6/1/19,1050
E07000170,6/1/19,2155
E07000171,6/1/19,1880
E07000172,6/1/19,1365
E07000173,6/1/19,1495
E07000174,6/1/19,1900
E07000175,6/1/19,1470
E07000176,6/1/19,840
E07000177,6/1/19,1170
E07000178,6/1/19,1915
E07000179,6/1/19,895
E07000180,6/1/19,945
E07000181,6/1/19,730
E07000192,6/1/19,1300
E07000193,6/1/19,1325
E07000194,6/1/19,1045
E07000195,6/1/19,1650
E07000196,6/1/19,1095
E07000197,6/1/19,1275
E07000198,6/1/19,765
E07000199,6/1/19,1195
E07000200,6/1/19,840
E07000202,6/1/19,2825
E07000203,6/1/19,780
E07000207,6/1/19,715
E07000208,6/1/19,490
E07000209,6/1/19,795
E07000210,6/1/19,410
E07000211,6/1/19,985
E07000212,6/1/19,520
E07000213,6/1/19,795
E07000214,6/1/19,435
E07000215,6/1/19,610
E07000216,6/1/19,585
E07000217,6/1/19,610
E07000218,6/1/19,690
E07000219,6/1/19,2515
E07000220,6/1/19,1505
E07000221,6/1/19,950
E07000222,6/1/19,1205
E07000223,6/1/19,720
E07000224,6/1/19,1750
E07000225,6/1/19,1115
E07000226,6/1/19,1580
E07000227,6/1/19,960
E07000228,6/1/19,785
E07000229,6/1/19,1395
E07000234,6/1/19,1020
E07000235,6/1/19,740
E07000236,6/1/19,1505
E07000237,6/1/19,1635
E07000238,6/1/19,1095
E07000239,6/1/19,1380
E07000240,6/1/19,1265
E07000241,6/1/19,1435
E07000242,6/1/19,985
E07000243,6/1/19,1270
E07000244,6/1/19,3300
E07000245,6/1/19,1850
E08000001,6/1/19,7190
E08000002,6/1/19,3790
E08000003,6/1/19,16110
E08000004,6/1/19,6670
E08000005,6/1/19,5870
E08000006,6/1/19,6410
E08000007,6/1/19,4155
E08000008,6/1/19,5455
E08000009,6/1/19,3440
E08000010,6/1/19,7430
E08000011,6/1/19,4380
E08000012,6/1/19,14220
E08000013,6/1/19,4305
E08000014,6/1/19,6210
E08000015,6/1/19,7135
E08000016,6/1/19,5350
E08000017,6/1/19,6920
E08000018,6/1/19,5330
E08000019,6/1/19,9625
E08000021,6/1/19,8995
E08000022,6/1/19,4710
E08000023,6/1/19,5595
E08000024,6/1/19,8475
E08000025,6/1/19,46080
E08000026,6/1/19,6655
E08000027,6/1/19,7950
E08000028,6/1/19,8845
E08000029,6/1/19,3540
E08000030,6/1/19,7225
E08000031,6/1/19,9270
E08000032,6/1/19,14310
E08000033,6/1/19,4720
E08000034,6/1/19,9395
E08000035,6/1/19,15325
E08000036,6/1/19,5645
E08000037,6/1/19,5590
E09000001,6/1/19,70
E09000002,6/1/19,5065
E09000003,6/1/19,5560
E09000004,6/1/19,2830
E09000005,6/1/19,6330
E09000006,6/1/19,3640
E09000007,6/1/19,3730
E09000008,6/1/19,10270
E09000009,6/1/19,7345
E09000010,6/1/19,6815
E09000011,6/1/19,5440
E09000012,6/1/19,6600
E09000013,6/1/19,4615
E09000014,6/1/19,6020
E09000015,6/1/19,2865
E09000016,6/1/19,3735
E09000017,6/1/19,3875
E09000018,6/1/19,6115
E09000019,6/1/19,5385
E09000020,6/1/19,2210
E09000021,6/1/19,1880
E09000022,6/1/19,8315
E09000023,6/1/19,7540
E09000024,6/1/19,3325
E09000025,6/1/19,6875
E09000026,6/1/19,4305
E09000027,6/1/19,2050
E09000028,6/1/19,8560
E09000029,6/1/19,3215
E09000030,6/1/19,7635
E09000031,6/1/19,5700
E09000032,6/1/19,4440
E09000033,6/1/19,3620
N09000001,6/1/19,1820
N09000002,6/1/19,2720
N09000003,6/1/19,6395
N09000004,6/1/19,2595
N09000005,6/1/19,4490
N09000006,6/1/19,1675
N09000007,6/1/19,1345
N09000008,6/1/19,1995
N09000009,6/1/19,1580
N09000010,6/1/19,2495
N09000011,6/1/19,2180
S12000005,6/1/19,1330
S12000006,6/1/19,2610
S12000008,6/1/19,3690
S12000010,6/1/19,1725
S12000011,6/1/19,890
S12000013,6/1/19,310
S12000014,6/1/19,3225
S12000017,6/1/19,3440
S12000018,6/1/19,2405
S12000019,6/1/19,1365
S12000020,6/1/19,1475
S12000021,6/1/19,4545
S12000023,6/1/19,185
S12000026,6/1/19,1750
S12000027,6/1/19,200
S12000028,6/1/19,2655
S12000029,6/1/19,7110
S12000030,6/1/19,1475
S12000033,6/1/19,3470
S12000034,6/1/19,2665
S12000035,6/1/19,1360
S12000036,6/1/19,6105
S12000038,6/1/19,3900
S12000039,6/1/19,2570
S12000040,6/1/19,3285
S12000041,6/1/19,2235
S12000042,6/1/19,4675
S12000045,6/1/19,1230
S12000047,6/1/19,8750
S12000048,6/1/19,1750
S12000049,6/1/19,17820
S12000050,6/1/19,8500
W06000001,6/1/19,1085
W06000002,6/1/19,1470
W06000003,6/1/19,2025
W06000004,6/1/19,1825
W06000005,6/1/19,2550
W06000006,6/1/19,2535
W06000008,6/1/19,670
W06000009,6/1/19,1845
W06000010,6/1/19,2725
W06000011,6/1/19,5285
W06000012,6/1/19,3000
W06000013,6/1/19,2445
W06000014,6/1/19,1735
W06000015,6/1/19,7505
W06000016,6/1/19,4300
W06000018,6/1/19,3475
W06000019,6/1/19,1620
W06000020,6/1/19,1990
W06000021,6/1/19,860
W06000022,6/1/19,3800
W06000023,6/1/19,1185
W06000024,6/1/19,1395
E06000001,7/1/19,3525
E06000002,7/1/19,5160
E06000003,7/1/19,3340
E06000004,7/1/19,4990
E06000005,7/1/19,2865
E06000006,7/1/19,3285
E06000007,7/1/19,3245
E06000008,7/1/19,4380
E06000009,7/1/19,4955
E06000010,7/1/19,8595
E06000011,7/1/19,3935
E06000012,7/1/19,4185
E06000013,7/1/19,3345
E06000014,7/1/19,1695
E06000015,7/1/19,5090
E06000016,7/1/19,7080
E06000017,7/1/19,250
E06000018,7/1/19,8975
E06000019,7/1/19,1875
E06000020,7/1/19,2905
E06000021,7/1/19,6555
E06000022,7/1/19,2195
E06000023,7/1/19,7770
E06000024,7/1/19,2495
E06000025,7/1/19,2275
E06000026,7/1/19,5340
E06000027,7/1/19,2290
E06000030,7/1/19,3430
E06000031,7/1/19,4020
E06000032,7/1/19,3740
E06000033,7/1/19,3990
E06000034,7/1/19,3220
E06000035,7/1/19,5250
E06000036,7/1/19,1070
E06000037,7/1/19,1290
E06000038,7/1/19,2800
E06000039,7/1/19,2405
E06000040,7/1/19,1135
E06000041,7/1/19,975
E06000042,7/1/19,3500
E06000043,7/1/19,5060
E06000044,7/1/19,3610
E06000045,7/1/19,5075
E06000046,7/1/19,1970
E06000047,7/1/19,12530
E06000049,7/1/19,4165
E06000050,7/1/19,5055
E06000051,7/1/19,3555
E06000052,7/1/19,7225
E06000053,7/1/19,10
E06000054,7/1/19,4635
E06000055,7/1/19,3530
E06000056,7/1/19,2230
E06000057,7/1/19,5790
E06000058,7/1/19,5860
E06000059,7/1/19,3245
E06000060,7/1/19,4395
E06000061,7/1/19,5310
E06000062,7/1/19,5345
E06000063,7/1/19,4385
E06000064,7/1/19,2110
E06000065,7/1/19,5630
E06000066,7/1/19,7165
E07000008,7/1/19,1185
E07000009,7/1/19,565
E07000010,7/1/19,1375
E07000011,7/1/19,1330
E07000012,7/1/19,835
E07000032,7/1/19,1620
E07000033,7/1/19,1155
E07000034,7/1/19,1980
E07000035,7/1/19,460
E07000036,7/1/19,2060
E07000037,7/1/19,1050
E07000038,7/1/19,1120
E07000039,7/1/19,960
E07000040,7/1/19,1020
E07000041,7/1/19,1285
E07000042,7/1/19,715
E07000043,7/1/19,945
E07000044,7/1/19,600
E07000045,7/1/19,1135
E07000046,7/1/19,745
E07000047,7/1/19,410
E07000061,7/1/19,2075
E07000062,7/1/19,2590
E07000063,7/1/19,1120
E07000064,7/1/19,1205
E07000065,7/1/19,1115
E07000066,7/1/19,3375
E07000067,7/1/19,1795
E07000068,7/1/19,740
E07000069,7/1/19,890
E07000070,7/1/19,1750
E07000071,7/1/19,2240
E07000072,7/1/19,1370
E07000073,7/1/19,1890
E07000074,7/1/19,510
E07000075,7/1/19,730
E07000076,7/1/19,3105
E07000077,7/1/19,550
E07000078,7/1/19,1370
E07000079,7/1/19,645
E07000080,7/1/19,1085
E07000081,7/1/19,2210
E07000082,7/1/19,940
E07000083,7/1/19,860
E07000084,7/1/19,1775
E07000085,7/1/19,675
E07000086,7/1/19,1050
E07000087,7/1/19,625
E07000088,7/1/19,1010
E07000089,7/1/19,365
E07000090,7/1/19,1600
E07000091,7/1/19,1270
E07000092,7/1/19,835
E07000093,7/1/19,930
E07000094,7/1/19,795
E07000095,7/1/19,1345
E07000096,7/1/19,1375
E07000098,7/1/19,1190
E07000099,7/1/19,1280
E07000102,7/1/19,910
E07000103,7/1/19,1540
E07000105,7/1/19,1965
E07000106,7/1/19,2225
E07000107,7/1/19,1325
E07000108,7/1/19,2460
E07000109,7/1/19,2140
E07000110,7/1/19,1860
E07000111,7/1/19,830
E07000112,7/1/19,2195
E07000113,7/1/19,2975
E07000114,7/1/19,4325
E07000115,7/1/19,1045
E07000116,7/1/19,930
E07000117,7/1/19,2715
E07000118,7/1/19,1435
E07000119,7/1/19,890
E07000120,7/1/19,2065
E07000121,7/1/19,2675
E07000122,7/1/19,1680
E07000123,7/1/19,3135
E07000124,7/1/19,410
E07000125,7/1/19,1320
E07000126,7/1/19,1270
E07000127,7/1/19,1695
E07000128,7/1/19,1375
E07000129,7/1/19,770
E07000130,7/1/19,1770
E07000131,7/1/19,620
E07000132,7/1/19,1420
E07000133,7/1/19,605
E07000134,7/1/19,960
E07000135,7/1/19,475
E07000136,7/1/19,1010
E07000137,7/1/19,2360
E07000138,7/1/19,2405
E07000139,7/1/19,1020
E07000140,7/1/19,1045
E07000141,7/1/19,1895
E07000142,7/1/19,1625
E07000143,7/1/19,1340
E07000144,7/1/19,890
E07000145,7/1/19,2675
E07000146,7/1/19,1545
E07000147,7/1/19,775
E07000148,7/1/19,2730
E07000149,7/1/19,1085
E07000170,7/1/19,2155
E07000171,7/1/19,1840
E07000172,7/1/19,1410
E07000173,7/1/19,1575
E07000174,7/1/19,1945
E07000175,7/1/19,1510
E07000176,7/1/19,850
E07000177,7/1/19,1160
E07000178,7/1/19,1930
E07000179,7/1/19,915
E07000180,7/1/19,965
E07000181,7/1/19,720
E07000192,7/1/19,1290
E07000193,7/1/19,1360
E07000194,7/1/19,1060
E07000195,7/1/19,1705
E07000196,7/1/19,1160
E07000197,7/1/19,1270
E07000198,7/1/19,795
E07000199,7/1/19,1265
E07000200,7/1/19,860
E07000202,7/1/19,2845
E07000203,7/1/19,810
E07000207,7/1/19,730
E07000208,7/1/19,490
E07000209,7/1/19,805
E07000210,7/1/19,450
E07000211,7/1/19,995
E07000212,7/1/19,525
E07000213,7/1/19,810
E07000214,7/1/19,440
E07000215,7/1/19,640
E07000216,7/1/19,565
E07000217,7/1/19,630
E07000218,7/1/19,695
E07000219,7/1/19,2535
E07000220,7/1/19,1490
E07000221,7/1/19,960
E07000222,7/1/19,1220
E07000223,7/1/19,740
E07000224,7/1/19,1765
E07000225,7/1/19,1130
E07000226,7/1/19,1620
E07000227,7/1/19,935
E07000228,7/1/19,785
E07000229,7/1/19,1420
E07000234,7/1/19,1060
E07000235,7/1/19,750
E07000236,7/1/19,1505
E07000237,7/1/19,1645
E07000238,7/1/19,1100
E07000239,7/1/19,1460
E07000240,7/1/19,1295
E07000241,7/1/19,1445
E07000242,7/1/19,1025
E07000243,7/1/19,1300
E07000244,7/1/19,3315
E07000245,7/1/19,1850
E08000001,7/1/19,7420
E08000002,7/1/19,3870
E08000003,7/1/19,16425
E08000004,7/1/19,6750
E08000005,7/1/19,5950
E08000006,7/1/19,6470
E08000007,7/1/19,4230
E08000008,7/1/19,5540
E08000009,7/1/19,3455
E08000010,7/1/19,7545
E08000011,7/1/19,4285
E08000012,7/1/19,14280
E08000013,7/1/19,4105
E08000014,7/1/19,6170
E08000015,7/1/19,7105
E08000016,7/1/19,5230
E08000017,7/1/19,6815
E08000018,7/1/19,5400
E08000019,7/1/19,9890
E08000021,7/1/19,8935
E08000022,7/1/19,4670
E08000023,7/1/19,5525
E08000024,7/1/19,8405
E08000025,7/1/19,45700
E08000026,7/1/19,6865
E08000027,7/1/19,8000
E08000028,7/1/19,9145
E08000029,7/1/19,3415
E08000030,7/1/19,7385
E08000031,7/1/19,9495
E08000032,7/1/19,14580
E08000033,7/1/19,4740
E08000034,7/1/19,9410
E08000035,7/1/19,15630
E08000036,7/1/19,5785
E08000037,7/1/19,5525
E09000001,7/1/19,70
E09000002,7/1/19,5050
E09000003,7/1/19,5625
E09000004,7/1/19,2950
E09000005,7/1/19,6515
E09000006,7/1/19,3690
E09000007,7/1/19,3855
E09000008,7/1/19,10230
E09000009,7/1/19,7430
E09000010,7/1/19,6860
E09000011,7/1/19,5540
E09000012,7/1/19,6760
E09000013,7/1/19,4600
E09000014,7/1/19,6080
E09000015,7/1/19,2950
E09000016,7/1/19,3770
E09000017,7/1/19,3900
E09000018,7/1/19,6105
E09000019,7/1/19,5435
E09000020,7/1/19,2215
E09000021,7/1/19,1935
E09000022,7/1/19,8285
E09000023,7/1/19,7665
E09000024,7/1/19,3350
E09000025,7/1/19,6930
E09000026,7/1/19,4370
E09000027,7/1/19,2065
E09000028,7/1/19,8520
E09000029,7/1/19,3185
E09000030,7/1/19,7750
E09000031,7/1/19,5675
E09000032,7/1/19,4530
E09000033,7/1/19,3680
N09000001,7/1/19,1825
N09000002,7/1/19,2790
N09000003,7/1/19,6385
N09000004,7/1/19,2560
N09000005,7/1/19,4460
N09000006,7/1/19,1695
N09000007,7/1/19,1400
N09000008,7/1/19,2060
N09000009,7/1/19,1600
N09000010,7/1/19,2595
N09000011,7/1/19,2195
S12000005,7/1/19,1375
S12000006,7/1/19,2630
S12000008,7/1/19,3835
S12000010,7/1/19,1715
S12000011,7/1/19,960
S12000013,7/1/19,330
S12000014,7/1/19,3265
S12000017,7/1/19,3425
S12000018,7/1/19,2405
S12000019,7/1/19,1380
S12000020,7/1/19,1495
S12000021,7/1/19,4690
S12000023,7/1/19,170
S12000026,7/1/19,1785
S12000027,7/1/19,195
S12000028,7/1/19,2645
S12000029,7/1/19,7125
S12000030,7/1/19,1510
S12000033,7/1/19,3650
S12000034,7/1/19,2740
S12000035,7/1/19,1385
S12000036,7/1/19,6270
S12000038,7/1/19,3975
S12000039,7/1/19,2705
S12000040,7/1/19,3290
S12000041,7/1/19,2270
S12000042,7/1/19,4810
S12000045,7/1/19,1235
S12000047,7/1/19,8795
S12000048,7/1/19,1790
S12000049,7/1/19,18670
S12000050,7/1/19,8610
W06000001,7/1/19,1085
W06000002,7/1/19,1500
W06000003,7/1/19,1990
W06000004,7/1/19,1810
W06000005,7/1/19,2565
W06000006,7/1/19,2525
W06000008,7/1/19,665
W06000009,7/1/19,1860
W06000010,7/1/19,2780
W06000011,7/1/19,5290
W06000012,7/1/19,2940
W06000013,7/1/19,2405
W06000014,7/1/19,1765
W06000015,7/1/19,7330
W06000016,7/1/19,4340
W06000018,7/1/19,3530
W06000019,7/1/19,1615
W06000020,7/1/19,1960
W06000021,7/1/19,900
W06000022,7/1/19,3830
W06000023,7/1/19,1140
W06000024,7/1/19,1375
E06000001,8/1/19,3500
E06000002,8/1/19,5180
E06000003,8/1/19,3395
E06000004,8/1/19,4970
E06000005,8/1/19,2915
E06000006,8/1/19,3285
E06000007,8/1/19,3265
E06000008,8/1/19,4405
E06000009,8/1/19,5120
E06000010,8/1/19,8590
E06000011,8/1/19,4005
E06000012,8/1/19,4160
E06000013,8/1/19,3410
E06000014,8/1/19,1730
E06000015,8/1/19,5270
E06000016,8/1/19,7255
E06000017,8/1/19,245
E06000018,8/1/19,9215
E06000019,8/1/19,1890
E06000020,8/1/19,3035
E06000021,8/1/19,6575
E06000022,8/1/19,2200
E06000023,8/1/19,8010
E06000024,8/1/19,2545
E06000025,8/1/19,2320
E06000026,8/1/19,5390
E06000027,8/1/19,2295
E06000030,8/1/19,3460
E06000031,8/1/19,4130
E06000032,8/1/19,3865
E06000033,8/1/19,4025
E06000034,8/1/19,3260
E06000035,8/1/19,5270
E06000036,8/1/19,1080
E06000037,8/1/19,1300
E06000038,8/1/19,2850
E06000039,8/1/19,2470
E06000040,8/1/19,1190
E06000041,8/1/19,1010
E06000042,8/1/19,3620
E06000043,8/1/19,5155
E06000044,8/1/19,3720
E06000045,8/1/19,5215
E06000046,8/1/19,1985
E06000047,8/1/19,12535
E06000049,8/1/19,4235
E06000050,8/1/19,5095
E06000051,8/1/19,3645
E06000052,8/1/19,7240
E06000053,8/1/19,10
E06000054,8/1/19,4785
E06000055,8/1/19,3500
E06000056,8/1/19,2310
E06000057,8/1/19,6000
E06000058,8/1/19,5860
E06000059,8/1/19,3275
E06000060,8/1/19,4590
E06000061,8/1/19,5370
E06000062,8/1/19,5520
E06000063,8/1/19,4360
E06000064,8/1/19,2125
E06000065,8/1/19,5760
E06000066,8/1/19,7215
E07000008,8/1/19,1245
E07000009,8/1/19,570
E07000010,8/1/19,1390
E07000011,8/1/19,1425
E07000012,8/1/19,840
E07000032,8/1/19,1635
E07000033,8/1/19,1130
E07000034,8/1/19,1970
E07000035,8/1/19,475
E07000036,8/1/19,2090
E07000037,8/1/19,1045
E07000038,8/1/19,1155
E07000039,8/1/19,995
E07000040,8/1/19,1030
E07000041,8/1/19,1315
E07000042,8/1/19,745
E07000043,8/1/19,960
E07000044,8/1/19,595
E07000045,8/1/19,1140
E07000046,8/1/19,755
E07000047,8/1/19,435
E07000061,8/1/19,2015
E07000062,8/1/19,2550
E07000063,8/1/19,1125
E07000064,8/1/19,1230
E07000065,8/1/19,1160
E07000066,8/1/19,3405
E07000067,8/1/19,1790
E07000068,8/1/19,700
E07000069,8/1/19,895
E07000070,8/1/19,1755
E07000071,8/1/19,2305
E07000072,8/1/19,1345
E07000073,8/1/19,1895
E07000074,8/1/19,535
E07000075,8/1/19,740
E07000076,8/1/19,3075
E07000077,8/1/19,545
E07000078,8/1/19,1395
E07000079,8/1/19,645
E07000080,8/1/19,1120
E07000081,8/1/19,2255
E07000082,8/1/19,940
E07000083,8/1/19,875
E07000084,8/1/19,1805
E07000085,8/1/19,695
E07000086,8/1/19,1135
E07000087,8/1/19,710
E07000088,8/1/19,1030
E07000089,8/1/19,375
E07000090,8/1/19,1645
E07000091,8/1/19,1320
E07000092,8/1/19,885
E07000093,8/1/19,965
E07000094,8/1/19,815
E07000095,8/1/19,1370
E07000096,8/1/19,1465
E07000098,8/1/19,1230
E07000099,8/1/19,1285
E07000102,8/1/19,925
E07000103,8/1/19,1560
E07000105,8/1/19,1950
E07000106,8/1/19,2235
E07000107,8/1/19,1385
E07000108,8/1/19,2450
E07000109,8/1/19,2165
E07000110,8/1/19,1880
E07000111,8/1/19,855
E07000112,8/1/19,2165
E07000113,8/1/19,2980
E07000114,8/1/19,4305
E07000115,8/1/19,1080
E07000116,8/1/19,935
E07000117,8/1/19,2735
E07000118,8/1/19,1520
E07000119,8/1/19,930
E07000120,8/1/19,2135
E07000121,8/1/19,2730
E07000122,8/1/19,1710
E07000123,8/1/19,3205
E07000124,8/1/19,405
E07000125,8/1/19,1395
E07000126,8/1/19,1280
E07000127,8/1/19,1685
E07000128,8/1/19,1425
E07000129,8/1/19,810
E07000130,8/1/19,1830
E07000131,8/1/19,645
E07000132,8/1/19,1400
E07000133,8/1/19,595
E07000134,8/1/19,990
E07000135,8/1/19,490
E07000136,8/1/19,1075
E07000137,8/1/19,2370
E07000138,8/1/19,2445
E07000139,8/1/19,1060
E07000140,8/1/19,1065
E07000141,8/1/19,1900
E07000142,8/1/19,1610
E07000143,8/1/19,1380
E07000144,8/1/19,910
E07000145,8/1/19,2710
E07000146,8/1/19,1635
E07000147,8/1/19,785
E07000148,8/1/19,2835
E07000149,8/1/19,1100
E07000170,8/1/19,2220
E07000171,8/1/19,1840
E07000172,8/1/19,1435
E07000173,8/1/19,1620
E07000174,8/1/19,1965
E07000175,8/1/19,1545
E07000176,8/1/19,875
E07000177,8/1/19,1175
E07000178,8/1/19,1935
E07000179,8/1/19,940
E07000180,8/1/19,945
E07000181,8/1/19,765
E07000192,8/1/19,1375
E07000193,8/1/19,1410
E07000194,8/1/19,1095
E07000195,8/1/19,1740
E07000196,8/1/19,1200
E07000197,8/1/19,1325
E07000198,8/1/19,820
E07000199,8/1/19,1250
E07000200,8/1/19,870
E07000202,8/1/19,2960
E07000203,8/1/19,845
E07000207,8/1/19,775
E07000208,8/1/19,470
E07000209,8/1/19,845
E07000210,8/1/19,480
E07000211,8/1/19,1040
E07000212,8/1/19,535
E07000213,8/1/19,850
E07000214,8/1/19,430
E07000215,8/1/19,660
E07000216,8/1/19,615
E07000217,8/1/19,645
E07000218,8/1/19,710
E07000219,8/1/19,2580
E07000220,8/1/19,1495
E07000221,8/1/19,955
E07000222,8/1/19,1275
E07000223,8/1/19,755
E07000224,8/1/19,1805
E07000225,8/1/19,1140
E07000226,8/1/19,1680
E07000227,8/1/19,945
E07000228,8/1/19,815
E07000229,8/1/19,1440
E07000234,8/1/19,1090
E07000235,8/1/19,765
E07000236,8/1/19,1500
E07000237,8/1/19,1655
E07000238,8/1/19,1150
E07000239,8/1/19,1470
E07000240,8/1/19,1325
E07000241,8/1/19,1480
E07000242,8/1/19,1045
E07000243,8/1/19,1295
E07000244,8/1/19,3335
E07000245,8/1/19,1865
E08000001,8/1/19,7605
E08000002,8/1/19,3915
E08000003,8/1/19,16645
E08000004,8/1/19,6900
E08000005,8/1/19,6055
E08000006,8/1/19,6665
E08000007,8/1/19,4460
E08000008,8/1/19,5560
E08000009,8/1/19,3505
E08000010,8/1/19,7630
E08000011,8/1/19,4340
E08000012,8/1/19,14590
E08000013,8/1/19,4130
E08000014,8/1/19,6175
E08000015,8/1/19,7100
E08000016,8/1/19,5195
E08000017,8/1/19,6735
E08000018,8/1/19,5595
E08000019,8/1/19,10240
E08000021,8/1/19,8940
E08000022,8/1/19,4580
E08000023,8/1/19,5490
E08000024,8/1/19,8500
E08000025,8/1/19,46305
E08000026,8/1/19,7080
E08000027,8/1/19,8135
E08000028,8/1/19,9420
E08000029,8/1/19,3490
E08000030,8/1/19,7595
E08000031,8/1/19,9580
E08000032,8/1/19,15065
E08000033,8/1/19,4755
E08000034,8/1/19,9495
E08000035,8/1/19,16015
E08000036,8/1/19,5980
E08000037,8/1/19,5575
E09000001,8/1/19,75
E09000002,8/1/19,5105
E09000003,8/1/19,5665
E09000004,8/1/19,3020
E09000005,8/1/19,6750
E09000006,8/1/19,3785
E09000007,8/1/19,3910
E09000008,8/1/19,10415
E09000009,8/1/19,7465
E09000010,8/1/19,6985
E09000011,8/1/19,5730
E09000012,8/1/19,6855
E09000013,8/1/19,4660
E09000014,8/1/19,6235
E09000015,8/1/19,3060
E09000016,8/1/19,3795
E09000017,8/1/19,4015
E09000018,8/1/19,6170
E09000019,8/1/19,5490
E09000020,8/1/19,2240
E09000021,8/1/19,1960
E09000022,8/1/19,8440
E09000023,8/1/19,7815
E09000024,8/1/19,3395
E09000025,8/1/19,7065
E09000026,8/1/19,4490
E09000027,8/1/19,2085
E09000028,8/1/19,8540
E09000029,8/1/19,3165
E09000030,8/1/19,7805
E09000031,8/1/19,5725
E09000032,8/1/19,4650
E09000033,8/1/19,3760
N09000001,8/1/19,1850
N09000002,8/1/19,2755
N09000003,8/1/19,6320
N09000004,8/1/19,2580
N09000005,8/1/19,4460
N09000006,8/1/19,1750
N09000007,8/1/19,1380
N09000008,8/1/19,2115
N09000009,8/1/19,1630
N09000010,8/1/19,2575
N09000011,8/1/19,2170
S12000005,8/1/19,1380
S12000006,8/1/19,2770
S12000008,8/1/19,3830
S12000010,8/1/19,1700
S12000011,8/1/19,990
S12000013,8/1/19,335
S12000014,8/1/19,3310
S12000017,8/1/19,3370
S12000018,8/1/19,2405
S12000019,8/1/19,1380
S12000020,8/1/19,1495
S12000021,8/1/19,4660
S12000023,8/1/19,165
S12000026,8/1/19,1775
S12000027,8/1/19,220
S12000028,8/1/19,2650
S12000029,8/1/19,7050
S12000030,8/1/19,1455
S12000033,8/1/19,3830
S12000034,8/1/19,2820
S12000035,8/1/19,1380
S12000036,8/1/19,6375
S12000038,8/1/19,4025
S12000039,8/1/19,2775
S12000040,8/1/19,3320
S12000041,8/1/19,2255
S12000042,8/1/19,4835
S12000045,8/1/19,1270
S12000047,8/1/19,9005
S12000048,8/1/19,1825
S12000049,8/1/19,19145
S12000050,8/1/19,8500
W06000001,8/1/19,1085
W06000002,8/1/19,1555
W06000003,8/1/19,2010
W06000004,8/1/19,1815
W06000005,8/1/19,2595
W06000006,8/1/19,2545
W06000008,8/1/19,730
W06000009,8/1/19,1890
W06000010,8/1/19,2885
W06000011,8/1/19,5385
W06000012,8/1/19,3010
W06000013,8/1/19,2500
W06000014,8/1/19,1835
W06000015,8/1/19,7695
W06000016,8/1/19,4545
W06000018,8/1/19,3615
W06000019,8/1/19,1690
W06000020,8/1/19,1980
W06000021,8/1/19,920
W06000022,8/1/19,3880
W06000023,8/1/19,1205
W06000024,8/1/19,1410
E06000001,9/1/19,3340
E06000002,9/1/19,4935
E06000003,9/1/19,3405
E06000004,9/1/19,4895
E06000005,9/1/19,2905
E06000006,9/1/19,3215
E06000007,9/1/19,3170
E06000008,9/1/19,4355
E06000009,9/1/19,5170
E06000010,9/1/19,8510
E06000011,9/1/19,4000
E06000012,9/1/19,4080
E06000013,9/1/19,3340
E06000014,9/1/19,1700
E06000015,9/1/19,5295
E06000016,9/1/19,7290
E06000017,9/1/19,260
E06000018,9/1/19,9330
E06000019,9/1/19,1885
E06000020,9/1/19,3145
E06000021,9/1/19,6565
E06000022,9/1/19,2260
E06000023,9/1/19,7965
E06000024,9/1/19,2555
E06000025,9/1/19,2340
E06000026,9/1/19,5275
E06000027,9/1/19,2310
E06000030,9/1/19,3385
E06000031,9/1/19,4060
E06000032,9/1/19,4020
E06000033,9/1/19,3985
E06000034,9/1/19,3205
E06000035,9/1/19,5325
E06000036,9/1/19,1075
E06000037,9/1/19,1345
E06000038,9/1/19,2865
E06000039,9/1/19,2510
E06000040,9/1/19,1170
E06000041,9/1/19,1035
E06000042,9/1/19,3750
E06000043,9/1/19,5240
E06000044,9/1/19,3835
E06000045,9/1/19,5160
E06000046,9/1/19,2045
E06000047,9/1/19,12355
E06000049,9/1/19,4140
E06000050,9/1/19,5100
E06000051,9/1/19,3655
E06000052,9/1/19,7145
E06000053,9/1/19,10
E06000054,9/1/19,4800
E06000055,9/1/19,3525
E06000056,9/1/19,2365
E06000057,9/1/19,6090
E06000058,9/1/19,5820
E06000059,9/1/19,3260
E06000060,9/1/19,4700
E06000061,9/1/19,5290
E06000062,9/1/19,5510
E06000063,9/1/19,4310
E06000064,9/1/19,2150
E06000065,9/1/19,5630
E06000066,9/1/19,7105
E07000008,9/1/19,1255
E07000009,9/1/19,580
E07000010,9/1/19,1445
E07000011,9/1/19,1415
E07000012,9/1/19,865
E07000032,9/1/19,1640
E07000033,9/1/19,1120
E07000034,9/1/19,1995
E07000035,9/1/19,475
E07000036,9/1/19,2060
E07000037,9/1/19,1055
E07000038,9/1/19,1170
E07000039,9/1/19,975
E07000040,9/1/19,1040
E07000041,9/1/19,1305
E07000042,9/1/19,710
E07000043,9/1/19,965
E07000044,9/1/19,575
E07000045,9/1/19,1185
E07000046,9/1/19,750
E07000047,9/1/19,410
E07000061,9/1/19,2050
E07000062,9/1/19,2570
E07000063,9/1/19,1165
E07000064,9/1/19,1255
E07000065,9/1/19,1185
E07000066,9/1/19,3345
E07000067,9/1/19,1820
E07000068,9/1/19,690
E07000069,9/1/19,890
E07000070,9/1/19,1785
E07000071,9/1/19,2320
E07000072,9/1/19,1385
E07000073,9/1/19,1870
E07000074,9/1/19,550
E07000075,9/1/19,715
E07000076,9/1/19,3085
E07000077,9/1/19,560
E07000078,9/1/19,1410
E07000079,9/1/19,675
E07000080,9/1/19,1075
E07000081,9/1/19,2220
E07000082,9/1/19,980
E07000083,9/1/19,855
E07000084,9/1/19,1785
E07000085,9/1/19,690
E07000086,9/1/19,1150
E07000087,9/1/19,720
E07000088,9/1/19,1030
E07000089,9/1/19,385
E07000090,9/1/19,1645
E07000091,9/1/19,1340
E07000092,9/1/19,970
E07000093,9/1/19,1000
E07000094,9/1/19,825
E07000095,9/1/19,1350
E07000096,9/1/19,1555
E07000098,9/1/19,1235
E07000099,9/1/19,1290
E07000102,9/1/19,910
E07000103,9/1/19,1580
E07000105,9/1/19,1955
E07000106,9/1/19,2225
E07000107,9/1/19,1445
E07000108,9/1/19,2465
E07000109,9/1/19,2180
E07000110,9/1/19,1980
E07000111,9/1/19,905
E07000112,9/1/19,2220
E07000113,9/1/19,3035
E07000114,9/1/19,4295
E07000115,9/1/19,1120
E07000116,9/1/19,975
E07000117,9/1/19,2710
E07000118,9/1/19,1535
E07000119,9/1/19,955
E07000120,9/1/19,2095
E07000121,9/1/19,2690
E07000122,9/1/19,1755
E07000123,9/1/19,3195
E07000124,9/1/19,420
E07000125,9/1/19,1395
E07000126,9/1/19,1280
E07000127,9/1/19,1670
E07000128,9/1/19,1515
E07000129,9/1/19,805
E07000130,9/1/19,1825
E07000131,9/1/19,645
E07000132,9/1/19,1395
E07000133,9/1/19,575
E07000134,9/1/19,995
E07000135,9/1/19,520
E07000136,9/1/19,1100
E07000137,9/1/19,2365
E07000138,9/1/19,2410
E07000139,9/1/19,1015
E07000140,9/1/19,1095
E07000141,9/1/19,1920
E07000142,9/1/19,1585
E07000143,9/1/19,1375
E07000144,9/1/19,890
E07000145,9/1/19,2625
E07000146,9/1/19,1675
E07000147,9/1/19,795
E07000148,9/1/19,2900
E07000149,9/1/19,1125
E07000170,9/1/19,2235
E07000171,9/1/19,1865
E07000172,9/1/19,1460
E07000173,9/1/19,1590
E07000174,9/1/19,1935
E07000175,9/1/19,1570
E07000176,9/1/19,900
E07000177,9/1/19,1215
E07000178,9/1/19,1925
E07000179,9/1/19,945
E07000180,9/1/19,980
E07000181,9/1/19,800
E07000192,9/1/19,1400
E07000193,9/1/19,1455
E07000194,9/1/19,1090
E07000195,9/1/19,1755
E07000196,9/1/19,1190
E07000197,9/1/19,1360
E07000198,9/1/19,840
E07000199,9/1/19,1265
E07000200,9/1/19,875
E07000202,9/1/19,2940
E07000203,9/1/19,855
E07000207,9/1/19,800
E07000208,9/1/19,505
E07000209,9/1/19,845
E07000210,9/1/19,455
E07000211,9/1/19,1075
E07000212,9/1/19,570
E07000213,9/1/19,875
E07000214,9/1/19,445
E07000215,9/1/19,695
E07000216,9/1/19,605
E07000217,9/1/19,680
E07000218,9/1/19,760
E07000219,9/1/19,2635
E07000220,9/1/19,1520
E07000221,9/1/19,955
E07000222,9/1/19,1320
E07000223,9/1/19,760
E07000224,9/1/19,1850
E07000225,9/1/19,1185
E07000226,9/1/19,1675
E07000227,9/1/19,985
E07000228,9/1/19,835
E07000229,9/1/19,1465
E07000234,9/1/19,1095
E07000235,9/1/19,785
E07000236,9/1/19,1485
E07000237,9/1/19,1655
E07000238,9/1/19,1165
E07000239,9/1/19,1470
E07000240,9/1/19,1355
E07000241,9/1/19,1440
E07000242,9/1/19,1045
E07000243,9/1/19,1280
E07000244,9/1/19,3355
E07000245,9/1/19,1895
E08000001,9/1/19,7650
E08000002,9/1/19,3990
E08000003,9/1/19,16355
E08000004,9/1/19,6900
E08000005,9/1/19,5910
E08000006,9/1/19,6590
E08000007,9/1/19,4460
E08000008,9/1/19,5510
E08000009,9/1/19,3470
E08000010,9/1/19,7385
E08000011,9/1/19,4275
E08000012,9/1/19,14595
E08000013,9/1/19,4060
E08000014,9/1/19,6045
E08000015,9/1/19,6875
E08000016,9/1/19,5090
E08000017,9/1/19,6815
E08000018,9/1/19,5675
E08000019,9/1/19,10355
E08000021,9/1/19,8890
E08000022,9/1/19,4530
E08000023,9/1/19,5360
E08000024,9/1/19,8475
E08000025,9/1/19,46975
E08000026,9/1/19,7115
E08000027,9/1/19,8230
E08000028,9/1/19,9615
E08000029,9/1/19,3545
E08000030,9/1/19,7735
E08000031,9/1/19,9645
E08000032,9/1/19,15250
E08000033,9/1/19,4645
E08000034,9/1/19,9485
E08000035,9/1/19,16110
E08000036,9/1/19,6055
E08000037,9/1/19,5575
E09000001,9/1/19,75
E09000002,9/1/19,5180
E09000003,9/1/19,5805
E09000004,9/1/19,3095
E09000005,9/1/19,6865
E09000006,9/1/19,3975
E09000007,9/1/19,4030
E09000008,9/1/19,10475
E09000009,9/1/19,7515
E09000010,9/1/19,7090
E09000011,9/1/19,5840
E09000012,9/1/19,6945
E09000013,9/1/19,4660
E09000014,9/1/19,6365
E09000015,9/1/19,3135
E09000016,9/1/19,3810
E09000017,9/1/19,4165
E09000018,9/1/19,6195
E09000019,9/1/19,5520
E09000020,9/1/19,2270
E09000021,9/1/19,2045
E09000022,9/1/19,8665
E09000023,9/1/19,7935
E09000024,9/1/19,3455
E09000025,9/1/19,7265
E09000026,9/1/19,4565
E09000027,9/1/19,2095
E09000028,9/1/19,8640
E09000029,9/1/19,3175
E09000030,9/1/19,7905
E09000031,9/1/19,5835
E09000032,9/1/19,4710
E09000033,9/1/19,3750
N09000001,9/1/19,1830
N09000002,9/1/19,2780
N09000003,9/1/19,6270
N09000004,9/1/19,2560
N09000005,9/1/19,4455
N09000006,9/1/19,1735
N09000007,9/1/19,1370
N09000008,9/1/19,2115
N09000009,9/1/19,1620
N09000010,9/1/19,2580
N09000011,9/1/19,2185
S12000005,9/1/19,1305
S12000006,9/1/19,2670
S12000008,9/1/19,3645
S12000010,9/1/19,1685
S12000011,9/1/19,960
S12000013,9/1/19,340
S12000014,9/1/19,3175
S12000017,9/1/19,3240
S12000018,9/1/19,2275
S12000019,9/1/19,1350
S12000020,9/1/19,1400
S12000021,9/1/19,4410
S12000023,9/1/19,170
S12000026,9/1/19,1730
S12000027,9/1/19,210
S12000028,9/1/19,2570
S12000029,9/1/19,6785
S12000030,9/1/19,1430
S12000033,9/1/19,3815
S12000034,9/1/19,2715
S12000035,9/1/19,1330
S12000036,9/1/19,6380
S12000038,9/1/19,3755
S12000039,9/1/19,2705
S12000040,9/1/19,3225
S12000041,9/1/19,2080
S12000042,9/1/19,4655
S12000045,9/1/19,1200
S12000047,9/1/19,8625
S12000048,9/1/19,1735
S12000049,9/1/19,18920
S12000050,9/1/19,8190
W06000001,9/1/19,1120
W06000002,9/1/19,1545
W06000003,9/1/19,2040
W06000004,9/1/19,1835
W06000005,9/1/19,2590
W06000006,9/1/19,2645
W06000008,9/1/19,740
W06000009,9/1/19,1910
W06000010,9/1/19,2955
W06000011,9/1/19,5330
W06000012,9/1/19,3015
W06000013,9/1/19,2595
W06000014,9/1/19,1960
W06000015,9/1/19,7780
W06000016,9/1/19,4545
W06000018,9/1/19,3600
W06000019,9/1/19,1640
W06000020,9/1/19,2000
W06000021,9/1/19,930
W06000022,9/1/19,3835
W06000023,9/1/19,1255
W06000024,9/1/19,1420
E06000001,10/1/19,3335
E06000002,10/1/19,5030
E06000003,10/1/19,3500
E06000004,10/1/19,4950
E06000005,10/1/19,2940
E06000006,10/1/19,3145
E06000007,10/1/19,3190
E06000008,10/1/19,4450
E06000009,10/1/19,5255
E06000010,10/1/19,8745
E06000011,10/1/19,4165
E06000012,10/1/19,4015
E06000013,10/1/19,3370
E06000014,10/1/19,1730
E06000015,10/1/19,5280
E06000016,10/1/19,7410
E06000017,10/1/19,255
E06000018,10/1/19,9545
E06000019,10/1/19,1970
E06000020,10/1/19,3170
E06000021,10/1/19,6590
E06000022,10/1/19,2265
E06000023,10/1/19,8145
E06000024,10/1/19,2635
E06000025,10/1/19,2350
E06000026,10/1/19,5320
E06000027,10/1/19,2385
E06000030,10/1/19,3390
E06000031,10/1/19,4240
E06000032,10/1/19,4090
E06000033,10/1/19,4055
E06000034,10/1/19,3230
E06000035,10/1/19,5430
E06000036,10/1/19,1105
E06000037,10/1/19,1410
E06000038,10/1/19,2935
E06000039,10/1/19,2570
E06000040,10/1/19,1195
E06000041,10/1/19,1080
E06000042,10/1/19,3945
E06000043,10/1/19,5395
E06000044,10/1/19,3905
E06000045,10/1/19,5210
E06000046,10/1/19,2105
E06000047,10/1/19,12745
E06000049,10/1/19,4320
E06000050,10/1/19,5210
E06000051,10/1/19,3805
E06000052,10/1/19,7300
E06000053,10/1/19,10
E06000054,10/1/19,4910
E06000055,10/1/19,3490
E06000056,10/1/19,2465
E06000057,10/1/19,6285
E06000058,10/1/19,5805
E06000059,10/1/19,3355
E06000060,10/1/19,4850
E06000061,10/1/19,5335
E06000062,10/1/19,5520
E06000063,10/1/19,4325
E06000064,10/1/19,2205
E06000065,10/1/19,5850
E06000066,10/1/19,7280
E07000008,10/1/19,1290
E07000009,10/1/19,620
E07000010,10/1/19,1490
E07000011,10/1/19,1490
E07000012,10/1/19,915
E07000032,10/1/19,1680
E07000033,10/1/19,1155
E07000034,10/1/19,2045
E07000035,10/1/19,515
E07000036,10/1/19,2060
E07000037,10/1/19,1085
E07000038,10/1/19,1195
E07000039,10/1/19,1020
E07000040,10/1/19,1085
E07000041,10/1/19,1360
E07000042,10/1/19,715
E07000043,10/1/19,995
E07000044,10/1/19,620
E07000045,10/1/19,1230
E07000046,10/1/19,785
E07000047,10/1/19,430
E07000061,10/1/19,2055
E07000062,10/1/19,2635
E07000063,10/1/19,1275
E07000064,10/1/19,1295
E07000065,10/1/19,1230
E07000066,10/1/19,3325
E07000067,10/1/19,1850
E07000068,10/1/19,705
E07000069,10/1/19,925
E07000070,10/1/19,1845
E07000071,10/1/19,2400
E07000072,10/1/19,1445
E07000073,10/1/19,1905
E07000074,10/1/19,565
E07000075,10/1/19,760
E07000076,10/1/19,3155
E07000077,10/1/19,600
E07000078,10/1/19,1475
E07000079,10/1/19,700
E07000080,10/1/19,1070
E07000081,10/1/19,2245
E07000082,10/1/19,1010
E07000083,10/1/19,885
E07000084,10/1/19,1760
E07000085,10/1/19,770
E07000086,10/1/19,1165
E07000087,10/1/19,760
E07000088,10/1/19,1110
E07000089,10/1/19,425
E07000090,10/1/19,1660
E07000091,10/1/19,1345
E07000092,10/1/19,990
E07000093,10/1/19,1010
E07000094,10/1/19,855
E07000095,10/1/19,1380
E07000096,10/1/19,1595
E07000098,10/1/19,1265
E07000099,10/1/19,1320
E07000102,10/1/19,905
E07000103,10/1/19,1595
E07000105,10/1/19,2050
E07000106,10/1/19,2280
E07000107,10/1/19,1500
E07000108,10/1/19,2525
E07000109,10/1/19,2160
E07000110,10/1/19,2015
E07000111,10/1/19,930
E07000112,10/1/19,2270
E07000113,10/1/19,3115
E07000114,10/1/19,4355
E07000115,10/1/19,1165
E07000116,10/1/19,1040
E07000117,10/1/19,2730
E07000118,10/1/19,1550
E07000119,10/1/19,995
E07000120,10/1/19,2145
E07000121,10/1/19,2765
E07000122,10/1/19,1810
E07000123,10/1/19,3210
E07000124,10/1/19,420
E07000125,10/1/19,1435
E07000126,10/1/19,1300
E07000127,10/1/19,1695
E07000128,10/1/19,1570
E07000129,10/1/19,810
E07000130,10/1/19,1850
E07000131,10/1/19,660
E07000132,10/1/19,1405
E07000133,10/1/19,595
E07000134,10/1/19,1000
E07000135,10/1/19,525
E07000136,10/1/19,1100
E07000137,10/1/19,2475
E07000138,10/1/19,2390
E07000139,10/1/19,1070
E07000140,10/1/19,1180
E07000141,10/1/19,2010
E07000142,10/1/19,1610
E07000143,10/1/19,1450
E07000144,10/1/19,955
E07000145,10/1/19,2650
E07000146,10/1/19,1725
E07000147,10/1/19,855
E07000148,10/1/19,2990
E07000149,10/1/19,1135
E07000170,10/1/19,2270
E07000171,10/1/19,1860
E07000172,10/1/19,1490
E07000173,10/1/19,1695
E07000174,10/1/19,2000
E07000175,10/1/19,1580
E07000176,10/1/19,935
E07000177,10/1/19,1265
E07000178,10/1/19,1990
E07000179,10/1/19,985
E07000180,10/1/19,1000
E07000181,10/1/19,815
E07000192,10/1/19,1445
E07000193,10/1/19,1520
E07000194,10/1/19,1145
E07000195,10/1/19,1785
E07000196,10/1/19,1210
E07000197,10/1/19,1400
E07000198,10/1/19,850
E07000199,10/1/19,1310
E07000200,10/1/19,930
E07000202,10/1/19,2975
E07000203,10/1/19,855
E07000207,10/1/19,845
E07000208,10/1/19,535
E07000209,10/1/19,890
E07000210,10/1/19,515
E07000211,10/1/19,1120
E07000212,10/1/19,610
E07000213,10/1/19,895
E07000214,10/1/19,480
E07000215,10/1/19,720
E07000216,10/1/19,665
E07000217,10/1/19,700
E07000218,10/1/19,780
E07000219,10/1/19,2680
E07000220,10/1/19,1525
E07000221,10/1/19,995
E07000222,10/1/19,1385
E07000223,10/1/19,785
E07000224,10/1/19,1915
E07000225,10/1/19,1225
E07000226,10/1/19,1775
E07000227,10/1/19,1100
E07000228,10/1/19,895
E07000229,10/1/19,1550
E07000234,10/1/19,1125
E07000235,10/1/19,815
E07000236,10/1/19,1490
E07000237,10/1/19,1680
E07000238,10/1/19,1215
E07000239,10/1/19,1510
E07000240,10/1/19,1375
E07000241,10/1/19,1475
E07000242,10/1/19,1075
E07000243,10/1/19,1320
E07000244,10/1/19,3430
E07000245,10/1/19,1880
E08000001,10/1/19,7755
E08000002,10/1/19,4035
E08000003,10/1/19,16705
E08000004,10/1/19,7005
E08000005,10/1/19,5910
E08000006,10/1/19,6740
E08000007,10/1/19,4725
E08000008,10/1/19,5575
E08000009,10/1/19,3620
E08000010,10/1/19,7415
E08000011,10/1/19,4280
E08000012,10/1/19,14810
E08000013,10/1/19,4180
E08000014,10/1/19,6140
E08000015,10/1/19,6820
E08000016,10/1/19,5075
E08000017,10/1/19,6935
E08000018,10/1/19,5735
E08000019,10/1/19,10615
E08000021,10/1/19,8935
E08000022,10/1/19,4610
E08000023,10/1/19,5460
E08000024,10/1/19,8535
E08000025,10/1/19,47315
E08000026,10/1/19,7240
E08000027,10/1/19,8255
E08000028,10/1/19,9860
E08000029,10/1/19,3620
E08000030,10/1/19,7890
E08000031,10/1/19,9650
E08000032,10/1/19,15550
E08000033,10/1/19,4690
E08000034,10/1/19,9690
E08000035,10/1/19,16540
E08000036,10/1/19,6125
E08000037,10/1/19,5580
E09000001,10/1/19,80
E09000002,10/1/19,5295
E09000003,10/1/19,6025
E09000004,10/1/19,3150
E09000005,10/1/19,6975
E09000006,10/1/19,4040
E09000007,10/1/19,4070
E09000008,10/1/19,10540
E09000009,10/1/19,7635
E09000010,10/1/19,7110
E09000011,10/1/19,6005
E09000012,10/1/19,7135
E09000013,10/1/19,4680
E09000014,10/1/19,6460
E09000015,10/1/19,3185
E09000016,10/1/19,3885
E09000017,10/1/19,4275
E09000018,10/1/19,6305
E09000019,10/1/19,5630
E09000020,10/1/19,2260
E09000021,10/1/19,2045
E09000022,10/1/19,8610
E09000023,10/1/19,8040
E09000024,10/1/19,3530
E09000025,10/1/19,7435
E09000026,10/1/19,4695
E09000027,10/1/19,2130
E09000028,10/1/19,8605
E09000029,10/1/19,3200
E09000030,10/1/19,8025
E09000031,10/1/19,5905
E09000032,10/1/19,4855
E09000033,10/1/19,3775
N09000001,10/1/19,1915
N09000002,10/1/19,2760
N09000003,10/1/19,6245
N09000004,10/1/19,2705
N09000005,10/1/19,4450
N09000006,10/1/19,1740
N09000007,10/1/19,1415
N09000008,10/1/19,2650
N09000009,10/1/19,1630
N09000010,10/1/19,2640
N09000011,10/1/19,2210
S12000005,10/1/19,1270
S12000006,10/1/19,2720
S12000008,10/1/19,3655
S12000010,10/1/19,1675
S12000011,10/1/19,945
S12000013,10/1/19,340
S12000014,10/1/19,3150
S12000017,10/1/19,3235
S12000018,10/1/19,2235
S12000019,10/1/19,1355
S12000020,10/1/19,1415
S12000021,10/1/19,4435
S12000023,10/1/19,180
S12000026,10/1/19,1695
S12000027,10/1/19,230
S12000028,10/1/19,2580
S12000029,10/1/19,6795
S12000030,10/1/19,1440
S12000033,10/1/19,3820
S12000034,10/1/19,2800
S12000035,10/1/19,1305
S12000036,10/1/19,6525
S12000038,10/1/19,3775
S12000039,10/1/19,2735
S12000040,10/1/19,3190
S12000041,10/1/19,2020
S12000042,10/1/19,4500
S12000045,10/1/19,1185
S12000047,10/1/19,8505
S12000048,10/1/19,1760
S12000049,10/1/19,18995
S12000050,10/1/19,8110
W06000001,10/1/19,1120
W06000002,10/1/19,1590
W06000003,10/1/19,2050
W06000004,10/1/19,1855
W06000005,10/1/19,2600
W06000006,10/1/19,2585
W06000008,10/1/19,770
W06000009,10/1/19,1920
W06000010,10/1/19,2950
W06000011,10/1/19,5230
W06000012,10/1/19,2945
W06000013,10/1/19,2575
W06000014,10/1/19,2040
W06000015,10/1/19,7845
W06000016,10/1/19,4605
W06000018,10/1/19,3610
W06000019,10/1/19,1660
W06000020,10/1/19,1955
W06000021,10/1/19,950
W06000022,10/1/19,3795
W06000023,10/1/19,1285
W06000024,10/1/19,1465
E06000001,11/1/19,3300
E06000002,11/1/19,5185
E06000003,11/1/19,3515
E06000004,11/1/19,4985
E06000005,11/1/19,2990
E06000006,11/1/19,3180
E06000007,11/1/19,3250
E06000008,11/1/19,4440
E06000009,11/1/19,5520
E06000010,11/1/19,8970
E06000011,11/1/19,4260
E06000012,11/1/19,4020
E06000013,11/1/19,3400
E06000014,11/1/19,1710
E06000015,11/1/19,5325
E06000016,11/1/19,7415
E06000017,11/1/19,260
E06000018,11/1/19,9655
E06000019,11/1/19,2030
E06000020,11/1/19,3310
E06000021,11/1/19,6675
E06000022,11/1/19,2235
E06000023,11/1/19,8280
E06000024,11/1/19,2665
E06000025,11/1/19,2440
E06000026,11/1/19,5445
E06000027,11/1/19,2385
E06000030,11/1/19,3355
E06000031,11/1/19,4270
E06000032,11/1/19,4220
E06000033,11/1/19,4115
E06000034,11/1/19,3245
E06000035,11/1/19,5495
E06000036,11/1/19,1135
E06000037,11/1/19,1405
E06000038,11/1/19,2925
E06000039,11/1/19,2560
E06000040,11/1/19,1230
E06000041,11/1/19,1090
E06000042,11/1/19,3995
E06000043,11/1/19,5460
E06000044,11/1/19,4085
E06000045,11/1/19,5280
E06000046,11/1/19,2255
E06000047,11/1/19,12690
E06000049,11/1/19,4415
E06000050,11/1/19,5290
E06000051,11/1/19,3855
E06000052,11/1/19,7665
E06000053,11/1/19,10
E06000054,11/1/19,4920
E06000055,11/1/19,3475
E06000056,11/1/19,2470
E06000057,11/1/19,6390
E06000058,11/1/19,5965
E06000059,11/1/19,3465
E06000060,11/1/19,4925
E06000061,11/1/19,5305
E06000062,11/1/19,5420
E06000063,11/1/19,4365
E06000064,11/1/19,2290
E06000065,11/1/19,5930
E06000066,11/1/19,7345
E07000008,11/1/19,1325
E07000009,11/1/19,645
E07000010,11/1/19,1545
E07000011,11/1/19,1515
E07000012,11/1/19,955
E07000032,11/1/19,1705
E07000033,11/1/19,1195
E07000034,11/1/19,2015
E07000035,11/1/19,515
E07000036,11/1/19,2050
E07000037,11/1/19,1075
E07000038,11/1/19,1170
E07000039,11/1/19,1025
E07000040,11/1/19,1090
E07000041,11/1/19,1330
E07000042,11/1/19,730
E07000043,11/1/19,1030
E07000044,11/1/19,655
E07000045,11/1/19,1285
E07000046,11/1/19,815
E07000047,11/1/19,455
E07000061,11/1/19,2085
E07000062,11/1/19,2635
E07000063,11/1/19,1265
E07000064,11/1/19,1305
E07000065,11/1/19,1270
E07000066,11/1/19,3380
E07000067,11/1/19,1885
E07000068,11/1/19,730
E07000069,11/1/19,920
E07000070,11/1/19,1890
E07000071,11/1/19,2420
E07000072,11/1/19,1425
E07000073,11/1/19,1950
E07000074,11/1/19,615
E07000075,11/1/19,800
E07000076,11/1/19,3240
E07000077,11/1/19,590
E07000078,11/1/19,1460
E07000079,11/1/19,720
E07000080,11/1/19,1075
E07000081,11/1/19,2210
E07000082,11/1/19,1025
E07000083,11/1/19,900
E07000084,11/1/19,1810
E07000085,11/1/19,770
E07000086,11/1/19,1140
E07000087,11/1/19,760
E07000088,11/1/19,1145
E07000089,11/1/19,460
E07000090,11/1/19,1770
E07000091,11/1/19,1410
E07000092,11/1/19,1000
E07000093,11/1/19,995
E07000094,11/1/19,915
E07000095,11/1/19,1400
E07000096,11/1/19,1640
E07000098,11/1/19,1290
E07000099,11/1/19,1315
E07000102,11/1/19,920
E07000103,11/1/19,1575
E07000105,11/1/19,2090
E07000106,11/1/19,2305
E07000107,11/1/19,1480
E07000108,11/1/19,2435
E07000109,11/1/19,2215
E07000110,11/1/19,2080
E07000111,11/1/19,910
E07000112,11/1/19,2330
E07000113,11/1/19,3140
E07000114,11/1/19,4380
E07000115,11/1/19,1215
E07000116,11/1/19,1080
E07000117,11/1/19,2735
E07000118,11/1/19,1550
E07000119,11/1/19,1030
E07000120,11/1/19,2130
E07000121,11/1/19,2740
E07000122,11/1/19,1920
E07000123,11/1/19,3330
E07000124,11/1/19,425
E07000125,11/1/19,1410
E07000126,11/1/19,1285
E07000127,11/1/19,1695
E07000128,11/1/19,1690
E07000129,11/1/19,820
E07000130,11/1/19,1795
E07000131,11/1/19,640
E07000132,11/1/19,1365
E07000133,11/1/19,560
E07000134,11/1/19,990
E07000135,11/1/19,515
E07000136,11/1/19,1125
E07000137,11/1/19,2785
E07000138,11/1/19,2360
E07000139,11/1/19,1100
E07000140,11/1/19,1195
E07000141,11/1/19,2020
E07000142,11/1/19,1635
E07000143,11/1/19,1465
E07000144,11/1/19,965
E07000145,11/1/19,2840
E07000146,11/1/19,1815
E07000147,11/1/19,915
E07000148,11/1/19,3025
E07000149,11/1/19,1180
E07000170,11/1/19,2305
E07000171,11/1/19,1880
E07000172,11/1/19,1510
E07000173,11/1/19,1700
E07000174,11/1/19,2035
E07000175,11/1/19,1595
E07000176,11/1/19,965
E07000177,11/1/19,1280
E07000178,11/1/19,1995
E07000179,11/1/19,985
E07000180,11/1/19,1020
E07000181,11/1/19,830
E07000192,11/1/19,1450
E07000193,11/1/19,1515
E07000194,11/1/19,1170
E07000195,11/1/19,1825
E07000196,11/1/19,1235
E07000197,11/1/19,1430
E07000198,11/1/19,870
E07000199,11/1/19,1325
E07000200,11/1/19,920
E07000202,11/1/19,3000
E07000203,11/1/19,910
E07000207,11/1/19,920
E07000208,11/1/19,540
E07000209,11/1/19,910
E07000210,11/1/19,515
E07000211,11/1/19,1145
E07000212,11/1/19,660
E07000213,11/1/19,935
E07000214,11/1/19,515
E07000215,11/1/19,715
E07000216,11/1/19,695
E07000217,11/1/19,715
E07000218,11/1/19,800
E07000219,11/1/19,2665
E07000220,11/1/19,1520
E07000221,11/1/19,990
E07000222,11/1/19,1480
E07000223,11/1/19,805
E07000224,11/1/19,1955
E07000225,11/1/19,1270
E07000226,11/1/19,1825
E07000227,11/1/19,1085
E07000228,11/1/19,930
E07000229,11/1/19,1540
E07000234,11/1/19,1145
E07000235,11/1/19,820
E07000236,11/1/19,1450
E07000237,11/1/19,1715
E07000238,11/1/19,1230
E07000239,11/1/19,1555
E07000240,11/1/19,1385
E07000241,11/1/19,1515
E07000242,11/1/19,1060
E07000243,11/1/19,1300
E07000244,11/1/19,3590
E07000245,11/1/19,1910
E08000001,11/1/19,7770
E08000002,11/1/19,4100
E08000003,11/1/19,16390
E08000004,11/1/19,6890
E08000005,11/1/19,5845
E08000006,11/1/19,6750
E08000007,11/1/19,4875
E08000008,11/1/19,5485
E08000009,11/1/19,3510
E08000010,11/1/19,7450
E08000011,11/1/19,4320
E08000012,11/1/19,15115
E08000013,11/1/19,4190
E08000014,11/1/19,6205
E08000015,11/1/19,6750
E08000016,11/1/19,4985
E08000017,11/1/19,6865
E08000018,11/1/19,5605
E08000019,11/1/19,10770
E08000021,11/1/19,8965
E08000022,11/1/19,4630
E08000023,11/1/19,5490
E08000024,11/1/19,8540
E08000025,11/1/19,47705
E08000026,11/1/19,7365
E08000027,11/1/19,8350
E08000028,11/1/19,10010
E08000029,11/1/19,3645
E08000030,11/1/19,8020
E08000031,11/1/19,9765
E08000032,11/1/19,15730
E08000033,11/1/19,4655
E08000034,11/1/19,9695
E08000035,11/1/19,16815
E08000036,11/1/19,6310
E08000037,11/1/19,5560
E09000001,11/1/19,80
E09000002,11/1/19,5420
E09000003,11/1/19,6145
E09000004,11/1/19,3205
E09000005,11/1/19,7130
E09000006,11/1/19,4130
E09000007,11/1/19,4125
E09000008,11/1/19,10555
E09000009,11/1/19,7685
E09000010,11/1/19,7285
E09000011,11/1/19,6135
E09000012,11/1/19,7245
E09000013,11/1/19,4560
E09000014,11/1/19,6625
E09000015,11/1/19,3265
E09000016,11/1/19,3955
E09000017,11/1/19,4300
E09000018,11/1/19,6275
E09000019,11/1/19,5595
E09000020,11/1/19,2265
E09000021,11/1/19,2100
E09000022,11/1/19,8670
E09000023,11/1/19,8125
E09000024,11/1/19,3575
E09000025,11/1/19,7620
E09000026,11/1/19,4835
E09000027,11/1/19,2110
E09000028,11/1/19,8550
E09000029,11/1/19,3160
E09000030,11/1/19,8050
E09000031,11/1/19,5985
E09000032,11/1/19,4880
E09000033,11/1/19,3770
N09000001,11/1/19,1850
N09000002,11/1/19,2635
N09000003,11/1/19,6230
N09000004,11/1/19,2700
N09000005,11/1/19,4365
N09000006,11/1/19,1625
N09000007,11/1/19,1400
N09000008,11/1/19,2545
N09000009,11/1/19,1555
N09000010,11/1/19,2520
N09000011,11/1/19,2185
S12000005,11/1/19,1330
S12000006,11/1/19,2690
S12000008,11/1/19,3605
S12000010,11/1/19,1740
S12000011,11/1/19,935
S12000013,11/1/19,360
S12000014,11/1/19,3280
S12000017,11/1/19,3340
S12000018,11/1/19,2220
S12000019,11/1/19,1400
S12000020,11/1/19,1435
S12000021,11/1/19,4465
S12000023,11/1/19,180
S12000026,11/1/19,1805
S12000027,11/1/19,240
S12000028,11/1/19,2635
S12000029,11/1/19,6805
S12000030,11/1/19,1475
S12000033,11/1/19,3965
S12000034,11/1/19,2825
S12000035,11/1/19,1340
S12000036,11/1/19,6830
S12000038,11/1/19,3885
S12000039,11/1/19,2770
S12000040,11/1/19,3315
S12000041,11/1/19,2060
S12000042,11/1/19,4530
S12000045,11/1/19,1225
S12000047,11/1/19,8575
S12000048,11/1/19,1820
S12000049,11/1/19,19120
S12000050,11/1/19,8065
W06000001,11/1/19,1195
W06000002,11/1/19,1745
W06000003,11/1/19,2160
W06000004,11/1/19,1900
W06000005,11/1/19,2570
W06000006,11/1/19,2705
W06000008,11/1/19,800
W06000009,11/1/19,2015
W06000010,11/1/19,3035
W06000011,11/1/19,5215
W06000012,11/1/19,3015
W06000013,11/1/19,2580
W06000014,11/1/19,2065
W06000015,11/1/19,8030
W06000016,11/1/19,4735
W06000018,11/1/19,3615
W06000019,11/1/19,1725
W06000020,11/1/19,2020
W06000021,11/1/19,950
W06000022,11/1/19,3810
W06000023,11/1/19,1335
W06000024,11/1/19,1500
E06000001,12/1/19,3270
E06000002,12/1/19,5215
E06000003,12/1/19,3640
E06000004,12/1/19,5070
E06000005,12/1/19,3010
E06000006,12/1/19,3120
E06000007,12/1/19,3285
E06000008,12/1/19,4415
E06000009,12/1/19,5645
E06000010,12/1/19,9180
E06000011,12/1/19,4375
E06000012,12/1/19,4025
E06000013,12/1/19,3435
E06000014,12/1/19,1715
E06000015,12/1/19,5365
E06000016,12/1/19,7440
E06000017,12/1/19,270
E06000018,12/1/19,9680
E06000019,12/1/19,1965
E06000020,12/1/19,3260
E06000021,12/1/19,6750
E06000022,12/1/19,2145
E06000023,12/1/19,8220
E06000024,12/1/19,2615
E06000025,12/1/19,2440
E06000026,12/1/19,5405
E06000027,12/1/19,2415
E06000030,12/1/19,3240
E06000031,12/1/19,4245
E06000032,12/1/19,4280
E06000033,12/1/19,4075
E06000034,12/1/19,3280
E06000035,12/1/19,5490
E06000036,12/1/19,1180
E06000037,12/1/19,1440
E06000038,12/1/19,2925
E06000039,12/1/19,2650
E06000040,12/1/19,1225
E06000041,12/1/19,1085
E06000042,12/1/19,4025
E06000043,12/1/19,5500
E06000044,12/1/19,4280
E06000045,12/1/19,5265
E06000046,12/1/19,2380
E06000047,12/1/19,12765
E06000049,12/1/19,4480
E06000050,12/1/19,5230
E06000051,12/1/19,3765
E06000052,12/1/19,8010
E06000053,12/1/19,10
E06000054,12/1/19,4935
E06000055,12/1/19,3420
E06000056,12/1/19,2515
E06000057,12/1/19,6450
E06000058,12/1/19,6040
E06000059,12/1/19,3535
E06000060,12/1/19,5020
E06000061,12/1/19,5270
E06000062,12/1/19,5485
E06000063,12/1/19,4370
E06000064,12/1/19,2280
E06000065,12/1/19,6020
E06000066,12/1/19,7415
E07000008,12/1/19,1380
E07000009,12/1/19,665
E07000010,12/1/19,1585
E07000011,12/1/19,1540
E07000012,12/1/19,985
E07000032,12/1/19,1780
E07000033,12/1/19,1190
E07000034,12/1/19,2010
E07000035,12/1/19,510
E07000036,12/1/19,2035
E07000037,12/1/19,1130
E07000038,12/1/19,1205
E07000039,12/1/19,1050
E07000040,12/1/19,1155
E07000041,12/1/19,1380
E07000042,12/1/19,735
E07000043,12/1/19,1085
E07000044,12/1/19,685
E07000045,12/1/19,1305
E07000046,12/1/19,860
E07000047,12/1/19,465
E07000061,12/1/19,2155
E07000062,12/1/19,2620
E07000063,12/1/19,1340
E07000064,12/1/19,1315
E07000065,12/1/19,1275
E07000066,12/1/19,3415
E07000067,12/1/19,1960
E07000068,12/1/19,745
E07000069,12/1/19,950
E07000070,12/1/19,1930
E07000071,12/1/19,2480
E07000072,12/1/19,1435
E07000073,12/1/19,1895
E07000074,12/1/19,620
E07000075,12/1/19,795
E07000076,12/1/19,3325
E07000077,12/1/19,620
E07000078,12/1/19,1450
E07000079,12/1/19,695
E07000080,12/1/19,1125
E07000081,12/1/19,2245
E07000082,12/1/19,1050
E07000083,12/1/19,920
E07000084,12/1/19,1810
E07000085,12/1/19,790
E07000086,12/1/19,1155
E07000087,12/1/19,780
E07000088,12/1/19,1145
E07000089,12/1/19,485
E07000090,12/1/19,1825
E07000091,12/1/19,1425
E07000092,12/1/19,980
E07000093,12/1/19,1010
E07000094,12/1/19,900
E07000095,12/1/19,1405
E07000096,12/1/19,1620
E07000098,12/1/19,1270
E07000099,12/1/19,1320
E07000102,12/1/19,910
E07000103,12/1/19,1570
E07000105,12/1/19,2095
E07000106,12/1/19,2300
E07000107,12/1/19,1475
E07000108,12/1/19,2440
E07000109,12/1/19,2240
E07000110,12/1/19,2100
E07000111,12/1/19,915
E07000112,12/1/19,2365
E07000113,12/1/19,3155
E07000114,12/1/19,4340
E07000115,12/1/19,1190
E07000116,12/1/19,1075
E07000117,12/1/19,2770
E07000118,12/1/19,1575
E07000119,12/1/19,1025
E07000120,12/1/19,2140
E07000121,12/1/19,2790
E07000122,12/1/19,1955
E07000123,12/1/19,3345
E07000124,12/1/19,430
E07000125,12/1/19,1380
E07000126,12/1/19,1255
E07000127,12/1/19,1655
E07000128,12/1/19,1685
E07000129,12/1/19,810
E07000130,12/1/19,1835
E07000131,12/1/19,650
E07000132,12/1/19,1330
E07000133,12/1/19,565
E07000134,12/1/19,1000
E07000135,12/1/19,520
E07000136,12/1/19,1155
E07000137,12/1/19,2935
E07000138,12/1/19,2400
E07000139,12/1/19,1140
E07000140,12/1/19,1185
E07000141,12/1/19,1995
E07000142,12/1/19,1615
E07000143,12/1/19,1505
E07000144,12/1/19,1020
E07000145,12/1/19,2945
E07000146,12/1/19,1925
E07000147,12/1/19,955
E07000148,12/1/19,3070
E07000149,12/1/19,1240
E07000170,12/1/19,2365
E07000171,12/1/19,1840
E07000172,12/1/19,1505
E07000173,12/1/19,1705
E07000174,12/1/19,2145
E07000175,12/1/19,1620
E07000176,12/1/19,975
E07000177,12/1/19,1275
E07000178,12/1/19,2040
E07000179,12/1/19,1010
E07000180,12/1/19,1030
E07000181,12/1/19,875
E07000192,12/1/19,1520
E07000193,12/1/19,1530
E07000194,12/1/19,1190
E07000195,12/1/19,1845
E07000196,12/1/19,1250
E07000197,12/1/19,1515
E07000198,12/1/19,905
E07000199,12/1/19,1350
E07000200,12/1/19,930
E07000202,12/1/19,3120
E07000203,12/1/19,900
E07000207,12/1/19,935
E07000208,12/1/19,550
E07000209,12/1/19,970
E07000210,12/1/19,515
E07000211,12/1/19,1130
E07000212,12/1/19,695
E07000213,12/1/19,955
E07000214,12/1/19,520
E07000215,12/1/19,715
E07000216,12/1/19,690
E07000217,12/1/19,695
E07000218,12/1/19,775
E07000219,12/1/19,2690
E07000220,12/1/19,1495
E07000221,12/1/19,990
E07000222,12/1/19,1475
E07000223,12/1/19,790
E07000224,12/1/19,2000
E07000225,12/1/19,1275
E07000226,12/1/19,1870
E07000227,12/1/19,1085
E07000228,12/1/19,920
E07000229,12/1/19,1545
E07000234,12/1/19,1095
E07000235,12/1/19,840
E07000236,12/1/19,1455
E07000237,12/1/19,1665
E07000238,12/1/19,1235
E07000239,12/1/19,1535
E07000240,12/1/19,1400
E07000241,12/1/19,1530
E07000242,12/1/19,1105
E07000243,12/1/19,1315
E07000244,12/1/19,3615
E07000245,12/1/19,1950
E08000001,12/1/19,7760
E08000002,12/1/19,4040
E08000003,12/1/19,16325
E08000004,12/1/19,6850
E08000005,12/1/19,5715
E08000006,12/1/19,6665
E08000007,12/1/19,4915
E08000008,12/1/19,5480
E08000009,12/1/19,3380
E08000010,12/1/19,7360
E08000011,12/1/19,4220
E08000012,12/1/19,15390
E08000013,12/1/19,4165
E08000014,12/1/19,6205
E08000015,12/1/19,6810
E08000016,12/1/19,4840
E08000017,12/1/19,6955
E08000018,12/1/19,5645
E08000019,12/1/19,10875
E08000021,12/1/19,8970
E08000022,12/1/19,4595
E08000023,12/1/19,5530
E08000024,12/1/19,8435
E08000025,12/1/19,47865
E08000026,12/1/19,7450
E08000027,12/1/19,8215
E08000028,12/1/19,10065
E08000029,12/1/19,3595
E08000030,12/1/19,7955
E08000031,12/1/19,9705
E08000032,12/1/19,15900
E08000033,12/1/19,4645
E08000034,12/1/19,9645
E08000035,12/1/19,16840
E08000036,12/1/19,6400
E08000037,12/1/19,5510
E09000001,12/1/19,80
E09000002,12/1/19,5430
E09000003,12/1/19,6235
E09000004,12/1/19,3250
E09000005,12/1/19,7240
E09000006,12/1/19,4085
E09000007,12/1/19,4140
E09000008,12/1/19,10525
E09000009,12/1/19,7740
E09000010,12/1/19,7295
E09000011,12/1/19,6040
E09000012,12/1/19,7350
E09000013,12/1/19,4565
E09000014,12/1/19,6735
E09000015,12/1/19,3255
E09000016,12/1/19,3990
E09000017,12/1/19,4325
E09000018,12/1/19,6260
E09000019,12/1/19,5580
E09000020,12/1/19,2275
E09000021,12/1/19,2115
E09000022,12/1/19,8720
E09000023,12/1/19,8115
E09000024,12/1/19,3595
E09000025,12/1/19,7640
E09000026,12/1/19,4910
E09000027,12/1/19,2055
E09000028,12/1/19,8415
E09000029,12/1/19,3125
E09000030,12/1/19,7935
E09000031,12/1/19,6100
E09000032,12/1/19,4860
E09000033,12/1/19,3825
N09000001,12/1/19,1795
N09000002,12/1/19,2560
N09000003,12/1/19,7085
N09000004,12/1/19,2670
N09000005,12/1/19,4285
N09000006,12/1/19,1565
N09000007,12/1/19,1365
N09000008,12/1/19,2405
N09000009,12/1/19,1565
N09000010,12/1/19,2470
N09000011,12/1/19,2210
S12000005,12/1/19,1305
S12000006,12/1/19,2725
S12000008,12/1/19,3620
S12000010,12/1/19,1750
S12000011,12/1/19,960
S12000013,12/1/19,400
S12000014,12/1/19,3300
S12000017,12/1/19,3540
S12000018,12/1/19,2160
S12000019,12/1/19,1370
S12000020,12/1/19,1465
S12000021,12/1/19,4360
S12000023,12/1/19,175
S12000026,12/1/19,1775
S12000027,12/1/19,245
S12000028,12/1/19,2695
S12000029,12/1/19,6675
S12000030,12/1/19,1465
S12000033,12/1/19,4035
S12000034,12/1/19,2915
S12000035,12/1/19,1360
S12000036,12/1/19,6970
S12000038,12/1/19,3875
S12000039,12/1/19,2795
S12000040,12/1/19,3305
S12000041,12/1/19,2075
S12000042,12/1/19,4455
S12000045,12/1/19,1215
S12000047,12/1/19,8610
S12000048,12/1/19,1810
S12000049,12/1/19,19405
S12000050,12/1/19,7890
W06000001,12/1/19,1265
W06000002,12/1/19,1830
W06000003,12/1/19,2220
W06000004,12/1/19,1935
W06000005,12/1/19,2580
W06000006,12/1/19,2665
W06000008,12/1/19,815
W06000009,12/1/19,2085
W06000010,12/1/19,3020
W06000011,12/1/19,5200
W06000012,12/1/19,3015
W06000013,12/1/19,2535
W06000014,12/1/19,2030
W06000015,12/1/19,8155
W06000016,12/1/19,4750
W06000018,12/1/19,3550
W06000019,12/1/19,1705
W06000020,12/1/19,1995
W06000021,12/1/19,970
W06000022,12/1/19,3790
W06000023,12/1/19,1330
W06000024,12/1/19,1510
E06000001,1/1/20,3395
E06000002,1/1/20,5295
E06000003,1/1/20,3720
E06000004,1/1/20,5170
E06000005,1/1/20,3020
E06000006,1/1/20,3100
E06000007,1/1/20,3215
E06000008,1/1/20,4480
E06000009,1/1/20,5980
E06000010,1/1/20,9500
E06000011,1/1/20,4455
E06000012,1/1/20,4105
E06000013,1/1/20,3430
E06000014,1/1/20,1780
E06000015,1/1/20,5485
E06000016,1/1/20,7545
E06000017,1/1/20,300
E06000018,1/1/20,9885
E06000019,1/1/20,2010
E06000020,1/1/20,3295
E06000021,1/1/20,7015
E06000022,1/1/20,2140
E06000023,1/1/20,8320
E06000024,1/1/20,2655
E06000025,1/1/20,2430
E06000026,1/1/20,5510
E06000027,1/1/20,2475
E06000030,1/1/20,3255
E06000031,1/1/20,4350
E06000032,1/1/20,4325
E06000033,1/1/20,4105
E06000034,1/1/20,3295
E06000035,1/1/20,5630
E06000036,1/1/20,1185
E06000037,1/1/20,1400
E06000038,1/1/20,2930
E06000039,1/1/20,2700
E06000040,1/1/20,1255
E06000041,1/1/20,1105
E06000042,1/1/20,4110
E06000043,1/1/20,5570
E06000044,1/1/20,4340
E06000045,1/1/20,5295
E06000046,1/1/20,2480
E06000047,1/1/20,12740
E06000049,1/1/20,4430
E06000050,1/1/20,5240
E06000051,1/1/20,3825
E06000052,1/1/20,8395
E06000053,1/1/20,10
E06000054,1/1/20,4950
E06000055,1/1/20,3460
E06000056,1/1/20,2530
E06000057,1/1/20,6455
E06000058,1/1/20,6085
E06000059,1/1/20,3690
E06000060,1/1/20,5195
E06000061,1/1/20,5340
E06000062,1/1/20,5580
E06000063,1/1/20,4480
E06000064,1/1/20,2410
E06000065,1/1/20,6185
E06000066,1/1/20,7380
E07000008,1/1/20,1400
E07000009,1/1/20,660
E07000010,1/1/20,1670
E07000011,1/1/20,1575
E07000012,1/1/20,1020
E07000032,1/1/20,1825
E07000033,1/1/20,1220
E07000034,1/1/20,2045
E07000035,1/1/20,535
E07000036,1/1/20,2060
E07000037,1/1/20,1160
E07000038,1/1/20,1215
E07000039,1/1/20,1090
E07000040,1/1/20,1185
E07000041,1/1/20,1385
E07000042,1/1/20,775
E07000043,1/1/20,1105
E07000044,1/1/20,700
E07000045,1/1/20,1295
E07000046,1/1/20,875
E07000047,1/1/20,455
E07000061,1/1/20,2155
E07000062,1/1/20,2720
E07000063,1/1/20,1330
E07000064,1/1/20,1365
E07000065,1/1/20,1300
E07000066,1/1/20,3395
E07000067,1/1/20,1975
E07000068,1/1/20,750
E07000069,1/1/20,920
E07000070,1/1/20,1910
E07000071,1/1/20,2510
E07000072,1/1/20,1455
E07000073,1/1/20,1940
E07000074,1/1/20,620
E07000075,1/1/20,795
E07000076,1/1/20,3440
E07000077,1/1/20,615
E07000078,1/1/20,1560
E07000079,1/1/20,710
E07000080,1/1/20,1135
E07000081,1/1/20,2285
E07000082,1/1/20,1065
E07000083,1/1/20,960
E07000084,1/1/20,1805
E07000085,1/1/20,805
E07000086,1/1/20,1180
E07000087,1/1/20,795
E07000088,1/1/20,1165
E07000089,1/1/20,480
E07000090,1/1/20,1810
E07000091,1/1/20,1440
E07000092,1/1/20,985
E07000093,1/1/20,1000
E07000094,1/1/20,910
E07000095,1/1/20,1400
E07000096,1/1/20,1695
E07000098,1/1/20,1290
E07000099,1/1/20,1345
E07000102,1/1/20,920
E07000103,1/1/20,1555
E07000105,1/1/20,2110
E07000106,1/1/20,2365
E07000107,1/1/20,1555
E07000108,1/1/20,2465
E07000109,1/1/20,2230
E07000110,1/1/20,2185
E07000111,1/1/20,940
E07000112,1/1/20,2440
E07000113,1/1/20,3205
E07000114,1/1/20,4490
E07000115,1/1/20,1205
E07000116,1/1/20,1090
E07000117,1/1/20,2845
E07000118,1/1/20,1615
E07000119,1/1/20,1070
E07000120,1/1/20,2140
E07000121,1/1/20,2865
E07000122,1/1/20,1995
E07000123,1/1/20,3345
E07000124,1/1/20,435
E07000125,1/1/20,1410
E07000126,1/1/20,1270
E07000127,1/1/20,1735
E07000128,1/1/20,1710
E07000129,1/1/20,840
E07000130,1/1/20,1905
E07000131,1/1/20,665
E07000132,1/1/20,1370
E07000133,1/1/20,585
E07000134,1/1/20,1030
E07000135,1/1/20,515
E07000136,1/1/20,1170
E07000137,1/1/20,3180
E07000138,1/1/20,2485
E07000139,1/1/20,1155
E07000140,1/1/20,1215
E07000141,1/1/20,2055
E07000142,1/1/20,1655
E07000143,1/1/20,1545
E07000144,1/1/20,1065
E07000145,1/1/20,3085
E07000146,1/1/20,1995
E07000147,1/1/20,1030
E07000148,1/1/20,3140
E07000149,1/1/20,1270
E07000170,1/1/20,2515
E07000171,1/1/20,1965
E07000172,1/1/20,1530
E07000173,1/1/20,1755
E07000174,1/1/20,2185
E07000175,1/1/20,1680
E07000176,1/1/20,1010
E07000177,1/1/20,1355
E07000178,1/1/20,2085
E07000179,1/1/20,1030
E07000180,1/1/20,1040
E07000181,1/1/20,905
E07000192,1/1/20,1570
E07000193,1/1/20,1575
E07000194,1/1/20,1235
E07000195,1/1/20,1850
E07000196,1/1/20,1275
E07000197,1/1/20,1545
E07000198,1/1/20,895
E07000199,1/1/20,1410
E07000200,1/1/20,965
E07000202,1/1/20,3195
E07000203,1/1/20,895
E07000207,1/1/20,920
E07000208,1/1/20,550
E07000209,1/1/20,970
E07000210,1/1/20,535
E07000211,1/1/20,1135
E07000212,1/1/20,715
E07000213,1/1/20,985
E07000214,1/1/20,545
E07000215,1/1/20,715
E07000216,1/1/20,690
E07000217,1/1/20,745
E07000218,1/1/20,765
E07000219,1/1/20,2670
E07000220,1/1/20,1495
E07000221,1/1/20,995
E07000222,1/1/20,1455
E07000223,1/1/20,825
E07000224,1/1/20,2035
E07000225,1/1/20,1270
E07000226,1/1/20,1860
E07000227,1/1/20,1130
E07000228,1/1/20,950
E07000229,1/1/20,1600
E07000234,1/1/20,1110
E07000235,1/1/20,850
E07000236,1/1/20,1490
E07000237,1/1/20,1705
E07000238,1/1/20,1260
E07000239,1/1/20,1555
E07000240,1/1/20,1405
E07000241,1/1/20,1530
E07000242,1/1/20,1120
E07000243,1/1/20,1385
E07000244,1/1/20,3775
E07000245,1/1/20,1990
E08000001,1/1/20,7900
E08000002,1/1/20,4085
E08000003,1/1/20,16390
E08000004,1/1/20,6700
E08000005,1/1/20,5840
E08000006,1/1/20,6685
E08000007,1/1/20,4950
E08000008,1/1/20,5515
E08000009,1/1/20,3415
E08000010,1/1/20,7460
E08000011,1/1/20,4305
E08000012,1/1/20,15315
E08000013,1/1/20,4105
E08000014,1/1/20,6135
E08000015,1/1/20,6840
E08000016,1/1/20,4940
E08000017,1/1/20,7120
E08000018,1/1/20,5755
E08000019,1/1/20,11125
E08000021,1/1/20,9050
E08000022,1/1/20,4615
E08000023,1/1/20,5630
E08000024,1/1/20,8500
E08000025,1/1/20,47985
E08000026,1/1/20,7525
E08000027,1/1/20,8155
E08000028,1/1/20,9990
E08000029,1/1/20,3565
E08000030,1/1/20,7970
E08000031,1/1/20,9670
E08000032,1/1/20,16265
E08000033,1/1/20,4695
E08000034,1/1/20,9820
E08000035,1/1/20,16945
E08000036,1/1/20,6420
E08000037,1/1/20,5590
E09000001,1/1/20,80
E09000002,1/1/20,5445
E09000003,1/1/20,6315
E09000004,1/1/20,3205
E09000005,1/1/20,7280
E09000006,1/1/20,4050
E09000007,1/1/20,4130
E09000008,1/1/20,10440
E09000009,1/1/20,7735
E09000010,1/1/20,7285
E09000011,1/1/20,6060
E09000012,1/1/20,7395
E09000013,1/1/20,4525
E09000014,1/1/20,6745
E09000015,1/1/20,3235
E09000016,1/1/20,3990
E09000017,1/1/20,4390
E09000018,1/1/20,6315
E09000019,1/1/20,5615
E09000020,1/1/20,2295
E09000021,1/1/20,2170
E09000022,1/1/20,8730
E09000023,1/1/20,8055
E09000024,1/1/20,3605
E09000025,1/1/20,7750
E09000026,1/1/20,4910
E09000027,1/1/20,2045
E09000028,1/1/20,8275
E09000029,1/1/20,3100
E09000030,1/1/20,8010
E09000031,1/1/20,6085
E09000032,1/1/20,4830
E09000033,1/1/20,3785
N09000001,1/1/20,1800
N09000002,1/1/20,2585
N09000003,1/1/20,6990
N09000004,1/1/20,2630
N09000005,1/1/20,4220
N09000006,1/1/20,1575
N09000007,1/1/20,1345
N09000008,1/1/20,2380
N09000009,1/1/20,1555
N09000010,1/1/20,2470
N09000011,1/1/20,2165
S12000005,1/1/20,1350
S12000006,1/1/20,2830
S12000008,1/1/20,3695
S12000010,1/1/20,1750
S12000011,1/1/20,970
S12000013,1/1/20,420
S12000014,1/1/20,3280
S12000017,1/1/20,3705
S12000018,1/1/20,2200
S12000019,1/1/20,1410
S12000020,1/1/20,1495
S12000021,1/1/20,4475
S12000023,1/1/20,190
S12000026,1/1/20,1835
S12000027,1/1/20,230
S12000028,1/1/20,2740
S12000029,1/1/20,6830
S12000030,1/1/20,1495
S12000033,1/1/20,4015
S12000034,1/1/20,2920
S12000035,1/1/20,1445
S12000036,1/1/20,6910
S12000038,1/1/20,3980
S12000039,1/1/20,2830
S12000040,1/1/20,3260
S12000041,1/1/20,2045
S12000042,1/1/20,4435
S12000045,1/1/20,1215
S12000047,1/1/20,8505
S12000048,1/1/20,1815
S12000049,1/1/20,19655
S12000050,1/1/20,8030
W06000001,1/1/20,1255
W06000002,1/1/20,1915
W06000003,1/1/20,2285
W06000004,1/1/20,1995
W06000005,1/1/20,2570
W06000006,1/1/20,2650
W06000008,1/1/20,820
W06000009,1/1/20,2180
W06000010,1/1/20,3025
W06000011,1/1/20,5185
W06000012,1/1/20,2970
W06000013,1/1/20,2555
W06000014,1/1/20,2065
W06000015,1/1/20,8065
W06000016,1/1/20,4760
W06000018,1/1/20,3495
W06000019,1/1/20,1665
W06000020,1/1/20,1955
W06000021,1/1/20,965
W06000022,1/1/20,3785
W06000023,1/1/20,1365
W06000024,1/1/20,1495
E06000001,2/1/20,3540
E06000002,2/1/20,5435
E06000003,2/1/20,3815
E06000004,2/1/20,5290
E06000005,2/1/20,3090
E06000006,2/1/20,3180
E06000007,2/1/20,3245
E06000008,2/1/20,4560
E06000009,2/1/20,5940
E06000010,2/1/20,9635
E06000011,2/1/20,4580
E06000012,2/1/20,4290
E06000013,2/1/20,3545
E06000014,2/1/20,1790
E06000015,2/1/20,5745
E06000016,2/1/20,7840
E06000017,2/1/20,295
E06000018,2/1/20,10280
E06000019,2/1/20,2045
E06000020,2/1/20,3325
E06000021,2/1/20,7165
E06000022,2/1/20,2200
E06000023,2/1/20,8345
E06000024,2/1/20,2685
E06000025,2/1/20,2545
E06000026,2/1/20,5875
E06000027,2/1/20,2675
E06000030,2/1/20,3435
E06000031,2/1/20,4615
E06000032,2/1/20,4455
E06000033,2/1/20,4305
E06000034,2/1/20,3465
E06000035,2/1/20,5765
E06000036,2/1/20,1220
E06000037,2/1/20,1490
E06000038,2/1/20,3005
E06000039,2/1/20,2810
E06000040,2/1/20,1275
E06000041,2/1/20,1155
E06000042,2/1/20,4320
E06000043,2/1/20,5820
E06000044,2/1/20,4540
E06000045,2/1/20,5555
E06000046,2/1/20,2575
E06000047,2/1/20,13160
E06000049,2/1/20,4615
E06000050,2/1/20,5335
E06000051,2/1/20,3840
E06000052,2/1/20,8830
E06000053,2/1/20,10
E06000054,2/1/20,5165
E06000055,2/1/20,3510
E06000056,2/1/20,2725
E06000057,2/1/20,6665
E06000058,2/1/20,6330
E06000059,2/1/20,3755
E06000060,2/1/20,5365
E06000061,2/1/20,5595
E06000062,2/1/20,5875
E06000063,2/1/20,4520
E06000064,2/1/20,2390
E06000065,2/1/20,6325
E06000066,2/1/20,7535
E07000008,2/1/20,1400
E07000009,2/1/20,725
E07000010,2/1/20,1720
E07000011,2/1/20,1655
E07000012,2/1/20,1045
E07000032,2/1/20,1840
E07000033,2/1/20,1285
E07000034,2/1/20,2050
E07000035,2/1/20,535
E07000036,2/1/20,2150
E07000037,2/1/20,1190
E07000038,2/1/20,1260
E07000039,2/1/20,1130
E07000040,2/1/20,1250
E07000041,2/1/20,1460
E07000042,2/1/20,820
E07000043,2/1/20,1240
E07000044,2/1/20,735
E07000045,2/1/20,1410
E07000046,2/1/20,920
E07000047,2/1/20,480
E07000061,2/1/20,2215
E07000062,2/1/20,2770
E07000063,2/1/20,1365
E07000064,2/1/20,1380
E07000065,2/1/20,1325
E07000066,2/1/20,3505
E07000067,2/1/20,2025
E07000068,2/1/20,795
E07000069,2/1/20,985
E07000070,2/1/20,2060
E07000071,2/1/20,2650
E07000072,2/1/20,1530
E07000073,2/1/20,2015
E07000074,2/1/20,675
E07000075,2/1/20,845
E07000076,2/1/20,3615
E07000077,2/1/20,665
E07000078,2/1/20,1635
E07000079,2/1/20,705
E07000080,2/1/20,1165
E07000081,2/1/20,2330
E07000082,2/1/20,1080
E07000083,2/1/20,975
E07000084,2/1/20,1895
E07000085,2/1/20,860
E07000086,2/1/20,1245
E07000087,2/1/20,805
E07000088,2/1/20,1210
E07000089,2/1/20,525
E07000090,2/1/20,1960
E07000091,2/1/20,1495
E07000092,2/1/20,1025
E07000093,2/1/20,1040
E07000094,2/1/20,980
E07000095,2/1/20,1425
E07000096,2/1/20,1780
E07000098,2/1/20,1295
E07000099,2/1/20,1415
E07000102,2/1/20,955
E07000103,2/1/20,1640
E07000105,2/1/20,2190
E07000106,2/1/20,2400
E07000107,2/1/20,1590
E07000108,2/1/20,2550
E07000109,2/1/20,2305
E07000110,2/1/20,2250
E07000111,2/1/20,970
E07000112,2/1/20,2465
E07000113,2/1/20,3260
E07000114,2/1/20,4635
E07000115,2/1/20,1265
E07000116,2/1/20,1135
E07000117,2/1/20,2850
E07000118,2/1/20,1630
E07000119,2/1/20,1050
E07000120,2/1/20,2230
E07000121,2/1/20,2830
E07000122,2/1/20,2045
E07000123,2/1/20,3440
E07000124,2/1/20,445
E07000125,2/1/20,1465
E07000126,2/1/20,1310
E07000127,2/1/20,1725
E07000128,2/1/20,1750
E07000129,2/1/20,895
E07000130,2/1/20,1890
E07000131,2/1/20,710
E07000132,2/1/20,1415
E07000133,2/1/20,600
E07000134,2/1/20,1025
E07000135,2/1/20,545
E07000136,2/1/20,1240
E07000137,2/1/20,3405
E07000138,2/1/20,2570
E07000139,2/1/20,1215
E07000140,2/1/20,1270
E07000141,2/1/20,2125
E07000142,2/1/20,1720
E07000143,2/1/20,1610
E07000144,2/1/20,1080
E07000145,2/1/20,3180
E07000146,2/1/20,2070
E07000147,2/1/20,1130
E07000148,2/1/20,3225
E07000149,2/1/20,1310
E07000170,2/1/20,2630
E07000171,2/1/20,1995
E07000172,2/1/20,1585
E07000173,2/1/20,1860
E07000174,2/1/20,2325
E07000175,2/1/20,1790
E07000176,2/1/20,1030
E07000177,2/1/20,1435
E07000178,2/1/20,2085
E07000179,2/1/20,1045
E07000180,2/1/20,1095
E07000181,2/1/20,985
E07000192,2/1/20,1640
E07000193,2/1/20,1705
E07000194,2/1/20,1280
E07000195,2/1/20,1970
E07000196,2/1/20,1300
E07000197,2/1/20,1590
E07000198,2/1/20,905
E07000199,2/1/20,1435
E07000200,2/1/20,1015
E07000202,2/1/20,3290
E07000203,2/1/20,965
E07000207,2/1/20,950
E07000208,2/1/20,570
E07000209,2/1/20,1015
E07000210,2/1/20,540
E07000211,2/1/20,1210
E07000212,2/1/20,725
E07000213,2/1/20,1050
E07000214,2/1/20,585
E07000215,2/1/20,770
E07000216,2/1/20,725
E07000217,2/1/20,775
E07000218,2/1/20,800
E07000219,2/1/20,2745
E07000220,2/1/20,1565
E07000221,2/1/20,1055
E07000222,2/1/20,1545
E07000223,2/1/20,855
E07000224,2/1/20,2120
E07000225,2/1/20,1320
E07000226,2/1/20,1950
E07000227,2/1/20,1130
E07000228,2/1/20,995
E07000229,2/1/20,1660
E07000234,2/1/20,1145
E07000235,2/1/20,885
E07000236,2/1/20,1550
E07000237,2/1/20,1730
E07000238,2/1/20,1275
E07000239,2/1/20,1575
E07000240,2/1/20,1480
E07000241,2/1/20,1575
E07000242,2/1/20,1115
E07000243,2/1/20,1440
E07000244,2/1/20,3860
E07000245,2/1/20,2040
E08000001,2/1/20,8375
E08000002,2/1/20,4315
E08000003,2/1/20,17410
E08000004,2/1/20,7185
E08000005,2/1/20,6265
E08000006,2/1/20,7055
E08000007,2/1/20,5190
E08000008,2/1/20,5845
E08000009,2/1/20,3600
E08000010,2/1/20,7765
E08000011,2/1/20,4370
E08000012,2/1/20,15815
E08000013,2/1/20,4190
E08000014,2/1/20,6170
E08000015,2/1/20,6940
E08000016,2/1/20,5095
E08000017,2/1/20,7335
E08000018,2/1/20,5940
E08000019,2/1/20,11380
E08000021,2/1/20,9305
E08000022,2/1/20,4770
E08000023,2/1/20,5720
E08000024,2/1/20,8895
E08000025,2/1/20,48560
E08000026,2/1/20,7750
E08000027,2/1/20,8380
E08000028,2/1/20,10410
E08000029,2/1/20,3595
E08000030,2/1/20,8270
E08000031,2/1/20,10055
E08000032,2/1/20,16985
E08000033,2/1/20,4745
E08000034,2/1/20,10175
E08000035,2/1/20,17695
E08000036,2/1/20,6875
E08000037,2/1/20,5875
E09000001,2/1/20,85
E09000002,2/1/20,5770
E09000003,2/1/20,6455
E09000004,2/1/20,3400
E09000005,2/1/20,7690
E09000006,2/1/20,4225
E09000007,2/1/20,4265
E09000008,2/1/20,10820
E09000009,2/1/20,8015
E09000010,2/1/20,7555
E09000011,2/1/20,6315
E09000012,2/1/20,7605
E09000013,2/1/20,4695
E09000014,2/1/20,7015
E09000015,2/1/20,3480
E09000016,2/1/20,4175
E09000017,2/1/20,4660
E09000018,2/1/20,6615
E09000019,2/1/20,5780
E09000020,2/1/20,2385
E09000021,2/1/20,2285
E09000022,2/1/20,8890
E09000023,2/1/20,8275
E09000024,2/1/20,3690
E09000025,2/1/20,8050
E09000026,2/1/20,5195
E09000027,2/1/20,2140
E09000028,2/1/20,8685
E09000029,2/1/20,3160
E09000030,2/1/20,8265
E09000031,2/1/20,6340
E09000032,2/1/20,5100
E09000033,2/1/20,3685
N09000001,2/1/20,1800
N09000002,2/1/20,2635
N09000003,2/1/20,7175
N09000004,2/1/20,2640
N09000005,2/1/20,4205
N09000006,2/1/20,1510
N09000007,2/1/20,1365
N09000008,2/1/20,2290
N09000009,2/1/20,1560
N09000010,2/1/20,2490
N09000011,2/1/20,2245
S12000005,2/1/20,1390
S12000006,2/1/20,2950
S12000008,2/1/20,3685
S12000010,2/1/20,1765
S12000011,2/1/20,950
S12000013,2/1/20,465
S12000014,2/1/20,3300
S12000017,2/1/20,3715
S12000018,2/1/20,2255
S12000019,2/1/20,1470
S12000020,2/1/20,1550
S12000021,2/1/20,4600
S12000023,2/1/20,195
S12000026,2/1/20,1860
S12000027,2/1/20,265
S12000028,2/1/20,2790
S12000029,2/1/20,7015
S12000030,2/1/20,1540
S12000033,2/1/20,4150
S12000034,2/1/20,2975
S12000035,2/1/20,1530
S12000036,2/1/20,7105
S12000038,2/1/20,4025
S12000039,2/1/20,2930
S12000040,2/1/20,3425
S12000041,2/1/20,2040
S12000042,2/1/20,4530
S12000045,2/1/20,1230
S12000047,2/1/20,8765
S12000048,2/1/20,1865
S12000049,2/1/20,20055
S12000050,2/1/20,8230
W06000001,2/1/20,1340
W06000002,2/1/20,2015
W06000003,2/1/20,2350
W06000004,2/1/20,2020
W06000005,2/1/20,2665
W06000006,2/1/20,2630
W06000008,2/1/20,845
W06000009,2/1/20,2210
W06000010,2/1/20,3025
W06000011,2/1/20,5320
W06000012,2/1/20,2995
W06000013,2/1/20,2635
W06000014,2/1/20,2095
W06000015,2/1/20,8260
W06000016,2/1/20,4845
W06000018,2/1/20,3640
W06000019,2/1/20,1740
W06000020,2/1/20,2025
W06000021,2/1/20,980
W06000022,2/1/20,3870
W06000023,2/1/20,1420
W06000024,2/1/20,1455
E06000001,3/1/20,3465
E06000002,3/1/20,5490
E06000003,3/1/20,3845
E06000004,3/1/20,5310
E06000005,3/1/20,3145
E06000006,3/1/20,3250
E06000007,3/1/20,3285
E06000008,3/1/20,4530
E06000009,3/1/20,6085
E06000010,3/1/20,9875
E06000011,3/1/20,4580
E06000012,3/1/20,4345
E06000013,3/1/20,3600
E06000014,3/1/20,1820
E06000015,3/1/20,5875
E06000016,3/1/20,8020
E06000017,3/1/20,285
E06000018,3/1/20,10375
E06000019,3/1/20,2110
E06000020,3/1/20,3430
E06000021,3/1/20,7320
E06000022,3/1/20,2145
E06000023,3/1/20,8450
E06000024,3/1/20,2575
E06000025,3/1/20,2500
E06000026,3/1/20,5790
E06000027,3/1/20,2675
E06000030,3/1/20,3485
E06000031,3/1/20,4765
E06000032,3/1/20,4515
E06000033,3/1/20,4400
E06000034,3/1/20,3585
E06000035,3/1/20,5800
E06000036,3/1/20,1220
E06000037,3/1/20,1525
E06000038,3/1/20,3050
E06000039,3/1/20,2820
E06000040,3/1/20,1300
E06000041,3/1/20,1140
E06000042,3/1/20,4495
E06000043,3/1/20,5860
E06000044,3/1/20,4545
E06000045,3/1/20,5595
E06000046,3/1/20,2580
E06000047,3/1/20,13090
E06000049,3/1/20,4655
E06000050,3/1/20,5340
E06000051,3/1/20,4010
E06000052,3/1/20,8805
E06000053,3/1/20,10
E06000054,3/1/20,5185
E06000055,3/1/20,3510
E06000056,3/1/20,2750
E06000057,3/1/20,6765
E06000058,3/1/20,6520
E06000059,3/1/20,3730
E06000060,3/1/20,5540
E06000061,3/1/20,5660
E06000062,3/1/20,5890
E06000063,3/1/20,4560
E06000064,3/1/20,2375
E06000065,3/1/20,6295
E06000066,3/1/20,7370
E07000008,3/1/20,1425
E07000009,3/1/20,710
E07000010,3/1/20,1690
E07000011,3/1/20,1640
E07000012,3/1/20,1035
E07000032,3/1/20,1810
E07000033,3/1/20,1235
E07000034,3/1/20,2075
E07000035,3/1/20,535
E07000036,3/1/20,2055
E07000037,3/1/20,1165
E07000038,3/1/20,1280
E07000039,3/1/20,1125
E07000040,3/1/20,1380
E07000041,3/1/20,1555
E07000042,3/1/20,820
E07000043,3/1/20,1230
E07000044,3/1/20,740
E07000045,3/1/20,1465
E07000046,3/1/20,900
E07000047,3/1/20,490
E07000061,3/1/20,2245
E07000062,3/1/20,2780
E07000063,3/1/20,1410
E07000064,3/1/20,1380
E07000065,3/1/20,1315
E07000066,3/1/20,3610
E07000067,3/1/20,2005
E07000068,3/1/20,835
E07000069,3/1/20,1045
E07000070,3/1/20,2085
E07000071,3/1/20,2720
E07000072,3/1/20,1530
E07000073,3/1/20,2075
E07000074,3/1/20,675
E07000075,3/1/20,865
E07000076,3/1/20,3635
E07000077,3/1/20,650
E07000078,3/1/20,1645
E07000079,3/1/20,710
E07000080,3/1/20,1140
E07000081,3/1/20,2325
E07000082,3/1/20,1055
E07000083,3/1/20,980
E07000084,3/1/20,2015
E07000085,3/1/20,885
E07000086,3/1/20,1245
E07000087,3/1/20,835
E07000088,3/1/20,1270
E07000089,3/1/20,515
E07000090,3/1/20,1965
E07000091,3/1/20,1525
E07000092,3/1/20,1030
E07000093,3/1/20,1045
E07000094,3/1/20,1030
E07000095,3/1/20,1435
E07000096,3/1/20,1855
E07000098,3/1/20,1335
E07000099,3/1/20,1425
E07000102,3/1/20,1000
E07000103,3/1/20,1705
E07000105,3/1/20,2220
E07000106,3/1/20,2415
E07000107,3/1/20,1605
E07000108,3/1/20,2575
E07000109,3/1/20,2300
E07000110,3/1/20,2250
E07000111,3/1/20,985
E07000112,3/1/20,2420
E07000113,3/1/20,3280
E07000114,3/1/20,4630
E07000115,3/1/20,1295
E07000116,3/1/20,1130
E07000117,3/1/20,2895
E07000118,3/1/20,1625
E07000119,3/1/20,1065
E07000120,3/1/20,2225
E07000121,3/1/20,2865
E07000122,3/1/20,2045
E07000123,3/1/20,3530
E07000124,3/1/20,445
E07000125,3/1/20,1465
E07000126,3/1/20,1315
E07000127,3/1/20,1765
E07000128,3/1/20,1760
E07000129,3/1/20,900
E07000130,3/1/20,1915
E07000131,3/1/20,710
E07000132,3/1/20,1400
E07000133,3/1/20,625
E07000134,3/1/20,1035
E07000135,3/1/20,540
E07000136,3/1/20,1225
E07000137,3/1/20,3250
E07000138,3/1/20,2555
E07000139,3/1/20,1195
E07000140,3/1/20,1290
E07000141,3/1/20,2100
E07000142,3/1/20,1680
E07000143,3/1/20,1630
E07000144,3/1/20,1105
E07000145,3/1/20,3075
E07000146,3/1/20,2040
E07000147,3/1/20,1090
E07000148,3/1/20,3220
E07000149,3/1/20,1330
E07000170,3/1/20,2570
E07000171,3/1/20,1920
E07000172,3/1/20,1570
E07000173,3/1/20,1835
E07000174,3/1/20,2325
E07000175,3/1/20,1735
E07000176,3/1/20,1030
E07000177,3/1/20,1460
E07000178,3/1/20,2100
E07000179,3/1/20,1050
E07000180,3/1/20,1095
E07000181,3/1/20,955
E07000192,3/1/20,1655
E07000193,3/1/20,1720
E07000194,3/1/20,1320
E07000195,3/1/20,1980
E07000196,3/1/20,1310
E07000197,3/1/20,1655
E07000198,3/1/20,920
E07000199,3/1/20,1490
E07000200,3/1/20,1005
E07000202,3/1/20,3275
E07000203,3/1/20,940
E07000207,3/1/20,995
E07000208,3/1/20,585
E07000209,3/1/20,990
E07000210,3/1/20,550
E07000211,3/1/20,1245
E07000212,3/1/20,750
E07000213,3/1/20,1040
E07000214,3/1/20,600
E07000215,3/1/20,760
E07000216,3/1/20,700
E07000217,3/1/20,825
E07000218,3/1/20,845
E07000219,3/1/20,2830
E07000220,3/1/20,1535
E07000221,3/1/20,1050
E07000222,3/1/20,1570
E07000223,3/1/20,855
E07000224,3/1/20,2130
E07000225,3/1/20,1355
E07000226,3/1/20,2030
E07000227,3/1/20,1150
E07000228,3/1/20,990
E07000229,3/1/20,1670
E07000234,3/1/20,1165
E07000235,3/1/20,925
E07000236,3/1/20,1535
E07000237,3/1/20,1780
E07000238,3/1/20,1320
E07000239,3/1/20,1580
E07000240,3/1/20,1470
E07000241,3/1/20,1585
E07000242,3/1/20,1135
E07000243,3/1/20,1435
E07000244,3/1/20,3780
E07000245,3/1/20,2065
E08000001,3/1/20,8570
E08000002,3/1/20,4340
E08000003,3/1/20,17740
E08000004,3/1/20,7470
E08000005,3/1/20,6465
E08000006,3/1/20,7225
E08000007,3/1/20,5225
E08000008,3/1/20,5895
E08000009,3/1/20,3615
E08000010,3/1/20,7980
E08000011,3/1/20,4475
E08000012,3/1/20,16115
E08000013,3/1/20,4300
E08000014,3/1/20,6240
E08000015,3/1/20,7130
E08000016,3/1/20,5180
E08000017,3/1/20,7635
E08000018,3/1/20,6220
E08000019,3/1/20,11825
E08000021,3/1/20,9330
E08000022,3/1/20,4815
E08000023,3/1/20,5790
E08000024,3/1/20,8900
E08000025,3/1/20,49370
E08000026,3/1/20,8000
E08000027,3/1/20,8515
E08000028,3/1/20,10780
E08000029,3/1/20,3650
E08000030,3/1/20,8605
E08000031,3/1/20,10380
E08000032,3/1/20,17090
E08000033,3/1/20,4725
E08000034,3/1/20,10225
E08000035,3/1/20,18120
E08000036,3/1/20,6920
E08000037,3/1/20,5860
E09000001,3/1/20,90
E09000002,3/1/20,5850
E09000003,3/1/20,6690
E09000004,3/1/20,3440
E09000005,3/1/20,7875
E09000006,3/1/20,4280
E09000007,3/1/20,4315
E09000008,3/1/20,10835
E09000009,3/1/20,8165
E09000010,3/1/20,7715
E09000011,3/1/20,6420
E09000012,3/1/20,7590
E09000013,3/1/20,4645
E09000014,3/1/20,7180
E09000015,3/1/20,3435
E09000016,3/1/20,4220
E09000017,3/1/20,4835
E09000018,3/1/20,6690
E09000019,3/1/20,5815
E09000020,3/1/20,2395
E09000021,3/1/20,2260
E09000022,3/1/20,9020
E09000023,3/1/20,8410
E09000024,3/1/20,3690
E09000025,3/1/20,8170
E09000026,3/1/20,5285
E09000027,3/1/20,2205
E09000028,3/1/20,8580
E09000029,3/1/20,3155
E09000030,3/1/20,8315
E09000031,3/1/20,6445
E09000032,3/1/20,5145
E09000033,3/1/20,3800
N09000001,3/1/20,1880
N09000002,3/1/20,2610
N09000003,3/1/20,7435
N09000004,3/1/20,2540
N09000005,3/1/20,4130
N09000006,3/1/20,1495
N09000007,3/1/20,1415
N09000008,3/1/20,2305
N09000009,3/1/20,1575
N09000010,3/1/20,2465
N09000011,3/1/20,2345
S12000005,3/1/20,1350
S12000006,3/1/20,2910
S12000008,3/1/20,3610
S12000010,3/1/20,1720
S12000011,3/1/20,975
S12000013,3/1/20,465
S12000014,3/1/20,3325
S12000017,3/1/20,3660
S12000018,3/1/20,2215
S12000019,3/1/20,1495
S12000020,3/1/20,1575
S12000021,3/1/20,4495
S12000023,3/1/20,200
S12000026,3/1/20,1900
S12000027,3/1/20,265
S12000028,3/1/20,2755
S12000029,3/1/20,7045
S12000030,3/1/20,1530
S12000033,3/1/20,4165
S12000034,3/1/20,2955
S12000035,3/1/20,1510
S12000036,3/1/20,7285
S12000038,3/1/20,4015
S12000039,3/1/20,2885
S12000040,3/1/20,3450
S12000041,3/1/20,2030
S12000042,3/1/20,4435
S12000045,3/1/20,1235
S12000047,3/1/20,8810
S12000048,3/1/20,1860
S12000049,3/1/20,20295
S12000050,3/1/20,8225
W06000001,3/1/20,1335
W06000002,3/1/20,1985
W06000003,3/1/20,2335
W06000004,3/1/20,1970
W06000005,3/1/20,2620
W06000006,3/1/20,2615
W06000008,3/1/20,830
W06000009,3/1/20,2225
W06000010,3/1/20,3045
W06000011,3/1/20,5335
W06000012,3/1/20,3020
W06000013,3/1/20,2635
W06000014,3/1/20,2080
W06000015,3/1/20,8225
W06000016,3/1/20,4785
W06000018,3/1/20,3630
W06000019,3/1/20,1750
W06000020,3/1/20,2035
W06000021,3/1/20,975
W06000022,3/1/20,3990
W06000023,3/1/20,1425
W06000024,3/1/20,1425
E06000001,4/1/20,4940
E06000002,4/1/20,8055
E06000003,4/1/20,5665
E06000004,4/1/20,7850
E06000005,4/1/20,4565
E06000006,4/1/20,5480
E06000007,4/1/20,5975
E06000008,4/1/20,6615
E06000009,4/1/20,9405
E06000010,4/1/20,14605
E06000011,4/1/20,8500
E06000012,4/1/20,6600
E06000013,4/1/20,6000
E06000014,4/1/20,4340
E06000015,4/1/20,8480
E06000016,4/1/20,12825
E06000017,4/1/20,605
E06000018,4/1/20,14275
E06000019,4/1/20,3930
E06000020,4/1/20,6165
E06000021,4/1/20,10540
E06000022,4/1/20,3795
E06000023,4/1/20,14915
E06000024,4/1/20,5070
E06000025,4/1/20,5220
E06000026,4/1/20,9555
E06000027,4/1/20,5485
E06000030,4/1/20,6295
E06000031,4/1/20,6840
E06000032,4/1/20,6925
E06000033,4/1/20,6865
E06000034,4/1/20,5470
E06000035,4/1/20,9310
E06000036,4/1/20,2470
E06000037,4/1/20,2790
E06000038,4/1/20,4610
E06000039,4/1/20,4780
E06000040,4/1/20,2545
E06000041,4/1/20,2245
E06000042,4/1/20,6675
E06000043,4/1/20,10335
E06000044,4/1/20,8090
E06000045,4/1/20,9520
E06000046,4/1/20,4725
E06000047,4/1/20,19915
E06000049,4/1/20,8890
E06000050,4/1/20,10185
E06000051,4/1/20,7265
E06000052,4/1/20,19150
E06000053,4/1/20,80
E06000054,4/1/20,9710
E06000055,4/1/20,5670
E06000056,4/1/20,5665
E06000057,4/1/20,10915
E06000058,4/1/20,11540
E06000059,4/1/20,7625
E06000060,4/1/20,9500
E06000061,4/1/20,10675
E06000062,4/1/20,9675
E06000063,4/1/20,7535
E06000064,4/1/20,5005
E06000065,4/1/20,14225
E06000066,4/1/20,13640
E07000008,4/1/20,2145
E07000009,4/1/20,1325
E07000010,4/1/20,2625
E07000011,4/1/20,3025
E07000012,4/1/20,1915
E07000032,4/1/20,3150
E07000033,4/1/20,2250
E07000034,4/1/20,3250
E07000035,4/1/20,1240
E07000036,4/1/20,3560
E07000037,4/1/20,2395
E07000038,4/1/20,2340
E07000039,4/1/20,2130
E07000040,4/1/20,3180
E07000041,4/1/20,3165
E07000042,4/1/20,1835
E07000043,4/1/20,2895
E07000044,4/1/20,2030
E07000045,4/1/20,3690
E07000046,4/1/20,2030
E07000047,4/1/20,1130
E07000061,4/1/20,3855
E07000062,4/1/20,4405
E07000063,4/1/20,2690
E07000064,4/1/20,2620
E07000065,4/1/20,3105
E07000066,4/1/20,6175
E07000067,4/1/20,4010
E07000068,4/1/20,1635
E07000069,4/1/20,2265
E07000070,4/1/20,3425
E07000071,4/1/20,4985
E07000072,4/1/20,2805
E07000073,4/1/20,3510
E07000074,4/1/20,1215
E07000075,4/1/20,1790
E07000076,4/1/20,6085
E07000077,4/1/20,1340
E07000078,4/1/20,2645
E07000079,4/1/20,1595
E07000080,4/1/20,2145
E07000081,4/1/20,3910
E07000082,4/1/20,1920
E07000083,4/1/20,1930
E07000084,4/1/20,3295
E07000085,4/1/20,2170
E07000086,4/1/20,2540
E07000087,4/1/20,1935
E07000088,4/1/20,2485
E07000089,4/1/20,1135
E07000090,4/1/20,4010
E07000091,4/1/20,3145
E07000092,4/1/20,1920
E07000093,4/1/20,2055
E07000094,4/1/20,2170
E07000095,4/1/20,2545
E07000096,4/1/20,3315
E07000098,4/1/20,2450
E07000099,4/1/20,2675
E07000102,4/1/20,1790
E07000103,4/1/20,2805
E07000105,4/1/20,4000
E07000106,4/1/20,4585
E07000107,4/1/20,3135
E07000108,4/1/20,4360
E07000109,4/1/20,3755
E07000110,4/1/20,4270
E07000111,4/1/20,2185
E07000112,4/1/20,4260
E07000113,4/1/20,5520
E07000114,4/1/20,7310
E07000115,4/1/20,2540
E07000116,4/1/20,2325
E07000117,4/1/20,4055
E07000118,4/1/20,3055
E07000119,4/1/20,2235
E07000120,4/1/20,3565
E07000121,4/1/20,4580
E07000122,4/1/20,3280
E07000123,4/1/20,5330
E07000124,4/1/20,1085
E07000125,4/1/20,2595
E07000126,4/1/20,2625
E07000127,4/1/20,3265
E07000128,4/1/20,3230
E07000129,4/1/20,2035
E07000130,4/1/20,3930
E07000131,4/1/20,1530
E07000132,4/1/20,2795
E07000133,4/1/20,1160
E07000134,4/1/20,2220
E07000135,4/1/20,1195
E07000136,4/1/20,2005
E07000137,4/1/20,4985
E07000138,4/1/20,3880
E07000139,4/1/20,2450
E07000140,4/1/20,2430
E07000141,4/1/20,3750
E07000142,4/1/20,2670
E07000143,4/1/20,3090
E07000144,4/1/20,2275
E07000145,4/1/20,4570
E07000146,4/1/20,3495
E07000147,4/1/20,2320
E07000148,4/1/20,5025
E07000149,4/1/20,2510
E07000170,4/1/20,4375
E07000171,4/1/20,3405
E07000172,4/1/20,2755
E07000173,4/1/20,3025
E07000174,4/1/20,3785
E07000175,4/1/20,2955
E07000176,4/1/20,1895
E07000177,4/1/20,2840
E07000178,4/1/20,3220
E07000179,4/1/20,2235
E07000180,4/1/20,1930
E07000181,4/1/20,1925
E07000192,4/1/20,3000
E07000193,4/1/20,2775
E07000194,4/1/20,2305
E07000195,4/1/20,3260
E07000196,4/1/20,2525
E07000197,4/1/20,2810
E07000198,4/1/20,1765
E07000199,4/1/20,2345
E07000200,4/1/20,2060
E07000202,4/1/20,4850
E07000203,4/1/20,1800
E07000207,4/1/20,1780
E07000208,4/1/20,1145
E07000209,4/1/20,2080
E07000210,4/1/20,1155
E07000211,4/1/20,2455
E07000212,4/1/20,1435
E07000213,4/1/20,1985
E07000214,4/1/20,1255
E07000215,4/1/20,1475
E07000216,4/1/20,1595
E07000217,4/1/20,1570
E07000218,4/1/20,1785
E07000219,4/1/20,4610
E07000220,4/1/20,2740
E07000221,4/1/20,2235
E07000222,4/1/20,2710
E07000223,4/1/20,1635
E07000224,4/1/20,4450
E07000225,4/1/20,2725
E07000226,4/1/20,3500
E07000227,4/1/20,2355
E07000228,4/1/20,2235
E07000229,4/1/20,2930
E07000234,4/1/20,2315
E07000235,4/1/20,1770
E07000236,4/1/20,2600
E07000237,4/1/20,3105
E07000238,4/1/20,2980
E07000239,4/1/20,3010
E07000240,4/1/20,2415
E07000241,4/1/20,2725
E07000242,4/1/20,2485
E07000243,4/1/20,2590
E07000244,4/1/20,6405
E07000245,4/1/20,3805
E08000001,4/1/20,12855
E08000002,4/1/20,7425
E08000003,4/1/20,28665
E08000004,4/1/20,11665
E08000005,4/1/20,10315
E08000006,4/1/20,11850
E08000007,4/1/20,8755
E08000008,4/1/20,9615
E08000009,4/1/20,6590
E08000010,4/1/20,12915
E08000011,4/1/20,7380
E08000012,4/1/20,25535
E08000013,4/1/20,7200
E08000014,4/1/20,10565
E08000015,4/1/20,11605
E08000016,4/1/20,8990
E08000017,4/1/20,12570
E08000018,4/1/20,10290
E08000019,4/1/20,18960
E08000021,4/1/20,14000
E08000022,4/1/20,7680
E08000023,4/1/20,8395
E08000024,4/1/20,13155
E08000025,4/1/20,65925
E08000026,4/1/20,12090
E08000027,4/1/20,12860
E08000028,4/1/20,15125
E08000029,4/1/20,5835
E08000030,4/1/20,12260
E08000031,4/1/20,14720
E08000032,4/1/20,24675
E08000033,4/1/20,7545
E08000034,4/1/20,15615
E08000035,4/1/20,28830
E08000036,4/1/20,11145
E08000037,4/1/20,8970
E09000001,4/1/20,160
E09000002,4/1/20,8315
E09000003,4/1/20,10680
E09000004,4/1/20,6410
E09000005,4/1/20,11970
E09000006,4/1/20,7045
E09000007,4/1/20,7290
E09000008,4/1/20,16790
E09000009,4/1/20,12220
E09000010,4/1/20,12785
E09000011,4/1/20,10385
E09000012,4/1/20,11985
E09000013,4/1/20,6675
E09000014,4/1/20,11715
E09000015,4/1/20,5710
E09000016,4/1/20,8000
E09000017,4/1/20,8020
E09000018,4/1/20,10120
E09000019,4/1/20,8825
E09000020,4/1/20,3680
E09000021,4/1/20,3465
E09000022,4/1/20,13590
E09000023,4/1/20,12815
E09000024,4/1/20,6450
E09000025,4/1/20,12815
E09000026,4/1/20,10485
E09000027,4/1/20,3755
E09000028,4/1/20,13710
E09000029,4/1/20,5330
E09000030,4/1/20,14515
E09000031,4/1/20,12185
E09000032,4/1/20,8275
E09000033,4/1/20,6015
N09000001,4/1/20,3665
N09000002,4/1/20,5175
N09000003,4/1/20,14140
N09000004,4/1/20,4570
N09000005,4/1/20,6170
N09000006,4/1/20,2710
N09000007,4/1/20,3045
N09000008,4/1/20,3690
N09000009,4/1/20,3425
N09000010,4/1/20,5475
N09000011,4/1/20,4365
S12000005,4/1/20,1975
S12000006,4/1/20,4890
S12000008,4/1/20,5405
S12000010,4/1/20,3185
S12000011,4/1/20,1855
S12000013,4/1/20,805
S12000014,4/1/20,5525
S12000017,4/1/20,7080
S12000018,4/1/20,3000
S12000019,4/1/20,2735
S12000020,4/1/20,2545
S12000021,4/1/20,6535
S12000023,4/1/20,380
S12000026,4/1/20,3325
S12000027,4/1/20,430
S12000028,4/1/20,4290
S12000029,4/1/20,11590
S12000030,4/1/20,2795
S12000033,4/1/20,6705
S12000034,4/1/20,5185
S12000035,4/1/20,2815
S12000036,4/1/20,13980
S12000038,4/1/20,6685
S12000039,4/1/20,4450
S12000040,4/1/20,5600
S12000041,4/1/20,3290
S12000042,4/1/20,6430
S12000045,4/1/20,2360
S12000047,4/1/20,13690
S12000048,4/1/20,3575
S12000049,4/1/20,31590
S12000050,4/1/20,13465
W06000001,4/1/20,2310
W06000002,4/1/20,3810
W06000003,4/1/20,4225
W06000004,4/1/20,3395
W06000005,4/1/20,4585
W06000006,4/1/20,4520
W06000008,4/1/20,1730
W06000009,4/1/20,4160
W06000010,4/1/20,5480
W06000011,4/1/20,8425
W06000012,4/1/20,4955
W06000013,4/1/20,4620
W06000014,4/1/20,3865
W06000015,4/1/20,13470
W06000016,4/1/20,8760
W06000018,4/1/20,6240
W06000019,4/1/20,2785
W06000020,4/1/20,3360
W06000021,4/1/20,2035
W06000022,4/1/20,6145
W06000023,4/1/20,2880
W06000024,4/1/20,2480
E06000001,5/1/20,5375
E06000002,5/1/20,8830
E06000003,5/1/20,6180
E06000004,5/1/20,8745
E06000005,5/1/20,4880
E06000006,5/1/20,6030
E06000007,5/1/20,7070
E06000008,5/1/20,7730
E06000009,5/1/20,10435
E06000010,5/1/20,16330
E06000011,5/1/20,9485
E06000012,5/1/20,7105
E06000013,5/1/20,6560
E06000014,5/1/20,5060
E06000015,5/1/20,11725
E06000016,5/1/20,16400
E06000017,5/1/20,805
E06000018,5/1/20,17695
E06000019,5/1/20,5035
E06000020,5/1/20,7140
E06000021,5/1/20,12990
E06000022,5/1/20,5205
E06000023,5/1/20,20150
E06000024,5/1/20,6200
E06000025,5/1/20,7175
E06000026,5/1/20,10910
E06000027,5/1/20,6165
E06000030,5/1/20,8550
E06000031,5/1/20,9605
E06000032,5/1/20,11050
E06000033,5/1/20,8935
E06000034,5/1/20,7975
E06000035,5/1/20,12325
E06000036,5/1/20,3610
E06000037,5/1/20,3950
E06000038,5/1/20,6745
E06000039,5/1/20,7400
E06000040,5/1/20,3965
E06000041,5/1/20,3495
E06000042,5/1/20,10465
E06000043,5/1/20,14080
E06000044,5/1/20,10365
E06000045,5/1/20,11965
E06000046,5/1/20,5550
E06000047,5/1/20,21620
E06000049,5/1/20,10920
E06000050,5/1/20,11625
E06000051,5/1/20,9125
E06000052,5/1/20,21595
E06000053,5/1/20,90
E06000054,5/1/20,12890
E06000055,5/1/20,7320
E06000056,5/1/20,8190
E06000057,5/1/20,11850
E06000058,5/1/20,16040
E06000059,5/1/20,9850
E06000060,5/1/20,15250
E06000061,5/1/20,12965
E06000062,5/1/20,14825
E06000063,5/1/20,8520
E06000064,5/1/20,5955
E06000065,5/1/20,15930
E06000066,5/1/20,16480
E07000008,5/1/20,3450
E07000009,5/1/20,1925
E07000010,5/1/20,3755
E07000011,5/1/20,4610
E07000012,5/1/20,3235
E07000032,5/1/20,3900
E07000033,5/1/20,2670
E07000034,5/1/20,3840
E07000035,5/1/20,1540
E07000036,5/1/20,4205
E07000037,5/1/20,2765
E07000038,5/1/20,2810
E07000039,5/1/20,2910
E07000040,5/1/20,3695
E07000041,5/1/20,3825
E07000042,5/1/20,2175
E07000043,5/1/20,3315
E07000044,5/1/20,2520
E07000045,5/1/20,4070
E07000046,5/1/20,2230
E07000047,5/1/20,1365
E07000061,5/1/20,4725
E07000062,5/1/20,5155
E07000063,5/1/20,3490
E07000064,5/1/20,3075
E07000065,5/1/20,4235
E07000066,5/1/20,8335
E07000067,5/1/20,5070
E07000068,5/1/20,2460
E07000069,5/1/20,3305
E07000070,5/1/20,5385
E07000071,5/1/20,6500
E07000072,5/1/20,4950
E07000073,5/1/20,4695
E07000074,5/1/20,2025
E07000075,5/1/20,2505
E07000076,5/1/20,6685
E07000077,5/1/20,2245
E07000078,5/1/20,3785
E07000079,5/1/20,2235
E07000080,5/1/20,2500
E07000081,5/1/20,4815
E07000082,5/1/20,2910
E07000083,5/1/20,2425
E07000084,5/1/20,4735
E07000085,5/1/20,2945
E07000086,5/1/20,3430
E07000087,5/1/20,2680
E07000088,5/1/20,2930
E07000089,5/1/20,1950
E07000090,5/1/20,4830
E07000091,5/1/20,4435
E07000092,5/1/20,2960
E07000093,5/1/20,2910
E07000094,5/1/20,2800
E07000095,5/1/20,4065
E07000096,5/1/20,5125
E07000098,5/1/20,3715
E07000099,5/1/20,3825
E07000102,5/1/20,2690
E07000103,5/1/20,4110
E07000105,5/1/20,4945
E07000106,5/1/20,5475
E07000107,5/1/20,4170
E07000108,5/1/20,4845
E07000109,5/1/20,4915
E07000110,5/1/20,5745
E07000111,5/1/20,3025
E07000112,5/1/20,4895
E07000113,5/1/20,6370
E07000114,5/1/20,8795
E07000115,5/1/20,3560
E07000116,5/1/20,3315
E07000117,5/1/20,4775
E07000118,5/1/20,3580
E07000119,5/1/20,2715
E07000120,5/1/20,4055
E07000121,5/1/20,5155
E07000122,5/1/20,3950
E07000123,5/1/20,6400
E07000124,5/1/20,1275
E07000125,5/1/20,3030
E07000126,5/1/20,3145
E07000127,5/1/20,3725
E07000128,5/1/20,3890
E07000129,5/1/20,2685
E07000130,5/1/20,4795
E07000131,5/1/20,2135
E07000132,5/1/20,3140
E07000133,5/1/20,1365
E07000134,5/1/20,2730
E07000135,5/1/20,1575
E07000136,5/1/20,2515
E07000137,5/1/20,5665
E07000138,5/1/20,4510
E07000139,5/1/20,2895
E07000140,5/1/20,2845
E07000141,5/1/20,4540
E07000142,5/1/20,2975
E07000143,5/1/20,3830
E07000144,5/1/20,3085
E07000145,5/1/20,4870
E07000146,5/1/20,4705
E07000147,5/1/20,2795
E07000148,5/1/20,6445
E07000149,5/1/20,3365
E07000170,5/1/20,5150
E07000171,5/1/20,3950
E07000172,5/1/20,3400
E07000173,5/1/20,3860
E07000174,5/1/20,4685
E07000175,5/1/20,3775
E07000176,5/1/20,2485
E07000177,5/1/20,3955
E07000178,5/1/20,4570
E07000179,5/1/20,3220
E07000180,5/1/20,2985
E07000181,5/1/20,2625
E07000192,5/1/20,3930
E07000193,5/1/20,3865
E07000194,5/1/20,3065
E07000195,5/1/20,4145
E07000196,5/1/20,3110
E07000197,5/1/20,3660
E07000198,5/1/20,2240
E07000199,5/1/20,3030
E07000200,5/1/20,2620
E07000202,5/1/20,6095
E07000203,5/1/20,2315
E07000207,5/1/20,3075
E07000208,5/1/20,1965
E07000209,5/1/20,3120
E07000210,5/1/20,1910
E07000211,5/1/20,3825
E07000212,5/1/20,2375
E07000213,5/1/20,3240
E07000214,5/1/20,2215
E07000215,5/1/20,2290
E07000216,5/1/20,2525
E07000217,5/1/20,2645
E07000218,5/1/20,2135
E07000219,5/1/20,5370
E07000220,5/1/20,3195
E07000221,5/1/20,3120
E07000222,5/1/20,3715
E07000223,5/1/20,2400
E07000224,5/1/20,5435
E07000225,5/1/20,3540
E07000226,5/1/20,5200
E07000227,5/1/20,3460
E07000228,5/1/20,3430
E07000229,5/1/20,4040
E07000234,5/1/20,2730
E07000235,5/1/20,2160
E07000236,5/1/20,3440
E07000237,5/1/20,3840
E07000238,5/1/20,3660
E07000239,5/1/20,3665
E07000240,5/1/20,3750
E07000241,5/1/20,3720
E07000242,5/1/20,3980
E07000243,5/1/20,3575
E07000244,5/1/20,7365
E07000245,5/1/20,4715
E08000001,5/1/20,15015
E08000002,5/1/20,8465
E08000003,5/1/20,33745
E08000004,5/1/20,13540
E08000005,5/1/20,12000
E08000006,5/1/20,13980
E08000007,5/1/20,10935
E08000008,5/1/20,11250
E08000009,5/1/20,7745
E08000010,5/1/20,14665
E08000011,5/1/20,8415
E08000012,5/1/20,29575
E08000013,5/1/20,8060
E08000014,5/1/20,11945
E08000015,5/1/20,13175
E08000016,5/1/20,10425
E08000017,5/1/20,14520
E08000018,5/1/20,11855
E08000019,5/1/20,22875
E08000021,5/1/20,15335
E08000022,5/1/20,8310
E08000023,5/1/20,8815
E08000024,5/1/20,14405
E08000025,5/1/20,77630
E08000026,5/1/20,15650
E08000027,5/1/20,14635
E08000028,5/1/20,18445
E08000029,5/1/20,7400
E08000030,5/1/20,15070
E08000031,5/1/20,16780
E08000032,5/1/20,29865
E08000033,5/1/20,8910
E08000034,5/1/20,18750
E08000035,5/1/20,35050
E08000036,5/1/20,13660
E08000037,5/1/20,9600
E09000001,5/1/20,235
E09000002,5/1/20,13500
E09000003,5/1/20,17500
E09000004,5/1/20,9155
E09000005,5/1/20,20395
E09000006,5/1/20,11425
E09000007,5/1/20,10200
E09000008,5/1/20,21860
E09000009,5/1/20,19845
E09000010,5/1/20,18275
E09000011,5/1/20,15155
E09000012,5/1/20,17585
E09000013,5/1/20,10065
E09000014,5/1/20,19015
E09000015,5/1/20,10360
E09000016,5/1/20,10760
E09000017,5/1/20,13110
E09000018,5/1/20,15040
E09000019,5/1/20,12505
E09000020,5/1/20,5650
E09000021,5/1/20,5860
E09000022,5/1/20,19885
E09000023,5/1/20,19010
E09000024,5/1/20,9580
E09000025,5/1/20,23030
E09000026,5/1/20,15095
E09000027,5/1/20,5545
E09000028,5/1/20,18530
E09000029,5/1/20,7550
E09000030,5/1/20,18950
E09000031,5/1/20,17435
E09000032,5/1/20,13370
E09000033,5/1/20,9185
N09000001,5/1/20,4045
N09000002,5/1/20,6285
N09000003,5/1/20,14795
N09000004,5/1/20,5255
N09000005,5/1/20,7080
N09000006,5/1/20,3215
N09000007,5/1/20,3405
N09000008,5/1/20,4235
N09000009,5/1/20,4120
N09000010,5/1/20,6600
N09000011,5/1/20,4820
S12000005,5/1/20,2165
S12000006,5/1/20,5115
S12000008,5/1/20,5945
S12000010,5/1/20,3680
S12000011,5/1/20,2310
S12000013,5/1/20,870
S12000014,5/1/20,6245
S12000017,5/1/20,8335
S12000018,5/1/20,3200
S12000019,5/1/20,3160
S12000020,5/1/20,2915
S12000021,5/1/20,7025
S12000023,5/1/20,415
S12000026,5/1/20,3735
S12000027,5/1/20,480
S12000028,5/1/20,4615
S12000029,5/1/20,13250
S12000030,5/1/20,3100
S12000033,5/1/20,7835
S12000034,5/1/20,5960
S12000035,5/1/20,3290
S12000036,5/1/20,17775
S12000038,5/1/20,7530
S12000039,5/1/20,4770
S12000040,5/1/20,6645
S12000041,5/1/20,3755
S12000042,5/1/20,7060
S12000045,5/1/20,2765
S12000047,5/1/20,15050
S12000048,5/1/20,4325
S12000049,5/1/20,36010
S12000050,5/1/20,15225
W06000001,5/1/20,2615
W06000002,5/1/20,4305
W06000003,5/1/20,4655
W06000004,5/1/20,3765
W06000005,5/1/20,5245
W06000006,5/1/20,5140
W06000008,5/1/20,2010
W06000009,5/1/20,4480
W06000010,5/1/20,6135
W06000011,5/1/20,9300
W06000012,5/1/20,5380
W06000013,5/1/20,5230
W06000014,5/1/20,4350
W06000015,5/1/20,15660
W06000016,5/1/20,10010
W06000018,5/1/20,7000
W06000019,5/1/20,3135
W06000020,5/1/20,3755
W06000021,5/1/20,2345
W06000022,5/1/20,7190
W06000023,5/1/20,3635
W06000024,5/1/20,2745
E06000001,6/1/20,5255
E06000002,6/1/20,8905
E06000003,6/1/20,6010
E06000004,6/1/20,8620
E06000005,6/1/20,4735
E06000006,6/1/20,5855
E06000007,6/1/20,6740
E06000008,6/1/20,7670
E06000009,6/1/20,10310
E06000010,6/1/20,16145
E06000011,6/1/20,9145
E06000012,6/1/20,7085
E06000013,6/1/20,6305
E06000014,6/1/20,4760
E06000015,6/1/20,11920
E06000016,6/1/20,16575
E06000017,6/1/20,785
E06000018,6/1/20,17670
E06000019,6/1/20,4730
E06000020,6/1/20,6920
E06000021,6/1/20,12795
E06000022,6/1/20,4975
E06000023,6/1/20,19655
E06000024,6/1/20,5870
E06000025,6/1/20,6770
E06000026,6/1/20,10390
E06000027,6/1/20,5845
E06000030,6/1/20,8145
E06000031,6/1/20,9490
E06000032,6/1/20,11075
E06000033,6/1/20,8560
E06000034,6/1/20,7565
E06000035,6/1/20,11525
E06000036,6/1/20,3355
E06000037,6/1/20,3765
E06000038,6/1/20,6700
E06000039,6/1/20,7320
E06000040,6/1/20,3850
E06000041,6/1/20,3340
E06000042,6/1/20,10380
E06000043,6/1/20,13285
E06000044,6/1/20,9840
E06000045,6/1/20,11480
E06000046,6/1/20,5260
E06000047,6/1/20,21365
E06000049,6/1/20,10490
E06000050,6/1/20,11130
E06000051,6/1/20,8685
E06000052,6/1/20,19920
E06000053,6/1/20,75
E06000054,6/1/20,12145
E06000055,6/1/20,7115
E06000056,6/1/20,7575
E06000057,6/1/20,11265
E06000058,6/1/20,15165
E06000059,6/1/20,9235
E06000060,6/1/20,14605
E06000061,6/1/20,12545
E06000062,6/1/20,14360
E06000063,6/1/20,8220
E06000064,6/1/20,5685
E06000065,6/1/20,15040
E06000066,6/1/20,15880
E07000008,6/1/20,3410
E07000009,6/1/20,1750
E07000010,6/1/20,3565
E07000011,6/1/20,4420
E07000012,6/1/20,3125
E07000032,6/1/20,3730
E07000033,6/1/20,2555
E07000034,6/1/20,3755
E07000035,6/1/20,1435
E07000036,6/1/20,3990
E07000037,6/1/20,2600
E07000038,6/1/20,2640
E07000039,6/1/20,2730
E07000040,6/1/20,3425
E07000041,6/1/20,3635
E07000042,6/1/20,1915
E07000043,6/1/20,3165
E07000044,6/1/20,2330
E07000045,6/1/20,3765
E07000046,6/1/20,2070
E07000047,6/1/20,1265
E07000061,6/1/20,4480
E07000062,6/1/20,4830
E07000063,6/1/20,3190
E07000064,6/1/20,2855
E07000065,6/1/20,3830
E07000066,6/1/20,7780
E07000067,6/1/20,4640
E07000068,6/1/20,2290
E07000069,6/1/20,2955
E07000070,6/1/20,5205
E07000071,6/1/20,6110
E07000072,6/1/20,4585
E07000073,6/1/20,4360
E07000074,6/1/20,1845
E07000075,6/1/20,2365
E07000076,6/1/20,6265
E07000077,6/1/20,2075
E07000078,6/1/20,3660
E07000079,6/1/20,2035
E07000080,6/1/20,2400
E07000081,6/1/20,4735
E07000082,6/1/20,2815
E07000083,6/1/20,2255
E07000084,6/1/20,4480
E07000085,6/1/20,2725
E07000086,6/1/20,3145
E07000087,6/1/20,2445
E07000088,6/1/20,2720
E07000089,6/1/20,1790
E07000090,6/1/20,4410
E07000091,6/1/20,4065
E07000092,6/1/20,2875
E07000093,6/1/20,2700
E07000094,6/1/20,2665
E07000095,6/1/20,3770
E07000096,6/1/20,4840
E07000098,6/1/20,3515
E07000099,6/1/20,3590
E07000102,6/1/20,2575
E07000103,6/1/20,3980
E07000105,6/1/20,4650
E07000106,6/1/20,5180
E07000107,6/1/20,3895
E07000108,6/1/20,4650
E07000109,6/1/20,4745
E07000110,6/1/20,5340
E07000111,6/1/20,2795
E07000112,6/1/20,4650
E07000113,6/1/20,6065
E07000114,6/1/20,8290
E07000115,6/1/20,3290
E07000116,6/1/20,3040
E07000117,6/1/20,4750
E07000118,6/1/20,3395
E07000119,6/1/20,2560
E07000120,6/1/20,3930
E07000121,6/1/20,5000
E07000122,6/1/20,3885
E07000123,6/1/20,6185
E07000124,6/1/20,1195
E07000125,6/1/20,2885
E07000126,6/1/20,2990
E07000127,6/1/20,3575
E07000128,6/1/20,3745
E07000129,6/1/20,2530
E07000130,6/1/20,4535
E07000131,6/1/20,2005
E07000132,6/1/20,2920
E07000133,6/1/20,1295
E07000134,6/1/20,2605
E07000135,6/1/20,1565
E07000136,6/1/20,2565
E07000137,6/1/20,5495
E07000138,6/1/20,4340
E07000139,6/1/20,2705
E07000140,6/1/20,2745
E07000141,6/1/20,4325
E07000142,6/1/20,2860
E07000143,6/1/20,3540
E07000144,6/1/20,2830
E07000145,6/1/20,4870
E07000146,6/1/20,4420
E07000147,6/1/20,2580
E07000148,6/1/20,6115
E07000149,6/1/20,3090
E07000170,6/1/20,4930
E07000171,6/1/20,3690
E07000172,6/1/20,3245
E07000173,6/1/20,3645
E07000174,6/1/20,4495
E07000175,6/1/20,3710
E07000176,6/1/20,2380
E07000177,6/1/20,3870
E07000178,6/1/20,4510
E07000179,6/1/20,3025
E07000180,6/1/20,2795
E07000181,6/1/20,2500
E07000192,6/1/20,3590
E07000193,6/1/20,3905
E07000194,6/1/20,2945
E07000195,6/1/20,3910
E07000196,6/1/20,3000
E07000197,6/1/20,3495
E07000198,6/1/20,2090
E07000199,6/1/20,2820
E07000200,6/1/20,2425
E07000202,6/1/20,6060
E07000203,6/1/20,2210
E07000207,6/1/20,3040
E07000208,6/1/20,1850
E07000209,6/1/20,2975
E07000210,6/1/20,1785
E07000211,6/1/20,3615
E07000212,6/1/20,2305
E07000213,6/1/20,3125
E07000214,6/1/20,2095
E07000215,6/1/20,2200
E07000216,6/1/20,2370
E07000217,6/1/20,2585
E07000218,6/1/20,1980
E07000219,6/1/20,5185
E07000220,6/1/20,3135
E07000221,6/1/20,2955
E07000222,6/1/20,3560
E07000223,6/1/20,2185
E07000224,6/1/20,4885
E07000225,6/1/20,3305
E07000226,6/1/20,5035
E07000227,6/1/20,3145
E07000228,6/1/20,3135
E07000229,6/1/20,3745
E07000234,6/1/20,2575
E07000235,6/1/20,2120
E07000236,6/1/20,3235
E07000237,6/1/20,3695
E07000238,6/1/20,3390
E07000239,6/1/20,3495
E07000240,6/1/20,3595
E07000241,6/1/20,3565
E07000242,6/1/20,3630
E07000243,6/1/20,3290
E07000244,6/1/20,6960
E07000245,6/1/20,4445
E08000001,6/1/20,14615
E08000002,6/1/20,8190
E08000003,6/1/20,33740
E08000004,6/1/20,13485
E08000005,6/1/20,11935
E08000006,6/1/20,13825
E08000007,6/1/20,10465
E08000008,6/1/20,11095
E08000009,6/1/20,7520
E08000010,6/1/20,14000
E08000011,6/1/20,8120
E08000012,6/1/20,28990
E08000013,6/1/20,7680
E08000014,6/1/20,11620
E08000015,6/1/20,12770
E08000016,6/1/20,9925
E08000017,6/1/20,14110
E08000018,6/1/20,11340
E08000019,6/1/20,22515
E08000021,6/1/20,15185
E08000022,6/1/20,8120
E08000023,6/1/20,8670
E08000024,6/1/20,14235
E08000025,6/1/20,77930
E08000026,6/1/20,15825
E08000027,6/1/20,14035
E08000028,6/1/20,18400
E08000029,6/1/20,7215
E08000030,6/1/20,14835
E08000031,6/1/20,16745
E08000032,6/1/20,30130
E08000033,6/1/20,8720
E08000034,6/1/20,18130
E08000035,6/1/20,35250
E08000036,6/1/20,13135
E08000037,6/1/20,9535
E09000001,6/1/20,220
E09000002,6/1/20,13165
E09000003,6/1/20,17355
E09000004,6/1/20,8605
E09000005,6/1/20,21135
E09000006,6/1/20,11005
E09000007,6/1/20,10305
E09000008,6/1/20,21520
E09000009,6/1/20,20195
E09000010,6/1/20,18225
E09000011,6/1/20,15010
E09000012,6/1/20,17255
E09000013,6/1/20,10110
E09000014,6/1/20,18845
E09000015,6/1/20,10630
E09000016,6/1/20,9990
E09000017,6/1/20,13015
E09000018,6/1/20,14980
E09000019,6/1/20,12475
E09000020,6/1/20,5775
E09000021,6/1/20,5725
E09000022,6/1/20,19865
E09000023,6/1/20,18720
E09000024,6/1/20,9415
E09000025,6/1/20,23330
E09000026,6/1/20,15040
E09000027,6/1/20,5515
E09000028,6/1/20,18525
E09000029,6/1/20,7005
E09000030,6/1/20,18975
E09000031,6/1/20,16920
E09000032,6/1/20,13310
E09000033,6/1/20,9345
N09000001,6/1/20,3880
N09000002,6/1/20,6090
N09000003,6/1/20,14555
N09000004,6/1/20,5005
N09000005,6/1/20,6985
N09000006,6/1/20,3110
N09000007,6/1/20,3310
N09000008,6/1/20,4105
N09000009,6/1/20,4005
N09000010,6/1/20,6245
N09000011,6/1/20,4630
S12000005,6/1/20,2135
S12000006,6/1/20,4945
S12000008,6/1/20,5965
S12000010,6/1/20,3495
S12000011,6/1/20,2265
S12000013,6/1/20,830
S12000014,6/1/20,6080
S12000017,6/1/20,8200
S12000018,6/1/20,3130
S12000019,6/1/20,2995
S12000020,6/1/20,2905
S12000021,6/1/20,7090
S12000023,6/1/20,380
S12000026,6/1/20,3610
S12000027,6/1/20,490
S12000028,6/1/20,4630
S12000029,6/1/20,12940
S12000030,6/1/20,3040
S12000033,6/1/20,8200
S12000034,6/1/20,6035
S12000035,6/1/20,3180
S12000036,6/1/20,17635
S12000038,6/1/20,7480
S12000039,6/1/20,4775
S12000040,6/1/20,6405
S12000041,6/1/20,3790
S12000042,6/1/20,7130
S12000045,6/1/20,2690
S12000047,6/1/20,14955
S12000048,6/1/20,4360
S12000049,6/1/20,36220
S12000050,6/1/20,15045
W06000001,6/1/20,2535
W06000002,6/1/20,4215
W06000003,6/1/20,4620
W06000004,6/1/20,3610
W06000005,6/1/20,5065
W06000006,6/1/20,4920
W06000008,6/1/20,1890
W06000009,6/1/20,4330
W06000010,6/1/20,5940
W06000011,6/1/20,8995
W06000012,6/1/20,5215
W06000013,6/1/20,5055
W06000014,6/1/20,4250
W06000015,6/1/20,15440
W06000016,6/1/20,9555
W06000018,6/1/20,6790
W06000019,6/1/20,3115
W06000020,6/1/20,3600
W06000021,6/1/20,2260
W06000022,6/1/20,7140
W06000023,6/1/20,3460
W06000024,6/1/20,2630
E06000001,7/1/20,5315
E06000002,7/1/20,9015
E06000003,7/1/20,6020
E06000004,7/1/20,8645
E06000005,7/1/20,4585
E06000006,7/1/20,5875
E06000007,7/1/20,6780
E06000008,7/1/20,7645
E06000009,7/1/20,10375
E06000010,7/1/20,16245
E06000011,7/1/20,9170
E06000012,7/1/20,7175
E06000013,7/1/20,6325
E06000014,7/1/20,4895
E06000015,7/1/20,11890
E06000016,7/1/20,17070
E06000017,7/1/20,800
E06000018,7/1/20,17970
E06000019,7/1/20,4855
E06000020,7/1/20,7035
E06000021,7/1/20,12820
E06000022,7/1/20,5130
E06000023,7/1/20,20185
E06000024,7/1/20,6070
E06000025,7/1/20,6815
E06000026,7/1/20,10705
E06000027,7/1/20,5955
E06000030,7/1/20,8230
E06000031,7/1/20,9590
E06000032,7/1/20,11285
E06000033,7/1/20,8880
E06000034,7/1/20,7685
E06000035,7/1/20,11885
E06000036,7/1/20,3495
E06000037,7/1/20,3885
E06000038,7/1/20,6795
E06000039,7/1/20,7585
E06000040,7/1/20,4090
E06000041,7/1/20,3445
E06000042,7/1/20,10625
E06000043,7/1/20,13855
E06000044,7/1/20,10060
E06000045,7/1/20,11735
E06000046,7/1/20,5365
E06000047,7/1/20,21265
E06000049,7/1/20,10700
E06000050,7/1/20,11305
E06000051,7/1/20,8910
E06000052,7/1/20,20160
E06000053,7/1/20,65
E06000054,7/1/20,12420
E06000055,7/1/20,7285
E06000056,7/1/20,7705
E06000057,7/1/20,11330
E06000058,7/1/20,15400
E06000059,7/1/20,9435
E06000060,7/1/20,15030
E06000061,7/1/20,12490
E06000062,7/1/20,14540
E06000063,7/1/20,8300
E06000064,7/1/20,5705
E06000065,7/1/20,15340
E06000066,7/1/20,16360
E07000008,7/1/20,3500
E07000009,7/1/20,1835
E07000010,7/1/20,3600
E07000011,7/1/20,4495
E07000012,7/1/20,3240
E07000032,7/1/20,3695
E07000033,7/1/20,2600
E07000034,7/1/20,3780
E07000035,7/1/20,1450
E07000036,7/1/20,4035
E07000037,7/1/20,2680
E07000038,7/1/20,2675
E07000039,7/1/20,2730
E07000040,7/1/20,3510
E07000041,7/1/20,3710
E07000042,7/1/20,1985
E07000043,7/1/20,3205
E07000044,7/1/20,2390
E07000045,7/1/20,3790
E07000046,7/1/20,2080
E07000047,7/1/20,1340
E07000061,7/1/20,4550
E07000062,7/1/20,4965
E07000063,7/1/20,3280
E07000064,7/1/20,2950
E07000065,7/1/20,3985
E07000066,7/1/20,7960
E07000067,7/1/20,4835
E07000068,7/1/20,2355
E07000069,7/1/20,3005
E07000070,7/1/20,5330
E07000071,7/1/20,6260
E07000072,7/1/20,4700
E07000073,7/1/20,4410
E07000074,7/1/20,1890
E07000075,7/1/20,2390
E07000076,7/1/20,6420
E07000077,7/1/20,2130
E07000078,7/1/20,3855
E07000079,7/1/20,2120
E07000080,7/1/20,2470
E07000081,7/1/20,4910
E07000082,7/1/20,2855
E07000083,7/1/20,2325
E07000084,7/1/20,4680
E07000085,7/1/20,2750
E07000086,7/1/20,3225
E07000087,7/1/20,2525
E07000088,7/1/20,2810
E07000089,7/1/20,1855
E07000090,7/1/20,4540
E07000091,7/1/20,4145
E07000092,7/1/20,2960
E07000093,7/1/20,2795
E07000094,7/1/20,2740
E07000095,7/1/20,3925
E07000096,7/1/20,4990
E07000098,7/1/20,3585
E07000099,7/1/20,3710
E07000102,7/1/20,2675
E07000103,7/1/20,4120
E07000105,7/1/20,4770
E07000106,7/1/20,5395
E07000107,7/1/20,4010
E07000108,7/1/20,4710
E07000109,7/1/20,4780
E07000110,7/1/20,5410
E07000111,7/1/20,2890
E07000112,7/1/20,4800
E07000113,7/1/20,6070
E07000114,7/1/20,8500
E07000115,7/1/20,3400
E07000116,7/1/20,3185
E07000117,7/1/20,4785
E07000118,7/1/20,3380
E07000119,7/1/20,2610
E07000120,7/1/20,4005
E07000121,7/1/20,5080
E07000122,7/1/20,3925
E07000123,7/1/20,6375
E07000124,7/1/20,1205
E07000125,7/1/20,2975
E07000126,7/1/20,2975
E07000127,7/1/20,3660
E07000128,7/1/20,3765
E07000129,7/1/20,2610
E07000130,7/1/20,4740
E07000131,7/1/20,2125
E07000132,7/1/20,3030
E07000133,7/1/20,1310
E07000134,7/1/20,2660
E07000135,7/1/20,1615
E07000136,7/1/20,2565
E07000137,7/1/20,5560
E07000138,7/1/20,4410
E07000139,7/1/20,2815
E07000140,7/1/20,2795
E07000141,7/1/20,4460
E07000142,7/1/20,2915
E07000143,7/1/20,3635
E07000144,7/1/20,2970
E07000145,7/1/20,4875
E07000146,7/1/20,4480
E07000147,7/1/20,2630
E07000148,7/1/20,6470
E07000149,7/1/20,3250
E07000170,7/1/20,4970
E07000171,7/1/20,3770
E07000172,7/1/20,3285
E07000173,7/1/20,3725
E07000174,7/1/20,4470
E07000175,7/1/20,3705
E07000176,7/1/20,2410
E07000177,7/1/20,3890
E07000178,7/1/20,4690
E07000179,7/1/20,3085
E07000180,7/1/20,2865
E07000181,7/1/20,2620
E07000192,7/1/20,3605
E07000193,7/1/20,3865
E07000194,7/1/20,3020
E07000195,7/1/20,3955
E07000196,7/1/20,3065
E07000197,7/1/20,3550
E07000198,7/1/20,2155
E07000199,7/1/20,2900
E07000200,7/1/20,2505
E07000202,7/1/20,6160
E07000203,7/1/20,2280
E07000207,7/1/20,3130
E07000208,7/1/20,1865
E07000209,7/1/20,3110
E07000210,7/1/20,1835
E07000211,7/1/20,3710
E07000212,7/1/20,2350
E07000213,7/1/20,3230
E07000214,7/1/20,2165
E07000215,7/1/20,2300
E07000216,7/1/20,2440
E07000217,7/1/20,2710
E07000218,7/1/20,2030
E07000219,7/1/20,5300
E07000220,7/1/20,3205
E07000221,7/1/20,3030
E07000222,7/1/20,3705
E07000223,7/1/20,2240
E07000224,7/1/20,5030
E07000225,7/1/20,3435
E07000226,7/1/20,5115
E07000227,7/1/20,3395
E07000228,7/1/20,3195
E07000229,7/1/20,3860
E07000234,7/1/20,2670
E07000235,7/1/20,2150
E07000236,7/1/20,3220
E07000237,7/1/20,3770
E07000238,7/1/20,3475
E07000239,7/1/20,3550
E07000240,7/1/20,3675
E07000241,7/1/20,3635
E07000242,7/1/20,3690
E07000243,7/1/20,3365
E07000244,7/1/20,7080
E07000245,7/1/20,4505
E08000001,7/1/20,14850
E08000002,7/1/20,8245
E08000003,7/1/20,34255
E08000004,7/1/20,13670
E08000005,7/1/20,11830
E08000006,7/1/20,14010
E08000007,7/1/20,10625
E08000008,7/1/20,11195
E08000009,7/1/20,7750
E08000010,7/1/20,14225
E08000011,7/1/20,8105
E08000012,7/1/20,29235
E08000013,7/1/20,7620
E08000014,7/1/20,11715
E08000015,7/1/20,12805
E08000016,7/1/20,9975
E08000017,7/1/20,14335
E08000018,7/1/20,11625
E08000019,7/1/20,22905
E08000021,7/1/20,15465
E08000022,7/1/20,8215
E08000023,7/1/20,8790
E08000024,7/1/20,14310
E08000025,7/1/20,79265
E08000026,7/1/20,16090
E08000027,7/1/20,14310
E08000028,7/1/20,18705
E08000029,7/1/20,7405
E08000030,7/1/20,14970
E08000031,7/1/20,16810
E08000032,7/1/20,30425
E08000033,7/1/20,9025
E08000034,7/1/20,18460
E08000035,7/1/20,35790
E08000036,7/1/20,13285
E08000037,7/1/20,9700
E09000001,7/1/20,250
E09000002,7/1/20,13530
E09000003,7/1/20,17750
E09000004,7/1/20,8855
E09000005,7/1/20,21330
E09000006,7/1/20,11375
E09000007,7/1/20,10545
E09000008,7/1/20,21855
E09000009,7/1/20,20490
E09000010,7/1/20,18330
E09000011,7/1/20,15405
E09000012,7/1/20,17925
E09000013,7/1/20,10235
E09000014,7/1/20,18980
E09000015,7/1/20,10620
E09000016,7/1/20,10220
E09000017,7/1/20,13410
E09000018,7/1/20,15325
E09000019,7/1/20,12730
E09000020,7/1/20,5880
E09000021,7/1/20,5935
E09000022,7/1/20,20350
E09000023,7/1/20,19105
E09000024,7/1/20,9610
E09000025,7/1/20,23515
E09000026,7/1/20,15270
E09000027,7/1/20,5730
E09000028,7/1/20,19075
E09000029,7/1/20,7230
E09000030,7/1/20,19565
E09000031,7/1/20,17330
E09000032,7/1/20,13575
E09000033,7/1/20,9620
N09000001,7/1/20,3835
N09000002,7/1/20,6095
N09000003,7/1/20,14565
N09000004,7/1/20,4935
N09000005,7/1/20,7005
N09000006,7/1/20,3105
N09000007,7/1/20,3370
N09000008,7/1/20,4070
N09000009,7/1/20,4095
N09000010,7/1/20,6250
N09000011,7/1/20,4585
S12000005,7/1/20,2210
S12000006,7/1/20,5040
S12000008,7/1/20,6145
S12000010,7/1/20,3620
S12000011,7/1/20,2415
S12000013,7/1/20,870
S12000014,7/1/20,6335
S12000017,7/1/20,8430
S12000018,7/1/20,3275
S12000019,7/1/20,3060
S12000020,7/1/20,3000
S12000021,7/1/20,7290
S12000023,7/1/20,400
S12000026,7/1/20,3835
S12000027,7/1/20,525
S12000028,7/1/20,4845
S12000029,7/1/20,13345
S12000030,7/1/20,3125
S12000033,7/1/20,8785
S12000034,7/1/20,6440
S12000035,7/1/20,3245
S12000036,7/1/20,18290
S12000038,7/1/20,7765
S12000039,7/1/20,4865
S12000040,7/1/20,6800
S12000041,7/1/20,3960
S12000042,7/1/20,7395
S12000045,7/1/20,2885
S12000047,7/1/20,15730
S12000048,7/1/20,4555
S12000049,7/1/20,37590
S12000050,7/1/20,15720
W06000001,7/1/20,2630
W06000002,7/1/20,4365
W06000003,7/1/20,4740
W06000004,7/1/20,3780
W06000005,7/1/20,5190
W06000006,7/1/20,5055
W06000008,7/1/20,2030
W06000009,7/1/20,4490
W06000010,7/1/20,6155
W06000011,7/1/20,9225
W06000012,7/1/20,5285
W06000013,7/1/20,5200
W06000014,7/1/20,4405
W06000015,7/1/20,16005
W06000016,7/1/20,9665
W06000018,7/1/20,7005
W06000019,7/1/20,3140
W06000020,7/1/20,3720
W06000021,7/1/20,2320
W06000022,7/1/20,7290
W06000023,7/1/20,3585
W06000024,7/1/20,2705
E06000001,8/1/20,5275
E06000002,8/1/20,9070
E06000003,8/1/20,6080
E06000004,8/1/20,8730
E06000005,8/1/20,4600
E06000006,8/1/20,5830
E06000007,8/1/20,6945
E06000008,8/1/20,7585
E06000009,8/1/20,10265
E06000010,8/1/20,16245
E06000011,8/1/20,9275
E06000012,8/1/20,7160
E06000013,8/1/20,6345
E06000014,8/1/20,5080
E06000015,8/1/20,12020
E06000016,8/1/20,17405
E06000017,8/1/20,825
E06000018,8/1/20,18005
E06000019,8/1/20,5020
E06000020,8/1/20,7225
E06000021,8/1/20,12990
E06000022,8/1/20,5345
E06000023,8/1/20,20595
E06000024,8/1/20,6090
E06000025,8/1/20,7180
E06000026,8/1/20,10895
E06000027,8/1/20,5985
E06000030,8/1/20,8385
E06000031,8/1/20,9665
E06000032,8/1/20,11520
E06000033,8/1/20,8980
E06000034,8/1/20,7910
E06000035,8/1/20,12250
E06000036,8/1/20,3585
E06000037,8/1/20,3995
E06000038,8/1/20,6945
E06000039,8/1/20,7810
E06000040,8/1/20,4200
E06000041,8/1/20,3685
E06000042,8/1/20,10930
E06000043,8/1/20,14210
E06000044,8/1/20,10315
E06000045,8/1/20,11895
E06000046,8/1/20,5245
E06000047,8/1/20,21600
E06000049,8/1/20,10965
E06000050,8/1/20,11460
E06000051,8/1/20,9025
E06000052,8/1/20,20095
E06000053,8/1/20,60
E06000054,8/1/20,12665
E06000055,8/1/20,7355
E06000056,8/1/20,8005
E06000057,8/1/20,11475
E06000058,8/1/20,15650
E06000059,8/1/20,9505
E06000060,8/1/20,15660
E06000061,8/1/20,12540
E06000062,8/1/20,14735
E06000063,8/1/20,8265
E06000064,8/1/20,5550
E06000065,8/1/20,15400
E06000066,8/1/20,16935
E07000008,8/1/20,3695
E07000009,8/1/20,1980
E07000010,8/1/20,3610
E07000011,8/1/20,4655
E07000012,8/1/20,3325
E07000032,8/1/20,3770
E07000033,8/1/20,2565
E07000034,8/1/20,3790
E07000035,8/1/20,1460
E07000036,8/1/20,4080
E07000037,8/1/20,2760
E07000038,8/1/20,2690
E07000039,8/1/20,2840
E07000040,8/1/20,3580
E07000041,8/1/20,3820
E07000042,8/1/20,2045
E07000043,8/1/20,3200
E07000044,8/1/20,2385
E07000045,8/1/20,3840
E07000046,8/1/20,2130
E07000047,8/1/20,1370
E07000061,8/1/20,4630
E07000062,8/1/20,5120
E07000063,8/1/20,3425
E07000064,8/1/20,2990
E07000065,8/1/20,4075
E07000066,8/1/20,8255
E07000067,8/1/20,5050
E07000068,8/1/20,2460
E07000069,8/1/20,3065
E07000070,8/1/20,5415
E07000071,8/1/20,6405
E07000072,8/1/20,4985
E07000073,8/1/20,4490
E07000074,8/1/20,1950
E07000075,8/1/20,2440
E07000076,8/1/20,6545
E07000077,8/1/20,2235
E07000078,8/1/20,3955
E07000079,8/1/20,2195
E07000080,8/1/20,2565
E07000081,8/1/20,5040
E07000082,8/1/20,2995
E07000083,8/1/20,2405
E07000084,8/1/20,4805
E07000085,8/1/20,2945
E07000086,8/1/20,3250
E07000087,8/1/20,2640
E07000088,8/1/20,2845
E07000089,8/1/20,1950
E07000090,8/1/20,4660
E07000091,8/1/20,4245
E07000092,8/1/20,3050
E07000093,8/1/20,2890
E07000094,8/1/20,2725
E07000095,8/1/20,4050
E07000096,8/1/20,5045
E07000098,8/1/20,3680
E07000099,8/1/20,3790
E07000102,8/1/20,2785
E07000103,8/1/20,4250
E07000105,8/1/20,4930
E07000106,8/1/20,5475
E07000107,8/1/20,4060
E07000108,8/1/20,4755
E07000109,8/1/20,4895
E07000110,8/1/20,5555
E07000111,8/1/20,2985
E07000112,8/1/20,4950
E07000113,8/1/20,6130
E07000114,8/1/20,8630
E07000115,8/1/20,3480
E07000116,8/1/20,3325
E07000117,8/1/20,4780
E07000118,8/1/20,3370
E07000119,8/1/20,2595
E07000120,8/1/20,4035
E07000121,8/1/20,5045
E07000122,8/1/20,3960
E07000123,8/1/20,6380
E07000124,8/1/20,1230
E07000125,8/1/20,2965
E07000126,8/1/20,3000
E07000127,8/1/20,3725
E07000128,8/1/20,3810
E07000129,8/1/20,2735
E07000130,8/1/20,4830
E07000131,8/1/20,2155
E07000132,8/1/20,3165
E07000133,8/1/20,1310
E07000134,8/1/20,2760
E07000135,8/1/20,1660
E07000136,8/1/20,2610
E07000137,8/1/20,5220
E07000138,8/1/20,4505
E07000139,8/1/20,2825
E07000140,8/1/20,2875
E07000141,8/1/20,4505
E07000142,8/1/20,2990
E07000143,8/1/20,3575
E07000144,8/1/20,3035
E07000145,8/1/20,4785
E07000146,8/1/20,4460
E07000147,8/1/20,2630
E07000148,8/1/20,6470
E07000149,8/1/20,3295
E07000170,8/1/20,4975
E07000171,8/1/20,3835
E07000172,8/1/20,3415
E07000173,8/1/20,3820
E07000174,8/1/20,4390
E07000175,8/1/20,3700
E07000176,8/1/20,2450
E07000177,8/1/20,3940
E07000178,8/1/20,4755
E07000179,8/1/20,3175
E07000180,8/1/20,2960
E07000181,8/1/20,2670
E07000192,8/1/20,3750
E07000193,8/1/20,3885
E07000194,8/1/20,3085
E07000195,8/1/20,4015
E07000196,8/1/20,3080
E07000197,8/1/20,3735
E07000198,8/1/20,2275
E07000199,8/1/20,2965
E07000200,8/1/20,2580
E07000202,8/1/20,6245
E07000203,8/1/20,2290
E07000207,8/1/20,3275
E07000208,8/1/20,1970
E07000209,8/1/20,3240
E07000210,8/1/20,1890
E07000211,8/1/20,3875
E07000212,8/1/20,2435
E07000213,8/1/20,3360
E07000214,8/1/20,2270
E07000215,8/1/20,2350
E07000216,8/1/20,2550
E07000217,8/1/20,2795
E07000218,8/1/20,2100
E07000219,8/1/20,5445
E07000220,8/1/20,3245
E07000221,8/1/20,3160
E07000222,8/1/20,3800
E07000223,8/1/20,2375
E07000224,8/1/20,5225
E07000225,8/1/20,3480
E07000226,8/1/20,5335
E07000227,8/1/20,3535
E07000228,8/1/20,3400
E07000229,8/1/20,3970
E07000234,8/1/20,2720
E07000235,8/1/20,2220
E07000236,8/1/20,3295
E07000237,8/1/20,3835
E07000238,8/1/20,3545
E07000239,8/1/20,3665
E07000240,8/1/20,3765
E07000241,8/1/20,3715
E07000242,8/1/20,3900
E07000243,8/1/20,3410
E07000244,8/1/20,7240
E07000245,8/1/20,4730
E08000001,8/1/20,15150
E08000002,8/1/20,8350
E08000003,8/1/20,34775
E08000004,8/1/20,13810
E08000005,8/1/20,11915
E08000006,8/1/20,14240
E08000007,8/1/20,10730
E08000008,8/1/20,11340
E08000009,8/1/20,7855
E08000010,8/1/20,14390
E08000011,8/1/20,8145
E08000012,8/1/20,29595
E08000013,8/1/20,7705
E08000014,8/1/20,11755
E08000015,8/1/20,12860
E08000016,8/1/20,9660
E08000017,8/1/20,14335
E08000018,8/1/20,11715
E08000019,8/1/20,23240
E08000021,8/1/20,15610
E08000022,8/1/20,8255
E08000023,8/1/20,8850
E08000024,8/1/20,14375
E08000025,8/1/20,80630
E08000026,8/1/20,16350
E08000027,8/1/20,14690
E08000028,8/1/20,19070
E08000029,8/1/20,7525
E08000030,8/1/20,15185
E08000031,8/1/20,17115
E08000032,8/1/20,30940
E08000033,8/1/20,9185
E08000034,8/1/20,18670
E08000035,8/1/20,36025
E08000036,8/1/20,13220
E08000037,8/1/20,9800
E09000001,8/1/20,255
E09000002,8/1/20,13860
E09000003,8/1/20,18380
E09000004,8/1/20,9060
E09000005,8/1/20,21620
E09000006,8/1/20,11595
E09000007,8/1/20,10785
E09000008,8/1/20,22720
E09000009,8/1/20,20985
E09000010,8/1/20,18610
E09000011,8/1/20,15820
E09000012,8/1/20,18375
E09000013,8/1/20,10350
E09000014,8/1/20,19430
E09000015,8/1/20,10955
E09000016,8/1/20,10640
E09000017,8/1/20,13810
E09000018,8/1/20,15800
E09000019,8/1/20,13015
E09000020,8/1/20,6055
E09000021,8/1/20,6135
E09000022,8/1/20,20780
E09000023,8/1/20,19740
E09000024,8/1/20,9965
E09000025,8/1/20,24050
E09000026,8/1/20,15610
E09000027,8/1/20,5995
E09000028,8/1/20,19470
E09000029,8/1/20,7535
E09000030,8/1/20,19950
E09000031,8/1/20,17885
E09000032,8/1/20,13950
E09000033,8/1/20,9750
N09000001,8/1/20,3945
N09000002,8/1/20,6250
N09000003,8/1/20,14605
N09000004,8/1/20,4910
N09000005,8/1/20,6995
N09000006,8/1/20,3080
N09000007,8/1/20,3475
N09000008,8/1/20,4080
N09000009,8/1/20,4120
N09000010,8/1/20,6250
N09000011,8/1/20,4655
S12000005,8/1/20,2255
S12000006,8/1/20,5010
S12000008,8/1/20,6280
S12000010,8/1/20,3635
S12000011,8/1/20,2410
S12000013,8/1/20,880
S12000014,8/1/20,6315
S12000017,8/1/20,8325
S12000018,8/1/20,3265
S12000019,8/1/20,3145
S12000020,8/1/20,3030
S12000021,8/1/20,7270
S12000023,8/1/20,420
S12000026,8/1/20,3830
S12000027,8/1/20,540
S12000028,8/1/20,4960
S12000029,8/1/20,13725
S12000030,8/1/20,3110
S12000033,8/1/20,9170
S12000034,8/1/20,6675
S12000035,8/1/20,3160
S12000036,8/1/20,18840
S12000038,8/1/20,7780
S12000039,8/1/20,4845
S12000040,8/1/20,7005
S12000041,8/1/20,3985
S12000042,8/1/20,7490
S12000045,8/1/20,2985
S12000047,8/1/20,15840
S12000048,8/1/20,4595
S12000049,8/1/20,38205
S12000050,8/1/20,15870
W06000001,8/1/20,2620
W06000002,8/1/20,4280
W06000003,8/1/20,4640
W06000004,8/1/20,3790
W06000005,8/1/20,5250
W06000006,8/1/20,5110
W06000008,8/1/20,2015
W06000009,8/1/20,4515
W06000010,8/1/20,6230
W06000011,8/1/20,9345
W06000012,8/1/20,5395
W06000013,8/1/20,5255
W06000014,8/1/20,4430
W06000015,8/1/20,16245
W06000016,8/1/20,9830
W06000018,8/1/20,6990
W06000019,8/1/20,3085
W06000020,8/1/20,3775
W06000021,8/1/20,2370
W06000022,8/1/20,7390
W06000023,8/1/20,3640
W06000024,8/1/20,2700
E06000001,9/1/20,5170
E06000002,9/1/20,9005
E06000003,9/1/20,6090
E06000004,9/1/20,8620
E06000005,9/1/20,4565
E06000006,9/1/20,5730
E06000007,9/1/20,6880
E06000008,9/1/20,7540
E06000009,9/1/20,9765
E06000010,9/1/20,16045
E06000011,9/1/20,8885
E06000012,9/1/20,6995
E06000013,9/1/20,6185
E06000014,9/1/20,4950
E06000015,9/1/20,12115
E06000016,9/1/20,17420
E06000017,9/1/20,810
E06000018,9/1/20,17945
E06000019,9/1/20,4865
E06000020,9/1/20,7115
E06000021,9/1/20,12975
E06000022,9/1/20,5295
E06000023,9/1/20,20435
E06000024,9/1/20,5855
E06000025,9/1/20,6955
E06000026,9/1/20,10720
E06000027,9/1/20,5750
E06000030,9/1/20,8215
E06000031,9/1/20,9605
E06000032,9/1/20,11485
E06000033,9/1/20,8840
E06000034,9/1/20,7760
E06000035,9/1/20,12015
E06000036,9/1/20,3560
E06000037,9/1/20,3930
E06000038,9/1/20,6915
E06000039,9/1/20,7910
E06000040,9/1/20,4310
E06000041,9/1/20,3665
E06000042,9/1/20,10880
E06000043,9/1/20,14225
E06000044,9/1/20,10000
E06000045,9/1/20,11780
E06000046,9/1/20,4965
E06000047,9/1/20,21410
E06000049,9/1/20,10910
E06000050,9/1/20,11190
E06000051,9/1/20,8890
E06000052,9/1/20,18760
E06000053,9/1/20,40
E06000054,9/1/20,12365
E06000055,9/1/20,7290
E06000056,9/1/20,7780
E06000057,9/1/20,11165
E06000058,9/1/20,15390
E06000059,9/1/20,9245
E06000060,9/1/20,15460
E06000061,9/1/20,12230
E06000062,9/1/20,14410
E06000063,9/1/20,8030
E06000064,9/1/20,5265
E06000065,9/1/20,14885
E06000066,9/1/20,16260
E07000008,9/1/20,3675
E07000009,9/1/20,1955
E07000010,9/1/20,3615
E07000011,9/1/20,4590
E07000012,9/1/20,3255
E07000032,9/1/20,3710
E07000033,9/1/20,2500
E07000034,9/1/20,3710
E07000035,9/1/20,1410
E07000036,9/1/20,3975
E07000037,9/1/20,2670
E07000038,9/1/20,2600
E07000039,9/1/20,2730
E07000040,9/1/20,3365
E07000041,9/1/20,3690
E07000042,9/1/20,1995
E07000043,9/1/20,3005
E07000044,9/1/20,2290
E07000045,9/1/20,3655
E07000046,9/1/20,2020
E07000047,9/1/20,1290
E07000061,9/1/20,4545
E07000062,9/1/20,5080
E07000063,9/1/20,3360
E07000064,9/1/20,2950
E07000065,9/1/20,4010
E07000066,9/1/20,8115
E07000067,9/1/20,4940
E07000068,9/1/20,2425
E07000069,9/1/20,2940
E07000070,9/1/20,5345
E07000071,9/1/20,6430
E07000072,9/1/20,4880
E07000073,9/1/20,4375
E07000074,9/1/20,1895
E07000075,9/1/20,2385
E07000076,9/1/20,6350
E07000077,9/1/20,2200
E07000078,9/1/20,3810
E07000079,9/1/20,2110
E07000080,9/1/20,2440
E07000081,9/1/20,5000
E07000082,9/1/20,2950
E07000083,9/1/20,2295
E07000084,9/1/20,4810
E07000085,9/1/20,2860
E07000086,9/1/20,3195
E07000087,9/1/20,2590
E07000088,9/1/20,2820
E07000089,9/1/20,1910
E07000090,9/1/20,4520
E07000091,9/1/20,4120
E07000092,9/1/20,3075
E07000093,9/1/20,2790
E07000094,9/1/20,2735
E07000095,9/1/20,3930
E07000096,9/1/20,5005
E07000098,9/1/20,3685
E07000099,9/1/20,3765
E07000102,9/1/20,2745
E07000103,9/1/20,4225
E07000105,9/1/20,4830
E07000106,9/1/20,5405
E07000107,9/1/20,3985
E07000108,9/1/20,4720
E07000109,9/1/20,4880
E07000110,9/1/20,5445
E07000111,9/1/20,2960
E07000112,9/1/20,4900
E07000113,9/1/20,6070
E07000114,9/1/20,8460
E07000115,9/1/20,3540
E07000116,9/1/20,3245
E07000117,9/1/20,4755
E07000118,9/1/20,3305
E07000119,9/1/20,2470
E07000120,9/1/20,3950
E07000121,9/1/20,4920
E07000122,9/1/20,3960
E07000123,9/1/20,6215
E07000124,9/1/20,1190
E07000125,9/1/20,2945
E07000126,9/1/20,2885
E07000127,9/1/20,3665
E07000128,9/1/20,3700
E07000129,9/1/20,2625
E07000130,9/1/20,4800
E07000131,9/1/20,2105
E07000132,9/1/20,3095
E07000133,9/1/20,1305
E07000134,9/1/20,2720
E07000135,9/1/20,1650
E07000136,9/1/20,2590
E07000137,9/1/20,4960
E07000138,9/1/20,4415
E07000139,9/1/20,2730
E07000140,9/1/20,2915
E07000141,9/1/20,4385
E07000142,9/1/20,2955
E07000143,9/1/20,3525
E07000144,9/1/20,2915
E07000145,9/1/20,4575
E07000146,9/1/20,4280
E07000147,9/1/20,2510
E07000148,9/1/20,6455
E07000149,9/1/20,3185
E07000170,9/1/20,4810
E07000171,9/1/20,3665
E07000172,9/1/20,3320
E07000173,9/1/20,3715
E07000174,9/1/20,4225
E07000175,9/1/20,3615
E07000176,9/1/20,2400
E07000177,9/1/20,3990
E07000178,9/1/20,4795
E07000179,9/1/20,3080
E07000180,9/1/20,2910
E07000181,9/1/20,2530
E07000192,9/1/20,3640
E07000193,9/1/20,3835
E07000194,9/1/20,2980
E07000195,9/1/20,3935
E07000196,9/1/20,3030
E07000197,9/1/20,3620
E07000198,9/1/20,2185
E07000199,9/1/20,2890
E07000200,9/1/20,2530
E07000202,9/1/20,6185
E07000203,9/1/20,2290
E07000207,9/1/20,3285
E07000208,9/1/20,1920
E07000209,9/1/20,3210
E07000210,9/1/20,1895
E07000211,9/1/20,3865
E07000212,9/1/20,2465
E07000213,9/1/20,3450
E07000214,9/1/20,2230
E07000215,9/1/20,2370
E07000216,9/1/20,2540
E07000217,9/1/20,2785
E07000218,9/1/20,2070
E07000219,9/1/20,5355
E07000220,9/1/20,3200
E07000221,9/1/20,3075
E07000222,9/1/20,3750
E07000223,9/1/20,2335
E07000224,9/1/20,5065
E07000225,9/1/20,3415
E07000226,9/1/20,5595
E07000227,9/1/20,3575
E07000228,9/1/20,3375
E07000229,9/1/20,3945
E07000234,9/1/20,2700
E07000235,9/1/20,2160
E07000236,9/1/20,3260
E07000237,9/1/20,3805
E07000238,9/1/20,3540
E07000239,9/1/20,3620
E07000240,9/1/20,3710
E07000241,9/1/20,3735
E07000242,9/1/20,3845
E07000243,9/1/20,3400
E07000244,9/1/20,7100
E07000245,9/1/20,4670
E08000001,9/1/20,14975
E08000002,9/1/20,8300
E08000003,9/1/20,34645
E08000004,9/1/20,13775
E08000005,9/1/20,11835
E08000006,9/1/20,14215
E08000007,9/1/20,10650
E08000008,9/1/20,11105
E08000009,9/1/20,7815
E08000010,9/1/20,14030
E08000011,9/1/20,8120
E08000012,9/1/20,29495
E08000013,9/1/20,7645
E08000014,9/1/20,11550
E08000015,9/1/20,12710
E08000016,9/1/20,9455
E08000017,9/1/20,14040
E08000018,9/1/20,11590
E08000019,9/1/20,23000
E08000021,9/1/20,15540
E08000022,9/1/20,8260
E08000023,9/1/20,8665
E08000024,9/1/20,14235
E08000025,9/1/20,80865
E08000026,9/1/20,16520
E08000027,9/1/20,14600
E08000028,9/1/20,19160
E08000029,9/1/20,7580
E08000030,9/1/20,15160
E08000031,9/1/20,17020
E08000032,9/1/20,31015
E08000033,9/1/20,8960
E08000034,9/1/20,18525
E08000035,9/1/20,35855
E08000036,9/1/20,13155
E08000037,9/1/20,9645
E09000001,9/1/20,250
E09000002,9/1/20,13645
E09000003,9/1/20,18480
E09000004,9/1/20,8950
E09000005,9/1/20,22145
E09000006,9/1/20,11595
E09000007,9/1/20,10875
E09000008,9/1/20,22890
E09000009,9/1/20,21265
E09000010,9/1/20,18715
E09000011,9/1/20,16035
E09000012,9/1/20,18615
E09000013,9/1/20,10505
E09000014,9/1/20,19820
E09000015,9/1/20,11040
E09000016,9/1/20,10575
E09000017,9/1/20,14085
E09000018,9/1/20,16090
E09000019,9/1/20,13200
E09000020,9/1/20,6100
E09000021,9/1/20,6205
E09000022,9/1/20,21095
E09000023,9/1/20,20070
E09000024,9/1/20,9945
E09000025,9/1/20,24445
E09000026,9/1/20,15495
E09000027,9/1/20,6090
E09000028,9/1/20,19945
E09000029,9/1/20,7605
E09000030,9/1/20,20280
E09000031,9/1/20,18060
E09000032,9/1/20,14055
E09000033,9/1/20,9990
N09000001,9/1/20,3825
N09000002,9/1/20,6130
N09000003,9/1/20,14405
N09000004,9/1/20,4740
N09000005,9/1/20,6760
N09000006,9/1/20,3025
N09000007,9/1/20,3365
N09000008,9/1/20,4050
N09000009,9/1/20,3985
N09000010,9/1/20,6055
N09000011,9/1/20,4480
S12000005,9/1/20,2165
S12000006,9/1/20,4715
S12000008,9/1/20,6025
S12000010,9/1/20,3400
S12000011,9/1/20,2280
S12000013,9/1/20,795
S12000014,9/1/20,5995
S12000017,9/1/20,7730
S12000018,9/1/20,3130
S12000019,9/1/20,3050
S12000020,9/1/20,2850
S12000021,9/1/20,6990
S12000023,9/1/20,405
S12000026,9/1/20,3640
S12000027,9/1/20,545
S12000028,9/1/20,4820
S12000029,9/1/20,13175
S12000030,9/1/20,2895
S12000033,9/1/20,9250
S12000034,9/1/20,6645
S12000035,9/1/20,2910
S12000036,9/1/20,18280
S12000038,9/1/20,7535
S12000039,9/1/20,4660
S12000040,9/1/20,6675
S12000041,9/1/20,3875
S12000042,9/1/20,7350
S12000045,9/1/20,2840
S12000047,9/1/20,15215
S12000048,9/1/20,4435
S12000049,9/1/20,37455
S12000050,9/1/20,15130
W06000001,9/1/20,2515
W06000002,9/1/20,3975
W06000003,9/1/20,4455
W06000004,9/1/20,3655
W06000005,9/1/20,5135
W06000006,9/1/20,4980
W06000008,9/1/20,1925
W06000009,9/1/20,4220
W06000010,9/1/20,6045
W06000011,9/1/20,9230
W06000012,9/1/20,5235
W06000013,9/1/20,5245
W06000014,9/1/20,4390
W06000015,9/1/20,16050
W06000016,9/1/20,9485
W06000018,9/1/20,6880
W06000019,9/1/20,2990
W06000020,9/1/20,3705
W06000021,9/1/20,2310
W06000022,9/1/20,7375
W06000023,9/1/20,3580
W06000024,9/1/20,2545
E06000001,10/1/20,4965
E06000002,10/1/20,8900
E06000003,10/1/20,5935
E06000004,10/1/20,8480
E06000005,10/1/20,4510
E06000006,10/1/20,5550
E06000007,10/1/20,6680
E06000008,10/1/20,7485
E06000009,10/1/20,9480
E06000010,10/1/20,15745
E06000011,10/1/20,8375
E06000012,10/1/20,6620
E06000013,10/1/20,5855
E06000014,10/1/20,4680
E06000015,10/1/20,11880
E06000016,10/1/20,17025
E06000017,10/1/20,725
E06000018,10/1/20,17690
E06000019,10/1/20,4585
E06000020,10/1/20,6790
E06000021,10/1/20,12670
E06000022,10/1/20,4990
E06000023,10/1/20,19605
E06000024,10/1/20,5535
E06000025,10/1/20,6560
E06000026,10/1/20,9995
E06000027,10/1/20,5350
E06000030,10/1/20,7890
E06000031,10/1/20,9295
E06000032,10/1/20,11245
E06000033,10/1/20,8465
E06000034,10/1/20,7465
E06000035,10/1/20,11595
E06000036,10/1/20,3355
E06000037,10/1/20,3775
E06000038,10/1/20,6650
E06000039,10/1/20,7720
E06000040,10/1/20,4115
E06000041,10/1/20,3515
E06000042,10/1/20,10435
E06000043,10/1/20,13595
E06000044,10/1/20,9700
E06000045,10/1/20,11545
E06000046,10/1/20,4730
E06000047,10/1/20,20790
E06000049,10/1/20,10355
E06000050,10/1/20,10765
E06000051,10/1/20,8405
E06000052,10/1/20,17280
E06000053,10/1/20,35
E06000054,10/1/20,11735
E06000055,10/1/20,6885
E06000056,10/1/20,7210
E06000057,10/1/20,10815
E06000058,10/1/20,14655
E06000059,10/1/20,8715
E06000060,10/1/20,14625
E06000061,10/1/20,11610
E06000062,10/1/20,13960
E06000063,10/1/20,7690
E06000064,10/1/20,4820
E06000065,10/1/20,13955
E06000066,10/1/20,15295
E07000008,10/1/20,3480
E07000009,10/1/20,1780
E07000010,10/1/20,3420
E07000011,10/1/20,4270
E07000012,10/1/20,2990
E07000032,10/1/20,3490
E07000033,10/1/20,2435
E07000034,10/1/20,3510
E07000035,10/1/20,1300
E07000036,10/1/20,3800
E07000037,10/1/20,2505
E07000038,10/1/20,2475
E07000039,10/1/20,2570
E07000040,10/1/20,3040
E07000041,10/1/20,3425
E07000042,10/1/20,1800
E07000043,10/1/20,2725
E07000044,10/1/20,2050
E07000045,10/1/20,3340
E07000046,10/1/20,1855
E07000047,10/1/20,1245
E07000061,10/1/20,4330
E07000062,10/1/20,4915
E07000063,10/1/20,3130
E07000064,10/1/20,2740
E07000065,10/1/20,3730
E07000066,10/1/20,7695
E07000067,10/1/20,4660
E07000068,10/1/20,2265
E07000069,10/1/20,2760
E07000070,10/1/20,5085
E07000071,10/1/20,6035
E07000072,10/1/20,4625
E07000073,10/1/20,4230
E07000074,10/1/20,1800
E07000075,10/1/20,2270
E07000076,10/1/20,6060
E07000077,10/1/20,2040
E07000078,10/1/20,3660
E07000079,10/1/20,1895
E07000080,10/1/20,2325
E07000081,10/1/20,4840
E07000082,10/1/20,2675
E07000083,10/1/20,2140
E07000084,10/1/20,4700
E07000085,10/1/20,2665
E07000086,10/1/20,3100
E07000087,10/1/20,2445
E07000088,10/1/20,2770
E07000089,10/1/20,1830
E07000090,10/1/20,4340
E07000091,10/1/20,3910
E07000092,10/1/20,2955
E07000093,10/1/20,2665
E07000094,10/1/20,2630
E07000095,10/1/20,3865
E07000096,10/1/20,4830
E07000098,10/1/20,3515
E07000099,10/1/20,3540
E07000102,10/1/20,2590
E07000103,10/1/20,4090
E07000105,10/1/20,4605
E07000106,10/1/20,5110
E07000107,10/1/20,3790
E07000108,10/1/20,4545
E07000109,10/1/20,4740
E07000110,10/1/20,5145
E07000111,10/1/20,2840
E07000112,10/1/20,4740
E07000113,10/1/20,5845
E07000114,10/1/20,8100
E07000115,10/1/20,3335
E07000116,10/1/20,3065
E07000117,10/1/20,4680
E07000118,10/1/20,3110
E07000119,10/1/20,2405
E07000120,10/1/20,3790
E07000121,10/1/20,4755
E07000122,10/1/20,3825
E07000123,10/1/20,6075
E07000124,10/1/20,1155
E07000125,10/1/20,2820
E07000126,10/1/20,2750
E07000127,10/1/20,3510
E07000128,10/1/20,3565
E07000129,10/1/20,2425
E07000130,10/1/20,4580
E07000131,10/1/20,1980
E07000132,10/1/20,3020
E07000133,10/1/20,1240
E07000134,10/1/20,2580
E07000135,10/1/20,1600
E07000136,10/1/20,2535
E07000137,10/1/20,4740
E07000138,10/1/20,4255
E07000139,10/1/20,2530
E07000140,10/1/20,2800
E07000141,10/1/20,4140
E07000142,10/1/20,2785
E07000143,10/1/20,3370
E07000144,10/1/20,2720
E07000145,10/1/20,4435
E07000146,10/1/20,4060
E07000147,10/1/20,2270
E07000148,10/1/20,6080
E07000149,10/1/20,2960
E07000170,10/1/20,4590
E07000171,10/1/20,3510
E07000172,10/1/20,3130
E07000173,10/1/20,3600
E07000174,10/1/20,4025
E07000175,10/1/20,3400
E07000176,10/1/20,2305
E07000177,10/1/20,3815
E07000178,10/1/20,4625
E07000179,10/1/20,2865
E07000180,10/1/20,2725
E07000181,10/1/20,2385
E07000192,10/1/20,3485
E07000193,10/1/20,3705
E07000194,10/1/20,2750
E07000195,10/1/20,3810
E07000196,10/1/20,2950
E07000197,10/1/20,3440
E07000198,10/1/20,2105
E07000199,10/1/20,2810
E07000200,10/1/20,2390
E07000202,10/1/20,6095
E07000203,10/1/20,2160
E07000207,10/1/20,3150
E07000208,10/1/20,1825
E07000209,10/1/20,3090
E07000210,10/1/20,1795
E07000211,10/1/20,3640
E07000212,10/1/20,2430
E07000213,10/1/20,3370
E07000214,10/1/20,2120
E07000215,10/1/20,2195
E07000216,10/1/20,2405
E07000217,10/1/20,2660
E07000218,10/1/20,1960
E07000219,10/1/20,5305
E07000220,10/1/20,3060
E07000221,10/1/20,2885
E07000222,10/1/20,3590
E07000223,10/1/20,2195
E07000224,10/1/20,4835
E07000225,10/1/20,3205
E07000226,10/1/20,5560
E07000227,10/1/20,3405
E07000228,10/1/20,3140
E07000229,10/1/20,3625
E07000234,10/1/20,2610
E07000235,10/1/20,2010
E07000236,10/1/20,3165
E07000237,10/1/20,3660
E07000238,10/1/20,3285
E07000239,10/1/20,3430
E07000240,10/1/20,3570
E07000241,10/1/20,3620
E07000242,10/1/20,3550
E07000243,10/1/20,3235
E07000244,10/1/20,6755
E07000245,10/1/20,4440
E08000001,10/1/20,14775
E08000002,10/1/20,8015
E08000003,10/1/20,33915
E08000004,10/1/20,13470
E08000005,10/1/20,11575
E08000006,10/1/20,13940
E08000007,10/1/20,10370
E08000008,10/1/20,10855
E08000009,10/1/20,7600
E08000010,10/1/20,13535
E08000011,10/1/20,7920
E08000012,10/1/20,29020
E08000013,10/1/20,7460
E08000014,10/1/20,11190
E08000015,10/1/20,12215
E08000016,10/1/20,9190
E08000017,10/1/20,13700
E08000018,10/1/20,11220
E08000019,10/1/20,22645
E08000021,10/1/20,15220
E08000022,10/1/20,8050
E08000023,10/1/20,8445
E08000024,10/1/20,13840
E08000025,10/1/20,80715
E08000026,10/1/20,16475
E08000027,10/1/20,14050
E08000028,10/1/20,18965
E08000029,10/1/20,7395
E08000030,10/1/20,14735
E08000031,10/1/20,16685
E08000032,10/1/20,30645
E08000033,10/1/20,8810
E08000034,10/1/20,18135
E08000035,10/1/20,35000
E08000036,10/1/20,12725
E08000037,10/1/20,9485
E09000001,10/1/20,240
E09000002,10/1/20,13385
E09000003,10/1/20,18045
E09000004,10/1/20,8600
E09000005,10/1/20,21990
E09000006,10/1/20,11040
E09000007,10/1/20,10745
E09000008,10/1/20,22355
E09000009,10/1/20,20835
E09000010,10/1/20,18380
E09000011,10/1/20,15530
E09000012,10/1/20,18210
E09000013,10/1/20,10355
E09000014,10/1/20,19460
E09000015,10/1/20,10860
E09000016,10/1/20,10045
E09000017,10/1/20,13875
E09000018,10/1/20,15980
E09000019,10/1/20,13110
E09000020,10/1/20,5975
E09000021,10/1/20,5920
E09000022,10/1/20,20815
E09000023,10/1/20,19635
E09000024,10/1/20,9525
E09000025,10/1/20,24270
E09000026,10/1/20,15070
E09000027,10/1/20,5815
E09000028,10/1/20,19605
E09000029,10/1/20,7225
E09000030,10/1/20,20260
E09000031,10/1/20,17605
E09000032,10/1/20,13650
E09000033,10/1/20,9875
N09000001,10/1/20,3735
N09000002,10/1/20,5980
N09000003,10/1/20,14195
N09000004,10/1/20,4445
N09000005,10/1/20,6680
N09000006,10/1/20,2885
N09000007,10/1/20,3265
N09000008,10/1/20,3950
N09000009,10/1/20,3865
N09000010,10/1/20,5745
N09000011,10/1/20,4400
S12000005,10/1/20,2100
S12000006,10/1/20,4455
S12000008,10/1/20,5665
S12000010,10/1/20,3195
S12000011,10/1/20,2150
S12000013,10/1/20,745
S12000014,10/1/20,5810
S12000017,10/1/20,7215
S12000018,10/1/20,3025
S12000019,10/1/20,2870
S12000020,10/1/20,2735
S12000021,10/1/20,6645
S12000023,10/1/20,370
S12000026,10/1/20,3450
S12000027,10/1/20,505
S12000028,10/1/20,4535
S12000029,10/1/20,12555
S12000030,10/1/20,2720
S12000033,10/1/20,9265
S12000034,10/1/20,6485
S12000035,10/1/20,2720
S12000036,10/1/20,17665
S12000038,10/1/20,7050
S12000039,10/1/20,4530
S12000040,10/1/20,6255
S12000041,10/1/20,3690
S12000042,10/1/20,7015
S12000045,10/1/20,2645
S12000047,10/1/20,14480
S12000048,10/1/20,4160
S12000049,10/1/20,36030
S12000050,10/1/20,14400
W06000001,10/1/20,2355
W06000002,10/1/20,3730
W06000003,10/1/20,4190
W06000004,10/1/20,3500
W06000005,10/1/20,4920
W06000006,10/1/20,4745
W06000008,10/1/20,1800
W06000009,10/1/20,3945
W06000010,10/1/20,5795
W06000011,10/1/20,8725
W06000012,10/1/20,5020
W06000013,10/1/20,4970
W06000014,10/1/20,4185
W06000015,10/1/20,15600
W06000016,10/1/20,9185
W06000018,10/1/20,6550
W06000019,10/1/20,2880
W06000020,10/1/20,3475
W06000021,10/1/20,2155
W06000022,10/1/20,7200
W06000023,10/1/20,3365
W06000024,10/1/20,2430
E06000001,11/1/20,4850
E06000002,11/1/20,8885
E06000003,11/1/20,5810
E06000004,11/1/20,8380
E06000005,11/1/20,4435
E06000006,11/1/20,5505
E06000007,11/1/20,6660
E06000008,11/1/20,7580
E06000009,11/1/20,9820
E06000010,11/1/20,15915
E06000011,11/1/20,8630
E06000012,11/1/20,6650
E06000013,11/1/20,5830
E06000014,11/1/20,4725
E06000015,11/1/20,12005
E06000016,11/1/20,17095
E06000017,11/1/20,740
E06000018,11/1/20,17740
E06000019,11/1/20,4620
E06000020,11/1/20,6810
E06000021,11/1/20,12645
E06000022,11/1/20,5025
E06000023,11/1/20,19645
E06000024,11/1/20,5630
E06000025,11/1/20,6550
E06000026,11/1/20,10175
E06000027,11/1/20,5555
E06000030,11/1/20,7970
E06000031,11/1/20,9350
E06000032,11/1/20,11445
E06000033,11/1/20,8695
E06000034,11/1/20,7570
E06000035,11/1/20,11695
E06000036,11/1/20,3435
E06000037,11/1/20,3790
E06000038,11/1/20,6800
E06000039,11/1/20,8020
E06000040,11/1/20,4255
E06000041,11/1/20,3540
E06000042,11/1/20,10365
E06000043,11/1/20,13780
E06000044,11/1/20,10035
E06000045,11/1/20,11715
E06000046,11/1/20,5120
E06000047,11/1/20,20480
E06000049,11/1/20,10515
E06000050,11/1/20,10790
E06000051,11/1/20,8505
E06000052,11/1/20,17925
E06000053,11/1/20,40
E06000054,11/1/20,11770
E06000055,11/1/20,6935
E06000056,11/1/20,7185
E06000057,11/1/20,10985
E06000058,11/1/20,14790
E06000059,11/1/20,8915
E06000060,11/1/20,14965
E06000061,11/1/20,11565
E06000062,11/1/20,13975
E06000063,11/1/20,7735
E06000064,11/1/20,4975
E06000065,11/1/20,14205
E06000066,11/1/20,15595
E07000008,11/1/20,3540
E07000009,11/1/20,1805
E07000010,11/1/20,3475
E07000011,11/1/20,4285
E07000012,11/1/20,3065
E07000032,11/1/20,3480
E07000033,11/1/20,2445
E07000034,11/1/20,3525
E07000035,11/1/20,1340
E07000036,11/1/20,3835
E07000037,11/1/20,2625
E07000038,11/1/20,2575
E07000039,11/1/20,2605
E07000040,11/1/20,3200
E07000041,11/1/20,3545
E07000042,11/1/20,1830
E07000043,11/1/20,2800
E07000044,11/1/20,2100
E07000045,11/1/20,3410
E07000046,11/1/20,1935
E07000047,11/1/20,1275
E07000061,11/1/20,4485
E07000062,11/1/20,5085
E07000063,11/1/20,3220
E07000064,11/1/20,2885
E07000065,11/1/20,3820
E07000066,11/1/20,7760
E07000067,11/1/20,4760
E07000068,11/1/20,2305
E07000069,11/1/20,2740
E07000070,11/1/20,5105
E07000071,11/1/20,6095
E07000072,11/1/20,4770
E07000073,11/1/20,4265
E07000074,11/1/20,1785
E07000075,11/1/20,2320
E07000076,11/1/20,6275
E07000077,11/1/20,2090
E07000078,11/1/20,3705
E07000079,11/1/20,1860
E07000080,11/1/20,2330
E07000081,11/1/20,4790
E07000082,11/1/20,2750
E07000083,11/1/20,2190
E07000084,11/1/20,4685
E07000085,11/1/20,2715
E07000086,11/1/20,3170
E07000087,11/1/20,2475
E07000088,11/1/20,2800
E07000089,11/1/20,1895
E07000090,11/1/20,4470
E07000091,11/1/20,3940
E07000092,11/1/20,2975
E07000093,11/1/20,2590
E07000094,11/1/20,2675
E07000095,11/1/20,3875
E07000096,11/1/20,4875
E07000098,11/1/20,3590
E07000099,11/1/20,3660
E07000102,11/1/20,2630
E07000103,11/1/20,4220
E07000105,11/1/20,4615
E07000106,11/1/20,5100
E07000107,11/1/20,3865
E07000108,11/1/20,4540
E07000109,11/1/20,4785
E07000110,11/1/20,5215
E07000111,11/1/20,2880
E07000112,11/1/20,4790
E07000113,11/1/20,5910
E07000114,11/1/20,8275
E07000115,11/1/20,3295
E07000116,11/1/20,3080
E07000117,11/1/20,4675
E07000118,11/1/20,3195
E07000119,11/1/20,2470
E07000120,11/1/20,3890
E07000121,11/1/20,4800
E07000122,11/1/20,3900
E07000123,11/1/20,6160
E07000124,11/1/20,1135
E07000125,11/1/20,2825
E07000126,11/1/20,2820
E07000127,11/1/20,3560
E07000128,11/1/20,3615
E07000129,11/1/20,2375
E07000130,11/1/20,4615
E07000131,11/1/20,1970
E07000132,11/1/20,2995
E07000133,11/1/20,1250
E07000134,11/1/20,2620
E07000135,11/1/20,1570
E07000136,11/1/20,2610
E07000137,11/1/20,5005
E07000138,11/1/20,4265
E07000139,11/1/20,2555
E07000140,11/1/20,2860
E07000141,11/1/20,4125
E07000142,11/1/20,2815
E07000143,11/1/20,3490
E07000144,11/1/20,2745
E07000145,11/1/20,4715
E07000146,11/1/20,4170
E07000147,11/1/20,2355
E07000148,11/1/20,6245
E07000149,11/1/20,2995
E07000170,11/1/20,4585
E07000171,11/1/20,3495
E07000172,11/1/20,3145
E07000173,11/1/20,3545
E07000174,11/1/20,4030
E07000175,11/1/20,3440
E07000176,11/1/20,2315
E07000177,11/1/20,3790
E07000178,11/1/20,4600
E07000179,11/1/20,2865
E07000180,11/1/20,2740
E07000181,11/1/20,2355
E07000192,11/1/20,3475
E07000193,11/1/20,3660
E07000194,11/1/20,2775
E07000195,11/1/20,3785
E07000196,11/1/20,2985
E07000197,11/1/20,3380
E07000198,11/1/20,2135
E07000199,11/1/20,2855
E07000200,11/1/20,2510
E07000202,11/1/20,6175
E07000203,11/1/20,2195
E07000207,11/1/20,3205
E07000208,11/1/20,1830
E07000209,11/1/20,3175
E07000210,11/1/20,1855
E07000211,11/1/20,3840
E07000212,11/1/20,2450
E07000213,11/1/20,3485
E07000214,11/1/20,2135
E07000215,11/1/20,2230
E07000216,11/1/20,2410
E07000217,11/1/20,2700
E07000218,11/1/20,1970
E07000219,11/1/20,5190
E07000220,11/1/20,3060
E07000221,11/1/20,2930
E07000222,11/1/20,3620
E07000223,11/1/20,2210
E07000224,11/1/20,4895
E07000225,11/1/20,3240
E07000226,11/1/20,5945
E07000227,11/1/20,3380
E07000228,11/1/20,3185
E07000229,11/1/20,3695
E07000234,11/1/20,2690
E07000235,11/1/20,2040
E07000236,11/1/20,3295
E07000237,11/1/20,3655
E07000238,11/1/20,3345
E07000239,11/1/20,3525
E07000240,11/1/20,3530
E07000241,11/1/20,3745
E07000242,11/1/20,3740
E07000243,11/1/20,3220
E07000244,11/1/20,6975
E07000245,11/1/20,4490
E08000001,11/1/20,15005
E08000002,11/1/20,8185
E08000003,11/1/20,34510
E08000004,11/1/20,13530
E08000005,11/1/20,11535
E08000006,11/1/20,14240
E08000007,11/1/20,10575
E08000008,11/1/20,11055
E08000009,11/1/20,7730
E08000010,11/1/20,13675
E08000011,11/1/20,8085
E08000012,11/1/20,29465
E08000013,11/1/20,7555
E08000014,11/1/20,11540
E08000015,11/1/20,12290
E08000016,11/1/20,9330
E08000017,11/1/20,13905
E08000018,11/1/20,11390
E08000019,11/1/20,23315
E08000021,11/1/20,15440
E08000022,11/1/20,8080
E08000023,11/1/20,8385
E08000024,11/1/20,13720
E08000025,11/1/20,81265
E08000026,11/1/20,16430
E08000027,11/1/20,14390
E08000028,11/1/20,19410
E08000029,11/1/20,7670
E08000030,11/1/20,14855
E08000031,11/1/20,16865
E08000032,11/1/20,30810
E08000033,11/1/20,8930
E08000034,11/1/20,18160
E08000035,11/1/20,35040
E08000036,11/1/20,12680
E08000037,11/1/20,9505
E09000001,11/1/20,245
E09000002,11/1/20,14075
E09000003,11/1/20,18425
E09000004,11/1/20,8825
E09000005,11/1/20,22705
E09000006,11/1/20,11535
E09000007,11/1/20,11060
E09000008,11/1/20,23140
E09000009,11/1/20,21830
E09000010,11/1/20,18930
E09000011,11/1/20,15925
E09000012,11/1/20,18540
E09000013,11/1/20,10730
E09000014,11/1/20,20270
E09000015,11/1/20,11165
E09000016,11/1/20,10270
E09000017,11/1/20,14370
E09000018,11/1/20,16770
E09000019,11/1/20,13545
E09000020,11/1/20,6170
E09000021,11/1/20,5995
E09000022,11/1/20,21425
E09000023,11/1/20,20335
E09000024,11/1/20,9760
E09000025,11/1/20,25655
E09000026,11/1/20,15765
E09000027,11/1/20,5905
E09000028,11/1/20,20310
E09000029,11/1/20,7400
E09000030,11/1/20,21110
E09000031,11/1/20,18400
E09000032,11/1/20,14050
E09000033,11/1/20,10240
N09000001,11/1/20,3740
N09000002,11/1/20,5880
N09000003,11/1/20,14215
N09000004,11/1/20,4450
N09000005,11/1/20,6580
N09000006,11/1/20,2835
N09000007,11/1/20,3265
N09000008,11/1/20,3925
N09000009,11/1/20,3725
N09000010,11/1/20,5690
N09000011,11/1/20,4460
S12000005,11/1/20,2070
S12000006,11/1/20,4510
S12000008,11/1/20,5730
S12000010,11/1/20,3255
S12000011,11/1/20,2145
S12000013,11/1/20,755
S12000014,11/1/20,5890
S12000017,11/1/20,7235
S12000018,11/1/20,3005
S12000019,11/1/20,2950
S12000020,11/1/20,2780
S12000021,11/1/20,6715
S12000023,11/1/20,370
S12000026,11/1/20,3485
S12000027,11/1/20,465
S12000028,11/1/20,4575
S12000029,11/1/20,12490
S12000030,11/1/20,2715
S12000033,11/1/20,9405
S12000034,11/1/20,6525
S12000035,11/1/20,2780
S12000036,11/1/20,18170
S12000038,11/1/20,7145
S12000039,11/1/20,4560
S12000040,11/1/20,6325
S12000041,11/1/20,3740
S12000042,11/1/20,7020
S12000045,11/1/20,2605
S12000047,11/1/20,14410
S12000048,11/1/20,4145
S12000049,11/1/20,36480
S12000050,11/1/20,14380
W06000001,11/1/20,2400
W06000002,11/1/20,3805
W06000003,11/1/20,4260
W06000004,11/1/20,3555
W06000005,11/1/20,4985
W06000006,11/1/20,4830
W06000008,11/1/20,1850
W06000009,11/1/20,3930
W06000010,11/1/20,5775
W06000011,11/1/20,8860
W06000012,11/1/20,4950
W06000013,11/1/20,5070
W06000014,11/1/20,4230
W06000015,11/1/20,15935
W06000016,11/1/20,9100
W06000018,11/1/20,6630
W06000019,11/1/20,2865
W06000020,11/1/20,3475
W06000021,11/1/20,2155
W06000022,11/1/20,7165
W06000023,11/1/20,3375
W06000024,11/1/20,2425
E06000001,12/1/20,4835
E06000002,12/1/20,8830
E06000003,12/1/20,5760
E06000004,12/1/20,8120
E06000005,12/1/20,4460
E06000006,12/1/20,5355
E06000007,12/1/20,6545
E06000008,12/1/20,7500
E06000009,12/1/20,10030
E06000010,12/1/20,15975
E06000011,12/1/20,8510
E06000012,12/1/20,6530
E06000013,12/1/20,5865
E06000014,12/1/20,4705
E06000015,12/1/20,11950
E06000016,12/1/20,17035
E06000017,12/1/20,750
E06000018,12/1/20,17500
E06000019,12/1/20,4545
E06000020,12/1/20,6715
E06000021,12/1/20,12470
E06000022,12/1/20,4945
E06000023,12/1/20,19430
E06000024,12/1/20,5645
E06000025,12/1/20,6480
E06000026,12/1/20,9895
E06000027,12/1/20,5455
E06000030,12/1/20,7825
E06000031,12/1/20,9345
E06000032,12/1/20,11440
E06000033,12/1/20,8745
E06000034,12/1/20,7565
E06000035,12/1/20,11695
E06000036,12/1/20,3400
E06000037,12/1/20,3755
E06000038,12/1/20,6825
E06000039,12/1/20,8000
E06000040,12/1/20,4235
E06000041,12/1/20,3505
E06000042,12/1/20,9950
E06000043,12/1/20,13855
E06000044,12/1/20,9890
E06000045,12/1/20,11525
E06000046,12/1/20,5160
E06000047,12/1/20,20035
E06000049,12/1/20,10310
E06000050,12/1/20,10495
E06000051,12/1/20,8440
E06000052,12/1/20,17950
E06000053,12/1/20,45
E06000054,12/1/20,11620
E06000055,12/1/20,6850
E06000056,12/1/20,7115
E06000057,12/1/20,10915
E06000058,12/1/20,14715
E06000059,12/1/20,9005
E06000060,12/1/20,14870
E06000061,12/1/20,11415
E06000062,12/1/20,13630
E06000063,12/1/20,7625
E06000064,12/1/20,4985
E06000065,12/1/20,14060
E06000066,12/1/20,15235
E07000008,12/1/20,3550
E07000009,12/1/20,1785
E07000010,12/1/20,3470
E07000011,12/1/20,4190
E07000012,12/1/20,3025
E07000032,12/1/20,3335
E07000033,12/1/20,2410
E07000034,12/1/20,3575
E07000035,12/1/20,1310
E07000036,12/1/20,3655
E07000037,12/1/20,2575
E07000038,12/1/20,2580
E07000039,12/1/20,2620
E07000040,12/1/20,3210
E07000041,12/1/20,3540
E07000042,12/1/20,1845
E07000043,12/1/20,2845
E07000044,12/1/20,2080
E07000045,12/1/20,3355
E07000046,12/1/20,1890
E07000047,12/1/20,1310
E07000061,12/1/20,4440
E07000062,12/1/20,5070
E07000063,12/1/20,3230
E07000064,12/1/20,2875
E07000065,12/1/20,3815
E07000066,12/1/20,7795
E07000067,12/1/20,4745
E07000068,12/1/20,2310
E07000069,12/1/20,2730
E07000070,12/1/20,5095
E07000071,12/1/20,6090
E07000072,12/1/20,4765
E07000073,12/1/20,4305
E07000074,12/1/20,1780
E07000075,12/1/20,2300
E07000076,12/1/20,6340
E07000077,12/1/20,2115
E07000078,12/1/20,3650
E07000079,12/1/20,1840
E07000080,12/1/20,2305
E07000081,12/1/20,4725
E07000082,12/1/20,2645
E07000083,12/1/20,2145
E07000084,12/1/20,4680
E07000085,12/1/20,2615
E07000086,12/1/20,3070
E07000087,12/1/20,2440
E07000088,12/1/20,2750
E07000089,12/1/20,1830
E07000090,12/1/20,4425
E07000091,12/1/20,3905
E07000092,12/1/20,2980
E07000093,12/1/20,2565
E07000094,12/1/20,2655
E07000095,12/1/20,3885
E07000096,12/1/20,4800
E07000098,12/1/20,3630
E07000099,12/1/20,3565
E07000102,12/1/20,2660
E07000103,12/1/20,4220
E07000105,12/1/20,4585
E07000106,12/1/20,5145
E07000107,12/1/20,3890
E07000108,12/1/20,4600
E07000109,12/1/20,4760
E07000110,12/1/20,5220
E07000111,12/1/20,2865
E07000112,12/1/20,4850
E07000113,12/1/20,5890
E07000114,12/1/20,8230
E07000115,12/1/20,3305
E07000116,12/1/20,3120
E07000117,12/1/20,4750
E07000118,12/1/20,3120
E07000119,12/1/20,2485
E07000120,12/1/20,3850
E07000121,12/1/20,4840
E07000122,12/1/20,4000
E07000123,12/1/20,6185
E07000124,12/1/20,1140
E07000125,12/1/20,2860
E07000126,12/1/20,2750
E07000127,12/1/20,3565
E07000128,12/1/20,3680
E07000129,12/1/20,2290
E07000130,12/1/20,4540
E07000131,12/1/20,1915
E07000132,12/1/20,2930
E07000133,12/1/20,1245
E07000134,12/1/20,2530
E07000135,12/1/20,1560
E07000136,12/1/20,2665
E07000137,12/1/20,5035
E07000138,12/1/20,4275
E07000139,12/1/20,2530
E07000140,12/1/20,2915
E07000141,12/1/20,3975
E07000142,12/1/20,2765
E07000143,12/1/20,3490
E07000144,12/1/20,2755
E07000145,12/1/20,4630
E07000146,12/1/20,4210
E07000147,12/1/20,2380
E07000148,12/1/20,6240
E07000149,12/1/20,2975
E07000170,12/1/20,4465
E07000171,12/1/20,3455
E07000172,12/1/20,3055
E07000173,12/1/20,3490
E07000174,12/1/20,3940
E07000175,12/1/20,3400
E07000176,12/1/20,2265
E07000177,12/1/20,3745
E07000178,12/1/20,4665
E07000179,12/1/20,2875
E07000180,12/1/20,2670
E07000181,12/1/20,2345
E07000192,12/1/20,3350
E07000193,12/1/20,3685
E07000194,12/1/20,2725
E07000195,12/1/20,3765
E07000196,12/1/20,2965
E07000197,12/1/20,3375
E07000198,12/1/20,2115
E07000199,12/1/20,2875
E07000200,12/1/20,2450
E07000202,12/1/20,6200
E07000203,12/1/20,2205
E07000207,12/1/20,3220
E07000208,12/1/20,1825
E07000209,12/1/20,3120
E07000210,12/1/20,1855
E07000211,12/1/20,3850
E07000212,12/1/20,2485
E07000213,12/1/20,3490
E07000214,12/1/20,2145
E07000215,12/1/20,2255
E07000216,12/1/20,2375
E07000217,12/1/20,2705
E07000218,12/1/20,1975
E07000219,12/1/20,5060
E07000220,12/1/20,2965
E07000221,12/1/20,2915
E07000222,12/1/20,3565
E07000223,12/1/20,2205
E07000224,12/1/20,4945
E07000225,12/1/20,3280
E07000226,12/1/20,5995
E07000227,12/1/20,3340
E07000228,12/1/20,3180
E07000229,12/1/20,3790
E07000234,12/1/20,2660
E07000235,12/1/20,2065
E07000236,12/1/20,3135
E07000237,12/1/20,3610
E07000238,12/1/20,3260
E07000239,12/1/20,3480
E07000240,12/1/20,3470
E07000241,12/1/20,3610
E07000242,12/1/20,3715
E07000243,12/1/20,3205
E07000244,12/1/20,6925
E07000245,12/1/20,4425
E08000001,12/1/20,14795
E08000002,12/1/20,7995
E08000003,12/1/20,34335
E08000004,12/1/20,13380
E08000005,12/1/20,11460
E08000006,12/1/20,13985
E08000007,12/1/20,10500
E08000008,12/1/20,11045
E08000009,12/1/20,7635
E08000010,12/1/20,13370
E08000011,12/1/20,7930
E08000012,12/1/20,29055
E08000013,12/1/20,7370
E08000014,12/1/20,11360
E08000015,12/1/20,12190
E08000016,12/1/20,9240
E08000017,12/1/20,13910
E08000018,12/1/20,11375
E08000019,12/1/20,23295
E08000021,12/1/20,15230
E08000022,12/1/20,8015
E08000023,12/1/20,8215
E08000024,12/1/20,13355
E08000025,12/1/20,81235
E08000026,12/1/20,16425
E08000027,12/1/20,14220
E08000028,12/1/20,19385
E08000029,12/1/20,7515
E08000030,12/1/20,14685
E08000031,12/1/20,16720
E08000032,12/1/20,30800
E08000033,12/1/20,8865
E08000034,12/1/20,18145
E08000035,12/1/20,35035
E08000036,12/1/20,12625
E08000037,12/1/20,9315
E09000001,12/1/20,260
E09000002,12/1/20,14330
E09000003,12/1/20,18545
E09000004,12/1/20,8915
E09000005,12/1/20,22885
E09000006,12/1/20,11395
E09000007,12/1/20,11220
E09000008,12/1/20,23000
E09000009,12/1/20,21755
E09000010,12/1/20,19410
E09000011,12/1/20,16070
E09000012,12/1/20,18805
E09000013,12/1/20,10745
E09000014,12/1/20,20745
E09000015,12/1/20,11200
E09000016,12/1/20,10380
E09000017,12/1/20,14405
E09000018,12/1/20,16835
E09000019,12/1/20,13730
E09000020,12/1/20,6255
E09000021,12/1/20,5985
E09000022,12/1/20,21630
E09000023,12/1/20,20260
E09000024,12/1/20,9855
E09000025,12/1/20,26340
E09000026,12/1/20,15870
E09000027,12/1/20,5940
E09000028,12/1/20,20270
E09000029,12/1/20,7355
E09000030,12/1/20,21190
E09000031,12/1/20,18855
E09000032,12/1/20,14215
E09000033,12/1/20,10600
N09000001,12/1/20,3615
N09000002,12/1/20,5750
N09000003,12/1/20,13845
N09000004,12/1/20,4305
N09000005,12/1/20,6405
N09000006,12/1/20,2715
N09000007,12/1/20,3165
N09000008,12/1/20,3855
N09000009,12/1/20,3615
N09000010,12/1/20,5495
N09000011,12/1/20,4365
S12000005,12/1/20,2065
S12000006,12/1/20,4435
S12000008,12/1/20,5615
S12000010,12/1/20,3220
S12000011,12/1/20,2135
S12000013,12/1/20,755
S12000014,12/1/20,5815
S12000017,12/1/20,7200
S12000018,12/1/20,2890
S12000019,12/1/20,2905
S12000020,12/1/20,2755
S12000021,12/1/20,6650
S12000023,12/1/20,365
S12000026,12/1/20,3485
S12000027,12/1/20,450
S12000028,12/1/20,4545
S12000029,12/1/20,12250
S12000030,12/1/20,2720
S12000033,12/1/20,9295
S12000034,12/1/20,6410
S12000035,12/1/20,2785
S12000036,12/1/20,17780
S12000038,12/1/20,7045
S12000039,12/1/20,4535
S12000040,12/1/20,6140
S12000041,12/1/20,3670
S12000042,12/1/20,6805
S12000045,12/1/20,2525
S12000047,12/1/20,14080
S12000048,12/1/20,4055
S12000049,12/1/20,36040
S12000050,12/1/20,14195
W06000001,12/1/20,2350
W06000002,12/1/20,3875
W06000003,12/1/20,4325
W06000004,12/1/20,3530
W06000005,12/1/20,4845
W06000006,12/1/20,4715
W06000008,12/1/20,1875
W06000009,12/1/20,4000
W06000010,12/1/20,5615
W06000011,12/1/20,8655
W06000012,12/1/20,4845
W06000013,12/1/20,4990
W06000014,12/1/20,4185
W06000015,12/1/20,15830
W06000016,12/1/20,9025
W06000018,12/1/20,6475
W06000019,12/1/20,2800
W06000020,12/1/20,3425
W06000021,12/1/20,2145
W06000022,12/1/20,7075
W06000023,12/1/20,3260
W06000024,12/1/20,2375
E06000001,1/1/21,4860
E06000002,1/1/21,8815
E06000003,1/1/21,5665
E06000004,1/1/21,8035
E06000005,1/1/21,4485
E06000006,1/1/21,5345
E06000007,1/1/21,6420
E06000008,1/1/21,7475
E06000009,1/1/21,10240
E06000010,1/1/21,15985
E06000011,1/1/21,8575
E06000012,1/1/21,6485
E06000013,1/1/21,5885
E06000014,1/1/21,4595
E06000015,1/1/21,11905
E06000016,1/1/21,16945
E06000017,1/1/21,705
E06000018,1/1/21,17415
E06000019,1/1/21,4435
E06000020,1/1/21,6510
E06000021,1/1/21,12355
E06000022,1/1/21,4740
E06000023,1/1/21,18725
E06000024,1/1/21,5600
E06000025,1/1/21,6290
E06000026,1/1/21,9705
E06000027,1/1/21,5310
E06000030,1/1/21,7775
E06000031,1/1/21,9350
E06000032,1/1/21,11315
E06000033,1/1/21,8475
E06000034,1/1/21,7410
E06000035,1/1/21,11475
E06000036,1/1/21,3370
E06000037,1/1/21,3705
E06000038,1/1/21,6820
E06000039,1/1/21,7890
E06000040,1/1/21,4150
E06000041,1/1/21,3455
E06000042,1/1/21,9890
E06000043,1/1/21,13590
E06000044,1/1/21,9730
E06000045,1/1/21,11410
E06000046,1/1/21,5245
E06000047,1/1/21,19925
E06000049,1/1/21,10165
E06000050,1/1/21,10280
E06000051,1/1/21,8255
E06000052,1/1/21,18085
E06000053,1/1/21,60
E06000054,1/1/21,11470
E06000055,1/1/21,6810
E06000056,1/1/21,6970
E06000057,1/1/21,10940
E06000058,1/1/21,14560
E06000059,1/1/21,8920
E06000060,1/1/21,14765
E06000061,1/1/21,11150
E06000062,1/1/21,13110
E06000063,1/1/21,7650
E06000064,1/1/21,4970
E06000065,1/1/21,14060
E06000066,1/1/21,15010
E07000008,1/1/21,3395
E07000009,1/1/21,1735
E07000010,1/1/21,3415
E07000011,1/1/21,4000
E07000012,1/1/21,2965
E07000032,1/1/21,3260
E07000033,1/1/21,2365
E07000034,1/1/21,3450
E07000035,1/1/21,1325
E07000036,1/1/21,3570
E07000037,1/1/21,2530
E07000038,1/1/21,2535
E07000039,1/1/21,2575
E07000040,1/1/21,3145
E07000041,1/1/21,3460
E07000042,1/1/21,1755
E07000043,1/1/21,2860
E07000044,1/1/21,2025
E07000045,1/1/21,3325
E07000046,1/1/21,1900
E07000047,1/1/21,1255
E07000061,1/1/21,4385
E07000062,1/1/21,4995
E07000063,1/1/21,3165
E07000064,1/1/21,2870
E07000065,1/1/21,3750
E07000066,1/1/21,7515
E07000067,1/1/21,4585
E07000068,1/1/21,2245
E07000069,1/1/21,2645
E07000070,1/1/21,4965
E07000071,1/1/21,6000
E07000072,1/1/21,4665
E07000073,1/1/21,4255
E07000074,1/1/21,1730
E07000075,1/1/21,2155
E07000076,1/1/21,6170
E07000077,1/1/21,2045
E07000078,1/1/21,3575
E07000079,1/1/21,1760
E07000080,1/1/21,2245
E07000081,1/1/21,4640
E07000082,1/1/21,2590
E07000083,1/1/21,2065
E07000084,1/1/21,4625
E07000085,1/1/21,2560
E07000086,1/1/21,3020
E07000087,1/1/21,2410
E07000088,1/1/21,2740
E07000089,1/1/21,1830
E07000090,1/1/21,4355
E07000091,1/1/21,3840
E07000092,1/1/21,2915
E07000093,1/1/21,2595
E07000094,1/1/21,2655
E07000095,1/1/21,3820
E07000096,1/1/21,4690
E07000098,1/1/21,3580
E07000099,1/1/21,3440
E07000102,1/1/21,2565
E07000103,1/1/21,4195
E07000105,1/1/21,4515
E07000106,1/1/21,5045
E07000107,1/1/21,3840
E07000108,1/1/21,4460
E07000109,1/1/21,4705
E07000110,1/1/21,5140
E07000111,1/1/21,2785
E07000112,1/1/21,4735
E07000113,1/1/21,5795
E07000114,1/1/21,7920
E07000115,1/1/21,3175
E07000116,1/1/21,3065
E07000117,1/1/21,4735
E07000118,1/1/21,3065
E07000119,1/1/21,2405
E07000120,1/1/21,3900
E07000121,1/1/21,4750
E07000122,1/1/21,4000
E07000123,1/1/21,6080
E07000124,1/1/21,1105
E07000125,1/1/21,2785
E07000126,1/1/21,2645
E07000127,1/1/21,3465
E07000128,1/1/21,3700
E07000129,1/1/21,2255
E07000130,1/1/21,4435
E07000131,1/1/21,1865
E07000132,1/1/21,2870
E07000133,1/1/21,1225
E07000134,1/1/21,2525
E07000135,1/1/21,1490
E07000136,1/1/21,2655
E07000137,1/1/21,5195
E07000138,1/1/21,4225
E07000139,1/1/21,2445
E07000140,1/1/21,2775
E07000141,1/1/21,3990
E07000142,1/1/21,2785
E07000143,1/1/21,3375
E07000144,1/1/21,2580
E07000145,1/1/21,4905
E07000146,1/1/21,4170
E07000147,1/1/21,2400
E07000148,1/1/21,6065
E07000149,1/1/21,2895
E07000170,1/1/21,4465
E07000171,1/1/21,3420
E07000172,1/1/21,2975
E07000173,1/1/21,3420
E07000174,1/1/21,3820
E07000175,1/1/21,3295
E07000176,1/1/21,2235
E07000177,1/1/21,3775
E07000178,1/1/21,4620
E07000179,1/1/21,2800
E07000180,1/1/21,2650
E07000181,1/1/21,2305
E07000192,1/1/21,3325
E07000193,1/1/21,3640
E07000194,1/1/21,2645
E07000195,1/1/21,3655
E07000196,1/1/21,2910
E07000197,1/1/21,3280
E07000198,1/1/21,2085
E07000199,1/1/21,2780
E07000200,1/1/21,2360
E07000202,1/1/21,6185
E07000203,1/1/21,2145
E07000207,1/1/21,3115
E07000208,1/1/21,1815
E07000209,1/1/21,3115
E07000210,1/1/21,1840
E07000211,1/1/21,3830
E07000212,1/1/21,2460
E07000213,1/1/21,3435
E07000214,1/1/21,2140
E07000215,1/1/21,2250
E07000216,1/1/21,2350
E07000217,1/1/21,2685
E07000218,1/1/21,1905
E07000219,1/1/21,4895
E07000220,1/1/21,2990
E07000221,1/1/21,2855
E07000222,1/1/21,3505
E07000223,1/1/21,2170
E07000224,1/1/21,4925
E07000225,1/1/21,3275
E07000226,1/1/21,5990
E07000227,1/1/21,3290
E07000228,1/1/21,3170
E07000229,1/1/21,3765
E07000234,1/1/21,2615
E07000235,1/1/21,1990
E07000236,1/1/21,3060
E07000237,1/1/21,3480
E07000238,1/1/21,3165
E07000239,1/1/21,3400
E07000240,1/1/21,3355
E07000241,1/1/21,3590
E07000242,1/1/21,3630
E07000243,1/1/21,3170
E07000244,1/1/21,6910
E07000245,1/1/21,4380
E08000001,1/1/21,14525
E08000002,1/1/21,7985
E08000003,1/1/21,34110
E08000004,1/1/21,13710
E08000005,1/1/21,11400
E08000006,1/1/21,13925
E08000007,1/1/21,10220
E08000008,1/1/21,10995
E08000009,1/1/21,7425
E08000010,1/1/21,13015
E08000011,1/1/21,7910
E08000012,1/1/21,28725
E08000013,1/1/21,7330
E08000014,1/1/21,11105
E08000015,1/1/21,12050
E08000016,1/1/21,9215
E08000017,1/1/21,13820
E08000018,1/1/21,11290
E08000019,1/1/21,22955
E08000021,1/1/21,15105
E08000022,1/1/21,7960
E08000023,1/1/21,8265
E08000024,1/1/21,13110
E08000025,1/1/21,80815
E08000026,1/1/21,16195
E08000027,1/1/21,14065
E08000028,1/1/21,19250
E08000029,1/1/21,7390
E08000030,1/1/21,14665
E08000031,1/1/21,16710
E08000032,1/1/21,30890
E08000033,1/1/21,8750
E08000034,1/1/21,18035
E08000035,1/1/21,35140
E08000036,1/1/21,12525
E08000037,1/1/21,9255
E09000001,1/1/21,260
E09000002,1/1/21,13985
E09000003,1/1/21,18025
E09000004,1/1/21,8645
E09000005,1/1/21,22800
E09000006,1/1/21,11145
E09000007,1/1/21,11070
E09000008,1/1/21,22600
E09000009,1/1/21,21515
E09000010,1/1/21,19235
E09000011,1/1/21,15840
E09000012,1/1/21,18635
E09000013,1/1/21,10680
E09000014,1/1/21,20485
E09000015,1/1/21,10945
E09000016,1/1/21,10025
E09000017,1/1/21,14285
E09000018,1/1/21,16440
E09000019,1/1/21,13535
E09000020,1/1/21,6255
E09000021,1/1/21,5795
E09000022,1/1/21,21370
E09000023,1/1/21,20000
E09000024,1/1/21,9600
E09000025,1/1/21,25985
E09000026,1/1/21,15500
E09000027,1/1/21,5780
E09000028,1/1/21,20195
E09000029,1/1/21,7190
E09000030,1/1/21,20950
E09000031,1/1/21,18390
E09000032,1/1/21,13990
E09000033,1/1/21,10615
N09000001,1/1/21,3530
N09000002,1/1/21,5525
N09000003,1/1/21,13530
N09000004,1/1/21,4180
N09000005,1/1/21,6270
N09000006,1/1/21,2685
N09000007,1/1/21,3040
N09000008,1/1/21,3765
N09000009,1/1/21,3460
N09000010,1/1/21,5220
N09000011,1/1/21,4210
S12000005,1/1/21,2030
S12000006,1/1/21,4490
S12000008,1/1/21,5635
S12000010,1/1/21,3285
S12000011,1/1/21,2100
S12000013,1/1/21,730
S12000014,1/1/21,5820
S12000017,1/1/21,7325
S12000018,1/1/21,2925
S12000019,1/1/21,2920
S12000020,1/1/21,2835
S12000021,1/1/21,6605
S12000023,1/1/21,360
S12000026,1/1/21,3500
S12000027,1/1/21,455
S12000028,1/1/21,4725
S12000029,1/1/21,12195
S12000030,1/1/21,2660
S12000033,1/1/21,9470
S12000034,1/1/21,6500
S12000035,1/1/21,2775
S12000036,1/1/21,17475
S12000038,1/1/21,6930
S12000039,1/1/21,4525
S12000040,1/1/21,6175
S12000041,1/1/21,3720
S12000042,1/1/21,6755
S12000045,1/1/21,2455
S12000047,1/1/21,14210
S12000048,1/1/21,4065
S12000049,1/1/21,35615
S12000050,1/1/21,14060
W06000001,1/1/21,2310
W06000002,1/1/21,3930
W06000003,1/1/21,4285
W06000004,1/1/21,3470
W06000005,1/1/21,4820
W06000006,1/1/21,4790
W06000008,1/1/21,1855
W06000009,1/1/21,3950
W06000010,1/1/21,5510
W06000011,1/1/21,8405
W06000012,1/1/21,4700
W06000013,1/1/21,4870
W06000014,1/1/21,4105
W06000015,1/1/21,15510
W06000016,1/1/21,8745
W06000018,1/1/21,6405
W06000019,1/1/21,2740
W06000020,1/1/21,3405
W06000021,1/1/21,2120
W06000022,1/1/21,7035
W06000023,1/1/21,3235
W06000024,1/1/21,2355
E06000001,2/1/21,4985
E06000002,2/1/21,9160
E06000003,2/1/21,5900
E06000004,2/1/21,8395
E06000005,2/1/21,4660
E06000006,2/1/21,5595
E06000007,2/1/21,6790
E06000008,2/1/21,7775
E06000009,2/1/21,10510
E06000010,2/1/21,16485
E06000011,2/1/21,8840
E06000012,2/1/21,6680
E06000013,2/1/21,6090
E06000014,2/1/21,4925
E06000015,2/1/21,12530
E06000016,2/1/21,17730
E06000017,2/1/21,755
E06000018,2/1/21,18285
E06000019,2/1/21,4775
E06000020,2/1/21,6680
E06000021,2/1/21,12985
E06000022,2/1/21,4930
E06000023,2/1/21,19785
E06000024,2/1/21,5750
E06000025,2/1/21,6665
E06000026,2/1/21,10075
E06000027,2/1/21,5635
E06000030,2/1/21,8235
E06000031,2/1/21,9985
E06000032,2/1/21,12090
E06000033,2/1/21,9015
E06000034,2/1/21,7900
E06000035,2/1/21,12025
E06000036,2/1/21,3615
E06000037,2/1/21,3855
E06000038,2/1/21,7125
E06000039,2/1/21,8415
E06000040,2/1/21,4350
E06000041,2/1/21,3600
E06000042,2/1/21,10540
E06000043,2/1/21,14270
E06000044,2/1/21,10320
E06000045,2/1/21,12040
E06000046,2/1/21,5525
E06000047,2/1/21,20475
E06000049,2/1/21,10625
E06000050,2/1/21,10845
E06000051,2/1/21,8695
E06000052,2/1/21,19200
E06000053,2/1/21,65
E06000054,2/1/21,12130
E06000055,2/1/21,7320
E06000056,2/1/21,7450
E06000057,2/1/21,11275
E06000058,2/1/21,15140
E06000059,2/1/21,9560
E06000060,2/1/21,15515
E06000061,2/1/21,11990
E06000062,2/1/21,14025
E06000063,2/1/21,8025
E06000064,2/1/21,5255
E06000065,2/1/21,14745
E06000066,2/1/21,15775
E07000008,2/1/21,3620
E07000009,2/1/21,1835
E07000010,2/1/21,3595
E07000011,2/1/21,4205
E07000012,2/1/21,3110
E07000032,2/1/21,3455
E07000033,2/1/21,2480
E07000034,2/1/21,3640
E07000035,2/1/21,1395
E07000036,2/1/21,3770
E07000037,2/1/21,2650
E07000038,2/1/21,2695
E07000039,2/1/21,2680
E07000040,2/1/21,3345
E07000041,2/1/21,3635
E07000042,2/1/21,1870
E07000043,2/1/21,3090
E07000044,2/1/21,2165
E07000045,2/1/21,3475
E07000046,2/1/21,1990
E07000047,2/1/21,1330
E07000061,2/1/21,4620
E07000062,2/1/21,5210
E07000063,2/1/21,3335
E07000064,2/1/21,3005
E07000065,2/1/21,3985
E07000066,2/1/21,8015
E07000067,2/1/21,4860
E07000068,2/1/21,2360
E07000069,2/1/21,2795
E07000070,2/1/21,5130
E07000071,2/1/21,6285
E07000072,2/1/21,4915
E07000073,2/1/21,4540
E07000074,2/1/21,1800
E07000075,2/1/21,2330
E07000076,2/1/21,6470
E07000077,2/1/21,2165
E07000078,2/1/21,3720
E07000079,2/1/21,1925
E07000080,2/1/21,2395
E07000081,2/1/21,4790
E07000082,2/1/21,2720
E07000083,2/1/21,2205
E07000084,2/1/21,4850
E07000085,2/1/21,2765
E07000086,2/1/21,3165
E07000087,2/1/21,2485
E07000088,2/1/21,2960
E07000089,2/1/21,1955
E07000090,2/1/21,4590
E07000091,2/1/21,4005
E07000092,2/1/21,3040
E07000093,2/1/21,2805
E07000094,2/1/21,2795
E07000095,2/1/21,4065
E07000096,2/1/21,5005
E07000098,2/1/21,3840
E07000099,2/1/21,3690
E07000102,2/1/21,2650
E07000103,2/1/21,4400
E07000105,2/1/21,4695
E07000106,2/1/21,5285
E07000107,2/1/21,4070
E07000108,2/1/21,4590
E07000109,2/1/21,4920
E07000110,2/1/21,5430
E07000111,2/1/21,3005
E07000112,2/1/21,4910
E07000113,2/1/21,6010
E07000114,2/1/21,8095
E07000115,2/1/21,3375
E07000116,2/1/21,3265
E07000117,2/1/21,4950
E07000118,2/1/21,3250
E07000119,2/1/21,2475
E07000120,2/1/21,4130
E07000121,2/1/21,4975
E07000122,2/1/21,4205
E07000123,2/1/21,6385
E07000124,2/1/21,1195
E07000125,2/1/21,2890
E07000126,2/1/21,2745
E07000127,2/1/21,3630
E07000128,2/1/21,3885
E07000129,2/1/21,2395
E07000130,2/1/21,4660
E07000131,2/1/21,1950
E07000132,2/1/21,3035
E07000133,2/1/21,1295
E07000134,2/1/21,2620
E07000135,2/1/21,1565
E07000136,2/1/21,2810
E07000137,2/1/21,5525
E07000138,2/1/21,4365
E07000139,2/1/21,2605
E07000140,2/1/21,2935
E07000141,2/1/21,4130
E07000142,2/1/21,2880
E07000143,2/1/21,3550
E07000144,2/1/21,2770
E07000145,2/1/21,5075
E07000146,2/1/21,4435
E07000147,2/1/21,2560
E07000148,2/1/21,6390
E07000149,2/1/21,3015
E07000170,2/1/21,4620
E07000171,2/1/21,3565
E07000172,2/1/21,3135
E07000173,2/1/21,3565
E07000174,2/1/21,4110
E07000175,2/1/21,3445
E07000176,2/1/21,2325
E07000177,2/1/21,3985
E07000178,2/1/21,4905
E07000179,2/1/21,3030
E07000180,2/1/21,2815
E07000181,2/1/21,2425
E07000192,2/1/21,3465
E07000193,2/1/21,3855
E07000194,2/1/21,2750
E07000195,2/1/21,3810
E07000196,2/1/21,3075
E07000197,2/1/21,3445
E07000198,2/1/21,2200
E07000199,2/1/21,2890
E07000200,2/1/21,2485
E07000202,2/1/21,6490
E07000203,2/1/21,2295
E07000207,2/1/21,3260
E07000208,2/1/21,1940
E07000209,2/1/21,3280
E07000210,2/1/21,1910
E07000211,2/1/21,4040
E07000212,2/1/21,2615
E07000213,2/1/21,3615
E07000214,2/1/21,2250
E07000215,2/1/21,2360
E07000216,2/1/21,2475
E07000217,2/1/21,2855
E07000218,2/1/21,2045
E07000219,2/1/21,5100
E07000220,2/1/21,3165
E07000221,2/1/21,3050
E07000222,2/1/21,3700
E07000223,2/1/21,2300
E07000224,2/1/21,5335
E07000225,2/1/21,3460
E07000226,2/1/21,6365
E07000227,2/1/21,3485
E07000228,2/1/21,3350
E07000229,2/1/21,3960
E07000234,2/1/21,2725
E07000235,2/1/21,2095
E07000236,2/1/21,3290
E07000237,2/1/21,3780
E07000238,2/1/21,3375
E07000239,2/1/21,3570
E07000240,2/1/21,3535
E07000241,2/1/21,3820
E07000242,2/1/21,3855
E07000243,2/1/21,3440
E07000244,2/1/21,7155
E07000245,2/1/21,4635
E08000001,2/1/21,15050
E08000002,2/1/21,8235
E08000003,2/1/21,35590
E08000004,2/1/21,14390
E08000005,2/1/21,12040
E08000006,2/1/21,14580
E08000007,2/1/21,10820
E08000008,2/1/21,11500
E08000009,2/1/21,7745
E08000010,2/1/21,13575
E08000011,2/1/21,8080
E08000012,2/1/21,29795
E08000013,2/1/21,7500
E08000014,2/1/21,11595
E08000015,2/1/21,12390
E08000016,2/1/21,9685
E08000017,2/1/21,14440
E08000018,2/1/21,11745
E08000019,2/1/21,23975
E08000021,2/1/21,15510
E08000022,2/1/21,8250
E08000023,2/1/21,8380
E08000024,2/1/21,13430
E08000025,2/1/21,83655
E08000026,2/1/21,17100
E08000027,2/1/21,14540
E08000028,2/1/21,19930
E08000029,2/1/21,7650
E08000030,2/1/21,15320
E08000031,2/1/21,17270
E08000032,2/1/21,31990
E08000033,2/1/21,9040
E08000034,2/1/21,18665
E08000035,2/1/21,36530
E08000036,2/1/21,13295
E08000037,2/1/21,9515
E09000001,2/1/21,245
E09000002,2/1/21,14895
E09000003,2/1/21,19030
E09000004,2/1/21,9110
E09000005,2/1/21,24125
E09000006,2/1/21,11750
E09000007,2/1/21,11650
E09000008,2/1/21,23625
E09000009,2/1/21,22655
E09000010,2/1/21,20230
E09000011,2/1/21,16580
E09000012,2/1/21,19270
E09000013,2/1/21,11125
E09000014,2/1/21,21640
E09000015,2/1/21,11605
E09000016,2/1/21,10685
E09000017,2/1/21,15000
E09000018,2/1/21,17570
E09000019,2/1/21,14115
E09000020,2/1/21,6505
E09000021,2/1/21,6125
E09000022,2/1/21,22300
E09000023,2/1/21,20930
E09000024,2/1/21,10060
E09000025,2/1/21,27625
E09000026,2/1/21,16640
E09000027,2/1/21,6005
E09000028,2/1/21,21105
E09000029,2/1/21,7600
E09000030,2/1/21,21860
E09000031,2/1/21,19465
E09000032,2/1/21,14635
E09000033,2/1/21,11035
N09000001,2/1/21,3665
N09000002,2/1/21,5775
N09000003,2/1/21,13950
N09000004,2/1/21,4390
N09000005,2/1/21,6425
N09000006,2/1/21,2765
N09000007,2/1/21,3180
N09000008,2/1/21,3955
N09000009,2/1/21,3545
N09000010,2/1/21,5600
N09000011,2/1/21,4400
S12000005,2/1/21,2095
S12000006,2/1/21,4700
S12000008,2/1/21,5760
S12000010,2/1/21,3480
S12000011,2/1/21,2135
S12000013,2/1/21,770
S12000014,2/1/21,5945
S12000017,2/1/21,7765
S12000018,2/1/21,2995
S12000019,2/1/21,3070
S12000020,2/1/21,3040
S12000021,2/1/21,6800
S12000023,2/1/21,375
S12000026,2/1/21,3645
S12000027,2/1/21,470
S12000028,2/1/21,4690
S12000029,2/1/21,12640
S12000030,2/1/21,2775
S12000033,2/1/21,9725
S12000034,2/1/21,6655
S12000035,2/1/21,2910
S12000036,2/1/21,18415
S12000038,2/1/21,7190
S12000039,2/1/21,4605
S12000040,2/1/21,6385
S12000041,2/1/21,3795
S12000042,2/1/21,7015
S12000045,2/1/21,2560
S12000047,2/1/21,14735
S12000048,2/1/21,4150
S12000049,2/1/21,36405
S12000050,2/1/21,14505
W06000001,2/1/21,2390
W06000002,2/1/21,4145
W06000003,2/1/21,4380
W06000004,2/1/21,3600
W06000005,2/1/21,5035
W06000006,2/1/21,4955
W06000008,2/1/21,1900
W06000009,2/1/21,4140
W06000010,2/1/21,5815
W06000011,2/1/21,8795
W06000012,2/1/21,4875
W06000013,2/1/21,5055
W06000014,2/1/21,4255
W06000015,2/1/21,16135
W06000016,2/1/21,9065
W06000018,2/1/21,6655
W06000019,2/1/21,2860
W06000020,2/1/21,3565
W06000021,2/1/21,2245
W06000022,2/1/21,7395
W06000023,2/1/21,3325
W06000024,2/1/21,2410
E06000001,3/1/21,4975
E06000002,3/1/21,9240
E06000003,3/1/21,5890
E06000004,3/1/21,8400
E06000005,3/1/21,4705
E06000006,3/1/21,5595
E06000007,3/1/21,6840
E06000008,3/1/21,7840
E06000009,3/1/21,10440
E06000010,3/1/21,16400
E06000011,3/1/21,8590
E06000012,3/1/21,6525
E06000013,3/1/21,6025
E06000014,3/1/21,4880
E06000015,3/1/21,12495
E06000016,3/1/21,18150
E06000017,3/1/21,770
E06000018,3/1/21,18435
E06000019,3/1/21,4760
E06000020,3/1/21,6605
E06000021,3/1/21,12880
E06000022,3/1/21,5035
E06000023,3/1/21,19615
E06000024,3/1/21,5715
E06000025,3/1/21,6685
E06000026,3/1/21,10070
E06000027,3/1/21,5570
E06000030,3/1/21,8160
E06000031,3/1/21,10400
E06000032,3/1/21,12340
E06000033,3/1/21,9020
E06000034,3/1/21,7810
E06000035,3/1/21,12165
E06000036,3/1/21,3480
E06000037,3/1/21,3870
E06000038,3/1/21,7180
E06000039,3/1/21,8450
E06000040,3/1/21,4300
E06000041,3/1/21,3550
E06000042,3/1/21,10840
E06000043,3/1/21,14245
E06000044,3/1/21,10250
E06000045,3/1/21,12145
E06000046,3/1/21,5490
E06000047,3/1/21,20225
E06000049,3/1/21,10520
E06000050,3/1/21,10625
E06000051,3/1/21,8570
E06000052,3/1/21,19225
E06000053,3/1/21,60
E06000054,3/1/21,12145
E06000055,3/1/21,7435
E06000056,3/1/21,7455
E06000057,3/1/21,11185
E06000058,3/1/21,15250
E06000059,3/1/21,9515
E06000060,3/1/21,15350
E06000061,3/1/21,11995
E06000062,3/1/21,13920
E06000063,3/1/21,8120
E06000064,3/1/21,5330
E06000065,3/1/21,14715
E06000066,3/1/21,15580
E07000008,3/1/21,3560
E07000009,3/1/21,1845
E07000010,3/1/21,3580
E07000011,3/1/21,4125
E07000012,3/1/21,3090
E07000032,3/1/21,3475
E07000033,3/1/21,2415
E07000034,3/1/21,3640
E07000035,3/1/21,1355
E07000036,3/1/21,3780
E07000037,3/1/21,2600
E07000038,3/1/21,2680
E07000039,3/1/21,2620
E07000040,3/1/21,3385
E07000041,3/1/21,3720
E07000042,3/1/21,1865
E07000043,3/1/21,3070
E07000044,3/1/21,2180
E07000045,3/1/21,3535
E07000046,3/1/21,1970
E07000047,3/1/21,1295
E07000061,3/1/21,4630
E07000062,3/1/21,5175
E07000063,3/1/21,3330
E07000064,3/1/21,2960
E07000065,3/1/21,3960
E07000066,3/1/21,7980
E07000067,3/1/21,4755
E07000068,3/1/21,2365
E07000069,3/1/21,2770
E07000070,3/1/21,5105
E07000071,3/1/21,6240
E07000072,3/1/21,4880
E07000073,3/1/21,4545
E07000074,3/1/21,1800
E07000075,3/1/21,2325
E07000076,3/1/21,6335
E07000077,3/1/21,2130
E07000078,3/1/21,3695
E07000079,3/1/21,1895
E07000080,3/1/21,2315
E07000081,3/1/21,4840
E07000082,3/1/21,2685
E07000083,3/1/21,2180
E07000084,3/1/21,4865
E07000085,3/1/21,2740
E07000086,3/1/21,3175
E07000087,3/1/21,2420
E07000088,3/1/21,2945
E07000089,3/1/21,1955
E07000090,3/1/21,4580
E07000091,3/1/21,4005
E07000092,3/1/21,3100
E07000093,3/1/21,2795
E07000094,3/1/21,2760
E07000095,3/1/21,4030
E07000096,3/1/21,5010
E07000098,3/1/21,3820
E07000099,3/1/21,3575
E07000102,3/1/21,2620
E07000103,3/1/21,4380
E07000105,3/1/21,4585
E07000106,3/1/21,5200
E07000107,3/1/21,4025
E07000108,3/1/21,4525
E07000109,3/1/21,4955
E07000110,3/1/21,5445
E07000111,3/1/21,2925
E07000112,3/1/21,4775
E07000113,3/1/21,6020
E07000114,3/1/21,7915
E07000115,3/1/21,3325
E07000116,3/1/21,3255
E07000117,3/1/21,4935
E07000118,3/1/21,3205
E07000119,3/1/21,2435
E07000120,3/1/21,4060
E07000121,3/1/21,4920
E07000122,3/1/21,4180
E07000123,3/1/21,6355
E07000124,3/1/21,1160
E07000125,3/1/21,2830
E07000126,3/1/21,2735
E07000127,3/1/21,3600
E07000128,3/1/21,3785
E07000129,3/1/21,2335
E07000130,3/1/21,4585
E07000131,3/1/21,1910
E07000132,3/1/21,2990
E07000133,3/1/21,1265
E07000134,3/1/21,2570
E07000135,3/1/21,1560
E07000136,3/1/21,2875
E07000137,3/1/21,5450
E07000138,3/1/21,4375
E07000139,3/1/21,2565
E07000140,3/1/21,2895
E07000141,3/1/21,4075
E07000142,3/1/21,2850
E07000143,3/1/21,3520
E07000144,3/1/21,2725
E07000145,3/1/21,5005
E07000146,3/1/21,4405
E07000147,3/1/21,2535
E07000148,3/1/21,6430
E07000149,3/1/21,3010
E07000170,3/1/21,4620
E07000171,3/1/21,3465
E07000172,3/1/21,3070
E07000173,3/1/21,3580
E07000174,3/1/21,4120
E07000175,3/1/21,3480
E07000176,3/1/21,2290
E07000177,3/1/21,4080
E07000178,3/1/21,5040
E07000179,3/1/21,3035
E07000180,3/1/21,2815
E07000181,3/1/21,2440
E07000192,3/1/21,3420
E07000193,3/1/21,3925
E07000194,3/1/21,2760
E07000195,3/1/21,3735
E07000196,3/1/21,3085
E07000197,3/1/21,3385
E07000198,3/1/21,2140
E07000199,3/1/21,2905
E07000200,3/1/21,2465
E07000202,3/1/21,6675
E07000203,3/1/21,2205
E07000207,3/1/21,3340
E07000208,3/1/21,1895
E07000209,3/1/21,3300
E07000210,3/1/21,1900
E07000211,3/1/21,4005
E07000212,3/1/21,2610
E07000213,3/1/21,3585
E07000214,3/1/21,2220
E07000215,3/1/21,2290
E07000216,3/1/21,2420
E07000217,3/1/21,2835
E07000218,3/1/21,2020
E07000219,3/1/21,5105
E07000220,3/1/21,3120
E07000221,3/1/21,3050
E07000222,3/1/21,3680
E07000223,3/1/21,2290
E07000224,3/1/21,5290
E07000225,3/1/21,3460
E07000226,3/1/21,6390
E07000227,3/1/21,3425
E07000228,3/1/21,3275
E07000229,3/1/21,3960
E07000234,3/1/21,2655
E07000235,3/1/21,2085
E07000236,3/1/21,3215
E07000237,3/1/21,3770
E07000238,3/1/21,3355
E07000239,3/1/21,3480
E07000240,3/1/21,3495
E07000241,3/1/21,3795
E07000242,3/1/21,3790
E07000243,3/1/21,3425
E07000244,3/1/21,7175
E07000245,3/1/21,4535
E08000001,3/1/21,15025
E08000002,3/1/21,8245
E08000003,3/1/21,35895
E08000004,3/1/21,14445
E08000005,3/1/21,12085
E08000006,3/1/21,14600
E08000007,3/1/21,10670
E08000008,3/1/21,11230
E08000009,3/1/21,7745
E08000010,3/1/21,13425
E08000011,3/1/21,8185
E08000012,3/1/21,30045
E08000013,3/1/21,7560
E08000014,3/1/21,11545
E08000015,3/1/21,12290
E08000016,3/1/21,9755
E08000017,3/1/21,14615
E08000018,3/1/21,11700
E08000019,3/1/21,24125
E08000021,3/1/21,15520
E08000022,3/1/21,8105
E08000023,3/1/21,8405
E08000024,3/1/21,13300
E08000025,3/1/21,83920
E08000026,3/1/21,17245
E08000027,3/1/21,14400
E08000028,3/1/21,19875
E08000029,3/1/21,7580
E08000030,3/1/21,15310
E08000031,3/1/21,17435
E08000032,3/1/21,32190
E08000033,3/1/21,9110
E08000034,3/1/21,18605
E08000035,3/1/21,36605
E08000036,3/1/21,13270
E08000037,3/1/21,9420
E09000001,3/1/21,260
E09000002,3/1/21,14940
E09000003,3/1/21,18930
E09000004,3/1/21,9150
E09000005,3/1/21,24400
E09000006,3/1/21,11730
E09000007,3/1/21,11690
E09000008,3/1/21,23695
E09000009,3/1/21,22790
E09000010,3/1/21,20405
E09000011,3/1/21,16640
E09000012,3/1/21,19395
E09000013,3/1/21,11105
E09000014,3/1/21,21875
E09000015,3/1/21,11580
E09000016,3/1/21,10690
E09000017,3/1/21,14965
E09000018,3/1/21,17695
E09000019,3/1/21,14150
E09000020,3/1/21,6530
E09000021,3/1/21,6095
E09000022,3/1/21,22510
E09000023,3/1/21,20950
E09000024,3/1/21,10015
E09000025,3/1/21,28000
E09000026,3/1/21,16720
E09000027,3/1/21,5955
E09000028,3/1/21,21225
E09000029,3/1/21,7610
E09000030,3/1/21,22065
E09000031,3/1/21,19665
E09000032,3/1/21,14540
E09000033,3/1/21,11100
N09000001,3/1/21,3660
N09000002,3/1/21,5670
N09000003,3/1/21,14050
N09000004,3/1/21,4325
N09000005,3/1/21,6325
N09000006,3/1/21,2725
N09000007,3/1/21,3195
N09000008,3/1/21,3965
N09000009,3/1/21,3400
N09000010,3/1/21,5510
N09000011,3/1/21,4285
S12000005,3/1/21,2070
S12000006,3/1/21,4670
S12000008,3/1/21,5680
S12000010,3/1/21,3485
S12000011,3/1/21,2125
S12000013,3/1/21,775
S12000014,3/1/21,6035
S12000017,3/1/21,7765
S12000018,3/1/21,3030
S12000019,3/1/21,3090
S12000020,3/1/21,3015
S12000021,3/1/21,6760
S12000023,3/1/21,385
S12000026,3/1/21,3630
S12000027,3/1/21,445
S12000028,3/1/21,4620
S12000029,3/1/21,12645
S12000030,3/1/21,2730
S12000033,3/1/21,9675
S12000034,3/1/21,6560
S12000035,3/1/21,2875
S12000036,3/1/21,18425
S12000038,3/1/21,7240
S12000039,3/1/21,4515
S12000040,3/1/21,6530
S12000041,3/1/21,3760
S12000042,3/1/21,6880
S12000045,3/1/21,2555
S12000047,3/1/21,14800
S12000048,3/1/21,4170
S12000049,3/1/21,36590
S12000050,3/1/21,14415
W06000001,3/1/21,2380
W06000002,3/1/21,4045
W06000003,3/1/21,4330
W06000004,3/1/21,3615
W06000005,3/1/21,5000
W06000006,3/1/21,4900
W06000008,3/1/21,1925
W06000009,3/1/21,4045
W06000010,3/1/21,5735
W06000011,3/1/21,8835
W06000012,3/1/21,4805
W06000013,3/1/21,4945
W06000014,3/1/21,4275
W06000015,3/1/21,16075
W06000016,3/1/21,8975
W06000018,3/1/21,6560
W06000019,3/1/21,2855
W06000020,3/1/21,3545
W06000021,3/1/21,2235
W06000022,3/1/21,7365
W06000023,3/1/21,3305
W06000024,3/1/21,2400
E06000001,4/1/21,4840
E06000002,4/1/21,9065
E06000003,4/1/21,5725
E06000004,4/1/21,8235
E06000005,4/1/21,4605
E06000006,4/1/21,5465
E06000007,4/1/21,6670
E06000008,4/1/21,7740
E06000009,4/1/21,10120
E06000010,4/1/21,16015
E06000011,4/1/21,8400
E06000012,4/1/21,6305
E06000013,4/1/21,5825
E06000014,4/1/21,4800
E06000015,4/1/21,12310
E06000016,4/1/21,18050
E06000017,4/1/21,760
E06000018,4/1/21,18255
E06000019,4/1/21,4675
E06000020,4/1/21,6485
E06000021,4/1/21,12740
E06000022,4/1/21,4940
E06000023,4/1/21,19355
E06000024,4/1/21,5600
E06000025,4/1/21,6440
E06000026,4/1/21,9830
E06000027,4/1/21,5455
E06000030,4/1/21,7955
E06000031,4/1/21,10355
E06000032,4/1/21,12380
E06000033,4/1/21,8700
E06000034,4/1/21,7730
E06000035,4/1/21,12030
E06000036,4/1/21,3435
E06000037,4/1/21,3800
E06000038,4/1/21,7150
E06000039,4/1/21,8405
E06000040,4/1/21,4140
E06000041,4/1/21,3460
E06000042,4/1/21,10855
E06000043,4/1/21,13905
E06000044,4/1/21,10145
E06000045,4/1/21,12000
E06000046,4/1/21,5370
E06000047,4/1/21,19895
E06000049,4/1/21,10260
E06000050,4/1/21,10455
E06000051,4/1/21,8330
E06000052,4/1/21,18785
E06000053,4/1/21,55
E06000054,4/1/21,11890
E06000055,4/1/21,7305
E06000056,4/1/21,7370
E06000057,4/1/21,10865
E06000058,4/1/21,14900
E06000059,4/1/21,9285
E06000060,4/1/21,15040
E06000061,4/1/21,11655
E06000062,4/1/21,13890
E06000063,4/1/21,8050
E06000064,4/1/21,5150
E06000065,4/1/21,14290
E06000066,4/1/21,15185
E07000008,4/1/21,3525
E07000009,4/1/21,1790
E07000010,4/1/21,3525
E07000011,4/1/21,4060
E07000012,4/1/21,3045
E07000032,4/1/21,3360
E07000033,4/1/21,2390
E07000034,4/1/21,3600
E07000035,4/1/21,1315
E07000036,4/1/21,3665
E07000037,4/1/21,2535
E07000038,4/1/21,2575
E07000039,4/1/21,2555
E07000040,4/1/21,3215
E07000041,4/1/21,3625
E07000042,4/1/21,1845
E07000043,4/1/21,2980
E07000044,4/1/21,2095
E07000045,4/1/21,3455
E07000046,4/1/21,1905
E07000047,4/1/21,1255
E07000061,4/1/21,4510
E07000062,4/1/21,5105
E07000063,4/1/21,3255
E07000064,4/1/21,2885
E07000065,4/1/21,3855
E07000066,4/1/21,7905
E07000067,4/1/21,4665
E07000068,4/1/21,2310
E07000069,4/1/21,2690
E07000070,4/1/21,4920
E07000071,4/1/21,6165
E07000072,4/1/21,4790
E07000073,4/1/21,4430
E07000074,4/1/21,1795
E07000075,4/1/21,2260
E07000076,4/1/21,6275
E07000077,4/1/21,2105
E07000078,4/1/21,3600
E07000079,4/1/21,1865
E07000080,4/1/21,2255
E07000081,4/1/21,4715
E07000082,4/1/21,2560
E07000083,4/1/21,2100
E07000084,4/1/21,4795
E07000085,4/1/21,2700
E07000086,4/1/21,3060
E07000087,4/1/21,2330
E07000088,4/1/21,2825
E07000089,4/1/21,1845
E07000090,4/1/21,4465
E07000091,4/1/21,3905
E07000092,4/1/21,3110
E07000093,4/1/21,2695
E07000094,4/1/21,2725
E07000095,4/1/21,3980
E07000096,4/1/21,4950
E07000098,4/1/21,3690
E07000099,4/1/21,3550
E07000102,4/1/21,2585
E07000103,4/1/21,4315
E07000105,4/1/21,4450
E07000106,4/1/21,5035
E07000107,4/1/21,3990
E07000108,4/1/21,4400
E07000109,4/1/21,4895
E07000110,4/1/21,5390
E07000111,4/1/21,2905
E07000112,4/1/21,4660
E07000113,4/1/21,5865
E07000114,4/1/21,7835
E07000115,4/1/21,3285
E07000116,4/1/21,3125
E07000117,4/1/21,4820
E07000118,4/1/21,3140
E07000119,4/1/21,2315
E07000120,4/1/21,4020
E07000121,4/1/21,4825
E07000122,4/1/21,4210
E07000123,4/1/21,6220
E07000124,4/1/21,1125
E07000125,4/1/21,2800
E07000126,4/1/21,2635
E07000127,4/1/21,3510
E07000128,4/1/21,3660
E07000129,4/1/21,2325
E07000130,4/1/21,4485
E07000131,4/1/21,1860
E07000132,4/1/21,2880
E07000133,4/1/21,1255
E07000134,4/1/21,2485
E07000135,4/1/21,1525
E07000136,4/1/21,2775
E07000137,4/1/21,5285
E07000138,4/1/21,4305
E07000139,4/1/21,2470
E07000140,4/1/21,2885
E07000141,4/1/21,3955
E07000142,4/1/21,2795
E07000143,4/1/21,3450
E07000144,4/1/21,2680
E07000145,4/1/21,4880
E07000146,4/1/21,4300
E07000147,4/1/21,2510
E07000148,4/1/21,6375
E07000149,4/1/21,2950
E07000170,4/1/21,4510
E07000171,4/1/21,3430
E07000172,4/1/21,3020
E07000173,4/1/21,3500
E07000174,4/1/21,4070
E07000175,4/1/21,3385
E07000176,4/1/21,2230
E07000177,4/1/21,3975
E07000178,4/1/21,4965
E07000179,4/1/21,2880
E07000180,4/1/21,2765
E07000181,4/1/21,2400
E07000192,4/1/21,3315
E07000193,4/1/21,3890
E07000194,4/1/21,2700
E07000195,4/1/21,3670
E07000196,4/1/21,2925
E07000197,4/1/21,3360
E07000198,4/1/21,2055
E07000199,4/1/21,2855
E07000200,4/1/21,2370
E07000202,4/1/21,6530
E07000203,4/1/21,2120
E07000207,4/1/21,3230
E07000208,4/1/21,1845
E07000209,4/1/21,3210
E07000210,4/1/21,1845
E07000211,4/1/21,3845
E07000212,4/1/21,2555
E07000213,4/1/21,3520
E07000214,4/1/21,2045
E07000215,4/1/21,2205
E07000216,4/1/21,2340
E07000217,4/1/21,2730
E07000218,4/1/21,1960
E07000219,4/1/21,4990
E07000220,4/1/21,3065
E07000221,4/1/21,2965
E07000222,4/1/21,3585
E07000223,4/1/21,2200
E07000224,4/1/21,5180
E07000225,4/1/21,3395
E07000226,4/1/21,6160
E07000227,4/1/21,3325
E07000228,4/1/21,3170
E07000229,4/1/21,3825
E07000234,4/1/21,2560
E07000235,4/1/21,2005
E07000236,4/1/21,3155
E07000237,4/1/21,3675
E07000238,4/1/21,3200
E07000239,4/1/21,3325
E07000240,4/1/21,3470
E07000241,4/1/21,3815
E07000242,4/1/21,3775
E07000243,4/1/21,3420
E07000244,4/1/21,7050
E07000245,4/1/21,4485
E08000001,4/1/21,14915
E08000002,4/1/21,8050
E08000003,4/1/21,35560
E08000004,4/1/21,14360
E08000005,4/1/21,11925
E08000006,4/1/21,14390
E08000007,4/1/21,10375
E08000008,4/1/21,10930
E08000009,4/1/21,7600
E08000010,4/1/21,13095
E08000011,4/1/21,7970
E08000012,4/1/21,29700
E08000013,4/1/21,7380
E08000014,4/1/21,11375
E08000015,4/1/21,12025
E08000016,4/1/21,9590
E08000017,4/1/21,14480
E08000018,4/1/21,11520
E08000019,4/1/21,23750
E08000021,4/1/21,15200
E08000022,4/1/21,7840
E08000023,4/1/21,8245
E08000024,4/1/21,13070
E08000025,4/1/21,83055
E08000026,4/1/21,16995
E08000027,4/1/21,14010
E08000028,4/1/21,19630
E08000029,4/1/21,7360
E08000030,4/1/21,15035
E08000031,4/1/21,17155
E08000032,4/1/21,31995
E08000033,4/1/21,8890
E08000034,4/1/21,18185
E08000035,4/1/21,35965
E08000036,4/1/21,13035
E08000037,4/1/21,9240
E09000001,4/1/21,260
E09000002,4/1/21,14965
E09000003,4/1/21,19005
E09000004,4/1/21,8995
E09000005,4/1/21,24230
E09000006,4/1/21,11490
E09000007,4/1/21,11640
E09000008,4/1/21,23525
E09000009,4/1/21,22585
E09000010,4/1/21,20325
E09000011,4/1/21,16495
E09000012,4/1/21,19290
E09000013,4/1/21,10970
E09000014,4/1/21,21685
E09000015,4/1/21,11420
E09000016,4/1/21,10620
E09000017,4/1/21,14635
E09000018,4/1/21,17530
E09000019,4/1/21,14060
E09000020,4/1/21,6445
E09000021,4/1/21,6020
E09000022,4/1/21,22165
E09000023,4/1/21,20675
E09000024,4/1/21,9875
E09000025,4/1/21,28090
E09000026,4/1/21,16665
E09000027,4/1/21,5780
E09000028,4/1/21,20900
E09000029,4/1/21,7415
E09000030,4/1/21,21835
E09000031,4/1/21,19445
E09000032,4/1/21,14215
E09000033,4/1/21,11015
N09000001,4/1/21,3665
N09000002,4/1/21,5595
N09000003,4/1/21,13950
N09000004,4/1/21,4235
N09000005,4/1/21,6370
N09000006,4/1/21,2685
N09000007,4/1/21,3130
N09000008,4/1/21,3950
N09000009,4/1/21,3335
N09000010,4/1/21,5440
N09000011,4/1/21,4315
S12000005,4/1/21,2025
S12000006,4/1/21,4480
S12000008,4/1/21,5605
S12000010,4/1/21,3425
S12000011,4/1/21,2050
S12000013,4/1/21,745
S12000014,4/1/21,5910
S12000017,4/1/21,7510
S12000018,4/1/21,3080
S12000019,4/1/21,2980
S12000020,4/1/21,2895
S12000021,4/1/21,6495
S12000023,4/1/21,370
S12000026,4/1/21,3585
S12000027,4/1/21,435
S12000028,4/1/21,4520
S12000029,4/1/21,12285
S12000030,4/1/21,2670
S12000033,4/1/21,9465
S12000034,4/1/21,6370
S12000035,4/1/21,2800
S12000036,4/1/21,18130
S12000038,4/1/21,7030
S12000039,4/1/21,4415
S12000040,4/1/21,6345
S12000041,4/1/21,3655
S12000042,4/1/21,6800
S12000045,4/1/21,2450
S12000047,4/1/21,14515
S12000048,4/1/21,4090
S12000049,4/1/21,35995
S12000050,4/1/21,14100
W06000001,4/1/21,2330
W06000002,4/1/21,3880
W06000003,4/1/21,4265
W06000004,4/1/21,3520
W06000005,4/1/21,4880
W06000006,4/1/21,4795
W06000008,4/1/21,1845
W06000009,4/1/21,3925
W06000010,4/1/21,5665
W06000011,4/1/21,8780
W06000012,4/1/21,4750
W06000013,4/1/21,4825
W06000014,4/1/21,4150
W06000015,4/1/21,15810
W06000016,4/1/21,8720
W06000018,4/1/21,6425
W06000019,4/1/21,2815
W06000020,4/1/21,3465
W06000021,4/1/21,2175
W06000022,4/1/21,7270
W06000023,4/1/21,3150
W06000024,4/1/21,2330
E06000001,5/1/21,4535
E06000002,5/1/21,8640
E06000003,5/1/21,5365
E06000004,5/1/21,7680
E06000005,5/1/21,4410
E06000006,5/1/21,5070
E06000007,5/1/21,6215
E06000008,5/1/21,7270
E06000009,5/1/21,9485
E06000010,5/1/21,15320
E06000011,5/1/21,7690
E06000012,5/1/21,5915
E06000013,5/1/21,5550
E06000014,5/1/21,4385
E06000015,5/1/21,11760
E06000016,5/1/21,17165
E06000017,5/1/21,685
E06000018,5/1/21,17510
E06000019,5/1/21,4315
E06000020,5/1/21,6130
E06000021,5/1/21,12150
E06000022,5/1/21,4550
E06000023,5/1/21,18000
E06000024,5/1/21,5085
E06000025,5/1/21,5890
E06000026,5/1/21,9190
E06000027,5/1/21,4870
E06000030,5/1/21,7365
E06000031,5/1/21,9940
E06000032,5/1/21,11920
E06000033,5/1/21,7880
E06000034,5/1/21,7295
E06000035,5/1/21,11425
E06000036,5/1/21,3095
E06000037,5/1/21,3480
E06000038,5/1/21,6750
E06000039,5/1/21,7795
E06000040,5/1/21,3720
E06000041,5/1/21,3095
E06000042,5/1/21,10195
E06000043,5/1/21,12865
E06000044,5/1/21,9410
E06000045,5/1/21,11085
E06000046,5/1/21,4775
E06000047,5/1/21,18795
E06000049,5/1/21,9480
E06000050,5/1/21,9560
E06000051,5/1/21,7695
E06000052,5/1/21,16740
E06000053,5/1/21,40
E06000054,5/1/21,10960
E06000055,5/1/21,6865
E06000056,5/1/21,6760
E06000057,5/1/21,10060
E06000058,5/1/21,13765
E06000059,5/1/21,8360
E06000060,5/1/21,13890
E06000061,5/1/21,10840
E06000062,5/1/21,12860
E06000063,5/1/21,7520
E06000064,5/1/21,4650
E06000065,5/1/21,12805
E06000066,5/1/21,13920
E07000008,5/1/21,3365
E07000009,5/1/21,1680
E07000010,5/1/21,3345
E07000011,5/1/21,3725
E07000012,5/1/21,2770
E07000032,5/1/21,3135
E07000033,5/1/21,2245
E07000034,5/1/21,3375
E07000035,5/1/21,1200
E07000036,5/1/21,3435
E07000037,5/1/21,2270
E07000038,5/1/21,2350
E07000039,5/1/21,2350
E07000040,5/1/21,2875
E07000041,5/1/21,3295
E07000042,5/1/21,1665
E07000043,5/1/21,2670
E07000044,5/1/21,1870
E07000045,5/1/21,3120
E07000046,5/1/21,1740
E07000047,5/1/21,1150
E07000061,5/1/21,4240
E07000062,5/1/21,4840
E07000063,5/1/21,3055
E07000064,5/1/21,2665
E07000065,5/1/21,3425
E07000066,5/1/21,7220
E07000067,5/1/21,4265
E07000068,5/1/21,2180
E07000069,5/1/21,2425
E07000070,5/1/21,4550
E07000071,5/1/21,5690
E07000072,5/1/21,4355
E07000073,5/1/21,4050
E07000074,5/1/21,1640
E07000075,5/1/21,2000
E07000076,5/1/21,5720
E07000077,5/1/21,1910
E07000078,5/1/21,3260
E07000079,5/1/21,1665
E07000080,5/1/21,2020
E07000081,5/1/21,4430
E07000082,5/1/21,2230
E07000083,5/1/21,1925
E07000084,5/1/21,4415
E07000085,5/1/21,2440
E07000086,5/1/21,2690
E07000087,5/1/21,2065
E07000088,5/1/21,2625
E07000089,5/1/21,1670
E07000090,5/1/21,4090
E07000091,5/1/21,3560
E07000092,5/1/21,2900
E07000093,5/1/21,2365
E07000094,5/1/21,2425
E07000095,5/1/21,3725
E07000096,5/1/21,4480
E07000098,5/1/21,3430
E07000099,5/1/21,3260
E07000102,5/1/21,2320
E07000103,5/1/21,3940
E07000105,5/1/21,4165
E07000106,5/1/21,4690
E07000107,5/1/21,3660
E07000108,5/1/21,4070
E07000109,5/1/21,4535
E07000110,5/1/21,4995
E07000111,5/1/21,2630
E07000112,5/1/21,4355
E07000113,5/1/21,5540
E07000114,5/1/21,7455
E07000115,5/1/21,3040
E07000116,5/1/21,2820
E07000117,5/1/21,4575
E07000118,5/1/21,2895
E07000119,5/1/21,2140
E07000120,5/1/21,3775
E07000121,5/1/21,4495
E07000122,5/1/21,3975
E07000123,5/1/21,5910
E07000124,5/1/21,1015
E07000125,5/1/21,2635
E07000126,5/1/21,2495
E07000127,5/1/21,3290
E07000128,5/1/21,3330
E07000129,5/1/21,2070
E07000130,5/1/21,4090
E07000131,5/1/21,1645
E07000132,5/1/21,2610
E07000133,5/1/21,1135
E07000134,5/1/21,2295
E07000135,5/1/21,1420
E07000136,5/1/21,2800
E07000137,5/1/21,4735
E07000138,5/1/21,4110
E07000139,5/1/21,2325
E07000140,5/1/21,2670
E07000141,5/1/21,3690
E07000142,5/1/21,2610
E07000143,5/1/21,3130
E07000144,5/1/21,2445
E07000145,5/1/21,4430
E07000146,5/1/21,3895
E07000147,5/1/21,2275
E07000148,5/1/21,5915
E07000149,5/1/21,2685
E07000170,5/1/21,4315
E07000171,5/1/21,3210
E07000172,5/1/21,2780
E07000173,5/1/21,3245
E07000174,5/1/21,3825
E07000175,5/1/21,3135
E07000176,5/1/21,2015
E07000177,5/1/21,3645
E07000178,5/1/21,4645
E07000179,5/1/21,2665
E07000180,5/1/21,2520
E07000181,5/1/21,2185
E07000192,5/1/21,3085
E07000193,5/1/21,3660
E07000194,5/1/21,2520
E07000195,5/1/21,3380
E07000196,5/1/21,2720
E07000197,5/1/21,3115
E07000198,5/1/21,1855
E07000199,5/1/21,2655
E07000200,5/1/21,2160
E07000202,5/1/21,6185
E07000203,5/1/21,1950
E07000207,5/1/21,2890
E07000208,5/1/21,1665
E07000209,5/1/21,2875
E07000210,5/1/21,1685
E07000211,5/1/21,3535
E07000212,5/1/21,2265
E07000213,5/1/21,3255
E07000214,5/1/21,1850
E07000215,5/1/21,2020
E07000216,5/1/21,2085
E07000217,5/1/21,2495
E07000218,5/1/21,1770
E07000219,5/1/21,4720
E07000220,5/1/21,2880
E07000221,5/1/21,2715
E07000222,5/1/21,3295
E07000223,5/1/21,2030
E07000224,5/1/21,4715
E07000225,5/1/21,3130
E07000226,5/1/21,5565
E07000227,5/1/21,2975
E07000228,5/1/21,2810
E07000229,5/1/21,3595
E07000234,5/1/21,2355
E07000235,5/1/21,1880
E07000236,5/1/21,2940
E07000237,5/1/21,3400
E07000238,5/1/21,2980
E07000239,5/1/21,3060
E07000240,5/1/21,3150
E07000241,5/1/21,3595
E07000242,5/1/21,3410
E07000243,5/1/21,3230
E07000244,5/1/21,6490
E07000245,5/1/21,4180
E08000001,5/1/21,14255
E08000002,5/1/21,7660
E08000003,5/1/21,33645
E08000004,5/1/21,13755
E08000005,5/1/21,11350
E08000006,5/1/21,13585
E08000007,5/1/21,9765
E08000008,5/1/21,10145
E08000009,5/1/21,7080
E08000010,5/1/21,12300
E08000011,5/1/21,7545
E08000012,5/1/21,28490
E08000013,5/1/21,6925
E08000014,5/1/21,10755
E08000015,5/1/21,11390
E08000016,5/1/21,8930
E08000017,5/1/21,13630
E08000018,5/1/21,10790
E08000019,5/1/21,22600
E08000021,5/1/21,14435
E08000022,5/1/21,7465
E08000023,5/1/21,7835
E08000024,5/1/21,12480
E08000025,5/1/21,80450
E08000026,5/1/21,16075
E08000027,5/1/21,13305
E08000028,5/1/21,18785
E08000029,5/1/21,6910
E08000030,5/1/21,14310
E08000031,5/1/21,16530
E08000032,5/1/21,30480
E08000033,5/1/21,8280
E08000034,5/1/21,17190
E08000035,5/1/21,34185
E08000036,5/1/21,12290
E08000037,5/1/21,8785
E09000001,5/1/21,260
E09000002,5/1/21,14305
E09000003,5/1/21,17795
E09000004,5/1/21,8330
E09000005,5/1/21,22850
E09000006,5/1/21,10510
E09000007,5/1/21,11030
E09000008,5/1/21,22065
E09000009,5/1/21,21470
E09000010,5/1/21,19640
E09000011,5/1/21,15625
E09000012,5/1/21,18390
E09000013,5/1/21,10385
E09000014,5/1/21,20805
E09000015,5/1/21,10620
E09000016,5/1/21,9815
E09000017,5/1/21,13640
E09000018,5/1/21,16485
E09000019,5/1/21,13260
E09000020,5/1/21,6115
E09000021,5/1/21,5500
E09000022,5/1/21,21065
E09000023,5/1/21,19690
E09000024,5/1/21,9195
E09000025,5/1/21,26820
E09000026,5/1/21,15810
E09000027,5/1/21,5310
E09000028,5/1/21,19640
E09000029,5/1/21,6830
E09000030,5/1/21,20655
E09000031,5/1/21,18355
E09000032,5/1/21,13295
E09000033,5/1/21,10490
N09000001,5/1/21,3430
N09000002,5/1/21,5265
N09000003,5/1/21,13385
N09000004,5/1/21,3985
N09000005,5/1/21,6040
N09000006,5/1/21,2525
N09000007,5/1/21,2920
N09000008,5/1/21,3800
N09000009,5/1/21,3125
N09000010,5/1/21,5000
N09000011,5/1/21,4040
S12000005,5/1/21,1865
S12000006,5/1/21,4230
S12000008,5/1/21,5295
S12000010,5/1/21,3100
S12000011,5/1/21,1850
S12000013,5/1/21,705
S12000014,5/1/21,5440
S12000017,5/1/21,6795
S12000018,5/1/21,2955
S12000019,5/1/21,2770
S12000020,5/1/21,2685
S12000021,5/1/21,6080
S12000023,5/1/21,340
S12000026,5/1/21,3320
S12000027,5/1/21,395
S12000028,5/1/21,4245
S12000029,5/1/21,11460
S12000030,5/1/21,2385
S12000033,5/1/21,8690
S12000034,5/1/21,5785
S12000035,5/1/21,2565
S12000036,5/1/21,16700
S12000038,5/1/21,6515
S12000039,5/1/21,4180
S12000040,5/1/21,5915
S12000041,5/1/21,3395
S12000042,5/1/21,6460
S12000045,5/1/21,2295
S12000047,5/1/21,13740
S12000048,5/1/21,3810
S12000049,5/1/21,34280
S12000050,5/1/21,13110
W06000001,5/1/21,2205
W06000002,5/1/21,3430
W06000003,5/1/21,4020
W06000004,5/1/21,3310
W06000005,5/1/21,4465
W06000006,5/1/21,4450
W06000008,5/1/21,1720
W06000009,5/1/21,3605
W06000010,5/1/21,5220
W06000011,5/1/21,8265
W06000012,5/1/21,4475
W06000013,5/1/21,4465
W06000014,5/1/21,3875
W06000015,5/1/21,15050
W06000016,5/1/21,8095
W06000018,5/1/21,6135
W06000019,5/1/21,2700
W06000020,5/1/21,3235
W06000021,5/1/21,2030
W06000022,5/1/21,6910
W06000023,5/1/21,2970
W06000024,5/1/21,2185
E06000001,6/1/21,4255
E06000002,6/1/21,8065
E06000003,6/1/21,5005
E06000004,6/1/21,7175
E06000005,6/1/21,4125
E06000006,6/1/21,4725
E06000007,6/1/21,5695
E06000008,6/1/21,6935
E06000009,6/1/21,8665
E06000010,6/1/21,14525
E06000011,6/1/21,7040
E06000012,6/1/21,5535
E06000013,6/1/21,5170
E06000014,6/1/21,3895
E06000015,6/1/21,11205
E06000016,6/1/21,16305
E06000017,6/1/21,620
E06000018,6/1/21,16640
E06000019,6/1/21,3880
E06000020,6/1/21,5760
E06000021,6/1/21,11655
E06000022,6/1/21,4055
E06000023,6/1/21,16570
E06000024,6/1/21,4630
E06000025,6/1/21,5330
E06000026,6/1/21,8515
E06000027,6/1/21,4315
E06000030,6/1/21,6845
E06000031,6/1/21,9280
E06000032,6/1/21,11165
E06000033,6/1/21,7350
E06000034,6/1/21,6830
E06000035,6/1/21,10705
E06000036,6/1/21,2710
E06000037,6/1/21,3185
E06000038,6/1/21,6260
E06000039,6/1/21,7045
E06000040,6/1/21,3335
E06000041,6/1/21,2775
E06000042,6/1/21,9520
E06000043,6/1/21,11710
E06000044,6/1/21,8845
E06000045,6/1/21,10335
E06000046,6/1/21,4290
E06000047,6/1/21,17675
E06000049,6/1/21,8625
E06000050,6/1/21,8805
E06000051,6/1/21,7045
E06000052,6/1/21,14850
E06000053,6/1/21,35
E06000054,6/1/21,10070
E06000055,6/1/21,6325
E06000056,6/1/21,6195
E06000057,6/1/21,9280
E06000058,6/1/21,12585
E06000059,6/1/21,7395
E06000060,6/1/21,12745
E06000061,6/1/21,10055
E06000062,6/1/21,11930
E06000063,6/1/21,6950
E06000064,6/1/21,4110
E06000065,6/1/21,11310
E06000066,6/1/21,12690
E07000008,6/1/21,2995
E07000009,6/1/21,1510
E07000010,6/1/21,3165
E07000011,6/1/21,3335
E07000012,6/1/21,2475
E07000032,6/1/21,2865
E07000033,6/1/21,2080
E07000034,6/1/21,3155
E07000035,6/1/21,1070
E07000036,6/1/21,3165
E07000037,6/1/21,2075
E07000038,6/1/21,2160
E07000039,6/1/21,2155
E07000040,6/1/21,2540
E07000041,6/1/21,3000
E07000042,6/1/21,1490
E07000043,6/1/21,2280
E07000044,6/1/21,1625
E07000045,6/1/21,2755
E07000046,6/1/21,1520
E07000047,6/1/21,1040
E07000061,6/1/21,3925
E07000062,6/1/21,4420
E07000063,6/1/21,2770
E07000064,6/1/21,2410
E07000065,6/1/21,3060
E07000066,6/1/21,6550
E07000067,6/1/21,3890
E07000068,6/1/21,1940
E07000069,6/1/21,2170
E07000070,6/1/21,4160
E07000071,6/1/21,5260
E07000072,6/1/21,3830
E07000073,6/1/21,3670
E07000074,6/1/21,1450
E07000075,6/1/21,1790
E07000076,6/1/21,5150
E07000077,6/1/21,1735
E07000078,6/1/21,3025
E07000079,6/1/21,1495
E07000080,6/1/21,1805
E07000081,6/1/21,4145
E07000082,6/1/21,2000
E07000083,6/1/21,1745
E07000084,6/1/21,4040
E07000085,6/1/21,2110
E07000086,6/1/21,2425
E07000087,6/1/21,1875
E07000088,6/1/21,2465
E07000089,6/1/21,1480
E07000090,6/1/21,3755
E07000091,6/1/21,3105
E07000092,6/1/21,2660
E07000093,6/1/21,2165
E07000094,6/1/21,2210
E07000095,6/1/21,3345
E07000096,6/1/21,4180
E07000098,6/1/21,3075
E07000099,6/1/21,2860
E07000102,6/1/21,2035
E07000103,6/1/21,3585
E07000105,6/1/21,3835
E07000106,6/1/21,4300
E07000107,6/1/21,3350
E07000108,6/1/21,3780
E07000109,6/1/21,4220
E07000110,6/1/21,4585
E07000111,6/1/21,2360
E07000112,6/1/21,3985
E07000113,6/1/21,5130
E07000114,6/1/21,7010
E07000115,6/1/21,2740
E07000116,6/1/21,2545
E07000117,6/1/21,4360
E07000118,6/1/21,2650
E07000119,6/1/21,1935
E07000120,6/1/21,3605
E07000121,6/1/21,4155
E07000122,6/1/21,3805
E07000123,6/1/21,5585
E07000124,6/1/21,895
E07000125,6/1/21,2490
E07000126,6/1/21,2200
E07000127,6/1/21,3095
E07000128,6/1/21,3005
E07000129,6/1/21,1845
E07000130,6/1/21,3715
E07000131,6/1/21,1505
E07000132,6/1/21,2475
E07000133,6/1/21,1030
E07000134,6/1/21,2065
E07000135,6/1/21,1315
E07000136,6/1/21,2615
E07000137,6/1/21,4150
E07000138,6/1/21,3960
E07000139,6/1/21,2075
E07000140,6/1/21,2495
E07000141,6/1/21,3365
E07000142,6/1/21,2405
E07000143,6/1/21,2855
E07000144,6/1/21,2180
E07000145,6/1/21,4000
E07000146,6/1/21,3585
E07000147,6/1/21,2020
E07000148,6/1/21,5520
E07000149,6/1/21,2435
E07000170,6/1/21,4090
E07000171,6/1/21,3030
E07000172,6/1/21,2570
E07000173,6/1/21,2970
E07000174,6/1/21,3580
E07000175,6/1/21,2925
E07000176,6/1/21,1875
E07000177,6/1/21,3315
E07000178,6/1/21,4315
E07000179,6/1/21,2445
E07000180,6/1/21,2315
E07000181,6/1/21,2000
E07000192,6/1/21,2830
E07000193,6/1/21,3470
E07000194,6/1/21,2280
E07000195,6/1/21,3115
E07000196,6/1/21,2515
E07000197,6/1/21,2860
E07000198,6/1/21,1710
E07000199,6/1/21,2435
E07000200,6/1/21,1945
E07000202,6/1/21,5820
E07000203,6/1/21,1800
E07000207,6/1/21,2585
E07000208,6/1/21,1490
E07000209,6/1/21,2550
E07000210,6/1/21,1510
E07000211,6/1/21,3165
E07000212,6/1/21,2015
E07000213,6/1/21,2930
E07000214,6/1/21,1670
E07000215,6/1/21,1835
E07000216,6/1/21,1875
E07000217,6/1/21,2200
E07000218,6/1/21,1580
E07000219,6/1/21,4490
E07000220,6/1/21,2665
E07000221,6/1/21,2425
E07000222,6/1/21,3030
E07000223,6/1/21,1810
E07000224,6/1/21,4310
E07000225,6/1/21,2860
E07000226,6/1/21,5020
E07000227,6/1/21,2620
E07000228,6/1/21,2485
E07000229,6/1/21,3315
E07000234,6/1/21,2190
E07000235,6/1/21,1685
E07000236,6/1/21,2720
E07000237,6/1/21,3195
E07000238,6/1/21,2720
E07000239,6/1/21,2835
E07000240,6/1/21,2910
E07000241,6/1/21,3270
E07000242,6/1/21,3080
E07000243,6/1/21,2995
E07000244,6/1/21,5925
E07000245,6/1/21,3845
E08000001,6/1/21,13540
E08000002,6/1/21,7185
E08000003,6/1/21,31625
E08000004,6/1/21,13175
E08000005,6/1/21,10735
E08000006,6/1/21,12685
E08000007,6/1/21,9025
E08000008,6/1/21,9570
E08000009,6/1/21,6475
E08000010,6/1/21,11660
E08000011,6/1/21,7110
E08000012,6/1/21,26970
E08000013,6/1/21,6535
E08000014,6/1/21,9980
E08000015,6/1/21,10545
E08000016,6/1/21,8420
E08000017,6/1/21,12850
E08000018,6/1/21,10320
E08000019,6/1/21,21525
E08000021,6/1/21,13570
E08000022,6/1/21,6900
E08000023,6/1/21,7435
E08000024,6/1/21,11890
E08000025,6/1/21,77885
E08000026,6/1/21,15475
E08000027,6/1/21,12580
E08000028,6/1/21,17830
E08000029,6/1/21,6435
E08000030,6/1/21,13595
E08000031,6/1/21,15930
E08000032,6/1/21,29375
E08000033,6/1/21,7750
E08000034,6/1/21,16075
E08000035,6/1/21,32125
E08000036,6/1/21,11460
E08000037,6/1/21,8340
E09000001,6/1/21,235
E09000002,6/1/21,13300
E09000003,6/1/21,16330
E09000004,6/1/21,7620
E09000005,6/1/21,21215
E09000006,6/1/21,9530
E09000007,6/1/21,10215
E09000008,6/1/21,20490
E09000009,6/1/21,19860
E09000010,6/1/21,18210
E09000011,6/1/21,14525
E09000012,6/1/21,17090
E09000013,6/1/21,9750
E09000014,6/1/21,19085
E09000015,6/1/21,9625
E09000016,6/1/21,9035
E09000017,6/1/21,12580
E09000018,6/1/21,15220
E09000019,6/1/21,12410
E09000020,6/1/21,5680
E09000021,6/1/21,4970
E09000022,6/1/21,19520
E09000023,6/1/21,18320
E09000024,6/1/21,8295
E09000025,6/1/21,24925
E09000026,6/1/21,14745
E09000027,6/1/21,4875
E09000028,6/1/21,18155
E09000029,6/1/21,6100
E09000030,6/1/21,19445
E09000031,6/1/21,16665
E09000032,6/1/21,12185
E09000033,6/1/21,9900
N09000001,6/1/21,3255
N09000002,6/1/21,4920
N09000003,6/1/21,12790
N09000004,6/1/21,3640
N09000005,6/1/21,5880
N09000006,6/1/21,2415
N09000007,6/1/21,2735
N09000008,6/1/21,3585
N09000009,6/1/21,2940
N09000010,6/1/21,4585
N09000011,6/1/21,3845
S12000005,6/1/21,1720
S12000006,6/1/21,3905
S12000008,6/1/21,4950
S12000010,6/1/21,2750
S12000011,6/1/21,1710
S12000013,6/1/21,620
S12000014,6/1/21,5030
S12000017,6/1/21,5945
S12000018,6/1/21,2740
S12000019,6/1/21,2525
S12000020,6/1/21,2480
S12000021,6/1/21,5625
S12000023,6/1/21,290
S12000026,6/1/21,3075
S12000027,6/1/21,380
S12000028,6/1/21,3930
S12000029,6/1/21,10685
S12000030,6/1/21,2170
S12000033,6/1/21,8210
S12000034,6/1/21,5365
S12000035,6/1/21,2330
S12000036,6/1/21,15115
S12000038,6/1/21,5985
S12000039,6/1/21,3895
S12000040,6/1/21,5375
S12000041,6/1/21,3130
S12000042,6/1/21,6105
S12000045,6/1/21,2125
S12000047,6/1/21,12860
S12000048,6/1/21,3475
S12000049,6/1/21,32155
S12000050,6/1/21,12410
W06000001,6/1/21,2045
W06000002,6/1/21,3065
W06000003,6/1/21,3655
W06000004,6/1/21,3045
W06000005,6/1/21,4080
W06000006,6/1/21,4100
W06000008,6/1/21,1585
W06000009,6/1/21,3275
W06000010,6/1/21,4820
W06000011,6/1/21,7705
W06000012,6/1/21,4110
W06000013,6/1/21,4095
W06000014,6/1/21,3610
W06000015,6/1/21,13915
W06000016,6/1/21,7440
W06000018,6/1/21,5735
W06000019,6/1/21,2555
W06000020,6/1/21,3085
W06000021,6/1/21,1845
W06000022,6/1/21,6590
W06000023,6/1/21,2665
W06000024,6/1/21,2035
E06000001,7/1/21,4135
E06000002,7/1/21,7925
E06000003,7/1/21,4795
E06000004,7/1/21,6940
E06000005,7/1/21,4060
E06000006,7/1/21,4640
E06000007,7/1/21,5510
E06000008,7/1/21,6730
E06000009,7/1/21,8325
E06000010,7/1/21,14170
E06000011,7/1/21,6790
E06000012,7/1/21,5360
E06000013,7/1/21,5065
E06000014,7/1/21,3765
E06000015,7/1/21,10855
E06000016,7/1/21,15820
E06000017,7/1/21,610
E06000018,7/1/21,16325
E06000019,7/1/21,3745
E06000020,7/1/21,5670
E06000021,7/1/21,11565
E06000022,7/1/21,3940
E06000023,7/1/21,16350
E06000024,7/1/21,4555
E06000025,7/1/21,5170
E06000026,7/1/21,8285
E06000027,7/1/21,4135
E06000030,7/1/21,6805
E06000031,7/1/21,9040
E06000032,7/1/21,11030
E06000033,7/1/21,7305
E06000034,7/1/21,6570
E06000035,7/1/21,10430
E06000036,7/1/21,2685
E06000037,7/1/21,3100
E06000038,7/1/21,6045
E06000039,7/1/21,6975
E06000040,7/1/21,3215
E06000041,7/1/21,2705
E06000042,7/1/21,9330
E06000043,7/1/21,11525
E06000044,7/1/21,8675
E06000045,7/1/21,10055
E06000046,7/1/21,3935
E06000047,7/1/21,17265
E06000049,7/1/21,8390
E06000050,7/1/21,8450
E06000051,7/1/21,6800
E06000052,7/1/21,13965
E06000053,7/1/21,20
E06000054,7/1/21,9780
E06000055,7/1/21,6245
E06000056,7/1/21,6035
E06000057,7/1/21,8965
E06000058,7/1/21,12260
E06000059,7/1/21,7150
E06000060,7/1/21,12605
E06000061,7/1/21,9775
E06000062,7/1/21,11770
E06000063,7/1/21,6655
E06000064,7/1/21,3935
E06000065,7/1/21,10735
E06000066,7/1/21,12190
E07000008,7/1/21,2945
E07000009,7/1/21,1475
E07000010,7/1/21,3135
E07000011,7/1/21,3345
E07000012,7/1/21,2455
E07000032,7/1/21,2770
E07000033,7/1/21,2050
E07000034,7/1/21,3105
E07000035,7/1/21,1025
E07000036,7/1/21,3040
E07000037,7/1/21,2000
E07000038,7/1/21,2090
E07000039,7/1/21,2075
E07000040,7/1/21,2390
E07000041,7/1/21,2925
E07000042,7/1/21,1470
E07000043,7/1/21,2115
E07000044,7/1/21,1525
E07000045,7/1/21,2580
E07000046,7/1/21,1455
E07000047,7/1/21,1030
E07000061,7/1/21,3810
E07000062,7/1/21,4325
E07000063,7/1/21,2655
E07000064,7/1/21,2320
E07000065,7/1/21,3020
E07000066,7/1/21,6350
E07000067,7/1/21,3735
E07000068,7/1/21,1890
E07000069,7/1/21,2065
E07000070,7/1/21,3995
E07000071,7/1/21,5160
E07000072,7/1/21,3680
E07000073,7/1/21,3700
E07000074,7/1/21,1415
E07000075,7/1/21,1730
E07000076,7/1/21,4975
E07000077,7/1/21,1705
E07000078,7/1/21,2925
E07000079,7/1/21,1465
E07000080,7/1/21,1785
E07000081,7/1/21,4030
E07000082,7/1/21,1960
E07000083,7/1/21,1685
E07000084,7/1/21,3975
E07000085,7/1/21,2070
E07000086,7/1/21,2440
E07000087,7/1/21,1815
E07000088,7/1/21,2380
E07000089,7/1/21,1455
E07000090,7/1/21,3655
E07000091,7/1/21,2970
E07000092,7/1/21,2620
E07000093,7/1/21,2080
E07000094,7/1/21,2185
E07000095,7/1/21,3290
E07000096,7/1/21,4115
E07000098,7/1/21,2955
E07000099,7/1/21,2865
E07000102,7/1/21,1950
E07000103,7/1/21,3415
E07000105,7/1/21,3725
E07000106,7/1/21,4185
E07000107,7/1/21,3315
E07000108,7/1/21,3670
E07000109,7/1/21,4095
E07000110,7/1/21,4500
E07000111,7/1/21,2305
E07000112,7/1/21,3890
E07000113,7/1/21,5075
E07000114,7/1/21,6840
E07000115,7/1/21,2705
E07000116,7/1/21,2505
E07000117,7/1/21,4260
E07000118,7/1/21,2580
E07000119,7/1/21,1875
E07000120,7/1/21,3550
E07000121,7/1/21,4095
E07000122,7/1/21,3715
E07000123,7/1/21,5450
E07000124,7/1/21,865
E07000125,7/1/21,2395
E07000126,7/1/21,2140
E07000127,7/1/21,3035
E07000128,7/1/21,2875
E07000129,7/1/21,1800
E07000130,7/1/21,3670
E07000131,7/1/21,1435
E07000132,7/1/21,2410
E07000133,7/1/21,1010
E07000134,7/1/21,1990
E07000135,7/1/21,1275
E07000136,7/1/21,2560
E07000137,7/1/21,3790
E07000138,7/1/21,3865
E07000139,7/1/21,2080
E07000140,7/1/21,2455
E07000141,7/1/21,3355
E07000142,7/1/21,2395
E07000143,7/1/21,2715
E07000144,7/1/21,2105
E07000145,7/1/21,3720
E07000146,7/1/21,3450
E07000147,7/1/21,1905
E07000148,7/1/21,5385
E07000149,7/1/21,2380
E07000170,7/1/21,4040
E07000171,7/1/21,2950
E07000172,7/1/21,2535
E07000173,7/1/21,2950
E07000174,7/1/21,3450
E07000175,7/1/21,2810
E07000176,7/1/21,1835
E07000177,7/1/21,3205
E07000178,7/1/21,4155
E07000179,7/1/21,2365
E07000180,7/1/21,2240
E07000181,7/1/21,1945
E07000192,7/1/21,2860
E07000193,7/1/21,3330
E07000194,7/1/21,2230
E07000195,7/1/21,3120
E07000196,7/1/21,2450
E07000197,7/1/21,2785
E07000198,7/1/21,1665
E07000199,7/1/21,2390
E07000200,7/1/21,1915
E07000202,7/1/21,5670
E07000203,7/1/21,1715
E07000207,7/1/21,2525
E07000208,7/1/21,1480
E07000209,7/1/21,2465
E07000210,7/1/21,1455
E07000211,7/1/21,3090
E07000212,7/1/21,1985
E07000213,7/1/21,2860
E07000214,7/1/21,1570
E07000215,7/1/21,1780
E07000216,7/1/21,1810
E07000217,7/1/21,2125
E07000218,7/1/21,1540
E07000219,7/1/21,4350
E07000220,7/1/21,2620
E07000221,7/1/21,2405
E07000222,7/1/21,2955
E07000223,7/1/21,1775
E07000224,7/1/21,4245
E07000225,7/1/21,2790
E07000226,7/1/21,4820
E07000227,7/1/21,2605
E07000228,7/1/21,2360
E07000229,7/1/21,3265
E07000234,7/1/21,2150
E07000235,7/1/21,1635
E07000236,7/1/21,2680
E07000237,7/1/21,3060
E07000238,7/1/21,2715
E07000239,7/1/21,2785
E07000240,7/1/21,2840
E07000241,7/1/21,3205
E07000242,7/1/21,3000
E07000243,7/1/21,3020
E07000244,7/1/21,5710
E07000245,7/1/21,3680
E08000001,7/1/21,13255
E08000002,7/1/21,7060
E08000003,7/1/21,30905
E08000004,7/1/21,13010
E08000005,7/1/21,10585
E08000006,7/1/21,12420
E08000007,7/1/21,8745
E08000008,7/1/21,9425
E08000009,7/1/21,6365
E08000010,7/1/21,11325
E08000011,7/1/21,6960
E08000012,7/1/21,26315
E08000013,7/1/21,6420
E08000014,7/1/21,9640
E08000015,7/1/21,10340
E08000016,7/1/21,8185
E08000017,7/1/21,12580
E08000018,7/1/21,10200
E08000019,7/1/21,21220
E08000021,7/1/21,13335
E08000022,7/1/21,6735
E08000023,7/1/21,7230
E08000024,7/1/21,11610
E08000025,7/1/21,76550
E08000026,7/1/21,15125
E08000027,7/1/21,12335
E08000028,7/1/21,17320
E08000029,7/1/21,6225
E08000030,7/1/21,13360
E08000031,7/1/21,15570
E08000032,7/1/21,29130
E08000033,7/1/21,7550
E08000034,7/1/21,15845
E08000035,7/1/21,31440
E08000036,7/1/21,11200
E08000037,7/1/21,8080
E09000001,7/1/21,225
E09000002,7/1/21,13195
E09000003,7/1/21,15915
E09000004,7/1/21,7470
E09000005,7/1/21,20825
E09000006,7/1/21,9285
E09000007,7/1/21,9920
E09000008,7/1/21,20270
E09000009,7/1/21,19730
E09000010,7/1/21,18205
E09000011,7/1/21,14270
E09000012,7/1/21,16545
E09000013,7/1/21,9310
E09000014,7/1/21,18575
E09000015,7/1/21,9655
E09000016,7/1/21,8830
E09000017,7/1/21,12210
E09000018,7/1/21,14795
E09000019,7/1/21,11965
E09000020,7/1/21,5485
E09000021,7/1/21,4900
E09000022,7/1/21,18945
E09000023,7/1/21,17800
E09000024,7/1/21,8275
E09000025,7/1/21,24655
E09000026,7/1/21,14710
E09000027,7/1/21,4745
E09000028,7/1/21,17480
E09000029,7/1/21,5990
E09000030,7/1/21,19165
E09000031,7/1/21,16380
E09000032,7/1/21,11815
E09000033,7/1/21,9600
N09000001,7/1/21,3145
N09000002,7/1/21,4820
N09000003,7/1/21,12605
N09000004,7/1/21,3575
N09000005,7/1/21,5835
N09000006,7/1/21,2365
N09000007,7/1/21,2650
N09000008,7/1/21,3570
N09000009,7/1/21,2975
N09000010,7/1/21,4490
N09000011,7/1/21,3790
S12000005,7/1/21,1675
S12000006,7/1/21,3805
S12000008,7/1/21,4890
S12000010,7/1/21,2700
S12000011,7/1/21,1680
S12000013,7/1/21,585
S12000014,7/1/21,4900
S12000017,7/1/21,5510
S12000018,7/1/21,2780
S12000019,7/1/21,2455
S12000020,7/1/21,2350
S12000021,7/1/21,5605
S12000023,7/1/21,285
S12000026,7/1/21,2980
S12000027,7/1/21,360
S12000028,7/1/21,3785
S12000029,7/1/21,10550
S12000030,7/1/21,2075
S12000033,7/1/21,8010
S12000034,7/1/21,5215
S12000035,7/1/21,2210
S12000036,7/1/21,14695
S12000038,7/1/21,5890
S12000039,7/1/21,3780
S12000040,7/1/21,5270
S12000041,7/1/21,3095
S12000042,7/1/21,6125
S12000045,7/1/21,2090
S12000047,7/1/21,12660
S12000048,7/1/21,3385
S12000049,7/1/21,31650
S12000050,7/1/21,12275
W06000001,7/1/21,1955
W06000002,7/1/21,2925
W06000003,7/1/21,3415
W06000004,7/1/21,2880
W06000005,7/1/21,3985
W06000006,7/1/21,4030
W06000008,7/1/21,1470
W06000009,7/1/21,3135
W06000010,7/1/21,4780
W06000011,7/1/21,7555
W06000012,7/1/21,4055
W06000013,7/1/21,3990
W06000014,7/1/21,3495
W06000015,7/1/21,13430
W06000016,7/1/21,7210
W06000018,7/1/21,5600
W06000019,7/1/21,2495
W06000020,7/1/21,2995
W06000021,7/1/21,1800
W06000022,7/1/21,6505
W06000023,7/1/21,2570
W06000024,7/1/21,1990
E06000001,8/1/21,3970
E06000002,8/1/21,7550
E06000003,8/1/21,4655
E06000004,8/1/21,6690
E06000005,8/1/21,3890
E06000006,8/1/21,4480
E06000007,8/1/21,5380
E06000008,8/1/21,6580
E06000009,8/1/21,7885
E06000010,8/1/21,13625
E06000011,8/1/21,6550
E06000012,8/1/21,5300
E06000013,8/1/21,4810
E06000014,8/1/21,3570
E06000015,8/1/21,10365
E06000016,8/1/21,15165
E06000017,8/1/21,575
E06000018,8/1/21,15840
E06000019,8/1/21,3615
E06000020,8/1/21,5435
E06000021,8/1/21,11265
E06000022,8/1/21,3760
E06000023,8/1/21,15675
E06000024,8/1/21,4320
E06000025,8/1/21,4875
E06000026,8/1/21,8020
E06000027,8/1/21,3825
E06000030,8/1/21,6665
E06000031,8/1/21,8745
E06000032,8/1/21,10585
E06000033,8/1/21,7040
E06000034,8/1/21,6260
E06000035,8/1/21,10055
E06000036,8/1/21,2530
E06000037,8/1/21,2970
E06000038,8/1/21,5830
E06000039,8/1/21,6580
E06000040,8/1/21,3025
E06000041,8/1/21,2605
E06000042,8/1/21,8995
E06000043,8/1/21,10975
E06000044,8/1/21,8275
E06000045,8/1/21,9595
E06000046,8/1/21,3705
E06000047,8/1/21,16730
E06000049,8/1/21,7880
E06000050,8/1/21,8095
E06000051,8/1/21,6495
E06000052,8/1/21,13120
E06000053,8/1/21,20
E06000054,8/1/21,9255
E06000055,8/1/21,6045
E06000056,8/1/21,5845
E06000057,8/1/21,8610
E06000058,8/1/21,11555
E06000059,8/1/21,6685
E06000060,8/1/21,11970
E06000061,8/1/21,9445
E06000062,8/1/21,11260
E06000063,8/1/21,6450
E06000064,8/1/21,3750
E06000065,8/1/21,10285
E06000066,8/1/21,11635
E07000008,8/1/21,2840
E07000009,8/1/21,1445
E07000010,8/1/21,3025
E07000011,8/1/21,3170
E07000012,8/1/21,2375
E07000032,8/1/21,2675
E07000033,8/1/21,1975
E07000034,8/1/21,2965
E07000035,8/1/21,935
E07000036,8/1/21,2985
E07000037,8/1/21,1925
E07000038,8/1/21,2020
E07000039,8/1/21,2015
E07000040,8/1/21,2265
E07000041,8/1/21,2690
E07000042,8/1/21,1395
E07000043,8/1/21,1975
E07000044,8/1/21,1455
E07000045,8/1/21,2425
E07000046,8/1/21,1360
E07000047,8/1/21,920
E07000061,8/1/21,3600
E07000062,8/1/21,4130
E07000063,8/1/21,2565
E07000064,8/1/21,2250
E07000065,8/1/21,2910
E07000066,8/1/21,6015
E07000067,8/1/21,3620
E07000068,8/1/21,1835
E07000069,8/1/21,1925
E07000070,8/1/21,3775
E07000071,8/1/21,4970
E07000072,8/1/21,3485
E07000073,8/1/21,3560
E07000074,8/1/21,1355
E07000075,8/1/21,1680
E07000076,8/1/21,4830
E07000077,8/1/21,1605
E07000078,8/1/21,2820
E07000079,8/1/21,1415
E07000080,8/1/21,1695
E07000081,8/1/21,3860
E07000082,8/1/21,1900
E07000083,8/1/21,1640
E07000084,8/1/21,3755
E07000085,8/1/21,1970
E07000086,8/1/21,2335
E07000087,8/1/21,1730
E07000088,8/1/21,2335
E07000089,8/1/21,1370
E07000090,8/1/21,3490
E07000091,8/1/21,2805
E07000092,8/1/21,2545
E07000093,8/1/21,1960
E07000094,8/1/21,2060
E07000095,8/1/21,3130
E07000096,8/1/21,3960
E07000098,8/1/21,2805
E07000099,8/1/21,2740
E07000102,8/1/21,1845
E07000103,8/1/21,3185
E07000105,8/1/21,3550
E07000106,8/1/21,3990
E07000107,8/1/21,3100
E07000108,8/1/21,3480
E07000109,8/1/21,3885
E07000110,8/1/21,4430
E07000111,8/1/21,2215
E07000112,8/1/21,3670
E07000113,8/1/21,4875
E07000114,8/1/21,6545
E07000115,8/1/21,2600
E07000116,8/1/21,2400
E07000117,8/1/21,4135
E07000118,8/1/21,2485
E07000119,8/1/21,1755
E07000120,8/1/21,3440
E07000121,8/1/21,3855
E07000122,8/1/21,3630
E07000123,8/1/21,5340
E07000124,8/1/21,855
E07000125,8/1/21,2350
E07000126,8/1/21,2085
E07000127,8/1/21,2905
E07000128,8/1/21,2745
E07000129,8/1/21,1785
E07000130,8/1/21,3580
E07000131,8/1/21,1335
E07000132,8/1/21,2350
E07000133,8/1/21,970
E07000134,8/1/21,1900
E07000135,8/1/21,1260
E07000136,8/1/21,2455
E07000137,8/1/21,3550
E07000138,8/1/21,3785
E07000139,8/1/21,2050
E07000140,8/1/21,2355
E07000141,8/1/21,3245
E07000142,8/1/21,2305
E07000143,8/1/21,2640
E07000144,8/1/21,1965
E07000145,8/1/21,3610
E07000146,8/1/21,3200
E07000147,8/1/21,1810
E07000148,8/1/21,5250
E07000149,8/1/21,2290
E07000170,8/1/21,3940
E07000171,8/1/21,2830
E07000172,8/1/21,2530
E07000173,8/1/21,2810
E07000174,8/1/21,3450
E07000175,8/1/21,2755
E07000176,8/1/21,1760
E07000177,8/1/21,3155
E07000178,8/1/21,4035
E07000179,8/1/21,2275
E07000180,8/1/21,2135
E07000181,8/1/21,1840
E07000192,8/1/21,2720
E07000193,8/1/21,3200
E07000194,8/1/21,2110
E07000195,8/1/21,2990
E07000196,8/1/21,2385
E07000197,8/1/21,2685
E07000198,8/1/21,1595
E07000199,8/1/21,2325
E07000200,8/1/21,1805
E07000202,8/1/21,5490
E07000203,8/1/21,1595
E07000207,8/1/21,2375
E07000208,8/1/21,1380
E07000209,8/1/21,2365
E07000210,8/1/21,1395
E07000211,8/1/21,2935
E07000212,8/1/21,1865
E07000213,8/1/21,2655
E07000214,8/1/21,1455
E07000215,8/1/21,1695
E07000216,8/1/21,1700
E07000217,8/1/21,2015
E07000218,8/1/21,1480
E07000219,8/1/21,4160
E07000220,8/1/21,2550
E07000221,8/1/21,2300
E07000222,8/1/21,2805
E07000223,8/1/21,1700
E07000224,8/1/21,4040
E07000225,8/1/21,2670
E07000226,8/1/21,4505
E07000227,8/1/21,2480
E07000228,8/1/21,2230
E07000229,8/1/21,3140
E07000234,8/1/21,2110
E07000235,8/1/21,1595
E07000236,8/1/21,2565
E07000237,8/1/21,2965
E07000238,8/1/21,2590
E07000239,8/1/21,2635
E07000240,8/1/21,2760
E07000241,8/1/21,3095
E07000242,8/1/21,2770
E07000243,8/1/21,2870
E07000244,8/1/21,5355
E07000245,8/1/21,3510
E08000001,8/1/21,12905
E08000002,8/1/21,6785
E08000003,8/1/21,29915
E08000004,8/1/21,12475
E08000005,8/1/21,10410
E08000006,8/1/21,12020
E08000007,8/1/21,8445
E08000008,8/1/21,9045
E08000009,8/1/21,6105
E08000010,8/1/21,10910
E08000011,8/1/21,6790
E08000012,8/1/21,25390
E08000013,8/1/21,6210
E08000014,8/1/21,9275
E08000015,8/1/21,9985
E08000016,8/1/21,7970
E08000017,8/1/21,12055
E08000018,8/1/21,9920
E08000019,8/1/21,20745
E08000021,8/1/21,12930
E08000022,8/1/21,6455
E08000023,8/1/21,6990
E08000024,8/1/21,11285
E08000025,8/1/21,74980
E08000026,8/1/21,14580
E08000027,8/1/21,12040
E08000028,8/1/21,16790
E08000029,8/1/21,6060
E08000030,8/1/21,12850
E08000031,8/1/21,15060
E08000032,8/1/21,28300
E08000033,8/1/21,7240
E08000034,8/1/21,15305
E08000035,8/1/21,30285
E08000036,8/1/21,10840
E08000037,8/1/21,7750
E09000001,8/1/21,205
E09000002,8/1/21,12505
E09000003,8/1/21,15255
E09000004,8/1/21,7120
E09000005,8/1/21,19795
E09000006,8/1/21,8825
E09000007,8/1/21,9350
E09000008,8/1/21,19450
E09000009,8/1/21,18840
E09000010,8/1/21,17300
E09000011,8/1/21,13720
E09000012,8/1/21,15855
E09000013,8/1/21,8850
E09000014,8/1/21,17830
E09000015,8/1/21,9280
E09000016,8/1/21,8370
E09000017,8/1/21,11670
E09000018,8/1/21,14015
E09000019,8/1/21,11330
E09000020,8/1/21,5225
E09000021,8/1/21,4710
E09000022,8/1/21,18125
E09000023,8/1/21,17100
E09000024,8/1/21,7750
E09000025,8/1/21,23545
E09000026,8/1/21,14045
E09000027,8/1/21,4505
E09000028,8/1/21,16610
E09000029,8/1/21,5695
E09000030,8/1/21,18295
E09000031,8/1/21,15635
E09000032,8/1/21,11245
E09000033,8/1/21,8970
N09000001,8/1/21,3070
N09000002,8/1/21,4680
N09000003,8/1/21,12325
N09000004,8/1/21,3480
N09000005,8/1/21,5735
N09000006,8/1/21,2325
N09000007,8/1/21,2640
N09000008,8/1/21,3475
N09000009,8/1/21,2940
N09000010,8/1/21,4450
N09000011,8/1/21,3710
S12000005,8/1/21,1620
S12000006,8/1/21,3675
S12000008,8/1/21,4785
S12000010,8/1/21,2600
S12000011,8/1/21,1570
S12000013,8/1/21,545
S12000014,8/1/21,4755
S12000017,8/1/21,5130
S12000018,8/1/21,2640
S12000019,8/1/21,2325
S12000020,8/1/21,2305
S12000021,8/1/21,5395
S12000023,8/1/21,265
S12000026,8/1/21,2830
S12000027,8/1/21,340
S12000028,8/1/21,3650
S12000029,8/1/21,10135
S12000030,8/1/21,1970
S12000033,8/1/21,7510
S12000034,8/1/21,4945
S12000035,8/1/21,2070
S12000036,8/1/21,13890
S12000038,8/1/21,5635
S12000039,8/1/21,3655
S12000040,8/1/21,5020
S12000041,8/1/21,3050
S12000042,8/1/21,6070
S12000045,8/1/21,2020
S12000047,8/1/21,12200
S12000048,8/1/21,3305
S12000049,8/1/21,30660
S12000050,8/1/21,11670
W06000001,8/1/21,1870
W06000002,8/1/21,2715
W06000003,8/1/21,3195
W06000004,8/1/21,2795
W06000005,8/1/21,3845
W06000006,8/1/21,3820
W06000008,8/1/21,1415
W06000009,8/1/21,3035
W06000010,8/1/21,4585
W06000011,8/1/21,7250
W06000012,8/1/21,3900
W06000013,8/1/21,3850
W06000014,8/1/21,3275
W06000015,8/1/21,12810
W06000016,8/1/21,7020
W06000018,8/1/21,5415
W06000019,8/1/21,2450
W06000020,8/1/21,2890
W06000021,8/1/21,1710
W06000022,8/1/21,6250
W06000023,8/1/21,2425
W06000024,8/1/21,1935
E06000001,9/1/21,3895
E06000002,9/1/21,7375
E06000003,9/1/21,4515
E06000004,9/1/21,6420
E06000005,9/1/21,3700
E06000006,9/1/21,4220
E06000007,9/1/21,5090
E06000008,9/1/21,6325
E06000009,9/1/21,7390
E06000010,9/1/21,13090
E06000011,9/1/21,6200
E06000012,9/1/21,5165
E06000013,9/1/21,4655
E06000014,9/1/21,3295
E06000015,9/1/21,9920
E06000016,9/1/21,14615
E06000017,9/1/21,555
E06000018,9/1/21,15260
E06000019,9/1/21,3390
E06000020,9/1/21,5215
E06000021,9/1/21,10725
E06000022,9/1/21,3535
E06000023,9/1/21,14805
E06000024,9/1/21,4065
E06000025,9/1/21,4605
E06000026,9/1/21,7625
E06000027,9/1/21,3525
E06000030,9/1/21,6400
E06000031,9/1/21,8350
E06000032,9/1/21,10110
E06000033,9/1/21,6660
E06000034,9/1/21,5835
E06000035,9/1/21,9505
E06000036,9/1/21,2340
E06000037,9/1/21,2825
E06000038,9/1/21,5525
E06000039,9/1/21,6145
E06000040,9/1/21,2810
E06000041,9/1/21,2405
E06000042,9/1/21,8525
E06000043,9/1/21,10410
E06000044,9/1/21,7800
E06000045,9/1/21,9105
E06000046,9/1/21,3470
E06000047,9/1/21,16185
E06000049,9/1/21,7520
E06000050,9/1/21,7575
E06000051,9/1/21,6220
E06000052,9/1/21,12320
E06000053,9/1/21,15
E06000054,9/1/21,8825
E06000055,9/1/21,5750
E06000056,9/1/21,5520
E06000057,9/1/21,8210
E06000058,9/1/21,10740
E06000059,9/1/21,6230
E06000060,9/1/21,11230
E06000061,9/1/21,8920
E06000062,9/1/21,10725
E06000063,9/1/21,6060
E06000064,9/1/21,3515
E06000065,9/1/21,9675
E06000066,9/1/21,10950
E07000008,9/1/21,2620
E07000009,9/1/21,1365
E07000010,9/1/21,2910
E07000011,9/1/21,3040
E07000012,9/1/21,2225
E07000032,9/1/21,2535
E07000033,9/1/21,1870
E07000034,9/1/21,2805
E07000035,9/1/21,860
E07000036,9/1/21,2835
E07000037,9/1/21,1795
E07000038,9/1/21,1945
E07000039,9/1/21,1915
E07000040,9/1/21,2095
E07000041,9/1/21,2470
E07000042,9/1/21,1330
E07000043,9/1/21,1855
E07000044,9/1/21,1385
E07000045,9/1/21,2300
E07000046,9/1/21,1255
E07000047,9/1/21,860
E07000061,9/1/21,3355
E07000062,9/1/21,3950
E07000063,9/1/21,2445
E07000064,9/1/21,2110
E07000065,9/1/21,2665
E07000066,9/1/21,5595
E07000067,9/1/21,3325
E07000068,9/1/21,1665
E07000069,9/1/21,1765
E07000070,9/1/21,3560
E07000071,9/1/21,4655
E07000072,9/1/21,3280
E07000073,9/1/21,3360
E07000074,9/1/21,1250
E07000075,9/1/21,1535
E07000076,9/1/21,4550
E07000077,9/1/21,1445
E07000078,9/1/21,2605
E07000079,9/1/21,1285
E07000080,9/1/21,1580
E07000081,9/1/21,3640
E07000082,9/1/21,1790
E07000083,9/1/21,1555
E07000084,9/1/21,3510
E07000085,9/1/21,1840
E07000086,9/1/21,2180
E07000087,9/1/21,1650
E07000088,9/1/21,2150
E07000089,9/1/21,1245
E07000090,9/1/21,3265
E07000091,9/1/21,2595
E07000092,9/1/21,2415
E07000093,9/1/21,1845
E07000094,9/1/21,1945
E07000095,9/1/21,2960
E07000096,9/1/21,3690
E07000098,9/1/21,2575
E07000099,9/1/21,2595
E07000102,9/1/21,1700
E07000103,9/1/21,3000
E07000105,9/1/21,3430
E07000106,9/1/21,3790
E07000107,9/1/21,2895
E07000108,9/1/21,3355
E07000109,9/1/21,3685
E07000110,9/1/21,4280
E07000111,9/1/21,2030
E07000112,9/1/21,3560
E07000113,9/1/21,4745
E07000114,9/1/21,6245
E07000115,9/1/21,2420
E07000116,9/1/21,2265
E07000117,9/1/21,4030
E07000118,9/1/21,2370
E07000119,9/1/21,1660
E07000120,9/1/21,3320
E07000121,9/1/21,3700
E07000122,9/1/21,3475
E07000123,9/1/21,5105
E07000124,9/1/21,810
E07000125,9/1/21,2260
E07000126,9/1/21,1975
E07000127,9/1/21,2765
E07000128,9/1/21,2575
E07000129,9/1/21,1660
E07000130,9/1/21,3410
E07000131,9/1/21,1250
E07000132,9/1/21,2210
E07000133,9/1/21,925
E07000134,9/1/21,1725
E07000135,9/1/21,1180
E07000136,9/1/21,2380
E07000137,9/1/21,3315
E07000138,9/1/21,3635
E07000139,9/1/21,1890
E07000140,9/1/21,2195
E07000141,9/1/21,3040
E07000142,9/1/21,2195
E07000143,9/1/21,2500
E07000144,9/1/21,1900
E07000145,9/1/21,3405
E07000146,9/1/21,3015
E07000147,9/1/21,1690
E07000148,9/1/21,4985
E07000149,9/1/21,2140
E07000170,9/1/21,3780
E07000171,9/1/21,2670
E07000172,9/1/21,2340
E07000173,9/1/21,2710
E07000174,9/1/21,3355
E07000175,9/1/21,2680
E07000176,9/1/21,1655
E07000177,9/1/21,3000
E07000178,9/1/21,3830
E07000179,9/1/21,2110
E07000180,9/1/21,2025
E07000181,9/1/21,1755
E07000192,9/1/21,2600
E07000193,9/1/21,3045
E07000194,9/1/21,2040
E07000195,9/1/21,2805
E07000196,9/1/21,2275
E07000197,9/1/21,2550
E07000198,9/1/21,1475
E07000199,9/1/21,2200
E07000200,9/1/21,1700
E07000202,9/1/21,5290
E07000203,9/1/21,1500
E07000207,9/1/21,2230
E07000208,9/1/21,1275
E07000209,9/1/21,2205
E07000210,9/1/21,1295
E07000211,9/1/21,2770
E07000212,9/1/21,1755
E07000213,9/1/21,2420
E07000214,9/1/21,1345
E07000215,9/1/21,1555
E07000216,9/1/21,1590
E07000217,9/1/21,1890
E07000218,9/1/21,1400
E07000219,9/1/21,4070
E07000220,9/1/21,2430
E07000221,9/1/21,2175
E07000222,9/1/21,2640
E07000223,9/1/21,1560
E07000224,9/1/21,3795
E07000225,9/1/21,2535
E07000226,9/1/21,4170
E07000227,9/1/21,2295
E07000228,9/1/21,2055
E07000229,9/1/21,2940
E07000234,9/1/21,2035
E07000235,9/1/21,1540
E07000236,9/1/21,2420
E07000237,9/1/21,2780
E07000238,9/1/21,2480
E07000239,9/1/21,2505
E07000240,9/1/21,2605
E07000241,9/1/21,2925
E07000242,9/1/21,2560
E07000243,9/1/21,2690
E07000244,9/1/21,5085
E07000245,9/1/21,3355
E08000001,9/1/21,12380
E08000002,9/1/21,6460
E08000003,9/1/21,28535
E08000004,9/1/21,12035
E08000005,9/1/21,10095
E08000006,9/1/21,11495
E08000007,9/1/21,8015
E08000008,9/1/21,8550
E08000009,9/1/21,5755
E08000010,9/1/21,10395
E08000011,9/1/21,6385
E08000012,9/1/21,24085
E08000013,9/1/21,5970
E08000014,9/1/21,8745
E08000015,9/1/21,9430
E08000016,9/1/21,7710
E08000017,9/1/21,11580
E08000018,9/1/21,9615
E08000019,9/1/21,19940
E08000021,9/1/21,12430
E08000022,9/1/21,6155
E08000023,9/1/21,6660
E08000024,9/1/21,10765
E08000025,9/1/21,73035
E08000026,9/1/21,13945
E08000027,9/1/21,11570
E08000028,9/1/21,16125
E08000029,9/1/21,5790
E08000030,9/1/21,12375
E08000031,9/1/21,14475
E08000032,9/1/21,27165
E08000033,9/1/21,6905
E08000034,9/1/21,14780
E08000035,9/1/21,28865
E08000036,9/1/21,10375
E08000037,9/1/21,7395
E09000001,9/1/21,205
E09000002,9/1/21,11635
E09000003,9/1/21,14455
E09000004,9/1/21,6585
E09000005,9/1/21,18720
E09000006,9/1/21,8365
E09000007,9/1/21,8935
E09000008,9/1/21,18485
E09000009,9/1/21,17740
E09000010,9/1/21,16060
E09000011,9/1/21,13040
E09000012,9/1/21,14925
E09000013,9/1/21,8505
E09000014,9/1/21,16800
E09000015,9/1/21,8625
E09000016,9/1/21,7855
E09000017,9/1/21,10965
E09000018,9/1/21,13170
E09000019,9/1/21,10905
E09000020,9/1/21,4925
E09000021,9/1/21,4280
E09000022,9/1/21,17170
E09000023,9/1/21,16230
E09000024,9/1/21,7325
E09000025,9/1/21,22075
E09000026,9/1/21,13045
E09000027,9/1/21,4200
E09000028,9/1/21,15750
E09000029,9/1/21,5325
E09000030,9/1/21,17245
E09000031,9/1/21,14645
E09000032,9/1/21,10750
E09000033,9/1/21,8560
N09000001,9/1/21,2960
N09000002,9/1/21,4565
N09000003,9/1/21,12020
N09000004,9/1/21,3340
N09000005,9/1/21,5560
N09000006,9/1/21,2220
N09000007,9/1/21,2505
N09000008,9/1/21,3410
N09000009,9/1/21,2865
N09000010,9/1/21,4230
N09000011,9/1/21,3535
S12000005,9/1/21,1525
S12000006,9/1/21,3445
S12000008,9/1/21,4450
S12000010,9/1/21,2405
S12000011,9/1/21,1430
S12000013,9/1/21,495
S12000014,9/1/21,4340
S12000017,9/1/21,4650
S12000018,9/1/21,2495
S12000019,9/1/21,2065
S12000020,9/1/21,2080
S12000021,9/1/21,4915
S12000023,9/1/21,245
S12000026,9/1/21,2655
S12000027,9/1/21,315
S12000028,9/1/21,3360
S12000029,9/1/21,9355
S12000030,9/1/21,1835
S12000033,9/1/21,7100
S12000034,9/1/21,4615
S12000035,9/1/21,1925
S12000036,9/1/21,12745
S12000038,9/1/21,5075
S12000039,9/1/21,3400
S12000040,9/1/21,4555
S12000041,9/1/21,2810
S12000042,9/1/21,5640
S12000045,9/1/21,1885
S12000047,9/1/21,11220
S12000048,9/1/21,3030
S12000049,9/1/21,28640
S12000050,9/1/21,10795
W06000001,9/1/21,1750
W06000002,9/1/21,2580
W06000003,9/1/21,3030
W06000004,9/1/21,2655
W06000005,9/1/21,3695
W06000006,9/1/21,3690
W06000008,9/1/21,1350
W06000009,9/1/21,2885
W06000010,9/1/21,4380
W06000011,9/1/21,6940
W06000012,9/1/21,3725
W06000013,9/1/21,3690
W06000014,9/1/21,3070
W06000015,9/1/21,12025
W06000016,9/1/21,6740
W06000018,9/1/21,5140
W06000019,9/1/21,2335
W06000020,9/1/21,2795
W06000021,9/1/21,1685
W06000022,9/1/21,6005
W06000023,9/1/21,2285
W06000024,9/1/21,1865
E06000001,10/1/21,3775
E06000002,10/1/21,7030
E06000003,10/1/21,4240
E06000004,10/1/21,6180
E06000005,10/1/21,3600
E06000006,10/1/21,3995
E06000007,10/1/21,4775
E06000008,10/1/21,6080
E06000009,10/1/21,7205
E06000010,10/1/21,12880
E06000011,10/1/21,5945
E06000012,10/1/21,5050
E06000013,10/1/21,4495
E06000014,10/1/21,3165
E06000015,10/1/21,9430
E06000016,10/1/21,14185
E06000017,10/1/21,525
E06000018,10/1/21,14725
E06000019,10/1/21,3210
E06000020,10/1/21,5050
E06000021,10/1/21,10300
E06000022,10/1/21,3375
E06000023,10/1/21,14310
E06000024,10/1/21,3940
E06000025,10/1/21,4370
E06000026,10/1/21,7480
E06000027,10/1/21,3395
E06000030,10/1/21,6260
E06000031,10/1/21,8135
E06000032,10/1/21,9780
E06000033,10/1/21,6410
E06000034,10/1/21,5520
E06000035,10/1/21,9230
E06000036,10/1/21,2235
E06000037,10/1/21,2725
E06000038,10/1/21,5325
E06000039,10/1/21,6045
E06000040,10/1/21,2765
E06000041,10/1/21,2270
E06000042,10/1/21,8170
E06000043,10/1/21,9990
E06000044,10/1/21,7565
E06000045,10/1/21,8770
E06000046,10/1/21,3330
E06000047,10/1/21,15570
E06000049,10/1/21,7140
E06000050,10/1/21,7315
E06000051,10/1/21,5910
E06000052,10/1/21,11885
E06000053,10/1/21,15
E06000054,10/1/21,8455
E06000055,10/1/21,5545
E06000056,10/1/21,5335
E06000057,10/1/21,8030
E06000058,10/1/21,10285
E06000059,10/1/21,6020
E06000060,10/1/21,11030
E06000061,10/1/21,8540
E06000062,10/1/21,10420
E06000063,10/1/21,5820
E06000064,10/1/21,3415
E06000065,10/1/21,9340
E06000066,10/1/21,10530
E07000008,10/1/21,2540
E07000009,10/1/21,1315
E07000010,10/1/21,2805
E07000011,10/1/21,2980
E07000012,10/1/21,2140
E07000032,10/1/21,2375
E07000033,10/1/21,1765
E07000034,10/1/21,2680
E07000035,10/1/21,825
E07000036,10/1/21,2715
E07000037,10/1/21,1750
E07000038,10/1/21,1840
E07000039,10/1/21,1855
E07000040,10/1/21,2035
E07000041,10/1/21,2375
E07000042,10/1/21,1310
E07000043,10/1/21,1745
E07000044,10/1/21,1345
E07000045,10/1/21,2350
E07000046,10/1/21,1180
E07000047,10/1/21,835
E07000061,10/1/21,3340
E07000062,10/1/21,3860
E07000063,10/1/21,2375
E07000064,10/1/21,2105
E07000065,10/1/21,2575
E07000066,10/1/21,5325
E07000067,10/1/21,3140
E07000068,10/1/21,1595
E07000069,10/1/21,1675
E07000070,10/1/21,3455
E07000071,10/1/21,4450
E07000072,10/1/21,3090
E07000073,10/1/21,3245
E07000074,10/1/21,1180
E07000075,10/1/21,1500
E07000076,10/1/21,4345
E07000077,10/1/21,1350
E07000078,10/1/21,2570
E07000079,10/1/21,1260
E07000080,10/1/21,1585
E07000081,10/1/21,3460
E07000082,10/1/21,1695
E07000083,10/1/21,1485
E07000084,10/1/21,3390
E07000085,10/1/21,1785
E07000086,10/1/21,2110
E07000087,10/1/21,1550
E07000088,10/1/21,2110
E07000089,10/1/21,1185
E07000090,10/1/21,3130
E07000091,10/1/21,2510
E07000092,10/1/21,2355
E07000093,10/1/21,1805
E07000094,10/1/21,1840
E07000095,10/1/21,2745
E07000096,10/1/21,3510
E07000098,10/1/21,2430
E07000099,10/1/21,2465
E07000102,10/1/21,1600
E07000103,10/1/21,2850
E07000105,10/1/21,3275
E07000106,10/1/21,3710
E07000107,10/1/21,2725
E07000108,10/1/21,3285
E07000109,10/1/21,3505
E07000110,10/1/21,4065
E07000111,10/1/21,1925
E07000112,10/1/21,3505
E07000113,10/1/21,4520
E07000114,10/1/21,6090
E07000115,10/1/21,2255
E07000116,10/1/21,2155
E07000117,10/1/21,3820
E07000118,10/1/21,2285
E07000119,10/1/21,1600
E07000120,10/1/21,3130
E07000121,10/1/21,3570
E07000122,10/1/21,3325
E07000123,10/1/21,4870
E07000124,10/1/21,765
E07000125,10/1/21,2205
E07000126,10/1/21,1870
E07000127,10/1/21,2665
E07000128,10/1/21,2485
E07000129,10/1/21,1625
E07000130,10/1/21,3325
E07000131,10/1/21,1210
E07000132,10/1/21,2120
E07000133,10/1/21,905
E07000134,10/1/21,1705
E07000135,10/1/21,1120
E07000136,10/1/21,2330
E07000137,10/1/21,3175
E07000138,10/1/21,3585
E07000139,10/1/21,1810
E07000140,10/1/21,2135
E07000141,10/1/21,3055
E07000142,10/1/21,2100
E07000143,10/1/21,2490
E07000144,10/1/21,1830
E07000145,10/1/21,3415
E07000146,10/1/21,2950
E07000147,10/1/21,1695
E07000148,10/1/21,4795
E07000149,10/1/21,2130
E07000170,10/1/21,3695
E07000171,10/1/21,2640
E07000172,10/1/21,2230
E07000173,10/1/21,2625
E07000174,10/1/21,3285
E07000175,10/1/21,2615
E07000176,10/1/21,1585
E07000177,10/1/21,2880
E07000178,10/1/21,3695
E07000179,10/1/21,2045
E07000180,10/1/21,1980
E07000181,10/1/21,1675
E07000192,10/1/21,2460
E07000193,10/1/21,2865
E07000194,10/1/21,1920
E07000195,10/1/21,2720
E07000196,10/1/21,2220
E07000197,10/1/21,2465
E07000198,10/1/21,1425
E07000199,10/1/21,2100
E07000200,10/1/21,1650
E07000202,10/1/21,5045
E07000203,10/1/21,1435
E07000207,10/1/21,2100
E07000208,10/1/21,1220
E07000209,10/1/21,2105
E07000210,10/1/21,1250
E07000211,10/1/21,2610
E07000212,10/1/21,1655
E07000213,10/1/21,2310
E07000214,10/1/21,1330
E07000215,10/1/21,1440
E07000216,10/1/21,1555
E07000217,10/1/21,1870
E07000218,10/1/21,1335
E07000219,10/1/21,3950
E07000220,10/1/21,2350
E07000221,10/1/21,2125
E07000222,10/1/21,2575
E07000223,10/1/21,1515
E07000224,10/1/21,3660
E07000225,10/1/21,2510
E07000226,10/1/21,3980
E07000227,10/1/21,2150
E07000228,10/1/21,2010
E07000229,10/1/21,2790
E07000234,10/1/21,1950
E07000235,10/1/21,1465
E07000236,10/1/21,2310
E07000237,10/1/21,2730
E07000238,10/1/21,2415
E07000239,10/1/21,2420
E07000240,10/1/21,2535
E07000241,10/1/21,2810
E07000242,10/1/21,2455
E07000243,10/1/21,2580
E07000244,10/1/21,4950
E07000245,10/1/21,3095
E08000001,10/1/21,11990
E08000002,10/1/21,6240
E08000003,10/1/21,27780
E08000004,10/1/21,11490
E08000005,10/1/21,9815
E08000006,10/1/21,11100
E08000007,10/1/21,7690
E08000008,10/1/21,8285
E08000009,10/1/21,5440
E08000010,10/1/21,10065
E08000011,10/1/21,6140
E08000012,10/1/21,23210
E08000013,10/1/21,5720
E08000014,10/1/21,8380
E08000015,10/1/21,9065
E08000016,10/1/21,7485
E08000017,10/1/21,11160
E08000018,10/1/21,9145
E08000019,10/1/21,19200
E08000021,10/1/21,11860
E08000022,10/1/21,5890
E08000023,10/1/21,6435
E08000024,10/1/21,10390
E08000025,10/1/21,71060
E08000026,10/1/21,13380
E08000027,10/1/21,11305
E08000028,10/1/21,15750
E08000029,10/1/21,5570
E08000030,10/1/21,11965
E08000031,10/1/21,14055
E08000032,10/1/21,26600
E08000033,10/1/21,6610
E08000034,10/1/21,14220
E08000035,10/1/21,27545
E08000036,10/1/21,9995
E08000037,10/1/21,6980
E09000001,10/1/21,265
E09000002,10/1/21,11105
E09000003,10/1/21,14035
E09000004,10/1/21,6215
E09000005,10/1/21,18165
E09000006,10/1/21,7940
E09000007,10/1/21,8825
E09000008,10/1/21,17950
E09000009,10/1/21,17085
E09000010,10/1/21,15650
E09000011,10/1/21,12435
E09000012,10/1/21,14215
E09000013,10/1/21,8220
E09000014,10/1/21,16175
E09000015,10/1/21,8330
E09000016,10/1/21,7510
E09000017,10/1/21,10480
E09000018,10/1/21,12505
E09000019,10/1/21,10425
E09000020,10/1/21,4885
E09000021,10/1/21,4110
E09000022,10/1/21,16400
E09000023,10/1/21,15660
E09000024,10/1/21,6955
E09000025,10/1/21,21370
E09000026,10/1/21,12735
E09000027,10/1/21,3990
E09000028,10/1/21,15170
E09000029,10/1/21,5055
E09000030,10/1/21,16525
E09000031,10/1/21,13970
E09000032,10/1/21,10280
E09000033,10/1/21,8250
N09000001,10/1/21,2840
N09000002,10/1/21,4455
N09000003,10/1/21,11645
N09000004,10/1/21,3270
N09000005,10/1/21,5450
N09000006,10/1/21,2170
N09000007,10/1/21,2400
N09000008,10/1/21,3360
N09000009,10/1/21,2650
N09000010,10/1/21,4125
N09000011,10/1/21,3415
S12000005,10/1/21,1510
S12000006,10/1/21,3295
S12000008,10/1/21,4275
S12000010,10/1/21,2290
S12000011,10/1/21,1340
S12000013,10/1/21,485
S12000014,10/1/21,4190
S12000017,10/1/21,4295
S12000018,10/1/21,2390
S12000019,10/1/21,1910
S12000020,10/1/21,1980
S12000021,10/1/21,4795
S12000023,10/1/21,240
S12000026,10/1/21,2510
S12000027,10/1/21,320
S12000028,10/1/21,3235
S12000029,10/1/21,8880
S12000030,10/1/21,1775
S12000033,10/1/21,6760
S12000034,10/1/21,4395
S12000035,10/1/21,1845
S12000036,10/1/21,12065
S12000038,10/1/21,4725
S12000039,10/1/21,3230
S12000040,10/1/21,4215
S12000041,10/1/21,2605
S12000042,10/1/21,5240
S12000045,10/1/21,1745
S12000047,10/1/21,10525
S12000048,10/1/21,2815
S12000049,10/1/21,27450
S12000050,10/1/21,10295
W06000001,10/1/21,1700
W06000002,10/1/21,2535
W06000003,10/1/21,2980
W06000004,10/1/21,2570
W06000005,10/1/21,3610
W06000006,10/1/21,3525
W06000008,10/1/21,1320
W06000009,10/1/21,2815
W06000010,10/1/21,4145
W06000011,10/1/21,6725
W06000012,10/1/21,3610
W06000013,10/1/21,3540
W06000014,10/1/21,2915
W06000015,10/1/21,11585
W06000016,10/1/21,6480
W06000018,10/1/21,4950
W06000019,10/1/21,2245
W06000020,10/1/21,2685
W06000021,10/1/21,1610
W06000022,10/1/21,5860
W06000023,10/1/21,2190
W06000024,10/1/21,1750
E06000001,11/1/21,3675
E06000002,11/1/21,6750
E06000003,11/1/21,4055
E06000004,11/1/21,5950
E06000005,11/1/21,3400
E06000006,11/1/21,3800
E06000007,11/1/21,4580
E06000008,11/1/21,5940
E06000009,11/1/21,7020
E06000010,11/1/21,12680
E06000011,11/1/21,5830
E06000012,11/1/21,4860
E06000013,11/1/21,4350
E06000014,11/1/21,3025
E06000015,11/1/21,9125
E06000016,11/1/21,13655
E06000017,11/1/21,500
E06000018,11/1/21,14260
E06000019,11/1/21,3080
E06000020,11/1/21,4920
E06000021,11/1/21,9980
E06000022,11/1/21,3185
E06000023,11/1/21,13715
E06000024,11/1/21,3780
E06000025,11/1/21,4225
E06000026,11/1/21,7180
E06000027,11/1/21,3305
E06000030,11/1/21,6035
E06000031,11/1/21,7790
E06000032,11/1/21,9515
E06000033,11/1/21,6210
E06000034,11/1/21,5215
E06000035,11/1/21,8860
E06000036,11/1/21,2120
E06000037,11/1/21,2605
E06000038,11/1/21,5100
E06000039,11/1/21,5870
E06000040,11/1/21,2630
E06000041,11/1/21,2120
E06000042,11/1/21,7710
E06000043,11/1/21,9730
E06000044,11/1/21,7325
E06000045,11/1/21,8510
E06000046,11/1/21,3345
E06000047,11/1/21,14690
E06000049,11/1/21,6775
E06000050,11/1/21,7040
E06000051,11/1/21,5720
E06000052,11/1/21,11525
E06000053,11/1/21,25
E06000054,11/1/21,8160
E06000055,11/1/21,5390
E06000056,11/1/21,5160
E06000057,11/1/21,7725
E06000058,11/1/21,9850
E06000059,11/1/21,5795
E06000060,11/1/21,10490
E06000061,11/1/21,8065
E06000062,11/1/21,9970
E06000063,11/1/21,5470
E06000064,11/1/21,3345
E06000065,11/1/21,9010
E06000066,11/1/21,10260
E07000008,11/1/21,2385
E07000009,11/1/21,1275
E07000010,11/1/21,2695
E07000011,11/1/21,2790
E07000012,11/1/21,2040
E07000032,11/1/21,2275
E07000033,11/1/21,1705
E07000034,11/1/21,2565
E07000035,11/1/21,805
E07000036,11/1/21,2550
E07000037,11/1/21,1650
E07000038,11/1/21,1755
E07000039,11/1/21,1765
E07000040,11/1/21,2010
E07000041,11/1/21,2305
E07000042,11/1/21,1260
E07000043,11/1/21,1700
E07000044,11/1/21,1290
E07000045,11/1/21,2155
E07000046,11/1/21,1140
E07000047,11/1/21,815
E07000061,11/1/21,3365
E07000062,11/1/21,3860
E07000063,11/1/21,2320
E07000064,11/1/21,2025
E07000065,11/1/21,2520
E07000066,11/1/21,5100
E07000067,11/1/21,3005
E07000068,11/1/21,1475
E07000069,11/1/21,1605
E07000070,11/1/21,3360
E07000071,11/1/21,4275
E07000072,11/1/21,2970
E07000073,11/1/21,3170
E07000074,11/1/21,1170
E07000075,11/1/21,1440
E07000076,11/1/21,4280
E07000077,11/1/21,1250
E07000078,11/1/21,2470
E07000079,11/1/21,1220
E07000080,11/1/21,1495
E07000081,11/1/21,3355
E07000082,11/1/21,1595
E07000083,11/1/21,1350
E07000084,11/1/21,3260
E07000085,11/1/21,1680
E07000086,11/1/21,2025
E07000087,11/1/21,1510
E07000088,11/1/21,2055
E07000089,11/1/21,1125
E07000090,11/1/21,3060
E07000091,11/1/21,2415
E07000092,11/1/21,2265
E07000093,11/1/21,1705
E07000094,11/1/21,1785
E07000095,11/1/21,2565
E07000096,11/1/21,3415
E07000098,11/1/21,2400
E07000099,11/1/21,2385
E07000102,11/1/21,1520
E07000103,11/1/21,2645
E07000105,11/1/21,3190
E07000106,11/1/21,3710
E07000107,11/1/21,2570
E07000108,11/1/21,3200
E07000109,11/1/21,3305
E07000110,11/1/21,3930
E07000111,11/1/21,1845
E07000112,11/1/21,3410
E07000113,11/1/21,4415
E07000114,11/1/21,5930
E07000115,11/1/21,2155
E07000116,11/1/21,2075
E07000117,11/1/21,3630
E07000118,11/1/21,2235
E07000119,11/1/21,1570
E07000120,11/1/21,3035
E07000121,11/1/21,3490
E07000122,11/1/21,3185
E07000123,11/1/21,4730
E07000124,11/1/21,730
E07000125,11/1/21,2125
E07000126,11/1/21,1815
E07000127,11/1/21,2585
E07000128,11/1/21,2400
E07000129,11/1/21,1590
E07000130,11/1/21,3205
E07000131,11/1/21,1150
E07000132,11/1/21,2010
E07000133,11/1/21,855
E07000134,11/1/21,1615
E07000135,11/1/21,1095
E07000136,11/1/21,2250
E07000137,11/1/21,3230
E07000138,11/1/21,3435
E07000139,11/1/21,1710
E07000140,11/1/21,2075
E07000141,11/1/21,2890
E07000142,11/1/21,2035
E07000143,11/1/21,2445
E07000144,11/1/21,1760
E07000145,11/1/21,3505
E07000146,11/1/21,2805
E07000147,11/1/21,1695
E07000148,11/1/21,4685
E07000149,11/1/21,2075
E07000170,11/1/21,3555
E07000171,11/1/21,2535
E07000172,11/1/21,2150
E07000173,11/1/21,2480
E07000174,11/1/21,3105
E07000175,11/1/21,2555
E07000176,11/1/21,1505
E07000177,11/1/21,2660
E07000178,11/1/21,3485
E07000179,11/1/21,1950
E07000180,11/1/21,1885
E07000181,11/1/21,1630
E07000192,11/1/21,2340
E07000193,11/1/21,2720
E07000194,11/1/21,1840
E07000195,11/1/21,2545
E07000196,11/1/21,2145
E07000197,11/1/21,2400
E07000198,11/1/21,1380
E07000199,11/1/21,2025
E07000200,11/1/21,1555
E07000202,11/1/21,4960
E07000203,11/1/21,1395
E07000207,11/1/21,2020
E07000208,11/1/21,1135
E07000209,11/1/21,2040
E07000210,11/1/21,1160
E07000211,11/1/21,2450
E07000212,11/1/21,1575
E07000213,11/1/21,2225
E07000214,11/1/21,1285
E07000215,11/1/21,1370
E07000216,11/1/21,1520
E07000217,11/1/21,1750
E07000218,11/1/21,1260
E07000219,11/1/21,3870
E07000220,11/1/21,2210
E07000221,11/1/21,2090
E07000222,11/1/21,2460
E07000223,11/1/21,1415
E07000224,11/1/21,3560
E07000225,11/1/21,2415
E07000226,11/1/21,3785
E07000227,11/1/21,2075
E07000228,11/1/21,1870
E07000229,11/1/21,2670
E07000234,11/1/21,1865
E07000235,11/1/21,1435
E07000236,11/1/21,2280
E07000237,11/1/21,2625
E07000238,11/1/21,2305
E07000239,11/1/21,2290
E07000240,11/1/21,2365
E07000241,11/1/21,2655
E07000242,11/1/21,2335
E07000243,11/1/21,2420
E07000244,11/1/21,4865
E07000245,11/1/21,2935
E08000001,11/1/21,11420
E08000002,11/1/21,5950
E08000003,11/1/21,27005
E08000004,11/1/21,11055
E08000005,11/1/21,9505
E08000006,11/1/21,10715
E08000007,11/1/21,7305
E08000008,11/1/21,7930
E08000009,11/1/21,5210
E08000010,11/1/21,9660
E08000011,11/1/21,5825
E08000012,11/1/21,22325
E08000013,11/1/21,5465
E08000014,11/1/21,8090
E08000015,11/1/21,8665
E08000016,11/1/21,7185
E08000017,11/1/21,10650
E08000018,11/1/21,8805
E08000019,11/1/21,18475
E08000021,11/1/21,11460
E08000022,11/1/21,5630
E08000023,11/1/21,6125
E08000024,11/1/21,10020
E08000025,11/1/21,68995
E08000026,11/1/21,12975
E08000027,11/1/21,10845
E08000028,11/1/21,15285
E08000029,11/1/21,5265
E08000030,11/1/21,11555
E08000031,11/1/21,13615
E08000032,11/1/21,25655
E08000033,11/1/21,6290
E08000034,11/1/21,13750
E08000035,11/1/21,26445
E08000036,11/1/21,9600
E08000037,11/1/21,6745
E09000001,11/1/21,340
E09000002,11/1/21,10605
E09000003,11/1/21,13505
E09000004,11/1/21,5820
E09000005,11/1/21,17410
E09000006,11/1/21,7545
E09000007,11/1/21,8725
E09000008,11/1/21,17105
E09000009,11/1/21,16430
E09000010,11/1/21,14920
E09000011,11/1/21,11755
E09000012,11/1/21,13640
E09000013,11/1/21,7810
E09000014,11/1/21,15485
E09000015,11/1/21,7945
E09000016,11/1/21,7170
E09000017,11/1/21,9900
E09000018,11/1/21,12020
E09000019,11/1/21,9905
E09000020,11/1/21,4755
E09000021,11/1/21,3840
E09000022,11/1/21,15625
E09000023,11/1/21,14890
E09000024,11/1/21,6665
E09000025,11/1/21,20595
E09000026,11/1/21,12125
E09000027,11/1/21,3760
E09000028,11/1/21,14520
E09000029,11/1/21,4765
E09000030,11/1/21,15605
E09000031,11/1/21,13225
E09000032,11/1/21,9770
E09000033,11/1/21,8005
N09000001,11/1/21,2665
N09000002,11/1/21,4110
N09000003,11/1/21,11030
N09000004,11/1/21,3100
N09000005,11/1/21,5175
N09000006,11/1/21,2010
N09000007,11/1/21,2205
N09000008,11/1/21,3150
N09000009,11/1/21,2460
N09000010,11/1/21,3805
N09000011,11/1/21,3130
S12000005,11/1/21,1460
S12000006,11/1/21,3200
S12000008,11/1/21,4165
S12000010,11/1/21,2245
S12000011,11/1/21,1275
S12000013,11/1/21,455
S12000014,11/1/21,3910
S12000017,11/1/21,4265
S12000018,11/1/21,2305
S12000019,11/1/21,1785
S12000020,11/1/21,1860
S12000021,11/1/21,4605
S12000023,11/1/21,240
S12000026,11/1/21,2415
S12000027,11/1/21,315
S12000028,11/1/21,3140
S12000029,11/1/21,8515
S12000030,11/1/21,1690
S12000033,11/1/21,6550
S12000034,11/1/21,4220
S12000035,11/1/21,1835
S12000036,11/1/21,11405
S12000038,11/1/21,4515
S12000039,11/1/21,3210
S12000040,11/1/21,4015
S12000041,11/1/21,2480
S12000042,11/1/21,5000
S12000045,11/1/21,1680
S12000047,11/1/21,10180
S12000048,11/1/21,2710
S12000049,11/1/21,26755
S12000050,11/1/21,9855
W06000001,11/1/21,1655
W06000002,11/1/21,2510
W06000003,11/1/21,2930
W06000004,11/1/21,2545
W06000005,11/1/21,3475
W06000006,11/1/21,3415
W06000008,11/1/21,1305
W06000009,11/1/21,2795
W06000010,11/1/21,3925
W06000011,11/1/21,6445
W06000012,11/1/21,3450
W06000013,11/1/21,3455
W06000014,11/1/21,2865
W06000015,11/1/21,11210
W06000016,11/1/21,6145
W06000018,11/1/21,4830
W06000019,11/1/21,2190
W06000020,11/1/21,2570
W06000021,11/1/21,1530
W06000022,11/1/21,5660
W06000023,11/1/21,2200
W06000024,11/1/21,1715
E06000001,12/1/21,3560
E06000002,12/1/21,6595
E06000003,12/1/21,3900
E06000004,12/1/21,5805
E06000005,12/1/21,3290
E06000006,12/1/21,3660
E06000007,12/1/21,4420
E06000008,12/1/21,5700
E06000009,12/1/21,6965
E06000010,12/1/21,12330
E06000011,12/1/21,5630
E06000012,12/1/21,4710
E06000013,12/1/21,4185
E06000014,12/1/21,2885
E06000015,12/1/21,8690
E06000016,12/1/21,13195
E06000017,12/1/21,455
E06000018,12/1/21,13750
E06000019,12/1/21,2955
E06000020,12/1/21,4745
E06000021,12/1/21,9685
E06000022,12/1/21,3055
E06000023,12/1/21,13325
E06000024,12/1/21,3645
E06000025,12/1/21,3960
E06000026,12/1/21,6795
E06000027,12/1/21,3160
E06000030,12/1/21,5710
E06000031,12/1/21,7445
E06000032,12/1/21,9255
E06000033,12/1/21,6045
E06000034,12/1/21,4905
E06000035,12/1/21,8625
E06000036,12/1/21,2000
E06000037,12/1/21,2495
E06000038,12/1/21,4955
E06000039,12/1/21,5735
E06000040,12/1/21,2540
E06000041,12/1/21,2025
E06000042,12/1/21,7310
E06000043,12/1/21,9405
E06000044,12/1/21,7205
E06000045,12/1/21,8255
E06000046,12/1/21,3335
E06000047,12/1/21,14140
E06000049,12/1/21,6555
E06000050,12/1/21,6660
E06000051,12/1/21,5575
E06000052,12/1/21,11320
E06000053,12/1/21,30
E06000054,12/1/21,7915
E06000055,12/1/21,5210
E06000056,12/1/21,4890
E06000057,12/1/21,7505
E06000058,12/1/21,9560
E06000059,12/1/21,5715
E06000060,12/1/21,10125
E06000061,12/1/21,7680
E06000062,12/1/21,9570
E06000063,12/1/21,5300
E06000064,12/1/21,3285
E06000065,12/1/21,8810
E06000066,12/1/21,9830
E07000008,12/1/21,2280
E07000009,12/1/21,1265
E07000010,12/1/21,2610
E07000011,12/1/21,2700
E07000012,12/1/21,1940
E07000032,12/1/21,2185
E07000033,12/1/21,1600
E07000034,12/1/21,2485
E07000035,12/1/21,775
E07000036,12/1/21,2435
E07000037,12/1/21,1595
E07000038,12/1/21,1680
E07000039,12/1/21,1670
E07000040,12/1/21,1925
E07000041,12/1/21,2220
E07000042,12/1/21,1195
E07000043,12/1/21,1690
E07000044,12/1/21,1255
E07000045,12/1/21,2095
E07000046,12/1/21,1115
E07000047,12/1/21,775
E07000061,12/1/21,3280
E07000062,12/1/21,3760
E07000063,12/1/21,2235
E07000064,12/1/21,1990
E07000065,12/1/21,2415
E07000066,12/1/21,4945
E07000067,12/1/21,2910
E07000068,12/1/21,1450
E07000069,12/1/21,1565
E07000070,12/1/21,3270
E07000071,12/1/21,4160
E07000072,12/1/21,2940
E07000073,12/1/21,3035
E07000074,12/1/21,1165
E07000075,12/1/21,1380
E07000076,12/1/21,4220
E07000077,12/1/21,1195
E07000078,12/1/21,2335
E07000079,12/1/21,1205
E07000080,12/1/21,1445
E07000081,12/1/21,3235
E07000082,12/1/21,1560
E07000083,12/1/21,1290
E07000084,12/1/21,3185
E07000085,12/1/21,1645
E07000086,12/1/21,1990
E07000087,12/1/21,1455
E07000088,12/1/21,2010
E07000089,12/1/21,1070
E07000090,12/1/21,2970
E07000091,12/1/21,2330
E07000092,12/1/21,2125
E07000093,12/1/21,1660
E07000094,12/1/21,1745
E07000095,12/1/21,2495
E07000096,12/1/21,3210
E07000098,12/1/21,2350
E07000099,12/1/21,2315
E07000102,12/1/21,1445
E07000103,12/1/21,2535
E07000105,12/1/21,3060
E07000106,12/1/21,3495
E07000107,12/1/21,2480
E07000108,12/1/21,3100
E07000109,12/1/21,3245
E07000110,12/1/21,3785
E07000111,12/1/21,1765
E07000112,12/1/21,3335
E07000113,12/1/21,4235
E07000114,12/1/21,5860
E07000115,12/1/21,2015
E07000116,12/1/21,1990
E07000117,12/1/21,3490
E07000118,12/1/21,2110
E07000119,12/1/21,1500
E07000120,12/1/21,2940
E07000121,12/1/21,3410
E07000122,12/1/21,3100
E07000123,12/1/21,4520
E07000124,12/1/21,705
E07000125,12/1/21,2005
E07000126,12/1/21,1755
E07000127,12/1/21,2475
E07000128,12/1/21,2285
E07000129,12/1/21,1455
E07000130,12/1/21,3100
E07000131,12/1/21,1110
E07000132,12/1/21,1935
E07000133,12/1/21,820
E07000134,12/1/21,1630
E07000135,12/1/21,1040
E07000136,12/1/21,2185
E07000137,12/1/21,3250
E07000138,12/1/21,3300
E07000139,12/1/21,1625
E07000140,12/1/21,1985
E07000141,12/1/21,2745
E07000142,12/1/21,1980
E07000143,12/1/21,2330
E07000144,12/1/21,1745
E07000145,12/1/21,3480
E07000146,12/1/21,2695
E07000147,12/1/21,1710
E07000148,12/1/21,4545
E07000149,12/1/21,2045
E07000170,12/1/21,3415
E07000171,12/1/21,2460
E07000172,12/1/21,2055
E07000173,12/1/21,2425
E07000174,12/1/21,3010
E07000175,12/1/21,2435
E07000176,12/1/21,1465
E07000177,12/1/21,2465
E07000178,12/1/21,3300
E07000179,12/1/21,1875
E07000180,12/1/21,1825
E07000181,12/1/21,1535
E07000192,12/1/21,2280
E07000193,12/1/21,2535
E07000194,12/1/21,1735
E07000195,12/1/21,2490
E07000196,12/1/21,2110
E07000197,12/1/21,2325
E07000198,12/1/21,1315
E07000199,12/1/21,1910
E07000200,12/1/21,1490
E07000202,12/1/21,4785
E07000203,12/1/21,1345
E07000207,12/1/21,1940
E07000208,12/1/21,1085
E07000209,12/1/21,1955
E07000210,12/1/21,1110
E07000211,12/1/21,2340
E07000212,12/1/21,1540
E07000213,12/1/21,2155
E07000214,12/1/21,1240
E07000215,12/1/21,1335
E07000216,12/1/21,1475
E07000217,12/1/21,1695
E07000218,12/1/21,1210
E07000219,12/1/21,3650
E07000220,12/1/21,2145
E07000221,12/1/21,2035
E07000222,12/1/21,2430
E07000223,12/1/21,1355
E07000224,12/1/21,3455
E07000225,12/1/21,2405
E07000226,12/1/21,3605
E07000227,12/1/21,1975
E07000228,12/1/21,1815
E07000229,12/1/21,2595
E07000234,12/1/21,1805
E07000235,12/1/21,1380
E07000236,12/1/21,2235
E07000237,12/1/21,2550
E07000238,12/1/21,2275
E07000239,12/1/21,2195
E07000240,12/1/21,2280
E07000241,12/1/21,2610
E07000242,12/1/21,2195
E07000243,12/1/21,2335
E07000244,12/1/21,4710
E07000245,12/1/21,2800
E08000001,12/1/21,11035
E08000002,12/1/21,5805
E08000003,12/1/21,25960
E08000004,12/1/21,10600
E08000005,12/1/21,9250
E08000006,12/1/21,10215
E08000007,12/1/21,7100
E08000008,12/1/21,7600
E08000009,12/1/21,5020
E08000010,12/1/21,9295
E08000011,12/1/21,5545
E08000012,12/1/21,21540
E08000013,12/1/21,5265
E08000014,12/1/21,7770
E08000015,12/1/21,8385
E08000016,12/1/21,6785
E08000017,12/1/21,10280
E08000018,12/1/21,8495
E08000019,12/1/21,17820
E08000021,12/1/21,11090
E08000022,12/1/21,5380
E08000023,12/1/21,6000
E08000024,12/1/21,9670
E08000025,12/1/21,67095
E08000026,12/1/21,12495
E08000027,12/1/21,10450
E08000028,12/1/21,14830
E08000029,12/1/21,4975
E08000030,12/1/21,11160
E08000031,12/1/21,13115
E08000032,12/1/21,24880
E08000033,12/1/21,6065
E08000034,12/1/21,13150
E08000035,12/1/21,25530
E08000036,12/1/21,9230
E08000037,12/1/21,6445
E09000001,12/1/21,330
E09000002,12/1/21,10300
E09000003,12/1/21,13125
E09000004,12/1/21,5570
E09000005,12/1/21,16460
E09000006,12/1/21,7170
E09000007,12/1/21,8410
E09000008,12/1/21,16660
E09000009,12/1/21,15750
E09000010,12/1/21,14440
E09000011,12/1/21,11365
E09000012,12/1/21,13085
E09000013,12/1/21,7580
E09000014,12/1/21,14885
E09000015,12/1/21,7725
E09000016,12/1/21,6975
E09000017,12/1/21,9335
E09000018,12/1/21,11445
E09000019,12/1/21,9460
E09000020,12/1/21,4565
E09000021,12/1/21,3725
E09000022,12/1/21,14820
E09000023,12/1/21,14365
E09000024,12/1/21,6425
E09000025,12/1/21,19815
E09000026,12/1/21,11605
E09000027,12/1/21,3560
E09000028,12/1/21,13995
E09000029,12/1/21,4485
E09000030,12/1/21,15010
E09000031,12/1/21,12615
E09000032,12/1/21,9260
E09000033,12/1/21,7770
N09000001,12/1/21,2485
N09000002,12/1/21,3825
N09000003,12/1/21,10505
N09000004,12/1/21,3015
N09000005,12/1/21,4945
N09000006,12/1/21,1925
N09000007,12/1/21,2080
N09000008,12/1/21,2950
N09000009,12/1/21,2265
N09000010,12/1/21,3665
N09000011,12/1/21,3005
S12000005,12/1/21,1370
S12000006,12/1/21,3175
S12000008,12/1/21,4090
S12000010,12/1/21,2130
S12000011,12/1/21,1235
S12000013,12/1/21,460
S12000014,12/1/21,3755
S12000017,12/1/21,4205
S12000018,12/1/21,2275
S12000019,12/1/21,1735
S12000020,12/1/21,1810
S12000021,12/1/21,4530
S12000023,12/1/21,250
S12000026,12/1/21,2365
S12000027,12/1/21,315
S12000028,12/1/21,3080
S12000029,12/1/21,8160
S12000030,12/1/21,1610
S12000033,12/1/21,6410
S12000034,12/1/21,4155
S12000035,12/1/21,1795
S12000036,12/1/21,10735
S12000038,12/1/21,4420
S12000039,12/1/21,3145
S12000040,12/1/21,3795
S12000041,12/1/21,2415
S12000042,12/1/21,4875
S12000045,12/1/21,1650
S12000047,12/1/21,9800
S12000048,12/1/21,2630
S12000049,12/1/21,25895
S12000050,12/1/21,9580
W06000001,12/1/21,1640
W06000002,12/1/21,2505
W06000003,12/1/21,2915
W06000004,12/1/21,2450
W06000005,12/1/21,3380
W06000006,12/1/21,3290
W06000008,12/1/21,1285
W06000009,12/1/21,2795
W06000010,12/1/21,3780
W06000011,12/1/21,6275
W06000012,12/1/21,3275
W06000013,12/1/21,3330
W06000014,12/1/21,2725
W06000015,12/1/21,10805
W06000016,12/1/21,5945
W06000018,12/1/21,4690
W06000019,12/1/21,2140
W06000020,12/1/21,2585
W06000021,12/1/21,1475
W06000022,12/1/21,5450
W06000023,12/1/21,2125
W06000024,12/1/21,1655
E06000001,1/1/22,3510
E06000002,1/1/22,6555
E06000003,1/1/22,3935
E06000004,1/1/22,5700
E06000005,1/1/22,3210
E06000006,1/1/22,3680
E06000007,1/1/22,4335
E06000008,1/1/22,5620
E06000009,1/1/22,7090
E06000010,1/1/22,12195
E06000011,1/1/22,5715
E06000012,1/1/22,4695
E06000013,1/1/22,4130
E06000014,1/1/22,2820
E06000015,1/1/22,8435
E06000016,1/1/22,12935
E06000017,1/1/22,440
E06000018,1/1/22,13450
E06000019,1/1/22,2920
E06000020,1/1/22,4675
E06000021,1/1/22,9520
E06000022,1/1/22,3025
E06000023,1/1/22,12830
E06000024,1/1/22,3585
E06000025,1/1/22,3835
E06000026,1/1/22,6645
E06000027,1/1/22,3210
E06000030,1/1/22,5540
E06000031,1/1/22,7245
E06000032,1/1/22,9145
E06000033,1/1/22,5860
E06000034,1/1/22,4725
E06000035,1/1/22,8315
E06000036,1/1/22,1980
E06000037,1/1/22,2435
E06000038,1/1/22,4795
E06000039,1/1/22,5530
E06000040,1/1/22,2430
E06000041,1/1/22,1990
E06000042,1/1/22,7150
E06000043,1/1/22,9185
E06000044,1/1/22,7115
E06000045,1/1/22,8080
E06000046,1/1/22,3410
E06000047,1/1/22,13925
E06000049,1/1/22,6345
E06000050,1/1/22,6540
E06000051,1/1/22,5485
E06000052,1/1/22,11400
E06000053,1/1/22,30
E06000054,1/1/22,7695
E06000055,1/1/22,5040
E06000056,1/1/22,4725
E06000057,1/1/22,7500
E06000058,1/1/22,9470
E06000059,1/1/22,5800
E06000060,1/1/22,9910
E06000061,1/1/22,7630
E06000062,1/1/22,9255
E06000063,1/1/22,5225
E06000064,1/1/22,3265
E06000065,1/1/22,8870
E06000066,1/1/22,9760
E07000008,1/1/22,2230
E07000009,1/1/22,1205
E07000010,1/1/22,2540
E07000011,1/1/22,2640
E07000012,1/1/22,1875
E07000032,1/1/22,2070
E07000033,1/1/22,1555
E07000034,1/1/22,2385
E07000035,1/1/22,735
E07000036,1/1/22,2365
E07000037,1/1/22,1525
E07000038,1/1/22,1645
E07000039,1/1/22,1595
E07000040,1/1/22,1880
E07000041,1/1/22,2155
E07000042,1/1/22,1140
E07000043,1/1/22,1750
E07000044,1/1/22,1255
E07000045,1/1/22,2095
E07000046,1/1/22,1115
E07000047,1/1/22,755
E07000061,1/1/22,3285
E07000062,1/1/22,3775
E07000063,1/1/22,2160
E07000064,1/1/22,1975
E07000065,1/1/22,2400
E07000066,1/1/22,4730
E07000067,1/1/22,2860
E07000068,1/1/22,1410
E07000069,1/1/22,1515
E07000070,1/1/22,3190
E07000071,1/1/22,3980
E07000072,1/1/22,2855
E07000073,1/1/22,3030
E07000074,1/1/22,1150
E07000075,1/1/22,1310
E07000076,1/1/22,4275
E07000077,1/1/22,1140
E07000078,1/1/22,2230
E07000079,1/1/22,1155
E07000080,1/1/22,1385
E07000081,1/1/22,3100
E07000082,1/1/22,1490
E07000083,1/1/22,1310
E07000084,1/1/22,3175
E07000085,1/1/22,1610
E07000086,1/1/22,1890
E07000087,1/1/22,1410
E07000088,1/1/22,1990
E07000089,1/1/22,1070
E07000090,1/1/22,2935
E07000091,1/1/22,2320
E07000092,1/1/22,2100
E07000093,1/1/22,1640
E07000094,1/1/22,1700
E07000095,1/1/22,2430
E07000096,1/1/22,3055
E07000098,1/1/22,2230
E07000099,1/1/22,2235
E07000102,1/1/22,1420
E07000103,1/1/22,2455
E07000105,1/1/22,3010
E07000106,1/1/22,3480
E07000107,1/1/22,2400
E07000108,1/1/22,3065
E07000109,1/1/22,3130
E07000110,1/1/22,3730
E07000111,1/1/22,1705
E07000112,1/1/22,3295
E07000113,1/1/22,4135
E07000114,1/1/22,5825
E07000115,1/1/22,1945
E07000116,1/1/22,1925
E07000117,1/1/22,3385
E07000118,1/1/22,2120
E07000119,1/1/22,1550
E07000120,1/1/22,2895
E07000121,1/1/22,3320
E07000122,1/1/22,3005
E07000123,1/1/22,4470
E07000124,1/1/22,710
E07000125,1/1/22,1980
E07000126,1/1/22,1660
E07000127,1/1/22,2395
E07000128,1/1/22,2300
E07000129,1/1/22,1480
E07000130,1/1/22,2990
E07000131,1/1/22,1105
E07000132,1/1/22,1925
E07000133,1/1/22,805
E07000134,1/1/22,1600
E07000135,1/1/22,1000
E07000136,1/1/22,2175
E07000137,1/1/22,3495
E07000138,1/1/22,3205
E07000139,1/1/22,1590
E07000140,1/1/22,1950
E07000141,1/1/22,2780
E07000142,1/1/22,1935
E07000143,1/1/22,2240
E07000144,1/1/22,1690
E07000145,1/1/22,3630
E07000146,1/1/22,2650
E07000147,1/1/22,1705
E07000148,1/1/22,4390
E07000149,1/1/22,2025
E07000170,1/1/22,3355
E07000171,1/1/22,2465
E07000172,1/1/22,1950
E07000173,1/1/22,2350
E07000174,1/1/22,2920
E07000175,1/1/22,2415
E07000176,1/1/22,1425
E07000177,1/1/22,2320
E07000178,1/1/22,3200
E07000179,1/1/22,1835
E07000180,1/1/22,1820
E07000181,1/1/22,1490
E07000192,1/1/22,2210
E07000193,1/1/22,2475
E07000194,1/1/22,1725
E07000195,1/1/22,2495
E07000196,1/1/22,2050
E07000197,1/1/22,2270
E07000198,1/1/22,1300
E07000199,1/1/22,1955
E07000200,1/1/22,1475
E07000202,1/1/22,4610
E07000203,1/1/22,1375
E07000207,1/1/22,1850
E07000208,1/1/22,1055
E07000209,1/1/22,1910
E07000210,1/1/22,1100
E07000211,1/1/22,2325
E07000212,1/1/22,1475
E07000213,1/1/22,2105
E07000214,1/1/22,1225
E07000215,1/1/22,1285
E07000216,1/1/22,1410
E07000217,1/1/22,1620
E07000218,1/1/22,1220
E07000219,1/1/22,3605
E07000220,1/1/22,2110
E07000221,1/1/22,1980
E07000222,1/1/22,2385
E07000223,1/1/22,1285
E07000224,1/1/22,3460
E07000225,1/1/22,2340
E07000226,1/1/22,3545
E07000227,1/1/22,1940
E07000228,1/1/22,1720
E07000229,1/1/22,2540
E07000234,1/1/22,1785
E07000235,1/1/22,1305
E07000236,1/1/22,2220
E07000237,1/1/22,2505
E07000238,1/1/22,2255
E07000239,1/1/22,2215
E07000240,1/1/22,2200
E07000241,1/1/22,2470
E07000242,1/1/22,2110
E07000243,1/1/22,2250
E07000244,1/1/22,4740
E07000245,1/1/22,2725
E08000001,1/1/22,10895
E08000002,1/1/22,5690
E08000003,1/1/22,25485
E08000004,1/1/22,10400
E08000005,1/1/22,9100
E08000006,1/1/22,10030
E08000007,1/1/22,6955
E08000008,1/1/22,7450
E08000009,1/1/22,4865
E08000010,1/1/22,9080
E08000011,1/1/22,5380
E08000012,1/1/22,21245
E08000013,1/1/22,5095
E08000014,1/1/22,7645
E08000015,1/1/22,8200
E08000016,1/1/22,6575
E08000017,1/1/22,10095
E08000018,1/1/22,8415
E08000019,1/1/22,17370
E08000021,1/1/22,10855
E08000022,1/1/22,5355
E08000023,1/1/22,5985
E08000024,1/1/22,9635
E08000025,1/1/22,65935
E08000026,1/1/22,12285
E08000027,1/1/22,10365
E08000028,1/1/22,14560
E08000029,1/1/22,4900
E08000030,1/1/22,10950
E08000031,1/1/22,12860
E08000032,1/1/22,24265
E08000033,1/1/22,5990
E08000034,1/1/22,12840
E08000035,1/1/22,24920
E08000036,1/1/22,8935
E08000037,1/1/22,6410
E09000001,1/1/22,335
E09000002,1/1/22,9865
E09000003,1/1/22,12690
E09000004,1/1/22,5285
E09000005,1/1/22,16145
E09000006,1/1/22,6905
E09000007,1/1/22,8080
E09000008,1/1/22,16100
E09000009,1/1/22,15255
E09000010,1/1/22,14065
E09000011,1/1/22,11000
E09000012,1/1/22,12605
E09000013,1/1/22,7300
E09000014,1/1/22,14460
E09000015,1/1/22,7395
E09000016,1/1/22,6755
E09000017,1/1/22,8880
E09000018,1/1/22,11125
E09000019,1/1/22,9190
E09000020,1/1/22,4305
E09000021,1/1/22,3560
E09000022,1/1/22,14455
E09000023,1/1/22,13905
E09000024,1/1/22,6280
E09000025,1/1/22,18820
E09000026,1/1/22,11085
E09000027,1/1/22,3495
E09000028,1/1/22,13590
E09000029,1/1/22,4300
E09000030,1/1/22,14475
E09000031,1/1/22,12140
E09000032,1/1/22,8985
E09000033,1/1/22,7485
N09000001,1/1/22,2385
N09000002,1/1/22,3670
N09000003,1/1/22,10085
N09000004,1/1/22,2950
N09000005,1/1/22,4825
N09000006,1/1/22,1855
N09000007,1/1/22,1970
N09000008,1/1/22,2850
N09000009,1/1/22,2200
N09000010,1/1/22,3525
N09000011,1/1/22,2910
S12000005,1/1/22,1375
S12000006,1/1/22,3170
S12000008,1/1/22,4030
S12000010,1/1/22,2100
S12000011,1/1/22,1260
S12000013,1/1/22,470
S12000014,1/1/22,3745
S12000017,1/1/22,4255
S12000018,1/1/22,2225
S12000019,1/1/22,1705
S12000020,1/1/22,1810
S12000021,1/1/22,4475
S12000023,1/1/22,250
S12000026,1/1/22,2365
S12000027,1/1/22,280
S12000028,1/1/22,3105
S12000029,1/1/22,8040
S12000030,1/1/22,1620
S12000033,1/1/22,6360
S12000034,1/1/22,4120
S12000035,1/1/22,1825
S12000036,1/1/22,10425
S12000038,1/1/22,4325
S12000039,1/1/22,3135
S12000040,1/1/22,3725
S12000041,1/1/22,2340
S12000042,1/1/22,4815
S12000045,1/1/22,1575
S12000047,1/1/22,9740
S12000048,1/1/22,2520
S12000049,1/1/22,25500
S12000050,1/1/22,9420
W06000001,1/1/22,1595
W06000002,1/1/22,2555
W06000003,1/1/22,2900
W06000004,1/1/22,2430
W06000005,1/1/22,3365
W06000006,1/1/22,3240
W06000008,1/1/22,1355
W06000009,1/1/22,2875
W06000010,1/1/22,3760
W06000011,1/1/22,6110
W06000012,1/1/22,3230
W06000013,1/1/22,3330
W06000014,1/1/22,2670
W06000015,1/1/22,10705
W06000016,1/1/22,5950
W06000018,1/1/22,4625
W06000019,1/1/22,2100
W06000020,1/1/22,2540
W06000021,1/1/22,1445
W06000022,1/1/22,5345
W06000023,1/1/22,2125
W06000024,1/1/22,1610
E06000001,2/1/22,3460
E06000002,2/1/22,6430
E06000003,2/1/22,3985
E06000004,2/1/22,5725
E06000005,2/1/22,3150
E06000006,2/1/22,3750
E06000007,2/1/22,4395
E06000008,2/1/22,5605
E06000009,2/1/22,7140
E06000010,2/1/22,12285
E06000011,2/1/22,5660
E06000012,2/1/22,4630
E06000013,2/1/22,4180
E06000014,2/1/22,2795
E06000015,2/1/22,8490
E06000016,2/1/22,13065
E06000017,2/1/22,405
E06000018,2/1/22,13535
E06000019,2/1/22,2980
E06000020,2/1/22,4735
E06000021,2/1/22,9485
E06000022,2/1/22,2905
E06000023,2/1/22,12865
E06000024,2/1/22,3550
E06000025,2/1/22,3795
E06000026,2/1/22,6600
E06000027,2/1/22,3220
E06000030,2/1/22,5570
E06000031,2/1/22,7275
E06000032,2/1/22,9060
E06000033,2/1/22,5890
E06000034,2/1/22,4815
E06000035,2/1/22,8305
E06000036,2/1/22,1955
E06000037,2/1/22,2465
E06000038,2/1/22,4735
E06000039,2/1/22,5575
E06000040,2/1/22,2445
E06000041,2/1/22,1920
E06000042,2/1/22,7145
E06000043,2/1/22,9215
E06000044,2/1/22,7060
E06000045,2/1/22,8155
E06000046,2/1/22,3425
E06000047,2/1/22,13815
E06000049,2/1/22,6320
E06000050,2/1/22,6500
E06000051,2/1/22,5440
E06000052,2/1/22,11380
E06000053,2/1/22,30
E06000054,2/1/22,7685
E06000055,2/1/22,5045
E06000056,2/1/22,4705
E06000057,2/1/22,7420
E06000058,2/1/22,9520
E06000059,2/1/22,5835
E06000060,2/1/22,9760
E06000061,2/1/22,7660
E06000062,2/1/22,9400
E06000063,2/1/22,5220
E06000064,2/1/22,3310
E06000065,2/1/22,8735
E06000066,2/1/22,9700
E07000008,2/1/22,2245
E07000009,2/1/22,1215
E07000010,2/1/22,2565
E07000011,2/1/22,2605
E07000012,2/1/22,1880
E07000032,2/1/22,2105
E07000033,2/1/22,1575
E07000034,2/1/22,2320
E07000035,2/1/22,725
E07000036,2/1/22,2440
E07000037,2/1/22,1500
E07000038,2/1/22,1665
E07000039,2/1/22,1550
E07000040,2/1/22,1875
E07000041,2/1/22,2140
E07000042,2/1/22,1135
E07000043,2/1/22,1780
E07000044,2/1/22,1270
E07000045,2/1/22,2030
E07000046,2/1/22,1090
E07000047,2/1/22,760
E07000061,2/1/22,3280
E07000062,2/1/22,3800
E07000063,2/1/22,2240
E07000064,2/1/22,1980
E07000065,2/1/22,2360
E07000066,2/1/22,4790
E07000067,2/1/22,2825
E07000068,2/1/22,1455
E07000069,2/1/22,1515
E07000070,2/1/22,3210
E07000071,2/1/22,3945
E07000072,2/1/22,2780
E07000073,2/1/22,3055
E07000074,2/1/22,1115
E07000075,2/1/22,1325
E07000076,2/1/22,4225
E07000077,2/1/22,1135
E07000078,2/1/22,2230
E07000079,2/1/22,1165
E07000080,2/1/22,1345
E07000081,2/1/22,3115
E07000082,2/1/22,1445
E07000083,2/1/22,1350
E07000084,2/1/22,3155
E07000085,2/1/22,1580
E07000086,2/1/22,1885
E07000087,2/1/22,1405
E07000088,2/1/22,2000
E07000089,2/1/22,1040
E07000090,2/1/22,2910
E07000091,2/1/22,2310
E07000092,2/1/22,2050
E07000093,2/1/22,1645
E07000094,2/1/22,1665
E07000095,2/1/22,2430
E07000096,2/1/22,3000
E07000098,2/1/22,2240
E07000099,2/1/22,2220
E07000102,2/1/22,1425
E07000103,2/1/22,2455
E07000105,2/1/22,3025
E07000106,2/1/22,3530
E07000107,2/1/22,2390
E07000108,2/1/22,3090
E07000109,2/1/22,3095
E07000110,2/1/22,3775
E07000111,2/1/22,1640
E07000112,2/1/22,3260
E07000113,2/1/22,4155
E07000114,2/1/22,5790
E07000115,2/1/22,1925
E07000116,2/1/22,1895
E07000117,2/1/22,3370
E07000118,2/1/22,2100
E07000119,2/1/22,1515
E07000120,2/1/22,2915
E07000121,2/1/22,3220
E07000122,2/1/22,3015
E07000123,2/1/22,4510
E07000124,2/1/22,715
E07000125,2/1/22,1975
E07000126,2/1/22,1700
E07000127,2/1/22,2405
E07000128,2/1/22,2260
E07000129,2/1/22,1485
E07000130,2/1/22,3030
E07000131,2/1/22,1130
E07000132,2/1/22,1940
E07000133,2/1/22,805
E07000134,2/1/22,1625
E07000135,2/1/22,990
E07000136,2/1/22,2275
E07000137,2/1/22,3525
E07000138,2/1/22,3230
E07000139,2/1/22,1560
E07000140,2/1/22,1965
E07000141,2/1/22,2725
E07000142,2/1/22,1915
E07000143,2/1/22,2295
E07000144,2/1/22,1715
E07000145,2/1/22,3600
E07000146,2/1/22,2640
E07000147,2/1/22,1730
E07000148,2/1/22,4440
E07000149,2/1/22,1980
E07000170,2/1/22,3380
E07000171,2/1/22,2455
E07000172,2/1/22,1980
E07000173,2/1/22,2370
E07000174,2/1/22,2945
E07000175,2/1/22,2480
E07000176,2/1/22,1430
E07000177,2/1/22,2285
E07000178,2/1/22,3165
E07000179,2/1/22,1775
E07000180,2/1/22,1875
E07000181,2/1/22,1480
E07000192,2/1/22,2215
E07000193,2/1/22,2495
E07000194,2/1/22,1685
E07000195,2/1/22,2520
E07000196,2/1/22,2035
E07000197,2/1/22,2295
E07000198,2/1/22,1305
E07000199,2/1/22,1940
E07000200,2/1/22,1455
E07000202,2/1/22,4580
E07000203,2/1/22,1335
E07000207,2/1/22,1865
E07000208,2/1/22,1060
E07000209,2/1/22,1880
E07000210,2/1/22,1105
E07000211,2/1/22,2270
E07000212,2/1/22,1460
E07000213,2/1/22,2060
E07000214,2/1/22,1215
E07000215,2/1/22,1290
E07000216,2/1/22,1455
E07000217,2/1/22,1630
E07000218,2/1/22,1230
E07000219,2/1/22,3600
E07000220,2/1/22,2130
E07000221,2/1/22,1935
E07000222,2/1/22,2355
E07000223,2/1/22,1290
E07000224,2/1/22,3365
E07000225,2/1/22,2315
E07000226,2/1/22,3570
E07000227,2/1/22,1910
E07000228,2/1/22,1740
E07000229,2/1/22,2550
E07000234,2/1/22,1825
E07000235,2/1/22,1350
E07000236,2/1/22,2215
E07000237,2/1/22,2630
E07000238,2/1/22,2340
E07000239,2/1/22,2225
E07000240,2/1/22,2120
E07000241,2/1/22,2380
E07000242,2/1/22,2090
E07000243,2/1/22,2195
E07000244,2/1/22,4755
E07000245,2/1/22,2765
E08000001,2/1/22,10930
E08000002,2/1/22,5665
E08000003,2/1/22,25795
E08000004,2/1/22,10565
E08000005,2/1/22,9215
E08000006,2/1/22,10190
E08000007,2/1/22,6930
E08000008,2/1/22,7485
E08000009,2/1/22,4990
E08000010,2/1/22,9165
E08000011,2/1/22,5390
E08000012,2/1/22,21370
E08000013,2/1/22,5160
E08000014,2/1/22,7685
E08000015,2/1/22,8145
E08000016,2/1/22,6490
E08000017,2/1/22,10210
E08000018,2/1/22,8465
E08000019,2/1/22,17440
E08000021,2/1/22,10855
E08000022,2/1/22,5355
E08000023,2/1/22,5975
E08000024,2/1/22,9610
E08000025,2/1/22,66780
E08000026,2/1/22,12485
E08000027,2/1/22,10350
E08000028,2/1/22,14525
E08000029,2/1/22,4965
E08000030,2/1/22,10885
E08000031,2/1/22,12965
E08000032,2/1/22,24255
E08000033,2/1/22,5940
E08000034,2/1/22,12850
E08000035,2/1/22,24935
E08000036,2/1/22,8890
E08000037,2/1/22,6410
E09000001,2/1/22,340
E09000002,2/1/22,9950
E09000003,2/1/22,12495
E09000004,2/1/22,5245
E09000005,2/1/22,16015
E09000006,2/1/22,6870
E09000007,2/1/22,8020
E09000008,2/1/22,16070
E09000009,2/1/22,15385
E09000010,2/1/22,14030
E09000011,2/1/22,11005
E09000012,2/1/22,12710
E09000013,2/1/22,7300
E09000014,2/1/22,14405
E09000015,2/1/22,7205
E09000016,2/1/22,6680
E09000017,2/1/22,8815
E09000018,2/1/22,11040
E09000019,2/1/22,9265
E09000020,2/1/22,4245
E09000021,2/1/22,3545
E09000022,2/1/22,14595
E09000023,2/1/22,14010
E09000024,2/1/22,6255
E09000025,2/1/22,18620
E09000026,2/1/22,10860
E09000027,2/1/22,3415
E09000028,2/1/22,13600
E09000029,2/1/22,4225
E09000030,2/1/22,14600
E09000031,2/1/22,12085
E09000032,2/1/22,9015
E09000033,2/1/22,7365
N09000001,2/1/22,2380
N09000002,2/1/22,3665
N09000003,2/1/22,10090
N09000004,2/1/22,2945
N09000005,2/1/22,4830
N09000006,2/1/22,1800
N09000007,2/1/22,1985
N09000008,2/1/22,2820
N09000009,2/1/22,2120
N09000010,2/1/22,3550
N09000011,2/1/22,2900
S12000005,2/1/22,1340
S12000006,2/1/22,3125
S12000008,2/1/22,3965
S12000010,2/1/22,2040
S12000011,2/1/22,1210
S12000013,2/1/22,445
S12000014,2/1/22,3720
S12000017,2/1/22,4325
S12000018,2/1/22,2225
S12000019,2/1/22,1675
S12000020,2/1/22,1785
S12000021,2/1/22,4435
S12000023,2/1/22,260
S12000026,2/1/22,2320
S12000027,2/1/22,315
S12000028,2/1/22,3070
S12000029,2/1/22,7940
S12000030,2/1/22,1620
S12000033,2/1/22,6205
S12000034,2/1/22,4055
S12000035,2/1/22,1810
S12000036,2/1/22,10320
S12000038,2/1/22,4330
S12000039,2/1/22,3130
S12000040,2/1/22,3715
S12000041,2/1/22,2330
S12000042,2/1/22,4825
S12000045,2/1/22,1570
S12000047,2/1/22,9785
S12000048,2/1/22,2595
S12000049,2/1/22,25315
S12000050,2/1/22,9310
W06000001,2/1/22,1580
W06000002,2/1/22,2570
W06000003,2/1/22,2895
W06000004,2/1/22,2365
W06000005,2/1/22,3395
W06000006,2/1/22,3160
W06000008,2/1/22,1365
W06000009,2/1/22,2870
W06000010,2/1/22,3700
W06000011,2/1/22,6105
W06000012,2/1/22,3185
W06000013,2/1/22,3320
W06000014,2/1/22,2720
W06000015,2/1/22,10830
W06000016,2/1/22,5840
W06000018,2/1/22,4550
W06000019,2/1/22,2095
W06000020,2/1/22,2565
W06000021,2/1/22,1475
W06000022,2/1/22,5370
W06000023,2/1/22,2095
W06000024,2/1/22,1660
E06000001,3/1/22,3225
E06000002,3/1/22,6075
E06000003,3/1/22,3810
E06000004,3/1/22,5525
E06000005,3/1/22,2980
E06000006,3/1/22,3670
E06000007,3/1/22,4275
E06000008,3/1/22,5450
E06000009,3/1/22,7015
E06000010,3/1/22,12030
E06000011,3/1/22,5440
E06000012,3/1/22,4455
E06000013,3/1/22,3995
E06000014,3/1/22,2745
E06000015,3/1/22,8310
E06000016,3/1/22,12765
E06000017,3/1/22,365
E06000018,3/1/22,13325
E06000019,3/1/22,2895
E06000020,3/1/22,4645
E06000021,3/1/22,9355
E06000022,3/1/22,2860
E06000023,3/1/22,12445
E06000024,3/1/22,3435
E06000025,3/1/22,3645
E06000026,3/1/22,6420
E06000027,3/1/22,3150
E06000030,3/1/22,5330
E06000031,3/1/22,7170
E06000032,3/1/22,8825
E06000033,3/1/22,5645
E06000034,3/1/22,4575
E06000035,3/1/22,7990
E06000036,3/1/22,1825
E06000037,3/1/22,2395
E06000038,3/1/22,4550
E06000039,3/1/22,5410
E06000040,3/1/22,2370
E06000041,3/1/22,1820
E06000042,3/1/22,6870
E06000043,3/1/22,8950
E06000044,3/1/22,6935
E06000045,3/1/22,7865
E06000046,3/1/22,3320
E06000047,3/1/22,13165
E06000049,3/1/22,6050
E06000050,3/1/22,6260
E06000051,3/1/22,5170
E06000052,3/1/22,10835
E06000053,3/1/22,25
E06000054,3/1/22,7340
E06000055,3/1/22,4900
E06000056,3/1/22,4540
E06000057,3/1/22,7135
E06000058,3/1/22,9315
E06000059,3/1/22,5680
E06000060,3/1/22,9490
E06000061,3/1/22,7495
E06000062,3/1/22,9155
E06000063,3/1/22,5035
E06000064,3/1/22,3170
E06000065,3/1/22,8360
E06000066,3/1/22,9280
E07000008,3/1/22,2145
E07000009,3/1/22,1180
E07000010,3/1/22,2475
E07000011,3/1/22,2515
E07000012,3/1/22,1835
E07000032,3/1/22,2020
E07000033,3/1/22,1525
E07000034,3/1/22,2255
E07000035,3/1/22,725
E07000036,3/1/22,2370
E07000037,3/1/22,1455
E07000038,3/1/22,1595
E07000039,3/1/22,1555
E07000040,3/1/22,1765
E07000041,3/1/22,2050
E07000042,3/1/22,1110
E07000043,3/1/22,1740
E07000044,3/1/22,1205
E07000045,3/1/22,1860
E07000046,3/1/22,1025
E07000047,3/1/22,725
E07000061,3/1/22,3220
E07000062,3/1/22,3670
E07000063,3/1/22,2110
E07000064,3/1/22,1905
E07000065,3/1/22,2275
E07000066,3/1/22,4570
E07000067,3/1/22,2645
E07000068,3/1/22,1335
E07000069,3/1/22,1400
E07000070,3/1/22,2965
E07000071,3/1/22,3725
E07000072,3/1/22,2680
E07000073,3/1/22,2915
E07000074,3/1/22,1015
E07000075,3/1/22,1255
E07000076,3/1/22,4025
E07000077,3/1/22,1060
E07000078,3/1/22,2125
E07000079,3/1/22,1085
E07000080,3/1/22,1285
E07000081,3/1/22,3015
E07000082,3/1/22,1405
E07000083,3/1/22,1255
E07000084,3/1/22,3070
E07000085,3/1/22,1565
E07000086,3/1/22,1790
E07000087,3/1/22,1340
E07000088,3/1/22,1930
E07000089,3/1/22,1015
E07000090,3/1/22,2820
E07000091,3/1/22,2195
E07000092,3/1/22,1990
E07000093,3/1/22,1595
E07000094,3/1/22,1600
E07000095,3/1/22,2330
E07000096,3/1/22,2895
E07000098,3/1/22,2180
E07000099,3/1/22,2095
E07000102,3/1/22,1345
E07000103,3/1/22,2375
E07000105,3/1/22,2895
E07000106,3/1/22,3430
E07000107,3/1/22,2275
E07000108,3/1/22,2955
E07000109,3/1/22,2975
E07000110,3/1/22,3580
E07000111,3/1/22,1570
E07000112,3/1/22,3105
E07000113,3/1/22,4000
E07000114,3/1/22,5500
E07000115,3/1/22,1825
E07000116,3/1/22,1860
E07000117,3/1/22,3120
E07000118,3/1/22,2035
E07000119,3/1/22,1440
E07000120,3/1/22,2835
E07000121,3/1/22,3120
E07000122,3/1/22,2895
E07000123,3/1/22,4380
E07000124,3/1/22,685
E07000125,3/1/22,1935
E07000126,3/1/22,1655
E07000127,3/1/22,2300
E07000128,3/1/22,2145
E07000129,3/1/22,1385
E07000130,3/1/22,2945
E07000131,3/1/22,1055
E07000132,3/1/22,1845
E07000133,3/1/22,795
E07000134,3/1/22,1545
E07000135,3/1/22,950
E07000136,3/1/22,2160
E07000137,3/1/22,3210
E07000138,3/1/22,3145
E07000139,3/1/22,1485
E07000140,3/1/22,1860
E07000141,3/1/22,2660
E07000142,3/1/22,1860
E07000143,3/1/22,2185
E07000144,3/1/22,1685
E07000145,3/1/22,3395
E07000146,3/1/22,2560
E07000147,3/1/22,1690
E07000148,3/1/22,4340
E07000149,3/1/22,1930
E07000170,3/1/22,3320
E07000171,3/1/22,2370
E07000172,3/1/22,1925
E07000173,3/1/22,2285
E07000174,3/1/22,2880
E07000175,3/1/22,2380
E07000176,3/1/22,1380
E07000177,3/1/22,2225
E07000178,3/1/22,3055
E07000179,3/1/22,1730
E07000180,3/1/22,1790
E07000181,3/1/22,1475
E07000192,3/1/22,2145
E07000193,3/1/22,2430
E07000194,3/1/22,1645
E07000195,3/1/22,2470
E07000196,3/1/22,1990
E07000197,3/1/22,2205
E07000198,3/1/22,1230
E07000199,3/1/22,1900
E07000200,3/1/22,1350
E07000202,3/1/22,4475
E07000203,3/1/22,1255
E07000207,3/1/22,1770
E07000208,3/1/22,1005
E07000209,3/1/22,1785
E07000210,3/1/22,1090
E07000211,3/1/22,2185
E07000212,3/1/22,1410
E07000213,3/1/22,1970
E07000214,3/1/22,1185
E07000215,3/1/22,1235
E07000216,3/1/22,1350
E07000217,3/1/22,1540
E07000218,3/1/22,1170
E07000219,3/1/22,3505
E07000220,3/1/22,2065
E07000221,3/1/22,1870
E07000222,3/1/22,2305
E07000223,3/1/22,1210
E07000224,3/1/22,3225
E07000225,3/1/22,2250
E07000226,3/1/22,3455
E07000227,3/1/22,1845
E07000228,3/1/22,1685
E07000229,3/1/22,2320
E07000234,3/1/22,1785
E07000235,3/1/22,1280
E07000236,3/1/22,2145
E07000237,3/1/22,2590
E07000238,3/1/22,2295
E07000239,3/1/22,2175
E07000240,3/1/22,2025
E07000241,3/1/22,2280
E07000242,3/1/22,2010
E07000243,3/1/22,2050
E07000244,3/1/22,4540
E07000245,3/1/22,2715
E08000001,3/1/22,10720
E08000002,3/1/22,5575
E08000003,3/1/22,25515
E08000004,3/1/22,10375
E08000005,3/1/22,9060
E08000006,3/1/22,9980
E08000007,3/1/22,6785
E08000008,3/1/22,7280
E08000009,3/1/22,4895
E08000010,3/1/22,8955
E08000011,3/1/22,5270
E08000012,3/1/22,21035
E08000013,3/1/22,4995
E08000014,3/1/22,7475
E08000015,3/1/22,7885
E08000016,3/1/22,6090
E08000017,3/1/22,9795
E08000018,3/1/22,8285
E08000019,3/1/22,17050
E08000021,3/1/22,10585
E08000022,3/1/22,5205
E08000023,3/1/22,5850
E08000024,3/1/22,9235
E08000025,3/1/22,65985
E08000026,3/1/22,12205
E08000027,3/1/22,10135
E08000028,3/1/22,14415
E08000029,3/1/22,4850
E08000030,3/1/22,10715
E08000031,3/1/22,12825
E08000032,3/1/22,23975
E08000033,3/1/22,5835
E08000034,3/1/22,12475
E08000035,3/1/22,24445
E08000036,3/1/22,8650
E08000037,3/1/22,6235
E09000001,3/1/22,320
E09000002,3/1/22,9610
E09000003,3/1/22,11965
E09000004,3/1/22,5100
E09000005,3/1/22,15290
E09000006,3/1/22,6450
E09000007,3/1/22,7680
E09000008,3/1/22,15375
E09000009,3/1/22,14725
E09000010,3/1/22,13565
E09000011,3/1/22,10685
E09000012,3/1/22,12380
E09000013,3/1/22,6960
E09000014,3/1/22,13935
E09000015,3/1/22,6755
E09000016,3/1/22,6255
E09000017,3/1/22,8555
E09000018,3/1/22,10400
E09000019,3/1/22,8925
E09000020,3/1/22,4055
E09000021,3/1/22,3375
E09000022,3/1/22,14210
E09000023,3/1/22,13430
E09000024,3/1/22,6095
E09000025,3/1/22,17645
E09000026,3/1/22,10080
E09000027,3/1/22,3270
E09000028,3/1/22,13135
E09000029,3/1/22,3980
E09000030,3/1/22,14100
E09000031,3/1/22,11455
E09000032,3/1/22,8675
E09000033,3/1/22,7160
N09000001,3/1/22,2285
N09000002,3/1/22,3530
N09000003,3/1/22,9820
N09000004,3/1/22,2860
N09000005,3/1/22,4745
N09000006,3/1/22,1755
N09000007,3/1/22,1920
N09000008,3/1/22,2800
N09000009,3/1/22,2070
N09000010,3/1/22,3350
N09000011,3/1/22,2735
S12000005,3/1/22,1270
S12000006,3/1/22,2930
S12000008,3/1/22,3755
S12000010,3/1/22,1875
S12000011,3/1/22,1110
S12000013,3/1/22,450
S12000014,3/1/22,3560
S12000017,3/1/22,4155
S12000018,3/1/22,2105
S12000019,3/1/22,1530
S12000020,3/1/22,1740
S12000021,3/1/22,4280
S12000023,3/1/22,245
S12000026,3/1/22,2225
S12000027,3/1/22,300
S12000028,3/1/22,2940
S12000029,3/1/22,7660
S12000030,3/1/22,1510
S12000033,3/1/22,6050
S12000034,3/1/22,3865
S12000035,3/1/22,1755
S12000036,3/1/22,10040
S12000038,3/1/22,4130
S12000039,3/1/22,2970
S12000040,3/1/22,3405
S12000041,3/1/22,2195
S12000042,3/1/22,4595
S12000045,3/1/22,1475
S12000047,3/1/22,9380
S12000048,3/1/22,2470
S12000049,3/1/22,24300
S12000050,3/1/22,8905
W06000001,3/1/22,1550
W06000002,3/1/22,2420
W06000003,3/1/22,2740
W06000004,3/1/22,2245
W06000005,3/1/22,3240
W06000006,3/1/22,3000
W06000008,3/1/22,1325
W06000009,3/1/22,2770
W06000010,3/1/22,3530
W06000011,3/1/22,5850
W06000012,3/1/22,3155
W06000013,3/1/22,3195
W06000014,3/1/22,2640
W06000015,3/1/22,10595
W06000016,3/1/22,5705
W06000018,3/1/22,4395
W06000019,3/1/22,2010
W06000020,3/1/22,2460
W06000021,3/1/22,1410
W06000022,3/1/22,5290
W06000023,3/1/22,2005
W06000024,3/1/22,1635
E06000001,4/1/22,3015
E06000002,4/1/22,5655
E06000003,4/1/22,3470
E06000004,4/1/22,5250
E06000005,4/1/22,2825
E06000006,4/1/22,3510
E06000007,4/1/22,4025
E06000008,4/1/22,5280
E06000009,4/1/22,6635
E06000010,4/1/22,11040
E06000011,4/1/22,5065
E06000012,4/1/22,4165
E06000013,4/1/22,3755
E06000014,4/1/22,2660
E06000015,4/1/22,8015
E06000016,4/1/22,12330
E06000017,4/1/22,310
E06000018,4/1/22,12640
E06000019,4/1/22,2710
E06000020,4/1/22,4325
E06000021,4/1/22,9160
E06000022,4/1/22,2645
E06000023,4/1/22,11755
E06000024,4/1/22,3155
E06000025,4/1/22,3355
E06000026,4/1/22,5985
E06000027,4/1/22,2860
E06000030,4/1/22,5000
E06000031,4/1/22,6765
E06000032,4/1/22,8415
E06000033,4/1/22,5305
E06000034,4/1/22,4375
E06000035,4/1/22,7575
E06000036,4/1/22,1730
E06000037,4/1/22,2250
E06000038,4/1/22,4430
E06000039,4/1/22,5250
E06000040,4/1/22,2275
E06000041,4/1/22,1720
E06000042,4/1/22,6625
E06000043,4/1/22,8330
E06000044,4/1/22,6625
E06000045,4/1/22,7540
E06000046,4/1/22,3110
E06000047,4/1/22,12365
E06000049,4/1/22,5770
E06000050,4/1/22,5800
E06000051,4/1/22,4820
E06000052,4/1/22,9820
E06000053,4/1/22,20
E06000054,4/1/22,6745
E06000055,4/1/22,4660
E06000056,4/1/22,4395
E06000057,4/1/22,6550
E06000058,4/1/22,8880
E06000059,4/1/22,5260
E06000060,4/1/22,9120
E06000061,4/1/22,7170
E06000062,4/1/22,9025
E06000063,4/1/22,4585
E06000064,4/1/22,2925
E06000065,4/1/22,7830
E06000066,4/1/22,8720
E07000008,4/1/22,2125
E07000009,4/1/22,1115
E07000010,4/1/22,2405
E07000011,4/1/22,2450
E07000012,4/1/22,1765
E07000032,4/1/22,1910
E07000033,4/1/22,1520
E07000034,4/1/22,2195
E07000035,4/1/22,660
E07000036,4/1/22,2260
E07000037,4/1/22,1370
E07000038,4/1/22,1535
E07000039,4/1/22,1460
E07000040,4/1/22,1595
E07000041,4/1/22,1930
E07000042,4/1/22,1010
E07000043,4/1/22,1530
E07000044,4/1/22,1105
E07000045,4/1/22,1690
E07000046,4/1/22,945
E07000047,4/1/22,660
E07000061,4/1/22,2935
E07000062,4/1/22,3410
E07000063,4/1/22,1975
E07000064,4/1/22,1795
E07000065,4/1/22,2130
E07000066,4/1/22,4365
E07000067,4/1/22,2490
E07000068,4/1/22,1225
E07000069,4/1/22,1310
E07000070,4/1/22,2780
E07000071,4/1/22,3450
E07000072,4/1/22,2435
E07000073,4/1/22,2705
E07000074,4/1/22,930
E07000075,4/1/22,1190
E07000076,4/1/22,3670
E07000077,4/1/22,985
E07000078,4/1/22,1985
E07000079,4/1/22,960
E07000080,4/1/22,1210
E07000081,4/1/22,2890
E07000082,4/1/22,1230
E07000083,4/1/22,1150
E07000084,4/1/22,2975
E07000085,4/1/22,1485
E07000086,4/1/22,1745
E07000087,4/1/22,1300
E07000088,4/1/22,1835
E07000089,4/1/22,935
E07000090,4/1/22,2720
E07000091,4/1/22,2060
E07000092,4/1/22,1820
E07000093,4/1/22,1485
E07000094,4/1/22,1500
E07000095,4/1/22,2270
E07000096,4/1/22,2745
E07000098,4/1/22,2025
E07000099,4/1/22,1980
E07000102,4/1/22,1290
E07000103,4/1/22,2260
E07000105,4/1/22,2735
E07000106,4/1/22,3230
E07000107,4/1/22,2180
E07000108,4/1/22,2790
E07000109,4/1/22,2815
E07000110,4/1/22,3335
E07000111,4/1/22,1490
E07000112,4/1/22,2900
E07000113,4/1/22,3775
E07000114,4/1/22,5155
E07000115,4/1/22,1735
E07000116,4/1/22,1725
E07000117,4/1/22,2970
E07000118,4/1/22,1915
E07000119,4/1/22,1350
E07000120,4/1/22,2725
E07000121,4/1/22,2850
E07000122,4/1/22,2820
E07000123,4/1/22,4245
E07000124,4/1/22,650
E07000125,4/1/22,1840
E07000126,4/1/22,1585
E07000127,4/1/22,2195
E07000128,4/1/22,2065
E07000129,4/1/22,1330
E07000130,4/1/22,2725
E07000131,4/1/22,995
E07000132,4/1/22,1755
E07000133,4/1/22,750
E07000134,4/1/22,1435
E07000135,4/1/22,920
E07000136,4/1/22,1945
E07000137,4/1/22,2655
E07000138,4/1/22,3000
E07000139,4/1/22,1395
E07000140,4/1/22,1800
E07000141,4/1/22,2420
E07000142,4/1/22,1810
E07000143,4/1/22,2075
E07000144,4/1/22,1580
E07000145,4/1/22,2975
E07000146,4/1/22,2410
E07000147,4/1/22,1565
E07000148,4/1/22,4110
E07000149,4/1/22,1835
E07000170,4/1/22,3165
E07000171,4/1/22,2275
E07000172,4/1/22,1825
E07000173,4/1/22,2245
E07000174,4/1/22,2820
E07000175,4/1/22,2245
E07000176,4/1/22,1285
E07000177,4/1/22,2130
E07000178,4/1/22,2915
E07000179,4/1/22,1660
E07000180,4/1/22,1750
E07000181,4/1/22,1425
E07000192,4/1/22,2045
E07000193,4/1/22,2370
E07000194,4/1/22,1605
E07000195,4/1/22,2410
E07000196,4/1/22,1855
E07000197,4/1/22,2065
E07000198,4/1/22,1150
E07000199,4/1/22,1780
E07000200,4/1/22,1315
E07000202,4/1/22,4225
E07000203,4/1/22,1180
E07000207,4/1/22,1665
E07000208,4/1/22,995
E07000209,4/1/22,1700
E07000210,4/1/22,1040
E07000211,4/1/22,2050
E07000212,4/1/22,1320
E07000213,4/1/22,1900
E07000214,4/1/22,1105
E07000215,4/1/22,1155
E07000216,4/1/22,1245
E07000217,4/1/22,1465
E07000218,4/1/22,1065
E07000219,4/1/22,3350
E07000220,4/1/22,1940
E07000221,4/1/22,1745
E07000222,4/1/22,2200
E07000223,4/1/22,1150
E07000224,4/1/22,2975
E07000225,4/1/22,2095
E07000226,4/1/22,3255
E07000227,4/1/22,1730
E07000228,4/1/22,1625
E07000229,4/1/22,2180
E07000234,4/1/22,1640
E07000235,4/1/22,1230
E07000236,4/1/22,2060
E07000237,4/1/22,2510
E07000238,4/1/22,2120
E07000239,4/1/22,2010
E07000240,4/1/22,1935
E07000241,4/1/22,2070
E07000242,4/1/22,1865
E07000243,4/1/22,1910
E07000244,4/1/22,4290
E07000245,4/1/22,2615
E08000001,4/1/22,10400
E08000002,4/1/22,5405
E08000003,4/1/22,24260
E08000004,4/1/22,9960
E08000005,4/1/22,8820
E08000006,4/1/22,9550
E08000007,4/1/22,6465
E08000008,4/1/22,6965
E08000009,4/1/22,4660
E08000010,4/1/22,8380
E08000011,4/1/22,4980
E08000012,4/1/22,20030
E08000013,4/1/22,4810
E08000014,4/1/22,7190
E08000015,4/1/22,7605
E08000016,4/1/22,5755
E08000017,4/1/22,9410
E08000018,4/1/22,7915
E08000019,4/1/22,16555
E08000021,4/1/22,9845
E08000022,4/1/22,4775
E08000023,4/1/22,5585
E08000024,4/1/22,8660
E08000025,4/1/22,64325
E08000026,4/1/22,12050
E08000027,4/1/22,10000
E08000028,4/1/22,13975
E08000029,4/1/22,4690
E08000030,4/1/22,10265
E08000031,4/1/22,12480
E08000032,4/1/22,23620
E08000033,4/1/22,5515
E08000034,4/1/22,12140
E08000035,4/1/22,23630
E08000036,4/1/22,8260
E08000037,4/1/22,5800
E09000001,4/1/22,315
E09000002,4/1/22,9220
E09000003,4/1/22,11555
E09000004,4/1/22,4870
E09000005,4/1/22,14745
E09000006,4/1/22,6135
E09000007,4/1/22,7335
E09000008,4/1/22,14675
E09000009,4/1/22,14210
E09000010,4/1/22,13330
E09000011,4/1/22,10270
E09000012,4/1/22,11865
E09000013,4/1/22,6635
E09000014,4/1/22,13220
E09000015,4/1/22,6370
E09000016,4/1/22,6000
E09000017,4/1/22,8175
E09000018,4/1/22,9885
E09000019,4/1/22,8685
E09000020,4/1/22,3850
E09000021,4/1/22,3040
E09000022,4/1/22,13455
E09000023,4/1/22,12930
E09000024,4/1/22,5790
E09000025,4/1/22,16495
E09000026,4/1/22,9520
E09000027,4/1/22,3095
E09000028,4/1/22,12475
E09000029,4/1/22,3805
E09000030,4/1/22,13410
E09000031,4/1/22,10755
E09000032,4/1/22,8335
E09000033,4/1/22,6885
N09000001,4/1/22,2235
N09000002,4/1/22,3465
N09000003,4/1/22,9650
N09000004,4/1/22,2750
N09000005,4/1/22,4630
N09000006,4/1/22,1745
N09000007,4/1/22,1890
N09000008,4/1/22,2720
N09000009,4/1/22,2060
N09000010,4/1/22,3245
N09000011,4/1/22,2715
S12000005,4/1/22,1235
S12000006,4/1/22,2880
S12000008,4/1/22,3555
S12000010,4/1/22,1710
S12000011,4/1/22,1050
S12000013,4/1/22,415
S12000014,4/1/22,3375
S12000017,4/1/22,3750
S12000018,4/1/22,2000
S12000019,4/1/22,1480
S12000020,4/1/22,1655
S12000021,4/1/22,4000
S12000023,4/1/22,225
S12000026,4/1/22,2130
S12000027,4/1/22,280
S12000028,4/1/22,2675
S12000029,4/1/22,7105
S12000030,4/1/22,1375
S12000033,4/1/22,5620
S12000034,4/1/22,3550
S12000035,4/1/22,1585
S12000036,4/1/22,9330
S12000038,4/1/22,3830
S12000039,4/1/22,2780
S12000040,4/1/22,3330
S12000041,4/1/22,2015
S12000042,4/1/22,4360
S12000045,4/1/22,1400
S12000047,4/1/22,8840
S12000048,4/1/22,2355
S12000049,4/1/22,23110
S12000050,4/1/22,8370
W06000001,4/1/22,1480
W06000002,4/1/22,2135
W06000003,4/1/22,2455
W06000004,4/1/22,2065
W06000005,4/1/22,3015
W06000006,4/1/22,2755
W06000008,4/1/22,1220
W06000009,4/1/22,2395
W06000010,4/1/22,3310
W06000011,4/1/22,5650
W06000012,4/1/22,2965
W06000013,4/1/22,2985
W06000014,4/1/22,2555
W06000015,4/1/22,9695
W06000016,4/1/22,5285
W06000018,4/1/22,4035
W06000019,4/1/22,1925
W06000020,4/1/22,2315
W06000021,4/1/22,1310
W06000022,4/1/22,4975
W06000023,4/1/22,1885
W06000024,4/1/22,1500
E06000001,5/1/22,3085
E06000002,5/1/22,5615
E06000003,5/1/22,3425
E06000004,5/1/22,5175
E06000005,5/1/22,2760
E06000006,5/1/22,3420
E06000007,5/1/22,3880
E06000008,5/1/22,5220
E06000009,5/1/22,6220
E06000010,5/1/22,10595
E06000011,5/1/22,4875
E06000012,5/1/22,4065
E06000013,5/1/22,3695
E06000014,5/1/22,2540
E06000015,5/1/22,7745
E06000016,5/1/22,12145
E06000017,5/1/22,325
E06000018,5/1/22,12365
E06000019,5/1/22,2695
E06000020,5/1/22,4220
E06000021,5/1/22,8840
E06000022,5/1/22,2420
E06000023,5/1/22,11280
E06000024,5/1/22,3035
E06000025,5/1/22,3300
E06000026,5/1/22,5765
E06000027,5/1/22,2705
E06000030,5/1/22,4730
E06000031,5/1/22,6680
E06000032,5/1/22,8220
E06000033,5/1/22,5120
E06000034,5/1/22,4315
E06000035,5/1/22,7235
E06000036,5/1/22,1635
E06000037,5/1/22,2190
E06000038,5/1/22,4365
E06000039,5/1/22,5195
E06000040,5/1/22,2210
E06000041,5/1/22,1630
E06000042,5/1/22,6495
E06000043,5/1/22,7985
E06000044,5/1/22,6360
E06000045,5/1/22,7300
E06000046,5/1/22,2805
E06000047,5/1/22,11890
E06000049,5/1/22,5675
E06000050,5/1/22,5705
E06000051,5/1/22,4645
E06000052,5/1/22,9170
E06000053,5/1/22,10
E06000054,5/1/22,6400
E06000055,5/1/22,4520
E06000056,5/1/22,4200
E06000057,5/1/22,6275
E06000058,5/1/22,8470
E06000059,5/1/22,4945
E06000060,5/1/22,8840
E06000061,5/1/22,6885
E06000062,5/1/22,8790
E06000063,5/1/22,4435
E06000064,5/1/22,2860
E06000065,5/1/22,7465
E06000066,5/1/22,8330
E07000008,5/1/22,2060
E07000009,5/1/22,1080
E07000010,5/1/22,2370
E07000011,5/1/22,2415
E07000012,5/1/22,1690
E07000032,5/1/22,1925
E07000033,5/1/22,1475
E07000034,5/1/22,2160
E07000035,5/1/22,630
E07000036,5/1/22,2250
E07000037,5/1/22,1320
E07000038,5/1/22,1505
E07000039,5/1/22,1445
E07000040,5/1/22,1500
E07000041,5/1/22,1850
E07000042,5/1/22,965
E07000043,5/1/22,1440
E07000044,5/1/22,1025
E07000045,5/1/22,1575
E07000046,5/1/22,915
E07000047,5/1/22,640
E07000061,5/1/22,2870
E07000062,5/1/22,3340
E07000063,5/1/22,1905
E07000064,5/1/22,1755
E07000065,5/1/22,2055
E07000066,5/1/22,4285
E07000067,5/1/22,2335
E07000068,5/1/22,1195
E07000069,5/1/22,1240
E07000070,5/1/22,2720
E07000071,5/1/22,3330
E07000072,5/1/22,2370
E07000073,5/1/22,2630
E07000074,5/1/22,890
E07000075,5/1/22,1120
E07000076,5/1/22,3460
E07000077,5/1/22,960
E07000078,5/1/22,1885
E07000079,5/1/22,930
E07000080,5/1/22,1195
E07000081,5/1/22,2730
E07000082,5/1/22,1195
E07000083,5/1/22,1125
E07000084,5/1/22,2865
E07000085,5/1/22,1410
E07000086,5/1/22,1725
E07000087,5/1/22,1240
E07000088,5/1/22,1810
E07000089,5/1/22,870
E07000090,5/1/22,2620
E07000091,5/1/22,1980
E07000092,5/1/22,1745
E07000093,5/1/22,1425
E07000094,5/1/22,1465
E07000095,5/1/22,2150
E07000096,5/1/22,2695
E07000098,5/1/22,1985
E07000099,5/1/22,1920
E07000102,5/1/22,1245
E07000103,5/1/22,2210
E07000105,5/1/22,2615
E07000106,5/1/22,3085
E07000107,5/1/22,2155
E07000108,5/1/22,2665
E07000109,5/1/22,2720
E07000110,5/1/22,3145
E07000111,5/1/22,1440
E07000112,5/1/22,2730
E07000113,5/1/22,3570
E07000114,5/1/22,4990
E07000115,5/1/22,1730
E07000116,5/1/22,1665
E07000117,5/1/22,2940
E07000118,5/1/22,1875
E07000119,5/1/22,1315
E07000120,5/1/22,2690
E07000121,5/1/22,2760
E07000122,5/1/22,2745
E07000123,5/1/22,4205
E07000124,5/1/22,620
E07000125,5/1/22,1785
E07000126,5/1/22,1570
E07000127,5/1/22,2150
E07000128,5/1/22,1970
E07000129,5/1/22,1330
E07000130,5/1/22,2600
E07000131,5/1/22,1010
E07000132,5/1/22,1715
E07000133,5/1/22,730
E07000134,5/1/22,1390
E07000135,5/1/22,910
E07000136,5/1/22,1865
E07000137,5/1/22,2485
E07000138,5/1/22,2905
E07000139,5/1/22,1365
E07000140,5/1/22,1685
E07000141,5/1/22,2340
E07000142,5/1/22,1745
E07000143,5/1/22,1975
E07000144,5/1/22,1475
E07000145,5/1/22,2735
E07000146,5/1/22,2330
E07000147,5/1/22,1495
E07000148,5/1/22,3905
E07000149,5/1/22,1760
E07000170,5/1/22,3090
E07000171,5/1/22,2180
E07000172,5/1/22,1755
E07000173,5/1/22,2165
E07000174,5/1/22,2740
E07000175,5/1/22,2195
E07000176,5/1/22,1205
E07000177,5/1/22,2075
E07000178,5/1/22,2785
E07000179,5/1/22,1575
E07000180,5/1/22,1685
E07000181,5/1/22,1285
E07000192,5/1/22,1960
E07000193,5/1/22,2255
E07000194,5/1/22,1530
E07000195,5/1/22,2275
E07000196,5/1/22,1750
E07000197,5/1/22,1985
E07000198,5/1/22,1090
E07000199,5/1/22,1725
E07000200,5/1/22,1205
E07000202,5/1/22,4070
E07000203,5/1/22,1150
E07000207,5/1/22,1625
E07000208,5/1/22,960
E07000209,5/1/22,1660
E07000210,5/1/22,985
E07000211,5/1/22,1995
E07000212,5/1/22,1300
E07000213,5/1/22,1865
E07000214,5/1/22,1055
E07000215,5/1/22,1120
E07000216,5/1/22,1170
E07000217,5/1/22,1395
E07000218,5/1/22,1050
E07000219,5/1/22,3260
E07000220,5/1/22,1870
E07000221,5/1/22,1655
E07000222,5/1/22,2120
E07000223,5/1/22,1125
E07000224,5/1/22,2825
E07000225,5/1/22,2005
E07000226,5/1/22,3105
E07000227,5/1/22,1640
E07000228,5/1/22,1540
E07000229,5/1/22,2110
E07000234,5/1/22,1555
E07000235,5/1/22,1210
E07000236,5/1/22,2040
E07000237,5/1/22,2450
E07000238,5/1/22,2080
E07000239,5/1/22,1890
E07000240,5/1/22,1900
E07000241,5/1/22,1950
E07000242,5/1/22,1760
E07000243,5/1/22,1765
E07000244,5/1/22,4075
E07000245,5/1/22,2500
E08000001,5/1/22,10320
E08000002,5/1/22,5260
E08000003,5/1/22,23725
E08000004,5/1/22,9885
E08000005,5/1/22,8690
E08000006,5/1/22,9350
E08000007,5/1/22,6335
E08000008,5/1/22,6820
E08000009,5/1/22,4520
E08000010,5/1/22,8180
E08000011,5/1/22,4900
E08000012,5/1/22,19495
E08000013,5/1/22,4605
E08000014,5/1/22,6920
E08000015,5/1/22,7380
E08000016,5/1/22,5630
E08000017,5/1/22,9285
E08000018,5/1/22,7615
E08000019,5/1/22,15915
E08000021,5/1/22,9490
E08000022,5/1/22,4660
E08000023,5/1/22,5370
E08000024,5/1/22,8345
E08000025,5/1/22,63160
E08000026,5/1/22,11830
E08000027,5/1/22,9715
E08000028,5/1/22,13600
E08000029,5/1/22,4505
E08000030,5/1/22,9885
E08000031,5/1/22,12165
E08000032,5/1/22,23205
E08000033,5/1/22,5295
E08000034,5/1/22,11955
E08000035,5/1/22,23050
E08000036,5/1/22,7880
E08000037,5/1/22,5700
E09000001,5/1/22,310
E09000002,5/1/22,9080
E09000003,5/1/22,11345
E09000004,5/1/22,4730
E09000005,5/1/22,14490
E09000006,5/1/22,5970
E09000007,5/1/22,7100
E09000008,5/1/22,14415
E09000009,5/1/22,13975
E09000010,5/1/22,13015
E09000011,5/1/22,10045
E09000012,5/1/22,11575
E09000013,5/1/22,6470
E09000014,5/1/22,13010
E09000015,5/1/22,6175
E09000016,5/1/22,5840
E09000017,5/1/22,8050
E09000018,5/1/22,9565
E09000019,5/1/22,8540
E09000020,5/1/22,3750
E09000021,5/1/22,2970
E09000022,5/1/22,13120
E09000023,5/1/22,12545
E09000024,5/1/22,5660
E09000025,5/1/22,16095
E09000026,5/1/22,9335
E09000027,5/1/22,3000
E09000028,5/1/22,12195
E09000029,5/1/22,3775
E09000030,5/1/22,13085
E09000031,5/1/22,10415
E09000032,5/1/22,8060
E09000033,5/1/22,6725
N09000001,5/1/22,2170
N09000002,5/1/22,3320
N09000003,5/1/22,9270
N09000004,5/1/22,2610
N09000005,5/1/22,4530
N09000006,5/1/22,1675
N09000007,5/1/22,1845
N09000008,5/1/22,2615
N09000009,5/1/22,2010
N09000010,5/1/22,3160
N09000011,5/1/22,2585
S12000005,5/1/22,1195
S12000006,5/1/22,2670
S12000008,5/1/22,3435
S12000010,5/1/22,1630
S12000011,5/1/22,995
S12000013,5/1/22,365
S12000014,5/1/22,3240
S12000017,5/1/22,3600
S12000018,5/1/22,1895
S12000019,5/1/22,1385
S12000020,5/1/22,1520
S12000021,5/1/22,3845
S12000023,5/1/22,205
S12000026,5/1/22,2025
S12000027,5/1/22,285
S12000028,5/1/22,2495
S12000029,5/1/22,6820
S12000030,5/1/22,1355
S12000033,5/1/22,5360
S12000034,5/1/22,3370
S12000035,5/1/22,1495
S12000036,5/1/22,8920
S12000038,5/1/22,3610
S12000039,5/1/22,2650
S12000040,5/1/22,3135
S12000041,5/1/22,1985
S12000042,5/1/22,4205
S12000045,5/1/22,1310
S12000047,5/1/22,8550
S12000048,5/1/22,2225
S12000049,5/1/22,22350
S12000050,5/1/22,7935
W06000001,5/1/22,1380
W06000002,5/1/22,1975
W06000003,5/1/22,2335
W06000004,5/1/22,1965
W06000005,5/1/22,2905
W06000006,5/1/22,2665
W06000008,5/1/22,1120
W06000009,5/1/22,2235
W06000010,5/1/22,3295
W06000011,5/1/22,5465
W06000012,5/1/22,2860
W06000013,5/1/22,2900
W06000014,5/1/22,2445
W06000015,5/1/22,9365
W06000016,5/1/22,5200
W06000018,5/1/22,3915
W06000019,5/1/22,1875
W06000020,5/1/22,2225
W06000021,5/1/22,1320
W06000022,5/1/22,4855
W06000023,5/1/22,1805
W06000024,5/1/22,1450
E06000001,6/1/22,2950
E06000002,6/1/22,5400
E06000003,6/1/22,3400
E06000004,6/1/22,5005
E06000005,6/1/22,2705
E06000006,6/1/22,3350
E06000007,6/1/22,3700
E06000008,6/1/22,5125
E06000009,6/1/22,6000
E06000010,6/1/22,10220
E06000011,6/1/22,4710
E06000012,6/1/22,4070
E06000013,6/1/22,3585
E06000014,6/1/22,2475
E06000015,6/1/22,7620
E06000016,6/1/22,11760
E06000017,6/1/22,315
E06000018,6/1/22,12120
E06000019,6/1/22,2630
E06000020,6/1/22,4160
E06000021,6/1/22,8550
E06000022,6/1/22,2300
E06000023,6/1/22,11060
E06000024,6/1/22,2940
E06000025,6/1/22,3210
E06000026,6/1/22,5715
E06000027,6/1/22,2555
E06000030,6/1/22,4610
E06000031,6/1/22,6555
E06000032,6/1/22,7925
E06000033,6/1/22,4970
E06000034,6/1/22,4235
E06000035,6/1/22,6835
E06000036,6/1/22,1590
E06000037,6/1/22,2065
E06000038,6/1/22,4350
E06000039,6/1/22,5045
E06000040,6/1/22,2205
E06000041,6/1/22,1625
E06000042,6/1/22,6365
E06000043,6/1/22,7830
E06000044,6/1/22,6165
E06000045,6/1/22,7220
E06000046,6/1/22,2660
E06000047,6/1/22,11450
E06000049,6/1/22,5670
E06000050,6/1/22,5630
E06000051,6/1/22,4545
E06000052,6/1/22,8930
E06000053,6/1/22,15
E06000054,6/1/22,6255
E06000055,6/1/22,4390
E06000056,6/1/22,4055
E06000057,6/1/22,6080
E06000058,6/1/22,8405
E06000059,6/1/22,4790
E06000060,6/1/22,8755
E06000061,6/1/22,6935
E06000062,6/1/22,8460
E06000063,6/1/22,4325
E06000064,6/1/22,2750
E06000065,6/1/22,7265
E06000066,6/1/22,7890
E07000008,6/1/22,2025
E07000009,6/1/22,1120
E07000010,6/1/22,2295
E07000011,6/1/22,2405
E07000012,6/1/22,1675
E07000032,6/1/22,1915
E07000033,6/1/22,1455
E07000034,6/1/22,2130
E07000035,6/1/22,625
E07000036,6/1/22,2180
E07000037,6/1/22,1280
E07000038,6/1/22,1510
E07000039,6/1/22,1400
E07000040,6/1/22,1435
E07000041,6/1/22,1780
E07000042,6/1/22,925
E07000043,6/1/22,1310
E07000044,6/1/22,1025
E07000045,6/1/22,1530
E07000046,6/1/22,860
E07000047,6/1/22,635
E07000061,6/1/22,2750
E07000062,6/1/22,3190
E07000063,6/1/22,1850
E07000064,6/1/22,1680
E07000065,6/1/22,2020
E07000066,6/1/22,4215
E07000067,6/1/22,2315
E07000068,6/1/22,1175
E07000069,6/1/22,1215
E07000070,6/1/22,2655
E07000071,6/1/22,3235
E07000072,6/1/22,2255
E07000073,6/1/22,2525
E07000074,6/1/22,855
E07000075,6/1/22,1095
E07000076,6/1/22,3340
E07000077,6/1/22,920
E07000078,6/1/22,1830
E07000079,6/1/22,890
E07000080,6/1/22,1150
E07000081,6/1/22,2685
E07000082,6/1/22,1145
E07000083,6/1/22,1065
E07000084,6/1/22,2900
E07000085,6/1/22,1375
E07000086,6/1/22,1720
E07000087,6/1/22,1255
E07000088,6/1/22,1770
E07000089,6/1/22,905
E07000090,6/1/22,2580
E07000091,6/1/22,1960
E07000092,6/1/22,1730
E07000093,6/1/22,1460
E07000094,6/1/22,1450
E07000095,6/1/22,2030
E07000096,6/1/22,2570
E07000098,6/1/22,1960
E07000099,6/1/22,1830
E07000102,6/1/22,1275
E07000103,6/1/22,2210
E07000105,6/1/22,2505
E07000106,6/1/22,2970
E07000107,6/1/22,2095
E07000108,6/1/22,2545
E07000109,6/1/22,2650
E07000110,6/1/22,3065
E07000111,6/1/22,1430
E07000112,6/1/22,2605
E07000113,6/1/22,3420
E07000114,6/1/22,4765
E07000115,6/1/22,1660
E07000116,6/1/22,1635
E07000117,6/1/22,2895
E07000118,6/1/22,1850
E07000119,6/1/22,1295
E07000120,6/1/22,2710
E07000121,6/1/22,2630
E07000122,6/1/22,2695
E07000123,6/1/22,4170
E07000124,6/1/22,600
E07000125,6/1/22,1760
E07000126,6/1/22,1545
E07000127,6/1/22,2105
E07000128,6/1/22,1900
E07000129,6/1/22,1230
E07000130,6/1/22,2570
E07000131,6/1/22,965
E07000132,6/1/22,1715
E07000133,6/1/22,720
E07000134,6/1/22,1315
E07000135,6/1/22,875
E07000136,6/1/22,1850
E07000137,6/1/22,2395
E07000138,6/1/22,2825
E07000139,6/1/22,1380
E07000140,6/1/22,1630
E07000141,6/1/22,2325
E07000142,6/1/22,1715
E07000143,6/1/22,1975
E07000144,6/1/22,1465
E07000145,6/1/22,2615
E07000146,6/1/22,2205
E07000147,6/1/22,1460
E07000148,6/1/22,3820
E07000149,6/1/22,1680
E07000170,6/1/22,3080
E07000171,6/1/22,2175
E07000172,6/1/22,1750
E07000173,6/1/22,2145
E07000174,6/1/22,2675
E07000175,6/1/22,2170
E07000176,6/1/22,1215
E07000177,6/1/22,2115
E07000178,6/1/22,2780
E07000179,6/1/22,1550
E07000180,6/1/22,1665
E07000181,6/1/22,1255
E07000192,6/1/22,1925
E07000193,6/1/22,2200
E07000194,6/1/22,1530
E07000195,6/1/22,2225
E07000196,6/1/22,1700
E07000197,6/1/22,1960
E07000198,6/1/22,1080
E07000199,6/1/22,1680
E07000200,6/1/22,1175
E07000202,6/1/22,3890
E07000203,6/1/22,1100
E07000207,6/1/22,1630
E07000208,6/1/22,940
E07000209,6/1/22,1625
E07000210,6/1/22,965
E07000211,6/1/22,1960
E07000212,6/1/22,1290
E07000213,6/1/22,1785
E07000214,6/1/22,1045
E07000215,6/1/22,1110
E07000216,6/1/22,1225
E07000217,6/1/22,1445
E07000218,6/1/22,1030
E07000219,6/1/22,3180
E07000220,6/1/22,1900
E07000221,6/1/22,1610
E07000222,6/1/22,2135
E07000223,6/1/22,1095
E07000224,6/1/22,2800
E07000225,6/1/22,1940
E07000226,6/1/22,2975
E07000227,6/1/22,1610
E07000228,6/1/22,1530
E07000229,6/1/22,2060
E07000234,6/1/22,1525
E07000235,6/1/22,1180
E07000236,6/1/22,2015
E07000237,6/1/22,2365
E07000238,6/1/22,2085
E07000239,6/1/22,1920
E07000240,6/1/22,1845
E07000241,6/1/22,1925
E07000242,6/1/22,1730
E07000243,6/1/22,1695
E07000244,6/1/22,3850
E07000245,6/1/22,2415
E08000001,6/1/22,10155
E08000002,6/1/22,5220
E08000003,6/1/22,23400
E08000004,6/1/22,9640
E08000005,6/1/22,8530
E08000006,6/1/22,9210
E08000007,6/1/22,6225
E08000008,6/1/22,6785
E08000009,6/1/22,4520
E08000010,6/1/22,8010
E08000011,6/1/22,4760
E08000012,6/1/22,19065
E08000013,6/1/22,4540
E08000014,6/1/22,6665
E08000015,6/1/22,7285
E08000016,6/1/22,5440
E08000017,6/1/22,9010
E08000018,6/1/22,7305
E08000019,6/1/22,15490
E08000021,6/1/22,9320
E08000022,6/1/22,4475
E08000023,6/1/22,5350
E08000024,6/1/22,8260
E08000025,6/1/22,62200
E08000026,6/1/22,11820
E08000027,6/1/22,9500
E08000028,6/1/22,13480
E08000029,6/1/22,4380
E08000030,6/1/22,9690
E08000031,6/1/22,12050
E08000032,6/1/22,22855
E08000033,6/1/22,5115
E08000034,6/1/22,11715
E08000035,6/1/22,22550
E08000036,6/1/22,7690
E08000037,6/1/22,5585
E09000001,6/1/22,290
E09000002,6/1/22,8940
E09000003,6/1/22,11250
E09000004,6/1/22,4715
E09000005,6/1/22,14245
E09000006,6/1/22,5890
E09000007,6/1/22,6950
E09000008,6/1/22,14090
E09000009,6/1/22,13535
E09000010,6/1/22,12840
E09000011,6/1/22,9850
E09000012,6/1/22,11385
E09000013,6/1/22,6295
E09000014,6/1/22,12870
E09000015,6/1/22,6055
E09000016,6/1/22,5800
E09000017,6/1/22,7800
E09000018,6/1/22,9395
E09000019,6/1/22,8330
E09000020,6/1/22,3705
E09000021,6/1/22,2925
E09000022,6/1/22,12765
E09000023,6/1/22,12385
E09000024,6/1/22,5565
E09000025,6/1/22,15780
E09000026,6/1/22,9265
E09000027,6/1/22,2930
E09000028,6/1/22,11775
E09000029,6/1/22,3740
E09000030,6/1/22,12595
E09000031,6/1/22,10230
E09000032,6/1/22,8000
E09000033,6/1/22,6540
N09000001,6/1/22,2165
N09000002,6/1/22,3285
N09000003,6/1/22,9080
N09000004,6/1/22,2620
N09000005,6/1/22,4480
N09000006,6/1/22,1690
N09000007,6/1/22,1810
N09000008,6/1/22,2600
N09000009,6/1/22,2025
N09000010,6/1/22,3145
N09000011,6/1/22,2590
S12000005,6/1/22,1160
S12000006,6/1/22,2525
S12000008,6/1/22,3330
S12000010,6/1/22,1555
S12000011,6/1/22,995
S12000013,6/1/22,330
S12000014,6/1/22,3180
S12000017,6/1/22,3405
S12000018,6/1/22,1845
S12000019,6/1/22,1345
S12000020,6/1/22,1485
S12000021,6/1/22,3780
S12000023,6/1/22,200
S12000026,6/1/22,1980
S12000027,6/1/22,260
S12000028,6/1/22,2480
S12000029,6/1/22,6615
S12000030,6/1/22,1310
S12000033,6/1/22,5195
S12000034,6/1/22,3240
S12000035,6/1/22,1395
S12000036,6/1/22,8835
S12000038,6/1/22,3525
S12000039,6/1/22,2530
S12000040,6/1/22,3115
S12000041,6/1/22,1940
S12000042,6/1/22,4110
S12000045,6/1/22,1275
S12000047,6/1/22,8295
S12000048,6/1/22,2215
S12000049,6/1/22,21870
S12000050,6/1/22,7775
W06000001,6/1/22,1305
W06000002,6/1/22,1890
W06000003,6/1/22,2240
W06000004,6/1/22,1940
W06000005,6/1/22,2775
W06000006,6/1/22,2600
W06000008,6/1/22,1075
W06000009,6/1/22,2175
W06000010,6/1/22,3170
W06000011,6/1/22,5395
W06000012,6/1/22,2780
W06000013,6/1/22,2890
W06000014,6/1/22,2445
W06000015,6/1/22,9295
W06000016,6/1/22,5070
W06000018,6/1/22,3910
W06000019,6/1/22,1870
W06000020,6/1/22,2185
W06000021,6/1/22,1290
W06000022,6/1/22,4685
W06000023,6/1/22,1735
W06000024,6/1/22,1435
E06000001,7/1/22,2925
E06000002,7/1/22,5305
E06000003,7/1/22,3320
E06000004,7/1/22,4965
E06000005,7/1/22,2715
E06000006,7/1/22,3370
E06000007,7/1/22,3630
E06000008,7/1/22,4875
E06000009,7/1/22,5960
E06000010,7/1/22,10145
E06000011,7/1/22,4685
E06000012,7/1/22,4000
E06000013,7/1/22,3480
E06000014,7/1/22,2485
E06000015,7/1/22,7535
E06000016,7/1/22,11450
E06000017,7/1/22,340
E06000018,7/1/22,11930
E06000019,7/1/22,2585
E06000020,7/1/22,4060
E06000021,7/1/22,8450
E06000022,7/1/22,2220
E06000023,7/1/22,10795
E06000024,7/1/22,2905
E06000025,7/1/22,3145
E06000026,7/1/22,5440
E06000027,7/1/22,2520
E06000030,7/1/22,4455
E06000031,7/1/22,6500
E06000032,7/1/22,7710
E06000033,7/1/22,4775
E06000034,7/1/22,4265
E06000035,7/1/22,6655
E06000036,7/1/22,1585
E06000037,7/1/22,2085
E06000038,7/1/22,4275
E06000039,7/1/22,4820
E06000040,7/1/22,2165
E06000041,7/1/22,1630
E06000042,7/1/22,6210
E06000043,7/1/22,7715
E06000044,7/1/22,6095
E06000045,7/1/22,6985
E06000046,7/1/22,2535
E06000047,7/1/22,11195
E06000049,7/1/22,5580
E06000050,7/1/22,5605
E06000051,7/1/22,4525
E06000052,7/1/22,8630
E06000053,7/1/22,15
E06000054,7/1/22,6190
E06000055,7/1/22,4285
E06000056,7/1/22,4005
E06000057,7/1/22,5955
E06000058,7/1/22,7980
E06000059,7/1/22,4640
E06000060,7/1/22,8690
E06000061,7/1/22,6800
E06000062,7/1/22,8380
E06000063,7/1/22,4195
E06000064,7/1/22,2660
E06000065,7/1/22,7315
E06000066,7/1/22,7760
E07000008,7/1/22,1985
E07000009,7/1/22,1085
E07000010,7/1/22,2300
E07000011,7/1/22,2385
E07000012,7/1/22,1705
E07000032,7/1/22,1885
E07000033,7/1/22,1415
E07000034,7/1/22,2115
E07000035,7/1/22,650
E07000036,7/1/22,2155
E07000037,7/1/22,1355
E07000038,7/1/22,1460
E07000039,7/1/22,1395
E07000040,7/1/22,1470
E07000041,7/1/22,1735
E07000042,7/1/22,920
E07000043,7/1/22,1305
E07000044,7/1/22,1005
E07000045,7/1/22,1465
E07000046,7/1/22,810
E07000047,7/1/22,600
E07000061,7/1/22,2705
E07000062,7/1/22,3110
E07000063,7/1/22,1880
E07000064,7/1/22,1660
E07000065,7/1/22,1975
E07000066,7/1/22,4180
E07000067,7/1/22,2320
E07000068,7/1/22,1145
E07000069,7/1/22,1170
E07000070,7/1/22,2690
E07000071,7/1/22,3170
E07000072,7/1/22,2165
E07000073,7/1/22,2480
E07000074,7/1/22,850
E07000075,7/1/22,1075
E07000076,7/1/22,3335
E07000077,7/1/22,945
E07000078,7/1/22,1740
E07000079,7/1/22,870
E07000080,7/1/22,1150
E07000081,7/1/22,2605
E07000082,7/1/22,1150
E07000083,7/1/22,1015
E07000084,7/1/22,2865
E07000085,7/1/22,1360
E07000086,7/1/22,1645
E07000087,7/1/22,1250
E07000088,7/1/22,1735
E07000089,7/1/22,900
E07000090,7/1/22,2535
E07000091,7/1/22,1930
E07000092,7/1/22,1700
E07000093,7/1/22,1430
E07000094,7/1/22,1415
E07000095,7/1/22,1905
E07000096,7/1/22,2475
E07000098,7/1/22,1965
E07000099,7/1/22,1765
E07000102,7/1/22,1260
E07000103,7/1/22,2155
E07000105,7/1/22,2380
E07000106,7/1/22,2870
E07000107,7/1/22,2050
E07000108,7/1/22,2465
E07000109,7/1/22,2595
E07000110,7/1/22,2970
E07000111,7/1/22,1440
E07000112,7/1/22,2605
E07000113,7/1/22,3280
E07000114,7/1/22,4655
E07000115,7/1/22,1615
E07000116,7/1/22,1615
E07000117,7/1/22,2920
E07000118,7/1/22,1810
E07000119,7/1/22,1270
E07000120,7/1/22,2675
E07000121,7/1/22,2550
E07000122,7/1/22,2710
E07000123,7/1/22,4045
E07000124,7/1/22,580
E07000125,7/1/22,1735
E07000126,7/1/22,1530
E07000127,7/1/22,2140
E07000128,7/1/22,1920
E07000129,7/1/22,1265
E07000130,7/1/22,2475
E07000131,7/1/22,1005
E07000132,7/1/22,1655
E07000133,7/1/22,715
E07000134,7/1/22,1285
E07000135,7/1/22,850
E07000136,7/1/22,1835
E07000137,7/1/22,2345
E07000138,7/1/22,2805
E07000139,7/1/22,1340
E07000140,7/1/22,1575
E07000141,7/1/22,2305
E07000142,7/1/22,1725
E07000143,7/1/22,1940
E07000144,7/1/22,1445
E07000145,7/1/22,2475
E07000146,7/1/22,2185
E07000147,7/1/22,1400
E07000148,7/1/22,3735
E07000149,7/1/22,1680
E07000170,7/1/22,2975
E07000171,7/1/22,2135
E07000172,7/1/22,1710
E07000173,7/1/22,2085
E07000174,7/1/22,2605
E07000175,7/1/22,2175
E07000176,7/1/22,1195
E07000177,7/1/22,2030
E07000178,7/1/22,2690
E07000179,7/1/22,1615
E07000180,7/1/22,1610
E07000181,7/1/22,1280
E07000192,7/1/22,1930
E07000193,7/1/22,2185
E07000194,7/1/22,1540
E07000195,7/1/22,2190
E07000196,7/1/22,1685
E07000197,7/1/22,1975
E07000198,7/1/22,1075
E07000199,7/1/22,1680
E07000200,7/1/22,1190
E07000202,7/1/22,3780
E07000203,7/1/22,1160
E07000207,7/1/22,1635
E07000208,7/1/22,920
E07000209,7/1/22,1695
E07000210,7/1/22,945
E07000211,7/1/22,1875
E07000212,7/1/22,1320
E07000213,7/1/22,1810
E07000214,7/1/22,1080
E07000215,7/1/22,1125
E07000216,7/1/22,1280
E07000217,7/1/22,1460
E07000218,7/1/22,995
E07000219,7/1/22,3135
E07000220,7/1/22,1965
E07000221,7/1/22,1610
E07000222,7/1/22,2095
E07000223,7/1/22,1080
E07000224,7/1/22,2730
E07000225,7/1/22,1965
E07000226,7/1/22,2910
E07000227,7/1/22,1650
E07000228,7/1/22,1510
E07000229,7/1/22,2025
E07000234,7/1/22,1575
E07000235,7/1/22,1175
E07000236,7/1/22,1975
E07000237,7/1/22,2295
E07000238,7/1/22,2035
E07000239,7/1/22,1905
E07000240,7/1/22,1825
E07000241,7/1/22,1815
E07000242,7/1/22,1690
E07000243,7/1/22,1645
E07000244,7/1/22,3700
E07000245,7/1/22,2410
E08000001,7/1/22,10025
E08000002,7/1/22,5130
E08000003,7/1/22,23010
E08000004,7/1/22,9435
E08000005,7/1/22,8395
E08000006,7/1/22,9045
E08000007,7/1/22,6105
E08000008,7/1/22,6755
E08000009,7/1/22,4435
E08000010,7/1/22,7910
E08000011,7/1/22,4685
E08000012,7/1/22,18690
E08000013,7/1/22,4660
E08000014,7/1/22,6505
E08000015,7/1/22,7315
E08000016,7/1/22,5300
E08000017,7/1/22,8805
E08000018,7/1/22,7150
E08000019,7/1/22,15340
E08000021,7/1/22,9105
E08000022,7/1/22,4445
E08000023,7/1/22,5310
E08000024,7/1/22,8065
E08000025,7/1/22,61270
E08000026,7/1/22,11575
E08000027,7/1/22,9375
E08000028,7/1/22,13265
E08000029,7/1/22,4350
E08000030,7/1/22,9525
E08000031,7/1/22,11930
E08000032,7/1/22,22305
E08000033,7/1/22,5100
E08000034,7/1/22,11790
E08000035,7/1/22,22285
E08000036,7/1/22,7695
E08000037,7/1/22,5545
E09000001,7/1/22,275
E09000002,7/1/22,8775
E09000003,7/1/22,10905
E09000004,7/1/22,4615
E09000005,7/1/22,13785
E09000006,7/1/22,5805
E09000007,7/1/22,6730
E09000008,7/1/22,13810
E09000009,7/1/22,13135
E09000010,7/1/22,12475
E09000011,7/1/22,9555
E09000012,7/1/22,11200
E09000013,7/1/22,6175
E09000014,7/1/22,12570
E09000015,7/1/22,5830
E09000016,7/1/22,5605
E09000017,7/1/22,7580
E09000018,7/1/22,9210
E09000019,7/1/22,8245
E09000020,7/1/22,3600
E09000021,7/1/22,2855
E09000022,7/1/22,12420
E09000023,7/1/22,12120
E09000024,7/1/22,5380
E09000025,7/1/22,14985
E09000026,7/1/22,9080
E09000027,7/1/22,2910
E09000028,7/1/22,11430
E09000029,7/1/22,3705
E09000030,7/1/22,12240
E09000031,7/1/22,9955
E09000032,7/1/22,7880
E09000033,7/1/22,6335
N09000001,7/1/22,2145
N09000002,7/1/22,3380
N09000003,7/1/22,9020
N09000004,7/1/22,2655
N09000005,7/1/22,4520
N09000006,7/1/22,1720
N09000007,7/1/22,1855
N09000008,7/1/22,2580
N09000009,7/1/22,2045
N09000010,7/1/22,3195
N09000011,7/1/22,2580
S12000005,7/1/22,1170
S12000006,7/1/22,2500
S12000008,7/1/22,3335
S12000010,7/1/22,1470
S12000011,7/1/22,990
S12000013,7/1/22,345
S12000014,7/1/22,3240
S12000017,7/1/22,3255
S12000018,7/1/22,1875
S12000019,7/1/22,1340
S12000020,7/1/22,1425
S12000021,7/1/22,3785
S12000023,7/1/22,200
S12000026,7/1/22,1970
S12000027,7/1/22,240
S12000028,7/1/22,2420
S12000029,7/1/22,6645
S12000030,7/1/22,1420
S12000033,7/1/22,5270
S12000034,7/1/22,3100
S12000035,7/1/22,1340
S12000036,7/1/22,8790
S12000038,7/1/22,3660
S12000039,7/1/22,2505
S12000040,7/1/22,3190
S12000041,7/1/22,1990
S12000042,7/1/22,4230
S12000045,7/1/22,1310
S12000047,7/1/22,8275
S12000048,7/1/22,2150
S12000049,7/1/22,21880
S12000050,7/1/22,7850
W06000001,7/1/22,1275
W06000002,7/1/22,1885
W06000003,7/1/22,2245
W06000004,7/1/22,1915
W06000005,7/1/22,2700
W06000006,7/1/22,2525
W06000008,7/1/22,1090
W06000009,7/1/22,2125
W06000010,7/1/22,3125
W06000011,7/1/22,5285
W06000012,7/1/22,2685
W06000013,7/1/22,2815
W06000014,7/1/22,2355
W06000015,7/1/22,9195
W06000016,7/1/22,4900
W06000018,7/1/22,3840
W06000019,7/1/22,1810
W06000020,7/1/22,2090
W06000021,7/1/22,1330
W06000022,7/1/22,4605
W06000023,7/1/22,1680
W06000024,7/1/22,1410
E06000001,8/1/22,2915
E06000002,8/1/22,5305
E06000003,8/1/22,3295
E06000004,8/1/22,5050
E06000005,8/1/22,2765
E06000006,8/1/22,3405
E06000007,8/1/22,3550
E06000008,8/1/22,4875
E06000009,8/1/22,5765
E06000010,8/1/22,9855
E06000011,8/1/22,4680
E06000012,8/1/22,3990
E06000013,8/1/22,3535
E06000014,8/1/22,2440
E06000015,8/1/22,7585
E06000016,8/1/22,11325
E06000017,8/1/22,345
E06000018,8/1/22,11960
E06000019,8/1/22,2555
E06000020,8/1/22,4060
E06000021,8/1/22,8400
E06000022,8/1/22,2155
E06000023,8/1/22,10640
E06000024,8/1/22,2925
E06000025,8/1/22,3165
E06000026,8/1/22,5390
E06000027,8/1/22,2450
E06000030,8/1/22,4430
E06000031,8/1/22,6475
E06000032,8/1/22,7590
E06000033,8/1/22,4770
E06000034,8/1/22,4245
E06000035,8/1/22,6545
E06000036,8/1/22,1580
E06000037,8/1/22,2080
E06000038,8/1/22,4245
E06000039,8/1/22,4790
E06000040,8/1/22,2100
E06000041,8/1/22,1650
E06000042,8/1/22,6190
E06000043,8/1/22,7695
E06000044,8/1/22,6140
E06000045,8/1/22,6885
E06000046,8/1/22,2570
E06000047,8/1/22,11135
E06000049,8/1/22,5605
E06000050,8/1/22,5615
E06000051,8/1/22,4540
E06000052,8/1/22,8600
E06000053,8/1/22,10
E06000054,8/1/22,6195
E06000055,8/1/22,4300
E06000056,8/1/22,4020
E06000057,8/1/22,6045
E06000058,8/1/22,8030
E06000059,8/1/22,4690
E06000060,8/1/22,8755
E06000061,8/1/22,6725
E06000062,8/1/22,8395
E06000063,8/1/22,4185
E06000064,8/1/22,2670
E06000065,8/1/22,7315
E06000066,8/1/22,7795
E07000008,8/1/22,2040
E07000009,8/1/22,1075
E07000010,8/1/22,2290
E07000011,8/1/22,2375
E07000012,8/1/22,1730
E07000032,8/1/22,1945
E07000033,8/1/22,1460
E07000034,8/1/22,2065
E07000035,8/1/22,665
E07000036,8/1/22,2195
E07000037,8/1/22,1385
E07000038,8/1/22,1425
E07000039,8/1/22,1390
E07000040,8/1/22,1450
E07000041,8/1/22,1715
E07000042,8/1/22,885
E07000043,8/1/22,1330
E07000044,8/1/22,990
E07000045,8/1/22,1450
E07000046,8/1/22,820
E07000047,8/1/22,555
E07000061,8/1/22,2735
E07000062,8/1/22,3060
E07000063,8/1/22,1845
E07000064,8/1/22,1655
E07000065,8/1/22,2010
E07000066,8/1/22,4115
E07000067,8/1/22,2360
E07000068,8/1/22,1145
E07000069,8/1/22,1150
E07000070,8/1/22,2590
E07000071,8/1/22,3235
E07000072,8/1/22,2190
E07000073,8/1/22,2505
E07000074,8/1/22,870
E07000075,8/1/22,1060
E07000076,8/1/22,3350
E07000077,8/1/22,960
E07000078,8/1/22,1770
E07000079,8/1/22,895
E07000080,8/1/22,1185
E07000081,8/1/22,2600
E07000082,8/1/22,1090
E07000083,8/1/22,1025
E07000084,8/1/22,2885
E07000085,8/1/22,1415
E07000086,8/1/22,1650
E07000087,8/1/22,1255
E07000088,8/1/22,1720
E07000089,8/1/22,895
E07000090,8/1/22,2555
E07000091,8/1/22,1960
E07000092,8/1/22,1710
E07000093,8/1/22,1450
E07000094,8/1/22,1430
E07000095,8/1/22,1905
E07000096,8/1/22,2515
E07000098,8/1/22,1970
E07000099,8/1/22,1745
E07000102,8/1/22,1250
E07000103,8/1/22,2160
E07000105,8/1/22,2355
E07000106,8/1/22,2860
E07000107,8/1/22,2060
E07000108,8/1/22,2475
E07000109,8/1/22,2610
E07000110,8/1/22,2980
E07000111,8/1/22,1420
E07000112,8/1/22,2575
E07000113,8/1/22,3325
E07000114,8/1/22,4585
E07000115,8/1/22,1595
E07000116,8/1/22,1610
E07000117,8/1/22,2950
E07000118,8/1/22,1820
E07000119,8/1/22,1275
E07000120,8/1/22,2675
E07000121,8/1/22,2575
E07000122,8/1/22,2715
E07000123,8/1/22,4050
E07000124,8/1/22,595
E07000125,8/1/22,1720
E07000126,8/1/22,1540
E07000127,8/1/22,2125
E07000128,8/1/22,1885
E07000129,8/1/22,1225
E07000130,8/1/22,2535
E07000131,8/1/22,1005
E07000132,8/1/22,1675
E07000133,8/1/22,735
E07000134,8/1/22,1325
E07000135,8/1/22,840
E07000136,8/1/22,1815
E07000137,8/1/22,2270
E07000138,8/1/22,2910
E07000139,8/1/22,1375
E07000140,8/1/22,1570
E07000141,8/1/22,2290
E07000142,8/1/22,1770
E07000143,8/1/22,1935
E07000144,8/1/22,1425
E07000145,8/1/22,2455
E07000146,8/1/22,2250
E07000147,8/1/22,1385
E07000148,8/1/22,3680
E07000149,8/1/22,1685
E07000170,8/1/22,2955
E07000171,8/1/22,2160
E07000172,8/1/22,1760
E07000173,8/1/22,2085
E07000174,8/1/22,2590
E07000175,8/1/22,2185
E07000176,8/1/22,1230
E07000177,8/1/22,2075
E07000178,8/1/22,2730
E07000179,8/1/22,1565
E07000180,8/1/22,1610
E07000181,8/1/22,1240
E07000192,8/1/22,1975
E07000193,8/1/22,2160
E07000194,8/1/22,1560
E07000195,8/1/22,2165
E07000196,8/1/22,1695
E07000197,8/1/22,1990
E07000198,8/1/22,1045
E07000199,8/1/22,1660
E07000200,8/1/22,1215
E07000202,8/1/22,3790
E07000203,8/1/22,1155
E07000207,8/1/22,1665
E07000208,8/1/22,870
E07000209,8/1/22,1735
E07000210,8/1/22,940
E07000211,8/1/22,1895
E07000212,8/1/22,1325
E07000213,8/1/22,1790
E07000214,8/1/22,1085
E07000215,8/1/22,1125
E07000216,8/1/22,1330
E07000217,8/1/22,1465
E07000218,8/1/22,995
E07000219,8/1/22,3110
E07000220,8/1/22,1940
E07000221,8/1/22,1645
E07000222,8/1/22,2085
E07000223,8/1/22,1065
E07000224,8/1/22,2770
E07000225,8/1/22,1950
E07000226,8/1/22,2945
E07000227,8/1/22,1710
E07000228,8/1/22,1525
E07000229,8/1/22,2035
E07000234,8/1/22,1565
E07000235,8/1/22,1170
E07000236,8/1/22,1985
E07000237,8/1/22,2255
E07000238,8/1/22,2035
E07000239,8/1/22,1900
E07000240,8/1/22,1820
E07000241,8/1/22,1845
E07000242,8/1/22,1680
E07000243,8/1/22,1600
E07000244,8/1/22,3635
E07000245,8/1/22,2370
E08000001,8/1/22,9960
E08000002,8/1/22,5115
E08000003,8/1/22,22880
E08000004,8/1/22,9390
E08000005,8/1/22,8250
E08000006,8/1/22,9020
E08000007,8/1/22,6155
E08000008,8/1/22,6750
E08000009,8/1/22,4445
E08000010,8/1/22,7880
E08000011,8/1/22,4675
E08000012,8/1/22,18725
E08000013,8/1/22,4685
E08000014,8/1/22,6525
E08000015,8/1/22,7325
E08000016,8/1/22,5350
E08000017,8/1/22,8640
E08000018,8/1/22,7030
E08000019,8/1/22,15120
E08000021,8/1/22,9085
E08000022,8/1/22,4440
E08000023,8/1/22,5185
E08000024,8/1/22,8050
E08000025,8/1/22,61000
E08000026,8/1/22,11650
E08000027,8/1/22,9300
E08000028,8/1/22,13195
E08000029,8/1/22,4205
E08000030,8/1/22,9620
E08000031,8/1/22,11880
E08000032,8/1/22,22080
E08000033,8/1/22,5175
E08000034,8/1/22,11765
E08000035,8/1/22,22380
E08000036,8/1/22,7780
E08000037,8/1/22,5515
E09000001,8/1/22,270
E09000002,8/1/22,8620
E09000003,8/1/22,10825
E09000004,8/1/22,4630
E09000005,8/1/22,13705
E09000006,8/1/22,5785
E09000007,8/1/22,6750
E09000008,8/1/22,13720
E09000009,8/1/22,13065
E09000010,8/1/22,12245
E09000011,8/1/22,9520
E09000012,8/1/22,10950
E09000013,8/1/22,6105
E09000014,8/1/22,12450
E09000015,8/1/22,5835
E09000016,8/1/22,5730
E09000017,8/1/22,7580
E09000018,8/1/22,9130
E09000019,8/1/22,8195
E09000020,8/1/22,3540
E09000021,8/1/22,2835
E09000022,8/1/22,12340
E09000023,8/1/22,12010
E09000024,8/1/22,5400
E09000025,8/1/22,15080
E09000026,8/1/22,8985
E09000027,8/1/22,2915
E09000028,8/1/22,11330
E09000029,8/1/22,3660
E09000030,8/1/22,12175
E09000031,8/1/22,10020
E09000032,8/1/22,7860
E09000033,8/1/22,6300
N09000001,8/1/22,2160
N09000002,8/1/22,3405
N09000003,8/1/22,9060
N09000004,8/1/22,2690
N09000005,8/1/22,4605
N09000006,8/1/22,1765
N09000007,8/1/22,1825
N09000008,8/1/22,2645
N09000009,8/1/22,2105
N09000010,8/1/22,3195
N09000011,8/1/22,2585
S12000005,8/1/22,1210
S12000006,8/1/22,2515
S12000008,8/1/22,3235
S12000010,8/1/22,1495
S12000011,8/1/22,965
S12000013,8/1/22,335
S12000014,8/1/22,3120
S12000017,8/1/22,3280
S12000018,8/1/22,1920
S12000019,8/1/22,1370
S12000020,8/1/22,1395
S12000021,8/1/22,3755
S12000023,8/1/22,200
S12000026,8/1/22,1975
S12000027,8/1/22,240
S12000028,8/1/22,2475
S12000029,8/1/22,6615
S12000030,8/1/22,1435
S12000033,8/1/22,5270
S12000034,8/1/22,3065
S12000035,8/1/22,1380
S12000036,8/1/22,8685
S12000038,8/1/22,3700
S12000039,8/1/22,2480
S12000040,8/1/22,3305
S12000041,8/1/22,1960
S12000042,8/1/22,4255
S12000045,8/1/22,1280
S12000047,8/1/22,8105
S12000048,8/1/22,2205
S12000049,8/1/22,21725
S12000050,8/1/22,7870
W06000001,8/1/22,1245
W06000002,8/1/22,1910
W06000003,8/1/22,2235
W06000004,8/1/22,1980
W06000005,8/1/22,2730
W06000006,8/1/22,2590
W06000008,8/1/22,1120
W06000009,8/1/22,2150
W06000010,8/1/22,3185
W06000011,8/1/22,5325
W06000012,8/1/22,2735
W06000013,8/1/22,2810
W06000014,8/1/22,2365
W06000015,8/1/22,9405
W06000016,8/1/22,4805
W06000018,8/1/22,3870
W06000019,8/1/22,1795
W06000020,8/1/22,2085
W06000021,8/1/22,1355
W06000022,8/1/22,4570
W06000023,8/1/22,1690
W06000024,8/1/22,1385
E06000001,9/1/22,2915
E06000002,9/1/22,5360
E06000003,9/1/22,3290
E06000004,9/1/22,5040
E06000005,9/1/22,2820
E06000006,9/1/22,3415
E06000007,9/1/22,3500
E06000008,9/1/22,4855
E06000009,9/1/22,5690
E06000010,9/1/22,9475
E06000011,9/1/22,4605
E06000012,9/1/22,3905
E06000013,9/1/22,3485
E06000014,9/1/22,2455
E06000015,9/1/22,7470
E06000016,9/1/22,11145
E06000017,9/1/22,330
E06000018,9/1/22,11865
E06000019,9/1/22,2520
E06000020,9/1/22,4060
E06000021,9/1/22,8335
E06000022,9/1/22,2120
E06000023,9/1/22,10715
E06000024,9/1/22,2910
E06000025,9/1/22,3120
E06000026,9/1/22,5320
E06000027,9/1/22,2440
E06000030,9/1/22,4515
E06000031,9/1/22,6430
E06000032,9/1/22,7515
E06000033,9/1/22,4735
E06000034,9/1/22,4125
E06000035,9/1/22,6560
E06000036,9/1/22,1630
E06000037,9/1/22,2080
E06000038,9/1/22,4300
E06000039,9/1/22,4880
E06000040,9/1/22,2075
E06000041,9/1/22,1710
E06000042,9/1/22,6280
E06000043,9/1/22,7675
E06000044,9/1/22,6100
E06000045,9/1/22,6610
E06000046,9/1/22,2545
E06000047,9/1/22,11205
E06000049,9/1/22,5575
E06000050,9/1/22,5675
E06000051,9/1/22,4565
E06000052,9/1/22,8525
E06000053,9/1/22,15
E06000054,9/1/22,6230
E06000055,9/1/22,4305
E06000056,9/1/22,4010
E06000057,9/1/22,5945
E06000058,9/1/22,7915
E06000059,9/1/22,4675
E06000060,9/1/22,8825
E06000061,9/1/22,6665
E06000062,9/1/22,8310
E06000063,9/1/22,4235
E06000064,9/1/22,2655
E06000065,9/1/22,7315
E06000066,9/1/22,7670
E07000008,9/1/22,2075
E07000009,9/1/22,1060
E07000010,9/1/22,2315
E07000011,9/1/22,2425
E07000012,9/1/22,1725
E07000032,9/1/22,1915
E07000033,9/1/22,1425
E07000034,9/1/22,2020
E07000035,9/1/22,690
E07000036,9/1/22,2155
E07000037,9/1/22,1395
E07000038,9/1/22,1380
E07000039,9/1/22,1385
E07000040,9/1/22,1485
E07000041,9/1/22,1750
E07000042,9/1/22,915
E07000043,9/1/22,1290
E07000044,9/1/22,970
E07000045,9/1/22,1445
E07000046,9/1/22,820
E07000047,9/1/22,550
E07000061,9/1/22,2770
E07000062,9/1/22,3050
E07000063,9/1/22,1815
E07000064,9/1/22,1635
E07000065,9/1/22,2030
E07000066,9/1/22,4060
E07000067,9/1/22,2380
E07000068,9/1/22,1130
E07000069,9/1/22,1140
E07000070,9/1/22,2520
E07000071,9/1/22,3265
E07000072,9/1/22,2210
E07000073,9/1/22,2505
E07000074,9/1/22,855
E07000075,9/1/22,1030
E07000076,9/1/22,3170
E07000077,9/1/22,955
E07000078,9/1/22,1770
E07000079,9/1/22,920
E07000080,9/1/22,1195
E07000081,9/1/22,2600
E07000082,9/1/22,1095
E07000083,9/1/22,1055
E07000084,9/1/22,2875
E07000085,9/1/22,1395
E07000086,9/1/22,1620
E07000087,9/1/22,1230
E07000088,9/1/22,1665
E07000089,9/1/22,895
E07000090,9/1/22,2460
E07000091,9/1/22,1890
E07000092,9/1/22,1745
E07000093,9/1/22,1420
E07000094,9/1/22,1400
E07000095,9/1/22,1880
E07000096,9/1/22,2515
E07000098,9/1/22,1970
E07000099,9/1/22,1705
E07000102,9/1/22,1265
E07000103,9/1/22,2155
E07000105,9/1/22,2355
E07000106,9/1/22,2835
E07000107,9/1/22,2075
E07000108,9/1/22,2490
E07000109,9/1/22,2575
E07000110,9/1/22,2935
E07000111,9/1/22,1375
E07000112,9/1/22,2545
E07000113,9/1/22,3300
E07000114,9/1/22,4590
E07000115,9/1/22,1570
E07000116,9/1/22,1630
E07000117,9/1/22,2895
E07000118,9/1/22,1795
E07000119,9/1/22,1235
E07000120,9/1/22,2670
E07000121,9/1/22,2590
E07000122,9/1/22,2655
E07000123,9/1/22,4075
E07000124,9/1/22,615
E07000125,9/1/22,1695
E07000126,9/1/22,1560
E07000127,9/1/22,2070
E07000128,9/1/22,1875
E07000129,9/1/22,1180
E07000130,9/1/22,2555
E07000131,9/1/22,990
E07000132,9/1/22,1650
E07000133,9/1/22,755
E07000134,9/1/22,1335
E07000135,9/1/22,835
E07000136,9/1/22,1840
E07000137,9/1/22,2295
E07000138,9/1/22,2865
E07000139,9/1/22,1405
E07000140,9/1/22,1565
E07000141,9/1/22,2310
E07000142,9/1/22,1765
E07000143,9/1/22,1940
E07000144,9/1/22,1370
E07000145,9/1/22,2370
E07000146,9/1/22,2240
E07000147,9/1/22,1375
E07000148,9/1/22,3580
E07000149,9/1/22,1665
E07000170,9/1/22,2895
E07000171,9/1/22,2110
E07000172,9/1/22,1735
E07000173,9/1/22,2040
E07000174,9/1/22,2575
E07000175,9/1/22,2115
E07000176,9/1/22,1220
E07000177,9/1/22,1995
E07000178,9/1/22,2750
E07000179,9/1/22,1610
E07000180,9/1/22,1640
E07000181,9/1/22,1320
E07000192,9/1/22,1985
E07000193,9/1/22,2185
E07000194,9/1/22,1490
E07000195,9/1/22,2230
E07000196,9/1/22,1725
E07000197,9/1/22,2015
E07000198,9/1/22,1050
E07000199,9/1/22,1645
E07000200,9/1/22,1195
E07000202,9/1/22,3735
E07000203,9/1/22,1125
E07000207,9/1/22,1660
E07000208,9/1/22,880
E07000209,9/1/22,1725
E07000210,9/1/22,925
E07000211,9/1/22,1890
E07000212,9/1/22,1340
E07000213,9/1/22,1790
E07000214,9/1/22,1100
E07000215,9/1/22,1105
E07000216,9/1/22,1355
E07000217,9/1/22,1490
E07000218,9/1/22,1010
E07000219,9/1/22,3120
E07000220,9/1/22,1920
E07000221,9/1/22,1645
E07000222,9/1/22,2075
E07000223,9/1/22,1035
E07000224,9/1/22,2775
E07000225,9/1/22,1950
E07000226,9/1/22,2955
E07000227,9/1/22,1740
E07000228,9/1/22,1525
E07000229,9/1/22,1990
E07000234,9/1/22,1495
E07000235,9/1/22,1145
E07000236,9/1/22,1965
E07000237,9/1/22,2290
E07000238,9/1/22,2045
E07000239,9/1/22,1885
E07000240,9/1/22,1835
E07000241,9/1/22,1795
E07000242,9/1/22,1700
E07000243,9/1/22,1595
E07000244,9/1/22,3625
E07000245,9/1/22,2355
E08000001,9/1/22,9955
E08000002,9/1/22,5110
E08000003,9/1/22,22675
E08000004,9/1/22,9360
E08000005,9/1/22,8195
E08000006,9/1/22,8945
E08000007,9/1/22,6065
E08000008,9/1/22,6760
E08000009,9/1/22,4425
E08000010,9/1/22,7755
E08000011,9/1/22,4630
E08000012,9/1/22,18180
E08000013,9/1/22,4735
E08000014,9/1/22,6395
E08000015,9/1/22,7145
E08000016,9/1/22,5405
E08000017,9/1/22,8695
E08000018,9/1/22,6980
E08000019,9/1/22,14995
E08000021,9/1/22,8985
E08000022,9/1/22,4350
E08000023,9/1/22,5210
E08000024,9/1/22,7975
E08000025,9/1/22,60535
E08000026,9/1/22,11690
E08000027,9/1/22,9155
E08000028,9/1/22,13150
E08000029,9/1/22,4170
E08000030,9/1/22,9460
E08000031,9/1/22,11885
E08000032,9/1/22,21885
E08000033,9/1/22,4980
E08000034,9/1/22,11510
E08000035,9/1/22,22310
E08000036,9/1/22,7775
E08000037,9/1/22,5400
E09000001,9/1/22,250
E09000002,9/1/22,8695
E09000003,9/1/22,10955
E09000004,9/1/22,4645
E09000005,9/1/22,13875
E09000006,9/1/22,5880
E09000007,9/1/22,6790
E09000008,9/1/22,13835
E09000009,9/1/22,13070
E09000010,9/1/22,12140
E09000011,9/1/22,9620
E09000012,9/1/22,11000
E09000013,9/1/22,6095
E09000014,9/1/22,12390
E09000015,9/1/22,6010
E09000016,9/1/22,5770
E09000017,9/1/22,7585
E09000018,9/1/22,9230
E09000019,9/1/22,8210
E09000020,9/1/22,3455
E09000021,9/1/22,2825
E09000022,9/1/22,12395
E09000023,9/1/22,12130
E09000024,9/1/22,5435
E09000025,9/1/22,15180
E09000026,9/1/22,9045
E09000027,9/1/22,2890
E09000028,9/1/22,11435
E09000029,9/1/22,3660
E09000030,9/1/22,12165
E09000031,9/1/22,10110
E09000032,9/1/22,7880
E09000033,9/1/22,6225
N09000001,9/1/22,2130
N09000002,9/1/22,3400
N09000003,9/1/22,9155
N09000004,9/1/22,2635
N09000005,9/1/22,4565
N09000006,9/1/22,1715
N09000007,9/1/22,1745
N09000008,9/1/22,2630
N09000009,9/1/22,2075
N09000010,9/1/22,3185
N09000011,9/1/22,2600
S12000005,9/1/22,1130
S12000006,9/1/22,2455
S12000008,9/1/22,3030
S12000010,9/1/22,1450
S12000011,9/1/22,955
S12000013,9/1/22,315
S12000014,9/1/22,3040
S12000017,9/1/22,3205
S12000018,9/1/22,1810
S12000019,9/1/22,1310
S12000020,9/1/22,1345
S12000021,9/1/22,3655
S12000023,9/1/22,185
S12000026,9/1/22,1955
S12000027,9/1/22,230
S12000028,9/1/22,2430
S12000029,9/1/22,6290
S12000030,9/1/22,1365
S12000033,9/1/22,5155
S12000034,9/1/22,2935
S12000035,9/1/22,1310
S12000036,9/1/22,8580
S12000038,9/1/22,3600
S12000039,9/1/22,2430
S12000040,9/1/22,3195
S12000041,9/1/22,1870
S12000042,9/1/22,4145
S12000045,9/1/22,1255
S12000047,9/1/22,7770
S12000048,9/1/22,2045
S12000049,9/1/22,21220
S12000050,9/1/22,7525
W06000001,9/1/22,1225
W06000002,9/1/22,1840
W06000003,9/1/22,2205
W06000004,9/1/22,1985
W06000005,9/1/22,2685
W06000006,9/1/22,2470
W06000008,9/1/22,1100
W06000009,9/1/22,2110
W06000010,9/1/22,3220
W06000011,9/1/22,5320
W06000012,9/1/22,2745
W06000013,9/1/22,2725
W06000014,9/1/22,2380
W06000015,9/1/22,9415
W06000016,9/1/22,4720
W06000018,9/1/22,3790
W06000019,9/1/22,1745
W06000020,9/1/22,2055
W06000021,9/1/22,1265
W06000022,9/1/22,4355
W06000023,9/1/22,1670
W06000024,9/1/22,1415
E06000001,10/1/22,2905
E06000002,10/1/22,5410
E06000003,10/1/22,3275
E06000004,10/1/22,4890
E06000005,10/1/22,2775
E06000006,10/1/22,3335
E06000007,10/1/22,3325
E06000008,10/1/22,4840
E06000009,10/1/22,5635
E06000010,10/1/22,9365
E06000011,10/1/22,4555
E06000012,10/1/22,3825
E06000013,10/1/22,3430
E06000014,10/1/22,2400
E06000015,10/1/22,7345
E06000016,10/1/22,10940
E06000017,10/1/22,320
E06000018,10/1/22,11590
E06000019,10/1/22,2470
E06000020,10/1/22,3915
E06000021,10/1/22,8325
E06000022,10/1/22,2075
E06000023,10/1/22,10595
E06000024,10/1/22,2835
E06000025,10/1/22,3090
E06000026,10/1/22,5190
E06000027,10/1/22,2395
E06000030,10/1/22,4510
E06000031,10/1/22,6355
E06000032,10/1/22,7270
E06000033,10/1/22,4650
E06000034,10/1/22,4045
E06000035,10/1/22,6410
E06000036,10/1/22,1610
E06000037,10/1/22,2105
E06000038,10/1/22,4330
E06000039,10/1/22,4715
E06000040,10/1/22,2040
E06000041,10/1/22,1750
E06000042,10/1/22,6275
E06000043,10/1/22,7630
E06000044,10/1/22,6015
E06000045,10/1/22,6585
E06000046,10/1/22,2580
E06000047,10/1/22,10805
E06000049,10/1/22,5525
E06000050,10/1/22,5610
E06000051,10/1/22,4485
E06000052,10/1/22,8375
E06000053,10/1/22,10
E06000054,10/1/22,6070
E06000055,10/1/22,4245
E06000056,10/1/22,3965
E06000057,10/1/22,5945
E06000058,10/1/22,7705
E06000059,10/1/22,4665
E06000060,10/1/22,8695
E06000061,10/1/22,6565
E06000062,10/1/22,8100
E06000063,10/1/22,4215
E06000064,10/1/22,2720
E06000065,10/1/22,7085
E06000066,10/1/22,7690
E07000008,10/1/22,2045
E07000009,10/1/22,1010
E07000010,10/1/22,2195
E07000011,10/1/22,2345
E07000012,10/1/22,1720
E07000032,10/1/22,1845
E07000033,10/1/22,1400
E07000034,10/1/22,2020
E07000035,10/1/22,705
E07000036,10/1/22,2135
E07000037,10/1/22,1350
E07000038,10/1/22,1385
E07000039,10/1/22,1385
E07000040,10/1/22,1445
E07000041,10/1/22,1670
E07000042,10/1/22,875
E07000043,10/1/22,1365
E07000044,10/1/22,935
E07000045,10/1/22,1435
E07000046,10/1/22,835
E07000047,10/1/22,560
E07000061,10/1/22,2730
E07000062,10/1/22,3025
E07000063,10/1/22,1765
E07000064,10/1/22,1635
E07000065,10/1/22,2020
E07000066,10/1/22,4040
E07000067,10/1/22,2345
E07000068,10/1/22,1105
E07000069,10/1/22,1130
E07000070,10/1/22,2465
E07000071,10/1/22,3225
E07000072,10/1/22,2175
E07000073,10/1/22,2440
E07000074,10/1/22,835
E07000075,10/1/22,1035
E07000076,10/1/22,3230
E07000077,10/1/22,930
E07000078,10/1/22,1715
E07000079,10/1/22,860
E07000080,10/1/22,1165
E07000081,10/1/22,2540
E07000082,10/1/22,1100
E07000083,10/1/22,1045
E07000084,10/1/22,2870
E07000085,10/1/22,1400
E07000086,10/1/22,1605
E07000087,10/1/22,1200
E07000088,10/1/22,1620
E07000089,10/1/22,905
E07000090,10/1/22,2385
E07000091,10/1/22,1875
E07000092,10/1/22,1760
E07000093,10/1/22,1420
E07000094,10/1/22,1440
E07000095,10/1/22,1880
E07000096,10/1/22,2555
E07000098,10/1/22,1935
E07000099,10/1/22,1705
E07000102,10/1/22,1255
E07000103,10/1/22,2140
E07000105,10/1/22,2290
E07000106,10/1/22,2900
E07000107,10/1/22,2100
E07000108,10/1/22,2475
E07000109,10/1/22,2570
E07000110,10/1/22,2980
E07000111,10/1/22,1390
E07000112,10/1/22,2520
E07000113,10/1/22,3280
E07000114,10/1/22,4540
E07000115,10/1/22,1615
E07000116,10/1/22,1580
E07000117,10/1/22,2865
E07000118,10/1/22,1850
E07000119,10/1/22,1240
E07000120,10/1/22,2600
E07000121,10/1/22,2635
E07000122,10/1/22,2675
E07000123,10/1/22,4010
E07000124,10/1/22,615
E07000125,10/1/22,1705
E07000126,10/1/22,1555
E07000127,10/1/22,2040
E07000128,10/1/22,1895
E07000129,10/1/22,1160
E07000130,10/1/22,2480
E07000131,10/1/22,980
E07000132,10/1/22,1605
E07000133,10/1/22,770
E07000134,10/1/22,1250
E07000135,10/1/22,795
E07000136,10/1/22,1785
E07000137,10/1/22,2290
E07000138,10/1/22,2860
E07000139,10/1/22,1370
E07000140,10/1/22,1500
E07000141,10/1/22,2240
E07000142,10/1/22,1735
E07000143,10/1/22,1820
E07000144,10/1/22,1345
E07000145,10/1/22,2400
E07000146,10/1/22,2215
E07000147,10/1/22,1355
E07000148,10/1/22,3460
E07000149,10/1/22,1615
E07000170,10/1/22,2845
E07000171,10/1/22,2040
E07000172,10/1/22,1675
E07000173,10/1/22,2015
E07000174,10/1/22,2475
E07000175,10/1/22,2065
E07000176,10/1/22,1225
E07000177,10/1/22,2025
E07000178,10/1/22,2700
E07000179,10/1/22,1630
E07000180,10/1/22,1605
E07000181,10/1/22,1350
E07000192,10/1/22,2010
E07000193,10/1/22,2120
E07000194,10/1/22,1455
E07000195,10/1/22,2165
E07000196,10/1/22,1710
E07000197,10/1/22,2000
E07000198,10/1/22,1050
E07000199,10/1/22,1605
E07000200,10/1/22,1165
E07000202,10/1/22,3830
E07000203,10/1/22,1165
E07000207,10/1/22,1695
E07000208,10/1/22,905
E07000209,10/1/22,1740
E07000210,10/1/22,925
E07000211,10/1/22,1800
E07000212,10/1/22,1310
E07000213,10/1/22,1850
E07000214,10/1/22,1110
E07000215,10/1/22,1070
E07000216,10/1/22,1365
E07000217,10/1/22,1445
E07000218,10/1/22,985
E07000219,10/1/22,3055
E07000220,10/1/22,1910
E07000221,10/1/22,1630
E07000222,10/1/22,2070
E07000223,10/1/22,1020
E07000224,10/1/22,2705
E07000225,10/1/22,1925
E07000226,10/1/22,2925
E07000227,10/1/22,1700
E07000228,10/1/22,1475
E07000229,10/1/22,1995
E07000234,10/1/22,1490
E07000235,10/1/22,1140
E07000236,10/1/22,1960
E07000237,10/1/22,2290
E07000238,10/1/22,2060
E07000239,10/1/22,1890
E07000240,10/1/22,1840
E07000241,10/1/22,1775
E07000242,10/1/22,1665
E07000243,10/1/22,1600
E07000244,10/1/22,3560
E07000245,10/1/22,2305
E08000001,10/1/22,9745
E08000002,10/1/22,5050
E08000003,10/1/22,21995
E08000004,10/1/22,9270
E08000005,10/1/22,7975
E08000006,10/1/22,8730
E08000007,10/1/22,6020
E08000008,10/1/22,6620
E08000009,10/1/22,4295
E08000010,10/1/22,7655
E08000011,10/1/22,4550
E08000012,10/1/22,17795
E08000013,10/1/22,4550
E08000014,10/1/22,6235
E08000015,10/1/22,7070
E08000016,10/1/22,5285
E08000017,10/1/22,8595
E08000018,10/1/22,6700
E08000019,10/1/22,14710
E08000021,10/1/22,8810
E08000022,10/1/22,4255
E08000023,10/1/22,5060
E08000024,10/1/22,7820
E08000025,10/1/22,59890
E08000026,10/1/22,11615
E08000027,10/1/22,9100
E08000028,10/1/22,13090
E08000029,10/1/22,4035
E08000030,10/1/22,9315
E08000031,10/1/22,11850
E08000032,10/1/22,21625
E08000033,10/1/22,4800
E08000034,10/1/22,11140
E08000035,10/1/22,22060
E08000036,10/1/22,7690
E08000037,10/1/22,5320
E09000001,10/1/22,220
E09000002,10/1/22,8595
E09000003,10/1/22,10905
E09000004,10/1/22,4705
E09000005,10/1/22,13865
E09000006,10/1/22,5835
E09000007,10/1/22,6680
E09000008,10/1/22,13650
E09000009,10/1/22,12895
E09000010,10/1/22,11930
E09000011,10/1/22,9455
E09000012,10/1/22,10925
E09000013,10/1/22,5925
E09000014,10/1/22,12330
E09000015,10/1/22,5800
E09000016,10/1/22,5815
E09000017,10/1/22,7485
E09000018,10/1/22,9150
E09000019,10/1/22,8150
E09000020,10/1/22,3425
E09000021,10/1/22,2745
E09000022,10/1/22,12285
E09000023,10/1/22,12095
E09000024,10/1/22,5450
E09000025,10/1/22,15170
E09000026,10/1/22,9055
E09000027,10/1/22,2875
E09000028,10/1/22,11320
E09000029,10/1/22,3625
E09000030,10/1/22,12075
E09000031,10/1/22,10300
E09000032,10/1/22,7760
E09000033,10/1/22,6180
N09000001,10/1/22,2125
N09000002,10/1/22,3395
N09000003,10/1/22,9085
N09000004,10/1/22,2690
N09000005,10/1/22,4605
N09000006,10/1/22,1685
N09000007,10/1/22,1735
N09000008,10/1/22,2650
N09000009,10/1/22,2075
N09000010,10/1/22,3220
N09000011,10/1/22,2560
S12000005,10/1/22,1115
S12000006,10/1/22,2435
S12000008,10/1/22,3000
S12000010,10/1/22,1440
S12000011,10/1/22,925
S12000013,10/1/22,290
S12000014,10/1/22,2880
S12000017,10/1/22,3165
S12000018,10/1/22,1730
S12000019,10/1/22,1260
S12000020,10/1/22,1305
S12000021,10/1/22,3545
S12000023,10/1/22,205
S12000026,10/1/22,1915
S12000027,10/1/22,245
S12000028,10/1/22,2315
S12000029,10/1/22,6120
S12000030,10/1/22,1355
S12000033,10/1/22,5125
S12000034,10/1/22,2885
S12000035,10/1/22,1310
S12000036,10/1/22,8545
S12000038,10/1/22,3455
S12000039,10/1/22,2345
S12000040,10/1/22,3045
S12000041,10/1/22,1880
S12000042,10/1/22,4005
S12000045,10/1/22,1240
S12000047,10/1/22,7740
S12000048,10/1/22,1995
S12000049,10/1/22,20810
S12000050,10/1/22,7310
W06000001,10/1/22,1235
W06000002,10/1/22,1830
W06000003,10/1/22,2180
W06000004,10/1/22,1950
W06000005,10/1/22,2655
W06000006,10/1/22,2330
W06000008,10/1/22,1055
W06000009,10/1/22,2175
W06000010,10/1/22,3130
W06000011,10/1/22,5155
W06000012,10/1/22,2635
W06000013,10/1/22,2620
W06000014,10/1/22,2280
W06000015,10/1/22,9205
W06000016,10/1/22,4655
W06000018,10/1/22,3715
W06000019,10/1/22,1750
W06000020,10/1/22,2010
W06000021,10/1/22,1180
W06000022,10/1/22,4190
W06000023,10/1/22,1670
W06000024,10/1/22,1350
E06000001,11/1/22,3010
E06000002,11/1/22,5515
E06000003,11/1/22,3330
E06000004,11/1/22,4840
E06000005,11/1/22,2800
E06000006,11/1/22,3305
E06000007,11/1/22,3290
E06000008,11/1/22,4925
E06000009,11/1/22,5735
E06000010,11/1/22,9715
E06000011,11/1/22,4750
E06000012,11/1/22,4010
E06000013,11/1/22,3530
E06000014,11/1/22,2405
E06000015,11/1/22,7495
E06000016,11/1/22,11045
E06000017,11/1/22,335
E06000018,11/1/22,11695
E06000019,11/1/22,2485
E06000020,11/1/22,4010
E06000021,11/1/22,8385
E06000022,11/1/22,2080
E06000023,11/1/22,10855
E06000024,11/1/22,2885
E06000025,11/1/22,3125
E06000026,11/1/22,5355
E06000027,11/1/22,2500
E06000030,11/1/22,4435
E06000031,11/1/22,6230
E06000032,11/1/22,7350
E06000033,11/1/22,4735
E06000034,11/1/22,3980
E06000035,11/1/22,6485
E06000036,11/1/22,1630
E06000037,11/1/22,2095
E06000038,11/1/22,4290
E06000039,11/1/22,4665
E06000040,11/1/22,2060
E06000041,11/1/22,1735
E06000042,11/1/22,6210
E06000043,11/1/22,7725
E06000044,11/1/22,6140
E06000045,11/1/22,6680
E06000046,11/1/22,2770
E06000047,11/1/22,10930
E06000049,11/1/22,5620
E06000050,11/1/22,5675
E06000051,11/1/22,4495
E06000052,11/1/22,8895
E06000053,11/1/22,15
E06000054,11/1/22,6125
E06000055,11/1/22,4210
E06000056,11/1/22,3855
E06000057,11/1/22,6150
E06000058,11/1/22,7940
E06000059,11/1/22,4775
E06000060,11/1/22,8725
E06000061,11/1/22,6670
E06000062,11/1/22,8110
E06000063,11/1/22,4410
E06000064,11/1/22,2765
E06000065,11/1/22,7160
E06000066,11/1/22,7810
E07000008,11/1/22,2040
E07000009,11/1/22,990
E07000010,11/1/22,2175
E07000011,11/1/22,2355
E07000012,11/1/22,1735
E07000032,11/1/22,1930
E07000033,11/1/22,1445
E07000034,11/1/22,2115
E07000035,11/1/22,710
E07000036,11/1/22,2105
E07000037,11/1/22,1365
E07000038,11/1/22,1420
E07000039,11/1/22,1350
E07000040,11/1/22,1525
E07000041,11/1/22,1735
E07000042,11/1/22,890
E07000043,11/1/22,1415
E07000044,11/1/22,930
E07000045,11/1/22,1465
E07000046,11/1/22,860
E07000047,11/1/22,585
E07000061,11/1/22,2735
E07000062,11/1/22,3060
E07000063,11/1/22,1790
E07000064,11/1/22,1685
E07000065,11/1/22,1975
E07000066,11/1/22,4045
E07000067,11/1/22,2435
E07000068,11/1/22,1100
E07000069,11/1/22,1145
E07000070,11/1/22,2485
E07000071,11/1/22,3285
E07000072,11/1/22,2245
E07000073,11/1/22,2395
E07000074,11/1/22,820
E07000075,11/1/22,1030
E07000076,11/1/22,3340
E07000077,11/1/22,945
E07000078,11/1/22,1685
E07000079,11/1/22,885
E07000080,11/1/22,1205
E07000081,11/1/22,2550
E07000082,11/1/22,1125
E07000083,11/1/22,1090
E07000084,11/1/22,2895
E07000085,11/1/22,1385
E07000086,11/1/22,1590
E07000087,11/1/22,1185
E07000088,11/1/22,1645
E07000089,11/1/22,915
E07000090,11/1/22,2465
E07000091,11/1/22,1930
E07000092,11/1/22,1765
E07000093,11/1/22,1435
E07000094,11/1/22,1465
E07000095,11/1/22,1915
E07000096,11/1/22,2555
E07000098,11/1/22,1920
E07000099,11/1/22,1710
E07000102,11/1/22,1255
E07000103,11/1/22,2180
E07000105,11/1/22,2330
E07000106,11/1/22,2925
E07000107,11/1/22,2095
E07000108,11/1/22,2540
E07000109,11/1/22,2550
E07000110,11/1/22,3025
E07000111,11/1/22,1390
E07000112,11/1/22,2540
E07000113,11/1/22,3315
E07000114,11/1/22,4595
E07000115,11/1/22,1650
E07000116,11/1/22,1565
E07000117,11/1/22,2955
E07000118,11/1/22,1890
E07000119,11/1/22,1250
E07000120,11/1/22,2550
E07000121,11/1/22,2710
E07000122,11/1/22,2725
E07000123,11/1/22,4010
E07000124,11/1/22,645
E07000125,11/1/22,1705
E07000126,11/1/22,1590
E07000127,11/1/22,2080
E07000128,11/1/22,1900
E07000129,11/1/22,1230
E07000130,11/1/22,2550
E07000131,11/1/22,950
E07000132,11/1/22,1595
E07000133,11/1/22,810
E07000134,11/1/22,1285
E07000135,11/1/22,795
E07000136,11/1/22,1870
E07000137,11/1/22,2500
E07000138,11/1/22,2915
E07000139,11/1/22,1405
E07000140,11/1/22,1485
E07000141,11/1/22,2320
E07000142,11/1/22,1745
E07000143,11/1/22,1830
E07000144,11/1/22,1315
E07000145,11/1/22,2585
E07000146,11/1/22,2290
E07000147,11/1/22,1370
E07000148,11/1/22,3415
E07000149,11/1/22,1625
E07000170,11/1/22,2845
E07000171,11/1/22,2135
E07000172,11/1/22,1705
E07000173,11/1/22,2015
E07000174,11/1/22,2535
E07000175,11/1/22,2065
E07000176,11/1/22,1210
E07000177,11/1/22,2040
E07000178,11/1/22,2625
E07000179,11/1/22,1675
E07000180,11/1/22,1595
E07000181,11/1/22,1320
E07000192,11/1/22,2005
E07000193,11/1/22,2220
E07000194,11/1/22,1500
E07000195,11/1/22,2175
E07000196,11/1/22,1680
E07000197,11/1/22,2025
E07000198,11/1/22,1090
E07000199,11/1/22,1605
E07000200,11/1/22,1190
E07000202,11/1/22,3970
E07000203,11/1/22,1160
E07000207,11/1/22,1670
E07000208,11/1/22,905
E07000209,11/1/22,1690
E07000210,11/1/22,915
E07000211,11/1/22,1790
E07000212,11/1/22,1320
E07000213,11/1/22,1860
E07000214,11/1/22,1120
E07000215,11/1/22,1070
E07000216,11/1/22,1300
E07000217,11/1/22,1425
E07000218,11/1/22,1040
E07000219,11/1/22,3050
E07000220,11/1/22,1900
E07000221,11/1/22,1630
E07000222,11/1/22,2070
E07000223,11/1/22,1035
E07000224,11/1/22,2765
E07000225,11/1/22,1960
E07000226,11/1/22,2950
E07000227,11/1/22,1635
E07000228,11/1/22,1435
E07000229,11/1/22,2050
E07000234,11/1/22,1515
E07000235,11/1/22,1200
E07000236,11/1/22,2010
E07000237,11/1/22,2385
E07000238,11/1/22,2125
E07000239,11/1/22,1900
E07000240,11/1/22,1880
E07000241,11/1/22,1860
E07000242,11/1/22,1660
E07000243,11/1/22,1670
E07000244,11/1/22,3680
E07000245,11/1/22,2280
E08000001,11/1/22,9885
E08000002,11/1/22,5110
E08000003,11/1/22,22055
E08000004,11/1/22,9350
E08000005,11/1/22,8040
E08000006,11/1/22,8955
E08000007,11/1/22,5895
E08000008,11/1/22,6555
E08000009,11/1/22,4290
E08000010,11/1/22,7745
E08000011,11/1/22,4635
E08000012,11/1/22,18050
E08000013,11/1/22,4475
E08000014,11/1/22,6250
E08000015,11/1/22,7095
E08000016,11/1/22,5180
E08000017,11/1/22,8640
E08000018,11/1/22,6830
E08000019,11/1/22,14800
E08000021,11/1/22,9045
E08000022,11/1/22,4345
E08000023,11/1/22,5040
E08000024,11/1/22,7970
E08000025,11/1/22,60550
E08000026,11/1/22,11775
E08000027,11/1/22,9130
E08000028,11/1/22,13295
E08000029,11/1/22,4035
E08000030,11/1/22,9420
E08000031,11/1/22,11950
E08000032,11/1/22,21800
E08000033,11/1/22,4960
E08000034,11/1/22,11155
E08000035,11/1/22,22235
E08000036,11/1/22,7560
E08000037,11/1/22,5295
E09000001,11/1/22,210
E09000002,11/1/22,8735
E09000003,11/1/22,10995
E09000004,11/1/22,4745
E09000005,11/1/22,14075
E09000006,11/1/22,5800
E09000007,11/1/22,6745
E09000008,11/1/22,13780
E09000009,11/1/22,12940
E09000010,11/1/22,12065
E09000011,11/1/22,9465
E09000012,11/1/22,10960
E09000013,11/1/22,5990
E09000014,11/1/22,12310
E09000015,11/1/22,5695
E09000016,11/1/22,5945
E09000017,11/1/22,7580
E09000018,11/1/22,9130
E09000019,11/1/22,8215
E09000020,11/1/22,3445
E09000021,11/1/22,2765
E09000022,11/1/22,12100
E09000023,11/1/22,11985
E09000024,11/1/22,5445
E09000025,11/1/22,15285
E09000026,11/1/22,9130
E09000027,11/1/22,2930
E09000028,11/1/22,11240
E09000029,11/1/22,3640
E09000030,11/1/22,12160
E09000031,11/1/22,10385
E09000032,11/1/22,7715
E09000033,11/1/22,6160
N09000001,11/1/22,2135
N09000002,11/1/22,3440
N09000003,11/1/22,9000
N09000004,11/1/22,2690
N09000005,11/1/22,4460
N09000006,11/1/22,1635
N09000007,11/1/22,1745
N09000008,11/1/22,2625
N09000009,11/1/22,1995
N09000010,11/1/22,3150
N09000011,11/1/22,2595
S12000005,11/1/22,1155
S12000006,11/1/22,2470
S12000008,11/1/22,3035
S12000010,11/1/22,1465
S12000011,11/1/22,950
S12000013,11/1/22,295
S12000014,11/1/22,2955
S12000017,11/1/22,3265
S12000018,11/1/22,1795
S12000019,11/1/22,1275
S12000020,11/1/22,1315
S12000021,11/1/22,3645
S12000023,11/1/22,210
S12000026,11/1/22,2005
S12000027,11/1/22,235
S12000028,11/1/22,2315
S12000029,11/1/22,6245
S12000030,11/1/22,1400
S12000033,11/1/22,5095
S12000034,11/1/22,2970
S12000035,11/1/22,1365
S12000036,11/1/22,8505
S12000038,11/1/22,3460
S12000039,11/1/22,2415
S12000040,11/1/22,3050
S12000041,11/1/22,1980
S12000042,11/1/22,4035
S12000045,11/1/22,1225
S12000047,11/1/22,7815
S12000048,11/1/22,1985
S12000049,11/1/22,21475
S12000050,11/1/22,7325
W06000001,11/1/22,1265
W06000002,11/1/22,1960
W06000003,11/1/22,2265
W06000004,11/1/22,2020
W06000005,11/1/22,2675
W06000006,11/1/22,2395
W06000008,11/1/22,1120
W06000009,11/1/22,2290
W06000010,11/1/22,3085
W06000011,11/1/22,5305
W06000012,11/1/22,2715
W06000013,11/1/22,2615
W06000014,11/1/22,2305
W06000015,11/1/22,9125
W06000016,11/1/22,4620
W06000018,11/1/22,3670
W06000019,11/1/22,1740
W06000020,11/1/22,2020
W06000021,11/1/22,1190
W06000022,11/1/22,4215
W06000023,11/1/22,1755
W06000024,11/1/22,1395
E06000001,12/1/22,3080
E06000002,12/1/22,5590
E06000003,12/1/22,3360
E06000004,12/1/22,4880
E06000005,12/1/22,2820
E06000006,12/1/22,3330
E06000007,12/1/22,3275
E06000008,12/1/22,5015
E06000009,12/1/22,5760
E06000010,12/1/22,9905
E06000011,12/1/22,4800
E06000012,12/1/22,3945
E06000013,12/1/22,3555
E06000014,12/1/22,2400
E06000015,12/1/22,7465
E06000016,12/1/22,11460
E06000017,12/1/22,330
E06000018,12/1/22,11855
E06000019,12/1/22,2535
E06000020,12/1/22,3940
E06000021,12/1/22,8365
E06000022,12/1/22,2110
E06000023,12/1/22,10865
E06000024,12/1/22,2915
E06000025,12/1/22,3115
E06000026,12/1/22,5445
E06000027,12/1/22,2480
E06000030,12/1/22,4490
E06000031,12/1/22,6345
E06000032,12/1/22,7420
E06000033,12/1/22,4730
E06000034,12/1/22,4175
E06000035,12/1/22,6485
E06000036,12/1/22,1600
E06000037,12/1/22,2060
E06000038,12/1/22,4275
E06000039,12/1/22,4635
E06000040,12/1/22,2020
E06000041,12/1/22,1715
E06000042,12/1/22,6195
E06000043,12/1/22,7905
E06000044,12/1/22,6245
E06000045,12/1/22,6750
E06000046,12/1/22,2900
E06000047,12/1/22,10915
E06000049,12/1/22,5645
E06000050,12/1/22,5715
E06000051,12/1/22,4505
E06000052,12/1/22,9240
E06000053,12/1/22,15
E06000054,12/1/22,6205
E06000055,12/1/22,4215
E06000056,12/1/22,3850
E06000057,12/1/22,6280
E06000058,12/1/22,8195
E06000059,12/1/22,4905
E06000060,12/1/22,8715
E06000061,12/1/22,6765
E06000062,12/1/22,8070
E06000063,12/1/22,4485
E06000064,12/1/22,2830
E06000065,12/1/22,7380
E06000066,12/1/22,7860
E07000008,12/1/22,2055
E07000009,12/1/22,980
E07000010,12/1/22,2210
E07000011,12/1/22,2335
E07000012,12/1/22,1770
E07000032,12/1/22,1930
E07000033,12/1/22,1485
E07000034,12/1/22,2175
E07000035,12/1/22,715
E07000036,12/1/22,2115
E07000037,12/1/22,1415
E07000038,12/1/22,1460
E07000039,12/1/22,1395
E07000040,12/1/22,1490
E07000041,12/1/22,1725
E07000042,12/1/22,925
E07000043,12/1/22,1455
E07000044,12/1/22,920
E07000045,12/1/22,1515
E07000046,12/1/22,875
E07000047,12/1/22,595
E07000061,12/1/22,2645
E07000062,12/1/22,3090
E07000063,12/1/22,1810
E07000064,12/1/22,1700
E07000065,12/1/22,1965
E07000066,12/1/22,4005
E07000067,12/1/22,2410
E07000068,12/1/22,1060
E07000069,12/1/22,1135
E07000070,12/1/22,2480
E07000071,12/1/22,3335
E07000072,12/1/22,2210
E07000073,12/1/22,2340
E07000074,12/1/22,835
E07000075,12/1/22,1050
E07000076,12/1/22,3335
E07000077,12/1/22,950
E07000078,12/1/22,1755
E07000079,12/1/22,850
E07000080,12/1/22,1195
E07000081,12/1/22,2615
E07000082,12/1/22,1165
E07000083,12/1/22,1090
E07000084,12/1/22,2920
E07000085,12/1/22,1460
E07000086,12/1/22,1610
E07000087,12/1/22,1165
E07000088,12/1/22,1660
E07000089,12/1/22,950
E07000090,12/1/22,2485
E07000091,12/1/22,1945
E07000092,12/1/22,1790
E07000093,12/1/22,1470
E07000094,12/1/22,1485
E07000095,12/1/22,1950
E07000096,12/1/22,2545
E07000098,12/1/22,1905
E07000099,12/1/22,1705
E07000102,12/1/22,1250
E07000103,12/1/22,2205
E07000105,12/1/22,2325
E07000106,12/1/22,3005
E07000107,12/1/22,2110
E07000108,12/1/22,2620
E07000109,12/1/22,2615
E07000110,12/1/22,3025
E07000111,12/1/22,1435
E07000112,12/1/22,2550
E07000113,12/1/22,3405
E07000114,12/1/22,4640
E07000115,12/1/22,1665
E07000116,12/1/22,1565
E07000117,12/1/22,3010
E07000118,12/1/22,1920
E07000119,12/1/22,1320
E07000120,12/1/22,2680
E07000121,12/1/22,2785
E07000122,12/1/22,2790
E07000123,12/1/22,4105
E07000124,12/1/22,635
E07000125,12/1/22,1740
E07000126,12/1/22,1600
E07000127,12/1/22,2085
E07000128,12/1/22,1975
E07000129,12/1/22,1245
E07000130,12/1/22,2560
E07000131,12/1/22,995
E07000132,12/1/22,1685
E07000133,12/1/22,815
E07000134,12/1/22,1330
E07000135,12/1/22,840
E07000136,12/1/22,1930
E07000137,12/1/22,2610
E07000138,12/1/22,3030
E07000139,12/1/22,1390
E07000140,12/1/22,1525
E07000141,12/1/22,2350
E07000142,12/1/22,1760
E07000143,12/1/22,1810
E07000144,12/1/22,1320
E07000145,12/1/22,2805
E07000146,12/1/22,2270
E07000147,12/1/22,1425
E07000148,12/1/22,3510
E07000149,12/1/22,1630
E07000170,12/1/22,2900
E07000171,12/1/22,2115
E07000172,12/1/22,1740
E07000173,12/1/22,2060
E07000174,12/1/22,2565
E07000175,12/1/22,2070
E07000176,12/1/22,1245
E07000177,12/1/22,2100
E07000178,12/1/22,2710
E07000179,12/1/22,1700
E07000180,12/1/22,1635
E07000181,12/1/22,1355
E07000192,12/1/22,2015
E07000193,12/1/22,2240
E07000194,12/1/22,1540
E07000195,12/1/22,2190
E07000196,12/1/22,1700
E07000197,12/1/22,2055
E07000198,12/1/22,1055
E07000199,12/1/22,1640
E07000200,12/1/22,1195
E07000202,12/1/22,4020
E07000203,12/1/22,1225
E07000207,12/1/22,1650
E07000208,12/1/22,890
E07000209,12/1/22,1715
E07000210,12/1/22,915
E07000211,12/1/22,1780
E07000212,12/1/22,1285
E07000213,12/1/22,1865
E07000214,12/1/22,1075
E07000215,12/1/22,1065
E07000216,12/1/22,1315
E07000217,12/1/22,1455
E07000218,12/1/22,1015
E07000219,12/1/22,3055
E07000220,12/1/22,1905
E07000221,12/1/22,1610
E07000222,12/1/22,2020
E07000223,12/1/22,1030
E07000224,12/1/22,2865
E07000225,12/1/22,2015
E07000226,12/1/22,2915
E07000227,12/1/22,1620
E07000228,12/1/22,1450
E07000229,12/1/22,1995
E07000234,12/1/22,1525
E07000235,12/1/22,1155
E07000236,12/1/22,2000
E07000237,12/1/22,2350
E07000238,12/1/22,2170
E07000239,12/1/22,1915
E07000240,12/1/22,1885
E07000241,12/1/22,1905
E07000242,12/1/22,1665
E07000243,12/1/22,1715
E07000244,12/1/22,3760
E07000245,12/1/22,2325
E08000001,12/1/22,9875
E08000002,12/1/22,5035
E08000003,12/1/22,22385
E08000004,12/1/22,9345
E08000005,12/1/22,8080
E08000006,12/1/22,9000
E08000007,12/1/22,5905
E08000008,12/1/22,6605
E08000009,12/1/22,4295
E08000010,12/1/22,7710
E08000011,12/1/22,4620
E08000012,12/1/22,18070
E08000013,12/1/22,4470
E08000014,12/1/22,6215
E08000015,12/1/22,6995
E08000016,12/1/22,5130
E08000017,12/1/22,8630
E08000018,12/1/22,6855
E08000019,12/1/22,14910
E08000021,12/1/22,9150
E08000022,12/1/22,4485
E08000023,12/1/22,5100
E08000024,12/1/22,7955
E08000025,12/1/22,60820
E08000026,12/1/22,11725
E08000027,12/1/22,9170
E08000028,12/1/22,13400
E08000029,12/1/22,4040
E08000030,12/1/22,9395
E08000031,12/1/22,12250
E08000032,12/1/22,21840
E08000033,12/1/22,5065
E08000034,12/1/22,11320
E08000035,12/1/22,22260
E08000036,12/1/22,7530
E08000037,12/1/22,5275
E09000001,12/1/22,210
E09000002,12/1/22,8745
E09000003,12/1/22,10985
E09000004,12/1/22,4705
E09000005,12/1/22,14105
E09000006,12/1/22,5905
E09000007,12/1/22,6635
E09000008,12/1/22,13830
E09000009,12/1/22,13060
E09000010,12/1/22,11960
E09000011,12/1/22,9455
E09000012,12/1/22,11015
E09000013,12/1/22,6020
E09000014,12/1/22,12275
E09000015,12/1/22,5830
E09000016,12/1/22,5990
E09000017,12/1/22,7765
E09000018,12/1/22,9205
E09000019,12/1/22,8140
E09000020,12/1/22,3420
E09000021,12/1/22,2805
E09000022,12/1/22,12055
E09000023,12/1/22,12060
E09000024,12/1/22,5485
E09000025,12/1/22,15215
E09000026,12/1/22,9285
E09000027,12/1/22,2970
E09000028,12/1/22,11175
E09000029,12/1/22,3740
E09000030,12/1/22,12155
E09000031,12/1/22,10560
E09000032,12/1/22,7645
E09000033,12/1/22,6105
N09000001,12/1/22,2155
N09000002,12/1/22,3555
N09000003,12/1/22,9035
N09000004,12/1/22,2725
N09000005,12/1/22,4485
N09000006,12/1/22,1665
N09000007,12/1/22,1710
N09000008,12/1/22,2555
N09000009,12/1/22,2040
N09000010,12/1/22,3205
N09000011,12/1/22,2630
S12000005,12/1/22,1175
S12000006,12/1/22,2555
S12000008,12/1/22,3125
S12000010,12/1/22,1480
S12000011,12/1/22,955
S12000013,12/1/22,290
S12000014,12/1/22,3120
S12000017,12/1/22,3340
S12000018,12/1/22,1805
S12000019,12/1/22,1300
S12000020,12/1/22,1360
S12000021,12/1/22,3665
S12000023,12/1/22,215
S12000026,12/1/22,2010
S12000027,12/1/22,240
S12000028,12/1/22,2400
S12000029,12/1/22,6240
S12000030,12/1/22,1420
S12000033,12/1/22,5020
S12000034,12/1/22,2985
S12000035,12/1/22,1400
S12000036,12/1/22,8630
S12000038,12/1/22,3485
S12000039,12/1/22,2525
S12000040,12/1/22,3000
S12000041,12/1/22,2010
S12000042,12/1/22,4055
S12000045,12/1/22,1250
S12000047,12/1/22,7920
S12000048,12/1/22,2035
S12000049,12/1/22,21590
S12000050,12/1/22,7330
W06000001,12/1/22,1290
W06000002,12/1/22,2055
W06000003,12/1/22,2330
W06000004,12/1/22,2065
W06000005,12/1/22,2660
W06000006,12/1/22,2410
W06000008,12/1/22,1190
W06000009,12/1/22,2335
W06000010,12/1/22,3120
W06000011,12/1/22,5305
W06000012,12/1/22,2720
W06000013,12/1/22,2555
W06000014,12/1/22,2330
W06000015,12/1/22,9125
W06000016,12/1/22,4680
W06000018,12/1/22,3700
W06000019,12/1/22,1775
W06000020,12/1/22,2105
W06000021,12/1/22,1195
W06000022,12/1/22,4270
W06000023,12/1/22,1730
W06000024,12/1/22,1345
E06000001,1/1/23,3020
E06000002,1/1/23,5440
E06000003,1/1/23,3400
E06000004,1/1/23,4905
E06000005,1/1/23,2785
E06000006,1/1/23,3310
E06000007,1/1/23,3225
E06000008,1/1/23,5010
E06000009,1/1/23,5940
E06000010,1/1/23,9830
E06000011,1/1/23,4770
E06000012,1/1/23,4015
E06000013,1/1/23,3480
E06000014,1/1/23,2300
E06000015,1/1/23,7575
E06000016,1/1/23,11445
E06000017,1/1/23,345
E06000018,1/1/23,11890
E06000019,1/1/23,2565
E06000020,1/1/23,3950
E06000021,1/1/23,8395
E06000022,1/1/23,2150
E06000023,1/1/23,10675
E06000024,1/1/23,2870
E06000025,1/1/23,3045
E06000026,1/1/23,5350
E06000027,1/1/23,2525
E06000030,1/1/23,4430
E06000031,1/1/23,6245
E06000032,1/1/23,7370
E06000033,1/1/23,4700
E06000034,1/1/23,4065
E06000035,1/1/23,6565
E06000036,1/1/23,1600
E06000037,1/1/23,2015
E06000038,1/1/23,4190
E06000039,1/1/23,4490
E06000040,1/1/23,1950
E06000041,1/1/23,1695
E06000042,1/1/23,6150
E06000043,1/1/23,7730
E06000044,1/1/23,6220
E06000045,1/1/23,6675
E06000046,1/1/23,2955
E06000047,1/1/23,10540
E06000049,1/1/23,5540
E06000050,1/1/23,5685
E06000051,1/1/23,4535
E06000052,1/1/23,9375
E06000053,1/1/23,20
E06000054,1/1/23,6130
E06000055,1/1/23,4240
E06000056,1/1/23,3930
E06000057,1/1/23,6350
E06000058,1/1/23,8190
E06000059,1/1/23,4905
E06000060,1/1/23,8705
E06000061,1/1/23,6865
E06000062,1/1/23,8040
E06000063,1/1/23,4390
E06000064,1/1/23,2845
E06000065,1/1/23,7500
E06000066,1/1/23,7810
E07000008,1/1/23,2035
E07000009,1/1/23,1030
E07000010,1/1/23,2235
E07000011,1/1/23,2290
E07000012,1/1/23,1790
E07000032,1/1/23,1955
E07000033,1/1/23,1495
E07000034,1/1/23,2185
E07000035,1/1/23,730
E07000036,1/1/23,2090
E07000037,1/1/23,1405
E07000038,1/1/23,1465
E07000039,1/1/23,1395
E07000040,1/1/23,1500
E07000041,1/1/23,1720
E07000042,1/1/23,930
E07000043,1/1/23,1525
E07000044,1/1/23,915
E07000045,1/1/23,1500
E07000046,1/1/23,890
E07000047,1/1/23,585
E07000061,1/1/23,2665
E07000062,1/1/23,3100
E07000063,1/1/23,1795
E07000064,1/1/23,1725
E07000065,1/1/23,1940
E07000066,1/1/23,3945
E07000067,1/1/23,2330
E07000068,1/1/23,1050
E07000069,1/1/23,1135
E07000070,1/1/23,2455
E07000071,1/1/23,3330
E07000072,1/1/23,2150
E07000073,1/1/23,2365
E07000074,1/1/23,795
E07000075,1/1/23,1045
E07000076,1/1/23,3375
E07000077,1/1/23,935
E07000078,1/1/23,1735
E07000079,1/1/23,895
E07000080,1/1/23,1225
E07000081,1/1/23,2540
E07000082,1/1/23,1160
E07000083,1/1/23,1090
E07000084,1/1/23,2845
E07000085,1/1/23,1440
E07000086,1/1/23,1620
E07000087,1/1/23,1135
E07000088,1/1/23,1655
E07000089,1/1/23,905
E07000090,1/1/23,2495
E07000091,1/1/23,1990
E07000092,1/1/23,1780
E07000093,1/1/23,1445
E07000094,1/1/23,1495
E07000095,1/1/23,1925
E07000096,1/1/23,2520
E07000098,1/1/23,1845
E07000099,1/1/23,1700
E07000102,1/1/23,1205
E07000103,1/1/23,2185
E07000105,1/1/23,2390
E07000106,1/1/23,3015
E07000107,1/1/23,2105
E07000108,1/1/23,2615
E07000109,1/1/23,2680
E07000110,1/1/23,3010
E07000111,1/1/23,1385
E07000112,1/1/23,2580
E07000113,1/1/23,3420
E07000114,1/1/23,4590
E07000115,1/1/23,1635
E07000116,1/1/23,1540
E07000117,1/1/23,3005
E07000118,1/1/23,1840
E07000119,1/1/23,1270
E07000120,1/1/23,2700
E07000121,1/1/23,2785
E07000122,1/1/23,2790
E07000123,1/1/23,4115
E07000124,1/1/23,685
E07000125,1/1/23,1705
E07000126,1/1/23,1605
E07000127,1/1/23,2060
E07000128,1/1/23,1980
E07000129,1/1/23,1235
E07000130,1/1/23,2560
E07000131,1/1/23,995
E07000132,1/1/23,1705
E07000133,1/1/23,830
E07000134,1/1/23,1320
E07000135,1/1/23,815
E07000136,1/1/23,1930
E07000137,1/1/23,2780
E07000138,1/1/23,3050
E07000139,1/1/23,1385
E07000140,1/1/23,1535
E07000141,1/1/23,2295
E07000142,1/1/23,1760
E07000143,1/1/23,1795
E07000144,1/1/23,1355
E07000145,1/1/23,2960
E07000146,1/1/23,2255
E07000147,1/1/23,1435
E07000148,1/1/23,3505
E07000149,1/1/23,1650
E07000170,1/1/23,2885
E07000171,1/1/23,2115
E07000172,1/1/23,1725
E07000173,1/1/23,2005
E07000174,1/1/23,2535
E07000175,1/1/23,2115
E07000176,1/1/23,1235
E07000177,1/1/23,2030
E07000178,1/1/23,2670
E07000179,1/1/23,1700
E07000180,1/1/23,1655
E07000181,1/1/23,1320
E07000192,1/1/23,2040
E07000193,1/1/23,2240
E07000194,1/1/23,1555
E07000195,1/1/23,2175
E07000196,1/1/23,1740
E07000197,1/1/23,2005
E07000198,1/1/23,1095
E07000199,1/1/23,1595
E07000200,1/1/23,1175
E07000202,1/1/23,3980
E07000203,1/1/23,1205
E07000207,1/1/23,1625
E07000208,1/1/23,890
E07000209,1/1/23,1735
E07000210,1/1/23,850
E07000211,1/1/23,1745
E07000212,1/1/23,1290
E07000213,1/1/23,1880
E07000214,1/1/23,1085
E07000215,1/1/23,1080
E07000216,1/1/23,1300
E07000217,1/1/23,1445
E07000218,1/1/23,985
E07000219,1/1/23,3080
E07000220,1/1/23,1910
E07000221,1/1/23,1560
E07000222,1/1/23,1995
E07000223,1/1/23,1030
E07000224,1/1/23,2825
E07000225,1/1/23,2075
E07000226,1/1/23,2805
E07000227,1/1/23,1590
E07000228,1/1/23,1465
E07000229,1/1/23,1980
E07000234,1/1/23,1505
E07000235,1/1/23,1115
E07000236,1/1/23,1980
E07000237,1/1/23,2335
E07000238,1/1/23,2070
E07000239,1/1/23,1915
E07000240,1/1/23,1770
E07000241,1/1/23,1900
E07000242,1/1/23,1650
E07000243,1/1/23,1735
E07000244,1/1/23,3670
E07000245,1/1/23,2325
E08000001,1/1/23,9810
E08000002,1/1/23,5080
E08000003,1/1/23,22020
E08000004,1/1/23,9235
E08000005,1/1/23,8040
E08000006,1/1/23,8965
E08000007,1/1/23,5835
E08000008,1/1/23,6555
E08000009,1/1/23,4235
E08000010,1/1/23,7705
E08000011,1/1/23,4585
E08000012,1/1/23,18065
E08000013,1/1/23,4390
E08000014,1/1/23,6105
E08000015,1/1/23,7000
E08000016,1/1/23,5235
E08000017,1/1/23,8675
E08000018,1/1/23,6940
E08000019,1/1/23,14915
E08000021,1/1/23,9045
E08000022,1/1/23,4470
E08000023,1/1/23,5060
E08000024,1/1/23,7920
E08000025,1/1/23,59775
E08000026,1/1/23,11725
E08000027,1/1/23,9135
E08000028,1/1/23,13210
E08000029,1/1/23,3985
E08000030,1/1/23,9510
E08000031,1/1/23,12130
E08000032,1/1/23,21575
E08000033,1/1/23,5070
E08000034,1/1/23,11205
E08000035,1/1/23,21865
E08000036,1/1/23,7670
E08000037,1/1/23,5360
E09000001,1/1/23,195
E09000002,1/1/23,8590
E09000003,1/1/23,10695
E09000004,1/1/23,4565
E09000005,1/1/23,13855
E09000006,1/1/23,5835
E09000007,1/1/23,6455
E09000008,1/1/23,13685
E09000009,1/1/23,13065
E09000010,1/1/23,11725
E09000011,1/1/23,9185
E09000012,1/1/23,10805
E09000013,1/1/23,5870
E09000014,1/1/23,12035
E09000015,1/1/23,5770
E09000016,1/1/23,5955
E09000017,1/1/23,7550
E09000018,1/1/23,9220
E09000019,1/1/23,8050
E09000020,1/1/23,3340
E09000021,1/1/23,2830
E09000022,1/1/23,11730
E09000023,1/1/23,11830
E09000024,1/1/23,5315
E09000025,1/1/23,14975
E09000026,1/1/23,9150
E09000027,1/1/23,2855
E09000028,1/1/23,10980
E09000029,1/1/23,3675
E09000030,1/1/23,11725
E09000031,1/1/23,10345
E09000032,1/1/23,7535
E09000033,1/1/23,5990
N09000001,1/1/23,2145
N09000002,1/1/23,3420
N09000003,1/1/23,8850
N09000004,1/1/23,2720
N09000005,1/1/23,4450
N09000006,1/1/23,1635
N09000007,1/1/23,1690
N09000008,1/1/23,2500
N09000009,1/1/23,1955
N09000010,1/1/23,3105
N09000011,1/1/23,2515
S12000005,1/1/23,1170
S12000006,1/1/23,2500
S12000008,1/1/23,3210
S12000010,1/1/23,1470
S12000011,1/1/23,950
S12000013,1/1/23,305
S12000014,1/1/23,3080
S12000017,1/1/23,3560
S12000018,1/1/23,1775
S12000019,1/1/23,1330
S12000020,1/1/23,1415
S12000021,1/1/23,3640
S12000023,1/1/23,210
S12000026,1/1/23,2050
S12000027,1/1/23,245
S12000028,1/1/23,2440
S12000029,1/1/23,6090
S12000030,1/1/23,1455
S12000033,1/1/23,4885
S12000034,1/1/23,3040
S12000035,1/1/23,1420
S12000036,1/1/23,8505
S12000038,1/1/23,3510
S12000039,1/1/23,2460
S12000040,1/1/23,3060
S12000041,1/1/23,1990
S12000042,1/1/23,4105
S12000045,1/1/23,1215
S12000047,1/1/23,7910
S12000048,1/1/23,2115
S12000049,1/1/23,21065
S12000050,1/1/23,7350
W06000001,1/1/23,1285
W06000002,1/1/23,2100
W06000003,1/1/23,2345
W06000004,1/1/23,2030
W06000005,1/1/23,2670
W06000006,1/1/23,2510
W06000008,1/1/23,1185
W06000009,1/1/23,2360
W06000010,1/1/23,3055
W06000011,1/1/23,5210
W06000012,1/1/23,2610
W06000013,1/1/23,2595
W06000014,1/1/23,2260
W06000015,1/1/23,9000
W06000016,1/1/23,4585
W06000018,1/1/23,3660
W06000019,1/1/23,1725
W06000020,1/1/23,2005
W06000021,1/1/23,1180
W06000022,1/1/23,4290
W06000023,1/1/23,1740
W06000024,1/1/23,1285
E06000001,2/1/23,2925
E06000002,2/1/23,5475
E06000003,2/1/23,3470
E06000004,2/1/23,4990
E06000005,2/1/23,2805
E06000006,2/1/23,3415
E06000007,2/1/23,3280
E06000008,2/1/23,5165
E06000009,2/1/23,6100
E06000010,2/1/23,9740
E06000011,2/1/23,4890
E06000012,2/1/23,4150
E06000013,2/1/23,3570
E06000014,2/1/23,2235
E06000015,2/1/23,7835
E06000016,2/1/23,11855
E06000017,2/1/23,385
E06000018,2/1/23,12100
E06000019,2/1/23,2610
E06000020,2/1/23,3995
E06000021,2/1/23,8570
E06000022,2/1/23,2180
E06000023,2/1/23,10805
E06000024,2/1/23,2970
E06000025,2/1/23,3170
E06000026,2/1/23,5445
E06000027,2/1/23,2535
E06000030,2/1/23,4435
E06000031,2/1/23,6385
E06000032,2/1/23,7535
E06000033,2/1/23,4685
E06000034,2/1/23,4175
E06000035,2/1/23,6615
E06000036,2/1/23,1630
E06000037,2/1/23,1990
E06000038,2/1/23,4310
E06000039,2/1/23,4550
E06000040,2/1/23,2005
E06000041,2/1/23,1730
E06000042,2/1/23,6335
E06000043,2/1/23,7775
E06000044,2/1/23,6230
E06000045,2/1/23,6850
E06000046,2/1/23,2975
E06000047,2/1/23,10645
E06000049,2/1/23,5655
E06000050,2/1/23,5830
E06000051,2/1/23,4565
E06000052,2/1/23,9465
E06000053,2/1/23,20
E06000054,2/1/23,6215
E06000055,2/1/23,4350
E06000056,2/1/23,4015
E06000057,2/1/23,6350
E06000058,2/1/23,8240
E06000059,2/1/23,4905
E06000060,2/1/23,8665
E06000061,2/1/23,7265
E06000062,2/1/23,8225
E06000063,2/1/23,4365
E06000064,2/1/23,2805
E06000065,2/1/23,7530
E06000066,2/1/23,7855
E07000008,2/1/23,2090
E07000009,2/1/23,1085
E07000010,2/1/23,2250
E07000011,2/1/23,2390
E07000012,2/1/23,1765
E07000032,2/1/23,2015
E07000033,2/1/23,1480
E07000034,2/1/23,2230
E07000035,2/1/23,755
E07000036,2/1/23,2100
E07000037,2/1/23,1395
E07000038,2/1/23,1520
E07000039,2/1/23,1445
E07000040,2/1/23,1545
E07000041,2/1/23,1755
E07000042,2/1/23,955
E07000043,2/1/23,1545
E07000044,2/1/23,900
E07000045,2/1/23,1510
E07000046,2/1/23,905
E07000047,2/1/23,620
E07000061,2/1/23,2685
E07000062,2/1/23,3180
E07000063,2/1/23,1775
E07000064,2/1/23,1750
E07000065,2/1/23,1965
E07000066,2/1/23,3980
E07000067,2/1/23,2415
E07000068,2/1/23,1080
E07000069,2/1/23,1160
E07000070,2/1/23,2480
E07000071,2/1/23,3450
E07000072,2/1/23,2155
E07000073,2/1/23,2340
E07000074,2/1/23,805
E07000075,2/1/23,1055
E07000076,2/1/23,3390
E07000077,2/1/23,965
E07000078,2/1/23,1770
E07000079,2/1/23,910
E07000080,2/1/23,1245
E07000081,2/1/23,2560
E07000082,2/1/23,1180
E07000083,2/1/23,1120
E07000084,2/1/23,2925
E07000085,2/1/23,1465
E07000086,2/1/23,1660
E07000087,2/1/23,1165
E07000088,2/1/23,1685
E07000089,2/1/23,925
E07000090,2/1/23,2455
E07000091,2/1/23,1955
E07000092,2/1/23,1780
E07000093,2/1/23,1445
E07000094,2/1/23,1500
E07000095,2/1/23,1950
E07000096,2/1/23,2575
E07000098,2/1/23,1840
E07000099,2/1/23,1745
E07000102,2/1/23,1275
E07000103,2/1/23,2200
E07000105,2/1/23,2380
E07000106,2/1/23,3060
E07000107,2/1/23,2145
E07000108,2/1/23,2615
E07000109,2/1/23,2695
E07000110,2/1/23,3000
E07000111,2/1/23,1410
E07000112,2/1/23,2595
E07000113,2/1/23,3515
E07000114,2/1/23,4625
E07000115,2/1/23,1630
E07000116,2/1/23,1560
E07000117,2/1/23,3090
E07000118,2/1/23,1945
E07000119,2/1/23,1325
E07000120,2/1/23,2835
E07000121,2/1/23,2815
E07000122,2/1/23,2875
E07000123,2/1/23,4185
E07000124,2/1/23,685
E07000125,2/1/23,1715
E07000126,2/1/23,1615
E07000127,2/1/23,2110
E07000128,2/1/23,2020
E07000129,2/1/23,1305
E07000130,2/1/23,2595
E07000131,2/1/23,1020
E07000132,2/1/23,1740
E07000133,2/1/23,865
E07000134,2/1/23,1395
E07000135,2/1/23,820
E07000136,2/1/23,1950
E07000137,2/1/23,2750
E07000138,2/1/23,3065
E07000139,2/1/23,1435
E07000140,2/1/23,1530
E07000141,2/1/23,2320
E07000142,2/1/23,1750
E07000143,2/1/23,1820
E07000144,2/1/23,1380
E07000145,2/1/23,3050
E07000146,2/1/23,2325
E07000147,2/1/23,1510
E07000148,2/1/23,3515
E07000149,2/1/23,1610
E07000170,2/1/23,2995
E07000171,2/1/23,2175
E07000172,2/1/23,1790
E07000173,2/1/23,2080
E07000174,2/1/23,2650
E07000175,2/1/23,2135
E07000176,2/1/23,1245
E07000177,2/1/23,2105
E07000178,2/1/23,2615
E07000179,2/1/23,1710
E07000180,2/1/23,1680
E07000181,2/1/23,1335
E07000192,2/1/23,2080
E07000193,2/1/23,2315
E07000194,2/1/23,1530
E07000195,2/1/23,2285
E07000196,2/1/23,1760
E07000197,2/1/23,2070
E07000198,2/1/23,1105
E07000199,2/1/23,1655
E07000200,2/1/23,1160
E07000202,2/1/23,3960
E07000203,2/1/23,1160
E07000207,2/1/23,1700
E07000208,2/1/23,895
E07000209,2/1/23,1770
E07000210,2/1/23,845
E07000211,2/1/23,1740
E07000212,2/1/23,1370
E07000213,2/1/23,1955
E07000214,2/1/23,1080
E07000215,2/1/23,1065
E07000216,2/1/23,1300
E07000217,2/1/23,1460
E07000218,2/1/23,1005
E07000219,2/1/23,3130
E07000220,2/1/23,1905
E07000221,2/1/23,1600
E07000222,2/1/23,2005
E07000223,2/1/23,1015
E07000224,2/1/23,2800
E07000225,2/1/23,2095
E07000226,2/1/23,2885
E07000227,2/1/23,1635
E07000228,2/1/23,1525
E07000229,2/1/23,1980
E07000234,2/1/23,1515
E07000235,2/1/23,1185
E07000236,2/1/23,2020
E07000237,2/1/23,2360
E07000238,2/1/23,2070
E07000239,2/1/23,1900
E07000240,2/1/23,1810
E07000241,2/1/23,1950
E07000242,2/1/23,1675
E07000243,2/1/23,1715
E07000244,2/1/23,3730
E07000245,2/1/23,2355
E08000001,2/1/23,9900
E08000002,2/1/23,5100
E08000003,2/1/23,22615
E08000004,2/1/23,9435
E08000005,2/1/23,8190
E08000006,2/1/23,9125
E08000007,2/1/23,5850
E08000008,2/1/23,6610
E08000009,2/1/23,4365
E08000010,2/1/23,7895
E08000011,2/1/23,4715
E08000012,2/1/23,18480
E08000013,2/1/23,4480
E08000014,2/1/23,6205
E08000015,2/1/23,7130
E08000016,2/1/23,5420
E08000017,2/1/23,8815
E08000018,2/1/23,7170
E08000019,2/1/23,15215
E08000021,2/1/23,9070
E08000022,2/1/23,4455
E08000023,2/1/23,5135
E08000024,2/1/23,8035
E08000025,2/1/23,60555
E08000026,2/1/23,12140
E08000027,2/1/23,9175
E08000028,2/1/23,13255
E08000029,2/1/23,4035
E08000030,2/1/23,9500
E08000031,2/1/23,12310
E08000032,2/1/23,21735
E08000033,2/1/23,5155
E08000034,2/1/23,11405
E08000035,2/1/23,22440
E08000036,2/1/23,7815
E08000037,2/1/23,5440
E09000001,2/1/23,185
E09000002,2/1/23,8685
E09000003,2/1/23,10765
E09000004,2/1/23,4540
E09000005,2/1/23,14050
E09000006,2/1/23,5870
E09000007,2/1/23,6530
E09000008,2/1/23,13885
E09000009,2/1/23,13165
E09000010,2/1/23,11765
E09000011,2/1/23,9355
E09000012,2/1/23,11000
E09000013,2/1/23,5930
E09000014,2/1/23,12245
E09000015,2/1/23,5970
E09000016,2/1/23,6100
E09000017,2/1/23,7845
E09000018,2/1/23,9415
E09000019,2/1/23,8255
E09000020,2/1/23,3345
E09000021,2/1/23,2850
E09000022,2/1/23,12100
E09000023,2/1/23,11950
E09000024,2/1/23,5485
E09000025,2/1/23,15150
E09000026,2/1/23,9285
E09000027,2/1/23,2940
E09000028,2/1/23,11325
E09000029,2/1/23,3775
E09000030,2/1/23,11745
E09000031,2/1/23,10550
E09000032,2/1/23,7655
E09000033,2/1/23,6080
N09000001,2/1/23,2150
N09000002,2/1/23,3530
N09000003,2/1/23,8955
N09000004,2/1/23,2755
N09000005,2/1/23,4485
N09000006,2/1/23,1630
N09000007,2/1/23,1670
N09000008,2/1/23,2600
N09000009,2/1/23,1930
N09000010,2/1/23,3155
N09000011,2/1/23,2615
S12000005,2/1/23,1175
S12000006,2/1/23,2600
S12000008,2/1/23,3220
S12000010,2/1/23,1495
S12000011,2/1/23,995
S12000013,2/1/23,320
S12000014,2/1/23,3140
S12000017,2/1/23,3645
S12000018,2/1/23,1735
S12000019,2/1/23,1365
S12000020,2/1/23,1385
S12000021,2/1/23,3650
S12000023,2/1/23,240
S12000026,2/1/23,2020
S12000027,2/1/23,255
S12000028,2/1/23,2440
S12000029,2/1/23,6250
S12000030,2/1/23,1480
S12000033,2/1/23,4990
S12000034,2/1/23,3145
S12000035,2/1/23,1475
S12000036,2/1/23,8540
S12000038,2/1/23,3660
S12000039,2/1/23,2535
S12000040,2/1/23,3065
S12000041,2/1/23,2035
S12000042,2/1/23,4165
S12000045,2/1/23,1230
S12000047,2/1/23,8070
S12000048,2/1/23,2145
S12000049,2/1/23,21180
S12000050,2/1/23,7495
W06000001,2/1/23,1345
W06000002,2/1/23,2130
W06000003,2/1/23,2325
W06000004,2/1/23,2030
W06000005,2/1/23,2760
W06000006,2/1/23,2515
W06000008,2/1/23,1185
W06000009,2/1/23,2395
W06000010,2/1/23,3095
W06000011,2/1/23,5325
W06000012,2/1/23,2630
W06000013,2/1/23,2650
W06000014,2/1/23,2325
W06000015,2/1/23,9125
W06000016,2/1/23,4660
W06000018,2/1/23,3775
W06000019,2/1/23,1790
W06000020,2/1/23,2015
W06000021,2/1/23,1245
W06000022,2/1/23,4450
W06000023,2/1/23,1745
W06000024,2/1/23,1320
E06000001,3/1/23,3040
E06000002,3/1/23,5590
E06000003,3/1/23,3575
E06000004,3/1/23,5140
E06000005,3/1/23,2855
E06000006,3/1/23,3490
E06000007,3/1/23,3275
E06000008,3/1/23,5250
E06000009,3/1/23,6285
E06000010,3/1/23,9920
E06000011,3/1/23,4950
E06000012,3/1/23,4290
E06000013,3/1/23,3600
E06000014,3/1/23,2215
E06000015,3/1/23,8180
E06000016,3/1/23,12195
E06000017,3/1/23,400
E06000018,3/1/23,12440
E06000019,3/1/23,2700
E06000020,3/1/23,3935
E06000021,3/1/23,8900
E06000022,3/1/23,2220
E06000023,3/1/23,10905
E06000024,3/1/23,3035
E06000025,3/1/23,3100
E06000026,3/1/23,5500
E06000027,3/1/23,2630
E06000030,3/1/23,4460
E06000031,3/1/23,6975
E06000032,3/1/23,7870
E06000033,3/1/23,4770
E06000034,3/1/23,4370
E06000035,3/1/23,6655
E06000036,3/1/23,1640
E06000037,3/1/23,2025
E06000038,3/1/23,4390
E06000039,3/1/23,4740
E06000040,3/1/23,2030
E06000041,3/1/23,1760
E06000042,3/1/23,6680
E06000043,3/1/23,7710
E06000044,3/1/23,6295
E06000045,3/1/23,6930
E06000046,3/1/23,3010
E06000047,3/1/23,10955
E06000049,3/1/23,5765
E06000050,3/1/23,5955
E06000051,3/1/23,4575
E06000052,3/1/23,9495
E06000053,3/1/23,20
E06000054,3/1/23,6270
E06000055,3/1/23,4450
E06000056,3/1/23,4065
E06000057,3/1/23,6375
E06000058,3/1/23,8250
E06000059,3/1/23,4960
E06000060,3/1/23,8675
E06000061,3/1/23,7515
E06000062,3/1/23,8480
E06000063,3/1/23,4480
E06000064,3/1/23,2825
E06000065,3/1/23,7570
E06000066,3/1/23,8035
E07000008,3/1/23,2075
E07000009,3/1/23,1080
E07000010,3/1/23,2375
E07000011,3/1/23,2445
E07000012,3/1/23,1755
E07000032,3/1/23,2055
E07000033,3/1/23,1575
E07000034,3/1/23,2250
E07000035,3/1/23,780
E07000036,3/1/23,2175
E07000037,3/1/23,1430
E07000038,3/1/23,1560
E07000039,3/1/23,1455
E07000040,3/1/23,1555
E07000041,3/1/23,1840
E07000042,3/1/23,915
E07000043,3/1/23,1545
E07000044,3/1/23,910
E07000045,3/1/23,1550
E07000046,3/1/23,910
E07000047,3/1/23,600
E07000061,3/1/23,2720
E07000062,3/1/23,3190
E07000063,3/1/23,1760
E07000064,3/1/23,1690
E07000065,3/1/23,1885
E07000066,3/1/23,3985
E07000067,3/1/23,2455
E07000068,3/1/23,1100
E07000069,3/1/23,1185
E07000070,3/1/23,2605
E07000071,3/1/23,3455
E07000072,3/1/23,2170
E07000073,3/1/23,2415
E07000074,3/1/23,840
E07000075,3/1/23,1045
E07000076,3/1/23,3380
E07000077,3/1/23,945
E07000078,3/1/23,1835
E07000079,3/1/23,925
E07000080,3/1/23,1240
E07000081,3/1/23,2685
E07000082,3/1/23,1120
E07000083,3/1/23,1130
E07000084,3/1/23,3000
E07000085,3/1/23,1445
E07000086,3/1/23,1660
E07000087,3/1/23,1195
E07000088,3/1/23,1760
E07000089,3/1/23,900
E07000090,3/1/23,2520
E07000091,3/1/23,1930
E07000092,3/1/23,1795
E07000093,3/1/23,1460
E07000094,3/1/23,1560
E07000095,3/1/23,1955
E07000096,3/1/23,2610
E07000098,3/1/23,1840
E07000099,3/1/23,1700
E07000102,3/1/23,1275
E07000103,3/1/23,2260
E07000105,3/1/23,2430
E07000106,3/1/23,3140
E07000107,3/1/23,2185
E07000108,3/1/23,2695
E07000109,3/1/23,2835
E07000110,3/1/23,3080
E07000111,3/1/23,1410
E07000112,3/1/23,2595
E07000113,3/1/23,3440
E07000114,3/1/23,4660
E07000115,3/1/23,1695
E07000116,3/1/23,1595
E07000117,3/1/23,3200
E07000118,3/1/23,1960
E07000119,3/1/23,1365
E07000120,3/1/23,2950
E07000121,3/1/23,2835
E07000122,3/1/23,2940
E07000123,3/1/23,4315
E07000124,3/1/23,690
E07000125,3/1/23,1755
E07000126,3/1/23,1645
E07000127,3/1/23,2150
E07000128,3/1/23,2090
E07000129,3/1/23,1250
E07000130,3/1/23,2575
E07000131,3/1/23,980
E07000132,3/1/23,1710
E07000133,3/1/23,880
E07000134,3/1/23,1395
E07000135,3/1/23,855
E07000136,3/1/23,2005
E07000137,3/1/23,2660
E07000138,3/1/23,3075
E07000139,3/1/23,1435
E07000140,3/1/23,1580
E07000141,3/1/23,2370
E07000142,3/1/23,1735
E07000143,3/1/23,1875
E07000144,3/1/23,1365
E07000145,3/1/23,3055
E07000146,3/1/23,2450
E07000147,3/1/23,1465
E07000148,3/1/23,3505
E07000149,3/1/23,1620
E07000170,3/1/23,3005
E07000171,3/1/23,2200
E07000172,3/1/23,1840
E07000173,3/1/23,2140
E07000174,3/1/23,2685
E07000175,3/1/23,2095
E07000176,3/1/23,1305
E07000177,3/1/23,2160
E07000178,3/1/23,2660
E07000179,3/1/23,1725
E07000180,3/1/23,1755
E07000181,3/1/23,1295
E07000192,3/1/23,2180
E07000193,3/1/23,2475
E07000194,3/1/23,1560
E07000195,3/1/23,2395
E07000196,3/1/23,1830
E07000197,3/1/23,2110
E07000198,3/1/23,1180
E07000199,3/1/23,1765
E07000200,3/1/23,1170
E07000202,3/1/23,4060
E07000203,3/1/23,1150
E07000207,3/1/23,1730
E07000208,3/1/23,895
E07000209,3/1/23,1785
E07000210,3/1/23,855
E07000211,3/1/23,1750
E07000212,3/1/23,1325
E07000213,3/1/23,1990
E07000214,3/1/23,1075
E07000215,3/1/23,1085
E07000216,3/1/23,1270
E07000217,3/1/23,1470
E07000218,3/1/23,1040
E07000219,3/1/23,3220
E07000220,3/1/23,1995
E07000221,3/1/23,1635
E07000222,3/1/23,2030
E07000223,3/1/23,1035
E07000224,3/1/23,2865
E07000225,3/1/23,2025
E07000226,3/1/23,2950
E07000227,3/1/23,1610
E07000228,3/1/23,1500
E07000229,3/1/23,1985
E07000234,3/1/23,1485
E07000235,3/1/23,1195
E07000236,3/1/23,2040
E07000237,3/1/23,2450
E07000238,3/1/23,2095
E07000239,3/1/23,1940
E07000240,3/1/23,1790
E07000241,3/1/23,1935
E07000242,3/1/23,1725
E07000243,3/1/23,1725
E07000244,3/1/23,3765
E07000245,3/1/23,2435
E08000001,3/1/23,10140
E08000002,3/1/23,5160
E08000003,3/1/23,23435
E08000004,3/1/23,9810
E08000005,3/1/23,8490
E08000006,3/1/23,9500
E08000007,3/1/23,5900
E08000008,3/1/23,6835
E08000009,3/1/23,4500
E08000010,3/1/23,8090
E08000011,3/1/23,4780
E08000012,3/1/23,19135
E08000013,3/1/23,4630
E08000014,3/1/23,6395
E08000015,3/1/23,7230
E08000016,3/1/23,5475
E08000017,3/1/23,8990
E08000018,3/1/23,7260
E08000019,3/1/23,15720
E08000021,3/1/23,9360
E08000022,3/1/23,4565
E08000023,3/1/23,5220
E08000024,3/1/23,7990
E08000025,3/1/23,61765
E08000026,3/1/23,12640
E08000027,3/1/23,9235
E08000028,3/1/23,13605
E08000029,3/1/23,4210
E08000030,3/1/23,9800
E08000031,3/1/23,12640
E08000032,3/1/23,22300
E08000033,3/1/23,5325
E08000034,3/1/23,11810
E08000035,3/1/23,23240
E08000036,3/1/23,8020
E08000037,3/1/23,5670
E09000001,3/1/23,180
E09000002,3/1/23,8995
E09000003,3/1/23,10845
E09000004,3/1/23,4615
E09000005,3/1/23,14215
E09000006,3/1/23,5985
E09000007,3/1/23,6585
E09000008,3/1/23,14010
E09000009,3/1/23,13300
E09000010,3/1/23,12075
E09000011,3/1/23,9555
E09000012,3/1/23,11215
E09000013,3/1/23,6000
E09000014,3/1/23,12450
E09000015,3/1/23,6090
E09000016,3/1/23,6300
E09000017,3/1/23,7920
E09000018,3/1/23,9575
E09000019,3/1/23,8435
E09000020,3/1/23,3360
E09000021,3/1/23,2925
E09000022,3/1/23,12350
E09000023,3/1/23,12115
E09000024,3/1/23,5635
E09000025,3/1/23,15675
E09000026,3/1/23,9490
E09000027,3/1/23,2990
E09000028,3/1/23,11455
E09000029,3/1/23,3840
E09000030,3/1/23,11945
E09000031,3/1/23,10775
E09000032,3/1/23,7740
E09000033,3/1/23,6095
N09000001,3/1/23,2205
N09000002,3/1/23,3615
N09000003,3/1/23,9275
N09000004,3/1/23,2760
N09000005,3/1/23,4555
N09000006,3/1/23,1675
N09000007,3/1/23,1695
N09000008,3/1/23,2595
N09000009,3/1/23,1985
N09000010,3/1/23,3200
N09000011,3/1/23,2615
S12000005,3/1/23,1220
S12000006,3/1/23,2585
S12000008,3/1/23,3305
S12000010,3/1/23,1570
S12000011,3/1/23,1030
S12000013,3/1/23,315
S12000014,3/1/23,3175
S12000017,3/1/23,3710
S12000018,3/1/23,1780
S12000019,3/1/23,1375
S12000020,3/1/23,1400
S12000021,3/1/23,3695
S12000023,3/1/23,245
S12000026,3/1/23,2045
S12000027,3/1/23,255
S12000028,3/1/23,2490
S12000029,3/1/23,6480
S12000030,3/1/23,1490
S12000033,3/1/23,5020
S12000034,3/1/23,3170
S12000035,3/1/23,1505
S12000036,3/1/23,8730
S12000038,3/1/23,3825
S12000039,3/1/23,2595
S12000040,3/1/23,3235
S12000041,3/1/23,2070
S12000042,3/1/23,4350
S12000045,3/1/23,1275
S12000047,3/1/23,8335
S12000048,3/1/23,2200
S12000049,3/1/23,21910
S12000050,3/1/23,7670
W06000001,3/1/23,1435
W06000002,3/1/23,2130
W06000003,3/1/23,2395
W06000004,3/1/23,2075
W06000005,3/1/23,2810
W06000006,3/1/23,2590
W06000008,3/1/23,1175
W06000009,3/1/23,2385
W06000010,3/1/23,3090
W06000011,3/1/23,5465
W06000012,3/1/23,2785
W06000013,3/1/23,2660
W06000014,3/1/23,2385
W06000015,3/1/23,9320
W06000016,3/1/23,4800
W06000018,3/1/23,3830
W06000019,3/1/23,1795
W06000020,3/1/23,2065
W06000021,3/1/23,1250
W06000022,3/1/23,4515
W06000023,3/1/23,1750
W06000024,3/1/23,1345
E06000001,4/1/23,3050
E06000002,4/1/23,5610
E06000003,4/1/23,3535
E06000004,4/1/23,5185
E06000005,4/1/23,2905
E06000006,4/1/23,3600
E06000007,4/1/23,3335
E06000008,4/1/23,5295
E06000009,4/1/23,6075
E06000010,4/1/23,10040
E06000011,4/1/23,4850
E06000012,4/1/23,4395
E06000013,4/1/23,3600
E06000014,4/1/23,2305
E06000015,4/1/23,8415
E06000016,4/1/23,12705
E06000017,4/1/23,380
E06000018,4/1/23,12710
E06000019,4/1/23,2730
E06000020,4/1/23,4065
E06000021,4/1/23,9065
E06000022,4/1/23,2285
E06000023,4/1/23,11065
E06000024,4/1/23,3055
E06000025,4/1/23,3190
E06000026,4/1/23,5500
E06000027,4/1/23,2625
E06000030,4/1/23,4630
E06000031,4/1/23,7350
E06000032,4/1/23,8205
E06000033,4/1/23,4870
E06000034,4/1/23,4610
E06000035,4/1/23,6780
E06000036,4/1/23,1635
E06000037,4/1/23,2035
E06000038,4/1/23,4490
E06000039,4/1/23,4940
E06000040,4/1/23,2000
E06000041,4/1/23,1805
E06000042,4/1/23,6800
E06000043,4/1/23,7735
E06000044,4/1/23,6270
E06000045,4/1/23,6925
E06000046,4/1/23,2890
E06000047,4/1/23,11015
E06000049,4/1/23,5750
E06000050,4/1/23,5695
E06000051,4/1/23,4575
E06000052,4/1/23,9310
E06000053,4/1/23,25
E06000054,4/1/23,6240
E06000055,4/1/23,4635
E06000056,4/1/23,4165
E06000057,4/1/23,6295
E06000058,4/1/23,8505
E06000059,4/1/23,4910
E06000060,4/1/23,8725
E06000061,4/1/23,7695
E06000062,4/1/23,8600
E06000063,4/1/23,4485
E06000064,4/1/23,2790
E06000065,4/1/23,7425
E06000066,4/1/23,7990
E07000008,4/1/23,2045
E07000009,4/1/23,1060
E07000010,4/1/23,2390
E07000011,4/1/23,2400
E07000012,4/1/23,1770
E07000032,4/1/23,2125
E07000033,4/1/23,1615
E07000034,4/1/23,2260
E07000035,4/1/23,765
E07000036,4/1/23,2225
E07000037,4/1/23,1450
E07000038,4/1/23,1550
E07000039,4/1/23,1470
E07000040,4/1/23,1515
E07000041,4/1/23,1810
E07000042,4/1/23,910
E07000043,4/1/23,1535
E07000044,4/1/23,910
E07000045,4/1/23,1515
E07000046,4/1/23,910
E07000047,4/1/23,610
E07000061,4/1/23,2775
E07000062,4/1/23,3100
E07000063,4/1/23,1750
E07000064,4/1/23,1670
E07000065,4/1/23,1895
E07000066,4/1/23,4165
E07000067,4/1/23,2545
E07000068,4/1/23,1140
E07000069,4/1/23,1185
E07000070,4/1/23,2620
E07000071,4/1/23,3490
E07000072,4/1/23,2155
E07000073,4/1/23,2510
E07000074,4/1/23,890
E07000075,4/1/23,1080
E07000076,4/1/23,3420
E07000077,4/1/23,945
E07000078,4/1/23,1895
E07000079,4/1/23,925
E07000080,4/1/23,1250
E07000081,4/1/23,2760
E07000082,4/1/23,1230
E07000083,4/1/23,1185
E07000084,4/1/23,3080
E07000085,4/1/23,1445
E07000086,4/1/23,1610
E07000087,4/1/23,1155
E07000088,4/1/23,1790
E07000089,4/1/23,865
E07000090,4/1/23,2555
E07000091,4/1/23,1900
E07000092,4/1/23,1780
E07000093,4/1/23,1440
E07000094,4/1/23,1585
E07000095,4/1/23,2045
E07000096,4/1/23,2710
E07000098,4/1/23,1930
E07000099,4/1/23,1710
E07000102,4/1/23,1290
E07000103,4/1/23,2410
E07000105,4/1/23,2490
E07000106,4/1/23,3165
E07000107,4/1/23,2265
E07000108,4/1/23,2640
E07000109,4/1/23,2925
E07000110,4/1/23,3185
E07000111,4/1/23,1470
E07000112,4/1/23,2550
E07000113,4/1/23,3425
E07000114,4/1/23,4735
E07000115,4/1/23,1765
E07000116,4/1/23,1645
E07000117,4/1/23,3300
E07000118,4/1/23,1880
E07000119,4/1/23,1325
E07000120,4/1/23,2960
E07000121,4/1/23,2855
E07000122,4/1/23,3040
E07000123,4/1/23,4375
E07000124,4/1/23,690
E07000125,4/1/23,1800
E07000126,4/1/23,1655
E07000127,4/1/23,2205
E07000128,4/1/23,2070
E07000129,4/1/23,1280
E07000130,4/1/23,2595
E07000131,4/1/23,980
E07000132,4/1/23,1715
E07000133,4/1/23,855
E07000134,4/1/23,1380
E07000135,4/1/23,870
E07000136,4/1/23,1980
E07000137,4/1/23,2355
E07000138,4/1/23,3075
E07000139,4/1/23,1370
E07000140,4/1/23,1620
E07000141,4/1/23,2330
E07000142,4/1/23,1710
E07000143,4/1/23,1895
E07000144,4/1/23,1360
E07000145,4/1/23,3025
E07000146,4/1/23,2445
E07000147,4/1/23,1465
E07000148,4/1/23,3585
E07000149,4/1/23,1670
E07000170,4/1/23,3105
E07000171,4/1/23,2285
E07000172,4/1/23,1865
E07000173,4/1/23,2180
E07000174,4/1/23,2740
E07000175,4/1/23,2090
E07000176,4/1/23,1325
E07000177,4/1/23,2205
E07000178,4/1/23,2770
E07000179,4/1/23,1715
E07000180,4/1/23,1750
E07000181,4/1/23,1285
E07000192,4/1/23,2240
E07000193,4/1/23,2680
E07000194,4/1/23,1600
E07000195,4/1/23,2430
E07000196,4/1/23,1870
E07000197,4/1/23,2090
E07000198,4/1/23,1130
E07000199,4/1/23,1810
E07000200,4/1/23,1210
E07000202,4/1/23,4135
E07000203,4/1/23,1160
E07000207,4/1/23,1725
E07000208,4/1/23,930
E07000209,4/1/23,1745
E07000210,4/1/23,870
E07000211,4/1/23,1765
E07000212,4/1/23,1315
E07000213,4/1/23,2070
E07000214,4/1/23,1135
E07000215,4/1/23,1090
E07000216,4/1/23,1300
E07000217,4/1/23,1545
E07000218,4/1/23,1060
E07000219,4/1/23,3280
E07000220,4/1/23,2120
E07000221,4/1/23,1675
E07000222,4/1/23,2105
E07000223,4/1/23,1045
E07000224,4/1/23,2880
E07000225,4/1/23,2045
E07000226,4/1/23,3040
E07000227,4/1/23,1650
E07000228,4/1/23,1505
E07000229,4/1/23,1930
E07000234,4/1/23,1535
E07000235,4/1/23,1215
E07000236,4/1/23,2075
E07000237,4/1/23,2450
E07000238,4/1/23,2050
E07000239,4/1/23,1945
E07000240,4/1/23,1800
E07000241,4/1/23,1935
E07000242,4/1/23,1755
E07000243,4/1/23,1800
E07000244,4/1/23,3710
E07000245,4/1/23,2435
E08000001,4/1/23,10340
E08000002,4/1/23,5305
E08000003,4/1/23,24310
E08000004,4/1/23,10075
E08000005,4/1/23,8480
E08000006,4/1/23,9670
E08000007,4/1/23,5880
E08000008,4/1/23,6940
E08000009,4/1/23,4595
E08000010,4/1/23,8165
E08000011,4/1/23,4785
E08000012,4/1/23,19325
E08000013,4/1/23,4585
E08000014,4/1/23,6475
E08000015,4/1/23,7245
E08000016,4/1/23,5520
E08000017,4/1/23,9400
E08000018,4/1/23,7160
E08000019,4/1/23,16050
E08000021,4/1/23,9525
E08000022,4/1/23,4495
E08000023,4/1/23,5205
E08000024,4/1/23,7795
E08000025,4/1/23,63515
E08000026,4/1/23,13115
E08000027,4/1/23,9540
E08000028,4/1/23,13905
E08000029,4/1/23,4275
E08000030,4/1/23,10100
E08000031,4/1/23,12870
E08000032,4/1/23,22695
E08000033,4/1/23,5535
E08000034,4/1/23,12115
E08000035,4/1/23,23990
E08000036,4/1/23,8145
E08000037,4/1/23,5900
E09000001,4/1/23,165
E09000002,4/1/23,9305
E09000003,4/1/23,10945
E09000004,4/1/23,4850
E09000005,4/1/23,14495
E09000006,4/1/23,6055
E09000007,4/1/23,6700
E09000008,4/1/23,14355
E09000009,4/1/23,13600
E09000010,4/1/23,12380
E09000011,4/1/23,9755
E09000012,4/1/23,11465
E09000013,4/1/23,6040
E09000014,4/1/23,12610
E09000015,4/1/23,6170
E09000016,4/1/23,6435
E09000017,4/1/23,8120
E09000018,4/1/23,9900
E09000019,4/1/23,8560
E09000020,4/1/23,3280
E09000021,4/1/23,3010
E09000022,4/1/23,12475
E09000023,4/1/23,12355
E09000024,4/1/23,5830
E09000025,4/1/23,16165
E09000026,4/1/23,10025
E09000027,4/1/23,3065
E09000028,4/1/23,11605
E09000029,4/1/23,3995
E09000030,4/1/23,12275
E09000031,4/1/23,11385
E09000032,4/1/23,7885
E09000033,4/1/23,6130
N09000001,4/1/23,2365
N09000002,4/1/23,3845
N09000003,4/1/23,9575
N09000004,4/1/23,2780
N09000005,4/1/23,4720
N09000006,4/1/23,1730
N09000007,4/1/23,1815
N09000008,4/1/23,2695
N09000009,4/1/23,2070
N09000010,4/1/23,3375
N09000011,4/1/23,2700
S12000005,4/1/23,1250
S12000006,4/1/23,2670
S12000008,4/1/23,3375
S12000010,4/1/23,1655
S12000011,4/1/23,1090
S12000013,4/1/23,300
S12000014,4/1/23,3155
S12000017,4/1/23,3650
S12000018,4/1/23,1895
S12000019,4/1/23,1355
S12000020,4/1/23,1440
S12000021,4/1/23,3795
S12000023,4/1/23,230
S12000026,4/1/23,2085
S12000027,4/1/23,255
S12000028,4/1/23,2480
S12000029,4/1/23,6610
S12000030,4/1/23,1500
S12000033,4/1/23,5050
S12000034,4/1/23,3160
S12000035,4/1/23,1470
S12000036,4/1/23,8995
S12000038,4/1/23,3975
S12000039,4/1/23,2615
S12000040,4/1/23,3360
S12000041,4/1/23,2115
S12000042,4/1/23,4420
S12000045,4/1/23,1275
S12000047,4/1/23,8535
S12000048,4/1/23,2300
S12000049,4/1/23,22495
S12000050,4/1/23,7890
W06000001,4/1/23,1460
W06000002,4/1/23,2105
W06000003,4/1/23,2380
W06000004,4/1/23,2070
W06000005,4/1/23,2860
W06000006,4/1/23,2575
W06000008,4/1/23,1155
W06000009,4/1/23,2375
W06000010,4/1/23,3110
W06000011,4/1/23,5545
W06000012,4/1/23,2845
W06000013,4/1/23,2745
W06000014,4/1/23,2380
W06000015,4/1/23,9320
W06000016,4/1/23,4880
W06000018,4/1/23,3820
W06000019,4/1/23,1830
W06000020,4/1/23,2095
W06000021,4/1/23,1290
W06000022,4/1/23,4670
W06000023,4/1/23,1810
W06000024,4/1/23,1335
E06000001,5/1/23,2960
E06000002,5/1/23,5285
E06000003,5/1/23,3265
E06000004,5/1/23,4855
E06000005,5/1/23,2790
E06000006,5/1/23,3380
E06000007,5/1/23,3195
E06000008,5/1/23,5080
E06000009,5/1/23,5590
E06000010,5/1/23,9720
E06000011,5/1/23,4605
E06000012,5/1/23,4135
E06000013,5/1/23,3450
E06000014,5/1/23,2245
E06000015,5/1/23,8190
E06000016,5/1/23,12515
E06000017,5/1/23,390
E06000018,5/1/23,12455
E06000019,5/1/23,2645
E06000020,5/1/23,3890
E06000021,5/1/23,8665
E06000022,5/1/23,2150
E06000023,5/1/23,10795
E06000024,5/1/23,2880
E06000025,5/1/23,3090
E06000026,5/1/23,5325
E06000027,5/1/23,2425
E06000030,5/1/23,4325
E06000031,5/1/23,6985
E06000032,5/1/23,8145
E06000033,5/1/23,4805
E06000034,5/1/23,4480
E06000035,5/1/23,6610
E06000036,5/1/23,1595
E06000037,5/1/23,2010
E06000038,5/1/23,4375
E06000039,5/1/23,4900
E06000040,5/1/23,1965
E06000041,5/1/23,1750
E06000042,5/1/23,6555
E06000043,5/1/23,7460
E06000044,5/1/23,6110
E06000045,5/1/23,6780
E06000046,5/1/23,2680
E06000047,5/1/23,10385
E06000049,5/1/23,5440
E06000050,5/1/23,5460
E06000051,5/1/23,4405
E06000052,5/1/23,8845
E06000053,5/1/23,20
E06000054,5/1/23,5965
E06000055,5/1/23,4525
E06000056,5/1/23,4015
E06000057,5/1/23,5975
E06000058,5/1/23,8190
E06000059,5/1/23,4730
E06000060,5/1/23,8605
E06000061,5/1/23,7490
E06000062,5/1/23,8430
E06000063,5/1/23,4180
E06000064,5/1/23,2565
E06000065,5/1/23,7085
E06000066,5/1/23,7765
E07000008,5/1/23,2010
E07000009,5/1/23,1005
E07000010,5/1/23,2300
E07000011,5/1/23,2340
E07000012,5/1/23,1690
E07000032,5/1/23,1980
E07000033,5/1/23,1550
E07000034,5/1/23,2190
E07000035,5/1/23,725
E07000036,5/1/23,2145
E07000037,5/1/23,1405
E07000038,5/1/23,1475
E07000039,5/1/23,1465
E07000040,5/1/23,1395
E07000041,5/1/23,1805
E07000042,5/1/23,890
E07000043,5/1/23,1400
E07000044,5/1/23,845
E07000045,5/1/23,1400
E07000046,5/1/23,845
E07000047,5/1/23,565
E07000061,5/1/23,2630
E07000062,5/1/23,2970
E07000063,5/1/23,1650
E07000064,5/1/23,1600
E07000065,5/1/23,1855
E07000066,5/1/23,4045
E07000067,5/1/23,2440
E07000068,5/1/23,1105
E07000069,5/1/23,1175
E07000070,5/1/23,2575
E07000071,5/1/23,3355
E07000072,5/1/23,2075
E07000073,5/1/23,2470
E07000074,5/1/23,875
E07000075,5/1/23,1035
E07000076,5/1/23,3265
E07000077,5/1/23,935
E07000078,5/1/23,1855
E07000079,5/1/23,865
E07000080,5/1/23,1200
E07000081,5/1/23,2685
E07000082,5/1/23,1165
E07000083,5/1/23,1130
E07000084,5/1/23,2965
E07000085,5/1/23,1410
E07000086,5/1/23,1565
E07000087,5/1/23,1125
E07000088,5/1/23,1640
E07000089,5/1/23,825
E07000090,5/1/23,2455
E07000091,5/1/23,1770
E07000092,5/1/23,1705
E07000093,5/1/23,1375
E07000094,5/1/23,1560
E07000095,5/1/23,2015
E07000096,5/1/23,2690
E07000098,5/1/23,1895
E07000099,5/1/23,1650
E07000102,5/1/23,1285
E07000103,5/1/23,2390
E07000105,5/1/23,2405
E07000106,5/1/23,3125
E07000107,5/1/23,2190
E07000108,5/1/23,2610
E07000109,5/1/23,2850
E07000110,5/1/23,3090
E07000111,5/1/23,1400
E07000112,5/1/23,2440
E07000113,5/1/23,3320
E07000114,5/1/23,4540
E07000115,5/1/23,1675
E07000116,5/1/23,1635
E07000117,5/1/23,3120
E07000118,5/1/23,1805
E07000119,5/1/23,1245
E07000120,5/1/23,2765
E07000121,5/1/23,2685
E07000122,5/1/23,2925
E07000123,5/1/23,4230
E07000124,5/1/23,650
E07000125,5/1/23,1730
E07000126,5/1/23,1645
E07000127,5/1/23,2070
E07000128,5/1/23,1950
E07000129,5/1/23,1255
E07000130,5/1/23,2555
E07000131,5/1/23,940
E07000132,5/1/23,1660
E07000133,5/1/23,845
E07000134,5/1/23,1275
E07000135,5/1/23,875
E07000136,5/1/23,1855
E07000137,5/1/23,2125
E07000138,5/1/23,2870
E07000139,5/1/23,1280
E07000140,5/1/23,1565
E07000141,5/1/23,2215
E07000142,5/1/23,1620
E07000143,5/1/23,1835
E07000144,5/1/23,1360
E07000145,5/1/23,2805
E07000146,5/1/23,2465
E07000147,5/1/23,1395
E07000148,5/1/23,3465
E07000149,5/1/23,1585
E07000170,5/1/23,2985
E07000171,5/1/23,2125
E07000172,5/1/23,1830
E07000173,5/1/23,2120
E07000174,5/1/23,2630
E07000175,5/1/23,1965
E07000176,5/1/23,1260
E07000177,5/1/23,2150
E07000178,5/1/23,2720
E07000179,5/1/23,1645
E07000180,5/1/23,1705
E07000181,5/1/23,1195
E07000192,5/1/23,2125
E07000193,5/1/23,2620
E07000194,5/1/23,1550
E07000195,5/1/23,2310
E07000196,5/1/23,1745
E07000197,5/1/23,2015
E07000198,5/1/23,1080
E07000199,5/1/23,1670
E07000200,5/1/23,1175
E07000202,5/1/23,3970
E07000203,5/1/23,1160
E07000207,5/1/23,1670
E07000208,5/1/23,885
E07000209,5/1/23,1725
E07000210,5/1/23,850
E07000211,5/1/23,1690
E07000212,5/1/23,1285
E07000213,5/1/23,2005
E07000214,5/1/23,1095
E07000215,5/1/23,1055
E07000216,5/1/23,1230
E07000217,5/1/23,1475
E07000218,5/1/23,1015
E07000219,5/1/23,3200
E07000220,5/1/23,2045
E07000221,5/1/23,1570
E07000222,5/1/23,2050
E07000223,5/1/23,980
E07000224,5/1/23,2760
E07000225,5/1/23,1985
E07000226,5/1/23,2935
E07000227,5/1/23,1580
E07000228,5/1/23,1510
E07000229,5/1/23,1895
E07000234,5/1/23,1435
E07000235,5/1/23,1170
E07000236,5/1/23,1980
E07000237,5/1/23,2345
E07000238,5/1/23,1980
E07000239,5/1/23,1800
E07000240,5/1/23,1735
E07000241,5/1/23,1895
E07000242,5/1/23,1635
E07000243,5/1/23,1745
E07000244,5/1/23,3585
E07000245,5/1/23,2415
E08000001,5/1/23,10090
E08000002,5/1/23,5105
E08000003,5/1/23,23680
E08000004,5/1/23,9590
E08000005,5/1/23,8130
E08000006,5/1/23,9475
E08000007,5/1/23,5690
E08000008,5/1/23,6615
E08000009,5/1/23,4400
E08000010,5/1/23,7900
E08000011,5/1/23,4540
E08000012,5/1/23,18800
E08000013,5/1/23,4480
E08000014,5/1/23,6280
E08000015,5/1/23,6985
E08000016,5/1/23,5320
E08000017,5/1/23,9085
E08000018,5/1/23,6975
E08000019,5/1/23,15620
E08000021,5/1/23,8925
E08000022,5/1/23,4355
E08000023,5/1/23,5005
E08000024,5/1/23,7430
E08000025,5/1/23,62420
E08000026,5/1/23,12895
E08000027,5/1/23,9075
E08000028,5/1/23,13365
E08000029,5/1/23,4130
E08000030,5/1/23,9840
E08000031,5/1/23,12510
E08000032,5/1/23,21905
E08000033,5/1/23,5305
E08000034,5/1/23,11595
E08000035,5/1/23,22925
E08000036,5/1/23,7795
E08000037,5/1/23,5490
E09000001,5/1/23,160
E09000002,5/1/23,9085
E09000003,5/1/23,10585
E09000004,5/1/23,4760
E09000005,5/1/23,14305
E09000006,5/1/23,5930
E09000007,5/1/23,6650
E09000008,5/1/23,14055
E09000009,5/1/23,13295
E09000010,5/1/23,11985
E09000011,5/1/23,9535
E09000012,5/1/23,11210
E09000013,5/1/23,5890
E09000014,5/1/23,12390
E09000015,5/1/23,5965
E09000016,5/1/23,6335
E09000017,5/1/23,7950
E09000018,5/1/23,9600
E09000019,5/1/23,8465
E09000020,5/1/23,3285
E09000021,5/1/23,2970
E09000022,5/1/23,12260
E09000023,5/1/23,12120
E09000024,5/1/23,5655
E09000025,5/1/23,15895
E09000026,5/1/23,9655
E09000027,5/1/23,2925
E09000028,5/1/23,11275
E09000029,5/1/23,3865
E09000030,5/1/23,12075
E09000031,5/1/23,11095
E09000032,5/1/23,7845
E09000033,5/1/23,6020
N09000001,5/1/23,2180
N09000002,5/1/23,3645
N09000003,5/1/23,8940
N09000004,5/1/23,2600
N09000005,5/1/23,4495
N09000006,5/1/23,1595
N09000007,5/1/23,1745
N09000008,5/1/23,2505
N09000009,5/1/23,1945
N09000010,5/1/23,3195
N09000011,5/1/23,2585
S12000005,5/1/23,1175
S12000006,5/1/23,2515
S12000008,5/1/23,3110
S12000010,5/1/23,1565
S12000011,5/1/23,1035
S12000013,5/1/23,285
S12000014,5/1/23,2990
S12000017,5/1/23,3400
S12000018,5/1/23,1830
S12000019,5/1/23,1320
S12000020,5/1/23,1310
S12000021,5/1/23,3610
S12000023,5/1/23,220
S12000026,5/1/23,2040
S12000027,5/1/23,235
S12000028,5/1/23,2260
S12000029,5/1/23,6335
S12000030,5/1/23,1410
S12000033,5/1/23,4870
S12000034,5/1/23,3035
S12000035,5/1/23,1350
S12000036,5/1/23,8570
S12000038,5/1/23,3780
S12000039,5/1/23,2460
S12000040,5/1/23,3165
S12000041,5/1/23,2020
S12000042,5/1/23,4270
S12000045,5/1/23,1255
S12000047,5/1/23,8065
S12000048,5/1/23,2225
S12000049,5/1/23,21540
S12000050,5/1/23,7555
W06000001,5/1/23,1435
W06000002,5/1/23,1955
W06000003,5/1/23,2275
W06000004,5/1/23,1940
W06000005,5/1/23,2705
W06000006,5/1/23,2480
W06000008,5/1/23,1015
W06000009,5/1/23,2220
W06000010,5/1/23,3085
W06000011,5/1/23,5280
W06000012,5/1/23,2710
W06000013,5/1/23,2550
W06000014,5/1/23,2280
W06000015,5/1/23,9160
W06000016,5/1/23,4630
W06000018,5/1/23,3645
W06000019,5/1/23,1760
W06000020,5/1/23,2040
W06000021,5/1/23,1210
W06000022,5/1/23,4530
W06000023,5/1/23,1760
W06000024,5/1/23,1225
E06000001,6/1/23,2945
E06000002,6/1/23,5240
E06000003,6/1/23,3230
E06000004,6/1/23,4850
E06000005,6/1/23,2785
E06000006,6/1/23,3365
E06000007,6/1/23,3215
E06000008,6/1/23,4955
E06000009,6/1/23,5520
E06000010,6/1/23,9655
E06000011,6/1/23,4555
E06000012,6/1/23,4205
E06000013,6/1/23,3420
E06000014,6/1/23,2235
E06000015,6/1/23,8115
E06000016,6/1/23,12685
E06000017,6/1/23,390
E06000018,6/1/23,12455
E06000019,6/1/23,2620
E06000020,6/1/23,3975
E06000021,6/1/23,8730
E06000022,6/1/23,2185
E06000023,6/1/23,10935
E06000024,6/1/23,2915
E06000025,6/1/23,3180
E06000026,6/1/23,5460
E06000027,6/1/23,2460
E06000030,6/1/23,4355
E06000031,6/1/23,7045
E06000032,6/1/23,8150
E06000033,6/1/23,4800
E06000034,6/1/23,4530
E06000035,6/1/23,6755
E06000036,6/1/23,1630
E06000037,6/1/23,2020
E06000038,6/1/23,4450
E06000039,6/1/23,4970
E06000040,6/1/23,2000
E06000041,6/1/23,1800
E06000042,6/1/23,6595
E06000043,6/1/23,7575
E06000044,6/1/23,6270
E06000045,6/1/23,6880
E06000046,6/1/23,2610
E06000047,6/1/23,10425
E06000049,6/1/23,5520
E06000050,6/1/23,5410
E06000051,6/1/23,4440
E06000052,6/1/23,8965
E06000053,6/1/23,10
E06000054,6/1/23,6045
E06000055,6/1/23,4495
E06000056,6/1/23,4035
E06000057,6/1/23,5930
E06000058,6/1/23,8045
E06000059,6/1/23,4625
E06000060,6/1/23,8735
E06000061,6/1/23,7560
E06000062,6/1/23,8405
E06000063,6/1/23,4205
E06000064,6/1/23,2485
E06000065,6/1/23,6935
E06000066,6/1/23,7760
E07000008,6/1/23,1995
E07000009,6/1/23,1020
E07000010,6/1/23,2285
E07000011,6/1/23,2315
E07000012,6/1/23,1730
E07000032,6/1/23,1940
E07000033,6/1/23,1530
E07000034,6/1/23,2220
E07000035,6/1/23,705
E07000036,6/1/23,2155
E07000037,6/1/23,1450
E07000038,6/1/23,1490
E07000039,6/1/23,1465
E07000040,6/1/23,1415
E07000041,6/1/23,1845
E07000042,6/1/23,925
E07000043,6/1/23,1395
E07000044,6/1/23,875
E07000045,6/1/23,1460
E07000046,6/1/23,835
E07000047,6/1/23,595
E07000061,6/1/23,2670
E07000062,6/1/23,2955
E07000063,6/1/23,1660
E07000064,6/1/23,1615
E07000065,6/1/23,1825
E07000066,6/1/23,4140
E07000067,6/1/23,2525
E07000068,6/1/23,1105
E07000069,6/1/23,1195
E07000070,6/1/23,2595
E07000071,6/1/23,3450
E07000072,6/1/23,2080
E07000073,6/1/23,2485
E07000074,6/1/23,865
E07000075,6/1/23,1045
E07000076,6/1/23,3200
E07000077,6/1/23,980
E07000078,6/1/23,1860
E07000079,6/1/23,865
E07000080,6/1/23,1195
E07000081,6/1/23,2665
E07000082,6/1/23,1175
E07000083,6/1/23,1130
E07000084,6/1/23,3025
E07000085,6/1/23,1425
E07000086,6/1/23,1590
E07000087,6/1/23,1145
E07000088,6/1/23,1585
E07000089,6/1/23,860
E07000090,6/1/23,2445
E07000091,6/1/23,1805
E07000092,6/1/23,1760
E07000093,6/1/23,1400
E07000094,6/1/23,1510
E07000095,6/1/23,2015
E07000096,6/1/23,2735
E07000098,6/1/23,1940
E07000099,6/1/23,1655
E07000102,6/1/23,1315
E07000103,6/1/23,2460
E07000105,6/1/23,2420
E07000106,6/1/23,3145
E07000107,6/1/23,2230
E07000108,6/1/23,2580
E07000109,6/1/23,2805
E07000110,6/1/23,3145
E07000111,6/1/23,1385
E07000112,6/1/23,2430
E07000113,6/1/23,3255
E07000114,6/1/23,4555
E07000115,6/1/23,1675
E07000116,6/1/23,1660
E07000117,6/1/23,3100
E07000118,6/1/23,1755
E07000119,6/1/23,1230
E07000120,6/1/23,2805
E07000121,6/1/23,2720
E07000122,6/1/23,2945
E07000123,6/1/23,4340
E07000124,6/1/23,645
E07000125,6/1/23,1710
E07000126,6/1/23,1605
E07000127,6/1/23,2035
E07000128,6/1/23,1910
E07000129,6/1/23,1245
E07000130,6/1/23,2605
E07000131,6/1/23,960
E07000132,6/1/23,1650
E07000133,6/1/23,840
E07000134,6/1/23,1330
E07000135,6/1/23,875
E07000136,6/1/23,1890
E07000137,6/1/23,2055
E07000138,6/1/23,2900
E07000139,6/1/23,1265
E07000140,6/1/23,1610
E07000141,6/1/23,2245
E07000142,6/1/23,1635
E07000143,6/1/23,1805
E07000144,6/1/23,1375
E07000145,6/1/23,2760
E07000146,6/1/23,2435
E07000147,6/1/23,1365
E07000148,6/1/23,3485
E07000149,6/1/23,1610
E07000170,6/1/23,3005
E07000171,6/1/23,2140
E07000172,6/1/23,1765
E07000173,6/1/23,2135
E07000174,6/1/23,2615
E07000175,6/1/23,2055
E07000176,6/1/23,1265
E07000177,6/1/23,2160
E07000178,6/1/23,2755
E07000179,6/1/23,1635
E07000180,6/1/23,1740
E07000181,6/1/23,1180
E07000192,6/1/23,2125
E07000193,6/1/23,2605
E07000194,6/1/23,1510
E07000195,6/1/23,2340
E07000196,6/1/23,1725
E07000197,6/1/23,2040
E07000198,6/1/23,1055
E07000199,6/1/23,1660
E07000200,6/1/23,1195
E07000202,6/1/23,3960
E07000203,6/1/23,1145
E07000207,6/1/23,1740
E07000208,6/1/23,875
E07000209,6/1/23,1715
E07000210,6/1/23,895
E07000211,6/1/23,1780
E07000212,6/1/23,1320
E07000213,6/1/23,2010
E07000214,6/1/23,1110
E07000215,6/1/23,1090
E07000216,6/1/23,1245
E07000217,6/1/23,1480
E07000218,6/1/23,1005
E07000219,6/1/23,3165
E07000220,6/1/23,2065
E07000221,6/1/23,1580
E07000222,6/1/23,2055
E07000223,6/1/23,950
E07000224,6/1/23,2770
E07000225,6/1/23,1995
E07000226,6/1/23,3000
E07000227,6/1/23,1570
E07000228,6/1/23,1575
E07000229,6/1/23,1875
E07000234,6/1/23,1470
E07000235,6/1/23,1180
E07000236,6/1/23,1955
E07000237,6/1/23,2385
E07000238,6/1/23,2035
E07000239,6/1/23,1825
E07000240,6/1/23,1745
E07000241,6/1/23,1880
E07000242,6/1/23,1680
E07000243,6/1/23,1815
E07000244,6/1/23,3515
E07000245,6/1/23,2455
E08000001,6/1/23,10185
E08000002,6/1/23,5085
E08000003,6/1/23,23780
E08000004,6/1/23,9545
E08000005,6/1/23,8120
E08000006,6/1/23,9460
E08000007,6/1/23,5665
E08000008,6/1/23,6720
E08000009,6/1/23,4455
E08000010,6/1/23,7810
E08000011,6/1/23,4540
E08000012,6/1/23,18740
E08000013,6/1/23,4390
E08000014,6/1/23,6250
E08000015,6/1/23,6890
E08000016,6/1/23,5430
E08000017,6/1/23,9130
E08000018,6/1/23,7035
E08000019,6/1/23,15770
E08000021,6/1/23,8915
E08000022,6/1/23,4375
E08000023,6/1/23,4955
E08000024,6/1/23,7495
E08000025,6/1/23,62395
E08000026,6/1/23,12905
E08000027,6/1/23,9030
E08000028,6/1/23,13320
E08000029,6/1/23,4115
E08000030,6/1/23,9840
E08000031,6/1/23,12625
E08000032,6/1/23,21875
E08000033,6/1/23,5295
E08000034,6/1/23,11660
E08000035,6/1/23,22880
E08000036,6/1/23,7795
E08000037,6/1/23,5485
E09000001,6/1/23,155
E09000002,6/1/23,9285
E09000003,6/1/23,10790
E09000004,6/1/23,4890
E09000005,6/1/23,14600
E09000006,6/1/23,6015
E09000007,6/1/23,6655
E09000008,6/1/23,14310
E09000009,6/1/23,13405
E09000010,6/1/23,12190
E09000011,6/1/23,9720
E09000012,6/1/23,11350
E09000013,6/1/23,6060
E09000014,6/1/23,12590
E09000015,6/1/23,6085
E09000016,6/1/23,6345
E09000017,6/1/23,8085
E09000018,6/1/23,9730
E09000019,6/1/23,8615
E09000020,6/1/23,3355
E09000021,6/1/23,3005
E09000022,6/1/23,12435
E09000023,6/1/23,12330
E09000024,6/1/23,5745
E09000025,6/1/23,16170
E09000026,6/1/23,9855
E09000027,6/1/23,2915
E09000028,6/1/23,11330
E09000029,6/1/23,3890
E09000030,6/1/23,12420
E09000031,6/1/23,11300
E09000032,6/1/23,7920
E09000033,6/1/23,6010
N09000001,6/1/23,2190
N09000002,6/1/23,3620
N09000003,6/1/23,9070
N09000004,6/1/23,2610
N09000005,6/1/23,4505
N09000006,6/1/23,1610
N09000007,6/1/23,1720
N09000008,6/1/23,2515
N09000009,6/1/23,1955
N09000010,6/1/23,3190
N09000011,6/1/23,2595
S12000005,6/1/23,1155
S12000006,6/1/23,2530
S12000008,6/1/23,3105
S12000010,6/1/23,1555
S12000011,6/1/23,1045
S12000013,6/1/23,300
S12000014,6/1/23,2945
S12000017,6/1/23,3190
S12000018,6/1/23,1840
S12000019,6/1/23,1335
S12000020,6/1/23,1325
S12000021,6/1/23,3595
S12000023,6/1/23,220
S12000026,6/1/23,2020
S12000027,6/1/23,235
S12000028,6/1/23,2250
S12000029,6/1/23,6295
S12000030,6/1/23,1440
S12000033,6/1/23,4905
S12000034,6/1/23,3025
S12000035,6/1/23,1320
S12000036,6/1/23,8605
S12000038,6/1/23,3720
S12000039,6/1/23,2455
S12000040,6/1/23,3205
S12000041,6/1/23,2090
S12000042,6/1/23,4255
S12000045,6/1/23,1270
S12000047,6/1/23,8040
S12000048,6/1/23,2230
S12000049,6/1/23,21505
S12000050,6/1/23,7580
W06000001,6/1/23,1460
W06000002,6/1/23,1935
W06000003,6/1/23,2210
W06000004,6/1/23,1965
W06000005,6/1/23,2720
W06000006,6/1/23,2465
W06000008,6/1/23,1005
W06000009,6/1/23,2155
W06000010,6/1/23,3050
W06000011,6/1/23,5180
W06000012,6/1/23,2695
W06000013,6/1/23,2575
W06000014,6/1/23,2270
W06000015,6/1/23,9220
W06000016,6/1/23,4630
W06000018,6/1/23,3650
W06000019,6/1/23,1865
W06000020,6/1/23,2040
W06000021,6/1/23,1220
W06000022,6/1/23,4555
W06000023,6/1/23,1725
W06000024,6/1/23,1225
E06000001,7/1/23,3005
E06000002,7/1/23,5215
E06000003,7/1/23,3190
E06000004,7/1/23,4830
E06000005,7/1/23,2865
E06000006,7/1/23,3460
E06000007,7/1/23,3180
E06000008,7/1/23,5060
E06000009,7/1/23,5545
E06000010,7/1/23,9550
E06000011,7/1/23,4485
E06000012,7/1/23,4145
E06000013,7/1/23,3410
E06000014,7/1/23,2305
E06000015,7/1/23,8085
E06000016,7/1/23,12800
E06000017,7/1/23,365
E06000018,7/1/23,12500
E06000019,7/1/23,2655
E06000020,7/1/23,3935
E06000021,7/1/23,8810
E06000022,7/1/23,2210
E06000023,7/1/23,10995
E06000024,7/1/23,2915
E06000025,7/1/23,3135
E06000026,7/1/23,5620
E06000027,7/1/23,2465
E06000030,7/1/23,4340
E06000031,7/1/23,7310
E06000032,7/1/23,8275
E06000033,7/1/23,4750
E06000034,7/1/23,4510
E06000035,7/1/23,6785
E06000036,7/1/23,1630
E06000037,7/1/23,1990
E06000038,7/1/23,4475
E06000039,7/1/23,5020
E06000040,7/1/23,1975
E06000041,7/1/23,1830
E06000042,7/1/23,6630
E06000043,7/1/23,7695
E06000044,7/1/23,6275
E06000045,7/1/23,6825
E06000046,7/1/23,2535
E06000047,7/1/23,10440
E06000049,7/1/23,5560
E06000050,7/1/23,5420
E06000051,7/1/23,4445
E06000052,7/1/23,8950
E06000053,7/1/23,15
E06000054,7/1/23,6050
E06000055,7/1/23,4690
E06000056,7/1/23,4015
E06000057,7/1/23,5920
E06000058,7/1/23,8080
E06000059,7/1/23,4570
E06000060,7/1/23,8765
E06000061,7/1/23,7480
E06000062,7/1/23,8370
E06000063,7/1/23,4255
E06000064,7/1/23,2530
E06000065,7/1/23,7040
E06000066,7/1/23,7795
E07000008,7/1/23,2020
E07000009,7/1/23,995
E07000010,7/1/23,2310
E07000011,7/1/23,2295
E07000012,7/1/23,1660
E07000032,7/1/23,1980
E07000033,7/1/23,1565
E07000034,7/1/23,2265
E07000035,7/1/23,715
E07000036,7/1/23,2240
E07000037,7/1/23,1425
E07000038,7/1/23,1520
E07000039,7/1/23,1495
E07000040,7/1/23,1400
E07000041,7/1/23,1790
E07000042,7/1/23,900
E07000043,7/1/23,1435
E07000044,7/1/23,815
E07000045,7/1/23,1500
E07000046,7/1/23,865
E07000047,7/1/23,605
E07000061,7/1/23,2660
E07000062,7/1/23,2910
E07000063,7/1/23,1680
E07000064,7/1/23,1605
E07000065,7/1/23,1800
E07000066,7/1/23,4125
E07000067,7/1/23,2485
E07000068,7/1/23,1075
E07000069,7/1/23,1185
E07000070,7/1/23,2565
E07000071,7/1/23,3425
E07000072,7/1/23,2145
E07000073,7/1/23,2535
E07000074,7/1/23,840
E07000075,7/1/23,1025
E07000076,7/1/23,3235
E07000077,7/1/23,970
E07000078,7/1/23,1900
E07000079,7/1/23,850
E07000080,7/1/23,1200
E07000081,7/1/23,2795
E07000082,7/1/23,1180
E07000083,7/1/23,1195
E07000084,7/1/23,3040
E07000085,7/1/23,1395
E07000086,7/1/23,1560
E07000087,7/1/23,1160
E07000088,7/1/23,1660
E07000089,7/1/23,840
E07000090,7/1/23,2460
E07000091,7/1/23,1795
E07000092,7/1/23,1710
E07000093,7/1/23,1390
E07000094,7/1/23,1530
E07000095,7/1/23,2030
E07000096,7/1/23,2735
E07000098,7/1/23,1920
E07000099,7/1/23,1665
E07000102,7/1/23,1335
E07000103,7/1/23,2570
E07000105,7/1/23,2450
E07000106,7/1/23,3085
E07000107,7/1/23,2245
E07000108,7/1/23,2595
E07000109,7/1/23,2840
E07000110,7/1/23,3145
E07000111,7/1/23,1380
E07000112,7/1/23,2445
E07000113,7/1/23,3320
E07000114,7/1/23,4520
E07000115,7/1/23,1750
E07000116,7/1/23,1645
E07000117,7/1/23,3190
E07000118,7/1/23,1735
E07000119,7/1/23,1220
E07000120,7/1/23,2780
E07000121,7/1/23,2770
E07000122,7/1/23,2925
E07000123,7/1/23,4380
E07000124,7/1/23,610
E07000125,7/1/23,1705
E07000126,7/1/23,1645
E07000127,7/1/23,2060
E07000128,7/1/23,1835
E07000129,7/1/23,1295
E07000130,7/1/23,2705
E07000131,7/1/23,950
E07000132,7/1/23,1635
E07000133,7/1/23,885
E07000134,7/1/23,1405
E07000135,7/1/23,880
E07000136,7/1/23,1960
E07000137,7/1/23,2115
E07000138,7/1/23,2850
E07000139,7/1/23,1300
E07000140,7/1/23,1590
E07000141,7/1/23,2325
E07000142,7/1/23,1625
E07000143,7/1/23,1830
E07000144,7/1/23,1380
E07000145,7/1/23,2720
E07000146,7/1/23,2400
E07000147,7/1/23,1365
E07000148,7/1/23,3565
E07000149,7/1/23,1585
E07000170,7/1/23,3020
E07000171,7/1/23,2175
E07000172,7/1/23,1790
E07000173,7/1/23,2205
E07000174,7/1/23,2725
E07000175,7/1/23,2090
E07000176,7/1/23,1280
E07000177,7/1/23,2190
E07000178,7/1/23,2740
E07000179,7/1/23,1650
E07000180,7/1/23,1685
E07000181,7/1/23,1130
E07000192,7/1/23,2185
E07000193,7/1/23,2625
E07000194,7/1/23,1520
E07000195,7/1/23,2305
E07000196,7/1/23,1675
E07000197,7/1/23,1965
E07000198,7/1/23,1095
E07000199,7/1/23,1675
E07000200,7/1/23,1205
E07000202,7/1/23,4030
E07000203,7/1/23,1155
E07000207,7/1/23,1740
E07000208,7/1/23,905
E07000209,7/1/23,1770
E07000210,7/1/23,910
E07000211,7/1/23,1770
E07000212,7/1/23,1355
E07000213,7/1/23,2030
E07000214,7/1/23,1115
E07000215,7/1/23,1100
E07000216,7/1/23,1260
E07000217,7/1/23,1505
E07000218,7/1/23,980
E07000219,7/1/23,3235
E07000220,7/1/23,2020
E07000221,7/1/23,1510
E07000222,7/1/23,2020
E07000223,7/1/23,965
E07000224,7/1/23,2770
E07000225,7/1/23,1950
E07000226,7/1/23,3060
E07000227,7/1/23,1595
E07000228,7/1/23,1585
E07000229,7/1/23,1825
E07000234,7/1/23,1490
E07000235,7/1/23,1165
E07000236,7/1/23,1980
E07000237,7/1/23,2355
E07000238,7/1/23,2040
E07000239,7/1/23,1820
E07000240,7/1/23,1810
E07000241,7/1/23,1900
E07000242,7/1/23,1700
E07000243,7/1/23,1800
E07000244,7/1/23,3530
E07000245,7/1/23,2420
E08000001,7/1/23,10090
E08000002,7/1/23,5040
E08000003,7/1/23,23815
E08000004,7/1/23,9585
E08000005,7/1/23,8065
E08000006,7/1/23,9295
E08000007,7/1/23,5605
E08000008,7/1/23,6790
E08000009,7/1/23,4430
E08000010,7/1/23,7690
E08000011,7/1/23,4560
E08000012,7/1/23,18750
E08000013,7/1/23,4520
E08000014,7/1/23,6310
E08000015,7/1/23,6925
E08000016,7/1/23,5360
E08000017,7/1/23,9025
E08000018,7/1/23,6930
E08000019,7/1/23,15800
E08000021,7/1/23,8905
E08000022,7/1/23,4475
E08000023,7/1/23,4975
E08000024,7/1/23,7535
E08000025,7/1/23,62825
E08000026,7/1/23,12830
E08000027,7/1/23,9055
E08000028,7/1/23,13415
E08000029,7/1/23,4100
E08000030,7/1/23,9755
E08000031,7/1/23,12530
E08000032,7/1/23,21980
E08000033,7/1/23,5300
E08000034,7/1/23,11730
E08000035,7/1/23,23080
E08000036,7/1/23,7820
E08000037,7/1/23,5495
E09000001,7/1/23,160
E09000002,7/1/23,9495
E09000003,7/1/23,11000
E09000004,7/1/23,4955
E09000005,7/1/23,14710
E09000006,7/1/23,6070
E09000007,7/1/23,6680
E09000008,7/1/23,14510
E09000009,7/1/23,13615
E09000010,7/1/23,12355
E09000011,7/1/23,9930
E09000012,7/1/23,11725
E09000013,7/1/23,6145
E09000014,7/1/23,12710
E09000015,7/1/23,6210
E09000016,7/1/23,6400
E09000017,7/1/23,8170
E09000018,7/1/23,9745
E09000019,7/1/23,8700
E09000020,7/1/23,3360
E09000021,7/1/23,3060
E09000022,7/1/23,12645
E09000023,7/1/23,12610
E09000024,7/1/23,5815
E09000025,7/1/23,16490
E09000026,7/1/23,10115
E09000027,7/1/23,2930
E09000028,7/1/23,11405
E09000029,7/1/23,3955
E09000030,7/1/23,12825
E09000031,7/1/23,11495
E09000032,7/1/23,7930
E09000033,7/1/23,6070
N09000001,7/1/23,2210
N09000002,7/1/23,3750
N09000003,7/1/23,9315
N09000004,7/1/23,2735
N09000005,7/1/23,4665
N09000006,7/1/23,1655
N09000007,7/1/23,1765
N09000008,7/1/23,2545
N09000009,7/1/23,2040
N09000010,7/1/23,3290
N09000011,7/1/23,2650
S12000005,7/1/23,1195
S12000006,7/1/23,2540
S12000008,7/1/23,3175
S12000010,7/1/23,1555
S12000011,7/1/23,1015
S12000013,7/1/23,290
S12000014,7/1/23,3010
S12000017,7/1/23,3220
S12000018,7/1/23,1890
S12000019,7/1/23,1405
S12000020,7/1/23,1385
S12000021,7/1/23,3675
S12000023,7/1/23,195
S12000026,7/1/23,2000
S12000027,7/1/23,230
S12000028,7/1/23,2335
S12000029,7/1/23,6355
S12000030,7/1/23,1435
S12000033,7/1/23,4885
S12000034,7/1/23,3025
S12000035,7/1/23,1350
S12000036,7/1/23,8725
S12000038,7/1/23,3825
S12000039,7/1/23,2565
S12000040,7/1/23,3260
S12000041,7/1/23,2135
S12000042,7/1/23,4435
S12000045,7/1/23,1275
S12000047,7/1/23,8060
S12000048,7/1/23,2255
S12000049,7/1/23,21630
S12000050,7/1/23,7585
W06000001,7/1/23,1435
W06000002,7/1/23,1885
W06000003,7/1/23,2220
W06000004,7/1/23,1935
W06000005,7/1/23,2685
W06000006,7/1/23,2440
W06000008,7/1/23,955
W06000009,7/1/23,2095
W06000010,7/1/23,2965
W06000011,7/1/23,5130
W06000012,7/1/23,2650
W06000013,7/1/23,2565
W06000014,7/1/23,2250
W06000015,7/1/23,9205
W06000016,7/1/23,4545
W06000018,7/1/23,3685
W06000019,7/1/23,1720
W06000020,7/1/23,2035
W06000021,7/1/23,1200
W06000022,7/1/23,4575
W06000023,7/1/23,1680
W06000024,7/1/23,1245
E06000001,8/1/23,2945
E06000002,8/1/23,5165
E06000003,8/1/23,3225
E06000004,8/1/23,4835
E06000005,8/1/23,2870
E06000006,8/1/23,3450
E06000007,8/1/23,3155
E06000008,8/1/23,4970
E06000009,8/1/23,5315
E06000010,8/1/23,9485
E06000011,8/1/23,4520
E06000012,8/1/23,4095
E06000013,8/1/23,3385
E06000014,8/1/23,2215
E06000015,8/1/23,7955
E06000016,8/1/23,12620
E06000017,8/1/23,370
E06000018,8/1/23,12300
E06000019,8/1/23,2590
E06000020,8/1/23,3940
E06000021,8/1/23,8730
E06000022,8/1/23,2235
E06000023,8/1/23,10965
E06000024,8/1/23,2875
E06000025,8/1/23,3185
E06000026,8/1/23,5525
E06000027,8/1/23,2450
E06000030,8/1/23,4465
E06000031,8/1/23,7060
E06000032,8/1/23,8280
E06000033,8/1/23,4650
E06000034,8/1/23,4430
E06000035,8/1/23,6760
E06000036,8/1/23,1600
E06000037,8/1/23,1975
E06000038,8/1/23,4505
E06000039,8/1/23,4990
E06000040,8/1/23,2000
E06000041,8/1/23,1845
E06000042,8/1/23,6670
E06000043,8/1/23,7690
E06000044,8/1/23,6165
E06000045,8/1/23,6855
E06000046,8/1/23,2520
E06000047,8/1/23,10450
E06000049,8/1/23,5605
E06000050,8/1/23,5375
E06000051,8/1/23,4315
E06000052,8/1/23,8785
E06000053,8/1/23,10
E06000054,8/1/23,6175
E06000055,8/1/23,4665
E06000056,8/1/23,3970
E06000057,8/1/23,5770
E06000058,8/1/23,7795
E06000059,8/1/23,4495
E06000060,8/1/23,8750
E06000061,8/1/23,7425
E06000062,8/1/23,8320
E06000063,8/1/23,4155
E06000064,8/1/23,2525
E06000065,8/1/23,6905
E06000066,8/1/23,7725
E07000008,8/1/23,1980
E07000009,8/1/23,905
E07000010,8/1/23,2275
E07000011,8/1/23,2315
E07000012,8/1/23,1610
E07000032,8/1/23,1920
E07000033,8/1/23,1545
E07000034,8/1/23,2225
E07000035,8/1/23,720
E07000036,8/1/23,2155
E07000037,8/1/23,1380
E07000038,8/1/23,1500
E07000039,8/1/23,1460
E07000040,8/1/23,1370
E07000041,8/1/23,1765
E07000042,8/1/23,905
E07000043,8/1/23,1385
E07000044,8/1/23,830
E07000045,8/1/23,1515
E07000046,8/1/23,860
E07000047,8/1/23,590
E07000061,8/1/23,2520
E07000062,8/1/23,2925
E07000063,8/1/23,1680
E07000064,8/1/23,1555
E07000065,8/1/23,1810
E07000066,8/1/23,4065
E07000067,8/1/23,2475
E07000068,8/1/23,1110
E07000069,8/1/23,1160
E07000070,8/1/23,2580
E07000071,8/1/23,3405
E07000072,8/1/23,2060
E07000073,8/1/23,2605
E07000074,8/1/23,855
E07000075,8/1/23,1045
E07000076,8/1/23,3120
E07000077,8/1/23,960
E07000078,8/1/23,1875
E07000079,8/1/23,890
E07000080,8/1/23,1195
E07000081,8/1/23,2745
E07000082,8/1/23,1215
E07000083,8/1/23,1190
E07000084,8/1/23,3050
E07000085,8/1/23,1410
E07000086,8/1/23,1580
E07000087,8/1/23,1180
E07000088,8/1/23,1620
E07000089,8/1/23,835
E07000090,8/1/23,2485
E07000091,8/1/23,1790
E07000092,8/1/23,1715
E07000093,8/1/23,1400
E07000094,8/1/23,1535
E07000095,8/1/23,2015
E07000096,8/1/23,2740
E07000098,8/1/23,1925
E07000099,8/1/23,1660
E07000102,8/1/23,1365
E07000103,8/1/23,2540
E07000105,8/1/23,2410
E07000106,8/1/23,3065
E07000107,8/1/23,2185
E07000108,8/1/23,2585
E07000109,8/1/23,2785
E07000110,8/1/23,3130
E07000111,8/1/23,1355
E07000112,8/1/23,2435
E07000113,8/1/23,3240
E07000114,8/1/23,4450
E07000115,8/1/23,1730
E07000116,8/1/23,1675
E07000117,8/1/23,3160
E07000118,8/1/23,1720
E07000119,8/1/23,1185
E07000120,8/1/23,2745
E07000121,8/1/23,2720
E07000122,8/1/23,2925
E07000123,8/1/23,4445
E07000124,8/1/23,620
E07000125,8/1/23,1670
E07000126,8/1/23,1635
E07000127,8/1/23,1995
E07000128,8/1/23,1840
E07000129,8/1/23,1240
E07000130,8/1/23,2675
E07000131,8/1/23,950
E07000132,8/1/23,1600
E07000133,8/1/23,865
E07000134,8/1/23,1360
E07000135,8/1/23,880
E07000136,8/1/23,1905
E07000137,8/1/23,2030
E07000138,8/1/23,2755
E07000139,8/1/23,1280
E07000140,8/1/23,1570
E07000141,8/1/23,2330
E07000142,8/1/23,1610
E07000143,8/1/23,1775
E07000144,8/1/23,1360
E07000145,8/1/23,2560
E07000146,8/1/23,2305
E07000147,8/1/23,1305
E07000148,8/1/23,3535
E07000149,8/1/23,1575
E07000170,8/1/23,2985
E07000171,8/1/23,2165
E07000172,8/1/23,1765
E07000173,8/1/23,2125
E07000174,8/1/23,2715
E07000175,8/1/23,2090
E07000176,8/1/23,1290
E07000177,8/1/23,2165
E07000178,8/1/23,2705
E07000179,8/1/23,1655
E07000180,8/1/23,1685
E07000181,8/1/23,1200
E07000192,8/1/23,2120
E07000193,8/1/23,2585
E07000194,8/1/23,1470
E07000195,8/1/23,2300
E07000196,8/1/23,1645
E07000197,8/1/23,1965
E07000198,8/1/23,1045
E07000199,8/1/23,1620
E07000200,8/1/23,1160
E07000202,8/1/23,4010
E07000203,8/1/23,1150
E07000207,8/1/23,1715
E07000208,8/1/23,925
E07000209,8/1/23,1730
E07000210,8/1/23,905
E07000211,8/1/23,1755
E07000212,8/1/23,1295
E07000213,8/1/23,2005
E07000214,8/1/23,1110
E07000215,8/1/23,1075
E07000216,8/1/23,1295
E07000217,8/1/23,1520
E07000218,8/1/23,985
E07000219,8/1/23,3130
E07000220,8/1/23,1970
E07000221,8/1/23,1510
E07000222,8/1/23,1935
E07000223,8/1/23,995
E07000224,8/1/23,2775
E07000225,8/1/23,1985
E07000226,8/1/23,2965
E07000227,8/1/23,1580
E07000228,8/1/23,1590
E07000229,8/1/23,1780
E07000234,8/1/23,1430
E07000235,8/1/23,1135
E07000236,8/1/23,1930
E07000237,8/1/23,2340
E07000238,8/1/23,1990
E07000239,8/1/23,1820
E07000240,8/1/23,1850
E07000241,8/1/23,1880
E07000242,8/1/23,1655
E07000243,8/1/23,1770
E07000244,8/1/23,3490
E07000245,8/1/23,2385
E08000001,8/1/23,9855
E08000002,8/1/23,4950
E08000003,8/1/23,23525
E08000004,8/1/23,9600
E08000005,8/1/23,7935
E08000006,8/1/23,9215
E08000007,8/1/23,5660
E08000008,8/1/23,6775
E08000009,8/1/23,4360
E08000010,8/1/23,7585
E08000011,8/1/23,4455
E08000012,8/1/23,18495
E08000013,8/1/23,4465
E08000014,8/1/23,6230
E08000015,8/1/23,6975
E08000016,8/1/23,5285
E08000017,8/1/23,8930
E08000018,8/1/23,6780
E08000019,8/1/23,15700
E08000021,8/1/23,8735
E08000022,8/1/23,4380
E08000023,8/1/23,4840
E08000024,8/1/23,7470
E08000025,8/1/23,62540
E08000026,8/1/23,12605
E08000027,8/1/23,8960
E08000028,8/1/23,13220
E08000029,8/1/23,4030
E08000030,8/1/23,9545
E08000031,8/1/23,12175
E08000032,8/1/23,21920
E08000033,8/1/23,5280
E08000034,8/1/23,11490
E08000035,8/1/23,22935
E08000036,8/1/23,7710
E08000037,8/1/23,5450
E09000001,8/1/23,155
E09000002,8/1/23,9530
E09000003,8/1/23,10805
E09000004,8/1/23,4935
E09000005,8/1/23,14655
E09000006,8/1/23,6120
E09000007,8/1/23,6635
E09000008,8/1/23,14350
E09000009,8/1/23,13540
E09000010,8/1/23,12215
E09000011,8/1/23,9925
E09000012,8/1/23,11610
E09000013,8/1/23,6075
E09000014,8/1/23,12520
E09000015,8/1/23,6140
E09000016,8/1/23,6365
E09000017,8/1/23,8105
E09000018,8/1/23,9610
E09000019,8/1/23,8570
E09000020,8/1/23,3310
E09000021,8/1/23,3025
E09000022,8/1/23,12600
E09000023,8/1/23,12505
E09000024,8/1/23,5800
E09000025,8/1/23,16375
E09000026,8/1/23,10075
E09000027,8/1/23,2855
E09000028,8/1/23,11265
E09000029,8/1/23,3880
E09000030,8/1/23,12855
E09000031,8/1/23,11430
E09000032,8/1/23,7990
E09000033,8/1/23,5980
N09000001,8/1/23,2225
N09000002,8/1/23,3780
N09000003,8/1/23,9285
N09000004,8/1/23,2720
N09000005,8/1/23,4700
N09000006,8/1/23,1710
N09000007,8/1/23,1775
N09000008,8/1/23,2560
N09000009,8/1/23,2095
N09000010,8/1/23,3285
N09000011,8/1/23,2660
S12000005,8/1/23,1175
S12000006,8/1/23,2455
S12000008,8/1/23,3060
S12000010,8/1/23,1530
S12000011,8/1/23,1025
S12000013,8/1/23,280
S12000014,8/1/23,3010
S12000017,8/1/23,3140
S12000018,8/1/23,1840
S12000019,8/1/23,1345
S12000020,8/1/23,1290
S12000021,8/1/23,3650
S12000023,8/1/23,210
S12000026,8/1/23,1985
S12000027,8/1/23,205
S12000028,8/1/23,2265
S12000029,8/1/23,6230
S12000030,8/1/23,1455
S12000033,8/1/23,4875
S12000034,8/1/23,2890
S12000035,8/1/23,1315
S12000036,8/1/23,8535
S12000038,8/1/23,3755
S12000039,8/1/23,2470
S12000040,8/1/23,3195
S12000041,8/1/23,2010
S12000042,8/1/23,4275
S12000045,8/1/23,1275
S12000047,8/1/23,7820
S12000048,8/1/23,2260
S12000049,8/1/23,21200
S12000050,8/1/23,7475
W06000001,8/1/23,1405
W06000002,8/1/23,1855
W06000003,8/1/23,2160
W06000004,8/1/23,1895
W06000005,8/1/23,2635
W06000006,8/1/23,2415
W06000008,8/1/23,960
W06000009,8/1/23,2060
W06000010,8/1/23,2945
W06000011,8/1/23,5105
W06000012,8/1/23,2595
W06000013,8/1/23,2500
W06000014,8/1/23,2215
W06000015,8/1/23,9170
W06000016,8/1/23,4470
W06000018,8/1/23,3675
W06000019,8/1/23,1700
W06000020,8/1/23,2050
W06000021,8/1/23,1175
W06000022,8/1/23,4575
W06000023,8/1/23,1670
W06000024,8/1/23,1215
E06000001,9/1/23,2850
E06000002,9/1/23,5045
E06000003,9/1/23,3105
E06000004,9/1/23,4785
E06000005,9/1/23,2820
E06000006,9/1/23,3505
E06000007,9/1/23,3225
E06000008,9/1/23,4910
E06000009,9/1/23,5085
E06000010,9/1/23,9305
E06000011,9/1/23,4415
E06000012,9/1/23,4075
E06000013,9/1/23,3395
E06000014,9/1/23,2160
E06000015,9/1/23,7880
E06000016,9/1/23,12650
E06000017,9/1/23,365
E06000018,9/1/23,12305
E06000019,9/1/23,2465
E06000020,9/1/23,3925
E06000021,9/1/23,8590
E06000022,9/1/23,2145
E06000023,9/1/23,11110
E06000024,9/1/23,2950
E06000025,9/1/23,3085
E06000026,9/1/23,5540
E06000027,9/1/23,2525
E06000030,9/1/23,4545
E06000031,9/1/23,7000
E06000032,9/1/23,8400
E06000033,9/1/23,4625
E06000034,9/1/23,4440
E06000035,9/1/23,6755
E06000036,9/1/23,1595
E06000037,9/1/23,1980
E06000038,9/1/23,4595
E06000039,9/1/23,5050
E06000040,9/1/23,1985
E06000041,9/1/23,1870
E06000042,9/1/23,6700
E06000043,9/1/23,7660
E06000044,9/1/23,6225
E06000045,9/1/23,6925
E06000046,9/1/23,2600
E06000047,9/1/23,10120
E06000049,9/1/23,5590
E06000050,9/1/23,5390
E06000051,9/1/23,4275
E06000052,9/1/23,8740
E06000053,9/1/23,10
E06000054,9/1/23,6060
E06000055,9/1/23,4660
E06000056,9/1/23,4040
E06000057,9/1/23,5700
E06000058,9/1/23,7525
E06000059,9/1/23,4460
E06000060,9/1/23,8740
E06000061,9/1/23,7395
E06000062,9/1/23,8405
E06000063,9/1/23,4055
E06000064,9/1/23,2515
E06000065,9/1/23,6730
E06000066,9/1/23,7870
E07000008,9/1/23,1970
E07000009,9/1/23,935
E07000010,9/1/23,2220
E07000011,9/1/23,2285
E07000012,9/1/23,1665
E07000032,9/1/23,1905
E07000033,9/1/23,1525
E07000034,9/1/23,2290
E07000035,9/1/23,730
E07000036,9/1/23,2110
E07000037,9/1/23,1405
E07000038,9/1/23,1490
E07000039,9/1/23,1485
E07000040,9/1/23,1390
E07000041,9/1/23,1725
E07000042,9/1/23,900
E07000043,9/1/23,1350
E07000044,9/1/23,805
E07000045,9/1/23,1490
E07000046,9/1/23,855
E07000047,9/1/23,575
E07000061,9/1/23,2560
E07000062,9/1/23,2860
E07000063,9/1/23,1705
E07000064,9/1/23,1575
E07000065,9/1/23,1790
E07000066,9/1/23,4030
E07000067,9/1/23,2510
E07000068,9/1/23,1110
E07000069,9/1/23,1195
E07000070,9/1/23,2675
E07000071,9/1/23,3400
E07000072,9/1/23,2115
E07000073,9/1/23,2595
E07000074,9/1/23,870
E07000075,9/1/23,1000
E07000076,9/1/23,3130
E07000077,9/1/23,980
E07000078,9/1/23,1930
E07000079,9/1/23,855
E07000080,9/1/23,1200
E07000081,9/1/23,2785
E07000082,9/1/23,1235
E07000083,9/1/23,1195
E07000084,9/1/23,3005
E07000085,9/1/23,1415
E07000086,9/1/23,1565
E07000087,9/1/23,1155
E07000088,9/1/23,1595
E07000089,9/1/23,825
E07000090,9/1/23,2480
E07000091,9/1/23,1855
E07000092,9/1/23,1715
E07000093,9/1/23,1330
E07000094,9/1/23,1525
E07000095,9/1/23,2015
E07000096,9/1/23,2785
E07000098,9/1/23,1960
E07000099,9/1/23,1655
E07000102,9/1/23,1355
E07000103,9/1/23,2525
E07000105,9/1/23,2440
E07000106,9/1/23,3105
E07000107,9/1/23,2205
E07000108,9/1/23,2580
E07000109,9/1/23,2820
E07000110,9/1/23,3165
E07000111,9/1/23,1410
E07000112,9/1/23,2475
E07000113,9/1/23,3240
E07000114,9/1/23,4305
E07000115,9/1/23,1720
E07000116,9/1/23,1645
E07000117,9/1/23,3140
E07000118,9/1/23,1690
E07000119,9/1/23,1165
E07000120,9/1/23,2680
E07000121,9/1/23,2650
E07000122,9/1/23,2865
E07000123,9/1/23,4450
E07000124,9/1/23,610
E07000125,9/1/23,1625
E07000126,9/1/23,1605
E07000127,9/1/23,1940
E07000128,9/1/23,1865
E07000129,9/1/23,1240
E07000130,9/1/23,2625
E07000131,9/1/23,935
E07000132,9/1/23,1580
E07000133,9/1/23,850
E07000134,9/1/23,1330
E07000135,9/1/23,905
E07000136,9/1/23,1865
E07000137,9/1/23,1985
E07000138,9/1/23,2790
E07000139,9/1/23,1285
E07000140,9/1/23,1605
E07000141,9/1/23,2290
E07000142,9/1/23,1660
E07000143,9/1/23,1805
E07000144,9/1/23,1330
E07000145,9/1/23,2545
E07000146,9/1/23,2285
E07000147,9/1/23,1310
E07000148,9/1/23,3580
E07000149,9/1/23,1620
E07000170,9/1/23,2930
E07000171,9/1/23,2285
E07000172,9/1/23,1690
E07000173,9/1/23,2100
E07000174,9/1/23,2670
E07000175,9/1/23,2110
E07000176,9/1/23,1285
E07000177,9/1/23,2170
E07000178,9/1/23,2655
E07000179,9/1/23,1670
E07000180,9/1/23,1730
E07000181,9/1/23,1220
E07000192,9/1/23,2060
E07000193,9/1/23,2550
E07000194,9/1/23,1470
E07000195,9/1/23,2290
E07000196,9/1/23,1635
E07000197,9/1/23,1960
E07000198,9/1/23,1040
E07000199,9/1/23,1615
E07000200,9/1/23,1160
E07000202,9/1/23,3990
E07000203,9/1/23,1140
E07000207,9/1/23,1715
E07000208,9/1/23,930
E07000209,9/1/23,1710
E07000210,9/1/23,925
E07000211,9/1/23,1815
E07000212,9/1/23,1330
E07000213,9/1/23,2060
E07000214,9/1/23,1135
E07000215,9/1/23,1065
E07000216,9/1/23,1255
E07000217,9/1/23,1590
E07000218,9/1/23,955
E07000219,9/1/23,3075
E07000220,9/1/23,1945
E07000221,9/1/23,1495
E07000222,9/1/23,1925
E07000223,9/1/23,960
E07000224,9/1/23,2760
E07000225,9/1/23,1990
E07000226,9/1/23,2960
E07000227,9/1/23,1595
E07000228,9/1/23,1625
E07000229,9/1/23,1825
E07000234,9/1/23,1420
E07000235,9/1/23,1085
E07000236,9/1/23,1885
E07000237,9/1/23,2295
E07000238,9/1/23,1940
E07000239,9/1/23,1790
E07000240,9/1/23,1875
E07000241,9/1/23,1870
E07000242,9/1/23,1700
E07000243,9/1/23,1675
E07000244,9/1/23,3410
E07000245,9/1/23,2395
E08000001,9/1/23,9650
E08000002,9/1/23,4800
E08000003,9/1/23,23395
E08000004,9/1/23,9540
E08000005,9/1/23,7725
E08000006,9/1/23,9250
E08000007,9/1/23,5580
E08000008,9/1/23,6655
E08000009,9/1/23,4315
E08000010,9/1/23,7520
E08000011,9/1/23,4470
E08000012,9/1/23,18345
E08000013,9/1/23,4395
E08000014,9/1/23,6155
E08000015,9/1/23,6870
E08000016,9/1/23,5265
E08000017,9/1/23,8810
E08000018,9/1/23,6790
E08000019,9/1/23,15455
E08000021,9/1/23,8625
E08000022,9/1/23,4380
E08000023,9/1/23,4745
E08000024,9/1/23,7300
E08000025,9/1/23,62695
E08000026,9/1/23,12455
E08000027,9/1/23,8980
E08000028,9/1/23,13230
E08000029,9/1/23,4020
E08000030,9/1/23,9475
E08000031,9/1/23,12170
E08000032,9/1/23,21760
E08000033,9/1/23,5180
E08000034,9/1/23,11360
E08000035,9/1/23,22620
E08000036,9/1/23,7495
E08000037,9/1/23,5200
E09000001,9/1/23,155
E09000002,9/1/23,9620
E09000003,9/1/23,10895
E09000004,9/1/23,4925
E09000005,9/1/23,14855
E09000006,9/1/23,6290
E09000007,9/1/23,6725
E09000008,9/1/23,14550
E09000009,9/1/23,13695
E09000010,9/1/23,12315
E09000011,9/1/23,10075
E09000012,9/1/23,11800
E09000013,9/1/23,6010
E09000014,9/1/23,12550
E09000015,9/1/23,6245
E09000016,9/1/23,6450
E09000017,9/1/23,8355
E09000018,9/1/23,9815
E09000019,9/1/23,8825
E09000020,9/1/23,3345
E09000021,9/1/23,3110
E09000022,9/1/23,12885
E09000023,9/1/23,12710
E09000024,9/1/23,5880
E09000025,9/1/23,16700
E09000026,9/1/23,10050
E09000027,9/1/23,2855
E09000028,9/1/23,11420
E09000029,9/1/23,3895
E09000030,9/1/23,13030
E09000031,9/1/23,11595
E09000032,9/1/23,8115
E09000033,9/1/23,6040
N09000001,9/1/23,2325
N09000002,9/1/23,3905
N09000003,9/1/23,9525
N09000004,9/1/23,2725
N09000005,9/1/23,4800
N09000006,9/1/23,1735
N09000007,9/1/23,1820
N09000008,9/1/23,2620
N09000009,9/1/23,2125
N09000010,9/1/23,3385
N09000011,9/1/23,2685
S12000005,9/1/23,1085
S12000006,9/1/23,2370
S12000008,9/1/23,2950
S12000010,9/1/23,1500
S12000011,9/1/23,1005
S12000013,9/1/23,275
S12000014,9/1/23,2815
S12000017,9/1/23,2960
S12000018,9/1/23,1680
S12000019,9/1/23,1345
S12000020,9/1/23,1210
S12000021,9/1/23,3480
S12000023,9/1/23,205
S12000026,9/1/23,1890
S12000027,9/1/23,210
S12000028,9/1/23,2190
S12000029,9/1/23,5965
S12000030,9/1/23,1390
S12000033,9/1/23,4625
S12000034,9/1/23,2835
S12000035,9/1/23,1285
S12000036,9/1/23,8355
S12000038,9/1/23,3585
S12000039,9/1/23,2365
S12000040,9/1/23,3060
S12000041,9/1/23,1835
S12000042,9/1/23,4045
S12000045,9/1/23,1215
S12000047,9/1/23,7460
S12000048,9/1/23,2120
S12000049,9/1/23,20495
S12000050,9/1/23,7205
W06000001,9/1/23,1395
W06000002,9/1/23,1780
W06000003,9/1/23,2160
W06000004,9/1/23,1910
W06000005,9/1/23,2595
W06000006,9/1/23,2430
W06000008,9/1/23,965
W06000009,9/1/23,2015
W06000010,9/1/23,2970
W06000011,9/1/23,5090
W06000012,9/1/23,2555
W06000013,9/1/23,2415
W06000014,9/1/23,2220
W06000015,9/1/23,9025
W06000016,9/1/23,4535
W06000018,9/1/23,3610
W06000019,9/1/23,1730
W06000020,9/1/23,2005
W06000021,9/1/23,1180
W06000022,9/1/23,4540
W06000023,9/1/23,1630
W06000024,9/1/23,1230
E06000001,10/1/23,2840
E06000002,10/1/23,5000
E06000003,10/1/23,3190
E06000004,10/1/23,4625
E06000005,10/1/23,2785
E06000006,10/1/23,3475
E06000007,10/1/23,3185
E06000008,10/1/23,4875
E06000009,10/1/23,5075
E06000010,10/1/23,9370
E06000011,10/1/23,4555
E06000012,10/1/23,4130
E06000013,10/1/23,3365
E06000014,10/1/23,2205
E06000015,10/1/23,7850
E06000016,10/1/23,12450
E06000017,10/1/23,360
E06000018,10/1/23,12190
E06000019,10/1/23,2435
E06000020,10/1/23,4025
E06000021,10/1/23,8525
E06000022,10/1/23,2210
E06000023,10/1/23,11240
E06000024,10/1/23,3030
E06000025,10/1/23,3185
E06000026,10/1/23,5525
E06000027,10/1/23,2505
E06000030,10/1/23,4420
E06000031,10/1/23,6975
E06000032,10/1/23,8340
E06000033,10/1/23,4640
E06000034,10/1/23,4480
E06000035,10/1/23,6720
E06000036,10/1/23,1585
E06000037,10/1/23,1960
E06000038,10/1/23,4620
E06000039,10/1/23,5125
E06000040,10/1/23,2015
E06000041,10/1/23,1885
E06000042,10/1/23,6715
E06000043,10/1/23,7710
E06000044,10/1/23,6195
E06000045,10/1/23,6800
E06000046,10/1/23,2660
E06000047,10/1/23,10205
E06000049,10/1/23,5590
E06000050,10/1/23,5525
E06000051,10/1/23,4195
E06000052,10/1/23,8895
E06000053,10/1/23,15
E06000054,10/1/23,6065
E06000055,10/1/23,4740
E06000056,10/1/23,4040
E06000057,10/1/23,5730
E06000058,10/1/23,7650
E06000059,10/1/23,4525
E06000060,10/1/23,8785
E06000061,10/1/23,7435
E06000062,10/1/23,8360
E06000063,10/1/23,4135
E06000064,10/1/23,2430
E06000065,10/1/23,6915
E06000066,10/1/23,7995
E07000008,10/1/23,2010
E07000009,10/1/23,935
E07000010,10/1/23,2215
E07000011,10/1/23,2310
E07000012,10/1/23,1710
E07000032,10/1/23,1900
E07000033,10/1/23,1595
E07000034,10/1/23,2305
E07000035,10/1/23,720
E07000036,10/1/23,2125
E07000037,10/1/23,1390
E07000038,10/1/23,1570
E07000039,10/1/23,1515
E07000040,10/1/23,1405
E07000041,10/1/23,1770
E07000042,10/1/23,910
E07000043,10/1/23,1365
E07000044,10/1/23,810
E07000045,10/1/23,1430
E07000046,10/1/23,840
E07000047,10/1/23,545
E07000061,10/1/23,2535
E07000062,10/1/23,2930
E07000063,10/1/23,1725
E07000064,10/1/23,1560
E07000065,10/1/23,1790
E07000066,10/1/23,4040
E07000067,10/1/23,2490
E07000068,10/1/23,1150
E07000069,10/1/23,1165
E07000070,10/1/23,2590
E07000071,10/1/23,3435
E07000072,10/1/23,2160
E07000073,10/1/23,2645
E07000074,10/1/23,880
E07000075,10/1/23,995
E07000076,10/1/23,3130
E07000077,10/1/23,975
E07000078,10/1/23,1890
E07000079,10/1/23,900
E07000080,10/1/23,1240
E07000081,10/1/23,2810
E07000082,10/1/23,1260
E07000083,10/1/23,1165
E07000084,10/1/23,2965
E07000085,10/1/23,1425
E07000086,10/1/23,1600
E07000087,10/1/23,1120
E07000088,10/1/23,1660
E07000089,10/1/23,835
E07000090,10/1/23,2470
E07000091,10/1/23,1910
E07000092,10/1/23,1740
E07000093,10/1/23,1375
E07000094,10/1/23,1535
E07000095,10/1/23,1995
E07000096,10/1/23,2780
E07000098,10/1/23,1980
E07000099,10/1/23,1625
E07000102,10/1/23,1395
E07000103,10/1/23,2555
E07000105,10/1/23,2430
E07000106,10/1/23,3075
E07000107,10/1/23,2225
E07000108,10/1/23,2565
E07000109,10/1/23,2800
E07000110,10/1/23,3300
E07000111,10/1/23,1455
E07000112,10/1/23,2490
E07000113,10/1/23,3370
E07000114,10/1/23,4335
E07000115,10/1/23,1735
E07000116,10/1/23,1635
E07000117,10/1/23,3155
E07000118,10/1/23,1715
E07000119,10/1/23,1140
E07000120,10/1/23,2695
E07000121,10/1/23,2635
E07000122,10/1/23,2830
E07000123,10/1/23,4450
E07000124,10/1/23,625
E07000125,10/1/23,1620
E07000126,10/1/23,1600
E07000127,10/1/23,1965
E07000128,10/1/23,1870
E07000129,10/1/23,1260
E07000130,10/1/23,2605
E07000131,10/1/23,950
E07000132,10/1/23,1600
E07000133,10/1/23,845
E07000134,10/1/23,1365
E07000135,10/1/23,895
E07000136,10/1/23,1860
E07000137,10/1/23,2145
E07000138,10/1/23,2805
E07000139,10/1/23,1295
E07000140,10/1/23,1600
E07000141,10/1/23,2285
E07000142,10/1/23,1615
E07000143,10/1/23,1835
E07000144,10/1/23,1340
E07000145,10/1/23,2570
E07000146,10/1/23,2280
E07000147,10/1/23,1315
E07000148,10/1/23,3595
E07000149,10/1/23,1610
E07000170,10/1/23,2940
E07000171,10/1/23,2555
E07000172,10/1/23,1730
E07000173,10/1/23,2095
E07000174,10/1/23,2655
E07000175,10/1/23,2110
E07000176,10/1/23,1275
E07000177,10/1/23,2110
E07000178,10/1/23,2680
E07000179,10/1/23,1655
E07000180,10/1/23,1725
E07000181,10/1/23,1225
E07000192,10/1/23,2045
E07000193,10/1/23,2580
E07000194,10/1/23,1430
E07000195,10/1/23,2275
E07000196,10/1/23,1670
E07000197,10/1/23,1995
E07000198,10/1/23,1075
E07000199,10/1/23,1615
E07000200,10/1/23,1160
E07000202,10/1/23,3910
E07000203,10/1/23,1150
E07000207,10/1/23,1735
E07000208,10/1/23,950
E07000209,10/1/23,1760
E07000210,10/1/23,940
E07000211,10/1/23,1850
E07000212,10/1/23,1285
E07000213,10/1/23,2060
E07000214,10/1/23,1145
E07000215,10/1/23,1090
E07000216,10/1/23,1255
E07000217,10/1/23,1565
E07000218,10/1/23,945
E07000219,10/1/23,3065
E07000220,10/1/23,1930
E07000221,10/1/23,1470
E07000222,10/1/23,1925
E07000223,10/1/23,975
E07000224,10/1/23,2780
E07000225,10/1/23,2020
E07000226,10/1/23,2960
E07000227,10/1/23,1645
E07000228,10/1/23,1630
E07000229,10/1/23,1815
E07000234,10/1/23,1385
E07000235,10/1/23,1110
E07000236,10/1/23,1920
E07000237,10/1/23,2215
E07000238,10/1/23,2010
E07000239,10/1/23,1750
E07000240,10/1/23,1880
E07000241,10/1/23,1910
E07000242,10/1/23,1795
E07000243,10/1/23,1730
E07000244,10/1/23,3470
E07000245,10/1/23,2390
E08000001,10/1/23,9610
E08000002,10/1/23,4795
E08000003,10/1/23,23405
E08000004,10/1/23,9460
E08000005,10/1/23,7630
E08000006,10/1/23,9230
E08000007,10/1/23,5590
E08000008,10/1/23,6625
E08000009,10/1/23,4385
E08000010,10/1/23,7460
E08000011,10/1/23,4485
E08000012,10/1/23,18360
E08000013,10/1/23,4375
E08000014,10/1/23,6160
E08000015,10/1/23,6725
E08000016,10/1/23,5225
E08000017,10/1/23,8700
E08000018,10/1/23,6860
E08000019,10/1/23,15590
E08000021,10/1/23,8490
E08000022,10/1/23,4360
E08000023,10/1/23,4675
E08000024,10/1/23,7005
E08000025,10/1/23,62630
E08000026,10/1/23,12380
E08000027,10/1/23,8935
E08000028,10/1/23,13285
E08000029,10/1/23,4045
E08000030,10/1/23,9495
E08000031,10/1/23,12055
E08000032,10/1/23,21820
E08000033,10/1/23,5170
E08000034,10/1/23,11240
E08000035,10/1/23,22495
E08000036,10/1/23,7505
E08000037,10/1/23,5210
E09000001,10/1/23,145
E09000002,10/1/23,9670
E09000003,10/1/23,10785
E09000004,10/1/23,4955
E09000005,10/1/23,14985
E09000006,10/1/23,6270
E09000007,10/1/23,6735
E09000008,10/1/23,14640
E09000009,10/1/23,13855
E09000010,10/1/23,12505
E09000011,10/1/23,10020
E09000012,10/1/23,11845
E09000013,10/1/23,5975
E09000014,10/1/23,12605
E09000015,10/1/23,6220
E09000016,10/1/23,6535
E09000017,10/1/23,8430
E09000018,10/1/23,9795
E09000019,10/1/23,8855
E09000020,10/1/23,3335
E09000021,10/1/23,3120
E09000022,10/1/23,12840
E09000023,10/1/23,12800
E09000024,10/1/23,5915
E09000025,10/1/23,16760
E09000026,10/1/23,10060
E09000027,10/1/23,2860
E09000028,10/1/23,11550
E09000029,10/1/23,3910
E09000030,10/1/23,12885
E09000031,10/1/23,11655
E09000032,10/1/23,8155
E09000033,10/1/23,6110
N09000001,10/1/23,2250
N09000002,10/1/23,3765
N09000003,10/1/23,9335
N09000004,10/1/23,2735
N09000005,10/1/23,4830
N09000006,10/1/23,1725
N09000007,10/1/23,1815
N09000008,10/1/23,2565
N09000009,10/1/23,2080
N09000010,10/1/23,3330
N09000011,10/1/23,2665
S12000005,10/1/23,1075
S12000006,10/1/23,2350
S12000008,10/1/23,2960
S12000010,10/1/23,1530
S12000011,10/1/23,1000
S12000013,10/1/23,265
S12000014,10/1/23,2810
S12000017,10/1/23,2975
S12000018,10/1/23,1625
S12000019,10/1/23,1290
S12000020,10/1/23,1195
S12000021,10/1/23,3485
S12000023,10/1/23,195
S12000026,10/1/23,1925
S12000027,10/1/23,205
S12000028,10/1/23,2195
S12000029,10/1/23,5900
S12000030,10/1/23,1375
S12000033,10/1/23,4610
S12000034,10/1/23,2785
S12000035,10/1/23,1295
S12000036,10/1/23,8300
S12000038,10/1/23,3505
S12000039,10/1/23,2340
S12000040,10/1/23,2940
S12000041,10/1/23,1855
S12000042,10/1/23,3975
S12000045,10/1/23,1180
S12000047,10/1/23,7340
S12000048,10/1/23,2050
S12000049,10/1/23,20185
S12000050,10/1/23,7090
W06000001,10/1/23,1345
W06000002,10/1/23,1820
W06000003,10/1/23,2230
W06000004,10/1/23,1900
W06000005,10/1/23,2580
W06000006,10/1/23,2375
W06000008,10/1/23,955
W06000009,10/1/23,2055
W06000010,10/1/23,3030
W06000011,10/1/23,4970
W06000012,10/1/23,2505
W06000013,10/1/23,2425
W06000014,10/1/23,2230
W06000015,10/1/23,9040
W06000016,10/1/23,4710
W06000018,10/1/23,3600
W06000019,10/1/23,1740
W06000020,10/1/23,2020
W06000021,10/1/23,1195
W06000022,10/1/23,4665
W06000023,10/1/23,1660
W06000024,10/1/23,1230
E06000001,11/1/23,2855
E06000002,11/1/23,5005
E06000003,11/1/23,3205
E06000004,11/1/23,4625
E06000005,11/1/23,2775
E06000006,11/1/23,3545
E06000007,11/1/23,3230
E06000008,11/1/23,4895
E06000009,11/1/23,5175
E06000010,11/1/23,9640
E06000011,11/1/23,4750
E06000012,11/1/23,4190
E06000013,11/1/23,3400
E06000014,11/1/23,2270
E06000015,11/1/23,7965
E06000016,11/1/23,12165
E06000017,11/1/23,370
E06000018,11/1/23,12170
E06000019,11/1/23,2475
E06000020,11/1/23,3965
E06000021,11/1/23,8660
E06000022,11/1/23,2235
E06000023,11/1/23,11430
E06000024,11/1/23,3110
E06000025,11/1/23,3300
E06000026,11/1/23,5560
E06000027,11/1/23,2575
E06000030,11/1/23,4640
E06000031,11/1/23,6940
E06000032,11/1/23,8315
E06000033,11/1/23,4830
E06000034,11/1/23,4555
E06000035,11/1/23,6790
E06000036,11/1/23,1605
E06000037,11/1/23,1960
E06000038,11/1/23,4640
E06000039,11/1/23,5155
E06000040,11/1/23,2045
E06000041,11/1/23,1895
E06000042,11/1/23,6680
E06000043,11/1/23,7750
E06000044,11/1/23,6265
E06000045,11/1/23,6935
E06000046,11/1/23,2805
E06000047,11/1/23,10440
E06000049,11/1/23,5730
E06000050,11/1/23,5605
E06000051,11/1/23,4215
E06000052,11/1/23,9290
E06000053,11/1/23,15
E06000054,11/1/23,6255
E06000055,11/1/23,4675
E06000056,11/1/23,4040
E06000057,11/1/23,5850
E06000058,11/1/23,7815
E06000059,11/1/23,4645
E06000060,11/1/23,8765
E06000061,11/1/23,7315
E06000062,11/1/23,8330
E06000063,11/1/23,4140
E06000064,11/1/23,2505
E06000065,11/1/23,7110
E06000066,11/1/23,8295
E07000008,11/1/23,2015
E07000009,11/1/23,985
E07000010,11/1/23,2235
E07000011,11/1/23,2330
E07000012,11/1/23,1745
E07000032,11/1/23,1940
E07000033,11/1/23,1595
E07000034,11/1/23,2315
E07000035,11/1/23,750
E07000036,11/1/23,2180
E07000037,11/1/23,1390
E07000038,11/1/23,1580
E07000039,11/1/23,1535
E07000040,11/1/23,1440
E07000041,11/1/23,1755
E07000042,11/1/23,905
E07000043,11/1/23,1445
E07000044,11/1/23,870
E07000045,11/1/23,1500
E07000046,11/1/23,905
E07000047,11/1/23,590
E07000061,11/1/23,2635
E07000062,11/1/23,2930
E07000063,11/1/23,1720
E07000064,11/1/23,1575
E07000065,11/1/23,1815
E07000066,11/1/23,4125
E07000067,11/1/23,2535
E07000068,11/1/23,1175
E07000069,11/1/23,1165
E07000070,11/1/23,2660
E07000071,11/1/23,3500
E07000072,11/1/23,2220
E07000073,11/1/23,2685
E07000074,11/1/23,875
E07000075,11/1/23,1005
E07000076,11/1/23,3305
E07000077,11/1/23,1005
E07000078,11/1/23,1975
E07000079,11/1/23,940
E07000080,11/1/23,1280
E07000081,11/1/23,2890
E07000082,11/1/23,1320
E07000083,11/1/23,1235
E07000084,11/1/23,2935
E07000085,11/1/23,1440
E07000086,11/1/23,1660
E07000087,11/1/23,1140
E07000088,11/1/23,1680
E07000089,11/1/23,870
E07000090,11/1/23,2445
E07000091,11/1/23,1950
E07000092,11/1/23,1775
E07000093,11/1/23,1400
E07000094,11/1/23,1545
E07000095,11/1/23,2010
E07000096,11/1/23,2750
E07000098,11/1/23,2030
E07000099,11/1/23,1665
E07000102,11/1/23,1390
E07000103,11/1/23,2560
E07000105,11/1/23,2475
E07000106,11/1/23,3155
E07000107,11/1/23,2225
E07000108,11/1/23,2605
E07000109,11/1/23,2810
E07000110,11/1/23,3225
E07000111,11/1/23,1455
E07000112,11/1/23,2535
E07000113,11/1/23,3395
E07000114,11/1/23,4435
E07000115,11/1/23,1765
E07000116,11/1/23,1610
E07000117,11/1/23,3175
E07000118,11/1/23,1745
E07000119,11/1/23,1215
E07000120,11/1/23,2690
E07000121,11/1/23,2675
E07000122,11/1/23,2865
E07000123,11/1/23,4475
E07000124,11/1/23,640
E07000125,11/1/23,1670
E07000126,11/1/23,1625
E07000127,11/1/23,1995
E07000128,11/1/23,1920
E07000129,11/1/23,1220
E07000130,11/1/23,2670
E07000131,11/1/23,990
E07000132,11/1/23,1585
E07000133,11/1/23,855
E07000134,11/1/23,1380
E07000135,11/1/23,880
E07000136,11/1/23,1795
E07000137,11/1/23,2345
E07000138,11/1/23,2740
E07000139,11/1/23,1315
E07000140,11/1/23,1590
E07000141,11/1/23,2210
E07000142,11/1/23,1615
E07000143,11/1/23,1875
E07000144,11/1/23,1380
E07000145,11/1/23,2730
E07000146,11/1/23,2345
E07000147,11/1/23,1365
E07000148,11/1/23,3670
E07000149,11/1/23,1665
E07000170,11/1/23,2915
E07000171,11/1/23,2480
E07000172,11/1/23,1710
E07000173,11/1/23,2045
E07000174,11/1/23,2605
E07000175,11/1/23,2070
E07000176,11/1/23,1305
E07000177,11/1/23,2135
E07000178,11/1/23,2685
E07000179,11/1/23,1685
E07000180,11/1/23,1780
E07000181,11/1/23,1270
E07000192,11/1/23,2070
E07000193,11/1/23,2540
E07000194,11/1/23,1420
E07000195,11/1/23,2310
E07000196,11/1/23,1675
E07000197,11/1/23,2025
E07000198,11/1/23,1080
E07000199,11/1/23,1640
E07000200,11/1/23,1185
E07000202,11/1/23,3875
E07000203,11/1/23,1165
E07000207,11/1/23,1660
E07000208,11/1/23,950
E07000209,11/1/23,1730
E07000210,11/1/23,940
E07000211,11/1/23,1815
E07000212,11/1/23,1295
E07000213,11/1/23,2040
E07000214,11/1/23,1115
E07000215,11/1/23,1115
E07000216,11/1/23,1260
E07000217,11/1/23,1575
E07000218,11/1/23,985
E07000219,11/1/23,3050
E07000220,11/1/23,1870
E07000221,11/1/23,1485
E07000222,11/1/23,1960
E07000223,11/1/23,985
E07000224,11/1/23,2825
E07000225,11/1/23,2025
E07000226,11/1/23,2975
E07000227,11/1/23,1655
E07000228,11/1/23,1650
E07000229,11/1/23,1850
E07000234,11/1/23,1420
E07000235,11/1/23,1140
E07000236,11/1/23,1930
E07000237,11/1/23,2300
E07000238,11/1/23,2085
E07000239,11/1/23,1790
E07000240,11/1/23,1915
E07000241,11/1/23,1950
E07000242,11/1/23,1795
E07000243,11/1/23,1765
E07000244,11/1/23,3625
E07000245,11/1/23,2435
E08000001,11/1/23,9610
E08000002,11/1/23,4880
E08000003,11/1/23,23500
E08000004,11/1/23,9430
E08000005,11/1/23,7715
E08000006,11/1/23,9250
E08000007,11/1/23,5700
E08000008,11/1/23,6665
E08000009,11/1/23,4355
E08000010,11/1/23,7605
E08000011,11/1/23,4460
E08000012,11/1/23,18515
E08000013,11/1/23,4445
E08000014,11/1/23,6185
E08000015,11/1/23,6905
E08000016,11/1/23,5360
E08000017,11/1/23,8685
E08000018,11/1/23,6955
E08000019,11/1/23,15845
E08000021,11/1/23,8540
E08000022,11/1/23,4300
E08000023,11/1/23,4630
E08000024,11/1/23,7045
E08000025,11/1/23,62540
E08000026,11/1/23,12195
E08000027,11/1/23,8985
E08000028,11/1/23,13280
E08000029,11/1/23,4085
E08000030,11/1/23,9445
E08000031,11/1/23,11915
E08000032,11/1/23,22110
E08000033,11/1/23,5165
E08000034,11/1/23,11375
E08000035,11/1/23,22915
E08000036,11/1/23,7680
E08000037,11/1/23,5195
E09000001,11/1/23,145
E09000002,11/1/23,9585
E09000003,11/1/23,10795
E09000004,11/1/23,4905
E09000005,11/1/23,14920
E09000006,11/1/23,6280
E09000007,11/1/23,6690
E09000008,11/1/23,14430
E09000009,11/1/23,14025
E09000010,11/1/23,12505
E09000011,11/1/23,9875
E09000012,11/1/23,11910
E09000013,11/1/23,5955
E09000014,11/1/23,12500
E09000015,11/1/23,6235
E09000016,11/1/23,6475
E09000017,11/1/23,8460
E09000018,11/1/23,9850
E09000019,11/1/23,8775
E09000020,11/1/23,3350
E09000021,11/1/23,3080
E09000022,11/1/23,12740
E09000023,11/1/23,12840
E09000024,11/1/23,6000
E09000025,11/1/23,16660
E09000026,11/1/23,9940
E09000027,11/1/23,2825
E09000028,11/1/23,11530
E09000029,11/1/23,3865
E09000030,11/1/23,12895
E09000031,11/1/23,11625
E09000032,11/1/23,8195
E09000033,11/1/23,6140
N09000001,11/1/23,2080
N09000002,11/1/23,3695
N09000003,11/1/23,9030
N09000004,11/1/23,2690
N09000005,11/1/23,4680
N09000006,11/1/23,1705
N09000007,11/1/23,1720
N09000008,11/1/23,2515
N09000009,11/1/23,1980
N09000010,11/1/23,3095
N09000011,11/1/23,2580
S12000005,11/1/23,1105
S12000006,11/1/23,2380
S12000008,11/1/23,2995
S12000010,11/1/23,1575
S12000011,11/1/23,1000
S12000013,11/1/23,260
S12000014,11/1/23,2840
S12000017,11/1/23,3065
S12000018,11/1/23,1740
S12000019,11/1/23,1325
S12000020,11/1/23,1235
S12000021,11/1/23,3555
S12000023,11/1/23,200
S12000026,11/1/23,1920
S12000027,11/1/23,205
S12000028,11/1/23,2235
S12000029,11/1/23,5955
S12000030,11/1/23,1395
S12000033,11/1/23,4690
S12000034,11/1/23,2820
S12000035,11/1/23,1330
S12000036,11/1/23,8415
S12000038,11/1/23,3595
S12000039,11/1/23,2345
S12000040,11/1/23,3090
S12000041,11/1/23,1860
S12000042,11/1/23,3995
S12000045,11/1/23,1200
S12000047,11/1/23,7445
S12000048,11/1/23,2035
S12000049,11/1/23,20515
S12000050,11/1/23,7155
W06000001,11/1/23,1410
W06000002,11/1/23,1910
W06000003,11/1/23,2290
W06000004,11/1/23,1945
W06000005,11/1/23,2645
W06000006,11/1/23,2480
W06000008,11/1/23,1035
W06000009,11/1/23,2175
W06000010,11/1/23,3030
W06000011,11/1/23,5025
W06000012,11/1/23,2585
W06000013,11/1/23,2530
W06000014,11/1/23,2250
W06000015,11/1/23,9315
W06000016,11/1/23,4775
W06000018,11/1/23,3630
W06000019,11/1/23,1730
W06000020,11/1/23,2080
W06000021,11/1/23,1260
W06000022,11/1/23,4740
W06000023,11/1/23,1695
W06000024,11/1/23,1240
E06000001,12/1/23,2855
E06000002,12/1/23,4960
E06000003,12/1/23,3220
E06000004,12/1/23,4670
E06000005,12/1/23,2765
E06000006,12/1/23,3495
E06000007,12/1/23,3140
E06000008,12/1/23,4855
E06000009,12/1/23,5225
E06000010,12/1/23,9795
E06000011,12/1/23,4885
E06000012,12/1/23,4220
E06000013,12/1/23,3445
E06000014,12/1/23,2265
E06000015,12/1/23,8015
E06000016,12/1/23,11940
E06000017,12/1/23,405
E06000018,12/1/23,12360
E06000019,12/1/23,2580
E06000020,12/1/23,3945
E06000021,12/1/23,8705
E06000022,12/1/23,2195
E06000023,12/1/23,11340
E06000024,12/1/23,3145
E06000025,12/1/23,3200
E06000026,12/1/23,5625
E06000027,12/1/23,2545
E06000030,12/1/23,4540
E06000031,12/1/23,6920
E06000032,12/1/23,8355
E06000033,12/1/23,4820
E06000034,12/1/23,4630
E06000035,12/1/23,6770
E06000036,12/1/23,1615
E06000037,12/1/23,2000
E06000038,12/1/23,4725
E06000039,12/1/23,5095
E06000040,12/1/23,2065
E06000041,12/1/23,1915
E06000042,12/1/23,6710
E06000043,12/1/23,7855
E06000044,12/1/23,6305
E06000045,12/1/23,6930
E06000046,12/1/23,3015
E06000047,12/1/23,10445
E06000049,12/1/23,5685
E06000050,12/1/23,5480
E06000051,12/1/23,4130
E06000052,12/1/23,9735
E06000053,12/1/23,20
E06000054,12/1/23,6190
E06000055,12/1/23,4735
E06000056,12/1/23,4130
E06000057,12/1/23,5775
E06000058,12/1/23,8240
E06000059,12/1/23,4785
E06000060,12/1/23,8880
E06000061,12/1/23,7365
E06000062,12/1/23,8230
E06000063,12/1/23,4080
E06000064,12/1/23,2545
E06000065,12/1/23,7315
E06000066,12/1/23,8300
E07000008,12/1/23,2075
E07000009,12/1/23,1015
E07000010,12/1/23,2230
E07000011,12/1/23,2345
E07000012,12/1/23,1765
E07000032,12/1/23,2000
E07000033,12/1/23,1565
E07000034,12/1/23,2360
E07000035,12/1/23,750
E07000036,12/1/23,2220
E07000037,12/1/23,1380
E07000038,12/1/23,1600
E07000039,12/1/23,1545
E07000040,12/1/23,1460
E07000041,12/1/23,1800
E07000042,12/1/23,905
E07000043,12/1/23,1515
E07000044,12/1/23,870
E07000045,12/1/23,1540
E07000046,12/1/23,915
E07000047,12/1/23,605
E07000061,12/1/23,2615
E07000062,12/1/23,2970
E07000063,12/1/23,1760
E07000064,12/1/23,1610
E07000065,12/1/23,1880
E07000066,12/1/23,4095
E07000067,12/1/23,2515
E07000068,12/1/23,1160
E07000069,12/1/23,1190
E07000070,12/1/23,2695
E07000071,12/1/23,3475
E07000072,12/1/23,2275
E07000073,12/1/23,2720
E07000074,12/1/23,875
E07000075,12/1/23,1050
E07000076,12/1/23,3295
E07000077,12/1/23,990
E07000078,12/1/23,1990
E07000079,12/1/23,955
E07000080,12/1/23,1320
E07000081,12/1/23,2890
E07000082,12/1/23,1340
E07000083,12/1/23,1220
E07000084,12/1/23,2885
E07000085,12/1/23,1525
E07000086,12/1/23,1695
E07000087,12/1/23,1095
E07000088,12/1/23,1620
E07000089,12/1/23,880
E07000090,12/1/23,2505
E07000091,12/1/23,1975
E07000092,12/1/23,1840
E07000093,12/1/23,1420
E07000094,12/1/23,1555
E07000095,12/1/23,2015
E07000096,12/1/23,2800
E07000098,12/1/23,2080
E07000099,12/1/23,1685
E07000102,12/1/23,1425
E07000103,12/1/23,2605
E07000105,12/1/23,2460
E07000106,12/1/23,3225
E07000107,12/1/23,2220
E07000108,12/1/23,2710
E07000109,12/1/23,2805
E07000110,12/1/23,3265
E07000111,12/1/23,1470
E07000112,12/1/23,2595
E07000113,12/1/23,3465
E07000114,12/1/23,4530
E07000115,12/1/23,1775
E07000116,12/1/23,1630
E07000117,12/1/23,3275
E07000118,12/1/23,1730
E07000119,12/1/23,1315
E07000120,12/1/23,2690
E07000121,12/1/23,2670
E07000122,12/1/23,3010
E07000123,12/1/23,4415
E07000124,12/1/23,675
E07000125,12/1/23,1730
E07000126,12/1/23,1640
E07000127,12/1/23,2050
E07000128,12/1/23,1940
E07000129,12/1/23,1265
E07000130,12/1/23,2575
E07000131,12/1/23,950
E07000132,12/1/23,1575
E07000133,12/1/23,820
E07000134,12/1/23,1345
E07000135,12/1/23,875
E07000136,12/1/23,1825
E07000137,12/1/23,2535
E07000138,12/1/23,2730
E07000139,12/1/23,1325
E07000140,12/1/23,1590
E07000141,12/1/23,2285
E07000142,12/1/23,1650
E07000143,12/1/23,1905
E07000144,12/1/23,1400
E07000145,12/1/23,2730
E07000146,12/1/23,2375
E07000147,12/1/23,1415
E07000148,12/1/23,3710
E07000149,12/1/23,1655
E07000170,12/1/23,2955
E07000171,12/1/23,2430
E07000172,12/1/23,1770
E07000173,12/1/23,2105
E07000174,12/1/23,2640
E07000175,12/1/23,2075
E07000176,12/1/23,1350
E07000177,12/1/23,2110
E07000178,12/1/23,2685
E07000179,12/1/23,1695
E07000180,12/1/23,1775
E07000181,12/1/23,1245
E07000192,12/1/23,2070
E07000193,12/1/23,2575
E07000194,12/1/23,1435
E07000195,12/1/23,2315
E07000196,12/1/23,1675
E07000197,12/1/23,2050
E07000198,12/1/23,1155
E07000199,12/1/23,1695
E07000200,12/1/23,1245
E07000202,12/1/23,3950
E07000203,12/1/23,1190
E07000207,12/1/23,1715
E07000208,12/1/23,995
E07000209,12/1/23,1795
E07000210,12/1/23,930
E07000211,12/1/23,1805
E07000212,12/1/23,1305
E07000213,12/1/23,2015
E07000214,12/1/23,1155
E07000215,12/1/23,1125
E07000216,12/1/23,1280
E07000217,12/1/23,1580
E07000218,12/1/23,980
E07000219,12/1/23,2980
E07000220,12/1/23,1805
E07000221,12/1/23,1510
E07000222,12/1/23,1940
E07000223,12/1/23,965
E07000224,12/1/23,2895
E07000225,12/1/23,2040
E07000226,12/1/23,3020
E07000227,12/1/23,1650
E07000228,12/1/23,1645
E07000229,12/1/23,1855
E07000234,12/1/23,1395
E07000235,12/1/23,1080
E07000236,12/1/23,1975
E07000237,12/1/23,2270
E07000238,12/1/23,2150
E07000239,12/1/23,1835
E07000240,12/1/23,1905
E07000241,12/1/23,2010
E07000242,12/1/23,1805
E07000243,12/1/23,1725
E07000244,12/1/23,3585
E07000245,12/1/23,2455
E08000001,12/1/23,9690
E08000002,12/1/23,4920
E08000003,12/1/23,23620
E08000004,12/1/23,9320
E08000005,12/1/23,7695
E08000006,12/1/23,9125
E08000007,12/1/23,5650
E08000008,12/1/23,6725
E08000009,12/1/23,4335
E08000010,12/1/23,7655
E08000011,12/1/23,4370
E08000012,12/1/23,18480
E08000013,12/1/23,4420
E08000014,12/1/23,6190
E08000015,12/1/23,6850
E08000016,12/1/23,5265
E08000017,12/1/23,8880
E08000018,12/1/23,6920
E08000019,12/1/23,15890
E08000021,12/1/23,8350
E08000022,12/1/23,4305
E08000023,12/1/23,4655
E08000024,12/1/23,7070
E08000025,12/1/23,63180
E08000026,12/1/23,12115
E08000027,12/1/23,8995
E08000028,12/1/23,13150
E08000029,12/1/23,4050
E08000030,12/1/23,9485
E08000031,12/1/23,11760
E08000032,12/1/23,22530
E08000033,12/1/23,5370
E08000034,12/1/23,11710
E08000035,12/1/23,23245
E08000036,12/1/23,7775
E08000037,12/1/23,5245
E09000001,12/1/23,140
E09000002,12/1/23,9600
E09000003,12/1/23,10930
E09000004,12/1/23,4980
E09000005,12/1/23,15200
E09000006,12/1/23,6445
E09000007,12/1/23,6640
E09000008,12/1/23,14565
E09000009,12/1/23,14045
E09000010,12/1/23,12605
E09000011,12/1/23,10120
E09000012,12/1/23,11835
E09000013,12/1/23,6045
E09000014,12/1/23,12495
E09000015,12/1/23,6190
E09000016,12/1/23,6425
E09000017,12/1/23,8495
E09000018,12/1/23,9775
E09000019,12/1/23,8750
E09000020,12/1/23,3350
E09000021,12/1/23,3110
E09000022,12/1/23,12695
E09000023,12/1/23,13015
E09000024,12/1/23,6030
E09000025,12/1/23,16805
E09000026,12/1/23,10015
E09000027,12/1/23,2870
E09000028,12/1/23,11640
E09000029,12/1/23,3925
E09000030,12/1/23,13130
E09000031,12/1/23,11650
E09000032,12/1/23,8155
E09000033,12/1/23,6205
N09000001,12/1/23,2075
N09000002,12/1/23,3645
N09000003,12/1/23,9120
N09000004,12/1/23,2695
N09000005,12/1/23,4565
N09000006,12/1/23,1615
N09000007,12/1/23,1755
N09000008,12/1/23,2450
N09000009,12/1/23,1935
N09000010,12/1/23,3005
N09000011,12/1/23,2625
S12000005,12/1/23,1120
S12000006,12/1/23,2390
S12000008,12/1/23,2935
S12000010,12/1/23,1545
S12000011,12/1/23,985
S12000013,12/1/23,280
S12000014,12/1/23,2780
S12000017,12/1/23,3160
S12000018,12/1/23,1725
S12000019,12/1/23,1320
S12000020,12/1/23,1225
S12000021,12/1/23,3505
S12000023,12/1/23,215
S12000026,12/1/23,1920
S12000027,12/1/23,210
S12000028,12/1/23,2305
S12000029,12/1/23,5825
S12000030,12/1/23,1395
S12000033,12/1/23,4610
S12000034,12/1/23,2795
S12000035,12/1/23,1390
S12000036,12/1/23,8370
S12000038,12/1/23,3680
S12000039,12/1/23,2385
S12000040,12/1/23,3105
S12000041,12/1/23,1855
S12000042,12/1/23,3970
S12000045,12/1/23,1180
S12000047,12/1/23,7365
S12000048,12/1/23,1975
S12000049,12/1/23,20680
S12000050,12/1/23,7270
W06000001,12/1/23,1405
W06000002,12/1/23,1950
W06000003,12/1/23,2380
W06000004,12/1/23,1930
W06000005,12/1/23,2630
W06000006,12/1/23,2420
W06000008,12/1/23,1110
W06000009,12/1/23,2270
W06000010,12/1/23,3050
W06000011,12/1/23,5000
W06000012,12/1/23,2540
W06000013,12/1/23,2410
W06000014,12/1/23,2285
W06000015,12/1/23,9210
W06000016,12/1/23,4770
W06000018,12/1/23,3600
W06000019,12/1/23,1660
W06000020,12/1/23,2065
W06000021,12/1/23,1215
W06000022,12/1/23,4585
W06000023,12/1/23,1655
W06000024,12/1/23,1235
E06000001,1/1/24,2875
E06000002,1/1/24,5015
E06000003,1/1/24,3295
E06000004,1/1/24,4655
E06000005,1/1/24,2795
E06000006,1/1/24,3525
E06000007,1/1/24,3140
E06000008,1/1/24,5035
E06000009,1/1/24,5405
E06000010,1/1/24,10010
E06000011,1/1/24,4925
E06000012,1/1/24,4275
E06000013,1/1/24,3580
E06000014,1/1/24,2275
E06000015,1/1/24,8085
E06000016,1/1/24,12055
E06000017,1/1/24,420
E06000018,1/1/24,12435
E06000019,1/1/24,2570
E06000020,1/1/24,3985
E06000021,1/1/24,8900
E06000022,1/1/24,2260
E06000023,1/1/24,11475
E06000024,1/1/24,3190
E06000025,1/1/24,3285
E06000026,1/1/24,5680
E06000027,1/1/24,2560
E06000030,1/1/24,4590
E06000031,1/1/24,7025
E06000032,1/1/24,8385
E06000033,1/1/24,4825
E06000034,1/1/24,4625
E06000035,1/1/24,6790
E06000036,1/1/24,1650
E06000037,1/1/24,1990
E06000038,1/1/24,4725
E06000039,1/1/24,5135
E06000040,1/1/24,2120
E06000041,1/1/24,1955
E06000042,1/1/24,6810
E06000043,1/1/24,8010
E06000044,1/1/24,6485
E06000045,1/1/24,6955
E06000046,1/1/24,3145
E06000047,1/1/24,10505
E06000049,1/1/24,5595
E06000050,1/1/24,5525
E06000051,1/1/24,4210
E06000052,1/1/24,10080
E06000053,1/1/24,20
E06000054,1/1/24,6405
E06000055,1/1/24,4710
E06000056,1/1/24,4135
E06000057,1/1/24,5815
E06000058,1/1/24,8435
E06000059,1/1/24,4950
E06000060,1/1/24,8830
E06000061,1/1/24,7510
E06000062,1/1/24,8125
E06000063,1/1/24,4090
E06000064,1/1/24,2570
E06000065,1/1/24,7490
E06000066,1/1/24,8415
E07000008,1/1/24,2090
E07000009,1/1/24,1035
E07000010,1/1/24,2220
E07000011,1/1/24,2420
E07000012,1/1/24,1775
E07000032,1/1/24,1980
E07000033,1/1/24,1605
E07000034,1/1/24,2405
E07000035,1/1/24,780
E07000036,1/1/24,2310
E07000037,1/1/24,1385
E07000038,1/1/24,1605
E07000039,1/1/24,1600
E07000040,1/1/24,1535
E07000041,1/1/24,1830
E07000042,1/1/24,915
E07000043,1/1/24,1540
E07000044,1/1/24,900
E07000045,1/1/24,1575
E07000046,1/1/24,940
E07000047,1/1/24,635
E07000061,1/1/24,2690
E07000062,1/1/24,3040
E07000063,1/1/24,1720
E07000064,1/1/24,1580
E07000065,1/1/24,1925
E07000066,1/1/24,4075
E07000067,1/1/24,2530
E07000068,1/1/24,1185
E07000069,1/1/24,1205
E07000070,1/1/24,2680
E07000071,1/1/24,3570
E07000072,1/1/24,2320
E07000073,1/1/24,2755
E07000074,1/1/24,905
E07000075,1/1/24,1075
E07000076,1/1/24,3315
E07000077,1/1/24,1040
E07000078,1/1/24,2025
E07000079,1/1/24,945
E07000080,1/1/24,1375
E07000081,1/1/24,2905
E07000082,1/1/24,1340
E07000083,1/1/24,1270
E07000084,1/1/24,2930
E07000085,1/1/24,1510
E07000086,1/1/24,1745
E07000087,1/1/24,1105
E07000088,1/1/24,1615
E07000089,1/1/24,885
E07000090,1/1/24,2495
E07000091,1/1/24,1980
E07000092,1/1/24,1890
E07000093,1/1/24,1445
E07000094,1/1/24,1535
E07000095,1/1/24,2010
E07000096,1/1/24,2780
E07000098,1/1/24,2075
E07000099,1/1/24,1695
E07000102,1/1/24,1435
E07000103,1/1/24,2620
E07000105,1/1/24,2440
E07000106,1/1/24,3295
E07000107,1/1/24,2265
E07000108,1/1/24,2675
E07000109,1/1/24,2845
E07000110,1/1/24,3340
E07000111,1/1/24,1450
E07000112,1/1/24,2650
E07000113,1/1/24,3505
E07000114,1/1/24,4565
E07000115,1/1/24,1760
E07000116,1/1/24,1595
E07000117,1/1/24,3340
E07000118,1/1/24,1775
E07000119,1/1/24,1360
E07000120,1/1/24,2750
E07000121,1/1/24,2630
E07000122,1/1/24,3200
E07000123,1/1/24,4365
E07000124,1/1/24,640
E07000125,1/1/24,1730
E07000126,1/1/24,1695
E07000127,1/1/24,2115
E07000128,1/1/24,1970
E07000129,1/1/24,1270
E07000130,1/1/24,2640
E07000131,1/1/24,980
E07000132,1/1/24,1585
E07000133,1/1/24,825
E07000134,1/1/24,1360
E07000135,1/1/24,880
E07000136,1/1/24,1855
E07000137,1/1/24,2790
E07000138,1/1/24,2775
E07000139,1/1/24,1380
E07000140,1/1/24,1625
E07000141,1/1/24,2340
E07000142,1/1/24,1675
E07000143,1/1/24,1915
E07000144,1/1/24,1475
E07000145,1/1/24,2955
E07000146,1/1/24,2370
E07000147,1/1/24,1470
E07000148,1/1/24,3765
E07000149,1/1/24,1680
E07000170,1/1/24,3005
E07000171,1/1/24,2430
E07000172,1/1/24,1750
E07000173,1/1/24,2080
E07000174,1/1/24,2655
E07000175,1/1/24,2120
E07000176,1/1/24,1355
E07000177,1/1/24,2170
E07000178,1/1/24,2755
E07000179,1/1/24,1740
E07000180,1/1/24,1830
E07000181,1/1/24,1220
E07000192,1/1/24,2075
E07000193,1/1/24,2715
E07000194,1/1/24,1400
E07000195,1/1/24,2325
E07000196,1/1/24,1660
E07000197,1/1/24,2045
E07000198,1/1/24,1160
E07000199,1/1/24,1670
E07000200,1/1/24,1275
E07000202,1/1/24,4025
E07000203,1/1/24,1225
E07000207,1/1/24,1725
E07000208,1/1/24,1015
E07000209,1/1/24,1785
E07000210,1/1/24,945
E07000211,1/1/24,1850
E07000212,1/1/24,1350
E07000213,1/1/24,2050
E07000214,1/1/24,1170
E07000215,1/1/24,1130
E07000216,1/1/24,1295
E07000217,1/1/24,1560
E07000218,1/1/24,980
E07000219,1/1/24,2940
E07000220,1/1/24,1770
E07000221,1/1/24,1550
E07000222,1/1/24,1945
E07000223,1/1/24,975
E07000224,1/1/24,3005
E07000225,1/1/24,2085
E07000226,1/1/24,3015
E07000227,1/1/24,1695
E07000228,1/1/24,1705
E07000229,1/1/24,1855
E07000234,1/1/24,1425
E07000235,1/1/24,1080
E07000236,1/1/24,2035
E07000237,1/1/24,2275
E07000238,1/1/24,2155
E07000239,1/1/24,1845
E07000240,1/1/24,1895
E07000241,1/1/24,2015
E07000242,1/1/24,1865
E07000243,1/1/24,1795
E07000244,1/1/24,3670
E07000245,1/1/24,2520
E08000001,1/1/24,9945
E08000002,1/1/24,4985
E08000003,1/1/24,23530
E08000004,1/1/24,9360
E08000005,1/1/24,7845
E08000006,1/1/24,9110
E08000007,1/1/24,5730
E08000008,1/1/24,6785
E08000009,1/1/24,4325
E08000010,1/1/24,7605
E08000011,1/1/24,4305
E08000012,1/1/24,18455
E08000013,1/1/24,4350
E08000014,1/1/24,6050
E08000015,1/1/24,6765
E08000016,1/1/24,5270
E08000017,1/1/24,8915
E08000018,1/1/24,7000
E08000019,1/1/24,16055
E08000021,1/1/24,8365
E08000022,1/1/24,4310
E08000023,1/1/24,4660
E08000024,1/1/24,7090
E08000025,1/1/24,63420
E08000026,1/1/24,12175
E08000027,1/1/24,8945
E08000028,1/1/24,13050
E08000029,1/1/24,4130
E08000030,1/1/24,9480
E08000031,1/1/24,11690
E08000032,1/1/24,22670
E08000033,1/1/24,5490
E08000034,1/1/24,11760
E08000035,1/1/24,23325
E08000036,1/1/24,7825
E08000037,1/1/24,5180
E09000001,1/1/24,140
E09000002,1/1/24,9555
E09000003,1/1/24,11035
E09000004,1/1/24,4950
E09000005,1/1/24,15360
E09000006,1/1/24,6440
E09000007,1/1/24,6670
E09000008,1/1/24,14605
E09000009,1/1/24,14170
E09000010,1/1/24,12505
E09000011,1/1/24,10215
E09000012,1/1/24,11825
E09000013,1/1/24,6090
E09000014,1/1/24,12435
E09000015,1/1/24,6265
E09000016,1/1/24,6490
E09000017,1/1/24,8505
E09000018,1/1/24,9780
E09000019,1/1/24,8705
E09000020,1/1/24,3350
E09000021,1/1/24,3110
E09000022,1/1/24,12605
E09000023,1/1/24,12995
E09000024,1/1/24,6005
E09000025,1/1/24,16775
E09000026,1/1/24,10025
E09000027,1/1/24,2855
E09000028,1/1/24,11640
E09000029,1/1/24,3910
E09000030,1/1/24,13065
E09000031,1/1/24,11650
E09000032,1/1/24,8140
E09000033,1/1/24,6225
N09000001,1/1/24,2065
N09000002,1/1/24,3575
N09000003,1/1/24,8865
N09000004,1/1/24,2625
N09000005,1/1/24,4470
N09000006,1/1/24,1595
N09000007,1/1/24,1700
N09000008,1/1/24,2380
N09000009,1/1/24,1870
N09000010,1/1/24,2940
N09000011,1/1/24,2500
S12000005,1/1/24,1055
S12000006,1/1/24,2355
S12000008,1/1/24,2880
S12000010,1/1/24,1530
S12000011,1/1/24,955
S12000013,1/1/24,290
S12000014,1/1/24,2830
S12000017,1/1/24,3265
S12000018,1/1/24,1705
S12000019,1/1/24,1285
S12000020,1/1/24,1235
S12000021,1/1/24,3480
S12000023,1/1/24,190
S12000026,1/1/24,1945
S12000027,1/1/24,205
S12000028,1/1/24,2275
S12000029,1/1/24,5765
S12000030,1/1/24,1395
S12000033,1/1/24,4650
S12000034,1/1/24,2800
S12000035,1/1/24,1425
S12000036,1/1/24,8370
S12000038,1/1/24,3620
S12000039,1/1/24,2365
S12000040,1/1/24,3075
S12000041,1/1/24,1900
S12000042,1/1/24,3930
S12000045,1/1/24,1175
S12000047,1/1/24,7295
S12000048,1/1/24,1970
S12000049,1/1/24,20435
S12000050,1/1/24,7230
W06000001,1/1/24,1425
W06000002,1/1/24,1995
W06000003,1/1/24,2435
W06000004,1/1/24,1995
W06000005,1/1/24,2565
W06000006,1/1/24,2555
W06000008,1/1/24,1175
W06000009,1/1/24,2290
W06000010,1/1/24,3075
W06000011,1/1/24,5045
W06000012,1/1/24,2575
W06000013,1/1/24,2465
W06000014,1/1/24,2310
W06000015,1/1/24,9205
W06000016,1/1/24,4520
W06000018,1/1/24,3525
W06000019,1/1/24,1710
W06000020,1/1/24,2050
W06000021,1/1/24,1205
W06000022,1/1/24,4620
W06000023,1/1/24,1670
W06000024,1/1/24,1195
E06000001,2/1/24,2925
E06000002,2/1/24,5165
E06000003,2/1/24,3435
E06000004,2/1/24,4755
E06000005,2/1/24,2845
E06000006,2/1/24,3530
E06000007,2/1/24,3240
E06000008,2/1/24,5210
E06000009,2/1/24,5555
E06000010,2/1/24,10240
E06000011,2/1/24,5060
E06000012,2/1/24,4375
E06000013,2/1/24,3750
E06000014,2/1/24,2325
E06000015,2/1/24,8380
E06000016,2/1/24,12630
E06000017,2/1/24,425
E06000018,2/1/24,12955
E06000019,2/1/24,2655
E06000020,2/1/24,4125
E06000021,2/1/24,9305
E06000022,2/1/24,2290
E06000023,2/1/24,11755
E06000024,2/1/24,3280
E06000025,2/1/24,3460
E06000026,2/1/24,5895
E06000027,2/1/24,2765
E06000030,2/1/24,4830
E06000031,2/1/24,7350
E06000032,2/1/24,8580
E06000033,2/1/24,4960
E06000034,2/1/24,4650
E06000035,2/1/24,6965
E06000036,2/1/24,1765
E06000037,2/1/24,2050
E06000038,2/1/24,4890
E06000039,2/1/24,5410
E06000040,2/1/24,2170
E06000041,2/1/24,2030
E06000042,2/1/24,7105
E06000043,2/1/24,8115
E06000044,2/1/24,6670
E06000045,2/1/24,7270
E06000046,2/1/24,3305
E06000047,2/1/24,10705
E06000049,2/1/24,5830
E06000050,2/1/24,5680
E06000051,2/1/24,4345
E06000052,2/1/24,10320
E06000053,2/1/24,30
E06000054,2/1/24,6765
E06000055,2/1/24,4775
E06000056,2/1/24,4200
E06000057,2/1/24,5945
E06000058,2/1/24,8660
E06000059,2/1/24,5210
E06000060,2/1/24,9160
E06000061,2/1/24,7730
E06000062,2/1/24,8510
E06000063,2/1/24,4225
E06000064,2/1/24,2650
E06000065,2/1/24,7650
E06000066,2/1/24,8750
E07000008,2/1/24,2150
E07000009,2/1/24,1100
E07000010,2/1/24,2325
E07000011,2/1/24,2500
E07000012,2/1/24,1825
E07000032,2/1/24,2085
E07000033,2/1/24,1650
E07000034,2/1/24,2445
E07000035,2/1/24,780
E07000036,2/1/24,2370
E07000037,2/1/24,1440
E07000038,2/1/24,1650
E07000039,2/1/24,1655
E07000040,2/1/24,1590
E07000041,2/1/24,1875
E07000042,2/1/24,955
E07000043,2/1/24,1620
E07000044,2/1/24,930
E07000045,2/1/24,1630
E07000046,2/1/24,1000
E07000047,2/1/24,665
E07000061,2/1/24,2750
E07000062,2/1/24,3040
E07000063,2/1/24,1810
E07000064,2/1/24,1630
E07000065,2/1/24,1950
E07000066,2/1/24,4235
E07000067,2/1/24,2660
E07000068,2/1/24,1195
E07000069,2/1/24,1210
E07000070,2/1/24,2815
E07000071,2/1/24,3600
E07000072,2/1/24,2390
E07000073,2/1/24,2805
E07000074,2/1/24,905
E07000075,2/1/24,1120
E07000076,2/1/24,3445
E07000077,2/1/24,1105
E07000078,2/1/24,2060
E07000079,2/1/24,990
E07000080,2/1/24,1465
E07000081,2/1/24,3020
E07000082,2/1/24,1440
E07000083,2/1/24,1315
E07000084,2/1/24,3010
E07000085,2/1/24,1555
E07000086,2/1/24,1750
E07000087,2/1/24,1185
E07000088,2/1/24,1685
E07000089,2/1/24,920
E07000090,2/1/24,2615
E07000091,2/1/24,2120
E07000092,2/1/24,1945
E07000093,2/1/24,1505
E07000094,2/1/24,1590
E07000095,2/1/24,2070
E07000096,2/1/24,2900
E07000098,2/1/24,2160
E07000099,2/1/24,1755
E07000102,2/1/24,1460
E07000103,2/1/24,2755
E07000105,2/1/24,2550
E07000106,2/1/24,3395
E07000107,2/1/24,2315
E07000108,2/1/24,2765
E07000109,2/1/24,2940
E07000110,2/1/24,3455
E07000111,2/1/24,1480
E07000112,2/1/24,2750
E07000113,2/1/24,3560
E07000114,2/1/24,4640
E07000115,2/1/24,1830
E07000116,2/1/24,1665
E07000117,2/1/24,3485
E07000118,2/1/24,1845
E07000119,2/1/24,1335
E07000120,2/1/24,2870
E07000121,2/1/24,2695
E07000122,2/1/24,3385
E07000123,2/1/24,4470
E07000124,2/1/24,655
E07000125,2/1/24,1760
E07000126,2/1/24,1775
E07000127,2/1/24,2100
E07000128,2/1/24,1970
E07000129,2/1/24,1315
E07000130,2/1/24,2645
E07000131,2/1/24,1010
E07000132,2/1/24,1595
E07000133,2/1/24,875
E07000134,2/1/24,1410
E07000135,2/1/24,920
E07000136,2/1/24,1915
E07000137,2/1/24,2870
E07000138,2/1/24,2795
E07000139,2/1/24,1430
E07000140,2/1/24,1725
E07000141,2/1/24,2375
E07000142,2/1/24,1735
E07000143,2/1/24,1980
E07000144,2/1/24,1540
E07000145,2/1/24,3005
E07000146,2/1/24,2430
E07000147,2/1/24,1520
E07000148,2/1/24,3905
E07000149,2/1/24,1700
E07000170,2/1/24,3070
E07000171,2/1/24,2415
E07000172,2/1/24,1870
E07000173,2/1/24,2125
E07000174,2/1/24,2705
E07000175,2/1/24,2220
E07000176,2/1/24,1410
E07000177,2/1/24,2210
E07000178,2/1/24,2800
E07000179,2/1/24,1775
E07000180,2/1/24,1920
E07000181,2/1/24,1285
E07000192,2/1/24,2115
E07000193,2/1/24,2810
E07000194,2/1/24,1525
E07000195,2/1/24,2465
E07000196,2/1/24,1700
E07000197,2/1/24,2155
E07000198,2/1/24,1220
E07000199,2/1/24,1710
E07000200,2/1/24,1330
E07000202,2/1/24,4085
E07000203,2/1/24,1255
E07000207,2/1/24,1790
E07000208,2/1/24,1030
E07000209,2/1/24,1830
E07000210,2/1/24,935
E07000211,2/1/24,1885
E07000212,2/1/24,1395
E07000213,2/1/24,2065
E07000214,2/1/24,1215
E07000215,2/1/24,1155
E07000216,2/1/24,1335
E07000217,2/1/24,1610
E07000218,2/1/24,1040
E07000219,2/1/24,3015
E07000220,2/1/24,1905
E07000221,2/1/24,1595
E07000222,2/1/24,1975
E07000223,2/1/24,965
E07000224,2/1/24,3075
E07000225,2/1/24,2160
E07000226,2/1/24,3080
E07000227,2/1/24,1675
E07000228,2/1/24,1790
E07000229,2/1/24,1880
E07000234,2/1/24,1440
E07000235,2/1/24,1120
E07000236,2/1/24,2080
E07000237,2/1/24,2330
E07000238,2/1/24,2175
E07000239,2/1/24,1880
E07000240,2/1/24,1935
E07000241,2/1/24,2045
E07000242,2/1/24,1915
E07000243,2/1/24,1825
E07000244,2/1/24,3860
E07000245,2/1/24,2610
E08000001,2/1/24,10325
E08000002,2/1/24,5100
E08000003,2/1/24,24245
E08000004,2/1/24,9645
E08000005,2/1/24,8105
E08000006,2/1/24,9200
E08000007,2/1/24,5845
E08000008,2/1/24,6890
E08000009,2/1/24,4435
E08000010,2/1/24,7800
E08000011,2/1/24,4375
E08000012,2/1/24,18765
E08000013,2/1/24,4495
E08000014,2/1/24,6090
E08000015,2/1/24,6845
E08000016,2/1/24,5305
E08000017,2/1/24,8985
E08000018,2/1/24,7020
E08000019,2/1/24,16090
E08000021,2/1/24,8440
E08000022,2/1/24,4345
E08000023,2/1/24,4790
E08000024,2/1/24,7150
E08000025,2/1/24,64905
E08000026,2/1/24,12520
E08000027,2/1/24,9080
E08000028,2/1/24,13200
E08000029,2/1/24,4180
E08000030,2/1/24,9600
E08000031,2/1/24,11940
E08000032,2/1/24,23205
E08000033,2/1/24,5565
E08000034,2/1/24,12110
E08000035,2/1/24,23760
E08000036,2/1/24,8040
E08000037,2/1/24,5395
E09000001,2/1/24,140
E09000002,2/1/24,9885
E09000003,2/1/24,11360
E09000004,2/1/24,5125
E09000005,2/1/24,15800
E09000006,2/1/24,6700
E09000007,2/1/24,6940
E09000008,2/1/24,15010
E09000009,2/1/24,14500
E09000010,2/1/24,12765
E09000011,2/1/24,10450
E09000012,2/1/24,12135
E09000013,2/1/24,6185
E09000014,2/1/24,12725
E09000015,2/1/24,6505
E09000016,2/1/24,6750
E09000017,2/1/24,8740
E09000018,2/1/24,9940
E09000019,2/1/24,9075
E09000020,2/1/24,3385
E09000021,2/1/24,3200
E09000022,2/1/24,13120
E09000023,2/1/24,13385
E09000024,2/1/24,6080
E09000025,2/1/24,17460
E09000026,2/1/24,10320
E09000027,2/1/24,2970
E09000028,2/1/24,12040
E09000029,2/1/24,4080
E09000030,2/1/24,13420
E09000031,2/1/24,12030
E09000032,2/1/24,8375
E09000033,2/1/24,6310
N09000001,2/1/24,2150
N09000002,2/1/24,3680
N09000003,2/1/24,9155
N09000004,2/1/24,2690
N09000005,2/1/24,4595
N09000006,2/1/24,1645
N09000007,2/1/24,1720
N09000008,2/1/24,2495
N09000009,2/1/24,2005
N09000010,2/1/24,3065
N09000011,2/1/24,2620
S12000005,2/1/24,1100
S12000006,2/1/24,2350
S12000008,2/1/24,2825
S12000010,2/1/24,1600
S12000011,2/1/24,965
S12000013,2/1/24,305
S12000014,2/1/24,2955
S12000017,2/1/24,3335
S12000018,2/1/24,1685
S12000019,2/1/24,1335
S12000020,2/1/24,1280
S12000021,2/1/24,3505
S12000023,2/1/24,195
S12000026,2/1/24,2080
S12000027,2/1/24,215
S12000028,2/1/24,2335
S12000029,2/1/24,5845
S12000030,2/1/24,1465
S12000033,2/1/24,4780
S12000034,2/1/24,2880
S12000035,2/1/24,1475
S12000036,2/1/24,8760
S12000038,2/1/24,3615
S12000039,2/1/24,2410
S12000040,2/1/24,3160
S12000041,2/1/24,1885
S12000042,2/1/24,3965
S12000045,2/1/24,1225
S12000047,2/1/24,7465
S12000048,2/1/24,2045
S12000049,2/1/24,20985
S12000050,2/1/24,7470
W06000001,2/1/24,1450
W06000002,2/1/24,2020
W06000003,2/1/24,2475
W06000004,2/1/24,2020
W06000005,2/1/24,2640
W06000006,2/1/24,2600
W06000008,2/1/24,1215
W06000009,2/1/24,2345
W06000010,2/1/24,3205
W06000011,2/1/24,5235
W06000012,2/1/24,2640
W06000013,2/1/24,2495
W06000014,2/1/24,2335
W06000015,2/1/24,9565
W06000016,2/1/24,4685
W06000018,2/1/24,3640
W06000019,2/1/24,1775
W06000020,2/1/24,2080
W06000021,2/1/24,1275
W06000022,2/1/24,4785
W06000023,2/1/24,1705
W06000024,2/1/24,1240
E06000001,3/1/24,2885
E06000002,3/1/24,5395
E06000003,3/1/24,3395
E06000004,3/1/24,4865
E06000005,3/1/24,2810
E06000006,3/1/24,3600
E06000007,3/1/24,3265
E06000008,3/1/24,5535
E06000009,3/1/24,5695
E06000010,3/1/24,10345
E06000011,3/1/24,5130
E06000012,3/1/24,4400
E06000013,3/1/24,3695
E06000014,3/1/24,2395
E06000015,3/1/24,8850
E06000016,3/1/24,12770
E06000017,3/1/24,425
E06000018,3/1/24,13300
E06000019,3/1/24,2720
E06000020,3/1/24,4160
E06000021,3/1/24,9645
E06000022,3/1/24,2310
E06000023,3/1/24,11595
E06000024,3/1/24,3330
E06000025,3/1/24,3500
E06000026,3/1/24,5915
E06000027,3/1/24,2730
E06000030,3/1/24,5005
E06000031,3/1/24,7700
E06000032,3/1/24,8695
E06000033,3/1/24,5010
E06000034,3/1/24,4740
E06000035,3/1/24,7090
E06000036,3/1/24,1805
E06000037,3/1/24,2120
E06000038,3/1/24,4960
E06000039,3/1/24,5405
E06000040,3/1/24,2180
E06000041,3/1/24,1960
E06000042,3/1/24,7325
E06000043,3/1/24,7925
E06000044,3/1/24,6655
E06000045,3/1/24,7295
E06000046,3/1/24,3335
E06000047,3/1/24,10645
E06000049,3/1/24,5855
E06000050,3/1/24,5755
E06000051,3/1/24,4380
E06000052,3/1/24,10180
E06000053,3/1/24,25
E06000054,3/1/24,6755
E06000055,3/1/24,4730
E06000056,3/1/24,4230
E06000057,3/1/24,5875
E06000058,3/1/24,8725
E06000059,3/1/24,5200
E06000060,3/1/24,9150
E06000061,3/1/24,7710
E06000062,3/1/24,8630
E06000063,3/1/24,4300
E06000064,3/1/24,2735
E06000065,3/1/24,7725
E06000066,3/1/24,8790
E07000008,3/1/24,2135
E07000009,3/1/24,1100
E07000010,3/1/24,2370
E07000011,3/1/24,2550
E07000012,3/1/24,1805
E07000032,3/1/24,2095
E07000033,3/1/24,1630
E07000034,3/1/24,2450
E07000035,3/1/24,790
E07000036,3/1/24,2410
E07000037,3/1/24,1465
E07000038,3/1/24,1675
E07000039,3/1/24,1705
E07000040,3/1/24,1580
E07000041,3/1/24,1865
E07000042,3/1/24,1000
E07000043,3/1/24,1590
E07000044,3/1/24,960
E07000045,3/1/24,1655
E07000046,3/1/24,980
E07000047,3/1/24,670
E07000061,3/1/24,2725
E07000062,3/1/24,2960
E07000063,3/1/24,1825
E07000064,3/1/24,1590
E07000065,3/1/24,1930
E07000066,3/1/24,4265
E07000067,3/1/24,2670
E07000068,3/1/24,1155
E07000069,3/1/24,1220
E07000070,3/1/24,2745
E07000071,3/1/24,3690
E07000072,3/1/24,2430
E07000073,3/1/24,2815
E07000074,3/1/24,905
E07000075,3/1/24,1145
E07000076,3/1/24,3360
E07000077,3/1/24,1140
E07000078,3/1/24,2040
E07000079,3/1/24,970
E07000080,3/1/24,1475
E07000081,3/1/24,3000
E07000082,3/1/24,1455
E07000083,3/1/24,1320
E07000084,3/1/24,2965
E07000085,3/1/24,1555
E07000086,3/1/24,1775
E07000087,3/1/24,1215
E07000088,3/1/24,1675
E07000089,3/1/24,935
E07000090,3/1/24,2610
E07000091,3/1/24,2085
E07000092,3/1/24,1965
E07000093,3/1/24,1520
E07000094,3/1/24,1650
E07000095,3/1/24,2020
E07000096,3/1/24,2860
E07000098,3/1/24,2135
E07000099,3/1/24,1780
E07000102,3/1/24,1450
E07000103,3/1/24,2675
E07000105,3/1/24,2570
E07000106,3/1/24,3365
E07000107,3/1/24,2320
E07000108,3/1/24,2760
E07000109,3/1/24,2955
E07000110,3/1/24,3500
E07000111,3/1/24,1460
E07000112,3/1/24,2700
E07000113,3/1/24,3535
E07000114,3/1/24,4560
E07000115,3/1/24,1815
E07000116,3/1/24,1655
E07000117,3/1/24,3580
E07000118,3/1/24,1905
E07000119,3/1/24,1325
E07000120,3/1/24,3035
E07000121,3/1/24,2695
E07000122,3/1/24,3610
E07000123,3/1/24,4720
E07000124,3/1/24,695
E07000125,3/1/24,1775
E07000126,3/1/24,1795
E07000127,3/1/24,2110
E07000128,3/1/24,2060
E07000129,3/1/24,1315
E07000130,3/1/24,2590
E07000131,3/1/24,1030
E07000132,3/1/24,1590
E07000133,3/1/24,865
E07000134,3/1/24,1345
E07000135,3/1/24,945
E07000136,3/1/24,1945
E07000137,3/1/24,2765
E07000138,3/1/24,2850
E07000139,3/1/24,1430
E07000140,3/1/24,1725
E07000141,3/1/24,2395
E07000142,3/1/24,1710
E07000143,3/1/24,1975
E07000144,3/1/24,1605
E07000145,3/1/24,3045
E07000146,3/1/24,2400
E07000147,3/1/24,1550
E07000148,3/1/24,3945
E07000149,3/1/24,1715
E07000170,3/1/24,3100
E07000171,3/1/24,2440
E07000172,3/1/24,1895
E07000173,3/1/24,2165
E07000174,3/1/24,2765
E07000175,3/1/24,2235
E07000176,3/1/24,1450
E07000177,3/1/24,2270
E07000178,3/1/24,2820
E07000179,3/1/24,1740
E07000180,3/1/24,1990
E07000181,3/1/24,1265
E07000192,3/1/24,2115
E07000193,3/1/24,2940
E07000194,3/1/24,1555
E07000195,3/1/24,2425
E07000196,3/1/24,1715
E07000197,3/1/24,2185
E07000198,3/1/24,1235
E07000199,3/1/24,1725
E07000200,3/1/24,1315
E07000202,3/1/24,4060
E07000203,3/1/24,1275
E07000207,3/1/24,1790
E07000208,3/1/24,1005
E07000209,3/1/24,1805
E07000210,3/1/24,930
E07000211,3/1/24,1910
E07000212,3/1/24,1370
E07000213,3/1/24,2035
E07000214,3/1/24,1185
E07000215,3/1/24,1145
E07000216,3/1/24,1355
E07000217,3/1/24,1560
E07000218,3/1/24,1040
E07000219,3/1/24,2970
E07000220,3/1/24,1905
E07000221,3/1/24,1600
E07000222,3/1/24,1950
E07000223,3/1/24,980
E07000224,3/1/24,3130
E07000225,3/1/24,2200
E07000226,3/1/24,3145
E07000227,3/1/24,1615
E07000228,3/1/24,1735
E07000229,3/1/24,1845
E07000234,3/1/24,1450
E07000235,3/1/24,1090
E07000236,3/1/24,2070
E07000237,3/1/24,2415
E07000238,3/1/24,2160
E07000239,3/1/24,1850
E07000240,3/1/24,1945
E07000241,3/1/24,2045
E07000242,3/1/24,1870
E07000243,3/1/24,1810
E07000244,3/1/24,3810
E07000245,3/1/24,2590
E08000001,3/1/24,10725
E08000002,3/1/24,5235
E08000003,3/1/24,24535
E08000004,3/1/24,10205
E08000005,3/1/24,8480
E08000006,3/1/24,9185
E08000007,3/1/24,5790
E08000008,3/1/24,7005
E08000009,3/1/24,4480
E08000010,3/1/24,7795
E08000011,3/1/24,4445
E08000012,3/1/24,18730
E08000013,3/1/24,4520
E08000014,3/1/24,6120
E08000015,3/1/24,6840
E08000016,3/1/24,5265
E08000017,3/1/24,8825
E08000018,3/1/24,7045
E08000019,3/1/24,16065
E08000021,3/1/24,8460
E08000022,3/1/24,4370
E08000023,3/1/24,4815
E08000024,3/1/24,7170
E08000025,3/1/24,66020
E08000026,3/1/24,12485
E08000027,3/1/24,9100
E08000028,3/1/24,13285
E08000029,3/1/24,4235
E08000030,3/1/24,9775
E08000031,3/1/24,12135
E08000032,3/1/24,24495
E08000033,3/1/24,5700
E08000034,3/1/24,12785
E08000035,3/1/24,24000
E08000036,3/1/24,8040
E08000037,3/1/24,5430
E09000001,3/1/24,130
E09000002,3/1/24,9885
E09000003,3/1/24,11265
E09000004,3/1/24,5155
E09000005,3/1/24,15590
E09000006,3/1/24,6575
E09000007,3/1/24,6880
E09000008,3/1/24,15045
E09000009,3/1/24,14585
E09000010,3/1/24,12710
E09000011,3/1/24,10380
E09000012,3/1/24,12160
E09000013,3/1/24,6235
E09000014,3/1/24,12705
E09000015,3/1/24,6450
E09000016,3/1/24,6760
E09000017,3/1/24,8785
E09000018,3/1/24,9845
E09000019,3/1/24,9030
E09000020,3/1/24,3340
E09000021,3/1/24,3215
E09000022,3/1/24,13210
E09000023,3/1/24,13615
E09000024,3/1/24,6150
E09000025,3/1/24,17340
E09000026,3/1/24,10225
E09000027,3/1/24,2960
E09000028,3/1/24,12060
E09000029,3/1/24,4090
E09000030,3/1/24,13630
E09000031,3/1/24,12140
E09000032,3/1/24,8390
E09000033,3/1/24,6305
N09000001,3/1/24,2175
N09000002,3/1/24,3740
N09000003,3/1/24,9255
N09000004,3/1/24,2730
N09000005,3/1/24,4655
N09000006,3/1/24,1695
N09000007,3/1/24,1750
N09000008,3/1/24,2525
N09000009,3/1/24,2075
N09000010,3/1/24,3115
N09000011,3/1/24,2685
S12000005,3/1/24,1075
S12000006,3/1/24,2490
S12000008,3/1/24,2895
S12000010,3/1/24,1595
S12000011,3/1/24,1005
S12000013,3/1/24,315
S12000014,3/1/24,2960
S12000017,3/1/24,3300
S12000018,3/1/24,1670
S12000019,3/1/24,1340
S12000020,3/1/24,1315
S12000021,3/1/24,3555
S12000023,3/1/24,215
S12000026,3/1/24,2085
S12000027,3/1/24,215
S12000028,3/1/24,2315
S12000029,3/1/24,6010
S12000030,3/1/24,1510
S12000033,3/1/24,4860
S12000034,3/1/24,2865
S12000035,3/1/24,1540
S12000036,3/1/24,8925
S12000038,3/1/24,3675
S12000039,3/1/24,2350
S12000040,3/1/24,3310
S12000041,3/1/24,1910
S12000042,3/1/24,4065
S12000045,3/1/24,1190
S12000047,3/1/24,7525
S12000048,3/1/24,2105
S12000049,3/1/24,21430
S12000050,3/1/24,7520
W06000001,3/1/24,1420
W06000002,3/1/24,1990
W06000003,3/1/24,2500
W06000004,3/1/24,2030
W06000005,3/1/24,2590
W06000006,3/1/24,2515
W06000008,3/1/24,1210
W06000009,3/1/24,2370
W06000010,3/1/24,3280
W06000011,3/1/24,5340
W06000012,3/1/24,2665
W06000013,3/1/24,2500
W06000014,3/1/24,2355
W06000015,3/1/24,9790
W06000016,3/1/24,4615
W06000018,3/1/24,3620
W06000019,3/1/24,1755
W06000020,3/1/24,2145
W06000021,3/1/24,1310
W06000022,3/1/24,4785
W06000023,3/1/24,1735
W06000024,3/1/24,1190
E06000001,4/1/24,2880
E06000002,4/1/24,5340
E06000003,4/1/24,3305
E06000004,4/1/24,4855
E06000005,4/1/24,2740
E06000006,4/1/24,3595
E06000007,4/1/24,3275
E06000008,4/1/24,5640
E06000009,4/1/24,5530
E06000010,4/1/24,10180
E06000011,4/1/24,4970
E06000012,4/1/24,4295
E06000013,4/1/24,3615
E06000014,4/1/24,2305
E06000015,4/1/24,8865
E06000016,4/1/24,13215
E06000017,4/1/24,420
E06000018,4/1/24,13360
E06000019,4/1/24,2665
E06000020,4/1/24,4095
E06000021,4/1/24,9880
E06000022,4/1/24,2340
E06000023,4/1/24,11370
E06000024,4/1/24,3225
E06000025,4/1/24,3465
E06000026,4/1/24,5740
E06000027,4/1/24,2660
E06000030,4/1/24,4910
E06000031,4/1/24,7685
E06000032,4/1/24,8700
E06000033,4/1/24,4835
E06000034,4/1/24,4785
E06000035,4/1/24,6940
E06000036,4/1/24,1820
E06000037,4/1/24,2070
E06000038,4/1/24,4950
E06000039,4/1/24,5435
E06000040,4/1/24,2200
E06000041,4/1/24,1965
E06000042,4/1/24,7490
E06000043,4/1/24,7800
E06000044,4/1/24,6560
E06000045,4/1/24,7310
E06000046,4/1/24,3200
E06000047,4/1/24,10580
E06000049,4/1/24,5750
E06000050,4/1/24,5675
E06000051,4/1/24,4350
E06000052,4/1/24,9870
E06000053,4/1/24,15
E06000054,4/1/24,6685
E06000055,4/1/24,4690
E06000056,4/1/24,4220
E06000057,4/1/24,5760
E06000058,4/1/24,8665
E06000059,4/1/24,5080
E06000060,4/1/24,9300
E06000061,4/1/24,7770
E06000062,4/1/24,8540
E06000063,4/1/24,4235
E06000064,4/1/24,2670
E06000065,4/1/24,7530
E06000066,4/1/24,8670
E07000008,4/1/24,2130
E07000009,4/1/24,1090
E07000010,4/1/24,2310
E07000011,4/1/24,2600
E07000012,4/1/24,1735
E07000032,4/1/24,2070
E07000033,4/1/24,1630
E07000034,4/1/24,2380
E07000035,4/1/24,810
E07000036,4/1/24,2380
E07000037,4/1/24,1400
E07000038,4/1/24,1650
E07000039,4/1/24,1645
E07000040,4/1/24,1590
E07000041,4/1/24,1890
E07000042,4/1/24,1005
E07000043,4/1/24,1525
E07000044,4/1/24,980
E07000045,4/1/24,1675
E07000046,4/1/24,1000
E07000047,4/1/24,670
E07000061,4/1/24,2670
E07000062,4/1/24,2880
E07000063,4/1/24,1820
E07000064,4/1/24,1530
E07000065,4/1/24,1940
E07000066,4/1/24,4240
E07000067,4/1/24,2660
E07000068,4/1/24,1130
E07000069,4/1/24,1195
E07000070,4/1/24,2760
E07000071,4/1/24,3570
E07000072,4/1/24,2390
E07000073,4/1/24,2785
E07000074,4/1/24,920
E07000075,4/1/24,1140
E07000076,4/1/24,3280
E07000077,4/1/24,1100
E07000078,4/1/24,2005
E07000079,4/1/24,970
E07000080,4/1/24,1505
E07000081,4/1/24,2985
E07000082,4/1/24,1450
E07000083,4/1/24,1295
E07000084,4/1/24,2875
E07000085,4/1/24,1540
E07000086,4/1/24,1755
E07000087,4/1/24,1165
E07000088,4/1/24,1715
E07000089,4/1/24,940
E07000090,4/1/24,2630
E07000091,4/1/24,2045
E07000092,4/1/24,1945
E07000093,4/1/24,1475
E07000094,4/1/24,1630
E07000095,4/1/24,2020
E07000096,4/1/24,2810
E07000098,4/1/24,2110
E07000099,4/1/24,1800
E07000102,4/1/24,1435
E07000103,4/1/24,2665
E07000105,4/1/24,2530
E07000106,4/1/24,3280
E07000107,4/1/24,2250
E07000108,4/1/24,2635
E07000109,4/1/24,2980
E07000110,4/1/24,3475
E07000111,4/1/24,1450
E07000112,4/1/24,2605
E07000113,4/1/24,3440
E07000114,4/1/24,4415
E07000115,4/1/24,1760
E07000116,4/1/24,1650
E07000117,4/1/24,3670
E07000118,4/1/24,1885
E07000119,4/1/24,1305
E07000120,4/1/24,3035
E07000121,4/1/24,2695
E07000122,4/1/24,3750
E07000123,4/1/24,4740
E07000124,4/1/24,690
E07000125,4/1/24,1805
E07000126,4/1/24,1780
E07000127,4/1/24,2070
E07000128,4/1/24,2030
E07000129,4/1/24,1350
E07000130,4/1/24,2595
E07000131,4/1/24,1050
E07000132,4/1/24,1570
E07000133,4/1/24,885
E07000134,4/1/24,1340
E07000135,4/1/24,960
E07000136,4/1/24,1825
E07000137,4/1/24,2480
E07000138,4/1/24,2755
E07000139,4/1/24,1425
E07000140,4/1/24,1660
E07000141,4/1/24,2350
E07000142,4/1/24,1675
E07000143,4/1/24,1960
E07000144,4/1/24,1525
E07000145,4/1/24,3000
E07000146,4/1/24,2400
E07000147,4/1/24,1510
E07000148,4/1/24,3845
E07000149,4/1/24,1695
E07000170,4/1/24,3105
E07000171,4/1/24,2410
E07000172,4/1/24,1885
E07000173,4/1/24,2150
E07000174,4/1/24,2700
E07000175,4/1/24,2215
E07000176,4/1/24,1410
E07000177,4/1/24,2335
E07000178,4/1/24,2825
E07000179,4/1/24,1745
E07000180,4/1/24,1960
E07000181,4/1/24,1250
E07000192,4/1/24,2055
E07000193,4/1/24,2915
E07000194,4/1/24,1445
E07000195,4/1/24,2350
E07000196,4/1/24,1680
E07000197,4/1/24,2135
E07000198,4/1/24,1220
E07000199,4/1/24,1715
E07000200,4/1/24,1265
E07000202,4/1/24,3960
E07000203,4/1/24,1295
E07000207,4/1/24,1765
E07000208,4/1/24,950
E07000209,4/1/24,1760
E07000210,4/1/24,880
E07000211,4/1/24,1875
E07000212,4/1/24,1340
E07000213,4/1/24,1940
E07000214,4/1/24,1135
E07000215,4/1/24,1125
E07000216,4/1/24,1325
E07000217,4/1/24,1570
E07000218,4/1/24,1015
E07000219,4/1/24,3010
E07000220,4/1/24,1900
E07000221,4/1/24,1545
E07000222,4/1/24,1920
E07000223,4/1/24,940
E07000224,4/1/24,3135
E07000225,4/1/24,2115
E07000226,4/1/24,3090
E07000227,4/1/24,1585
E07000228,4/1/24,1700
E07000229,4/1/24,1805
E07000234,4/1/24,1390
E07000235,4/1/24,1110
E07000236,4/1/24,2015
E07000237,4/1/24,2400
E07000238,4/1/24,2100
E07000239,4/1/24,1795
E07000240,4/1/24,1900
E07000241,4/1/24,2060
E07000242,4/1/24,1820
E07000243,4/1/24,1860
E07000244,4/1/24,3655
E07000245,4/1/24,2585
E08000001,4/1/24,10680
E08000002,4/1/24,5265
E08000003,4/1/24,24655
E08000004,4/1/24,10355
E08000005,4/1/24,8625
E08000006,4/1/24,9170
E08000007,4/1/24,5750
E08000008,4/1/24,7035
E08000009,4/1/24,4420
E08000010,4/1/24,7690
E08000011,4/1/24,4410
E08000012,4/1/24,18485
E08000013,4/1/24,4435
E08000014,4/1/24,6010
E08000015,4/1/24,6685
E08000016,4/1/24,5190
E08000017,4/1/24,8745
E08000018,4/1/24,7060
E08000019,4/1/24,15950
E08000021,4/1/24,8470
E08000022,4/1/24,4275
E08000023,4/1/24,4715
E08000024,4/1/24,7220
E08000025,4/1/24,65590
E08000026,4/1/24,12385
E08000027,4/1/24,8815
E08000028,4/1/24,13165
E08000029,4/1/24,4095
E08000030,4/1/24,9510
E08000031,4/1/24,11870
E08000032,4/1/24,25340
E08000033,4/1/24,5705
E08000034,4/1/24,13000
E08000035,4/1/24,23980
E08000036,4/1/24,8080
E08000037,4/1/24,5315
E09000001,4/1/24,135
E09000002,4/1/24,9805
E09000003,4/1/24,11110
E09000004,4/1/24,5000
E09000005,4/1/24,15505
E09000006,4/1/24,6530
E09000007,4/1/24,6820
E09000008,4/1/24,14760
E09000009,4/1/24,14455
E09000010,4/1/24,12655
E09000011,4/1/24,10305
E09000012,4/1/24,11940
E09000013,4/1/24,6065
E09000014,4/1/24,12610
E09000015,4/1/24,6470
E09000016,4/1/24,6655
E09000017,4/1/24,8845
E09000018,4/1/24,9700
E09000019,4/1/24,8990
E09000020,4/1/24,3315
E09000021,4/1/24,3150
E09000022,4/1/24,12950
E09000023,4/1/24,13465
E09000024,4/1/24,6075
E09000025,4/1/24,17410
E09000026,4/1/24,10275
E09000027,4/1/24,2880
E09000028,4/1/24,11925
E09000029,4/1/24,4090
E09000030,4/1/24,13445
E09000031,4/1/24,11955
E09000032,4/1/24,8335
E09000033,4/1/24,6205
N09000001,4/1/24,2190
N09000002,4/1/24,3750
N09000003,4/1/24,9220
N09000004,4/1/24,2740
N09000005,4/1/24,4620
N09000006,4/1/24,1735
N09000007,4/1/24,1770
N09000008,4/1/24,2525
N09000009,4/1/24,2115
N09000010,4/1/24,3155
N09000011,4/1/24,2660
S12000005,4/1/24,1025
S12000006,4/1/24,2425
S12000008,4/1/24,2905
S12000010,4/1/24,1575
S12000011,4/1/24,1000
S12000013,4/1/24,295
S12000014,4/1/24,2885
S12000017,4/1/24,3130
S12000018,4/1/24,1595
S12000019,4/1/24,1300
S12000020,4/1/24,1210
S12000021,4/1/24,3495
S12000023,4/1/24,195
S12000026,4/1/24,2045
S12000027,4/1/24,220
S12000028,4/1/24,2280
S12000029,4/1/24,5990
S12000030,4/1/24,1440
S12000033,4/1/24,4825
S12000034,4/1/24,2840
S12000035,4/1/24,1450
S12000036,4/1/24,8790
S12000038,4/1/24,3660
S12000039,4/1/24,2255
S12000040,4/1/24,3130
S12000041,4/1/24,1895
S12000042,4/1/24,3920
S12000045,4/1/24,1235
S12000047,4/1/24,7335
S12000048,4/1/24,2055
S12000049,4/1/24,21205
S12000050,4/1/24,7450
W06000001,4/1/24,1375
W06000002,4/1/24,1905
W06000003,4/1/24,2420
W06000004,4/1/24,1940
W06000005,4/1/24,2560
W06000006,4/1/24,2535
W06000008,4/1/24,1200
W06000009,4/1/24,2315
W06000010,4/1/24,3320
W06000011,4/1/24,5215
W06000012,4/1/24,2660
W06000013,4/1/24,2450
W06000014,4/1/24,2410
W06000015,4/1/24,9725
W06000016,4/1/24,4595
W06000018,4/1/24,3590
W06000019,4/1/24,1755
W06000020,4/1/24,2105
W06000021,4/1/24,1315
W06000022,4/1/24,4835
W06000023,4/1/24,1720
W06000024,4/1/24,1165
E06000001,5/1/24,2860
E06000002,5/1/24,5305
E06000003,5/1/24,3210
E06000004,5/1/24,4860
E06000005,5/1/24,2690
E06000006,5/1/24,3625
E06000007,5/1/24,3230
E06000008,5/1/24,5840
E06000009,5/1/24,5325
E06000010,5/1/24,10250
E06000011,5/1/24,4830
E06000012,5/1/24,4200
E06000013,5/1/24,3595
E06000014,5/1/24,2265
E06000015,5/1/24,8895
E06000016,5/1/24,13785
E06000017,5/1/24,425
E06000018,5/1/24,13625
E06000019,5/1/24,2735
E06000020,5/1/24,4240
E06000021,5/1/24,9560
E06000022,5/1/24,2300
E06000023,5/1/24,11325
E06000024,5/1/24,3175
E06000025,5/1/24,3435
E06000026,5/1/24,5720
E06000027,5/1/24,2585
E06000030,5/1/24,4935
E06000031,5/1/24,7805
E06000032,5/1/24,8825
E06000033,5/1/24,4790
E06000034,5/1/24,4685
E06000035,5/1/24,7065
E06000036,5/1/24,1880
E06000037,5/1/24,2160
E06000038,5/1/24,4975
E06000039,5/1/24,5675
E06000040,5/1/24,2225
E06000041,5/1/24,1980
E06000042,5/1/24,7540
E06000043,5/1/24,7640
E06000044,5/1/24,6595
E06000045,5/1/24,7310
E06000046,5/1/24,3035
E06000047,5/1/24,10525
E06000049,5/1/24,5690
E06000050,5/1/24,5625
E06000051,5/1/24,4495
E06000052,5/1/24,9735
E06000053,5/1/24,20
E06000054,5/1/24,6705
E06000055,5/1/24,4730
E06000056,5/1/24,4255
E06000057,5/1/24,5775
E06000058,5/1/24,8660
E06000059,5/1/24,5010
E06000060,5/1/24,9525
E06000061,5/1/24,7740
E06000062,5/1/24,8770
E06000063,5/1/24,4220
E06000064,5/1/24,2645
E06000065,5/1/24,7380
E06000066,5/1/24,8535
E07000008,5/1/24,2110
E07000009,5/1/24,1095
E07000010,5/1/24,2250
E07000011,5/1/24,2575
E07000012,5/1/24,1730
E07000032,5/1/24,2055
E07000033,5/1/24,1600
E07000034,5/1/24,2290
E07000035,5/1/24,770
E07000036,5/1/24,2235
E07000037,5/1/24,1405
E07000038,5/1/24,1620
E07000039,5/1/24,1645
E07000040,5/1/24,1595
E07000041,5/1/24,1900
E07000042,5/1/24,1040
E07000043,5/1/24,1445
E07000044,5/1/24,1030
E07000045,5/1/24,1705
E07000046,5/1/24,1005
E07000047,5/1/24,685
E07000061,5/1/24,2590
E07000062,5/1/24,2875
E07000063,5/1/24,1820
E07000064,5/1/24,1550
E07000065,5/1/24,1995
E07000066,5/1/24,4220
E07000067,5/1/24,2615
E07000068,5/1/24,1130
E07000069,5/1/24,1205
E07000070,5/1/24,2795
E07000071,5/1/24,3650
E07000072,5/1/24,2435
E07000073,5/1/24,2795
E07000074,5/1/24,915
E07000075,5/1/24,1150
E07000076,5/1/24,3215
E07000077,5/1/24,1125
E07000078,5/1/24,2010
E07000079,5/1/24,960
E07000080,5/1/24,1520
E07000081,5/1/24,3015
E07000082,5/1/24,1410
E07000083,5/1/24,1265
E07000084,5/1/24,2855
E07000085,5/1/24,1560
E07000086,5/1/24,1790
E07000087,5/1/24,1200
E07000088,5/1/24,1695
E07000089,5/1/24,905
E07000090,5/1/24,2560
E07000091,5/1/24,2065
E07000092,5/1/24,1930
E07000093,5/1/24,1460
E07000094,5/1/24,1625
E07000095,5/1/24,2080
E07000096,5/1/24,2850
E07000098,5/1/24,2125
E07000099,5/1/24,1755
E07000102,5/1/24,1480
E07000103,5/1/24,2685
E07000105,5/1/24,2555
E07000106,5/1/24,3225
E07000107,5/1/24,2300
E07000108,5/1/24,2635
E07000109,5/1/24,2920
E07000110,5/1/24,3445
E07000111,5/1/24,1440
E07000112,5/1/24,2520
E07000113,5/1/24,3455
E07000114,5/1/24,4315
E07000115,5/1/24,1770
E07000116,5/1/24,1665
E07000117,5/1/24,3650
E07000118,5/1/24,1900
E07000119,5/1/24,1270
E07000120,5/1/24,3180
E07000121,5/1/24,2670
E07000122,5/1/24,3845
E07000123,5/1/24,4735
E07000124,5/1/24,715
E07000125,5/1/24,1850
E07000126,5/1/24,1750
E07000127,5/1/24,2040
E07000128,5/1/24,1970
E07000129,5/1/24,1415
E07000130,5/1/24,2720
E07000131,5/1/24,1055
E07000132,5/1/24,1635
E07000133,5/1/24,895
E07000134,5/1/24,1295
E07000135,5/1/24,1005
E07000136,5/1/24,1880
E07000137,5/1/24,2285
E07000138,5/1/24,2710
E07000139,5/1/24,1385
E07000140,5/1/24,1670
E07000141,5/1/24,2315
E07000142,5/1/24,1680
E07000143,5/1/24,1915
E07000144,5/1/24,1490
E07000145,5/1/24,2885
E07000146,5/1/24,2335
E07000147,5/1/24,1415
E07000148,5/1/24,3835
E07000149,5/1/24,1715
E07000170,5/1/24,3090
E07000171,5/1/24,2415
E07000172,5/1/24,1855
E07000173,5/1/24,2135
E07000174,5/1/24,2650
E07000175,5/1/24,2145
E07000176,5/1/24,1445
E07000177,5/1/24,2345
E07000178,5/1/24,2800
E07000179,5/1/24,1780
E07000180,5/1/24,1920
E07000181,5/1/24,1220
E07000192,5/1/24,2005
E07000193,5/1/24,2935
E07000194,5/1/24,1425
E07000195,5/1/24,2300
E07000196,5/1/24,1660
E07000197,5/1/24,2120
E07000198,5/1/24,1175
E07000199,5/1/24,1690
E07000200,5/1/24,1260
E07000202,5/1/24,3955
E07000203,5/1/24,1285
E07000207,5/1/24,1735
E07000208,5/1/24,965
E07000209,5/1/24,1770
E07000210,5/1/24,910
E07000211,5/1/24,1905
E07000212,5/1/24,1360
E07000213,5/1/24,2015
E07000214,5/1/24,1115
E07000215,5/1/24,1145
E07000216,5/1/24,1330
E07000217,5/1/24,1565
E07000218,5/1/24,1015
E07000219,5/1/24,3100
E07000220,5/1/24,1940
E07000221,5/1/24,1535
E07000222,5/1/24,1935
E07000223,5/1/24,930
E07000224,5/1/24,3040
E07000225,5/1/24,2065
E07000226,5/1/24,3205
E07000227,5/1/24,1625
E07000228,5/1/24,1665
E07000229,5/1/24,1785
E07000234,5/1/24,1425
E07000235,5/1/24,1090
E07000236,5/1/24,2055
E07000237,5/1/24,2485
E07000238,5/1/24,2125
E07000239,5/1/24,1805
E07000240,5/1/24,1940
E07000241,5/1/24,2085
E07000242,5/1/24,1850
E07000243,5/1/24,1845
E07000244,5/1/24,3600
E07000245,5/1/24,2570
E08000001,5/1/24,10865
E08000002,5/1/24,5385
E08000003,5/1/24,25095
E08000004,5/1/24,10570
E08000005,5/1/24,8865
E08000006,5/1/24,9405
E08000007,5/1/24,5780
E08000008,5/1/24,6975
E08000009,5/1/24,4395
E08000010,5/1/24,7680
E08000011,5/1/24,4460
E08000012,5/1/24,18615
E08000013,5/1/24,4385
E08000014,5/1/24,6045
E08000015,5/1/24,6670
E08000016,5/1/24,5190
E08000017,5/1/24,8805
E08000018,5/1/24,7125
E08000019,5/1/24,16475
E08000021,5/1/24,8685
E08000022,5/1/24,4355
E08000023,5/1/24,4685
E08000024,5/1/24,7310
E08000025,5/1/24,67195
E08000026,5/1/24,12685
E08000027,5/1/24,8815
E08000028,5/1/24,13355
E08000029,5/1/24,4115
E08000030,5/1/24,9620
E08000031,5/1/24,11950
E08000032,5/1/24,25650
E08000033,5/1/24,5730
E08000034,5/1/24,13225
E08000035,5/1/24,24225
E08000036,5/1/24,8055
E08000037,5/1/24,5215
E09000001,5/1/24,130
E09000002,5/1/24,10110
E09000003,5/1/24,11430
E09000004,5/1/24,5125
E09000005,5/1/24,15825
E09000006,5/1/24,6575
E09000007,5/1/24,6935
E09000008,5/1/24,14860
E09000009,5/1/24,14645
E09000010,5/1/24,13130
E09000011,5/1/24,10450
E09000012,5/1/24,12315
E09000013,5/1/24,6130
E09000014,5/1/24,12915
E09000015,5/1/24,6625
E09000016,5/1/24,6815
E09000017,5/1/24,9060
E09000018,5/1/24,9830
E09000019,5/1/24,9140
E09000020,5/1/24,3385
E09000021,5/1/24,3155
E09000022,5/1/24,13115
E09000023,5/1/24,13490
E09000024,5/1/24,6215
E09000025,5/1/24,18000
E09000026,5/1/24,10700
E09000027,5/1/24,2885
E09000028,5/1/24,12140
E09000029,5/1/24,4205
E09000030,5/1/24,13910
E09000031,5/1/24,12285
E09000032,5/1/24,8445
E09000033,5/1/24,6285
N09000001,5/1/24,2175
N09000002,5/1/24,3730
N09000003,5/1/24,9025
N09000004,5/1/24,2685
N09000005,5/1/24,4560
N09000006,5/1/24,1770
N09000007,5/1/24,1785
N09000008,5/1/24,2495
N09000009,5/1/24,2205
N09000010,5/1/24,3190
N09000011,5/1/24,2610
S12000005,5/1/24,1035
S12000006,5/1/24,2405
S12000008,5/1/24,2860
S12000010,5/1/24,1575
S12000011,5/1/24,980
S12000013,5/1/24,265
S12000014,5/1/24,2835
S12000017,5/1/24,3115
S12000018,5/1/24,1620
S12000019,5/1/24,1305
S12000020,5/1/24,1200
S12000021,5/1/24,3435
S12000023,5/1/24,220
S12000026,5/1/24,2055
S12000027,5/1/24,220
S12000028,5/1/24,2180
S12000029,5/1/24,5970
S12000030,5/1/24,1395
S12000033,5/1/24,4905
S12000034,5/1/24,2860
S12000035,5/1/24,1330
S12000036,5/1/24,8760
S12000038,5/1/24,3635
S12000039,5/1/24,2225
S12000040,5/1/24,3115
S12000041,5/1/24,1865
S12000042,5/1/24,3875
S12000045,5/1/24,1210
S12000047,5/1/24,7360
S12000048,5/1/24,2040
S12000049,5/1/24,21460
S12000050,5/1/24,7255
W06000001,5/1/24,1340
W06000002,5/1/24,1850
W06000003,5/1/24,2380
W06000004,5/1/24,1940
W06000005,5/1/24,2605
W06000006,5/1/24,2520
W06000008,5/1/24,1185
W06000009,5/1/24,2300
W06000010,5/1/24,3385
W06000011,5/1/24,5195
W06000012,5/1/24,2620
W06000013,5/1/24,2550
W06000014,5/1/24,2460
W06000015,5/1/24,9845
W06000016,5/1/24,4600
W06000018,5/1/24,3610
W06000019,5/1/24,1730
W06000020,5/1/24,2065
W06000021,5/1/24,1315
W06000022,5/1/24,4870
W06000023,5/1/24,1790
W06000024,5/1/24,1185
E06000001,6/1/24,2850
E06000002,6/1/24,5340
E06000003,6/1/24,3180
E06000004,6/1/24,4845
E06000005,6/1/24,2725
E06000006,6/1/24,3600
E06000007,6/1/24,3255
E06000008,6/1/24,5800
E06000009,6/1/24,5180
E06000010,6/1/24,10235
E06000011,6/1/24,4810
E06000012,6/1/24,4355
E06000013,6/1/24,3730
E06000014,6/1/24,2300
E06000015,6/1/24,9025
E06000016,6/1/24,14475
E06000017,6/1/24,415
E06000018,6/1/24,13825
E06000019,6/1/24,2890
E06000020,6/1/24,4395
E06000021,6/1/24,9645
E06000022,6/1/24,2315
E06000023,6/1/24,11545
E06000024,6/1/24,3185
E06000025,6/1/24,3500
E06000026,6/1/24,5685
E06000027,6/1/24,2530
E06000030,6/1/24,4955
E06000031,6/1/24,7815
E06000032,6/1/24,9405
E06000033,6/1/24,4815
E06000034,6/1/24,4830
E06000035,6/1/24,7050
E06000036,6/1/24,1920
E06000037,6/1/24,2125
E06000038,6/1/24,5180
E06000039,6/1/24,5705
E06000040,6/1/24,2220
E06000041,6/1/24,1960
E06000042,6/1/24,7675
E06000043,6/1/24,7790
E06000044,6/1/24,6640
E06000045,6/1/24,7445
E06000046,6/1/24,2935
E06000047,6/1/24,10555
E06000049,6/1/24,5685
E06000050,6/1/24,5610
E06000051,6/1/24,4705
E06000052,6/1/24,9595
E06000053,6/1/24,10
E06000054,6/1/24,6700
E06000055,6/1/24,4770
E06000056,6/1/24,4430
E06000057,6/1/24,5755
E06000058,6/1/24,8720
E06000059,6/1/24,5075
E06000060,6/1/24,9770
E06000061,6/1/24,7745
E06000062,6/1/24,8900
E06000063,6/1/24,4260
E06000064,6/1/24,2655
E06000065,6/1/24,7560
E06000066,6/1/24,8495
E07000008,6/1/24,2140
E07000009,6/1/24,1080
E07000010,6/1/24,2315
E07000011,6/1/24,2600
E07000012,6/1/24,1770
E07000032,6/1/24,2015
E07000033,6/1/24,1630
E07000034,6/1/24,2295
E07000035,6/1/24,795
E07000036,6/1/24,2220
E07000037,6/1/24,1380
E07000038,6/1/24,1620
E07000039,6/1/24,1660
E07000040,6/1/24,1630
E07000041,6/1/24,1930
E07000042,6/1/24,1045
E07000043,6/1/24,1445
E07000044,6/1/24,1055
E07000045,6/1/24,1715
E07000046,6/1/24,1030
E07000047,6/1/24,685
E07000061,6/1/24,2540
E07000062,6/1/24,2930
E07000063,6/1/24,1890
E07000064,6/1/24,1590
E07000065,6/1/24,2095
E07000066,6/1/24,4405
E07000067,6/1/24,2635
E07000068,6/1/24,1155
E07000069,6/1/24,1210
E07000070,6/1/24,2895
E07000071,6/1/24,3730
E07000072,6/1/24,2485
E07000073,6/1/24,2795
E07000074,6/1/24,980
E07000075,6/1/24,1120
E07000076,6/1/24,3230
E07000077,6/1/24,1125
E07000078,6/1/24,2025
E07000079,6/1/24,960
E07000080,6/1/24,1590
E07000081,6/1/24,3010
E07000082,6/1/24,1405
E07000083,6/1/24,1260
E07000084,6/1/24,2870
E07000085,6/1/24,1540
E07000086,6/1/24,1775
E07000087,6/1/24,1160
E07000088,6/1/24,1655
E07000089,6/1/24,935
E07000090,6/1/24,2575
E07000091,6/1/24,2025
E07000092,6/1/24,1995
E07000093,6/1/24,1480
E07000094,6/1/24,1655
E07000095,6/1/24,2105
E07000096,6/1/24,3020
E07000098,6/1/24,2220
E07000099,6/1/24,1845
E07000102,6/1/24,1515
E07000103,6/1/24,2835
E07000105,6/1/24,2510
E07000106,6/1/24,3195
E07000107,6/1/24,2360
E07000108,6/1/24,2590
E07000109,6/1/24,2940
E07000110,6/1/24,3475
E07000111,6/1/24,1470
E07000112,6/1/24,2500
E07000113,6/1/24,3365
E07000114,6/1/24,4260
E07000115,6/1/24,1730
E07000116,6/1/24,1655
E07000117,6/1/24,3620
E07000118,6/1/24,1880
E07000119,6/1/24,1240
E07000120,6/1/24,3145
E07000121,6/1/24,2670
E07000122,6/1/24,3890
E07000123,6/1/24,4785
E07000124,6/1/24,685
E07000125,6/1/24,1745
E07000126,6/1/24,1750
E07000127,6/1/24,2085
E07000128,6/1/24,1970
E07000129,6/1/24,1405
E07000130,6/1/24,2810
E07000131,6/1/24,1075
E07000132,6/1/24,1630
E07000133,6/1/24,910
E07000134,6/1/24,1320
E07000135,6/1/24,1010
E07000136,6/1/24,1865
E07000137,6/1/24,2250
E07000138,6/1/24,2735
E07000139,6/1/24,1385
E07000140,6/1/24,1675
E07000141,6/1/24,2260
E07000142,6/1/24,1680
E07000143,6/1/24,1920
E07000144,6/1/24,1465
E07000145,6/1/24,2900
E07000146,6/1/24,2385
E07000147,6/1/24,1410
E07000148,6/1/24,3865
E07000149,6/1/24,1720
E07000170,6/1/24,3150
E07000171,6/1/24,2385
E07000172,6/1/24,1845
E07000173,6/1/24,2175
E07000174,6/1/24,2625
E07000175,6/1/24,2160
E07000176,6/1/24,1475
E07000177,6/1/24,2405
E07000178,6/1/24,2870
E07000179,6/1/24,1765
E07000180,6/1/24,1950
E07000181,6/1/24,1275
E07000192,6/1/24,2055
E07000193,6/1/24,3000
E07000194,6/1/24,1445
E07000195,6/1/24,2330
E07000196,6/1/24,1735
E07000197,6/1/24,2170
E07000198,6/1/24,1260
E07000199,6/1/24,1660
E07000200,6/1/24,1320
E07000202,6/1/24,4070
E07000203,6/1/24,1320
E07000207,6/1/24,1760
E07000208,6/1/24,975
E07000209,6/1/24,1825
E07000210,6/1/24,955
E07000211,6/1/24,1910
E07000212,6/1/24,1390
E07000213,6/1/24,2060
E07000214,6/1/24,1175
E07000215,6/1/24,1205
E07000216,6/1/24,1360
E07000217,6/1/24,1620
E07000218,6/1/24,1030
E07000219,6/1/24,3225
E07000220,6/1/24,2000
E07000221,6/1/24,1635
E07000222,6/1/24,2020
E07000223,6/1/24,960
E07000224,6/1/24,3135
E07000225,6/1/24,2110
E07000226,6/1/24,3385
E07000227,6/1/24,1645
E07000228,6/1/24,1700
E07000229,6/1/24,1915
E07000234,6/1/24,1490
E07000235,6/1/24,1155
E07000236,6/1/24,2095
E07000237,6/1/24,2580
E07000238,6/1/24,2210
E07000239,6/1/24,1885
E07000240,6/1/24,2090
E07000241,6/1/24,2180
E07000242,6/1/24,1845
E07000243,6/1/24,1935
E07000244,6/1/24,3555
E07000245,6/1/24,2570
E08000001,6/1/24,10990
E08000002,6/1/24,5510
E08000003,6/1/24,25775
E08000004,6/1/24,10650
E08000005,6/1/24,9110
E08000006,6/1/24,9360
E08000007,6/1/24,5880
E08000008,6/1/24,7160
E08000009,6/1/24,4495
E08000010,6/1/24,7770
E08000011,6/1/24,4585
E08000012,6/1/24,19170
E08000013,6/1/24,4510
E08000014,6/1/24,6260
E08000015,6/1/24,6900
E08000016,6/1/24,5230
E08000017,6/1/24,8965
E08000018,6/1/24,7250
E08000019,6/1/24,17215
E08000021,6/1/24,8830
E08000022,6/1/24,4425
E08000023,6/1/24,4715
E08000024,6/1/24,7410
E08000025,6/1/24,72000
E08000026,6/1/24,13230
E08000027,6/1/24,9230
E08000028,6/1/24,14230
E08000029,6/1/24,4270
E08000030,6/1/24,10200
E08000031,6/1/24,12350
E08000032,6/1/24,26115
E08000033,6/1/24,5720
E08000034,6/1/24,13495
E08000035,6/1/24,24640
E08000036,6/1/24,8140
E08000037,6/1/24,5305
E09000001,6/1/24,145
E09000002,6/1/24,10570
E09000003,6/1/24,11795
E09000004,6/1/24,5220
E09000005,6/1/24,16430
E09000006,6/1/24,6725
E09000007,6/1/24,7050
E09000008,6/1/24,15145
E09000009,6/1/24,15405
E09000010,6/1/24,13650
E09000011,6/1/24,10665
E09000012,6/1/24,12525
E09000013,6/1/24,6220
E09000014,6/1/24,13280
E09000015,6/1/24,7030
E09000016,6/1/24,6975
E09000017,6/1/24,9300
E09000018,6/1/24,10280
E09000019,6/1/24,9230
E09000020,6/1/24,3430
E09000021,6/1/24,3230
E09000022,6/1/24,13290
E09000023,6/1/24,13745
E09000024,6/1/24,6315
E09000025,6/1/24,18620
E09000026,6/1/24,11065
E09000027,6/1/24,2880
E09000028,6/1/24,12475
E09000029,6/1/24,4275
E09000030,6/1/24,14240
E09000031,6/1/24,12640
E09000032,6/1/24,8605
E09000033,6/1/24,6365
N09000001,6/1/24,2245
N09000002,6/1/24,3925
N09000003,6/1/24,9260
N09000004,6/1/24,2840
N09000005,6/1/24,4685
N09000006,6/1/24,1920
N09000007,6/1/24,1850
N09000008,6/1/24,2570
N09000009,6/1/24,2400
N09000010,6/1/24,3320
N09000011,6/1/24,2750
S12000005,6/1/24,1065
S12000006,6/1/24,2560
S12000008,6/1/24,2865
S12000010,6/1/24,1600
S12000011,6/1/24,1045
S12000013,6/1/24,270
S12000014,6/1/24,2945
S12000017,6/1/24,3170
S12000018,6/1/24,1655
S12000019,6/1/24,1370
S12000020,6/1/24,1270
S12000021,6/1/24,3485
S12000023,6/1/24,245
S12000026,6/1/24,2070
S12000027,6/1/24,215
S12000028,6/1/24,2300
S12000029,6/1/24,5990
S12000030,6/1/24,1440
S12000033,6/1/24,4855
S12000034,6/1/24,2850
S12000035,6/1/24,1275
S12000036,6/1/24,8890
S12000038,6/1/24,3670
S12000039,6/1/24,2210
S12000040,6/1/24,3130
S12000041,6/1/24,1915
S12000042,6/1/24,4055
S12000045,6/1/24,1230
S12000047,6/1/24,7560
S12000048,6/1/24,2080
S12000049,6/1/24,21955
S12000050,6/1/24,7295
W06000001,6/1/24,1390
W06000002,6/1/24,1950
W06000003,6/1/24,2400
W06000004,6/1/24,2000
W06000005,6/1/24,2620
W06000006,6/1/24,2555
W06000008,6/1/24,1210
W06000009,6/1/24,2330
W06000010,6/1/24,3380
W06000011,6/1/24,5280
W06000012,6/1/24,2700
W06000013,6/1/24,2625
W06000014,6/1/24,2465
W06000015,6/1/24,9995
W06000016,6/1/24,4510
W06000018,6/1/24,3625
W06000019,6/1/24,1745
W06000020,6/1/24,2115
W06000021,6/1/24,1300
W06000022,6/1/24,4935
W06000023,6/1/24,1985
W06000024,6/1/24,1190
E06000001,7/1/24,3050
E06000002,7/1/24,5890
E06000003,7/1/24,3350
E06000004,7/1/24,5230
E06000005,7/1/24,2945
E06000006,7/1/24,3800
E06000007,7/1/24,3615
E06000008,7/1/24,6530
E06000009,7/1/24,5475
E06000010,7/1/24,11060
E06000011,7/1/24,5265
E06000012,7/1/24,4670
E06000013,7/1/24,3980
E06000014,7/1/24,2555
E06000015,7/1/24,9520
E06000016,7/1/24,16015
E06000017,7/1/24,445
E06000018,7/1/24,14805
E06000019,7/1/24,3100
E06000020,7/1/24,4695
E06000021,7/1/24,10200
E06000022,7/1/24,2535
E06000023,7/1/24,12410
E06000024,7/1/24,3440
E06000025,7/1/24,3930
E06000026,7/1/24,6150
E06000027,7/1/24,2680
E06000030,7/1/24,5275
E06000031,7/1/24,8680
E06000032,7/1/24,10705
E06000033,7/1/24,5195
E06000034,7/1/24,5145
E06000035,7/1/24,7625
E06000036,7/1/24,2040
E06000037,7/1/24,2315
E06000038,7/1/24,5500
E06000039,7/1/24,6200
E06000040,7/1/24,2335
E06000041,7/1/24,2110
E06000042,7/1/24,8200
E06000043,7/1/24,8315
E06000044,7/1/24,7165
E06000045,7/1/24,7765
E06000046,7/1/24,3125
E06000047,7/1/24,11405
E06000049,7/1/24,6085
E06000050,7/1/24,6060
E06000051,7/1/24,5110
E06000052,7/1/24,10295
E06000053,7/1/24,10
E06000054,7/1/24,7220
E06000055,7/1/24,5290
E06000056,7/1/24,4765
E06000057,7/1/24,6130
E06000058,7/1/24,9170
E06000059,7/1/24,5445
E06000060,7/1/24,10355
E06000061,7/1/24,8215
E06000062,7/1/24,9630
E06000063,7/1/24,4630
E06000064,7/1/24,2910
E06000065,7/1/24,8070
E06000066,7/1/24,8975
E07000008,7/1/24,2265
E07000009,7/1/24,1145
E07000010,7/1/24,2470
E07000011,7/1/24,2820
E07000012,7/1/24,1875
E07000032,7/1/24,2110
E07000033,7/1/24,1730
E07000034,7/1/24,2415
E07000035,7/1/24,845
E07000036,7/1/24,2390
E07000037,7/1/24,1500
E07000038,7/1/24,1725
E07000039,7/1/24,1805
E07000040,7/1/24,1785
E07000041,7/1/24,2145
E07000042,7/1/24,1140
E07000043,7/1/24,1555
E07000044,7/1/24,1085
E07000045,7/1/24,1825
E07000046,7/1/24,1115
E07000047,7/1/24,765
E07000061,7/1/24,2770
E07000062,7/1/24,3045
E07000063,7/1/24,1940
E07000064,7/1/24,1710
E07000065,7/1/24,2295
E07000066,7/1/24,4785
E07000067,7/1/24,2855
E07000068,7/1/24,1250
E07000069,7/1/24,1320
E07000070,7/1/24,3095
E07000071,7/1/24,4040
E07000072,7/1/24,2695
E07000073,7/1/24,2970
E07000074,7/1/24,1025
E07000075,7/1/24,1210
E07000076,7/1/24,3470
E07000077,7/1/24,1145
E07000078,7/1/24,2200
E07000079,7/1/24,1040
E07000080,7/1/24,1650
E07000081,7/1/24,3220
E07000082,7/1/24,1500
E07000083,7/1/24,1370
E07000084,7/1/24,3130
E07000085,7/1/24,1650
E07000086,7/1/24,1965
E07000087,7/1/24,1260
E07000088,7/1/24,1770
E07000089,7/1/24,1040
E07000090,7/1/24,2755
E07000091,7/1/24,2180
E07000092,7/1/24,2095
E07000093,7/1/24,1615
E07000094,7/1/24,1785
E07000095,7/1/24,2335
E07000096,7/1/24,3280
E07000098,7/1/24,2430
E07000099,7/1/24,2005
E07000102,7/1/24,1625
E07000103,7/1/24,3055
E07000105,7/1/24,2710
E07000106,7/1/24,3420
E07000107,7/1/24,2560
E07000108,7/1/24,2680
E07000109,7/1/24,3200
E07000110,7/1/24,3755
E07000111,7/1/24,1570
E07000112,7/1/24,2690
E07000113,7/1/24,3590
E07000114,7/1/24,4605
E07000115,7/1/24,1870
E07000116,7/1/24,1765
E07000117,7/1/24,3995
E07000118,7/1/24,2015
E07000119,7/1/24,1355
E07000120,7/1/24,3325
E07000121,7/1/24,2865
E07000122,7/1/24,4270
E07000123,7/1/24,5210
E07000124,7/1/24,705
E07000125,7/1/24,1880
E07000126,7/1/24,1870
E07000127,7/1/24,2205
E07000128,7/1/24,2145
E07000129,7/1/24,1500
E07000130,7/1/24,3020
E07000131,7/1/24,1175
E07000132,7/1/24,1785
E07000133,7/1/24,980
E07000134,7/1/24,1390
E07000135,7/1/24,1135
E07000136,7/1/24,2030
E07000137,7/1/24,2440
E07000138,7/1/24,2940
E07000139,7/1/24,1510
E07000140,7/1/24,1785
E07000141,7/1/24,2435
E07000142,7/1/24,1775
E07000143,7/1/24,2085
E07000144,7/1/24,1605
E07000145,7/1/24,2995
E07000146,7/1/24,2550
E07000147,7/1/24,1540
E07000148,7/1/24,4240
E07000149,7/1/24,1880
E07000170,7/1/24,3315
E07000171,7/1/24,2580
E07000172,7/1/24,2050
E07000173,7/1/24,2335
E07000174,7/1/24,2860
E07000175,7/1/24,2280
E07000176,7/1/24,1580
E07000177,7/1/24,2570
E07000178,7/1/24,3125
E07000179,7/1/24,1875
E07000180,7/1/24,2080
E07000181,7/1/24,1310
E07000192,7/1/24,2200
E07000193,7/1/24,3205
E07000194,7/1/24,1590
E07000195,7/1/24,2510
E07000196,7/1/24,1815
E07000197,7/1/24,2270
E07000198,7/1/24,1325
E07000199,7/1/24,1765
E07000200,7/1/24,1370
E07000202,7/1/24,4500
E07000203,7/1/24,1420
E07000207,7/1/24,1915
E07000208,7/1/24,1085
E07000209,7/1/24,1920
E07000210,7/1/24,1040
E07000211,7/1/24,2050
E07000212,7/1/24,1525
E07000213,7/1/24,2230
E07000214,7/1/24,1265
E07000215,7/1/24,1270
E07000216,7/1/24,1510
E07000217,7/1/24,1705
E07000218,7/1/24,1095
E07000219,7/1/24,3495
E07000220,7/1/24,2175
E07000221,7/1/24,1720
E07000222,7/1/24,2260
E07000223,7/1/24,1060
E07000224,7/1/24,3380
E07000225,7/1/24,2295
E07000226,7/1/24,3530
E07000227,7/1/24,1805
E07000228,7/1/24,1880
E07000229,7/1/24,2030
E07000234,7/1/24,1615
E07000235,7/1/24,1245
E07000236,7/1/24,2215
E07000237,7/1/24,2750
E07000238,7/1/24,2315
E07000239,7/1/24,2005
E07000240,7/1/24,2305
E07000241,7/1/24,2425
E07000242,7/1/24,2000
E07000243,7/1/24,2040
E07000244,7/1/24,3840
E07000245,7/1/24,2825
E08000001,7/1/24,11845
E08000002,7/1/24,5935
E08000003,7/1/24,27920
E08000004,7/1/24,11665
E08000005,7/1/24,9705
E08000006,7/1/24,9965
E08000007,7/1/24,6335
E08000008,7/1/24,7625
E08000009,7/1/24,4890
E08000010,7/1/24,8265
E08000011,7/1/24,5030
E08000012,7/1/24,20745
E08000013,7/1/24,4800
E08000014,7/1/24,6840
E08000015,7/1/24,7450
E08000016,7/1/24,5605
E08000017,7/1/24,9705
E08000018,7/1/24,7705
E08000019,7/1/24,18435
E08000021,7/1/24,9810
E08000022,7/1/24,4670
E08000023,7/1/24,4930
E08000024,7/1/24,8065
E08000025,7/1/24,78095
E08000026,7/1/24,13925
E08000027,7/1/24,10170
E08000028,7/1/24,15840
E08000029,7/1/24,4665
E08000030,7/1/24,11195
E08000031,7/1/24,13290
E08000032,7/1/24,28485
E08000033,7/1/24,6040
E08000034,7/1/24,14760
E08000035,7/1/24,26450
E08000036,7/1/24,8660
E08000037,7/1/24,5740
E09000001,7/1/24,155
E09000002,7/1/24,11865
E09000003,7/1/24,13545
E09000004,7/1/24,5625
E09000005,7/1/24,18620
E09000006,7/1/24,7180
E09000007,7/1/24,7645
E09000008,7/1/24,16470
E09000009,7/1/24,17680
E09000010,7/1/24,16945
E09000011,7/1/24,11145
E09000012,7/1/24,13935
E09000013,7/1/24,6795
E09000014,7/1/24,15190
E09000015,7/1/24,8040
E09000016,7/1/24,7610
E09000017,7/1/24,10405
E09000018,7/1/24,11310
E09000019,7/1/24,9805
E09000020,7/1/24,3830
E09000021,7/1/24,3655
E09000022,7/1/24,14265
E09000023,7/1/24,14680
E09000024,7/1/24,6875
E09000025,7/1/24,20460
E09000026,7/1/24,12400
E09000027,7/1/24,3180
E09000028,7/1/24,13550
E09000029,7/1/24,4730
E09000030,7/1/24,16385
E09000031,7/1/24,13765
E09000032,7/1/24,9390
E09000033,7/1/24,7130
N09000001,7/1/24,2465
N09000002,7/1/24,4250
N09000003,7/1/24,10105
N09000004,7/1/24,3020
N09000005,7/1/24,4995
N09000006,7/1/24,2125
N09000007,7/1/24,2045
N09000008,7/1/24,2795
N09000009,7/1/24,2645
N09000010,7/1/24,3680
N09000011,7/1/24,2965
S12000005,7/1/24,1105
S12000006,7/1/24,2670
S12000008,7/1/24,2975
S12000010,7/1/24,1670
S12000011,7/1/24,1135
S12000013,7/1/24,280
S12000014,7/1/24,3070
S12000017,7/1/24,3360
S12000018,7/1/24,1790
S12000019,7/1/24,1395
S12000020,7/1/24,1320
S12000021,7/1/24,3740
S12000023,7/1/24,235
S12000026,7/1/24,2190
S12000027,7/1/24,240
S12000028,7/1/24,2415
S12000029,7/1/24,6440
S12000030,7/1/24,1495
S12000033,7/1/24,5080
S12000034,7/1/24,2975
S12000035,7/1/24,1350
S12000036,7/1/24,9535
S12000038,7/1/24,3890
S12000039,7/1/24,2405
S12000040,7/1/24,3315
S12000041,7/1/24,2070
S12000042,7/1/24,4380
S12000045,7/1/24,1315
S12000047,7/1/24,8040
S12000048,7/1/24,2230
S12000049,7/1/24,23680
S12000050,7/1/24,7720
W06000001,7/1/24,1465
W06000002,7/1/24,2120
W06000003,7/1/24,2540
W06000004,7/1/24,2155
W06000005,7/1/24,2745
W06000006,7/1/24,2800
W06000008,7/1/24,1260
W06000009,7/1/24,2425
W06000010,7/1/24,3610
W06000011,7/1/24,5680
W06000012,7/1/24,2820
W06000013,7/1/24,2775
W06000014,7/1/24,2695
W06000015,7/1/24,10895
W06000016,7/1/24,4900
W06000018,7/1/24,3835
W06000019,7/1/24,1815
W06000020,7/1/24,2255
W06000021,7/1/24,1395
W06000022,7/1/24,5200
W06000023,7/1/24,2110
W06000024,7/1/24,1270
E06000001,8/1/24,3020
E06000002,8/1/24,5745
E06000003,8/1/24,3405
E06000004,8/1/24,5230
E06000005,8/1/24,2960
E06000006,8/1/24,3760
E06000007,8/1/24,3640
E06000008,8/1/24,6475
E06000009,8/1/24,5315
E06000010,8/1/24,10955
E06000011,8/1/24,5325
E06000012,8/1/24,4715
E06000013,8/1/24,3840
E06000014,8/1/24,2590
E06000015,8/1/24,9420
E06000016,8/1/24,15935
E06000017,8/1/24,420
E06000018,8/1/24,14585
E06000019,8/1/24,3130
E06000020,8/1/24,4720
E06000021,8/1/24,10030
E06000022,8/1/24,2485
E06000023,8/1/24,12465
E06000024,8/1/24,3420
E06000025,8/1/24,3930
E06000026,8/1/24,6125
E06000027,8/1/24,2725
E06000030,8/1/24,5315
E06000031,8/1/24,8545
E06000032,8/1/24,10775
E06000033,8/1/24,5120
E06000034,8/1/24,5205
E06000035,8/1/24,7560
E06000036,8/1/24,2040
E06000037,8/1/24,2315
E06000038,8/1/24,5415
E06000039,8/1/24,6310
E06000040,8/1/24,2380
E06000041,8/1/24,2120
E06000042,8/1/24,8315
E06000043,8/1/24,8390
E06000044,8/1/24,7080
E06000045,8/1/24,7660
E06000046,8/1/24,3125
E06000047,8/1/24,11555
E06000049,8/1/24,6120
E06000050,8/1/24,6085
E06000051,8/1/24,5125
E06000052,8/1/24,10175
E06000053,8/1/24,10
E06000054,8/1/24,7245
E06000055,8/1/24,5350
E06000056,8/1/24,4855
E06000057,8/1/24,6125
E06000058,8/1/24,9185
E06000059,8/1/24,5455
E06000060,8/1/24,10330
E06000061,8/1/24,8095
E06000062,8/1/24,9665
E06000063,8/1/24,4600
E06000064,8/1/24,2905
E06000065,8/1/24,8085
E06000066,8/1/24,8940
E07000008,8/1/24,2260
E07000009,8/1/24,1170
E07000010,8/1/24,2365
E07000011,8/1/24,2800
E07000012,8/1/24,1860
E07000032,8/1/24,2165
E07000033,8/1/24,1715
E07000034,8/1/24,2375
E07000035,8/1/24,825
E07000036,8/1/24,2410
E07000037,8/1/24,1525
E07000038,8/1/24,1730
E07000039,8/1/24,1805
E07000040,8/1/24,1825
E07000041,8/1/24,2165
E07000042,8/1/24,1140
E07000043,8/1/24,1525
E07000044,8/1/24,1070
E07000045,8/1/24,1820
E07000046,8/1/24,1130
E07000047,8/1/24,780
E07000061,8/1/24,2780
E07000062,8/1/24,3045
E07000063,8/1/24,1990
E07000064,8/1/24,1720
E07000065,8/1/24,2280
E07000066,8/1/24,4675
E07000067,8/1/24,2870
E07000068,8/1/24,1210
E07000069,8/1/24,1345
E07000070,8/1/24,3150
E07000071,8/1/24,4070
E07000072,8/1/24,2585
E07000073,8/1/24,3005
E07000074,8/1/24,1055
E07000075,8/1/24,1190
E07000076,8/1/24,3565
E07000077,8/1/24,1180
E07000078,8/1/24,2205
E07000079,8/1/24,1035
E07000080,8/1/24,1610
E07000081,8/1/24,3225
E07000082,8/1/24,1470
E07000083,8/1/24,1395
E07000084,8/1/24,3090
E07000085,8/1/24,1660
E07000086,8/1/24,1995
E07000087,8/1/24,1310
E07000088,8/1/24,1715
E07000089,8/1/24,1070
E07000090,8/1/24,2755
E07000091,8/1/24,2170
E07000092,8/1/24,2140
E07000093,8/1/24,1615
E07000094,8/1/24,1810
E07000095,8/1/24,2285
E07000096,8/1/24,3340
E07000098,8/1/24,2465
E07000099,8/1/24,1995
E07000102,8/1/24,1615
E07000103,8/1/24,3090
E07000105,8/1/24,2655
E07000106,8/1/24,3385
E07000107,8/1/24,2530
E07000108,8/1/24,2625
E07000109,8/1/24,3125
E07000110,8/1/24,3645
E07000111,8/1/24,1530
E07000112,8/1/24,2695
E07000113,8/1/24,3620
E07000114,8/1/24,4545
E07000115,8/1/24,1845
E07000116,8/1/24,1765
E07000117,8/1/24,4000
E07000118,8/1/24,2010
E07000119,8/1/24,1350
E07000120,8/1/24,3300
E07000121,8/1/24,2845
E07000122,8/1/24,4175
E07000123,8/1/24,5240
E07000124,8/1/24,730
E07000125,8/1/24,1900
E07000126,8/1/24,1875
E07000127,8/1/24,2220
E07000128,8/1/24,2140
E07000129,8/1/24,1545
E07000130,8/1/24,3025
E07000131,8/1/24,1175
E07000132,8/1/24,1745
E07000133,8/1/24,1015
E07000134,8/1/24,1415
E07000135,8/1/24,1175
E07000136,8/1/24,1960
E07000137,8/1/24,2400
E07000138,8/1/24,2945
E07000139,8/1/24,1560
E07000140,8/1/24,1800
E07000141,8/1/24,2475
E07000142,8/1/24,1775
E07000143,8/1/24,2130
E07000144,8/1/24,1640
E07000145,8/1/24,2960
E07000146,8/1/24,2540
E07000147,8/1/24,1540
E07000148,8/1/24,4215
E07000149,8/1/24,1900
E07000170,8/1/24,3295
E07000171,8/1/24,2570
E07000172,8/1/24,2040
E07000173,8/1/24,2390
E07000174,8/1/24,2830
E07000175,8/1/24,2300
E07000176,8/1/24,1565
E07000177,8/1/24,2560
E07000178,8/1/24,3130
E07000179,8/1/24,1835
E07000180,8/1/24,2095
E07000181,8/1/24,1310
E07000192,8/1/24,2230
E07000193,8/1/24,3130
E07000194,8/1/24,1620
E07000195,8/1/24,2505
E07000196,8/1/24,1830
E07000197,8/1/24,2290
E07000198,8/1/24,1315
E07000199,8/1/24,1725
E07000200,8/1/24,1420
E07000202,8/1/24,4310
E07000203,8/1/24,1420
E07000207,8/1/24,1930
E07000208,8/1/24,1095
E07000209,8/1/24,1925
E07000210,8/1/24,1025
E07000211,8/1/24,2055
E07000212,8/1/24,1475
E07000213,8/1/24,2220
E07000214,8/1/24,1245
E07000215,8/1/24,1270
E07000216,8/1/24,1465
E07000217,8/1/24,1790
E07000218,8/1/24,1120
E07000219,8/1/24,3575
E07000220,8/1/24,2170
E07000221,8/1/24,1785
E07000222,8/1/24,2255
E07000223,8/1/24,1025
E07000224,8/1/24,3430
E07000225,8/1/24,2285
E07000226,8/1/24,3500
E07000227,8/1/24,1805
E07000228,8/1/24,1955
E07000229,8/1/24,2060
E07000234,8/1/24,1635
E07000235,8/1/24,1260
E07000236,8/1/24,2185
E07000237,8/1/24,2770
E07000238,8/1/24,2330
E07000239,8/1/24,2040
E07000240,8/1/24,2390
E07000241,8/1/24,2385
E07000242,8/1/24,1970
E07000243,8/1/24,2070
E07000244,8/1/24,3785
E07000245,8/1/24,2825
E08000001,8/1/24,11670
E08000002,8/1/24,5915
E08000003,8/1/24,27625
E08000004,8/1/24,11615
E08000005,8/1/24,9580
E08000006,8/1/24,10010
E08000007,8/1/24,6380
E08000008,8/1/24,7660
E08000009,8/1/24,4905
E08000010,8/1/24,8260
E08000011,8/1/24,4980
E08000012,8/1/24,20635
E08000013,8/1/24,4835
E08000014,8/1/24,6780
E08000015,8/1/24,7490
E08000016,8/1/24,5680
E08000017,8/1/24,9625
E08000018,8/1/24,7845
E08000019,8/1/24,18440
E08000021,8/1/24,9640
E08000022,8/1/24,4645
E08000023,8/1/24,4905
E08000024,8/1/24,7960
E08000025,8/1/24,78430
E08000026,8/1/24,13785
E08000027,8/1/24,10145
E08000028,8/1/24,15915
E08000029,8/1/24,4730
E08000030,8/1/24,11315
E08000031,8/1/24,13265
E08000032,8/1/24,28495
E08000033,8/1/24,6085
E08000034,8/1/24,14915
E08000035,8/1/24,26315
E08000036,8/1/24,8730
E08000037,8/1/24,5735
E09000001,8/1/24,155
E09000002,8/1/24,11540
E09000003,8/1/24,13190
E09000004,8/1/24,5635
E09000005,8/1/24,18340
E09000006,8/1/24,7130
E09000007,8/1/24,7560
E09000008,8/1/24,16440
E09000009,8/1/24,17335
E09000010,8/1/24,16255
E09000011,8/1/24,11225
E09000012,8/1/24,13750
E09000013,8/1/24,6730
E09000014,8/1/24,14775
E09000015,8/1/24,7930
E09000016,8/1/24,7630
E09000017,8/1/24,10305
E09000018,8/1/24,11265
E09000019,8/1/24,9820
E09000020,8/1/24,3775
E09000021,8/1/24,3615
E09000022,8/1/24,14275
E09000023,8/1/24,14630
E09000024,8/1/24,6835
E09000025,8/1/24,20190
E09000026,8/1/24,12175
E09000027,8/1/24,3195
E09000028,8/1/24,13440
E09000029,8/1/24,4665
E09000030,8/1/24,16160
E09000031,8/1/24,13540
E09000032,8/1/24,9385
E09000033,8/1/24,6845
N09000001,8/1/24,2565
N09000002,8/1/24,4380
N09000003,8/1/24,10120
N09000004,8/1/24,3085
N09000005,8/1/24,5150
N09000006,8/1/24,2200
N09000007,8/1/24,2090
N09000008,8/1/24,2880
N09000009,8/1/24,2725
N09000010,8/1/24,3755
N09000011,8/1/24,3060
S12000005,8/1/24,1090
S12000006,8/1/24,2625
S12000008,8/1/24,2960
S12000010,8/1/24,1705
S12000011,8/1/24,1160
S12000013,8/1/24,290
S12000014,8/1/24,3040
S12000017,8/1/24,3295
S12000018,8/1/24,1770
S12000019,8/1/24,1425
S12000020,8/1/24,1350
S12000021,8/1/24,3775
S12000023,8/1/24,240
S12000026,8/1/24,2190
S12000027,8/1/24,235
S12000028,8/1/24,2385
S12000029,8/1/24,6395
S12000030,8/1/24,1485
S12000033,8/1/24,5120
S12000034,8/1/24,3030
S12000035,8/1/24,1380
S12000036,8/1/24,9455
S12000038,8/1/24,3870
S12000039,8/1/24,2395
S12000040,8/1/24,3310
S12000041,8/1/24,2070
S12000042,8/1/24,4420
S12000045,8/1/24,1345
S12000047,8/1/24,8035
S12000048,8/1/24,2250
S12000049,8/1/24,23805
S12000050,8/1/24,7840
W06000001,8/1/24,1450
W06000002,8/1/24,2070
W06000003,8/1/24,2530
W06000004,8/1/24,2135
W06000005,8/1/24,2755
W06000006,8/1/24,2810
W06000008,8/1/24,1275
W06000009,8/1/24,2490
W06000010,8/1/24,3625
W06000011,8/1/24,5735
W06000012,8/1/24,2865
W06000013,8/1/24,2810
W06000014,8/1/24,2665
W06000015,8/1/24,10650
W06000016,8/1/24,4905
W06000018,8/1/24,3790
W06000019,8/1/24,1790
W06000020,8/1/24,2290
W06000021,8/1/24,1375
W06000022,8/1/24,5145
W06000023,8/1/24,2080
W06000024,8/1/24,1230
E06000001,9/1/24,2925
E06000002,9/1/24,5665
E06000003,9/1/24,3365
E06000004,9/1/24,5200
E06000005,9/1/24,2860
E06000006,9/1/24,3760
E06000007,9/1/24,3590
E06000008,9/1/24,6565
E06000009,9/1/24,5225
E06000010,9/1/24,10730
E06000011,9/1/24,5180
E06000012,9/1/24,4610
E06000013,9/1/24,3875
E06000014,9/1/24,2500
E06000015,9/1/24,9350
E06000016,9/1/24,15910
E06000017,9/1/24,445
E06000018,9/1/24,14420
E06000019,9/1/24,3210
E06000020,9/1/24,4815
E06000021,9/1/24,10120
E06000022,9/1/24,2540
E06000023,9/1/24,12600
E06000024,9/1/24,3490
E06000025,9/1/24,3935
E06000026,9/1/24,5960
E06000027,9/1/24,2690
E06000030,9/1/24,5275
E06000031,9/1/24,8315
E06000032,9/1/24,10955
E06000033,9/1/24,5180
E06000034,9/1/24,5215
E06000035,9/1/24,7525
E06000036,9/1/24,2065
E06000037,9/1/24,2315
E06000038,9/1/24,5380
E06000039,9/1/24,6425
E06000040,9/1/24,2455
E06000041,9/1/24,2160
E06000042,9/1/24,8390
E06000043,9/1/24,8405
E06000044,9/1/24,7090
E06000045,9/1/24,7755
E06000046,9/1/24,3105
E06000047,9/1/24,11615
E06000049,9/1/24,6045
E06000050,9/1/24,6030
E06000051,9/1/24,5040
E06000052,9/1/24,10170
E06000053,9/1/24,10
E06000054,9/1/24,7250
E06000055,9/1/24,5335
E06000056,9/1/24,4895
E06000057,9/1/24,6045
E06000058,9/1/24,9065
E06000059,9/1/24,5355
E06000060,9/1/24,10540
E06000061,9/1/24,8055
E06000062,9/1/24,9540
E06000063,9/1/24,4445
E06000064,9/1/24,2860
E06000065,9/1/24,7980
E06000066,9/1/24,8835
E07000008,9/1/24,2355
E07000009,9/1/24,1200
E07000010,9/1/24,2365
E07000011,9/1/24,2775
E07000012,9/1/24,1910
E07000032,9/1/24,2145
E07000033,9/1/24,1685
E07000034,9/1/24,2485
E07000035,9/1/24,870
E07000036,9/1/24,2395
E07000037,9/1/24,1550
E07000038,9/1/24,1735
E07000039,9/1/24,1780
E07000040,9/1/24,1780
E07000041,9/1/24,2165
E07000042,9/1/24,1125
E07000043,9/1/24,1545
E07000044,9/1/24,1105
E07000045,9/1/24,1870
E07000046,9/1/24,1105
E07000047,9/1/24,785
E07000061,9/1/24,2780
E07000062,9/1/24,2980
E07000063,9/1/24,2025
E07000064,9/1/24,1645
E07000065,9/1/24,2240
E07000066,9/1/24,4710
E07000067,9/1/24,2875
E07000068,9/1/24,1205
E07000069,9/1/24,1330
E07000070,9/1/24,3165
E07000071,9/1/24,4115
E07000072,9/1/24,2565
E07000073,9/1/24,2935
E07000074,9/1/24,1050
E07000075,9/1/24,1220
E07000076,9/1/24,3510
E07000077,9/1/24,1140
E07000078,9/1/24,2190
E07000079,9/1/24,980
E07000080,9/1/24,1585
E07000081,9/1/24,3310
E07000082,9/1/24,1465
E07000083,9/1/24,1385
E07000084,9/1/24,3180
E07000085,9/1/24,1640
E07000086,9/1/24,2015
E07000087,9/1/24,1340
E07000088,9/1/24,1725
E07000089,9/1/24,1085
E07000090,9/1/24,2680
E07000091,9/1/24,2205
E07000092,9/1/24,2120
E07000093,9/1/24,1690
E07000094,9/1/24,1820
E07000095,9/1/24,2285
E07000096,9/1/24,3370
E07000098,9/1/24,2445
E07000099,9/1/24,1950
E07000102,9/1/24,1660
E07000103,9/1/24,3255
E07000105,9/1/24,2665
E07000106,9/1/24,3305
E07000107,9/1/24,2540
E07000108,9/1/24,2650
E07000109,9/1/24,3170
E07000110,9/1/24,3745
E07000111,9/1/24,1555
E07000112,9/1/24,2655
E07000113,9/1/24,3565
E07000114,9/1/24,4525
E07000115,9/1/24,1885
E07000116,9/1/24,1850
E07000117,9/1/24,3985
E07000118,9/1/24,2035
E07000119,9/1/24,1375
E07000120,9/1/24,3145
E07000121,9/1/24,2865
E07000122,9/1/24,4150
E07000123,9/1/24,5260
E07000124,9/1/24,715
E07000125,9/1/24,1905
E07000126,9/1/24,1845
E07000127,9/1/24,2215
E07000128,9/1/24,2120
E07000129,9/1/24,1520
E07000130,9/1/24,2990
E07000131,9/1/24,1135
E07000132,9/1/24,1790
E07000133,9/1/24,955
E07000134,9/1/24,1400
E07000135,9/1/24,1190
E07000136,9/1/24,1905
E07000137,9/1/24,2330
E07000138,9/1/24,2885
E07000139,9/1/24,1525
E07000140,9/1/24,1800
E07000141,9/1/24,2450
E07000142,9/1/24,1785
E07000143,9/1/24,2135
E07000144,9/1/24,1650
E07000145,9/1/24,2855
E07000146,9/1/24,2530
E07000147,9/1/24,1530
E07000148,9/1/24,4190
E07000149,9/1/24,1940
E07000170,9/1/24,3285
E07000171,9/1/24,2510
E07000172,9/1/24,2055
E07000173,9/1/24,2350
E07000174,9/1/24,2780
E07000175,9/1/24,2260
E07000176,9/1/24,1560
E07000177,9/1/24,2555
E07000178,9/1/24,3175
E07000179,9/1/24,1815
E07000180,9/1/24,2035
E07000181,9/1/24,1285
E07000192,9/1/24,2180
E07000193,9/1/24,3030
E07000194,9/1/24,1595
E07000195,9/1/24,2495
E07000196,9/1/24,1850
E07000197,9/1/24,2260
E07000198,9/1/24,1285
E07000199,9/1/24,1695
E07000200,9/1/24,1380
E07000202,9/1/24,4090
E07000203,9/1/24,1405
E07000207,9/1/24,1955
E07000208,9/1/24,1060
E07000209,9/1/24,1940
E07000210,9/1/24,1010
E07000211,9/1/24,2130
E07000212,9/1/24,1455
E07000213,9/1/24,2240
E07000214,9/1/24,1260
E07000215,9/1/24,1270
E07000216,9/1/24,1485
E07000217,9/1/24,1810
E07000218,9/1/24,1110
E07000219,9/1/24,3580
E07000220,9/1/24,2165
E07000221,9/1/24,1765
E07000222,9/1/24,2320
E07000223,9/1/24,1020
E07000224,9/1/24,3415
E07000225,9/1/24,2350
E07000226,9/1/24,3535
E07000227,9/1/24,1805
E07000228,9/1/24,1915
E07000229,9/1/24,2065
E07000234,9/1/24,1610
E07000235,9/1/24,1235
E07000236,9/1/24,2125
E07000237,9/1/24,2735
E07000238,9/1/24,2360
E07000239,9/1/24,2040
E07000240,9/1/24,2410
E07000241,9/1/24,2370
E07000242,9/1/24,1990
E07000243,9/1/24,2060
E07000244,9/1/24,3745
E07000245,9/1/24,2720
E08000001,9/1/24,11495
E08000002,9/1/24,5920
E08000003,9/1/24,27415
E08000004,9/1/24,11620
E08000005,9/1/24,9385
E08000006,9/1/24,9895
E08000007,9/1/24,6275
E08000008,9/1/24,7680
E08000009,9/1/24,4800
E08000010,9/1/24,8130
E08000011,9/1/24,4970
E08000012,9/1/24,20500
E08000013,9/1/24,4790
E08000014,9/1/24,6840
E08000015,9/1/24,7505
E08000016,9/1/24,5520
E08000017,9/1/24,9580
E08000018,9/1/24,7790
E08000019,9/1/24,18495
E08000021,9/1/24,9565
E08000022,9/1/24,4650
E08000023,9/1/24,4855
E08000024,9/1/24,7930
E08000025,9/1/24,79520
E08000026,9/1/24,13775
E08000027,9/1/24,10235
E08000028,9/1/24,16035
E08000029,9/1/24,4785
E08000030,9/1/24,11455
E08000031,9/1/24,13415
E08000032,9/1/24,28630
E08000033,9/1/24,6100
E08000034,9/1/24,14790
E08000035,9/1/24,26210
E08000036,9/1/24,8610
E08000037,9/1/24,5635
E09000001,9/1/24,150
E09000002,9/1/24,11465
E09000003,9/1/24,13260
E09000004,9/1/24,5710
E09000005,9/1/24,18445
E09000006,9/1/24,7175
E09000007,9/1/24,7650
E09000008,9/1/24,16450
E09000009,9/1/24,17210
E09000010,9/1/24,15980
E09000011,9/1/24,11405
E09000012,9/1/24,13830
E09000013,9/1/24,6680
E09000014,9/1/24,14480
E09000015,9/1/24,8300
E09000016,9/1/24,7665
E09000017,9/1/24,10445
E09000018,9/1/24,11225
E09000019,9/1/24,9955
E09000020,9/1/24,3800
E09000021,9/1/24,3650
E09000022,9/1/24,14640
E09000023,9/1/24,14760
E09000024,9/1/24,7060
E09000025,9/1/24,20585
E09000026,9/1/24,12355
E09000027,9/1/24,3250
E09000028,9/1/24,13480
E09000029,9/1/24,4730
E09000030,9/1/24,16855
E09000031,9/1/24,13515
E09000032,9/1/24,9675
E09000033,9/1/24,6620
N09000001,9/1/24,2550
N09000002,9/1/24,4500
N09000003,9/1/24,10385
N09000004,9/1/24,3170
N09000005,9/1/24,5350
N09000006,9/1/24,2200
N09000007,9/1/24,2150
N09000008,9/1/24,2955
N09000009,9/1/24,2800
N09000010,9/1/24,3830
N09000011,9/1/24,2990
S12000005,9/1/24,1085
S12000006,9/1/24,2510
S12000008,9/1/24,2890
S12000010,9/1/24,1620
S12000011,9/1/24,1115
S12000013,9/1/24,260
S12000014,9/1/24,2985
S12000017,9/1/24,3275
S12000018,9/1/24,1710
S12000019,9/1/24,1395
S12000020,9/1/24,1290
S12000021,9/1/24,3650
S12000023,9/1/24,255
S12000026,9/1/24,2100
S12000027,9/1/24,220
S12000028,9/1/24,2355
S12000029,9/1/24,6110
S12000030,9/1/24,1440
S12000033,9/1/24,4910
S12000034,9/1/24,2925
S12000035,9/1/24,1390
S12000036,9/1/24,9230
S12000038,9/1/24,3690
S12000039,9/1/24,2310
S12000040,9/1/24,3215
S12000041,9/1/24,1955
S12000042,9/1/24,4180
S12000045,9/1/24,1320
S12000047,9/1/24,7750
S12000048,9/1/24,2140
S12000049,9/1/24,23245
S12000050,9/1/24,7515
W06000001,9/1/24,1455
W06000002,9/1/24,2015
W06000003,9/1/24,2515
W06000004,9/1/24,2080
W06000005,9/1/24,2785
W06000006,9/1/24,2805
W06000008,9/1/24,1275
W06000009,9/1/24,2460
W06000010,9/1/24,3705
W06000011,9/1/24,5710
W06000012,9/1/24,2795
W06000013,9/1/24,2800
W06000014,9/1/24,2705
W06000015,9/1/24,10430
W06000016,9/1/24,4940
W06000018,9/1/24,3820
W06000019,9/1/24,1760
W06000020,9/1/24,2245
W06000021,9/1/24,1360
W06000022,9/1/24,5050
W06000023,9/1/24,2105
W06000024,9/1/24,1240
E06000001,10/1/24,2760
E06000002,10/1/24,5680
E06000003,10/1/24,3180
E06000004,10/1/24,5090
E06000005,10/1/24,2725
E06000006,10/1/24,3625
E06000007,10/1/24,3505
E06000008,10/1/24,6575
E06000009,10/1/24,5220
E06000010,10/1/24,10650
E06000011,10/1/24,4980
E06000012,10/1/24,4325
E06000013,10/1/24,3870
E06000014,10/1/24,2525
E06000015,10/1/24,9195
E06000016,10/1/24,16050
E06000017,10/1/24,440
E06000018,10/1/24,14205
E06000019,10/1/24,3180
E06000020,10/1/24,4695
E06000021,10/1/24,10100
E06000022,10/1/24,2470
E06000023,10/1/24,12435
E06000024,10/1/24,3320
E06000025,10/1/24,3875
E06000026,10/1/24,5790
E06000027,10/1/24,2490
E06000030,10/1/24,5245
E06000031,10/1/24,8160
E06000032,10/1/24,11025
E06000033,10/1/24,5200
E06000034,10/1/24,5230
E06000035,10/1/24,7535
E06000036,10/1/24,2060
E06000037,10/1/24,2330
E06000038,10/1/24,5380
E06000039,10/1/24,6630
E06000040,10/1/24,2495
E06000041,10/1/24,2170
E06000042,10/1/24,8425
E06000043,10/1/24,8410
E06000044,10/1/24,6905
E06000045,10/1/24,7735
E06000046,10/1/24,3065
E06000047,10/1/24,11405
E06000049,10/1/24,5895
E06000050,10/1/24,5990
E06000051,10/1/24,5000
E06000052,10/1/24,10105
E06000053,10/1/24,15
E06000054,10/1/24,7175
E06000055,10/1/24,5250
E06000056,10/1/24,4895
E06000057,10/1/24,5930
E06000058,10/1/24,8770
E06000059,10/1/24,5285
E06000060,10/1/24,10645
E06000061,10/1/24,7615
E06000062,10/1/24,9285
E06000063,10/1/24,4410
E06000064,10/1/24,2780
E06000065,10/1/24,7835
E06000066,10/1/24,8735
E07000008,10/1/24,2365
E07000009,10/1/24,1180
E07000010,10/1/24,2335
E07000011,10/1/24,2685
E07000012,10/1/24,1885
E07000032,10/1/24,2100
E07000033,10/1/24,1655
E07000034,10/1/24,2445
E07000035,10/1/24,855
E07000036,10/1/24,2405
E07000037,10/1/24,1545
E07000038,10/1/24,1705
E07000039,10/1/24,1710
E07000040,10/1/24,1650
E07000041,10/1/24,2075
E07000042,10/1/24,1145
E07000043,10/1/24,1550
E07000044,10/1/24,1115
E07000045,10/1/24,1790
E07000046,10/1/24,1065
E07000047,10/1/24,750
E07000061,10/1/24,2760
E07000062,10/1/24,2930
E07000063,10/1/24,2000
E07000064,10/1/24,1615
E07000065,10/1/24,2110
E07000066,10/1/24,4665
E07000067,10/1/24,2830
E07000068,10/1/24,1210
E07000069,10/1/24,1340
E07000070,10/1/24,3150
E07000071,10/1/24,4005
E07000072,10/1/24,2540
E07000073,10/1/24,2865
E07000074,10/1/24,1050
E07000075,10/1/24,1215
E07000076,10/1/24,3555
E07000077,10/1/24,1140
E07000078,10/1/24,2155
E07000079,10/1/24,985
E07000080,10/1/24,1510
E07000081,10/1/24,3180
E07000082,10/1/24,1485
E07000083,10/1/24,1320
E07000084,10/1/24,3195
E07000085,10/1/24,1635
E07000086,10/1/24,1995
E07000087,10/1/24,1260
E07000088,10/1/24,1655
E07000089,10/1/24,1040
E07000090,10/1/24,2655
E07000091,10/1/24,2165
E07000092,10/1/24,2095
E07000093,10/1/24,1635
E07000094,10/1/24,1790
E07000095,10/1/24,2185
E07000096,10/1/24,3345
E07000098,10/1/24,2360
E07000099,10/1/24,1915
E07000102,10/1/24,1675
E07000103,10/1/24,3250
E07000105,10/1/24,2675
E07000106,10/1/24,3410
E07000107,10/1/24,2415
E07000108,10/1/24,2585
E07000109,10/1/24,3165
E07000110,10/1/24,3740
E07000111,10/1/24,1535
E07000112,10/1/24,2675
E07000113,10/1/24,3490
E07000114,10/1/24,4580
E07000115,10/1/24,1900
E07000116,10/1/24,1865
E07000117,10/1/24,3880
E07000118,10/1/24,1945
E07000119,10/1/24,1360
E07000120,10/1/24,3135
E07000121,10/1/24,2845
E07000122,10/1/24,4145
E07000123,10/1/24,5185
E07000124,10/1/24,650
E07000125,10/1/24,1800
E07000126,10/1/24,1745
E07000127,10/1/24,2190
E07000128,10/1/24,1955
E07000129,10/1/24,1520
E07000130,10/1/24,2915
E07000131,10/1/24,1100
E07000132,10/1/24,1755
E07000133,10/1/24,980
E07000134,10/1/24,1400
E07000135,10/1/24,1170
E07000136,10/1/24,1875
E07000137,10/1/24,2425
E07000138,10/1/24,2860
E07000139,10/1/24,1485
E07000140,10/1/24,1755
E07000141,10/1/24,2410
E07000142,10/1/24,1765
E07000143,10/1/24,2045
E07000144,10/1/24,1685
E07000145,10/1/24,2830
E07000146,10/1/24,2475
E07000147,10/1/24,1545
E07000148,10/1/24,4140
E07000149,10/1/24,1880
E07000170,10/1/24,3125
E07000171,10/1/24,2460
E07000172,10/1/24,2055
E07000173,10/1/24,2315
E07000174,10/1/24,2705
E07000175,10/1/24,2280
E07000176,10/1/24,1565
E07000177,10/1/24,2485
E07000178,10/1/24,3125
E07000179,10/1/24,1795
E07000180,10/1/24,2020
E07000181,10/1/24,1235
E07000192,10/1/24,2175
E07000193,10/1/24,2950
E07000194,10/1/24,1520
E07000195,10/1/24,2400
E07000196,10/1/24,1825
E07000197,10/1/24,2220
E07000198,10/1/24,1300
E07000199,10/1/24,1645
E07000200,10/1/24,1355
E07000202,10/1/24,3945
E07000203,10/1/24,1325
E07000207,10/1/24,2020
E07000208,10/1/24,1090
E07000209,10/1/24,1960
E07000210,10/1/24,1025
E07000211,10/1/24,2100
E07000212,10/1/24,1455
E07000213,10/1/24,2220
E07000214,10/1/24,1275
E07000215,10/1/24,1310
E07000216,10/1/24,1515
E07000217,10/1/24,1810
E07000218,10/1/24,1075
E07000219,10/1/24,3580
E07000220,10/1/24,2085
E07000221,10/1/24,1720
E07000222,10/1/24,2305
E07000223,10/1/24,1040
E07000224,10/1/24,3415
E07000225,10/1/24,2325
E07000226,10/1/24,3430
E07000227,10/1/24,1755
E07000228,10/1/24,1845
E07000229,10/1/24,2065
E07000234,10/1/24,1580
E07000235,10/1/24,1215
E07000236,10/1/24,2145
E07000237,10/1/24,2725
E07000238,10/1/24,2305
E07000239,10/1/24,2030
E07000240,10/1/24,2380
E07000241,10/1/24,2385
E07000242,10/1/24,1855
E07000243,10/1/24,2035
E07000244,10/1/24,3745
E07000245,10/1/24,2710
E08000001,10/1/24,11375
E08000002,10/1/24,5740
E08000003,10/1/24,26935
E08000004,10/1/24,11505
E08000005,10/1/24,9330
E08000006,10/1/24,9850
E08000007,10/1/24,6035
E08000008,10/1/24,7625
E08000009,10/1/24,4750
E08000010,10/1/24,7845
E08000011,10/1/24,4910
E08000012,10/1/24,20290
E08000013,10/1/24,4680
E08000014,10/1/24,6740
E08000015,10/1/24,7410
E08000016,10/1/24,5355
E08000017,10/1/24,9185
E08000018,10/1/24,7570
E08000019,10/1/24,18190
E08000021,10/1/24,9500
E08000022,10/1/24,4660
E08000023,10/1/24,4860
E08000024,10/1/24,7815
E08000025,10/1/24,79645
E08000026,10/1/24,13730
E08000027,10/1/24,10205
E08000028,10/1/24,15975
E08000029,10/1/24,4740
E08000030,10/1/24,11405
E08000031,10/1/24,13260
E08000032,10/1/24,28520
E08000033,10/1/24,6070
E08000034,10/1/24,14460
E08000035,10/1/24,26100
E08000036,10/1/24,8525
E08000037,10/1/24,5475
E09000001,10/1/24,160
E09000002,10/1/24,11600
E09000003,10/1/24,13485
E09000004,10/1/24,5740
E09000005,10/1/24,18500
E09000006,10/1/24,7185
E09000007,10/1/24,7865
E09000008,10/1/24,16485
E09000009,10/1/24,17345
E09000010,10/1/24,16060
E09000011,10/1/24,11495
E09000012,10/1/24,14065
E09000013,10/1/24,6775
E09000014,10/1/24,14550
E09000015,10/1/24,8330
E09000016,10/1/24,7715
E09000017,10/1/24,10635
E09000018,10/1/24,11165
E09000019,10/1/24,10005
E09000020,10/1/24,3860
E09000021,10/1/24,3720
E09000022,10/1/24,14830
E09000023,10/1/24,14925
E09000024,10/1/24,7020
E09000025,10/1/24,21235
E09000026,10/1/24,12420
E09000027,10/1/24,3320
E09000028,10/1/24,13485
E09000029,10/1/24,4650
E09000030,10/1/24,17455
E09000031,10/1/24,13645
E09000032,10/1/24,9945
E09000033,10/1/24,6625
N09000001,10/1/24,2525
N09000002,10/1/24,4450
N09000003,10/1/24,10315
N09000004,10/1/24,3150
N09000005,10/1/24,5360
N09000006,10/1/24,2200
N09000007,10/1/24,2085
N09000008,10/1/24,2970
N09000009,10/1/24,2795
N09000010,10/1/24,3820
N09000011,10/1/24,2985
S12000005,10/1/24,1010
S12000006,10/1/24,2495
S12000008,10/1/24,2730
S12000010,10/1/24,1615
S12000011,10/1/24,1035
S12000013,10/1/24,275
S12000014,10/1/24,2810
S12000017,10/1/24,3255
S12000018,10/1/24,1695
S12000019,10/1/24,1365
S12000020,10/1/24,1275
S12000021,10/1/24,3510
S12000023,10/1/24,215
S12000026,10/1/24,2055
S12000027,10/1/24,200
S12000028,10/1/24,2230
S12000029,10/1/24,5875
S12000030,10/1/24,1350
S12000033,10/1/24,4840
S12000034,10/1/24,2860
S12000035,10/1/24,1315
S12000036,10/1/24,9150
S12000038,10/1/24,3505
S12000039,10/1/24,2230
S12000040,10/1/24,2995
S12000041,10/1/24,1900
S12000042,10/1/24,4105
S12000045,10/1/24,1285
S12000047,10/1/24,7610
S12000048,10/1/24,2140
S12000049,10/1/24,22880
S12000050,10/1/24,7280
W06000001,10/1/24,1450
W06000002,10/1/24,2005
W06000003,10/1/24,2500
W06000004,10/1/24,2085
W06000005,10/1/24,2705
W06000006,10/1/24,2725
W06000008,10/1/24,1230
W06000009,10/1/24,2365
W06000010,10/1/24,3565
W06000011,10/1/24,5380
W06000012,10/1/24,2840
W06000013,10/1/24,2670
W06000014,10/1/24,2590
W06000015,10/1/24,10295
W06000016,10/1/24,4860
W06000018,10/1/24,3745
W06000019,10/1/24,1670
W06000020,10/1/24,2170
W06000021,10/1/24,1355
W06000022,10/1/24,4915
W06000023,10/1/24,2035
W06000024,10/1/24,1200
E06000001,11/1/24,2715
E06000002,11/1/24,5415
E06000003,11/1/24,3175
E06000004,11/1/24,4980
E06000005,11/1/24,2720
E06000006,11/1/24,3560
E06000007,11/1/24,3475
E06000008,11/1/24,6310
E06000009,11/1/24,5310
E06000010,11/1/24,10655
E06000011,11/1/24,5045
E06000012,11/1/24,4125
E06000013,11/1/24,3725
E06000014,11/1/24,2520
E06000015,11/1/24,9175
E06000016,11/1/24,15505
E06000017,11/1/24,420
E06000018,11/1/24,13905
E06000019,11/1/24,3075
E06000020,11/1/24,4660
E06000021,11/1/24,9900
E06000022,11/1/24,2475
E06000023,11/1/24,12185
E06000024,11/1/24,3215
E06000025,11/1/24,3725
E06000026,11/1/24,5845
E06000027,11/1/24,2530
E06000030,11/1/24,5135
E06000031,11/1/24,8025
E06000032,11/1/24,10745
E06000033,11/1/24,5120
E06000034,11/1/24,5110
E06000035,11/1/24,7410
E06000036,11/1/24,2035
E06000037,11/1/24,2230
E06000038,11/1/24,5330
E06000039,11/1/24,6605
E06000040,11/1/24,2465
E06000041,11/1/24,2130
E06000042,11/1/24,8170
E06000043,11/1/24,8395
E06000044,11/1/24,6850
E06000045,11/1/24,7505
E06000046,11/1/24,3190
E06000047,11/1/24,11280
E06000049,11/1/24,5730
E06000050,11/1/24,5795
E06000051,11/1/24,4930
E06000052,11/1/24,10345
E06000053,11/1/24,15
E06000054,11/1/24,7135
E06000055,11/1/24,5125
E06000056,11/1/24,4850
E06000057,11/1/24,5865
E06000058,11/1/24,8610
E06000059,11/1/24,5220
E06000060,11/1/24,10665
E06000061,11/1/24,7375
E06000062,11/1/24,8995
E06000063,11/1/24,4285
E06000064,11/1/24,2730
E06000065,11/1/24,7875
E06000066,11/1/24,8585
E07000008,11/1/24,2365
E07000009,11/1/24,1150
E07000010,11/1/24,2285
E07000011,11/1/24,2640
E07000012,11/1/24,1850
E07000032,11/1/24,2070
E07000033,11/1/24,1645
E07000034,11/1/24,2405
E07000035,11/1/24,835
E07000036,11/1/24,2405
E07000037,11/1/24,1470
E07000038,11/1/24,1655
E07000039,11/1/24,1710
E07000040,11/1/24,1630
E07000041,11/1/24,2010
E07000042,11/1/24,1115
E07000043,11/1/24,1585
E07000044,11/1/24,1095
E07000045,11/1/24,1775
E07000046,11/1/24,1080
E07000047,11/1/24,755
E07000061,11/1/24,2850
E07000062,11/1/24,2875
E07000063,11/1/24,2030
E07000064,11/1/24,1605
E07000065,11/1/24,2095
E07000066,11/1/24,4565
E07000067,11/1/24,2745
E07000068,11/1/24,1190
E07000069,11/1/24,1290
E07000070,11/1/24,3065
E07000071,11/1/24,3965
E07000072,11/1/24,2440
E07000073,11/1/24,2760
E07000074,11/1/24,1040
E07000075,11/1/24,1215
E07000076,11/1/24,3550
E07000077,11/1/24,1125
E07000078,11/1/24,2050
E07000079,11/1/24,990
E07000080,11/1/24,1465
E07000081,11/1/24,3100
E07000082,11/1/24,1455
E07000083,11/1/24,1335
E07000084,11/1/24,3045
E07000085,11/1/24,1580
E07000086,11/1/24,1900
E07000087,11/1/24,1235
E07000088,11/1/24,1655
E07000089,11/1/24,1000
E07000090,11/1/24,2635
E07000091,11/1/24,2180
E07000092,11/1/24,1995
E07000093,11/1/24,1590
E07000094,11/1/24,1695
E07000095,11/1/24,2155
E07000096,11/1/24,3240
E07000098,11/1/24,2345
E07000099,11/1/24,1905
E07000102,11/1/24,1635
E07000103,11/1/24,3155
E07000105,11/1/24,2620
E07000106,11/1/24,3310
E07000107,11/1/24,2375
E07000108,11/1/24,2530
E07000109,11/1/24,2985
E07000110,11/1/24,3570
E07000111,11/1/24,1515
E07000112,11/1/24,2640
E07000113,11/1/24,3480
E07000114,11/1/24,4545
E07000115,11/1/24,1845
E07000116,11/1/24,1880
E07000117,11/1/24,3770
E07000118,11/1/24,1900
E07000119,11/1/24,1350
E07000120,11/1/24,3070
E07000121,11/1/24,2820
E07000122,11/1/24,4095
E07000123,11/1/24,5090
E07000124,11/1/24,615
E07000125,11/1/24,1755
E07000126,11/1/24,1710
E07000127,11/1/24,2100
E07000128,11/1/24,1980
E07000129,11/1/24,1465
E07000130,11/1/24,2835
E07000131,11/1/24,1095
E07000132,11/1/24,1685
E07000133,11/1/24,965
E07000134,11/1/24,1395
E07000135,11/1/24,1155
E07000136,11/1/24,1830
E07000137,11/1/24,2580
E07000138,11/1/24,2750
E07000139,11/1/24,1450
E07000140,11/1/24,1735
E07000141,11/1/24,2340
E07000142,11/1/24,1675
E07000143,11/1/24,1990
E07000144,11/1/24,1665
E07000145,11/1/24,2880
E07000146,11/1/24,2465
E07000147,11/1/24,1545
E07000148,11/1/24,4090
E07000149,11/1/24,1835
E07000170,11/1/24,3080
E07000171,11/1/24,2345
E07000172,11/1/24,1995
E07000173,11/1/24,2270
E07000174,11/1/24,2680
E07000175,11/1/24,2190
E07000176,11/1/24,1500
E07000177,11/1/24,2435
E07000178,11/1/24,3210
E07000179,11/1/24,1810
E07000180,11/1/24,1945
E07000181,11/1/24,1230
E07000192,11/1/24,2165
E07000193,11/1/24,2805
E07000194,11/1/24,1520
E07000195,11/1/24,2360
E07000196,11/1/24,1750
E07000197,11/1/24,2110
E07000198,11/1/24,1230
E07000199,11/1/24,1680
E07000200,11/1/24,1355
E07000202,11/1/24,3840
E07000203,11/1/24,1300
E07000207,11/1/24,2010
E07000208,11/1/24,1070
E07000209,11/1/24,1900
E07000210,11/1/24,1015
E07000211,11/1/24,2030
E07000212,11/1/24,1465
E07000213,11/1/24,2195
E07000214,11/1/24,1250
E07000215,11/1/24,1220
E07000216,11/1/24,1450
E07000217,11/1/24,1720
E07000218,11/1/24,1075
E07000219,11/1/24,3455
E07000220,11/1/24,2045
E07000221,11/1/24,1700
E07000222,11/1/24,2285
E07000223,11/1/24,1025
E07000224,11/1/24,3365
E07000225,11/1/24,2315
E07000226,11/1/24,3340
E07000227,11/1/24,1740
E07000228,11/1/24,1810
E07000229,11/1/24,2030
E07000234,11/1/24,1605
E07000235,11/1/24,1175
E07000236,11/1/24,2155
E07000237,11/1/24,2595
E07000238,11/1/24,2245
E07000239,11/1/24,1935
E07000240,11/1/24,2230
E07000241,11/1/24,2400
E07000242,11/1/24,1810
E07000243,11/1/24,2035
E07000244,11/1/24,3755
E07000245,11/1/24,2710
E08000001,11/1/24,11050
E08000002,11/1/24,5575
E08000003,11/1/24,26160
E08000004,11/1/24,11100
E08000005,11/1/24,9035
E08000006,11/1/24,9605
E08000007,11/1/24,5820
E08000008,11/1/24,7545
E08000009,11/1/24,4625
E08000010,11/1/24,7700
E08000011,11/1/24,4770
E08000012,11/1/24,20110
E08000013,11/1/24,4630
E08000014,11/1/24,6615
E08000015,11/1/24,7210
E08000016,11/1/24,5140
E08000017,11/1/24,8930
E08000018,11/1/24,7305
E08000019,11/1/24,17800
E08000021,11/1/24,9365
E08000022,11/1/24,4595
E08000023,11/1/24,4765
E08000024,11/1/24,7705
E08000025,11/1/24,79325
E08000026,11/1/24,13515
E08000027,11/1/24,9885
E08000028,11/1/24,15625
E08000029,11/1/24,4685
E08000030,11/1/24,11170
E08000031,11/1/24,12905
E08000032,11/1/24,27990
E08000033,11/1/24,5905
E08000034,11/1/24,14170
E08000035,11/1/24,25680
E08000036,11/1/24,8255
E08000037,11/1/24,5365
E09000001,11/1/24,150
E09000002,11/1/24,11470
E09000003,11/1/24,13105
E09000004,11/1/24,5580
E09000005,11/1/24,18350
E09000006,11/1/24,7280
E09000007,11/1/24,7675
E09000008,11/1/24,16435
E09000009,11/1/24,17280
E09000010,11/1/24,15715
E09000011,11/1/24,11425
E09000012,11/1/24,14020
E09000013,11/1/24,6680
E09000014,11/1/24,14265
E09000015,11/1/24,8205
E09000016,11/1/24,7550
E09000017,11/1/24,10410
E09000018,11/1/24,10905
E09000019,11/1/24,9850
E09000020,11/1/24,3825
E09000021,11/1/24,3705
E09000022,11/1/24,14665
E09000023,11/1/24,14905
E09000024,11/1/24,6935
E09000025,11/1/24,21020
E09000026,11/1/24,12415
E09000027,11/1/24,3190
E09000028,11/1/24,13350
E09000029,11/1/24,4620
E09000030,11/1/24,17200
E09000031,11/1/24,13530
E09000032,11/1/24,10065
E09000033,11/1/24,6615
N09000001,11/1/24,2345
N09000002,11/1/24,4295
N09000003,11/1/24,9875
N09000004,11/1/24,3015
N09000005,11/1/24,5090
N09000006,11/1/24,2200
N09000007,11/1/24,1980
N09000008,11/1/24,2845
N09000009,11/1/24,2575
N09000010,11/1/24,3590
N09000011,11/1/24,2820
S12000005,11/1/24,1000
S12000006,11/1/24,2400
S12000008,11/1/24,2730
S12000010,11/1/24,1605
S12000011,11/1/24,975
S12000013,11/1/24,295
S12000014,11/1/24,2770
S12000017,11/1/24,3285
S12000018,11/1/24,1685
S12000019,11/1/24,1295
S12000020,11/1/24,1335
S12000021,11/1/24,3405
S12000023,11/1/24,205
S12000026,11/1/24,2045
S12000027,11/1/24,200
S12000028,11/1/24,2200
S12000029,11/1/24,5860
S12000030,11/1/24,1360
S12000033,11/1/24,4900
S12000034,11/1/24,2870
S12000035,11/1/24,1320
S12000036,11/1/24,9310
S12000038,11/1/24,3445
S12000039,11/1/24,2160
S12000040,11/1/24,3080
S12000041,11/1/24,1960
S12000042,11/1/24,3990
S12000045,11/1/24,1220
S12000047,11/1/24,7660
S12000048,11/1/24,2115
S12000049,11/1/24,22445
S12000050,11/1/24,7170
W06000001,11/1/24,1455
W06000002,11/1/24,2045
W06000003,11/1/24,2480
W06000004,11/1/24,2105
W06000005,11/1/24,2690
W06000006,11/1/24,2650
W06000008,11/1/24,1260
W06000009,11/1/24,2415
W06000010,11/1/24,3515
W06000011,11/1/24,5320
W06000012,11/1/24,2895
W06000013,11/1/24,2615
W06000014,11/1/24,2565
W06000015,11/1/24,10195
W06000016,11/1/24,4790
W06000018,11/1/24,3720
W06000019,11/1/24,1670
W06000020,11/1/24,2175
W06000021,11/1/24,1350
W06000022,11/1/24,4805
W06000023,11/1/24,2040
W06000024,11/1/24,1220
E06000001,12/1/24,2610
E06000002,12/1/24,5290
E06000003,12/1/24,3175
E06000004,12/1/24,4850
E06000005,12/1/24,2585
E06000006,12/1/24,3420
E06000007,12/1/24,3425
E06000008,12/1/24,6075
E06000009,12/1/24,5220
E06000010,12/1/24,10385
E06000011,12/1/24,4965
E06000012,12/1/24,4025
E06000013,12/1/24,3690
E06000014,12/1/24,2475
E06000015,12/1/24,8915
E06000016,12/1/24,14915
E06000017,12/1/24,420
E06000018,12/1/24,13765
E06000019,12/1/24,3005
E06000020,12/1/24,4605
E06000021,12/1/24,9690
E06000022,12/1/24,2390
E06000023,12/1/24,12055
E06000024,12/1/24,3160
E06000025,12/1/24,3705
E06000026,12/1/24,5805
E06000027,12/1/24,2570
E06000030,12/1/24,4950
E06000031,12/1/24,7855
E06000032,12/1/24,10520
E06000033,12/1/24,4975
E06000034,12/1/24,5020
E06000035,12/1/24,7425
E06000036,12/1/24,2000
E06000037,12/1/24,2175
E06000038,12/1/24,5315
E06000039,12/1/24,6495
E06000040,12/1/24,2470
E06000041,12/1/24,2090
E06000042,12/1/24,7960
E06000043,12/1/24,8290
E06000044,12/1/24,6680
E06000045,12/1/24,7345
E06000046,12/1/24,3230
E06000047,12/1/24,10875
E06000049,12/1/24,5665
E06000050,12/1/24,5780
E06000051,12/1/24,4825
E06000052,12/1/24,10475
E06000053,12/1/24,20
E06000054,12/1/24,7035
E06000055,12/1/24,5145
E06000056,12/1/24,4785
E06000057,12/1/24,5740
E06000058,12/1/24,8530
E06000059,12/1/24,5210
E06000060,12/1/24,10595
E06000061,12/1/24,7260
E06000062,12/1/24,8845
E06000063,12/1/24,4165
E06000064,12/1/24,2590
E06000065,12/1/24,7775
E06000066,12/1/24,8495
E07000008,12/1/24,2295
E07000009,12/1/24,1140
E07000010,12/1/24,2240
E07000011,12/1/24,2570
E07000012,12/1/24,1850
E07000032,12/1/24,2050
E07000033,12/1/24,1595
E07000034,12/1/24,2335
E07000035,12/1/24,805
E07000036,12/1/24,2330
E07000037,12/1/24,1415
E07000038,12/1/24,1600
E07000039,12/1/24,1700
E07000040,12/1/24,1675
E07000041,12/1/24,1990
E07000042,12/1/24,1090
E07000043,12/1/24,1625
E07000044,12/1/24,1060
E07000045,12/1/24,1785
E07000046,12/1/24,1105
E07000047,12/1/24,715
E07000061,12/1/24,2800
E07000062,12/1/24,2930
E07000063,12/1/24,1995
E07000064,12/1/24,1600
E07000065,12/1/24,2115
E07000066,12/1/24,4610
E07000067,12/1/24,2645
E07000068,12/1/24,1185
E07000069,12/1/24,1290
E07000070,12/1/24,3010
E07000071,12/1/24,3925
E07000072,12/1/24,2465
E07000073,12/1/24,2720
E07000074,12/1/24,1020
E07000075,12/1/24,1210
E07000076,12/1/24,3520
E07000077,12/1/24,1140
E07000078,12/1/24,2060
E07000079,12/1/24,975
E07000080,12/1/24,1430
E07000081,12/1/24,3085
E07000082,12/1/24,1475
E07000083,12/1/24,1355
E07000084,12/1/24,3005
E07000085,12/1/24,1605
E07000086,12/1/24,1865
E07000087,12/1/24,1185
E07000088,12/1/24,1645
E07000089,12/1/24,1005
E07000090,12/1/24,2640
E07000091,12/1/24,2195
E07000092,12/1/24,1985
E07000093,12/1/24,1580
E07000094,12/1/24,1675
E07000095,12/1/24,2180
E07000096,12/1/24,3135
E07000098,12/1/24,2300
E07000099,12/1/24,1845
E07000102,12/1/24,1615
E07000103,12/1/24,3145
E07000105,12/1/24,2655
E07000106,12/1/24,3275
E07000107,12/1/24,2395
E07000108,12/1/24,2475
E07000109,12/1/24,2980
E07000110,12/1/24,3565
E07000111,12/1/24,1500
E07000112,12/1/24,2660
E07000113,12/1/24,3400
E07000114,12/1/24,4600
E07000115,12/1/24,1845
E07000116,12/1/24,1820
E07000117,12/1/24,3835
E07000118,12/1/24,1885
E07000119,12/1/24,1305
E07000120,12/1/24,3030
E07000121,12/1/24,2800
E07000122,12/1/24,4070
E07000123,12/1/24,5005
E07000124,12/1/24,630
E07000125,12/1/24,1735
E07000126,12/1/24,1675
E07000127,12/1/24,2055
E07000128,12/1/24,1890
E07000129,12/1/24,1370
E07000130,12/1/24,2900
E07000131,12/1/24,1025
E07000132,12/1/24,1670
E07000133,12/1/24,975
E07000134,12/1/24,1350
E07000135,12/1/24,1125
E07000136,12/1/24,1875
E07000137,12/1/24,2645
E07000138,12/1/24,2655
E07000139,12/1/24,1420
E07000140,12/1/24,1760
E07000141,12/1/24,2365
E07000142,12/1/24,1660
E07000143,12/1/24,1980
E07000144,12/1/24,1635
E07000145,12/1/24,2805
E07000146,12/1/24,2495
E07000147,12/1/24,1530
E07000148,12/1/24,4020
E07000149,12/1/24,1855
E07000170,12/1/24,3030
E07000171,12/1/24,2335
E07000172,12/1/24,1955
E07000173,12/1/24,2225
E07000174,12/1/24,2640
E07000175,12/1/24,2135
E07000176,12/1/24,1515
E07000177,12/1/24,2460
E07000178,12/1/24,3245
E07000179,12/1/24,1785
E07000180,12/1/24,1885
E07000181,12/1/24,1220
E07000192,12/1/24,2090
E07000193,12/1/24,2780
E07000194,12/1/24,1475
E07000195,12/1/24,2320
E07000196,12/1/24,1700
E07000197,12/1/24,2045
E07000198,12/1/24,1245
E07000199,12/1/24,1610
E07000200,12/1/24,1345
E07000202,12/1/24,3780
E07000203,12/1/24,1255
E07000207,12/1/24,1945
E07000208,12/1/24,1060
E07000209,12/1/24,1885
E07000210,12/1/24,1015
E07000211,12/1/24,2020
E07000212,12/1/24,1445
E07000213,12/1/24,2170
E07000214,12/1/24,1230
E07000215,12/1/24,1220
E07000216,12/1/24,1445
E07000217,12/1/24,1720
E07000218,12/1/24,1055
E07000219,12/1/24,3420
E07000220,12/1/24,1980
E07000221,12/1/24,1670
E07000222,12/1/24,2280
E07000223,12/1/24,1035
E07000224,12/1/24,3290
E07000225,12/1/24,2350
E07000226,12/1/24,3235
E07000227,12/1/24,1680
E07000228,12/1/24,1720
E07000229,12/1/24,2040
E07000234,12/1/24,1560
E07000235,12/1/24,1135
E07000236,12/1/24,2115
E07000237,12/1/24,2505
E07000238,12/1/24,2165
E07000239,12/1/24,1940
E07000240,12/1/24,2175
E07000241,12/1/24,2370
E07000242,12/1/24,1755
E07000243,12/1/24,2025
E07000244,12/1/24,3825
E07000245,12/1/24,2690
E08000001,12/1/24,10855
E08000002,12/1/24,5520
E08000003,12/1/24,25775
E08000004,12/1/24,10970
E08000005,12/1/24,8845
E08000006,12/1/24,9485
E08000007,12/1/24,5470
E08000008,12/1/24,7440
E08000009,12/1/24,4525
E08000010,12/1/24,7585
E08000011,12/1/24,4615
E08000012,12/1/24,19530
E08000013,12/1/24,4535
E08000014,12/1/24,6430
E08000015,12/1/24,7105
E08000016,12/1/24,5005
E08000017,12/1/24,8685
E08000018,12/1/24,7055
E08000019,12/1/24,17720
E08000021,12/1/24,9125
E08000022,12/1/24,4520
E08000023,12/1/24,4730
E08000024,12/1/24,7520
E08000025,12/1/24,78735
E08000026,12/1/24,13075
E08000027,12/1/24,9725
E08000028,12/1/24,15410
E08000029,12/1/24,4655
E08000030,12/1/24,10965
E08000031,12/1/24,12605
E08000032,12/1/24,27290
E08000033,12/1/24,5805
E08000034,12/1/24,13865
E08000035,12/1/24,24930
E08000036,12/1/24,8005
E08000037,12/1/24,5250
E09000001,12/1/24,145
E09000002,12/1/24,11560
E09000003,12/1/24,13060
E09000004,12/1/24,5575
E09000005,12/1/24,18155
E09000006,12/1/24,7275
E09000007,12/1/24,7680
E09000008,12/1/24,16575
E09000009,12/1/24,17120
E09000010,12/1/24,15720
E09000011,12/1/24,11340
E09000012,12/1/24,13905
E09000013,12/1/24,6570
E09000014,12/1/24,14175
E09000015,12/1/24,8185
E09000016,12/1/24,7505
E09000017,12/1/24,10425
E09000018,12/1/24,10610
E09000019,12/1/24,9795
E09000020,12/1/24,3845
E09000021,12/1/24,3665
E09000022,12/1/24,14640
E09000023,12/1/24,14725
E09000024,12/1/24,6845
E09000025,12/1/24,20800
E09000026,12/1/24,12410
E09000027,12/1/24,3085
E09000028,12/1/24,13180
E09000029,12/1/24,4575
E09000030,12/1/24,17030
E09000031,12/1/24,13355
E09000032,12/1/24,10150
E09000033,12/1/24,6650
N09000001,12/1/24,2240
N09000002,12/1/24,4070
N09000003,12/1/24,9480
N09000004,12/1/24,2950
N09000005,12/1/24,4890
N09000006,12/1/24,2035
N09000007,12/1/24,1885
N09000008,12/1/24,2700
N09000009,12/1/24,2400
N09000010,12/1/24,3380
N09000011,12/1/24,2790
S12000005,12/1/24,980
S12000006,12/1/24,2365
S12000008,12/1/24,2735
S12000010,12/1/24,1575
S12000011,12/1/24,965
S12000013,12/1/24,305
S12000014,12/1/24,2730
S12000017,12/1/24,3260
S12000018,12/1/24,1605
S12000019,12/1/24,1270
S12000020,12/1/24,1305
S12000021,12/1/24,3355
S12000023,12/1/24,210
S12000026,12/1/24,1985
S12000027,12/1/24,195
S12000028,12/1/24,2200
S12000029,12/1/24,5610
S12000030,12/1/24,1340
S12000033,12/1/24,4875
S12000034,12/1/24,2775
S12000035,12/1/24,1360
S12000036,12/1/24,8980
S12000038,12/1/24,3305
S12000039,12/1/24,2125
S12000040,12/1/24,2935
S12000041,12/1/24,1965
S12000042,12/1/24,3805
S12000045,12/1/24,1170
S12000047,12/1/24,7450
S12000048,12/1/24,2050
S12000049,12/1/24,21940
S12000050,12/1/24,6935
W06000001,12/1/24,1475
W06000002,12/1/24,2055
W06000003,12/1/24,2460
W06000004,12/1/24,2075
W06000005,12/1/24,2545
W06000006,12/1/24,2495
W06000008,12/1/24,1235
W06000009,12/1/24,2400
W06000010,12/1/24,3395
W06000011,12/1/24,5260
W06000012,12/1/24,2840
W06000013,12/1/24,2610
W06000014,12/1/24,2485
W06000015,12/1/24,10115
W06000016,12/1/24,4700
W06000018,12/1/24,3685
W06000019,12/1/24,1695
W06000020,12/1/24,2130
W06000021,12/1/24,1300
W06000022,12/1/24,4660
W06000023,12/1/24,2025
W06000024,12/1/24,1175
E06000001,1/1/25,2700
E06000002,1/1/25,5370
E06000003,1/1/25,3185
E06000004,1/1/25,4855
E06000005,1/1/25,2600
E06000006,1/1/25,3480
E06000007,1/1/25,3400
E06000008,1/1/25,5980
E06000009,1/1/25,5415
E06000010,1/1/25,10300
E06000011,1/1/25,5005
E06000012,1/1/25,4010
E06000013,1/1/25,3675
E06000014,1/1/25,2525
E06000015,1/1/25,8890
E06000016,1/1/25,14860
E06000017,1/1/25,420
E06000018,1/1/25,13835
E06000019,1/1/25,2975
E06000020,1/1/25,4550
E06000021,1/1/25,9795
E06000022,1/1/25,2370
E06000023,1/1/25,12000
E06000024,1/1/25,3200
E06000025,1/1/25,3710
E06000026,1/1/25,5795
E06000027,1/1/25,2700
E06000030,1/1/25,5005
E06000031,1/1/25,7790
E06000032,1/1/25,10585
E06000033,1/1/25,5000
E06000034,1/1/25,4965
E06000035,1/1/25,7325
E06000036,1/1/25,2050
E06000037,1/1/25,2235
E06000038,1/1/25,5280
E06000039,1/1/25,6435
E06000040,1/1/25,2470
E06000041,1/1/25,2080
E06000042,1/1/25,7880
E06000043,1/1/25,8380
E06000044,1/1/25,6630
E06000045,1/1/25,7510
E06000046,1/1/25,3355
E06000047,1/1/25,10770
E06000049,1/1/25,5575
E06000050,1/1/25,5790
E06000051,1/1/25,4835
E06000052,1/1/25,10870
E06000053,1/1/25,15
E06000054,1/1/25,6975
E06000055,1/1/25,5175
E06000056,1/1/25,4895
E06000057,1/1/25,5755
E06000058,1/1/25,8640
E06000059,1/1/25,5350
E06000060,1/1/25,10695
E06000061,1/1/25,7285
E06000062,1/1/25,8910
E06000063,1/1/25,4200
E06000064,1/1/25,2660
E06000065,1/1/25,7865
E06000066,1/1/25,8490
E07000008,1/1/25,2295
E07000009,1/1/25,1125
E07000010,1/1/25,2310
E07000011,1/1/25,2565
E07000012,1/1/25,1920
E07000032,1/1/25,2050
E07000033,1/1/25,1585
E07000034,1/1/25,2345
E07000035,1/1/25,810
E07000036,1/1/25,2355
E07000037,1/1/25,1425
E07000038,1/1/25,1555
E07000039,1/1/25,1660
E07000040,1/1/25,1710
E07000041,1/1/25,1975
E07000042,1/1/25,1120
E07000043,1/1/25,1755
E07000044,1/1/25,1105
E07000045,1/1/25,1785
E07000046,1/1/25,1135
E07000047,1/1/25,705
E07000061,1/1/25,2785
E07000062,1/1/25,2945
E07000063,1/1/25,1990
E07000064,1/1/25,1660
E07000065,1/1/25,2130
E07000066,1/1/25,4670
E07000067,1/1/25,2620
E07000068,1/1/25,1175
E07000069,1/1/25,1295
E07000070,1/1/25,3010
E07000071,1/1/25,3905
E07000072,1/1/25,2470
E07000073,1/1/25,2715
E07000074,1/1/25,990
E07000075,1/1/25,1230
E07000076,1/1/25,3590
E07000077,1/1/25,1130
E07000078,1/1/25,2090
E07000079,1/1/25,1000
E07000080,1/1/25,1430
E07000081,1/1/25,3135
E07000082,1/1/25,1485
E07000083,1/1/25,1325
E07000084,1/1/25,3015
E07000085,1/1/25,1640
E07000086,1/1/25,1860
E07000087,1/1/25,1205
E07000088,1/1/25,1720
E07000089,1/1/25,990
E07000090,1/1/25,2705
E07000091,1/1/25,2215
E07000092,1/1/25,2015
E07000093,1/1/25,1555
E07000094,1/1/25,1670
E07000095,1/1/25,2150
E07000096,1/1/25,3190
E07000098,1/1/25,2275
E07000099,1/1/25,1900
E07000102,1/1/25,1585
E07000103,1/1/25,3070
E07000105,1/1/25,2615
E07000106,1/1/25,3305
E07000107,1/1/25,2335
E07000108,1/1/25,2425
E07000109,1/1/25,2980
E07000110,1/1/25,3510
E07000111,1/1/25,1540
E07000112,1/1/25,2600
E07000113,1/1/25,3395
E07000114,1/1/25,4480
E07000115,1/1/25,1865
E07000116,1/1/25,1795
E07000117,1/1/25,3725
E07000118,1/1/25,1855
E07000119,1/1/25,1350
E07000120,1/1/25,3005
E07000121,1/1/25,2790
E07000122,1/1/25,3980
E07000123,1/1/25,4930
E07000124,1/1/25,665
E07000125,1/1/25,1705
E07000126,1/1/25,1640
E07000127,1/1/25,2035
E07000128,1/1/25,1955
E07000129,1/1/25,1390
E07000130,1/1/25,2910
E07000131,1/1/25,1070
E07000132,1/1/25,1645
E07000133,1/1/25,995
E07000134,1/1/25,1395
E07000135,1/1/25,1115
E07000136,1/1/25,1865
E07000137,1/1/25,2840
E07000138,1/1/25,2680
E07000139,1/1/25,1415
E07000140,1/1/25,1745
E07000141,1/1/25,2400
E07000142,1/1/25,1655
E07000143,1/1/25,2030
E07000144,1/1/25,1590
E07000145,1/1/25,2915
E07000146,1/1/25,2475
E07000147,1/1/25,1505
E07000148,1/1/25,4065
E07000149,1/1/25,1910
E07000170,1/1/25,2990
E07000171,1/1/25,2355
E07000172,1/1/25,1910
E07000173,1/1/25,2235
E07000174,1/1/25,2670
E07000175,1/1/25,2115
E07000176,1/1/25,1515
E07000177,1/1/25,2505
E07000178,1/1/25,3205
E07000179,1/1/25,1800
E07000180,1/1/25,1910
E07000181,1/1/25,1250
E07000192,1/1/25,2065
E07000193,1/1/25,2795
E07000194,1/1/25,1510
E07000195,1/1/25,2365
E07000196,1/1/25,1690
E07000197,1/1/25,2075
E07000198,1/1/25,1275
E07000199,1/1/25,1575
E07000200,1/1/25,1330
E07000202,1/1/25,3810
E07000203,1/1/25,1250
E07000207,1/1/25,1985
E07000208,1/1/25,1040
E07000209,1/1/25,1850
E07000210,1/1/25,1020
E07000211,1/1/25,2105
E07000212,1/1/25,1450
E07000213,1/1/25,2180
E07000214,1/1/25,1275
E07000215,1/1/25,1240
E07000216,1/1/25,1440
E07000217,1/1/25,1720
E07000218,1/1/25,1060
E07000219,1/1/25,3460
E07000220,1/1/25,1980
E07000221,1/1/25,1660
E07000222,1/1/25,2275
E07000223,1/1/25,1075
E07000224,1/1/25,3370
E07000225,1/1/25,2415
E07000226,1/1/25,3265
E07000227,1/1/25,1730
E07000228,1/1/25,1760
E07000229,1/1/25,2055
E07000234,1/1/25,1545
E07000235,1/1/25,1155
E07000236,1/1/25,2125
E07000237,1/1/25,2470
E07000238,1/1/25,2155
E07000239,1/1/25,1965
E07000240,1/1/25,2125
E07000241,1/1/25,2440
E07000242,1/1/25,1755
E07000243,1/1/25,2035
E07000244,1/1/25,3820
E07000245,1/1/25,2695
E08000001,1/1/25,10735
E08000002,1/1/25,5470
E08000003,1/1/25,25755
E08000004,1/1/25,10725
E08000005,1/1/25,8850
E08000006,1/1/25,9480
E08000007,1/1/25,5465
E08000008,1/1/25,7395
E08000009,1/1/25,4565
E08000010,1/1/25,7570
E08000011,1/1/25,4580
E08000012,1/1/25,19425
E08000013,1/1/25,4565
E08000014,1/1/25,6380
E08000015,1/1/25,7065
E08000016,1/1/25,5045
E08000017,1/1/25,8630
E08000018,1/1/25,7060
E08000019,1/1/25,17580
E08000021,1/1/25,9125
E08000022,1/1/25,4415
E08000023,1/1/25,4655
E08000024,1/1/25,7500
E08000025,1/1/25,77570
E08000026,1/1/25,13045
E08000027,1/1/25,9790
E08000028,1/1/25,15320
E08000029,1/1/25,4635
E08000030,1/1/25,10750
E08000031,1/1/25,12465
E08000032,1/1/25,26555
E08000033,1/1/25,5810
E08000034,1/1/25,13690
E08000035,1/1/25,24995
E08000036,1/1/25,8005
E08000037,1/1/25,5305
E09000001,1/1/25,155
E09000002,1/1/25,11390
E09000003,1/1/25,12865
E09000004,1/1/25,5510
E09000005,1/1/25,18015
E09000006,1/1/25,7265
E09000007,1/1/25,7555
E09000008,1/1/25,16410
E09000009,1/1/25,17065
E09000010,1/1/25,15435
E09000011,1/1/25,11275
E09000012,1/1/25,13800
E09000013,1/1/25,6615
E09000014,1/1/25,14070
E09000015,1/1/25,8285
E09000016,1/1/25,7460
E09000017,1/1/25,10390
E09000018,1/1/25,10550
E09000019,1/1/25,9710
E09000020,1/1/25,3800
E09000021,1/1/25,3645
E09000022,1/1/25,14525
E09000023,1/1/25,14605
E09000024,1/1/25,6790
E09000025,1/1/25,20665
E09000026,1/1/25,12350
E09000027,1/1/25,3145
E09000028,1/1/25,12975
E09000029,1/1/25,4545
E09000030,1/1/25,16655
E09000031,1/1/25,13240
E09000032,1/1/25,9965
E09000033,1/1/25,6605
N09000001,1/1/25,2215
N09000002,1/1/25,3995
N09000003,1/1/25,9185
N09000004,1/1/25,2850
N09000005,1/1/25,4695
N09000006,1/1/25,2045
N09000007,1/1/25,1830
N09000008,1/1/25,2635
N09000009,1/1/25,2365
N09000010,1/1/25,3330
N09000011,1/1/25,2665
S12000005,1/1/25,990
S12000006,1/1/25,2405
S12000008,1/1/25,2745
S12000010,1/1/25,1635
S12000011,1/1/25,940
S12000013,1/1/25,330
S12000014,1/1/25,2790
S12000017,1/1/25,3335
S12000018,1/1/25,1565
S12000019,1/1/25,1315
S12000020,1/1/25,1370
S12000021,1/1/25,3420
S12000023,1/1/25,215
S12000026,1/1/25,2045
S12000027,1/1/25,195
S12000028,1/1/25,2260
S12000029,1/1/25,5630
S12000030,1/1/25,1340
S12000033,1/1/25,4905
S12000034,1/1/25,2885
S12000035,1/1/25,1400
S12000036,1/1/25,9115
S12000038,1/1/25,3330
S12000039,1/1/25,2165
S12000040,1/1/25,3015
S12000041,1/1/25,2030
S12000042,1/1/25,3755
S12000045,1/1/25,1210
S12000047,1/1/25,7570
S12000048,1/1/25,2100
S12000049,1/1/25,21765
S12000050,1/1/25,7045
W06000001,1/1/25,1480
W06000002,1/1/25,2145
W06000003,1/1/25,2515
W06000004,1/1/25,2110
W06000005,1/1/25,2640
W06000006,1/1/25,2540
W06000008,1/1/25,1225
W06000009,1/1/25,2490
W06000010,1/1/25,3405
W06000011,1/1/25,5125
W06000012,1/1/25,2885
W06000013,1/1/25,2570
W06000014,1/1/25,2535
W06000015,1/1/25,10110
W06000016,1/1/25,4705
W06000018,1/1/25,3695
W06000019,1/1/25,1750
W06000020,1/1/25,2120
W06000021,1/1/25,1330
W06000022,1/1/25,4715
W06000023,1/1/25,2030
W06000024,1/1/25,1175
E06000001,2/1/25,2760
E06000002,2/1/25,5265
E06000003,2/1/25,3235
E06000004,2/1/25,4865
E06000005,2/1/25,2645
E06000006,2/1/25,3635
E06000007,2/1/25,3550
E06000008,2/1/25,6105
E06000009,2/1/25,5570
E06000010,2/1/25,10660
E06000011,2/1/25,5265
E06000012,2/1/25,4095
E06000013,2/1/25,3695
E06000014,2/1/25,2610
E06000015,2/1/25,9260
E06000016,2/1/25,15595
E06000017,2/1/25,435
E06000018,2/1/25,14070
E06000019,2/1/25,3135
E06000020,2/1/25,4630
E06000021,2/1/25,10075
E06000022,2/1/25,2530
E06000023,2/1/25,12605
E06000024,2/1/25,3320
E06000025,2/1/25,3895
E06000026,2/1/25,6090
E06000027,2/1/25,2805
E06000030,2/1/25,5200
E06000031,2/1/25,8030
E06000032,2/1/25,10975
E06000033,2/1/25,5125
E06000034,2/1/25,5130
E06000035,2/1/25,7565
E06000036,2/1/25,2155
E06000037,2/1/25,2395
E06000038,2/1/25,5460
E06000039,2/1/25,6755
E06000040,2/1/25,2590
E06000041,2/1/25,2160
E06000042,2/1/25,8255
E06000043,2/1/25,8755
E06000044,2/1/25,6845
E06000045,2/1/25,7795
E06000046,2/1/25,3490
E06000047,2/1/25,11040
E06000049,2/1/25,5955
E06000050,2/1/25,5990
E06000051,2/1/25,4900
E06000052,2/1/25,11355
E06000053,2/1/25,25
E06000054,2/1/25,7350
E06000055,2/1/25,5455
E06000056,2/1/25,5035
E06000057,2/1/25,5945
E06000058,2/1/25,8930
E06000059,2/1/25,5480
E06000060,2/1/25,11180
E06000061,2/1/25,7720
E06000062,2/1/25,9565
E06000063,2/1/25,4350
E06000064,2/1/25,2710
E06000065,2/1/25,8130
E06000066,2/1/25,8705
E07000008,2/1/25,2395
E07000009,2/1/25,1205
E07000010,2/1/25,2400
E07000011,2/1/25,2655
E07000012,2/1/25,2060
E07000032,2/1/25,2130
E07000033,2/1/25,1605
E07000034,2/1/25,2380
E07000035,2/1/25,835
E07000036,2/1/25,2450
E07000037,2/1/25,1435
E07000038,2/1/25,1620
E07000039,2/1/25,1770
E07000040,2/1/25,1845
E07000041,2/1/25,2060
E07000042,2/1/25,1155
E07000043,2/1/25,1805
E07000044,2/1/25,1135
E07000045,2/1/25,1895
E07000046,2/1/25,1215
E07000047,2/1/25,770
E07000061,2/1/25,2950
E07000062,2/1/25,2965
E07000063,2/1/25,2075
E07000064,2/1/25,1695
E07000065,2/1/25,2210
E07000066,2/1/25,4800
E07000067,2/1/25,2695
E07000068,2/1/25,1225
E07000069,2/1/25,1345
E07000070,2/1/25,3120
E07000071,2/1/25,4080
E07000072,2/1/25,2560
E07000073,2/1/25,2780
E07000074,2/1/25,1035
E07000075,2/1/25,1255
E07000076,2/1/25,3755
E07000077,2/1/25,1145
E07000078,2/1/25,2205
E07000079,2/1/25,1080
E07000080,2/1/25,1465
E07000081,2/1/25,3205
E07000082,2/1/25,1550
E07000083,2/1/25,1380
E07000084,2/1/25,3150
E07000085,2/1/25,1625
E07000086,2/1/25,1925
E07000087,2/1/25,1270
E07000088,2/1/25,1780
E07000089,2/1/25,1030
E07000090,2/1/25,2790
E07000091,2/1/25,2290
E07000092,2/1/25,2065
E07000093,2/1/25,1595
E07000094,2/1/25,1705
E07000095,2/1/25,2200
E07000096,2/1/25,3315
E07000098,2/1/25,2405
E07000099,2/1/25,2010
E07000102,2/1/25,1635
E07000103,2/1/25,3155
E07000105,2/1/25,2690
E07000106,2/1/25,3370
E07000107,2/1/25,2395
E07000108,2/1/25,2460
E07000109,2/1/25,3025
E07000110,2/1/25,3645
E07000111,2/1/25,1580
E07000112,2/1/25,2680
E07000113,2/1/25,3510
E07000114,2/1/25,4595
E07000115,2/1/25,1955
E07000116,2/1/25,1825
E07000117,2/1/25,3735
E07000118,2/1/25,1865
E07000119,2/1/25,1405
E07000120,2/1/25,3075
E07000121,2/1/25,2900
E07000122,2/1/25,4000
E07000123,2/1/25,5015
E07000124,2/1/25,660
E07000125,2/1/25,1700
E07000126,2/1/25,1695
E07000127,2/1/25,2150
E07000128,2/1/25,1980
E07000129,2/1/25,1425
E07000130,2/1/25,3040
E07000131,2/1/25,1120
E07000132,2/1/25,1730
E07000133,2/1/25,1070
E07000134,2/1/25,1490
E07000135,2/1/25,1165
E07000136,2/1/25,2000
E07000137,2/1/25,2970
E07000138,2/1/25,2775
E07000139,2/1/25,1510
E07000140,2/1/25,1850
E07000141,2/1/25,2445
E07000142,2/1/25,1700
E07000143,2/1/25,2065
E07000144,2/1/25,1660
E07000145,2/1/25,3015
E07000146,2/1/25,2615
E07000147,2/1/25,1570
E07000148,2/1/25,4175
E07000149,2/1/25,1935
E07000170,2/1/25,3140
E07000171,2/1/25,2385
E07000172,2/1/25,2005
E07000173,2/1/25,2345
E07000174,2/1/25,2740
E07000175,2/1/25,2150
E07000176,2/1/25,1530
E07000177,2/1/25,2590
E07000178,2/1/25,3230
E07000179,2/1/25,1895
E07000180,2/1/25,1950
E07000181,2/1/25,1325
E07000192,2/1/25,2085
E07000193,2/1/25,2870
E07000194,2/1/25,1570
E07000195,2/1/25,2475
E07000196,2/1/25,1755
E07000197,2/1/25,2115
E07000198,2/1/25,1335
E07000199,2/1/25,1655
E07000200,2/1/25,1375
E07000202,2/1/25,3930
E07000203,2/1/25,1250
E07000207,2/1/25,2065
E07000208,2/1/25,1095
E07000209,2/1/25,1940
E07000210,2/1/25,1025
E07000211,2/1/25,2070
E07000212,2/1/25,1470
E07000213,2/1/25,2245
E07000214,2/1/25,1305
E07000215,2/1/25,1275
E07000216,2/1/25,1505
E07000217,2/1/25,1795
E07000218,2/1/25,1105
E07000219,2/1/25,3510
E07000220,2/1/25,2060
E07000221,2/1/25,1720
E07000222,2/1/25,2355
E07000223,2/1/25,1140
E07000224,2/1/25,3440
E07000225,2/1/25,2495
E07000226,2/1/25,3405
E07000227,2/1/25,1795
E07000228,2/1/25,1845
E07000229,2/1/25,2120
E07000234,2/1/25,1540
E07000235,2/1/25,1165
E07000236,2/1/25,2205
E07000237,2/1/25,2500
E07000238,2/1/25,2245
E07000239,2/1/25,2035
E07000240,2/1/25,2185
E07000241,2/1/25,2455
E07000242,2/1/25,1860
E07000243,2/1/25,2115
E07000244,2/1/25,4005
E07000245,2/1/25,2795
E08000001,2/1/25,10850
E08000002,2/1/25,5445
E08000003,2/1/25,26165
E08000004,2/1/25,10995
E08000005,2/1/25,9055
E08000006,2/1/25,9700
E08000007,2/1/25,5590
E08000008,2/1/25,7570
E08000009,2/1/25,4650
E08000010,2/1/25,7805
E08000011,2/1/25,4775
E08000012,2/1/25,19855
E08000013,2/1/25,4650
E08000014,2/1/25,6595
E08000015,2/1/25,7210
E08000016,2/1/25,5355
E08000017,2/1/25,8720
E08000018,2/1/25,7220
E08000019,2/1/25,17795
E08000021,2/1/25,9160
E08000022,2/1/25,4515
E08000023,2/1/25,4690
E08000024,2/1/25,7450
E08000025,2/1/25,79470
E08000026,2/1/25,13535
E08000027,2/1/25,9965
E08000028,2/1/25,15850
E08000029,2/1/25,4790
E08000030,2/1/25,11090
E08000031,2/1/25,12695
E08000032,2/1/25,26975
E08000033,2/1/25,5900
E08000034,2/1/25,13930
E08000035,2/1/25,25595
E08000036,2/1/25,8375
E08000037,2/1/25,5400
E09000001,2/1/25,150
E09000002,2/1/25,11800
E09000003,2/1/25,13420
E09000004,2/1/25,5645
E09000005,2/1/25,18630
E09000006,2/1/25,7460
E09000007,2/1/25,7865
E09000008,2/1/25,17110
E09000009,2/1/25,17675
E09000010,2/1/25,15700
E09000011,2/1/25,11695
E09000012,2/1/25,14145
E09000013,2/1/25,6745
E09000014,2/1/25,14470
E09000015,2/1/25,8560
E09000016,2/1/25,7755
E09000017,2/1/25,10815
E09000018,2/1/25,11010
E09000019,2/1/25,10040
E09000020,2/1/25,3865
E09000021,2/1/25,3725
E09000022,2/1/25,15035
E09000023,2/1/25,14995
E09000024,2/1/25,7050
E09000025,2/1/25,21470
E09000026,2/1/25,12755
E09000027,2/1/25,3260
E09000028,2/1/25,13475
E09000029,2/1/25,4800
E09000030,2/1/25,17515
E09000031,2/1/25,13705
E09000032,2/1/25,10495
E09000033,2/1/25,6920
N09000001,2/1/25,2320
N09000002,2/1/25,4210
N09000003,2/1/25,9600
N09000004,2/1/25,3020
N09000005,2/1/25,4865
N09000006,2/1/25,2140
N09000007,2/1/25,1950
N09000008,2/1/25,2745
N09000009,2/1/25,2465
N09000010,2/1/25,3440
N09000011,2/1/25,2770
S12000005,2/1/25,990
S12000006,2/1/25,2365
S12000008,2/1/25,2835
S12000010,2/1/25,1700
S12000011,2/1/25,980
S12000013,2/1/25,350
S12000014,2/1/25,2845
S12000017,2/1/25,3550
S12000018,2/1/25,1620
S12000019,2/1/25,1385
S12000020,2/1/25,1450
S12000021,2/1/25,3445
S12000023,2/1/25,230
S12000026,2/1/25,2110
S12000027,2/1/25,205
S12000028,2/1/25,2315
S12000029,2/1/25,5775
S12000030,2/1/25,1380
S12000033,2/1/25,5160
S12000034,2/1/25,3020
S12000035,2/1/25,1450
S12000036,2/1/25,9500
S12000038,2/1/25,3410
S12000039,2/1/25,2235
S12000040,2/1/25,3155
S12000041,2/1/25,2095
S12000042,2/1/25,3805
S12000045,2/1/25,1230
S12000047,2/1/25,7800
S12000048,2/1/25,2170
S12000049,2/1/25,22350
S12000050,2/1/25,7220
W06000001,2/1/25,1500
W06000002,2/1/25,2335
W06000003,2/1/25,2585
W06000004,2/1/25,2205
W06000005,2/1/25,2720
W06000006,2/1/25,2595
W06000008,2/1/25,1205
W06000009,2/1/25,2495
W06000010,2/1/25,3380
W06000011,2/1/25,5285
W06000012,2/1/25,2935
W06000013,2/1/25,2655
W06000014,2/1/25,2590
W06000015,2/1/25,10315
W06000016,2/1/25,4780
W06000018,2/1/25,3765
W06000019,2/1/25,1735
W06000020,2/1/25,2165
W06000021,2/1/25,1370
W06000022,2/1/25,4840
W06000023,2/1/25,2100
W06000024,2/1/25,1200
E06000001,3/1/25,2755
E06000002,3/1/25,5285
E06000003,3/1/25,3160
E06000004,3/1/25,4945
E06000005,3/1/25,2620
E06000006,3/1/25,3585
E06000007,3/1/25,3535
E06000008,3/1/25,5915
E06000009,3/1/25,5615
E06000010,3/1/25,10750
E06000011,3/1/25,5100
E06000012,3/1/25,4045
E06000013,3/1/25,3650
E06000014,3/1/25,2645
E06000015,3/1/25,9175
E06000016,3/1/25,15600
E06000017,3/1/25,445
E06000018,3/1/25,14205
E06000019,3/1/25,3140
E06000020,3/1/25,4580
E06000021,3/1/25,9915
E06000022,3/1/25,2535
E06000023,3/1/25,12520
E06000024,3/1/25,3225
E06000025,3/1/25,4000
E06000026,3/1/25,6060
E06000027,3/1/25,2830
E06000030,3/1/25,5205
E06000031,3/1/25,8030
E06000032,3/1/25,11065
E06000033,3/1/25,5120
E06000034,3/1/25,5160
E06000035,3/1/25,7630
E06000036,3/1/25,2145
E06000037,3/1/25,2375
E06000038,3/1/25,5495
E06000039,3/1/25,6795
E06000040,3/1/25,2620
E06000041,3/1/25,2240
E06000042,3/1/25,8285
E06000043,3/1/25,8760
E06000044,3/1/25,6875
E06000045,3/1/25,7735
E06000046,3/1/25,3440
E06000047,3/1/25,10770
E06000049,3/1/25,5805
E06000050,3/1/25,5920
E06000051,3/1/25,4815
E06000052,3/1/25,11100
E06000053,3/1/25,20
E06000054,3/1/25,7195
E06000055,3/1/25,5500
E06000056,3/1/25,5025
E06000057,3/1/25,5935
E06000058,3/1/25,8990
E06000059,3/1/25,5455
E06000060,3/1/25,11225
E06000061,3/1/25,7850
E06000062,3/1/25,9715
E06000063,3/1/25,4220
E06000064,3/1/25,2680
E06000065,3/1/25,7930
E06000066,3/1/25,8680
E07000008,3/1/25,2375
E07000009,3/1/25,1195
E07000010,3/1/25,2395
E07000011,3/1/25,2630
E07000012,3/1/25,2035
E07000032,3/1/25,2080
E07000033,3/1/25,1610
E07000034,3/1/25,2335
E07000035,3/1/25,835
E07000036,3/1/25,2485
E07000037,3/1/25,1420
E07000038,3/1/25,1565
E07000039,3/1/25,1745
E07000040,3/1/25,1860
E07000041,3/1/25,2060
E07000042,3/1/25,1145
E07000043,3/1/25,1845
E07000044,3/1/25,1135
E07000045,3/1/25,1865
E07000046,3/1/25,1190
E07000047,3/1/25,750
E07000061,3/1/25,2960
E07000062,3/1/25,2890
E07000063,3/1/25,2035
E07000064,3/1/25,1660
E07000065,3/1/25,2155
E07000066,3/1/25,4745
E07000067,3/1/25,2655
E07000068,3/1/25,1245
E07000069,3/1/25,1325
E07000070,3/1/25,3155
E07000071,3/1/25,4040
E07000072,3/1/25,2505
E07000073,3/1/25,2795
E07000074,3/1/25,1050
E07000075,3/1/25,1195
E07000076,3/1/25,3740
E07000077,3/1/25,1140
E07000078,3/1/25,2235
E07000079,3/1/25,1055
E07000080,3/1/25,1415
E07000081,3/1/25,3195
E07000082,3/1/25,1535
E07000083,3/1/25,1345
E07000084,3/1/25,3245
E07000085,3/1/25,1600
E07000086,3/1/25,1925
E07000087,3/1/25,1280
E07000088,3/1/25,1780
E07000089,3/1/25,1035
E07000090,3/1/25,2740
E07000091,3/1/25,2250
E07000092,3/1/25,2015
E07000093,3/1/25,1590
E07000094,3/1/25,1670
E07000095,3/1/25,2125
E07000096,3/1/25,3300
E07000098,3/1/25,2395
E07000099,3/1/25,1985
E07000102,3/1/25,1670
E07000103,3/1/25,3165
E07000105,3/1/25,2670
E07000106,3/1/25,3405
E07000107,3/1/25,2415
E07000108,3/1/25,2460
E07000109,3/1/25,2990
E07000110,3/1/25,3650
E07000111,3/1/25,1590
E07000112,3/1/25,2665
E07000113,3/1/25,3445
E07000114,3/1/25,4570
E07000115,3/1/25,1950
E07000116,3/1/25,1805
E07000117,3/1/25,3700
E07000118,3/1/25,1815
E07000119,3/1/25,1350
E07000120,3/1/25,3000
E07000121,3/1/25,2810
E07000122,3/1/25,3805
E07000123,3/1/25,4985
E07000124,3/1/25,655
E07000125,3/1/25,1690
E07000126,3/1/25,1725
E07000127,3/1/25,2145
E07000128,3/1/25,1970
E07000129,3/1/25,1450
E07000130,3/1/25,3035
E07000131,3/1/25,1135
E07000132,3/1/25,1745
E07000133,3/1/25,1055
E07000134,3/1/25,1460
E07000135,3/1/25,1165
E07000136,3/1/25,1995
E07000137,3/1/25,2870
E07000138,3/1/25,2785
E07000139,3/1/25,1545
E07000140,3/1/25,1845
E07000141,3/1/25,2500
E07000142,3/1/25,1685
E07000143,3/1/25,2075
E07000144,3/1/25,1650
E07000145,3/1/25,2975
E07000146,3/1/25,2630
E07000147,3/1/25,1560
E07000148,3/1/25,4095
E07000149,3/1/25,1865
E07000170,3/1/25,3110
E07000171,3/1/25,2345
E07000172,3/1/25,2060
E07000173,3/1/25,2365
E07000174,3/1/25,2815
E07000175,3/1/25,2125
E07000176,3/1/25,1515
E07000177,3/1/25,2595
E07000178,3/1/25,3220
E07000179,3/1/25,1855
E07000180,3/1/25,1960
E07000181,3/1/25,1320
E07000192,3/1/25,2070
E07000193,3/1/25,2895
E07000194,3/1/25,1555
E07000195,3/1/25,2475
E07000196,3/1/25,1710
E07000197,3/1/25,1985
E07000198,3/1/25,1335
E07000199,3/1/25,1650
E07000200,3/1/25,1375
E07000202,3/1/25,3885
E07000203,3/1/25,1235
E07000207,3/1/25,2055
E07000208,3/1/25,1060
E07000209,3/1/25,1925
E07000210,3/1/25,1010
E07000211,3/1/25,2060
E07000212,3/1/25,1450
E07000213,3/1/25,2280
E07000214,3/1/25,1295
E07000215,3/1/25,1310
E07000216,3/1/25,1490
E07000217,3/1/25,1760
E07000218,3/1/25,1105
E07000219,3/1/25,3525
E07000220,3/1/25,2090
E07000221,3/1/25,1715
E07000222,3/1/25,2355
E07000223,3/1/25,1120
E07000224,3/1/25,3470
E07000225,3/1/25,2490
E07000226,3/1/25,3635
E07000227,3/1/25,1775
E07000228,3/1/25,1795
E07000229,3/1/25,2095
E07000234,3/1/25,1570
E07000235,3/1/25,1135
E07000236,3/1/25,2175
E07000237,3/1/25,2510
E07000238,3/1/25,2190
E07000239,3/1/25,2020
E07000240,3/1/25,2195
E07000241,3/1/25,2430
E07000242,3/1/25,1885
E07000243,3/1/25,2100
E07000244,3/1/25,3950
E07000245,3/1/25,2750
E08000001,3/1/25,10710
E08000002,3/1/25,5440
E08000003,3/1/25,26335
E08000004,3/1/25,10915
E08000005,3/1/25,9065
E08000006,3/1/25,9780
E08000007,3/1/25,5505
E08000008,3/1/25,7495
E08000009,3/1/25,4585
E08000010,3/1/25,7710
E08000011,3/1/25,4740
E08000012,3/1/25,19955
E08000013,3/1/25,4590
E08000014,3/1/25,6595
E08000015,3/1/25,7110
E08000016,3/1/25,5295
E08000017,3/1/25,8725
E08000018,3/1/25,7200
E08000019,3/1/25,17740
E08000021,3/1/25,9105
E08000022,3/1/25,4445
E08000023,3/1/25,4650
E08000024,3/1/25,7455
E08000025,3/1/25,79935
E08000026,3/1/25,13770
E08000027,3/1/25,9920
E08000028,3/1/25,15865
E08000029,3/1/25,4725
E08000030,3/1/25,10985
E08000031,3/1/25,12635
E08000032,3/1/25,26410
E08000033,3/1/25,5740
E08000034,3/1/25,13675
E08000035,3/1/25,25775
E08000036,3/1/25,8265
E08000037,3/1/25,5335
E09000001,3/1/25,155
E09000002,3/1/25,11775
E09000003,3/1/25,13410
E09000004,3/1/25,5715
E09000005,3/1/25,18620
E09000006,3/1/25,7570
E09000007,3/1/25,7860
E09000008,3/1/25,17330
E09000009,3/1/25,17650
E09000010,3/1/25,15610
E09000011,3/1/25,11795
E09000012,3/1/25,13990
E09000013,3/1/25,6725
E09000014,3/1/25,14515
E09000015,3/1/25,8480
E09000016,3/1/25,7725
E09000017,3/1/25,10865
E09000018,3/1/25,10855
E09000019,3/1/25,10040
E09000020,3/1/25,3815
E09000021,3/1/25,3680
E09000022,3/1/25,15095
E09000023,3/1/25,15025
E09000024,3/1/25,6980
E09000025,3/1/25,21445
E09000026,3/1/25,12835
E09000027,3/1/25,3285
E09000028,3/1/25,13420
E09000029,3/1/25,4815
E09000030,3/1/25,17520
E09000031,3/1/25,13635
E09000032,3/1/25,10530
E09000033,3/1/25,6810
N09000001,3/1/25,2205
N09000002,3/1/25,4100
N09000003,3/1/25,9590
N09000004,3/1/25,2845
N09000005,3/1/25,4760
N09000006,3/1/25,2050
N09000007,3/1/25,1865
N09000008,3/1/25,2685
N09000009,3/1/25,2345
N09000010,3/1/25,3345
N09000011,3/1/25,2715
S12000005,3/1/25,1010
S12000006,3/1/25,2265
S12000008,3/1/25,2750
S12000010,3/1/25,1625
S12000011,3/1/25,985
S12000013,3/1/25,330
S12000014,3/1/25,2875
S12000017,3/1/25,3475
S12000018,3/1/25,1630
S12000019,3/1/25,1380
S12000020,3/1/25,1395
S12000021,3/1/25,3380
S12000023,3/1/25,230
S12000026,3/1/25,2045
S12000027,3/1/25,175
S12000028,3/1/25,2210
S12000029,3/1/25,5640
S12000030,3/1/25,1360
S12000033,3/1/25,5180
S12000034,3/1/25,3065
S12000035,3/1/25,1440
S12000036,3/1/25,9415
S12000038,3/1/25,3305
S12000039,3/1/25,2185
S12000040,3/1/25,3150
S12000041,3/1/25,2110
S12000042,3/1/25,3850
S12000045,3/1/25,1200
S12000047,3/1/25,7720
S12000048,3/1/25,2150
S12000049,3/1/25,21995
S12000050,3/1/25,7015
W06000001,3/1/25,1455
W06000002,3/1/25,2230
W06000003,3/1/25,2565
W06000004,3/1/25,2170
W06000005,3/1/25,2750
W06000006,3/1/25,2535
W06000008,3/1/25,1215
W06000009,3/1/25,2440
W06000010,3/1/25,3260
W06000011,3/1/25,5240
W06000012,3/1/25,2915
W06000013,3/1/25,2665
W06000014,3/1/25,2525
W06000015,3/1/25,10265
W06000016,3/1/25,4720
W06000018,3/1/25,3710
W06000019,3/1/25,1715
W06000020,3/1/25,2125
W06000021,3/1/25,1345
W06000022,3/1/25,4800
W06000023,3/1/25,2100
W06000024,3/1/25,1195
E06000001,4/1/25,2735
E06000002,4/1/25,5150
E06000003,4/1/25,3070
E06000004,4/1/25,4810
E06000005,4/1/25,2570
E06000006,4/1/25,3455
E06000007,4/1/25,3455
E06000008,4/1/25,5675
E06000009,4/1/25,5410
E06000010,4/1/25,10550
E06000011,4/1/25,4880
E06000012,4/1/25,3920
E06000013,4/1/25,3625
E06000014,4/1/25,2585
E06000015,4/1/25,8885
E06000016,4/1/25,15335
E06000017,4/1/25,430
E06000018,4/1/25,14060
E06000019,4/1/25,3020
E06000020,4/1/25,4475
E06000021,4/1/25,9665
E06000022,4/1/25,2405
E06000023,4/1/25,12400
E06000024,4/1/25,3195
E06000025,4/1/25,3920
E06000026,4/1/25,6050
E06000027,4/1/25,2710
E06000030,4/1/25,5105
E06000031,4/1/25,7770
E06000032,4/1/25,10970
E06000033,4/1/25,4965
E06000034,4/1/25,5085
E06000035,4/1/25,7495
E06000036,4/1/25,2120
E06000037,4/1/25,2295
E06000038,4/1/25,5490
E06000039,4/1/25,6685
E06000040,4/1/25,2520
E06000041,4/1/25,2190
E06000042,4/1/25,8190
E06000043,4/1/25,8585
E06000044,4/1/25,6820
E06000045,4/1/25,7575
E06000046,4/1/25,3255
E06000047,4/1/25,10505
E06000049,4/1/25,5565
E06000050,4/1/25,5765
E06000051,4/1/25,4650
E06000052,4/1/25,10580
E06000053,4/1/25,25
E06000054,4/1/25,7035
E06000055,4/1/25,5410
E06000056,4/1/25,4980
E06000057,4/1/25,5695
E06000058,4/1/25,8980
E06000059,4/1/25,5270
E06000060,4/1/25,11080
E06000061,4/1/25,7710
E06000062,4/1/25,9615
E06000063,4/1/25,4110
E06000064,4/1/25,2575
E06000065,4/1/25,7610
E06000066,4/1/25,8455
E07000008,4/1/25,2330
E07000009,4/1/25,1175
E07000010,4/1/25,2315
E07000011,4/1/25,2630
E07000012,4/1/25,2030
E07000032,4/1/25,2035
E07000033,4/1/25,1570
E07000034,4/1/25,2300
E07000035,4/1/25,815
E07000036,4/1/25,2365
E07000037,4/1/25,1355
E07000038,4/1/25,1490
E07000039,4/1/25,1705
E07000040,4/1/25,1735
E07000041,4/1/25,2000
E07000042,4/1/25,1105
E07000043,4/1/25,1740
E07000044,4/1/25,1085
E07000045,4/1/25,1785
E07000046,4/1/25,1125
E07000047,4/1/25,720
E07000061,4/1/25,2850
E07000062,4/1/25,2840
E07000063,4/1/25,2000
E07000064,4/1/25,1620
E07000065,4/1/25,2100
E07000066,4/1/25,4605
E07000067,4/1/25,2550
E07000068,4/1/25,1195
E07000069,4/1/25,1290
E07000070,4/1/25,3105
E07000071,4/1/25,3920
E07000072,4/1/25,2470
E07000073,4/1/25,2735
E07000074,4/1/25,1025
E07000075,4/1/25,1190
E07000076,4/1/25,3630
E07000077,4/1/25,1095
E07000078,4/1/25,2170
E07000079,4/1/25,1005
E07000080,4/1/25,1350
E07000081,4/1/25,3145
E07000082,4/1/25,1455
E07000083,4/1/25,1320
E07000084,4/1/25,3120
E07000085,4/1/25,1520
E07000086,4/1/25,1840
E07000087,4/1/25,1300
E07000088,4/1/25,1775
E07000089,4/1/25,1035
E07000090,4/1/25,2645
E07000091,4/1/25,2185
E07000092,4/1/25,1980
E07000093,4/1/25,1535
E07000094,4/1/25,1610
E07000095,4/1/25,2085
E07000096,4/1/25,3260
E07000098,4/1/25,2335
E07000099,4/1/25,2015
E07000102,4/1/25,1610
E07000103,4/1/25,3150
E07000105,4/1/25,2590
E07000106,4/1/25,3285
E07000107,4/1/25,2340
E07000108,4/1/25,2350
E07000109,4/1/25,3020
E07000110,4/1/25,3595
E07000111,4/1/25,1500
E07000112,4/1/25,2610
E07000113,4/1/25,3345
E07000114,4/1/25,4465
E07000115,4/1/25,1945
E07000116,4/1/25,1720
E07000117,4/1/25,3555
E07000118,4/1/25,1785
E07000119,4/1/25,1340
E07000120,4/1/25,2915
E07000121,4/1/25,2725
E07000122,4/1/25,3725
E07000123,4/1/25,4920
E07000124,4/1/25,630
E07000125,4/1/25,1670
E07000126,4/1/25,1625
E07000127,4/1/25,2125
E07000128,4/1/25,1890
E07000129,4/1/25,1415
E07000130,4/1/25,2930
E07000131,4/1/25,1080
E07000132,4/1/25,1720
E07000133,4/1/25,1030
E07000134,4/1/25,1405
E07000135,4/1/25,1100
E07000136,4/1/25,1870
E07000137,4/1/25,2595
E07000138,4/1/25,2750
E07000139,4/1/25,1465
E07000140,4/1/25,1810
E07000141,4/1/25,2445
E07000142,4/1/25,1700
E07000143,4/1/25,2025
E07000144,4/1/25,1610
E07000145,4/1/25,2865
E07000146,4/1/25,2560
E07000147,4/1/25,1480
E07000148,4/1/25,4050
E07000149,4/1/25,1815
E07000170,4/1/25,3060
E07000171,4/1/25,2265
E07000172,4/1/25,2015
E07000173,4/1/25,2270
E07000174,4/1/25,2670
E07000175,4/1/25,2095
E07000176,4/1/25,1510
E07000177,4/1/25,2555
E07000178,4/1/25,3150
E07000179,4/1/25,1840
E07000180,4/1/25,1925
E07000181,4/1/25,1245
E07000192,4/1/25,2010
E07000193,4/1/25,2865
E07000194,4/1/25,1515
E07000195,4/1/25,2400
E07000196,4/1/25,1655
E07000197,4/1/25,1945
E07000198,4/1/25,1280
E07000199,4/1/25,1600
E07000200,4/1/25,1350
E07000202,4/1/25,3830
E07000203,4/1/25,1210
E07000207,4/1/25,2000
E07000208,4/1/25,1025
E07000209,4/1/25,1880
E07000210,4/1/25,970
E07000211,4/1/25,2050
E07000212,4/1/25,1465
E07000213,4/1/25,2270
E07000214,4/1/25,1265
E07000215,4/1/25,1290
E07000216,4/1/25,1435
E07000217,4/1/25,1735
E07000218,4/1/25,1085
E07000219,4/1/25,3460
E07000220,4/1/25,2065
E07000221,4/1/25,1645
E07000222,4/1/25,2300
E07000223,4/1/25,1120
E07000224,4/1/25,3420
E07000225,4/1/25,2460
E07000226,4/1/25,3685
E07000227,4/1/25,1750
E07000228,4/1/25,1760
E07000229,4/1/25,2070
E07000234,4/1/25,1530
E07000235,4/1/25,1090
E07000236,4/1/25,2120
E07000237,4/1/25,2475
E07000238,4/1/25,2155
E07000239,4/1/25,1935
E07000240,4/1/25,2215
E07000241,4/1/25,2425
E07000242,4/1/25,1855
E07000243,4/1/25,2070
E07000244,4/1/25,3845
E07000245,4/1/25,2705
E08000001,4/1/25,10480
E08000002,4/1/25,5315
E08000003,4/1/25,26020
E08000004,4/1/25,10545
E08000005,4/1/25,8925
E08000006,4/1/25,9655
E08000007,4/1/25,5385
E08000008,4/1/25,7255
E08000009,4/1/25,4510
E08000010,4/1/25,7665
E08000011,4/1/25,4590
E08000012,4/1/25,19705
E08000013,4/1/25,4415
E08000014,4/1/25,6530
E08000015,4/1/25,7055
E08000016,4/1/25,5125
E08000017,4/1/25,8510
E08000018,4/1/25,6910
E08000019,4/1/25,17440
E08000021,4/1/25,8785
E08000022,4/1/25,4190
E08000023,4/1/25,4495
E08000024,4/1/25,7215
E08000025,4/1/25,79250
E08000026,4/1/25,13620
E08000027,4/1/25,9745
E08000028,4/1/25,15605
E08000029,4/1/25,4730
E08000030,4/1/25,10790
E08000031,4/1/25,12375
E08000032,4/1/25,25840
E08000033,4/1/25,5565
E08000034,4/1/25,13255
E08000035,4/1/25,25175
E08000036,4/1/25,8100
E08000037,4/1/25,5325
E09000001,4/1/25,160
E09000002,4/1/25,11700
E09000003,4/1/25,13375
E09000004,4/1/25,5695
E09000005,4/1/25,18345
E09000006,4/1/25,7400
E09000007,4/1/25,7775
E09000008,4/1/25,17190
E09000009,4/1/25,17480
E09000010,4/1/25,15360
E09000011,4/1/25,11780
E09000012,4/1/25,13800
E09000013,4/1/25,6645
E09000014,4/1/25,14225
E09000015,4/1/25,8400
E09000016,4/1/25,7505
E09000017,4/1/25,10880
E09000018,4/1/25,10625
E09000019,4/1/25,9790
E09000020,4/1/25,3780
E09000021,4/1/25,3650
E09000022,4/1/25,15040
E09000023,4/1/25,14950
E09000024,4/1/25,6870
E09000025,4/1/25,21135
E09000026,4/1/25,12680
E09000027,4/1/25,3215
E09000028,4/1/25,13355
E09000029,4/1/25,4675
E09000030,4/1/25,17455
E09000031,4/1/25,13510
E09000032,4/1/25,10465
E09000033,4/1/25,6735
N09000001,4/1/25,2170
N09000002,4/1/25,4020
N09000003,4/1/25,9615
N09000004,4/1/25,2790
N09000005,4/1/25,4675
N09000006,4/1/25,1965
N09000007,4/1/25,1875
N09000008,4/1/25,2645
N09000009,4/1/25,2265
N09000010,4/1/25,3280
N09000011,4/1/25,2745
S12000005,4/1/25,990
S12000006,4/1/25,2250
S12000008,4/1/25,2695
S12000010,4/1/25,1545
S12000011,4/1/25,940
S12000013,4/1/25,325
S12000014,4/1/25,2845
S12000017,4/1/25,3315
S12000018,4/1/25,1595
S12000019,4/1/25,1355
S12000020,4/1/25,1390
S12000021,4/1/25,3215
S12000023,4/1/25,215
S12000026,4/1/25,1995
S12000027,4/1/25,165
S12000028,4/1/25,2150
S12000029,4/1/25,5465
S12000030,4/1/25,1340
S12000033,4/1/25,5215
S12000034,4/1/25,2995
S12000035,4/1/25,1345
S12000036,4/1/25,9155
S12000038,4/1/25,3205
S12000039,4/1/25,2130
S12000040,4/1/25,3050
S12000041,4/1/25,2055
S12000042,4/1/25,3790
S12000045,4/1/25,1150
S12000047,4/1/25,7455
S12000048,4/1/25,2035
S12000049,4/1/25,21415
S12000050,4/1/25,6875
W06000001,4/1/25,1410
W06000002,4/1/25,2115
W06000003,4/1/25,2440
W06000004,4/1/25,2105
W06000005,4/1/25,2730
W06000006,4/1/25,2515
W06000008,4/1/25,1135
W06000009,4/1/25,2335
W06000010,4/1/25,3230
W06000011,4/1/25,5260
W06000012,4/1/25,2805
W06000013,4/1/25,2540
W06000014,4/1/25,2470
W06000015,4/1/25,10180
W06000016,4/1/25,4620
W06000018,4/1/25,3620
W06000019,4/1/25,1645
W06000020,4/1/25,2100
W06000021,4/1/25,1320
W06000022,4/1/25,4755
W06000023,4/1/25,2045
W06000024,4/1/25,1145
E06000001,5/1/25,2660
E06000002,5/1/25,5090
E06000003,5/1/25,2900
E06000004,5/1/25,4695
E06000005,5/1/25,2550
E06000006,5/1/25,3420
E06000007,5/1/25,3455
E06000008,5/1/25,5650
E06000009,5/1/25,5125
E06000010,5/1/25,10225
E06000011,5/1/25,4665
E06000012,5/1/25,3845
E06000013,5/1/25,3575
E06000014,5/1/25,2570
E06000015,5/1/25,8785
E06000016,5/1/25,15235
E06000017,5/1/25,420
E06000018,5/1/25,13945
E06000019,5/1/25,2885
E06000020,5/1/25,4415
E06000021,5/1/25,9625
E06000022,5/1/25,2410
E06000023,5/1/25,12440
E06000024,5/1/25,3180
E06000025,5/1/25,3905
E06000026,5/1/25,5920
E06000027,5/1/25,2675
E06000030,5/1/25,5045
E06000031,5/1/25,7710
E06000032,5/1/25,11100
E06000033,5/1/25,4850
E06000034,5/1/25,5100
E06000035,5/1/25,7415
E06000036,5/1/25,2120
E06000037,5/1/25,2320
E06000038,5/1/25,5485
E06000039,5/1/25,6700
E06000040,5/1/25,2455
E06000041,5/1/25,2165
E06000042,5/1/25,8150
E06000043,5/1/25,8450
E06000044,5/1/25,6725
E06000045,5/1/25,7460
E06000046,5/1/25,3095
E06000047,5/1/25,10160
E06000049,5/1/25,5455
E06000050,5/1/25,5710
E06000051,5/1/25,4555
E06000052,5/1/25,10070
E06000053,5/1/25,20
E06000054,5/1/25,6980
E06000055,5/1/25,5390
E06000056,5/1/25,4965
E06000057,5/1/25,5450
E06000058,5/1/25,8750
E06000059,5/1/25,5030
E06000060,5/1/25,11045
E06000061,5/1/25,7660
E06000062,5/1/25,9640
E06000063,5/1/25,3990
E06000064,5/1/25,2475
E06000065,5/1/25,7325
E06000066,5/1/25,8295
E07000008,5/1/25,2315
E07000009,5/1/25,1180
E07000010,5/1/25,2285
E07000011,5/1/25,2640
E07000012,5/1/25,2030
E07000032,5/1/25,1990
E07000033,5/1/25,1530
E07000034,5/1/25,2280
E07000035,5/1/25,790
E07000036,5/1/25,2350
E07000037,5/1/25,1320
E07000038,5/1/25,1480
E07000039,5/1/25,1730
E07000040,5/1/25,1655
E07000041,5/1/25,1970
E07000042,5/1/25,1040
E07000043,5/1/25,1640
E07000044,5/1/25,1045
E07000045,5/1/25,1665
E07000046,5/1/25,1105
E07000047,5/1/25,690
E07000061,5/1/25,2830
E07000062,5/1/25,2715
E07000063,5/1/25,1930
E07000064,5/1/25,1565
E07000065,5/1/25,2030
E07000066,5/1/25,4580
E07000067,5/1/25,2510
E07000068,5/1/25,1190
E07000069,5/1/25,1310
E07000070,5/1/25,3035
E07000071,5/1/25,3875
E07000072,5/1/25,2475
E07000073,5/1/25,2720
E07000074,5/1/25,980
E07000075,5/1/25,1180
E07000076,5/1/25,3470
E07000077,5/1/25,1070
E07000078,5/1/25,2090
E07000079,5/1/25,960
E07000080,5/1/25,1335
E07000081,5/1/25,3110
E07000082,5/1/25,1485
E07000083,5/1/25,1310
E07000084,5/1/25,3130
E07000085,5/1/25,1520
E07000086,5/1/25,1820
E07000087,5/1/25,1275
E07000088,5/1/25,1740
E07000089,5/1/25,1055
E07000090,5/1/25,2630
E07000091,5/1/25,2105
E07000092,5/1/25,1965
E07000093,5/1/25,1525
E07000094,5/1/25,1630
E07000095,5/1/25,2120
E07000096,5/1/25,3215
E07000098,5/1/25,2355
E07000099,5/1/25,1965
E07000102,5/1/25,1660
E07000103,5/1/25,3180
E07000105,5/1/25,2555
E07000106,5/1/25,3230
E07000107,5/1/25,2350
E07000108,5/1/25,2330
E07000109,5/1/25,2960
E07000110,5/1/25,3635
E07000111,5/1/25,1475
E07000112,5/1/25,2555
E07000113,5/1/25,3310
E07000114,5/1/25,4430
E07000115,5/1/25,1920
E07000116,5/1/25,1710
E07000117,5/1/25,3490
E07000118,5/1/25,1740
E07000119,5/1/25,1310
E07000120,5/1/25,2830
E07000121,5/1/25,2670
E07000122,5/1/25,3700
E07000123,5/1/25,4890
E07000124,5/1/25,610
E07000125,5/1/25,1650
E07000126,5/1/25,1665
E07000127,5/1/25,2130
E07000128,5/1/25,1820
E07000129,5/1/25,1410
E07000130,5/1/25,2870
E07000131,5/1/25,1055
E07000132,5/1/25,1685
E07000133,5/1/25,1005
E07000134,5/1/25,1395
E07000135,5/1/25,1075
E07000136,5/1/25,1785
E07000137,5/1/25,2335
E07000138,5/1/25,2705
E07000139,5/1/25,1450
E07000140,5/1/25,1750
E07000141,5/1/25,2410
E07000142,5/1/25,1620
E07000143,5/1/25,1970
E07000144,5/1/25,1595
E07000145,5/1/25,2760
E07000146,5/1/25,2465
E07000147,5/1/25,1405
E07000148,5/1/25,3980
E07000149,5/1/25,1780
E07000170,5/1/25,3065
E07000171,5/1/25,2245
E07000172,5/1/25,1995
E07000173,5/1/25,2250
E07000174,5/1/25,2645
E07000175,5/1/25,2070
E07000176,5/1/25,1460
E07000177,5/1/25,2545
E07000178,5/1/25,3095
E07000179,5/1/25,1785
E07000180,5/1/25,1875
E07000181,5/1/25,1240
E07000192,5/1/25,1990
E07000193,5/1/25,2860
E07000194,5/1/25,1495
E07000195,5/1/25,2415
E07000196,5/1/25,1690
E07000197,5/1/25,1935
E07000198,5/1/25,1275
E07000199,5/1/25,1600
E07000200,5/1/25,1345
E07000202,5/1/25,3855
E07000203,5/1/25,1180
E07000207,5/1/25,1995
E07000208,5/1/25,1045
E07000209,5/1/25,1875
E07000210,5/1/25,975
E07000211,5/1/25,2040
E07000212,5/1/25,1450
E07000213,5/1/25,2265
E07000214,5/1/25,1265
E07000215,5/1/25,1310
E07000216,5/1/25,1445
E07000217,5/1/25,1715
E07000218,5/1/25,1095
E07000219,5/1/25,3460
E07000220,5/1/25,2070
E07000221,5/1/25,1650
E07000222,5/1/25,2245
E07000223,5/1/25,1090
E07000224,5/1/25,3360
E07000225,5/1/25,2405
E07000226,5/1/25,3700
E07000227,5/1/25,1715
E07000228,5/1/25,1700
E07000229,5/1/25,2095
E07000234,5/1/25,1470
E07000235,5/1/25,1085
E07000236,5/1/25,2045
E07000237,5/1/25,2430
E07000238,5/1/25,2075
E07000239,5/1/25,1905
E07000240,5/1/25,2185
E07000241,5/1/25,2420
E07000242,5/1/25,1835
E07000243,5/1/25,2050
E07000244,5/1/25,3755
E07000245,5/1/25,2685
E08000001,5/1/25,10370
E08000002,5/1/25,5325
E08000003,5/1/25,25715
E08000004,5/1/25,10280
E08000005,5/1/25,8765
E08000006,5/1/25,9655
E08000007,5/1/25,5295
E08000008,5/1/25,7120
E08000009,5/1/25,4370
E08000010,5/1/25,7585
E08000011,5/1/25,4510
E08000012,5/1/25,19400
E08000013,5/1/25,4470
E08000014,5/1/25,6380
E08000015,5/1/25,6950
E08000016,5/1/25,4975
E08000017,5/1/25,8275
E08000018,5/1/25,6680
E08000019,5/1/25,17050
E08000021,5/1/25,8705
E08000022,5/1/25,4150
E08000023,5/1/25,4360
E08000024,5/1/25,7060
E08000025,5/1/25,78515
E08000026,5/1/25,13555
E08000027,5/1/25,9565
E08000028,5/1/25,15545
E08000029,5/1/25,4720
E08000030,5/1/25,10670
E08000031,5/1/25,12185
E08000032,5/1/25,25510
E08000033,5/1/25,5535
E08000034,5/1/25,13235
E08000035,5/1/25,25055
E08000036,5/1/25,7990
E08000037,5/1/25,5230
E09000001,5/1/25,160
E09000002,5/1/25,11815
E09000003,5/1/25,13535
E09000004,5/1/25,5520
E09000005,5/1/25,18645
E09000006,5/1/25,7355
E09000007,5/1/25,7715
E09000008,5/1/25,17330
E09000009,5/1/25,17710
E09000010,5/1/25,15760
E09000011,5/1/25,11895
E09000012,5/1/25,14050
E09000013,5/1/25,6760
E09000014,5/1/25,14355
E09000015,5/1/25,8505
E09000016,5/1/25,7585
E09000017,5/1/25,10865
E09000018,5/1/25,10640
E09000019,5/1/25,9800
E09000020,5/1/25,3780
E09000021,5/1/25,3705
E09000022,5/1/25,15060
E09000023,5/1/25,14970
E09000024,5/1/25,6920
E09000025,5/1/25,21285
E09000026,5/1/25,12750
E09000027,5/1/25,3195
E09000028,5/1/25,13420
E09000029,5/1/25,4745
E09000030,5/1/25,17580
E09000031,5/1/25,13525
E09000032,5/1/25,10545
E09000033,5/1/25,6820
N09000001,5/1/25,2065
N09000002,5/1/25,3835
N09000003,5/1/25,9260
N09000004,5/1/25,2655
N09000005,5/1/25,4440
N09000006,5/1/25,1885
N09000007,5/1/25,1785
N09000008,5/1/25,2525
N09000009,5/1/25,2195
N09000010,5/1/25,3090
N09000011,5/1/25,2585
S12000005,5/1/25,995
S12000006,5/1/25,2195
S12000008,5/1/25,2695
S12000010,5/1/25,1505
S12000011,5/1/25,935
S12000013,5/1/25,300
S12000014,5/1/25,2825
S12000017,5/1/25,3130
S12000018,5/1/25,1530
S12000019,5/1/25,1355
S12000020,5/1/25,1355
S12000021,5/1/25,3120
S12000023,5/1/25,220
S12000026,5/1/25,1915
S12000027,5/1/25,170
S12000028,5/1/25,2070
S12000029,5/1/25,5395
S12000030,5/1/25,1350
S12000033,5/1/25,5190
S12000034,5/1/25,2940
S12000035,5/1/25,1265
S12000036,5/1/25,9190
S12000038,5/1/25,3155
S12000039,5/1/25,2075
S12000040,5/1/25,2955
S12000041,5/1/25,2040
S12000042,5/1/25,3795
S12000045,5/1/25,1130
S12000047,5/1/25,7220
S12000048,5/1/25,1980
S12000049,5/1/25,21270
S12000050,5/1/25,6755
W06000001,5/1/25,1360
W06000002,5/1/25,1980
W06000003,5/1/25,2380
W06000004,5/1/25,2035
W06000005,5/1/25,2645
W06000006,5/1/25,2450
W06000008,5/1/25,1115
W06000009,5/1/25,2285
W06000010,5/1/25,3150
W06000011,5/1/25,5215
W06000012,5/1/25,2805
W06000013,5/1/25,2495
W06000014,5/1/25,2445
W06000015,5/1/25,10145
W06000016,5/1/25,4640
W06000018,5/1/25,3625
W06000019,5/1/25,1600
W06000020,5/1/25,2065
W06000021,5/1/25,1305
W06000022,5/1/25,4655
W06000023,5/1/25,1990
W06000024,5/1/25,1160
E06000001,6/1/25,2620
E06000002,6/1/25,5090
E06000003,6/1/25,2930
E06000004,6/1/25,4740
E06000005,6/1/25,2525
E06000006,6/1/25,3400
E06000007,6/1/25,3425
E06000008,6/1/25,5600
E06000009,6/1/25,4910
E06000010,6/1/25,10030
E06000011,6/1/25,4620
E06000012,6/1/25,3890
E06000013,6/1/25,3575
E06000014,6/1/25,2530
E06000015,6/1/25,8665
E06000016,6/1/25,15285
E06000017,6/1/25,430
E06000018,6/1/25,14020
E06000019,6/1/25,2855
E06000020,6/1/25,4530
E06000021,6/1/25,9650
E06000022,6/1/25,2425
E06000023,6/1/25,12465
E06000024,6/1/25,3210
E06000025,6/1/25,3940
E06000026,6/1/25,5960
E06000027,6/1/25,2650
E06000030,6/1/25,5045
E06000031,6/1/25,7795
E06000032,6/1/25,11265
E06000033,6/1/25,4885
E06000034,6/1/25,5235
E06000035,6/1/25,7380
E06000036,6/1/25,2200
E06000037,6/1/25,2345
E06000038,6/1/25,5570
E06000039,6/1/25,6695
E06000040,6/1/25,2480
E06000041,6/1/25,2175
E06000042,6/1/25,8185
E06000043,6/1/25,8355
E06000044,6/1/25,6695
E06000045,6/1/25,7335
E06000046,6/1/25,2955
E06000047,6/1/25,10115
E06000049,6/1/25,5555
E06000050,6/1/25,5675
E06000051,6/1/25,4540
E06000052,6/1/25,10010
E06000053,6/1/25,10
E06000054,6/1/25,6965
E06000055,6/1/25,5370
E06000056,6/1/25,5020
E06000057,6/1/25,5415
E06000058,6/1/25,8675
E06000059,6/1/25,5000
E06000060,6/1/25,11105
E06000061,6/1/25,7680
E06000062,6/1/25,9555
E06000063,6/1/25,3990
E06000064,6/1/25,2495
E06000065,6/1/25,7235
E06000066,6/1/25,8345
E07000008,6/1/25,2305
E07000009,6/1/25,1150
E07000010,6/1/25,2255
E07000011,6/1/25,2670
E07000012,6/1/25,1990
E07000032,6/1/25,1990
E07000033,6/1/25,1515
E07000034,6/1/25,2260
E07000035,6/1/25,765
E07000036,6/1/25,2350
E07000037,6/1/25,1275
E07000038,6/1/25,1440
E07000039,6/1/25,1710
E07000040,6/1/25,1665
E07000041,6/1/25,2020
E07000042,6/1/25,1095
E07000043,6/1/25,1620
E07000044,6/1/25,1015
E07000045,6/1/25,1695
E07000046,6/1/25,1050
E07000047,6/1/25,680
E07000061,6/1/25,2880
E07000062,6/1/25,2655
E07000063,6/1/25,1895
E07000064,6/1/25,1565
E07000065,6/1/25,2070
E07000066,6/1/25,4660
E07000067,6/1/25,2485
E07000068,6/1/25,1240
E07000069,6/1/25,1310
E07000070,6/1/25,3095
E07000071,6/1/25,3845
E07000072,6/1/25,2570
E07000073,6/1/25,2720
E07000074,6/1/25,960
E07000075,6/1/25,1200
E07000076,6/1/25,3330
E07000077,6/1/25,1095
E07000078,6/1/25,2065
E07000079,6/1/25,990
E07000080,6/1/25,1355
E07000081,6/1/25,3120
E07000082,6/1/25,1525
E07000083,6/1/25,1315
E07000084,6/1/25,3190
E07000085,6/1/25,1515
E07000086,6/1/25,1870
E07000087,6/1/25,1275
E07000088,6/1/25,1725
E07000089,6/1/25,1035
E07000090,6/1/25,2660
E07000091,6/1/25,2140
E07000092,6/1/25,1965
E07000093,6/1/25,1590
E07000094,6/1/25,1685
E07000095,6/1/25,2150
E07000096,6/1/25,3310
E07000098,6/1/25,2385
E07000099,6/1/25,1955
E07000102,6/1/25,1640
E07000103,6/1/25,3280
E07000105,6/1/25,2560
E07000106,6/1/25,3155
E07000107,6/1/25,2365
E07000108,6/1/25,2270
E07000109,6/1/25,3045
E07000110,6/1/25,3665
E07000111,6/1/25,1510
E07000112,6/1/25,2530
E07000113,6/1/25,3280
E07000114,6/1/25,4235
E07000115,6/1/25,1955
E07000116,6/1/25,1670
E07000117,6/1/25,3455
E07000118,6/1/25,1765
E07000119,6/1/25,1295
E07000120,6/1/25,2865
E07000121,6/1/25,2600
E07000122,6/1/25,3620
E07000123,6/1/25,4845
E07000124,6/1/25,605
E07000125,6/1/25,1650
E07000126,6/1/25,1695
E07000127,6/1/25,2110
E07000128,6/1/25,1850
E07000129,6/1/25,1435
E07000130,6/1/25,2860
E07000131,6/1/25,1085
E07000132,6/1/25,1685
E07000133,6/1/25,1015
E07000134,6/1/25,1405
E07000135,6/1/25,1110
E07000136,6/1/25,1775
E07000137,6/1/25,2295
E07000138,6/1/25,2755
E07000139,6/1/25,1435
E07000140,6/1/25,1765
E07000141,6/1/25,2395
E07000142,6/1/25,1605
E07000143,6/1/25,1990
E07000144,6/1/25,1620
E07000145,6/1/25,2705
E07000146,6/1/25,2515
E07000147,6/1/25,1395
E07000148,6/1/25,4000
E07000149,6/1/25,1775
E07000170,6/1/25,3055
E07000171,6/1/25,2260
E07000172,6/1/25,2045
E07000173,6/1/25,2295
E07000174,6/1/25,2675
E07000175,6/1/25,2115
E07000176,6/1/25,1465
E07000177,6/1/25,2555
E07000178,6/1/25,3040
E07000179,6/1/25,1780
E07000180,6/1/25,1850
E07000181,6/1/25,1300
E07000192,6/1/25,1970
E07000193,6/1/25,2805
E07000194,6/1/25,1520
E07000195,6/1/25,2375
E07000196,6/1/25,1655
E07000197,6/1/25,1940
E07000198,6/1/25,1270
E07000199,6/1/25,1605
E07000200,6/1/25,1370
E07000202,6/1/25,3905
E07000203,6/1/25,1200
E07000207,6/1/25,2025
E07000208,6/1/25,1040
E07000209,6/1/25,1890
E07000210,6/1/25,970
E07000211,6/1/25,2025
E07000212,6/1/25,1435
E07000213,6/1/25,2270
E07000214,6/1/25,1275
E07000215,6/1/25,1365
E07000216,6/1/25,1465
E07000217,6/1/25,1795
E07000218,6/1/25,1080
E07000219,6/1/25,3510
E07000220,6/1/25,2075
E07000221,6/1/25,1635
E07000222,6/1/25,2250
E07000223,6/1/25,1105
E07000224,6/1/25,3360
E07000225,6/1/25,2355
E07000226,6/1/25,3685
E07000227,6/1/25,1710
E07000228,6/1/25,1775
E07000229,6/1/25,2120
E07000234,6/1/25,1475
E07000235,6/1/25,1085
E07000236,6/1/25,2135
E07000237,6/1/25,2345
E07000238,6/1/25,2070
E07000239,6/1/25,1845
E07000240,6/1/25,2140
E07000241,6/1/25,2470
E07000242,6/1/25,1850
E07000243,6/1/25,2065
E07000244,6/1/25,3770
E07000245,6/1/25,2740
E08000001,6/1/25,10340
E08000002,6/1/25,5255
E08000003,6/1/25,25485
E08000004,6/1/25,10305
E08000005,6/1/25,8820
E08000006,6/1/25,9665
E08000007,6/1/25,5310
E08000008,6/1/25,7090
E08000009,6/1/25,4285
E08000010,6/1/25,7540
E08000011,6/1/25,4520
E08000012,6/1/25,19300
E08000013,6/1/25,4390
E08000014,6/1/25,6325
E08000015,6/1/25,6955
E08000016,6/1/25,4865
E08000017,6/1/25,8145
E08000018,6/1/25,6510
E08000019,6/1/25,16905
E08000021,6/1/25,8795
E08000022,6/1/25,4155
E08000023,6/1/25,4395
E08000024,6/1/25,7080
E08000025,6/1/25,78850
E08000026,6/1/25,13675
E08000027,6/1/25,9455
E08000028,6/1/25,15435
E08000029,6/1/25,4735
E08000030,6/1/25,10765
E08000031,6/1/25,12255
E08000032,6/1/25,25475
E08000033,6/1/25,5510
E08000034,6/1/25,13130
E08000035,6/1/25,24935
E08000036,6/1/25,7975
E08000037,6/1/25,5180
E09000001,6/1/25,160
E09000002,6/1/25,12070
E09000003,6/1/25,13800
E09000004,6/1/25,5645
E09000005,6/1/25,19055
E09000006,6/1/25,7415
E09000007,6/1/25,7805
E09000008,6/1/25,17760
E09000009,6/1/25,17950
E09000010,6/1/25,16070
E09000011,6/1/25,12115
E09000012,6/1/25,14125
E09000013,6/1/25,6795
E09000014,6/1/25,14845
E09000015,6/1/25,8800
E09000016,6/1/25,7765
E09000017,6/1/25,11030
E09000018,6/1/25,10880
E09000019,6/1/25,9885
E09000020,6/1/25,3775
E09000021,6/1/25,3805
E09000022,6/1/25,15420
E09000023,6/1/25,15205
E09000024,6/1/25,7080
E09000025,6/1/25,21650
E09000026,6/1/25,12900
E09000027,6/1/25,3260
E09000028,6/1/25,13595
E09000029,6/1/25,4880
E09000030,6/1/25,17785
E09000031,6/1/25,13670
E09000032,6/1/25,10695
E09000033,6/1/25,6800
N09000001,6/1/25,2120
N09000002,6/1/25,3875
N09000003,6/1/25,9490
N09000004,6/1/25,2685
N09000005,6/1/25,4525
N09000006,6/1/25,1840
N09000007,6/1/25,1825
N09000008,6/1/25,2520
N09000009,6/1/25,2195
N09000010,6/1/25,3135
N09000011,6/1/25,2630
S12000005,6/1/25,1015
S12000006,6/1/25,2230
S12000008,6/1/25,2710
S12000010,6/1/25,1500
S12000011,6/1/25,950
S12000013,6/1/25,275
S12000014,6/1/25,2920
S12000017,6/1/25,3055
S12000018,6/1/25,1535
S12000019,6/1/25,1380
S12000020,6/1/25,1330
S12000021,6/1/25,3090
S12000023,6/1/25,200
S12000026,6/1/25,1895
S12000027,6/1/25,155
S12000028,6/1/25,2065
S12000029,6/1/25,5420
S12000030,6/1/25,1290
S12000033,6/1/25,5215
S12000034,6/1/25,2995
S12000035,6/1/25,1225
S12000036,6/1/25,9200
S12000038,6/1/25,3235
S12000039,6/1/25,2110
S12000040,6/1/25,2975
S12000041,6/1/25,2080
S12000042,6/1/25,3865
S12000045,6/1/25,1165
S12000047,6/1/25,7345
S12000048,6/1/25,2015
S12000049,6/1/25,21460
S12000050,6/1/25,6585
W06000001,6/1/25,1340
W06000002,6/1/25,1905
W06000003,6/1/25,2345
W06000004,6/1/25,1975
W06000005,6/1/25,2680
W06000006,6/1/25,2475
W06000008,6/1/25,1100
W06000009,6/1/25,2310
W06000010,6/1/25,3170
W06000011,6/1/25,5180
W06000012,6/1/25,2810
W06000013,6/1/25,2490
W06000014,6/1/25,2480
W06000015,6/1/25,10000
W06000016,6/1/25,4615
W06000018,6/1/25,3655
W06000019,6/1/25,1630
W06000020,6/1/25,2065
W06000021,6/1/25,1270
W06000022,6/1/25,4600
W06000023,6/1/25,1895
W06000024,6/1/25,1200
E06000001,7/1/25,2665
E06000002,7/1/25,4960
E06000003,7/1/25,2925
E06000004,7/1/25,4745
E06000005,7/1/25,2475
E06000006,7/1/25,3370
E06000007,7/1/25,3410
E06000008,7/1/25,5545
E06000009,7/1/25,4905
E06000010,7/1/25,9690
E06000011,7/1/25,4520
E06000012,7/1/25,3845
E06000013,7/1/25,3515
E06000014,7/1/25,2520
E06000015,7/1/25,8595
E06000016,7/1/25,14910
E06000017,7/1/25,430
E06000018,7/1/25,13845
E06000019,7/1/25,2845
E06000020,7/1/25,4590
E06000021,7/1/25,9445
E06000022,7/1/25,2390
E06000023,7/1/25,12345
E06000024,7/1/25,3140
E06000025,7/1/25,3955
E06000026,7/1/25,5775
E06000027,7/1/25,2560
E06000030,7/1/25,4970
E06000031,7/1/25,7625
E06000032,7/1/25,10970
E06000033,7/1/25,4740
E06000034,7/1/25,5115
E06000035,7/1/25,7335
E06000036,7/1/25,2260
E06000037,7/1/25,2340
E06000038,7/1/25,5450
E06000039,7/1/25,6540
E06000040,7/1/25,2410
E06000041,7/1/25,2195
E06000042,7/1/25,8065
E06000043,7/1/25,8315
E06000044,7/1/25,6505
E06000045,7/1/25,7205
E06000046,7/1/25,2885
E06000047,7/1/25,9970
E06000049,7/1/25,5465
E06000050,7/1/25,5655
E06000051,7/1/25,4420
E06000052,7/1/25,9615
E06000053,7/1/25,10
E06000054,7/1/25,6880
E06000055,7/1/25,5265
E06000056,7/1/25,4950
E06000057,7/1/25,5290
E06000058,7/1/25,8535
E06000059,7/1/25,4855
E06000060,7/1/25,10835
E06000061,7/1/25,7600
E06000062,7/1/25,9455
E06000063,7/1/25,3895
E06000064,7/1/25,2450
E06000065,7/1/25,7050
E06000066,7/1/25,8310
E07000008,7/1/25,2280
E07000009,7/1/25,1130
E07000010,7/1/25,2195
E07000011,7/1/25,2665
E07000012,7/1/25,1980
E07000032,7/1/25,2025
E07000033,7/1/25,1480
E07000034,7/1/25,2215
E07000035,7/1/25,755
E07000036,7/1/25,2425
E07000037,7/1/25,1265
E07000038,7/1/25,1380
E07000039,7/1/25,1665
E07000040,7/1/25,1630
E07000041,7/1/25,1980
E07000042,7/1/25,1090
E07000043,7/1/25,1580
E07000044,7/1/25,970
E07000045,7/1/25,1645
E07000046,7/1/25,1000
E07000047,7/1/25,670
E07000061,7/1/25,2845
E07000062,7/1/25,2620
E07000063,7/1/25,1945
E07000064,7/1/25,1535
E07000065,7/1/25,2070
E07000066,7/1/25,4560
E07000067,7/1/25,2485
E07000068,7/1/25,1190
E07000069,7/1/25,1260
E07000070,7/1/25,2945
E07000071,7/1/25,3800
E07000072,7/1/25,2525
E07000073,7/1/25,2605
E07000074,7/1/25,955
E07000075,7/1/25,1180
E07000076,7/1/25,3270
E07000077,7/1/25,1095
E07000078,7/1/25,2120
E07000079,7/1/25,1025
E07000080,7/1/25,1325
E07000081,7/1/25,3095
E07000082,7/1/25,1510
E07000083,7/1/25,1340
E07000084,7/1/25,3130
E07000085,7/1/25,1490
E07000086,7/1/25,1880
E07000087,7/1/25,1295
E07000088,7/1/25,1715
E07000089,7/1/25,1030
E07000090,7/1/25,2595
E07000091,7/1/25,2125
E07000092,7/1/25,1980
E07000093,7/1/25,1570
E07000094,7/1/25,1635
E07000095,7/1/25,2085
E07000096,7/1/25,3195
E07000098,7/1/25,2365
E07000099,7/1/25,1920
E07000102,7/1/25,1620
E07000103,7/1/25,3170
E07000105,7/1/25,2485
E07000106,7/1/25,3110
E07000107,7/1/25,2355
E07000108,7/1/25,2275
E07000109,7/1/25,2995
E07000110,7/1/25,3620
E07000111,7/1/25,1510
E07000112,7/1/25,2425
E07000113,7/1/25,3300
E07000114,7/1/25,4110
E07000115,7/1/25,1940
E07000116,7/1/25,1640
E07000117,7/1/25,3370
E07000118,7/1/25,1735
E07000119,7/1/25,1255
E07000120,7/1/25,2830
E07000121,7/1/25,2600
E07000122,7/1/25,3495
E07000123,7/1/25,4795
E07000124,7/1/25,600
E07000125,7/1/25,1655
E07000126,7/1/25,1665
E07000127,7/1/25,2065
E07000128,7/1/25,1810
E07000129,7/1/25,1415
E07000130,7/1/25,2790
E07000131,7/1/25,1055
E07000132,7/1/25,1695
E07000133,7/1/25,965
E07000134,7/1/25,1410
E07000135,7/1/25,1090
E07000136,7/1/25,1740
E07000137,7/1/25,2220
E07000138,7/1/25,2715
E07000139,7/1/25,1450
E07000140,7/1/25,1775
E07000141,7/1/25,2395
E07000142,7/1/25,1615
E07000143,7/1/25,1965
E07000144,7/1/25,1600
E07000145,7/1/25,2675
E07000146,7/1/25,2445
E07000147,7/1/25,1355
E07000148,7/1/25,4015
E07000149,7/1/25,1780
E07000170,7/1/25,3050
E07000171,7/1/25,2265
E07000172,7/1/25,2035
E07000173,7/1/25,2285
E07000174,7/1/25,2670
E07000175,7/1/25,2085
E07000176,7/1/25,1475
E07000177,7/1/25,2545
E07000178,7/1/25,2995
E07000179,7/1/25,1720
E07000180,7/1/25,1855
E07000181,7/1/25,1310
E07000192,7/1/25,1950
E07000193,7/1/25,2730
E07000194,7/1/25,1510
E07000195,7/1/25,2390
E07000196,7/1/25,1655
E07000197,7/1/25,1975
E07000198,7/1/25,1220
E07000199,7/1/25,1595
E07000200,7/1/25,1325
E07000202,7/1/25,3705
E07000203,7/1/25,1200
E07000207,7/1/25,1975
E07000208,7/1/25,1055
E07000209,7/1/25,1875
E07000210,7/1/25,960
E07000211,7/1/25,1960
E07000212,7/1/25,1425
E07000213,7/1/25,2265
E07000214,7/1/25,1265
E07000215,7/1/25,1360
E07000216,7/1/25,1400
E07000217,7/1/25,1715
E07000218,7/1/25,1065
E07000219,7/1/25,3545
E07000220,7/1/25,2045
E07000221,7/1/25,1635
E07000222,7/1/25,2220
E07000223,7/1/25,1130
E07000224,7/1/25,3295
E07000225,7/1/25,2280
E07000226,7/1/25,3580
E07000227,7/1/25,1695
E07000228,7/1/25,1815
E07000229,7/1/25,2110
E07000234,7/1/25,1470
E07000235,7/1/25,1030
E07000236,7/1/25,2100
E07000237,7/1/25,2320
E07000238,7/1/25,2045
E07000239,7/1/25,1870
E07000240,7/1/25,2155
E07000241,7/1/25,2395
E07000242,7/1/25,1790
E07000243,7/1/25,2040
E07000244,7/1/25,3730
E07000245,7/1/25,2690
E08000001,7/1/25,10075
E08000002,7/1/25,5200
E08000003,7/1/25,25085
E08000004,7/1/25,10110
E08000005,7/1/25,8680
E08000006,7/1/25,9515
E08000007,7/1/25,5340
E08000008,7/1/25,6955
E08000009,7/1/25,4290
E08000010,7/1/25,7545
E08000011,7/1/25,4395
E08000012,7/1/25,18895
E08000013,7/1/25,4320
E08000014,7/1/25,6200
E08000015,7/1/25,6935
E08000016,7/1/25,4785
E08000017,7/1/25,7965
E08000018,7/1/25,6425
E08000019,7/1/25,16635
E08000021,7/1/25,8730
E08000022,7/1/25,4125
E08000023,7/1/25,4290
E08000024,7/1/25,6910
E08000025,7/1/25,77395
E08000026,7/1/25,13430
E08000027,7/1/25,9250
E08000028,7/1/25,15020
E08000029,7/1/25,4595
E08000030,7/1/25,10635
E08000031,7/1/25,11950
E08000032,7/1/25,25070
E08000033,7/1/25,5430
E08000034,7/1/25,12875
E08000035,7/1/25,24415
E08000036,7/1/25,7980
E08000037,7/1/25,5025
E09000001,7/1/25,140
E09000002,7/1/25,11715
E09000003,7/1/25,13485
E09000004,7/1/25,5600
E09000005,7/1/25,18470
E09000006,7/1/25,7325
E09000007,7/1/25,7595
E09000008,7/1/25,17335
E09000009,7/1/25,17415
E09000010,7/1/25,15545
E09000011,7/1/25,11945
E09000012,7/1/25,13705
E09000013,7/1/25,6670
E09000014,7/1/25,14345
E09000015,7/1/25,8530
E09000016,7/1/25,7630
E09000017,7/1/25,10800
E09000018,7/1/25,10665
E09000019,7/1/25,9790
E09000020,7/1/25,3665
E09000021,7/1/25,3755
E09000022,7/1/25,15080
E09000023,7/1/25,14930
E09000024,7/1/25,6960
E09000025,7/1/25,21090
E09000026,7/1/25,12550
E09000027,7/1/25,3225
E09000028,7/1/25,13280
E09000029,7/1/25,4760
E09000030,7/1/25,17445
E09000031,7/1/25,13295
E09000032,7/1/25,10450
E09000033,7/1/25,6530
N09000001,7/1/25,2120
N09000002,7/1/25,3795
N09000003,7/1/25,9420
N09000004,7/1/25,2645
N09000005,7/1/25,4480
N09000006,7/1/25,1800
N09000007,7/1/25,1850
N09000008,7/1/25,2495
N09000009,7/1/25,2150
N09000010,7/1/25,3115
N09000011,7/1/25,2580
S12000005,7/1/25,960
S12000006,7/1/25,2285
S12000008,7/1/25,2685
S12000010,7/1/25,1485
S12000011,7/1/25,940
S12000013,7/1/25,270
S12000014,7/1/25,2870
S12000017,7/1/25,2985
S12000018,7/1/25,1530
S12000019,7/1/25,1405
S12000020,7/1/25,1295
S12000021,7/1/25,3150
S12000023,7/1/25,200
S12000026,7/1/25,1895
S12000027,7/1/25,150
S12000028,7/1/25,2070
S12000029,7/1/25,5400
S12000030,7/1/25,1270
S12000033,7/1/25,5180
S12000034,7/1/25,2990
S12000035,7/1/25,1180
S12000036,7/1/25,9130
S12000038,7/1/25,3195
S12000039,7/1/25,2065
S12000040,7/1/25,2960
S12000041,7/1/25,2090
S12000042,7/1/25,3845
S12000045,7/1/25,1145
S12000047,7/1/25,7120
S12000048,7/1/25,2005
S12000049,7/1/25,21290
S12000050,7/1/25,6565
W06000001,7/1/25,1330
W06000002,7/1/25,1850
W06000003,7/1/25,2260
W06000004,7/1/25,1980
W06000005,7/1/25,2700
W06000006,7/1/25,2490
W06000008,7/1/25,1065
W06000009,7/1/25,2255
W06000010,7/1/25,3155
W06000011,7/1/25,5075
W06000012,7/1/25,2760
W06000013,7/1/25,2510
W06000014,7/1/25,2460
W06000015,7/1/25,9670
W06000016,7/1/25,4615
W06000018,7/1/25,3600
W06000019,7/1/25,1620
W06000020,7/1/25,2030
W06000021,7/1/25,1250
W06000022,7/1/25,4515
W06000023,7/1/25,1885
W06000024,7/1/25,1145
E06000001,8/1/25,2700
E06000002,8/1/25,5015
E06000003,8/1/25,2920
E06000004,8/1/25,4840
E06000005,8/1/25,2520
E06000006,8/1/25,3410
E06000007,8/1/25,3430
E06000008,8/1/25,5525
E06000009,8/1/25,4810
E06000010,8/1/25,9655
E06000011,8/1/25,4470
E06000012,8/1/25,3860
E06000013,8/1/25,3490
E06000014,8/1/25,2505
E06000015,8/1/25,8670
E06000016,8/1/25,14685
E06000017,8/1/25,415
E06000018,8/1/25,13805
E06000019,8/1/25,2855
E06000020,8/1/25,4565
E06000021,8/1/25,9440
E06000022,8/1/25,2415
E06000023,8/1/25,12330
E06000024,8/1/25,3160
E06000025,8/1/25,3950
E06000026,8/1/25,5735
E06000027,8/1/25,2590
E06000030,8/1/25,5115
E06000031,8/1/25,7480
E06000032,8/1/25,10760
E06000033,8/1/25,4760
E06000034,8/1/25,5130
E06000035,8/1/25,7460
E06000036,8/1/25,2195
E06000037,8/1/25,2300
E06000038,8/1/25,5370
E06000039,8/1/25,6455
E06000040,8/1/25,2380
E06000041,8/1/25,2240
E06000042,8/1/25,7985
E06000043,8/1/25,8290
E06000044,8/1/25,6460
E06000045,8/1/25,7180
E06000046,8/1/25,2825
E06000047,8/1/25,10120
E06000049,8/1/25,5505
E06000050,8/1/25,5695
E06000051,8/1/25,4440
E06000052,8/1/25,9560
E06000053,8/1/25,15
E06000054,8/1/25,6870
E06000055,8/1/25,5225
E06000056,8/1/25,4950
E06000057,8/1/25,5260
E06000058,8/1/25,8320
E06000059,8/1/25,4725
E06000060,8/1/25,10825
E06000061,8/1/25,7605
E06000062,8/1/25,9305
E06000063,8/1/25,3915
E06000064,8/1/25,2425
E06000065,8/1/25,6975
E06000066,8/1/25,8310
E07000008,8/1/25,2270
E07000009,8/1/25,1130
E07000010,8/1/25,2220
E07000011,8/1/25,2730
E07000012,8/1/25,1950
E07000032,8/1/25,1995
E07000033,8/1/25,1440
E07000034,8/1/25,2250
E07000035,8/1/25,735
E07000036,8/1/25,2350
E07000037,8/1/25,1290
E07000038,8/1/25,1425
E07000039,8/1/25,1670
E07000040,8/1/25,1645
E07000041,8/1/25,2055
E07000042,8/1/25,1120
E07000043,8/1/25,1565
E07000044,8/1/25,1000
E07000045,8/1/25,1670
E07000046,8/1/25,990
E07000047,8/1/25,655
E07000061,8/1/25,2885
E07000062,8/1/25,2620
E07000063,8/1/25,1985
E07000064,8/1/25,1550
E07000065,8/1/25,2050
E07000066,8/1/25,4575
E07000067,8/1/25,2510
E07000068,8/1/25,1190
E07000069,8/1/25,1220
E07000070,8/1/25,3010
E07000071,8/1/25,3775
E07000072,8/1/25,2455
E07000073,8/1/25,2650
E07000074,8/1/25,945
E07000075,8/1/25,1165
E07000076,8/1/25,3245
E07000077,8/1/25,1115
E07000078,8/1/25,2120
E07000079,8/1/25,1025
E07000080,8/1/25,1335
E07000081,8/1/25,3050
E07000082,8/1/25,1480
E07000083,8/1/25,1335
E07000084,8/1/25,3160
E07000085,8/1/25,1510
E07000086,8/1/25,1870
E07000087,8/1/25,1325
E07000088,8/1/25,1745
E07000089,8/1/25,1010
E07000090,8/1/25,2595
E07000091,8/1/25,2170
E07000092,8/1/25,1990
E07000093,8/1/25,1555
E07000094,8/1/25,1660
E07000095,8/1/25,2105
E07000096,8/1/25,3175
E07000098,8/1/25,2375
E07000099,8/1/25,1910
E07000102,8/1/25,1570
E07000103,8/1/25,3195
E07000105,8/1/25,2460
E07000106,8/1/25,3030
E07000107,8/1/25,2345
E07000108,8/1/25,2300
E07000109,8/1/25,2940
E07000110,8/1/25,3600
E07000111,8/1/25,1530
E07000112,8/1/25,2415
E07000113,8/1/25,3310
E07000114,8/1/25,4105
E07000115,8/1/25,1900
E07000116,8/1/25,1620
E07000117,8/1/25,3355
E07000118,8/1/25,1760
E07000119,8/1/25,1230
E07000120,8/1/25,2770
E07000121,8/1/25,2570
E07000122,8/1/25,3485
E07000123,8/1/25,4790
E07000124,8/1/25,620
E07000125,8/1/25,1690
E07000126,8/1/25,1715
E07000127,8/1/25,2035
E07000128,8/1/25,1790
E07000129,8/1/25,1410
E07000130,8/1/25,2825
E07000131,8/1/25,1065
E07000132,8/1/25,1745
E07000133,8/1/25,945
E07000134,8/1/25,1430
E07000135,8/1/25,1095
E07000136,8/1/25,1770
E07000137,8/1/25,2210
E07000138,8/1/25,2700
E07000139,8/1/25,1475
E07000140,8/1/25,1710
E07000141,8/1/25,2420
E07000142,8/1/25,1615
E07000143,8/1/25,1945
E07000144,8/1/25,1590
E07000145,8/1/25,2600
E07000146,8/1/25,2450
E07000147,8/1/25,1330
E07000148,8/1/25,4075
E07000149,8/1/25,1840
E07000170,8/1/25,3075
E07000171,8/1/25,2270
E07000172,8/1/25,2050
E07000173,8/1/25,2290
E07000174,8/1/25,2665
E07000175,8/1/25,2125
E07000176,8/1/25,1475
E07000177,8/1/25,2555
E07000178,8/1/25,3010
E07000179,8/1/25,1750
E07000180,8/1/25,1795
E07000181,8/1/25,1265
E07000192,8/1/25,1920
E07000193,8/1/25,2715
E07000194,8/1/25,1455
E07000195,8/1/25,2360
E07000196,8/1/25,1685
E07000197,8/1/25,2035
E07000198,8/1/25,1225
E07000199,8/1/25,1620
E07000200,8/1/25,1285
E07000202,8/1/25,3575
E07000203,8/1/25,1200
E07000207,8/1/25,1980
E07000208,8/1/25,1045
E07000209,8/1/25,1850
E07000210,8/1/25,960
E07000211,8/1/25,1995
E07000212,8/1/25,1385
E07000213,8/1/25,2260
E07000214,8/1/25,1270
E07000215,8/1/25,1330
E07000216,8/1/25,1380
E07000217,8/1/25,1685
E07000218,8/1/25,1035
E07000219,8/1/25,3600
E07000220,8/1/25,2065
E07000221,8/1/25,1640
E07000222,8/1/25,2235
E07000223,8/1/25,1115
E07000224,8/1/25,3365
E07000225,8/1/25,2270
E07000226,8/1/25,3525
E07000227,8/1/25,1715
E07000228,8/1/25,1820
E07000229,8/1/25,2145
E07000234,8/1/25,1500
E07000235,8/1/25,1075
E07000236,8/1/25,2035
E07000237,8/1/25,2345
E07000238,8/1/25,2005
E07000239,8/1/25,1875
E07000240,8/1/25,2160
E07000241,8/1/25,2415
E07000242,8/1/25,1830
E07000243,8/1/25,1995
E07000244,8/1/25,3730
E07000245,8/1/25,2715
E08000001,8/1/25,9990
E08000002,8/1/25,5135
E08000003,8/1/25,24915
E08000004,8/1/25,10050
E08000005,8/1/25,8680
E08000006,8/1/25,9595
E08000007,8/1/25,5450
E08000008,8/1/25,7030
E08000009,8/1/25,4265
E08000010,8/1/25,7550
E08000011,8/1/25,4335
E08000012,8/1/25,18825
E08000013,8/1/25,4385
E08000014,8/1/25,6200
E08000015,8/1/25,6945
E08000016,8/1/25,4870
E08000017,8/1/25,8075
E08000018,8/1/25,6405
E08000019,8/1/25,16605
E08000021,8/1/25,8790
E08000022,8/1/25,4125
E08000023,8/1/25,4370
E08000024,8/1/25,6875
E08000025,8/1/25,77170
E08000026,8/1/25,13405
E08000027,8/1/25,9325
E08000028,8/1/25,14945
E08000029,8/1/25,4625
E08000030,8/1/25,10550
E08000031,8/1/25,11870
E08000032,8/1/25,24675
E08000033,8/1/25,5470
E08000034,8/1/25,12945
E08000035,8/1/25,24600
E08000036,8/1/25,8040
E08000037,8/1/25,5000
E09000001,8/1/25,145
E09000002,8/1/25,11405
E09000003,8/1/25,13380
E09000004,8/1/25,5560
E09000005,8/1/25,18175
E09000006,8/1/25,7160
E09000007,8/1/25,7425
E09000008,8/1/25,17080
E09000009,8/1/25,17130
E09000010,8/1/25,15155
E09000011,8/1/25,11740
E09000012,8/1/25,13540
E09000013,8/1/25,6555
E09000014,8/1/25,14020
E09000015,8/1/25,8445
E09000016,8/1/25,7550
E09000017,8/1/25,10700
E09000018,8/1/25,10455
E09000019,8/1/25,9760
E09000020,8/1/25,3670
E09000021,8/1/25,3755
E09000022,8/1/25,14910
E09000023,8/1/25,14820
E09000024,8/1/25,6870
E09000025,8/1/25,20990
E09000026,8/1/25,12455
E09000027,8/1/25,3160
E09000028,8/1/25,13135
E09000029,8/1/25,4650
E09000030,8/1/25,17180
E09000031,8/1/25,12965
E09000032,8/1/25,10275
E09000033,8/1/25,6480
N09000001,8/1/25,2105
N09000002,8/1/25,3960
N09000003,8/1/25,9380
N09000004,8/1/25,2650
N09000005,8/1/25,4510
N09000006,8/1/25,1800
N09000007,8/1/25,1875
N09000008,8/1/25,2565
N09000009,8/1/25,2195
N09000010,8/1/25,3120
N09000011,8/1/25,2605
S12000005,8/1/25,940
S12000006,8/1/25,2260
S12000008,8/1/25,2690
S12000010,8/1/25,1480
S12000011,8/1/25,990
S12000013,8/1/25,285
S12000014,8/1/25,2910
S12000017,8/1/25,3020
S12000018,8/1/25,1565
S12000019,8/1/25,1440
S12000020,8/1/25,1310
S12000021,8/1/25,3195
S12000023,8/1/25,200
S12000026,8/1/25,1885
S12000027,8/1/25,155
S12000028,8/1/25,2090
S12000029,8/1/25,5480
S12000030,8/1/25,1305
S12000033,8/1/25,5180
S12000034,8/1/25,3010
S12000035,8/1/25,1180
S12000036,8/1/25,9065
S12000038,8/1/25,3230
S12000039,8/1/25,2055
S12000040,8/1/25,3005
S12000041,8/1/25,2115
S12000042,8/1/25,3940
S12000045,8/1/25,1160
S12000047,8/1/25,7195
S12000048,8/1/25,2045
S12000049,8/1/25,21500
S12000050,8/1/25,6600
W06000001,8/1/25,1335
W06000002,8/1/25,1930
W06000003,8/1/25,2275
W06000004,8/1/25,1935
W06000005,8/1/25,2765
W06000006,8/1/25,2495
W06000008,8/1/25,1035
W06000009,8/1/25,2265
W06000010,8/1/25,3165
W06000011,8/1/25,5155
W06000012,8/1/25,2745
W06000013,8/1/25,2570
W06000014,8/1/25,2500
W06000015,8/1/25,9715
W06000016,8/1/25,4650
W06000018,8/1/25,3590
W06000019,8/1/25,1635
W06000020,8/1/25,2080
W06000021,8/1/25,1250
W06000022,8/1/25,4465
W06000023,8/1/25,1915
W06000024,8/1/25,1150
E06000001,9/1/25,2615
E06000002,9/1/25,4965
E06000003,9/1/25,2865
E06000004,9/1/25,4750
E06000005,9/1/25,2455
E06000006,9/1/25,3370
E06000007,9/1/25,3410
E06000008,9/1/25,5455
E06000009,9/1/25,4725
E06000010,9/1/25,9445
E06000011,9/1/25,4480
E06000012,9/1/25,3840
E06000013,9/1/25,3495
E06000014,9/1/25,2455
E06000015,9/1/25,8520
E06000016,9/1/25,14480
E06000017,9/1/25,415
E06000018,9/1/25,13695
E06000019,9/1/25,2820
E06000020,9/1/25,4605
E06000021,9/1/25,9330
E06000022,9/1/25,2400
E06000023,9/1/25,12405
E06000024,9/1/25,3125
E06000025,9/1/25,3960
E06000026,9/1/25,5735
E06000027,9/1/25,2520
E06000030,9/1/25,5120
E06000031,9/1/25,7460
E06000032,9/1/25,10595
E06000033,9/1/25,4725
E06000034,9/1/25,5035
E06000035,9/1/25,7420
E06000036,9/1/25,2200
E06000037,9/1/25,2320
E06000038,9/1/25,5440
E06000039,9/1/25,6400
E06000040,9/1/25,2395
E06000041,9/1/25,2220
E06000042,9/1/25,8055
E06000043,9/1/25,8225
E06000044,9/1/25,6450
E06000045,9/1/25,7135
E06000046,9/1/25,2870
E06000047,9/1/25,9920
E06000049,9/1/25,5500
E06000050,9/1/25,5690
E06000051,9/1/25,4390
E06000052,9/1/25,9455
E06000053,9/1/25,15
E06000054,9/1/25,6945
E06000055,9/1/25,5260
E06000056,9/1/25,5005
E06000057,9/1/25,5225
E06000058,9/1/25,8230
E06000059,9/1/25,4725
E06000060,9/1/25,10760
E06000061,9/1/25,7530
E06000062,9/1/25,9265
E06000063,9/1/25,3905
E06000064,9/1/25,2390
E06000065,9/1/25,6870
E06000066,9/1/25,8290
E07000008,9/1/25,2320
E07000009,9/1/25,1165
E07000010,9/1/25,2205
E07000011,9/1/25,2645
E07000012,9/1/25,1980
E07000032,9/1/25,1995
E07000033,9/1/25,1425
E07000034,9/1/25,2235
E07000035,9/1/25,700
E07000036,9/1/25,2355
E07000037,9/1/25,1315
E07000038,9/1/25,1485
E07000039,9/1/25,1655
E07000040,9/1/25,1710
E07000041,9/1/25,1985
E07000042,9/1/25,1105
E07000043,9/1/25,1590
E07000044,9/1/25,1015
E07000045,9/1/25,1660
E07000046,9/1/25,960
E07000047,9/1/25,660
E07000061,9/1/25,2855
E07000062,9/1/25,2580
E07000063,9/1/25,1970
E07000064,9/1/25,1545
E07000065,9/1/25,2115
E07000066,9/1/25,4515
E07000067,9/1/25,2510
E07000068,9/1/25,1210
E07000069,9/1/25,1220
E07000070,9/1/25,2990
E07000071,9/1/25,3745
E07000072,9/1/25,2500
E07000073,9/1/25,2685
E07000074,9/1/25,950
E07000075,9/1/25,1180
E07000076,9/1/25,3220
E07000077,9/1/25,1090
E07000078,9/1/25,2135
E07000079,9/1/25,1030
E07000080,9/1/25,1375
E07000081,9/1/25,3080
E07000082,9/1/25,1520
E07000083,9/1/25,1400
E07000084,9/1/25,3140
E07000085,9/1/25,1510
E07000086,9/1/25,1920
E07000087,9/1/25,1315
E07000088,9/1/25,1690
E07000089,9/1/25,1005
E07000090,9/1/25,2540
E07000091,9/1/25,2225
E07000092,9/1/25,2005
E07000093,9/1/25,1535
E07000094,9/1/25,1670
E07000095,9/1/25,2150
E07000096,9/1/25,3180
E07000098,9/1/25,2375
E07000099,9/1/25,1910
E07000102,9/1/25,1575
E07000103,9/1/25,3135
E07000105,9/1/25,2515
E07000106,9/1/25,3075
E07000107,9/1/25,2380
E07000108,9/1/25,2245
E07000109,9/1/25,2950
E07000110,9/1/25,3725
E07000111,9/1/25,1550
E07000112,9/1/25,2375
E07000113,9/1/25,3355
E07000114,9/1/25,4060
E07000115,9/1/25,1920
E07000116,9/1/25,1705
E07000117,9/1/25,3325
E07000118,9/1/25,1770
E07000119,9/1/25,1235
E07000120,9/1/25,2790
E07000121,9/1/25,2540
E07000122,9/1/25,3405
E07000123,9/1/25,4820
E07000124,9/1/25,610
E07000125,9/1/25,1685
E07000126,9/1/25,1705
E07000127,9/1/25,2020
E07000128,9/1/25,1780
E07000129,9/1/25,1405
E07000130,9/1/25,2845
E07000131,9/1/25,1090
E07000132,9/1/25,1750
E07000133,9/1/25,955
E07000134,9/1/25,1420
E07000135,9/1/25,1100
E07000136,9/1/25,1810
E07000137,9/1/25,2250
E07000138,9/1/25,2700
E07000139,9/1/25,1460
E07000140,9/1/25,1685
E07000141,9/1/25,2445
E07000142,9/1/25,1595
E07000143,9/1/25,1955
E07000144,9/1/25,1570
E07000145,9/1/25,2515
E07000146,9/1/25,2420
E07000147,9/1/25,1355
E07000148,9/1/25,4005
E07000149,9/1/25,1815
E07000170,9/1/25,3035
E07000171,9/1/25,2315
E07000172,9/1/25,2030
E07000173,9/1/25,2290
E07000174,9/1/25,2665
E07000175,9/1/25,2060
E07000176,9/1/25,1460
E07000177,9/1/25,2555
E07000178,9/1/25,3090
E07000179,9/1/25,1770
E07000180,9/1/25,1825
E07000181,9/1/25,1295
E07000192,9/1/25,1910
E07000193,9/1/25,2710
E07000194,9/1/25,1425
E07000195,9/1/25,2355
E07000196,9/1/25,1620
E07000197,9/1/25,2010
E07000198,9/1/25,1180
E07000199,9/1/25,1575
E07000200,9/1/25,1220
E07000202,9/1/25,3640
E07000203,9/1/25,1185
E07000207,9/1/25,1960
E07000208,9/1/25,1050
E07000209,9/1/25,1860
E07000210,9/1/25,940
E07000211,9/1/25,1995
E07000212,9/1/25,1390
E07000213,9/1/25,2260
E07000214,9/1/25,1280
E07000215,9/1/25,1330
E07000216,9/1/25,1450
E07000217,9/1/25,1725
E07000218,9/1/25,1035
E07000219,9/1/25,3560
E07000220,9/1/25,2055
E07000221,9/1/25,1690
E07000222,9/1/25,2280
E07000223,9/1/25,1115
E07000224,9/1/25,3315
E07000225,9/1/25,2305
E07000226,9/1/25,3550
E07000227,9/1/25,1735
E07000228,9/1/25,1885
E07000229,9/1/25,2135
E07000234,9/1/25,1505
E07000235,9/1/25,1025
E07000236,9/1/25,2030
E07000237,9/1/25,2305
E07000238,9/1/25,1995
E07000239,9/1/25,1910
E07000240,9/1/25,2165
E07000241,9/1/25,2425
E07000242,9/1/25,1920
E07000243,9/1/25,2010
E07000244,9/1/25,3695
E07000245,9/1/25,2780
E08000001,9/1/25,9840
E08000002,9/1/25,5130
E08000003,9/1/25,24690
E08000004,9/1/25,9965
E08000005,9/1/25,8625
E08000006,9/1/25,9500
E08000007,9/1/25,5480
E08000008,9/1/25,6980
E08000009,9/1/25,4315
E08000010,9/1/25,7485
E08000011,9/1/25,4360
E08000012,9/1/25,18650
E08000013,9/1/25,4350
E08000014,9/1/25,6090
E08000015,9/1/25,6965
E08000016,9/1/25,4850
E08000017,9/1/25,8110
E08000018,9/1/25,6305
E08000019,9/1/25,16520
E08000021,9/1/25,8700
E08000022,9/1/25,4090
E08000023,9/1/25,4180
E08000024,9/1/25,6810
E08000025,9/1/25,76970
E08000026,9/1/25,13325
E08000027,9/1/25,9250
E08000028,9/1/25,15015
E08000029,9/1/25,4640
E08000030,9/1/25,10340
E08000031,9/1/25,11810
E08000032,9/1/25,24435
E08000033,9/1/25,5400
E08000034,9/1/25,12820
E08000035,9/1/25,24635
E08000036,9/1/25,7920
E08000037,9/1/25,4935
E09000001,9/1/25,150
E09000002,9/1/25,11570
E09000003,9/1/25,13335
E09000004,9/1/25,5530
E09000005,9/1/25,18085
E09000006,9/1/25,7220
E09000007,9/1/25,7465
E09000008,9/1/25,17065
E09000009,9/1/25,17170
E09000010,9/1/25,15105
E09000011,9/1/25,11730
E09000012,9/1/25,13670
E09000013,9/1/25,6560
E09000014,9/1/25,14130
E09000015,9/1/25,8455
E09000016,9/1/25,7605
E09000017,9/1/25,10750
E09000018,9/1/25,10415
E09000019,9/1/25,9685
E09000020,9/1/25,3605
E09000021,9/1/25,3685
E09000022,9/1/25,15085
E09000023,9/1/25,14950
E09000024,9/1/25,6900
E09000025,9/1/25,21010
E09000026,9/1/25,12595
E09000027,9/1/25,3170
E09000028,9/1/25,13340
E09000029,9/1/25,4730
E09000030,9/1/25,17165
E09000031,9/1/25,13085
E09000032,9/1/25,10275
E09000033,9/1/25,6485
N09000001,9/1/25,2225
N09000002,9/1/25,3995
N09000003,9/1/25,9725
N09000004,9/1/25,2675
N09000005,9/1/25,4455
N09000006,9/1/25,1830
N09000007,9/1/25,1900
N09000008,9/1/25,2605
N09000009,9/1/25,2250
N09000010,9/1/25,3280
N09000011,9/1/25,2590
S12000005,9/1/25,880
S12000006,9/1/25,2210
S12000008,9/1/25,2620
S12000010,9/1/25,1445
S12000011,9/1/25,965
S12000013,9/1/25,275
S12000014,9/1/25,2865
S12000017,9/1/25,2875
S12000018,9/1/25,1530
S12000019,9/1/25,1380
S12000020,9/1/25,1260
S12000021,9/1/25,3110
S12000023,9/1/25,190
S12000026,9/1/25,1815
S12000027,9/1/25,165
S12000028,9/1/25,2005
S12000029,9/1/25,5265
S12000030,9/1/25,1245
S12000033,9/1/25,5025
S12000034,9/1/25,2925
S12000035,9/1/25,1150
S12000036,9/1/25,8765
S12000038,9/1/25,3185
S12000039,9/1/25,2015
S12000040,9/1/25,2855
S12000041,9/1/25,1980
S12000042,9/1/25,3685
S12000045,9/1/25,1125
S12000047,9/1/25,6875
S12000048,9/1/25,2000
S12000049,9/1/25,21015
S12000050,9/1/25,6415
W06000001,9/1/25,1335
W06000002,9/1/25,1905
W06000003,9/1/25,2265
W06000004,9/1/25,1935
W06000005,9/1/25,2735
W06000006,9/1/25,2470
W06000008,9/1/25,1020
W06000009,9/1/25,2215
W06000010,9/1/25,3115
W06000011,9/1/25,5065
W06000012,9/1/25,2685
W06000013,9/1/25,2545
W06000014,9/1/25,2565
W06000015,9/1/25,9720
W06000016,9/1/25,4605
W06000018,9/1/25,3640
W06000019,9/1/25,1625
W06000020,9/1/25,2040
W06000021,9/1/25,1250
W06000022,9/1/25,4570
W06000023,9/1/25,1895
W06000024,9/1/25,1185
E06000001,10/1/25,2595
E06000002,10/1/25,4975
E06000003,10/1/25,2880
E06000004,10/1/25,4630
E06000005,10/1/25,2435
E06000006,10/1/25,3370
E06000007,10/1/25,3350
E06000008,10/1/25,5285
E06000009,10/1/25,4695
E06000010,10/1/25,9310
E06000011,10/1/25,4455
E06000012,10/1/25,3890
E06000013,10/1/25,3420
E06000014,10/1/25,2400
E06000015,10/1/25,8490
E06000016,10/1/25,14055
E06000017,10/1/25,410
E06000018,10/1/25,13640
E06000019,10/1/25,2810
E06000020,10/1/25,4570
E06000021,10/1/25,9145
E06000022,10/1/25,2330
E06000023,10/1/25,12500
E06000024,10/1/25,3125
E06000025,10/1/25,3945
E06000026,10/1/25,5815
E06000027,10/1/25,2585
E06000030,10/1/25,5100
E06000031,10/1/25,7370
E06000032,10/1/25,10435
E06000033,10/1/25,4805
E06000034,10/1/25,4945
E06000035,10/1/25,7435
E06000036,10/1/25,2240
E06000037,10/1/25,2280
E06000038,10/1/25,5345
E06000039,10/1/25,6315
E06000040,10/1/25,2385
E06000041,10/1/25,2190
E06000042,10/1/25,8035
E06000043,10/1/25,8345
E06000044,10/1/25,6520
E06000045,10/1/25,7160
E06000046,10/1/25,2895
E06000047,10/1/25,10085
E06000049,10/1/25,5450
E06000050,10/1/25,5725
E06000051,10/1/25,4420
E06000052,10/1/25,9775
E06000053,10/1/25,10
E06000054,10/1/25,6895
E06000055,10/1/25,5315
E06000056,10/1/25,4980
E06000057,10/1/25,5155
E06000058,10/1/25,8195
E06000059,10/1/25,4720
E06000060,10/1/25,10785
E06000061,10/1/25,7425
E06000062,10/1/25,9120
E06000063,10/1/25,3965
E06000064,10/1/25,2420
E06000065,10/1/25,6925
E06000066,10/1/25,8395
E07000008,10/1/25,2315
E07000009,10/1/25,1170
E07000010,10/1/25,2155
E07000011,10/1/25,2690
E07000012,10/1/25,2010
E07000032,10/1/25,1985
E07000033,10/1/25,1435
E07000034,10/1/25,2160
E07000035,10/1/25,725
E07000036,10/1/25,2330
E07000037,10/1/25,1345
E07000038,10/1/25,1420
E07000039,10/1/25,1685
E07000040,10/1/25,1710
E07000041,10/1/25,2050
E07000042,10/1/25,1165
E07000043,10/1/25,1595
E07000044,10/1/25,1040
E07000045,10/1/25,1670
E07000046,10/1/25,975
E07000047,10/1/25,690
E07000061,10/1/25,2840
E07000062,10/1/25,2625
E07000063,10/1/25,1880
E07000064,10/1/25,1580
E07000065,10/1/25,2135
E07000066,10/1/25,4450
E07000067,10/1/25,2580
E07000068,10/1/25,1180
E07000069,10/1/25,1230
E07000070,10/1/25,3020
E07000071,10/1/25,3745
E07000072,10/1/25,2475
E07000073,10/1/25,2690
E07000074,10/1/25,930
E07000075,10/1/25,1185
E07000076,10/1/25,3245
E07000077,10/1/25,1065
E07000078,10/1/25,2090
E07000079,10/1/25,1020
E07000080,10/1/25,1375
E07000081,10/1/25,3075
E07000082,10/1/25,1510
E07000083,10/1/25,1365
E07000084,10/1/25,3130
E07000085,10/1/25,1540
E07000086,10/1/25,1920
E07000087,10/1/25,1310
E07000088,10/1/25,1690
E07000089,10/1/25,1035
E07000090,10/1/25,2530
E07000091,10/1/25,2245
E07000092,10/1/25,2035
E07000093,10/1/25,1605
E07000094,10/1/25,1645
E07000095,10/1/25,2135
E07000096,10/1/25,3180
E07000098,10/1/25,2365
E07000099,10/1/25,1885
E07000102,10/1/25,1580
E07000103,10/1/25,3050
E07000105,10/1/25,2520
E07000106,10/1/25,3120
E07000107,10/1/25,2435
E07000108,10/1/25,2305
E07000109,10/1/25,2935
E07000110,10/1/25,3710
E07000111,10/1/25,1565
E07000112,10/1/25,2380
E07000113,10/1/25,3380
E07000114,10/1/25,4190
E07000115,10/1/25,1975
E07000116,10/1/25,1695
E07000117,10/1/25,3340
E07000118,10/1/25,1760
E07000119,10/1/25,1215
E07000120,10/1/25,2765
E07000121,10/1/25,2550
E07000122,10/1/25,3375
E07000123,10/1/25,4845
E07000124,10/1/25,625
E07000125,10/1/25,1665
E07000126,10/1/25,1735
E07000127,10/1/25,2000
E07000128,10/1/25,1750
E07000129,10/1/25,1420
E07000130,10/1/25,2820
E07000131,10/1/25,1075
E07000132,10/1/25,1705
E07000133,10/1/25,950
E07000134,10/1/25,1390
E07000135,10/1/25,1080
E07000136,10/1/25,1820
E07000137,10/1/25,2300
E07000138,10/1/25,2690
E07000139,10/1/25,1435
E07000140,10/1/25,1665
E07000141,10/1/25,2430
E07000142,10/1/25,1625
E07000143,10/1/25,1995
E07000144,10/1/25,1565
E07000145,10/1/25,2515
E07000146,10/1/25,2410
E07000147,10/1/25,1330
E07000148,10/1/25,4080
E07000149,10/1/25,1855
E07000170,10/1/25,3050
E07000171,10/1/25,2255
E07000172,10/1/25,2000
E07000173,10/1/25,2295
E07000174,10/1/25,2590
E07000175,10/1/25,2080
E07000176,10/1/25,1455
E07000177,10/1/25,2580
E07000178,10/1/25,3015
E07000179,10/1/25,1790
E07000180,10/1/25,1840
E07000181,10/1/25,1330
E07000192,10/1/25,1915
E07000193,10/1/25,2630
E07000194,10/1/25,1460
E07000195,10/1/25,2310
E07000196,10/1/25,1685
E07000197,10/1/25,1955
E07000198,10/1/25,1195
E07000199,10/1/25,1590
E07000200,10/1/25,1255
E07000202,10/1/25,3620
E07000203,10/1/25,1210
E07000207,10/1/25,1975
E07000208,10/1/25,1100
E07000209,10/1/25,1850
E07000210,10/1/25,975
E07000211,10/1/25,1990
E07000212,10/1/25,1415
E07000213,10/1/25,2275
E07000214,10/1/25,1285
E07000215,10/1/25,1340
E07000216,10/1/25,1450
E07000217,10/1/25,1790
E07000218,10/1/25,1070
E07000219,10/1/25,3605
E07000220,10/1/25,2065
E07000221,10/1/25,1705
E07000222,10/1/25,2255
E07000223,10/1/25,1080
E07000224,10/1/25,3305
E07000225,10/1/25,2305
E07000226,10/1/25,3530
E07000227,10/1/25,1720
E07000228,10/1/25,1900
E07000229,10/1/25,2170
E07000234,10/1/25,1540
E07000235,10/1/25,1010
E07000236,10/1/25,2040
E07000237,10/1/25,2325
E07000238,10/1/25,2030
E07000239,10/1/25,1830
E07000240,10/1/25,2210
E07000241,10/1/25,2415
E07000242,10/1/25,1830
E07000243,10/1/25,1980
E07000244,10/1/25,3810
E07000245,10/1/25,2750
E08000001,10/1/25,9795
E08000002,10/1/25,5070
E08000003,10/1/25,24540
E08000004,10/1/25,10110
E08000005,10/1/25,8565
E08000006,10/1/25,9535
E08000007,10/1/25,5465
E08000008,10/1/25,6900
E08000009,10/1/25,4345
E08000010,10/1/25,7515
E08000011,10/1/25,4330
E08000012,10/1/25,18625
E08000013,10/1/25,4325
E08000014,10/1/25,6110
E08000015,10/1/25,6805
E08000016,10/1/25,4845
E08000017,10/1/25,7935
E08000018,10/1/25,6270
E08000019,10/1/25,16525
E08000021,10/1/25,8455
E08000022,10/1/25,4090
E08000023,10/1/25,4250
E08000024,10/1/25,6720
E08000025,10/1/25,76540
E08000026,10/1/25,13375
E08000027,10/1/25,9330
E08000028,10/1/25,14925
E08000029,10/1/25,4625
E08000030,10/1/25,10305
E08000031,10/1/25,11660
E08000032,10/1/25,24175
E08000033,10/1/25,5350
E08000034,10/1/25,12580
E08000035,10/1/25,24320
E08000036,10/1/25,7970
E08000037,10/1/25,4830
E09000001,10/1/25,145
E09000002,10/1/25,11555
E09000003,10/1/25,13115
E09000004,10/1/25,5455
E09000005,10/1/25,17880
E09000006,10/1/25,7210
E09000007,10/1/25,7430
E09000008,10/1/25,16965
E09000009,10/1/25,17065
E09000010,10/1/25,15015
E09000011,10/1/25,11755
E09000012,10/1/25,13660
E09000013,10/1/25,6500
E09000014,10/1/25,14060
E09000015,10/1/25,8275
E09000016,10/1/25,7525
E09000017,10/1/25,10670
E09000018,10/1/25,10390
E09000019,10/1/25,9650
E09000020,10/1/25,3610
E09000021,10/1/25,3675
E09000022,10/1/25,14800
E09000023,10/1/25,14835
E09000024,10/1/25,6810
E09000025,10/1/25,20895
E09000026,10/1/25,12525
E09000027,10/1/25,3165
E09000028,10/1/25,13300
E09000029,10/1/25,4585
E09000030,10/1/25,16910
E09000031,10/1/25,12965
E09000032,10/1/25,10110
E09000033,10/1/25,6430
N09000001,10/1/25,2235
N09000002,10/1/25,3970
N09000003,10/1/25,9675
N09000004,10/1/25,2675
N09000005,10/1/25,4445
N09000006,10/1/25,1815
N09000007,10/1/25,1985
N09000008,10/1/25,2560
N09000009,10/1/25,2170
N09000010,10/1/25,3240
N09000011,10/1/25,2645
S12000005,10/1/25,915
S12000006,10/1/25,2170
S12000008,10/1/25,2640
S12000010,10/1/25,1475
S12000011,10/1/25,940
S12000013,10/1/25,270
S12000014,10/1/25,2815
S12000017,10/1/25,2870
S12000018,10/1/25,1475
S12000019,10/1/25,1365
S12000020,10/1/25,1270
S12000021,10/1/25,3040
S12000023,10/1/25,200
S12000026,10/1/25,1770
S12000027,10/1/25,160
S12000028,10/1/25,1950
S12000029,10/1/25,5195
S12000030,10/1/25,1225
S12000033,10/1/25,5055
S12000034,10/1/25,2910
S12000035,10/1/25,1125
S12000036,10/1/25,8860
S12000038,10/1/25,3125
S12000039,10/1/25,1965
S12000040,10/1/25,2870
S12000041,10/1/25,1910
S12000042,10/1/25,3655
S12000045,10/1/25,1090
S12000047,10/1/25,6915
S12000048,10/1/25,1930
S12000049,10/1/25,20750
S12000050,10/1/25,6295
W06000001,10/1/25,1300
W06000002,10/1/25,1930
W06000003,10/1/25,2270
W06000004,10/1/25,1905
W06000005,10/1/25,2685
W06000006,10/1/25,2500
W06000008,10/1/25,1020
W06000009,10/1/25,2270
W06000010,10/1/25,3175
W06000011,10/1/25,5080
W06000012,10/1/25,2625
W06000013,10/1/25,2585
W06000014,10/1/25,2535
W06000015,10/1/25,9765
W06000016,10/1/25,4580
W06000018,10/1/25,3635
W06000019,10/1/25,1630
W06000020,10/1/25,2040
W06000021,10/1/25,1255
W06000022,10/1/25,4540
W06000023,10/1/25,1885
W06000024,10/1/25,1150
E06000001,11/1/25,2555
E06000002,11/1/25,4805
E06000003,11/1/25,2885
E06000004,11/1/25,4690
E06000005,11/1/25,2355
E06000006,11/1/25,3370
E06000007,11/1/25,3380
E06000008,11/1/25,5305
E06000009,11/1/25,4845
E06000010,11/1/25,9120
E06000011,11/1/25,4545
E06000012,11/1/25,3820
E06000013,11/1/25,3425
E06000014,11/1/25,2455
E06000015,11/1/25,8400
E06000016,11/1/25,13515
E06000017,11/1/25,420
E06000018,11/1/25,13400
E06000019,11/1/25,2730
E06000020,11/1/25,4490
E06000021,11/1/25,8890
E06000022,11/1/25,2360
E06000023,11/1/25,12545
E06000024,11/1/25,3150
E06000025,11/1/25,3890
E06000026,11/1/25,5820
E06000027,11/1/25,2660
E06000030,11/1/25,5020
E06000031,11/1/25,7355
E06000032,11/1/25,10310
E06000033,11/1/25,4900
E06000034,11/1/25,4860
E06000035,11/1/25,7425
E06000036,11/1/25,2190
E06000037,11/1/25,2285
E06000038,11/1/25,5345
E06000039,11/1/25,6260
E06000040,11/1/25,2360
E06000041,11/1/25,2190
E06000042,11/1/25,7880
E06000043,11/1/25,8385
E06000044,11/1/25,6540
E06000045,11/1/25,7070
E06000046,11/1/25,2965
E06000047,11/1/25,10040
E06000049,11/1/25,5480
E06000050,11/1/25,5730
E06000051,11/1/25,4430
E06000052,11/1/25,10065
E06000053,11/1/25,15
E06000054,11/1/25,6840
E06000055,11/1/25,5190
E06000056,11/1/25,4980
E06000057,11/1/25,5205
E06000058,11/1/25,8305
E06000059,11/1/25,4770
E06000060,11/1/25,10590
E06000061,11/1/25,7255
E06000062,11/1/25,8930
E06000063,11/1/25,3950
E06000064,11/1/25,2340
E06000065,11/1/25,6960
E06000066,11/1/25,8420
E07000008,11/1/25,2270
E07000009,11/1/25,1160
E07000010,11/1/25,2195
E07000011,11/1/25,2625
E07000012,11/1/25,1935
E07000032,11/1/25,2000
E07000033,11/1/25,1435
E07000034,11/1/25,2185
E07000035,11/1/25,745
E07000036,11/1/25,2290
E07000037,11/1/25,1315
E07000038,11/1/25,1430
E07000039,11/1/25,1625
E07000040,11/1/25,1675
E07000041,11/1/25,2070
E07000042,11/1/25,1155
E07000043,11/1/25,1620
E07000044,11/1/25,1030
E07000045,11/1/25,1660
E07000046,11/1/25,1010
E07000047,11/1/25,675
E07000061,11/1/25,2845
E07000062,11/1/25,2725
E07000063,11/1/25,1885
E07000064,11/1/25,1580
E07000065,11/1/25,2140
E07000066,11/1/25,4415
E07000067,11/1/25,2550
E07000068,11/1/25,1185
E07000069,11/1/25,1250
E07000070,11/1/25,2975
E07000071,11/1/25,3785
E07000072,11/1/25,2450
E07000073,11/1/25,2710
E07000074,11/1/25,940
E07000075,11/1/25,1185
E07000076,11/1/25,3395
E07000077,11/1/25,1030
E07000078,11/1/25,2045
E07000079,11/1/25,1055
E07000080,11/1/25,1385
E07000081,11/1/25,3055
E07000082,11/1/25,1510
E07000083,11/1/25,1365
E07000084,11/1/25,3105
E07000085,11/1/25,1520
E07000086,11/1/25,1915
E07000087,11/1/25,1335
E07000088,11/1/25,1695
E07000089,11/1/25,1030
E07000090,11/1/25,2535
E07000091,11/1/25,2280
E07000092,11/1/25,2040
E07000093,11/1/25,1530
E07000094,11/1/25,1620
E07000095,11/1/25,2140
E07000096,11/1/25,3110
E07000098,11/1/25,2330
E07000099,11/1/25,1815
E07000102,11/1/25,1520
E07000103,11/1/25,2990
E07000105,11/1/25,2465
E07000106,11/1/25,3150
E07000107,11/1/25,2410
E07000108,11/1/25,2345
E07000109,11/1/25,2820
E07000110,11/1/25,3710
E07000111,11/1/25,1540
E07000112,11/1/25,2470
E07000113,11/1/25,3340
E07000114,11/1/25,4320
E07000115,11/1/25,1960
E07000116,11/1/25,1700
E07000117,11/1/25,3340
E07000118,11/1/25,1655
E07000119,11/1/25,1260
E07000120,11/1/25,2785
E07000121,11/1/25,2625
E07000122,11/1/25,3300
E07000123,11/1/25,4840
E07000124,11/1/25,635
E07000125,11/1/25,1580
E07000126,11/1/25,1735
E07000127,11/1/25,1990
E07000128,11/1/25,1770
E07000129,11/1/25,1400
E07000130,11/1/25,2805
E07000131,11/1/25,1050
E07000132,11/1/25,1685
E07000133,11/1/25,920
E07000134,11/1/25,1410
E07000135,11/1/25,1080
E07000136,11/1/25,1830
E07000137,11/1/25,2470
E07000138,11/1/25,2700
E07000139,11/1/25,1430
E07000140,11/1/25,1720
E07000141,11/1/25,2420
E07000142,11/1/25,1685
E07000143,11/1/25,1990
E07000144,11/1/25,1570
E07000145,11/1/25,2630
E07000146,11/1/25,2440
E07000147,11/1/25,1370
E07000148,11/1/25,4125
E07000149,11/1/25,1890
E07000170,11/1/25,2950
E07000171,11/1/25,2290
E07000172,11/1/25,1975
E07000173,11/1/25,2275
E07000174,11/1/25,2625
E07000175,11/1/25,2050
E07000176,11/1/25,1450
E07000177,11/1/25,2575
E07000178,11/1/25,3015
E07000179,11/1/25,1760
E07000180,11/1/25,1760
E07000181,11/1/25,1320
E07000192,11/1/25,1925
E07000193,11/1/25,2595
E07000194,11/1/25,1445
E07000195,11/1/25,2295
E07000196,11/1/25,1665
E07000197,11/1/25,2015
E07000198,11/1/25,1155
E07000199,11/1/25,1590
E07000200,11/1/25,1275
E07000202,11/1/25,3600
E07000203,11/1/25,1150
E07000207,11/1/25,1995
E07000208,11/1/25,1065
E07000209,11/1/25,1865
E07000210,11/1/25,935
E07000211,11/1/25,1955
E07000212,11/1/25,1435
E07000213,11/1/25,2230
E07000214,11/1/25,1280
E07000215,11/1/25,1305
E07000216,11/1/25,1465
E07000217,11/1/25,1725
E07000218,11/1/25,1065
E07000219,11/1/25,3470
E07000220,11/1/25,1985
E07000221,11/1/25,1755
E07000222,11/1/25,2230
E07000223,11/1/25,1105
E07000224,11/1/25,3385
E07000225,11/1/25,2310
E07000226,11/1/25,3590
E07000227,11/1/25,1710
E07000228,11/1/25,1815
E07000229,11/1/25,2145
E07000234,11/1/25,1525
E07000235,11/1/25,1045
E07000236,11/1/25,2025
E07000237,11/1/25,2260
E07000238,11/1/25,1980
E07000239,11/1/25,1880
E07000240,11/1/25,2165
E07000241,11/1/25,2315
E07000242,11/1/25,1775
E07000243,11/1/25,1915
E07000244,11/1/25,3890
E07000245,11/1/25,2740
E08000001,11/1/25,9640
E08000002,11/1/25,5045
E08000003,11/1/25,24070
E08000004,11/1/25,9875
E08000005,11/1/25,8415
E08000006,11/1/25,9600
E08000007,11/1/25,5400
E08000008,11/1/25,6920
E08000009,11/1/25,4330
E08000010,11/1/25,7400
E08000011,11/1/25,4305
E08000012,11/1/25,18480
E08000013,11/1/25,4325
E08000014,11/1/25,6190
E08000015,11/1/25,6785
E08000016,11/1/25,4665
E08000017,11/1/25,7840
E08000018,11/1/25,6145
E08000019,11/1/25,16105
E08000021,11/1/25,8380
E08000022,11/1/25,4205
E08000023,11/1/25,4335
E08000024,11/1/25,6615
E08000025,11/1/25,75890
E08000026,11/1/25,13295
E08000027,11/1/25,9225
E08000028,11/1/25,14730
E08000029,11/1/25,4635
E08000030,11/1/25,10260
E08000031,11/1/25,11570
E08000032,11/1/25,23775
E08000033,11/1/25,5255
E08000034,11/1/25,12490
E08000035,11/1/25,24100
E08000036,11/1/25,7770
E08000037,11/1/25,4745
E09000001,11/1/25,145
E09000002,11/1/25,11360
E09000003,11/1/25,12925
E09000004,11/1/25,5320
E09000005,11/1/25,17495
E09000006,11/1/25,7105
E09000007,11/1/25,7285
E09000008,11/1/25,16690
E09000009,11/1/25,16790
E09000010,11/1/25,14720
E09000011,11/1/25,11740
E09000012,11/1/25,13390
E09000013,11/1/25,6500
E09000014,11/1/25,13735
E09000015,11/1/25,8015
E09000016,11/1/25,7440
E09000017,11/1/25,10525
E09000018,11/1/25,10175
E09000019,11/1/25,9425
E09000020,11/1/25,3570
E09000021,11/1/25,3655
E09000022,11/1/25,14575
E09000023,11/1/25,14545
E09000024,11/1/25,6675
E09000025,11/1/25,20455
E09000026,11/1/25,12240
E09000027,11/1/25,3135
E09000028,11/1/25,13070
E09000029,11/1/25,4500
E09000030,11/1/25,16610
E09000031,11/1/25,12635
E09000032,11/1/25,9885
E09000033,11/1/25,6360
N09000001,11/1/25,2120
N09000002,11/1/25,3875
N09000003,11/1/25,9245
N09000004,11/1/25,2620
N09000005,11/1/25,4240
N09000006,11/1/25,1740
N09000007,11/1/25,1885
N09000008,11/1/25,2465
N09000009,11/1/25,2090
N09000010,11/1/25,3025
N09000011,11/1/25,2615
S12000005,11/1/25,940
S12000006,11/1/25,2205
S12000008,11/1/25,2670
S12000010,11/1/25,1490
S12000011,11/1/25,935
S12000013,11/1/25,295
S12000014,11/1/25,2815
S12000017,11/1/25,2975
S12000018,11/1/25,1555
S12000019,11/1/25,1370
S12000020,11/1/25,1285
S12000021,11/1/25,3065
S12000023,11/1/25,210
S12000026,11/1/25,1815
S12000027,11/1/25,180
S12000028,11/1/25,2005
S12000029,11/1/25,5235
S12000030,11/1/25,1285
S12000033,11/1/25,5045
S12000034,11/1/25,2915
S12000035,11/1/25,1210
S12000036,11/1/25,9130
S12000038,11/1/25,3150
S12000039,11/1/25,2020
S12000040,11/1/25,2885
S12000041,11/1/25,1940
S12000042,11/1/25,3700
S12000045,11/1/25,1105
S12000047,11/1/25,6990
S12000048,11/1/25,1920
S12000049,11/1/25,20820
S12000050,11/1/25,6260
W06000001,11/1/25,1325
W06000002,11/1/25,2050
W06000003,11/1/25,2265
W06000004,11/1/25,1930
W06000005,11/1/25,2620
W06000006,11/1/25,2425
W06000008,11/1/25,1060
W06000009,11/1/25,2335
W06000010,11/1/25,3150
W06000011,11/1/25,5020
W06000012,11/1/25,2620
W06000013,11/1/25,2590
W06000014,11/1/25,2545
W06000015,11/1/25,9600
W06000016,11/1/25,4540
W06000018,11/1/25,3690
W06000019,11/1/25,1595
W06000020,11/1/25,2030
W06000021,11/1/25,1215
W06000022,11/1/25,4545
W06000023,11/1/25,1850
W06000024,11/1/25,1170
E06000001,12/1/25,2560
E06000002,12/1/25,4715
E06000003,12/1/25,2885
E06000004,12/1/25,4610
E06000005,12/1/25,2320
E06000006,12/1/25,3295
E06000007,12/1/25,3365
E06000008,12/1/25,5240
E06000009,12/1/25,4835
E06000010,12/1/25,9110
E06000011,12/1/25,4570
E06000012,12/1/25,3845
E06000013,12/1/25,3455
E06000014,12/1/25,2420
E06000015,12/1/25,8495
E06000016,12/1/25,13340
E06000017,12/1/25,405
E06000018,12/1/25,13350
E06000019,12/1/25,2635
E06000020,12/1/25,4445
E06000021,12/1/25,8815
E06000022,12/1/25,2380
E06000023,12/1/25,12370
E06000024,12/1/25,3150
E06000025,12/1/25,3840
E06000026,12/1/25,5815
E06000027,12/1/25,2705
E06000030,12/1/25,5005
E06000031,12/1/25,7245
E06000032,12/1/25,10040
E06000033,12/1/25,4815
E06000034,12/1/25,4875
E06000035,12/1/25,7325
E06000036,12/1/25,2160
E06000037,12/1/25,2320
E06000038,12/1/25,5385
E06000039,12/1/25,6195
E06000040,12/1/25,2315
E06000041,12/1/25,2235
E06000042,12/1/25,7690
E06000043,12/1/25,8565
E06000044,12/1/25,6455
E06000045,12/1/25,7160
E06000046,12/1/25,3025
E06000047,12/1/25,10050
E06000049,12/1/25,5540
E06000050,12/1/25,5685
E06000051,12/1/25,4345
E06000052,12/1/25,10370
E06000053,12/1/25,15
E06000054,12/1/25,6750
E06000055,12/1/25,5165
E06000056,12/1/25,4890
E06000057,12/1/25,5275
E06000058,12/1/25,8390
E06000059,12/1/25,4755
E06000060,12/1/25,10400
E06000061,12/1/25,7165
E06000062,12/1/25,8715
E06000063,12/1/25,3945
E06000064,12/1/25,2315
E06000065,12/1/25,7040
E06000066,12/1/25,8450
E07000008,12/1/25,2230
E07000009,12/1/25,1130
E07000010,12/1/25,2205
E07000011,12/1/25,2605
E07000012,12/1/25,1950
E07000032,12/1/25,1955
E07000033,12/1/25,1465
E07000034,12/1/25,2150
E07000035,12/1/25,745
E07000036,12/1/25,2255
E07000037,12/1/25,1265
E07000038,12/1/25,1410
E07000039,12/1/25,1645
E07000040,12/1/25,1710
E07000041,12/1/25,2100
E07000042,12/1/25,1125
E07000043,12/1/25,1690
E07000044,12/1/25,1030
E07000045,12/1/25,1640
E07000046,12/1/25,1020
E07000047,12/1/25,680
E07000061,12/1/25,2795
E07000062,12/1/25,2735
E07000063,12/1/25,1945
E07000064,12/1/25,1580
E07000065,12/1/25,2165
E07000066,12/1/25,4410
E07000067,12/1/25,2545
E07000068,12/1/25,1195
E07000069,12/1/25,1235
E07000070,12/1/25,2955
E07000071,12/1/25,3835
E07000072,12/1/25,2425
E07000073,12/1/25,2645
E07000074,12/1/25,930
E07000075,12/1/25,1155
E07000076,12/1/25,3410
E07000077,12/1/25,1075
E07000078,12/1/25,1990
E07000079,12/1/25,995
E07000080,12/1/25,1330
E07000081,12/1/25,3095
E07000082,12/1/25,1495
E07000083,12/1/25,1395
E07000084,12/1/25,3130
E07000085,12/1/25,1495
E07000086,12/1/25,1915
E07000087,12/1/25,1360
E07000088,12/1/25,1740
E07000089,12/1/25,1045
E07000090,12/1/25,2460
E07000091,12/1/25,2270
E07000092,12/1/25,2045
E07000093,12/1/25,1520
E07000094,12/1/25,1620
E07000095,12/1/25,2125
E07000096,12/1/25,3090
E07000098,12/1/25,2310
E07000099,12/1/25,1810
E07000102,12/1/25,1540
E07000103,12/1/25,2980
E07000105,12/1/25,2455
E07000106,12/1/25,3155
E07000107,12/1/25,2365
E07000108,12/1/25,2355
E07000109,12/1/25,2805
E07000110,12/1/25,3725
E07000111,12/1/25,1530
E07000112,12/1/25,2475
E07000113,12/1/25,3410
E07000114,12/1/25,4335
E07000115,12/1/25,1935
E07000116,12/1/25,1675
E07000117,12/1/25,3300
E07000118,12/1/25,1645
E07000119,12/1/25,1295
E07000120,12/1/25,2775
E07000121,12/1/25,2595
E07000122,12/1/25,3270
E07000123,12/1/25,4785
E07000124,12/1/25,640
E07000125,12/1/25,1640
E07000126,12/1/25,1715
E07000127,12/1/25,2020
E07000128,12/1/25,1760
E07000129,12/1/25,1375
E07000130,12/1/25,2750
E07000131,12/1/25,1065
E07000132,12/1/25,1680
E07000133,12/1/25,885
E07000134,12/1/25,1350
E07000135,12/1/25,1065
E07000136,12/1/25,1900
E07000137,12/1/25,2595
E07000138,12/1/25,2675
E07000139,12/1/25,1480
E07000140,12/1/25,1710
E07000141,12/1/25,2430
E07000142,12/1/25,1670
E07000143,12/1/25,1990
E07000144,12/1/25,1560
E07000145,12/1/25,2745
E07000146,12/1/25,2495
E07000147,12/1/25,1410
E07000148,12/1/25,4080
E07000149,12/1/25,1920
E07000170,12/1/25,2945
E07000171,12/1/25,2300
E07000172,12/1/25,1985
E07000173,12/1/25,2255
E07000174,12/1/25,2590
E07000175,12/1/25,2080
E07000176,12/1/25,1440
E07000177,12/1/25,2560
E07000178,12/1/25,2955
E07000179,12/1/25,1750
E07000180,12/1/25,1675
E07000181,12/1/25,1295
E07000192,12/1/25,1950
E07000193,12/1/25,2575
E07000194,12/1/25,1435
E07000195,12/1/25,2240
E07000196,12/1/25,1675
E07000197,12/1/25,1985
E07000198,12/1/25,1145
E07000199,12/1/25,1535
E07000200,12/1/25,1295
E07000202,12/1/25,3680
E07000203,12/1/25,1185
E07000207,12/1/25,1970
E07000208,12/1/25,1055
E07000209,12/1/25,1860
E07000210,12/1/25,900
E07000211,12/1/25,2035
E07000212,12/1/25,1450
E07000213,12/1/25,2275
E07000214,12/1/25,1285
E07000215,12/1/25,1325
E07000216,12/1/25,1435
E07000217,12/1/25,1730
E07000218,12/1/25,1035
E07000219,12/1/25,3440
E07000220,12/1/25,1955
E07000221,12/1/25,1760
E07000222,12/1/25,2190
E07000223,12/1/25,1115
E07000224,12/1/25,3360
E07000225,12/1/25,2315
E07000226,12/1/25,3550
E07000227,12/1/25,1720
E07000228,12/1/25,1835
E07000229,12/1/25,2175
E07000234,12/1/25,1495
E07000235,12/1/25,1015
E07000236,12/1/25,1980
E07000237,12/1/25,2220
E07000238,12/1/25,2025
E07000239,12/1/25,1845
E07000240,12/1/25,2155
E07000241,12/1/25,2305
E07000242,12/1/25,1780
E07000243,12/1/25,1915
E07000244,12/1/25,3930
E07000245,12/1/25,2740
E08000001,12/1/25,9520
E08000002,12/1/25,4950
E08000003,12/1/25,23785
E08000004,12/1/25,9715
E08000005,12/1/25,8245
E08000006,12/1/25,9450
E08000007,12/1/25,5425
E08000008,12/1/25,6865
E08000009,12/1/25,4255
E08000010,12/1/25,7355
E08000011,12/1/25,4200
E08000012,12/1/25,18395
E08000013,12/1/25,4295
E08000014,12/1/25,6200
E08000015,12/1/25,6685
E08000016,12/1/25,4660
E08000017,12/1/25,7860
E08000018,12/1/25,6190
E08000019,12/1/25,15825
E08000021,12/1/25,8390
E08000022,12/1/25,4175
E08000023,12/1/25,4350
E08000024,12/1/25,6510
E08000025,12/1/25,75485
E08000026,12/1/25,12985
E08000027,12/1/25,9165
E08000028,12/1/25,14505
E08000029,12/1/25,4590
E08000030,12/1/25,10070
E08000031,12/1/25,11470
E08000032,12/1/25,23480
E08000033,12/1/25,5290
E08000034,12/1/25,12495
E08000035,12/1/25,24045
E08000036,12/1/25,7840
E08000037,12/1/25,4725
E09000001,12/1/25,135
E09000002,12/1/25,11275
E09000003,12/1/25,12810
E09000004,12/1/25,5255
E09000005,12/1/25,17310
E09000006,12/1/25,7145
E09000007,12/1/25,7160
E09000008,12/1/25,16585
E09000009,12/1/25,16715
E09000010,12/1/25,14440
E09000011,12/1/25,11650
E09000012,12/1/25,13335
E09000013,12/1/25,6500
E09000014,12/1/25,13605
E09000015,12/1/25,8000
E09000016,12/1/25,7350
E09000017,12/1/25,10465
E09000018,12/1/25,10030
E09000019,12/1/25,9280
E09000020,12/1/25,3525
E09000021,12/1/25,3685
E09000022,12/1/25,14555
E09000023,12/1/25,14355
E09000024,12/1/25,6640
E09000025,12/1/25,20170
E09000026,12/1/25,12120
E09000027,12/1/25,3040
E09000028,12/1/25,13020
E09000029,12/1/25,4560
E09000030,12/1/25,16535
E09000031,12/1/25,12525
E09000032,12/1/25,9750
E09000033,12/1/25,6370
N09000001,12/1/25,1990
N09000002,12/1/25,3670
N09000003,12/1/25,8855
N09000004,12/1/25,2555
N09000005,12/1/25,4120
N09000006,12/1/25,1665
N09000007,12/1/25,1735
N09000008,12/1/25,2360
N09000009,12/1/25,1955
N09000010,12/1/25,2910
N09000011,12/1/25,2495
S12000005,12/1/25,940
S12000006,12/1/25,2190
S12000008,12/1/25,2590
S12000010,12/1/25,1435
S12000011,12/1/25,925
S12000013,12/1/25,285
S12000014,12/1/25,2810
S12000017,12/1/25,3065
S12000018,12/1/25,1535
S12000019,12/1/25,1390
S12000020,12/1/25,1285
S12000021,12/1/25,3155
S12000023,12/1/25,225
S12000026,12/1/25,1815
S12000027,12/1/25,175
S12000028,12/1/25,2005
S12000029,12/1/25,5045
S12000030,12/1/25,1315
S12000033,12/1/25,5045
S12000034,12/1/25,2950
S12000035,12/1/25,1260
S12000036,12/1/25,9125
S12000038,12/1/25,3140
S12000039,12/1/25,2000
S12000040,12/1/25,2855
S12000041,12/1/25,1955
S12000042,12/1/25,3670
S12000045,12/1/25,1085
S12000047,12/1/25,6815
S12000048,12/1/25,1935
S12000049,12/1/25,20640
S12000050,12/1/25,6170
W06000001,12/1/25,1355
W06000002,12/1/25,2065
W06000003,12/1/25,2325
W06000004,12/1/25,1930
W06000005,12/1/25,2590
W06000006,12/1/25,2395
W06000008,12/1/25,1085
W06000009,12/1/25,2410
W06000010,12/1/25,3160
W06000011,12/1/25,4940
W06000012,12/1/25,2615
W06000013,12/1/25,2535
W06000014,12/1/25,2560
W06000015,12/1/25,9515
W06000016,12/1/25,4485
W06000018,12/1/25,3650
W06000019,12/1/25,1605
W06000020,12/1/25,1985
W06000021,12/1/25,1280
W06000022,12/1/25,4590
W06000023,12/1/25,1885
W06000024,12/1/25,1180
E06000001,1/1/26,2625
E06000002,1/1/26,4755
E06000003,1/1/26,2970
E06000004,1/1/26,4645
E06000005,1/1/26,2400
E06000006,1/1/26,3305
E06000007,1/1/26,3365
E06000008,1/1/26,5215
E06000009,1/1/26,5065
E06000010,1/1/26,9205
E06000011,1/1/26,4750
E06000012,1/1/26,3875
E06000013,1/1/26,3430
E06000014,1/1/26,2430
E06000015,1/1/26,8530
E06000016,1/1/26,13275
E06000017,1/1/26,400
E06000018,1/1/26,13425
E06000019,1/1/26,2730
E06000020,1/1/26,4475
E06000021,1/1/26,8850
E06000022,1/1/26,2360
E06000023,1/1/26,12400
E06000024,1/1/26,3195
E06000025,1/1/26,3860
E06000026,1/1/26,5910
E06000027,1/1/26,2785
E06000030,1/1/26,4965
E06000031,1/1/26,7315
E06000032,1/1/26,9895
E06000033,1/1/26,4825
E06000034,1/1/26,4850
E06000035,1/1/26,7360
E06000036,1/1/26,2210
E06000037,1/1/26,2320
E06000038,1/1/26,5365
E06000039,1/1/26,6230
E06000040,1/1/26,2405
E06000041,1/1/26,2240
E06000042,1/1/26,7750
E06000043,1/1/26,8610
E06000044,1/1/26,6410
E06000045,1/1/26,7320
E06000046,1/1/26,3205
E06000047,1/1/26,10140
E06000049,1/1/26,5575
E06000050,1/1/26,5690
E06000051,1/1/26,4480
E06000052,1/1/26,10830
E06000053,1/1/26,20
E06000054,1/1/26,6825
E06000055,1/1/26,5075
E06000056,1/1/26,4925
E06000057,1/1/26,5345
E06000058,1/1/26,8525
E06000059,1/1/26,4945
E06000060,1/1/26,10420
E06000061,1/1/26,7350
E06000062,1/1/26,8755
E06000063,1/1/26,4045
E06000064,1/1/26,2385
E06000065,1/1/26,7280
E06000066,1/1/26,8700
E07000008,1/1/26,2250
E07000009,1/1/26,1160
E07000010,1/1/26,2295
E07000011,1/1/26,2660
E07000012,1/1/26,2015
E07000032,1/1/26,1965
E07000033,1/1/26,1490
E07000034,1/1/26,2175
E07000035,1/1/26,765
E07000036,1/1/26,2275
E07000037,1/1/26,1265
E07000038,1/1/26,1410
E07000039,1/1/26,1690
E07000040,1/1/26,1815
E07000041,1/1/26,2110
E07000042,1/1/26,1115
E07000043,1/1/26,1750
E07000044,1/1/26,1055
E07000045,1/1/26,1735
E07000046,1/1/26,1090
E07000047,1/1/26,695
E07000061,1/1/26,2865
E07000062,1/1/26,2775
E07000063,1/1/26,1975
E07000064,1/1/26,1620
E07000065,1/1/26,2235
E07000066,1/1/26,4415
E07000067,1/1/26,2615
E07000068,1/1/26,1230
E07000069,1/1/26,1250
E07000070,1/1/26,3045
E07000071,1/1/26,3895
E07000072,1/1/26,2445
E07000073,1/1/26,2685
E07000074,1/1/26,965
E07000075,1/1/26,1155
E07000076,1/1/26,3565
E07000077,1/1/26,1100
E07000078,1/1/26,1990
E07000079,1/1/26,1045
E07000080,1/1/26,1335
E07000081,1/1/26,3035
E07000082,1/1/26,1515
E07000083,1/1/26,1410
E07000084,1/1/26,3165
E07000085,1/1/26,1525
E07000086,1/1/26,1950
E07000087,1/1/26,1340
E07000088,1/1/26,1775
E07000089,1/1/26,1050
E07000090,1/1/26,2470
E07000091,1/1/26,2330
E07000092,1/1/26,2065
E07000093,1/1/26,1520
E07000094,1/1/26,1630
E07000095,1/1/26,2155
E07000096,1/1/26,3085
E07000098,1/1/26,2320
E07000099,1/1/26,1865
E07000102,1/1/26,1555
E07000103,1/1/26,3015
E07000105,1/1/26,2470
E07000106,1/1/26,3165
E07000107,1/1/26,2440
E07000108,1/1/26,2395
E07000109,1/1/26,2780
E07000110,1/1/26,3745
E07000111,1/1/26,1545
E07000112,1/1/26,2490
E07000113,1/1/26,3395
E07000114,1/1/26,4335
E07000115,1/1/26,1955
E07000116,1/1/26,1675
E07000117,1/1/26,3365
E07000118,1/1/26,1670
E07000119,1/1/26,1315
E07000120,1/1/26,2825
E07000121,1/1/26,2610
E07000122,1/1/26,3305
E07000123,1/1/26,4720
E07000124,1/1/26,650
E07000125,1/1/26,1685
E07000126,1/1/26,1690
E07000127,1/1/26,2005
E07000128,1/1/26,1885
E07000129,1/1/26,1415
E07000130,1/1/26,2800
E07000131,1/1/26,1095
E07000132,1/1/26,1680
E07000133,1/1/26,900
E07000134,1/1/26,1350
E07000135,1/1/26,1080
E07000136,1/1/26,1955
E07000137,1/1/26,2805
E07000138,1/1/26,2745
E07000139,1/1/26,1505
E07000140,1/1/26,1715
E07000141,1/1/26,2455
E07000142,1/1/26,1710
E07000143,1/1/26,2060
E07000144,1/1/26,1600
E07000145,1/1/26,2860
E07000146,1/1/26,2560
E07000147,1/1/26,1470
E07000148,1/1/26,4105
E07000149,1/1/26,1960
E07000170,1/1/26,3000
E07000171,1/1/26,2345
E07000172,1/1/26,1980
E07000173,1/1/26,2260
E07000174,1/1/26,2650
E07000175,1/1/26,2140
E07000176,1/1/26,1480
E07000177,1/1/26,2585
E07000178,1/1/26,2955
E07000179,1/1/26,1775
E07000180,1/1/26,1735
E07000181,1/1/26,1315
E07000192,1/1/26,1920
E07000193,1/1/26,2660
E07000194,1/1/26,1435
E07000195,1/1/26,2255
E07000196,1/1/26,1710
E07000197,1/1/26,2020
E07000198,1/1/26,1165
E07000199,1/1/26,1550
E07000200,1/1/26,1320
E07000202,1/1/26,3730
E07000203,1/1/26,1195
E07000207,1/1/26,2000
E07000208,1/1/26,1085
E07000209,1/1/26,1930
E07000210,1/1/26,950
E07000211,1/1/26,2050
E07000212,1/1/26,1455
E07000213,1/1/26,2265
E07000214,1/1/26,1285
E07000215,1/1/26,1335
E07000216,1/1/26,1425
E07000217,1/1/26,1725
E07000218,1/1/26,1070
E07000219,1/1/26,3465
E07000220,1/1/26,2005
E07000221,1/1/26,1840
E07000222,1/1/26,2225
E07000223,1/1/26,1140
E07000224,1/1/26,3420
E07000225,1/1/26,2380
E07000226,1/1/26,3625
E07000227,1/1/26,1735
E07000228,1/1/26,1895
E07000229,1/1/26,2195
E07000234,1/1/26,1525
E07000235,1/1/26,1065
E07000236,1/1/26,1990
E07000237,1/1/26,2295
E07000238,1/1/26,2075
E07000239,1/1/26,1895
E07000240,1/1/26,2155
E07000241,1/1/26,2350
E07000242,1/1/26,1815
E07000243,1/1/26,1955
E07000244,1/1/26,3965
E07000245,1/1/26,2810
E08000001,1/1/26,9550
E08000002,1/1/26,4995
E08000003,1/1/26,23755
E08000004,1/1/26,9640
E08000005,1/1/26,8255
E08000006,1/1/26,9475
E08000007,1/1/26,5465
E08000008,1/1/26,6970
E08000009,1/1/26,4300
E08000010,1/1/26,7490
E08000011,1/1/26,4165
E08000012,1/1/26,18505
E08000013,1/1/26,4305
E08000014,1/1/26,6245
E08000015,1/1/26,6670
E08000016,1/1/26,4795
E08000017,1/1/26,8070
E08000018,1/1/26,6165
E08000019,1/1/26,15950
E08000021,1/1/26,8465
E08000022,1/1/26,4275
E08000023,1/1/26,4300
E08000024,1/1/26,6635
E08000025,1/1/26,75015
E08000026,1/1/26,12980
E08000027,1/1/26,9220
E08000028,1/1/26,14300
E08000029,1/1/26,4585
E08000030,1/1/26,10020
E08000031,1/1/26,11405
E08000032,1/1/26,23445
E08000033,1/1/26,5270
E08000034,1/1/26,12555
E08000035,1/1/26,24325
E08000036,1/1/26,7955
E08000037,1/1/26,4780
E09000001,1/1/26,145
E09000002,1/1/26,11205
E09000003,1/1/26,12755
E09000004,1/1/26,5245
E09000005,1/1/26,17230
E09000006,1/1/26,7135
E09000007,1/1/26,7020
E09000008,1/1/26,16560
E09000009,1/1/26,16645
E09000010,1/1/26,14365
E09000011,1/1/26,11525
E09000012,1/1/26,13180
E09000013,1/1/26,6405
E09000014,1/1/26,13530
E09000015,1/1/26,8025
E09000016,1/1/26,7420
E09000017,1/1/26,10380
E09000018,1/1/26,9860
E09000019,1/1/26,9090
E09000020,1/1/26,3465
E09000021,1/1/26,3670
E09000022,1/1/26,14430
E09000023,1/1/26,14240
E09000024,1/1/26,6665
E09000025,1/1/26,19890
E09000026,1/1/26,11925
E09000027,1/1/26,2970
E09000028,1/1/26,12965
E09000029,1/1/26,4560
E09000030,1/1/26,16395
E09000031,1/1/26,12420
E09000032,1/1/26,9760
E09000033,1/1/26,6265
N09000001,1/1/26,1980
N09000002,1/1/26,3650
N09000003,1/1/26,8830
N09000004,1/1/26,2545
N09000005,1/1/26,4115
N09000006,1/1/26,1660
N09000007,1/1/26,1770
N09000008,1/1/26,2375
N09000009,1/1/26,1935
N09000010,1/1/26,3010
N09000011,1/1/26,2480
S12000005,1/1/26,970
S12000006,1/1/26,2225
S12000008,1/1/26,2625
S12000010,1/1/26,1525
S12000011,1/1/26,920
S12000013,1/1/26,320
S12000014,1/1/26,2825
S12000017,1/1/26,3195
S12000018,1/1/26,1560
S12000019,1/1/26,1425
S12000020,1/1/26,1365
S12000021,1/1/26,3180
S12000023,1/1/26,230
S12000026,1/1/26,1915
S12000027,1/1/26,175
S12000028,1/1/26,2040
S12000029,1/1/26,5125
S12000030,1/1/26,1365
S12000033,1/1/26,5230
S12000034,1/1/26,3095
S12000035,1/1/26,1330
S12000036,1/1/26,9355
S12000038,1/1/26,3170
S12000039,1/1/26,2050
S12000040,1/1/26,2905
S12000041,1/1/26,1995
S12000042,1/1/26,3680
S12000045,1/1/26,1105
S12000047,1/1/26,7150
S12000048,1/1/26,2015
S12000049,1/1/26,20720
S12000050,1/1/26,6245
W06000001,1/1/26,1395
W06000002,1/1/26,2150
W06000003,1/1/26,2370
W06000004,1/1/26,1990
W06000005,1/1/26,2585
W06000006,1/1/26,2395
W06000008,1/1/26,1120
W06000009,1/1/26,2450
W06000010,1/1/26,3105
W06000011,1/1/26,4950
W06000012,1/1/26,2660
W06000013,1/1/26,2535
W06000014,1/1/26,2585
W06000015,1/1/26,9500
W06000016,1/1/26,4615
W06000018,1/1/26,3705
W06000019,1/1/26,1620
W06000020,1/1/26,2030
W06000021,1/1/26,1250
W06000022,1/1/26,4625
W06000023,1/1/26,1930
W06000024,1/1/26,1160
E06000001,2/1/26,2765
E06000002,2/1/26,4990
E06000003,2/1/26,3135
E06000004,2/1/26,4840
E06000005,2/1/26,2495
E06000006,2/1/26,3540
E06000007,2/1/26,3540
E06000008,2/1/26,5505
E06000009,2/1/26,5345
E06000010,2/1/26,9635
E06000011,2/1/26,4970
E06000012,2/1/26,4130
E06000013,2/1/26,3620
E06000014,2/1/26,2610
E06000015,2/1/26,8965
E06000016,2/1/26,14310
E06000017,2/1/26,445
E06000018,2/1/26,14005
E06000019,2/1/26,2895
E06000020,2/1/26,4740
E06000021,2/1/26,9360
E06000022,2/1/26,2530
E06000023,2/1/26,13065
E06000024,2/1/26,3310
E06000025,2/1/26,4055
E06000026,2/1/26,6195
E06000027,2/1/26,2920
E06000030,2/1/26,5230
E06000031,2/1/26,7715
E06000032,2/1/26,10325
E06000033,2/1/26,5010
E06000034,2/1/26,5060
E06000035,2/1/26,7790
E06000036,2/1/26,2255
E06000037,2/1/26,2430
E06000038,2/1/26,5640
E06000039,2/1/26,6595
E06000040,2/1/26,2560
E06000041,2/1/26,2340
E06000042,2/1/26,8200
E06000043,2/1/26,8900
E06000044,2/1/26,6670
E06000045,2/1/26,7625
E06000046,2/1/26,3370
E06000047,2/1/26,10485
E06000049,2/1/26,5975
E06000050,2/1/26,6060
E06000051,2/1/26,4785
E06000052,2/1/26,11410
E06000053,2/1/26,25
E06000054,2/1/26,7165
E06000055,2/1/26,5440
E06000056,2/1/26,5230
E06000057,2/1/26,5720
E06000058,2/1/26,8900
E06000059,2/1/26,5170
E06000060,2/1/26,10895
E06000061,2/1/26,7830
E06000062,2/1/26,9475
E06000063,2/1/26,4280
E06000064,2/1/26,2530
E06000065,2/1/26,7900
E06000066,2/1/26,8990
E07000008,2/1/26,2330
E07000009,2/1/26,1220
E07000010,2/1/26,2395
E07000011,2/1/26,2805
E07000012,2/1/26,2110
E07000032,2/1/26,2095
E07000033,2/1/26,1570
E07000034,2/1/26,2195
E07000035,2/1/26,815
E07000036,2/1/26,2390
E07000037,2/1/26,1340
E07000038,2/1/26,1505
E07000039,2/1/26,1785
E07000040,2/1/26,1885
E07000041,2/1/26,2210
E07000042,2/1/26,1230
E07000043,2/1/26,1830
E07000044,2/1/26,1135
E07000045,2/1/26,1730
E07000046,2/1/26,1140
E07000047,2/1/26,765
E07000061,2/1/26,3020
E07000062,2/1/26,2920
E07000063,2/1/26,2080
E07000064,2/1/26,1685
E07000065,2/1/26,2335
E07000066,2/1/26,4655
E07000067,2/1/26,2750
E07000068,2/1/26,1270
E07000069,2/1/26,1285
E07000070,2/1/26,3195
E07000071,2/1/26,3985
E07000072,2/1/26,2530
E07000073,2/1/26,2855
E07000074,2/1/26,980
E07000075,2/1/26,1235
E07000076,2/1/26,3725
E07000077,2/1/26,1130
E07000078,2/1/26,2110
E07000079,2/1/26,1085
E07000080,2/1/26,1410
E07000081,2/1/26,3230
E07000082,2/1/26,1620
E07000083,2/1/26,1475
E07000084,2/1/26,3335
E07000085,2/1/26,1610
E07000086,2/1/26,2050
E07000087,2/1/26,1420
E07000088,2/1/26,1885
E07000089,2/1/26,1120
E07000090,2/1/26,2565
E07000091,2/1/26,2410
E07000092,2/1/26,2165
E07000093,2/1/26,1650
E07000094,2/1/26,1740
E07000095,2/1/26,2205
E07000096,2/1/26,3225
E07000098,2/1/26,2385
E07000099,2/1/26,1965
E07000102,2/1/26,1600
E07000103,2/1/26,3180
E07000105,2/1/26,2595
E07000106,2/1/26,3250
E07000107,2/1/26,2550
E07000108,2/1/26,2510
E07000109,2/1/26,2890
E07000110,2/1/26,3990
E07000111,2/1/26,1645
E07000112,2/1/26,2550
E07000113,2/1/26,3655
E07000114,2/1/26,4490
E07000115,2/1/26,2075
E07000116,2/1/26,1815
E07000117,2/1/26,3550
E07000118,2/1/26,1810
E07000119,2/1/26,1380
E07000120,2/1/26,2925
E07000121,2/1/26,2740
E07000122,2/1/26,3480
E07000123,2/1/26,4925
E07000124,2/1/26,695
E07000125,2/1/26,1760
E07000126,2/1/26,1770
E07000127,2/1/26,2090
E07000128,2/1/26,1960
E07000129,2/1/26,1470
E07000130,2/1/26,2925
E07000131,2/1/26,1160
E07000132,2/1/26,1760
E07000133,2/1/26,910
E07000134,2/1/26,1435
E07000135,2/1/26,1130
E07000136,2/1/26,2095
E07000137,2/1/26,3070
E07000138,2/1/26,2830
E07000139,2/1/26,1570
E07000140,2/1/26,1820
E07000141,2/1/26,2595
E07000142,2/1/26,1790
E07000143,2/1/26,2200
E07000144,2/1/26,1720
E07000145,2/1/26,3025
E07000146,2/1/26,2700
E07000147,2/1/26,1585
E07000148,2/1/26,4360
E07000149,2/1/26,2085
E07000170,2/1/26,3150
E07000171,2/1/26,2450
E07000172,2/1/26,2005
E07000173,2/1/26,2350
E07000174,2/1/26,2735
E07000175,2/1/26,2260
E07000176,2/1/26,1560
E07000177,2/1/26,2700
E07000178,2/1/26,3095
E07000179,2/1/26,1890
E07000180,2/1/26,1870
E07000181,2/1/26,1400
E07000192,2/1/26,2080
E07000193,2/1/26,2795
E07000194,2/1/26,1520
E07000195,2/1/26,2360
E07000196,2/1/26,1810
E07000197,2/1/26,2145
E07000198,2/1/26,1215
E07000199,2/1/26,1695
E07000200,2/1/26,1405
E07000202,2/1/26,4030
E07000203,2/1/26,1320
E07000207,2/1/26,2065
E07000208,2/1/26,1150
E07000209,2/1/26,1985
E07000210,2/1/26,1005
E07000211,2/1/26,2190
E07000212,2/1/26,1545
E07000213,2/1/26,2395
E07000214,2/1/26,1325
E07000215,2/1/26,1380
E07000216,2/1/26,1555
E07000217,2/1/26,1830
E07000218,2/1/26,1130
E07000219,2/1/26,3625
E07000220,2/1/26,2160
E07000221,2/1/26,1925
E07000222,2/1/26,2380
E07000223,2/1/26,1230
E07000224,2/1/26,3675
E07000225,2/1/26,2515
E07000226,2/1/26,3795
E07000227,2/1/26,1825
E07000228,2/1/26,1995
E07000229,2/1/26,2310
E07000234,2/1/26,1590
E07000235,2/1/26,1110
E07000236,2/1/26,2105
E07000237,2/1/26,2435
E07000238,2/1/26,2190
E07000239,2/1/26,1950
E07000240,2/1/26,2255
E07000241,2/1/26,2435
E07000242,2/1/26,1940
E07000243,2/1/26,2080
E07000244,2/1/26,4200
E07000245,2/1/26,2970
E08000001,2/1/26,10065
E08000002,2/1/26,5345
E08000003,2/1/26,25060
E08000004,2/1/26,10200
E08000005,2/1/26,8720
E08000006,2/1/26,9965
E08000007,2/1/26,5745
E08000008,2/1/26,7330
E08000009,2/1/26,4560
E08000010,2/1/26,7770
E08000011,2/1/26,4375
E08000012,2/1/26,19300
E08000013,2/1/26,4500
E08000014,2/1/26,6405
E08000015,2/1/26,6975
E08000016,2/1/26,5170
E08000017,2/1/26,8515
E08000018,2/1/26,6495
E08000019,2/1/26,16655
E08000021,2/1/26,8765
E08000022,2/1/26,4515
E08000023,2/1/26,4530
E08000024,2/1/26,6730
E08000025,2/1/26,77310
E08000026,2/1/26,13785
E08000027,2/1/26,9750
E08000028,2/1/26,15140
E08000029,2/1/26,4775
E08000030,2/1/26,10550
E08000031,2/1/26,12130
E08000032,2/1/26,24240
E08000033,2/1/26,5610
E08000034,2/1/26,13090
E08000035,2/1/26,25650
E08000036,2/1/26,8660
E08000037,2/1/26,5090
E09000001,2/1/26,160
E09000002,2/1/26,11675
E09000003,2/1/26,13385
E09000004,2/1/26,5520
E09000005,2/1/26,17875
E09000006,2/1/26,7405
E09000007,2/1/26,7440
E09000008,2/1/26,17270
E09000009,2/1/26,17285
E09000010,2/1/26,14935
E09000011,2/1/26,12045
E09000012,2/1/26,13800
E09000013,2/1/26,6695
E09000014,2/1/26,14160
E09000015,2/1/26,8275
E09000016,2/1/26,7775
E09000017,2/1/26,10905
E09000018,2/1/26,10290
E09000019,2/1/26,9420
E09000020,2/1/26,3625
E09000021,2/1/26,3800
E09000022,2/1/26,15145
E09000023,2/1/26,14810
E09000024,2/1/26,6870
E09000025,2/1/26,20810
E09000026,2/1/26,12630
E09000027,2/1/26,3130
E09000028,2/1/26,13525
E09000029,2/1/26,4805
E09000030,2/1/26,17285
E09000031,2/1/26,13025
E09000032,2/1/26,10110
E09000033,2/1/26,6445
N09000001,2/1/26,2115
N09000002,2/1/26,3755
N09000003,2/1/26,9150
N09000004,2/1/26,2640
N09000005,2/1/26,4125
N09000006,2/1/26,1670
N09000007,2/1/26,1840
N09000008,2/1/26,2515
N09000009,2/1/26,2060
N09000010,2/1/26,3095
N09000011,2/1/26,2540
S12000005,2/1/26,990
S12000006,2/1/26,2380
S12000008,2/1/26,2760
S12000010,2/1/26,1640
S12000011,2/1/26,960
S12000013,2/1/26,355
S12000014,2/1/26,2975
S12000017,2/1/26,3475
S12000018,2/1/26,1610
S12000019,2/1/26,1455
S12000020,2/1/26,1535
S12000021,2/1/26,3295
S12000023,2/1/26,250
S12000026,2/1/26,1965
S12000027,2/1/26,205
S12000028,2/1/26,2110
S12000029,2/1/26,5435
S12000030,2/1/26,1400
S12000033,2/1/26,5635
S12000034,2/1/26,3245
S12000035,2/1/26,1400
S12000036,2/1/26,9900
S12000038,2/1/26,3490
S12000039,2/1/26,2130
S12000040,2/1/26,3090
S12000041,2/1/26,2095
S12000042,2/1/26,3860
S12000045,2/1/26,1190
S12000047,2/1/26,7540
S12000048,2/1/26,2215
S12000049,2/1/26,21765
S12000050,2/1/26,6615
W06000001,2/1/26,1455
W06000002,2/1/26,2275
W06000003,2/1/26,2475
W06000004,2/1/26,2045
W06000005,2/1/26,2750
W06000006,2/1/26,2565
W06000008,2/1/26,1170
W06000009,2/1/26,2605
W06000010,2/1/26,3245
W06000011,2/1/26,5260
W06000012,2/1/26,2790
W06000013,2/1/26,2765
W06000014,2/1/26,2670
W06000015,2/1/26,10110
W06000016,2/1/26,4795
W06000018,2/1/26,3785
W06000019,2/1/26,1710
W06000020,2/1/26,2175
W06000021,2/1/26,1325
W06000022,2/1/26,4770
W06000023,2/1/26,2025
W06000024,2/1/26,1220