feature,missing_rate,nunique_train,target_corr,abs_target_corr,spearman_target_corr,abs_spearman_target_corr,univariate_f,univariate_p,group,intended_type,protected_feature,kept_after_correlation_pruning,quick_xgb_gain,quick_xgb_weight,quick_xgb_gain_positive,abs_target_corr_rank_pct,abs_spearman_target_corr_rank_pct,univariate_f_rank_pct,quick_xgb_gain_rank_pct,combined_selection_score,selected_final,selection_mode
quarter_sin,0.0,4,0.07451540126540945,0.07451540126540945,0.08030388645080626,0.08030388645080626,27.532474828101666,1.6094961016127707e-07,time / policy,float32_time,True,True,5.4927167892456055,8.0,True,0.9542097488921714,0.9512555391432792,0.9542097488921714,1.0,4.859675036927622,True,auto_quick_xgb_plus_target_corr
target_log_growth_lag1q,0.07885667950537198,3616,-0.4633188413322695,0.4633188413322695,-0.42826082494638745,0.42826082494638745,1347.84394659494,4.447580826093468e-261,target history,float32_numeric,False,True,4.389858722686768,127.0,True,1.0,1.0,1.0,0.9985228951255539,4.997045790251108,True,auto_quick_xgb_plus_target_corr
quarter_num,0.0,4,-0.18477052767024824,0.18477052767024824,-0.23765699176469654,0.23765699176469654,174.29554495522441,3.909401154796368e-39,time / policy,int16_time,True,True,4.055400848388672,21.0,True,0.9955686853766618,0.9970457902511078,0.9955686853766618,0.9970457902511078,4.982274741506647,True,auto_quick_xgb_plus_target_corr
house_sales_volume_lag8q,0.0512872491384553,1405,0.009476023493886668,0.009476023493886668,0.013372446805290492,0.013372446805290492,0.44281901275941377,0.5057960909665913,house price / housing,float32_numeric,True,True,3.5635645389556885,3.0,True,0.5539143279172821,0.5945347119645494,0.5539143279172821,0.9955686853766618,3.693500738552437,True,auto_quick_xgb_plus_target_corr
log1p_brent_oil_price_lag1q,0.000608149199270221,30,0.05820965746967355,0.05820965746967355,0.06824831244006274,0.06824831244006274,16.764829330180152,4.298756391597199e-05,oil / energy proxy,float32_numeric,True,True,3.1998074054718018,9.0,True,0.9187592319054653,0.9194977843426884,0.9187592319054653,0.9940915805022157,4.74519940915805,True,auto_quick_xgb_plus_target_corr
log1p_house_sales_volume_lag8q,0.0512872491384553,1405,0.01179933943197195,0.01179933943197195,0.013372446805290492,0.013372446805290492,0.6866111638279917,0.40735955209277086,house price / housing,float32_numeric,True,True,2.9744205474853516,5.0,True,0.6174298375184638,0.5945347119645494,0.6174298375184638,0.9926144756277696,3.8146233382570163,True,auto_quick_xgb_plus_target_corr
gbp_index_qoq_pct_lag4q,0.022501520372998175,26,-0.02658186430929057,0.02658186430929057,0.0349871004042231,0.0349871004042231,3.4866861373567617,0.06192359655929279,market / FX,float32_numeric,False,True,2.9091033935546875,1.0,True,0.8020679468242246,0.8005908419497785,0.8020679468242246,0.9911373707533235,4.387001477104874,True,auto_quick_xgb_plus_target_corr
house_sales_volume_lag2q,0.0512872491384553,1385,0.013731029741506607,0.013731029741506607,0.02798043214371946,0.02798043214371946,0.9298718666820209,0.3349435099536563,house price / housing,float32_numeric,True,True,2.7913291454315186,1.0,True,0.6528803545051699,0.7717872968980798,0.6528803545051699,0.9896602658788775,4.056868537666174,True,auto_quick_xgb_plus_target_corr
ftse_100_qoq_pct_lag1q,0.007297790391242651,28,0.13404756268218673,0.13404756268218673,0.099709684071106,0.099709684071106,90.22513441934268,3.224441928477342e-21,market / FX,float32_numeric,False,True,2.771698236465454,20.0,True,0.9852289512555391,0.96602658788774,0.9852289512555391,0.9881831610044313,4.91285081240768,True,auto_quick_xgb_plus_target_corr
homelessness_relief_lag1q,0.000608149199270221,544,-0.03492206456322191,0.03492206456322191,-0.0578942204587847,0.0578942204587847,6.02094682512065,0.014171410851423179,target history,float32_numeric,False,True,2.510425329208374,3.0,True,0.8419497784342689,0.895864106351551,0.8419497784342689,0.9867060561299852,4.553175775480058,True,auto_quick_xgb_plus_target_corr
log1p_homelessness_relief_lag1q,0.000608149199270221,544,-0.057844529998274295,0.057844529998274295,-0.0578942204587847,0.0578942204587847,16.55446603974705,4.8011205661651444e-05,target history,float32_numeric,False,True,2.3845295906066895,41.0,True,0.9158050221565731,0.895864106351551,0.9158050221565731,0.9852289512555391,4.697932053175776,True,auto_quick_xgb_plus_target_corr
annual_rent_to_income_yoy_pct_lag1q,0.24711129130346646,3714,-0.01673775352544881,0.01673775352544881,-0.010324326930741068,0.010324326930741068,1.3818185700501289,0.23984837560385466,rent,float32_numeric,False,True,2.366179943084717,1.0,True,0.7001477104874446,0.5081240768094535,0.7001477104874446,0.983751846381093,3.875923190546529,True,auto_quick_xgb_plus_target_corr
income_qoq_pct_lag4q,0.04317859314818569,1104,0.19983302817284057,0.19983302817284057,0.25488952630911993,0.25488952630911993,205.10115574439533,1.3088118384234246e-45,income / affordability,float32_numeric,False,True,2.354335308074951,9.0,True,0.9985228951255539,0.9985228951255539,0.9985228951255539,0.982274741506647,4.960118168389956,True,auto_quick_xgb_plus_target_corr
annual_rent_to_income_qoq_pct_lag2q,0.1925805797689033,3849,-0.06039776671798891,0.06039776671798891,-0.028415822372910175,0.028415822372910175,18.053604263621622,2.1873312248275405e-05,rent,float32_numeric,False,True,2.3481740951538086,5.0,True,0.9246676514032496,0.7754800590841949,0.9246676514032496,0.9807976366322009,4.5864106351550955,True,auto_quick_xgb_plus_target_corr
internal_net_migration_yoy_pct_lag8q,0.04317859314818569,1426,0.005385975126972501,0.005385975126972501,0.01953539350429085,0.01953539350429085,0.1430461876930754,0.705287555315622,migration,float32_numeric,False,True,2.3285293579101562,35.0,True,0.3870014771048744,0.7031019202363368,0.3870014771048744,0.9793205317577548,3.4357459379615953,True,auto_quick_xgb_plus_target_corr
quarter_cos,0.0,4,0.025221524460999876,0.025221524460999876,0.027716495262934304,0.027716495262934304,3.138730461094683,0.07651504457759488,time / policy,float32_time,True,True,2.214876890182495,1.0,True,0.793205317577548,0.7695716395864106,0.793205317577548,0.9778434268833087,4.311669128508124,True,auto_quick_xgb_plus_target_corr
brent_oil_price_qoq_pct_lag1q,0.007297790391242651,28,0.014566791173128714,0.014566791173128714,-0.02976993542874745,0.02976993542874745,1.046537884801307,0.30635597684359267,oil / energy proxy,float32_numeric,False,True,2.2071831226348877,4.0,True,0.6661742983751846,0.7813884785819794,0.6661742983751846,0.9763663220088626,4.066469719350074,True,auto_quick_xgb_plus_target_corr
ftse_100_yoy_pct_lag1q,0.023109669572268395,25,0.05950433151335819,0.05950433151335819,0.11742885950874896,0.11742885950874896,17.52155424112481,2.8901665056609078e-05,market / FX,float32_numeric,False,True,2.1120216846466064,5.0,True,0.9217134416543574,0.9748892171344166,0.9217134416543574,0.9748892171344166,4.768094534711965,True,auto_quick_xgb_plus_target_corr
gbp_index_yoy_pct_lag2q,0.027772146766673424,25,-0.0353412973577584,0.0353412973577584,-0.014094749445135698,0.014094749445135698,6.166557065805762,0.013051767039165418,market / FX,float32_numeric,False,True,2.0955657958984375,1.0,True,0.844903988183161,0.621861152141802,0.844903988183161,0.9734121122599705,4.258493353028065,True,auto_quick_xgb_plus_target_corr
cpi_00_all_items_qoq_pct_lag1q,0.007297790391242651,27,0.15577234167148069,0.15577234167148069,0.15854047099231403,0.15854047099231403,122.62635690213942,3.6076446462313407e-28,CPI total,float32_numeric,False,True,1.7893357276916504,17.0,True,0.9911373707533235,0.9867060561299852,0.9911373707533235,0.9719350073855244,4.912850812407681,True,auto_quick_xgb_plus_target_corr
log1p_house_sales_volume_lag2q,0.0512872491384553,1385,0.022573092573452636,0.022573092573452636,0.02798043214371946,0.02798043214371946,2.51384488643023,0.11291441958096826,house price / housing,float32_numeric,True,True,1.734896183013916,9.0,True,0.7769571639586411,0.7717872968980798,0.7769571639586411,0.9704579025110783,4.266617429837519,True,auto_quick_xgb_plus_target_corr
annual_rent_to_income_lag8q,0.08108655990269613,4457,0.009565326164887934,0.009565326164887934,0.0028421047213786086,0.0028421047213786086,0.451205419392716,0.501794542949243,rent,float32_numeric,True,True,1.6786792278289795,4.0,True,0.5553914327917282,0.1779911373707533,0.5553914327917282,0.9689807976366323,3.2267355982274744,True,auto_quick_xgb_plus_target_corr
average_private_rental_price_lag8q,0.08108655990269613,2346,0.018798753517279162,0.018798753517279162,0.011032245570767011,0.011032245570767011,1.7431975768388952,0.18679546258448584,rent,float32_numeric,True,True,1.6659259796142578,2.0,True,0.7296898079763663,0.5310192023633677,0.7296898079763663,0.9675036927621861,3.9254062038404722,True,auto_quick_xgb_plus_target_corr
gbp_index_yoy_pct_lag8q,0.04946280154064464,20,0.03941797729216824,0.03941797729216824,0.08356691250470033,0.08356691250470033,7.673597118799385,0.005624440142522641,market / FX,float32_numeric,False,True,1.6658967733383179,1.0,True,0.8596750369276218,0.9556868537666174,0.8596750369276218,0.96602658788774,4.607090103397341,True,auto_quick_xgb_plus_target_corr
house_price_to_income_yoy_pct_lag1q,0.2227853233326576,3834,0.028836194869312087,0.028836194869312087,0.04655769116444153,0.04655769116444153,4.103667676341678,0.042844041118308855,house price / housing,float32_numeric,False,True,1.6514272689819336,4.0,True,0.8183161004431314,0.8330871491875923,0.8183161004431314,0.9645494830132939,4.398818316100443,True,auto_quick_xgb_plus_target_corr
international_net_migration_qoq_pct_lag1q,0.04621933914453679,1096,0.013185561662862152,0.013185561662862152,0.011168659130760214,0.011168659130760214,0.8574479833966357,0.3544991581398946,migration,float32_numeric,False,True,1.6003246307373047,1.0,True,0.6425406203840472,0.5376661742983752,0.6425406203840472,0.9630723781388478,3.748892171344165,True,auto_quick_xgb_plus_target_corr
log1p_house_sales_volume_lag4q,0.0512872491384553,1401,0.014808728946283014,0.014808728946283014,0.015607949059113583,0.015607949059113583,1.0815978645033713,0.29839136779779146,house price / housing,float32_numeric,True,True,1.5955349206924438,5.0,True,0.6735598227474151,0.6491875923190547,0.6735598227474151,0.9615952732644018,3.9194977843426884,True,auto_quick_xgb_plus_target_corr
average_house_price_annual_change_qoq_pct_lag2q,0.052503547536995744,4114,-0.0028730780045646987,0.0028730780045646987,0.02588569745243881,0.02588569745243881,0.040703656264839835,0.8401193436320357,house price / housing,float32_numeric,False,True,1.5896509885787964,9.0,True,0.2259970457902511,0.7607090103397341,0.2259970457902511,0.9601181683899557,3.1329394387001477,True,auto_quick_xgb_plus_target_corr
private_rental_price_monthly_change_qoq_pct_lag8q,0.08108655990269613,4533,-0.00969614869007058,0.00969614869007058,-0.018064325178613706,0.018064325178613706,0.46363303003795076,0.4959629205719048,rent,float32_numeric,False,True,1.5689551830291748,1.0,True,0.5598227474150664,0.6809453471196455,0.5598227474150664,0.9586410635155096,3.7178729689807977,True,auto_quick_xgb_plus_target_corr
international_net_migration_yoy_pct_lag2q,0.04581390634502331,1407,0.010067796765113447,0.010067796765113447,0.007917929032533126,0.007917929032533126,0.4998594478500054,0.4795952947950072,migration,float32_numeric,False,True,1.549237608909607,7.0,True,0.568685376661743,0.4224519940915805,0.568685376661743,0.9571639586410635,3.4741506646971936,True,auto_quick_xgb_plus_target_corr
cpi_00_all_items_yoy_pct_lag2q,0.027772146766673424,25,0.054313404540067264,0.054313404540067264,0.05717720778498364,0.05717720778498364,14.5892207076828,0.00013531987436992427,CPI total,float32_numeric,False,True,1.5025745630264282,2.0,True,0.9010339734121122,0.8847858197932054,0.9010339734121122,0.9556868537666174,4.598227474150665,True,auto_quick_xgb_plus_target_corr
house_sales_volume_lag4q,0.0512872491384553,1401,0.01086541838415068,0.01086541838415068,0.015607949059113583,0.015607949059113583,0.5822093625385527,0.4454841231545185,house price / housing,float32_numeric,True,True,1.4778016805648804,2.0,True,0.5893648449039882,0.6491875923190547,0.5893648449039882,0.9542097488921714,3.7363367799113743,True,auto_quick_xgb_plus_target_corr
log1p_house_sales_volume_lag1q,0.0512872491384553,1381,0.003118914108064432,0.003118914108064432,0.018543884955010047,0.018543884955010047,0.047967386536450184,0.8266477541612546,house price / housing,float32_numeric,True,True,1.4732829332351685,1.0,True,0.24224519940915806,0.689069423929099,0.24224519940915806,0.9527326440177253,3.0790251107828657,True,auto_quick_xgb_plus_target_corr
annual_rent_to_income_yoy_pct_lag8q,0.08108655990269613,4529,0.0012845955815056578,0.0012845955815056578,-0.00139517520874687,0.00139517520874687,0.008137079647058896,0.9281273686352225,rent,float32_numeric,False,True,1.4719452857971191,1.0,True,0.10044313146233383,0.09453471196454949,0.10044313146233383,0.9512555391432792,2.1979320531757756,True,auto_quick_xgb_plus_target_corr
log1p_private_rental_price_index_lag8q,0.08108655990269613,4502,0.050073641082117544,0.050073641082117544,0.04939298629375732,0.04939298629375732,12.394917797436797,0.00043439651619325473,rent,float32_numeric,True,True,1.467612624168396,2.0,True,0.8906942392909897,0.8463810930576071,0.8906942392909897,0.9497784342688331,4.527326440177253,True,auto_quick_xgb_plus_target_corr
international_net_migration_lag1q,0.04317859314818569,1045,0.026072529989892422,0.026072529989892422,0.03886032207106633,0.03886032207106633,3.3542596477411446,0.06709164409227902,migration,float32_numeric,False,True,1.3315067291259766,1.0,True,0.7991137370753324,0.810930576070901,0.7991137370753324,0.948301329394387,4.30576070901034,True,auto_quick_xgb_plus_target_corr
average_house_price_monthly_change_lag1q,0.0512872491384553,208,-0.022994013238767125,0.022994013238767125,-0.026713204954130713,0.026713204954130713,2.6085204126587835,0.10635486841860582,house price / housing,float32_numeric,False,True,1.324413776397705,2.0,True,0.7843426883308715,0.7651403249630724,0.7843426883308715,0.946824224519941,4.227474150664698,True,auto_quick_xgb_plus_target_corr
ftse_100_lag8q,0.03425907155888912,24,-0.077672824775537,0.077672824775537,-0.10879807922543293,0.10879807922543293,29.92962432116458,4.701471925040103e-08,market / FX,float32_numeric,False,True,1.3097431659698486,1.0,True,0.9645494830132939,0.9689807976366323,0.9645494830132939,0.9453471196454948,4.788774002954209,True,auto_quick_xgb_plus_target_corr
log1p_population_lag4q,0.04317859314818569,1423,0.01757686941695864,0.01757686941695864,0.021419781272021172,0.021419781272021172,1.5238851938970026,0.21709131775639748,population / scale,float32_numeric,False,True,1.282823920249939,14.0,True,0.7163958641063516,0.7245199409158051,0.7163958641063516,0.9438700147710487,4.045051698670606,True,auto_quick_xgb_plus_target_corr
house_sales_volume_qoq_pct_lag8q,0.0512872491384553,4563,-0.014047520127036247,0.014047520127036247,-0.055567507847825715,0.055567507847825715,0.9732401961329051,0.32392181416208693,house price / housing,float32_numeric,False,True,1.2820611000061035,1.0,True,0.6587887740029542,0.8818316100443131,0.6587887740029542,0.9423929098966026,4.084194977843427,True,auto_quick_xgb_plus_target_corr
annual_rent_to_income_lag4q,0.08108655990269613,4473,0.006966243470519315,0.006966243470519315,0.0008204061129383943,0.0008204061129383943,0.2393058838016075,0.624729650239835,rent,float32_numeric,True,True,1.277226448059082,3.0,True,0.4771048744460857,0.060561299852289516,0.4771048744460857,0.9409158050221565,2.896602658788774,True,auto_quick_xgb_plus_target_corr
homelessness_per_1000_lag1q,0.000608149199270221,4778,-0.01177505412114244,0.01177505412114244,-0.10863281403304133,0.10863281403304133,0.6837873251213326,0.40832562723470867,target history,float32_numeric,False,True,1.2759745121002197,26.0,True,0.6144756277695717,0.9675036927621861,0.6144756277695717,0.9394387001477105,4.07533234859675,True,auto_quick_xgb_plus_target_corr
log1p_cpi_00_all_items_lag2q,0.006689641191972431,27,0.04758589673820605,0.04758589673820605,0.07907816083773352,0.07907816083773352,11.191184545566728,0.0008280101517351793,CPI total,float32_numeric,True,True,1.2611089944839478,1.0,True,0.8774002954209749,0.947562776957164,0.8774002954209749,0.9379615952732644,4.578286558345643,True,auto_quick_xgb_plus_target_corr
annual_rent_to_income_qoq_pct_lag4q,0.08108655990269613,4380,-0.18571916326737595,0.18571916326737595,-0.1611590201359987,0.1611590201359987,176.15395002109682,1.5856682811956236e-39,rent,float32_numeric,False,True,1.2424609661102295,2.0,True,0.9970457902511078,0.9881831610044313,0.9970457902511078,0.9364844903988183,4.855243722304284,True,auto_quick_xgb_plus_target_corr
average_house_price_annual_change_lag1q,0.0512872491384553,661,0.04829254867230648,0.04829254867230648,0.057867402543380145,0.057867402543380145,11.52681403142911,0.0006914107915838953,house price / housing,float32_numeric,False,True,1.159509301185608,2.0,True,0.8818316100443131,0.8936484490398818,0.8818316100443131,0.9350073855243722,4.527326440177252,True,auto_quick_xgb_plus_target_corr
population_yoy_pct_lag2q,0.04378674234745591,1438,0.02335395652139733,0.02335395652139733,0.04229989855801508,0.04229989855801508,2.690870943953924,0.100988417519358,population / scale,float32_numeric,False,True,1.1501954793930054,1.0,True,0.7887740029542097,0.8212703101920237,0.7887740029542097,0.9335302806499262,4.265878877400295,True,auto_quick_xgb_plus_target_corr
private_rental_price_monthly_change_qoq_pct_lag2q,0.08108655990269613,4533,-0.0009410790844929097,0.0009410790844929097,0.014683122371785106,0.014683122371785106,0.004367044624749431,0.9473139319349105,rent,float32_numeric,False,True,1.1362630128860474,4.0,True,0.06794682422451995,0.6351550960118169,0.06794682422451995,0.9320531757754801,2.635155096011817,True,auto_quick_xgb_plus_target_corr
private_rental_price_monthly_change_lag1q,0.08108655990269613,4527,0.055385714833284465,0.055385714833284465,0.0547658446675298,0.0547658446675298,15.172767836672042,9.940689626762666e-05,rent,float32_numeric,False,True,1.1253503561019897,5.0,True,0.9025110782865583,0.8774002954209749,0.9025110782865583,0.930576070901034,4.543574593796159,True,auto_quick_xgb_plus_target_corr
population_lag4q,0.04317859314818569,1423,0.011224144087305184,0.011224144087305184,0.021419781272021172,0.021419781272021172,0.6212926064578411,0.43060524056010663,population / scale,float32_numeric,False,True,1.0851539373397827,3.0,True,0.6056129985228951,0.7245199409158051,0.6056129985228951,0.9290989660265879,3.793943870014771,True,auto_quick_xgb_plus_target_corr
ftse_100_lag1q,0.000608149199270221,30,0.0597230572696339,0.0597230572696339,0.04512962820324644,0.04512962820324644,17.651064226766515,2.7005435976292445e-05,market / FX,float32_numeric,False,True,1.0516328811645508,1.0,True,0.9231905465288035,0.8286558345642541,0.9231905465288035,0.9276218611521418,4.530280649926144,True,auto_quick_xgb_plus_target_corr
house_price_to_income_qoq_pct_lag1q,0.2227853233326576,3834,0.052142951396300465,0.052142951396300465,0.052781950292245056,0.052781950292245056,13.443384721410826,0.0002484609462637483,house price / housing,float32_numeric,False,True,1.033539056777954,3.0,True,0.8951255539143279,0.8670605612998523,0.8951255539143279,0.9261447562776958,4.5096011816839,True,auto_quick_xgb_plus_target_corr
gbp_index_qoq_pct_lag2q,0.01277113318467464,28,-0.17600533132507967,0.17600533132507967,-0.1546939783023711,0.1546939783023711,157.63511080403123,1.296975059759237e-35,market / FX,float32_numeric,False,True,1.0323344469070435,3.0,True,0.9940915805022157,0.9852289512555391,0.9940915805022157,0.9246676514032496,4.82274741506647,True,auto_quick_xgb_plus_target_corr
log1p_homelessness_relief_lag2q,0.0794648287046422,530,0.007137725101234059,0.007137725101234059,0.012642834723925401,0.012642834723925401,0.25123304645013667,0.6162305612327378,target history,float32_numeric,False,True,1.0258558988571167,1.0,True,0.4815361890694239,0.5768094534711965,0.4815361890694239,0.9231905465288035,3.386262924667651,True,auto_quick_xgb_plus_target_corr
house_price_to_income_qoq_pct_lag4q,0.0512872491384553,4680,-0.07453741129652854,0.07453741129652854,-0.08757387303346896,0.08757387303346896,27.54883295549192,1.5960161525744625e-07,house price / housing,float32_numeric,False,True,1.0100111961364746,6.0,True,0.9571639586410635,0.9571639586410635,0.9571639586410635,0.9217134416543574,4.714918759231906,True,auto_quick_xgb_plus_target_corr
international_net_migration_lag4q,0.04317859314818569,925,0.029165088240439962,0.029165088240439962,0.04781266529789463,0.04781266529789463,4.197891032760397,0.04052710316585906,migration,float32_numeric,False,True,1.0094919204711914,9.0,True,0.8197932053175776,0.8389955686853766,0.8197932053175776,0.9202363367799113,4.319054652880354,True,auto_quick_xgb_plus_target_corr
average_house_price_monthly_change_lag4q,0.0512872491384553,205,0.04284547260234417,0.04284547260234417,0.0464919193379031,0.0464919193379031,9.06865457280943,0.002613467052399242,house price / housing,float32_numeric,False,True,1.0073301792144775,2.0,True,0.8655834564254062,0.8316100443131462,0.8655834564254062,0.9187592319054653,4.4002954209748895,True,auto_quick_xgb_plus_target_corr
log1p_private_rental_price_index_lag2q,0.08108655990269613,4499,0.061140234540537845,0.061140234540537845,0.06317469002939434,0.06317469002939434,18.50187292181068,1.7301915220574473e-05,rent,float32_numeric,True,True,0.9937079548835754,3.0,True,0.9276218611521418,0.9069423929098966,0.9276218611521418,0.9172821270310192,4.596750369276219,True,auto_quick_xgb_plus_target_corr
homelessness_total_assessments_lag8q,0.3352929251976485,703,0.015549009283549265,0.015549009283549265,0.004540735666306613,0.004540735666306613,1.1924645060687526,0.27488634962791597,target history,float32_numeric,False,True,0.9876582622528076,2.0,True,0.6853766617429837,0.2813884785819793,0.6853766617429837,0.9158050221565731,3.483751846381093,True,auto_quick_xgb_plus_target_corr
private_rental_price_annual_change_qoq_pct_lag2q,0.08108655990269613,4533,-0.019221904649907355,0.019221904649907355,0.008389059015832343,0.008389059015832343,1.8225872726782404,0.17706757972960654,rent,float32_numeric,False,True,0.983733057975769,1.0,True,0.7370753323485968,0.4446085672082718,0.7370753323485968,0.914327917282127,3.7474150664697197,True,auto_quick_xgb_plus_target_corr
private_rental_price_annual_change_qoq_pct_lag8q,0.08108655990269613,4533,-0.015580262581783246,0.015580262581783246,-0.00017173170732959436,0.00017173170732959436,1.1972641638096093,0.27392261638377513,rent,float32_numeric,False,True,0.9712745547294617,3.0,True,0.6868537666174298,0.011816838995568686,0.6868537666174298,0.912850812407681,3.2112259970457906,True,auto_quick_xgb_plus_target_corr
average_house_price_annual_change_qoq_pct_lag1q,0.052706263936752484,4130,0.0022222898134230573,0.0022222898134230573,-0.00636502575784259,0.00636502575784259,0.024352218870382,0.8759984409586253,house price / housing,float32_numeric,False,True,0.967826783657074,3.0,True,0.172821270310192,0.36336779911373707,0.172821270310192,0.9113737075332349,2.5317577548005907,True,auto_quick_xgb_plus_target_corr
average_house_price_lag1q,0.0512872491384553,4672,0.023044727852669714,0.023044727852669714,0.016799291503094872,0.016799291503094872,2.620045704887948,0.10558535535515207,house price / housing,float32_numeric,True,True,0.9667073488235474,1.0,True,0.7858197932053176,0.670605612998523,0.7858197932053176,0.9098966026587888,4.062038404726736,True,auto_quick_xgb_plus_target_corr
income_qoq_pct_lag2q,0.1589296574092844,831,0.07646427425998563,0.07646427425998563,0.0967131015448974,0.0967131015448974,29.0000551031837,7.573516173026296e-08,income / affordability,float32_numeric,False,True,0.9633442759513855,4.0,True,0.9630723781388478,0.9630723781388478,0.9630723781388478,0.9084194977843427,4.706056129985229,True,auto_quick_xgb_plus_target_corr
homelessness_total_assessments_lag2q,0.07885667950537198,822,0.008482883664216675,0.008482883664216675,0.011600992539087673,0.011600992539087673,0.3548569188110797,0.5514038790870132,target history,float32_numeric,False,True,0.9600699543952942,3.0,True,0.5273264401772526,0.5487444608567208,0.5273264401772526,0.9069423929098966,3.417282127031019,True,auto_quick_xgb_plus_target_corr
homelessness_total_assessments_rolling4_mean_lag1q,0.06527468072167038,2159,-0.018055630061596578,0.018055630061596578,-0.029813776520012623,0.029813776520012623,1.6080587224317249,0.20482477004408198,target history,float32_numeric,False,True,0.9472348093986511,8.0,True,0.7208271787296898,0.7843426883308715,0.7208271787296898,0.9054652880354506,4.036927621861152,True,auto_quick_xgb_plus_target_corr
average_house_price_monthly_change_lag8q,0.0512872491384553,202,-0.0065904437542255966,0.0065904437542255966,-0.007624059096103022,0.007624059096103022,0.21418210469008592,0.6435294971967598,house price / housing,float32_numeric,False,True,0.9459945559501648,4.0,True,0.45937961595273263,0.41654357459379615,0.45937961595273263,0.9039881831610044,3.14327917282127,True,auto_quick_xgb_plus_target_corr
target_log_growth_lag4q,0.26576120008108656,3010,-0.14680846588019525,0.14680846588019525,-0.16464451731779234,0.16464451731779234,108.61749323324146,3.5877224246786357e-25,target history,float32_numeric,False,True,0.9385071396827698,32.0,True,0.9881831610044313,0.9896602658788775,0.9881831610044313,0.9025110782865583,4.771048744460857,True,auto_quick_xgb_plus_target_corr
log1p_private_rental_price_index_lag4q,0.08108655990269613,4498,0.05692691781712383,0.05692691781712383,0.057674613985121484,0.057674613985121484,16.031716924502014,6.320580459094393e-05,rent,float32_numeric,True,True,0.9249172806739807,3.0,True,0.9113737075332349,0.8862629246676514,0.9113737075332349,0.9010339734121122,4.511078286558345,True,auto_quick_xgb_plus_target_corr
international_net_migration_yoy_pct_lag1q,0.04540847354550983,1404,0.008066474048458191,0.008066474048458191,0.00973546809836489,0.00973546809836489,0.32087120407426306,0.5711103328792577,migration,float32_numeric,False,True,0.9230296015739441,7.0,True,0.5125553914327917,0.4933530280649926,0.5125553914327917,0.8995568685376661,3.317577548005908,True,auto_quick_xgb_plus_target_corr
homelessness_relief_lag2q,0.0794648287046422,530,0.011516813666511728,0.011516813666511728,0.012642834723925401,0.012642834723925401,0.654119792835764,0.4186826051825908,target history,float32_numeric,False,True,0.9181521534919739,5.0,True,0.6070901033973413,0.5768094534711965,0.6070901033973413,0.8980797636632201,3.587149187592319,True,auto_quick_xgb_plus_target_corr
lad_E07000133,0.0,2,-0.009822801338434358,0.009822801338434358,-0.011426303260925055,0.011426303260925055,0.4758254094375136,0.49035180546866775,LAD fixed effect,int8_dummy,False,True,0.898052990436554,22.0,True,0.5642540620384048,0.5420974889217134,0.5642540620384048,0.896602658788774,3.463810930576071,True,auto_quick_xgb_plus_target_corr
average_house_price_monthly_change_yoy_pct_lag1q,0.05980133792823839,2070,0.01974490474413311,0.01974490474413311,-0.023030853898339643,0.023030853898339643,1.9231556534956784,0.1655718866440772,house price / housing,float32_numeric,False,True,0.8962475061416626,2.0,True,0.7429837518463811,0.741506646971935,0.7429837518463811,0.8951255539143279,4.017725258493353,True,auto_quick_xgb_plus_target_corr
house_sales_volume_lag1q,0.0512872491384553,1381,0.007535063883042373,0.007535063883042373,0.018543884955010047,0.018543884955010047,0.2799842093708766,0.5967353846165331,house price / housing,float32_numeric,True,True,0.8932265639305115,8.0,True,0.49039881831610044,0.689069423929099,0.49039881831610044,0.8936484490398818,3.457163958641064,True,auto_quick_xgb_plus_target_corr
house_sales_volume_yoy_pct_lag8q,0.0512872491384553,4520,0.019664706888231517,0.019664706888231517,0.05001277878937499,0.05001277878937499,1.9075587912214196,0.16729726931372085,house price / housing,float32_numeric,False,True,0.8896409273147583,1.0,True,0.741506646971935,0.8508124076809453,0.741506646971935,0.8921713441654358,4.118168389955686,True,auto_quick_xgb_plus_target_corr
average_house_price_monthly_change_yoy_pct_lag2q,0.06000405432799513,2023,-0.020399686182521814,0.020399686182521814,0.015020888193915914,0.015020888193915914,2.0528761238224047,0.15198235600750054,house price / housing,float32_numeric,False,True,0.8892686367034912,1.0,True,0.7548005908419497,0.6440177252584933,0.7548005908419497,0.8906942392909897,3.935007385524372,True,auto_quick_xgb_plus_target_corr
homelessness_total_assessments_rolling4_std_lag1q,0.06527468072167038,3118,0.0018636644356497076,0.0018636644356497076,-0.017379490275898826,0.017379490275898826,0.017126631214635063,0.8958844700042817,target history,float32_numeric,False,True,0.8822108507156372,1.0,True,0.13737075332348597,0.6765140324963073,0.13737075332348597,0.8892171344165436,2.7296898079763663,True,auto_quick_xgb_plus_target_corr
average_house_price_monthly_change_yoy_pct_lag4q,0.06101763632677883,1950,-0.005624734483929795,0.005624734483929795,-0.008653412202616041,0.008653412202616041,0.15601012884251245,0.6928738649094459,house price / housing,float32_numeric,False,True,0.8810322284698486,1.0,True,0.40620384047267355,0.4534711964549483,0.40620384047267355,0.8877400295420975,3.0413589364844906,True,auto_quick_xgb_plus_target_corr
ftse_100_qoq_pct_lag2q,0.01277113318467464,28,-0.06457785001640251,0.06457785001640251,-0.06501076239224177,0.06501076239224177,20.649859033069927,5.645874648078576e-06,market / FX,float32_numeric,False,True,0.8674954175949097,1.0,True,0.9364844903988183,0.914327917282127,0.9364844903988183,0.8862629246676514,4.559822747415067,True,auto_quick_xgb_plus_target_corr
house_sales_volume_qoq_pct_lag2q,0.0512872491384553,4543,0.041879875993968786,0.041879875993968786,0.04648075005403973,0.04648075005403973,8.66379494743973,0.0032610867452720666,house price / housing,float32_numeric,False,True,0.8606386184692383,2.0,True,0.8626292466765141,0.8301329394387001,0.8626292466765141,0.8847858197932054,4.324963072378139,True,auto_quick_xgb_plus_target_corr
house_price_index_qoq_pct_lag2q,0.0512872491384553,4566,0.07498802450944322,0.07498802450944322,0.08274147834470165,0.08274147834470165,27.88482006226549,1.3428618463509275e-07,house price / housing,float32_numeric,False,True,0.8580814003944397,2.0,True,0.9601181683899557,0.9527326440177253,0.9601181683899557,0.8833087149187593,4.639586410635156,True,auto_quick_xgb_plus_target_corr
house_price_to_income_qoq_pct_lag8q,0.0512872491384553,4680,-0.08269446495759393,0.08269446495759393,-0.08832568260409768,0.08832568260409768,33.95220270862146,6.006946757785496e-09,house price / housing,float32_numeric,False,True,0.850336492061615,2.0,True,0.9689807976366323,0.9586410635155096,0.9689807976366323,0.8818316100443131,4.6602658788774,True,auto_quick_xgb_plus_target_corr
brent_oil_price_lag4q,0.01763632677883641,27,0.018278535750802228,0.018278535750802228,0.007517901873947,0.007517901873947,1.648021722074287,0.1992887192949848,oil / energy proxy,float32_numeric,True,True,0.8491730093955994,1.0,True,0.723781388478582,0.40841949778434267,0.723781388478582,0.880354505169867,3.6166912850812407,True,auto_quick_xgb_plus_target_corr
population_yoy_pct_lag8q,0.04317859314818569,1432,-0.011612282028855187,0.011612282028855187,-0.005337637250838885,0.005337637250838885,0.665010831556083,0.41483587205966627,population / scale,float32_numeric,False,True,0.8477973937988281,1.0,True,0.6100443131462334,0.3190546528803545,0.6100443131462334,0.8788774002954209,3.2968980797636633,True,auto_quick_xgb_plus_target_corr
ftse_100_qoq_pct_lag4q,0.022501520372998175,26,-0.00818003193523669,0.00818003193523669,0.02076092018660259,0.02076092018660259,0.32996969989456426,0.5657031337908035,market / FX,float32_numeric,False,True,0.8452564477920532,5.0,True,0.518463810930576,0.7163958641063516,0.518463810930576,0.8774002954209749,3.5081240768094535,True,auto_quick_xgb_plus_target_corr
income_yoy_pct_lag8q,0.04317859314818569,1432,-0.020831653854624366,0.020831653854624366,-0.009890022769784172,0.009890022769784172,2.1407749292179714,0.143493159337622,income / affordability,float32_numeric,False,True,0.818732500076294,2.0,True,0.7592319054652881,0.4963072378138848,0.7592319054652881,0.8759231905465288,3.7666174298375186,True,auto_quick_xgb_plus_target_corr
house_price_to_income_yoy_pct_lag2q,0.1664301642002838,4112,0.042362943963431064,0.042362943963431064,0.04342656213264882,0.04342656213264882,8.86517600726718,0.0029207606237170772,house price / housing,float32_numeric,False,True,0.8146374821662903,6.0,True,0.8641063515509602,0.8227474150664698,0.8641063515509602,0.8744460856720827,4.299852289512556,True,auto_quick_xgb_plus_target_corr
unemployment_count_yoy_pct_lag2q,0.6233529292519765,1858,-0.02693947220070924,0.02693947220070924,-0.059918359125324214,0.059918359125324214,3.5811990881567812,0.05849547691476079,unemployment,float32_numeric,False,True,0.8126954436302185,1.0,True,0.8079763663220089,0.8980797636632201,0.8079763663220089,0.8729689807976366,4.2599704579025115,True,auto_quick_xgb_plus_target_corr
lad_E07000009,0.0,2,-0.002134576352694351,0.002134576352694351,0.0014173945645605684,0.0014173945645605684,0.022467790681836578,0.88085548269142,LAD fixed effect,int8_dummy,False,True,0.8063647747039795,4.0,True,0.16248153618906944,0.09748892171344166,0.16248153618906944,0.8714918759231906,2.1654357459379616,True,auto_quick_xgb_plus_target_corr
income_yoy_pct_lag2q,0.1589296574092844,1148,0.03148740986099939,0.03148740986099939,0.03478180820007739,0.03478180820007739,4.893726286253193,0.027000115787810836,income / affordability,float32_numeric,False,True,0.8029232025146484,1.0,True,0.8345642540620384,0.7991137370753324,0.8345642540620384,0.8700147710487445,4.208271787296898,True,auto_quick_xgb_plus_target_corr
ftse_100_qoq_pct_lag8q,0.03790796675451044,23,-0.08015561172216012,0.08015561172216012,-0.12040039938939823,0.12040039938939823,31.886156902385746,1.7263642978601605e-08,market / FX,float32_numeric,False,True,0.7929204702377319,1.0,True,0.9675036927621861,0.9763663220088626,0.9675036927621861,0.8685376661742984,4.6484490398818314,True,auto_quick_xgb_plus_target_corr
annual_rent_to_income_qoq_pct_lag1q,0.24711129130346646,3599,0.10304033532823144,0.10304033532823144,0.1275688124020322,0.1275688124020322,52.91578238693455,4.029904579211771e-13,rent,float32_numeric,False,True,0.7893901467323303,8.0,True,0.9793205317577548,0.9778434268833087,0.9793205317577548,0.8670605612998523,4.670605612998523,True,auto_quick_xgb_plus_target_corr
cpi_00_all_items_qoq_pct_lag8q,0.03790796675451044,22,-0.14188322524517813,0.14188322524517813,-0.19191469584946239,0.19191469584946239,101.30456639760307,1.331214940595932e-23,CPI total,float32_numeric,False,True,0.7887204885482788,1.0,True,0.9867060561299852,0.9940915805022157,0.9867060561299852,0.8655834564254062,4.698670605612999,True,auto_quick_xgb_plus_target_corr
log1p_computed_homelessness_rate_per_1000_lag2q,0.11554834786134198,4281,-0.0010262610889501813,0.0010262610889501813,0.0007217916168144631,0.0007217916168144631,0.005193392967442675,0.9425529437109823,target history,float32_numeric,False,True,0.7825430631637573,4.0,True,0.07828655834564253,0.05391432791728213,0.07828655834564253,0.8641063515509602,1.9387001477104875,True,auto_quick_xgb_plus_target_corr
international_net_migration_lag2q,0.04378674234745591,1044,0.03507073094255042,0.03507073094255042,0.05284071912854411,0.05284071912854411,6.072382633052635,0.013765029036141282,migration,float32_numeric,False,True,0.7680481672286987,5.0,True,0.843426883308715,0.8685376661742984,0.843426883308715,0.8626292466765141,4.280649926144757,True,auto_quick_xgb_plus_target_corr
homelessness_total_assessments_rolling8_mean_lag1q,0.009122237989053315,3315,-0.014537711890820685,0.014537711890820685,-0.012385452188356042,0.012385452188356042,1.0423628237189662,0.3073226639824065,target history,float32_numeric,False,True,0.7668247818946838,2.0,True,0.6646971935007385,0.5731166912850812,0.6646971935007385,0.8611521418020679,3.624815361890694,True,auto_quick_xgb_plus_target_corr
average_house_price_annual_change_yoy_pct_lag1q,0.052503547536995744,4287,0.005156943079499976,0.005156943079499976,0.04669400453118824,0.04669400453118824,0.13113880686672572,0.7172697129838372,house price / housing,float32_numeric,False,True,0.7589030265808105,2.0,True,0.361890694239291,0.8345642540620384,0.361890694239291,0.8596750369276218,3.277695716395864,True,auto_quick_xgb_plus_target_corr
annual_rent_to_income_qoq_pct_lag8q,0.08108655990269613,4330,-0.14882735314218648,0.14882735314218648,-0.16670386814543947,0.16670386814543947,111.69354945011727,7.863775718064344e-26,rent,float32_numeric,False,True,0.7587546110153198,9.0,True,0.9896602658788775,0.9911373707533235,0.9896602658788775,0.8581979320531757,4.68685376661743,True,auto_quick_xgb_plus_target_corr
average_house_price_qoq_pct_lag4q,0.0512872491384553,4680,0.05830181427875368,0.05830181427875368,0.05101890491371363,0.05101890491371363,16.818136287237735,4.1800774494717796e-05,house price / housing,float32_numeric,False,True,0.7540841102600098,1.0,True,0.9202363367799113,0.8596750369276218,0.9202363367799113,0.8567208271787297,4.413589364844904,True,auto_quick_xgb_plus_target_corr
log1p_house_price_index_lag8q,0.0512872491384553,867,0.03677831889348926,0.03677831889348926,0.03546644764758923,0.03546644764758923,6.6789254294524,0.00978442263777061,house price / housing,float32_numeric,True,True,0.7463946342468262,1.0,True,0.8493353028064993,0.8028064992614475,0.8493353028064993,0.8552437223042836,4.211964549483013,True,auto_quick_xgb_plus_target_corr
private_rental_price_monthly_change_qoq_pct_lag1q,0.08108655990269613,4533,0.0031586012225607195,0.0031586012225607195,0.031766605155826556,0.031766605155826556,0.049195902675469236,0.8244776013451162,rent,float32_numeric,False,True,0.7443219423294067,1.0,True,0.24519940915805022,0.7902511078286558,0.24519940915805022,0.8537666174298375,2.9881831610044314,True,auto_quick_xgb_plus_target_corr
computed_homelessness_rate_per_1000_lag2q,0.11554834786134198,4281,0.002560937279782848,0.002560937279782848,0.0007217916168144631,0.0007217916168144631,0.03233968126864715,0.8572915596308534,target history,float32_numeric,False,True,0.7206313610076904,37.0,True,0.1964549483013294,0.05391432791728213,0.1964549483013294,0.8522895125553914,2.151403249630724,True,auto_quick_xgb_plus_target_corr
average_house_price_annual_change_qoq_pct_lag4q,0.052503547536995744,4031,0.006014929638381669,0.006014929638381669,0.03922526649464361,0.03922526649464361,0.17840697030645428,0.6727642703030223,house price / housing,float32_numeric,False,True,0.7192189693450928,2.0,True,0.4357459379615953,0.8138847858197932,0.4357459379615953,0.8508124076809453,3.3870014771048744,True,auto_quick_xgb_plus_target_corr
private_rental_price_annual_change_yoy_pct_lag8q,0.08108655990269613,4533,0.007685614232767393,0.007685614232767393,5.400119432711681e-06,5.400119432711681e-06,0.29128479851578476,0.589422745471821,rent,float32_numeric,False,True,0.7181538343429565,1.0,True,0.4963072378138848,0.0014771048744460858,0.4963072378138848,0.8493353028064993,2.692762186115214,True,auto_quick_xgb_plus_target_corr
lad_E07000196,0.0,2,0.004080846953332227,0.004080846953332227,0.0005732735513903926,0.0005732735513903926,0.08211884831529502,0.7744583257649764,LAD fixed effect,int8_dummy,False,True,0.7175442576408386,4.0,True,0.30428360413589367,0.0413589364844904,0.30428360413589367,0.8478581979320532,2.3456425406203842,True,auto_quick_xgb_plus_target_corr
average_house_price_monthly_change_qoq_pct_lag2q,0.05980133792823839,2057,-0.011778151641223453,0.011778151641223453,0.029770599702866097,0.029770599702866097,0.6841471735666946,0.40820233134146544,house price / housing,float32_numeric,False,True,0.7080067992210388,1.0,True,0.6159527326440177,0.7828655834564254,0.6159527326440177,0.8463810930576071,3.7075332348596746,True,auto_quick_xgb_plus_target_corr
cpi_00_all_items_qoq_pct_lag2q,0.01277113318467464,27,-0.04345836817878574,0.04345836817878574,-0.01940976234228842,0.01940976234228842,9.33045514535188,0.0022658019631723566,CPI total,float32_numeric,False,True,0.7043043375015259,2.0,True,0.8685376661742984,0.7001477104874446,0.8685376661742984,0.844903988183161,4.127031019202363,True,auto_quick_xgb_plus_target_corr
house_sales_volume_yoy_pct_lag1q,0.0512872491384553,4579,0.007642671064545833,0.007642671064545833,-0.01824187339963662,0.01824187339963662,0.2880386104116695,0.5915043974406113,house price / housing,float32_numeric,False,True,0.6931719779968262,6.0,True,0.4948301329394387,0.6824224519940916,0.4948301329394387,0.843426883308715,3.358936484490399,True,auto_quick_xgb_plus_target_corr
average_house_price_monthly_change_yoy_pct_lag8q,0.061625785526049054,1866,-0.015038551378819957,0.015038551378819957,-0.013924384723114636,0.013924384723114636,1.115437499109154,0.29095474432161095,house price / housing,float32_numeric,False,True,0.6901282072067261,2.0,True,0.6824224519940916,0.6129985228951256,0.6824224519940916,0.8419497784342689,3.6617429837518465,True,auto_quick_xgb_plus_target_corr
internal_net_migration_yoy_pct_lag2q,0.04378674234745591,1434,0.004972655177585221,0.004972655177585221,0.003881029875235157,0.003881029875235157,0.12193332899122637,0.7269619349408013,migration,float32_numeric,False,True,0.6898140907287598,1.0,True,0.35450516986706054,0.23338257016248154,0.35450516986706054,0.8404726735598228,2.6233382570162482,True,auto_quick_xgb_plus_target_corr
house_price_to_income_yoy_pct_lag4q,0.0512872491384553,4680,0.030740563255362938,0.030740563255362938,0.03153701986886553,0.03153701986886553,4.664114878141176,0.0308473502626375,house price / housing,float32_numeric,False,True,0.6776325106620789,1.0,True,0.827178729689808,0.7887740029542097,0.827178729689808,0.8389955686853766,4.121122599704579,True,auto_quick_xgb_plus_target_corr
private_rental_price_monthly_change_yoy_pct_lag1q,0.08108655990269613,4533,-0.008090910665821719,0.008090910665821719,0.009192637794150256,0.009192637794150256,0.3228183739748601,0.5699446788358626,rent,float32_numeric,False,True,0.6728330850601196,4.0,True,0.5140324963072378,0.4741506646971935,0.5140324963072378,0.8375184638109305,3.1772525849335302,True,auto_quick_xgb_plus_target_corr
private_rental_price_index_qoq_pct_lag8q,0.08108655990269613,4533,0.0037178596605157194,0.0037178596605157194,-0.008837972572643831,0.008837972572643831,0.06815959325968032,0.7940464035901431,rent,float32_numeric,False,True,0.6646910905838013,1.0,True,0.27326440177252587,0.4623338257016248,0.27326440177252587,0.8360413589364845,2.6809453471196454,True,auto_quick_xgb_plus_target_corr
gbp_index_lag4q,0.01763632677883641,26,0.040674246297122775,0.040674246297122775,0.07374916514102035,0.07374916514102035,8.171336965003519,0.004273600673487769,market / FX,float32_numeric,False,True,0.6596212387084961,2.0,True,0.8611521418020679,0.9350073855243722,0.8611521418020679,0.8345642540620384,4.326440177252585,True,auto_quick_xgb_plus_target_corr
house_sales_volume_qoq_pct_lag1q,0.0512872491384553,4540,-0.04870436111429414,0.04870436111429414,-0.05104309851156614,0.05104309851156614,11.724710396098022,0.0006217828226527323,house price / housing,float32_numeric,False,True,0.656085193157196,1.0,True,0.8833087149187593,0.8611521418020679,0.8833087149187593,0.8330871491875923,4.293943870014771,True,auto_quick_xgb_plus_target_corr
unemployment_per_1000_qoq_pct_lag8q,0.6233529292519765,1854,-0.026136899629639415,0.026136899629639415,0.014771420231590126,0.014771420231590126,3.3708538789808564,0.06641952909760046,unemployment,float32_numeric,False,True,0.6416250467300415,2.0,True,0.8005908419497785,0.6366322008862629,0.8005908419497785,0.8316100443131462,3.901033973412112,True,auto_quick_xgb_plus_target_corr
house_price_index_yoy_pct_lag4q,0.0512872491384553,4611,0.049061949410296485,0.049061949410296485,0.053194042897003344,0.053194042897003344,11.897925430403562,0.0005666718938505318,house price / housing,float32_numeric,False,True,0.6371941566467285,1.0,True,0.8877400295420975,0.8729689807976366,0.8877400295420975,0.8301329394387001,4.308714918759232,True,auto_quick_xgb_plus_target_corr
homelessness_total_assessments_rolling8_std_lag1q,0.009122237989053315,4553,0.006847622550340854,0.006847622550340854,0.006242030102034306,0.006242030102034306,0.2312251096031031,0.6306382466230508,target history,float32_numeric,False,True,0.6350158452987671,4.0,True,0.4726735598227474,0.35745937961595275,0.4726735598227474,0.8286558345642541,2.960118168389956,True,auto_quick_xgb_plus_target_corr
income_qoq_pct_lag8q,0.04317859314818569,1104,0.17125271662877856,0.17125271662877856,0.2342829535691923,0.2342829535691923,148.98317063687463,8.846263656806371e-34,income / affordability,float32_numeric,False,True,0.631885290145874,3.0,True,0.9926144756277696,0.9955686853766618,0.9926144756277696,0.827178729689808,4.635155096011817,True,auto_quick_xgb_plus_target_corr
homelessness_per_1000_lag8q,0.34259071558889115,2797,-0.010044290377155752,0.010044290377155752,0.0040168092803009965,0.0040168092803009965,0.49752778429791605,0.48062172877200315,target history,float32_numeric,False,True,0.6240578293800354,4.0,True,0.5672082717872969,0.24076809453471196,0.5672082717872969,0.8257016248153619,3.0265878877400296,True,auto_quick_xgb_plus_target_corr
homelessness_relief_lag4q,0.20697344415163188,505,0.01745911722713943,0.01745911722713943,0.013692462224819289,0.013692462224819289,1.50352954536504,0.2201876335410946,target history,float32_numeric,False,True,0.6232081651687622,9.0,True,0.7134416543574594,0.603397341211226,0.7134416543574594,0.8242245199409158,3.6787296898079767,True,auto_quick_xgb_plus_target_corr
log1p_unemployment_count_lag2q,0.6233529292519765,1679,-0.005352379304809568,0.005352379304809568,0.003592509626207152,0.003592509626207152,0.14126715859928804,0.7070406891400641,unemployment,float32_numeric,True,True,0.6135185956954956,5.0,True,0.3810930576070901,0.21787296898079764,0.3810930576070901,0.8227474150664698,2.6255539143279174,True,auto_quick_xgb_plus_target_corr
house_price_to_income_lag8q,0.0512872491384553,4680,0.008284476679778607,0.008284476679778607,0.001364823287516675,0.001364823287516675,0.33845035178476396,0.5607516710362563,house price / housing,float32_numeric,True,True,0.6121454834938049,1.0,True,0.5228951255539144,0.0915805022156573,0.5228951255539144,0.8212703101920237,2.7799113737075336,True,auto_quick_xgb_plus_target_corr
annual_rent_to_income_yoy_pct_lag4q,0.08108655990269613,4533,-0.018959366736053168,0.018959366736053168,-0.02209859221472465,0.02209859221472465,1.773122724071481,0.18305763962028698,rent,float32_numeric,False,True,0.6079018115997314,4.0,True,0.7326440177252584,0.7370753323485968,0.7326440177252584,0.8197932053175776,3.841949778434269,True,auto_quick_xgb_plus_target_corr
private_rental_price_monthly_change_lag2q,0.08108655990269613,4527,0.031765736484157585,0.031765736484157585,0.0519353599249174,0.0519353599249174,4.980710638822649,0.02567621342950694,rent,float32_numeric,False,True,0.6002177000045776,2.0,True,0.8389955686853766,0.8626292466765141,0.8389955686853766,0.8183161004431314,4.17725258493353,True,auto_quick_xgb_plus_target_corr
average_house_price_annual_change_lag8q,0.0512872491384553,619,0.01094352587139338,0.01094352587139338,0.008191221243333973,0.008191221243333973,0.5906110321781258,0.442219737369168,house price / housing,float32_numeric,False,True,0.599837601184845,1.0,True,0.5952732644017725,0.4357459379615953,0.5952732644017725,0.8168389955686853,3.2599704579025106,True,auto_quick_xgb_plus_target_corr
homelessness_per_1000_lag2q,0.0794648287046422,4408,-0.016239337927954258,0.016239337927954258,0.0020729204898579153,0.0020729204898579153,1.300727093715679,0.2541358441711448,target history,float32_numeric,False,True,0.5948001742362976,5.0,True,0.691285081240768,0.12998522895125553,0.691285081240768,0.8153618906942393,3.14327917282127,True,auto_quick_xgb_plus_target_corr
unemployment_per_1000_qoq_pct_lag4q,0.6233529292519765,1857,-0.026935668231229927,0.026935668231229927,-0.018383499652300208,0.018383499652300208,3.5801870638421915,0.05853109596846333,unemployment,float32_numeric,False,True,0.5927441120147705,2.0,True,0.8064992614475628,0.6868537666174298,0.8064992614475628,0.8138847858197932,3.927621861152142,True,auto_quick_xgb_plus_target_corr
annual_rent_to_income_lag1q,0.24711129130346646,3672,0.006003067677549894,0.006003067677549894,0.0031500263203092602,0.0031500263203092602,0.17770397090609125,0.673372257148536,rent,float32_numeric,True,True,0.5890291333198547,2.0,True,0.4342688330871492,0.19202363367799113,0.4342688330871492,0.8124076809453471,2.6853766617429837,True,auto_quick_xgb_plus_target_corr
internal_net_migration_lag8q,0.04317859314818569,1252,-0.012591978428409407,0.012591978428409407,-0.0051003963046176125,0.0051003963046176125,0.7819730952045256,0.37658148968945426,migration,float32_numeric,False,True,0.5855498909950256,1.0,True,0.6336779911373708,0.310192023633678,0.6336779911373708,0.810930576070901,3.199409158050222,True,auto_quick_xgb_plus_target_corr
house_sales_volume_qoq_pct_lag4q,0.0512872491384553,4562,0.008934454121321793,0.008934454121321793,-0.011142155004029666,0.011142155004029666,0.3936458863436642,0.5304182185611145,house price / housing,float32_numeric,False,True,0.5847659707069397,2.0,True,0.5406203840472673,0.534711964549483,0.5406203840472673,0.8094534711964549,3.2348596750369274,True,auto_quick_xgb_plus_target_corr
annual_rent_to_income_yoy_pct_lag2q,0.1925805797689033,3983,-0.015468420551549261,0.015468420551549261,-0.009978913316138954,0.009978913316138954,1.1801327741968488,0.2773820686496112,rent,float32_numeric,False,True,0.5833223462104797,8.0,True,0.6838995568685377,0.5007385524372231,0.6838995568685377,0.8079763663220089,3.4844903988183162,True,auto_quick_xgb_plus_target_corr
unemployment_count_yoy_pct_lag4q,0.6233529292519765,1856,-0.006860218115201278,0.006860218115201278,-0.027698225263126774,0.027698225263126774,0.23207656617699718,0.6300097217519923,unemployment,float32_numeric,False,True,0.5790510177612305,3.0,True,0.4741506646971935,0.7680945347119645,0.4741506646971935,0.8064992614475628,3.3293943870014773,True,auto_quick_xgb_plus_target_corr
homelessness_per_1000_lag4q,0.20697344415163188,3786,0.010115200669666737,0.010115200669666737,0.016617674376752985,0.016617674376752985,0.504578157368508,0.4775289893642523,target history,float32_numeric,False,True,0.5747132897377014,3.0,True,0.5716395864106352,0.6646971935007385,0.5716395864106352,0.8050221565731167,3.4180206794682424,True,auto_quick_xgb_plus_target_corr
average_private_rental_price_qoq_pct_lag2q,0.08108655990269613,4285,0.031611652310877106,0.031611652310877106,0.050802930842036124,0.050802930842036124,4.932460337009191,0.026402029182386544,rent,float32_numeric,False,True,0.5737809538841248,4.0,True,0.8360413589364845,0.8552437223042836,0.8360413589364845,0.8035450516986706,4.134416543574593,True,auto_quick_xgb_plus_target_corr
internal_net_migration_lag4q,0.04317859314818569,1261,-0.01340022291346634,0.01340022291346634,-0.014655994551327869,0.014655994551327869,0.8855988418566596,0.34671887183472766,migration,float32_numeric,False,True,0.5616927146911621,3.0,True,0.6469719350073855,0.6336779911373708,0.6469719350073855,0.8020679468242246,3.5317577548005907,True,auto_quick_xgb_plus_target_corr
average_house_price_annual_change_yoy_pct_lag4q,0.052706263936752484,4236,0.003967087906352156,0.003967087906352156,0.03304018768332887,0.03304018768332887,0.07760424633717085,0.7805823845322479,house price / housing,float32_numeric,False,True,0.5585951805114746,2.0,True,0.2998522895125554,0.7961595273264401,0.2998522895125554,0.8005908419497785,2.9970457902511076,True,auto_quick_xgb_plus_target_corr
population_qoq_pct_lag4q,0.04317859314818569,1104,0.09561500382084696,0.09561500382084696,0.17006558665953794,0.17006558665953794,45.496268281621134,1.7051640238106936e-11,population / scale,float32_numeric,False,True,0.5506895184516907,1.0,True,0.9778434268833087,0.9926144756277696,0.9778434268833087,0.7991137370753324,4.546528803545052,True,auto_quick_xgb_plus_target_corr
gbp_index_qoq_pct_lag1q,0.007297790391242651,28,0.09387300596552017,0.09387300596552017,0.13701579151022403,0.13701579151022403,43.8389838164349,3.945205777505315e-11,market / FX,float32_numeric,False,True,0.5499913692474365,2.0,True,0.9763663220088626,0.9807976366322009,0.9763663220088626,0.7976366322008862,4.528803545051699,True,auto_quick_xgb_plus_target_corr
private_rental_price_annual_change_yoy_pct_lag2q,0.08108655990269613,4533,0.001227223401943853,0.001227223401943853,0.01065499884583416,0.01065499884583416,0.007426478244042235,0.9313291994315199,rent,float32_numeric,False,True,0.5433647632598877,1.0,True,0.0930576070901034,0.5140324963072378,0.0930576070901034,0.7961595273264401,2.2924667651403245,True,auto_quick_xgb_plus_target_corr
international_net_migration_lag8q,0.04317859314818569,849,0.009389364243997975,0.009389364243997975,0.0030807568486202696,0.0030807568486202696,0.4347560815959015,0.5096951829605213,migration,float32_numeric,False,True,0.5355119705200195,2.0,True,0.55096011816839,0.18759231905465287,0.55096011816839,0.794682422451994,2.878877400295421,True,auto_quick_xgb_plus_target_corr
private_rental_price_monthly_change_qoq_pct_lag4q,0.08108655990269613,4533,0.013437587292531012,0.013437587292531012,-0.019449006023967253,0.019449006023967253,0.8905453219746908,0.3453758074157986,rent,float32_numeric,False,True,0.5353877544403076,3.0,True,0.6484490398818316,0.7016248153618907,0.6484490398818316,0.793205317577548,3.5849335302806495,True,auto_quick_xgb_plus_target_corr
private_rental_price_monthly_change_yoy_pct_lag8q,0.08108655990269613,4533,0.011839071908306967,0.011839071908306967,-0.01130945716396173,0.01130945716396173,0.6912437154424406,0.40578192634437066,rent,float32_numeric,False,True,0.5345192551612854,5.0,True,0.620384047267356,0.5406203840472673,0.620384047267356,0.7917282127031019,3.3648449039881827,True,auto_quick_xgb_plus_target_corr
average_house_price_monthly_change_qoq_pct_lag4q,0.05980133792823839,2049,0.00390824940575554,0.00390824940575554,0.049462553957074766,0.049462553957074766,0.07531928301999563,0.7837552465372927,house price / housing,float32_numeric,False,True,0.5335420370101929,2.0,True,0.29542097488921715,0.8478581979320532,0.29542097488921715,0.7902511078286558,3.019202363367799,True,auto_quick_xgb_plus_target_corr
internal_net_migration_qoq_pct_lag8q,0.04317859314818569,1101,-0.013798196220151703,0.013798196220151703,0.011817327317549697,0.011817327317549697,0.9389929446151865,0.3325844911527137,migration,float32_numeric,False,True,0.5334396362304688,1.0,True,0.654357459379616,0.552437223042836,0.654357459379616,0.7887740029542097,3.4387001477104873,True,auto_quick_xgb_plus_target_corr
international_net_migration_qoq_pct_lag8q,0.04581390634502331,1054,-0.013993287083992115,0.013993287083992115,-0.03261975267716906,0.03261975267716906,0.965738486584561,0.3257935063738589,migration,float32_numeric,False,True,0.5328251719474792,4.0,True,0.6573116691285081,0.794682422451994,0.6573116691285081,0.7872968980797637,3.6838995568685378,True,auto_quick_xgb_plus_target_corr
private_rental_price_index_lag2q,0.08108655990269613,4532,0.060507082300803386,0.060507082300803386,0.06317472247151504,0.06317472247151504,18.119255191312412,2.1134649853832436e-05,rent,float32_numeric,True,True,0.5189191102981567,1.0,True,0.9261447562776958,0.9084194977843427,0.9261447562776958,0.7858197932053176,4.33234859675037,True,auto_quick_xgb_plus_target_corr
average_private_rental_price_yoy_pct_lag8q,0.08108655990269613,4396,-0.016915086963475837,0.016915086963475837,-0.02360269157496093,0.02360269157496093,1.4112623340026451,0.23490416769335454,rent,float32_numeric,False,True,0.5125172138214111,5.0,True,0.7031019202363368,0.7459379615952733,0.7031019202363368,0.7843426883308715,3.7208271787296896,True,auto_quick_xgb_plus_target_corr
average_house_price_annual_change_qoq_pct_lag8q,0.052300831137239004,3917,0.017092836678139614,0.017092836678139614,0.023929460385544603,0.023929460385544603,1.4410869742646213,0.2300211916082596,house price / housing,float32_numeric,False,True,0.5023881793022156,5.0,True,0.707533234859675,0.7474150664697193,0.707533234859675,0.7828655834564254,3.72821270310192,True,auto_quick_xgb_plus_target_corr
private_rental_price_monthly_change_yoy_pct_lag4q,0.08108655990269613,4533,0.008231255853981224,0.008231255853981224,0.00647846070341389,0.00647846070341389,0.33411550565535625,0.5632721143837354,rent,float32_numeric,False,True,0.4921003580093384,1.0,True,0.5199409158050221,0.3663220088626292,0.5199409158050221,0.7813884785819794,2.968980797636632,True,auto_quick_xgb_plus_target_corr
average_house_price_monthly_change_lag2q,0.0512872491384553,208,0.07601327095090264,0.07601327095090264,0.07814070396108508,0.07814070396108508,28.656984157356604,9.03184336584597e-08,house price / housing,float32_numeric,False,True,0.49070507287979126,8.0,True,0.9615952732644018,0.9409158050221565,0.9615952732644018,0.7799113737075333,4.423929098966027,True,auto_quick_xgb_plus_target_corr
international_net_migration_yoy_pct_lag4q,0.04540847354550983,1374,-0.0036378147794187744,0.0036378147794187744,0.0011904598938959935,0.0011904598938959935,0.06525622037830978,0.7983839169397373,migration,float32_numeric,False,True,0.4904106855392456,1.0,True,0.2688330871491876,0.08124076809453472,0.2688330871491876,0.7784342688330872,2.1757754800590843,True,auto_quick_xgb_plus_target_corr
unemployment_count_lag1q,0.6233529292519765,1681,0.002596848018905843,0.002596848018905843,0.006116269188156955,0.006116269188156955,0.033253012657445916,0.8553123518123419,unemployment,float32_numeric,True,True,0.488629549741745,1.0,True,0.19940915805022155,0.34933530280649927,0.19940915805022155,0.7769571639586411,2.3020679468242244,True,auto_quick_xgb_plus_target_corr
computed_homelessness_rate_per_1000_lag4q,0.23292114332049463,3704,0.012940632862515154,0.012940632862515154,0.007541743414006416,0.007541743414006416,0.8258834582956615,0.3635099912019385,target history,float32_numeric,False,True,0.4855652153491974,6.0,True,0.6410635155096012,0.41285081240768096,0.6410635155096012,0.7754800590841949,3.2459379615952733,True,auto_quick_xgb_plus_target_corr
private_rental_price_annual_change_yoy_pct_lag4q,0.08108655990269613,4533,0.014904094550799492,0.014904094550799492,0.024986080636842573,0.024986080636842573,1.095576424143606,0.2952902513290474,rent,float32_numeric,False,True,0.48418259620666504,2.0,True,0.6794682422451994,0.7518463810930576,0.6794682422451994,0.7740029542097489,3.658788774002954,True,auto_quick_xgb_plus_target_corr
private_rental_price_monthly_change_yoy_pct_lag2q,0.08108655990269613,4533,0.012425205020802356,0.012425205020802356,0.031333108119810854,0.031333108119810854,0.7613935326666378,0.38293525830310865,rent,float32_numeric,False,True,0.47700175642967224,5.0,True,0.6307237813884786,0.7872968980797637,0.6307237813884786,0.7725258493353028,3.5937961595273267,True,auto_quick_xgb_plus_target_corr
log1p_unemployment_per_1000_lag4q,0.6233529292519765,1856,0.012166273264743817,0.012166273264743817,0.016403772923546795,0.016403772923546795,0.7299858207985045,0.392929290559688,unemployment,float32_numeric,True,True,0.4683493673801422,3.0,True,0.6248153618906942,0.6595273264401772,0.6248153618906942,0.7710487444608567,3.451255539143279,True,auto_quick_xgb_plus_target_corr
internal_net_migration_qoq_pct_lag4q,0.04317859314818569,1101,0.02100032071887503,0.02100032071887503,-0.054331797844335596,0.054331797844335596,2.1755968895619056,0.14027894872688954,migration,float32_numeric,False,True,0.4654412269592285,1.0,True,0.7621861152141802,0.8759231905465288,0.7621861152141802,0.7695716395864106,3.9394387001477105,True,auto_quick_xgb_plus_target_corr
house_price_index_lag2q,0.0512872491384553,927,0.06661246265993809,0.06661246265993809,0.06992761681618732,0.06992761681618732,21.97745150690324,2.8330993014640774e-06,house price / housing,float32_numeric,True,True,0.4604017734527588,1.0,True,0.9423929098966026,0.9254062038404727,0.9423929098966026,0.7680945347119645,4.346381093057607,True,auto_quick_xgb_plus_target_corr
average_house_price_annual_change_yoy_pct_lag2q,0.052706263936752484,4249,-0.017722888740985213,0.017722888740985213,0.05625738064594304,0.05625738064594304,1.549317614318644,0.2132953619531701,house price / housing,float32_numeric,False,True,0.45543527603149414,1.0,True,0.7178729689807977,0.8833087149187593,0.7178729689807977,0.7666174298375185,3.8522895125553918,True,auto_quick_xgb_plus_target_corr
population_yoy_pct_lag1q,0.04317859314818569,1435,0.01854327056565773,0.01854327056565773,0.032529342501719176,0.032529342501719176,1.6961217837759575,0.19285677016409183,population / scale,float32_numeric,False,True,0.4527100622653961,1.0,True,0.725258493353028,0.793205317577548,0.725258493353028,0.7651403249630724,3.774002954209749,True,auto_quick_xgb_plus_target_corr
log1p_private_rental_price_index_lag1q,0.08108655990269613,4502,0.06688541240522529,0.06688541240522529,0.06959789638547903,0.06959789638547903,22.15874016814443,2.578865397022618e-06,rent,float32_numeric,True,True,0.4524008631706238,2.0,True,0.9453471196454948,0.9217134416543574,0.9453471196454948,0.7636632200886263,4.3397341211226,True,auto_quick_xgb_plus_target_corr
income_yoy_pct_lag1q,0.2152848165416582,1142,0.05577730704856223,0.05577730704856223,0.05786393419647655,0.05786393419647655,15.388749518672672,8.869769838520249e-05,income / affordability,float32_numeric,False,True,0.4435874819755554,1.0,True,0.9069423929098966,0.8921713441654358,0.9069423929098966,0.7621861152141802,4.2304283604135895,True,auto_quick_xgb_plus_target_corr
house_price_index_yoy_pct_lag2q,0.0512872491384553,4610,0.06158424357306596,0.06158424357306596,0.0735191170265598,0.0735191170265598,18.772601895124225,1.5019552731307765e-05,house price / housing,float32_numeric,False,True,0.4430176615715027,2.0,True,0.9350073855243722,0.930576070901034,0.9350073855243722,0.7607090103397341,4.3220088626292466,True,auto_quick_xgb_plus_target_corr
average_house_price_qoq_pct_lag8q,0.0512872491384553,4680,0.008909198567296425,0.008909198567296425,0.004858827057782202,0.004858827057782202,0.3914233708067193,0.5315811195292961,house price / housing,float32_numeric,False,True,0.436807245016098,1.0,True,0.5361890694239291,0.2983751846381093,0.5361890694239291,0.7592319054652881,2.8892171344165436,True,auto_quick_xgb_plus_target_corr
average_house_price_monthly_change_qoq_pct_lag1q,0.05959862152848165,2082,-0.004532344121843493,0.004532344121843493,0.02187007741837697,0.02187007741837697,0.1012953891349618,0.7502940980289902,house price / housing,float32_numeric,False,True,0.4352726936340332,2.0,True,0.3308714918759232,0.7355982274741507,0.3308714918759232,0.757754800590842,2.9128508124076813,True,auto_quick_xgb_plus_target_corr
income_yoy_pct_lag4q,0.04317859314818569,1432,0.027931179816203106,0.027931179816203106,0.04023862492336132,0.04023862492336132,3.849927147783653,0.04980431314852791,income / affordability,float32_numeric,False,True,0.4221511781215668,4.0,True,0.8124076809453471,0.8197932053175776,0.8124076809453471,0.7562776957163959,3.957163958641064,True,auto_quick_xgb_plus_target_corr
average_house_price_monthly_change_qoq_pct_lag8q,0.06101763632677883,1896,-0.0053623106736768135,0.0053623106736768135,0.0007957162470859712,0.0007957162470859712,0.14179190401531805,0.7065222773938978,house price / housing,float32_numeric,False,True,0.4033571481704712,1.0,True,0.3825701624815362,0.056129985228951254,0.3825701624815362,0.7548005908419497,2.3308714918759232,True,auto_quick_xgb_plus_target_corr
brent_oil_price_qoq_pct_lag8q,0.03790796675451044,23,-0.01006984992852714,0.01006984992852714,0.010827525085643771,0.010827525085643771,0.5000633657262505,0.47950569781802366,oil / energy proxy,float32_numeric,False,True,0.38921403884887695,1.0,True,0.5701624815361891,0.5243722304283605,0.5701624815361891,0.7533234859675036,3.1713441654357455,True,auto_quick_xgb_plus_target_corr
homelessness_total_assessments_lag4q,0.20616257855260492,776,0.014872208024597365,0.014872208024597365,0.01101424991651622,0.01101424991651622,1.090892546617856,0.2963247329244438,target history,float32_numeric,False,True,0.36770278215408325,1.0,True,0.6765140324963073,0.5280649926144756,0.6765140324963073,0.7518463810930576,3.3847858197932053,True,auto_quick_xgb_plus_target_corr
homelessness_relief_lag8q,0.4443543482667748,455,0.012165880593005881,0.012165880593005881,-0.00654749454053345,0.00654749454053345,0.7299386933657852,0.39294456558451724,target history,float32_numeric,False,True,0.3644104599952698,1.0,True,0.6233382570162481,0.3700147710487445,0.6233382570162481,0.7503692762186115,3.117429837518464,True,auto_quick_xgb_plus_target_corr
private_rental_price_annual_change_yoy_pct_lag1q,0.08108655990269613,4533,-0.020420909757838845,0.020420909757838845,0.015020646060036022,0.015020646060036022,2.057151701515602,0.15155652471805914,rent,float32_numeric,False,True,0.3625565767288208,1.0,True,0.7562776957163959,0.6425406203840472,0.7562776957163959,0.7488921713441654,3.65288035450517,True,auto_quick_xgb_plus_target_corr
gbp_index_yoy_pct_lag1q,0.023109669572268395,25,-0.008135140145701082,0.008135140145701082,-0.030007141365863216,0.030007141365863216,0.32635766960830725,0.5678377721783988,market / FX,float32_numeric,False,True,0.3367908000946045,1.0,True,0.51698670605613,0.7858197932053176,0.51698670605613,0.7474150664697193,3.3146233382570163,True,auto_quick_xgb_plus_target_corr
unemployment_count_yoy_pct_lag8q,0.6233529292519765,1853,0.022826306848005677,0.022826306848005677,0.014250544034182128,0.014250544034182128,2.570589022413877,0.10893123488659776,unemployment,float32_numeric,False,True,0.3143014907836914,1.0,True,0.7828655834564254,0.6248153618906942,0.7828655834564254,0.7459379615952733,3.682422451994092,True,auto_quick_xgb_plus_target_corr
average_private_rental_price_yoy_pct_lag4q,0.08108655990269613,4422,0.020049993958732748,0.020049993958732748,0.018835312170386333,0.018835312170386333,1.98307033169228,0.15913037027827565,rent,float32_numeric,False,True,0.29033732414245605,1.0,True,0.7474150664697193,0.6957163958641064,0.7474150664697193,0.7444608567208272,3.679468242245199,True,auto_quick_xgb_plus_target_corr
unemployment_per_1000_qoq_pct_lag2q,0.6233529292519765,1857,-0.061563842251820065,0.061563842251820065,-0.01858057129496923,0.01858057129496923,18.760118855267233,1.5117810237182334e-05,unemployment,float32_numeric,False,True,0.28871166706085205,1.0,True,0.9320531757754801,0.691285081240768,0.9320531757754801,0.7429837518463811,4.041358936484491,True,auto_quick_xgb_plus_target_corr
private_rental_price_index_yoy_pct_lag1q,0.08108655990269613,4533,0.043946300193411544,0.043946300193411544,0.048273483064258174,0.048273483064258174,9.541555759751612,0.0020198930997903943,rent,float32_numeric,False,True,0.2790130078792572,2.0,True,0.8729689807976366,0.8419497784342689,0.8729689807976366,0.741506646971935,4.070901033973412,True,auto_quick_xgb_plus_target_corr
international_net_migration_yoy_pct_lag8q,0.04642205554429353,1365,0.003526711579672446,0.003526711579672446,0.025227591082664397,0.025227591082664397,0.061331034722588364,0.8044147319736846,migration,float32_numeric,False,True,0.2540518641471863,2.0,True,0.26292466765140327,0.7533234859675036,0.26292466765140327,0.740029542097489,2.7592319054652883,True,auto_quick_xgb_plus_target_corr
computed_homelessness_rate_per_1000_lag8q,0.34765862558280963,3173,0.011829921580036424,0.011829921580036424,0.00426554069202669,0.00426554069202669,0.6901754648889628,0.4061449274020037,target history,float32_numeric,False,True,0.2508027255535126,1.0,True,0.6189069423929099,0.2621861152141802,0.6189069423929099,0.7385524372230429,2.977104874446086,True,auto_quick_xgb_plus_target_corr
house_price_to_income_yoy_pct_lag8q,0.0512872491384553,4680,0.02080543273155876,0.02080543273155876,0.01737620440955228,0.01737620440955228,2.1353867359692753,0.14399787598432745,house price / housing,float32_numeric,False,True,0.24520713090896606,1.0,True,0.757754800590842,0.6750369276218612,0.757754800590842,0.7370753323485968,3.664697193500739,True,auto_quick_xgb_plus_target_corr
house_price_to_income_lag1q,0.2227853233326576,3833,0.01471334035636492,0.01471334035636492,0.013603307111331729,0.013603307111331729,1.0677057771772025,0.3015149062477201,house price / housing,float32_numeric,True,True,0.23663371801376343,2.0,True,0.672082717872969,0.6011816838995568,0.672082717872969,0.7355982274741507,3.4165435745937964,True,auto_quick_xgb_plus_target_corr
house_sales_volume_yoy_pct_lag2q,0.0512872491384553,4581,-0.003710511562984531,0.003710511562984531,0.033482920762896426,0.033482920762896426,0.06789043017552131,0.7944443229925261,house price / housing,float32_numeric,False,True,0.2005985975265503,1.0,True,0.2717872968980798,0.7976366322008862,0.2717872968980798,0.7341211225997046,2.809453471196455,True,auto_quick_xgb_plus_target_corr
internal_net_migration_lag2q,0.04378674234745591,1279,-0.007749673759356208,0.007749673759356208,-0.0032065394741705587,0.0032065394741705587,0.2961610399641826,0.5863237798713617,migration,float32_numeric,False,True,0.19540029764175415,2.0,True,0.49926144756277696,0.19940915805022155,0.49926144756277696,0.7326440177252584,2.6632200886262924,True,auto_quick_xgb_plus_target_corr
population_qoq_pct_lag8q,0.04317859314818569,1103,0.11715142232447505,0.11715142232447505,0.15306131408591675,0.15306131408591675,68.61702260695229,1.5251501773334027e-16,population / scale,float32_numeric,False,True,0.0,0.0,False,0.983751846381093,0.983751846381093,0.983751846381093,0.3663220088626292,3.6838995568685373,True,auto_quick_xgb_plus_target_corr
year,0.0,5,0.1166251781236053,0.1166251781236053,0.1280144575402299,0.1280144575402299,67.99347062810895,2.0833693341370313e-16,time / policy,int16_time,False,True,0.0,0.0,False,0.982274741506647,0.9793205317577548,0.982274741506647,0.3663220088626292,3.676514032496307,True,auto_quick_xgb_plus_target_corr
uk_bank_rate_qoq_pct_lag4q,0.022501520372998175,11,0.10389483045769292,0.10389483045769292,0.014900081366689494,0.014900081366689494,53.80668022229349,2.57304740895678e-13,interest rate,float32_numeric,False,True,0.0,0.0,False,0.9807976366322009,0.6410635155096012,0.9807976366322009,0.3663220088626292,3.3353028064992616,True,auto_quick_xgb_plus_target_corr
lad_E09000018,0.0,2,0.0917858383976876,0.0917858383976876,0.024628228725358723,0.024628228725358723,41.8948495133022,1.0566865115162703e-10,LAD fixed effect,int8_dummy,False,True,0.0,0.0,False,0.9748892171344166,0.7503692762186115,0.9748892171344166,0.3663220088626292,3.4327917282127025,True,auto_quick_xgb_plus_target_corr
population_qoq_pct_lag1q,0.04378674234745591,1108,-0.08949151442149288,0.08949151442149288,-0.14186735039767745,0.14186735039767745,39.809879943391024,3.044242092241862e-10,population / scale,float32_numeric,False,True,0.0,0.0,False,0.9734121122599705,0.982274741506647,0.9734121122599705,0.3663220088626292,3.6617429837518465,True,auto_quick_xgb_plus_target_corr
cpi_00_all_items_qoq_pct_lag4q,0.022501520372998175,25,-0.08615640653958699,0.08615640653958699,-0.11694583459851762,0.11694583459851762,36.87617918184344,1.353103887843352e-09,CPI total,float32_numeric,False,True,0.0,0.0,False,0.9719350073855244,0.9734121122599705,0.9719350073855244,0.3663220088626292,3.649926144756278,True,auto_quick_xgb_plus_target_corr
cost_of_living_shock_2022plus,0.0,2,0.08395623731721069,0.08395623731721069,0.09309595073597647,0.09309595073597647,35.00362034821393,3.513079285579191e-09,time / policy,int8_binary,False,True,0.0,0.0,False,0.9704579025110783,0.9615952732644018,0.9704579025110783,0.3663220088626292,3.6351550960118173,True,auto_quick_xgb_plus_target_corr
income_qoq_pct_lag1q,0.2152848165416582,831,-0.07954506311688417,0.07954506311688417,-0.11273636398311179,0.11273636398311179,31.399169192790115,2.2148435253043864e-08,income / affordability,float32_numeric,False,True,0.0,0.0,False,0.96602658788774,0.9704579025110783,0.96602658788774,0.3663220088626292,3.6351550960118164,True,auto_quick_xgb_plus_target_corr
quarter_index,0.0,17,0.0745240633372912,0.0745240633372912,0.0790020209122635,0.0790020209122635,27.538911997681712,1.6041779706439026e-07,time / policy,int16_time,True,True,0.0,0.0,False,0.9556868537666174,0.9453471196454948,0.9556868537666174,0.3663220088626292,3.5893648449039883,True,auto_quick_xgb_plus_target_corr
uk_bank_rate_yoy_pct_lag1q,0.023109669572268395,16,0.07191547894018821,0.07191547894018821,0.06258877902684762,0.06258877902684762,25.634903383335544,4.27526766742547e-07,interest rate,float32_numeric,False,True,0.0,0.0,False,0.9527326440177253,0.9039881831610044,0.9527326440177253,0.3663220088626292,3.542097488921713,True,auto_quick_xgb_plus_target_corr
population_qoq_pct_lag2q,0.04378674234745591,1114,0.06939278575178431,0.06939278575178431,0.11454980299788806,0.11454980299788806,23.859425513237646,1.0691162706086239e-06,population / scale,float32_numeric,False,True,0.0,0.0,False,0.9512555391432792,0.9719350073855244,0.9512555391432792,0.3663220088626292,3.607090103397341,True,auto_quick_xgb_plus_target_corr
house_price_index_lag1q,0.0512872491384553,913,0.06870949352169924,0.06870949352169924,0.07281406746840045,0.07281406746840045,23.389646270899966,1.3631438797716152e-06,house price / housing,float32_numeric,True,True,0.0,0.0,False,0.9497784342688331,0.9283604135893648,0.9497784342688331,0.3663220088626292,3.5605612998522895,True,auto_quick_xgb_plus_target_corr
log1p_house_price_index_lag1q,0.0512872491384553,913,0.06780368557469395,0.06780368557469395,0.07281406746840045,0.07281406746840045,22.77418310084078,1.8746083728159594e-06,house price / housing,float32_numeric,True,True,0.0,0.0,False,0.948301329394387,0.9283604135893648,0.948301329394387,0.3663220088626292,3.5576070901033976,True,auto_quick_xgb_plus_target_corr
log1p_cpi_00_all_items_lag1q,0.000608149199270221,28,0.06758514646944751,0.06758514646944751,0.07852787661400816,0.07852787661400816,22.626939476972783,2.0231892318990983e-06,CPI total,float32_numeric,True,True,0.0,0.0,False,0.946824224519941,0.9431314623338257,0.946824224519941,0.3663220088626292,3.569423929098966,True,auto_quick_xgb_plus_target_corr
cpi_00_all_items_lag1q,0.000608149199270221,28,0.0667364912481761,0.0667364912481761,0.07852787661400816,0.07852787661400816,22.059735683514443,2.7147292205052955e-06,CPI total,float32_numeric,True,True,0.0,0.0,False,0.9438700147710487,0.9431314623338257,0.9438700147710487,0.3663220088626292,3.5635155096011815,True,auto_quick_xgb_plus_target_corr
cpi_00_all_items_yoy_pct_lag1q,0.023109669572268395,25,0.06656321613615138,0.06656321613615138,0.06016586648688085,0.06016586648688085,21.94482314004498,2.8814590270087003e-06,CPI total,float32_numeric,False,True,0.0,0.0,False,0.9409158050221565,0.8995568685376661,0.9409158050221565,0.3663220088626292,3.5140324963072374,True,auto_quick_xgb_plus_target_corr
log1p_house_price_index_lag2q,0.0512872491384553,927,0.06627832413342531,0.06627832413342531,0.06992761681618732,0.06992761681618732,21.756549452273013,3.1771413317013646e-06,house price / housing,float32_numeric,True,True,0.0,0.0,False,0.9394387001477105,0.9254062038404727,0.9394387001477105,0.3663220088626292,3.5369276218611523,True,auto_quick_xgb_plus_target_corr
private_rental_price_index_lag1q,0.08108655990269613,4532,0.06593033991518599,0.06593033991518599,0.0695983243241459,0.0695983243241459,21.52769553206025,3.5778785582308055e-06,rent,float32_numeric,True,True,0.0,0.0,False,0.9379615952732644,0.9231905465288035,0.9379615952732644,0.3663220088626292,3.5317577548005907,True,auto_quick_xgb_plus_target_corr
house_price_index_lag4q,0.0512872491384553,961,0.057034998414909575,0.057034998414909575,0.055218330955817546,0.055218330955817546,16.092848731681666,6.120431845810325e-05,house price / housing,float32_numeric,True,True,0.0,0.0,False,0.914327917282127,0.879615952732644,0.914327917282127,0.3663220088626292,3.440915805022156,True,auto_quick_xgb_plus_target_corr
log1p_house_price_index_lag4q,0.0512872491384553,961,0.05703302214291181,0.05703302214291181,0.055218330955817546,0.055218330955817546,16.09172987189879,6.124037139674322e-05,house price / housing,float32_numeric,True,True,0.0,0.0,False,0.912850812407681,0.879615952732644,0.912850812407681,0.3663220088626292,3.437961595273264,True,auto_quick_xgb_plus_target_corr
private_rental_price_index_lag4q,0.08108655990269613,4531,0.05646653494102382,0.05646653494102382,0.057675171893043636,0.057675171893043636,15.77263400450014,7.244609362849235e-05,rent,float32_numeric,True,True,0.0,0.0,False,0.9098966026587888,0.8877400295420975,0.9098966026587888,0.3663220088626292,3.4401772525849337,True,auto_quick_xgb_plus_target_corr
cpi_00_all_items_yoy_pct_lag8q,0.04946280154064464,20,-0.05630881607929012,0.05630881607929012,-0.07675203905333841,0.07675203905333841,15.684366882051235,7.589536066183166e-05,CPI total,float32_numeric,False,True,0.0,0.0,False,0.9084194977843427,0.9394387001477105,0.9084194977843427,0.3663220088626292,3.4889217134416546,True,auto_quick_xgb_plus_target_corr
private_rental_price_index_qoq_pct_lag1q,0.08108655990269613,4533,0.055554986136314086,0.055554986136314086,0.061175347210962044,0.061175347210962044,15.265939958376505,9.463599516619178e-05,rent,float32_numeric,False,True,0.0,0.0,False,0.9054652880354506,0.9025110782865583,0.9054652880354506,0.3663220088626292,3.4460856720827175,True,auto_quick_xgb_plus_target_corr
uk_bank_rate_yoy_pct_lag8q,0.04946280154064464,11,-0.053812975894526126,0.053812975894526126,-0.0759031189916806,0.0759031189916806,14.320839972582796,0.00015597794947900422,interest rate,float32_numeric,False,True,0.0,0.0,False,0.8995568685376661,0.9379615952732644,0.8995568685376661,0.3663220088626292,3.469719350073855,True,auto_quick_xgb_plus_target_corr
uk_bank_rate_yoy_pct_lag2q,0.027772146766673424,15,0.053063649370618346,0.053063649370618346,0.029427493600771876,0.029427493600771876,13.923673206754907,0.00019252759400645278,interest rate,float32_numeric,False,True,0.0,0.0,False,0.8980797636632201,0.7799113737075333,0.8980797636632201,0.3663220088626292,3.3087149187592315,True,auto_quick_xgb_plus_target_corr
brent_oil_price_lag1q,0.000608149199270221,30,0.052996863424966845,0.052996863424966845,0.06824831244006274,0.06824831244006274,13.888547918270344,0.0001961489935946435,oil / energy proxy,float32_numeric,True,True,0.0,0.0,False,0.896602658788774,0.9194977843426884,0.896602658788774,0.3663220088626292,3.4453471196454943,True,auto_quick_xgb_plus_target_corr
uk_bank_rate_qoq_pct_lag2q,0.01277113318467464,13,0.05213176179989791,0.05213176179989791,0.039693858869744636,0.039693858869744636,13.437599863015416,0.0002492261672056365,interest rate,float32_numeric,False,True,0.0,0.0,False,0.8936484490398818,0.8183161004431314,0.8936484490398818,0.3663220088626292,3.3382570162481535,True,auto_quick_xgb_plus_target_corr
gbp_index_lag1q,0.000608149199270221,29,0.05169484719114413,0.05169484719114413,0.07907851853176424,0.07907851853176424,13.21270254312417,0.0002808925798891975,market / FX,float32_numeric,False,True,0.0,0.0,False,0.8921713441654358,0.9497784342688331,0.8921713441654358,0.3663220088626292,3.466765140324963,True,auto_quick_xgb_plus_target_corr
private_rental_price_index_lag8q,0.08108655990269613,4531,0.049493731664619935,0.049493731664619935,0.04939287863905116,0.04939287863905116,12.108784973267804,0.0005061918907955544,rent,float32_numeric,True,True,0.0,0.0,False,0.8892171344165436,0.844903988183161,0.8892171344165436,0.3663220088626292,3.355982274741507,True,auto_quick_xgb_plus_target_corr
cpi_00_all_items_lag2q,0.006689641191972431,27,0.04616803007055428,0.04616803007055428,0.07907816083773352,0.07907816083773352,10.532812953811023,0.0011805670390204435,CPI total,float32_numeric,True,True,0.0,0.0,False,0.8759231905465288,0.947562776957164,0.8759231905465288,0.3663220088626292,3.43205317577548,True,auto_quick_xgb_plus_target_corr
brent_oil_price_qoq_pct_lag4q,0.022501520372998175,26,0.045077481402798526,0.045077481402798526,0.09882593038409322,0.09882593038409322,10.04009133240934,0.0015410580093950946,oil / energy proxy,float32_numeric,False,True,0.0,0.0,False,0.8744460856720827,0.9645494830132939,0.8744460856720827,0.3663220088626292,3.4460856720827175,True,auto_quick_xgb_plus_target_corr
brent_oil_price_yoy_pct_lag1q,0.023109669572268395,25,0.043227346141655396,0.043227346141655396,0.07583859110066149,0.07583859110066149,9.231333335254833,0.0023915447501511073,oil / energy proxy,float32_numeric,False,True,0.0,0.0,False,0.8670605612998523,0.9364844903988183,0.8670605612998523,0.3663220088626292,3.4032496307237814,True,auto_quick_xgb_plus_target_corr
gbp_index_lag8q,0.03425907155888912,24,0.03912494320749227,0.03912494320749227,0.04383673158258109,0.04383673158258109,7.559755563695852,0.0059903580572963,market / FX,float32_numeric,False,True,0.0,0.0,False,0.8581979320531757,0.8242245199409158,0.8581979320531757,0.3663220088626292,3.2732644017725256,True,auto_quick_xgb_plus_target_corr
ftse_100_lag4q,0.01763632677883641,27,-0.03842034740748703,0.03842034740748703,-0.015512916922833062,0.015512916922833062,7.289523214570675,0.006959461227990756,market / FX,float32_numeric,False,True,0.0,0.0,False,0.8567208271787297,0.6469719350073855,0.8567208271787297,0.3663220088626292,3.0930576070901035,True,auto_quick_xgb_plus_target_corr
brent_oil_price_lag8q,0.03425907155888912,24,-0.038396308156705444,0.038396308156705444,-0.05086238712078828,0.05086238712078828,7.280390631873064,0.006994877854306132,oil / energy proxy,float32_numeric,True,True,0.0,0.0,False,0.8552437223042836,0.8574593796159528,0.8552437223042836,0.3663220088626292,3.300590841949778,True,auto_quick_xgb_plus_target_corr
brent_oil_price_yoy_pct_lag4q,0.03486722075815934,23,0.03760089849317062,0.03760089849317062,0.027358575409387603,0.027358575409387603,6.981454307873232,0.008261884624312236,oil / energy proxy,float32_numeric,False,True,0.0,0.0,False,0.8537666174298375,0.7666174298375185,0.8537666174298375,0.3663220088626292,3.2067946824224514,True,auto_quick_xgb_plus_target_corr
log1p_cpi_00_all_items_lag8q,0.03425907155888912,22,0.03712413322355032,0.03712413322355032,0.06616372262448642,0.06616372262448642,6.805289512761548,0.009116255120177809,CPI total,float32_numeric,True,True,0.0,0.0,False,0.8522895125553914,0.9165435745937962,0.8522895125553914,0.3663220088626292,3.3537666174298373,True,auto_quick_xgb_plus_target_corr
house_price_index_lag8q,0.0512872491384553,867,0.03685556578580847,0.03685556578580847,0.03546644764758923,0.03546644764758923,6.7070490929258195,0.009631496395830665,house price / housing,float32_numeric,True,True,0.0,0.0,False,0.8508124076809453,0.8028064992614475,0.8508124076809453,0.3663220088626292,3.2370753323485966,True,auto_quick_xgb_plus_target_corr
cpi_00_all_items_lag8q,0.03425907155888912,22,0.03625731212055434,0.03625731212055434,0.06616372262448642,0.06616372262448642,6.490789259865782,0.01087357120424197,CPI total,float32_numeric,True,True,0.0,0.0,False,0.8478581979320532,0.9165435745937962,0.8478581979320532,0.3663220088626292,3.3449039881831606,True,auto_quick_xgb_plus_target_corr
log1p_brent_oil_price_lag8q,0.03425907155888912,24,-0.03575764966613415,0.03575764966613415,-0.05086238712078828,0.05086238712078828,6.312895219904613,0.012017957162791556,oil / energy proxy,float32_numeric,True,True,0.0,0.0,False,0.8463810930576071,0.8574593796159528,0.8463810930576071,0.3663220088626292,3.2828655834564255,True,auto_quick_xgb_plus_target_corr
brent_oil_price_qoq_pct_lag2q,0.01277113318467464,28,-0.03487406698925464,0.03487406698925464,-0.019572448261106434,0.019572448261106434,6.004387443318615,0.014304854225392901,oil / energy proxy,float32_numeric,False,True,0.0,0.0,False,0.8404726735598228,0.7045790251107829,0.8404726735598228,0.3663220088626292,3.118168389955687,True,auto_quick_xgb_plus_target_corr
house_price_to_income_qoq_pct_lag2q,0.1664301642002838,4112,0.03162370280841115,0.03162370280841115,0.05245053962247547,0.05245053962247547,4.936225369130663,0.02634463316046474,house price / housing,float32_numeric,False,True,0.0,0.0,False,0.8375184638109305,0.8641063515509602,0.8375184638109305,0.3663220088626292,3.2717872968980792,True,auto_quick_xgb_plus_target_corr
log1p_cpi_00_all_items_lag4q,0.01763632677883641,25,0.03145710576703518,0.03145710576703518,0.06470086846052293,0.06470086846052293,4.88430185943532,0.02714775706996259,CPI total,float32_numeric,True,True,0.0,0.0,False,0.8330871491875923,0.9121122599704579,0.8330871491875923,0.3663220088626292,3.310930576070901,True,auto_quick_xgb_plus_target_corr
private_rental_price_index_yoy_pct_lag2q,0.08108655990269613,4533,0.03116106869928626,0.03116106869928626,0.03925510992547817,0.03925510992547817,4.79271495514139,0.028627061435656014,rent,float32_numeric,False,True,0.0,0.0,False,0.8316100443131462,0.8168389955686853,0.8316100443131462,0.3663220088626292,3.212703101920236,True,auto_quick_xgb_plus_target_corr
cpi_00_all_items_lag4q,0.01763632677883641,25,0.03031406820649816,0.03031406820649816,0.06470086846052293,0.06470086846052293,4.535474448948647,0.03324864032378964,CPI total,float32_numeric,True,True,0.0,0.0,False,0.8242245199409158,0.9121122599704579,0.8242245199409158,0.3663220088626292,3.2932053175775478,True,auto_quick_xgb_plus_target_corr
brent_oil_price_lag2q,0.006689641191972431,29,0.029908796726984904,0.029908796726984904,0.03658147605630772,0.03658147605630772,4.414906909590518,0.03567684895911566,oil / energy proxy,float32_numeric,True,True,0.0,0.0,False,0.8227474150664698,0.808714918759232,0.8227474150664698,0.3663220088626292,3.18685376661743,True,auto_quick_xgb_plus_target_corr
uk_bank_rate_lag1q,0.000608149199270221,14,0.02963437003404336,0.02963437003404336,0.026561432869183943,0.026561432869183943,4.334190188346532,0.03740562955569553,interest rate,float32_numeric,True,True,0.0,0.0,False,0.8212703101920237,0.7621861152141802,0.8212703101920237,0.3663220088626292,3.137370753323486,True,auto_quick_xgb_plus_target_corr
unemployment_per_1000_qoq_pct_lag1q,0.6233529292519765,1858,0.028578210756330387,0.028578210756330387,-0.052546966633346424,0.052546966633346424,4.030509148967028,0.04473891205778259,unemployment,float32_numeric,False,True,0.0,0.0,False,0.8168389955686853,0.8655834564254062,0.8168389955686853,0.3663220088626292,3.231905465288035,True,auto_quick_xgb_plus_target_corr
unemployment_per_1000_lag8q,0.6233529292519765,1854,0.02822969984259199,0.02822969984259199,0.0357926415262446,0.0357926415262446,3.9327266178246014,0.04741049661918819,unemployment,float32_numeric,True,True,0.0,0.0,False,0.8153618906942393,0.8057607090103397,0.8153618906942393,0.3663220088626292,3.1691285081240768,True,auto_quick_xgb_plus_target_corr
log1p_brent_oil_price_lag2q,0.006689641191972431,29,0.02802943912718746,0.02802943912718746,0.03658147605630772,0.03658147605630772,3.877083504882584,0.04900542968764182,oil / energy proxy,float32_numeric,True,True,0.0,0.0,False,0.8138847858197932,0.808714918759232,0.8138847858197932,0.3663220088626292,3.1691285081240768,True,auto_quick_xgb_plus_target_corr
ftse_100_yoy_pct_lag4q,0.03486722075815934,23,0.02770553686546622,0.02770553686546622,0.019785406827388455,0.019785406827388455,3.787927288444219,0.05168026400018884,market / FX,float32_numeric,False,True,0.0,0.0,False,0.810930576070901,0.707533234859675,0.810930576070901,0.3663220088626292,3.062038404726736,True,auto_quick_xgb_plus_target_corr
brent_oil_price_yoy_pct_lag8q,0.04946280154064464,20,-0.026703169790202933,0.026703169790202933,-0.025570573053116993,0.025570573053116993,3.518604267534311,0.06074256405007466,oil / energy proxy,float32_numeric,False,True,0.0,0.0,False,0.8050221565731167,0.7548005908419497,0.8050221565731167,0.3663220088626292,3.097488921713442,True,auto_quick_xgb_plus_target_corr
uk_bank_rate_qoq_pct_lag8q,0.03790796675451044,10,-0.026043786539540793,0.026043786539540793,-0.04680676076993923,0.04680676076993923,3.3468629544374013,0.06739357096521058,interest rate,float32_numeric,False,True,0.0,0.0,False,0.7976366322008862,0.8375184638109305,0.7976366322008862,0.3663220088626292,3.1654357459379616,True,auto_quick_xgb_plus_target_corr
log1p_unemployment_per_1000_lag8q,0.6233529292519765,1854,0.02407207565712774,0.02407207565712774,0.0357926415262446,0.0357926415262446,2.8589977478210384,0.09092729497015314,unemployment,float32_numeric,True,True,0.0,0.0,False,0.7917282127031019,0.8057607090103397,0.7917282127031019,0.3663220088626292,3.1218611521418023,True,auto_quick_xgb_plus_target_corr
ftse_100_lag2q,0.006689641191972431,29,-0.023984260245477475,0.023984260245477475,-0.024254256547325513,0.024254256547325513,2.8381644497544336,0.09211259286487414,market / FX,float32_numeric,False,True,0.0,0.0,False,0.7902511078286558,0.7488921713441654,0.7902511078286558,0.3663220088626292,3.062038404726735,True,auto_quick_xgb_plus_target_corr
uk_bank_rate_yoy_pct_lag4q,0.03486722075815934,12,0.023088021641834097,0.023088021641834097,-0.015701751277108916,0.015701751277108916,2.6299046898081695,0.10493194112080162,interest rate,float32_numeric,False,True,0.0,0.0,False,0.7872968980797637,0.6514032496307238,0.7872968980797637,0.3663220088626292,2.9586410635155094,True,auto_quick_xgb_plus_target_corr
average_house_price_lag2q,0.0512872491384553,4673,0.0227801202174346,0.0227801202174346,0.01645612381944281,0.01645612381944281,2.5601915181932258,0.1096493697661243,house price / housing,float32_numeric,True,True,0.0,0.0,False,0.7799113737075333,0.6624815361890695,0.7799113737075333,0.3663220088626292,2.9549483013293942,True,auto_quick_xgb_plus_target_corr
average_private_rental_price_lag1q,0.08108655990269613,2451,0.02275031900209365,0.02275031900209365,0.013972334747570717,0.013972334747570717,2.5534938892148578,0.11011471746641724,rent,float32_numeric,True,True,0.0,0.0,False,0.7784342688330872,0.619645494830133,0.7784342688330872,0.3663220088626292,2.909158050221566,True,auto_quick_xgb_plus_target_corr
gbp_index_lag2q,0.006689641191972431,28,-0.022461375624148107,0.022461375624148107,-0.018298777043947737,0.018298777043947737,2.489011289914538,0.11470787012430997,market / FX,float32_numeric,False,True,0.0,0.0,False,0.7754800590841949,0.6838995568685377,0.7754800590841949,0.3663220088626292,2.967503692762186,True,auto_quick_xgb_plus_target_corr
log1p_income_lag4q,0.04317859314818569,1370,0.022345696106463413,0.022345696106463413,0.021486726265074012,0.021486726265074012,2.4634269564617797,0.11658846918217063,income / affordability,float32_numeric,True,True,0.0,0.0,False,0.7740029542097489,0.7274741506646972,0.7740029542097489,0.3663220088626292,3.0081240768094535,True,auto_quick_xgb_plus_target_corr
international_net_migration_qoq_pct_lag4q,0.04540847354550983,1077,-0.02202332887958669,0.02202332887958669,-0.0205422812816346,0.0205422812816346,2.3928287972702273,0.1219570542060514,migration,float32_numeric,False,True,0.0,0.0,False,0.7725258493353028,0.7119645494830132,0.7725258493353028,0.3663220088626292,2.989660265878877,True,auto_quick_xgb_plus_target_corr
average_house_price_lag4q,0.0512872491384553,4672,0.02174219075836373,0.02174219075836373,0.013717036321806632,0.013717036321806632,2.3320988540339394,0.12679503845295614,house price / housing,float32_numeric,True,True,0.0,0.0,False,0.7710487444608567,0.6063515509601182,0.7710487444608567,0.3663220088626292,2.8810930576070897,True,auto_quick_xgb_plus_target_corr
log1p_average_house_price_lag1q,0.0512872491384553,4671,0.021674577934527605,0.021674577934527605,0.016799261311997403,0.016799261311997403,2.317610101369802,0.127980546027228,house price / housing,float32_numeric,True,True,0.0,0.0,False,0.7695716395864106,0.6691285081240768,0.7695716395864106,0.3663220088626292,2.940915805022156,True,auto_quick_xgb_plus_target_corr
log1p_average_private_rental_price_lag1q,0.08108655990269613,2451,0.021510476718429056,0.021510476718429056,0.013972334747570717,0.013972334747570717,2.2826328768861353,0.13089368792433478,rent,float32_numeric,True,True,0.0,0.0,False,0.7680945347119645,0.619645494830133,0.7680945347119645,0.3663220088626292,2.888478581979321,True,auto_quick_xgb_plus_target_corr
log1p_average_house_price_lag2q,0.0512872491384553,4673,0.021499281491974147,0.021499281491974147,0.01645612381944281,0.01645612381944281,2.280256383191403,0.13109428496834813,house price / housing,float32_numeric,True,True,0.0,0.0,False,0.7666174298375185,0.6624815361890695,0.7666174298375185,0.3663220088626292,2.928360413589365,True,auto_quick_xgb_plus_target_corr
average_private_rental_price_lag2q,0.08108655990269613,2425,0.02149410435962816,0.02149410435962816,0.013141395330508756,0.013141395330508756,2.2791578140629185,0.13118712982431285,rent,float32_numeric,True,True,0.0,0.0,False,0.7651403249630724,0.5886262924667651,0.7651403249630724,0.3663220088626292,2.8515509601181686,True,auto_quick_xgb_plus_target_corr
lad_E07000115,0.0,2,0.02119486957185865,0.02119486957185865,0.02125970390579965,0.02125970390579965,2.2161116558147036,0.1366406010509693,LAD fixed effect,int8_dummy,False,True,0.0,0.0,False,0.7636632200886263,0.7223042836041359,0.7636632200886263,0.3663220088626292,2.9822747415066466,True,auto_quick_xgb_plus_target_corr
lad_E06000063,0.0,2,-0.020986609363337582,0.020986609363337582,-0.025732374117869185,0.025732374117869185,2.17275562018505,0.14053815477484774,LAD fixed effect,int8_dummy,False,True,0.0,0.0,False,0.7607090103397341,0.7592319054652881,0.7607090103397341,0.3663220088626292,3.013293943870015,True,auto_quick_xgb_plus_target_corr
post_covid_2020plus,0.0,2,-0.020362913679389093,0.020362913679389093,-0.020564537755684023,0.020564537755684023,2.0454786922460704,0.1527223170951122,time / policy,int8_binary,False,True,0.0,0.0,False,0.7533234859675036,0.7134416543574594,0.7533234859675036,0.3663220088626292,2.9527326440177255,True,auto_quick_xgb_plus_target_corr
average_private_rental_price_lag4q,0.08108655990269613,2400,0.02023281036958267,0.02023281036958267,0.012023594381946378,0.012023594381946378,2.019413461244825,0.15536235295757653,rent,float32_numeric,True,True,0.0,0.0,False,0.7518463810930576,0.5576070901033974,0.7518463810930576,0.3663220088626292,2.793943870014771,True,auto_quick_xgb_plus_target_corr
log1p_average_private_rental_price_lag2q,0.08108655990269613,2425,0.02019517622021462,0.02019517622021462,0.013141395330508756,0.013141395330508756,2.0119049436422003,0.15613244076659896,rent,float32_numeric,True,True,0.0,0.0,False,0.7503692762186115,0.5886262924667651,0.7503692762186115,0.3663220088626292,2.8220088626292466,True,auto_quick_xgb_plus_target_corr
log1p_average_house_price_lag4q,0.0512872491384553,4672,0.019396717258763574,0.019396717258763574,0.013717036321806632,0.013717036321806632,1.8559014005710972,0.17316080501706907,house price / housing,float32_numeric,True,True,0.0,0.0,False,0.740029542097489,0.6063515509601182,0.740029542097489,0.3663220088626292,2.8190546528803546,True,auto_quick_xgb_plus_target_corr
log1p_income_lag8q,0.04317859314818569,1359,0.019369140017286804,0.019369140017286804,0.01892155669246185,0.01892155669246185,1.850625925151687,0.17377279503006812,income / affordability,float32_numeric,True,True,0.0,0.0,False,0.7385524372230429,0.6979320531757754,0.7385524372230429,0.3663220088626292,2.9076809453471197,True,auto_quick_xgb_plus_target_corr
private_rental_price_index_qoq_pct_lag4q,0.08108655990269613,4533,0.019172971777138316,0.019172971777138316,0.022299254765313647,0.022299254765313647,1.8133162176114712,0.17817282001373438,rent,float32_numeric,False,True,0.0,0.0,False,0.7355982274741507,0.740029542097489,0.7355982274741507,0.3663220088626292,2.943870014771049,True,auto_quick_xgb_plus_target_corr
log1p_average_private_rental_price_lag4q,0.08108655990269613,2400,0.019018278453446946,0.019018278453446946,0.012023594381946378,0.012023594381946378,1.7841629501688885,0.18170061640055254,rent,float32_numeric,True,True,0.0,0.0,False,0.7341211225997046,0.5576070901033974,0.7341211225997046,0.3663220088626292,2.758493353028065,True,auto_quick_xgb_plus_target_corr
uk_bank_rate_lag2q,0.006689641191972431,12,0.018871100448941133,0.018871100448941133,-0.0076762867572777145,0.0076762867572777145,1.7566455628152162,0.18510487265166375,interest rate,float32_numeric,True,True,0.0,0.0,False,0.7311669128508124,0.42097488921713444,0.7311669128508124,0.3663220088626292,2.6159527326440175,True,auto_quick_xgb_plus_target_corr
lad_E07000121,0.0,2,0.018676993615982348,0.018676993615982348,0.014571380448958832,0.014571380448958832,1.7206814018597103,0.18966642452098648,LAD fixed effect,int8_dummy,False,True,0.0,0.0,False,0.7267355982274741,0.6307237813884786,0.7267355982274741,0.3663220088626292,2.816838995568685,True,auto_quick_xgb_plus_target_corr
lad_E09000032,0.0,2,0.01826412596938083,0.01826412596938083,0.02666308447997641,0.02666308447997641,1.6454234621617532,0.19964326027562002,LAD fixed effect,int8_dummy,False,True,0.0,0.0,False,0.7223042836041359,0.7636632200886263,0.7223042836041359,0.3663220088626292,2.940915805022157,True,auto_quick_xgb_plus_target_corr
log1p_average_private_rental_price_lag8q,0.08108655990269613,2346,0.017767445557505403,0.017767445557505403,0.011032245570767011,0.011032245570767011,1.5571200967726118,0.21214664501687636,rent,float32_numeric,True,True,0.0,0.0,False,0.7193500738552437,0.5310192023633677,0.7193500738552437,0.3663220088626292,2.702363367799114,True,auto_quick_xgb_plus_target_corr
lad_E07000152,0.0,2,-0.017548795635889868,0.017548795635889868,-0.019643704198875848,0.019643704198875848,1.5190196832489011,0.2178266649512966,LAD fixed effect,int8_dummy,False,True,0.0,0.0,False,0.7149187592319055,0.7060561299852289,0.7149187592319055,0.3663220088626292,2.868537666174298,True,auto_quick_xgb_plus_target_corr
lad_E06000053,0.0,2,-0.017287437697744493,0.017287437697744493,-0.008255303409825247,0.008255303409825247,1.4740970231244632,0.22475853063732568,LAD fixed effect,int8_dummy,False,True,0.0,0.0,False,0.7104874446085672,0.44165435745937964,0.7104874446085672,0.3663220088626292,2.595273264401772,True,auto_quick_xgb_plus_target_corr
brent_oil_price_yoy_pct_lag2q,0.027772146766673424,25,0.017184172058253126,0.017184172058253126,0.011689326132478901,0.011689326132478901,1.4565335467488714,0.22754036851531606,oil / energy proxy,float32_numeric,False,True,0.0,0.0,False,0.7090103397341211,0.55096011816839,0.7090103397341211,0.3663220088626292,2.7016248153618907,True,auto_quick_xgb_plus_target_corr
internal_net_migration_yoy_pct_lag4q,0.04317859314818569,1428,0.017064816059677988,0.017064816059677988,-0.016179455214567134,0.016179455214567134,1.4363646682062112,0.23078611937096566,migration,float32_numeric,False,True,0.0,0.0,False,0.7060561299852289,0.6558345642540621,0.7060561299852289,0.3663220088626292,2.800590841949778,True,auto_quick_xgb_plus_target_corr
lad_E09000027,0.0,2,0.016878144659208734,0.016878144659208734,0.01065603682987959,0.01065603682987959,1.4051029579160426,0.2359281551225819,LAD fixed effect,int8_dummy,False,True,0.0,0.0,False,0.7016248153618907,0.5155096011816839,0.7016248153618907,0.3663220088626292,2.6514032496307234,True,auto_quick_xgb_plus_target_corr
private_rental_price_annual_change_qoq_pct_lag4q,0.08108655990269613,4533,-0.01665243422975604,0.01665243422975604,0.01395530460282073,0.01395530460282073,1.3677631684469327,0.24225310177720152,rent,float32_numeric,False,True,0.0,0.0,False,0.6986706056129985,0.6174298375184638,0.6986706056129985,0.3663220088626292,2.747415066469719,True,auto_quick_xgb_plus_target_corr
uk_bank_rate_lag4q,0.01763632677883641,9,-0.016453202115957178,0.016453202115957178,-0.05329568688878882,0.05329568688878882,1.3352219120780116,0.2479343414717588,interest rate,float32_numeric,True,True,0.0,0.0,False,0.6971935007385525,0.8744460856720827,0.6971935007385525,0.3663220088626292,3.0014771048744464,True,auto_quick_xgb_plus_target_corr
average_house_price_lag8q,0.0512872491384553,4671,0.016239616255232153,0.016239616255232153,0.009526191536277248,0.009526191536277248,1.300771692385539,0.2541277038981516,house price / housing,float32_numeric,True,True,0.0,0.0,False,0.6927621861152142,0.48522895125553916,0.6927621861152142,0.3663220088626292,2.603397341211226,True,auto_quick_xgb_plus_target_corr
unemployment_count_lag8q,0.6233529292519765,1649,0.016004865291870854,0.016004865291870854,0.02570334835881464,0.02570334835881464,1.263427455017482,0.2610580317707969,unemployment,float32_numeric,True,True,0.0,0.0,False,0.689807976366322,0.7570162481536189,0.689807976366322,0.3663220088626292,2.869276218611521,True,auto_quick_xgb_plus_target_corr
lad_E07000225,0.0,2,-0.015736043618889466,0.015736043618889466,-0.007635874232745131,0.007635874232745131,1.2213317820563003,0.2691533667073114,LAD fixed effect,int8_dummy,False,True,0.0,0.0,False,0.6883308714918759,0.41802067946824223,0.6883308714918759,0.3663220088626292,2.5273264401772524,True,auto_quick_xgb_plus_target_corr
lad_E07000105,0.0,2,0.015018943711282215,0.015018943711282215,0.012999463602820706,0.012999463602820706,1.1125300646965754,0.2915843063170185,LAD fixed effect,int8_dummy,False,True,0.0,0.0,False,0.6809453471196455,0.5864106351550961,0.6809453471196455,0.3663220088626292,2.6809453471196454,True,auto_quick_xgb_plus_target_corr
lad_E06000020,0.0,2,0.014893793512599653,0.014893793512599653,0.01666501355641436,0.01666501355641436,1.094062185538771,0.29562417898028387,LAD fixed effect,int8_dummy,False,True,0.0,0.0,False,0.6779911373707533,0.6676514032496307,0.6779911373707533,0.3663220088626292,2.7562776957163955,True,auto_quick_xgb_plus_target_corr
lad_E09000021,0.0,2,-0.014819216503217105,0.014819216503217105,-0.01513408020955967,0.01513408020955967,1.0831307210270917,0.2980492713257595,LAD fixed effect,int8_dummy,False,True,0.0,0.0,False,0.6750369276218612,0.6454948301329394,0.6750369276218612,0.3663220088626292,2.72821270310192,True,auto_quick_xgb_plus_target_corr
log1p_unemployment_count_lag8q,0.6233529292519765,1649,0.0146846794706918,0.0146846794706918,0.02570334835881464,0.02570334835881464,1.0635492523830399,0.3024576553863742,unemployment,float32_numeric,True,True,0.0,0.0,False,0.670605612998523,0.7570162481536189,0.670605612998523,0.3663220088626292,2.8308714918759232,True,auto_quick_xgb_plus_target_corr
log1p_income_lag2q,0.1589296574092844,1103,0.014658960247955098,0.014658960247955098,0.012326129308341531,0.012326129308341531,1.0598262456540397,0.30330531074994777,income / affordability,float32_numeric,True,True,0.0,0.0,False,0.6691285081240768,0.569423929098966,0.6691285081240768,0.3663220088626292,2.640324963072378,True,auto_quick_xgb_plus_target_corr
uk_bank_rate_lag8q,0.03425907155888912,8,-0.014608882158673344,0.014608882158673344,-0.018030411474650083,0.018030411474650083,1.0525958928368906,0.30496031164574294,interest rate,float32_numeric,True,True,0.0,0.0,False,0.6676514032496307,0.6794682422451994,0.6676514032496307,0.3663220088626292,2.7474150664697197,True,auto_quick_xgb_plus_target_corr
log1p_average_house_price_lag8q,0.0512872491384553,4671,0.014377156658485178,0.014377156658485178,0.009526191536277248,0.009526191536277248,1.0194614115522105,0.3126963395740075,house price / housing,float32_numeric,True,True,0.0,0.0,False,0.6632200886262924,0.48522895125553916,0.6632200886262924,0.3663220088626292,2.5443131462333826,True,auto_quick_xgb_plus_target_corr
unemployment_per_1000_lag4q,0.6233529292519765,1856,0.014180975923380124,0.014180975923380124,0.016403772923546795,0.016403772923546795,0.9918239411782241,0.3193458630147491,unemployment,float32_numeric,True,True,0.0,0.0,False,0.6617429837518464,0.6595273264401772,0.6617429837518464,0.3663220088626292,2.715657311669128,True,auto_quick_xgb_plus_target_corr
lad_E07000214,0.0,2,-0.014117334288244788,0.014117334288244788,-0.006348518756605048,0.006348518756605048,0.9829398963028607,0.32152271606134286,LAD fixed effect,int8_dummy,False,True,0.0,0.0,False,0.6602658788774003,0.361890694239291,0.6602658788774003,0.3663220088626292,2.41506646971935,True,auto_quick_xgb_plus_target_corr
log1p_house_price_to_income_lag1q,0.2227853233326576,3829,0.013947181832416767,0.013947181832416767,0.013603233630773913,0.013603233630773913,0.9593838806145669,0.32739020945693154,house price / housing,float32_numeric,True,True,0.0,0.0,False,0.6558345642540621,0.5997045790251108,0.6558345642540621,0.3663220088626292,2.644017725258493,True,auto_quick_xgb_plus_target_corr
lad_E06000006,0.0,2,-0.013582404140533636,0.013582404140533636,-0.009667511904753064,0.009667511904753064,0.9098471238757891,0.3402017403353439,LAD fixed effect,int8_dummy,False,True,0.0,0.0,False,0.6514032496307238,0.49039881831610044,0.6514032496307238,0.3663220088626292,2.525849335302807,True,auto_quick_xgb_plus_target_corr
lad_E06000035,0.0,2,0.013571175113022428,0.013571175113022428,0.012879221904541788,0.012879221904541788,0.9083430666729816,0.34060114992393903,LAD fixed effect,int8_dummy,False,True,0.0,0.0,False,0.6499261447562777,0.5819793205317577,0.6499261447562777,0.3663220088626292,2.614475627769572,True,auto_quick_xgb_plus_target_corr
unemployment_per_1000_yoy_pct_lag1q,0.6233529292519765,1858,-0.013352223198410087,0.013352223198410087,-0.04678719551123479,0.04678719551123479,0.8792646299988219,0.34844909465415286,unemployment,float32_numeric,False,True,0.0,0.0,False,0.6454948301329394,0.8360413589364845,0.6454948301329394,0.3663220088626292,2.859675036927622,True,auto_quick_xgb_plus_target_corr
income_lag4q,0.04317859314818569,1370,0.013292103336548013,0.013292103336548013,0.021486726265074012,0.021486726265074012,0.8713630872207312,0.3506239301386518,income / affordability,float32_numeric,True,True,0.0,0.0,False,0.6440177252584933,0.7274741506646972,0.6440177252584933,0.3663220088626292,2.748153618906942,True,auto_quick_xgb_plus_target_corr
ftse_100_yoy_pct_lag8q,0.04946280154064464,20,-0.012842105565354709,0.012842105565354709,-0.044834604092308716,0.044834604092308716,0.8133530570814148,0.3671748199390008,market / FX,float32_numeric,False,True,0.0,0.0,False,0.6395864106351551,0.827178729689808,0.6395864106351551,0.3663220088626292,2.8389955686853767,True,auto_quick_xgb_plus_target_corr
internal_net_migration_qoq_pct_lag1q,0.04419217514696939,1107,-0.012836540651098578,0.012836540651098578,0.013460881066167643,0.013460881066167643,0.8126481874485617,0.3673824973866393,migration,float32_numeric,False,True,0.0,0.0,False,0.638109305760709,0.5967503692762186,0.638109305760709,0.3663220088626292,2.6056129985228953,True,auto_quick_xgb_plus_target_corr
lad_E07000112,0.0,2,0.012492567678644702,0.012492567678644702,0.00042509691310728273,0.00042509691310728273,0.7696729213954798,0.38036099615239394,LAD fixed effect,int8_dummy,False,True,0.0,0.0,False,0.6322008862629247,0.0310192023633678,0.6322008862629247,0.3663220088626292,2.0280649926144756,True,auto_quick_xgb_plus_target_corr
lad_E06000036,0.0,2,0.012296012821340508,0.012296012821340508,0.012259794974014032,0.012259794974014032,0.7456401480270057,0.3879021043173075,LAD fixed effect,int8_dummy,False,True,0.0,0.0,False,0.6292466765140325,0.5657311669128509,0.6292466765140325,0.3663220088626292,2.5568685376661744,True,auto_quick_xgb_plus_target_corr
house_sales_volume_yoy_pct_lag4q,0.0512872491384553,4566,-0.01227436348107014,0.01227436348107014,0.011973596788408087,0.011973596788408087,0.7430163972549912,0.3887382447859643,house price / housing,float32_numeric,False,True,0.0,0.0,False,0.6277695716395865,0.5553914327917282,0.6277695716395865,0.3663220088626292,2.5435745937961594,True,auto_quick_xgb_plus_target_corr
house_price_to_income_lag4q,0.0512872491384553,4679,0.012182380561366423,0.012182380561366423,0.00448692024930338,0.00448692024930338,0.7319202879558249,0.3923030229348515,house price / housing,float32_numeric,True,True,0.0,0.0,False,0.6262924667651403,0.276218611521418,0.6262924667651403,0.3663220088626292,2.261447562776957,True,auto_quick_xgb_plus_target_corr
house_price_to_income_lag2q,0.1664301642002838,4111,0.011866479983978627,0.011866479983978627,0.009312724058140202,0.009312724058140202,0.6944484026973156,0.40469578525004124,house price / housing,float32_numeric,True,True,0.0,0.0,False,0.621861152141802,0.48005908419497784,0.621861152141802,0.3663220088626292,2.4564254062038406,True,auto_quick_xgb_plus_target_corr
income_lag8q,0.04317859314818569,1359,0.011660356654141677,0.011660356654141677,0.01892155669246185,0.01892155669246185,0.6705292439977852,0.41290672112391974,income / affordability,float32_numeric,True,True,0.0,0.0,False,0.6129985228951256,0.6979320531757754,0.6129985228951256,0.3663220088626292,2.656573116691285,True,auto_quick_xgb_plus_target_corr
lad_E06000001,0.0,2,0.01164986757651612,0.01164986757651612,0.021817534098978263,0.021817534098978263,0.6693232733106254,0.4133271757270674,LAD fixed effect,int8_dummy,False,True,0.0,0.0,False,0.6115214180206795,0.7341211225997046,0.6115214180206795,0.3663220088626292,2.689807976366322,True,auto_quick_xgb_plus_target_corr
log1p_house_price_to_income_lag2q,0.1664301642002838,4107,0.011548697170807264,0.011548697170807264,0.00931264164754891,0.00931264164754891,0.6577470609862629,0.41739558623896267,house price / housing,float32_numeric,True,True,0.0,0.0,False,0.6085672082717873,0.47858197932053176,0.6085672082717873,0.3663220088626292,2.428360413589365,True,auto_quick_xgb_plus_target_corr
lad_E06000064,0.0,2,-0.011139332615076597,0.011139332615076597,-0.016398289524412926,0.016398289524412926,0.6119377412300798,0.4340967097803949,LAD fixed effect,int8_dummy,False,True,0.0,0.0,False,0.604135893648449,0.6573116691285081,0.604135893648449,0.3663220088626292,2.598227474150664,True,auto_quick_xgb_plus_target_corr
lad_E09000019,0.0,2,0.011025855110396764,0.011025855110396764,0.014818878390919873,0.014818878390919873,0.599531995187593,0.4387937695337839,LAD fixed effect,int8_dummy,False,True,0.0,0.0,False,0.5997045790251108,0.638109305760709,0.5997045790251108,0.3663220088626292,2.570162481536189,True,auto_quick_xgb_plus_target_corr
private_rental_price_monthly_change_lag4q,0.08108655990269613,4529,0.010992423495313168,0.010992423495313168,0.012364381727983098,0.012364381727983098,0.5959013734485382,0.44018311784792297,rent,float32_numeric,False,True,0.0,0.0,False,0.5982274741506647,0.5716395864106352,0.5982274741506647,0.3663220088626292,2.500738552437223,True,auto_quick_xgb_plus_target_corr
lad_E06000022,0.0,2,0.010969091826323232,0.010969091826323232,0.011877207752217478,0.011877207752217478,0.5933741255160544,0.44115422618837496,LAD fixed effect,int8_dummy,False,True,0.0,0.0,False,0.5967503692762186,0.5539143279172821,0.5967503692762186,0.3663220088626292,2.480059084194978,True,auto_quick_xgb_plus_target_corr
lad_E07000193,0.0,2,-0.010938282587275135,0.010938282587275135,-0.010946852793816969,0.010946852793816969,0.5900451505616533,0.44243844326355364,LAD fixed effect,int8_dummy,False,True,0.0,0.0,False,0.5937961595273265,0.5258493353028065,0.5937961595273265,0.3663220088626292,2.446085672082718,True,auto_quick_xgb_plus_target_corr
average_house_price_annual_change_yoy_pct_lag8q,0.052503547536995744,4173,-0.010936444479972633,0.010936444479972633,-0.006557586521574262,0.006557586521574262,0.5898468369983846,0.4425151283442939,house price / housing,float32_numeric,False,True,0.0,0.0,False,0.5923190546528804,0.3722304283604136,0.5923190546528804,0.3663220088626292,2.2895125553914326,True,auto_quick_xgb_plus_target_corr
lad_E07000108,0.0,2,0.010898058450062099,0.010898058450062099,0.009121365192673408,0.009121365192673408,0.5857129838952195,0.44411831344360647,LAD fixed effect,int8_dummy,False,True,0.0,0.0,False,0.5908419497784343,0.4711964549483013,0.5908419497784343,0.3663220088626292,2.385524372230428,True,auto_quick_xgb_plus_target_corr
lad_E07000175,0.0,2,0.010766711787799775,0.010766711787799775,0.01347875632910527,0.01347875632910527,0.5716780600113044,0.44962898792317163,LAD fixed effect,int8_dummy,False,True,0.0,0.0,False,0.5849335302806499,0.5982274741506647,0.5849335302806499,0.3663220088626292,2.500738552437223,True,auto_quick_xgb_plus_target_corr
log1p_brent_oil_price_lag4q,0.01763632677883641,27,0.01060425181748316,0.01060425181748316,0.007517901873947,0.007517901873947,0.5545540819292529,0.4564983344325257,oil / energy proxy,float32_numeric,True,True,0.0,0.0,False,0.5819793205317577,0.40841949778434267,0.5819793205317577,0.3663220088626292,2.3050221565731164,True,auto_quick_xgb_plus_target_corr
lad_E07000039,0.0,2,-0.010575270641162812,0.010575270641162812,-0.01386787586816844,0.01386787586816844,0.5515267183135899,0.4577299239600633,LAD fixed effect,int8_dummy,False,True,0.0,0.0,False,0.5805022156573116,0.6100443131462334,0.5805022156573116,0.3663220088626292,2.503692762186115,True,auto_quick_xgb_plus_target_corr
lad_E06000059,0.0,2,0.010559944262734095,0.010559944262734095,0.013812005988160054,0.013812005988160054,0.5499290809090378,0.45838198954355636,LAD fixed effect,int8_dummy,False,True,0.0,0.0,False,0.5790251107828656,0.6085672082717873,0.5790251107828656,0.3663220088626292,2.499261447562777,True,auto_quick_xgb_plus_target_corr
lad_E07000043,0.0,2,-0.01053433604080628,0.01053433604080628,-0.014214026211698655,0.014214026211698655,0.54726482603285,0.4594726604892342,LAD fixed effect,int8_dummy,False,True,0.0,0.0,False,0.5775480059084195,0.6233382570162481,0.5775480059084195,0.3663220088626292,2.5110782865583454,True,auto_quick_xgb_plus_target_corr
log1p_house_price_to_income_lag4q,0.0512872491384553,4675,0.010527800140522984,0.010527800140522984,0.0044868716134168945,0.0044868716134168945,0.5465858738773995,0.45975126131158617,house price / housing,float32_numeric,True,True,0.0,0.0,False,0.5760709010339734,0.27474150664697194,0.5760709010339734,0.3663220088626292,2.159527326440177,True,auto_quick_xgb_plus_target_corr
lad_E07000164,0.0,2,-0.010473558690323305,0.010473558690323305,-0.011568554911750526,0.011568554911750526,0.540967515080163,0.46206701463404254,LAD fixed effect,int8_dummy,False,True,0.0,0.0,False,0.5745937961595273,0.5465288035450517,0.5745937961595273,0.3663220088626292,2.428360413589365,True,auto_quick_xgb_plus_target_corr
lad_E06000043,0.0,2,0.01020260573643776,0.01020260573643776,0.012742191583297237,0.012742191583297237,0.5133368256171315,0.4737318575338576,LAD fixed effect,int8_dummy,False,True,0.0,0.0,False,0.5731166912850812,0.5805022156573116,0.5731166912850812,0.3663220088626292,2.4593796159527326,True,auto_quick_xgb_plus_target_corr
lad_E06000060,0.0,2,0.009954059062125218,0.009954059062125218,0.014319004390915685,0.014319004390915685,0.4886281268096141,0.48457287318072156,LAD fixed effect,int8_dummy,False,True,0.0,0.0,False,0.5657311669128509,0.6262924667651403,0.5657311669128509,0.3663220088626292,2.4903988183161005,True,auto_quick_xgb_plus_target_corr
lad_E07000031,0.0,2,0.009703790248767965,0.009703790248767965,0.007940246796042806,0.007940246796042806,0.4643641675184383,0.4956234070314024,LAD fixed effect,int8_dummy,False,True,0.0,0.0,False,0.5627769571639586,0.4239290989660266,0.5627769571639586,0.3663220088626292,2.2821270310192023,True,auto_quick_xgb_plus_target_corr
lad_E07000005,0.0,2,0.009699728368701912,0.009699728368701912,0.01665992674407799,0.01665992674407799,0.4639754587395276,0.4958038604328625,LAD fixed effect,int8_dummy,False,True,0.0,0.0,False,0.5612998522895125,0.6661742983751846,0.5612998522895125,0.3663220088626292,2.521418020679468,True,auto_quick_xgb_plus_target_corr
lad_E08000028,0.0,2,0.009690305592188302,0.009690305592188302,0.011166424809812562,0.011166424809812562,0.46307435641816863,0.49622261239297566,LAD fixed effect,int8_dummy,False,True,0.0,0.0,False,0.5583456425406204,0.5361890694239291,0.5583456425406204,0.3663220088626292,2.385524372230428,True,auto_quick_xgb_plus_target_corr
lad_E07000172,0.0,2,-0.009628810146708964,0.009628810146708964,-0.010816894594667028,0.010816894594667028,0.45721504948193364,0.498960120161973,LAD fixed effect,int8_dummy,False,True,0.0,0.0,False,0.5568685376661743,0.5228951255539144,0.5568685376661743,0.3663220088626292,2.369276218611521,True,auto_quick_xgb_plus_target_corr
log1p_annual_rent_to_income_lag8q,0.08108655990269613,4457,0.009424061577534736,0.009424061577534736,0.0028421047213786086,0.0028421047213786086,0.4379754883484712,0.50813214723765,rent,float32_numeric,True,True,0.0,0.0,False,0.552437223042836,0.1779911373707533,0.552437223042836,0.3663220088626292,2.0155096011816838,True,auto_quick_xgb_plus_target_corr
log1p_income_lag1q,0.2152848165416582,1097,0.009272059977944268,0.009272059977944268,0.0023646420275508554,0.0023646420275508554,0.42395992383756426,0.514998044653534,income / affordability,float32_numeric,True,True,0.0,0.0,False,0.5494830132939439,0.15140324963072377,0.5494830132939439,0.3663220088626292,1.98301329394387,True,auto_quick_xgb_plus_target_corr
internal_net_migration_lag1q,0.04317859314818569,1279,-0.009213020277231674,0.009213020277231674,-0.007330189422289492,0.007330189422289492,0.4185775396558667,0.517677793612325,migration,float32_numeric,False,True,0.0,0.0,False,0.5480059084194978,0.397341211225997,0.5480059084194978,0.3663220088626292,2.225997045790251,True,auto_quick_xgb_plus_target_corr
international_net_migration_qoq_pct_lag2q,0.04621933914453679,1102,0.009178494201967107,0.009178494201967107,0.021194958944987706,0.021194958944987706,0.4154458900640071,0.5192482310002701,migration,float32_numeric,False,True,0.0,0.0,False,0.5465288035450517,0.7208271787296898,0.5465288035450517,0.3663220088626292,2.5465288035450517,True,auto_quick_xgb_plus_target_corr
lad_E07000118,0.0,2,-0.009099913021694996,0.009099913021694996,-0.008073197661211737,0.008073197661211737,0.40836212005962447,0.5228316831904973,LAD fixed effect,int8_dummy,False,True,0.0,0.0,False,0.5450516986706057,0.43131462333825704,0.5450516986706057,0.3663220088626292,2.2540620384047267,True,auto_quick_xgb_plus_target_corr
lad_E06000041,0.0,2,0.0090679606864294,0.0090679606864294,0.009697067869281558,0.009697067869281558,0.405499172543286,0.5242923931330241,LAD fixed effect,int8_dummy,False,True,0.0,0.0,False,0.5435745937961596,0.4918759231905465,0.5435745937961596,0.3663220088626292,2.3116691285081243,True,auto_quick_xgb_plus_target_corr
lad_E06000030,0.0,2,0.009034803346025626,0.009034803346025626,0.012738332641911945,0.012738332641911945,0.4025389064868067,0.5258103975119554,LAD fixed effect,int8_dummy,False,True,0.0,0.0,False,0.5420974889217134,0.5790251107828656,0.5420974889217134,0.3663220088626292,2.395864106351551,True,auto_quick_xgb_plus_target_corr
income_lag2q,0.1589296574092844,1103,0.0089230189739365,0.0089230189739365,0.012326129308341531,0.012326129308341531,0.39263880158757186,0.5309445939686908,income / affordability,float32_numeric,True,True,0.0,0.0,False,0.5391432791728212,0.569423929098966,0.5391432791728212,0.3663220088626292,2.380354505169867,True,auto_quick_xgb_plus_target_corr
lad_E08000009,0.0,2,-0.008916417663778535,0.008916417663778535,-0.006043663541776682,0.006043663541776682,0.3920580165958307,0.5312485818433149,LAD fixed effect,int8_dummy,False,True,0.0,0.0,False,0.5376661742983752,0.3412112259970458,0.5376661742983752,0.3663220088626292,2.1491875923190547,True,auto_quick_xgb_plus_target_corr
lad_E07000033,0.0,2,0.008665610636897865,0.008665610636897865,0.009995850271065533,0.009995850271065533,0.37031044247042205,0.5428631288187334,LAD fixed effect,int8_dummy,False,True,0.0,0.0,False,0.534711964549483,0.5022156573116692,0.534711964549483,0.3663220088626292,2.304283604135894,True,auto_quick_xgb_plus_target_corr
lad_E06000065,0.0,2,-0.008661809205252774,0.008661809205252774,-0.014849680035044045,0.014849680035044045,0.3699855936566006,0.543040136343058,LAD fixed effect,int8_dummy,False,True,0.0,0.0,False,0.5332348596750369,0.6395864106351551,0.5332348596750369,0.3663220088626292,2.4387001477104873,True,auto_quick_xgb_plus_target_corr
lad_E07000006,0.0,2,-0.008638334475650539,0.008638334475650539,-0.005657020965731065,0.005657020965731065,0.3679827349870068,0.5441338354572185,LAD fixed effect,int8_dummy,False,True,0.0,0.0,False,0.5317577548005908,0.3249630723781389,0.5317577548005908,0.3663220088626292,2.121122599704579,True,auto_quick_xgb_plus_target_corr
private_rental_price_annual_change_qoq_pct_lag1q,0.08108655990269613,4533,0.008576984052267794,0.008576984052267794,0.014458749411696283,0.014458749411696283,0.36277400328396364,0.5469973415831451,rent,float32_numeric,False,True,0.0,0.0,False,0.5302806499261448,0.6277695716395865,0.5302806499261448,0.3663220088626292,2.4209748892171348,True,auto_quick_xgb_plus_target_corr
lad_E07000145,0.0,2,-0.008572355265039189,0.008572355265039189,-0.010667671469145502,0.010667671469145502,0.3623825197687548,0.5472136904997469,LAD fixed effect,int8_dummy,False,True,0.0,0.0,False,0.5288035450516987,0.51698670605613,0.5288035450516987,0.3663220088626292,2.307237813884786,True,auto_quick_xgb_plus_target_corr
lad_E07000244,0.0,2,-0.008304849224627497,0.008304849224627497,-0.00630600906529432,0.00630600906529432,0.34011709534770307,0.559788310604395,LAD fixed effect,int8_dummy,False,True,0.0,0.0,False,0.5243722304283605,0.3604135893648449,0.5243722304283605,0.3663220088626292,2.1418020679468244,True,auto_quick_xgb_plus_target_corr
lad_E08000012,0.0,2,-0.008250046077568138,0.008250046077568138,-0.007464701794163885,0.007464701794163885,0.3356427813925194,0.5623816194645467,LAD fixed effect,int8_dummy,False,True,0.0,0.0,False,0.5214180206794683,0.40620384047267355,0.5214180206794683,0.3663220088626292,2.1816838995568686,True,auto_quick_xgb_plus_target_corr
lad_E07000029,0.0,2,-0.008132902852034173,0.008132902852034173,-0.012411351177775004,0.012411351177775004,0.32617817526059456,0.56794425791465,LAD fixed effect,int8_dummy,False,True,0.0,0.0,False,0.5155096011816839,0.5745937961595273,0.5155096011816839,0.3663220088626292,2.3382570162481535,True,auto_quick_xgb_plus_target_corr
lad_E07000027,0.0,2,-0.007971556652338627,0.007971556652338627,-0.014588807682277053,0.014588807682277053,0.3133638358695287,0.5756487266136523,LAD fixed effect,int8_dummy,False,True,0.0,0.0,False,0.5110782865583456,0.6322008862629247,0.5110782865583456,0.3663220088626292,2.3870014771048744,True,auto_quick_xgb_plus_target_corr
log1p_computed_homelessness_rate_per_1000_lag4q,0.23292114332049463,3704,0.007933043215506409,0.007933043215506409,0.007541743414006416,0.007541743414006416,0.3103430151151271,0.5774950578682178,target history,float32_numeric,False,True,0.0,0.0,False,0.5096011816838996,0.41285081240768096,0.5096011816838996,0.3663220088626292,2.1646971935007384,True,auto_quick_xgb_plus_target_corr
lad_E07000188,0.0,2,-0.007899676474195403,0.007899676474195403,-0.004338314241471506,0.004338314241471506,0.3077377090227769,0.579096907059685,LAD fixed effect,int8_dummy,False,True,0.0,0.0,False,0.5081240768094535,0.2673559822747415,0.5081240768094535,0.3663220088626292,2.016248153618907,True,auto_quick_xgb_plus_target_corr
lad_E08000030,0.0,2,-0.007882654981956467,0.007882654981956467,-0.010745235400743229,0.010745235400743229,0.30641288595040916,0.5799148665621169,LAD fixed effect,int8_dummy,False,True,0.0,0.0,False,0.5066469719350074,0.5214180206794683,0.5066469719350074,0.3663220088626292,2.2673559822747418,True,auto_quick_xgb_plus_target_corr
lad_E08000010,0.0,2,0.007826963778137571,0.007826963778137571,0.009287216726238601,0.009287216726238601,0.30209828289673724,0.582594857720541,LAD fixed effect,int8_dummy,False,True,0.0,0.0,False,0.5051698670605613,0.4771048744460857,0.5051698670605613,0.3663220088626292,2.220088626292467,True,auto_quick_xgb_plus_target_corr
lad_E08000037,0.0,2,-0.00781999233659035,0.00781999233659035,-0.007669962875064258,0.007669962875064258,0.3015603344937544,0.5829307463724214,LAD fixed effect,int8_dummy,False,True,0.0,0.0,False,0.5036927621861153,0.4194977843426883,0.5036927621861153,0.3663220088626292,2.159527326440177,True,auto_quick_xgb_plus_target_corr
lad_E07000137,0.0,2,-0.007817119231520866,0.007817119231520866,-0.013332003861039454,0.013332003861039454,0.30133877205129905,0.5830692007416685,LAD fixed effect,int8_dummy,False,True,0.0,0.0,False,0.5022156573116692,0.5923190546528804,0.5022156573116692,0.3663220088626292,2.329394387001477,True,auto_quick_xgb_plus_target_corr
lad_E07000092,0.0,2,-0.0077982812718588555,0.0077982812718588555,-0.010710013085085767,0.010710013085085767,0.29988808096135006,0.5839773778873695,LAD fixed effect,int8_dummy,False,True,0.0,0.0,False,0.5007385524372231,0.518463810930576,0.5007385524372231,0.3663220088626292,2.2525849335302803,True,auto_quick_xgb_plus_target_corr
lad_E07000035,0.0,2,-0.007732127549187176,0.007732127549187176,-0.0032355947900508603,0.0032355947900508603,0.29482138836185817,0.5871718500250713,LAD fixed effect,int8_dummy,False,True,0.0,0.0,False,0.4977843426883309,0.2038404726735598,0.4977843426883309,0.3663220088626292,1.93205317577548,True,auto_quick_xgb_plus_target_corr
income_lag1q,0.2152848165416582,1097,0.007636636439402266,0.007636636439402266,0.0023646420275508554,0.0023646420275508554,0.2875838950063455,0.5917971937525088,income / affordability,float32_numeric,True,True,0.0,0.0,False,0.4933530280649926,0.15140324963072377,0.4933530280649926,0.3663220088626292,1.8707533234859672,True,auto_quick_xgb_plus_target_corr
gbp_index_qoq_pct_lag8q,0.03790796675451044,23,-0.007609427943074783,0.007609427943074783,-0.03240255882029515,0.03240255882029515,0.285538167573308,0.5931181588568237,market / FX,float32_numeric,False,True,0.0,0.0,False,0.4918759231905465,0.7917282127031019,0.4918759231905465,0.3663220088626292,2.5081240768094535,True,auto_quick_xgb_plus_target_corr
lad_E09000008,0.0,2,-0.007406409875591903,0.007406409875591903,-0.012297922537028431,0.012297922537028431,0.27050438611941235,0.6030169746964342,LAD fixed effect,int8_dummy,False,True,0.0,0.0,False,0.48892171344165436,0.5672082717872969,0.48892171344165436,0.3663220088626292,2.277695716395864,True,auto_quick_xgb_plus_target_corr
lad_E07000187,0.0,2,-0.007345834430331246,0.007345834430331246,-0.013220163850271955,0.013220163850271955,0.26609744778904015,0.605984861363079,LAD fixed effect,int8_dummy,False,True,0.0,0.0,False,0.4874446085672083,0.5908419497784343,0.4874446085672083,0.3663220088626292,2.2983751846381093,True,auto_quick_xgb_plus_target_corr
lad_E07000208,0.0,2,-0.007330667221155674,0.007330667221155674,-0.000884201579263148,0.000884201579263148,0.26499968121859724,0.6067289986539387,LAD fixed effect,int8_dummy,False,True,0.0,0.0,False,0.4859675036927622,0.06942392909896603,0.4859675036927622,0.3663220088626292,1.7740029542097489,True,auto_quick_xgb_plus_target_corr
lad_E07000136,0.0,2,0.007220041003466802,0.007220041003466802,-0.0002127379646940379,0.0002127379646940379,0.25706146035921296,0.612168868367822,LAD fixed effect,int8_dummy,False,True,0.0,0.0,False,0.4844903988183161,0.014771048744460856,0.4844903988183161,0.3663220088626292,1.7163958641063515,True,auto_quick_xgb_plus_target_corr
unemployment_count_lag4q,0.6233529292519765,1667,0.007173641048474279,0.007173641048474279,0.017230674347656315,0.017230674347656315,0.2537678709555589,0.6144569150343093,unemployment,float32_numeric,True,True,0.0,0.0,False,0.48301329394387,0.672821270310192,0.48301329394387,0.3663220088626292,2.3714918759231907,True,auto_quick_xgb_plus_target_corr
gbp_index_yoy_pct_lag4q,0.03486722075815934,23,0.0071306711951309295,0.0071306711951309295,0.04995344912464502,0.04995344912464502,0.2507367009950964,0.6165791697931023,market / FX,float32_numeric,False,True,0.0,0.0,False,0.48005908419497784,0.8493353028064993,0.48005908419497784,0.3663220088626292,2.5420974889217134,True,auto_quick_xgb_plus_target_corr
lad_E08000026,0.0,2,0.007008030830245009,0.007008030830245009,0.005737593764339438,0.005737593764339438,0.24218561269616448,0.6226538955438764,LAD fixed effect,int8_dummy,False,True,0.0,0.0,False,0.47858197932053176,0.32791728212703103,0.47858197932053176,0.3663220088626292,2.017725258493353,True,auto_quick_xgb_plus_target_corr
log1p_annual_rent_to_income_lag4q,0.08108655990269613,4472,0.006886583045057037,0.006886583045057037,0.0008204094876898367,0.0008204094876898367,0.23386389438707308,0.6286949657158778,rent,float32_numeric,True,True,0.0,0.0,False,0.4756277695716396,0.0620384047267356,0.4756277695716396,0.3663220088626292,1.7459379615952733,True,auto_quick_xgb_plus_target_corr
lad_E08000004,0.0,2,0.006811840197655266,0.006811840197655266,0.008820153665671678,0.008820153665671678,0.22881477114972898,0.6324252604744104,LAD fixed effect,int8_dummy,False,True,0.0,0.0,False,0.4711964549483013,0.4608567208271787,0.4711964549483013,0.3663220088626292,2.1358936484490396,True,auto_quick_xgb_plus_target_corr
log1p_homelessness_total_assessments_lag4q,0.20616257855260492,776,0.006796258216128201,0.006796258216128201,0.01101424991651622,0.01101424991651622,0.2277690994808328,0.6332041153940028,target history,float32_numeric,False,True,0.0,0.0,False,0.46971935007385524,0.5280649926144756,0.46971935007385524,0.3663220088626292,2.2001477104874443,True,auto_quick_xgb_plus_target_corr
lad_E09000017,0.0,2,0.006792394245081248,0.006792394245081248,0.010593415074633484,0.010593415074633484,0.22751016770205965,0.6333973163547958,LAD fixed effect,int8_dummy,False,True,0.0,0.0,False,0.46824224519940916,0.5110782865583456,0.46824224519940916,0.3663220088626292,2.180206794682422,True,auto_quick_xgb_plus_target_corr
log1p_computed_homelessness_rate_per_1000_lag8q,0.34765862558280963,3173,0.0067647834424555495,0.0067647834424555495,0.00426554069202669,0.00426554069202669,0.2256642036718504,0.6347786005141742,target history,float32_numeric,False,True,0.0,0.0,False,0.4667651403249631,0.2621861152141802,0.4667651403249631,0.3663220088626292,1.9283604135893648,True,auto_quick_xgb_plus_target_corr
lad_E07000220,0.0,2,0.006740177916344186,0.006740177916344186,0.020621705190938994,0.020621705190938994,0.22402549931219753,0.636010612112632,LAD fixed effect,int8_dummy,False,True,0.0,0.0,False,0.465288035450517,0.7149187592319055,0.465288035450517,0.3663220088626292,2.3781388478581977,True,auto_quick_xgb_plus_target_corr
lad_E06000033,0.0,2,0.006725998366668143,0.006725998366668143,0.0015133450106619261,0.0015133450106619261,0.22308386751728526,0.6367210474072168,LAD fixed effect,int8_dummy,False,True,0.0,0.0,False,0.4638109305760709,0.10487444608567208,0.4638109305760709,0.3663220088626292,1.7651403249630724,True,auto_quick_xgb_plus_target_corr
internal_net_migration_qoq_pct_lag2q,0.04398945874721265,1113,0.00671760673023266,0.00671760673023266,-0.028383998326512914,0.028383998326512914,0.22252753216863616,0.6371416493662179,migration,float32_numeric,False,True,0.0,0.0,False,0.4623338257016248,0.7740029542097489,0.4623338257016248,0.3663220088626292,2.431314623338257,True,auto_quick_xgb_plus_target_corr
lad_E07000075,0.0,2,-0.00668283897618252,0.00668283897618252,-0.008851732293502503,0.008851732293502503,0.22022995621400623,0.6388855077491065,LAD fixed effect,int8_dummy,False,True,0.0,0.0,False,0.4608567208271787,0.4638109305760709,0.4608567208271787,0.3663220088626292,2.118168389955687,True,auto_quick_xgb_plus_target_corr
lad_E07000140,0.0,2,-0.00656661500456315,0.00656661500456315,-0.002792313423818987,0.002792313423818987,0.21263602219738262,0.6447294537446557,LAD fixed effect,int8_dummy,False,True,0.0,0.0,False,0.45790251107828656,0.17429837518463812,0.45790251107828656,0.3663220088626292,1.8227474150664698,True,auto_quick_xgb_plus_target_corr
lad_E07000239,0.0,2,-0.006565136731050125,0.006565136731050125,-0.01218534552449897,0.01218534552449897,0.21254029178982772,0.6448039264493106,LAD fixed effect,int8_dummy,False,True,0.0,0.0,False,0.4564254062038405,0.5627769571639586,0.4564254062038405,0.3663220088626292,2.2082717872968978,True,auto_quick_xgb_plus_target_corr
lad_E06000031,0.0,2,0.0065409615901556506,0.0065409615901556506,0.007232867410308905,0.007232867410308905,0.21097781081363076,0.6460223307325569,LAD fixed effect,int8_dummy,False,True,0.0,0.0,False,0.4549483013293944,0.3929098966026588,0.4549483013293944,0.3663220088626292,2.035450516986706,True,auto_quick_xgb_plus_target_corr
lad_E07000194,0.0,2,0.006491666308349533,0.006491666308349533,0.0025663707925591096,0.0025663707925591096,0.20780963528197782,0.6485097071630959,LAD fixed effect,int8_dummy,False,True,0.0,0.0,False,0.4534711964549483,0.16100443131462333,0.4534711964549483,0.3663220088626292,1.8005908419497785,True,auto_quick_xgb_plus_target_corr
lad_E07000084,0.0,2,-0.006487015634401359,0.006487015634401359,-0.0139473470044366,0.0139473470044366,0.20751197693647316,0.6487445772502016,LAD fixed effect,int8_dummy,False,True,0.0,0.0,False,0.4519940915805022,0.6144756277695717,0.4519940915805022,0.3663220088626292,2.251107828655835,True,auto_quick_xgb_plus_target_corr
lad_E07000156,0.0,2,0.006409677926245103,0.006409677926245103,0.007987664278545395,0.007987664278545395,0.20259338492458878,0.6526554202358554,LAD fixed effect,int8_dummy,False,True,0.0,0.0,False,0.44903988183161003,0.42688330871491875,0.44903988183161003,0.3663220088626292,2.0576070901033976,True,auto_quick_xgb_plus_target_corr
lad_E07000103,0.0,2,0.006330506770807723,0.006330506770807723,0.010297061798067265,0.010297061798067265,0.19761930272991776,0.6566688874781071,LAD fixed effect,int8_dummy,False,True,0.0,0.0,False,0.44756277695716395,0.5066469719350074,0.44756277695716395,0.3663220088626292,2.134416543574594,True,auto_quick_xgb_plus_target_corr
lad_E08000005,0.0,2,0.006249485150894464,0.006249485150894464,0.00861610714738018,0.00861610714738018,0.1925929767190633,0.6607864387280574,LAD fixed effect,int8_dummy,False,True,0.0,0.0,False,0.4460856720827179,0.4519940915805022,0.4460856720827179,0.3663220088626292,2.0768094534711965,True,auto_quick_xgb_plus_target_corr
lad_E07000174,0.0,2,-0.006241628710094232,0.006241628710094232,-0.008080485036865004,0.008080485036865004,0.19210903184550154,0.6611862551831369,LAD fixed effect,int8_dummy,False,True,0.0,0.0,False,0.4446085672082718,0.4327917282127031,0.4446085672082718,0.3663220088626292,2.054652880354505,True,auto_quick_xgb_plus_target_corr
lad_E07000109,0.0,2,0.006184068466521108,0.006184068466521108,-0.00016882420263403513,0.00016882420263403513,0.18858197938458832,0.6641184537368497,LAD fixed effect,int8_dummy,False,True,0.0,0.0,False,0.4431314623338257,0.0103397341211226,0.4431314623338257,0.3663220088626292,1.6292466765140325,True,auto_quick_xgb_plus_target_corr
lad_E06000024,0.0,2,-0.0061214777668543875,0.0061214777668543875,-0.0067468952923170145,0.0067468952923170145,0.1847837727450897,0.66731275337457,LAD fixed effect,int8_dummy,False,True,0.0,0.0,False,0.44165435745937964,0.37961595273264404,0.44165435745937964,0.3663220088626292,1.9955686853766619,True,auto_quick_xgb_plus_target_corr
lad_E07000061,0.0,2,-0.006047466282801202,0.006047466282801202,-0.010729097467391703,0.010729097467391703,0.18034238011980794,0.6710976974559756,LAD fixed effect,int8_dummy,False,True,0.0,0.0,False,0.4401772525849335,0.5199409158050221,0.4401772525849335,0.3663220088626292,2.1329394387001477,True,auto_quick_xgb_plus_target_corr
lad_E09000030,0.0,2,0.006026845871651519,0.006026845871651519,0.011266209022491886,0.011266209022491886,0.17911458364907498,0.6721537169704417,LAD fixed effect,int8_dummy,False,True,0.0,0.0,False,0.43870014771048743,0.5391432791728212,0.43870014771048743,0.3663220088626292,2.1491875923190547,True,auto_quick_xgb_plus_target_corr
log1p_annual_rent_to_income_lag1q,0.24711129130346646,3671,0.006018258548379979,0.006018258548379979,0.003150136416125527,0.003150136416125527,0.17860450764937721,0.6725936848495676,rent,float32_numeric,True,True,0.0,0.0,False,0.43722304283604135,0.1935007385524372,0.43722304283604135,0.3663220088626292,1.8005908419497783,True,auto_quick_xgb_plus_target_corr
lad_E06000019,0.0,2,-0.005913383287370628,0.005913383287370628,-0.0008271171366458843,0.0008271171366458843,0.1724337401660369,0.6779759287803805,LAD fixed effect,int8_dummy,False,True,0.0,0.0,False,0.4327917282127031,0.06351550960118169,0.4327917282127031,0.3663220088626292,1.6617429837518465,True,auto_quick_xgb_plus_target_corr
lad_E07000064,0.0,2,0.005907580265123002,0.005907580265123002,0.0037165882401924938,0.0037165882401924938,0.17209546317412766,0.6782742257411347,LAD fixed effect,int8_dummy,False,True,0.0,0.0,False,0.43131462333825704,0.2259970457902511,0.43131462333825704,0.3663220088626292,1.8212703101920236,True,auto_quick_xgb_plus_target_corr
lad_E07000065,0.0,2,-0.005883366176474441,0.005883366176474441,-0.00621127318180184,0.00621127318180184,0.17068753017808302,0.6795194636597576,LAD fixed effect,int8_dummy,False,True,0.0,0.0,False,0.4298375184638109,0.3559822747415066,0.4298375184638109,0.3663220088626292,1.948301329394387,True,auto_quick_xgb_plus_target_corr
lad_E06000027,0.0,2,-0.005864378037946497,0.005864378037946497,-0.009596259172744688,0.009596259172744688,0.16958750697752242,0.6804965630325817,LAD fixed effect,int8_dummy,False,True,0.0,0.0,False,0.42836041358936483,0.48892171344165436,0.42836041358936483,0.3663220088626292,2.0782865583456425,True,auto_quick_xgb_plus_target_corr
lad_E07000087,0.0,2,0.005855128787759704,0.005855128787759704,0.002504428099506334,0.002504428099506334,0.16905296638481399,0.6809727091082245,LAD fixed effect,int8_dummy,False,True,0.0,0.0,False,0.42688330871491875,0.15805022156573117,0.42688330871491875,0.3663220088626292,1.744460856720827,True,auto_quick_xgb_plus_target_corr
lad_E07000212,0.0,2,0.005824322560434035,0.005824322560434035,0.0020222467437817876,0.0020222467437817876,0.1672786723928208,0.6825595118177349,LAD fixed effect,int8_dummy,False,True,0.0,0.0,False,0.4254062038404727,0.12850812407680945,0.4254062038404727,0.3663220088626292,1.7119645494830134,True,auto_quick_xgb_plus_target_corr
lad_E09000026,0.0,2,0.005822829210141015,0.005822829210141015,0.008225919059820891,0.008225919059820891,0.16719290032376702,0.682636468757822,LAD fixed effect,int8_dummy,False,True,0.0,0.0,False,0.4239290989660266,0.43870014771048743,0.4239290989660266,0.3663220088626292,2.019202363367799,True,auto_quick_xgb_plus_target_corr
lad_E07000116,0.0,2,0.005802869027188999,0.005802869027188999,0.006702844954861782,0.006702844954861782,0.1660485791980103,0.6836653948747563,LAD fixed effect,int8_dummy,False,True,0.0,0.0,False,0.4224519940915805,0.3766617429837518,0.4224519940915805,0.3663220088626292,1.9542097488921713,True,auto_quick_xgb_plus_target_corr
lad_E07000246,0.0,2,0.005797486665980607,0.005797486665980607,0.012947104588155761,0.012947104588155761,0.1657406801332122,0.6839429505073725,LAD fixed effect,int8_dummy,False,True,0.0,0.0,False,0.42097488921713444,0.5834564254062038,0.42097488921713444,0.3663220088626292,2.1580502215657313,True,auto_quick_xgb_plus_target_corr
lad_E07000153,0.0,2,-0.005791857695266577,0.005791857695266577,-0.0073904348295474615,0.0073904348295474615,0.16541897941879177,0.6842332688814879,LAD fixed effect,int8_dummy,False,True,0.0,0.0,False,0.4194977843426883,0.4017725258493353,0.4194977843426883,0.3663220088626292,1.9734121122599704,True,auto_quick_xgb_plus_target_corr
lad_E07000037,0.0,2,-0.0057917071862654355,0.0057917071862654355,-0.005925850968715521,0.005925850968715521,0.16541038198482577,0.6842410321364093,LAD fixed effect,int8_dummy,False,True,0.0,0.0,False,0.41802067946824223,0.3353028064992615,0.41802067946824223,0.3663220088626292,1.9039881831610044,True,auto_quick_xgb_plus_target_corr
log1p_homelessness_relief_lag4q,0.20697344415163188,505,0.0057835910031618695,0.0057835910031618695,0.013692462224819289,0.013692462224819289,0.16494709710976324,0.6846597142752631,target history,float32_numeric,False,True,0.0,0.0,False,0.41654357459379615,0.603397341211226,0.41654357459379615,0.3663220088626292,2.1691285081240768,True,auto_quick_xgb_plus_target_corr
lad_E06000039,0.0,2,0.005777922945376531,0.005777922945376531,0.005622780116839596,0.005622780116839596,0.1646239405281363,0.6849521646686212,LAD fixed effect,int8_dummy,False,True,0.0,0.0,False,0.4150664697193501,0.32348596750369274,0.4150664697193501,0.3663220088626292,1.8862629246676512,True,auto_quick_xgb_plus_target_corr
lad_E06000013,0.0,2,0.005776874226851445,0.005776874226851445,0.010382012274994197,0.010382012274994197,0.16456418401317566,0.6850062797642593,LAD fixed effect,int8_dummy,False,True,0.0,0.0,False,0.413589364844904,0.5096011816838996,0.413589364844904,0.3663220088626292,2.069423929098966,True,auto_quick_xgb_plus_target_corr
lad_E07000143,0.0,2,-0.005775797016257568,0.005775797016257568,-0.00993080152487744,0.00993080152487744,0.16450281530025662,0.6850618667662697,LAD fixed effect,int8_dummy,False,True,0.0,0.0,False,0.4121122599704579,0.4977843426883309,0.4121122599704579,0.3663220088626292,2.054652880354505,True,auto_quick_xgb_plus_target_corr
lad_E06000046,0.0,2,0.005761763063851001,0.005761763063851001,0.00211576806466539,0.00211576806466539,0.1637043466238693,0.6857862126354299,LAD fixed effect,int8_dummy,False,True,0.0,0.0,False,0.41063515509601184,0.1329394387001477,0.41063515509601184,0.3663220088626292,1.68685376661743,True,auto_quick_xgb_plus_target_corr
lad_E06000066,0.0,2,-0.005687891480757096,0.005687891480757096,-0.009935143071065184,0.009935143071065184,0.159533413171513,0.6896037537069286,LAD fixed effect,int8_dummy,False,True,0.0,0.0,False,0.4091580502215657,0.49926144756277696,0.4091580502215657,0.3663220088626292,2.050221565731167,True,auto_quick_xgb_plus_target_corr
lad_E07000126,0.0,2,-0.005630136646100268,0.005630136646100268,-0.011524984595642872,0.011524984595642872,0.15630995578323917,0.6925939295652775,LAD fixed effect,int8_dummy,False,True,0.0,0.0,False,0.4076809453471196,0.5450516986706057,0.4076809453471196,0.3663220088626292,2.0930576070901035,True,auto_quick_xgb_plus_target_corr
lad_E06000057,0.0,2,0.005608185808834927,0.005608185808834927,0.0017283225924333238,0.0017283225924333238,0.15509344767554703,0.6937316636756681,LAD fixed effect,int8_dummy,False,True,0.0,0.0,False,0.40472673559822747,0.11816838995568685,0.40472673559822747,0.3663220088626292,1.6602658788774,True,auto_quick_xgb_plus_target_corr
lad_E07000155,0.0,2,0.005576832623597663,0.005576832623597663,0.004802440550556416,0.004802440550556416,0.153364107059034,0.6953579280753597,LAD fixed effect,int8_dummy,False,True,0.0,0.0,False,0.4032496307237814,0.29542097488921715,0.4032496307237814,0.3663220088626292,1.8345642540620384,True,auto_quick_xgb_plus_target_corr
lad_E07000227,0.0,2,-0.005571594375584686,0.005571594375584686,-0.0037615003996950133,0.0037615003996950133,0.1530761275128709,0.6956297686578357,LAD fixed effect,int8_dummy,False,True,0.0,0.0,False,0.4017725258493353,0.22895125553914328,0.4017725258493353,0.3663220088626292,1.7651403249630724,True,auto_quick_xgb_plus_target_corr
lad_E09000015,0.0,2,0.005506979599847316,0.005506979599847316,0.009282902019654177,0.009282902019654177,0.14954610594654752,0.6989861803533938,LAD fixed effect,int8_dummy,False,True,0.0,0.0,False,0.40029542097488924,0.4756277695716396,0.40029542097488924,0.3663220088626292,2.0088626292466767,True,auto_quick_xgb_plus_target_corr
lad_E07000176,0.0,2,-0.005490094993671499,0.005490094993671499,-0.011125393497322028,0.011125393497322028,0.14863045621979523,0.6998642238799864,LAD fixed effect,int8_dummy,False,True,0.0,0.0,False,0.3988183161004431,0.5332348596750369,0.3988183161004431,0.3663220088626292,2.0635155096011815,True,auto_quick_xgb_plus_target_corr
lad_E07000066,0.0,2,-0.005486856460401637,0.005486856460401637,-0.009087357439624825,0.009087357439624825,0.14845515244239785,0.7000326819487196,LAD fixed effect,int8_dummy,False,True,0.0,0.0,False,0.397341211225997,0.46971935007385524,0.397341211225997,0.3663220088626292,1.9970457902511078,True,auto_quick_xgb_plus_target_corr
lad_E07000150,0.0,2,-0.005468115432147216,0.005468115432147216,-0.008971862621463336,0.008971862621463336,0.14744272071583708,0.7010078193987113,LAD fixed effect,int8_dummy,False,True,0.0,0.0,False,0.39586410635155095,0.4667651403249631,0.39586410635155095,0.3663220088626292,1.9911373707533233,True,auto_quick_xgb_plus_target_corr
lad_E07000091,0.0,2,-0.005462657693946789,0.005462657693946789,-0.006114108173091603,0.006114108173091603,0.14714853300436787,0.7012918903729736,LAD fixed effect,int8_dummy,False,True,0.0,0.0,False,0.39438700147710487,0.34711964549483015,0.39438700147710487,0.3663220088626292,1.8685376661742983,True,auto_quick_xgb_plus_target_corr
lad_E09000033,0.0,2,0.005433470733047591,0.005433470733047591,0.010185322038050495,0.010185322038050495,0.14558025925252258,0.7028117564480609,LAD fixed effect,int8_dummy,False,True,0.0,0.0,False,0.3929098966026588,0.5036927621861153,0.3929098966026588,0.3663220088626292,2.0221565731166913,True,auto_quick_xgb_plus_target_corr
log1p_house_price_to_income_lag8q,0.0512872491384553,4678,0.005432033617924003,0.005432033617924003,0.00136463369085423,0.00136463369085423,0.1455032572377054,0.70288662275282,house price / housing,float32_numeric,True,True,0.0,0.0,False,0.3914327917282127,0.09010339734121123,0.3914327917282127,0.3663220088626292,1.605612998522895,True,auto_quick_xgb_plus_target_corr
lad_E06000025,0.0,2,-0.005429418360780506,0.005429418360780506,-0.008424206255177466,0.008424206255177466,0.14536318150480826,0.7030228715869067,LAD fixed effect,int8_dummy,False,True,0.0,0.0,False,0.38995568685376664,0.44756277695716395,0.38995568685376664,0.3663220088626292,1.9601181683899556,True,auto_quick_xgb_plus_target_corr
lad_E06000034,0.0,2,-0.005388854080662761,0.005388854080662761,-0.004611694225909579,0.004611694225909579,0.14319915734797933,0.7051373952022161,LAD fixed effect,int8_dummy,False,True,0.0,0.0,False,0.38847858197932056,0.2865583456425406,0.38847858197932056,0.3663220088626292,1.7961595273264401,True,auto_quick_xgb_plus_target_corr
lad_E09000001,0.0,2,0.005380660819793208,0.005380660819793208,0.006020586852208001,0.006020586852208001,0.1427640332735694,0.7055647684407762,LAD fixed effect,int8_dummy,False,True,0.0,0.0,False,0.38552437223042835,0.3397341211225997,0.38552437223042835,0.3663220088626292,1.8434268833087148,True,auto_quick_xgb_plus_target_corr
lad_E07000071,0.0,2,-0.005370957206920942,0.005370957206920942,-0.009547594281038123,0.009547594281038123,0.14224955458059177,0.7060710441201731,LAD fixed effect,int8_dummy,False,True,0.0,0.0,False,0.38404726735598227,0.4874446085672083,0.38404726735598227,0.3663220088626292,1.9881831610044312,True,auto_quick_xgb_plus_target_corr
lad_E07000120,0.0,2,0.005345542544993281,0.005345542544993281,0.0050185726998836925,0.0050185726998836925,0.14090648894801874,0.7073976430367832,LAD fixed effect,int8_dummy,False,True,0.0,0.0,False,0.37961595273264404,0.30428360413589367,0.37961595273264404,0.3663220088626292,1.7961595273264404,True,auto_quick_xgb_plus_target_corr
lad_E09000014,0.0,2,0.005341336569100124,0.005341336569100124,0.00753666076891884,0.00753666076891884,0.14068483397518397,0.7076172730936753,LAD fixed effect,int8_dummy,False,True,0.0,0.0,False,0.37813884785819796,0.41063515509601184,0.37813884785819796,0.3663220088626292,1.8995568685376663,True,auto_quick_xgb_plus_target_corr
lad_E06000014,0.0,2,-0.005314630584206656,0.005314630584206656,-0.008538375140411992,0.008538375140411992,0.13928149970140805,0.7090123883277807,LAD fixed effect,int8_dummy,False,True,0.0,0.0,False,0.3766617429837518,0.4505169867060561,0.3766617429837518,0.3663220088626292,1.936484490398818,True,auto_quick_xgb_plus_target_corr
lad_E07000113,0.0,2,-0.005296810996096667,0.005296810996096667,-0.0030728434004612154,0.0030728434004612154,0.1383490369267755,0.7099438233505333,LAD fixed effect,int8_dummy,False,True,0.0,0.0,False,0.37518463810930575,0.18389955686853768,0.37518463810930575,0.3663220088626292,1.6669128508124076,True,auto_quick_xgb_plus_target_corr
lad_E07000044,0.0,2,-0.00527342330316974,0.00527342330316974,-0.011520126345207361,0.011520126345207361,0.1371299595781238,0.7111669623912125,LAD fixed effect,int8_dummy,False,True,0.0,0.0,False,0.37370753323485967,0.5435745937961596,0.37370753323485967,0.3663220088626292,2.0236336779911372,True,auto_quick_xgb_plus_target_corr
lad_E07000180,0.0,2,0.005271485026113796,0.005271485026113796,0.005325857039929813,0.005325857039929813,0.13702916949297966,0.7112683646051873,LAD fixed effect,int8_dummy,False,True,0.0,0.0,False,0.3722304283604136,0.3175775480059084,0.3722304283604136,0.3663220088626292,1.7946824224519942,True,auto_quick_xgb_plus_target_corr
log1p_homelessness_total_assessments_lag2q,0.07885667950537198,822,0.0052597619453395505,0.0052597619453395505,0.011600992539087673,0.011600992539087673,0.13642036108576885,0.7118817739326511,target history,float32_numeric,False,True,0.0,0.0,False,0.3707533234859675,0.5487444608567208,0.3707533234859675,0.3663220088626292,2.022895125553914,True,auto_quick_xgb_plus_target_corr
lad_E07000074,0.0,2,0.005212317436219143,0.005212317436219143,0.0062513537478948115,0.0062513537478948115,0.133970295557604,0.7143662049778616,LAD fixed effect,int8_dummy,False,True,0.0,0.0,False,0.36927621861152143,0.35893648449039883,0.36927621861152143,0.3663220088626292,1.8301329394387003,True,auto_quick_xgb_plus_target_corr
log1p_unemployment_count_lag4q,0.6233529292519765,1667,0.005198279460736448,0.005198279460736448,0.017230674347656315,0.017230674347656315,0.1332496219013737,0.7151018853802353,unemployment,float32_numeric,True,True,0.0,0.0,False,0.36779911373707536,0.672821270310192,0.36779911373707536,0.3663220088626292,2.141063515509601,True,auto_quick_xgb_plus_target_corr
lad_E08000031,0.0,2,-0.00518803899834418,0.00518803899834418,-0.0074048015239051666,0.0074048015239051666,0.1327251289811751,0.7156387186122661,LAD fixed effect,int8_dummy,False,True,0.0,0.0,False,0.3663220088626292,0.40472673559822747,0.3663220088626292,0.3663220088626292,1.8700147710487445,True,auto_quick_xgb_plus_target_corr
lad_E07000047,0.0,2,-0.0051852714055628645,0.0051852714055628645,0.00027692027482417275,0.00027692027482417275,0.1325835567971682,0.7157838275894607,LAD fixed effect,int8_dummy,False,True,0.0,0.0,False,0.36484490398818314,0.023633677991137372,0.36484490398818314,0.3663220088626292,1.4859675036927622,True,auto_quick_xgb_plus_target_corr
lad_E06000008,0.0,2,-0.0051651535431175635,0.0051651535431175635,-0.005574842374749794,0.005574842374749794,0.13155672742942678,0.7168389450364671,LAD fixed effect,int8_dummy,False,True,0.0,0.0,False,0.36336779911373707,0.32200886262924666,0.36336779911373707,0.3663220088626292,1.7813884785819794,True,auto_quick_xgb_plus_target_corr
lad_E07000197,0.0,2,0.005136795192270974,0.005136795192270974,-0.0005271201722530306,0.0005271201722530306,0.13011607769155778,0.718327167325098,LAD fixed effect,int8_dummy,False,True,0.0,0.0,False,0.3604135893648449,0.03988183161004431,0.3604135893648449,0.3663220088626292,1.4933530280649925,True,auto_quick_xgb_plus_target_corr
lad_E06000061,0.0,2,0.00504643560019562,0.00504643560019562,0.006962866417834369,0.006962866417834369,0.1255785700363849,0.7230762669677452,LAD fixed effect,int8_dummy,False,True,0.0,0.0,False,0.35893648449039883,0.3870014771048744,0.35893648449039883,0.3663220088626292,1.8375184638109305,True,auto_quick_xgb_plus_target_corr
log1p_unemployment_per_1000_lag2q,0.6233529292519765,1856,-0.004767097841793281,0.004767097841793281,-0.008782544211067066,0.008782544211067066,0.1120606154616391,0.7378244787133927,unemployment,float32_numeric,True,True,0.0,0.0,False,0.3412112259970458,0.4586410635155096,0.3412112259970458,0.3663220088626292,1.8737075332348596,True,auto_quick_xgb_plus_target_corr
log1p_annual_rent_to_income_lag2q,0.1925805797689033,3932,0.003114422053089177,0.003114422053089177,0.001348125722012154,0.001348125722012154,0.04782931344420435,0.8268934704149018,rent,float32_numeric,True,True,0.0,0.0,False,0.24076809453471196,0.08862629246676514,0.24076809453471196,0.3663220088626292,1.3028064992614476,True,auto_quick_xgb_plus_target_corr
unemployment_per_1000_lag1q,0.6233529292519765,1855,0.002955188108687797,0.002955188108687797,-0.00015380596393473747,0.00015380596393473747,0.04306347343157712,0.8356143705340126,unemployment,float32_numeric,True,True,0.0,0.0,False,0.23485967503692762,0.00812407680945347,0.23485967503692762,0.3663220088626292,1.2104874446085672,True,auto_quick_xgb_plus_target_corr
annual_rent_to_income_lag2q,0.1925805797689033,3933,0.002924556679129009,0.002924556679129009,0.0013480693642844103,0.0013480693642844103,0.042175360382302025,0.8372943426973387,rent,float32_numeric,True,True,0.0,0.0,False,0.23190546528803546,0.08714918759231906,0.23190546528803546,0.3663220088626292,1.2836041358936483,True,auto_quick_xgb_plus_target_corr
log1p_unemployment_per_1000_lag1q,0.6233529292519765,1855,0.0020051273568033917,0.0020051273568033917,-0.00015380596393473747,0.00015380596393473747,0.019825341329021594,0.8880317268265123,unemployment,float32_numeric,True,True,0.0,0.0,False,0.15066469719350073,0.00812407680945347,0.15066469719350073,0.3663220088626292,1.0420974889217134,True,auto_quick_xgb_plus_target_corr
unemployment_per_1000_lag2q,0.6233529292519765,1856,-0.0019239296205619662,0.0019239296205619662,-0.008782544211067066,0.008782544211067066,0.018252189627196262,0.8925377987806449,unemployment,float32_numeric,True,True,0.0,0.0,False,0.14180206794682423,0.4586410635155096,0.14180206794682423,0.3663220088626292,1.4748892171344166,True,auto_quick_xgb_plus_target_corr
log1p_unemployment_count_lag1q,0.6233529292519765,1681,-0.0018086941354932505,0.0018086941354932505,0.006116269188156955,0.006116269188156955,0.016131200311129943,0.8989387211368047,unemployment,float32_numeric,True,True,0.0,0.0,False,0.13146233382570163,0.34933530280649927,0.13146233382570163,0.3663220088626292,1.344903988183161,True,auto_quick_xgb_plus_target_corr
unemployment_count_lag2q,0.6233529292519765,1679,0.0002996056596925587,0.0002996056596925587,0.003592509626207152,0.003592509626207152,0.0004426241112895423,0.98321568842084,unemployment,float32_numeric,True,True,0.0,0.0,False,0.025110782865583457,0.21787296898079764,0.025110782865583457,0.3663220088626292,1.000738552437223,True,auto_quick_xgb_plus_target_corr
average_house_price_qoq_pct_lag2q,0.0512872491384553,4680,0.07497911979020659,0.07497911979020659,0.08293273716289447,0.08293273716289447,27.87816045208076,1.34746566842337e-07,house price / housing,float32_numeric,False,False,0.0,0.0,False,0.9586410635155096,0.9542097488921714,0.9586410635155096,0.3663220088626292,3.604135893648449,False,auto_quick_xgb_plus_target_corr
average_house_price_yoy_pct_lag2q,0.0512872491384553,4680,0.06156458975707839,0.06156458975707839,0.07358712181884457,0.07358712181884457,18.760576160259884,1.5114199290132192e-05,house price / housing,float32_numeric,False,False,0.0,0.0,False,0.9335302806499262,0.9335302806499262,0.9335302806499262,0.3663220088626292,3.533234859675037,False,auto_quick_xgb_plus_target_corr
average_house_price_annual_change_lag2q,0.0512872491384553,654,0.06147720709021835,0.06147720709021835,0.07353697328451433,0.07353697328451433,18.707155819429886,1.5541932176865736e-05,house price / housing,float32_numeric,False,False,0.0,0.0,False,0.930576070901034,0.9320531757754801,0.930576070901034,0.3663220088626292,3.525849335302806,False,auto_quick_xgb_plus_target_corr
unemployment_count_qoq_pct_lag2q,0.6233529292519765,1854,-0.06133132678808279,0.06133132678808279,-0.013950573723541434,0.013950573723541434,18.618145287066955,1.6281824976326455e-05,unemployment,float32_numeric,False,False,0.0,0.0,False,0.9290989660265879,0.6159527326440177,0.9290989660265879,0.3663220088626292,3.2067946824224522,False,auto_quick_xgb_plus_target_corr
house_price_index_qoq_pct_lag4q,0.0512872491384553,4559,0.05808410658487546,0.05808410658487546,0.0507445800439362,0.0507445800439362,16.692343529901994,4.465590236854486e-05,house price / housing,float32_numeric,False,False,0.0,0.0,False,0.9172821270310192,0.8537666174298375,0.9172821270310192,0.3663220088626292,3.420974889217134,False,auto_quick_xgb_plus_target_corr
average_private_rental_price_qoq_pct_lag1q,0.08108655990269613,4302,0.055462723375686536,0.055462723375686536,0.06053130868340779,0.06053130868340779,15.215120015914978,9.720893810560764e-05,rent,float32_numeric,False,False,0.0,0.0,False,0.9039881831610044,0.9010339734121122,0.9039881831610044,0.3663220088626292,3.441654357459379,False,auto_quick_xgb_plus_target_corr
average_house_price_annual_change_lag4q,0.0512872491384553,665,0.04899533868286009,0.04899533868286009,0.053081003510319615,0.053081003510319615,11.865562376795957,0.0005765801232661041,house price / housing,float32_numeric,False,False,0.0,0.0,False,0.8862629246676514,0.8714918759231906,0.8862629246676514,0.3663220088626292,3.3766617429837513,False,auto_quick_xgb_plus_target_corr
average_house_price_yoy_pct_lag4q,0.0512872491384553,4680,0.04897848016210357,0.04897848016210357,0.05307295960390052,0.05307295960390052,11.857378645206975,0.0005791132454427858,house price / housing,float32_numeric,False,False,0.0,0.0,False,0.8847858197932054,0.8700147710487445,0.8847858197932054,0.3663220088626292,3.372230428360414,False,auto_quick_xgb_plus_target_corr
average_house_price_yoy_pct_lag1q,0.0512872491384553,4680,0.04810984763607084,0.04810984763607084,0.057754563854427614,0.057754563854427614,11.439560253790521,0.0007245646125296328,house price / housing,float32_numeric,False,False,0.0,0.0,False,0.880354505169867,0.8906942392909897,0.880354505169867,0.3663220088626292,3.3840472673559825,False,auto_quick_xgb_plus_target_corr
house_price_index_yoy_pct_lag1q,0.0512872491384553,4615,0.04803253248093713,0.04803253248093713,0.05769367146432684,0.05769367146432684,11.402736844332898,0.0007390342930764697,house price / housing,float32_numeric,False,False,0.0,0.0,False,0.8788774002954209,0.8892171344165436,0.8788774002954209,0.3663220088626292,3.379615952732644,False,auto_quick_xgb_plus_target_corr
private_rental_price_annual_change_lag1q,0.08108655990269613,4533,0.0439385597765014,0.0439385597765014,0.048284420692169164,0.048284420692169164,9.538188378940616,0.002023595077316281,rent,float32_numeric,False,False,0.0,0.0,False,0.8714918759231906,0.843426883308715,0.8714918759231906,0.3663220088626292,3.3190546528803546,False,auto_quick_xgb_plus_target_corr
average_private_rental_price_yoy_pct_lag1q,0.08108655990269613,4436,0.043698540874285416,0.043698540874285416,0.04801573525954379,0.04801573525954379,9.43406750325098,0.002141523152997629,rent,float32_numeric,False,False,0.0,0.0,False,0.8700147710487445,0.8404726735598228,0.8700147710487445,0.3663220088626292,3.31314623338257,False,auto_quick_xgb_plus_target_corr
private_rental_price_annual_change_lag2q,0.08108655990269613,4533,0.031157202799757946,0.031157202799757946,0.039228714780040176,0.039228714780040176,4.791524687355194,0.02864682966144185,rent,float32_numeric,False,False,0.0,0.0,False,0.8301329394387001,0.8153618906942393,0.8301329394387001,0.3663220088626292,3.2082717872968978,False,auto_quick_xgb_plus_target_corr
average_private_rental_price_yoy_pct_lag2q,0.08108655990269613,4436,0.030907747878445996,0.030907747878445996,0.038900037097658796,0.038900037097658796,4.71503368118199,0.029947506245784954,rent,float32_numeric,False,False,0.0,0.0,False,0.8286558345642541,0.8124076809453471,0.8286558345642541,0.3663220088626292,3.202363367799114,False,auto_quick_xgb_plus_target_corr
private_rental_price_index_qoq_pct_lag2q,0.08108655990269613,4533,0.030360573474503716,0.030360573474503716,0.050075534381445456,0.050075534381445456,4.549413851233962,0.03297926135684183,rent,float32_numeric,False,False,0.0,0.0,False,0.8257016248153619,0.8522895125553914,0.8257016248153619,0.3663220088626292,3.2363367799113734,False,auto_quick_xgb_plus_target_corr
unemployment_count_qoq_pct_lag1q,0.6233529292519765,1855,0.027353191972118298,0.027353191972118298,-0.06352095846034135,0.06352095846034135,3.692122389960191,0.05472758520327662,unemployment,float32_numeric,False,False,0.0,0.0,False,0.8094534711964549,0.9098966026587888,0.8094534711964549,0.3663220088626292,3.261447562776957,False,auto_quick_xgb_plus_target_corr
unemployment_per_1000_yoy_pct_lag2q,0.6233529292519765,1858,-0.026603679311127414,0.026603679311127414,-0.06280471224576618,0.06280471224576618,3.492415394584067,0.06170981515052033,unemployment,float32_numeric,False,False,0.0,0.0,False,0.8035450516986706,0.9054652880354506,0.8035450516986706,0.3663220088626292,3.24519940915805,False,auto_quick_xgb_plus_target_corr
unemployment_count_qoq_pct_lag4q,0.6233529292519765,1855,-0.025709916666997925,0.025709916666997925,-0.014531670292815128,0.014531670292815128,3.261545969165437,0.07098318636597724,unemployment,float32_numeric,False,False,0.0,0.0,False,0.7961595273264401,0.6292466765140325,0.7961595273264401,0.3663220088626292,2.954209748892171,False,auto_quick_xgb_plus_target_corr
unemployment_count_qoq_pct_lag8q,0.6233529292519765,1853,-0.02557491374850154,0.02557491374850154,0.017380751745832243,0.017380751745832243,3.2273607473990555,0.0724784937617295,unemployment,float32_numeric,False,False,0.0,0.0,False,0.794682422451994,0.6779911373707533,0.794682422451994,0.3663220088626292,3.0,False,auto_quick_xgb_plus_target_corr
unemployment_per_1000_yoy_pct_lag8q,0.6233529292519765,1858,0.022811415398340053,0.022811415398340053,0.012208404827719297,0.012208404827719297,2.5672343637772514,0.10916236789887847,unemployment,float32_numeric,False,False,0.0,0.0,False,0.7813884785819794,0.5642540620384048,0.7813884785819794,0.3663220088626292,2.859675036927622,False,auto_quick_xgb_plus_target_corr
cpi_00_all_items_yoy_pct_lag4q,0.03486722075815934,23,0.020191828897050536,0.020191828897050536,-0.021600286842537772,0.021600286842537772,2.0112377858640547,0.1562010752262024,CPI total,float32_numeric,False,False,0.0,0.0,False,0.7488921713441654,0.7326440177252584,0.7488921713441654,0.3663220088626292,2.9630723781388477,False,auto_quick_xgb_plus_target_corr
private_rental_price_index_yoy_pct_lag4q,0.08108655990269613,4533,0.019801777394102375,0.019801777394102375,0.018624803990001725,0.018624803990001725,1.934254764444387,0.1643564597255217,rent,float32_numeric,False,False,0.0,0.0,False,0.7459379615952733,0.6942392909896603,0.7459379615952733,0.3663220088626292,2.918759231905465,False,auto_quick_xgb_plus_target_corr
private_rental_price_annual_change_lag4q,0.08108655990269613,4532,0.019783978706423542,0.019783978706423542,0.01860644290444997,0.01860644290444997,1.9307777838016935,0.16473611150692846,rent,float32_numeric,False,False,0.0,0.0,False,0.7444608567208272,0.6927621861152142,0.7444608567208272,0.3663220088626292,2.914327917282127,False,auto_quick_xgb_plus_target_corr
average_private_rental_price_qoq_pct_lag4q,0.08108655990269613,4285,0.018731126920172685,0.018731126920172685,0.02222878339055071,0.02222878339055071,1.7306737912680914,0.18838603402132534,rent,float32_numeric,False,False,0.0,0.0,False,0.7282127031019202,0.7385524372230429,0.7282127031019202,0.3663220088626292,2.927621861152142,False,auto_quick_xgb_plus_target_corr
log1p_population_lag8q,0.04317859314818569,1427,0.01743477505575483,0.01743477505575483,0.020990019593518247,0.020990019593518247,1.499338636953449,0.22083164651890455,population / scale,float32_numeric,False,False,0.0,0.0,False,0.7119645494830132,0.7186115214180206,0.7119645494830132,0.3663220088626292,2.875184638109306,False,auto_quick_xgb_plus_target_corr
log1p_population_lag1q,0.04317859314818569,1427,0.01698276336351883,0.01698276336351883,0.020201705820014352,0.020201705820014352,1.4225809665781313,0.23303644439109625,population / scale,float32_numeric,False,False,0.0,0.0,False,0.7045790251107829,0.7097488921713442,0.7045790251107829,0.3663220088626292,2.8515509601181686,False,auto_quick_xgb_plus_target_corr
private_rental_price_annual_change_lag8q,0.08108655990269613,4532,-0.016356656289040258,0.016356656289040258,-0.02319404039702286,0.02319404039702286,1.3195937950412961,0.25072068430677275,rent,float32_numeric,False,False,0.0,0.0,False,0.6957163958641064,0.7444608567208272,0.6957163958641064,0.3663220088626292,2.8685376661742987,False,auto_quick_xgb_plus_target_corr
private_rental_price_index_yoy_pct_lag8q,0.08108655990269613,4533,-0.01633970361282721,0.01633970361282721,-0.023167345949869064,0.023167345949869064,1.3168591255359283,0.2512121905056551,rent,float32_numeric,False,False,0.0,0.0,False,0.6942392909896603,0.7429837518463811,0.6942392909896603,0.3663220088626292,2.8641063515509604,False,auto_quick_xgb_plus_target_corr
unemployment_count_yoy_pct_lag1q,0.6233529292519765,1857,-0.012830717595326705,0.012830717595326705,-0.044417444902927795,0.044417444902927795,0.8119109481069522,0.3675998867529952,unemployment,float32_numeric,False,False,0.0,0.0,False,0.6366322008862629,0.8257016248153619,0.6366322008862629,0.3663220088626292,2.8316100443131464,False,auto_quick_xgb_plus_target_corr
log1p_population_lag2q,0.04378674234745591,1430,0.012706647769437576,0.012706647769437576,0.021496221119705096,0.021496221119705096,0.7962823906289292,0.37225074652862816,population / scale,float32_numeric,False,False,0.0,0.0,False,0.6351550960118169,0.7304283604135894,0.6351550960118169,0.3663220088626292,2.7333825701624814,False,auto_quick_xgb_plus_target_corr
population_lag2q,0.04378674234745591,1430,0.011119350629958868,0.011119350629958868,0.021496221119705096,0.021496221119705096,0.6097440237537786,0.4349216906297306,population / scale,float32_numeric,False,False,0.0,0.0,False,0.6026587887740029,0.7304283604135894,0.6026587887740029,0.3663220088626292,2.6683899556868536,False,auto_quick_xgb_plus_target_corr
population_lag8q,0.04317859314818569,1427,0.011048816334642383,0.011048816334642383,0.020990019593518247,0.020990019593518247,0.6020319382149569,0.437841009750312,population / scale,float32_numeric,False,False,0.0,0.0,False,0.6011816838995568,0.7186115214180206,0.6011816838995568,0.3663220088626292,2.653618906942393,False,auto_quick_xgb_plus_target_corr
average_house_price_yoy_pct_lag8q,0.0512872491384553,4680,0.01084718838744368,0.01084718838744368,0.008138303301973768,0.008138303301973768,0.5802571102650925,0.4462479899709331,house price / housing,float32_numeric,False,False,0.0,0.0,False,0.5878877400295421,0.4342688330871492,0.5878877400295421,0.3663220088626292,2.342688330871492,False,auto_quick_xgb_plus_target_corr
population_lag1q,0.04317859314818569,1427,0.010810045657797009,0.010810045657797009,0.020201705820014352,0.020201705820014352,0.5762896401354338,0.4478066360139591,population / scale,float32_numeric,False,False,0.0,0.0,False,0.5864106351550961,0.7097488921713442,0.5864106351550961,0.3663220088626292,2.6152141802067943,False,auto_quick_xgb_plus_target_corr
house_price_index_yoy_pct_lag8q,0.0512872491384553,4581,0.010722697268234719,0.010722697268234719,0.007990042949082477,0.007990042949082477,0.5670130162210811,0.4514842591961853,house price / housing,float32_numeric,False,False,0.0,0.0,False,0.5834564254062038,0.42836041358936483,0.5834564254062038,0.3663220088626292,2.327917282127031,False,auto_quick_xgb_plus_target_corr
house_price_index_qoq_pct_lag8q,0.0512872491384553,4519,0.008454237967150337,0.008454237967150337,0.004575176753266191,0.004575176753266191,0.3524641744668846,0.5527487561929216,house price / housing,float32_numeric,False,False,0.0,0.0,False,0.5258493353028065,0.28508124076809455,0.5258493353028065,0.3663220088626292,2.069423929098966,False,auto_quick_xgb_plus_target_corr
unemployment_per_1000_yoy_pct_lag4q,0.6233529292519765,1858,-0.0064832832914501395,0.0064832832914501395,-0.029236659493624816,0.029236659493624816,0.20727324910026257,0.6489330947053434,unemployment,float32_numeric,False,False,0.0,0.0,False,0.4505169867060561,0.7769571639586411,0.4505169867060561,0.3663220088626292,2.4106351550960117,False,auto_quick_xgb_plus_target_corr
lad_E08000014,0.0,2,0.004998786790607142,0.004998786790607142,0.010214471540663565,0.010214471540663565,0.12321826286452053,0.7255848966324825,LAD fixed effect,int8_dummy,False,True,0.0,0.0,False,0.35745937961595275,0.5051698670605613,0.35745937961595275,0.3663220088626292,1.9527326440177253,False,auto_quick_xgb_plus_target_corr
lad_E07000098,0.0,2,0.004982755539118436,0.004982755539118436,0.006140828550486917,0.006140828550486917,0.12242918162615057,0.7264295788223796,LAD fixed effect,int8_dummy,False,True,0.0,0.0,False,0.3559822747415066,0.3515509601181684,0.3559822747415066,0.3663220088626292,1.7961595273264401,False,auto_quick_xgb_plus_target_corr
lad_E08000027,0.0,2,0.004969472588384254,0.004969472588384254,-0.0003366579854007359,0.0003366579854007359,0.12177729601528178,0.7271297058449877,LAD fixed effect,int8_dummy,False,True,0.0,0.0,False,0.35302806499261447,0.026587887740029542,0.35302806499261447,0.3663220088626292,1.465288035450517,False,auto_quick_xgb_plus_target_corr
lad_E07000069,0.0,2,-0.004954622794696967,0.004954622794696967,-0.004869181498991704,0.004869181498991704,0.12105057496731023,0.7279126888265499,LAD fixed effect,int8_dummy,False,True,0.0,0.0,False,0.3515509601181684,0.2998522895125554,0.3515509601181684,0.3663220088626292,1.7355982274741506,False,auto_quick_xgb_plus_target_corr
lad_E07000169,0.0,2,-0.004944434818383947,0.004944434818383947,0.00307982586672812,0.00307982586672812,0.12055325252266916,0.7284500331295992,LAD fixed effect,int8_dummy,False,True,0.0,0.0,False,0.3500738552437223,0.1861152141802068,0.3500738552437223,0.3663220088626292,1.6189069423929099,False,auto_quick_xgb_plus_target_corr
population_yoy_pct_lag4q,0.04317859314818569,1432,0.004897472264512295,0.004897472264512295,0.01834515313387469,0.01834515313387469,0.11827402855251998,0.7309286999649761,population / scale,float32_numeric,False,True,0.0,0.0,False,0.34859675036927623,0.6853766617429837,0.34859675036927623,0.3663220088626292,2.1152141802067943,False,auto_quick_xgb_plus_target_corr
lad_E07000202,0.0,2,-0.004836611407025912,0.004836611407025912,-0.005733950076512805,0.005733950076512805,0.11535264405206087,0.7341450936847407,LAD fixed effect,int8_dummy,False,True,0.0,0.0,False,0.34711964549483015,0.32644017725258495,0.34711964549483015,0.3663220088626292,1.7533234859675038,False,auto_quick_xgb_plus_target_corr
lad_E09000024,0.0,2,-0.0048237745366712876,0.0048237745366712876,-0.002195929196851335,0.002195929196851335,0.11474112653774152,0.734824098791525,LAD fixed effect,int8_dummy,False,True,0.0,0.0,False,0.345642540620384,0.14180206794682423,0.345642540620384,0.3663220088626292,1.5657311669128506,False,auto_quick_xgb_plus_target_corr
lad_E07000131,0.0,2,0.004814702776958464,0.004814702776958464,0.0080476918464253,0.0080476918464253,0.11430994997738148,0.7353040737380033,LAD fixed effect,int8_dummy,False,True,0.0,0.0,False,0.34416543574593794,0.4298375184638109,0.34416543574593794,0.3663220088626292,1.8508124076809451,False,auto_quick_xgb_plus_target_corr
lad_E07000038,0.0,2,-0.00479762413462959,0.00479762413462959,-0.002389044651662929,0.002389044651662929,0.1135004125310288,0.7362079626613358,LAD fixed effect,int8_dummy,False,True,0.0,0.0,False,0.34268833087149186,0.15657311669128507,0.34268833087149186,0.3663220088626292,1.5745937961595273,False,auto_quick_xgb_plus_target_corr
lad_E07000173,0.0,2,-0.004735349881734105,0.004735349881734105,0.0008174006357748608,0.0008174006357748608,0.110572947792278,0.739506918399158,LAD fixed effect,int8_dummy,False,True,0.0,0.0,False,0.3397341211225997,0.059084194977843424,0.3397341211225997,0.3663220088626292,1.4711964549483012,False,auto_quick_xgb_plus_target_corr
lad_E06000011,0.0,2,0.004692461854995739,0.004692461854995739,0.00821017710864555,0.00821017710864555,0.10857905744676215,0.7417816897172885,LAD fixed effect,int8_dummy,False,True,0.0,0.0,False,0.33825701624815363,0.43722304283604135,0.33825701624815363,0.3663220088626292,1.8463810930576072,False,auto_quick_xgb_plus_target_corr
lad_E06000040,0.0,2,0.004655672579319291,0.004655672579319291,-0.004074857552785524,0.004074857552785524,0.10688315773782282,0.7437347842620337,LAD fixed effect,int8_dummy,False,True,0.0,0.0,False,0.33677991137370755,0.24963072378138848,0.33677991137370755,0.3663220088626292,1.6558345642540622,False,auto_quick_xgb_plus_target_corr
lad_E06000054,0.0,2,-0.00463688578257989,0.00463688578257989,-0.004175666249322394,0.004175666249322394,0.1060222793842262,0.7447327877477518,LAD fixed effect,int8_dummy,False,True,0.0,0.0,False,0.3353028064992615,0.258493353028065,0.3353028064992615,0.3663220088626292,1.6617429837518465,False,auto_quick_xgb_plus_target_corr
lad_E07000030,0.0,2,-0.004544193406446322,0.004544193406446322,-0.00609778359992569,0.00609778359992569,0.10182574237999471,0.7496630923375001,LAD fixed effect,int8_dummy,False,True,0.0,0.0,False,0.33382570162481534,0.345642540620384,0.33382570162481534,0.3663220088626292,1.7459379615952733,False,auto_quick_xgb_plus_target_corr
lad_E07000236,0.0,2,0.004538321480472143,0.004538321480472143,0.006806263970558782,0.006806263970558782,0.1015627521554207,0.7499757669941323,LAD fixed effect,int8_dummy,False,True,0.0,0.0,False,0.33234859675036926,0.3810930576070901,0.33234859675036926,0.3663220088626292,1.778434268833087,False,auto_quick_xgb_plus_target_corr
lad_E07000134,0.0,2,-0.0045246762878728,0.0045246762878728,-0.010616491764202167,0.010616491764202167,0.10095292833856165,0.7507025194907001,LAD fixed effect,int8_dummy,False,True,0.0,0.0,False,0.3293943870014771,0.5125553914327917,0.3293943870014771,0.3663220088626292,1.9039881831610044,False,auto_quick_xgb_plus_target_corr
lad_E07000080,0.0,2,-0.004519701480868558,0.004519701480868558,0.003174866659606963,0.003174866659606963,0.10073105368286502,0.7509675362452488,LAD fixed effect,int8_dummy,False,True,0.0,0.0,False,0.32791728212703103,0.19497784342688332,0.32791728212703103,0.3663220088626292,1.5834564254062038,False,auto_quick_xgb_plus_target_corr
lad_E07000151,0.0,2,-0.004460568695537152,0.004460568695537152,-0.0033082485208537214,0.0033082485208537214,0.09811244710627187,0.7541198856635469,LAD fixed effect,int8_dummy,False,True,0.0,0.0,False,0.32644017725258495,0.206794682422452,0.32644017725258495,0.3663220088626292,1.5923190546528803,False,auto_quick_xgb_plus_target_corr
lad_E08000001,0.0,2,0.00441529965077253,0.00441529965077253,0.006715316664486188,0.006715316664486188,0.09613108299419953,0.7565359377687859,LAD fixed effect,int8_dummy,False,True,0.0,0.0,False,0.3249630723781389,0.37813884785819796,0.3249630723781389,0.3663220088626292,1.7607090103397343,False,auto_quick_xgb_plus_target_corr
lad_E07000106,0.0,2,-0.004376975640805441,0.004376975640805441,-0.00526458819828537,0.00526458819828537,0.09446949245214492,0.7585831890990569,LAD fixed effect,int8_dummy,False,True,0.0,0.0,False,0.32348596750369274,0.31462333825701627,0.32348596750369274,0.3663220088626292,1.6942392909896602,False,auto_quick_xgb_plus_target_corr
lad_E07000012,0.0,2,0.004375396915512915,0.004375396915512915,0.007128267951504692,0.007128267951504692,0.0944013552966006,0.7586675603004638,LAD fixed effect,int8_dummy,False,True,0.0,0.0,False,0.32200886262924666,0.38995568685376664,0.32200886262924666,0.3663220088626292,1.7666174298375183,False,auto_quick_xgb_plus_target_corr
lad_E07000036,0.0,2,0.004339231612052892,0.004339231612052892,0.005154145194799215,0.005154145194799215,0.0928472068910162,0.7606011133254941,LAD fixed effect,int8_dummy,False,True,0.0,0.0,False,0.3205317577548006,0.31314623338257014,0.3205317577548006,0.3663220088626292,1.6868537666174297,False,auto_quick_xgb_plus_target_corr
lad_E07000139,0.0,2,-0.004327939459552842,0.004327939459552842,-0.006918148620168806,0.006918148620168806,0.09236458677676185,0.7612051475307825,LAD fixed effect,int8_dummy,False,True,0.0,0.0,False,0.3190546528803545,0.3825701624815362,0.3190546528803545,0.3663220088626292,1.7533234859675038,False,auto_quick_xgb_plus_target_corr
lad_E07000229,0.0,2,-0.004323156166663107,0.004323156166663107,-0.008662260526517543,0.008662260526517543,0.09216053078989073,0.7614610569528343,LAD fixed effect,int8_dummy,False,True,0.0,0.0,False,0.3175775480059084,0.4549483013293944,0.3175775480059084,0.3663220088626292,1.8227474150664698,False,auto_quick_xgb_plus_target_corr
lad_E07000063,0.0,2,-0.004294390656031132,0.004294390656031132,-0.016142772801892816,0.016142772801892816,0.09093814900902789,0.763000580540931,LAD fixed effect,int8_dummy,False,True,0.0,0.0,False,0.31610044313146235,0.654357459379616,0.31610044313146235,0.3663220088626292,2.019202363367799,False,auto_quick_xgb_plus_target_corr
lad_E07000219,0.0,2,-0.004275226534465677,0.004275226534465677,-0.004351777827609697,0.004351777827609697,0.09012830515812605,0.7640267607706337,LAD fixed effect,int8_dummy,False,True,0.0,0.0,False,0.31462333825701627,0.2688330871491876,0.31462333825701627,0.3663220088626292,1.6307237813884785,False,auto_quick_xgb_plus_target_corr
lad_E06000018,0.0,2,-0.004257094685675518,0.004257094685675518,-0.0073194808359551425,0.0073194808359551425,0.0893654183643334,0.7649980475834001,LAD fixed effect,int8_dummy,False,True,0.0,0.0,False,0.31314623338257014,0.39586410635155095,0.31314623338257014,0.3663220088626292,1.7548005908419497,False,auto_quick_xgb_plus_target_corr
lad_E07000167,0.0,2,0.004244665581860558,0.004244665581860558,0.0074045592984002375,0.0074045592984002375,0.0888443444070012,0.7656640633830734,LAD fixed effect,int8_dummy,False,True,0.0,0.0,False,0.31166912850812406,0.4032496307237814,0.31166912850812406,0.3663220088626292,1.759231905465288,False,auto_quick_xgb_plus_target_corr
lad_E07000068,0.0,2,0.0041736685399997074,0.0041736685399997074,-0.006516690726607184,0.006516690726607184,0.08589709556750948,0.7694717595690258,LAD fixed effect,int8_dummy,False,True,0.0,0.0,False,0.310192023633678,0.36779911373707536,0.310192023633678,0.3663220088626292,1.7208271787296898,False,auto_quick_xgb_plus_target_corr
log1p_homelessness_total_assessments_lag8q,0.3352929251976485,703,0.004172746856917184,0.004172746856917184,0.004540735666306613,0.004540735666306613,0.08585916129660014,0.7695212278350733,target history,float32_numeric,False,True,0.0,0.0,False,0.3087149187592319,0.2813884785819793,0.3087149187592319,0.3663220088626292,1.6314623338257015,False,auto_quick_xgb_plus_target_corr
lad_E07000217,0.0,2,0.004122181562143979,0.004122181562143979,0.00409282858875139,0.00409282858875139,0.08379085368513649,0.7722365832070903,LAD fixed effect,int8_dummy,False,True,0.0,0.0,False,0.3072378138847858,0.25258493353028066,0.3072378138847858,0.3663220088626292,1.5997045790251108,False,auto_quick_xgb_plus_target_corr
lad_E06000010,0.0,2,-0.004092121541179295,0.004092121541179295,-0.0037347192043578952,0.0037347192043578952,0.08257323961485473,0.7738521306557677,LAD fixed effect,int8_dummy,False,True,0.0,0.0,False,0.30576070901033975,0.2274741506646972,0.30576070901033975,0.3663220088626292,1.5716395864106352,False,auto_quick_xgb_plus_target_corr
lad_E09000031,0.0,2,0.004008334591533206,0.004008334591533206,0.001919008922027162,0.001919008922027162,0.07922639841120362,0.7783603322032475,LAD fixed effect,int8_dummy,False,True,0.0,0.0,False,0.30280649926144754,0.1240768094534712,0.30280649926144754,0.3663220088626292,1.4623338257016247,False,auto_quick_xgb_plus_target_corr
lad_E07000004,0.0,2,-0.003972802699150993,0.003972802699150993,-0.0038892019139401077,0.0038892019139401077,0.07782799667497085,0.7802744083185547,LAD fixed effect,int8_dummy,False,True,0.0,0.0,False,0.30132939438700146,0.23485967503692762,0.30132939438700146,0.3663220088626292,1.570162481536189,False,auto_quick_xgb_plus_target_corr
lad_E07000107,0.0,2,0.003933698270306871,0.003933698270306871,0.006149088881390048,0.006149088881390048,0.0763033863626639,0.7823824737683205,LAD fixed effect,int8_dummy,False,True,0.0,0.0,False,0.2983751846381093,0.35302806499261447,0.2983751846381093,0.3663220088626292,1.6824224519940916,False,auto_quick_xgb_plus_target_corr
lad_E07000141,0.0,2,-0.003926009421481455,0.003926009421481455,-0.007263084401090144,0.007263084401090144,0.07600538645217585,0.782797157499207,LAD fixed effect,int8_dummy,False,True,0.0,0.0,False,0.2968980797636632,0.39438700147710487,0.2968980797636632,0.3663220088626292,1.7208271787296896,False,auto_quick_xgb_plus_target_corr
lad_E07000135,0.0,2,0.003891889412839215,0.003891889412839215,0.009033916684834196,0.009033916684834196,0.07469001790292988,0.7846380995063486,LAD fixed effect,int8_dummy,False,True,0.0,0.0,False,0.29394387001477107,0.46824224519940916,0.29394387001477107,0.3663220088626292,1.7887740029542096,False,auto_quick_xgb_plus_target_corr
lad_E07000046,0.0,2,-0.003885804670987194,0.003885804670987194,-0.004146516746709323,0.004146516746709323,0.07445664998393914,0.7849665281339356,LAD fixed effect,int8_dummy,False,True,0.0,0.0,False,0.29246676514032494,0.2555391432791728,0.29246676514032494,0.3663220088626292,1.5731166912850811,False,auto_quick_xgb_plus_target_corr
lad_E07000041,0.0,2,-0.0038784813863657073,0.0038784813863657073,-0.00932784083618266,0.00932784083618266,0.07417626449448493,0.7853618588151569,LAD fixed effect,int8_dummy,False,True,0.0,0.0,False,0.29098966026587886,0.4815361890694239,0.29098966026587886,0.3663220088626292,1.7961595273264401,False,auto_quick_xgb_plus_target_corr
lad_E09000011,0.0,2,0.003876236824026339,0.003876236824026339,0.007974818089892624,0.007974818089892624,0.07409043318194836,0.7854830374386587,LAD fixed effect,int8_dummy,False,True,0.0,0.0,False,0.2895125553914328,0.4254062038404727,0.2895125553914328,0.3663220088626292,1.7370753323485968,False,auto_quick_xgb_plus_target_corr
lad_E08000023,0.0,2,-0.003868492721337116,0.003868492721337116,-0.0045448528072773425,0.0045448528072773425,0.07379468275051039,0.7859011631450417,LAD fixed effect,int8_dummy,False,True,0.0,0.0,False,0.2880354505169867,0.28360413589364847,0.2880354505169867,0.3663220088626292,1.5923190546528803,False,auto_quick_xgb_plus_target_corr
lad_E07000198,0.0,2,-0.003867896046060378,0.003867896046060378,0.0005259056096441526,0.0005259056096441526,0.07377192002150051,0.7859333818711808,LAD fixed effect,int8_dummy,False,True,0.0,0.0,False,0.2865583456425406,0.03840472673559823,0.2865583456425406,0.3663220088626292,1.3441654357459378,False,auto_quick_xgb_plus_target_corr
lad_E06000052,0.0,2,0.003847672762837985,0.003847672762837985,0.0058302470099183485,0.0058302470099183485,0.07300249280848445,0.7870255966194989,LAD fixed effect,int8_dummy,False,True,0.0,0.0,False,0.28508124076809455,0.33382570162481534,0.28508124076809455,0.3663220088626292,1.6366322008862628,False,auto_quick_xgb_plus_target_corr
lad_E07000122,0.0,2,0.003834743324052999,0.003834743324052999,0.003392273366596116,0.003392273366596116,0.07251268543553872,0.7877241066778873,LAD fixed effect,int8_dummy,False,True,0.0,0.0,False,0.28360413589364847,0.21565731166912852,0.28360413589364847,0.3663220088626292,1.515509601181684,False,auto_quick_xgb_plus_target_corr
lad_E08000029,0.0,2,-0.0038307795737698297,0.0038307795737698297,-0.0051060212077229045,0.0051060212077229045,0.07236285645187243,0.787938281624063,LAD fixed effect,int8_dummy,False,True,0.0,0.0,False,0.2821270310192024,0.31166912850812406,0.2813884785819793,0.3663220088626292,1.6078286558345642,False,auto_quick_xgb_plus_target_corr
lad_E07000215,0.0,2,-0.0038307795737698262,0.0038307795737698262,-0.00464084372852265,0.00464084372852265,0.07236285645187243,0.787938281624063,LAD fixed effect,int8_dummy,False,True,0.0,0.0,False,0.28064992614475626,0.2880354505169867,0.2813884785819793,0.3663220088626292,1.5827178729689808,False,auto_quick_xgb_plus_target_corr
lad_E06000042,0.0,2,-0.003762126692070266,0.003762126692070266,-0.003210905904138296,0.003210905904138296,0.06979237583906067,0.7916503609585788,LAD fixed effect,int8_dummy,False,True,0.0,0.0,False,0.2791728212703102,0.20088626292466766,0.2791728212703102,0.3663220088626292,1.4918759231905465,False,auto_quick_xgb_plus_target_corr
lad_E07000125,0.0,2,0.0037425088686655313,0.0037425088686655313,0.005984149973941663,0.005984149973941663,0.0690663908181955,0.7927119740318317,LAD fixed effect,int8_dummy,False,True,0.0,0.0,False,0.2776957163958641,0.33677991137370755,0.2776957163958641,0.3663220088626292,1.6248153618906942,False,auto_quick_xgb_plus_target_corr
lad_E07000127,0.0,2,0.0037392978346324364,0.0037392978346324364,0.005992651912203808,0.005992651912203808,0.06894792350188432,0.7928857748927743,LAD fixed effect,int8_dummy,False,True,0.0,0.0,False,0.276218611521418,0.33825701624815363,0.276218611521418,0.3663220088626292,1.6233382570162482,False,auto_quick_xgb_plus_target_corr
lad_E07000224,0.0,2,0.0037183476265145714,0.0037183476265145714,0.006071598481780875,0.006071598481780875,0.06817748646145508,0.7940199808044873,LAD fixed effect,int8_dummy,False,True,0.0,0.0,False,0.27474150664697194,0.34416543574593794,0.27474150664697194,0.3663220088626292,1.6262924667651402,False,auto_quick_xgb_plus_target_corr
lad_E07000171,0.0,2,-0.0037078151271137216,0.0037078151271137216,-0.00845578488300829,0.00845578488300829,0.0677917924604138,0.794590355723699,LAD fixed effect,int8_dummy,False,True,0.0,0.0,False,0.27031019202363366,0.44903988183161003,0.27031019202363366,0.3663220088626292,1.7223042836041358,False,auto_quick_xgb_plus_target_corr
lad_E07000067,0.0,2,-0.0035639720910415704,0.0035639720910415704,-0.0023732553377475156,0.0023732553377475156,0.06263384999979635,0.8023908702460641,LAD fixed effect,int8_dummy,False,True,0.0,0.0,False,0.2673559822747415,0.1536189069423929,0.2673559822747415,0.3663220088626292,1.4209748892171343,False,auto_quick_xgb_plus_target_corr
lad_E07000008,0.0,2,-0.0035597521548867872,0.0035597521548867872,-0.00552234686781808,0.00552234686781808,0.06248561218560754,0.8026200162831678,LAD fixed effect,int8_dummy,False,True,0.0,0.0,False,0.2658788774002954,0.3205317577548006,0.2658788774002954,0.3663220088626292,1.5849335302806498,False,auto_quick_xgb_plus_target_corr
lad_E07000123,0.0,2,0.00355626805446719,0.00355626805446719,0.01595064710181978,0.01595064710181978,0.062363355157330345,0.8028092186171987,LAD fixed effect,int8_dummy,False,True,0.0,0.0,False,0.26440177252584934,0.6528803545051699,0.26440177252584934,0.3663220088626292,1.914327917282127,False,auto_quick_xgb_plus_target_corr
lad_E07000072,0.0,2,-0.0035093971191075372,0.0035093971191075372,-0.003789435339699206,0.003789435339699206,0.06073029374265856,0.8053556404516551,LAD fixed effect,int8_dummy,False,True,0.0,0.0,False,0.2614475627769572,0.23042836041358936,0.2614475627769572,0.3663220088626292,1.4859675036927622,False,auto_quick_xgb_plus_target_corr
lad_E07000032,0.0,2,-0.0034709130626016005,0.0034709130626016005,0.0016974613668660928,0.0016974613668660928,0.059405643727908755,0.8074479620403052,LAD fixed effect,int8_dummy,False,True,0.0,0.0,False,0.25997045790251105,0.1137370753323486,0.25997045790251105,0.3663220088626292,1.3663220088626291,False,auto_quick_xgb_plus_target_corr
lad_E08000007,0.0,2,0.0034567755350764532,0.0034567755350764532,0.009180878760508429,0.009180878760508429,0.05892268808432729,0.8082169454970575,LAD fixed effect,int8_dummy,False,True,0.0,0.0,False,0.258493353028065,0.4726735598227474,0.258493353028065,0.3663220088626292,1.7223042836041358,False,auto_quick_xgb_plus_target_corr
lad_E08000035,0.0,2,-0.003441304943605265,0.003441304943605265,-0.006052165480038827,0.006052165480038827,0.058396452138722584,0.8090586506470013,LAD fixed effect,int8_dummy,False,True,0.0,0.0,False,0.2570162481536189,0.34268833087149186,0.2570162481536189,0.3663220088626292,1.589364844903988,False,auto_quick_xgb_plus_target_corr
lad_E09000016,0.0,2,-0.00341022966600596,0.00341022966600596,-0.004329915700649893,0.004329915700649893,0.057346551815932297,0.8107500231741123,LAD fixed effect,int8_dummy,False,True,0.0,0.0,False,0.2555391432791728,0.2658788774002954,0.2555391432791728,0.3663220088626292,1.5096011816838995,False,auto_quick_xgb_plus_target_corr
lad_E07000226,0.0,2,0.003389091339553032,0.003389091339553032,0.009842815382346912,0.009842815382346912,0.05663782121034789,0.8119010504675398,LAD fixed effect,int8_dummy,False,True,0.0,0.0,False,0.25406203840472674,0.4948301329394387,0.25406203840472674,0.3663220088626292,1.7355982274741506,False,auto_quick_xgb_plus_target_corr
lad_E08000019,0.0,2,-0.0033802743252921265,0.0033802743252921265,-0.004496932700230575,0.004496932700230575,0.05634350480488998,0.8123812761204346,LAD fixed effect,int8_dummy,False,True,0.0,0.0,False,0.25258493353028066,0.2776957163958641,0.25258493353028066,0.3663220088626292,1.5155096011816838,False,auto_quick_xgb_plus_target_corr
lad_E06000016,0.0,2,-0.0033153125893578476,0.0033153125893578476,-0.001694314839384741,0.001694314839384741,0.05419868400764079,0.8159216319125484,LAD fixed effect,int8_dummy,False,True,0.0,0.0,False,0.2511078286558346,0.11225997045790251,0.2511078286558346,0.3663220088626292,1.3471196454948302,False,auto_quick_xgb_plus_target_corr
lad_E09000002,0.0,2,-0.003286343226194813,0.003286343226194813,-0.0033291161109344626,0.0033291161109344626,0.05325563059112705,0.8175016524702489,LAD fixed effect,int8_dummy,False,True,0.0,0.0,False,0.24963072378138848,0.20827178729689808,0.24963072378138848,0.3663220088626292,1.4401772525849335,False,auto_quick_xgb_plus_target_corr
internal_net_migration_yoy_pct_lag1q,0.04317859314818569,1431,0.0032268119320829915,0.0032268119320829915,-0.0028201653010457815,0.0028201653010457815,0.05134366107964346,0.8207508750237011,migration,float32_numeric,False,True,0.0,0.0,False,0.2481536189069424,0.1757754800590842,0.2481536189069424,0.3663220088626292,1.4047267355982274,False,auto_quick_xgb_plus_target_corr
lad_E06000045,0.0,2,0.003159331059312047,0.003159331059312047,0.004742866987668398,0.004742866987668398,0.04921864026204158,0.8244377052457459,LAD fixed effect,int8_dummy,False,True,0.0,0.0,False,0.2466765140324963,0.29246676514032494,0.2466765140324963,0.3663220088626292,1.518463810930576,False,auto_quick_xgb_plus_target_corr
lad_E06000032,0.0,2,-0.0031439667261836867,0.0031439667261836867,-0.004056639113652355,0.004056639113652355,0.048741083311794345,0.8252776830823846,LAD fixed effect,int8_dummy,False,True,0.0,0.0,False,0.24372230428360414,0.24519940915805022,0.24372230428360414,0.3663220088626292,1.465288035450517,False,auto_quick_xgb_plus_target_corr
lad_E07000192,0.0,2,-0.0031140505672128003,0.0031140505672128003,-0.0026902561786646606,0.0026902561786646606,0.04781790392634822,0.8269137915212195,LAD fixed effect,int8_dummy,False,True,0.0,0.0,False,0.23929098966026588,0.16395864106351551,0.23929098966026588,0.3663220088626292,1.3751846381093058,False,auto_quick_xgb_plus_target_corr
lad_E09000023,0.0,2,-0.0031127304790592425,0.0031127304790592425,-0.008240807301236894,0.008240807301236894,0.0477773708141835,0.8269860042261732,LAD fixed effect,int8_dummy,False,True,0.0,0.0,False,0.2378138847858198,0.4401772525849335,0.2378138847858198,0.3663220088626292,1.6484490398818314,False,auto_quick_xgb_plus_target_corr
uk_bank_rate_qoq_pct_lag1q,0.007297790391242651,14,0.0031013226517985276,0.0031013226517985276,0.09273627922492304,0.09273627922492304,0.04742781117192235,0.8276101068026479,interest rate,float32_numeric,False,True,0.0,0.0,False,0.2363367799113737,0.9601181683899557,0.2363367799113737,0.3663220088626292,2.1654357459379616,False,auto_quick_xgb_plus_target_corr
lad_E09000003,0.0,2,0.0029424028086970254,0.0029424028086970254,0.006620580780993708,0.006620580780993708,0.04269165739025137,0.8363154860340543,LAD fixed effect,int8_dummy,False,True,0.0,0.0,False,0.23338257016248154,0.37518463810930575,0.23338257016248154,0.3663220088626292,1.5745937961595273,False,auto_quick_xgb_plus_target_corr
average_private_rental_price_qoq_pct_lag8q,0.08108655990269613,4212,0.002901013630087957,0.002901013630087957,-0.008771819672873974,0.008771819672873974,0.04149905393518743,0.838586059299768,rent,float32_numeric,False,False,0.0,0.0,False,0.23042836041358936,0.4564254062038405,0.23042836041358936,0.3663220088626292,1.6499261447562776,False,auto_quick_xgb_plus_target_corr
lad_E07000210,0.0,2,-0.002881737741909391,0.002881737741909391,-0.002384186401227417,0.002384186401227417,0.04094939766990412,0.8396439771654407,LAD fixed effect,int8_dummy,False,True,0.0,0.0,False,0.22895125553914328,0.155096011816839,0.22895125553914328,0.3663220088626292,1.345642540620384,False,auto_quick_xgb_plus_target_corr
lad_E06000038,0.0,2,0.002879825479645465,0.002879825479645465,0.0020149593681285196,0.0020149593681285196,0.04089506888429551,0.8397489436109065,LAD fixed effect,int8_dummy,False,True,0.0,0.0,False,0.2274741506646972,0.12703101920236337,0.2274741506646972,0.3663220088626292,1.3146233382570163,False,auto_quick_xgb_plus_target_corr
lad_E07000085,0.0,2,0.0028708941555173765,0.0028708941555173765,-0.0005914919905235619,0.0005914919905235619,0.04064180093759295,0.8402392327619944,LAD fixed effect,int8_dummy,False,True,0.0,0.0,False,0.22451994091580502,0.04283604135893648,0.22451994091580502,0.3663220088626292,1.224519940915805,False,auto_quick_xgb_plus_target_corr
lad_E07000045,0.0,2,-0.0028658177506592744,0.0028658177506592744,-0.0027692027482417274,0.0027692027482417274,0.0404981986228652,0.8405179319772155,LAD fixed effect,int8_dummy,False,True,0.0,0.0,False,0.22304283604135894,0.172821270310192,0.22304283604135894,0.3663220088626292,1.3515509601181683,False,auto_quick_xgb_plus_target_corr
lad_E07000209,0.0,2,-0.0028332861128696823,0.0028332861128696823,-0.004716146610273082,0.004716146610273082,0.03958397054400851,0.8423044212623144,LAD fixed effect,int8_dummy,False,True,0.0,0.0,False,0.22156573116691286,0.29098966026587886,0.22156573116691286,0.3663220088626292,1.466765140324963,False,auto_quick_xgb_plus_target_corr
lad_E06000047,0.0,2,0.002831630084125266,0.002831630084125266,0.006400344333948059,0.006400344333948059,0.039537710788679604,0.8423953846040584,LAD fixed effect,int8_dummy,False,True,0.0,0.0,False,0.22008862629246675,0.36484490398818314,0.22008862629246675,0.3663220088626292,1.537666174298375,False,auto_quick_xgb_plus_target_corr
lad_E09000025,0.0,2,0.0027983954818575634,0.0027983954818575634,0.004456573870383977,0.004456573870383977,0.03861504856768754,0.8442213577156025,LAD fixed effect,int8_dummy,False,True,0.0,0.0,False,0.21861152141802068,0.2717872968980798,0.21861152141802068,0.3663220088626292,1.4416543574593796,False,auto_quick_xgb_plus_target_corr
lad_E07000242,0.0,2,-0.0027544920960191127,0.0027544920960191127,-0.0014331838784759816,0.0014331838784759816,0.03741289875251807,0.8466347763370529,LAD fixed effect,int8_dummy,False,True,0.0,0.0,False,0.2171344165435746,0.10044313146233383,0.2171344165435746,0.3663220088626292,1.2673559822747413,False,auto_quick_xgb_plus_target_corr
lad_E09000010,0.0,2,0.0027521413182633077,0.0027521413182633077,0.007381807871910157,0.007381807871910157,0.03734906662415455,0.8467640420255089,LAD fixed effect,int8_dummy,False,True,0.0,0.0,False,0.21565731166912852,0.40029542097488924,0.21565731166912852,0.3663220088626292,1.5642540620384047,False,auto_quick_xgb_plus_target_corr
lad_E07000147,0.0,2,-0.0027442179666965117,0.0027442179666965117,-0.00368619751794458,0.00368619751794458,0.037134320367160176,0.8471997654031841,LAD fixed effect,int8_dummy,False,True,0.0,0.0,False,0.21418020679468242,0.22451994091580502,0.21418020679468242,0.3663220088626292,1.3855243722304282,False,auto_quick_xgb_plus_target_corr
lad_E08000032,0.0,2,-0.002731030427707895,0.002731030427707895,-0.0029100920108715692,0.0029100920108715692,0.03677827192047537,0.8479250820742101,LAD fixed effect,int8_dummy,False,True,0.0,0.0,False,0.21270310192023634,0.18020679468242246,0.21270310192023634,0.3663220088626292,1.3382570162481535,False,auto_quick_xgb_plus_target_corr
lad_E07000148,0.0,2,-0.0027102845583736514,0.0027102845583736514,-0.0021756775427256275,0.0021756775427256275,0.036221628683196366,0.8490663684715988,LAD fixed effect,int8_dummy,False,True,0.0,0.0,False,0.21122599704579026,0.13884785819793205,0.21122599704579026,0.3663220088626292,1.293943870014771,False,auto_quick_xgb_plus_target_corr
lad_E07000129,0.0,2,0.002685888378199215,0.002685888378199215,0.00502745690057039,0.00502745690057039,0.03557247277018775,0.8504088729057803,LAD fixed effect,int8_dummy,False,True,0.0,0.0,False,0.20974889217134415,0.30576070901033975,0.20974889217134415,0.3663220088626292,1.4579025110782866,False,auto_quick_xgb_plus_target_corr
lad_E06000023,0.0,2,0.002675156374633216,0.002675156374633216,0.006604791467078296,0.006604791467078296,0.035288764834011506,0.850999584996935,LAD fixed effect,int8_dummy,False,True,0.0,0.0,False,0.20827178729689808,0.37370753323485967,0.20827178729689808,0.3663220088626292,1.5228951255539143,False,auto_quick_xgb_plus_target_corr
lad_E06000012,0.0,2,-0.0026625968437727307,0.0026625968437727307,-0.0030728434004612154,0.0030728434004612154,0.03495818748096366,0.8516909941823567,LAD fixed effect,int8_dummy,False,True,0.0,0.0,False,0.206794682422452,0.18389955686853768,0.206794682422452,0.3663220088626292,1.3301329394387,False,auto_quick_xgb_plus_target_corr
lad_E07000119,0.0,2,0.00260699063901478,0.00260699063901478,0.004167164311060249,0.004167164311060249,0.03351327711595427,0.8547535090520795,LAD fixed effect,int8_dummy,False,True,0.0,0.0,False,0.20531757754800592,0.2570162481536189,0.20531757754800592,0.3663220088626292,1.4002954209748892,False,auto_quick_xgb_plus_target_corr
lad_E07000168,0.0,2,-0.0026068396200942326,0.0026068396200942326,-0.0015255776341313713,0.0015255776341313713,0.03350939445779751,0.8547618294287562,LAD fixed effect,int8_dummy,False,True,0.0,0.0,False,0.2038404726735598,0.10782865583456426,0.2038404726735598,0.3663220088626292,1.2481536189069424,False,auto_quick_xgb_plus_target_corr
lad_E07000011,0.0,2,-0.002600569860336508,0.002600569860336508,-0.0037906499023080843,0.0037906499023080843,0.03334839903816577,0.8551072756349233,LAD fixed effect,int8_dummy,False,True,0.0,0.0,False,0.20236336779911374,0.23190546528803546,0.20236336779911374,0.3663220088626292,1.3692762186115215,False,auto_quick_xgb_plus_target_corr
lad_E09000022,0.0,2,0.0025975503844707596,0.0025975503844707596,0.0031809394726513523,0.0031809394726513523,0.033271002995703965,0.8552736502091239,LAD fixed effect,int8_dummy,False,True,0.0,0.0,False,0.20088626292466766,0.1964549483013294,0.20088626292466766,0.3663220088626292,1.3308714918759232,False,auto_quick_xgb_plus_target_corr
lad_E07000081,0.0,2,-0.002583604407736941,0.002583604407736941,-0.002927095887395861,0.002927095887395861,0.03291470257465266,0.8560421635886951,LAD fixed effect,int8_dummy,False,True,0.0,0.0,False,0.19793205317577547,0.18168389955686853,0.19793205317577547,0.3663220088626292,1.310192023633678,False,auto_quick_xgb_plus_target_corr
lad_E07000095,0.0,2,-0.0025293928058408503,0.0025293928058408503,-0.004062711926696745,0.004062711926696745,0.03154789153950905,0.8590308630252356,LAD fixed effect,int8_dummy,False,True,0.0,0.0,False,0.19497784342688332,0.2481536189069424,0.19497784342688332,0.3663220088626292,1.3707533234859675,False,auto_quick_xgb_plus_target_corr
lad_E07000237,0.0,2,-0.0025236427652331017,0.0025236427652331017,-0.002529933914292771,0.002529933914292771,0.03140461871779893,0.8593479834934483,LAD fixed effect,int8_dummy,False,True,0.0,0.0,False,0.1935007385524372,0.15952732644017725,0.1935007385524372,0.3663220088626292,1.2791728212703102,False,auto_quick_xgb_plus_target_corr
lad_E07000200,0.0,2,0.0025033647470294315,0.0025033647470294315,0.0016518051480740128,0.0016518051480740128,0.030901957321907526,0.8604665171123423,LAD fixed effect,int8_dummy,False,True,0.0,0.0,False,0.19202363367799113,0.11078286558345643,0.19202363367799113,0.3663220088626292,1.2274741506646971,False,auto_quick_xgb_plus_target_corr
lad_E08000024,0.0,2,0.0024254443608509686,0.0024254443608509686,0.003252598666575152,0.003252598666575152,0.029008160542571916,0.8647671833488407,LAD fixed effect,int8_dummy,False,True,0.0,0.0,False,0.19054652880354506,0.20531757754800592,0.19054652880354506,0.3663220088626292,1.3190546528803546,False,auto_quick_xgb_plus_target_corr
lad_E07000040,0.0,2,-0.0024251895932827384,0.0024251895932827384,-0.0014914828837021231,0.0014914828837021231,0.029002066818910526,0.8647812513980444,LAD fixed effect,int8_dummy,False,True,0.0,0.0,False,0.18906942392909898,0.1019202363367799,0.18906942392909898,0.3663220088626292,1.2127031019202363,False,auto_quick_xgb_plus_target_corr
lad_E06000026,0.0,2,-0.0024088453347455474,0.0024088453347455474,-5.5869880008385725e-05,5.5869880008385725e-05,0.028612470285087063,0.8656838568501724,LAD fixed effect,int8_dummy,False,True,0.0,0.0,False,0.18759231905465287,0.004431314623338257,0.18759231905465287,0.3663220088626292,1.1122599704579024,False,auto_quick_xgb_plus_target_corr
lad_E09000006,0.0,2,0.0023397899816890192,0.0023397899816890192,0.0005064726079021054,0.0005064726079021054,0.026995484998076164,0.8694993323175423,LAD fixed effect,int8_dummy,False,True,0.0,0.0,False,0.1861152141802068,0.033973412112259974,0.1861152141802068,0.3663220088626292,1.138847858197932,False,auto_quick_xgb_plus_target_corr
lad_E06000058,0.0,2,-0.0023354311135113277,0.0023354311135113277,-0.0036789101422913125,0.0036789101422913125,0.026894996665978527,0.8697402732502487,LAD fixed effect,int8_dummy,False,True,0.0,0.0,False,0.18463810930576072,0.22304283604135894,0.18463810930576072,0.3663220088626292,1.324963072378139,False,auto_quick_xgb_plus_target_corr
lad_E07000195,0.0,2,0.0023010904439118,0.0023010904439118,0.005810467520872117,0.005810467520872117,0.026109868218569723,0.8716389102326966,LAD fixed effect,int8_dummy,False,True,0.0,0.0,False,0.1831610044313146,0.33234859675036926,0.1831610044313146,0.3663220088626292,1.431314623338257,False,auto_quick_xgb_plus_target_corr
lad_E07000132,0.0,2,-0.0022917641723474978,0.0022917641723474978,0.0057545976408637295,0.0057545976408637295,0.025898650504236145,0.8721546720281823,LAD fixed effect,int8_dummy,False,True,0.0,0.0,False,0.18168389955686853,0.3308714918759232,0.18168389955686853,0.3663220088626292,1.4268833087149186,False,auto_quick_xgb_plus_target_corr
lad_E07000228,0.0,2,-0.0022791044131917596,0.0022791044131917596,-0.0021874272585891887,0.0021874272585891887,0.025613309806889258,0.8728548693732338,LAD fixed effect,int8_dummy,False,True,0.0,0.0,False,0.18020679468242246,0.14032496307237813,0.18020679468242246,0.3663220088626292,1.2333825701624814,False,auto_quick_xgb_plus_target_corr
lad_E07000179,0.0,2,0.0022742507986280754,0.0022742507986280754,0.004659062167655818,0.004659062167655818,0.02550433243727687,0.8731233438913061,LAD fixed effect,int8_dummy,False,True,0.0,0.0,False,0.17872968980797638,0.2895125553914328,0.17872968980797638,0.3663220088626292,1.379615952732644,False,auto_quick_xgb_plus_target_corr
lad_E07000130,0.0,2,0.0022670554187258227,0.0022670554187258227,-0.002331401961800083,0.002331401961800083,0.02534320333154628,0.8735213784995461,LAD fixed effect,int8_dummy,False,True,0.0,0.0,False,0.17725258493353027,0.14771048744460857,0.17725258493353027,0.3663220088626292,1.2348596750369274,False,auto_quick_xgb_plus_target_corr
lad_E07000124,0.0,2,-0.0022579138847964053,0.0022579138847964053,-0.012064994582489236,0.012064994582489236,0.025139229637307064,0.8740271167611319,LAD fixed effect,int8_dummy,False,True,0.0,0.0,False,0.1757754800590842,0.5598227474150664,0.1757754800590842,0.3663220088626292,1.644017725258493,False,auto_quick_xgb_plus_target_corr
lad_E08000017,0.0,2,0.0022365144608385143,0.0022365144608385143,0.008890598296986598,0.008890598296986598,0.0246649702533902,0.8752112007111142,LAD fixed effect,int8_dummy,False,True,0.0,0.0,False,0.17429837518463812,0.465288035450517,0.17429837518463812,0.3663220088626292,1.5465288035450517,False,auto_quick_xgb_plus_target_corr
ftse_100_yoy_pct_lag2q,0.027772146766673424,25,0.0022134889499975997,0.0022134889499975997,-0.029344373977725127,0.029344373977725127,0.02415971723025553,0.8764855720756999,market / FX,float32_numeric,False,True,0.0,0.0,False,0.17134416543574593,0.7784342688330872,0.17134416543574593,0.3663220088626292,1.8537666174298375,False,auto_quick_xgb_plus_target_corr
lad_E06000055,0.0,2,0.0022034335789463005,0.0022034335789463005,0.0027534134343263138,0.0027534134343263138,0.02394071067111137,0.8770421979070766,LAD fixed effect,int8_dummy,False,True,0.0,0.0,False,0.16986706056129985,0.17134416543574593,0.16986706056129985,0.3663220088626292,1.243722304283604,False,auto_quick_xgb_plus_target_corr
lad_E06000056,0.0,2,0.002156378114883376,0.002156378114883376,0.0033534073631120214,0.0033534073631120214,0.022929091797620215,0.8796478069724932,LAD fixed effect,int8_dummy,False,True,0.0,0.0,False,0.16838995568685378,0.21270310192023634,0.16838995568685378,0.3663220088626292,1.2821270310192023,False,auto_quick_xgb_plus_target_corr
lad_E09000013,0.0,2,-0.002153167636510964,0.002153167636510964,-0.00526877259731255,0.00526877259731255,0.02286086731047025,0.8798256290750444,LAD fixed effect,int8_dummy,False,True,0.0,0.0,False,0.16691285081240767,0.31610044313146235,0.16691285081240767,0.3663220088626292,1.382570162481536,False,auto_quick_xgb_plus_target_corr
lad_E07000082,0.0,2,-0.002148337456647858,0.002148337456647858,-0.01217155512466455,0.01217155512466455,0.022758414762210646,0.8800931746800552,LAD fixed effect,int8_dummy,False,True,0.0,0.0,False,0.1654357459379616,0.5612998522895125,0.1654357459379616,0.3663220088626292,1.6248153618906942,False,auto_quick_xgb_plus_target_corr
lad_E07000096,0.0,2,0.0021385003229671467,0.0021385003229671467,-0.0013420916828101354,0.0013420916828101354,0.022550471613538514,0.8806380997537415,LAD fixed effect,int8_dummy,False,True,0.0,0.0,False,0.16395864106351551,0.08567208271787297,0.16395864106351551,0.3663220088626292,1.1462333825701625,False,auto_quick_xgb_plus_target_corr
lad_E07000144,0.0,2,0.0021019044189978884,0.0021019044189978884,0.004038420674519186,0.004038420674519186,0.021785265029487102,0.8826658129933298,LAD fixed effect,int8_dummy,False,True,0.0,0.0,False,0.16100443131462333,0.24372230428360414,0.16100443131462333,0.3663220088626292,1.2983751846381093,False,auto_quick_xgb_plus_target_corr
lad_E07000093,0.0,2,-0.002099695046611612,0.002099695046611612,-0.0014149654393428121,0.0014149654393428121,0.021739490656213608,0.882788255088824,LAD fixed effect,int8_dummy,False,True,0.0,0.0,False,0.15952732644017725,0.09601181683899557,0.15952732644017725,0.3663220088626292,1.1477104874446085,False,auto_quick_xgb_plus_target_corr
lad_E07000163,0.0,2,0.0020718390101256766,0.0020718390101256766,0.0019239480549134505,0.0019239480549134505,0.02116649161192767,0.8843322591859918,LAD fixed effect,int8_dummy,False,True,0.0,0.0,False,0.15805022156573117,0.1255539143279173,0.15805022156573117,0.3663220088626292,1.174298375184638,False,auto_quick_xgb_plus_target_corr
lad_E06000015,0.0,2,-0.002038361905819151,0.002038361905819151,-0.004224248753677512,0.004224248753677512,0.020487991992548242,0.8861884084497605,LAD fixed effect,int8_dummy,False,True,0.0,0.0,False,0.15657311669128507,0.25997045790251105,0.15657311669128507,0.3663220088626292,1.3057607090103396,False,auto_quick_xgb_plus_target_corr
lad_E06000062,0.0,2,-0.0020348920123938376,0.0020348920123938376,-0.0013767485871627046,0.0013767485871627046,0.020418297858667736,0.8863808337394211,LAD fixed effect,int8_dummy,False,True,0.0,0.0,False,0.155096011816839,0.0930576070901034,0.155096011816839,0.3663220088626292,1.1358936484490398,False,auto_quick_xgb_plus_target_corr
lad_E08000036,0.0,2,0.0020302205506850415,0.0020302205506850415,0.00483031549550761,0.00483031549550761,0.020324657307774736,0.8866399033871927,LAD fixed effect,int8_dummy,False,True,0.0,0.0,False,0.1536189069423929,0.2968980797636632,0.1536189069423929,0.3663220088626292,1.3367799113737076,False,auto_quick_xgb_plus_target_corr
lad_E07000111,0.0,2,-0.0020258843712077875,0.0020258843712077875,-0.00014210382523872022,0.00014210382523872022,0.02023793017168439,0.8868803898117597,LAD fixed effect,int8_dummy,False,True,0.0,0.0,False,0.15214180206794684,0.005908419497784343,0.15214180206794684,0.3663220088626292,1.0428360413589366,False,auto_quick_xgb_plus_target_corr
lad_E07000234,0.0,2,-0.0019858621568331343,0.0019858621568331343,-0.007202356270646246,0.007202356270646246,0.019446207471806656,0.88910052823136,LAD fixed effect,int8_dummy,False,True,0.0,0.0,False,0.14918759231905465,0.3914327917282127,0.14918759231905465,0.3663220088626292,1.4224519940915805,False,auto_quick_xgb_plus_target_corr
lad_E07000170,0.0,2,0.0019475069813916256,0.0019475069813916256,0.008354976186471422,0.008354976186471422,0.018702286089029335,0.8912290081180029,LAD fixed effect,int8_dummy,False,True,0.0,0.0,False,0.14771048744460857,0.4431314623338257,0.14771048744460857,0.3663220088626292,1.4711964549483012,False,auto_quick_xgb_plus_target_corr
lad_E08000033,0.0,2,0.0019449744314058892,0.0019449744314058892,0.0031821540352602305,0.0031821540352602305,0.018653676397403264,0.8913695770521639,LAD fixed effect,int8_dummy,False,True,0.0,0.0,False,0.14623338257016247,0.19793205317577547,0.14623338257016247,0.3663220088626292,1.2230428360413588,False,auto_quick_xgb_plus_target_corr
lad_E06000002,0.0,2,0.0019306140213587722,0.0019306140213587722,0.0033813423031162143,0.0033813423031162143,0.018379239337268583,0.8921667145936283,LAD fixed effect,int8_dummy,False,True,0.0,0.0,False,0.1447562776957164,0.21418020679468242,0.1447562776957164,0.3663220088626292,1.2363367799113738,False,auto_quick_xgb_plus_target_corr
lad_E07000166,0.0,2,-0.0019279116014557657,0.0019279116014557657,-0.008403503308088634,0.008403503308088634,0.01832782165990796,0.892316736466065,LAD fixed effect,int8_dummy,False,True,0.0,0.0,False,0.1432791728212703,0.4460856720827179,0.1432791728212703,0.3663220088626292,1.465288035450517,False,auto_quick_xgb_plus_target_corr
lad_E07000146,0.0,2,0.001916469787649018,0.001916469787649018,0.001083389847119132,0.001083389847119132,0.018110921658831592,0.8929519588152873,LAD fixed effect,int8_dummy,False,True,0.0,0.0,False,0.14032496307237813,0.0723781388478582,0.14032496307237813,0.3663220088626292,1.085672082717873,False,auto_quick_xgb_plus_target_corr
lad_E06000007,0.0,2,-0.0019116065123811088,0.0019116065123811088,-0.002590662044736669,0.002590662044736669,0.0180191206144564,0.8932219771341982,LAD fixed effect,int8_dummy,False,True,0.0,0.0,False,0.13884785819793205,0.16248153618906944,0.13884785819793205,0.3663220088626292,1.172821270310192,False,auto_quick_xgb_plus_target_corr
lad_E07000235,0.0,2,-0.0018600673024862123,0.0018600673024862123,-0.0005113308583376172,0.0005113308583376172,0.01706058120043503,0.8960842866868709,LAD fixed effect,int8_dummy,False,True,0.0,0.0,False,0.1358936484490399,0.03545051698670606,0.1358936484490399,0.3663220088626292,1.0398818316100442,False,auto_quick_xgb_plus_target_corr
lad_E07000154,0.0,2,0.0018364434936367158,0.0018364434936367158,0.0015076129161970305,0.0015076129161970305,0.016629975406939033,0.8973967257515115,LAD fixed effect,int8_dummy,False,True,0.0,0.0,False,0.1344165435745938,0.103397341211226,0.1344165435745938,0.3663220088626292,1.104874446085672,False,auto_quick_xgb_plus_target_corr
lad_E07000110,0.0,2,0.001822526908116798,0.001822526908116798,0.00405906823887011,0.00405906823887011,0.016378885359399447,0.8981700040814773,LAD fixed effect,int8_dummy,False,True,0.0,0.0,False,0.1329394387001477,0.2466765140324963,0.1329394387001477,0.3663220088626292,1.24519940915805,False,auto_quick_xgb_plus_target_corr
lad_E08000034,0.0,2,-0.0018027309088838328,0.0018027309088838328,0.002146132129887339,0.002146132129887339,0.016025006855554153,0.8992701398063347,LAD fixed effect,int8_dummy,False,True,0.0,0.0,False,0.12998522895125553,0.1358936484490399,0.12998522895125553,0.3663220088626292,1.1285081240768093,False,auto_quick_xgb_plus_target_corr
lad_E07000062,0.0,2,-0.0017524555818875345,0.0017524555818875345,-0.0018121274124459023,0.0018121274124459023,0.015143643401007845,0.9020649877668245,LAD fixed effect,int8_dummy,False,True,0.0,0.0,False,0.12850812407680945,0.12112259970457903,0.12850812407680945,0.3663220088626292,1.1107828655834564,False,auto_quick_xgb_plus_target_corr
lad_E09000020,0.0,2,-0.001743196605601907,0.001743196605601907,-0.004510885529372708,0.004510885529372708,0.014984044887443666,0.9025798354833579,LAD fixed effect,int8_dummy,False,True,0.0,0.0,False,0.12703101920236337,0.2791728212703102,0.12703101920236337,0.3663220088626292,1.2658788774002954,False,auto_quick_xgb_plus_target_corr
lad_E09000005,0.0,2,0.001712297855100857,0.001712297855100857,0.006926488576306544,0.006926488576306544,0.014457556599773356,0.9042982635343044,LAD fixed effect,int8_dummy,False,True,0.0,0.0,False,0.1255539143279173,0.38404726735598227,0.1255539143279173,0.3663220088626292,1.3677991137370753,False,auto_quick_xgb_plus_target_corr
lad_E07000189,0.0,2,-0.0017089160881026706,0.0017089160881026706,-0.003102460549727102,0.003102460549727102,0.014400505836498111,0.9044863672086458,LAD fixed effect,int8_dummy,False,True,0.0,0.0,False,0.1240768094534712,0.18906942392909898,0.1240768094534712,0.3663220088626292,1.1698670605613,False,auto_quick_xgb_plus_target_corr
lad_E07000042,0.0,2,0.001695635410358096,0.001695635410358096,0.0017271080298244456,0.0017271080298244456,0.014177550605608094,0.9052251287087223,LAD fixed effect,int8_dummy,False,True,0.0,0.0,False,0.12259970457902511,0.11669128508124077,0.12259970457902511,0.3663220088626292,1.0945347119645494,False,auto_quick_xgb_plus_target_corr
lad_E07000128,0.0,2,-0.0016513199497639294,0.0016513199497639294,-0.002167994256847142,0.002167994256847142,0.013446171375458182,0.9076908454143953,LAD fixed effect,int8_dummy,False,True,0.0,0.0,False,0.12112259970457903,0.13737075332348597,0.11742983751846381,0.3663220088626292,1.1085672082717872,False,auto_quick_xgb_plus_target_corr
lad_E08000013,0.0,2,-0.001651319949763928,0.001651319949763928,-0.0021449175672784604,0.0021449175672784604,0.013446171375458203,0.9076908454143952,LAD fixed effect,int8_dummy,False,True,0.0,0.0,False,0.11964549483013294,0.1344165435745938,0.12112259970457903,0.3663220088626292,1.1078286558345642,False,auto_quick_xgb_plus_target_corr
lad_E07000221,0.0,2,-0.0016513199497639234,0.0016513199497639234,-0.0040991488049630835,0.0040991488049630835,0.013446171375458192,0.9076908454143952,LAD fixed effect,int8_dummy,False,True,0.0,0.0,False,0.11816838995568685,0.25406203840472674,0.11964549483013294,0.3663220088626292,1.224519940915805,False,auto_quick_xgb_plus_target_corr
lad_E07000094,0.0,2,-0.0016513199497639177,0.0016513199497639177,-0.0008441210131701758,0.0008441210131701758,0.013446171375458182,0.9076908454143953,LAD fixed effect,int8_dummy,False,True,0.0,0.0,False,0.11669128508124077,0.06646971935007386,0.11742983751846381,0.3663220088626292,1.033234859675037,False,auto_quick_xgb_plus_target_corr
lad_E09000004,0.0,2,0.0016234520866349228,0.0016234520866349228,0.0008441577156267587,0.0008441577156267587,0.01299616146988198,0.909241873210702,LAD fixed effect,int8_dummy,False,True,0.0,0.0,False,0.11521418020679468,0.06794682422451995,0.11521418020679468,0.3663220088626292,1.0310192023633677,False,auto_quick_xgb_plus_target_corr
lad_E08000003,0.0,2,0.001599046147605546,0.001599046147605546,0.0036558334527226313,0.0036558334527226313,0.012608345697582343,0.9106005067462632,LAD fixed effect,int8_dummy,False,True,0.0,0.0,False,0.1137370753323486,0.22156573116691286,0.1137370753323486,0.3663220088626292,1.1816838995568686,False,auto_quick_xgb_plus_target_corr
lad_E07000102,0.0,2,0.0015693230756103503,0.0015693230756103503,0.004431938959795641,0.004431938959795641,0.012143973016908234,0.9122554878548249,LAD fixed effect,int8_dummy,False,True,0.0,0.0,False,0.11225997045790251,0.27031019202363366,0.11225997045790251,0.3663220088626292,1.2274741506646971,False,auto_quick_xgb_plus_target_corr
lad_E06000051,0.0,2,0.0015679315304956293,0.0015679315304956293,0.0022032165725046023,0.0022032165725046023,0.012122445982927221,0.9123329784888701,LAD fixed effect,int8_dummy,False,True,0.0,0.0,False,0.11078286558345643,0.1432791728212703,0.11078286558345643,0.3663220088626292,1.0974889217134416,False,auto_quick_xgb_plus_target_corr
lad_E08000002,0.0,2,0.0014417417798743722,0.0014417417798743722,0.0006024230540034635,0.0006024230540034635,0.01024969336855892,0.9193634498998949,LAD fixed effect,int8_dummy,False,True,0.0,0.0,False,0.10930576070901034,0.04579025110782865,0.10930576070901034,0.3663220088626292,0.9970457902511078,False,auto_quick_xgb_plus_target_corr
lad_E07000245,0.0,2,-0.0014282986008578114,0.0014282986008578114,-0.003144502594385014,0.003144502594385014,0.010059442442063932,0.9201127976691057,LAD fixed effect,int8_dummy,False,True,0.0,0.0,False,0.10782865583456426,0.19054652880354506,0.10782865583456426,0.3663220088626292,1.138847858197932,False,auto_quick_xgb_plus_target_corr
lad_E07000218,0.0,2,-0.0014204036346800797,0.0014204036346800797,-0.0006959443748870656,0.0006959443748870656,0.009948541791213942,0.9205529108477555,LAD fixed effect,int8_dummy,False,True,0.0,0.0,False,0.10635155096011817,0.051698670605613,0.10635155096011817,0.3663220088626292,0.9970457902511078,False,auto_quick_xgb_plus_target_corr
lad_E07000007,0.0,2,-0.001391191470007416,0.001391191470007416,-0.0017784259661017038,0.0017784259661017038,0.009543543456082503,0.9221815841280828,LAD fixed effect,int8_dummy,False,True,0.0,0.0,False,0.10487444608567208,0.11964549483013294,0.10487444608567208,0.3663220088626292,1.0620384047267355,False,auto_quick_xgb_plus_target_corr
lad_E06000004,0.0,2,0.0013847954380696605,0.0013847954380696605,1.943300174204721e-05,1.943300174204721e-05,0.009455991729889044,0.9225382275068099,LAD fixed effect,int8_dummy,False,True,0.0,0.0,False,0.103397341211226,0.0029542097488921715,0.103397341211226,0.3663220088626292,0.9423929098966026,False,auto_quick_xgb_plus_target_corr
lad_E06000021,0.0,2,0.0013001649622873224,0.0013001649622873224,0.004910476627693555,0.004910476627693555,0.008335519140288562,0.9272586699481155,LAD fixed effect,int8_dummy,False,True,0.0,0.0,False,0.1019202363367799,0.30280649926144754,0.1019202363367799,0.3663220088626292,1.2392909896602657,False,auto_quick_xgb_plus_target_corr
lad_E07000211,0.0,2,0.0012599070425434304,0.0012599070425434304,0.002261515577730744,0.002261515577730744,0.007827312966907456,0.9295050488947146,LAD fixed effect,int8_dummy,False,True,0.0,0.0,False,0.09896602658788774,0.14623338257016247,0.09896602658788774,0.3663220088626292,1.0768094534711965,False,auto_quick_xgb_plus_target_corr
lad_E07000117,0.0,2,0.0012599070425434239,0.0012599070425434239,0.005738808326948317,0.005738808326948317,0.007827312966907448,0.9295050488947147,LAD fixed effect,int8_dummy,False,True,0.0,0.0,False,0.09748892171344166,0.3293943870014771,0.09748892171344166,0.3663220088626292,1.257016248153619,False,auto_quick_xgb_plus_target_corr
lad_E07000079,0.0,2,-0.0012304308300396204,0.0012304308300396204,0.001181769418438246,0.001181769418438246,0.007465348197900279,0.9311501692414919,LAD fixed effect,int8_dummy,False,True,0.0,0.0,False,0.09601181683899557,0.07976366322008863,0.09601181683899557,0.3663220088626292,1.0044313146233383,False,auto_quick_xgb_plus_target_corr
lad_E08000018,0.0,2,-0.0012298540455145674,0.0012298540455145674,-0.0033417269447092975,0.0033417269447092975,0.007458350820248404,0.9311823635782474,LAD fixed effect,int8_dummy,False,True,0.0,0.0,False,0.09453471196454949,0.21122599704579026,0.09453471196454949,0.3663220088626292,1.1329394387001477,False,auto_quick_xgb_plus_target_corr
lad_E07000149,0.0,2,0.0012241143418749694,0.0012241143418749694,0.00475865630158381,0.00475865630158381,0.007388897223239823,0.93150274229278,LAD fixed effect,int8_dummy,False,True,0.0,0.0,False,0.0915805022156573,0.29394387001477107,0.0915805022156573,0.3663220088626292,1.2097488921713442,False,auto_quick_xgb_plus_target_corr
lad_E07000028,0.0,2,-0.0012121446423357266,0.0012121446423357266,-0.0039127822010906485,0.0039127822010906485,0.007245102485164095,0.9321709024857665,LAD fixed effect,int8_dummy,False,True,0.0,0.0,False,0.09010339734121123,0.2363367799113737,0.09010339734121123,0.3663220088626292,1.1491875923190547,False,auto_quick_xgb_plus_target_corr
lad_E08000008,0.0,2,-0.001171869575316952,0.001171869575316952,-0.002732765869975389,0.002732765869975389,0.006771644604312988,0.9344194438210113,LAD fixed effect,int8_dummy,False,True,0.0,0.0,False,0.08862629246676514,0.16838995568685378,0.08862629246676514,0.3663220088626292,1.0782865583456425,False,auto_quick_xgb_plus_target_corr
lad_E06000049,0.0,2,-0.0011454656374792558,0.0011454656374792558,0.000196759142638228,0.000196759142638228,0.006469931807032885,0.9358938504294657,LAD fixed effect,int8_dummy,False,True,0.0,0.0,False,0.08714918759231906,0.013293943870014771,0.08714918759231906,0.3663220088626292,0.9202363367799113,False,auto_quick_xgb_plus_target_corr
lad_E08000021,0.0,2,0.0011375685460048145,0.0011375685460048145,0.005028289200754715,0.005028289200754715,0.006381028950162614,0.9363348701558084,LAD fixed effect,int8_dummy,False,True,0.0,0.0,False,0.08567208271787297,0.3072378138847858,0.08567208271787297,0.3663220088626292,1.2112259970457901,False,auto_quick_xgb_plus_target_corr
lad_E09000028,0.0,2,-0.0011340320885721222,0.0011340320885721222,-0.0023477495229610786,0.0023477495229610786,0.006341416059123884,0.9365323729392605,LAD fixed effect,int8_dummy,False,True,0.0,0.0,False,0.08419497784342689,0.14918759231905465,0.08419497784342689,0.3663220088626292,1.0502215657311669,False,auto_quick_xgb_plus_target_corr
lad_E07000241,0.0,2,0.0010774364987253318,0.0010774364987253318,0.0003412920930947041,0.0003412920930947041,0.005724253699832303,0.9396936257356628,LAD fixed effect,int8_dummy,False,True,0.0,0.0,False,0.0827178729689808,0.028064992614475627,0.0827178729689808,0.3663220088626292,0.9261447562776957,False,auto_quick_xgb_plus_target_corr
log1p_homelessness_relief_lag8q,0.4443543482667748,455,-0.0010704915711113904,0.0010704915711113904,-0.00654749454053345,0.00654749454053345,0.005650696792466591,0.9400816141508894,target history,float32_numeric,False,True,0.0,0.0,False,0.08124076809453472,0.3700147710487445,0.08124076809453472,0.3663220088626292,1.2651403249630724,False,auto_quick_xgb_plus_target_corr
lad_E07000238,0.0,2,-0.0010536689891426532,0.0010536689891426532,-0.0003170008409171451,0.0003170008409171451,0.005474492705917686,0.9410214907492325,LAD fixed effect,int8_dummy,False,True,0.0,0.0,False,0.07976366322008863,0.025110782865583457,0.07976366322008863,0.3663220088626292,0.9172821270310192,False,auto_quick_xgb_plus_target_corr
lad_E07000010,0.0,2,0.0010072711581696097,0.0010072711581696097,0.002733980432584267,0.002733980432584267,0.00500297393855539,0.9436141562759995,LAD fixed effect,int8_dummy,False,True,0.0,0.0,False,0.07680945347119646,0.16986706056129985,0.07680945347119646,0.3663220088626292,1.0561299852289512,False,auto_quick_xgb_plus_target_corr
average_house_price_qoq_pct_lag1q,0.0512872491384553,4680,0.0010067741376423263,0.0010067741376423263,0.0039226275435860925,0.0039226275435860925,0.004998037889777968,0.9436419325805212,house price / housing,float32_numeric,False,True,0.0,0.0,False,0.07533234859675036,0.23929098966026588,0.07533234859675036,0.3663220088626292,1.122599704579025,False,auto_quick_xgb_plus_target_corr
house_price_index_qoq_pct_lag1q,0.0512872491384553,4569,0.0010005863159383236,0.0010005863159383236,0.003918870270923102,0.003918870270923102,0.0049367888854756296,0.9439877486102376,house price / housing,float32_numeric,False,False,0.0,0.0,False,0.07385524372230429,0.2378138847858198,0.07385524372230429,0.3663220088626292,1.118168389955687,False,auto_quick_xgb_plus_target_corr
lad_E07000181,0.0,2,-0.000998862437923982,0.000998862437923982,-0.0050392202642346165,0.0050392202642346165,0.0049197926523602675,0.9440840920938144,LAD fixed effect,int8_dummy,False,True,0.0,0.0,False,0.0723781388478582,0.3087149187592319,0.0723781388478582,0.3663220088626292,1.1861152141802067,False,auto_quick_xgb_plus_target_corr
lad_E06000009,0.0,2,0.0009806624205318637,0.0009806624205318637,0.0005125454209464951,0.0005125454209464951,0.004742141259698522,0.945101297831614,LAD fixed effect,int8_dummy,False,True,0.0,0.0,False,0.07090103397341212,0.03692762186115214,0.07090103397341212,0.3663220088626292,0.9113737075332349,False,auto_quick_xgb_plus_target_corr
lad_E06000003,0.0,2,0.0009667164745640623,0.0009667164745640623,0.0006497909957497035,0.0006497909957497035,0.004608224706330184,0.9458808025823144,LAD fixed effect,int8_dummy,False,True,0.0,0.0,False,0.06942392909896603,0.047267355982274745,0.06942392909896603,0.3663220088626292,0.9187592319054653,False,auto_quick_xgb_plus_target_corr
lad_E08000015,0.0,2,-0.0009307817583518713,0.0009307817583518713,-0.0005939211157413178,0.0005939211157413178,0.00427199863643303,0.9478896004003552,LAD fixed effect,int8_dummy,False,True,0.0,0.0,False,0.06646971935007386,0.04431314623338257,0.06646971935007386,0.3663220088626292,0.9098966026587887,False,auto_quick_xgb_plus_target_corr
lad_E07000222,0.0,2,0.0008820828401071178,0.0008820828401071178,-0.0011389019103632075,0.0011389019103632075,0.003836666829813086,0.9506124600282381,LAD fixed effect,int8_dummy,False,True,0.0,0.0,False,0.06499261447562776,0.07533234859675036,0.06499261447562776,0.3663220088626292,0.9379615952732643,False,auto_quick_xgb_plus_target_corr
lad_E07000223,0.0,2,-0.0008760563822937235,0.0008760563822937235,-0.009339986462271441,0.009339986462271441,0.003784421069073451,0.9509494527786979,LAD fixed effect,int8_dummy,False,True,0.0,0.0,False,0.06351550960118169,0.48301329394387,0.06351550960118169,0.3663220088626292,1.3426883308714919,False,auto_quick_xgb_plus_target_corr
lad_E06000005,0.0,2,0.0008655509757911259,0.0008655509757911259,0.0011570002381101824,0.0011570002381101824,0.003694201910154632,0.9515369242404953,LAD fixed effect,int8_dummy,False,True,0.0,0.0,False,0.0620384047267356,0.07680945347119646,0.0620384047267356,0.3663220088626292,0.9335302806499262,False,auto_quick_xgb_plus_target_corr
lad_E07000243,0.0,2,-0.0008503925870331835,0.0008503925870331835,0.0018544328243140665,0.0018544328243140665,0.003565941778084742,0.9523846408375878,LAD fixed effect,int8_dummy,False,True,0.0,0.0,False,0.060561299852289516,0.12259970457902511,0.060561299852289516,0.3663220088626292,0.9763663220088625,False,auto_quick_xgb_plus_target_corr
lad_E09000009,0.0,2,0.0008025882135089419,0.0008025882135089419,0.0015825750793679698,0.0015825750793679698,0.003176295047328973,0.9550583973276758,LAD fixed effect,int8_dummy,False,True,0.0,0.0,False,0.059084194977843424,0.10930576070901034,0.059084194977843424,0.3663220088626292,0.9601181683899557,False,auto_quick_xgb_plus_target_corr
lad_E08000025,0.0,2,-0.000759997632852333,0.000759997632852333,0.0004906832939866921,0.0004906832939866921,0.0028481295030411222,0.9574409669552665,LAD fixed effect,int8_dummy,False,True,0.0,0.0,False,0.05760709010339734,0.03249630723781388,0.05760709010339734,0.3663220088626292,0.880354505169867,False,auto_quick_xgb_plus_target_corr
lad_E07000078,0.0,2,0.0007419108669248834,0.0007419108669248834,0.0027218348064954874,0.0027218348064954874,0.0027141803765993134,0.9584528791873707,LAD fixed effect,int8_dummy,False,True,0.0,0.0,False,0.056129985228951254,0.1654357459379616,0.056129985228951254,0.3663220088626292,1.0103397341211227,False,auto_quick_xgb_plus_target_corr
lad_E08000016,0.0,2,-0.0006973476439365378,0.0006973476439365378,-0.0042797465783561365,0.0042797465783561365,0.002397915580791773,0.9609463694613943,LAD fixed effect,int8_dummy,False,True,0.0,0.0,False,0.05465288035450517,0.26440177252584934,0.05465288035450517,0.3663220088626292,1.106351550960118,False,auto_quick_xgb_plus_target_corr
lad_E07000207,0.0,2,-0.0006472530206861179,0.0006472530206861179,0.000660722059229605,0.000660722059229605,0.0020657766127433375,0.9637498184913267,LAD fixed effect,int8_dummy,False,True,0.0,0.0,False,0.053175775480059084,0.04874446085672083,0.053175775480059084,0.3663220088626292,0.8877400295420974,False,auto_quick_xgb_plus_target_corr
lad_E07000034,0.0,2,-0.0006442706384098757,0.0006442706384098757,-0.0020817603116168072,0.0020817603116168072,0.0020467832859429828,0.963916736241044,LAD fixed effect,int8_dummy,False,True,0.0,0.0,False,0.051698670605613,0.13146233382570163,0.051698670605613,0.3663220088626292,0.9675036927621861,False,auto_quick_xgb_plus_target_corr
lad_E08000011,0.0,2,0.0006403755176840294,0.0006403755176840294,-0.002227507824682161,0.002227507824682161,0.002022109272021837,0.9641347404480136,LAD fixed effect,int8_dummy,False,True,0.0,0.0,False,0.050221565731166914,0.1447562776957164,0.050221565731166914,0.3663220088626292,0.9778434268833087,False,auto_quick_xgb_plus_target_corr
lad_E07000077,0.0,2,-0.0006275454169226696,0.0006275454169226696,0.0044853797145862715,0.0044853797145862715,0.0019418939019760042,0.9648528412787851,LAD fixed effect,int8_dummy,False,True,0.0,0.0,False,0.04874446085672083,0.27326440177252587,0.04874446085672083,0.3663220088626292,1.1033973412112261,False,auto_quick_xgb_plus_target_corr
private_rental_price_monthly_change_lag8q,0.08108655990269613,4526,0.000624172596912474,0.000624172596912474,-0.006955447448085677,0.006955447448085677,0.0019210760933962494,0.9650416227931291,rent,float32_numeric,False,True,0.0,0.0,False,0.047267355982274745,0.38552437223042835,0.047267355982274745,0.3663220088626292,1.2127031019202361,False,auto_quick_xgb_plus_target_corr
lad_E07000203,0.0,2,0.0005987883913458039,0.0005987883913458039,0.00023683970873120038,0.00023683970873120038,0.0017679985418688534,0.9664624748544647,LAD fixed effect,int8_dummy,False,True,0.0,0.0,False,0.04579025110782865,0.01772525849335303,0.04579025110782865,0.3663220088626292,0.8419497784342688,False,auto_quick_xgb_plus_target_corr
lad_E06000050,0.0,2,-0.0005715718888195877,0.0005715718888195877,-0.0008003967592505695,0.0008003967592505695,0.0016109307314639014,0.9679860057927977,LAD fixed effect,int8_dummy,False,True,0.0,0.0,False,0.04431314623338257,0.05760709010339734,0.04431314623338257,0.3663220088626292,0.8788774002954209,False,auto_quick_xgb_plus_target_corr
lad_E07000216,0.0,2,-0.0005569659391675747,0.0005569659391675747,-0.004037206111910308,0.004037206111910308,0.0015296511985186919,0.9688036691496623,LAD fixed effect,int8_dummy,False,True,0.0,0.0,False,0.04283604135893648,0.24224519940915806,0.04283604135893648,0.3663220088626292,1.0605612998522895,False,auto_quick_xgb_plus_target_corr
lad_E07000099,0.0,2,0.0005361020981757834,0.0005361020981757834,-0.004079715803221036,0.004079715803221036,0.0014171967289353289,0.9699717154709281,LAD fixed effect,int8_dummy,False,True,0.0,0.0,False,0.0413589364844904,0.2511078286558346,0.0413589364844904,0.3663220088626292,1.0664697193500738,False,auto_quick_xgb_plus_target_corr
lad_E08000022,0.0,2,0.0005180496263990559,0.0005180496263990559,0.0012133480462690727,0.0012133480462690727,0.0013233595285547144,0.9709824214750573,LAD fixed effect,int8_dummy,False,True,0.0,0.0,False,0.03988183161004431,0.0827178729689808,0.03988183161004431,0.3663220088626292,0.8951255539143279,False,auto_quick_xgb_plus_target_corr
lad_E07000073,0.0,2,0.00047722670734375483,0.00047722670734375483,-0.002727907619539877,0.002727907619539877,0.0011230124789877026,0.9732681486612929,LAD fixed effect,int8_dummy,False,True,0.0,0.0,False,0.03840472673559823,0.16691285081240767,0.03840472673559823,0.3663220088626292,0.9763663220088625,False,auto_quick_xgb_plus_target_corr
lad_E07000178,0.0,2,-0.0004771874056336686,0.0004771874056336686,-0.0012971528662816512,0.0012971528662816512,0.001122827516566953,0.9732703493228244,LAD fixed effect,int8_dummy,False,True,0.0,0.0,False,0.03692762186115214,0.08419497784342689,0.03692762186115214,0.3663220088626292,0.8906942392909896,False,auto_quick_xgb_plus_target_corr
lad_E06000044,0.0,2,0.00037585343880019664,0.00037585343880019664,-0.00034250665570358205,0.00034250665570358205,0.0006965817949782512,0.97894507616181,LAD fixed effect,int8_dummy,False,True,0.0,0.0,False,0.03545051698670606,0.029542097488921712,0.03545051698670606,0.3663220088626292,0.8330871491875923,False,auto_quick_xgb_plus_target_corr
lad_E07000213,0.0,2,-0.0003670283114404647,0.0003670283114404647,0.003222234601353203,0.003222234601353203,0.0006642540215591902,0.9794393400129812,LAD fixed effect,int8_dummy,False,True,0.0,0.0,False,0.033973412112259974,0.20236336779911374,0.033973412112259974,0.3663220088626292,1.0029542097488922,False,auto_quick_xgb_plus_target_corr
lad_E08000006,0.0,2,0.0003311018555390065,0.0003311018555390065,0.00021280857844191433,0.00021280857844191433,0.0005405778906964179,0.98145153188927,LAD fixed effect,int8_dummy,False,True,0.0,0.0,False,0.03249630723781388,0.01624815361890694,0.03249630723781388,0.3663220088626292,0.8138847858197932,False,auto_quick_xgb_plus_target_corr
lad_E07000165,0.0,2,-0.00032569028684515175,0.00032569028684515175,0.0008343803361197042,0.0008343803361197042,0.0005230517529654364,0.9817546370213902,LAD fixed effect,int8_dummy,False,True,0.0,0.0,False,0.0310192023633678,0.06499261447562776,0.0310192023633678,0.3663220088626292,0.8596750369276218,False,auto_quick_xgb_plus_target_corr
lad_E07000114,0.0,2,-0.00031994137274034707,0.00031994137274034707,-0.007588587180269435,0.007588587180269435,0.00050474945036491,0.9820766399510928,LAD fixed effect,int8_dummy,False,True,0.0,0.0,False,0.029542097488921712,0.4150664697193501,0.029542097488921712,0.3663220088626292,1.206794682422452,False,auto_quick_xgb_plus_target_corr
lad_E07000138,0.0,2,0.0003163805061405537,0.0003163805061405537,0.006155403301793453,0.006155403301793453,0.0004935765056321668,0.9822760894284492,LAD fixed effect,int8_dummy,False,True,0.0,0.0,False,0.028064992614475627,0.35450516986706054,0.028064992614475627,0.3663220088626292,1.1432791728212703,False,auto_quick_xgb_plus_target_corr
lad_E07000142,0.0,2,-0.0003158609929973362,0.0003158609929973362,-0.000270847461779783,0.000270847461779783,0.0004919568800520335,0.9823051882314258,LAD fixed effect,int8_dummy,False,True,0.0,0.0,False,0.026587887740029542,0.022156573116691284,0.026587887740029542,0.3663220088626292,0.8079763663220088,False,auto_quick_xgb_plus_target_corr
lad_E07000088,0.0,2,0.0002930624816836584,0.0002930624816836584,0.0006752968105361405,0.0006752968105361405,0.00042350201957188006,0.9835821937442552,LAD fixed effect,int8_dummy,False,True,0.0,0.0,False,0.023633677991137372,0.050221565731166914,0.023633677991137372,0.3663220088626292,0.8301329394387001,False,auto_quick_xgb_plus_target_corr
lad_E07000089,0.0,2,-0.00028758069304932204,0.00028758069304932204,-0.01390727213585401,0.01390727213585401,0.00040780682560432756,0.9838892497625885,LAD fixed effect,int8_dummy,False,True,0.0,0.0,False,0.022156573116691284,0.6115214180206795,0.022156573116691284,0.3663220088626292,1.3884785819793204,False,auto_quick_xgb_plus_target_corr
lad_E07000083,0.0,2,0.00027480295286597215,0.00027480295286597215,-0.0015182032610974385,0.0015182032610974385,0.0003723726928992696,0.9846049892103627,LAD fixed effect,int8_dummy,False,True,0.0,0.0,False,0.0206794682422452,0.10635155096011817,0.0206794682422452,0.3663220088626292,0.880354505169867,False,auto_quick_xgb_plus_target_corr
lad_E07000199,0.0,2,-0.00024375402850315833,0.00024375402850315833,-0.004899545564213652,0.004899545564213652,0.0002929804436429241,0.9863442314131835,LAD fixed effect,int8_dummy,False,True,0.0,0.0,False,0.019202363367799114,0.30132939438700146,0.019202363367799114,0.3663220088626292,1.0723781388478582,False,auto_quick_xgb_plus_target_corr
lad_E06000017,0.0,2,0.00021563536297135725,0.00021563536297135725,0.007374824161106916,0.007374824161106916,0.00022928465540666504,0.9879193879140071,LAD fixed effect,int8_dummy,False,True,0.0,0.0,False,0.01772525849335303,0.3988183161004431,0.01772525849335303,0.3663220088626292,1.1669128508124076,False,auto_quick_xgb_plus_target_corr
lad_E09000012,0.0,2,0.0001860729353843887,0.0001860729353843887,0.0002684183365620271,0.0002684183365620271,0.00017072669585141458,0.9895754719901972,LAD fixed effect,int8_dummy,False,True,0.0,0.0,False,0.01624815361890694,0.019202363367799114,0.01624815361890694,0.3663220088626292,0.7843426883308714,False,auto_quick_xgb_plus_target_corr
lad_E07000076,0.0,2,0.0001852594907845373,0.0001852594907845373,-0.001159907291478443,0.001159907291478443,0.0001692372459912564,0.9896210417383634,LAD fixed effect,int8_dummy,False,True,0.0,0.0,False,0.014771048744460856,0.07828655834564253,0.014771048744460856,0.3663220088626292,0.8404726735598227,False,auto_quick_xgb_plus_target_corr
lad_E09000029,0.0,2,0.00016360565807816107,0.00016360565807816107,-0.0010931063479901555,0.0010931063479901555,0.0001319871503253066,0.9908341169079042,LAD fixed effect,int8_dummy,False,True,0.0,0.0,False,0.013293943870014771,0.07385524372230429,0.013293943870014771,0.3663220088626292,0.8330871491875923,False,auto_quick_xgb_plus_target_corr
lad_E07000240,0.0,2,-0.00014012813651780674,0.00014012813651780674,0.007071183508887429,0.007071183508887429,9.682459839056832e-05,0.9921493812848748,LAD fixed effect,int8_dummy,False,True,0.0,0.0,False,0.011816838995568686,0.38847858197932056,0.011816838995568686,0.3663220088626292,1.1447562776957163,False,auto_quick_xgb_plus_target_corr
lad_E09000007,0.0,2,0.00012241590608126884,0.00012241590608126884,0.000269632899170905,0.000269632899170905,7.389426128558516e-05,0.9931416751945831,LAD fixed effect,int8_dummy,False,True,0.0,0.0,False,0.0103397341211226,0.0206794682422452,0.0103397341211226,0.3663220088626292,0.7740029542097489,False,auto_quick_xgb_plus_target_corr
lad_E07000026,0.0,2,-0.00010697529284553969,0.00010697529284553969,0.0036376900609180933,0.0036376900609180933,5.6428950826423e-05,0.9940067147911856,LAD fixed effect,int8_dummy,False,True,0.0,0.0,False,0.008862629246676515,0.22008862629246675,0.008862629246676515,0.3663220088626292,0.9704579025110782,False,auto_quick_xgb_plus_target_corr
lad_E07000090,0.0,2,-8.201476109674953e-05,8.201476109674953e-05,-0.003340047174414364,0.003340047174414364,3.316798236028077e-05,0.9954051094758631,LAD fixed effect,int8_dummy,False,True,0.0,0.0,False,0.007385524372230428,0.20974889217134415,0.007385524372230428,0.3663220088626292,0.9571639586410634,False,auto_quick_xgb_plus_target_corr
lad_E07000177,0.0,2,4.8175953822709236e-05,4.8175953822709236e-05,-0.001702816777646887,0.001702816777646887,1.1444469005856037e-05,0.9973009244690891,LAD fixed effect,int8_dummy,False,True,0.0,0.0,False,0.005908419497784343,0.11521418020679468,0.005908419497784343,0.3663220088626292,0.8596750369276218,False,auto_quick_xgb_plus_target_corr
lad_E07000070,0.0,2,4.540924164807569e-05,4.540924164807569e-05,-0.0014295401906493476,0.0014295401906493476,1.0167718209566058e-05,0.9974559299950684,LAD fixed effect,int8_dummy,False,True,0.0,0.0,False,0.004431314623338257,0.09896602658788774,0.004431314623338257,0.3663220088626292,0.8404726735598227,False,auto_quick_xgb_plus_target_corr
lad_E06000037,0.0,2,-3.85989765693933e-05,3.85989765693933e-05,0.012994605352385193,0.012994605352385193,7.346603183505146e-06,0.9978374766655419,LAD fixed effect,int8_dummy,False,True,0.0,0.0,False,0.0029542097488921715,0.5849335302806499,0.0029542097488921715,0.3663220088626292,1.3234859675036925,False,auto_quick_xgb_plus_target_corr
lad_E07000086,0.0,2,5.572779519533523e-06,5.572779519533523e-06,-0.0009400714592715338,0.0009400714592715338,1.5313650273290597e-07,0.9996877823905601,LAD fixed effect,int8_dummy,False,True,0.0,0.0,False,0.0014771048744460858,0.07090103397341212,0.0014771048744460858,0.3663220088626292,0.8064992614475628,False,auto_quick_xgb_plus_target_corr
