lad_code,lad_name,quarter,homelessness_total_assessments,homelessness_total_assessments_lag1q,split,target_growth_from_lag1
E06000001,Hartlepool,2019Q4,139.0,120.0,train,0.14585187701256253
E06000001,Hartlepool,2020Q1,138.0,139.0,train,-0.007168489478612372
E06000001,Hartlepool,2020Q2,113.0,138.0,train,-0.19827548473619583
E06000001,Hartlepool,2020Q3,138.0,113.0,train,0.19827548473619583
E06000001,Hartlepool,2020Q4,82.0,138.0,train,-0.5156333253340932
E06000001,Hartlepool,2021Q3,63.0,56.0,train,0.11583181552512123
E06000001,Hartlepool,2021Q4,78.0,63.0,train,0.21056476910735
E06000001,Hartlepool,2022Q1,118.0,78.0,train,0.4096756406445081
E06000001,Hartlepool,2022Q2,125.0,118.0,train,0.05715841383994835
E06000001,Hartlepool,2022Q3,143.0,125.0,train,0.13353139262452274
E06000001,Hartlepool,2022Q4,179.0,143.0,train,0.2231435513142097
E06000001,Hartlepool,2023Q1,174.0,179.0,train,-0.028170876966695957
E06000001,Hartlepool,2023Q2,184.0,174.0,train,0.055569851154809946
E06000001,Hartlepool,2023Q3,193.0,184.0,train,0.04750233398500381
E06000001,Hartlepool,2023Q4,214.0,193.0,train,0.10277986906433423
E06000001,Hartlepool,2024Q1,255.0,214.0,valid,0.17453941635189985
E06000001,Hartlepool,2024Q2,208.0,255.0,valid,-0.20284319251475136
E06000001,Hartlepool,2024Q3,185.0,208.0,valid,-0.11658757825160926
E06000001,Hartlepool,2024Q4,173.0,185.0,valid,-0.06669137449867257
E06000001,Hartlepool,2025Q1,185.0,173.0,test,0.06669137449867257
E06000001,Hartlepool,2025Q2,162.0,185.0,test,-0.13199647290643934
E06000001,Hartlepool,2025Q3,138.0,162.0,test,-0.15927626767607084
E06000002,Middlesbrough,2019Q4,280.0,344.0,train,-0.20518974769761478
E06000002,Middlesbrough,2020Q1,352.0,280.0,train,0.22811338759955113
E06000002,Middlesbrough,2020Q2,254.0,352.0,train,-0.32520451177487075
E06000002,Middlesbrough,2020Q3,263.0,254.0,train,0.03468555798789019
E06000002,Middlesbrough,2020Q4,235.0,263.0,train,-0.11211729812070548
E06000002,Middlesbrough,2021Q1,240.0,235.0,train,0.02096512846504428
E06000002,Middlesbrough,2021Q2,330.0,240.0,train,0.3173214418864081
E06000002,Middlesbrough,2021Q3,288.0,330.0,train,-0.13569168726463054
E06000002,Middlesbrough,2021Q4,335.0,288.0,train,0.15068447185077183
E06000002,Middlesbrough,2022Q1,326.0,335.0,train,-0.027150989065950704
E06000002,Middlesbrough,2022Q2,386.0,326.0,train,0.1684645221325285
E06000002,Middlesbrough,2022Q3,362.0,386.0,train,-0.0640218587649315
E06000002,Middlesbrough,2022Q4,344.0,362.0,train,-0.05085841723349027
E06000002,Middlesbrough,2023Q1,382.0,344.0,train,0.10449057214928548
E06000002,Middlesbrough,2023Q2,391.0,382.0,train,0.02322685060981655
E06000002,Middlesbrough,2023Q3,377.0,391.0,train,-0.036367644170874236
E06000002,Middlesbrough,2023Q4,453.0,377.0,train,0.18320300242176035
E06000002,Middlesbrough,2024Q1,509.0,453.0,valid,0.11631352767702285
E06000002,Middlesbrough,2024Q2,396.0,509.0,valid,-0.25047444503118044
E06000002,Middlesbrough,2024Q3,420.0,396.0,valid,0.05869655299519039
E06000002,Middlesbrough,2024Q4,380.0,420.0,valid,-0.09983345855567993
E06000002,Middlesbrough,2025Q1,320.0,380.0,test,-0.17135825199668542
E06000002,Middlesbrough,2025Q2,505.0,320.0,test,0.45509554615744996
E06000002,Middlesbrough,2025Q3,488.0,505.0,test,-0.03417417981259341
E06000003,Redcar and Cleveland,2019Q4,82.0,107.0,train,-0.26329061932762166
E06000003,Redcar and Cleveland,2020Q1,85.0,82.0,train,0.035506688456909075
E06000003,Redcar and Cleveland,2020Q2,90.0,85.0,train,0.05651221026334241
E06000003,Redcar and Cleveland,2020Q3,102.0,90.0,train,0.12386948171278611
E06000003,Redcar and Cleveland,2020Q4,123.0,102.0,train,0.1855525773754012
E06000003,Redcar and Cleveland,2021Q1,216.0,123.0,train,0.5596157879354227
E06000003,Redcar and Cleveland,2021Q2,138.0,216.0,train,-0.44542342040976823
E06000003,Redcar and Cleveland,2021Q3,120.0,138.0,train,-0.13868338753395015
E06000003,Redcar and Cleveland,2021Q4,146.0,120.0,train,0.19464204118199468
E06000003,Redcar and Cleveland,2022Q1,133.0,146.0,train,-0.0925927868278249
E06000003,Redcar and Cleveland,2022Q2,106.0,133.0,train,-0.22501096548900534
E06000003,Redcar and Cleveland,2022Q3,94.0,106.0,train,-0.11895194286136501
E06000003,Redcar and Cleveland,2022Q4,93.0,94.0,train,-0.010582109330536937
E06000003,Redcar and Cleveland,2023Q1,106.0,93.0,train,0.12953405219190195
E06000003,Redcar and Cleveland,2023Q2,84.0,106.0,train,-0.2301775779715891
E06000003,Redcar and Cleveland,2023Q3,97.0,84.0,train,0.14231622218025564
E06000003,Redcar and Cleveland,2023Q4,131.0,97.0,train,0.2978344439157983
E06000003,Redcar and Cleveland,2024Q1,143.0,131.0,valid,0.08701137698963013
E06000003,Redcar and Cleveland,2024Q2,168.0,143.0,valid,0.16008541534707277
E06000003,Redcar and Cleveland,2024Q3,161.0,168.0,valid,-0.04230237969068984
E06000003,Redcar and Cleveland,2024Q4,124.0,161.0,valid,-0.2592825979300821
E06000003,Redcar and Cleveland,2025Q1,110.0,124.0,test,-0.1187835359899676
E06000003,Redcar and Cleveland,2025Q2,97.0,110.0,test,-0.1245627226417616
E06000004,Stockton-on-Tees,2019Q4,478.0,602.0,train,-0.2302165993162708
E06000004,Stockton-on-Tees,2020Q1,642.0,478.0,train,0.2944441268267042
E06000004,Stockton-on-Tees,2020Q2,514.0,642.0,train,-0.22197782357388274
E06000004,Stockton-on-Tees,2020Q3,657.0,514.0,train,0.24503803066158092
E06000004,Stockton-on-Tees,2020Q4,534.0,657.0,train,-0.206938184429311
E06000004,Stockton-on-Tees,2021Q1,607.0,534.0,train,0.12790813507016097
E06000004,Stockton-on-Tees,2021Q2,592.0,607.0,train,-0.024980482968441464
E06000004,Stockton-on-Tees,2021Q3,625.0,592.0,train,0.05415597210237255
E06000004,Stockton-on-Tees,2021Q4,613.0,625.0,train,-0.019355442952956103
E06000004,Stockton-on-Tees,2022Q1,652.0,613.0,train,0.061582201129288805
E06000004,Stockton-on-Tees,2022Q2,645.0,652.0,train,-0.010777625493829213
E06000004,Stockton-on-Tees,2022Q3,711.0,645.0,train,0.09727840762937401
E06000004,Stockton-on-Tees,2022Q4,609.0,711.0,train,-0.15461895424461858
E06000004,Stockton-on-Tees,2023Q1,871.0,609.0,train,0.3573304667416224
E06000004,Stockton-on-Tees,2023Q2,754.0,871.0,train,-0.14407167465995485
E06000004,Stockton-on-Tees,2023Q3,820.0,754.0,train,0.08380536020340301
E06000004,Stockton-on-Tees,2023Q4,760.0,820.0,train,-0.07588975159074174
E06000004,Stockton-on-Tees,2024Q1,838.0,760.0,valid,0.09757734860551981
E06000004,Stockton-on-Tees,2024Q2,783.0,838.0,valid,-0.06780168611679827
E06000004,Stockton-on-Tees,2024Q3,524.0,783.0,valid,-0.40101075775878403
E06000004,Stockton-on-Tees,2024Q4,621.0,524.0,valid,0.16954183014755575
E06000004,Stockton-on-Tees,2025Q1,631.0,621.0,test,0.015949301407678362
E06000004,Stockton-on-Tees,2025Q2,580.0,631.0,test,-0.08413863729494686
E06000004,Stockton-on-Tees,2025Q3,616.0,580.0,test,0.060118267053477226
E06000005,Darlington,2019Q4,215.0,258.0,train,-0.18154965401537204
E06000005,Darlington,2020Q1,232.0,215.0,train,0.07576004588153484
E06000005,Darlington,2020Q2,207.0,232.0,train,-0.11350037386438228
E06000005,Darlington,2020Q3,184.0,207.0,train,-0.11718225462299348
E06000005,Darlington,2020Q4,223.0,184.0,train,0.19129022677671514
E06000005,Darlington,2021Q1,185.0,223.0,train,-0.18589937814183788
E06000005,Darlington,2021Q4,205.0,209.0,train,-0.019231361927887214
E06000005,Darlington,2022Q1,247.0,205.0,train,0.1855525773754012
E06000005,Darlington,2022Q2,303.0,247.0,train,0.2035989552412394
E06000005,Darlington,2022Q3,296.0,303.0,train,-0.023295562603522058
E06000005,Darlington,2022Q4,291.0,296.0,train,-0.016978336534418048
E06000005,Darlington,2023Q1,336.0,291.0,train,0.14332912808407983
E06000005,Darlington,2023Q2,350.0,336.0,train,0.04070329311350385
E06000005,Darlington,2023Q3,370.0,350.0,train,0.055415839141569556
E06000005,Darlington,2023Q4,347.0,370.0,train,-0.06399958283296048
E06000005,Darlington,2024Q1,344.0,347.0,valid,-0.008658062743114314
E06000005,Darlington,2024Q2,355.0,344.0,valid,0.03138631382067025
E06000005,Darlington,2024Q3,333.0,355.0,valid,-0.0637897378753296
E06000005,Darlington,2024Q4,336.0,333.0,valid,0.008941937375660736
E06000005,Darlington,2025Q1,427.0,336.0,test,0.239040265229435
E06000005,Darlington,2025Q2,378.0,427.0,test,-0.12158699049937027
E06000005,Darlington,2025Q3,401.0,378.0,test,0.058915883536594826
E06000006,Halton,2019Q4,346.0,389.0,train,-0.11682195917683291
E06000006,Halton,2020Q1,405.0,346.0,train,0.15702837965487326
E06000006,Halton,2020Q2,226.0,405.0,train,-0.5814031421203296
E06000006,Halton,2020Q3,297.0,226.0,train,0.27214346902400166
E06000006,Halton,2020Q4,229.0,297.0,train,-0.259014177582209
E06000006,Halton,2024Q1,448.0,303.0,valid,0.3899951863360327
E06000006,Halton,2024Q2,460.0,448.0,valid,0.026375155254394045
E06000006,Halton,2024Q3,421.0,460.0,valid,-0.08839272896063655
E06000006,Halton,2024Q4,415.0,421.0,valid,-0.014320053774748764
E06000006,Halton,2025Q1,316.0,415.0,test,-0.271783486383983
E06000006,Halton,2025Q2,245.0,316.0,test,-0.25357023794491784
E06000006,Halton,2025Q3,331.0,245.0,test,0.2998034329841257
E06000007,Warrington,2019Q4,355.0,404.0,train,-0.1289563362545083
E06000007,Warrington,2020Q1,473.0,355.0,train,0.28627659084304646
E06000007,Warrington,2020Q2,435.0,473.0,train,-0.08356507834604265
E06000007,Warrington,2020Q3,560.0,435.0,train,0.2520786621736617
E06000007,Warrington,2020Q4,517.0,560.0,train,-0.0797456632632132
E06000007,Warrington,2021Q1,555.0,517.0,train,0.07079305199109953
E06000007,Warrington,2021Q2,428.0,555.0,train,-0.2593113753225653
E06000007,Warrington,2021Q3,401.0,428.0,train,-0.06500483030899584
E06000007,Warrington,2021Q4,363.0,401.0,train,-0.09929822098228058
E06000007,Warrington,2022Q1,495.0,363.0,train,0.3094220590881873
E06000007,Warrington,2022Q2,332.0,495.0,train,-0.39843343674448395
E06000007,Warrington,2022Q3,359.0,332.0,train,0.0779615414697119
E06000007,Warrington,2022Q4,327.0,359.0,train,-0.09309042306601167
E06000007,Warrington,2023Q1,486.0,327.0,train,0.3952505146984455
E06000007,Warrington,2023Q2,337.0,486.0,train,-0.3652182275995708
E06000007,Warrington,2023Q3,371.0,337.0,train,0.09584795879012731
E06000007,Warrington,2023Q4,396.0,371.0,train,0.06504242641404456
E06000007,Warrington,2024Q1,414.0,396.0,valid,0.044342239543507134
E06000007,Warrington,2024Q2,379.0,414.0,valid,-0.08810726751026632
E06000007,Warrington,2024Q3,375.0,379.0,valid,-0.010582109330536937
E06000007,Warrington,2024Q4,326.0,375.0,valid,-0.13962897249264117
E06000007,Warrington,2025Q1,372.0,326.0,test,0.13161824874656247
E06000007,Warrington,2025Q2,344.0,372.0,test,-0.07803400261245574
E06000007,Warrington,2025Q3,329.0,344.0,test,-0.0444517625708345
E06000008,Blackburn with Darwen,2019Q4,304.0,359.0,train,-0.16579225484274396
E06000008,Blackburn with Darwen,2020Q1,302.0,304.0,train,-0.006578971098043063
E06000008,Blackburn with Darwen,2020Q2,168.0,302.0,train,-0.5838340905862953
E06000008,Blackburn with Darwen,2020Q3,301.0,168.0,train,0.5805283024517962
E06000008,Blackburn with Darwen,2020Q4,209.0,301.0,train,-0.3633194866574012
E06000008,Blackburn with Darwen,2021Q1,250.0,209.0,train,0.178345408414315
E06000008,Blackburn with Darwen,2021Q2,217.0,250.0,train,-0.14095787634269463
E06000008,Blackburn with Darwen,2021Q3,256.0,217.0,train,0.16458102210613124
E06000008,Blackburn with Darwen,2021Q4,263.0,256.0,train,0.026873018251095893
E06000008,Blackburn with Darwen,2022Q1,332.0,263.0,train,0.23219338683412794
E06000008,Blackburn with Darwen,2022Q2,261.0,332.0,train,-0.23979798621934734
E06000008,Blackburn with Darwen,2022Q3,243.0,261.0,train,-0.07117627846789443
E06000008,Blackburn with Darwen,2022Q4,250.0,243.0,train,0.028284713838581332
E06000008,Blackburn with Darwen,2023Q1,305.0,250.0,train,0.1981321628205972
E06000008,Blackburn with Darwen,2023Q2,276.0,305.0,train,-0.09956759576504215
E06000008,Blackburn with Darwen,2023Q3,303.0,276.0,train,0.09301019521888332
E06000008,Blackburn with Darwen,2023Q4,274.0,303.0,train,-0.10025660373965017
E06000008,Blackburn with Darwen,2024Q1,300.0,274.0,valid,0.09033916708230372
E06000008,Blackburn with Darwen,2024Q2,304.0,300.0,valid,0.013201511858536463
E06000008,Blackburn with Darwen,2024Q3,313.0,304.0,valid,0.029081209300841238
E06000008,Blackburn with Darwen,2024Q4,305.0,313.0,valid,-0.025807883955872413
E06000008,Blackburn with Darwen,2025Q1,354.0,305.0,test,0.14853268752303528
E06000008,Blackburn with Darwen,2025Q2,290.0,354.0,test,-0.19879452230392314
E06000008,Blackburn with Darwen,2025Q3,357.0,290.0,test,0.2072097192292075
E06000009,Blackpool,2019Q4,298.0,339.0,train,-0.1285020442195206
E06000009,Blackpool,2020Q1,383.0,298.0,train,0.25019897919704004
E06000009,Blackpool,2020Q2,335.0,383.0,train,-0.13353139262452274
E06000009,Blackpool,2020Q3,281.0,335.0,train,-0.17520408902509033
E06000009,Blackpool,2020Q4,275.0,281.0,train,-0.021506205220964247
E06000009,Blackpool,2021Q1,299.0,275.0,train,0.08338160893905133
E06000009,Blackpool,2021Q2,306.0,299.0,train,0.023065272930995917
E06000009,Blackpool,2021Q3,333.0,306.0,train,0.084293245389504
E06000009,Blackpool,2021Q4,347.0,333.0,train,0.04106148679777366
E06000009,Blackpool,2022Q1,415.0,347.0,train,0.17848278048678878
E06000009,Blackpool,2022Q2,409.0,415.0,train,-0.01452810056290943
E06000009,Blackpool,2022Q3,421.0,409.0,train,0.028848154337658194
E06000009,Blackpool,2022Q4,385.0,421.0,train,-0.08916794457118105
E06000009,Blackpool,2023Q1,524.0,385.0,train,0.3075608931267926
E06000009,Blackpool,2023Q2,431.0,524.0,train,-0.19497267434751286
E06000009,Blackpool,2023Q3,546.0,431.0,train,0.23602321417787042
E06000009,Blackpool,2023Q4,415.0,546.0,train,-0.27376354216071785
E06000009,Blackpool,2024Q1,590.0,415.0,valid,0.3511307571448352
E06000009,Blackpool,2024Q2,493.0,590.0,valid,-0.17928050021817565
E06000009,Blackpool,2024Q3,479.0,493.0,valid,-0.028749413285986236
E06000009,Blackpool,2024Q4,419.0,479.0,valid,-0.13353139262452274
E06000009,Blackpool,2025Q1,531.0,419.0,test,0.23638877806423064
E06000009,Blackpool,2025Q2,487.0,531.0,test,-0.08632808348849697
E06000009,Blackpool,2025Q3,518.0,487.0,test,0.061588477312740864
E06000010,"Kingston upon Hull, City of",2019Q4,786.0,889.0,train,-0.1229932143087824
E06000010,"Kingston upon Hull, City of",2020Q1,866.0,786.0,train,0.09681072836313831
E06000010,"Kingston upon Hull, City of",2020Q2,628.0,866.0,train,-0.3209077200801005
E06000010,"Kingston upon Hull, City of",2020Q3,710.0,628.0,train,0.12254117310279966
E06000010,"Kingston upon Hull, City of",2020Q4,616.0,710.0,train,-0.14180340589785256
E06000010,"Kingston upon Hull, City of",2021Q1,721.0,616.0,train,0.15715611498743787
E06000010,"Kingston upon Hull, City of",2021Q2,779.0,721.0,train,0.07726878079081168
E06000010,"Kingston upon Hull, City of",2021Q3,870.0,779.0,train,0.11034805716886531
E06000010,"Kingston upon Hull, City of",2021Q4,824.0,870.0,train,-0.054258590517822114
E06000010,"Kingston upon Hull, City of",2022Q1,1062.0,824.0,train,0.25346699200726697
E06000010,"Kingston upon Hull, City of",2022Q2,830.0,1062.0,train,-0.24622058348649922
E06000010,"Kingston upon Hull, City of",2022Q3,884.0,830.0,train,0.06295785015248079
E06000010,"Kingston upon Hull, City of",2023Q2,894.0,1088.0,train,-0.19619140465810503
E06000010,"Kingston upon Hull, City of",2023Q3,1057.0,894.0,train,0.16731189414338932
E06000010,"Kingston upon Hull, City of",2023Q4,911.0,1057.0,train,-0.14849562234391378
E06000010,"Kingston upon Hull, City of",2024Q1,900.0,911.0,valid,-0.012134732465993281
E06000010,"Kingston upon Hull, City of",2024Q2,887.0,900.0,valid,-0.014533514616167587
E06000010,"Kingston upon Hull, City of",2024Q3,945.0,887.0,valid,0.06327082605970791
E06000010,"Kingston upon Hull, City of",2024Q4,906.0,945.0,valid,-0.042100118936741815
E06000010,"Kingston upon Hull, City of",2025Q1,1068.0,906.0,test,0.16433646090990894
E06000010,"Kingston upon Hull, City of",2025Q2,990.0,1068.0,test,-0.07576437669505687
E06000010,"Kingston upon Hull, City of",2025Q3,1082.0,990.0,test,0.08877571267100226
E06000011,East Riding of Yorkshire,2019Q4,150.0,170.0,train,-0.12438371968773598
E06000011,East Riding of Yorkshire,2020Q1,157.0,150.0,train,0.04531519621204261
E06000011,East Riding of Yorkshire,2020Q2,73.0,157.0,train,-0.7585299398227967
E06000011,East Riding of Yorkshire,2020Q3,135.0,73.0,train,0.6085897925318822
E06000011,East Riding of Yorkshire,2020Q4,84.0,135.0,train,-0.4700036292457357
E06000011,East Riding of Yorkshire,2021Q1,127.0,84.0,train,0.4093790074293002
E06000011,East Riding of Yorkshire,2021Q2,118.0,127.0,train,-0.07290677080808727
E06000011,East Riding of Yorkshire,2021Q3,175.0,118.0,train,0.39136050192662175
E06000011,East Riding of Yorkshire,2021Q4,173.0,175.0,train,-0.01142869582362227
E06000011,East Riding of Yorkshire,2022Q1,236.0,173.0,train,0.3090048419206024
E06000011,East Riding of Yorkshire,2022Q2,271.0,236.0,train,0.13774192516086625
E06000011,East Riding of Yorkshire,2022Q3,270.0,271.0,train,-0.003683245416296721
E06000011,East Riding of Yorkshire,2023Q2,272.0,277.0,train,-0.018149318505677137
E06000011,East Riding of Yorkshire,2023Q3,265.0,272.0,train,-0.02597548640326064
E06000011,East Riding of Yorkshire,2023Q4,274.0,265.0,train,0.033274788884872564
E06000011,East Riding of Yorkshire,2024Q1,308.0,274.0,valid,0.11657017923117419
E06000011,East Riding of Yorkshire,2024Q2,335.0,308.0,valid,0.0837698830654583
E06000011,East Riding of Yorkshire,2024Q3,321.0,335.0,valid,-0.04255961441879563
E06000011,East Riding of Yorkshire,2024Q4,249.0,321.0,valid,-0.2530906276821625
E06000011,East Riding of Yorkshire,2025Q1,318.0,249.0,test,0.24373018492259835
E06000011,East Riding of Yorkshire,2025Q2,318.0,318.0,test,0.0
E06000011,East Riding of Yorkshire,2025Q3,373.0,318.0,test,0.15906469462968786
E06000012,North East Lincolnshire,2019Q4,304.0,361.0,train,-0.1713324352183596
E06000012,North East Lincolnshire,2020Q1,353.0,304.0,train,0.14898513652636236
E06000012,North East Lincolnshire,2020Q2,335.0,353.0,train,-0.05218575317057006
E06000012,North East Lincolnshire,2020Q3,337.0,335.0,train,0.005934735519814716
E06000012,North East Lincolnshire,2020Q4,284.0,337.0,train,-0.1705567152143681
E06000012,North East Lincolnshire,2021Q1,352.0,284.0,train,0.21397887666464577
E06000012,North East Lincolnshire,2021Q2,347.0,352.0,train,-0.01426557715882204
E06000012,North East Lincolnshire,2021Q3,418.0,347.0,train,0.18566844014766293
E06000012,North East Lincolnshire,2021Q4,413.0,418.0,train,-0.012004946096823232
E06000012,North East Lincolnshire,2022Q1,459.0,413.0,train,0.10536051565782678
E06000012,North East Lincolnshire,2022Q2,388.0,459.0,train,-0.1676471458646951
E06000012,North East Lincolnshire,2022Q3,295.0,388.0,train,-0.2732198892943858
E06000012,North East Lincolnshire,2022Q4,317.0,295.0,train,0.07169192845611683
E06000012,North East Lincolnshire,2023Q1,357.0,317.0,train,0.1184816036205234
E06000012,North East Lincolnshire,2023Q2,323.0,357.0,train,-0.09978947060837129
E06000012,North East Lincolnshire,2023Q3,329.0,323.0,train,0.018349138668196652
E06000012,North East Lincolnshire,2023Q4,334.0,329.0,train,0.015037877364540542
E06000012,North East Lincolnshire,2024Q1,355.0,334.0,valid,0.06080019902696421
E06000012,North East Lincolnshire,2024Q2,333.0,355.0,valid,-0.0637897378753296
E06000012,North East Lincolnshire,2024Q3,345.0,333.0,valid,0.035297782081023854
E06000012,North East Lincolnshire,2024Q4,338.0,345.0,valid,-0.020438667677274758
E06000012,North East Lincolnshire,2025Q1,352.0,338.0,test,0.040467949552846605
E06000012,North East Lincolnshire,2025Q2,307.0,352.0,test,-0.1363682739597225
E06000012,North East Lincolnshire,2025Q3,331.0,307.0,test,0.07503518594291414
E06000013,North Lincolnshire,2019Q4,65.0,78.0,train,-0.17979311044059632
E06000013,North Lincolnshire,2020Q1,96.0,65.0,train,0.38505623647695764
E06000013,North Lincolnshire,2020Q4,116.0,125.0,train,-0.07410797215372167
E06000013,North Lincolnshire,2021Q1,131.0,116.0,train,0.12062798778861428
E06000013,North Lincolnshire,2021Q2,102.0,131.0,train,-0.24807293435673472
E06000013,North Lincolnshire,2021Q3,159.0,102.0,train,0.44044482700419074
E06000013,North Lincolnshire,2021Q4,144.0,159.0,train,-0.0984400728132524
E06000013,North Lincolnshire,2022Q1,243.0,144.0,train,0.520434482872628
E06000013,North Lincolnshire,2022Q2,238.0,243.0,train,-0.020704673361691128
E06000013,North Lincolnshire,2022Q3,270.0,238.0,train,0.12565526894819
E06000013,North Lincolnshire,2023Q2,117.0,261.0,train,-0.7976598792954315
E06000013,North Lincolnshire,2023Q3,134.0,117.0,train,0.13459015397276453
E06000013,North Lincolnshire,2023Q4,160.0,134.0,train,0.1761295865460335
E06000013,North Lincolnshire,2024Q1,224.0,160.0,valid,0.334696037219957
E06000013,North Lincolnshire,2024Q2,254.0,224.0,valid,0.12516314295400566
E06000013,North Lincolnshire,2024Q3,218.0,254.0,valid,-0.15219181534192483
E06000013,North Lincolnshire,2024Q4,223.0,218.0,valid,0.022574322038538597
E06000013,North Lincolnshire,2025Q1,271.0,223.0,test,0.1941560144409582
E06000013,North Lincolnshire,2025Q2,296.0,271.0,test,0.08793007250670204
E06000013,North Lincolnshire,2025Q3,256.0,296.0,test,-0.1446560539074797
E06000014,York,2019Q4,199.0,240.0,train,-0.18647956694261847
E06000014,York,2020Q1,254.0,199.0,train,0.24294617861038947
E06000014,York,2020Q2,191.0,254.0,train,-0.2837681731306443
E06000014,York,2020Q3,221.0,191.0,train,0.1451820098444978
E06000014,York,2020Q4,187.0,221.0,train,-0.16623541904233008
E06000014,York,2021Q1,215.0,187.0,train,0.1388364448542161
E06000014,York,2021Q2,205.0,215.0,train,-0.04740223889458406
E06000014,York,2021Q3,230.0,205.0,train,0.11454154173221198
E06000014,York,2021Q4,171.0,230.0,train,-0.2949232337083405
E06000014,York,2022Q1,299.0,171.0,train,0.5562879978427482
E06000014,York,2022Q2,377.0,299.0,train,0.23111172096338706
E06000014,York,2022Q3,344.0,377.0,train,-0.09134977858822779
E06000014,York,2022Q4,225.0,344.0,train,-0.42300941775907397
E06000014,York,2023Q1,227.0,225.0,train,0.008810629682154847
E06000014,York,2023Q2,207.0,227.0,train,-0.09180754925312318
E06000014,York,2023Q3,168.0,207.0,train,-0.2076393647782444
E06000014,York,2023Q4,181.0,168.0,train,0.07410797215372167
E06000014,York,2024Q1,209.0,181.0,valid,0.14310084364067333
E06000014,York,2024Q2,215.0,209.0,valid,0.028170876966696845
E06000014,York,2024Q3,203.0,215.0,valid,-0.05715841383994924
E06000014,York,2024Q4,189.0,203.0,valid,-0.07109592168372991
E06000014,York,2025Q1,203.0,189.0,test,0.07109592168372991
E06000014,York,2025Q2,192.0,203.0,test,-0.055429804939330474
E06000014,York,2025Q3,226.0,192.0,test,0.16225982857651733
E06000015,Derby,2019Q4,589.0,649.0,train,-0.09684982598991798
E06000015,Derby,2020Q1,633.0,589.0,train,0.07192641753746098
E06000015,Derby,2020Q2,522.0,633.0,train,-0.19246749037230249
E06000015,Derby,2020Q3,586.0,522.0,train,0.11544335576317355
E06000015,Derby,2020Q4,546.0,586.0,train,-0.07057601740611563
E06000015,Derby,2021Q1,593.0,546.0,train,0.08243051694066406
E06000015,Derby,2021Q2,634.0,593.0,train,0.06674567953004651
E06000015,Derby,2021Q3,650.0,634.0,train,0.024884643315877142
E06000015,Derby,2021Q4,572.0,650.0,train,-0.12762392549382895
E06000015,Derby,2022Q1,715.0,572.0,train,0.22279445024590583
E06000015,Derby,2022Q2,659.0,715.0,train,-0.08144033194017464
E06000015,Derby,2022Q3,583.0,659.0,train,-0.12233885219224394
E06000015,Derby,2022Q4,579.0,583.0,train,-0.006872879287762146
E06000015,Derby,2023Q1,612.0,579.0,train,0.055336832395746605
E06000015,Derby,2023Q2,533.0,612.0,train,-0.13796909697601656
E06000015,Derby,2023Q3,679.0,533.0,train,0.24169695920995693
E06000015,Derby,2023Q4,630.0,679.0,train,-0.07478693562893923
E06000015,Derby,2024Q1,637.0,630.0,valid,0.011032420803577025
E06000015,Derby,2024Q2,578.0,637.0,valid,-0.09703580577179416
E06000015,Derby,2024Q3,601.0,578.0,valid,0.038954967735825186
E06000015,Derby,2024Q4,631.0,601.0,valid,0.0486319488380369
E06000015,Derby,2025Q1,596.0,631.0,test,-0.05697228075425542
E06000015,Derby,2025Q2,629.0,596.0,test,0.05380270599297621
E06000015,Derby,2025Q3,554.0,629.0,test,-0.12675170563914406
E06000016,Leicester,2019Q4,667.0,784.0,train,-0.16139554424576286
E06000016,Leicester,2020Q1,749.0,667.0,train,0.11578503299371068
E06000016,Leicester,2020Q2,550.0,749.0,train,-0.3083383973774412
E06000016,Leicester,2020Q3,676.0,550.0,train,0.20593646375936014
E06000016,Leicester,2020Q4,553.0,676.0,train,-0.20050658616499106
E06000016,Leicester,2021Q1,712.0,553.0,train,0.252316733667012
E06000016,Leicester,2021Q2,703.0,712.0,train,-0.012703064256253782
E06000016,Leicester,2021Q3,546.0,703.0,train,-0.25232955373606103
E06000016,Leicester,2021Q4,611.0,546.0,train,0.11228348009034494
E06000016,Leicester,2022Q1,796.0,611.0,train,0.26412239627788914
E06000016,Leicester,2022Q2,546.0,796.0,train,-0.3764058763682341
E06000016,Leicester,2022Q3,707.0,546.0,train,0.2579952912717385
E06000016,Leicester,2022Q4,686.0,707.0,train,-0.030109801471370545
E06000016,Leicester,2023Q1,748.0,686.0,train,0.08640469129487016
E06000016,Leicester,2023Q2,643.0,748.0,train,-0.1510402574128653
E06000016,Leicester,2023Q3,709.0,643.0,train,0.09756624393100743
E06000016,Leicester,2023Q4,690.0,709.0,train,-0.027125146267691136
E06000016,Leicester,2024Q1,745.0,690.0,valid,0.07658577643609021
E06000016,Leicester,2024Q2,880.0,745.0,valid,0.16633202573241945
E06000016,Leicester,2024Q3,851.0,880.0,valid,-0.03347109910686452
E06000016,Leicester,2024Q4,832.0,851.0,valid,-0.022552884662472295
E06000016,Leicester,2025Q1,851.0,832.0,test,0.022552884662472295
E06000016,Leicester,2025Q2,912.0,851.0,test,0.06914935376565268
E06000016,Leicester,2025Q3,900.0,912.0,test,-0.013230622986630358
E06000017,Rutland,2019Q4,19.0,25.0,train,-0.2623642644674913
E06000017,Rutland,2020Q1,27.0,19.0,train,0.33647223662121295
E06000017,Rutland,2020Q2,15.0,27.0,train,-0.5596157879354227
E06000017,Rutland,2020Q3,20.0,15.0,train,0.27193371548364187
E06000017,Rutland,2020Q4,21.0,20.0,train,0.04652001563489305
E06000017,Rutland,2021Q1,30.0,21.0,train,0.3429447511268302
E06000017,Rutland,2021Q2,17.0,30.0,train,-0.5436154465889818
E06000017,Rutland,2021Q3,25.0,17.0,train,0.3677247801253176
E06000017,Rutland,2021Q4,27.0,25.0,train,0.07410797215372167
E06000017,Rutland,2022Q1,41.0,27.0,train,0.4054651081081646
E06000017,Rutland,2022Q2,35.0,41.0,train,-0.1541506798272585
E06000017,Rutland,2022Q3,41.0,35.0,train,0.1541506798272585
E06000017,Rutland,2022Q4,27.0,41.0,train,-0.4054651081081646
E06000017,Rutland,2023Q1,39.0,27.0,train,0.35667494393873245
E06000017,Rutland,2023Q2,21.0,39.0,train,-0.5978370007556202
E06000017,Rutland,2023Q3,36.0,21.0,train,0.5198754592859083
E06000017,Rutland,2023Q4,29.0,36.0,train,-0.2097205309820689
E06000017,Rutland,2024Q1,37.0,29.0,valid,0.2363887780642302
E06000017,Rutland,2024Q2,34.0,37.0,valid,-0.08223809823697215
E06000017,Rutland,2024Q3,34.0,34.0,valid,0.0
E06000017,Rutland,2024Q4,42.0,34.0,valid,0.20585205420414887
E06000017,Rutland,2025Q1,32.0,42.0,test,-0.26469255422708216
E06000017,Rutland,2025Q2,37.0,32.0,test,0.14107859825990543
E06000017,Rutland,2025Q3,40.0,37.0,test,0.07598590697792229
E06000018,Nottingham,2019Q4,659.0,731.0,train,-0.10354067894084018
E06000018,Nottingham,2020Q1,769.0,659.0,train,0.15415067982725805
E06000018,Nottingham,2020Q2,728.0,769.0,train,-0.05471678283907089
E06000018,Nottingham,2020Q3,724.0,728.0,train,-0.005502077153983542
E06000018,Nottingham,2020Q4,726.0,724.0,train,0.0027548226788445263
E06000018,Nottingham,2021Q1,670.0,726.0,train,-0.08015734056183721
E06000018,Nottingham,2021Q2,688.0,670.0,train,0.02647213404197668
E06000018,Nottingham,2021Q3,716.0,688.0,train,0.03983456958596143
E06000018,Nottingham,2021Q4,674.0,716.0,train,-0.060363149727090004
E06000018,Nottingham,2022Q1,645.0,674.0,train,-0.04391318708992831
E06000018,Nottingham,2022Q2,546.0,645.0,train,-0.1663507013606207
E06000018,Nottingham,2023Q1,667.0,641.0,train,0.039699869846684166
E06000018,Nottingham,2023Q2,625.0,667.0,train,-0.06493780243654701
E06000018,Nottingham,2023Q3,721.0,625.0,train,0.14267476779272759
E06000018,Nottingham,2023Q4,706.0,721.0,train,-0.02099447299625279
E06000018,Nottingham,2024Q1,763.0,706.0,valid,0.07753712326994755
E06000018,Nottingham,2024Q2,752.0,763.0,valid,-0.014502561366627198
E06000018,Nottingham,2024Q3,646.0,752.0,valid,-0.15171893329899255
E06000018,Nottingham,2024Q4,680.0,646.0,valid,0.051216011648611115
E06000018,Nottingham,2025Q1,864.0,680.0,test,0.23916720078236686
E06000018,Nottingham,2025Q2,816.0,864.0,test,-0.05709041207187582
E06000018,Nottingham,2025Q3,814.0,816.0,test,-0.002450981619140258
E06000019,"Herefordshire, County of",2019Q4,221.0,243.0,train,-0.09449084342092284
E06000019,"Herefordshire, County of",2020Q1,292.0,221.0,train,0.27749522714478836
E06000019,"Herefordshire, County of",2020Q2,296.0,292.0,train,0.01355952978563213
E06000019,"Herefordshire, County of",2020Q3,281.0,296.0,train,-0.05182506786458596
E06000019,"Herefordshire, County of",2020Q4,262.0,281.0,train,-0.0697530387603491
E06000019,"Herefordshire, County of",2021Q1,299.0,262.0,train,0.1316284424784362
E06000019,"Herefordshire, County of",2021Q2,283.0,299.0,train,-0.05480823649499467
E06000019,"Herefordshire, County of",2021Q3,314.0,283.0,train,0.10359840066442683
E06000019,"Herefordshire, County of",2021Q4,225.0,314.0,train,-0.33203763955334686
E06000019,"Herefordshire, County of",2022Q1,337.0,225.0,train,0.40251089621073266
E06000019,"Herefordshire, County of",2022Q2,300.0,337.0,train,-0.11593563073414348
E06000019,"Herefordshire, County of",2022Q3,310.0,300.0,train,0.032682647430358536
E06000019,"Herefordshire, County of",2022Q4,337.0,310.0,train,0.08325298330378494
E06000019,"Herefordshire, County of",2023Q1,386.0,337.0,train,0.13537879754676307
E06000019,"Herefordshire, County of",2023Q2,223.0,386.0,train,-0.5467786411747424
E06000019,"Herefordshire, County of",2023Q3,295.0,223.0,train,0.27871340246902054
E06000019,"Herefordshire, County of",2023Q4,175.0,295.0,train,-0.5198754592859087
E06000019,"Herefordshire, County of",2024Q1,171.0,175.0,valid,-0.022989518224698635
E06000019,"Herefordshire, County of",2024Q2,200.0,171.0,valid,0.155810431245623
E06000019,"Herefordshire, County of",2024Q3,149.0,200.0,valid,-0.2926696139628202
E06000019,"Herefordshire, County of",2025Q2,135.0,167.0,test,-0.2113090936672064
E06000019,"Herefordshire, County of",2025Q3,136.0,135.0,test,0.0073260400920727164
E06000020,Telford and Wrekin,2019Q4,122.0,91.0,train,0.2903957783233766
E06000020,Telford and Wrekin,2020Q1,119.0,122.0,train,-0.024692612590371255
E06000020,Telford and Wrekin,2020Q2,193.0,119.0,train,0.4803664162812824
E06000020,Telford and Wrekin,2020Q3,187.0,193.0,train,-0.03141619623337899
E06000020,Telford and Wrekin,2020Q4,268.0,187.0,train,0.35826941677188984
E06000020,Telford and Wrekin,2021Q1,257.0,268.0,train,-0.04175179468022172
E06000020,Telford and Wrekin,2021Q2,189.0,257.0,train,-0.3059355127611312
E06000020,Telford and Wrekin,2021Q3,195.0,189.0,train,0.03109058707003065
E06000020,Telford and Wrekin,2021Q4,222.0,195.0,train,0.12905711222960203
E06000020,Telford and Wrekin,2022Q1,266.0,222.0,train,0.1800768869401308
E06000020,Telford and Wrekin,2022Q2,237.0,266.0,train,-0.11497798472877463
E06000020,Telford and Wrekin,2022Q3,269.0,237.0,train,0.1261512853269
E06000020,Telford and Wrekin,2022Q4,274.0,269.0,train,0.018349138668196652
E06000020,Telford and Wrekin,2023Q1,378.0,274.0,train,0.3207651074158546
E06000020,Telford and Wrekin,2023Q2,331.0,378.0,train,-0.13240123616593813
E06000020,Telford and Wrekin,2023Q3,356.0,331.0,train,0.07260081286315057
E06000020,Telford and Wrekin,2023Q4,326.0,356.0,train,-0.08777561088238528
E06000020,Telford and Wrekin,2024Q1,376.0,326.0,valid,0.14228501655075743
E06000020,Telford and Wrekin,2024Q2,338.0,376.0,valid,-0.10624508006756095
E06000020,Telford and Wrekin,2024Q3,291.0,338.0,valid,-0.1492463051121682
E06000020,Telford and Wrekin,2024Q4,300.0,291.0,valid,0.03035646248059365
E06000020,Telford and Wrekin,2025Q1,336.0,300.0,test,0.11297266560348618
E06000020,Telford and Wrekin,2025Q2,312.0,336.0,test,-0.07387973981220863
E06000020,Telford and Wrekin,2025Q3,296.0,312.0,test,-0.052471051737453145
E06000021,Stoke-on-Trent,2019Q4,347.0,452.0,train,-0.2636896457085598
E06000021,Stoke-on-Trent,2020Q1,426.0,347.0,train,0.2045815334541503
E06000021,Stoke-on-Trent,2020Q2,289.0,426.0,train,-0.3869030902481052
E06000021,Stoke-on-Trent,2020Q3,395.0,289.0,train,0.311533288273961
E06000021,Stoke-on-Trent,2020Q4,357.0,395.0,train,-0.10088122485378026
E06000021,Stoke-on-Trent,2021Q1,399.0,357.0,train,0.11093156070728138
E06000021,Stoke-on-Trent,2021Q2,336.0,399.0,train,-0.17138161675562014
E06000021,Stoke-on-Trent,2021Q3,372.0,336.0,train,0.10149548929145435
E06000021,Stoke-on-Trent,2021Q4,338.0,372.0,train,-0.095578312263366
E06000021,Stoke-on-Trent,2022Q1,359.0,338.0,train,0.06010392406970588
E06000021,Stoke-on-Trent,2022Q2,372.0,359.0,train,0.03547438819366011
E06000021,Stoke-on-Trent,2022Q3,384.0,372.0,train,0.0316649146439687
E06000021,Stoke-on-Trent,2022Q4,391.0,384.0,train,0.018018505502677584
E06000021,Stoke-on-Trent,2023Q1,442.0,391.0,train,0.12230793025467346
E06000021,Stoke-on-Trent,2023Q2,406.0,442.0,train,-0.0847565846025411
E06000021,Stoke-on-Trent,2023Q3,485.0,406.0,train,0.17739543845789907
E06000021,Stoke-on-Trent,2023Q4,567.0,485.0,train,0.155912794820658
E06000021,Stoke-on-Trent,2024Q1,658.0,567.0,valid,0.14860211578135551
E06000021,Stoke-on-Trent,2024Q2,569.0,658.0,valid,-0.145087173673911
E06000021,Stoke-on-Trent,2024Q3,584.0,569.0,valid,0.02597548640326064
E06000021,Stoke-on-Trent,2024Q4,541.0,584.0,valid,-0.07634584579221038
E06000021,Stoke-on-Trent,2025Q1,619.0,541.0,test,0.13445347659949114
E06000021,Stoke-on-Trent,2025Q2,588.0,619.0,test,-0.051293294387551036
E06000021,Stoke-on-Trent,2025Q3,537.0,588.0,test,-0.09056762348980207
E06000022,Bath and North East Somerset,2019Q4,87.0,83.0,train,0.0465200156348935
E06000022,Bath and North East Somerset,2020Q1,137.0,87.0,train,0.4499168706789982
E06000022,Bath and North East Somerset,2020Q2,125.0,137.0,train,-0.0909717782057271
E06000022,Bath and North East Somerset,2020Q3,92.0,125.0,train,-0.3036824137982217
E06000022,Bath and North East Somerset,2020Q4,85.0,92.0,train,-0.07825219689974894
E06000022,Bath and North East Somerset,2021Q1,99.0,85.0,train,0.15082288973458446
E06000022,Bath and North East Somerset,2021Q2,84.0,99.0,train,-0.16251892949777513
E06000022,Bath and North East Somerset,2021Q3,90.0,84.0,train,0.06820825002653308
E06000022,Bath and North East Somerset,2021Q4,85.0,90.0,train,-0.05651221026334241
E06000022,Bath and North East Somerset,2022Q1,103.0,85.0,train,0.19004360288786515
E06000022,Bath and North East Somerset,2022Q2,91.0,103.0,train,-0.12260232209233202
E06000022,Bath and North East Somerset,2022Q3,125.0,91.0,train,0.3144933299024375
E06000022,Bath and North East Somerset,2022Q4,119.0,125.0,train,-0.04879016416943216
E06000022,Bath and North East Somerset,2023Q1,161.0,119.0,train,0.3001045924503378
E06000022,Bath and North East Somerset,2023Q2,196.0,161.0,train,0.19560739350560485
E06000022,Bath and North East Somerset,2023Q3,250.0,196.0,train,0.242249210393795
E06000022,Bath and North East Somerset,2023Q4,220.0,250.0,train,-0.12729023761403102
E06000022,Bath and North East Somerset,2024Q1,152.0,220.0,valid,-0.3677247801253172
E06000022,Bath and North East Somerset,2024Q2,164.0,152.0,valid,0.075507552508145
E06000022,Bath and North East Somerset,2024Q3,131.0,164.0,valid,-0.2231435513142097
E06000022,Bath and North East Somerset,2024Q4,154.0,131.0,valid,0.1606231943328762
E06000022,Bath and North East Somerset,2025Q1,138.0,154.0,test,-0.10895118378855528
E06000022,Bath and North East Somerset,2025Q2,146.0,138.0,test,0.05595865364804453
E06000022,Bath and North East Somerset,2025Q3,167.0,146.0,test,0.13353139262452274
E06000023,"Bristol, City of",2019Q4,727.0,678.0,train,0.06967992063798967
E06000023,"Bristol, City of",2020Q1,770.0,727.0,train,0.05738732536664326
E06000023,"Bristol, City of",2020Q2,865.0,770.0,train,0.11619653499910587
E06000023,"Bristol, City of",2020Q3,1042.0,865.0,train,0.18597154643833758
E06000023,"Bristol, City of",2020Q4,751.0,1042.0,train,-0.3271201310509326
E06000023,"Bristol, City of",2021Q1,842.0,751.0,train,0.11423063405201539
E06000023,"Bristol, City of",2021Q2,754.0,842.0,train,-0.11024920875283062
E06000023,"Bristol, City of",2021Q3,689.0,754.0,train,-0.0900261516577201
E06000023,"Bristol, City of",2021Q4,794.0,689.0,train,0.14165051706302734
E06000023,"Bristol, City of",2022Q1,884.0,794.0,train,0.1072455303535973
E06000023,"Bristol, City of",2022Q2,805.0,884.0,train,-0.09350390250130136
E06000023,"Bristol, City of",2022Q3,797.0,805.0,train,-0.009975145056818846
E06000023,"Bristol, City of",2022Q4,795.0,797.0,train,-0.0025094116054260596
E06000023,"Bristol, City of",2023Q1,810.0,795.0,train,0.018668868271030092
E06000023,"Bristol, City of",2023Q2,694.0,810.0,train,-0.15435620855062115
E06000023,"Bristol, City of",2023Q3,853.0,694.0,train,0.2060193482237782
E06000023,"Bristol, City of",2023Q4,945.0,853.0,train,0.1023113752633078
E06000023,"Bristol, City of",2024Q1,901.0,945.0,valid,-0.04762804898925399
E06000023,"Bristol, City of",2024Q2,959.0,901.0,valid,0.062318764399257986
E06000023,"Bristol, City of",2024Q3,840.0,959.0,valid,-0.13234162448893372
E06000023,"Bristol, City of",2024Q4,862.0,840.0,valid,0.025823031110479455
E06000023,"Bristol, City of",2025Q1,843.0,862.0,test,-0.022262196487470298
E06000023,"Bristol, City of",2025Q2,780.0,843.0,test,-0.07757734475627132
E06000023,"Bristol, City of",2025Q3,769.0,780.0,test,-0.01418463499195699
E06000024,North Somerset,2019Q4,236.0,292.0,train,-0.21211246788193616
E06000024,North Somerset,2020Q1,285.0,236.0,train,0.18793166968472086
E06000024,North Somerset,2020Q2,198.0,285.0,train,-0.3626869860953601
E06000024,North Somerset,2020Q3,209.0,198.0,train,0.05380270599297621
E06000024,North Somerset,2020Q4,242.0,209.0,train,0.14595391262307977
E06000024,North Somerset,2021Q1,258.0,242.0,train,0.06376661835898911
E06000024,North Somerset,2021Q2,266.0,258.0,train,0.030420596700712288
E06000024,North Somerset,2021Q3,238.0,266.0,train,-0.11078510646873863
E06000024,North Somerset,2021Q4,246.0,238.0,train,0.032924784696466425
E06000024,North Somerset,2022Q1,212.0,246.0,train,-0.14809617091855198
E06000024,North Somerset,2022Q2,191.0,212.0,train,-0.10379679368164396
E06000024,North Somerset,2022Q3,245.0,191.0,train,0.24783616390458096
E06000024,North Somerset,2022Q4,191.0,245.0,train,-0.24783616390458096
E06000024,North Somerset,2023Q1,191.0,191.0,train,0.0
E06000024,North Somerset,2023Q2,206.0,191.0,train,0.0752234212375873
E06000024,North Somerset,2023Q3,200.0,206.0,train,-0.029413885206293067
E06000024,North Somerset,2023Q4,207.0,200.0,train,0.034233171642242155
E06000024,North Somerset,2024Q1,237.0,207.0,valid,0.13473259397015713
E06000024,North Somerset,2024Q2,214.0,237.0,valid,-0.10163264554381257
E06000024,North Somerset,2024Q3,237.0,214.0,valid,0.10163264554381257
E06000024,North Somerset,2024Q4,229.0,237.0,valid,-0.03419136474827944
E06000024,North Somerset,2025Q1,244.0,229.0,test,0.06317890162153184
E06000024,North Somerset,2025Q2,212.0,244.0,test,-0.13996604483530195
E06000024,North Somerset,2025Q3,208.0,212.0,test,-0.01895791374461453
E06000025,South Gloucestershire,2019Q4,285.0,349.0,train,-0.2019413436636066
E06000025,South Gloucestershire,2020Q1,253.0,285.0,train,-0.11865754380131577
E06000025,South Gloucestershire,2020Q2,215.0,253.0,train,-0.16205585933437128
E06000025,South Gloucestershire,2020Q3,210.0,215.0,train,-0.023420274208098668
E06000025,South Gloucestershire,2020Q4,234.0,210.0,train,0.10772738066809229
E06000025,South Gloucestershire,2021Q1,212.0,234.0,train,-0.09829334843473347
E06000025,South Gloucestershire,2021Q2,208.0,212.0,train,-0.01895791374461453
E06000025,South Gloucestershire,2021Q3,202.0,208.0,train,-0.02912827292302378
E06000025,South Gloucestershire,2021Q4,251.0,202.0,train,0.21622310846963622
E06000025,South Gloucestershire,2022Q1,208.0,251.0,train,-0.18709483554661244
E06000025,South Gloucestershire,2022Q2,163.0,208.0,train,-0.2424678241406122
E06000025,South Gloucestershire,2022Q3,208.0,163.0,train,0.2424678241406122
E06000025,South Gloucestershire,2022Q4,221.0,208.0,train,0.060343129907468374
E06000025,South Gloucestershire,2023Q1,175.0,221.0,train,-0.23219338683412794
E06000025,South Gloucestershire,2023Q2,179.0,175.0,train,0.022472855852059048
E06000025,South Gloucestershire,2023Q3,228.0,179.0,train,0.24076515266402954
E06000025,South Gloucestershire,2023Q4,261.0,228.0,train,0.13462250020685662
E06000025,South Gloucestershire,2024Q1,268.0,261.0,valid,0.026366875840742487
E06000025,South Gloucestershire,2024Q2,274.0,268.0,valid,0.022059718064732614
E06000025,South Gloucestershire,2024Q3,234.0,274.0,valid,-0.15718558352241274
E06000025,South Gloucestershire,2024Q4,237.0,234.0,valid,0.012685159527316081
E06000025,South Gloucestershire,2025Q1,269.0,237.0,test,0.1261512853269
E06000025,South Gloucestershire,2025Q2,249.0,269.0,test,-0.076961041136129
E06000025,South Gloucestershire,2025Q3,288.0,249.0,test,0.1449657702501863
E06000026,Plymouth,2019Q4,425.0,389.0,train,0.08829260714567866
E06000026,Plymouth,2020Q1,482.0,425.0,train,0.1255773073832014
E06000026,Plymouth,2020Q2,433.0,482.0,train,-0.10697211955216712
E06000026,Plymouth,2020Q3,571.0,433.0,train,0.27609445727939264
E06000026,Plymouth,2020Q4,471.0,571.0,train,-0.19216000579424275
E06000026,Plymouth,2021Q1,541.0,471.0,train,0.13828701585409142
E06000026,Plymouth,2021Q2,416.0,541.0,train,-0.26217977964084493
E06000026,Plymouth,2021Q3,469.0,416.0,train,0.11964647290530284
E06000026,Plymouth,2021Q4,495.0,469.0,train,0.05384323202082353
E06000026,Plymouth,2022Q1,567.0,495.0,train,0.1355454919962238
E06000026,Plymouth,2022Q2,491.0,567.0,train,-0.1436427022288438
E06000026,Plymouth,2022Q3,476.0,491.0,train,-0.03096222560396633
E06000026,Plymouth,2022Q4,480.0,476.0,train,0.008350779217419557
E06000026,Plymouth,2023Q1,511.0,480.0,train,0.0624573549337466
E06000026,Plymouth,2023Q2,477.0,511.0,train,-0.06871389254805127
E06000026,Plymouth,2023Q3,537.0,477.0,train,0.11824782767032804
E06000026,Plymouth,2023Q4,367.0,537.0,train,-0.3797756219928532
E06000026,Plymouth,2024Q1,462.0,367.0,valid,0.22964411591730283
E06000026,Plymouth,2024Q2,424.0,462.0,valid,-0.08563788516181692
E06000026,Plymouth,2024Q3,437.0,424.0,valid,0.03012974145202918
E06000026,Plymouth,2024Q4,417.0,437.0,valid,-0.046737477851690024
E06000026,Plymouth,2025Q1,475.0,417.0,test,0.12993642170666408
E06000026,Plymouth,2025Q2,577.0,475.0,test,0.19415601444095731
E06000026,Plymouth,2025Q3,541.0,577.0,test,-0.0643078672327313
E06000027,Torbay,2019Q4,272.0,307.0,train,-0.12062798778861428
E06000027,Torbay,2020Q1,316.0,272.0,train,0.14942997869232055
E06000027,Torbay,2020Q2,291.0,316.0,train,-0.08214797160899856
E06000027,Torbay,2020Q3,275.0,291.0,train,-0.05635293655113216
E06000027,Torbay,2020Q4,225.0,275.0,train,-0.19986586644486337
E06000027,Torbay,2021Q1,263.0,225.0,train,0.15541410387402976
E06000027,Torbay,2021Q2,287.0,263.0,train,0.08701137698963013
E06000027,Torbay,2021Q3,234.0,287.0,train,-0.20337496599178717
E06000027,Torbay,2021Q4,302.0,234.0,train,0.25414729136520986
E06000027,Torbay,2022Q1,281.0,302.0,train,-0.07182573457125496
E06000027,Torbay,2022Q2,233.0,281.0,train,-0.18658595558041213
E06000027,Torbay,2022Q3,321.0,233.0,train,0.3192304301867068
E06000027,Torbay,2022Q4,268.0,321.0,train,-0.17984016594256946
E06000027,Torbay,2023Q1,373.0,268.0,train,0.32954441781269317
E06000027,Torbay,2023Q2,269.0,373.0,train,-0.3258338384161572
E06000027,Torbay,2023Q3,291.0,269.0,train,0.07833184326990672
E06000027,Torbay,2023Q4,222.0,291.0,train,-0.2695820308081629
E06000027,Torbay,2024Q1,276.0,222.0,valid,0.21684573472721969
E06000027,Torbay,2024Q2,227.0,276.0,valid,-0.19467187723289747
E06000027,Torbay,2024Q3,246.0,227.0,valid,0.08004270767353638
E06000027,Torbay,2024Q4,244.0,246.0,valid,-0.008130126083250033
E06000027,Torbay,2025Q3,276.0,216.0,test,0.2441201526468788
E06000030,Swindon,2019Q4,250.0,189.0,train,0.2784288669712973
E06000030,Swindon,2020Q1,339.0,250.0,train,0.303492678478424
E06000030,Swindon,2020Q2,268.0,339.0,train,-0.2342342380083684
E06000030,Swindon,2020Q3,306.0,268.0,train,0.13213636798535777
E06000030,Swindon,2020Q4,285.0,306.0,train,-0.07085593676734447
E06000030,Swindon,2021Q1,284.0,285.0,train,-0.003502630551201591
E06000030,Swindon,2021Q2,270.0,284.0,train,-0.05037035938894974
E06000030,Swindon,2021Q3,340.0,270.0,train,0.2297636564038159
E06000030,Swindon,2021Q4,353.0,340.0,train,0.03741443585025728
E06000030,Swindon,2022Q1,326.0,353.0,train,-0.07933674223652076
E06000030,Swindon,2022Q2,382.0,326.0,train,0.1580748182833922
E06000030,Swindon,2022Q3,352.0,382.0,train,-0.08156693224734912
E06000030,Swindon,2022Q4,288.0,352.0,train,-0.2000413688208642
E06000030,Swindon,2023Q1,356.0,288.0,train,0.2113090936672064
E06000030,Swindon,2023Q2,330.0,356.0,train,-0.07561740640257586
E06000030,Swindon,2023Q3,381.0,330.0,train,0.1433022332295124
E06000030,Swindon,2023Q4,430.0,381.0,train,0.12068748149717212
E06000030,Swindon,2024Q1,431.0,430.0,valid,0.0023174981403633055
E06000030,Swindon,2024Q2,384.0,431.0,valid,-0.11518225395632609
E06000030,Swindon,2024Q3,397.0,384.0,valid,0.033208670996653034
E06000030,Swindon,2024Q4,330.0,397.0,valid,-0.18433362990737479
E06000030,Swindon,2025Q1,352.0,330.0,test,0.06434968155623366
E06000030,Swindon,2025Q2,354.0,352.0,test,0.005649732542119423
E06000030,Swindon,2025Q3,361.0,354.0,test,0.01952642235035551
E06000031,Peterborough,2020Q2,244.0,219.0,train,0.10763066419236544
E06000031,Peterborough,2020Q3,199.0,244.0,train,-0.2029408439966911
E06000031,Peterborough,2020Q4,293.0,199.0,train,0.3852624007906451
E06000031,Peterborough,2021Q1,277.0,293.0,train,-0.05595865364804453
E06000031,Peterborough,2021Q2,325.0,277.0,train,0.15927626767607084
E06000031,Peterborough,2021Q3,288.0,325.0,train,-0.1204706932542754
E06000031,Peterborough,2021Q4,379.0,288.0,train,0.27374456460799923
E06000031,Peterborough,2022Q1,382.0,379.0,train,0.007863736460214099
E06000031,Peterborough,2022Q2,363.0,382.0,train,-0.05088112154390512
E06000031,Peterborough,2022Q3,502.0,363.0,train,0.3234363024629987
E06000031,Peterborough,2022Q4,364.0,502.0,train,-0.3206928165172478
E06000031,Peterborough,2023Q1,441.0,364.0,train,0.1914125284952064
E06000031,Peterborough,2023Q2,424.0,441.0,train,-0.039220713153280684
E06000031,Peterborough,2023Q3,390.0,424.0,train,-0.08338160893905133
E06000031,Peterborough,2023Q4,393.0,390.0,train,0.0076433493125680485
E06000031,Peterborough,2024Q1,468.0,393.0,valid,0.1742518591483453
E06000031,Peterborough,2024Q2,465.0,468.0,valid,-0.006417134320633622
E06000031,Peterborough,2024Q3,427.0,465.0,valid,-0.08506243854384898
E06000031,Peterborough,2024Q4,405.0,427.0,valid,-0.05277003598006402
E06000031,Peterborough,2025Q1,407.0,405.0,test,0.004914014802428923
E06000031,Peterborough,2025Q2,456.0,407.0,test,0.11341621649004363
E06000031,Peterborough,2025Q3,415.0,456.0,test,-0.09399813063294182
E06000032,Luton,2019Q4,510.0,517.0,train,-0.01360565205577835
E06000032,Luton,2020Q1,555.0,510.0,train,0.08439870404687788
E06000032,Luton,2020Q2,431.0,555.0,train,-0.2523427060064716
E06000032,Luton,2020Q3,400.0,431.0,train,-0.07446416093754138
E06000032,Luton,2020Q4,397.0,400.0,train,-0.007509422022131673
E06000032,Luton,2021Q1,397.0,397.0,train,0.0
E06000032,Luton,2021Q2,360.0,397.0,train,-0.09757404695155714
E06000032,Luton,2021Q3,419.0,360.0,train,0.15137675294453334
E06000032,Luton,2021Q4,460.0,419.0,train,0.09314333171923472
E06000032,Luton,2022Q1,501.0,460.0,train,0.08520207669508029
E06000032,Luton,2022Q2,497.0,501.0,train,-0.008000042667076102
E06000032,Luton,2022Q3,451.0,497.0,train,-0.09691789719242117
E06000032,Luton,2022Q4,397.0,451.0,train,-0.12723017454779395
E06000032,Luton,2023Q1,438.0,397.0,train,0.09804740779073384
E06000032,Luton,2023Q2,382.0,438.0,train,-0.13646442389452584
E06000032,Luton,2023Q3,396.0,382.0,train,0.035901291506545085
E06000032,Luton,2023Q4,461.0,396.0,train,0.1516286103945479
E06000032,Luton,2024Q1,551.0,461.0,valid,0.17798315519535635
E06000032,Luton,2024Q2,428.0,551.0,valid,-0.252091127349078
E06000032,Luton,2024Q3,494.0,428.0,valid,0.14310084364067333
E06000032,Luton,2024Q4,599.0,494.0,valid,0.19237189264745602
E06000032,Luton,2025Q1,612.0,599.0,test,0.021435280720065286
E06000032,Luton,2025Q2,489.0,612.0,test,-0.22395954483153968
E06000032,Luton,2025Q3,534.0,489.0,test,0.08786135579133436
E06000033,Southend-on-Sea,2019Q4,187.0,200.0,train,-0.0668629452291265
E06000033,Southend-on-Sea,2020Q1,355.0,187.0,train,0.6384887680220812
E06000033,Southend-on-Sea,2020Q2,337.0,355.0,train,-0.05188483536901156
E06000033,Southend-on-Sea,2020Q3,315.0,337.0,train,-0.06730368189610658
E06000033,Southend-on-Sea,2020Q4,332.0,315.0,train,0.05240027639353162
E06000033,Southend-on-Sea,2021Q1,274.0,332.0,train,-0.19137139231387224
E06000033,Southend-on-Sea,2021Q2,282.0,274.0,train,0.028675799976666028
E06000033,Southend-on-Sea,2021Q3,297.0,282.0,train,0.05164658886216689
E06000033,Southend-on-Sea,2021Q4,236.0,297.0,train,-0.2290333453702731
E06000033,Southend-on-Sea,2022Q1,260.0,236.0,train,0.0964602661875622
E06000033,Southend-on-Sea,2022Q2,195.0,260.0,train,-0.2864057480921769
E06000033,Southend-on-Sea,2022Q3,174.0,195.0,train,-0.11332868530700235
E06000033,Southend-on-Sea,2022Q4,189.0,174.0,train,0.0822380982369717
E06000033,Southend-on-Sea,2023Q1,290.0,189.0,train,0.42629919501100666
E06000033,Southend-on-Sea,2023Q2,278.0,290.0,train,-0.04211148535012743
E06000033,Southend-on-Sea,2023Q3,297.0,278.0,train,0.0658817046840392
E06000033,Southend-on-Sea,2023Q4,381.0,297.0,train,0.2483271221011707
E06000033,Southend-on-Sea,2024Q1,401.0,381.0,valid,0.05103148001244584
E06000033,Southend-on-Sea,2024Q2,385.0,401.0,valid,-0.040614719154190126
E06000033,Southend-on-Sea,2024Q3,418.0,385.0,valid,0.08203355045730643
E06000033,Southend-on-Sea,2024Q4,366.0,418.0,valid,-0.13250907186756677
E06000033,Southend-on-Sea,2025Q1,370.0,366.0,test,0.010840214552864325
E06000033,Southend-on-Sea,2025Q2,349.0,370.0,test,-0.058268908123976004
E06000033,Southend-on-Sea,2025Q3,388.0,349.0,test,0.10564618913498691
E06000034,Thurrock,2019Q4,272.0,276.0,train,-0.01454571100237878
E06000034,Thurrock,2020Q1,255.0,272.0,train,-0.06429435070539746
E06000034,Thurrock,2020Q2,169.0,255.0,train,-0.4093790074293002
E06000034,Thurrock,2020Q3,200.0,169.0,train,0.16750647100881366
E06000034,Thurrock,2020Q4,162.0,200.0,train,-0.2095547072523134
E06000034,Thurrock,2021Q1,191.0,162.0,train,0.16374517122101917
E06000034,Thurrock,2021Q2,186.0,191.0,train,-0.026386755173194665
E06000034,Thurrock,2021Q3,200.0,186.0,train,0.0721962912044889
E06000034,Thurrock,2021Q4,206.0,200.0,train,0.029413885206293067
E06000034,Thurrock,2022Q1,173.0,206.0,train,-0.1736634940508397
E06000034,Thurrock,2022Q2,191.0,173.0,train,0.0984400728132524
E06000034,Thurrock,2022Q3,205.0,191.0,train,0.07038079676179976
E06000034,Thurrock,2022Q4,202.0,205.0,train,-0.014670189747794105
E06000034,Thurrock,2023Q1,213.0,202.0,train,0.05277003598006402
E06000034,Thurrock,2023Q2,216.0,213.0,train,0.01392133851860855
E06000034,Thurrock,2023Q3,241.0,216.0,train,0.10904037261622701
E06000034,Thurrock,2023Q4,207.0,241.0,train,-0.15139964645536885
E06000034,Thurrock,2024Q1,236.0,207.0,valid,0.13052206143381362
E06000034,Thurrock,2024Q2,243.0,236.0,valid,0.029108084158070646
E06000034,Thurrock,2024Q3,247.0,243.0,valid,0.016260520871780315
E06000034,Thurrock,2024Q4,202.0,247.0,valid,-0.2002227671231953
E06000034,Thurrock,2025Q1,177.0,202.0,test,-0.1314224287497021
E06000034,Thurrock,2025Q2,125.0,177.0,test,-0.34550164334060707
E06000034,Thurrock,2025Q3,167.0,125.0,test,0.2876820724517808
E06000035,Medway,2019Q4,346.0,410.0,train,-0.1692684345493749
E06000035,Medway,2020Q1,404.0,346.0,train,0.15456228715967946
E06000035,Medway,2020Q2,351.0,404.0,train,-0.14025589150844198
E06000035,Medway,2020Q3,418.0,351.0,train,0.17423974432404066
E06000035,Medway,2020Q4,404.0,418.0,train,-0.03398385281559868
E06000035,Medway,2021Q1,439.0,404.0,train,0.08288765980576773
E06000035,Medway,2021Q2,450.0,439.0,train,0.024692612590372143
E06000035,Medway,2021Q3,453.0,450.0,train,0.006629858538669708
E06000035,Medway,2021Q4,415.0,453.0,train,-0.08741193778008505
E06000035,Medway,2022Q1,512.0,415.0,train,0.2095905849095061
E06000035,Medway,2022Q2,516.0,512.0,train,0.007767029337659714
E06000035,Medway,2022Q3,444.0,516.0,train,-0.14996859234218896
E06000035,Medway,2022Q4,389.0,444.0,train,-0.13192754304254795
E06000035,Medway,2023Q1,468.0,389.0,train,0.18445602932258698
E06000035,Medway,2023Q2,528.0,468.0,train,0.12038566341202017
E06000035,Medway,2023Q3,1070.0,528.0,train,0.7053596385894494
E06000035,Medway,2023Q4,1319.0,1070.0,train,0.20903894513266774
E06000035,Medway,2024Q1,696.0,1319.0,valid,-0.6386016048198924
E06000035,Medway,2024Q2,654.0,696.0,valid,-0.06215017512527243
E06000035,Medway,2024Q3,570.0,654.0,valid,-0.13724602597924118
E06000035,Medway,2024Q4,551.0,570.0,valid,-0.03384116337891552
E06000035,Medway,2025Q1,649.0,551.0,test,0.16342431661258772
E06000035,Medway,2025Q2,525.0,649.0,test,-0.21167115015197258
E06000035,Medway,2025Q3,556.0,525.0,test,0.05726402718957413
E06000036,Bracknell Forest,2019Q4,184.0,102.0,train,0.5856268368486885
E06000036,Bracknell Forest,2020Q1,247.0,184.0,train,0.29307292108665806
E06000036,Bracknell Forest,2020Q2,214.0,247.0,train,-0.14279071803732002
E06000036,Bracknell Forest,2020Q3,256.0,214.0,train,0.17843805676755764
E06000036,Bracknell Forest,2020Q4,212.0,256.0,train,-0.18778391918579462
E06000036,Bracknell Forest,2021Q1,240.0,212.0,train,0.12350476778122932
E06000036,Bracknell Forest,2021Q2,203.0,240.0,train,-0.1666769396464387
E06000036,Bracknell Forest,2021Q3,185.0,203.0,train,-0.0923733201310144
E06000036,Bracknell Forest,2021Q4,176.0,185.0,train,-0.04959694113937285
E06000036,Bracknell Forest,2022Q1,128.0,176.0,train,-0.3163373282121569
E06000036,Bracknell Forest,2022Q2,123.0,128.0,train,-0.03953083875663488
E06000036,Bracknell Forest,2022Q3,138.0,123.0,train,0.11419236752565443
E06000036,Bracknell Forest,2022Q4,191.0,138.0,train,0.32302143889709
E06000036,Bracknell Forest,2023Q1,220.0,191.0,train,0.14066732948997096
E06000036,Bracknell Forest,2023Q2,206.0,220.0,train,-0.06544390825238366
E06000036,Bracknell Forest,2023Q3,269.0,206.0,train,0.26570316573300623
E06000036,Bracknell Forest,2023Q4,299.0,269.0,train,0.10536051565782589
E06000036,Bracknell Forest,2024Q1,292.0,299.0,valid,-0.023609865639133254
E06000036,Bracknell Forest,2024Q2,243.0,292.0,valid,-0.18300438372386552
E06000036,Bracknell Forest,2024Q3,242.0,243.0,valid,-0.004106781952653904
E06000036,Bracknell Forest,2024Q4,216.0,242.0,valid,-0.11316408980008852
E06000036,Bracknell Forest,2025Q1,244.0,216.0,test,0.12136085700426769
E06000036,Bracknell Forest,2025Q2,255.0,244.0,test,0.04391923393483488
E06000036,Bracknell Forest,2025Q3,266.0,255.0,test,0.042071213920687356
E06000037,West Berkshire,2019Q4,68.0,151.0,train,-0.7897740162490168
E06000037,West Berkshire,2020Q1,106.0,68.0,train,0.4387223298646461
E06000037,West Berkshire,2020Q2,105.0,106.0,train,-0.00938974034983886
E06000037,West Berkshire,2020Q3,187.0,105.0,train,0.5730028687178823
E06000037,West Berkshire,2020Q4,104.0,187.0,train,-0.5824816126724262
E06000037,West Berkshire,2021Q1,131.0,104.0,train,0.2288415724288475
E06000037,West Berkshire,2021Q2,176.0,131.0,train,0.29334780998745824
E06000037,West Berkshire,2021Q3,118.0,176.0,train,-0.3970262394622992
E06000037,West Berkshire,2021Q4,95.0,118.0,train,-0.21477530164369352
E06000037,West Berkshire,2022Q1,110.0,95.0,train,0.1451820098444978
E06000037,West Berkshire,2022Q2,63.0,110.0,train,-0.5506471179526624
E06000037,West Berkshire,2022Q3,90.0,63.0,train,0.35197642315717825
E06000037,West Berkshire,2022Q4,111.0,90.0,train,0.2076393647782444
E06000037,West Berkshire,2023Q1,134.0,111.0,train,0.18677590714333547
E06000037,West Berkshire,2023Q2,115.0,134.0,train,-0.15168458733206514
E06000037,West Berkshire,2023Q3,130.0,115.0,train,0.12160713209478669
E06000037,West Berkshire,2023Q4,171.0,130.0,train,0.27229715361230156
E06000037,West Berkshire,2024Q1,168.0,171.0,valid,-0.017595761890379258
E06000037,West Berkshire,2024Q2,136.0,168.0,valid,-0.2099177890949484
E06000037,West Berkshire,2024Q3,128.0,136.0,valid,-0.06016852146645313
E06000037,West Berkshire,2024Q4,128.0,128.0,valid,0.0
E06000037,West Berkshire,2025Q1,167.0,128.0,test,0.2641515750415868
E06000037,West Berkshire,2025Q2,173.0,167.0,test,0.03509131981127034
E06000037,West Berkshire,2025Q3,139.0,173.0,test,-0.21741287660522524
E06000038,Reading,2019Q4,332.0,353.0,train,-0.061154423153330306
E06000038,Reading,2020Q1,348.0,332.0,train,0.04692943222198309
E06000038,Reading,2020Q2,381.0,348.0,train,0.09034868640414828
E06000038,Reading,2020Q3,357.0,381.0,train,-0.06488762220587496
E06000038,Reading,2020Q4,340.0,357.0,train,-0.04865050911718338
E06000038,Reading,2021Q1,333.0,340.0,train,-0.020741484306816105
E06000038,Reading,2021Q2,395.0,333.0,train,0.17027321827777975
E06000038,Reading,2021Q3,357.0,395.0,train,-0.10088122485378026
E06000038,Reading,2021Q4,357.0,357.0,train,0.0
E06000038,Reading,2022Q1,359.0,357.0,train,0.005571045049455492
E06000038,Reading,2022Q2,385.0,359.0,train,0.06973333801467518
E06000038,Reading,2022Q3,389.0,385.0,train,0.0103093696588612
E06000038,Reading,2022Q4,409.0,389.0,train,0.05001042057466165
E06000038,Reading,2023Q1,634.0,409.0,train,0.43746783919433785
E06000038,Reading,2023Q2,489.0,634.0,train,-0.2592196077880198
E06000038,Reading,2023Q3,450.0,489.0,train,-0.0829380516019933
E06000038,Reading,2023Q4,500.0,450.0,train,0.10513876158218594
E06000038,Reading,2024Q1,763.0,500.0,valid,0.4219616880816561
E06000038,Reading,2024Q2,326.0,763.0,valid,-0.8486076182692672
E06000038,Reading,2025Q1,406.0,342.0,test,0.1710827382766551
E06000038,Reading,2025Q2,486.0,406.0,test,0.1794509376399951
E06000038,Reading,2025Q3,477.0,486.0,test,-0.018653390591133245
E06000039,Slough,2019Q4,264.0,264.0,train,0.0
E06000039,Slough,2020Q1,265.0,264.0,train,0.0037664827954770885
E06000039,Slough,2020Q2,221.0,265.0,train,-0.1808189269094198
E06000039,Slough,2020Q3,270.0,221.0,train,0.19944143900742173
E06000039,Slough,2020Q4,260.0,270.0,train,-0.037598413557007326
E06000039,Slough,2021Q1,225.0,260.0,train,-0.1439854080504075
E06000039,Slough,2021Q2,171.0,225.0,train,-0.2730405224588335
E06000039,Slough,2021Q3,191.0,171.0,train,0.11000089521432876
E06000039,Slough,2021Q4,219.0,191.0,train,0.13613217432458047
E06000039,Slough,2023Q1,211.0,132.0,train,0.4662371464502586
E06000039,Slough,2023Q2,269.0,211.0,train,0.2418356843263627
E06000039,Slough,2023Q3,269.0,269.0,train,0.0
E06000039,Slough,2023Q4,259.0,269.0,train,-0.03774032798284743
E06000039,Slough,2024Q1,268.0,259.0,valid,0.03402974858631147
E06000039,Slough,2024Q2,242.0,268.0,valid,-0.10164993626129082
E06000039,Slough,2024Q3,265.0,242.0,valid,0.09043486544115087
E06000039,Slough,2024Q4,257.0,265.0,valid,-0.03053672386008177
E06000039,Slough,2025Q1,232.0,257.0,test,-0.10192113135591718
E06000039,Slough,2025Q2,257.0,232.0,test,0.10192113135591718
E06000039,Slough,2025Q3,236.0,257.0,test,-0.08489944378648584
E06000040,Windsor and Maidenhead,2019Q4,108.0,73.0,train,0.38728278902497326
E06000040,Windsor and Maidenhead,2020Q1,101.0,108.0,train,-0.06637506894487277
E06000040,Windsor and Maidenhead,2020Q2,65.0,101.0,train,-0.4353180712578455
E06000040,Windsor and Maidenhead,2020Q3,176.0,65.0,train,0.9864949905474036
E06000040,Windsor and Maidenhead,2020Q4,134.0,176.0,train,-0.2708749541353992
E06000040,Windsor and Maidenhead,2021Q1,119.0,134.0,train,-0.11778303565638382
E06000040,Windsor and Maidenhead,2021Q2,69.0,119.0,train,-0.5389965007326865
E06000040,Windsor and Maidenhead,2021Q3,122.0,69.0,train,0.5636891133230577
E06000040,Windsor and Maidenhead,2021Q4,82.0,122.0,train,-0.3933437475758188
E06000040,Windsor and Maidenhead,2022Q1,110.0,82.0,train,0.29068959351573564
E06000040,Windsor and Maidenhead,2022Q2,80.0,110.0,train,-0.3150810466398948
E06000040,Windsor and Maidenhead,2022Q3,178.0,80.0,train,0.7929366511683158
E06000040,Windsor and Maidenhead,2022Q4,93.0,178.0,train,-0.6440910235707511
E06000040,Windsor and Maidenhead,2023Q1,108.0,93.0,train,0.14805309995913962
E06000040,Windsor and Maidenhead,2023Q2,127.0,108.0,train,0.16068238169047344
E06000040,Windsor and Maidenhead,2023Q3,106.0,127.0,train,-0.17920142945771111
E06000040,Windsor and Maidenhead,2023Q4,119.0,106.0,train,0.11466290832014003
E06000040,Windsor and Maidenhead,2024Q1,122.0,119.0,valid,0.024692612590371255
E06000040,Windsor and Maidenhead,2024Q2,105.0,122.0,valid,-0.14874526126035015
E06000040,Windsor and Maidenhead,2024Q3,112.0,105.0,valid,0.0639487246002739
E06000040,Windsor and Maidenhead,2025Q2,111.0,131.0,test,-0.16430305129127643
E06000040,Windsor and Maidenhead,2025Q3,110.0,111.0,test,-0.008968669982760247
E06000041,Wokingham,2019Q4,73.0,61.0,train,0.17693070815907852
E06000041,Wokingham,2020Q1,112.0,73.0,train,0.4233227255081706
E06000041,Wokingham,2020Q2,85.0,112.0,train,-0.2730405224588335
E06000041,Wokingham,2020Q3,71.0,85.0,train,-0.17768117723745203
E06000041,Wokingham,2020Q4,83.0,71.0,train,0.15415067982725805
E06000041,Wokingham,2021Q1,83.0,83.0,train,0.0
E06000041,Wokingham,2021Q2,42.0,83.0,train,-0.669616683149751
E06000041,Wokingham,2021Q3,79.0,42.0,train,0.6208265189803188
E06000041,Wokingham,2021Q4,84.0,79.0,train,0.060624621816435464
E06000041,Wokingham,2022Q1,113.0,84.0,train,0.293547191904179
E06000041,Wokingham,2022Q2,81.0,113.0,train,-0.3294792011302423
E06000041,Wokingham,2022Q3,74.0,81.0,train,-0.08923113372794322
E06000041,Wokingham,2022Q4,92.0,74.0,train,0.21511137961694615
E06000041,Wokingham,2023Q1,152.0,92.0,train,0.497838428239179
E06000041,Wokingham,2023Q2,123.0,152.0,train,-0.21015635578739822
E06000041,Wokingham,2023Q3,154.0,123.0,train,0.2231435513142097
E06000041,Wokingham,2023Q4,140.0,154.0,train,-0.09466522654107834
E06000041,Wokingham,2024Q1,172.0,140.0,valid,0.20453170411961086
E06000041,Wokingham,2024Q2,136.0,172.0,valid,-0.23331066866965422
E06000041,Wokingham,2024Q3,131.0,136.0,valid,-0.037179003241754494
E06000041,Wokingham,2024Q4,106.0,131.0,valid,-0.2099730881244648
E06000041,Wokingham,2025Q1,166.0,106.0,test,0.44516497795484966
E06000041,Wokingham,2025Q2,158.0,166.0,test,-0.049089610196523914
E06000041,Wokingham,2025Q3,174.0,158.0,test,0.09588177170328294
E06000042,Milton Keynes,2019Q4,658.0,693.0,train,-0.05174842600429752
E06000042,Milton Keynes,2020Q1,649.0,658.0,train,-0.013751171612824464
E06000042,Milton Keynes,2020Q2,545.0,649.0,train,-0.17435338714477755
E06000042,Milton Keynes,2020Q3,489.0,545.0,train,-0.10821358464023323
E06000042,Milton Keynes,2020Q4,435.0,489.0,train,-0.11676314775563768
E06000042,Milton Keynes,2021Q1,485.0,435.0,train,0.1085663805514594
E06000042,Milton Keynes,2021Q2,314.0,485.0,train,-0.43363598507486056
E06000042,Milton Keynes,2021Q3,321.0,314.0,train,0.02197890671877545
E06000042,Milton Keynes,2021Q4,446.0,321.0,train,0.32800704906916067
E06000042,Milton Keynes,2022Q1,445.0,446.0,train,-0.0022396425935049535
E06000042,Milton Keynes,2022Q2,643.0,445.0,train,0.3673797740842897
E06000042,Milton Keynes,2022Q3,441.0,643.0,train,-0.37638884402665607
E06000042,Milton Keynes,2022Q4,449.0,441.0,train,0.017937700686667668
E06000042,Milton Keynes,2023Q1,453.0,449.0,train,0.008849615276982803
E06000042,Milton Keynes,2023Q2,517.0,453.0,train,0.13187804421813443
E06000042,Milton Keynes,2023Q3,590.0,517.0,train,0.13184077514661574
E06000042,Milton Keynes,2024Q2,422.0,604.0,valid,-0.3578562789845643
E06000042,Milton Keynes,2024Q3,417.0,422.0,valid,-0.011890746521521223
E06000042,Milton Keynes,2024Q4,403.0,417.0,valid,-0.034066554563605855
E06000042,Milton Keynes,2025Q1,525.0,403.0,test,0.26388633477655965
E06000042,Milton Keynes,2025Q2,590.0,525.0,test,0.11651480466838837
E06000042,Milton Keynes,2025Q3,521.0,590.0,test,-0.12414842952345939
E06000043,Brighton and Hove,2019Q4,391.0,405.0,train,-0.03509131981127034
E06000043,Brighton and Hove,2020Q1,501.0,391.0,train,0.24733827990126667
E06000043,Brighton and Hove,2020Q2,540.0,501.0,train,0.07481915915475223
E06000043,Brighton and Hove,2020Q3,590.0,540.0,train,0.08839673855961738
E06000043,Brighton and Hove,2021Q4,228.0,281.0,train,-0.20818506738387388
E06000043,Brighton and Hove,2022Q1,233.0,228.0,train,0.021599111803461746
E06000043,Brighton and Hove,2022Q2,303.0,233.0,train,0.26170658604852015
E06000043,Brighton and Hove,2022Q3,450.0,303.0,train,0.39443963809645677
E06000043,Brighton and Hove,2022Q4,459.0,450.0,train,0.019759149980462354
E06000043,Brighton and Hove,2023Q1,503.0,459.0,train,0.09134977858822779
E06000043,Brighton and Hove,2023Q2,531.0,503.0,train,0.054067221270275745
E06000043,Brighton and Hove,2023Q3,454.0,531.0,train,-0.15634607039069426
E06000043,Brighton and Hove,2023Q4,422.0,454.0,train,-0.0729252399046727
E06000043,Brighton and Hove,2024Q1,439.0,422.0,valid,0.039402547866028925
E06000043,Brighton and Hove,2024Q2,464.0,439.0,valid,0.055262678675049415
E06000043,Brighton and Hove,2024Q3,464.0,464.0,valid,0.0
E06000043,Brighton and Hove,2024Q4,235.0,464.0,valid,-0.6782056005617454
E06000043,Brighton and Hove,2025Q1,272.0,235.0,test,0.14563999015934925
E06000043,Brighton and Hove,2025Q2,393.0,272.0,test,0.36687911411297414
E06000043,Brighton and Hove,2025Q3,471.0,393.0,test,0.18062807628762112
E06000044,Portsmouth,2019Q4,473.0,463.0,train,0.021322769468821612
E06000044,Portsmouth,2020Q1,486.0,473.0,train,0.027056801387512763
E06000044,Portsmouth,2020Q2,573.0,486.0,train,0.16436527323697714
E06000044,Portsmouth,2020Q3,544.0,573.0,train,-0.051843601656322846
E06000044,Portsmouth,2020Q4,456.0,544.0,train,-0.17610240376903885
E06000044,Portsmouth,2021Q1,486.0,456.0,train,0.06358073218838456
E06000044,Portsmouth,2021Q2,529.0,486.0,train,0.08461288346357776
E06000044,Portsmouth,2021Q3,491.0,529.0,train,-0.07439829005385956
E06000044,Portsmouth,2021Q4,414.0,491.0,train,-0.17020019626160998
E06000044,Portsmouth,2022Q1,478.0,414.0,train,0.14342207718021704
E06000044,Portsmouth,2022Q2,404.0,478.0,train,-0.16781353030437618
E06000044,Portsmouth,2022Q3,536.0,404.0,train,0.2821110274023262
E06000044,Portsmouth,2022Q4,714.0,536.0,train,0.28628444818514254
E06000044,Portsmouth,2023Q1,662.0,714.0,train,-0.075507552508145
E06000044,Portsmouth,2023Q2,517.0,662.0,train,-0.2467997479263797
E06000044,Portsmouth,2023Q3,607.0,517.0,train,0.1601996397066845
E06000044,Portsmouth,2023Q4,541.0,607.0,train,-0.11490888052652082
E06000044,Portsmouth,2024Q1,707.0,541.0,valid,0.2671780922540732
E06000044,Portsmouth,2024Q2,776.0,707.0,valid,0.09299625667392775
E06000044,Portsmouth,2024Q3,723.0,776.0,valid,-0.07064895798193138
E06000044,Portsmouth,2024Q4,628.0,723.0,valid,-0.14066013568527502
E06000044,Portsmouth,2025Q1,664.0,628.0,test,0.05565578395541326
E06000044,Portsmouth,2025Q2,627.0,664.0,test,-0.05724687418765573
E06000044,Portsmouth,2025Q3,623.0,627.0,test,-0.006389798098770605
E06000045,Southampton,2019Q4,272.0,304.0,train,-0.1108399814224521
E06000045,Southampton,2020Q1,301.0,272.0,train,0.10095522218990993
E06000045,Southampton,2020Q2,266.0,301.0,train,-0.12317835897462004
E06000045,Southampton,2020Q3,328.0,266.0,train,0.20880909236512224
E06000045,Southampton,2020Q4,307.0,328.0,train,-0.06595796779179786
E06000045,Southampton,2021Q1,338.0,307.0,train,0.0959003244068759
E06000045,Southampton,2021Q2,349.0,338.0,train,0.03193304710300904
E06000045,Southampton,2021Q3,397.0,349.0,train,0.1285188508009787
E06000045,Southampton,2021Q4,394.0,397.0,train,-0.007566240383315659
E06000045,Southampton,2022Q1,467.0,394.0,train,0.1695825310165251
E06000045,Southampton,2022Q2,447.0,467.0,train,-0.04367506350266215
E06000045,Southampton,2022Q3,459.0,447.0,train,0.026433257068156024
E06000045,Southampton,2022Q4,411.0,459.0,train,-0.11020314013361432
E06000045,Southampton,2023Q1,508.0,411.0,train,0.21142466720099584
E06000045,Southampton,2023Q2,432.0,508.0,train,-0.16171028854803282
E06000045,Southampton,2023Q3,512.0,432.0,train,0.1695381171682797
E06000045,Southampton,2023Q4,440.0,512.0,train,-0.15123096972392336
E06000045,Southampton,2024Q1,537.0,440.0,valid,0.19881368471493843
E06000045,Southampton,2024Q2,453.0,537.0,valid,-0.16976136212043613
E06000045,Southampton,2024Q3,465.0,453.0,valid,0.02608843608429723
E06000045,Southampton,2024Q4,438.0,465.0,valid,-0.05968622105047405
E06000045,Southampton,2025Q1,532.0,438.0,test,0.19402201109067274
E06000045,Southampton,2025Q2,438.0,532.0,test,-0.19402201109067274
E06000045,Southampton,2025Q3,500.0,438.0,test,0.13210668800969305
E06000046,Isle of Wight,2019Q4,199.0,148.0,train,0.2943710606025771
E06000046,Isle of Wight,2020Q1,233.0,199.0,train,0.1570037488096654
E06000046,Isle of Wight,2020Q2,186.0,233.0,train,-0.22421249850311487
E06000046,Isle of Wight,2020Q3,165.0,186.0,train,-0.11912082849804317
E06000046,Isle of Wight,2020Q4,175.0,165.0,train,0.05849620668160771
E06000046,Isle of Wight,2021Q1,190.0,175.0,train,0.08178943300847852
E06000046,Isle of Wight,2021Q2,170.0,190.0,train,-0.11060987154396962
E06000046,Isle of Wight,2021Q3,188.0,170.0,train,0.10008345855698231
E06000046,Isle of Wight,2021Q4,137.0,188.0,train,-0.3144933299024375
E06000046,Isle of Wight,2022Q1,109.0,137.0,train,-0.2267733193647885
E06000046,Isle of Wight,2022Q2,215.0,109.0,train,0.6747980418917487
E06000046,Isle of Wight,2022Q3,197.0,215.0,train,-0.08701137698963013
E06000046,Isle of Wight,2022Q4,175.0,197.0,train,-0.11778303565638382
E06000046,Isle of Wight,2023Q1,215.0,175.0,train,0.20479441264601395
E06000046,Isle of Wight,2023Q2,222.0,215.0,train,0.03189336377595353
E06000046,Isle of Wight,2023Q3,278.0,222.0,train,0.22404001036124654
E06000046,Isle of Wight,2023Q4,262.0,278.0,train,-0.059057749643600665
E06000046,Isle of Wight,2024Q1,314.0,262.0,valid,0.18041860664786835
E06000046,Isle of Wight,2024Q2,273.0,314.0,valid,-0.1394445324375626
E06000046,Isle of Wight,2024Q3,279.0,273.0,valid,0.02166149678117879
E06000046,Isle of Wight,2024Q4,325.0,279.0,valid,0.15210777819745847
E06000046,Isle of Wight,2025Q1,325.0,325.0,test,0.0
E06000046,Isle of Wight,2025Q2,263.0,325.0,test,-0.21094827822039175
E06000046,Isle of Wight,2025Q3,281.0,263.0,test,0.06595796779179786
E06000047,County Durham,2019Q4,777.0,738.0,train,0.05142860323018983
E06000047,County Durham,2020Q1,788.0,777.0,train,0.014039796667482562
E06000047,County Durham,2020Q2,654.0,788.0,train,-0.18613108521062216
E06000047,County Durham,2020Q3,766.0,654.0,train,0.15785156573200432
E06000047,County Durham,2020Q4,567.0,766.0,train,-0.30036538264610435
E06000047,County Durham,2021Q1,706.0,567.0,train,0.21890924717542148
E06000047,County Durham,2021Q2,632.0,706.0,train,-0.11056024375239737
E06000047,County Durham,2022Q1,676.0,590.0,train,0.1358552555061765
E06000047,County Durham,2022Q2,665.0,676.0,train,-0.016381602371885684
E06000047,County Durham,2022Q3,777.0,665.0,train,0.15543685363800197
E06000047,County Durham,2022Q4,674.0,777.0,train,-0.14201383330586115
E06000047,County Durham,2023Q1,804.0,674.0,train,0.1761295865460335
E06000047,County Durham,2023Q2,843.0,804.0,train,0.04731021717739381
E06000047,County Durham,2023Q3,837.0,843.0,train,-0.00713439411387462
E06000047,County Durham,2023Q4,945.0,837.0,train,0.12122446856979519
E06000047,County Durham,2024Q1,1174.0,945.0,valid,0.21678085752638143
E06000047,County Durham,2024Q2,982.0,1174.0,valid,-0.17841430643109302
E06000047,County Durham,2024Q3,983.0,982.0,valid,0.0010167769050868358
E06000047,County Durham,2024Q4,907.0,983.0,valid,-0.08038151845095953
E06000047,County Durham,2025Q1,917.0,907.0,test,0.010953012019196962
E06000047,County Durham,2025Q2,931.0,917.0,test,0.015135424065100267
E06000047,County Durham,2025Q3,872.0,931.0,test,-0.06539725884598901
E06000049,Cheshire East,2019Q4,315.0,429.0,train,-0.30804299510069555
E06000049,Cheshire East,2020Q1,393.0,315.0,train,0.2206086957110216
E06000049,Cheshire East,2020Q2,272.0,393.0,train,-0.36687911411297414
E06000049,Cheshire East,2020Q3,377.0,272.0,train,0.3254224004346282
E06000049,Cheshire East,2020Q4,327.0,377.0,train,-0.14188058723544383
E06000049,Cheshire East,2021Q1,325.0,327.0,train,-0.006116227017436415
E06000049,Cheshire East,2021Q2,288.0,325.0,train,-0.1204706932542754
E06000049,Cheshire East,2021Q3,350.0,288.0,train,0.1943595353534331
E06000049,Cheshire East,2021Q4,366.0,350.0,train,0.04457562458870523
E06000049,Cheshire East,2022Q1,436.0,366.0,train,0.1745713470410193
E06000049,Cheshire East,2022Q2,385.0,436.0,train,-0.12409582563075894
E06000049,Cheshire East,2022Q3,410.0,385.0,train,0.06275584503140319
E06000049,Cheshire East,2022Q4,372.0,410.0,train,-0.09701479485241826
E06000049,Cheshire East,2023Q1,435.0,372.0,train,0.15606382370521832
E06000049,Cheshire East,2023Q2,391.0,435.0,train,-0.10638040355857203
E06000049,Cheshire East,2023Q3,396.0,391.0,train,0.012674440896728534
E06000049,Cheshire East,2023Q4,446.0,396.0,train,0.11862231392637845
E06000049,Cheshire East,2024Q1,514.0,446.0,valid,0.14160830605016717
E06000049,Cheshire East,2024Q2,456.0,514.0,valid,-0.11948350976953126
E06000049,Cheshire East,2024Q3,547.0,456.0,valid,0.18159189605381076
E06000049,Cheshire East,2024Q4,393.0,547.0,valid,-0.329924377650082
E06000049,Cheshire East,2025Q1,509.0,393.0,test,0.2580598164204373
E06000049,Cheshire East,2025Q2,391.0,509.0,test,-0.26314888592790897
E06000049,Cheshire East,2025Q3,367.0,391.0,test,-0.06317890162153095
E06000050,Cheshire West and Chester,2019Q4,425.0,451.0,train,-0.05924283356286075
E06000050,Cheshire West and Chester,2020Q1,461.0,425.0,train,0.08112554481236778
E06000050,Cheshire West and Chester,2020Q2,457.0,461.0,train,-0.008695706967553285
E06000050,Cheshire West and Chester,2020Q3,455.0,457.0,train,-0.004376374599798893
E06000050,Cheshire West and Chester,2020Q4,433.0,455.0,train,-0.049448275413981335
E06000050,Cheshire West and Chester,2021Q1,500.0,433.0,train,0.14356156698445943
E06000050,Cheshire West and Chester,2021Q2,439.0,500.0,train,-0.12983137417255808
E06000050,Cheshire West and Chester,2021Q3,409.0,439.0,train,-0.07061756721395263
E06000050,Cheshire West and Chester,2021Q4,434.0,409.0,train,0.059188871390330355
E06000050,Cheshire West and Chester,2022Q1,451.0,434.0,train,0.038336148743547405
E06000050,Cheshire West and Chester,2022Q2,511.0,451.0,train,0.12464244520727608
E06000050,Cheshire West and Chester,2022Q3,527.0,511.0,train,0.030771658666753687
E06000050,Cheshire West and Chester,2022Q4,564.0,527.0,train,0.06772944744017995
E06000050,Cheshire West and Chester,2023Q1,487.0,564.0,train,-0.14651032529329377
E06000050,Cheshire West and Chester,2023Q2,487.0,487.0,train,0.0
E06000050,Cheshire West and Chester,2023Q3,497.0,487.0,train,0.02028467117150523
E06000050,Cheshire West and Chester,2023Q4,490.0,497.0,train,-0.014155949230132414
E06000050,Cheshire West and Chester,2024Q1,476.0,490.0,valid,-0.028927636906178833
E06000050,Cheshire West and Chester,2024Q2,469.0,476.0,valid,-0.014783796184237197
E06000050,Cheshire West and Chester,2024Q3,479.0,469.0,valid,0.021053409197832273
E06000050,Cheshire West and Chester,2024Q4,464.0,479.0,valid,-0.031748698314580714
E06000050,Cheshire West and Chester,2025Q1,518.0,464.0,test,0.10986647757853252
E06000050,Cheshire West and Chester,2025Q2,493.0,518.0,test,-0.04936836597796557
E06000050,Cheshire West and Chester,2025Q3,528.0,493.0,test,0.06845291467037651
E06000051,Shropshire,2019Q4,244.0,292.0,train,-0.17891439847234025
E06000051,Shropshire,2020Q1,351.0,244.0,train,0.36237296505336936
E06000051,Shropshire,2020Q2,404.0,351.0,train,0.14025589150844198
E06000051,Shropshire,2020Q3,257.0,404.0,train,-0.4509274821849214
E06000051,Shropshire,2020Q4,235.0,257.0,train,-0.08912777989600684
E06000051,Shropshire,2021Q1,314.0,235.0,train,0.2887408338000226
E06000051,Shropshire,2021Q2,271.0,314.0,train,-0.14677057252963532
E06000051,Shropshire,2021Q3,250.0,271.0,train,-0.08034912716421427
E06000051,Shropshire,2021Q4,257.0,250.0,train,0.02750664578983386
E06000051,Shropshire,2022Q1,284.0,257.0,train,0.09952959534703343
E06000051,Shropshire,2022Q2,309.0,284.0,train,0.0840831172105414
E06000051,Shropshire,2022Q3,288.0,309.0,train,-0.07014560936675984
E06000051,Shropshire,2022Q4,269.0,288.0,train,-0.0680047291140573
E06000051,Shropshire,2023Q1,371.0,269.0,train,0.32047189527477116
E06000051,Shropshire,2023Q2,403.0,371.0,train,0.08252102368800429
E06000051,Shropshire,2023Q3,344.0,403.0,train,-0.1578704609297903
E06000051,Shropshire,2023Q4,374.0,344.0,train,0.08338160893905044
E06000051,Shropshire,2024Q1,430.0,374.0,valid,0.13918206413333678
E06000051,Shropshire,2024Q2,377.0,430.0,valid,-0.13121389448415943
E06000051,Shropshire,2024Q3,351.0,377.0,valid,-0.07126302002149121
E06000051,Shropshire,2024Q4,352.0,351.0,valid,0.00283688133519977
E06000051,Shropshire,2025Q1,416.0,352.0,test,0.16661816486550496
E06000051,Shropshire,2025Q2,397.0,416.0,test,-0.046634216514363835
E06000051,Shropshire,2025Q3,349.0,397.0,test,-0.1285188508009787
E06000052,Cornwall,2019Q4,666.0,706.0,train,-0.05824061998094976
E06000052,Cornwall,2020Q1,629.0,666.0,train,-0.0570702265300449
E06000052,Cornwall,2020Q2,680.0,629.0,train,0.07784248676393357
E06000052,Cornwall,2020Q3,862.0,680.0,train,0.2368523849339157
E06000052,Cornwall,2020Q4,838.0,862.0,train,-0.028203984616221867
E06000052,Cornwall,2021Q1,882.0,838.0,train,0.05111449413675384
E06000052,Cornwall,2021Q2,921.0,882.0,train,0.043220022952634274
E06000052,Cornwall,2021Q3,938.0,921.0,train,0.018270255651668954
E06000052,Cornwall,2021Q4,977.0,938.0,train,0.04069419082655479
E06000052,Cornwall,2022Q3,740.0,752.0,train,-0.016064602503806924
E06000052,Cornwall,2022Q4,610.0,740.0,train,-0.19290366612449095
E06000052,Cornwall,2023Q1,743.0,610.0,train,0.19694407566149597
E06000052,Cornwall,2023Q2,664.0,743.0,train,-0.11225399417723736
E06000052,Cornwall,2023Q3,694.0,664.0,train,0.044124804908937776
E06000052,Cornwall,2023Q4,802.0,694.0,train,0.14444286838196962
E06000052,Cornwall,2024Q1,778.0,802.0,valid,-0.030343668076013408
E06000052,Cornwall,2024Q2,599.0,778.0,valid,-0.2610813906546019
E06000052,Cornwall,2024Q3,712.0,599.0,valid,0.17255176519814963
E06000052,Cornwall,2024Q4,527.0,712.0,valid,-0.3003851367080346
E06000052,Cornwall,2025Q1,610.0,527.0,test,0.14600067546533424
E06000052,Cornwall,2025Q2,583.0,610.0,test,-0.04519597634336847
E06000052,Cornwall,2025Q3,571.0,583.0,test,-0.020761991448429384
E06000053,Isles of Scilly,2019Q4,0.0,0.0,train,0.0
E06000053,Isles of Scilly,2020Q1,2.0,0.0,train,1.0986122886681098
E06000053,Isles of Scilly,2020Q2,2.0,2.0,train,0.0
E06000053,Isles of Scilly,2020Q3,0.0,2.0,train,-1.0986122886681098
E06000053,Isles of Scilly,2020Q4,0.0,0.0,train,0.0
E06000053,Isles of Scilly,2021Q1,1.0,0.0,train,0.6931471805599453
E06000053,Isles of Scilly,2021Q2,0.0,1.0,train,-0.6931471805599453
E06000053,Isles of Scilly,2021Q3,0.0,0.0,train,0.0
E06000053,Isles of Scilly,2021Q4,0.0,0.0,train,0.0
E06000053,Isles of Scilly,2022Q1,0.0,0.0,train,0.0
E06000053,Isles of Scilly,2022Q2,0.0,0.0,train,0.0
E06000053,Isles of Scilly,2022Q3,0.0,0.0,train,0.0
E06000053,Isles of Scilly,2022Q4,0.0,0.0,train,0.0
E06000053,Isles of Scilly,2023Q4,0.0,2.0,train,-1.0986122886681098
E06000053,Isles of Scilly,2024Q1,3.0,0.0,valid,1.3862943611198906
E06000053,Isles of Scilly,2024Q2,2.0,3.0,valid,-0.2876820724517808
E06000053,Isles of Scilly,2024Q3,1.0,2.0,valid,-0.4054651081081645
E06000053,Isles of Scilly,2024Q4,1.0,1.0,valid,0.0
E06000053,Isles of Scilly,2025Q1,3.0,1.0,test,0.6931471805599453
E06000053,Isles of Scilly,2025Q2,0.0,3.0,test,-1.3862943611198906
E06000053,Isles of Scilly,2025Q3,0.0,0.0,test,0.0
E06000054,Wiltshire,2019Q4,381.0,439.0,train,-0.1413541183057312
E06000054,Wiltshire,2020Q1,414.0,381.0,train,0.0828579116241226
E06000054,Wiltshire,2020Q2,318.0,414.0,train,-0.2630874174458535
E06000054,Wiltshire,2020Q3,370.0,318.0,train,0.1510109598225906
E06000054,Wiltshire,2020Q4,361.0,370.0,train,-0.024557850781663504
E06000054,Wiltshire,2021Q1,444.0,361.0,train,0.20643007034046867
E06000054,Wiltshire,2021Q2,322.0,444.0,train,-0.3204219589435837
E06000054,Wiltshire,2021Q3,371.0,322.0,train,0.14124153105048975
E06000054,Wiltshire,2021Q4,405.0,371.0,train,0.08745930532858637
E06000054,Wiltshire,2022Q1,452.0,405.0,train,0.10953896588130174
E06000054,Wiltshire,2022Q2,375.0,452.0,train,-0.18630298209313967
E06000054,Wiltshire,2022Q3,417.0,375.0,train,0.1058922891348617
E06000054,Wiltshire,2022Q4,394.0,417.0,train,-0.05659566762363433
E06000054,Wiltshire,2023Q1,471.0,394.0,train,0.178093220684433
E06000054,Wiltshire,2023Q2,414.0,471.0,train,-0.12870046535485713
E06000054,Wiltshire,2023Q3,413.0,414.0,train,-0.0024125464053836865
E06000054,Wiltshire,2023Q4,349.0,413.0,train,-0.16793281934185522
E06000054,Wiltshire,2024Q1,434.0,349.0,valid,0.21741287660522524
E06000054,Wiltshire,2024Q2,413.0,434.0,valid,-0.049480057263370014
E06000054,Wiltshire,2024Q3,361.0,413.0,valid,-0.13422176199954272
E06000054,Wiltshire,2024Q4,342.0,361.0,valid,-0.053913764659832
E06000054,Wiltshire,2025Q1,436.0,342.0,test,0.24220274792965046
E06000054,Wiltshire,2025Q2,439.0,436.0,test,0.0068415318167165395
E06000054,Wiltshire,2025Q3,462.0,439.0,test,0.050952327173927614
E06000055,Bedford,2019Q4,250.0,255.0,train,-0.01972450534777881
E06000055,Bedford,2020Q1,269.0,250.0,train,0.07296901986659154
E06000055,Bedford,2020Q2,288.0,269.0,train,0.0680047291140573
E06000055,Bedford,2020Q3,272.0,288.0,train,-0.05695489292747258
E06000055,Bedford,2020Q4,245.0,272.0,train,-0.10414025925259729
E06000055,Bedford,2021Q1,303.0,245.0,train,0.2116961654738594
E06000055,Bedford,2021Q2,269.0,303.0,train,-0.11860574240784683
E06000055,Bedford,2021Q3,298.0,269.0,train,0.10202161439231183
E06000055,Bedford,2021Q4,276.0,298.0,train,-0.07642606720334832
E06000055,Bedford,2022Q1,264.0,276.0,train,-0.04428768020111651
E06000055,Bedford,2022Q2,334.0,264.0,train,0.2344007058388442
E06000055,Bedford,2022Q3,297.0,334.0,train,-0.11703704531966164
E06000055,Bedford,2022Q4,325.0,297.0,train,0.08980389486130314
E06000055,Bedford,2023Q1,361.0,325.0,train,0.10474683045906374
E06000055,Bedford,2023Q2,337.0,361.0,train,-0.0685983163427526
E06000055,Bedford,2023Q3,352.0,337.0,train,0.04342216145027766
E06000055,Bedford,2023Q4,343.0,352.0,train,-0.025826399559898405
E06000055,Bedford,2024Q1,430.0,343.0,valid,0.22546643273034928
E06000055,Bedford,2024Q2,404.0,430.0,valid,-0.062221022997208664
E06000055,Bedford,2024Q3,332.0,404.0,valid,-0.19574457712609483
E06000055,Bedford,2024Q4,283.0,332.0,valid,-0.15916825181923766
E06000055,Bedford,2025Q1,394.0,283.0,test,0.32991152673991575
E06000055,Bedford,2025Q2,318.0,394.0,test,-0.21369466211627763
E06000055,Bedford,2025Q3,382.0,318.0,test,0.1828438863958013
E06000056,Central Bedfordshire,2019Q4,270.0,238.0,train,0.12565526894819
E06000056,Central Bedfordshire,2020Q1,281.0,270.0,train,0.0397882500584128
E06000056,Central Bedfordshire,2020Q2,342.0,281.0,train,0.19582337622782564
E06000056,Central Bedfordshire,2020Q3,328.0,342.0,train,-0.04167269640056759
E06000056,Central Bedfordshire,2020Q4,300.0,328.0,train,-0.08894748601649649
E06000056,Central Bedfordshire,2021Q1,315.0,300.0,train,0.0486319488380369
E06000056,Central Bedfordshire,2021Q2,317.0,315.0,train,0.00630916919326463
E06000056,Central Bedfordshire,2021Q3,292.0,317.0,train,-0.08187877376310926
E06000056,Central Bedfordshire,2021Q4,301.0,292.0,train,0.03025440835780202
E06000056,Central Bedfordshire,2022Q1,181.0,301.0,train,-0.5064203302980745
E06000056,Central Bedfordshire,2022Q2,255.0,181.0,train,0.34117075740276714
E06000056,Central Bedfordshire,2022Q3,219.0,255.0,train,-0.15154989812720032
E06000056,Central Bedfordshire,2022Q4,268.0,219.0,train,0.2010838332494771
E06000056,Central Bedfordshire,2023Q1,403.0,268.0,train,0.4067034983593114
E06000056,Central Bedfordshire,2023Q2,377.0,403.0,train,-0.0665206823415625
E06000056,Central Bedfordshire,2023Q3,363.0,377.0,train,-0.03774032798284743
E06000056,Central Bedfordshire,2023Q4,319.0,363.0,train,-0.12883287184296854
E06000056,Central Bedfordshire,2024Q1,337.0,319.0,valid,0.054724899689246875
E06000056,Central Bedfordshire,2024Q2,386.0,337.0,valid,0.13537879754676307
E06000056,Central Bedfordshire,2024Q3,336.0,386.0,valid,-0.13834176267742038
E06000056,Central Bedfordshire,2024Q4,237.0,336.0,valid,-0.34781225668088656
E06000056,Central Bedfordshire,2025Q1,307.0,237.0,test,0.257829109302099
E06000056,Central Bedfordshire,2025Q2,278.0,307.0,test,-0.09888800115220864
E06000056,Central Bedfordshire,2025Q3,328.0,278.0,test,0.1648459689440065
E06000057,Northumberland,2019Q4,171.0,179.0,train,-0.04546237407675768
E06000057,Northumberland,2020Q1,157.0,171.0,train,-0.08489944378648584
E06000057,Northumberland,2020Q2,156.0,157.0,train,-0.006349227678659197
E06000057,Northumberland,2020Q3,203.0,156.0,train,0.2618741884959084
E06000057,Northumberland,2020Q4,155.0,203.0,train,-0.268263986594679
E06000057,Northumberland,2021Q1,169.0,155.0,train,0.08594242980072497
E06000057,Northumberland,2021Q2,211.0,169.0,train,0.22078783762175025
E06000057,Northumberland,2021Q3,184.0,211.0,train,-0.1362304495936879
E06000057,Northumberland,2021Q4,152.0,184.0,train,-0.18991790368588912
E06000057,Northumberland,2022Q1,467.0,152.0,train,1.1180303745252118
E06000057,Northumberland,2022Q2,214.0,467.0,train,-0.7778302677899847
E06000057,Northumberland,2022Q3,277.0,214.0,train,0.25698308556297444
E06000057,Northumberland,2022Q4,267.0,277.0,train,-0.03663413317978037
E06000057,Northumberland,2023Q1,284.0,267.0,train,0.06150219975779425
E06000057,Northumberland,2023Q2,338.0,284.0,train,0.17351092711179916
E06000057,Northumberland,2023Q3,370.0,338.0,train,0.09020195522698504
E06000057,Northumberland,2023Q4,313.0,370.0,train,-0.16680907669918188
E06000057,Northumberland,2024Q1,335.0,313.0,valid,0.06771817405495106
E06000057,Northumberland,2024Q2,303.0,335.0,valid,-0.10008345855698231
E06000057,Northumberland,2024Q3,329.0,303.0,valid,0.08206495305430384
E06000057,Northumberland,2024Q4,380.0,329.0,valid,0.1437067206661755
E06000057,Northumberland,2025Q1,477.0,380.0,test,0.22681135736475522
E06000057,Northumberland,2025Q2,410.0,477.0,test,-0.15101751799522223
E06000057,Northumberland,2025Q3,337.0,410.0,test,-0.19554731901321531
E06000058,"Bournemouth, Christchurch and Poole",2019Q4,666.0,782.0,train,-0.16034265007517945
E06000058,"Bournemouth, Christchurch and Poole",2020Q1,701.0,666.0,train,0.05114335811018744
E06000058,"Bournemouth, Christchurch and Poole",2020Q2,623.0,701.0,train,-0.11778303565638293
E06000058,"Bournemouth, Christchurch and Poole",2020Q3,522.0,623.0,train,-0.17656890430450467
E06000058,"Bournemouth, Christchurch and Poole",2020Q4,470.0,522.0,train,-0.10472337004850552
E06000058,"Bournemouth, Christchurch and Poole",2021Q1,526.0,470.0,train,0.11234245452494473
E06000058,"Bournemouth, Christchurch and Poole",2021Q2,571.0,526.0,train,0.08193844283843532
E06000058,"Bournemouth, Christchurch and Poole",2021Q3,571.0,571.0,train,0.0
E06000058,"Bournemouth, Christchurch and Poole",2021Q4,554.0,571.0,train,-0.030170877633363347
E06000058,"Bournemouth, Christchurch and Poole",2022Q1,538.0,554.0,train,-0.029252542837436835
E06000058,"Bournemouth, Christchurch and Poole",2022Q2,528.0,538.0,train,-0.018727139050698227
E06000058,"Bournemouth, Christchurch and Poole",2022Q3,544.0,528.0,train,0.029797362804944605
E06000058,"Bournemouth, Christchurch and Poole",2022Q4,554.0,544.0,train,0.018182319083190457
E06000058,"Bournemouth, Christchurch and Poole",2023Q1,648.0,554.0,train,0.15646460295765596
E06000058,"Bournemouth, Christchurch and Poole",2023Q2,574.0,648.0,train,-0.12106267590673969
E06000058,"Bournemouth, Christchurch and Poole",2023Q3,693.0,574.0,train,0.188101919709454
E06000058,"Bournemouth, Christchurch and Poole",2023Q4,742.0,693.0,train,0.0682240842109545
E06000058,"Bournemouth, Christchurch and Poole",2024Q1,729.0,742.0,valid,-0.017651510575322327
E06000058,"Bournemouth, Christchurch and Poole",2024Q2,676.0,729.0,valid,-0.07537326123016186
E06000058,"Bournemouth, Christchurch and Poole",2024Q3,710.0,676.0,valid,0.049001156890965625
E06000058,"Bournemouth, Christchurch and Poole",2024Q4,688.0,710.0,valid,-0.031431158789581914
E06000058,"Bournemouth, Christchurch and Poole",2025Q1,814.0,688.0,test,0.16794684222720413
E06000058,"Bournemouth, Christchurch and Poole",2025Q2,785.0,814.0,test,-0.036231320811656254
E06000059,Dorset,2019Q4,378.0,361.0,train,0.04589199325665483
E06000059,Dorset,2020Q1,438.0,378.0,train,0.1469632079927452
E06000059,Dorset,2020Q2,352.0,438.0,train,-0.21803135614187497
E06000059,Dorset,2020Q3,394.0,352.0,train,0.11241770796782546
E06000059,Dorset,2020Q4,296.0,394.0,train,-0.2851536260984222
E06000059,Dorset,2021Q1,396.0,296.0,train,0.29020414188449095
E06000059,Dorset,2021Q2,344.0,396.0,train,-0.14039186365583056
E06000059,Dorset,2021Q3,345.0,344.0,train,0.0028943580263645075
E06000059,Dorset,2021Q4,318.0,345.0,train,-0.08124767227288032
E06000059,Dorset,2022Q1,452.0,318.0,train,0.3507010226981899
E06000059,Dorset,2022Q2,386.0,452.0,train,-0.15746743245325234
E06000059,Dorset,2022Q3,473.0,386.0,train,0.20278262866529495
E06000059,Dorset,2022Q4,387.0,473.0,train,-0.20020198207180329
E06000059,Dorset,2023Q1,510.0,387.0,train,0.2753642505804308
E06000059,Dorset,2023Q2,712.0,510.0,train,0.33311183021059154
E06000059,Dorset,2023Q3,786.0,712.0,train,0.09874682800310719
E06000059,Dorset,2023Q4,922.0,786.0,train,0.15940098608544861
E06000059,Dorset,2024Q1,906.0,922.0,valid,-0.01748678438771556
E06000059,Dorset,2024Q2,759.0,906.0,valid,-0.17682401683475923
E06000059,Dorset,2024Q3,770.0,759.0,valid,0.014369940282952243
E06000059,Dorset,2024Q4,582.0,770.0,valid,-0.279501187212837
E06000059,Dorset,2025Q1,502.0,582.0,test,-0.14759701625075294
E06000059,Dorset,2025Q2,618.0,502.0,test,0.20751510258485695
E06000059,Dorset,2025Q3,535.0,618.0,test,-0.14397111161379428
E06000060,Buckinghamshire,2020Q3,502.0,507.0,train,-0.009891277478742744
E06000060,Buckinghamshire,2020Q4,429.0,502.0,train,-0.1568049614121314
E06000060,Buckinghamshire,2021Q1,486.0,429.0,train,0.12447891439498182
E06000060,Buckinghamshire,2021Q2,464.0,486.0,train,-0.04622671749523377
E06000060,Buckinghamshire,2021Q3,453.0,464.0,train,-0.023940207546007564
E06000060,Buckinghamshire,2021Q4,483.0,453.0,train,0.0639877086752838
E06000060,Buckinghamshire,2022Q1,482.0,483.0,train,-0.0020682530640598884
E06000060,Buckinghamshire,2022Q2,613.0,482.0,train,0.23997827449457
E06000060,Buckinghamshire,2022Q3,844.0,613.0,train,0.31934169921003175
E06000060,Buckinghamshire,2022Q4,840.0,844.0,train,-0.004744967384225696
E06000060,Buckinghamshire,2023Q1,973.0,840.0,train,0.14681964366958677
E06000060,Buckinghamshire,2023Q2,1069.0,973.0,train,0.09400262381341662
E06000060,Buckinghamshire,2023Q3,1179.0,1069.0,train,0.09785579000375844
E06000060,Buckinghamshire,2023Q4,1126.0,1179.0,train,-0.04595520341993353
E06000060,Buckinghamshire,2024Q1,1210.0,1126.0,valid,0.07188722951331528
E06000060,Buckinghamshire,2024Q2,1170.0,1210.0,valid,-0.03358837995537467
E06000060,Buckinghamshire,2024Q3,1036.0,1170.0,valid,-0.12152615536818967
E06000060,Buckinghamshire,2024Q4,957.0,1036.0,valid,-0.0792394302586672
E06000060,Buckinghamshire,2025Q1,1058.0,957.0,test,0.10023256763054622
E06000060,Buckinghamshire,2025Q2,843.0,1058.0,test,-0.2269278510054491
E06000060,Buckinghamshire,2025Q3,1022.0,843.0,test,0.19234227135566861
E06000061,North Northamptonshire,2021Q3,283.0,297.0,train,-0.04811924834419834
E06000061,North Northamptonshire,2021Q4,345.0,283.0,train,0.19746453689651844
E06000061,North Northamptonshire,2022Q1,322.0,345.0,train,-0.06878645183506826
E06000061,North Northamptonshire,2022Q2,348.0,322.0,train,0.07741959897977058
E06000061,North Northamptonshire,2022Q3,310.0,348.0,train,-0.11527901002319307
E06000061,North Northamptonshire,2022Q4,316.0,310.0,train,0.019108861698046375
E06000061,North Northamptonshire,2023Q1,412.0,316.0,train,0.26454581908375285
E06000061,North Northamptonshire,2023Q2,347.0,412.0,train,-0.17124511318655866
E06000061,North Northamptonshire,2023Q3,413.0,347.0,train,0.1736634940508397
E06000061,North Northamptonshire,2023Q4,431.0,413.0,train,0.04255961441879652
E06000061,North Northamptonshire,2024Q1,379.0,431.0,valid,-0.12825433552367915
E06000061,North Northamptonshire,2024Q2,304.0,379.0,valid,-0.2198594761130197
E06000061,North Northamptonshire,2024Q3,276.0,304.0,valid,-0.09629427042007332
E06000061,North Northamptonshire,2024Q4,299.0,276.0,valid,0.07976496846886239
E06000061,North Northamptonshire,2025Q1,325.0,299.0,test,0.08311490671050681
E06000061,North Northamptonshire,2025Q2,354.0,325.0,test,0.08522040810870823
E06000061,North Northamptonshire,2025Q3,343.0,354.0,test,-0.03147613210201783
E06000062,West Northamptonshire,2021Q3,451.0,451.0,train,0.0
E06000062,West Northamptonshire,2021Q4,507.0,451.0,train,0.11679926774625038
E06000062,West Northamptonshire,2022Q1,577.0,507.0,train,0.12909242109389574
E06000062,West Northamptonshire,2022Q2,537.0,577.0,train,-0.07171530851059327
E06000062,West Northamptonshire,2022Q3,494.0,537.0,train,-0.08330079759309417
E06000062,West Northamptonshire,2022Q4,511.0,494.0,train,0.033766862470817394
E06000062,West Northamptonshire,2023Q1,583.0,511.0,train,0.13157635778871946
E06000062,West Northamptonshire,2023Q2,537.0,583.0,train,-0.08204242266644268
E06000062,West Northamptonshire,2023Q3,574.0,537.0,train,0.06651148063556622
E06000062,West Northamptonshire,2023Q4,431.0,574.0,train,-0.28594445255323997
E06000062,West Northamptonshire,2024Q1,514.0,431.0,valid,0.17574131241962565
E06000062,West Northamptonshire,2024Q2,615.0,514.0,valid,0.17908006286978306
E06000062,West Northamptonshire,2024Q3,504.0,615.0,valid,-0.19868853425815924
E06000062,West Northamptonshire,2024Q4,518.0,504.0,valid,0.027345453890528226
E06000062,West Northamptonshire,2025Q1,576.0,518.0,test,0.1059383833422114
E06000062,West Northamptonshire,2025Q2,499.0,576.0,test,-0.1432341680859084
E06000062,West Northamptonshire,2025Q3,480.0,499.0,test,-0.03874082831643033
E06000063,Cumberland,2023Q3,377.0,439.0,train,-0.1518805312927185
E06000063,Cumberland,2023Q4,256.0,377.0,train,-0.3858181107243679
E06000063,Cumberland,2024Q1,578.0,256.0,valid,0.8122263926777755
E06000063,Cumberland,2024Q2,502.0,578.0,valid,-0.14071230747325636
E06000063,Cumberland,2024Q3,421.0,502.0,valid,-0.1755848560637272
E06000063,Cumberland,2024Q4,363.0,421.0,valid,-0.1478514463992715
E06000063,Cumberland,2025Q1,418.0,363.0,test,0.14071705228539688
E06000063,Cumberland,2025Q2,380.0,418.0,test,-0.09507154479543622
E06000063,Cumberland,2025Q3,378.0,380.0,test,-0.005263170044274901
E06000064,Westmorland and Furness,2023Q3,282.0,357.0,train,-0.23508608875746262
E06000064,Westmorland and Furness,2023Q4,270.0,282.0,train,-0.04332807676353667
E06000064,Westmorland and Furness,2024Q1,255.0,270.0,valid,-0.05694137640013874
E06000064,Westmorland and Furness,2024Q2,242.0,255.0,valid,-0.052116001139014045
E06000064,Westmorland and Furness,2024Q3,248.0,242.0,valid,0.024391453124159135
E06000064,Westmorland and Furness,2024Q4,234.0,248.0,valid,-0.057867382320548444
E06000064,Westmorland and Furness,2025Q1,444.0,234.0,test,0.6384887680220812
E06000064,Westmorland and Furness,2025Q2,285.0,444.0,test,-0.4420824713463878
E06000064,Westmorland and Furness,2025Q3,245.0,285.0,test,-0.1506602748874899
E06000065,North Yorkshire,2023Q3,649.0,723.0,train,-0.10781902949603328
E06000065,North Yorkshire,2023Q4,584.0,649.0,train,-0.10536051565782589
E06000065,North Yorkshire,2024Q1,707.0,584.0,valid,0.1908322464618628
E06000065,North Yorkshire,2024Q2,649.0,707.0,valid,-0.08547173080403692
E06000065,North Yorkshire,2024Q3,640.0,649.0,valid,-0.01394290596901282
E06000065,North Yorkshire,2024Q4,566.0,640.0,valid,-0.12267015319291819
E06000065,North Yorkshire,2025Q1,679.0,566.0,test,0.18173349444240028
E06000065,North Yorkshire,2025Q2,659.0,679.0,test,-0.02985296314968089
E06000065,North Yorkshire,2025Q3,644.0,659.0,test,-0.022989518224698635
E06000066,Somerset,2023Q3,687.0,744.0,train,-0.07959538044621617
E06000066,Somerset,2023Q4,650.0,687.0,train,-0.05527919572477469
E06000066,Somerset,2024Q1,733.0,650.0,valid,0.11999938640594632
E06000066,Somerset,2024Q2,729.0,733.0,valid,-0.005464494472078307
E06000066,Somerset,2024Q3,718.0,729.0,valid,-0.015183176421389888
E06000066,Somerset,2024Q4,564.0,718.0,valid,-0.24103562657460564
E06000066,Somerset,2025Q1,687.0,564.0,test,0.1969631067869022
E06000066,Somerset,2025Q2,632.0,687.0,test,-0.08331841578916777
E06000066,Somerset,2025Q3,690.0,632.0,test,0.08766940162349446
E07000004,Aylesbury Vale,2019Q4,236.0,302.0,train,-0.2456726643742373
E07000004,Aylesbury Vale,2020Q1,276.0,236.0,train,0.15595736505220703
E07000005,Chiltern,2019Q4,32.0,28.0,train,0.1292117314800061
E07000005,Chiltern,2020Q1,37.0,32.0,train,0.14107859825990543
E07000006,South Bucks,2019Q4,31.0,46.0,train,-0.3844116989103319
E07000006,South Bucks,2020Q1,37.0,31.0,train,0.17185025692665912
E07000007,Wycombe,2019Q4,158.0,185.0,train,-0.15684247149297015
E07000007,Wycombe,2020Q1,181.0,158.0,train,0.13510248485656362
E07000008,Cambridge,2019Q4,176.0,198.0,train,-0.11715509215066344
E07000008,Cambridge,2020Q1,201.0,176.0,train,0.13211796482737626
E07000008,Cambridge,2020Q2,168.0,201.0,train,-0.1783689824781316
E07000008,Cambridge,2020Q3,164.0,168.0,train,-0.023953241022493188
E07000008,Cambridge,2020Q4,182.0,164.0,train,0.10354067894084107
E07000008,Cambridge,2021Q1,184.0,182.0,train,0.01086967223690305
E07000008,Cambridge,2021Q2,167.0,184.0,train,-0.09639184567506565
E07000008,Cambridge,2021Q3,180.0,167.0,train,0.07453305186256731
E07000008,Cambridge,2021Q4,174.0,180.0,train,-0.03371105734231161
E07000008,Cambridge,2022Q1,177.0,174.0,train,0.016997576368570577
E07000008,Cambridge,2022Q2,157.0,177.0,train,-0.11918851726511814
E07000008,Cambridge,2022Q3,172.0,157.0,train,0.0906965614708124
E07000008,Cambridge,2024Q2,260.0,244.0,valid,0.0632621967779663
E07000008,Cambridge,2024Q3,292.0,260.0,valid,0.11565220169437396
E07000008,Cambridge,2024Q4,262.0,292.0,valid,-0.10801857683930294
E07000008,Cambridge,2025Q1,261.0,262.0,test,-0.003809528416668151
E07000008,Cambridge,2025Q2,250.0,261.0,test,-0.042891564629313095
E07000008,Cambridge,2025Q3,234.0,250.0,test,-0.06586742498762455
E07000009,East Cambridgeshire,2019Q4,100.0,109.0,train,-0.08535984895115689
E07000009,East Cambridgeshire,2020Q1,118.0,100.0,train,0.16400297627026994
E07000009,East Cambridgeshire,2020Q2,5.0,118.0,train,-2.9873640238834747
E07000009,East Cambridgeshire,2020Q3,100.0,5.0,train,2.8233610476132047
E07000009,East Cambridgeshire,2020Q4,73.0,100.0,train,-0.3110554236370895
E07000009,East Cambridgeshire,2021Q1,79.0,73.0,train,0.07796154146971102
E07000009,East Cambridgeshire,2021Q2,90.0,79.0,train,0.12883287184296854
E07000009,East Cambridgeshire,2021Q3,105.0,90.0,train,0.15257958759521717
E07000009,East Cambridgeshire,2021Q4,92.0,105.0,train,-0.13083960095881064
E07000009,East Cambridgeshire,2022Q1,111.0,92.0,train,0.18589937814183788
E07000009,East Cambridgeshire,2022Q2,111.0,111.0,train,0.0
E07000009,East Cambridgeshire,2022Q3,117.0,111.0,train,0.05218575317057095
E07000009,East Cambridgeshire,2022Q4,106.0,117.0,train,-0.09785579000375932
E07000009,East Cambridgeshire,2023Q1,149.0,106.0,train,0.33780645963434974
E07000009,East Cambridgeshire,2023Q2,112.0,149.0,train,-0.2832474753839147
E07000009,East Cambridgeshire,2023Q3,116.0,112.0,train,0.034786116085415486
E07000009,East Cambridgeshire,2023Q4,105.0,116.0,train,-0.09873484068568938
E07000009,East Cambridgeshire,2024Q1,119.0,105.0,valid,0.1240526486699789
E07000009,East Cambridgeshire,2024Q2,120.0,119.0,valid,0.008298802814695527
E07000009,East Cambridgeshire,2024Q3,118.0,120.0,valid,-0.01666705248521172
E07000009,East Cambridgeshire,2024Q4,106.0,118.0,valid,-0.10629465864962384
E07000009,East Cambridgeshire,2025Q1,104.0,106.0,test,-0.018868484304382704
E07000009,East Cambridgeshire,2025Q2,108.0,104.0,test,0.03738753207162038
E07000009,East Cambridgeshire,2025Q3,101.0,108.0,test,-0.06637506894487277
E07000010,Fenland,2019Q4,127.0,145.0,train,-0.13157635778871946
E07000010,Fenland,2020Q1,141.0,127.0,train,0.10379679368164396
E07000010,Fenland,2020Q2,101.0,141.0,train,-0.3308542443169902
E07000010,Fenland,2020Q3,107.0,101.0,train,0.05715841383994924
E07000010,Fenland,2020Q4,111.0,107.0,train,0.036367644170874236
E07000010,Fenland,2021Q1,124.0,111.0,train,0.10981486600720736
E07000010,Fenland,2021Q2,172.0,124.0,train,0.3249778571954778
E07000010,Fenland,2021Q3,153.0,172.0,train,-0.11633899208414977
E07000010,Fenland,2021Q4,154.0,153.0,train,0.006472514505617255
E07000010,Fenland,2022Q1,125.0,154.0,train,-0.2071432099677688
E07000010,Fenland,2022Q2,151.0,125.0,train,0.18759861389479848
E07000010,Fenland,2022Q3,134.0,151.0,train,-0.11860574240784683
E07000010,Fenland,2022Q4,158.0,134.0,train,0.1636294237818019
E07000010,Fenland,2023Q1,139.0,158.0,train,-0.12726177961092766
E07000010,Fenland,2023Q2,161.0,139.0,train,0.14595391262307977
E07000010,Fenland,2023Q3,161.0,161.0,train,0.0
E07000010,Fenland,2023Q4,178.0,161.0,train,0.09978947060837129
E07000010,Fenland,2024Q1,163.0,178.0,valid,-0.08751937801655618
E07000010,Fenland,2024Q2,178.0,163.0,valid,0.08751937801655618
E07000010,Fenland,2024Q3,147.0,178.0,valid,-0.19017353207664023
E07000010,Fenland,2024Q4,128.0,147.0,valid,-0.13739986940244275
E07000010,Fenland,2025Q1,178.0,128.0,test,0.327573401479083
E07000010,Fenland,2025Q2,178.0,178.0,test,0.0
E07000010,Fenland,2025Q3,154.0,178.0,test,-0.14396068892150815
E07000011,Huntingdonshire,2019Q4,221.0,227.0,train,-0.026668247082161756
E07000011,Huntingdonshire,2020Q1,274.0,221.0,train,0.21409371579429237
E07000011,Huntingdonshire,2020Q2,238.0,274.0,train,-0.14030754573506066
E07000011,Huntingdonshire,2020Q3,246.0,238.0,train,0.032924784696466425
E07000011,Huntingdonshire,2020Q4,239.0,246.0,train,-0.028749413285986236
E07000011,Huntingdonshire,2021Q1,213.0,239.0,train,-0.11466290832014003
E07000011,Huntingdonshire,2021Q2,229.0,213.0,train,0.0721032939013444
E07000011,Huntingdonshire,2021Q3,211.0,229.0,train,-0.08149303425118326
E07000011,Huntingdonshire,2021Q4,218.0,211.0,train,0.03248545514448864
E07000011,Huntingdonshire,2022Q1,280.0,218.0,train,0.24928293951724445
E07000011,Huntingdonshire,2022Q2,182.0,280.0,train,-0.42886851649232405
E07000011,Huntingdonshire,2022Q3,196.0,182.0,train,0.07371757589656713
E07000011,Huntingdonshire,2022Q4,180.0,196.0,train,-0.08470669747216242
E07000011,Huntingdonshire,2023Q1,278.0,180.0,train,0.4327147505555393
E07000011,Huntingdonshire,2023Q2,208.0,278.0,train,-0.28887752985655446
E07000011,Huntingdonshire,2023Q3,242.0,208.0,train,0.1507271913757373
E07000011,Huntingdonshire,2023Q4,211.0,242.0,train,-0.13647516866853593
E07000011,Huntingdonshire,2024Q1,237.0,211.0,valid,0.1156843989994627
E07000011,Huntingdonshire,2024Q2,235.0,237.0,valid,-0.008438868645864517
E07000011,Huntingdonshire,2024Q3,218.0,235.0,valid,-0.07476007520910954
E07000011,Huntingdonshire,2024Q4,184.0,218.0,valid,-0.16871590473817655
E07000011,Huntingdonshire,2025Q1,233.0,184.0,test,0.2349652902793773
E07000011,Huntingdonshire,2025Q2,176.0,233.0,test,-0.2791713827838729
E07000011,Huntingdonshire,2025Q3,216.0,176.0,test,0.2037476209666309
E07000012,South Cambridgeshire,2019Q4,124.0,108.0,train,0.13696585507315806
E07000012,South Cambridgeshire,2020Q1,117.0,124.0,train,-0.05762911283663641
E07000012,South Cambridgeshire,2020Q2,100.0,117.0,train,-0.15556410762440542
E07000012,South Cambridgeshire,2020Q3,102.0,100.0,train,0.01960847138837618
E07000012,South Cambridgeshire,2020Q4,103.0,102.0,train,0.009661910911736626
E07000012,South Cambridgeshire,2021Q1,125.0,103.0,train,0.19189100781010549
E07000012,South Cambridgeshire,2021Q2,117.0,125.0,train,-0.06559728248581287
E07000012,South Cambridgeshire,2021Q3,127.0,117.0,train,0.08134563945395179
E07000012,South Cambridgeshire,2021Q4,106.0,127.0,train,-0.17920142945771111
E07000012,South Cambridgeshire,2022Q1,86.0,106.0,train,-0.20692071580732208
E07000012,South Cambridgeshire,2022Q2,122.0,86.0,train,0.34627623671783336
E07000012,South Cambridgeshire,2022Q3,97.0,122.0,train,-0.22721687670184476
E07000012,South Cambridgeshire,2022Q4,112.0,97.0,train,0.1424203400417685
E07000012,South Cambridgeshire,2023Q1,126.0,112.0,train,0.11679926774625038
E07000012,South Cambridgeshire,2023Q2,141.0,126.0,train,0.11163997114266966
E07000012,South Cambridgeshire,2023Q3,158.0,141.0,train,0.11307714461897067
E07000012,South Cambridgeshire,2023Q4,172.0,158.0,train,0.08438739227754777
E07000012,South Cambridgeshire,2024Q1,142.0,172.0,valid,-0.19044696423787233
E07000012,South Cambridgeshire,2024Q2,152.0,142.0,valid,0.06759329113252832
E07000012,South Cambridgeshire,2024Q3,179.0,152.0,valid,0.16251892949777513
E07000012,South Cambridgeshire,2024Q4,135.0,179.0,valid,-0.28030196515415806
E07000012,South Cambridgeshire,2025Q1,154.0,135.0,test,0.13077023118319442
E07000012,South Cambridgeshire,2025Q2,183.0,154.0,test,0.1715106406897391
E07000012,South Cambridgeshire,2025Q3,176.0,183.0,test,-0.038786025035157046
E07000026,Allerdale,2019Q4,100.0,106.0,train,-0.0577083176206461
E07000026,Allerdale,2020Q1,107.0,100.0,train,0.06701071028296024
E07000026,Allerdale,2020Q4,69.0,112.0,train,-0.47889257666298146
E07000026,Allerdale,2021Q1,97.0,69.0,train,0.33647223662121295
E07000026,Allerdale,2021Q2,95.0,97.0,train,-0.020619287202736203
E07000026,Allerdale,2021Q3,122.0,95.0,train,0.24783616390458096
E07000026,Allerdale,2021Q4,123.0,122.0,train,0.00809721023262
E07000026,Allerdale,2022Q1,152.0,123.0,train,0.21015635578739822
E07000026,Allerdale,2022Q2,118.0,152.0,train,-0.25131442828090567
E07000027,Barrow-in-Furness,2019Q4,74.0,112.0,train,-0.4098997051760307
E07000027,Barrow-in-Furness,2020Q1,68.0,74.0,train,-0.08338160893905044
E07000027,Barrow-in-Furness,2020Q2,48.0,68.0,train,-0.3422862064866332
E07000027,Barrow-in-Furness,2020Q3,85.0,48.0,train,0.5625269981428809
E07000027,Barrow-in-Furness,2020Q4,81.0,85.0,train,-0.04762804898925399
E07000027,Barrow-in-Furness,2021Q1,80.0,81.0,train,-0.012270092591814219
E07000027,Barrow-in-Furness,2021Q2,75.0,80.0,train,-0.06371581438610807
E07000027,Barrow-in-Furness,2021Q3,64.0,75.0,train,-0.15634607039069426
E07000027,Barrow-in-Furness,2021Q4,70.0,64.0,train,0.08829260714567866
E07000027,Barrow-in-Furness,2022Q1,101.0,70.0,train,0.3622929362429552
E07000027,Barrow-in-Furness,2022Q2,74.0,101.0,train,-0.30748469974796055
E07000028,Carlisle,2019Q4,111.0,139.0,train,-0.2231435513142097
E07000028,Carlisle,2020Q1,119.0,111.0,train,0.06899287148695166
E07000028,Carlisle,2020Q2,58.0,119.0,train,-0.7099542988763261
E07000028,Carlisle,2020Q3,100.0,58.0,train,0.53758307293554
E07000028,Carlisle,2020Q4,86.0,100.0,train,-0.14921239818667598
E07000028,Carlisle,2021Q1,108.0,86.0,train,0.22543976357455975
E07000028,Carlisle,2021Q2,113.0,108.0,train,0.04485056616535221
E07000028,Carlisle,2021Q3,110.0,113.0,train,-0.026668247082161756
E07000028,Carlisle,2021Q4,93.0,110.0,train,-0.16623541904233008
E07000028,Carlisle,2022Q1,160.0,93.0,train,0.5381095827144593
E07000028,Carlisle,2022Q2,140.0,160.0,train,-0.1326444746062947
E07000029,Copeland,2019Q4,91.0,104.0,train,-0.1321717731084826
E07000029,Copeland,2020Q1,98.0,91.0,train,0.07333127308554932
E07000029,Copeland,2020Q2,68.0,98.0,train,-0.3610133455373301
E07000029,Copeland,2020Q3,80.0,68.0,train,0.16034265007517945
E07000029,Copeland,2020Q4,66.0,80.0,train,-0.1897565352814734
E07000029,Copeland,2021Q1,73.0,66.0,train,0.09937247381320446
E07000029,Copeland,2021Q2,62.0,73.0,train,-0.16093036681263762
E07000029,Copeland,2021Q3,68.0,62.0,train,0.0909717782057271
E07000029,Copeland,2021Q4,53.0,68.0,train,-0.24512245803298516
E07000029,Copeland,2022Q1,82.0,53.0,train,0.42985656123232374
E07000029,Copeland,2022Q2,68.0,82.0,train,-0.18473410319933858
E07000030,Eden,2019Q4,37.0,49.0,train,-0.2744368457017603
E07000030,Eden,2020Q1,40.0,37.0,train,0.07598590697792229
E07000030,Eden,2020Q2,31.0,40.0,train,-0.2478361639045814
E07000030,Eden,2020Q3,32.0,31.0,train,0.030771658666753687
E07000030,Eden,2020Q4,32.0,32.0,train,0.0
E07000030,Eden,2021Q1,30.0,32.0,train,-0.06252035698133396
E07000030,Eden,2021Q2,30.0,30.0,train,0.0
E07000030,Eden,2021Q3,30.0,30.0,train,0.0
E07000030,Eden,2021Q4,40.0,30.0,train,0.2795848622191617
E07000030,Eden,2022Q1,44.0,40.0,train,0.09309042306601167
E07000030,Eden,2022Q2,40.0,44.0,train,-0.09309042306601167
E07000031,South Lakeland,2019Q4,79.0,79.0,train,0.0
E07000031,South Lakeland,2020Q1,104.0,79.0,train,0.27193371548364187
E07000031,South Lakeland,2020Q2,69.0,104.0,train,-0.4054651081081637
E07000031,South Lakeland,2020Q3,82.0,69.0,train,0.1703453657472389
E07000031,South Lakeland,2020Q4,84.0,82.0,train,0.023810648693718406
E07000031,South Lakeland,2021Q1,171.0,84.0,train,0.7048432203231361
E07000031,South Lakeland,2021Q2,148.0,171.0,train,-0.14354817086799354
E07000031,South Lakeland,2021Q3,197.0,148.0,train,0.284320724749076
E07000031,South Lakeland,2021Q4,149.0,197.0,train,-0.27763173659827967
E07000031,South Lakeland,2022Q1,170.0,149.0,train,0.13102826240640475
E07000031,South Lakeland,2022Q2,157.0,170.0,train,-0.07906852347569338
E07000032,Amber Valley,2019Q4,124.0,130.0,train,-0.04688358589884967
E07000032,Amber Valley,2020Q1,141.0,124.0,train,0.12751332029895934
E07000032,Amber Valley,2020Q2,79.0,141.0,train,-0.5738004229273796
E07000032,Amber Valley,2020Q3,119.0,79.0,train,0.4054651081081646
E07000032,Amber Valley,2020Q4,90.0,119.0,train,-0.27663223626519606
E07000032,Amber Valley,2021Q1,110.0,90.0,train,0.19867069479548416
E07000032,Amber Valley,2021Q2,70.0,110.0,train,-0.44685032427101845
E07000032,Amber Valley,2021Q3,90.0,70.0,train,0.2481796294755343
E07000032,Amber Valley,2021Q4,96.0,90.0,train,0.06385147198653307
E07000032,Amber Valley,2022Q1,136.0,96.0,train,0.34526994732474225
E07000032,Amber Valley,2022Q2,107.0,136.0,train,-0.23784969870390515
E07000032,Amber Valley,2022Q3,120.0,107.0,train,0.11365931847252142
E07000032,Amber Valley,2022Q4,96.0,120.0,train,-0.22107956709335852
E07000032,Amber Valley,2023Q1,167.0,96.0,train,0.5492530008998759
E07000032,Amber Valley,2023Q2,101.0,167.0,train,-0.4989911661189881
E07000032,Amber Valley,2023Q3,113.0,101.0,train,0.11122563511022499
E07000032,Amber Valley,2024Q2,123.0,149.0,valid,-0.19035372849121845
E07000032,Amber Valley,2024Q3,142.0,123.0,valid,0.1425630646548699
E07000032,Amber Valley,2024Q4,94.0,142.0,valid,-0.4089677386593662
E07000032,Amber Valley,2025Q1,118.0,94.0,test,0.22524660151098885
E07000032,Amber Valley,2025Q2,101.0,118.0,test,-0.15415067982725894
E07000032,Amber Valley,2025Q3,68.0,101.0,test,-0.390866308687011
E07000033,Bolsover,2019Q4,29.0,38.0,train,-0.26236426446749084
E07000033,Bolsover,2020Q1,24.0,29.0,train,-0.1823215567939549
E07000033,Bolsover,2020Q2,27.0,24.0,train,0.11332868530700324
E07000033,Bolsover,2020Q3,20.0,27.0,train,-0.2876820724517808
E07000033,Bolsover,2020Q4,23.0,20.0,train,0.13353139262452274
E07000033,Bolsover,2021Q1,27.0,23.0,train,0.15415067982725805
E07000033,Bolsover,2021Q2,45.0,27.0,train,0.49643688631389127
E07000033,Bolsover,2021Q3,47.0,45.0,train,0.04255961441879608
E07000033,Bolsover,2021Q4,69.0,47.0,train,0.3772942311414682
E07000033,Bolsover,2022Q1,72.0,69.0,train,0.041964199099031596
E07000033,Bolsover,2022Q2,85.0,72.0,train,0.1638878551051164
E07000033,Bolsover,2022Q3,71.0,85.0,train,-0.17768117723745203
E07000033,Bolsover,2022Q4,57.0,71.0,train,-0.21622310846963622
E07000033,Bolsover,2023Q1,87.0,57.0,train,0.41689380393178777
E07000033,Bolsover,2023Q2,60.0,87.0,train,-0.3664629503048955
E07000033,Bolsover,2023Q3,72.0,60.0,train,0.1795855769750796
E07000033,Bolsover,2023Q4,85.0,72.0,train,0.1638878551051164
E07000033,Bolsover,2024Q1,100.0,85.0,valid,0.16077322058775234
E07000033,Bolsover,2024Q2,138.0,100.0,valid,0.3193534162894318
E07000033,Bolsover,2024Q3,106.0,138.0,valid,-0.2616450986687857
E07000033,Bolsover,2024Q4,100.0,106.0,valid,-0.0577083176206461
E07000033,Bolsover,2025Q1,91.0,100.0,test,-0.09333193979221921
E07000033,Bolsover,2025Q2,97.0,91.0,test,0.06317890162153184
E07000033,Bolsover,2025Q3,120.0,97.0,test,0.21082306692616903
E07000034,Chesterfield,2019Q4,143.0,161.0,train,-0.11778303565638293
E07000034,Chesterfield,2020Q1,143.0,143.0,train,0.0
E07000034,Chesterfield,2020Q2,117.0,143.0,train,-0.1991286751103356
E07000034,Chesterfield,2020Q3,153.0,117.0,train,0.2662679779479644
E07000034,Chesterfield,2020Q4,147.0,153.0,train,-0.03974032864951482
E07000034,Chesterfield,2021Q1,180.0,147.0,train,0.20128475750171138
E07000034,Chesterfield,2021Q2,161.0,180.0,train,-0.11090069603344244
E07000034,Chesterfield,2021Q3,151.0,161.0,train,-0.06371581438610718
E07000034,Chesterfield,2021Q4,149.0,151.0,train,-0.013245226750020933
E07000034,Chesterfield,2022Q1,183.0,149.0,train,0.20430046351273035
E07000034,Chesterfield,2022Q2,145.0,183.0,train,-0.23132913590064952
E07000034,Chesterfield,2022Q3,149.0,145.0,train,0.027028672387919173
E07000034,Chesterfield,2022Q4,136.0,149.0,train,-0.09065436826813045
E07000034,Chesterfield,2023Q1,151.0,136.0,train,0.10389959501815138
E07000034,Chesterfield,2023Q2,139.0,151.0,train,-0.08223809823697259
E07000034,Chesterfield,2023Q3,140.0,139.0,train,0.0071174677688645716
E07000034,Chesterfield,2023Q4,174.0,140.0,train,0.21602608354534603
E07000034,Chesterfield,2024Q1,191.0,174.0,valid,0.09270939810426704
E07000034,Chesterfield,2024Q2,156.0,191.0,valid,-0.2012495666794738
E07000034,Chesterfield,2024Q3,165.0,156.0,valid,0.05574198300823596
E07000034,Chesterfield,2024Q4,142.0,165.0,valid,-0.1491431580966367
E07000034,Chesterfield,2025Q1,163.0,142.0,test,0.13702179756429178
E07000034,Chesterfield,2025Q2,165.0,163.0,test,0.012121360532344916
E07000034,Chesterfield,2025Q3,175.0,165.0,test,0.05849620668160771
E07000035,Derbyshire Dales,2019Q4,58.0,50.0,train,0.14571181118139398
E07000035,Derbyshire Dales,2020Q1,80.0,58.0,train,0.3169117107667194
E07000035,Derbyshire Dales,2020Q2,62.0,80.0,train,-0.25131442828090655
E07000035,Derbyshire Dales,2020Q3,59.0,62.0,train,-0.04879016416943216
E07000035,Derbyshire Dales,2020Q4,65.0,59.0,train,0.09531017980432477
E07000035,Derbyshire Dales,2021Q1,60.0,65.0,train,-0.07878087785311383
E07000035,Derbyshire Dales,2021Q2,64.0,60.0,train,0.06351340572232544
E07000035,Derbyshire Dales,2021Q3,55.0,64.0,train,-0.14903557916048715
E07000035,Derbyshire Dales,2021Q4,57.0,55.0,train,0.03509131981126945
E07000035,Derbyshire Dales,2022Q1,62.0,57.0,train,0.08269171584511348
E07000035,Derbyshire Dales,2022Q2,61.0,62.0,train,-0.016000341346440905
E07000035,Derbyshire Dales,2022Q3,72.0,61.0,train,0.16332505610329928
E07000035,Derbyshire Dales,2022Q4,64.0,72.0,train,-0.11607217125275415
E07000035,Derbyshire Dales,2023Q1,55.0,64.0,train,-0.14903557916048715
E07000035,Derbyshire Dales,2023Q2,61.0,55.0,train,0.10178269430994202
E07000035,Derbyshire Dales,2023Q3,65.0,61.0,train,0.06252035698133351
E07000035,Derbyshire Dales,2023Q4,31.0,65.0,train,-0.7239188392266986
E07000035,Derbyshire Dales,2024Q1,81.0,31.0,valid,0.9409833444645268
E07000035,Derbyshire Dales,2024Q2,62.0,81.0,valid,-0.2635845208727208
E07000035,Derbyshire Dales,2024Q3,57.0,62.0,valid,-0.08269171584511348
E07000035,Derbyshire Dales,2024Q4,42.0,57.0,valid,-0.2992428948528567
E07000035,Derbyshire Dales,2025Q1,62.0,42.0,test,0.3819346106979702
E07000035,Derbyshire Dales,2025Q2,57.0,62.0,test,-0.08269171584511348
E07000035,Derbyshire Dales,2025Q3,64.0,57.0,test,0.1139442593492177
E07000036,Erewash,2019Q4,80.0,90.0,train,-0.11641035184441062
E07000036,Erewash,2020Q1,110.0,80.0,train,0.3150810466398948
E07000036,Erewash,2020Q2,75.0,110.0,train,-0.37879686102600285
E07000036,Erewash,2020Q3,62.0,75.0,train,-0.18759861389479848
E07000036,Erewash,2020Q4,72.0,62.0,train,0.14732471475685838
E07000036,Erewash,2021Q1,84.0,72.0,train,0.15219181534192572
E07000036,Erewash,2021Q2,59.0,84.0,train,-0.34830669426821625
E07000036,Erewash,2021Q3,76.0,59.0,train,0.2494608596315837
E07000036,Erewash,2021Q4,122.0,76.0,train,0.46837893351873294
E07000036,Erewash,2022Q1,117.0,122.0,train,-0.041499730906751964
E07000036,Erewash,2022Q2,84.0,117.0,train,-0.32803336797534843
E07000036,Erewash,2022Q3,124.0,84.0,train,0.38566248081198484
E07000036,Erewash,2022Q4,105.0,124.0,train,-0.1648746431902346
E07000036,Erewash,2023Q1,111.0,105.0,train,0.055059777183027236
E07000036,Erewash,2023Q4,112.0,90.0,train,0.21652831219549107
E07000036,Erewash,2024Q1,124.0,112.0,valid,0.1009259185899607
E07000036,Erewash,2024Q2,180.0,124.0,valid,0.37018329396352456
E07000036,Erewash,2024Q3,130.0,180.0,valid,-0.3232997080646749
E07000036,Erewash,2024Q4,145.0,130.0,valid,0.10840929850718517
E07000036,Erewash,2025Q1,135.0,145.0,test,-0.07095173597228399
E07000036,Erewash,2025Q2,127.0,135.0,test,-0.060624621816435464
E07000036,Erewash,2025Q3,87.0,127.0,test,-0.37469344944141003
E07000037,High Peak,2019Q4,125.0,113.0,train,0.10008345855698231
E07000037,High Peak,2020Q1,135.0,125.0,train,0.07637297878457439
E07000037,High Peak,2020Q2,99.0,135.0,train,-0.30748469974796055
E07000037,High Peak,2020Q3,124.0,99.0,train,0.2231435513142097
E07000037,High Peak,2020Q4,100.0,124.0,train,-0.21319322046104183
E07000037,High Peak,2021Q1,138.0,100.0,train,0.3193534162894318
E07000037,High Peak,2021Q2,84.0,138.0,train,-0.4918226766403748
E07000037,High Peak,2021Q3,145.0,84.0,train,0.5409553652180197
E07000037,High Peak,2021Q4,107.0,145.0,train,-0.30147539458411643
E07000037,High Peak,2022Q1,117.0,107.0,train,0.08855339734144518
E07000037,High Peak,2022Q2,73.0,117.0,train,-0.4666195312614949
E07000037,High Peak,2022Q3,112.0,73.0,train,0.4233227255081706
E07000037,High Peak,2022Q4,77.0,112.0,train,-0.3706789920227491
E07000037,High Peak,2023Q1,106.0,77.0,train,0.3161200077723141
E07000037,High Peak,2023Q2,97.0,106.0,train,-0.08786135579133347
E07000037,High Peak,2023Q3,95.0,97.0,train,-0.020619287202736203
E07000037,High Peak,2023Q4,82.0,95.0,train,-0.14550758367123784
E07000037,High Peak,2024Q1,98.0,82.0,valid,0.17627924233799153
E07000037,High Peak,2024Q2,82.0,98.0,valid,-0.17627924233799153
E07000037,High Peak,2024Q3,89.0,82.0,valid,0.08096906253366676
E07000037,High Peak,2024Q4,92.0,89.0,valid,0.032789822822991255
E07000037,High Peak,2025Q1,71.0,92.0,test,-0.25593337413720096
E07000037,High Peak,2025Q2,79.0,71.0,test,0.10536051565782589
E07000037,High Peak,2025Q3,46.0,79.0,test,-0.5318790329638228
E07000038,North East Derbyshire,2019Q4,77.0,69.0,train,0.10821358464023234
E07000038,North East Derbyshire,2020Q1,80.0,77.0,train,0.03774032798284743
E07000038,North East Derbyshire,2020Q2,52.0,80.0,train,-0.42415724112031716
E07000038,North East Derbyshire,2020Q3,66.0,52.0,train,0.23440070583884376
E07000038,North East Derbyshire,2020Q4,49.0,66.0,train,-0.29266961396281976
E07000038,North East Derbyshire,2021Q1,70.0,49.0,train,0.3506568716131695
E07000038,North East Derbyshire,2021Q2,50.0,70.0,train,-0.33085424431698973
E07000038,North East Derbyshire,2021Q3,72.0,50.0,train,0.3586338084240652
E07000038,North East Derbyshire,2021Q4,60.0,72.0,train,-0.1795855769750796
E07000038,North East Derbyshire,2022Q1,64.0,60.0,train,0.06351340572232544
E07000038,North East Derbyshire,2022Q2,63.0,64.0,train,-0.015504186535965303
E07000038,North East Derbyshire,2022Q3,73.0,63.0,train,0.1451820098444987
E07000038,North East Derbyshire,2022Q4,63.0,73.0,train,-0.1451820098444987
E07000038,North East Derbyshire,2023Q1,71.0,63.0,train,0.11778303565638382
E07000038,North East Derbyshire,2023Q2,62.0,71.0,train,-0.13353139262452274
E07000038,North East Derbyshire,2023Q3,83.0,62.0,train,0.2876820724517808
E07000038,North East Derbyshire,2023Q4,54.0,83.0,train,-0.4234836136108422
E07000038,North East Derbyshire,2024Q1,73.0,54.0,valid,0.296731907971699
E07000038,North East Derbyshire,2024Q2,75.0,73.0,valid,0.026668247082160867
E07000038,North East Derbyshire,2024Q3,56.0,75.0,valid,-0.2876820724517808
E07000038,North East Derbyshire,2024Q4,52.0,56.0,valid,-0.0727593542824283
E07000038,North East Derbyshire,2025Q1,65.0,52.0,test,0.21936282847430322
E07000038,North East Derbyshire,2025Q2,48.0,65.0,test,-0.2978344439157987
E07000038,North East Derbyshire,2025Q3,54.0,48.0,test,0.11551288712184471
E07000039,South Derbyshire,2019Q4,83.0,108.0,train,-0.2605310833858301
E07000039,South Derbyshire,2020Q1,71.0,83.0,train,-0.15415067982725805
E07000039,South Derbyshire,2020Q2,77.0,71.0,train,0.08004270767353638
E07000039,South Derbyshire,2020Q3,58.0,77.0,train,-0.279171382783872
E07000039,South Derbyshire,2020Q4,64.0,58.0,train,0.0968498259899171
E07000039,South Derbyshire,2021Q1,81.0,64.0,train,0.23233197736861655
E07000039,South Derbyshire,2021Q2,84.0,81.0,train,0.03593200922606332
E07000039,South Derbyshire,2021Q3,54.0,84.0,train,-0.4353180712578455
E07000039,South Derbyshire,2021Q4,76.0,54.0,train,0.33647223662121295
E07000039,South Derbyshire,2022Q1,65.0,76.0,train,-0.15415067982725894
E07000039,South Derbyshire,2022Q2,76.0,65.0,train,0.15415067982725894
E07000039,South Derbyshire,2022Q3,43.0,76.0,train,-0.5596157879354231
E07000039,South Derbyshire,2022Q4,84.0,43.0,train,0.6584616225720556
E07000039,South Derbyshire,2023Q1,66.0,84.0,train,-0.23795863709935094
E07000039,South Derbyshire,2023Q2,48.0,66.0,train,-0.31287232128033926
E07000039,South Derbyshire,2023Q3,71.0,48.0,train,0.38484582090542885
E07000039,South Derbyshire,2023Q4,54.0,71.0,train,-0.26933293378358414
E07000039,South Derbyshire,2024Q1,61.0,54.0,valid,0.1198011998126205
E07000039,South Derbyshire,2024Q2,72.0,61.0,valid,0.16332505610329928
E07000039,South Derbyshire,2024Q3,50.0,72.0,valid,-0.3586338084240652
E07000039,South Derbyshire,2024Q4,43.0,50.0,valid,-0.1476359988060647
E07000039,South Derbyshire,2025Q1,59.0,43.0,test,0.3101549283038394
E07000039,South Derbyshire,2025Q2,61.0,59.0,test,0.032789822822991255
E07000039,South Derbyshire,2025Q3,62.0,61.0,test,0.016000341346440905
E07000040,East Devon,2019Q4,158.0,190.0,train,-0.18336922582639836
E07000040,East Devon,2020Q1,198.0,158.0,train,0.22440062250426074
E07000040,East Devon,2020Q2,141.0,198.0,train,-0.3374777671232314
E07000040,East Devon,2020Q3,147.0,141.0,train,0.041385216162853844
E07000040,East Devon,2020Q4,132.0,147.0,train,-0.10686314554236098
E07000040,East Devon,2021Q1,156.0,132.0,train,0.16589667712655398
E07000040,East Devon,2021Q2,111.0,156.0,train,-0.33774693405321354
E07000040,East Devon,2021Q3,151.0,111.0,train,0.3053816495511823
E07000040,East Devon,2021Q4,153.0,151.0,train,0.013072081567353067
E07000040,East Devon,2022Q1,190.0,153.0,train,0.21532082563300037
E07000040,East Devon,2022Q2,160.0,190.0,train,-0.17086906306216676
E07000040,East Devon,2022Q3,134.0,160.0,train,-0.1761295865460335
E07000040,East Devon,2022Q4,151.0,134.0,train,0.11860574240784683
E07000040,East Devon,2023Q1,184.0,151.0,train,0.19647530423204795
E07000040,East Devon,2023Q2,171.0,184.0,train,-0.07286134826487167
E07000040,East Devon,2023Q3,194.0,171.0,train,0.12550508175029407
E07000040,East Devon,2023Q4,179.0,194.0,train,-0.08004270767353638
E07000040,East Devon,2024Q1,189.0,179.0,valid,0.054067221270275745
E07000040,East Devon,2024Q2,199.0,189.0,valid,0.05129329438755015
E07000040,East Devon,2024Q3,199.0,199.0,valid,0.0
E07000040,East Devon,2024Q4,168.0,199.0,valid,-0.16841865162496283
E07000040,East Devon,2025Q1,190.0,168.0,test,0.12237471312355641
E07000040,East Devon,2025Q2,174.0,190.0,test,-0.08748745412311543
E07000040,East Devon,2025Q3,155.0,174.0,test,-0.11492996667397737
E07000041,Exeter,2019Q4,396.0,273.0,train,0.3708081742991203
E07000041,Exeter,2020Q1,316.0,396.0,train,-0.22503450680991044
E07000041,Exeter,2020Q2,290.0,316.0,train,-0.08557850670578748
E07000041,Exeter,2020Q3,308.0,290.0,train,0.06001800972625304
E07000041,Exeter,2020Q4,272.0,308.0,train,-0.12386948171278611
E07000041,Exeter,2021Q1,290.0,272.0,train,0.06385147198653307
E07000041,Exeter,2021Q2,224.0,290.0,train,-0.2572228649670727
E07000041,Exeter,2021Q3,262.0,224.0,train,0.1560536299733446
E07000041,Exeter,2021Q4,225.0,262.0,train,-0.1516190329054785
E07000041,Exeter,2022Q1,317.0,225.0,train,0.3415163835078907
E07000041,Exeter,2022Q2,259.0,317.0,train,-0.20136975176464933
E07000041,Exeter,2022Q3,280.0,259.0,train,0.07767303831821781
E07000041,Exeter,2022Q4,264.0,280.0,train,-0.05862484334752338
E07000041,Exeter,2023Q1,332.0,264.0,train,0.2284126639942219
E07000041,Exeter,2023Q2,281.0,332.0,train,-0.16623541904233008
E07000041,Exeter,2023Q3,248.0,281.0,train,-0.12445417447340645
E07000041,Exeter,2023Q4,230.0,248.0,train,-0.07503518594291414
E07000041,Exeter,2024Q1,274.0,230.0,valid,0.17435338714477844
E07000041,Exeter,2024Q2,293.0,274.0,valid,0.06680866967210974
E07000041,Exeter,2024Q3,251.0,293.0,valid,-0.15415067982725805
E07000041,Exeter,2024Q4,233.0,251.0,valid,-0.07410797215372167
E07000041,Exeter,2025Q1,225.0,233.0,test,-0.034786116085415486
E07000041,Exeter,2025Q2,224.0,225.0,test,-0.004434597067866086
E07000041,Exeter,2025Q3,251.0,224.0,test,0.11332868530700324
E07000042,Mid Devon,2019Q4,76.0,105.0,train,-0.3196336722583828
E07000042,Mid Devon,2020Q1,76.0,76.0,train,0.0
E07000042,Mid Devon,2020Q2,68.0,76.0,train,-0.10969891725642444
E07000042,Mid Devon,2020Q3,105.0,68.0,train,0.42933258951480724
E07000042,Mid Devon,2020Q4,80.0,105.0,train,-0.2689899394396278
E07000042,Mid Devon,2021Q1,77.0,80.0,train,-0.03774032798284743
E07000042,Mid Devon,2021Q2,87.0,77.0,train,0.12062798778861517
E07000042,Mid Devon,2021Q3,92.0,87.0,train,0.055262678675049415
E07000042,Mid Devon,2021Q4,99.0,92.0,train,0.07257069283483553
E07000042,Mid Devon,2022Q1,117.0,99.0,train,0.1655144384775733
E07000042,Mid Devon,2022Q2,109.0,117.0,train,-0.07020425867324853
E07000042,Mid Devon,2022Q3,139.0,109.0,train,0.2411620568168873
E07000042,Mid Devon,2022Q4,149.0,139.0,train,0.06899287148695166
E07000042,Mid Devon,2023Q1,152.0,149.0,train,0.019802627296179764
E07000042,Mid Devon,2023Q2,147.0,152.0,train,-0.03322564762832059
E07000042,Mid Devon,2023Q3,147.0,147.0,train,0.0
E07000042,Mid Devon,2023Q4,136.0,147.0,train,-0.07723134793598962
E07000042,Mid Devon,2024Q1,114.0,136.0,valid,-0.1750487974648749
E07000042,Mid Devon,2024Q2,117.0,114.0,valid,0.025752496102414923
E07000042,Mid Devon,2024Q3,126.0,117.0,valid,0.0735024619929261
E07000042,Mid Devon,2024Q4,90.0,126.0,valid,-0.33332757994174145
E07000042,Mid Devon,2025Q1,96.0,90.0,test,0.06385147198653307
E07000042,Mid Devon,2025Q2,117.0,96.0,test,0.19597364596228228
E07000042,Mid Devon,2025Q3,110.0,117.0,test,-0.061154423153331194
E07000043,North Devon,2019Q4,258.0,323.0,train,-0.22391545409279168
E07000043,North Devon,2020Q1,321.0,258.0,train,0.21772348384487117
E07000043,North Devon,2020Q2,253.0,321.0,train,-0.23721727852587193
E07000043,North Devon,2020Q3,287.0,253.0,train,0.1256262131174095
E07000043,North Devon,2020Q4,216.0,287.0,train,-0.2830631265954864
E07000043,North Devon,2021Q1,307.0,216.0,train,0.3502024294331143
E07000043,North Devon,2021Q2,297.0,307.0,train,-0.03300629646816944
E07000043,North Devon,2021Q3,314.0,297.0,train,0.055479152320228486
E07000043,North Devon,2021Q4,259.0,314.0,train,-0.19189100781010549
E07000043,North Devon,2022Q1,293.0,259.0,train,0.12289813632315383
E07000043,North Devon,2022Q2,278.0,293.0,train,-0.05236798551731603
E07000043,North Devon,2022Q3,257.0,278.0,train,-0.07825219689974805
E07000043,North Devon,2022Q4,171.0,257.0,train,-0.4054651081081646
E07000043,North Devon,2023Q1,220.0,171.0,train,0.2506682247042997
E07000043,North Devon,2023Q2,198.0,220.0,train,-0.1048578767932602
E07000043,North Devon,2023Q3,193.0,198.0,train,-0.025446665661164047
E07000043,North Devon,2023Q4,163.0,193.0,train,-0.16799173123912947
E07000043,North Devon,2024Q1,257.0,163.0,valid,0.4530931570974186
E07000043,North Devon,2024Q2,208.0,257.0,valid,-0.2106253329568064
E07000043,North Devon,2024Q3,251.0,208.0,valid,0.18709483554661244
E07000043,North Devon,2024Q4,241.0,251.0,valid,-0.04049136135473663
E07000043,North Devon,2025Q1,257.0,241.0,test,0.0640218587649306
E07000043,North Devon,2025Q2,220.0,257.0,test,-0.15479688340386488
E07000043,North Devon,2025Q3,288.0,220.0,test,0.26826398659467987
E07000044,South Hams,2019Q4,92.0,98.0,train,-0.06252035698133351
E07000044,South Hams,2020Q1,109.0,92.0,train,0.1678808726391603
E07000044,South Hams,2020Q2,104.0,109.0,train,-0.0465200156348935
E07000044,South Hams,2020Q3,100.0,104.0,train,-0.038839833316263395
E07000044,South Hams,2020Q4,119.0,100.0,train,0.17237122594078613
E07000044,South Hams,2021Q1,79.0,119.0,train,-0.4054651081081646
E07000044,South Hams,2021Q2,58.0,79.0,train,-0.3044891907681615
E07000044,South Hams,2021Q3,80.0,58.0,train,0.3169117107667194
E07000044,South Hams,2021Q4,82.0,80.0,train,0.024391453124159135
E07000044,South Hams,2022Q1,49.0,82.0,train,-0.5068176023684523
E07000044,South Hams,2022Q2,95.0,49.0,train,0.6523251860396901
E07000044,South Hams,2022Q3,73.0,95.0,train,-0.2602830982636659
E07000044,South Hams,2022Q4,62.0,73.0,train,-0.16093036681263762
E07000044,South Hams,2023Q1,102.0,62.0,train,0.4915942618381033
E07000044,South Hams,2023Q2,83.0,102.0,train,-0.2039121893863225
E07000044,South Hams,2023Q3,80.0,83.0,train,-0.036367644170874236
E07000044,South Hams,2023Q4,74.0,80.0,train,-0.076961041136129
E07000044,South Hams,2024Q1,76.0,74.0,valid,0.026317308317374
E07000044,South Hams,2024Q2,88.0,76.0,valid,0.14483094787845552
E07000044,South Hams,2024Q3,84.0,88.0,valid,-0.04598511324182297
E07000044,South Hams,2024Q4,83.0,84.0,valid,-0.011834457647003305
E07000044,South Hams,2025Q1,105.0,83.0,test,0.23262229526875355
E07000044,South Hams,2025Q2,89.0,105.0,test,-0.1636294237818019
E07000044,South Hams,2025Q3,94.0,89.0,test,0.054067221270275745
E07000045,Teignbridge,2019Q4,186.0,179.0,train,0.038151765964376416
E07000045,Teignbridge,2020Q1,229.0,186.0,train,0.20697069206860874
E07000045,Teignbridge,2020Q2,203.0,229.0,train,-0.1199593150789795
E07000045,Teignbridge,2020Q3,244.0,203.0,train,0.18313821670051134
E07000045,Teignbridge,2020Q4,188.0,244.0,train,-0.25951119548508483
E07000045,Teignbridge,2021Q1,194.0,188.0,train,0.031252543504104224
E07000045,Teignbridge,2021Q2,168.0,194.0,train,-0.14310084364067333
E07000045,Teignbridge,2021Q3,201.0,168.0,train,0.1783689824781316
E07000045,Teignbridge,2021Q4,197.0,201.0,train,-0.02000066670666989
E07000045,Teignbridge,2022Q1,202.0,197.0,train,0.024938948347251966
E07000045,Teignbridge,2022Q2,201.0,202.0,train,-0.004938281640582076
E07000045,Teignbridge,2022Q3,205.0,201.0,train,0.01960847138837618
E07000045,Teignbridge,2022Q4,155.0,205.0,train,-0.27802016154004416
E07000045,Teignbridge,2023Q1,142.0,155.0,train,-0.08701137698963013
E07000045,Teignbridge,2023Q2,116.0,142.0,train,-0.20067069546215066
E07000045,Teignbridge,2023Q3,133.0,116.0,train,0.13566586515315482
E07000045,Teignbridge,2023Q4,163.0,133.0,train,0.20202662787328762
E07000045,Teignbridge,2024Q1,204.0,163.0,valid,0.2231435513142097
E07000045,Teignbridge,2024Q2,153.0,204.0,valid,-0.28605737672477893
E07000045,Teignbridge,2024Q3,146.0,153.0,valid,-0.0465200156348935
E07000045,Teignbridge,2024Q4,112.0,146.0,valid,-0.2630447680663952
E07000045,Teignbridge,2025Q1,140.0,112.0,test,0.22137207166582762
E07000045,Teignbridge,2025Q2,159.0,140.0,test,0.12641392485565817
E07000045,Teignbridge,2025Q3,134.0,159.0,test,-0.16989903679539697
E07000046,Torridge,2019Q4,114.0,107.0,train,0.06280090123903026
E07000046,Torridge,2020Q1,132.0,114.0,train,0.14541699985850354
E07000046,Torridge,2020Q2,102.0,132.0,train,-0.25562013999211786
E07000046,Torridge,2020Q3,121.0,102.0,train,0.1692920565036209
E07000046,Torridge,2020Q4,110.0,121.0,train,-0.09449084342092284
E07000046,Torridge,2021Q1,116.0,110.0,train,0.052643733485422395
E07000046,Torridge,2021Q2,112.0,116.0,train,-0.034786116085415486
E07000046,Torridge,2021Q3,116.0,112.0,train,0.034786116085415486
E07000046,Torridge,2021Q4,115.0,116.0,train,-0.00858374369139181
E07000046,Torridge,2022Q1,125.0,115.0,train,0.08269171584511348
E07000046,Torridge,2022Q2,99.0,125.0,train,-0.23111172096338617
E07000046,Torridge,2022Q3,110.0,99.0,train,0.1043600153242421
E07000046,Torridge,2022Q4,109.0,110.0,train,-0.009049835519917337
E07000046,Torridge,2023Q1,122.0,109.0,train,0.1117039895800005
E07000046,Torridge,2023Q2,115.0,122.0,train,-0.05859416426605257
E07000046,Torridge,2023Q3,110.0,115.0,train,-0.044059989794030585
E07000046,Torridge,2023Q4,90.0,110.0,train,-0.19867069479548416
E07000046,Torridge,2024Q1,115.0,90.0,valid,0.24273068458951474
E07000046,Torridge,2024Q2,98.0,115.0,valid,-0.1584703409717747
E07000046,Torridge,2024Q3,104.0,98.0,valid,0.058840500022933284
E07000046,Torridge,2024Q4,98.0,104.0,valid,-0.058840500022933284
E07000046,Torridge,2025Q1,112.0,98.0,test,0.13226796857775103
E07000046,Torridge,2025Q2,103.0,112.0,test,-0.08299691957096833
E07000046,Torridge,2025Q3,89.0,103.0,test,-0.14458122881110747
E07000047,West Devon,2019Q4,74.0,58.0,train,0.23995066963059042
E07000047,West Devon,2020Q1,62.0,74.0,train,-0.17435338714477755
E07000047,West Devon,2020Q2,66.0,62.0,train,0.06155789299943315
E07000047,West Devon,2020Q3,60.0,66.0,train,-0.09381875521765437
E07000047,West Devon,2020Q4,84.0,60.0,train,0.3317773923170053
E07000047,West Devon,2021Q1,51.0,84.0,train,-0.49140753790888914
E07000047,West Devon,2021Q2,60.0,51.0,train,0.15963014559188382
E07000047,West Devon,2021Q3,39.0,60.0,train,-0.4219944100593751
E07000047,West Devon,2021Q4,43.0,39.0,train,0.09531017980432477
E07000047,West Devon,2022Q1,39.0,43.0,train,-0.09531017980432477
E07000047,West Devon,2022Q2,47.0,39.0,train,0.1823215567939549
E07000047,West Devon,2022Q3,32.0,47.0,train,-0.3746934494414109
E07000047,West Devon,2022Q4,40.0,32.0,train,0.21706450523782772
E07000047,West Devon,2023Q1,57.0,40.0,train,0.34687094384211115
E07000047,West Devon,2023Q2,41.0,57.0,train,-0.3227733922630507
E07000047,West Devon,2023Q3,44.0,41.0,train,0.06899287148695121
E07000047,West Devon,2023Q4,44.0,44.0,train,0.0
E07000047,West Devon,2024Q1,56.0,44.0,valid,0.23638877806423064
E07000047,West Devon,2024Q2,49.0,56.0,valid,-0.1310282624064043
E07000047,West Devon,2024Q3,52.0,49.0,valid,0.058268908123976004
E07000047,West Devon,2024Q4,57.0,52.0,valid,0.09015109699429713
E07000047,West Devon,2025Q1,80.0,57.0,test,0.33400614412602003
E07000047,West Devon,2025Q2,60.0,80.0,test,-0.2835752904991278
E07000047,West Devon,2025Q3,42.0,60.0,test,-0.34967374847974897
E07000061,Eastbourne,2019Q4,121.0,188.0,train,-0.4377259703263858
E07000061,Eastbourne,2020Q1,345.0,121.0,train,1.042417730324468
E07000061,Eastbourne,2020Q2,175.0,345.0,train,-0.6759547800195733
E07000061,Eastbourne,2020Q3,157.0,175.0,train,-0.10788896201118447
E07000061,Eastbourne,2020Q4,204.0,157.0,train,0.26041494611144156
E07000061,Eastbourne,2021Q3,202.0,180.0,train,0.11470894777596108
E07000061,Eastbourne,2021Q4,161.0,202.0,train,-0.22560964380940352
E07000061,Eastbourne,2022Q1,124.0,161.0,train,-0.2592825979300821
E07000061,Eastbourne,2022Q4,238.0,203.0,train,0.15834355808729494
E07000061,Eastbourne,2023Q1,174.0,238.0,train,-0.31167757800799656
E07000061,Eastbourne,2023Q2,181.0,174.0,train,0.039220713153280684
E07000061,Eastbourne,2023Q3,196.0,181.0,train,0.07919704166119335
E07000061,Eastbourne,2023Q4,199.0,196.0,train,0.01511363781004782
E07000061,Eastbourne,2024Q1,235.0,199.0,valid,0.1655144384775742
E07000061,Eastbourne,2024Q2,192.0,235.0,valid,-0.2011416161207249
E07000061,Eastbourne,2024Q3,188.0,192.0,valid,-0.020943173845243024
E07000061,Eastbourne,2024Q4,197.0,188.0,valid,0.04652001563489261
E07000061,Eastbourne,2025Q1,207.0,197.0,test,0.0492710490067827
E07000061,Eastbourne,2025Q2,211.0,207.0,test,0.019048194970694432
E07000061,Eastbourne,2025Q3,236.0,211.0,test,0.11147386646311919
E07000062,Hastings,2019Q4,267.0,258.0,train,0.03415891881131916
E07000062,Hastings,2020Q1,296.0,267.0,train,0.10274515829184327
E07000062,Hastings,2020Q2,221.0,296.0,train,-0.2910547569304205
E07000062,Hastings,2020Q3,247.0,221.0,train,0.11075136429270316
E07000062,Hastings,2020Q4,205.0,247.0,train,-0.1855525773754012
E07000062,Hastings,2021Q1,260.0,205.0,train,0.23664423853311245
E07000062,Hastings,2021Q2,253.0,260.0,train,-0.027186140304157114
E07000062,Hastings,2021Q3,259.0,253.0,train,0.023347363996991
E07000062,Hastings,2021Q4,277.0,259.0,train,0.0669394826751093
E07000062,Hastings,2022Q1,340.0,277.0,train,0.20426136359288005
E07000062,Hastings,2022Q2,281.0,340.0,train,-0.1899754063454031
E07000062,Hastings,2022Q3,281.0,281.0,train,0.0
E07000062,Hastings,2022Q4,241.0,281.0,train,-0.1529693447814271
E07000062,Hastings,2023Q1,267.0,241.0,train,0.10204925435416978
E07000062,Hastings,2023Q2,232.0,267.0,train,-0.13994852694515636
E07000062,Hastings,2023Q3,295.0,232.0,train,0.23932100075835994
E07000062,Hastings,2023Q4,256.0,295.0,train,-0.14128336942884
E07000062,Hastings,2024Q1,291.0,256.0,valid,0.12767771737306166
E07000062,Hastings,2024Q2,292.0,291.0,valid,0.0034188067487859186
E07000062,Hastings,2024Q3,290.0,292.0,valid,-0.006849341845574841
E07000062,Hastings,2024Q4,230.0,290.0,valid,-0.23090555664969958
E07000062,Hastings,2025Q1,290.0,230.0,test,0.23090555664969958
E07000062,Hastings,2025Q2,292.0,290.0,test,0.006849341845574841
E07000062,Hastings,2025Q3,273.0,292.0,test,-0.0670445026289972
E07000063,Lewes,2019Q4,53.0,76.0,train,-0.3548213752894096
E07000063,Lewes,2020Q1,145.0,53.0,train,0.9946225751440618
E07000063,Lewes,2020Q2,121.0,145.0,train,-0.1795855769750796
E07000063,Lewes,2021Q4,84.0,104.0,train,-0.2113090936672064
E07000063,Lewes,2022Q1,60.0,84.0,train,-0.3317773923170053
E07000063,Lewes,2022Q4,74.0,65.0,train,0.12783337150988494
E07000063,Lewes,2023Q1,51.0,74.0,train,-0.3662443949548826
E07000063,Lewes,2023Q2,59.0,51.0,train,0.14310084364067288
E07000063,Lewes,2023Q3,110.0,59.0,train,0.6151856390902335
E07000063,Lewes,2023Q4,59.0,110.0,train,-0.6151856390902335
E07000063,Lewes,2024Q1,78.0,59.0,valid,0.2751032902449211
E07000063,Lewes,2024Q2,108.0,78.0,valid,0.32190002976212195
E07000063,Lewes,2024Q3,81.0,108.0,valid,-0.2846286349648901
E07000063,Lewes,2024Q4,73.0,81.0,valid,-0.10265415406008316
E07000063,Lewes,2025Q1,82.0,73.0,test,0.11477551459242807
E07000063,Lewes,2025Q2,102.0,82.0,test,0.2158883804330376
E07000063,Lewes,2025Q3,84.0,102.0,test,-0.1920777317393192
E07000064,Rother,2019Q4,105.0,123.0,train,-0.15684247149297015
E07000064,Rother,2020Q1,143.0,105.0,train,0.3063742054639338
E07000064,Rother,2020Q2,107.0,143.0,train,-0.2876820724517808
E07000064,Rother,2020Q3,91.0,107.0,train,-0.16034265007517945
E07000064,Rother,2020Q4,104.0,91.0,train,0.1321717731084826
E07000064,Rother,2022Q1,143.0,74.0,train,0.6523251860396906
E07000064,Rother,2022Q2,108.0,143.0,train,-0.27846541734685726
E07000064,Rother,2022Q3,119.0,108.0,train,0.09614386055290236
E07000064,Rother,2022Q4,144.0,119.0,train,0.1892419996385284
E07000064,Rother,2023Q1,153.0,144.0,train,0.06021885999305532
E07000064,Rother,2023Q2,99.0,153.0,train,-0.4317824164255377
E07000064,Rother,2023Q3,146.0,99.0,train,0.3852624007906442
E07000064,Rother,2023Q4,144.0,146.0,train,-0.013698844358161821
E07000064,Rother,2024Q1,182.0,144.0,valid,0.23275241042084716
E07000064,Rother,2024Q2,178.0,182.0,valid,-0.02210034700066643
E07000064,Rother,2024Q3,174.0,178.0,valid,-0.022599831917240465
E07000064,Rother,2024Q4,109.0,174.0,valid,-0.4643056081310979
E07000064,Rother,2025Q1,150.0,109.0,test,0.3167994710225077
E07000064,Rother,2025Q2,145.0,150.0,test,-0.03367321510658794
E07000064,Rother,2025Q3,149.0,145.0,test,0.027028672387919173
E07000065,Wealden,2019Q4,123.0,147.0,train,-0.17693070815907763
E07000065,Wealden,2020Q1,147.0,123.0,train,0.17693070815907763
E07000065,Wealden,2020Q2,93.0,147.0,train,-0.45391749149411087
E07000065,Wealden,2020Q3,132.0,93.0,train,0.3470543459517499
E07000065,Wealden,2020Q4,142.0,132.0,train,0.07249550203815325
E07000065,Wealden,2021Q1,116.0,142.0,train,-0.20067069546215066
E07000065,Wealden,2021Q2,94.0,116.0,train,-0.20829704319721554
E07000065,Wealden,2021Q3,84.0,94.0,train,-0.1112256351102241
E07000065,Wealden,2021Q4,95.0,84.0,train,0.12169693497751943
E07000065,Wealden,2022Q1,108.0,95.0,train,0.12699969076130735
E07000065,Wealden,2022Q2,116.0,108.0,train,0.07082605256861285
E07000065,Wealden,2022Q3,118.0,116.0,train,0.016949558313773316
E07000065,Wealden,2022Q4,124.0,118.0,train,0.04919024419077189
E07000065,Wealden,2023Q1,107.0,124.0,train,-0.1461825101780816
E07000065,Wealden,2023Q2,111.0,107.0,train,0.036367644170874236
E07000065,Wealden,2023Q3,110.0,111.0,train,-0.008968669982760247
E07000065,Wealden,2023Q4,106.0,110.0,train,-0.03670136685042813
E07000065,Wealden,2024Q1,109.0,106.0,valid,0.027651531330510792
E07000065,Wealden,2024Q2,143.0,109.0,valid,0.26933293378358414
E07000065,Wealden,2024Q3,158.0,143.0,valid,0.09909090264423082
E07000065,Wealden,2024Q4,104.0,158.0,valid,-0.41494385206270845
E07000065,Wealden,2025Q1,129.0,104.0,test,0.21357410029805912
E07000065,Wealden,2025Q2,115.0,129.0,test,-0.1139442593492177
E07000065,Wealden,2025Q3,124.0,115.0,test,0.07472354619593702
E07000066,Basildon,2019Q4,204.0,211.0,train,-0.03357629553360386
E07000066,Basildon,2020Q1,183.0,204.0,train,-0.10807422152942259
E07000066,Basildon,2020Q2,143.0,183.0,train,-0.24512245803298516
E07000066,Basildon,2020Q3,187.0,143.0,train,0.2666286632539485
E07000066,Basildon,2020Q4,143.0,187.0,train,-0.2666286632539485
E07000066,Basildon,2021Q1,183.0,143.0,train,0.24512245803298516
E07000066,Basildon,2021Q2,159.0,183.0,train,-0.13976194237515926
E07000066,Basildon,2021Q3,170.0,159.0,train,0.06648974126883367
E07000066,Basildon,2021Q4,137.0,170.0,train,-0.2144098713454552
E07000066,Basildon,2022Q1,164.0,137.0,train,0.1786917887433752
E07000066,Basildon,2022Q2,174.0,164.0,train,0.05884050002293417
E07000066,Basildon,2022Q3,170.0,174.0,train,-0.02312241742085419
E07000066,Basildon,2022Q4,156.0,170.0,train,-0.08541775115435257
E07000066,Basildon,2023Q1,217.0,156.0,train,0.32824925744078115
E07000066,Basildon,2023Q2,221.0,217.0,train,0.018182319083190457
E07000066,Basildon,2023Q3,206.0,221.0,train,-0.06995858860691051
E07000066,Basildon,2023Q4,157.0,206.0,train,-0.2701237602384019
E07000066,Basildon,2024Q1,193.0,157.0,valid,0.20526312603636132
E07000066,Basildon,2024Q2,196.0,193.0,valid,0.015345569674660275
E07000066,Basildon,2024Q3,173.0,196.0,valid,-0.12414842952345939
E07000066,Basildon,2024Q4,153.0,173.0,valid,-0.12210269680089958
E07000066,Basildon,2025Q1,137.0,153.0,test,-0.10969891725642444
E07000066,Basildon,2025Q2,138.0,137.0,test,0.0072202479734864156
E07000066,Basildon,2025Q3,215.0,138.0,test,0.4408044745534738
E07000067,Braintree,2019Q4,124.0,131.0,train,-0.05448818528406907
E07000067,Braintree,2020Q1,150.0,124.0,train,0.18896609951262278
E07000067,Braintree,2020Q2,111.0,150.0,train,-0.29878096551983013
E07000067,Braintree,2020Q3,119.0,111.0,train,0.06899287148695166
E07000067,Braintree,2020Q4,103.0,119.0,train,-0.14310084364067333
E07000067,Braintree,2021Q1,137.0,103.0,train,0.2828627860158326
E07000067,Braintree,2021Q2,121.0,137.0,train,-0.12323264042394833
E07000067,Braintree,2021Q3,134.0,121.0,train,0.10125373370517288
E07000067,Braintree,2021Q4,116.0,134.0,train,-0.14310084364067333
E07000067,Braintree,2022Q1,124.0,116.0,train,0.06613980250454521
E07000067,Braintree,2022Q2,130.0,124.0,train,0.04688358589884967
E07000067,Braintree,2022Q3,140.0,130.0,train,0.07356256717701726
E07000067,Braintree,2022Q4,96.0,140.0,train,-0.3740489118747856
E07000067,Braintree,2023Q1,114.0,96.0,train,0.17022114985986736
E07000067,Braintree,2023Q2,126.0,114.0,train,0.09925495809534102
E07000067,Braintree,2023Q3,119.0,126.0,train,-0.056695343676545384
E07000067,Braintree,2023Q4,113.0,119.0,train,-0.05129329438755015
E07000067,Braintree,2024Q1,105.0,113.0,valid,-0.07275935428242875
E07000067,Braintree,2024Q2,105.0,105.0,valid,0.0
E07000067,Braintree,2024Q3,107.0,105.0,valid,0.018692133012153
E07000067,Braintree,2024Q4,79.0,107.0,valid,-0.3001045924503387
E07000067,Braintree,2025Q1,115.0,79.0,test,0.3715635564324833
E07000067,Braintree,2025Q2,114.0,115.0,test,-0.008658062743114314
E07000067,Braintree,2025Q3,83.0,114.0,test,-0.3141153295199368
E07000068,Brentwood,2019Q4,25.0,27.0,train,-0.07410797215372167
E07000068,Brentwood,2020Q1,23.0,25.0,train,-0.08004270767353638
E07000068,Brentwood,2020Q2,16.0,23.0,train,-0.3448404862917296
E07000068,Brentwood,2020Q3,15.0,16.0,train,-0.06062462181643502
E07000068,Brentwood,2020Q4,22.0,15.0,train,0.36290549368936853
E07000068,Brentwood,2021Q1,13.0,22.0,train,-0.49643688631389127
E07000068,Brentwood,2021Q2,33.0,13.0,train,0.8873031950009032
E07000068,Brentwood,2021Q3,31.0,33.0,train,-0.06062462181643502
E07000068,Brentwood,2021Q4,26.0,31.0,train,-0.16989903679539742
E07000068,Brentwood,2022Q1,35.0,26.0,train,0.2876820724517808
E07000068,Brentwood,2022Q2,42.0,35.0,train,0.17768117723745247
E07000068,Brentwood,2022Q3,29.0,42.0,train,-0.3600027340314069
E07000068,Brentwood,2022Q4,27.0,29.0,train,-0.06899287148695166
E07000068,Brentwood,2023Q1,47.0,27.0,train,0.5389965007326873
E07000068,Brentwood,2023Q4,36.0,41.0,train,-0.12675170563914406
E07000068,Brentwood,2024Q1,34.0,36.0,valid,-0.055569851154810834
E07000068,Brentwood,2024Q2,46.0,34.0,valid,0.2947995402206449
E07000068,Brentwood,2024Q3,69.0,46.0,valid,0.3983476403393009
E07000068,Brentwood,2024Q4,45.0,69.0,valid,-0.4198538455602643
E07000068,Brentwood,2025Q1,46.0,45.0,test,0.02150620522096336
E07000068,Brentwood,2025Q2,52.0,46.0,test,0.12014431184206353
E07000068,Brentwood,2025Q3,55.0,52.0,test,0.05505977718302768
E07000069,Castle Point,2019Q4,66.0,75.0,train,-0.12604072089536533
E07000069,Castle Point,2020Q1,78.0,66.0,train,0.16475523307605577
E07000069,Castle Point,2020Q2,71.0,78.0,train,-0.09278173345096619
E07000069,Castle Point,2020Q3,57.0,71.0,train,-0.21622310846963622
E07000069,Castle Point,2020Q4,47.0,57.0,train,-0.18924199963852795
E07000069,Castle Point,2021Q1,61.0,47.0,train,0.2559333741372005
E07000069,Castle Point,2021Q2,52.0,61.0,train,-0.1568424714929697
E07000069,Castle Point,2021Q3,51.0,52.0,train,-0.019048194970694432
E07000069,Castle Point,2021Q4,64.0,51.0,train,0.22314355131420927
E07000069,Castle Point,2022Q1,77.0,64.0,train,0.1823215567939549
E07000069,Castle Point,2022Q2,45.0,77.0,train,-0.5280674302004966
E07000069,Castle Point,2022Q3,64.0,45.0,train,0.3457458734065417
E07000069,Castle Point,2022Q4,68.0,64.0,train,0.05971923470162288
E07000069,Castle Point,2023Q1,75.0,68.0,train,0.09662683568907138
E07000069,Castle Point,2023Q2,62.0,75.0,train,-0.18759861389479848
E07000069,Castle Point,2023Q3,62.0,62.0,train,0.0
E07000069,Castle Point,2023Q4,58.0,62.0,train,-0.06559728248581287
E07000069,Castle Point,2024Q1,67.0,58.0,valid,0.14197026127038725
E07000069,Castle Point,2024Q2,75.0,67.0,valid,0.1112256351102241
E07000069,Castle Point,2024Q3,68.0,75.0,valid,-0.09662683568907138
E07000069,Castle Point,2024Q4,59.0,68.0,valid,-0.13976194237515926
E07000069,Castle Point,2025Q1,60.0,59.0,test,0.01652930195121094
E07000069,Castle Point,2025Q2,43.0,60.0,test,-0.32668423025505033
E07000069,Castle Point,2025Q3,61.0,43.0,test,0.34294475112683065
E07000070,Chelmsford,2019Q4,191.0,215.0,train,-0.11778303565638382
E07000070,Chelmsford,2020Q1,228.0,191.0,train,0.17622663152645845
E07000070,Chelmsford,2020Q2,192.0,228.0,train,-0.17103181464935435
E07000070,Chelmsford,2020Q3,210.0,192.0,train,0.08916794457118105
E07000070,Chelmsford,2020Q4,218.0,210.0,train,0.03721359634043431
E07000070,Chelmsford,2021Q1,217.0,218.0,train,-0.004576667027412107
E07000070,Chelmsford,2021Q2,216.0,217.0,train,-0.004597709248629123
E07000070,Chelmsford,2021Q3,218.0,216.0,train,0.00917437627604123
E07000070,Chelmsford,2021Q4,200.0,218.0,train,-0.08576682175742523
E07000070,Chelmsford,2022Q1,273.0,200.0,train,0.30982319832899474
E07000070,Chelmsford,2022Q2,246.0,273.0,train,-0.10373976976009303
E07000070,Chelmsford,2022Q3,297.0,246.0,train,0.18770514987742715
E07000070,Chelmsford,2022Q4,238.0,297.0,train,-0.22062993457389357
E07000070,Chelmsford,2023Q1,255.0,238.0,train,0.06871389254805127
E07000070,Chelmsford,2023Q2,227.0,255.0,train,-0.11583181552512123
E07000070,Chelmsford,2023Q3,280.0,227.0,train,0.20900904037930434
E07000070,Chelmsford,2023Q4,245.0,280.0,train,-0.13302313340138294
E07000070,Chelmsford,2024Q1,275.0,245.0,valid,0.11506932978478712
E07000070,Chelmsford,2024Q2,242.0,275.0,valid,-0.12733942237660134
E07000070,Chelmsford,2024Q3,238.0,242.0,valid,-0.016597891409037224
E07000070,Chelmsford,2024Q4,197.0,238.0,valid,-0.18819652123697583
E07000070,Chelmsford,2025Q1,256.0,197.0,test,0.2608090542006849
E07000070,Chelmsford,2025Q2,295.0,256.0,test,0.14128336942884
E07000070,Chelmsford,2025Q3,228.0,295.0,test,-0.25663745076982014
E07000071,Colchester,2019Q4,267.0,224.0,train,0.1748865783064364
E07000071,Colchester,2020Q1,266.0,267.0,train,-0.003738322110606873
E07000071,Colchester,2020Q2,228.0,266.0,train,-0.1535266548460097
E07000071,Colchester,2020Q3,194.0,228.0,train,-0.16072244499049315
E07000071,Colchester,2020Q4,193.0,194.0,train,-0.005141399500418586
E07000071,Colchester,2021Q1,170.0,193.0,train,-0.12619460256066795
E07000071,Colchester,2021Q2,169.0,170.0,train,-0.005865119452398204
E07000071,Colchester,2021Q3,211.0,169.0,train,0.22078783762175025
E07000071,Colchester,2021Q4,164.0,211.0,train,-0.250640800771432
E07000071,Colchester,2022Q1,205.0,164.0,train,0.22193069488900097
E07000071,Colchester,2022Q2,168.0,205.0,train,-0.19797745386650778
E07000071,Colchester,2022Q3,186.0,168.0,train,0.10120990193151336
E07000071,Colchester,2022Q4,257.0,186.0,train,0.3218509680670305
E07000071,Colchester,2023Q1,239.0,257.0,train,-0.07232066157962613
E07000071,Colchester,2023Q2,189.0,239.0,train,-0.23361485118150505
E07000071,Colchester,2023Q3,169.0,189.0,train,-0.1112256351102241
E07000071,Colchester,2024Q2,259.0,285.0,valid,-0.09531017980432477
E07000071,Colchester,2024Q3,309.0,259.0,valid,0.17589066646366458
E07000071,Colchester,2024Q4,265.0,309.0,valid,-0.15307598869749306
E07000071,Colchester,2025Q1,260.0,265.0,test,-0.018975901459005406
E07000071,Colchester,2025Q2,242.0,260.0,test,-0.07145896398214546
E07000071,Colchester,2025Q3,227.0,242.0,test,-0.06371581438610718
E07000072,Epping Forest,2019Q4,92.0,112.0,train,-0.19478832555908454
E07000072,Epping Forest,2020Q1,86.0,92.0,train,-0.06669137449867257
E07000072,Epping Forest,2020Q2,88.0,86.0,train,0.02272825107755594
E07000072,Epping Forest,2020Q3,111.0,88.0,train,0.2298625015629545
E07000072,Epping Forest,2020Q4,91.0,111.0,train,-0.19671029424605369
E07000072,Epping Forest,2021Q1,99.0,91.0,train,0.08338160893905133
E07000072,Epping Forest,2021Q2,95.0,99.0,train,-0.0408219945202557
E07000072,Epping Forest,2021Q3,134.0,95.0,train,0.3409265869705935
E07000072,Epping Forest,2021Q4,88.0,134.0,train,-0.41663840870629
E07000072,Epping Forest,2022Q1,114.0,88.0,train,0.25629575863111054
E07000072,Epping Forest,2022Q2,125.0,114.0,train,0.09134977858822779
E07000072,Epping Forest,2022Q3,125.0,125.0,train,0.0
E07000072,Epping Forest,2022Q4,98.0,125.0,train,-0.24116205681688818
E07000072,Epping Forest,2023Q1,112.0,98.0,train,0.13226796857775103
E07000072,Epping Forest,2023Q2,106.0,112.0,train,-0.05455898425043504
E07000072,Epping Forest,2023Q3,109.0,106.0,train,0.027651531330510792
E07000072,Epping Forest,2023Q4,97.0,109.0,train,-0.11551288712184427
E07000072,Epping Forest,2024Q1,158.0,97.0,valid,0.4839367235496592
E07000072,Epping Forest,2024Q4,102.0,114.0,valid,-0.11020314013361432
E07000072,Epping Forest,2025Q1,108.0,102.0,test,0.05661889399950759
E07000072,Epping Forest,2025Q2,103.0,108.0,test,-0.046956983087770965
E07000072,Epping Forest,2025Q3,159.0,103.0,test,0.4307829160924541
E07000073,Harlow,2019Q4,66.0,78.0,train,-0.16475523307605577
E07000073,Harlow,2020Q1,61.0,66.0,train,-0.07755823434587406
E07000073,Harlow,2020Q2,105.0,61.0,train,0.5363047090669752
E07000073,Harlow,2020Q3,80.0,105.0,train,-0.2689899394396278
E07000073,Harlow,2020Q4,60.0,80.0,train,-0.2835752904991278
E07000073,Harlow,2021Q1,71.0,60.0,train,0.16579225484274396
E07000073,Harlow,2021Q2,69.0,71.0,train,-0.028170876966695957
E07000073,Harlow,2021Q3,90.0,69.0,train,0.2623642644674904
E07000073,Harlow,2021Q4,91.0,90.0,train,0.010929070532190721
E07000073,Harlow,2022Q1,100.0,91.0,train,0.09333193979221921
E07000073,Harlow,2022Q2,93.0,100.0,train,-0.07182573457125585
E07000073,Harlow,2022Q3,100.0,93.0,train,0.07182573457125585
E07000073,Harlow,2022Q4,92.0,100.0,train,-0.0825210236880034
E07000073,Harlow,2023Q1,107.0,92.0,train,0.14953173397096364
E07000073,Harlow,2023Q2,84.0,107.0,train,-0.23947997063390325
E07000073,Harlow,2023Q3,102.0,84.0,train,0.1920777317393192
E07000073,Harlow,2023Q4,92.0,102.0,train,-0.10212949507637958
E07000073,Harlow,2024Q1,87.0,92.0,valid,-0.055262678675049415
E07000073,Harlow,2024Q2,77.0,87.0,valid,-0.12062798778861517
E07000073,Harlow,2024Q3,101.0,77.0,valid,0.268263986594679
E07000073,Harlow,2024Q4,77.0,101.0,valid,-0.268263986594679
E07000073,Harlow,2025Q1,105.0,77.0,test,0.3067302674224752
E07000073,Harlow,2025Q2,122.0,105.0,test,0.14874526126035015
E07000073,Harlow,2025Q3,86.0,122.0,test,-0.34627623671783336
E07000074,Maldon,2019Q4,33.0,25.0,train,0.2682639865946794
E07000074,Maldon,2020Q1,51.0,33.0,train,0.42488319396526597
E07000074,Maldon,2020Q2,24.0,51.0,train,-0.732367893713227
E07000074,Maldon,2020Q3,46.0,24.0,train,0.6312717768418579
E07000074,Maldon,2020Q4,49.0,46.0,train,0.06187540371808753
E07000074,Maldon,2021Q1,54.0,49.0,train,0.09531017980432521
E07000074,Maldon,2021Q2,42.0,54.0,train,-0.2461330695389088
E07000074,Maldon,2021Q3,62.0,42.0,train,0.3819346106979702
E07000074,Maldon,2021Q4,54.0,62.0,train,-0.1358015411590614
E07000074,Maldon,2022Q1,50.0,54.0,train,-0.07550755250814545
E07000074,Maldon,2022Q2,47.0,50.0,train,-0.060624621816434576
E07000074,Maldon,2022Q3,52.0,47.0,train,0.09909090264423082
E07000074,Maldon,2022Q4,57.0,52.0,train,0.09015109699429713
E07000074,Maldon,2023Q1,58.0,57.0,train,0.01709443335930061
E07000074,Maldon,2023Q2,44.0,58.0,train,-0.2708749541354001
E07000074,Maldon,2023Q3,41.0,44.0,train,-0.06899287148695121
E07000074,Maldon,2023Q4,43.0,41.0,train,0.04652001563489261
E07000074,Maldon,2024Q1,54.0,43.0,valid,0.22314355131421015
E07000074,Maldon,2024Q4,50.0,43.0,valid,0.1476359988060647
E07000074,Maldon,2025Q1,73.0,50.0,test,0.37223946047984446
E07000074,Maldon,2025Q2,52.0,73.0,test,-0.3337731796520482
E07000074,Maldon,2025Q3,54.0,52.0,test,0.03704127168034921
E07000075,Rochford,2019Q4,71.0,74.0,train,-0.04082199452025481
E07000075,Rochford,2020Q1,67.0,71.0,train,-0.05715841383994835
E07000075,Rochford,2020Q2,57.0,67.0,train,-0.15906469462968786
E07000075,Rochford,2020Q3,54.0,57.0,train,-0.05310982531394792
E07000075,Rochford,2020Q4,55.0,54.0,train,0.018018505502678472
E07000075,Rochford,2021Q1,49.0,55.0,train,-0.11332868530700368
E07000075,Rochford,2021Q2,49.0,49.0,train,0.0
E07000075,Rochford,2021Q3,64.0,49.0,train,0.26236426446749084
E07000075,Rochford,2021Q4,60.0,64.0,train,-0.06351340572232544
E07000075,Rochford,2022Q1,69.0,60.0,train,0.137621377876048
E07000075,Rochford,2022Q2,75.0,69.0,train,0.0822380982369717
E07000075,Rochford,2022Q3,75.0,75.0,train,0.0
E07000075,Rochford,2022Q4,68.0,75.0,train,-0.09662683568907138
E07000075,Rochford,2023Q1,72.0,68.0,train,0.05635293655113127
E07000075,Rochford,2023Q2,79.0,72.0,train,0.09156719352549025
E07000075,Rochford,2023Q3,74.0,79.0,train,-0.06453852113757108
E07000075,Rochford,2023Q4,50.0,74.0,train,-0.3856624808119844
E07000075,Rochford,2024Q1,70.0,50.0,valid,0.33085424431698973
E07000075,Rochford,2024Q2,69.0,70.0,valid,-0.014184634991956102
E07000075,Rochford,2024Q3,55.0,69.0,valid,-0.2231435513142097
E07000075,Rochford,2024Q4,51.0,55.0,valid,-0.07410797215372211
E07000075,Rochford,2025Q1,89.0,51.0,test,0.5485659517488375
E07000075,Rochford,2025Q2,98.0,89.0,test,0.09531017980432477
E07000075,Rochford,2025Q3,103.0,98.0,test,0.0492710490067827
E07000076,Tendring,2019Q4,162.0,171.0,train,-0.053744276006690406
E07000076,Tendring,2020Q1,203.0,162.0,train,0.22436979303745375
E07000076,Tendring,2020Q2,156.0,203.0,train,-0.2618741884959084
E07000076,Tendring,2020Q3,202.0,156.0,train,0.25696017369347945
E07000076,Tendring,2020Q4,155.0,202.0,train,-0.26334997179225006
E07000076,Tendring,2021Q1,198.0,155.0,train,0.24344881747495517
E07000076,Tendring,2021Q2,201.0,198.0,train,0.014962872676712813
E07000076,Tendring,2021Q3,207.0,201.0,train,0.029270382300112807
E07000076,Tendring,2021Q4,175.0,207.0,train,-0.1670540846631665
E07000076,Tendring,2022Q1,283.0,175.0,train,0.4784902431230549
E07000076,Tendring,2022Q2,217.0,283.0,train,-0.2644791753721174
E07000076,Tendring,2022Q3,242.0,217.0,train,0.1085663805514594
E07000076,Tendring,2022Q4,179.0,242.0,train,-0.3001045924503378
E07000076,Tendring,2023Q1,216.0,179.0,train,0.1869405026502493
E07000076,Tendring,2023Q2,222.0,216.0,train,0.027274417919659122
E07000076,Tendring,2023Q3,216.0,222.0,train,-0.027274417919659122
E07000076,Tendring,2023Q4,197.0,216.0,train,-0.09163032284592454
E07000076,Tendring,2024Q1,233.0,197.0,valid,0.1670540846631665
E07000076,Tendring,2024Q2,221.0,233.0,valid,-0.052643733485422395
E07000076,Tendring,2024Q3,213.0,221.0,valid,-0.03670136685042813
E07000076,Tendring,2024Q4,211.0,213.0,valid,-0.00938974034983886
E07000076,Tendring,2025Q1,214.0,211.0,test,0.014051753455650129
E07000076,Tendring,2025Q2,243.0,214.0,test,0.1265301971655397
E07000076,Tendring,2025Q3,217.0,243.0,test,-0.1126731625041133
E07000077,Uttlesford,2019Q4,46.0,48.0,train,-0.04167269640056803
E07000077,Uttlesford,2020Q1,58.0,46.0,train,0.22738984219566127
E07000077,Uttlesford,2020Q2,32.0,58.0,train,-0.5810298824392395
E07000077,Uttlesford,2020Q3,43.0,32.0,train,0.2876820724517808
E07000077,Uttlesford,2020Q4,34.0,43.0,train,-0.2288415724288475
E07000077,Uttlesford,2021Q1,41.0,34.0,train,0.1823215567939549
E07000077,Uttlesford,2021Q2,44.0,41.0,train,0.06899287148695121
E07000077,Uttlesford,2021Q3,38.0,44.0,train,-0.14310084364067333
E07000077,Uttlesford,2021Q4,38.0,38.0,train,0.0
E07000077,Uttlesford,2022Q1,57.0,38.0,train,0.3968813644167728
E07000077,Uttlesford,2022Q2,28.0,57.0,train,-0.693147180559945
E07000077,Uttlesford,2022Q3,51.0,28.0,train,0.5839478885949534
E07000077,Uttlesford,2022Q4,39.0,51.0,train,-0.2623642644674913
E07000077,Uttlesford,2023Q1,47.0,39.0,train,0.1823215567939549
E07000077,Uttlesford,2023Q2,44.0,47.0,train,-0.06453852113757153
E07000077,Uttlesford,2023Q3,40.0,44.0,train,-0.09309042306601167
E07000077,Uttlesford,2023Q4,52.0,40.0,train,0.256719846847814
E07000077,Uttlesford,2024Q1,58.0,52.0,valid,0.10724553035359774
E07000077,Uttlesford,2024Q2,64.0,58.0,valid,0.0968498259899171
E07000077,Uttlesford,2024Q3,65.0,64.0,valid,0.015267472130788384
E07000077,Uttlesford,2024Q4,68.0,65.0,valid,0.0444517625708345
E07000077,Uttlesford,2025Q1,67.0,68.0,test,-0.01459879942115272
E07000077,Uttlesford,2025Q2,62.0,67.0,test,-0.07637297878457439
E07000077,Uttlesford,2025Q3,95.0,62.0,test,0.42121346507630353
E07000078,Cheltenham,2019Q4,150.0,148.0,train,0.013333530869465093
E07000078,Cheltenham,2020Q1,177.0,150.0,train,0.16450371347716075
E07000078,Cheltenham,2020Q2,134.0,177.0,train,-0.2765087718536554
E07000078,Cheltenham,2020Q3,170.0,134.0,train,0.23638877806423064
E07000078,Cheltenham,2020Q4,156.0,170.0,train,-0.08541775115435257
E07000078,Cheltenham,2021Q1,114.0,156.0,train,-0.3113136769850575
E07000078,Cheltenham,2021Q2,85.0,114.0,train,-0.29058483210974284
E07000078,Cheltenham,2021Q3,109.0,85.0,train,0.24613306953890923
E07000078,Cheltenham,2021Q4,109.0,109.0,train,0.0
E07000078,Cheltenham,2022Q1,113.0,109.0,train,0.03571808260207909
E07000078,Cheltenham,2022Q2,111.0,113.0,train,-0.01769957709940151
E07000078,Cheltenham,2022Q3,137.0,111.0,train,0.20875481386211092
E07000078,Cheltenham,2022Q4,135.0,137.0,train,-0.01459879942115272
E07000078,Cheltenham,2023Q1,141.0,135.0,train,0.0431721718652085
E07000078,Cheltenham,2023Q2,188.0,141.0,train,0.2859199574583817
E07000078,Cheltenham,2023Q3,175.0,188.0,train,-0.07126302002149121
E07000078,Cheltenham,2023Q4,178.0,175.0,train,0.016901810802603556
E07000078,Cheltenham,2024Q1,178.0,178.0,valid,0.0
E07000078,Cheltenham,2024Q2,143.0,178.0,valid,-0.21757250626475422
E07000078,Cheltenham,2024Q3,144.0,143.0,valid,0.006920442844573493
E07000078,Cheltenham,2024Q4,149.0,144.0,valid,0.03390155167568132
E07000078,Cheltenham,2025Q1,173.0,149.0,test,0.14842000511827358
E07000078,Cheltenham,2025Q2,120.0,173.0,test,-0.36326475361778776
E07000078,Cheltenham,2025Q3,160.0,120.0,test,0.2856138193877218
E07000079,Cotswold,2019Q4,53.0,60.0,train,-0.12188981760903683
E07000079,Cotswold,2020Q1,66.0,53.0,train,0.2157085728266912
E07000079,Cotswold,2020Q2,68.0,66.0,train,0.029413885206293955
E07000079,Cotswold,2020Q3,50.0,68.0,train,-0.30228087187293395
E07000079,Cotswold,2020Q4,59.0,50.0,train,0.1625189294977747
E07000079,Cotswold,2021Q1,59.0,59.0,train,0.0
E07000079,Cotswold,2021Q2,49.0,59.0,train,-0.18232155679395445
E07000079,Cotswold,2021Q3,56.0,49.0,train,0.1310282624064043
E07000079,Cotswold,2021Q4,43.0,56.0,train,-0.25886163391628925
E07000079,Cotswold,2022Q1,53.0,43.0,train,0.2047944126460135
E07000079,Cotswold,2022Q2,59.0,53.0,train,0.10536051565782589
E07000079,Cotswold,2022Q3,57.0,59.0,train,-0.03390155167568132
E07000079,Cotswold,2022Q4,68.0,57.0,train,0.17366349405084058
E07000079,Cotswold,2023Q1,54.0,68.0,train,-0.2267733193647885
E07000079,Cotswold,2023Q2,56.0,54.0,train,0.03571808260207909
E07000079,Cotswold,2023Q3,63.0,56.0,train,0.11583181552512123
E07000079,Cotswold,2023Q4,62.0,63.0,train,-0.01574835696813892
E07000079,Cotswold,2024Q1,65.0,62.0,valid,0.04652001563489261
E07000079,Cotswold,2024Q2,75.0,65.0,valid,0.14107859825990587
E07000079,Cotswold,2024Q3,57.0,75.0,valid,-0.27029032973991196
E07000079,Cotswold,2024Q4,77.0,57.0,valid,0.2962658161431726
E07000079,Cotswold,2025Q1,74.0,77.0,test,-0.03922071315328157
E07000079,Cotswold,2025Q2,82.0,74.0,test,0.10135249426028814
E07000079,Cotswold,2025Q3,63.0,82.0,test,-0.25995752443692677
E07000080,Forest of Dean,2019Q4,58.0,75.0,train,-0.25319589638061135
E07000080,Forest of Dean,2020Q1,77.0,58.0,train,0.279171382783872
E07000080,Forest of Dean,2020Q2,82.0,77.0,train,0.06213178110700657
E07000080,Forest of Dean,2020Q3,95.0,82.0,train,0.14550758367123784
E07000080,Forest of Dean,2020Q4,57.0,95.0,train,-0.503905180921417
E07000080,Forest of Dean,2021Q1,94.0,57.0,train,0.49343388105412167
E07000080,Forest of Dean,2021Q2,57.0,94.0,train,-0.49343388105412167
E07000080,Forest of Dean,2021Q3,75.0,57.0,train,0.27029032973991196
E07000080,Forest of Dean,2021Q4,59.0,75.0,train,-0.23638877806423064
E07000080,Forest of Dean,2022Q1,70.0,59.0,train,0.16833531481921504
E07000080,Forest of Dean,2022Q2,78.0,70.0,train,0.10676797542570604
E07000080,Forest of Dean,2022Q3,83.0,78.0,train,0.061368946376291866
E07000080,Forest of Dean,2022Q4,87.0,83.0,train,0.0465200156348935
E07000080,Forest of Dean,2023Q1,98.0,87.0,train,0.11778303565638293
E07000080,Forest of Dean,2023Q2,75.0,98.0,train,-0.26438650984825873
E07000080,Forest of Dean,2023Q3,94.0,75.0,train,0.2231435513142097
E07000080,Forest of Dean,2023Q4,60.0,94.0,train,-0.4430030274272294
E07000080,Forest of Dean,2024Q1,81.0,60.0,valid,0.295845383090942
E07000080,Forest of Dean,2024Q2,102.0,81.0,valid,0.2280097409653825
E07000080,Forest of Dean,2024Q3,89.0,102.0,valid,-0.13491931789937084
E07000080,Forest of Dean,2024Q4,69.0,89.0,valid,-0.25131442828090567
E07000080,Forest of Dean,2025Q1,100.0,69.0,test,0.3666252747919003
E07000080,Forest of Dean,2025Q2,86.0,100.0,test,-0.14921239818667598
E07000080,Forest of Dean,2025Q3,112.0,86.0,test,0.2614797000577571
E07000081,Gloucester,2019Q4,323.0,347.0,train,-0.07145896398214546
E07000081,Gloucester,2020Q1,367.0,323.0,train,0.12733942237660223
E07000081,Gloucester,2020Q2,269.0,367.0,train,-0.30966097917055624
E07000081,Gloucester,2020Q3,353.0,269.0,train,0.2708749541353992
E07000081,Gloucester,2020Q4,311.0,353.0,train,-0.12629372532429173
E07000081,Gloucester,2021Q1,295.0,311.0,train,-0.052643733485422395
E07000081,Gloucester,2021Q2,312.0,295.0,train,0.05584373621609284
E07000081,Gloucester,2021Q3,320.0,312.0,train,0.025237932589862844
E07000081,Gloucester,2021Q4,257.0,320.0,train,-0.21848153820839844
E07000081,Gloucester,2022Q1,270.0,257.0,train,0.04915923595808369
E07000081,Gloucester,2022Q2,299.0,270.0,train,0.10166365377649988
E07000081,Gloucester,2022Q3,333.0,299.0,train,0.10735851832049992
E07000081,Gloucester,2022Q4,285.0,333.0,train,-0.15514918215684848
E07000081,Gloucester,2023Q1,334.0,285.0,train,0.15813872100521387
E07000081,Gloucester,2023Q2,288.0,334.0,train,-0.1477038437126339
E07000081,Gloucester,2023Q3,358.0,288.0,train,0.21689570037584627
E07000081,Gloucester,2023Q4,323.0,358.0,train,-0.10257887269594956
E07000081,Gloucester,2024Q1,399.0,323.0,valid,0.21072103131565267
E07000081,Gloucester,2024Q2,353.0,399.0,valid,-0.12216763397420749
E07000081,Gloucester,2024Q3,336.0,353.0,valid,-0.049213982781412646
E07000081,Gloucester,2024Q4,301.0,336.0,valid,-0.10965591297749189
E07000081,Gloucester,2025Q1,321.0,301.0,test,0.06412452816953884
E07000081,Gloucester,2025Q2,320.0,321.0,test,-0.003110422414392744
E07000081,Gloucester,2025Q3,293.0,320.0,test,-0.08786135579133436
E07000082,Stroud,2019Q4,71.0,98.0,train,-0.3184537311185345
E07000082,Stroud,2020Q1,72.0,71.0,train,0.01379332213233564
E07000082,Stroud,2020Q2,61.0,72.0,train,-0.16332505610329928
E07000082,Stroud,2020Q3,50.0,61.0,train,-0.19530875232076594
E07000082,Stroud,2020Q4,48.0,50.0,train,-0.04000533461369926
E07000082,Stroud,2021Q4,70.0,57.0,train,0.20223686649489636
E07000082,Stroud,2022Q1,136.0,70.0,train,0.6573010487868096
E07000082,Stroud,2022Q2,113.0,136.0,train,-0.1837824774336294
E07000082,Stroud,2022Q3,97.0,113.0,train,-0.15123096972392336
E07000082,Stroud,2022Q4,86.0,97.0,train,-0.1190593600159886
E07000082,Stroud,2023Q1,119.0,86.0,train,0.3215836241274621
E07000082,Stroud,2023Q2,103.0,119.0,train,-0.14310084364067333
E07000082,Stroud,2023Q3,92.0,103.0,train,-0.11179140598811621
E07000082,Stroud,2023Q4,111.0,92.0,train,0.18589937814183788
E07000082,Stroud,2024Q1,142.0,111.0,valid,0.2443457589648128
E07000082,Stroud,2024Q2,135.0,142.0,valid,-0.05018974452385461
E07000082,Stroud,2024Q3,146.0,135.0,valid,0.07777770104268367
E07000082,Stroud,2024Q4,91.0,146.0,valid,-0.46864400972969555
E07000082,Stroud,2025Q1,138.0,91.0,test,0.412685356081651
E07000082,Stroud,2025Q2,129.0,138.0,test,-0.0669394826751093
E07000082,Stroud,2025Q3,125.0,129.0,test,-0.031252543504104224
E07000083,Tewkesbury,2019Q4,68.0,87.0,train,-0.24323030988094718
E07000083,Tewkesbury,2020Q1,84.0,68.0,train,0.208544751893057
E07000083,Tewkesbury,2020Q2,64.0,84.0,train,-0.26826398659467987
E07000083,Tewkesbury,2020Q3,84.0,64.0,train,0.26826398659467987
E07000083,Tewkesbury,2020Q4,79.0,84.0,train,-0.060624621816435464
E07000083,Tewkesbury,2021Q1,78.0,79.0,train,-0.012578782206859707
E07000083,Tewkesbury,2021Q2,86.0,78.0,train,0.0964602661875622
E07000083,Tewkesbury,2021Q3,96.0,86.0,train,0.10880285984879912
E07000083,Tewkesbury,2021Q4,97.0,96.0,train,0.010256500167189486
E07000083,Tewkesbury,2022Q1,88.0,97.0,train,-0.09633110893843266
E07000083,Tewkesbury,2022Q2,96.0,88.0,train,0.08607460877124318
E07000083,Tewkesbury,2022Q3,101.0,96.0,train,0.05026183478088786
E07000083,Tewkesbury,2022Q4,56.0,101.0,train,-0.5819215454497204
E07000083,Tewkesbury,2023Q1,120.0,56.0,train,0.7527392777621911
E07000083,Tewkesbury,2023Q2,105.0,120.0,train,-0.13235145148467442
E07000083,Tewkesbury,2023Q3,122.0,105.0,train,0.14874526126035015
E07000083,Tewkesbury,2023Q4,101.0,122.0,train,-0.1872115420881464
E07000083,Tewkesbury,2024Q1,128.0,101.0,valid,0.23483959107740127
E07000083,Tewkesbury,2024Q2,99.0,128.0,valid,-0.25464221837358014
E07000083,Tewkesbury,2024Q3,132.0,99.0,valid,0.2851789422336619
E07000083,Tewkesbury,2024Q4,84.0,132.0,valid,-0.44769787173143705
E07000083,Tewkesbury,2025Q1,125.0,84.0,test,0.3936306504611613
E07000083,Tewkesbury,2025Q2,119.0,125.0,test,-0.04879016416943216
E07000083,Tewkesbury,2025Q3,113.0,119.0,test,-0.05129329438755015
E07000084,Basingstoke and Deane,2019Q4,132.0,160.0,train,-0.1910552367627094
E07000084,Basingstoke and Deane,2020Q1,140.0,132.0,train,0.05841076215641472
E07000084,Basingstoke and Deane,2020Q2,79.0,140.0,train,-0.5667332557042872
E07000084,Basingstoke and Deane,2020Q3,114.0,79.0,train,0.362905493689369
E07000084,Basingstoke and Deane,2020Q4,103.0,114.0,train,-0.10054122922187769
E07000084,Basingstoke and Deane,2021Q1,102.0,103.0,train,-0.009661910911736626
E07000084,Basingstoke and Deane,2021Q2,87.0,102.0,train,-0.157392173751429
E07000084,Basingstoke and Deane,2021Q3,80.0,87.0,train,-0.08288765980576773
E07000084,Basingstoke and Deane,2021Q4,70.0,80.0,train,-0.13176927763112367
E07000084,Basingstoke and Deane,2022Q1,138.0,70.0,train,0.671794056089376
E07000084,Basingstoke and Deane,2022Q4,129.0,169.0,train,-0.26826398659467987
E07000084,Basingstoke and Deane,2023Q1,156.0,129.0,train,0.1887113548927255
E07000084,Basingstoke and Deane,2023Q2,139.0,156.0,train,-0.11460338273900383
E07000084,Basingstoke and Deane,2023Q3,120.0,139.0,train,-0.14585187701256253
E07000084,Basingstoke and Deane,2023Q4,137.0,120.0,train,0.13146313956046374
E07000084,Basingstoke and Deane,2024Q1,123.0,137.0,valid,-0.10697211955216801
E07000084,Basingstoke and Deane,2024Q2,105.0,123.0,valid,-0.15684247149297015
E07000084,Basingstoke and Deane,2024Q3,136.0,105.0,valid,0.25654183171605816
E07000084,Basingstoke and Deane,2024Q4,141.0,136.0,valid,0.03584613177313578
E07000084,Basingstoke and Deane,2025Q1,135.0,141.0,test,-0.0431721718652085
E07000084,Basingstoke and Deane,2025Q2,101.0,135.0,test,-0.2876820724517817
E07000084,Basingstoke and Deane,2025Q3,114.0,101.0,test,0.1199593150789795
E07000085,East Hampshire,2019Q4,55.0,69.0,train,-0.2231435513142097
E07000085,East Hampshire,2020Q1,86.0,55.0,train,0.44055642791943406
E07000085,East Hampshire,2020Q2,69.0,86.0,train,-0.21741287660522435
E07000085,East Hampshire,2020Q3,78.0,69.0,train,0.12095261041766214
E07000085,East Hampshire,2020Q4,70.0,78.0,train,-0.10676797542570604
E07000085,East Hampshire,2021Q1,83.0,70.0,train,0.1681369218019979
E07000085,East Hampshire,2021Q2,72.0,83.0,train,-0.1403573576949224
E07000085,East Hampshire,2021Q3,73.0,72.0,train,0.013605652055779238
E07000085,East Hampshire,2021Q4,42.0,73.0,train,-0.5428649775106078
E07000085,East Hampshire,2022Q1,80.0,42.0,train,0.6332490389788767
E07000085,East Hampshire,2022Q2,77.0,80.0,train,-0.03774032798284743
E07000085,East Hampshire,2022Q3,84.0,77.0,train,0.08594242980072497
E07000085,East Hampshire,2022Q4,84.0,84.0,train,0.0
E07000085,East Hampshire,2023Q1,122.0,84.0,train,0.3695330988821004
E07000085,East Hampshire,2023Q2,93.0,122.0,train,-0.26888957310241324
E07000085,East Hampshire,2023Q3,100.0,93.0,train,0.07182573457125585
E07000085,East Hampshire,2023Q4,98.0,100.0,train,-0.02000066670666989
E07000085,East Hampshire,2024Q1,99.0,98.0,valid,0.010050335853502013
E07000085,East Hampshire,2024Q2,98.0,99.0,valid,-0.010050335853502013
E07000085,East Hampshire,2024Q3,67.0,98.0,valid,-0.37561214495848283
E07000085,East Hampshire,2024Q4,63.0,67.0,valid,-0.060624621816435464
E07000085,East Hampshire,2025Q1,82.0,63.0,test,0.25995752443692677
E07000085,East Hampshire,2025Q2,81.0,82.0,test,-0.012121360532344916
E07000085,East Hampshire,2025Q3,93.0,81.0,test,0.13657553500575048
E07000086,Eastleigh,2019Q4,71.0,95.0,train,-0.2876820724517808
E07000086,Eastleigh,2020Q1,74.0,71.0,train,0.04082199452025481
E07000086,Eastleigh,2020Q2,54.0,74.0,train,-0.31015492830383895
E07000086,Eastleigh,2020Q3,66.0,54.0,train,0.19735943415849455
E07000086,Eastleigh,2020Q4,99.0,66.0,train,0.4004775665971261
E07000086,Eastleigh,2021Q1,75.0,99.0,train,-0.27443684570176075
E07000086,Eastleigh,2021Q2,97.0,75.0,train,0.25423413838424125
E07000086,Eastleigh,2021Q3,99.0,97.0,train,0.020202707317519497
E07000086,Eastleigh,2021Q4,88.0,99.0,train,-0.11653381625595216
E07000086,Eastleigh,2022Q1,99.0,88.0,train,0.11653381625595216
E07000086,Eastleigh,2022Q2,63.0,99.0,train,-0.4462871026284203
E07000086,Eastleigh,2022Q3,46.0,63.0,train,-0.30873548164961306
E07000086,Eastleigh,2022Q4,80.0,46.0,train,0.5443015529623807
E07000086,Eastleigh,2023Q1,75.0,80.0,train,-0.06371581438610807
E07000086,Eastleigh,2023Q2,81.0,75.0,train,0.07598590697792229
E07000086,Eastleigh,2023Q3,112.0,81.0,train,0.32066857144808747
E07000086,Eastleigh,2023Q4,108.0,112.0,train,-0.036039936483197366
E07000086,Eastleigh,2024Q1,93.0,108.0,valid,-0.14805309995913962
E07000086,Eastleigh,2024Q2,89.0,93.0,valid,-0.04348511193973881
E07000086,Eastleigh,2024Q3,93.0,89.0,valid,0.04348511193973881
E07000086,Eastleigh,2024Q4,86.0,93.0,valid,-0.07738666361542013
E07000086,Eastleigh,2025Q1,86.0,86.0,test,0.0
E07000086,Eastleigh,2025Q2,84.0,86.0,test,-0.023256862164267034
E07000086,Eastleigh,2025Q3,87.0,84.0,test,0.03468555798789019
E07000087,Fareham,2019Q4,118.0,80.0,train,0.3846743384390905
E07000087,Fareham,2020Q1,135.0,118.0,train,0.13353139262452274
E07000087,Fareham,2020Q2,136.0,135.0,train,0.0073260400920727164
E07000087,Fareham,2020Q3,133.0,136.0,train,-0.022141125877213952
E07000087,Fareham,2020Q4,114.0,133.0,train,-0.15290767158766094
E07000087,Fareham,2021Q1,203.0,114.0,train,0.5731878654809659
E07000087,Fareham,2021Q2,162.0,203.0,train,-0.22436979303745375
E07000087,Fareham,2021Q3,155.0,162.0,train,-0.043894193557225236
E07000087,Fareham,2021Q4,151.0,155.0,train,-0.02597548640326064
E07000087,Fareham,2022Q1,208.0,151.0,train,0.3184537311185345
E07000087,Fareham,2022Q2,142.0,208.0,train,-0.37948962170490397
E07000087,Fareham,2022Q3,107.0,142.0,train,-0.28071340313568705
E07000087,Fareham,2022Q4,95.0,107.0,train,-0.11778303565638382
E07000087,Fareham,2023Q1,124.0,95.0,train,0.2639655458344654
E07000087,Fareham,2023Q2,161.0,124.0,train,0.2592825979300821
E07000087,Fareham,2023Q3,131.0,161.0,train,-0.20479441264601306
E07000087,Fareham,2023Q4,143.0,131.0,train,0.08701137698963013
E07000087,Fareham,2024Q1,142.0,143.0,valid,-0.006968669316093745
E07000087,Fareham,2024Q2,91.0,142.0,valid,-0.4410560532108665
E07000087,Fareham,2024Q3,92.0,91.0,valid,0.010810916104215806
E07000087,Fareham,2024Q4,96.0,92.0,valid,0.04211148535012654
E07000087,Fareham,2025Q1,79.0,96.0,test,-0.19268434382950161
E07000087,Fareham,2025Q2,94.0,79.0,test,0.17185025692665956
E07000087,Fareham,2025Q3,90.0,94.0,test,-0.04301738508369102
E07000088,Gosport,2019Q4,106.0,111.0,train,-0.04567003683318838
E07000088,Gosport,2020Q1,127.0,106.0,train,0.17920142945771111
E07000088,Gosport,2020Q2,99.0,127.0,train,-0.2468600779315251
E07000088,Gosport,2020Q3,118.0,99.0,train,0.17395330712343782
E07000088,Gosport,2020Q4,92.0,118.0,train,-0.24652399995827334
E07000088,Gosport,2021Q1,123.0,92.0,train,0.2876820724517808
E07000088,Gosport,2021Q2,118.0,123.0,train,-0.04115807249350745
E07000088,Gosport,2021Q3,131.0,118.0,train,0.10367842947484096
E07000088,Gosport,2021Q4,115.0,131.0,train,-0.1292117314800061
E07000088,Gosport,2022Q1,152.0,115.0,train,0.2768477302860708
E07000088,Gosport,2022Q2,130.0,152.0,train,-0.1552405981912841
E07000088,Gosport,2022Q3,151.0,130.0,train,0.14868319764512528
E07000088,Gosport,2022Q4,105.0,151.0,train,-0.36044142673420954
E07000088,Gosport,2023Q1,147.0,105.0,train,0.3337731796520478
E07000088,Gosport,2023Q2,146.0,147.0,train,-0.0067796869853786745
E07000088,Gosport,2023Q3,144.0,146.0,train,-0.013698844358161821
E07000088,Gosport,2023Q4,129.0,144.0,train,-0.109199291964992
E07000088,Gosport,2024Q1,134.0,129.0,valid,0.03774032798284743
E07000088,Gosport,2024Q2,137.0,134.0,valid,0.02197890671877545
E07000088,Gosport,2024Q3,122.0,137.0,valid,-0.11506932978478801
E07000088,Gosport,2024Q4,97.0,122.0,valid,-0.22721687670184476
E07000088,Gosport,2025Q1,156.0,97.0,test,0.4712783266777354
E07000088,Gosport,2025Q2,113.0,156.0,test,-0.32004735695381203
E07000088,Gosport,2025Q3,136.0,113.0,test,0.1837824774336294
E07000089,Hart,2020Q2,37.0,41.0,train,-0.10008345855698275
E07000089,Hart,2020Q3,27.0,37.0,train,-0.30538164955118186
E07000089,Hart,2020Q4,21.0,27.0,train,-0.24116205681688774
E07000089,Hart,2021Q1,21.0,21.0,train,0.0
E07000089,Hart,2021Q2,18.0,21.0,train,-0.1466034741918758
E07000089,Hart,2021Q3,31.0,18.0,train,0.5212969236332863
E07000089,Hart,2021Q4,13.0,31.0,train,-0.8266785731844681
E07000089,Hart,2022Q1,45.0,13.0,train,1.1895840668738367
E07000089,Hart,2022Q2,27.0,45.0,train,-0.49643688631389127
E07000089,Hart,2022Q3,47.0,27.0,train,0.5389965007326873
E07000089,Hart,2022Q4,26.0,47.0,train,-0.575364144903562
E07000089,Hart,2023Q1,54.0,26.0,train,0.711496319228142
E07000089,Hart,2023Q2,42.0,54.0,train,-0.2461330695389088
E07000089,Hart,2023Q3,44.0,42.0,train,0.04546237407675724
E07000089,Hart,2023Q4,45.0,44.0,train,0.02197890671877545
E07000089,Hart,2024Q1,55.0,45.0,valid,0.19671029424605457
E07000089,Hart,2024Q2,57.0,55.0,valid,0.03509131981126945
E07000089,Hart,2024Q3,61.0,57.0,valid,0.06669137449867257
E07000089,Hart,2024Q4,53.0,61.0,valid,-0.13815033848081715
E07000089,Hart,2025Q1,51.0,53.0,test,-0.03774032798284699
E07000089,Hart,2025Q2,51.0,51.0,test,0.0
E07000089,Hart,2025Q3,39.0,51.0,test,-0.2623642644674913
E07000090,Havant,2019Q4,112.0,132.0,train,-0.1629613095094129
E07000090,Havant,2020Q1,179.0,112.0,train,0.4655690321778696
E07000090,Havant,2020Q2,110.0,179.0,train,-0.4834266495778765
E07000090,Havant,2020Q3,131.0,110.0,train,0.17327172127403667
E07000090,Havant,2020Q4,107.0,131.0,train,-0.20067069546215066
E07000090,Havant,2021Q1,111.0,107.0,train,0.036367644170874236
E07000090,Havant,2021Q2,132.0,111.0,train,0.17185025692665956
E07000090,Havant,2021Q3,127.0,132.0,train,-0.038318864302136824
E07000090,Havant,2021Q4,118.0,127.0,train,-0.07290677080808727
E07000090,Havant,2022Q1,103.0,118.0,train,-0.13473259397015713
E07000090,Havant,2022Q2,127.0,103.0,train,0.2076393647782444
E07000090,Havant,2022Q3,149.0,127.0,train,0.15860503017663863
E07000090,Havant,2022Q4,93.0,149.0,train,-0.4673405118262517
E07000090,Havant,2023Q1,181.0,93.0,train,0.6607119048067913
E07000090,Havant,2023Q2,159.0,181.0,train,-0.12883287184296854
E07000090,Havant,2023Q3,146.0,159.0,train,-0.08474122845509058
E07000090,Havant,2023Q4,149.0,146.0,train,0.020202707317519497
E07000090,Havant,2024Q1,158.0,149.0,valid,0.058268908123976004
E07000090,Havant,2024Q2,154.0,158.0,valid,-0.02547908530098475
E07000090,Havant,2024Q3,173.0,154.0,valid,0.11563018229528232
E07000090,Havant,2024Q4,152.0,173.0,valid,-0.12861737782209381
E07000090,Havant,2025Q1,198.0,152.0,test,0.262866903332057
E07000090,Havant,2025Q2,141.0,198.0,test,-0.3374777671232314
E07000090,Havant,2025Q3,171.0,141.0,test,0.19166741921219188
E07000091,New Forest,2019Q4,167.0,224.0,train,-0.29213642280116137
E07000091,New Forest,2020Q1,223.0,167.0,train,0.2876820724517808
E07000091,New Forest,2020Q2,208.0,223.0,train,-0.06931179989022862
E07000091,New Forest,2020Q3,227.0,208.0,train,0.08701137698963013
E07000091,New Forest,2020Q4,195.0,227.0,train,-0.15123096972392425
E07000091,New Forest,2021Q1,196.0,195.0,train,0.005089069507471677
E07000091,New Forest,2021Q2,174.0,196.0,train,-0.11841775481447403
E07000091,New Forest,2021Q3,173.0,174.0,train,-0.005730674708985362
E07000091,New Forest,2021Q4,177.0,173.0,train,0.02272825107755594
E07000091,New Forest,2022Q1,208.0,177.0,train,0.1605507016727259
E07000091,New Forest,2022Q2,139.0,208.0,train,-0.40069182935550707
E07000091,New Forest,2022Q3,205.0,139.0,train,0.3862337461802774
E07000091,New Forest,2022Q4,190.0,205.0,train,-0.07560274074295137
E07000091,New Forest,2023Q1,183.0,190.0,train,-0.03733767043764402
E07000091,New Forest,2023Q2,248.0,183.0,train,0.3025171388557215
E07000091,New Forest,2023Q3,252.0,248.0,train,0.015936592262812965
E07000091,New Forest,2023Q4,167.0,252.0,train,-0.4094255093242616
E07000091,New Forest,2024Q1,235.0,167.0,valid,0.33986782562235174
E07000091,New Forest,2024Q2,245.0,235.0,valid,0.041499730906751964
E07000091,New Forest,2024Q3,235.0,245.0,valid,-0.041499730906751964
E07000091,New Forest,2024Q4,212.0,235.0,valid,-0.10253963931618504
E07000091,New Forest,2025Q1,228.0,212.0,test,0.07242983784481449
E07000091,New Forest,2025Q2,189.0,228.0,test,-0.1866979313937538
E07000091,New Forest,2025Q3,179.0,189.0,test,-0.054067221270275745
E07000092,Rushmoor,2019Q4,169.0,172.0,train,-0.017493157447517227
E07000092,Rushmoor,2020Q1,148.0,169.0,train,-0.13185213110480287
E07000092,Rushmoor,2020Q2,136.0,148.0,train,-0.08396538011733412
E07000092,Rushmoor,2020Q3,135.0,136.0,train,-0.0073260400920727164
E07000092,Rushmoor,2020Q4,133.0,135.0,train,-0.014815085785141235
E07000092,Rushmoor,2021Q1,150.0,133.0,train,0.11944003686401317
E07000092,Rushmoor,2021Q2,169.0,150.0,train,0.11851860023533778
E07000092,Rushmoor,2021Q3,155.0,169.0,train,-0.08594242980072497
E07000092,Rushmoor,2021Q4,125.0,155.0,train,-0.21357410029805912
E07000092,Rushmoor,2022Q1,139.0,125.0,train,0.10536051565782589
E07000092,Rushmoor,2022Q2,155.0,139.0,train,0.10821358464023323
E07000092,Rushmoor,2022Q3,152.0,155.0,train,-0.019418085857101808
E07000092,Rushmoor,2022Q4,128.0,152.0,train,-0.17062551703076334
E07000092,Rushmoor,2023Q1,143.0,128.0,train,0.11000089521432876
E07000092,Rushmoor,2023Q2,119.0,143.0,train,-0.1823215567939549
E07000092,Rushmoor,2023Q3,142.0,119.0,train,0.17535288747786115
E07000092,Rushmoor,2023Q4,107.0,142.0,train,-0.28071340313568705
E07000092,Rushmoor,2024Q1,158.0,107.0,valid,0.3867729750960116
E07000092,Rushmoor,2024Q2,129.0,158.0,valid,-0.20136975176464933
E07000092,Rushmoor,2024Q3,95.0,129.0,valid,-0.3031862589877461
E07000092,Rushmoor,2024Q4,97.0,95.0,valid,0.020619287202736203
E07000092,Rushmoor,2025Q1,127.0,97.0,test,0.2670627852490446
E07000092,Rushmoor,2025Q2,112.0,127.0,test,-0.12464244520727608
E07000092,Rushmoor,2025Q3,86.0,112.0,test,-0.2614797000577571
E07000093,Test Valley,2019Q4,116.0,147.0,train,-0.2350383389663584
E07000093,Test Valley,2020Q1,155.0,116.0,train,0.2876820724517808
E07000093,Test Valley,2020Q2,107.0,155.0,train,-0.3677247801253172
E07000093,Test Valley,2020Q3,145.0,107.0,train,0.30147539458411643
E07000093,Test Valley,2020Q4,108.0,145.0,train,-0.2922587394791929
E07000093,Test Valley,2021Q1,134.0,108.0,train,0.21392689620928618
E07000093,Test Valley,2021Q2,99.0,134.0,train,-0.3001045924503378
E07000093,Test Valley,2021Q3,120.0,99.0,train,0.19062035960864954
E07000093,Test Valley,2021Q4,76.0,120.0,train,-0.4519851237430572
E07000093,Test Valley,2022Q1,159.0,76.0,train,0.7313683933801425
E07000093,Test Valley,2022Q2,102.0,159.0,train,-0.44044482700419074
E07000093,Test Valley,2022Q3,128.0,102.0,train,0.22508341613203608
E07000093,Test Valley,2022Q4,106.0,128.0,train,-0.18698356989976617
E07000093,Test Valley,2023Q1,127.0,106.0,train,0.17920142945771111
E07000093,Test Valley,2023Q2,132.0,127.0,train,0.038318864302136824
E07000093,Test Valley,2023Q3,140.0,132.0,train,0.05841076215641472
E07000093,Test Valley,2023Q4,142.0,140.0,train,0.014084739881738528
E07000093,Test Valley,2024Q1,148.0,142.0,valid,0.04110167568555223
E07000093,Test Valley,2024Q2,171.0,148.0,valid,0.14354817086799354
E07000093,Test Valley,2024Q3,149.0,171.0,valid,-0.13685918271719721
E07000093,Test Valley,2024Q4,162.0,149.0,valid,0.08311490671050681
E07000093,Test Valley,2025Q1,217.0,162.0,test,0.2907448619823265
E07000093,Test Valley,2025Q2,174.0,217.0,test,-0.2197090888655744
E07000093,Test Valley,2025Q3,164.0,174.0,test,-0.05884050002293417
E07000094,Winchester,2019Q4,91.0,89.0,train,0.02197890671877545
E07000094,Winchester,2020Q1,94.0,91.0,train,0.0320883145515003
E07000094,Winchester,2020Q2,78.0,94.0,train,-0.18442903913351927
E07000094,Winchester,2020Q3,77.0,78.0,train,-0.012739025777429802
E07000094,Winchester,2020Q4,67.0,77.0,train,-0.13720112151348474
E07000094,Winchester,2021Q1,70.0,67.0,train,0.0431721718652085
E07000094,Winchester,2021Q2,58.0,70.0,train,-0.18514243313559575
E07000094,Winchester,2021Q3,54.0,58.0,train,-0.07020425867324853
E07000094,Winchester,2021Q4,67.0,54.0,train,0.2121745199436358
E07000094,Winchester,2022Q1,78.0,67.0,train,0.14994014729091454
E07000094,Winchester,2022Q2,74.0,78.0,train,-0.051959738930711374
E07000094,Winchester,2022Q3,90.0,74.0,train,0.19337139298053962
E07000094,Winchester,2022Q4,97.0,90.0,train,0.07410797215372256
E07000094,Winchester,2023Q1,104.0,97.0,train,0.06899287148695077
E07000094,Winchester,2023Q2,75.0,104.0,train,-0.323227009871192
E07000094,Winchester,2023Q3,91.0,75.0,train,0.1910552367627094
E07000094,Winchester,2023Q4,89.0,91.0,train,-0.02197890671877545
E07000094,Winchester,2024Q1,137.0,89.0,valid,0.42744401482694006
E07000094,Winchester,2024Q2,122.0,137.0,valid,-0.11506932978478801
E07000094,Winchester,2024Q3,114.0,122.0,valid,-0.06725222700916689
E07000094,Winchester,2024Q4,90.0,114.0,valid,-0.23407262184640043
E07000094,Winchester,2025Q1,127.0,90.0,test,0.34117075740276714
E07000094,Winchester,2025Q2,97.0,127.0,test,-0.2670627852490446
E07000094,Winchester,2025Q3,101.0,97.0,test,0.04000533461369837
E07000095,Broxbourne,2019Q4,142.0,168.0,train,-0.1670540846631665
E07000095,Broxbourne,2020Q1,193.0,142.0,train,0.30501352880342125
E07000095,Broxbourne,2020Q2,181.0,193.0,train,-0.06385147198653307
E07000095,Broxbourne,2020Q3,179.0,181.0,train,-0.011049836186584727
E07000095,Broxbourne,2020Q4,168.0,179.0,train,-0.06305813596713694
E07000095,Broxbourne,2021Q1,186.0,168.0,train,0.10120990193151336
E07000095,Broxbourne,2021Q2,138.0,186.0,train,-0.29663468372389534
E07000095,Broxbourne,2021Q3,120.0,138.0,train,-0.13868338753395015
E07000095,Broxbourne,2021Q4,119.0,120.0,train,-0.008298802814695527
E07000095,Broxbourne,2022Q1,131.0,119.0,train,0.09531017980432477
E07000095,Broxbourne,2022Q2,102.0,131.0,train,-0.24807293435673472
E07000095,Broxbourne,2022Q3,133.0,102.0,train,0.26311081172127526
E07000095,Broxbourne,2022Q4,124.0,133.0,train,-0.06952606264860961
E07000095,Broxbourne,2023Q1,154.0,124.0,train,0.21511137961694526
E07000095,Broxbourne,2023Q2,164.0,154.0,train,0.06252035698133351
E07000095,Broxbourne,2023Q3,185.0,164.0,train,0.11980119981262138
E07000095,Broxbourne,2023Q4,157.0,185.0,train,-0.16315164068623478
E07000095,Broxbourne,2024Q1,200.0,157.0,valid,0.24070987503210883
E07000095,Broxbourne,2024Q2,200.0,200.0,valid,0.0
E07000095,Broxbourne,2024Q3,147.0,200.0,valid,-0.30609263429496103
E07000095,Broxbourne,2024Q4,154.0,147.0,valid,0.04621284315513208
E07000095,Broxbourne,2025Q1,143.0,154.0,test,-0.07361181734324607
E07000095,Broxbourne,2025Q2,111.0,143.0,test,-0.25131442828090655
E07000095,Broxbourne,2025Q3,80.0,111.0,test,-0.324049716622655
E07000096,Dacorum,2019Q4,125.0,177.0,train,-0.34550164334060707
E07000096,Dacorum,2020Q1,155.0,125.0,train,0.21357410029805912
E07000096,Dacorum,2020Q2,259.0,155.0,train,0.5108256237659905
E07000096,Dacorum,2020Q3,233.0,259.0,train,-0.10536051565782589
E07000096,Dacorum,2020Q4,210.0,233.0,train,-0.10346298188163505
E07000096,Dacorum,2021Q1,178.0,210.0,train,-0.16447232763531172
E07000096,Dacorum,2021Q2,148.0,178.0,train,-0.18343949989529573
E07000096,Dacorum,2021Q3,192.0,148.0,train,0.2587438829594264
E07000096,Dacorum,2021Q4,150.0,192.0,train,-0.24541035208996131
E07000096,Dacorum,2022Q1,175.0,150.0,train,0.15320415822322708
E07000096,Dacorum,2022Q2,164.0,175.0,train,-0.06453852113757108
E07000096,Dacorum,2022Q3,154.0,164.0,train,-0.06252035698133351
E07000096,Dacorum,2022Q4,147.0,154.0,train,-0.04621284315513208
E07000096,Dacorum,2023Q1,200.0,147.0,train,0.30609263429496103
E07000096,Dacorum,2023Q2,207.0,200.0,train,0.034233171642242155
E07000096,Dacorum,2023Q3,256.0,207.0,train,0.2115380051939022
E07000096,Dacorum,2023Q4,237.0,256.0,train,-0.07680541122374507
E07000096,Dacorum,2024Q1,212.0,237.0,valid,-0.11097850796204956
E07000096,Dacorum,2024Q2,266.0,212.0,valid,0.22595649269082418
E07000096,Dacorum,2024Q3,219.0,266.0,valid,-0.19362111204788768
E07000096,Dacorum,2024Q4,208.0,219.0,valid,-0.051293294387551036
E07000096,Dacorum,2025Q1,244.0,208.0,test,0.15892395857991648
E07000096,Dacorum,2025Q2,297.0,244.0,test,0.19583527596067718
E07000096,Dacorum,2025Q3,265.0,297.0,test,-0.11359717772370548
E07000098,Hertsmere,2019Q4,96.0,85.0,train,0.12036368224987548
E07000098,Hertsmere,2020Q1,92.0,96.0,train,-0.04211148535012654
E07000098,Hertsmere,2020Q2,59.0,92.0,train,-0.43825493093115586
E07000098,Hertsmere,2020Q3,94.0,59.0,train,0.45953232937844035
E07000098,Hertsmere,2020Q4,76.0,94.0,train,-0.21007146974685664
E07000098,Hertsmere,2021Q1,71.0,76.0,train,-0.06713930283762881
E07000098,Hertsmere,2021Q2,73.0,71.0,train,0.027398974188114877
E07000098,Hertsmere,2021Q3,96.0,73.0,train,0.27064588529921263
E07000098,Hertsmere,2021Q4,114.0,96.0,train,0.17022114985986736
E07000098,Hertsmere,2022Q1,104.0,114.0,train,-0.0909717782057271
E07000098,Hertsmere,2022Q2,145.0,104.0,train,0.3296462715508133
E07000098,Hertsmere,2022Q3,126.0,145.0,train,-0.13941953524974515
E07000098,Hertsmere,2022Q4,117.0,126.0,train,-0.0735024619929261
E07000098,Hertsmere,2023Q1,128.0,117.0,train,0.08912777989600684
E07000098,Hertsmere,2023Q2,144.0,128.0,train,0.11692133805890226
E07000098,Hertsmere,2023Q3,171.0,144.0,train,0.17076073439287853
E07000098,Hertsmere,2023Q4,142.0,171.0,train,-0.18464984655354577
E07000098,Hertsmere,2024Q1,144.0,142.0,valid,0.013889112160667239
E07000098,Hertsmere,2024Q2,145.0,144.0,valid,0.006872879287762146
E07000098,Hertsmere,2024Q3,118.0,145.0,valid,-0.20448312859680673
E07000098,Hertsmere,2024Q4,142.0,118.0,valid,0.18372113714837734
E07000098,Hertsmere,2025Q1,128.0,142.0,test,-0.10303222589823502
E07000098,Hertsmere,2025Q2,138.0,128.0,test,0.07466152876901955
E07000098,Hertsmere,2025Q3,129.0,138.0,test,-0.0669394826751093
E07000099,North Hertfordshire,2019Q4,112.0,125.0,train,-0.10889408823913715
E07000099,North Hertfordshire,2020Q1,176.0,112.0,train,0.448761913861488
E07000099,North Hertfordshire,2020Q2,141.0,176.0,train,-0.22032267497256797
E07000099,North Hertfordshire,2020Q3,158.0,141.0,train,0.11307714461897067
E07000099,North Hertfordshire,2020Q4,156.0,158.0,train,-0.012658396871923827
E07000099,North Hertfordshire,2021Q1,163.0,156.0,train,0.04362062247589105
E07000099,North Hertfordshire,2021Q2,112.0,163.0,train,-0.37247860911185793
E07000099,North Hertfordshire,2021Q3,121.0,112.0,train,0.07663322602091593
E07000099,North Hertfordshire,2021Q4,107.0,121.0,train,-0.12188981760903683
E07000099,North Hertfordshire,2022Q1,141.0,107.0,train,0.27369583047704094
E07000099,North Hertfordshire,2022Q2,124.0,141.0,train,-0.12751332029895934
E07000099,North Hertfordshire,2022Q3,102.0,124.0,train,-0.19358474907266565
E07000099,North Hertfordshire,2022Q4,100.0,102.0,train,-0.01960847138837618
E07000099,North Hertfordshire,2023Q1,98.0,100.0,train,-0.02000066670666989
E07000099,North Hertfordshire,2023Q2,109.0,98.0,train,0.10536051565782678
E07000099,North Hertfordshire,2023Q3,95.0,109.0,train,-0.13613217432458047
E07000099,North Hertfordshire,2023Q4,148.0,95.0,train,0.4395981144776231
E07000099,North Hertfordshire,2024Q1,122.0,148.0,valid,-0.19176195057304213
E07000099,North Hertfordshire,2024Q2,113.0,122.0,valid,-0.0759859069779214
E07000099,North Hertfordshire,2024Q3,145.0,113.0,valid,0.24740817331384068
E07000099,North Hertfordshire,2024Q4,99.0,145.0,valid,-0.37843643572024455
E07000099,North Hertfordshire,2025Q1,106.0,99.0,test,0.06765864847381398
E07000099,North Hertfordshire,2025Q2,105.0,106.0,test,-0.00938974034983886
E07000099,North Hertfordshire,2025Q3,76.0,105.0,test,-0.3196336722583828
E07000102,Three Rivers,2019Q4,64.0,74.0,train,-0.14310084364067333
E07000102,Three Rivers,2020Q1,82.0,64.0,train,0.24445333790096146
E07000102,Three Rivers,2020Q2,95.0,82.0,train,0.14550758367123784
E07000102,Three Rivers,2020Q3,102.0,95.0,train,0.07038079676179976
E07000102,Three Rivers,2020Q4,98.0,102.0,train,-0.03960913809504607
E07000102,Three Rivers,2021Q1,121.0,98.0,train,0.20890119459866696
E07000102,Three Rivers,2021Q2,76.0,121.0,train,-0.46021562287957263
E07000102,Three Rivers,2021Q3,71.0,76.0,train,-0.06713930283762881
E07000102,Three Rivers,2021Q4,80.0,71.0,train,0.11778303565638382
E07000102,Three Rivers,2022Q1,97.0,80.0,train,0.19051832399813318
E07000102,Three Rivers,2022Q2,88.0,97.0,train,-0.09633110893843266
E07000102,Three Rivers,2022Q3,71.0,88.0,train,-0.21197025071608433
E07000102,Three Rivers,2022Q4,96.0,71.0,train,0.2980448594873275
E07000102,Three Rivers,2023Q1,123.0,96.0,train,0.24557058710165425
E07000102,Three Rivers,2023Q2,115.0,123.0,train,-0.06669137449867257
E07000102,Three Rivers,2023Q3,109.0,115.0,train,-0.05310982531394792
E07000102,Three Rivers,2023Q4,95.0,109.0,train,-0.13613217432458047
E07000102,Three Rivers,2024Q1,123.0,95.0,valid,0.25593337413720096
E07000102,Three Rivers,2024Q2,124.0,123.0,valid,0.008032171697264445
E07000102,Three Rivers,2024Q3,113.0,124.0,valid,-0.09211528890780585
E07000102,Three Rivers,2024Q4,106.0,113.0,valid,-0.06336961393258989
E07000102,Three Rivers,2025Q1,108.0,106.0,test,0.018519047767237673
E07000102,Three Rivers,2025Q2,96.0,108.0,test,-0.11663690372576063
E07000102,Three Rivers,2025Q3,100.0,96.0,test,0.04040953833787686
E07000103,Watford,2019Q4,88.0,63.0,train,0.32975328637246815
E07000103,Watford,2020Q1,110.0,88.0,train,0.22089383158019427
E07000103,Watford,2020Q2,83.0,110.0,train,-0.27871340246902054
E07000103,Watford,2020Q3,86.0,83.0,train,0.03509131981127034
E07000103,Watford,2020Q4,76.0,86.0,train,-0.12210269680089958
E07000103,Watford,2021Q1,79.0,76.0,train,0.03822121282019708
E07000103,Watford,2021Q2,76.0,79.0,train,-0.03822121282019708
E07000103,Watford,2021Q3,113.0,76.0,train,0.39239302654081154
E07000103,Watford,2021Q4,76.0,113.0,train,-0.39239302654081154
E07000103,Watford,2022Q1,92.0,76.0,train,0.18879407129957215
E07000103,Watford,2022Q2,95.0,92.0,train,0.031748698314579826
E07000103,Watford,2022Q3,92.0,95.0,train,-0.031748698314579826
E07000103,Watford,2022Q4,107.0,92.0,train,0.14953173397096364
E07000103,Watford,2023Q1,116.0,107.0,train,0.08004270767353638
E07000103,Watford,2023Q2,96.0,116.0,train,-0.18746295629437348
E07000103,Watford,2023Q3,101.0,96.0,train,0.05026183478088786
E07000103,Watford,2023Q4,117.0,101.0,train,0.14571181118139442
E07000103,Watford,2024Q1,116.0,117.0,valid,-0.0085106896679088
E07000103,Watford,2024Q2,141.0,116.0,valid,0.19365312280350455
E07000103,Watford,2024Q3,123.0,141.0,valid,-0.1355454919962238
E07000103,Watford,2024Q4,129.0,123.0,valid,0.04725288485054513
E07000103,Watford,2025Q1,133.0,129.0,test,0.030305349495328926
E07000103,Watford,2025Q2,146.0,133.0,test,0.0925927868278249
E07000103,Watford,2025Q3,173.0,146.0,test,0.16862271243579308
E07000105,Ashford,2019Q4,145.0,157.0,train,-0.07898841131863055
E07000105,Ashford,2020Q1,197.0,145.0,train,0.30466040898619884
E07000105,Ashford,2020Q2,139.0,197.0,train,-0.3466246080852313
E07000105,Ashford,2020Q3,158.0,139.0,train,0.12726177961092766
E07000105,Ashford,2020Q4,143.0,158.0,train,-0.09909090264423082
E07000105,Ashford,2021Q1,132.0,143.0,train,-0.07946417135424699
E07000105,Ashford,2021Q2,152.0,132.0,train,0.14008879317068157
E07000105,Ashford,2021Q3,156.0,152.0,train,0.025807883955872413
E07000105,Ashford,2021Q4,147.0,156.0,train,-0.059033531584193
E07000105,Ashford,2022Q1,162.0,147.0,train,0.09653792704264763
E07000105,Ashford,2022Q2,142.0,162.0,train,-0.13090557054685537
E07000105,Ashford,2022Q3,158.0,142.0,train,0.10605957196032456
E07000105,Ashford,2022Q4,149.0,158.0,train,-0.058268908123976004
E07000105,Ashford,2023Q1,170.0,149.0,train,0.13102826240640475
E07000105,Ashford,2023Q2,216.0,170.0,train,0.23823379703779946
E07000105,Ashford,2023Q3,513.0,216.0,train,0.8623259119147058
E07000105,Ashford,2023Q4,566.0,513.0,train,0.09813603827258621
E07000105,Ashford,2024Q1,271.0,566.0,valid,-0.7345572374317539
E07000105,Ashford,2024Q2,264.0,271.0,valid,-0.02607224030977573
E07000105,Ashford,2024Q3,226.0,264.0,valid,-0.1547798085048191
E07000105,Ashford,2024Q4,243.0,226.0,valid,0.07221820781179922
E07000105,Ashford,2025Q1,232.0,243.0,test,-0.04612977172750199
E07000105,Ashford,2025Q2,223.0,232.0,test,-0.03939240171066061
E07000105,Ashford,2025Q3,296.0,223.0,test,0.28208608694766024
E07000106,Canterbury,2019Q4,205.0,227.0,train,-0.1014694601648598
E07000106,Canterbury,2020Q1,264.0,205.0,train,0.25185365719664077
E07000106,Canterbury,2020Q2,180.0,264.0,train,-0.38123279472039595
E07000106,Canterbury,2020Q3,217.0,180.0,train,0.18599803152326277
E07000106,Canterbury,2020Q4,216.0,217.0,train,-0.004597709248629123
E07000106,Canterbury,2021Q1,242.0,216.0,train,0.11316408980008852
E07000106,Canterbury,2021Q2,231.0,242.0,train,-0.046324071674238354
E07000106,Canterbury,2021Q3,218.0,231.0,train,-0.057665641849808935
E07000106,Canterbury,2021Q4,214.0,218.0,train,-0.01843370168883851
E07000106,Canterbury,2022Q1,205.0,214.0,train,-0.04276185933808119
E07000106,Canterbury,2022Q4,194.0,249.0,train,-0.24846135929849922
E07000106,Canterbury,2023Q1,256.0,194.0,train,0.2760765263314733
E07000106,Canterbury,2023Q4,458.0,518.0,train,-0.12285367310534312
E07000106,Canterbury,2024Q1,218.0,458.0,valid,-0.7399784802440443
E07000106,Canterbury,2025Q1,317.0,210.0,test,0.4101932493041103
E07000106,Canterbury,2025Q2,298.0,317.0,test,-0.061607809389490065
E07000106,Canterbury,2025Q3,363.0,298.0,test,0.19671029424605369
E07000107,Dartford,2021Q2,115.0,132.0,train,-0.13675893711538922
E07000107,Dartford,2021Q3,120.0,115.0,train,0.042200354490376846
E07000107,Dartford,2021Q4,131.0,120.0,train,0.08701137698962924
E07000107,Dartford,2022Q1,144.0,131.0,train,0.09393181983420362
E07000107,Dartford,2022Q2,124.0,144.0,train,-0.1484200051182727
E07000107,Dartford,2022Q3,148.0,124.0,train,0.17563256864315768
E07000107,Dartford,2022Q4,144.0,148.0,train,-0.027212563524884992
E07000107,Dartford,2023Q1,195.0,144.0,train,0.3013809168099426
E07000107,Dartford,2023Q2,151.0,195.0,train,-0.25423413838424036
E07000107,Dartford,2023Q3,181.0,151.0,train,0.1801261662305187
E07000107,Dartford,2023Q4,183.0,181.0,train,0.010929070532190721
E07000107,Dartford,2024Q1,218.0,183.0,valid,0.1741359722075151
E07000107,Dartford,2024Q2,175.0,218.0,valid,-0.21858773477834958
E07000107,Dartford,2024Q3,198.0,175.0,valid,0.1228208296863409
E07000107,Dartford,2024Q4,151.0,198.0,valid,-0.2694243038782158
E07000107,Dartford,2025Q1,216.0,151.0,test,0.35601683269418327
E07000107,Dartford,2025Q2,191.0,216.0,test,-0.12240198151267823
E07000107,Dartford,2025Q3,182.0,191.0,test,-0.04800921918636014
E07000108,Dover,2019Q4,163.0,179.0,train,-0.09309042306601167
E07000108,Dover,2020Q1,175.0,163.0,train,0.07061756721395263
E07000108,Dover,2020Q2,111.0,175.0,train,-0.4519851237430572
E07000108,Dover,2020Q3,139.0,111.0,train,0.2231435513142097
E07000108,Dover,2020Q4,127.0,139.0,train,-0.08961215868968697
E07000108,Dover,2021Q1,109.0,127.0,train,-0.15154989812720032
E07000108,Dover,2021Q2,136.0,109.0,train,0.2195005600357085
E07000108,Dover,2021Q3,158.0,136.0,train,0.14892327639210645
E07000108,Dover,2021Q4,144.0,158.0,train,-0.09217045979965732
E07000108,Dover,2022Q1,167.0,144.0,train,0.14723023698268456
E07000108,Dover,2022Q2,158.0,167.0,train,-0.055059777183027236
E07000108,Dover,2022Q3,127.0,158.0,train,-0.21687393830061463
E07000108,Dover,2022Q4,94.0,127.0,train,-0.2981533723190761
E07000108,Dover,2023Q1,134.0,94.0,train,0.35139788683788886
E07000108,Dover,2023Q2,153.0,134.0,train,0.1316778239751999
E07000108,Dover,2023Q3,316.0,153.0,train,0.7219491714636508
E07000108,Dover,2023Q4,470.0,316.0,train,0.3959563201391374
E07000108,Dover,2024Q1,277.0,470.0,valid,-0.5272369803257808
E07000108,Dover,2024Q2,169.0,277.0,valid,-0.4918226766403748
E07000108,Dover,2024Q3,185.0,169.0,valid,0.0899482366629396
E07000108,Dover,2024Q4,176.0,185.0,valid,-0.04959694113937285
E07000108,Dover,2025Q1,155.0,176.0,test,-0.12629372532429173
E07000108,Dover,2025Q2,249.0,155.0,test,0.4716049106127089
E07000108,Dover,2025Q3,199.0,249.0,test,-0.2231435513142097
E07000109,Gravesham,2019Q4,115.0,163.0,train,-0.34627623671783425
E07000109,Gravesham,2020Q1,158.0,115.0,train,0.31531401111386703
E07000109,Gravesham,2020Q2,148.0,158.0,train,-0.06495789627477233
E07000109,Gravesham,2020Q3,169.0,148.0,train,0.13185213110480287
E07000109,Gravesham,2020Q4,155.0,169.0,train,-0.08594242980072497
E07000109,Gravesham,2021Q1,155.0,155.0,train,0.0
E07000109,Gravesham,2021Q2,132.0,155.0,train,-0.15950687902778338
E07000109,Gravesham,2021Q3,120.0,132.0,train,-0.09455858262501238
E07000109,Gravesham,2021Q4,143.0,120.0,train,0.17402275397925937
E07000109,Gravesham,2022Q1,169.0,143.0,train,0.16598513747426136
E07000109,Gravesham,2022Q2,172.0,169.0,train,0.017493157447517227
E07000109,Gravesham,2022Q3,148.0,172.0,train,-0.1493452885523201
E07000109,Gravesham,2022Q4,177.0,148.0,train,0.17783724434662584
E07000109,Gravesham,2023Q1,175.0,177.0,train,-0.011299555253933669
E07000109,Gravesham,2023Q2,152.0,175.0,train,-0.14004607364571608
E07000109,Gravesham,2023Q3,334.0,152.0,train,0.7836926104326309
E07000109,Gravesham,2023Q4,298.0,334.0,train,-0.11368695843437937
E07000109,Gravesham,2024Q1,176.0,298.0,valid,-0.524293840816858
E07000109,Gravesham,2024Q2,236.0,176.0,valid,0.2919104085613027
E07000109,Gravesham,2024Q3,165.0,236.0,valid,-0.35607235277858784
E07000109,Gravesham,2024Q4,211.0,165.0,valid,0.24459848631546866
E07000109,Gravesham,2025Q1,298.0,211.0,test,0.34385729871867454
E07000109,Gravesham,2025Q2,242.0,298.0,test,-0.2073821300501386
E07000109,Gravesham,2025Q3,276.0,242.0,test,0.1309560628467903
E07000110,Maidstone,2019Q4,324.0,294.0,train,0.0968498259899171
E07000110,Maidstone,2020Q1,345.0,324.0,train,0.06261359272798739
E07000110,Maidstone,2020Q2,304.0,345.0,train,-0.12612699845031283
E07000110,Maidstone,2020Q3,310.0,304.0,train,0.019481135571822072
E07000110,Maidstone,2020Q4,287.0,310.0,train,-0.07683243204328782
E07000110,Maidstone,2021Q1,291.0,287.0,train,0.01379332213233564
E07000110,Maidstone,2021Q2,208.0,291.0,train,-0.3344195503034708
E07000110,Maidstone,2021Q3,250.0,208.0,train,0.18311868716697255
E07000110,Maidstone,2021Q4,258.0,250.0,train,0.03137512256775388
E07000110,Maidstone,2022Q1,255.0,258.0,train,-0.011650617219975068
E07000110,Maidstone,2022Q2,288.0,255.0,train,0.12124924363287004
E07000110,Maidstone,2022Q3,271.0,288.0,train,-0.060624621816434576
E07000110,Maidstone,2022Q4,293.0,271.0,train,0.07777770104268367
E07000110,Maidstone,2023Q1,307.0,293.0,train,0.04652001563489261
E07000110,Maidstone,2023Q2,354.0,307.0,train,0.14201800650184193
E07000110,Maidstone,2023Q3,635.0,354.0,train,0.5830807738647064
E07000110,Maidstone,2023Q4,384.0,635.0,train,-0.5019552290523377
E07000110,Maidstone,2024Q1,359.0,384.0,valid,-0.06713930283762881
E07000110,Maidstone,2024Q2,345.0,359.0,valid,-0.039665256392431125
E07000110,Maidstone,2024Q3,271.0,345.0,valid,-0.24063670876172694
E07000110,Maidstone,2024Q4,299.0,271.0,valid,0.09798040836020316
E07000110,Maidstone,2025Q1,312.0,299.0,test,0.04242071588395202
E07000110,Maidstone,2025Q2,243.0,312.0,test,-0.2490349652469508
E07000110,Maidstone,2025Q3,296.0,243.0,test,0.19656391350949765
E07000111,Sevenoaks,2019Q4,62.0,105.0,train,-0.5203043677205343
E07000111,Sevenoaks,2020Q1,70.0,62.0,train,0.11954515064978288
E07000111,Sevenoaks,2020Q2,115.0,70.0,train,0.49091031406504904
E07000111,Sevenoaks,2020Q3,111.0,115.0,train,-0.03509131981127034
E07000111,Sevenoaks,2020Q4,105.0,111.0,train,-0.055059777183027236
E07000111,Sevenoaks,2021Q1,72.0,105.0,train,-0.37297965296367597
E07000111,Sevenoaks,2021Q2,78.0,72.0,train,0.07898841131863055
E07000111,Sevenoaks,2021Q3,133.0,78.0,train,0.5283919474838896
E07000111,Sevenoaks,2021Q4,96.0,133.0,train,-0.3231288214475283
E07000111,Sevenoaks,2022Q1,106.0,96.0,train,0.09811785595852296
E07000111,Sevenoaks,2022Q2,88.0,106.0,train,-0.18419246472976614
E07000111,Sevenoaks,2022Q3,92.0,88.0,train,0.043963123421116634
E07000111,Sevenoaks,2022Q4,102.0,92.0,train,0.10212949507637958
E07000111,Sevenoaks,2023Q1,115.0,102.0,train,0.11886120287672863
E07000111,Sevenoaks,2023Q2,112.0,115.0,train,-0.026202372394023676
E07000111,Sevenoaks,2023Q3,273.0,112.0,train,0.8857402876757297
E07000111,Sevenoaks,2023Q4,102.0,273.0,train,-0.9783991181584346
E07000111,Sevenoaks,2024Q1,92.0,102.0,valid,-0.10212949507637958
E07000111,Sevenoaks,2024Q2,83.0,92.0,valid,-0.10178269430994291
E07000111,Sevenoaks,2024Q3,121.0,83.0,valid,0.3732042458899434
E07000111,Sevenoaks,2024Q4,71.0,121.0,valid,-0.5273549257172014
E07000111,Sevenoaks,2025Q1,94.0,71.0,test,0.27721077258448545
E07000111,Sevenoaks,2025Q2,152.0,94.0,test,0.4765610297918945
E07000111,Sevenoaks,2025Q3,134.0,152.0,test,-0.12516314295400566
E07000112,Folkestone and Hythe,2019Q4,122.0,138.0,train,-0.12228957775827443
E07000112,Folkestone and Hythe,2020Q1,153.0,122.0,train,0.22476824704121245
E07000112,Folkestone and Hythe,2020Q2,111.0,153.0,train,-0.31845373111853537
E07000112,Folkestone and Hythe,2020Q3,124.0,111.0,train,0.10981486600720736
E07000112,Folkestone and Hythe,2020Q4,90.0,124.0,train,-0.31745423078545176
E07000112,Folkestone and Hythe,2021Q1,100.0,90.0,train,0.10426101032440993
E07000112,Folkestone and Hythe,2021Q2,118.0,100.0,train,0.16400297627026994
E07000112,Folkestone and Hythe,2021Q3,99.0,118.0,train,-0.17395330712343782
E07000112,Folkestone and Hythe,2021Q4,55.0,99.0,train,-0.5798184952529422
E07000112,Folkestone and Hythe,2022Q1,123.0,55.0,train,0.7949298748698874
E07000112,Folkestone and Hythe,2022Q2,125.0,123.0,train,0.016000341346440905
E07000112,Folkestone and Hythe,2022Q3,122.0,125.0,train,-0.024097551579060905
E07000112,Folkestone and Hythe,2022Q4,150.0,122.0,train,0.20509548144250722
E07000112,Folkestone and Hythe,2023Q1,143.0,150.0,train,-0.04746653723892358
E07000112,Folkestone and Hythe,2023Q2,95.0,143.0,train,-0.4054651081081646
E07000112,Folkestone and Hythe,2023Q3,368.0,95.0,train,1.346448452572691
E07000112,Folkestone and Hythe,2023Q4,410.0,368.0,train,0.10779657045570712
E07000112,Folkestone and Hythe,2024Q1,139.0,410.0,valid,-1.0769507918869303
E07000112,Folkestone and Hythe,2024Q2,135.0,139.0,valid,-0.028987536873251507
E07000112,Folkestone and Hythe,2024Q3,154.0,135.0,valid,0.13077023118319442
E07000112,Folkestone and Hythe,2024Q4,151.0,154.0,valid,-0.01954459607297032
E07000112,Folkestone and Hythe,2025Q1,178.0,151.0,test,0.16350528499447847
E07000112,Folkestone and Hythe,2025Q2,179.0,178.0,test,0.005571045049455492
E07000112,Folkestone and Hythe,2025Q3,137.0,179.0,test,-0.26570316573300534
E07000113,Swale,2019Q4,190.0,200.0,train,-0.05103148001244584
E07000113,Swale,2020Q1,246.0,190.0,train,0.25711490858134756
E07000113,Swale,2020Q2,182.0,246.0,train,-0.2999021837865561
E07000113,Swale,2020Q3,207.0,182.0,train,0.12805192685989653
E07000113,Swale,2020Q4,196.0,207.0,train,-0.05433435096332939
E07000113,Swale,2021Q1,254.0,196.0,train,0.2580598164204373
E07000113,Swale,2021Q2,223.0,254.0,train,-0.12961749330338623
E07000113,Swale,2021Q3,236.0,223.0,train,0.05641408928009195
E07000113,Swale,2021Q4,240.0,236.0,train,0.016736792355523278
E07000113,Swale,2022Q1,267.0,240.0,train,0.10619004702020174
E07000113,Swale,2022Q2,211.0,267.0,train,-0.2344007058388442
E07000113,Swale,2022Q3,229.0,211.0,train,0.08149303425118326
E07000113,Swale,2022Q4,142.0,229.0,train,-0.4752346786632886
E07000113,Swale,2023Q1,222.0,142.0,train,0.4443271412002119
E07000113,Swale,2023Q2,145.0,222.0,train,-0.4235651497517825
E07000113,Swale,2023Q3,168.0,145.0,train,0.14629209321473713
E07000113,Swale,2023Q4,151.0,168.0,train,-0.10601819407679702
E07000113,Swale,2024Q1,178.0,151.0,valid,0.16350528499447847
E07000113,Swale,2024Q2,164.0,178.0,valid,-0.08144033194017464
E07000113,Swale,2024Q3,181.0,164.0,valid,0.09806121317621486
E07000113,Swale,2024Q4,115.0,181.0,valid,-0.45041649597043065
E07000113,Swale,2025Q1,150.0,115.0,test,0.2636896457085598
E07000113,Swale,2025Q2,151.0,150.0,test,0.006600684031352166
E07000113,Swale,2025Q3,162.0,151.0,test,0.06986967996048588
E07000114,Thanet,2019Q4,287.0,362.0,train,-0.23144235412890435
E07000114,Thanet,2020Q1,316.0,287.0,train,0.0959412937413342
E07000114,Thanet,2020Q2,269.0,316.0,train,-0.16047981487890528
E07000114,Thanet,2020Q3,322.0,269.0,train,0.1792303642242814
E07000114,Thanet,2020Q4,312.0,322.0,train,-0.03144913268250349
E07000114,Thanet,2021Q1,341.0,312.0,train,0.08860754652245184
E07000114,Thanet,2021Q2,259.0,341.0,train,-0.2741291060470772
E07000114,Thanet,2021Q3,249.0,259.0,train,-0.03922071315328157
E07000114,Thanet,2021Q4,290.0,249.0,train,0.1518623493092468
E07000114,Thanet,2022Q1,263.0,290.0,train,-0.09737416402517685
E07000114,Thanet,2022Q2,222.0,263.0,train,-0.16877733168619713
E07000114,Thanet,2022Q3,240.0,222.0,train,0.07762516203053593
E07000114,Thanet,2022Q4,204.0,240.0,train,-0.16178695435224633
E07000114,Thanet,2023Q1,194.0,204.0,train,-0.05001042057466165
E07000114,Thanet,2023Q2,204.0,194.0,train,0.05001042057466165
E07000114,Thanet,2023Q3,418.0,204.0,train,0.714860940783729
E07000114,Thanet,2023Q4,401.0,418.0,train,-0.0414188313031163
E07000114,Thanet,2024Q1,353.0,401.0,valid,-0.1271551754852469
E07000114,Thanet,2024Q2,295.0,353.0,valid,-0.17893745880971412
E07000114,Thanet,2024Q3,248.0,295.0,valid,-0.17290655785935272
E07000114,Thanet,2024Q4,231.0,248.0,valid,-0.07071552479839749
E07000114,Thanet,2025Q1,267.0,231.0,test,0.14424960884454663
E07000114,Thanet,2025Q2,234.0,267.0,test,-0.13140146636669758
E07000114,Thanet,2025Q3,217.0,234.0,test,-0.07509045135507009
E07000115,Tonbridge and Malling,2019Q4,64.0,66.0,train,-0.030305349495328926
E07000115,Tonbridge and Malling,2020Q1,84.0,64.0,train,0.26826398659467987
E07000115,Tonbridge and Malling,2020Q2,105.0,84.0,train,0.22078783762175025
E07000115,Tonbridge and Malling,2020Q3,76.0,105.0,train,-0.3196336722583828
E07000115,Tonbridge and Malling,2020Q4,60.0,76.0,train,-0.23293155768037277
E07000115,Tonbridge and Malling,2021Q1,66.0,60.0,train,0.09381875521765437
E07000115,Tonbridge and Malling,2021Q2,68.0,66.0,train,0.029413885206293955
E07000115,Tonbridge and Malling,2021Q3,59.0,68.0,train,-0.13976194237515926
E07000115,Tonbridge and Malling,2021Q4,77.0,59.0,train,0.2623642644674913
E07000115,Tonbridge and Malling,2022Q1,67.0,77.0,train,-0.13720112151348474
E07000115,Tonbridge and Malling,2022Q2,69.0,67.0,train,0.028987536873252395
E07000115,Tonbridge and Malling,2022Q3,68.0,69.0,train,-0.014388737452099676
E07000115,Tonbridge and Malling,2022Q4,82.0,68.0,train,0.18473410319933858
E07000115,Tonbridge and Malling,2023Q1,106.0,82.0,train,0.2539882266653075
E07000115,Tonbridge and Malling,2023Q2,128.0,106.0,train,0.18698356989976617
E07000115,Tonbridge and Malling,2023Q3,315.0,128.0,train,0.8959298092252403
E07000115,Tonbridge and Malling,2023Q4,385.0,315.0,train,0.2000951558779187
E07000115,Tonbridge and Malling,2024Q1,173.0,385.0,valid,-0.7967820702503019
E07000115,Tonbridge and Malling,2024Q2,166.0,173.0,valid,-0.04106148679777366
E07000115,Tonbridge and Malling,2024Q3,110.0,166.0,valid,-0.40846361110442153
E07000115,Tonbridge and Malling,2025Q2,116.0,186.0,test,-0.46893468205683053
E07000115,Tonbridge and Malling,2025Q3,93.0,116.0,test,-0.21887915252775247
E07000116,Tunbridge Wells,2019Q4,149.0,141.0,train,0.05480823649499467
E07000116,Tunbridge Wells,2020Q1,185.0,149.0,train,0.21511137961694615
E07000116,Tunbridge Wells,2020Q2,122.0,185.0,train,-0.4135623183407846
E07000116,Tunbridge Wells,2021Q1,149.0,151.0,train,-0.013245226750020933
E07000116,Tunbridge Wells,2021Q2,121.0,149.0,train,-0.20661424936299877
E07000116,Tunbridge Wells,2021Q3,122.0,121.0,train,0.008163310639160315
E07000116,Tunbridge Wells,2021Q4,97.0,122.0,train,-0.22721687670184476
E07000116,Tunbridge Wells,2022Q1,118.0,97.0,train,0.19415601444095731
E07000116,Tunbridge Wells,2022Q2,113.0,118.0,train,-0.042925044717033956
E07000116,Tunbridge Wells,2022Q3,122.0,113.0,train,0.0759859069779214
E07000116,Tunbridge Wells,2022Q4,88.0,122.0,train,-0.3235479856402774
E07000116,Tunbridge Wells,2023Q1,112.0,88.0,train,0.23875144898020118
E07000116,Tunbridge Wells,2023Q2,124.0,112.0,train,0.1009259185899607
E07000116,Tunbridge Wells,2023Q3,238.0,124.0,train,0.6481498146292095
E07000116,Tunbridge Wells,2023Q4,297.0,238.0,train,0.22062993457389357
E07000116,Tunbridge Wells,2024Q1,152.0,297.0,valid,-0.6666555651129693
E07000116,Tunbridge Wells,2024Q2,113.0,152.0,valid,-0.2942394729979396
E07000116,Tunbridge Wells,2024Q3,185.0,113.0,valid,0.489548225318706
E07000116,Tunbridge Wells,2024Q4,116.0,185.0,valid,-0.46357273891544537
E07000116,Tunbridge Wells,2025Q1,131.0,116.0,test,0.12062798778861428
E07000116,Tunbridge Wells,2025Q2,116.0,131.0,test,-0.12062798778861428
E07000116,Tunbridge Wells,2025Q3,118.0,116.0,test,0.016949558313773316
E07000117,Burnley,2019Q4,157.0,143.0,train,0.09278173345096619
E07000117,Burnley,2020Q1,150.0,157.0,train,-0.04531519621204261
E07000117,Burnley,2020Q2,103.0,150.0,train,-0.3728889376735518
E07000117,Burnley,2020Q3,134.0,103.0,train,0.26088387929705714
E07000117,Burnley,2020Q4,142.0,134.0,train,0.057569851821477336
E07000117,Burnley,2021Q1,137.0,142.0,train,-0.03559094510270189
E07000117,Burnley,2021Q2,140.0,137.0,train,0.02150620522096336
E07000117,Burnley,2021Q3,127.0,140.0,train,-0.09672962645855154
E07000117,Burnley,2021Q4,159.0,127.0,train,0.2231435513142097
E07000117,Burnley,2022Q1,176.0,159.0,train,0.10097591734000222
E07000117,Burnley,2022Q2,161.0,176.0,train,-0.08855339734144518
E07000117,Burnley,2022Q3,192.0,161.0,train,0.17509385367250196
E07000117,Burnley,2022Q4,134.0,192.0,train,-0.357415410466456
E07000117,Burnley,2023Q1,142.0,134.0,train,0.057569851821477336
E07000117,Burnley,2023Q2,167.0,142.0,train,0.1611193491433518
E07000117,Burnley,2023Q3,219.0,167.0,train,0.2696635669491032
E07000117,Burnley,2023Q4,179.0,219.0,train,-0.20067069546215155
E07000117,Burnley,2024Q1,208.0,179.0,valid,0.1493774010746005
E07000117,Burnley,2024Q2,193.0,208.0,valid,-0.07447609290148272
E07000117,Burnley,2024Q3,160.0,193.0,valid,-0.1864537940788651
E07000117,Burnley,2024Q4,162.0,160.0,valid,0.0123458358222992
E07000117,Burnley,2025Q1,175.0,162.0,test,0.07673379423138904
E07000117,Burnley,2025Q2,150.0,175.0,test,-0.15320415822322708
E07000117,Burnley,2025Q3,162.0,150.0,test,0.07647036399183804
E07000118,Chorley,2019Q4,209.0,199.0,train,0.04879016416943216
E07000118,Chorley,2020Q1,235.0,209.0,train,0.11672427430814203
E07000118,Chorley,2020Q2,227.0,235.0,train,-0.03448617607116944
E07000118,Chorley,2020Q3,220.0,227.0,train,-0.0311829274366886
E07000118,Chorley,2020Q4,167.0,220.0,train,-0.2741987221144937
E07000118,Chorley,2021Q1,207.0,167.0,train,0.21357410029805912
E07000118,Chorley,2021Q2,143.0,207.0,train,-0.3677247801253172
E07000118,Chorley,2021Q3,107.0,143.0,train,-0.2876820724517808
E07000118,Chorley,2021Q4,131.0,107.0,train,0.20067069546215066
E07000118,Chorley,2022Q1,122.0,131.0,train,-0.07061756721395351
E07000118,Chorley,2022Q2,124.0,122.0,train,0.016129381929884445
E07000118,Chorley,2022Q3,151.0,124.0,train,0.19556678354397494
E07000118,Chorley,2022Q4,112.0,151.0,train,-0.29649270213393564
E07000118,Chorley,2023Q1,146.0,112.0,train,0.2630447680663952
E07000118,Chorley,2023Q2,108.0,146.0,train,-0.2990847045495926
E07000118,Chorley,2023Q3,115.0,108.0,train,0.06224230887722104
E07000118,Chorley,2023Q4,112.0,115.0,train,-0.026202372394023676
E07000118,Chorley,2024Q1,142.0,112.0,valid,0.23545681154756615
E07000118,Chorley,2024Q2,137.0,142.0,valid,-0.03559094510270189
E07000118,Chorley,2024Q3,140.0,137.0,valid,0.02150620522096336
E07000118,Chorley,2024Q4,120.0,140.0,valid,-0.1529693447814271
E07000118,Chorley,2025Q1,178.0,120.0,test,0.3915952602440136
E07000118,Chorley,2025Q2,132.0,178.0,test,-0.2970366776190012
E07000118,Chorley,2025Q3,135.0,132.0,test,0.02230575751429864
E07000119,Fylde,2019Q4,47.0,56.0,train,-0.17185025692665912
E07000119,Fylde,2020Q1,85.0,47.0,train,0.5831462853456162
E07000119,Fylde,2020Q2,37.0,85.0,train,-0.8167611365271217
E07000119,Fylde,2020Q3,37.0,37.0,train,0.0
E07000119,Fylde,2020Q4,48.0,37.0,train,0.2542341383842408
E07000119,Fylde,2021Q1,41.0,48.0,train,-0.15415067982725805
E07000119,Fylde,2021Q2,60.0,41.0,train,0.37320424588994294
E07000119,Fylde,2021Q3,64.0,60.0,train,0.06351340572232544
E07000119,Fylde,2021Q4,78.0,64.0,train,0.1950605825713847
E07000119,Fylde,2022Q1,67.0,78.0,train,-0.14994014729091454
E07000119,Fylde,2022Q2,79.0,67.0,train,0.16251892949777424
E07000119,Fylde,2022Q3,72.0,79.0,train,-0.09156719352549025
E07000119,Fylde,2022Q4,68.0,72.0,train,-0.05635293655113127
E07000119,Fylde,2023Q1,73.0,68.0,train,0.06995858860691051
E07000119,Fylde,2023Q2,57.0,73.0,train,-0.2436220826577511
E07000119,Fylde,2023Q3,85.0,57.0,train,0.39390428570708824
E07000119,Fylde,2023Q4,78.0,85.0,train,-0.08489944378648584
E07000119,Fylde,2024Q1,83.0,78.0,valid,0.061368946376291866
E07000119,Fylde,2024Q2,80.0,83.0,valid,-0.036367644170874236
E07000119,Fylde,2024Q3,79.0,80.0,valid,-0.012422519998557924
E07000119,Fylde,2024Q4,73.0,79.0,valid,-0.07796154146971102
E07000119,Fylde,2025Q1,70.0,73.0,test,-0.04138521616285473
E07000119,Fylde,2025Q2,68.0,70.0,test,-0.028573372444055778
E07000119,Fylde,2025Q3,78.0,68.0,test,0.13534134786976182
E07000120,Hyndburn,2019Q4,48.0,61.0,train,-0.2353140869344652
E07000120,Hyndburn,2020Q1,75.0,48.0,train,0.4389130421757046
E07000120,Hyndburn,2020Q2,54.0,75.0,train,-0.3234001550538599
E07000120,Hyndburn,2020Q3,45.0,54.0,train,-0.1786917887433761
E07000120,Hyndburn,2020Q4,43.0,45.0,train,-0.04445176257083405
E07000120,Hyndburn,2021Q1,48.0,43.0,train,0.10763066419236544
E07000120,Hyndburn,2021Q2,30.0,48.0,train,-0.4578330936254802
E07000120,Hyndburn,2021Q3,36.0,30.0,train,0.17693070815907808
E07000120,Hyndburn,2021Q4,51.0,36.0,train,0.3403258059372032
E07000120,Hyndburn,2022Q1,83.0,51.0,train,0.47957308026188583
E07000120,Hyndburn,2022Q2,60.0,83.0,train,-0.319942934670002
E07000120,Hyndburn,2022Q3,76.0,60.0,train,0.23293155768037277
E07000120,Hyndburn,2022Q4,71.0,76.0,train,-0.06713930283762881
E07000120,Hyndburn,2023Q1,63.0,71.0,train,-0.11778303565638382
E07000120,Hyndburn,2023Q2,91.0,63.0,train,0.362905493689369
E07000120,Hyndburn,2023Q3,99.0,91.0,train,0.08338160893905133
E07000120,Hyndburn,2023Q4,105.0,99.0,train,0.058268908123975116
E07000120,Hyndburn,2024Q1,121.0,105.0,valid,0.14058195062118983
E07000120,Hyndburn,2024Q2,99.0,121.0,valid,-0.19885085874516495
E07000120,Hyndburn,2024Q3,94.0,99.0,valid,-0.051293294387551036
E07000120,Hyndburn,2024Q4,82.0,94.0,valid,-0.1350362838039425
E07000120,Hyndburn,2025Q1,133.0,82.0,test,0.47899919215431286
E07000120,Hyndburn,2025Q2,94.0,133.0,test,-0.34396290835037036
E07000120,Hyndburn,2025Q3,110.0,94.0,test,0.15565330971179314
E07000121,Lancaster,2021Q1,160.0,72.0,train,0.7909449238360722
E07000121,Lancaster,2021Q2,178.0,160.0,train,0.1059814408562918
E07000121,Lancaster,2021Q3,307.0,178.0,train,0.5427139771328191
E07000121,Lancaster,2021Q4,247.0,307.0,train,-0.21667103680859157
E07000121,Lancaster,2022Q1,250.0,247.0,train,0.012024192966801017
E07000121,Lancaster,2022Q2,246.0,250.0,train,-0.016064602503806036
E07000121,Lancaster,2023Q1,214.0,178.0,train,0.18325222228690752
E07000121,Lancaster,2023Q2,255.0,214.0,train,0.17453941635189985
E07000121,Lancaster,2023Q3,261.0,255.0,train,0.023167059281534286
E07000121,Lancaster,2023Q4,170.0,261.0,train,-0.4266809472584363
E07000121,Lancaster,2024Q1,252.0,170.0,valid,0.3917259322248601
E07000121,Lancaster,2024Q2,213.0,252.0,valid,-0.16741347370566917
E07000121,Lancaster,2024Q3,216.0,213.0,valid,0.01392133851860855
E07000121,Lancaster,2024Q4,156.0,216.0,valid,-0.323651548192152
E07000121,Lancaster,2025Q1,168.0,156.0,test,0.07365290957476578
E07000121,Lancaster,2025Q2,138.0,168.0,test,-0.19542478179238199
E07000121,Lancaster,2025Q3,129.0,138.0,test,-0.0669394826751093
E07000122,Pendle,2019Q4,156.0,131.0,train,0.17344388276193712
E07000122,Pendle,2020Q1,140.0,156.0,train,-0.10748591497013926
E07000122,Pendle,2020Q2,139.0,140.0,train,-0.0071174677688645716
E07000122,Pendle,2020Q3,131.0,139.0,train,-0.058840500022933284
E07000122,Pendle,2020Q4,139.0,131.0,train,0.058840500022933284
E07000122,Pendle,2021Q1,194.0,139.0,train,0.33135713595444294
E07000122,Pendle,2021Q2,147.0,194.0,train,-0.2757872847996321
E07000122,Pendle,2021Q3,171.0,147.0,train,0.15028220304933804
E07000122,Pendle,2021Q4,123.0,171.0,train,-0.32721291120841567
E07000122,Pendle,2022Q1,158.0,123.0,train,0.24862263661519446
E07000122,Pendle,2022Q2,180.0,158.0,train,0.12959282904559455
E07000122,Pendle,2022Q3,165.0,180.0,train,-0.08650924290928241
E07000122,Pendle,2022Q4,152.0,165.0,train,-0.08154986696410838
E07000122,Pendle,2023Q1,202.0,152.0,train,0.28276805764935187
E07000122,Pendle,2023Q2,173.0,202.0,train,-0.15415067982725805
E07000122,Pendle,2023Q3,122.0,173.0,train,-0.34687094384211203
E07000122,Pendle,2023Q4,200.0,122.0,train,0.49112055268665866
E07000122,Pendle,2024Q1,310.0,200.0,valid,0.4364880041201582
E07000122,Pendle,2024Q2,307.0,310.0,valid,-0.0096931292056599
E07000122,Pendle,2024Q3,247.0,307.0,valid,-0.21667103680859157
E07000122,Pendle,2024Q4,211.0,247.0,valid,-0.15684247149297015
E07000122,Pendle,2025Q1,234.0,211.0,test,0.10299923947214662
E07000122,Pendle,2025Q2,229.0,234.0,test,-0.02150620522096336
E07000122,Pendle,2025Q3,259.0,229.0,test,0.12260232209233202
E07000123,Preston,2019Q4,278.0,282.0,train,-0.014235115821872313
E07000123,Preston,2020Q1,363.0,278.0,train,0.26594208581537515
E07000123,Preston,2020Q2,33.0,363.0,train,-2.370793343020579
E07000123,Preston,2020Q3,237.0,33.0,train,1.9459101490553135
E07000123,Preston,2020Q4,219.0,237.0,train,-0.07864312731911305
E07000123,Preston,2021Q1,259.0,219.0,train,0.16705408466316563
E07000123,Preston,2021Q2,242.0,259.0,train,-0.06762018767497935
E07000123,Preston,2021Q3,274.0,242.0,train,0.12370965432602343
E07000123,Preston,2021Q4,200.0,274.0,train,-0.31346618960749595
E07000123,Preston,2022Q3,170.0,147.0,train,0.14445128273854557
E07000123,Preston,2023Q2,205.0,151.0,train,0.3039956479433048
E07000123,Preston,2023Q3,250.0,205.0,train,0.19757677034220222
E07000123,Preston,2023Q4,258.0,250.0,train,0.03137512256775388
E07000123,Preston,2024Q1,310.0,258.0,valid,0.18296485047969657
E07000123,Preston,2024Q2,282.0,310.0,valid,-0.09434601453599623
E07000123,Preston,2024Q3,278.0,282.0,valid,-0.014235115821872313
E07000123,Preston,2024Q4,262.0,278.0,valid,-0.059057749643600665
E07000123,Preston,2025Q1,351.0,262.0,test,0.29147714342033204
E07000123,Preston,2025Q2,238.0,351.0,test,-0.38716762366658575
E07000123,Preston,2025Q3,212.0,238.0,test,-0.11517138622208556
E07000124,Ribble Valley,2019Q4,10.0,20.0,train,-0.6466271649250523
E07000124,Ribble Valley,2020Q1,29.0,10.0,train,1.0033021088637848
E07000124,Ribble Valley,2020Q2,23.0,29.0,train,-0.2231435513142097
E07000124,Ribble Valley,2020Q3,11.0,23.0,train,-0.6931471805599454
E07000124,Ribble Valley,2020Q4,11.0,11.0,train,0.0
E07000124,Ribble Valley,2021Q1,13.0,11.0,train,0.15415067982725805
E07000124,Ribble Valley,2021Q2,14.0,13.0,train,0.06899287148695166
E07000124,Ribble Valley,2021Q3,23.0,14.0,train,0.4700036292457357
E07000124,Ribble Valley,2021Q4,19.0,23.0,train,-0.1823215567939549
E07000124,Ribble Valley,2022Q1,15.0,19.0,train,-0.2231435513142097
E07000124,Ribble Valley,2022Q2,25.0,15.0,train,0.485507815781701
E07000124,Ribble Valley,2022Q3,16.0,25.0,train,-0.42488319396526597
E07000124,Ribble Valley,2022Q4,11.0,16.0,train,-0.3483066942682158
E07000124,Ribble Valley,2023Q1,24.0,11.0,train,0.7339691750802002
E07000124,Ribble Valley,2023Q2,25.0,24.0,train,0.03922071315328157
E07000124,Ribble Valley,2023Q3,19.0,25.0,train,-0.2623642644674913
E07000124,Ribble Valley,2024Q2,17.0,26.0,valid,-0.4054651081081646
E07000124,Ribble Valley,2024Q3,20.0,17.0,valid,0.1541506798272585
E07000124,Ribble Valley,2024Q4,17.0,20.0,valid,-0.1541506798272585
E07000124,Ribble Valley,2025Q1,23.0,17.0,test,0.28768207245178123
E07000124,Ribble Valley,2025Q2,23.0,23.0,test,0.0
E07000124,Ribble Valley,2025Q3,25.0,23.0,test,0.08004270767353638
E07000125,Rossendale,2019Q4,97.0,124.0,train,-0.2433462586317292
E07000125,Rossendale,2020Q1,120.0,97.0,train,0.21082306692616903
E07000125,Rossendale,2020Q2,71.0,120.0,train,-0.519124426580686
E07000125,Rossendale,2020Q3,82.0,71.0,train,0.14217448878054295
E07000125,Rossendale,2020Q4,72.0,82.0,train,-0.1283811666482073
E07000125,Rossendale,2021Q1,130.0,72.0,train,0.5847378820527602
E07000125,Rossendale,2021Q2,73.0,130.0,train,-0.571132229996981
E07000125,Rossendale,2021Q3,89.0,73.0,train,0.19574457712609483
E07000125,Rossendale,2021Q4,123.0,89.0,train,0.32047189527477205
E07000125,Rossendale,2022Q1,135.0,123.0,train,0.09237332013101529
E07000125,Rossendale,2022Q2,178.0,135.0,train,0.27473092010470257
E07000125,Rossendale,2022Q3,113.0,178.0,train,-0.45118735744625926
E07000125,Rossendale,2022Q4,76.0,113.0,train,-0.39239302654081154
E07000125,Rossendale,2023Q1,178.0,76.0,train,0.8435803839870708
E07000125,Rossendale,2023Q2,118.0,178.0,train,-0.4082623127292253
E07000125,Rossendale,2023Q3,128.0,118.0,train,0.08068891125014233
E07000125,Rossendale,2023Q4,188.0,128.0,train,0.38193461069797063
E07000125,Rossendale,2024Q1,255.0,188.0,valid,0.3034304294199197
E07000125,Rossendale,2024Q2,172.0,255.0,valid,-0.391885849981783
E07000125,Rossendale,2024Q3,166.0,172.0,valid,-0.035297782081023854
E07000125,Rossendale,2024Q4,177.0,166.0,valid,0.0637897378753296
E07000125,Rossendale,2025Q1,226.0,177.0,test,0.2431664671893179
E07000125,Rossendale,2025Q2,181.0,226.0,test,-0.22094333040460779
E07000125,Rossendale,2025Q3,213.0,181.0,test,0.16196932794505603
E07000126,South Ribble,2019Q4,149.0,174.0,train,-0.15415067982725894
E07000126,South Ribble,2020Q1,176.0,149.0,train,0.1655144384775733
E07000126,South Ribble,2020Q2,135.0,176.0,train,-0.26349484683777646
E07000126,South Ribble,2020Q3,166.0,135.0,train,0.20533892668070308
E07000126,South Ribble,2020Q4,160.0,166.0,train,-0.03658944743229231
E07000126,South Ribble,2021Q1,149.0,160.0,train,-0.07076907088820761
E07000126,South Ribble,2021Q2,157.0,149.0,train,0.051959738930711374
E07000126,South Ribble,2021Q3,152.0,157.0,train,-0.03215711163453161
E07000126,South Ribble,2021Q4,123.0,152.0,train,-0.21015635578739822
E07000126,South Ribble,2022Q1,124.0,123.0,train,0.008032171697264445
E07000126,South Ribble,2022Q2,141.0,124.0,train,0.12751332029895934
E07000126,South Ribble,2022Q3,140.0,141.0,train,-0.007067167223092419
E07000126,South Ribble,2022Q4,87.0,140.0,train,-0.4714230758999616
E07000126,South Ribble,2023Q1,171.0,87.0,train,0.6701576623352459
E07000126,South Ribble,2023Q2,138.0,171.0,train,-0.21302054368276124
E07000126,South Ribble,2023Q3,136.0,138.0,train,-0.014493007302566419
E07000126,South Ribble,2023Q4,128.0,136.0,train,-0.06016852146645313
E07000126,South Ribble,2024Q1,146.0,128.0,valid,0.13062018241706408
E07000126,South Ribble,2024Q2,155.0,146.0,valid,0.05942342047080107
E07000126,South Ribble,2024Q3,140.0,155.0,valid,-0.10109611687136866
E07000126,South Ribble,2024Q4,147.0,140.0,valid,0.04845238338594626
E07000126,South Ribble,2025Q1,190.0,147.0,test,0.2550611542825152
E07000126,South Ribble,2025Q2,203.0,190.0,test,0.06584656579758619
E07000126,South Ribble,2025Q3,189.0,203.0,test,-0.07109592168372991
E07000127,West Lancashire,2019Q4,36.0,42.0,train,-0.15028220304933804
E07000127,West Lancashire,2020Q1,39.0,36.0,train,0.0779615414697119
E07000127,West Lancashire,2020Q2,33.0,39.0,train,-0.1625189294977747
E07000127,West Lancashire,2020Q3,37.0,33.0,train,0.1112256351102241
E07000127,West Lancashire,2020Q4,31.0,37.0,train,-0.17185025692665912
E07000127,West Lancashire,2021Q1,39.0,31.0,train,0.2231435513142097
E07000127,West Lancashire,2021Q2,42.0,39.0,train,0.07232066157962613
E07000127,West Lancashire,2021Q3,33.0,42.0,train,-0.23483959107740082
E07000127,West Lancashire,2021Q4,40.0,33.0,train,0.1872115420881464
E07000127,West Lancashire,2022Q1,48.0,40.0,train,0.1782482314063185
E07000127,West Lancashire,2022Q2,48.0,48.0,train,0.0
E07000127,West Lancashire,2022Q3,60.0,48.0,train,0.2190535660626849
E07000127,West Lancashire,2022Q4,74.0,60.0,train,0.20661424936299877
E07000127,West Lancashire,2023Q1,63.0,74.0,train,-0.15860503017663863
E07000127,West Lancashire,2023Q2,81.0,63.0,train,0.24783616390458185
E07000127,West Lancashire,2023Q3,66.0,81.0,train,-0.20202662787328762
E07000127,West Lancashire,2023Q4,64.0,66.0,train,-0.030305349495328926
E07000127,West Lancashire,2024Q1,97.0,64.0,valid,0.4105802087749355
E07000127,West Lancashire,2024Q2,80.0,97.0,valid,-0.19051832399813318
E07000127,West Lancashire,2024Q3,84.0,80.0,valid,0.04820210181787754
E07000127,West Lancashire,2024Q4,71.0,84.0,valid,-0.16598513747426136
E07000127,West Lancashire,2025Q1,108.0,71.0,test,0.41468176321308814
E07000127,West Lancashire,2025Q2,55.0,108.0,test,-0.6659961914939938
E07000127,West Lancashire,2025Q3,50.0,55.0,test,-0.09352605801082392
E07000128,Wyre,2019Q4,113.0,113.0,train,0.0
E07000128,Wyre,2020Q1,141.0,113.0,train,0.2196286092067652
E07000128,Wyre,2020Q2,95.0,141.0,train,-0.39147886613342475
E07000128,Wyre,2020Q3,180.0,95.0,train,0.63414883979799
E07000128,Wyre,2020Q4,97.0,180.0,train,-0.6135295525952538
E07000128,Wyre,2021Q1,142.0,97.0,train,0.37787715158933466
E07000128,Wyre,2021Q2,97.0,142.0,train,-0.37787715158933466
E07000128,Wyre,2021Q3,102.0,97.0,train,0.049761509559063555
E07000128,Wyre,2021Q4,119.0,102.0,train,0.15276275455240995
E07000128,Wyre,2022Q1,130.0,119.0,train,0.08770558041910537
E07000128,Wyre,2022Q2,130.0,130.0,train,0.0
E07000128,Wyre,2022Q3,98.0,130.0,train,-0.2800774730665614
E07000128,Wyre,2022Q4,86.0,98.0,train,-0.1292117314800061
E07000128,Wyre,2023Q1,134.0,86.0,train,0.4393666597838459
E07000128,Wyre,2023Q2,118.0,134.0,train,-0.1261512853269
E07000128,Wyre,2023Q3,111.0,118.0,train,-0.060624621816435464
E07000128,Wyre,2023Q4,113.0,111.0,train,0.01769957709940151
E07000128,Wyre,2024Q1,131.0,113.0,valid,0.14660347419187492
E07000128,Wyre,2024Q2,116.0,131.0,valid,-0.12062798778861428
E07000128,Wyre,2024Q3,104.0,116.0,valid,-0.10821358464023323
E07000128,Wyre,2024Q4,102.0,104.0,valid,-0.019231361927887214
E07000128,Wyre,2025Q1,90.0,102.0,test,-0.12386948171278611
E07000128,Wyre,2025Q2,100.0,90.0,test,0.10426101032440993
E07000128,Wyre,2025Q3,107.0,100.0,test,0.06701071028296024
E07000129,Blaby,2019Q4,90.0,91.0,train,-0.010929070532190721
E07000129,Blaby,2020Q1,159.0,90.0,train,0.5643143087169769
E07000129,Blaby,2020Q2,98.0,159.0,train,-0.4800539650992368
E07000129,Blaby,2020Q3,105.0,98.0,train,0.06831924397747713
E07000129,Blaby,2020Q4,61.0,105.0,train,-0.5363047090669752
E07000129,Blaby,2021Q1,95.0,61.0,train,0.43721380642274443
E07000129,Blaby,2021Q2,83.0,95.0,train,-0.13353139262452274
E07000129,Blaby,2021Q3,101.0,83.0,train,0.19415601444095731
E07000129,Blaby,2021Q4,84.0,101.0,train,-0.182321556793954
E07000129,Blaby,2022Q1,103.0,84.0,train,0.20173964265105582
E07000129,Blaby,2022Q2,99.0,103.0,train,-0.039220713153280684
E07000129,Blaby,2022Q3,128.0,99.0,train,0.25464221837358014
E07000129,Blaby,2022Q4,89.0,128.0,train,-0.3600027340314069
E07000129,Blaby,2023Q1,125.0,89.0,train,0.33647223662121295
E07000129,Blaby,2023Q4,105.0,106.0,train,-0.00938974034983886
E07000129,Blaby,2024Q1,147.0,105.0,valid,0.3337731796520478
E07000129,Blaby,2024Q2,103.0,147.0,valid,-0.3528213746227422
E07000129,Blaby,2024Q3,126.0,103.0,valid,0.1997961873172187
E07000129,Blaby,2024Q4,146.0,126.0,valid,0.14624550032014483
E07000129,Blaby,2025Q1,146.0,146.0,test,0.0
E07000129,Blaby,2025Q2,133.0,146.0,test,-0.0925927868278249
E07000129,Blaby,2025Q3,105.0,133.0,test,-0.2344007058388442
E07000130,Charnwood,2019Q4,83.0,113.0,train,-0.3053816495511823
E07000130,Charnwood,2020Q1,120.0,83.0,train,0.364973746753428
E07000130,Charnwood,2021Q1,117.0,64.0,train,0.5962973545700283
E07000130,Charnwood,2021Q2,115.0,117.0,train,-0.01709443335930061
E07000130,Charnwood,2023Q2,81.0,118.0,train,-0.37240424584727627
E07000130,Charnwood,2023Q3,93.0,81.0,train,0.13657553500575048
E07000130,Charnwood,2023Q4,73.0,93.0,train,-0.23922968906583364
E07000130,Charnwood,2024Q1,83.0,73.0,valid,0.12675170563914318
E07000130,Charnwood,2024Q2,126.0,83.0,valid,0.41337028761527783
E07000130,Charnwood,2024Q3,165.0,126.0,valid,0.26780070189795246
E07000130,Charnwood,2024Q4,140.0,165.0,valid,-0.16322789797837522
E07000130,Charnwood,2025Q1,194.0,140.0,test,0.32423966818557837
E07000130,Charnwood,2025Q2,179.0,194.0,test,-0.08004270767353638
E07000130,Charnwood,2025Q3,219.0,179.0,test,0.20067069546215155
E07000131,Harborough,2019Q4,37.0,52.0,train,-0.3327057538257363
E07000131,Harborough,2020Q1,59.0,37.0,train,0.45675840249571475
E07000131,Harborough,2020Q2,55.0,59.0,train,-0.06899287148695077
E07000131,Harborough,2020Q3,61.0,55.0,train,0.10178269430994202
E07000131,Harborough,2020Q4,41.0,61.0,train,-0.38946476676172326
E07000131,Harborough,2021Q1,53.0,41.0,train,0.2513144282809061
E07000131,Harborough,2021Q2,56.0,53.0,train,0.054067221270275745
E07000131,Harborough,2021Q3,64.0,56.0,train,0.13133600206108653
E07000131,Harborough,2021Q4,56.0,64.0,train,-0.13133600206108653
E07000131,Harborough,2022Q1,45.0,56.0,train,-0.2144098713454552
E07000131,Harborough,2022Q2,54.0,45.0,train,0.1786917887433761
E07000131,Harborough,2022Q3,55.0,54.0,train,0.018018505502678472
E07000131,Harborough,2022Q4,73.0,55.0,train,0.27871340246902054
E07000131,Harborough,2023Q1,78.0,73.0,train,0.06538275926285131
E07000131,Harborough,2023Q2,89.0,78.0,train,0.13036181786324352
E07000131,Harborough,2023Q3,82.0,89.0,train,-0.08096906253366676
E07000131,Harborough,2023Q4,86.0,82.0,train,0.04706751085798544
E07000131,Harborough,2024Q1,111.0,86.0,valid,0.25259075264051045
E07000131,Harborough,2024Q2,91.0,111.0,valid,-0.19671029424605369
E07000131,Harborough,2024Q3,104.0,91.0,valid,0.1321717731084826
E07000131,Harborough,2024Q4,80.0,104.0,valid,-0.25951119548508395
E07000131,Harborough,2025Q1,71.0,80.0,test,-0.11778303565638382
E07000131,Harborough,2025Q2,67.0,71.0,test,-0.05715841383994835
E07000131,Harborough,2025Q3,89.0,67.0,test,0.28030196515415806
E07000132,Hinckley and Bosworth,2019Q4,112.0,166.0,train,-0.3906059937044146
E07000132,Hinckley and Bosworth,2020Q1,147.0,112.0,train,0.2698244550517739
E07000132,Hinckley and Bosworth,2020Q2,80.0,147.0,train,-0.6027631190916756
E07000132,Hinckley and Bosworth,2020Q3,103.0,80.0,train,0.24994174446893336
E07000132,Hinckley and Bosworth,2020Q4,79.0,103.0,train,-0.2623642644674913
E07000132,Hinckley and Bosworth,2021Q1,119.0,79.0,train,0.4054651081081646
E07000132,Hinckley and Bosworth,2021Q2,100.0,119.0,train,-0.17237122594078613
E07000132,Hinckley and Bosworth,2021Q3,54.0,100.0,train,-0.6077873316087885
E07000132,Hinckley and Bosworth,2021Q4,88.0,54.0,train,0.48130318449966847
E07000132,Hinckley and Bosworth,2022Q1,101.0,88.0,train,0.13633644355213104
E07000132,Hinckley and Bosworth,2022Q2,116.0,101.0,train,0.13720112151348562
E07000132,Hinckley and Bosworth,2022Q3,134.0,116.0,train,0.14310084364067333
E07000132,Hinckley and Bosworth,2022Q4,110.0,134.0,train,-0.19574457712609572
E07000132,Hinckley and Bosworth,2023Q1,144.0,110.0,train,0.2672035411082403
E07000132,Hinckley and Bosworth,2023Q2,124.0,144.0,train,-0.1484200051182727
E07000132,Hinckley and Bosworth,2023Q3,147.0,124.0,train,0.1688985364618132
E07000132,Hinckley and Bosworth,2023Q4,158.0,147.0,train,0.07169192845611683
E07000132,Hinckley and Bosworth,2024Q1,150.0,158.0,valid,-0.05162436540530724
E07000132,Hinckley and Bosworth,2024Q2,136.0,150.0,valid,-0.09729891098679921
E07000132,Hinckley and Bosworth,2024Q3,171.0,136.0,valid,0.22751355098532766
E07000132,Hinckley and Bosworth,2024Q4,152.0,171.0,valid,-0.11705655542101745
E07000132,Hinckley and Bosworth,2025Q1,158.0,152.0,test,0.03846628082779624
E07000132,Hinckley and Bosworth,2025Q2,149.0,158.0,test,-0.058268908123976004
E07000132,Hinckley and Bosworth,2025Q3,164.0,149.0,test,0.09531017980432477
E07000133,Melton,2019Q4,53.0,82.0,train,-0.42985656123232374
E07000133,Melton,2020Q1,99.0,53.0,train,0.6161861394238173
E07000133,Melton,2020Q2,0.0,99.0,train,-4.605170185988092
E07000133,Melton,2020Q3,78.0,0.0,train,4.3694478524670215
E07000133,Melton,2020Q4,54.0,78.0,train,-0.3621146672345503
E07000133,Melton,2021Q1,50.0,54.0,train,-0.07550755250814545
E07000133,Melton,2021Q2,40.0,50.0,train,-0.21825356602001778
E07000133,Melton,2022Q2,42.0,66.0,train,-0.44349250369740334
E07000133,Melton,2022Q3,90.0,42.0,train,0.7496593908232874
E07000133,Melton,2022Q4,97.0,90.0,train,0.07410797215372256
E07000133,Melton,2023Q1,125.0,97.0,train,0.25131442828090567
E07000133,Melton,2023Q2,71.0,125.0,train,-0.5596157879354227
E07000133,Melton,2023Q3,92.0,71.0,train,0.25593337413720096
E07000133,Melton,2023Q4,75.0,92.0,train,-0.20186615286692522
E07000133,Melton,2024Q1,103.0,75.0,valid,0.31365755885504143
E07000133,Melton,2024Q2,71.0,103.0,valid,-0.3677247801253172
E07000133,Melton,2024Q3,99.0,71.0,valid,0.3285040669720365
E07000133,Melton,2024Q4,79.0,99.0,valid,-0.2231435513142106
E07000133,Melton,2025Q1,87.0,79.0,test,0.09531017980432566
E07000133,Melton,2025Q2,47.0,87.0,test,-0.6061358035703157
E07000133,Melton,2025Q3,70.0,47.0,test,0.3914788661334243
E07000134,North West Leicestershire,2019Q4,89.0,85.0,train,0.04546237407675768
E07000134,North West Leicestershire,2020Q1,98.0,89.0,train,0.09531017980432477
E07000134,North West Leicestershire,2020Q2,84.0,98.0,train,-0.15246859364427312
E07000134,North West Leicestershire,2020Q3,86.0,84.0,train,0.023256862164267034
E07000134,North West Leicestershire,2020Q4,73.0,86.0,train,-0.1618430254504135
E07000134,North West Leicestershire,2021Q1,81.0,73.0,train,0.10265415406008316
E07000134,North West Leicestershire,2021Q2,58.0,81.0,train,-0.32918180335853364
E07000134,North West Leicestershire,2021Q3,104.0,58.0,train,0.5764229062518034
E07000134,North West Leicestershire,2021Q4,102.0,104.0,train,-0.019231361927887214
E07000134,North West Leicestershire,2022Q1,106.0,102.0,train,0.03809984623226992
E07000134,North West Leicestershire,2022Q2,89.0,106.0,train,-0.17301916413164076
E07000134,North West Leicestershire,2022Q3,96.0,89.0,train,0.0749013081731178
E07000134,North West Leicestershire,2022Q4,73.0,96.0,train,-0.27064588529921263
E07000134,North West Leicestershire,2023Q1,101.0,73.0,train,0.3209077200801005
E07000134,North West Leicestershire,2023Q2,95.0,101.0,train,-0.060624621816434576
E07000134,North West Leicestershire,2023Q3,90.0,95.0,train,-0.053488684950986354
E07000134,North West Leicestershire,2023Q4,68.0,90.0,train,-0.27675300191959007
E07000134,North West Leicestershire,2024Q1,81.0,68.0,valid,0.17261274266699367
E07000134,North West Leicestershire,2024Q2,125.0,81.0,valid,0.4295626596872246
E07000134,North West Leicestershire,2024Q3,107.0,125.0,valid,-0.15415067982725805
E07000134,North West Leicestershire,2024Q4,83.0,107.0,valid,-0.25131442828090655
E07000134,North West Leicestershire,2025Q1,99.0,83.0,test,0.17435338714477844
E07000134,North West Leicestershire,2025Q2,113.0,99.0,test,0.13102826240640386
E07000134,North West Leicestershire,2025Q3,90.0,113.0,test,-0.22533894187764592
E07000135,Oadby and Wigston,2019Q4,50.0,50.0,train,0.0
E07000135,Oadby and Wigston,2020Q1,54.0,50.0,train,0.07550755250814545
E07000135,Oadby and Wigston,2020Q2,43.0,54.0,train,-0.22314355131421015
E07000135,Oadby and Wigston,2020Q3,56.0,43.0,train,0.25886163391628925
E07000135,Oadby and Wigston,2020Q4,21.0,56.0,train,-0.9520088144762342
E07000135,Oadby and Wigston,2021Q1,35.0,21.0,train,0.49247648509779385
E07000135,Oadby and Wigston,2021Q2,28.0,35.0,train,-0.21622310846963577
E07000135,Oadby and Wigston,2021Q3,25.0,28.0,train,-0.109199291964992
E07000135,Oadby and Wigston,2021Q4,39.0,25.0,train,0.4307829160924541
E07000135,Oadby and Wigston,2022Q1,34.0,39.0,train,-0.13353139262452274
E07000135,Oadby and Wigston,2022Q2,51.0,34.0,train,0.395895657092014
E07000135,Oadby and Wigston,2022Q3,57.0,51.0,train,0.10919929196499156
E07000135,Oadby and Wigston,2022Q4,57.0,57.0,train,0.0
E07000135,Oadby and Wigston,2023Q1,82.0,57.0,train,0.35839759725017917
E07000135,Oadby and Wigston,2023Q2,59.0,82.0,train,-0.32449604557449785
E07000135,Oadby and Wigston,2023Q3,78.0,59.0,train,0.2751032902449211
E07000135,Oadby and Wigston,2023Q4,77.0,78.0,train,-0.012739025777429802
E07000135,Oadby and Wigston,2024Q1,71.0,77.0,valid,-0.08004270767353638
E07000135,Oadby and Wigston,2024Q2,61.0,71.0,valid,-0.14953173397096364
E07000135,Oadby and Wigston,2024Q3,63.0,61.0,valid,0.031748698314579826
E07000135,Oadby and Wigston,2024Q4,88.0,63.0,valid,0.32975328637246815
E07000135,Oadby and Wigston,2025Q1,68.0,88.0,test,-0.25452986513487996
E07000135,Oadby and Wigston,2025Q2,79.0,68.0,test,0.14792013007662153
E07000135,Oadby and Wigston,2025Q3,88.0,79.0,test,0.10660973505825844
E07000136,Boston,2019Q4,44.0,38.0,train,0.14310084364067333
E07000136,Boston,2020Q1,48.0,44.0,train,0.08515780834030684
E07000136,Boston,2020Q2,75.0,48.0,train,0.4389130421757046
E07000136,Boston,2020Q3,57.0,75.0,train,-0.27029032973991196
E07000136,Boston,2020Q4,50.0,57.0,train,-0.12861737782209337
E07000136,Boston,2021Q1,53.0,50.0,train,0.057158413839948796
E07000136,Boston,2021Q2,48.0,53.0,train,-0.09716374845364806
E07000136,Boston,2021Q3,87.0,48.0,train,0.5855165163675804
E07000136,Boston,2021Q4,75.0,87.0,train,-0.1466034741918758
E07000136,Boston,2022Q1,65.0,75.0,train,-0.14107859825990587
E07000136,Boston,2022Q2,95.0,65.0,train,0.3746934494414109
E07000136,Boston,2022Q3,86.0,95.0,train,-0.0984400728132524
E07000136,Boston,2023Q3,71.0,89.0,train,-0.2231435513142097
E07000136,Boston,2023Q4,73.0,71.0,train,0.027398974188114877
E07000136,Boston,2024Q1,76.0,73.0,valid,0.039740328649513934
E07000136,Boston,2024Q2,63.0,76.0,valid,-0.18492233849401263
E07000136,Boston,2024Q3,83.0,63.0,valid,0.27193371548364187
E07000136,Boston,2024Q4,81.0,83.0,valid,-0.024097551579060017
E07000136,Boston,2025Q1,82.0,81.0,test,0.012121360532344916
E07000136,Boston,2025Q2,91.0,82.0,test,0.1029479692524422
E07000136,Boston,2025Q3,90.0,91.0,test,-0.010929070532190721
E07000137,East Lindsey,2019Q4,176.0,239.0,train,-0.3044891907681624
E07000137,East Lindsey,2020Q1,180.0,176.0,train,0.022347298691997253
E07000137,East Lindsey,2020Q2,144.0,180.0,train,-0.22176328884525187
E07000137,East Lindsey,2021Q1,156.0,147.0,train,0.059033531584193
E07000137,East Lindsey,2021Q2,162.0,156.0,train,0.03750439545845463
E07000137,East Lindsey,2021Q3,192.0,162.0,train,0.16893998809812327
E07000137,East Lindsey,2021Q4,149.0,192.0,train,-0.2520548948086301
E07000137,East Lindsey,2022Q1,186.0,149.0,train,0.2204733227583313
E07000137,East Lindsey,2022Q2,143.0,186.0,train,-0.2612953172785861
E07000137,East Lindsey,2022Q3,136.0,143.0,train,-0.049832373747875636
E07000137,East Lindsey,2022Q4,78.0,136.0,train,-0.5505330733611036
E07000137,East Lindsey,2023Q1,169.0,78.0,train,0.7663505845832406
E07000137,East Lindsey,2023Q2,153.0,169.0,train,-0.09884583463663255
E07000137,East Lindsey,2023Q3,181.0,153.0,train,0.16705408466316563
E07000137,East Lindsey,2023Q4,155.0,181.0,train,-0.15415067982725805
E07000137,East Lindsey,2024Q1,178.0,155.0,valid,0.13752979859121783
E07000137,East Lindsey,2024Q2,164.0,178.0,valid,-0.08144033194017464
E07000137,East Lindsey,2024Q3,161.0,164.0,valid,-0.018349138668196652
E07000137,East Lindsey,2024Q4,164.0,161.0,valid,0.018349138668196652
E07000137,East Lindsey,2025Q1,215.0,164.0,test,0.269332933783585
E07000137,East Lindsey,2025Q2,208.0,215.0,test,-0.032944155719354384
E07000137,East Lindsey,2025Q3,195.0,208.0,test,-0.06421959273429412
E07000138,Lincoln,2019Q4,177.0,214.0,train,-0.1888544778355774
E07000138,Lincoln,2020Q1,211.0,177.0,train,0.17480272437992728
E07000138,Lincoln,2020Q2,130.0,211.0,train,-0.48138895147086114
E07000138,Lincoln,2020Q3,159.0,130.0,train,0.19997649203267542
E07000138,Lincoln,2020Q4,162.0,159.0,train,0.018576385572935727
E07000138,Lincoln,2021Q1,194.0,162.0,train,0.17924935775698447
E07000138,Lincoln,2021Q2,205.0,194.0,train,0.054876610225834455
E07000138,Lincoln,2021Q3,170.0,205.0,train,-0.186212612286921
E07000138,Lincoln,2021Q4,202.0,170.0,train,0.17154242253912688
E07000138,Lincoln,2022Q1,248.0,202.0,train,0.20424691742292023
E07000138,Lincoln,2022Q2,209.0,248.0,train,-0.1703453657472389
E07000138,Lincoln,2022Q3,289.0,209.0,train,0.32277339226305113
E07000138,Lincoln,2022Q4,193.0,289.0,train,-0.4020227639171914
E07000138,Lincoln,2023Q1,253.0,193.0,train,0.2694761079552084
E07000138,Lincoln,2023Q2,274.0,253.0,train,0.07943683064803508
E07000138,Lincoln,2023Q3,279.0,274.0,train,0.018018505502677584
E07000138,Lincoln,2023Q4,249.0,279.0,train,-0.11332868530700324
E07000138,Lincoln,2024Q1,234.0,249.0,valid,-0.061875403718087085
E07000138,Lincoln,2024Q2,242.0,234.0,valid,0.03347592919638931
E07000138,Lincoln,2024Q3,255.0,242.0,valid,0.052116001139014045
E07000138,Lincoln,2024Q4,232.0,255.0,valid,-0.09413899091386213
E07000138,Lincoln,2025Q1,280.0,232.0,test,0.18731621576804525
E07000138,Lincoln,2025Q2,260.0,280.0,test,-0.0738342620110517
E07000138,Lincoln,2025Q3,283.0,260.0,test,0.08445383083851254
E07000139,North Kesteven,2019Q4,118.0,123.0,train,-0.04115807249350745
E07000139,North Kesteven,2020Q1,106.0,118.0,train,-0.10629465864962384
E07000139,North Kesteven,2020Q2,91.0,106.0,train,-0.1510402574128653
E07000139,North Kesteven,2020Q3,91.0,91.0,train,0.0
E07000139,North Kesteven,2020Q4,97.0,91.0,train,0.06317890162153184
E07000139,North Kesteven,2021Q1,145.0,97.0,train,0.39863914303776404
E07000139,North Kesteven,2021Q2,98.0,145.0,train,-0.38848677157374656
E07000139,North Kesteven,2021Q3,70.0,98.0,train,-0.33243997309327433
E07000139,North Kesteven,2021Q4,110.0,70.0,train,0.44685032427101845
E07000139,North Kesteven,2022Q1,134.0,110.0,train,0.19574457712609572
E07000139,North Kesteven,2022Q2,121.0,134.0,train,-0.10125373370517288
E07000139,North Kesteven,2022Q3,139.0,121.0,train,0.1376213778760471
E07000139,North Kesteven,2022Q4,100.0,139.0,train,-0.3265219057680442
E07000139,North Kesteven,2023Q1,116.0,100.0,train,0.14705341795649662
E07000139,North Kesteven,2023Q2,102.0,116.0,train,-0.12744494656812044
E07000139,North Kesteven,2023Q3,104.0,102.0,train,0.019231361927887214
E07000139,North Kesteven,2023Q4,100.0,104.0,train,-0.038839833316263395
E07000139,North Kesteven,2024Q1,127.0,100.0,valid,0.2369097470783572
E07000139,North Kesteven,2024Q2,123.0,127.0,valid,-0.031748698314579826
E07000139,North Kesteven,2024Q3,115.0,123.0,valid,-0.06669137449867257
E07000139,North Kesteven,2024Q4,96.0,115.0,valid,-0.17887921260298167
E07000139,North Kesteven,2025Q1,141.0,96.0,test,0.38111607909787804
E07000139,North Kesteven,2025Q2,118.0,141.0,test,-0.17670356448973124
E07000139,North Kesteven,2025Q3,95.0,118.0,test,-0.21477530164369352
E07000140,South Holland,2019Q4,96.0,131.0,train,-0.30809094408298776
E07000140,South Holland,2020Q1,116.0,96.0,train,0.18746295629437348
E07000140,South Holland,2020Q2,74.0,116.0,train,-0.4446858212614462
E07000140,South Holland,2020Q3,96.0,74.0,train,0.2572228649670727
E07000140,South Holland,2020Q4,67.0,96.0,train,-0.35520327332727586
E07000140,South Holland,2021Q1,73.0,67.0,train,0.08455738802806323
E07000140,South Holland,2021Q2,62.0,73.0,train,-0.16093036681263762
E07000140,South Holland,2021Q3,92.0,62.0,train,0.3894647667617237
E07000140,South Holland,2021Q4,50.0,92.0,train,-0.6007738604289306
E07000140,South Holland,2022Q3,91.0,55.0,train,0.4964368863138908
E07000140,South Holland,2022Q4,82.0,91.0,train,-0.1029479692524422
E07000140,South Holland,2023Q1,92.0,82.0,train,0.11375888535665801
E07000140,South Holland,2023Q2,103.0,92.0,train,0.11179140598811621
E07000140,South Holland,2023Q3,93.0,103.0,train,-0.10109611687136866
E07000140,South Holland,2023Q4,100.0,93.0,train,0.07182573457125585
E07000140,South Holland,2024Q1,106.0,100.0,valid,0.0577083176206461
E07000140,South Holland,2024Q2,79.0,106.0,valid,-0.2908021997880246
E07000140,South Holland,2024Q3,87.0,79.0,valid,0.09531017980432566
E07000140,South Holland,2024Q4,105.0,87.0,valid,0.18610227963386006
E07000140,South Holland,2025Q1,111.0,105.0,test,0.055059777183027236
E07000140,South Holland,2025Q2,127.0,111.0,test,0.13353139262452274
E07000140,South Holland,2025Q3,130.0,127.0,test,0.023167059281534286
E07000141,South Kesteven,2019Q4,162.0,199.0,train,-0.20456716574127398
E07000141,South Kesteven,2020Q1,174.0,162.0,train,0.07103577311675213
E07000141,South Kesteven,2020Q2,150.0,174.0,train,-0.14750613710859017
E07000141,South Kesteven,2020Q3,147.0,150.0,train,-0.02006756305080959
E07000141,South Kesteven,2020Q4,128.0,147.0,train,-0.13739986940244275
E07000141,South Kesteven,2021Q1,182.0,128.0,train,0.3496737484797494
E07000141,South Kesteven,2021Q2,139.0,182.0,train,-0.2678437302321175
E07000141,South Kesteven,2021Q3,169.0,139.0,train,0.1941560144409582
E07000141,South Kesteven,2021Q4,153.0,169.0,train,-0.09884583463663255
E07000141,South Kesteven,2022Q1,175.0,153.0,train,0.13353139262452185
E07000141,South Kesteven,2022Q2,128.0,175.0,train,-0.3106715906764794
E07000141,South Kesteven,2022Q3,185.0,128.0,train,0.36593426935152973
E07000141,South Kesteven,2022Q4,151.0,185.0,train,-0.20186615286692522
E07000141,South Kesteven,2023Q1,165.0,151.0,train,0.0881072675102672
E07000141,South Kesteven,2023Q2,149.0,165.0,train,-0.10135249426028814
E07000141,South Kesteven,2023Q3,168.0,149.0,train,0.11926342082681796
E07000141,South Kesteven,2023Q4,167.0,168.0,train,-0.005934735519814716
E07000141,South Kesteven,2024Q1,162.0,167.0,valid,-0.030213778596496432
E07000141,South Kesteven,2024Q2,168.0,162.0,valid,0.03614851411631115
E07000141,South Kesteven,2024Q3,152.0,168.0,valid,-0.09946079353063819
E07000141,South Kesteven,2024Q4,142.0,152.0,valid,-0.06759329113252832
E07000141,South Kesteven,2025Q1,169.0,142.0,test,0.1729538067903551
E07000141,South Kesteven,2025Q2,188.0,169.0,test,0.10594857800938051
E07000141,South Kesteven,2025Q3,198.0,188.0,test,0.051557809664849685
E07000142,West Lindsey,2019Q4,124.0,166.0,train,-0.2896800751144539
E07000142,West Lindsey,2020Q1,131.0,124.0,train,0.05448818528406907
E07000142,West Lindsey,2020Q2,108.0,131.0,train,-0.19145404035722713
E07000142,West Lindsey,2020Q3,137.0,108.0,train,0.23590580292806163
E07000142,West Lindsey,2020Q4,121.0,137.0,train,-0.12323264042394833
E07000142,West Lindsey,2021Q1,138.0,121.0,train,0.13045288839743474
E07000142,West Lindsey,2021Q2,124.0,138.0,train,-0.10616019582838998
E07000142,West Lindsey,2021Q3,149.0,124.0,train,0.182321556793954
E07000142,West Lindsey,2021Q4,121.0,149.0,train,-0.20661424936299877
E07000142,West Lindsey,2022Q1,170.0,121.0,train,0.3376425117694035
E07000142,West Lindsey,2022Q2,129.0,170.0,train,-0.2741291060470781
E07000142,West Lindsey,2022Q3,154.0,129.0,train,0.17589066646366458
E07000142,West Lindsey,2022Q4,134.0,154.0,train,-0.13815033848081715
E07000142,West Lindsey,2023Q1,172.0,134.0,train,0.24801681605934967
E07000142,West Lindsey,2023Q2,187.0,172.0,train,0.08315036833216993
E07000142,West Lindsey,2023Q3,159.0,187.0,train,-0.16126814759612262
E07000142,West Lindsey,2023Q4,184.0,159.0,train,0.1451820098444978
E07000142,West Lindsey,2024Q1,172.0,184.0,valid,-0.06706423058054511
E07000142,West Lindsey,2024Q2,165.0,172.0,valid,-0.04130380614123563
E07000142,West Lindsey,2024Q3,174.0,165.0,valid,0.0527981855669708
E07000142,West Lindsey,2024Q4,178.0,174.0,valid,0.022599831917240465
E07000142,West Lindsey,2025Q1,183.0,178.0,test,0.02754995176823094
E07000142,West Lindsey,2025Q2,191.0,183.0,test,0.04255961441879563
E07000142,West Lindsey,2025Q3,174.0,191.0,test,-0.09270939810426704
E07000143,Breckland,2019Q4,124.0,149.0,train,-0.182321556793954
E07000143,Breckland,2020Q1,171.0,124.0,train,0.3191807395111512
E07000143,Breckland,2020Q2,154.0,171.0,train,-0.10406935989420596
E07000143,Breckland,2020Q3,149.0,154.0,train,-0.032789822822991255
E07000143,Breckland,2020Q4,160.0,149.0,train,0.07076907088820761
E07000143,Breckland,2021Q1,129.0,160.0,train,-0.21386991452888093
E07000143,Breckland,2022Q2,176.0,196.0,train,-0.10705399616415967
E07000143,Breckland,2022Q3,176.0,176.0,train,0.0
E07000143,Breckland,2022Q4,158.0,176.0,train,-0.1072455303535973
E07000143,Breckland,2023Q1,165.0,158.0,train,0.043083586136312135
E07000143,Breckland,2023Q2,180.0,165.0,train,0.08650924290928241
E07000143,Breckland,2023Q3,214.0,180.0,train,0.17214099686183637
E07000143,Breckland,2023Q4,169.0,214.0,train,-0.23483959107740038
E07000143,Breckland,2024Q1,188.0,169.0,valid,0.10594857800938051
E07000143,Breckland,2024Q2,214.0,188.0,valid,0.12889101306801987
E07000143,Breckland,2024Q3,165.0,214.0,valid,-0.2586502397711188
E07000143,Breckland,2024Q4,164.0,165.0,valid,-0.006042314455963371
E07000143,Breckland,2025Q1,211.0,164.0,test,0.250640800771432
E07000143,Breckland,2025Q2,195.0,211.0,test,-0.0784716154414955
E07000143,Breckland,2025Q3,176.0,195.0,test,-0.10196492665668799
E07000144,Broadland,2019Q4,68.0,80.0,train,-0.16034265007517945
E07000144,Broadland,2020Q1,84.0,68.0,train,0.208544751893057
E07000144,Broadland,2020Q2,43.0,84.0,train,-0.6584616225720556
E07000144,Broadland,2020Q3,29.0,43.0,train,-0.38299225225610556
E07000144,Broadland,2020Q4,38.0,29.0,train,0.26236426446749084
E07000144,Broadland,2021Q1,22.0,38.0,train,-0.5280674302004966
E07000144,Broadland,2021Q2,53.0,22.0,train,0.8534898306351248
E07000144,Broadland,2021Q3,64.0,53.0,train,0.18540322333136228
E07000144,Broadland,2021Q4,61.0,64.0,train,-0.04725288485054513
E07000144,Broadland,2022Q1,91.0,61.0,train,0.3946541920039488
E07000144,Broadland,2022Q2,77.0,91.0,train,-0.16507975035944877
E07000144,Broadland,2022Q3,97.0,77.0,train,0.2282586519809806
E07000144,Broadland,2022Q4,86.0,97.0,train,-0.1190593600159886
E07000144,Broadland,2023Q1,99.0,86.0,train,0.1392620673335081
E07000144,Broadland,2023Q2,106.0,99.0,train,0.06765864847381398
E07000144,Broadland,2023Q3,112.0,106.0,train,0.05455898425043504
E07000144,Broadland,2023Q4,107.0,112.0,train,-0.0452565915881209
E07000144,Broadland,2024Q1,124.0,107.0,valid,0.1461825101780816
E07000144,Broadland,2024Q2,104.0,124.0,valid,-0.17435338714477844
E07000144,Broadland,2024Q3,116.0,104.0,valid,0.10821358464023323
E07000144,Broadland,2024Q4,127.0,116.0,valid,0.08985632912186059
E07000144,Broadland,2025Q1,137.0,127.0,test,0.07522342123758818
E07000144,Broadland,2025Q2,121.0,137.0,test,-0.12323264042394833
E07000144,Broadland,2025Q3,131.0,121.0,test,0.07878087785311383
E07000145,Great Yarmouth,2019Q4,372.0,360.0,train,0.0327004613109354
E07000145,Great Yarmouth,2020Q1,343.0,372.0,train,-0.0809367622704178
E07000145,Great Yarmouth,2020Q2,250.0,343.0,train,-0.31518871824161465
E07000145,Great Yarmouth,2020Q3,197.0,250.0,train,-0.2371859084372483
E07000145,Great Yarmouth,2020Q4,222.0,197.0,train,0.11890474076558366
E07000145,Great Yarmouth,2021Q1,246.0,222.0,train,0.1022165651678586
E07000145,Great Yarmouth,2021Q2,233.0,246.0,train,-0.054067221270275745
E07000145,Great Yarmouth,2021Q3,228.0,233.0,train,-0.021599111803461746
E07000145,Great Yarmouth,2021Q4,210.0,228.0,train,-0.0818638700781733
E07000145,Great Yarmouth,2022Q1,263.0,210.0,train,0.22409096967024933
E07000145,Great Yarmouth,2022Q4,268.0,347.0,train,-0.25749110017263543
E07000145,Great Yarmouth,2023Q1,288.0,268.0,train,0.07171530851059327
E07000145,Great Yarmouth,2023Q2,301.0,288.0,train,0.044000329262437354
E07000145,Great Yarmouth,2023Q3,320.0,301.0,train,0.0610141057551461
E07000145,Great Yarmouth,2023Q4,286.0,320.0,train,-0.11195890737039438
E07000145,Great Yarmouth,2024Q1,272.0,286.0,valid,-0.05001042057466165
E07000145,Great Yarmouth,2024Q2,307.0,272.0,valid,0.12062798778861428
E07000145,Great Yarmouth,2024Q3,276.0,307.0,valid,-0.1060822767862355
E07000145,Great Yarmouth,2024Q4,222.0,276.0,valid,-0.21684573472721969
E07000145,Great Yarmouth,2025Q1,277.0,222.0,test,0.22044934223051804
E07000145,Great Yarmouth,2025Q2,281.0,277.0,test,0.014285957247476944
E07000145,Great Yarmouth,2025Q3,216.0,281.0,test,-0.2620097173976541
E07000146,King's Lynn and West Norfolk,2019Q4,74.0,123.0,train,-0.5027934520687269
E07000146,King's Lynn and West Norfolk,2020Q1,49.0,74.0,train,-0.40546510810816416
E07000146,King's Lynn and West Norfolk,2020Q2,65.0,49.0,train,0.2776317365982792
E07000146,King's Lynn and West Norfolk,2020Q3,99.0,65.0,train,0.4155154439616666
E07000146,King's Lynn and West Norfolk,2020Q4,52.0,99.0,train,-0.6348782724359698
E07000146,King's Lynn and West Norfolk,2021Q1,133.0,52.0,train,0.9275478863987892
E07000146,King's Lynn and West Norfolk,2021Q2,166.0,133.0,train,0.22015401246584432
E07000146,King's Lynn and West Norfolk,2021Q3,137.0,166.0,train,-0.19074012725955036
E07000146,King's Lynn and West Norfolk,2021Q4,144.0,137.0,train,0.049480057263369126
E07000146,King's Lynn and West Norfolk,2022Q1,166.0,144.0,train,0.14126006999618124
E07000146,King's Lynn and West Norfolk,2022Q2,165.0,166.0,train,-0.006006024060211779
E07000146,King's Lynn and West Norfolk,2022Q3,161.0,165.0,train,-0.024391453124160023
E07000146,King's Lynn and West Norfolk,2022Q4,132.0,161.0,train,-0.19724720701062992
E07000146,King's Lynn and West Norfolk,2023Q1,175.0,132.0,train,0.28013486681639765
E07000146,King's Lynn and West Norfolk,2023Q2,212.0,175.0,train,0.1908081706712741
E07000146,King's Lynn and West Norfolk,2023Q3,201.0,212.0,train,-0.053024468308220385
E07000146,King's Lynn and West Norfolk,2023Q4,162.0,201.0,train,-0.21451749659444275
E07000146,King's Lynn and West Norfolk,2024Q1,188.0,162.0,valid,0.14799681425288025
E07000146,King's Lynn and West Norfolk,2024Q2,173.0,188.0,valid,-0.08269171584511348
E07000146,King's Lynn and West Norfolk,2024Q3,198.0,173.0,valid,0.13424952550996316
E07000146,King's Lynn and West Norfolk,2024Q4,179.0,198.0,valid,-0.10034797383428185
E07000146,King's Lynn and West Norfolk,2025Q1,211.0,179.0,test,0.1636294237818019
E07000146,King's Lynn and West Norfolk,2025Q2,180.0,211.0,test,-0.15808924340618624
E07000146,King's Lynn and West Norfolk,2025Q3,135.0,180.0,test,-0.2858421455297737
E07000147,North Norfolk,2019Q4,96.0,111.0,train,-0.14378789279171134
E07000147,North Norfolk,2020Q1,105.0,96.0,train,0.0887281156086841
E07000147,North Norfolk,2020Q2,64.0,105.0,train,-0.4890518242164301
E07000147,North Norfolk,2020Q3,89.0,64.0,train,0.3254224004346282
E07000147,North Norfolk,2020Q4,70.0,89.0,train,-0.23712979328894956
E07000147,North Norfolk,2021Q1,64.0,70.0,train,-0.08829260714567866
E07000147,North Norfolk,2021Q2,67.0,64.0,train,0.04512043528047016
E07000147,North Norfolk,2021Q3,78.0,67.0,train,0.14994014729091454
E07000147,North Norfolk,2021Q4,76.0,78.0,train,-0.025642430613337375
E07000147,North Norfolk,2022Q1,112.0,76.0,train,0.3835823968586567
E07000147,North Norfolk,2022Q2,101.0,112.0,train,-0.10241500542807014
E07000147,North Norfolk,2022Q3,91.0,101.0,train,-0.10318423623523021
E07000147,North Norfolk,2022Q4,89.0,91.0,train,-0.02197890671877545
E07000147,North Norfolk,2023Q1,110.0,89.0,train,0.2097205309820689
E07000147,North Norfolk,2023Q2,100.0,110.0,train,-0.09440968447107423
E07000147,North Norfolk,2023Q3,91.0,100.0,train,-0.09333193979221921
E07000147,North Norfolk,2023Q4,102.0,91.0,train,0.11294041118059539
E07000147,North Norfolk,2024Q1,107.0,102.0,valid,0.04740223889458406
E07000147,North Norfolk,2024Q2,90.0,107.0,valid,-0.17127172060737017
E07000147,North Norfolk,2024Q3,108.0,90.0,valid,0.1804883757122937
E07000147,North Norfolk,2024Q4,80.0,108.0,valid,-0.2968987275567043
E07000147,North Norfolk,2025Q1,114.0,80.0,test,0.35048297369081105
E07000147,North Norfolk,2025Q2,118.0,114.0,test,0.03419136474827944
E07000147,North Norfolk,2025Q3,114.0,118.0,test,-0.03419136474827944
E07000148,Norwich,2019Q4,182.0,230.0,train,-0.23293155768037188
E07000148,Norwich,2020Q1,213.0,182.0,train,0.15648986218042982
E07000148,Norwich,2020Q2,151.0,213.0,train,-0.3420954941755747
E07000148,Norwich,2020Q3,203.0,151.0,train,0.2942394729979396
E07000148,Norwich,2020Q4,200.0,203.0,train,-0.014815085785140347
E07000148,Norwich,2021Q1,226.0,200.0,train,0.1216451094223272
E07000148,Norwich,2021Q2,179.0,226.0,train,-0.2319931665911925
E07000148,Norwich,2021Q3,158.0,179.0,train,-0.1240526486699789
E07000148,Norwich,2021Q4,200.0,158.0,train,0.2344007058388442
E07000148,Norwich,2022Q1,189.0,200.0,train,-0.056280835898589565
E07000148,Norwich,2022Q4,467.0,548.0,train,-0.15963014559188338
E07000148,Norwich,2023Q1,546.0,467.0,train,0.15598050650433404
E07000148,Norwich,2023Q2,568.0,546.0,train,0.03943163170434971
E07000148,Norwich,2023Q3,616.0,568.0,train,0.08098858977905721
E07000148,Norwich,2023Q4,613.0,616.0,train,-0.004874095758245822
E07000148,Norwich,2024Q1,572.0,613.0,valid,-0.06910921143240234
E07000148,Norwich,2024Q2,569.0,572.0,valid,-0.005249355886143725
E07000148,Norwich,2024Q3,533.0,569.0,valid,-0.06524052186840112
E07000148,Norwich,2024Q4,383.0,533.0,valid,-0.32975328637246815
E07000148,Norwich,2025Q1,580.0,383.0,test,0.41410820426418393
E07000148,Norwich,2025Q2,514.0,580.0,test,-0.12058385618817447
E07000148,Norwich,2025Q3,637.0,514.0,test,0.2141713826810534
E07000149,South Norfolk,2019Q4,50.0,72.0,train,-0.3586338084240652
E07000149,South Norfolk,2020Q1,64.0,50.0,train,0.24256163717131107
E07000149,South Norfolk,2020Q2,39.0,64.0,train,-0.48550781578170055
E07000149,South Norfolk,2020Q3,55.0,39.0,train,0.3364722366212134
E07000149,South Norfolk,2020Q4,44.0,55.0,train,-0.21868920096483002
E07000149,South Norfolk,2021Q1,55.0,44.0,train,0.21868920096483002
E07000149,South Norfolk,2021Q2,75.0,55.0,train,0.3053816495511814
E07000149,South Norfolk,2021Q3,59.0,75.0,train,-0.23638877806423064
E07000149,South Norfolk,2021Q4,69.0,59.0,train,0.15415067982725894
E07000149,South Norfolk,2022Q1,102.0,69.0,train,0.3862337461802765
E07000149,South Norfolk,2022Q2,80.0,102.0,train,-0.24027983355719673
E07000149,South Norfolk,2022Q3,90.0,80.0,train,0.11641035184441062
E07000149,South Norfolk,2022Q4,73.0,90.0,train,-0.20679441331267956
E07000149,South Norfolk,2023Q1,70.0,73.0,train,-0.04138521616285473
E07000149,South Norfolk,2023Q2,88.0,70.0,train,0.22595649269082418
E07000149,South Norfolk,2023Q3,93.0,88.0,train,0.05465841253786419
E07000149,South Norfolk,2023Q4,90.0,93.0,train,-0.03243527575315408
E07000149,South Norfolk,2024Q1,123.0,90.0,valid,0.3094220590881873
E07000149,South Norfolk,2024Q2,116.0,123.0,valid,-0.05810763080728076
E07000149,South Norfolk,2024Q3,127.0,116.0,valid,0.08985632912186059
E07000149,South Norfolk,2024Q4,110.0,127.0,valid,-0.14250006260728298
E07000149,South Norfolk,2025Q1,134.0,110.0,test,0.19574457712609572
E07000149,South Norfolk,2025Q2,123.0,134.0,test,-0.08499321283339256
E07000149,South Norfolk,2025Q3,122.0,123.0,test,-0.00809721023262
E07000150,Corby,2019Q4,68.0,74.0,train,-0.08338160893905044
E07000150,Corby,2020Q1,71.0,68.0,train,0.04255961441879563
E07000150,Corby,2020Q2,99.0,71.0,train,0.3285040669720365
E07000150,Corby,2020Q3,72.0,99.0,train,-0.31471074483970085
E07000150,Corby,2020Q4,61.0,72.0,train,-0.16332505610329928
E07000151,Daventry,2019Q4,97.0,86.0,train,0.1190593600159886
E07000151,Daventry,2020Q1,101.0,97.0,train,0.04000533461369837
E07000151,Daventry,2020Q2,73.0,101.0,train,-0.3209077200801005
E07000151,Daventry,2020Q3,97.0,73.0,train,0.2809023854664021
E07000151,Daventry,2020Q4,74.0,97.0,train,-0.2674793651342622
E07000152,East Northamptonshire,2019Q4,63.0,75.0,train,-0.17185025692665956
E07000152,East Northamptonshire,2020Q1,71.0,63.0,train,0.11778303565638382
E07000152,East Northamptonshire,2020Q2,52.0,71.0,train,-0.30637420546393335
E07000152,East Northamptonshire,2020Q3,55.0,52.0,train,0.05505977718302768
E07000152,East Northamptonshire,2020Q4,37.0,55.0,train,-0.387765531008764
E07000153,Kettering,2019Q4,107.0,140.0,train,-0.2666286632539485
E07000153,Kettering,2020Q1,120.0,107.0,train,0.11365931847252142
E07000153,Kettering,2020Q2,108.0,120.0,train,-0.10444266336759789
E07000153,Kettering,2020Q3,124.0,108.0,train,0.13696585507315806
E07000153,Kettering,2020Q4,114.0,124.0,train,-0.08338160893905133
E07000154,Northampton,2019Q4,332.0,323.0,train,0.027398974188114877
E07000154,Northampton,2020Q1,339.0,332.0,train,0.02080312762976355
E07000154,Northampton,2020Q2,436.0,339.0,train,0.2509875774853825
E07000154,Northampton,2020Q3,388.0,436.0,train,-0.11635385147714405
E07000154,Northampton,2020Q4,362.0,388.0,train,-0.06917650935359543
E07000155,South Northamptonshire,2019Q4,49.0,54.0,train,-0.09531017980432521
E07000155,South Northamptonshire,2020Q1,55.0,49.0,train,0.11332868530700368
E07000155,South Northamptonshire,2020Q2,58.0,55.0,train,0.05218575317057006
E07000155,South Northamptonshire,2020Q3,48.0,58.0,train,-0.18571714579509324
E07000155,South Northamptonshire,2020Q4,71.0,48.0,train,0.38484582090542885
E07000156,Wellingborough,2019Q4,100.0,75.0,train,0.2843871765549286
E07000156,Wellingborough,2020Q1,77.0,100.0,train,-0.258411690151668
E07000156,Wellingborough,2020Q2,50.0,77.0,train,-0.42488319396526597
E07000156,Wellingborough,2020Q3,83.0,50.0,train,0.49899116611898764
E07000156,Wellingborough,2020Q4,102.0,83.0,train,0.2039121893863225
E07000163,Craven,2019Q4,33.0,29.0,train,0.1251631429540061
E07000163,Craven,2020Q1,34.0,33.0,train,0.02898753687325195
E07000163,Craven,2020Q2,21.0,34.0,train,-0.46430560813109745
E07000163,Craven,2020Q3,27.0,21.0,train,0.24116205681688774
E07000163,Craven,2020Q4,16.0,27.0,train,-0.49899116611898764
E07000163,Craven,2021Q1,28.0,16.0,train,0.534082485930258
E07000163,Craven,2021Q2,26.0,28.0,train,-0.07145896398214502
E07000163,Craven,2021Q3,34.0,26.0,train,0.2595111954850844
E07000163,Craven,2021Q4,28.0,34.0,train,-0.18805223150293937
E07000163,Craven,2022Q1,48.0,28.0,train,0.5245244681241523
E07000163,Craven,2022Q2,36.0,48.0,train,-0.2809023854664021
E07000164,Hambleton,2019Q4,64.0,65.0,train,-0.015267472130788384
E07000164,Hambleton,2020Q1,60.0,64.0,train,-0.06351340572232544
E07000164,Hambleton,2020Q2,54.0,60.0,train,-0.10354067894084018
E07000164,Hambleton,2020Q3,43.0,54.0,train,-0.22314355131421015
E07000164,Hambleton,2020Q4,29.0,43.0,train,-0.38299225225610556
E07000164,Hambleton,2021Q3,57.0,44.0,train,0.25378052077609947
E07000164,Hambleton,2021Q4,39.0,57.0,train,-0.37156355643248284
E07000164,Hambleton,2022Q1,53.0,39.0,train,0.30010459245033827
E07000164,Hambleton,2022Q2,58.0,53.0,train,0.08855339734144518
E07000165,Harrogate,2021Q4,137.0,167.0,train,-0.19671029424605369
E07000165,Harrogate,2022Q1,155.0,137.0,train,0.12260232209233202
E07000165,Harrogate,2022Q2,169.0,155.0,train,0.08594242980072497
E07000166,Richmondshire,2019Q4,58.0,54.0,train,0.07020425867324853
E07000166,Richmondshire,2020Q1,39.0,58.0,train,-0.38865798979178345
E07000166,Richmondshire,2020Q2,23.0,39.0,train,-0.5108256237659905
E07000166,Richmondshire,2020Q3,41.0,23.0,train,0.5596157879354227
E07000166,Richmondshire,2020Q4,22.0,41.0,train,-0.6021754023542187
E07000166,Richmondshire,2021Q1,17.0,22.0,train,-0.24512245803298516
E07000166,Richmondshire,2021Q2,22.0,17.0,train,0.24512245803298516
E07000166,Richmondshire,2021Q3,32.0,22.0,train,0.36101334553733055
E07000166,Richmondshire,2021Q4,24.0,32.0,train,-0.27763173659827967
E07000166,Richmondshire,2022Q1,60.0,24.0,train,0.8919980393051108
E07000166,Richmondshire,2022Q2,52.0,60.0,train,-0.1405819506211894
E07000167,Ryedale,2019Q4,50.0,38.0,train,0.2682639865946794
E07000167,Ryedale,2020Q1,48.0,50.0,train,-0.04000533461369926
E07000167,Ryedale,2020Q2,60.0,48.0,train,0.2190535660626849
E07000167,Ryedale,2020Q3,56.0,60.0,train,-0.06782259633876109
E07000167,Ryedale,2020Q4,52.0,56.0,train,-0.0727593542824283
E07000167,Ryedale,2021Q1,53.0,52.0,train,0.018692133012152556
E07000167,Ryedale,2021Q2,56.0,53.0,train,0.054067221270275745
E07000167,Ryedale,2021Q3,61.0,56.0,train,0.0840831172105414
E07000167,Ryedale,2021Q4,45.0,61.0,train,-0.2984929885559966
E07000167,Ryedale,2022Q1,53.0,45.0,train,0.16034265007517945
E07000167,Ryedale,2022Q2,54.0,53.0,train,0.018349138668196652
E07000168,Scarborough,2019Q4,194.0,223.0,train,-0.13864649329129275
E07000168,Scarborough,2020Q1,224.0,194.0,train,0.14310084364067333
E07000168,Scarborough,2020Q2,157.0,224.0,train,-0.35350536917745323
E07000168,Scarborough,2020Q3,165.0,157.0,train,0.049392755329576765
E07000168,Scarborough,2020Q4,157.0,165.0,train,-0.049392755329576765
E07000168,Scarborough,2021Q1,175.0,157.0,train,0.10788896201118447
E07000168,Scarborough,2021Q2,192.0,175.0,train,0.09220619386673423
E07000168,Scarborough,2021Q3,157.0,192.0,train,-0.2000951558779187
E07000168,Scarborough,2021Q4,207.0,157.0,train,0.274943046674351
E07000168,Scarborough,2022Q1,214.0,207.0,train,0.03309994842634456
E07000168,Scarborough,2022Q2,206.0,214.0,train,-0.03791923486229365
E07000169,Selby,2019Q4,70.0,69.0,train,0.014184634991956102
E07000169,Selby,2020Q1,85.0,70.0,train,0.19166741921219188
E07000169,Selby,2020Q2,69.0,85.0,train,-0.20585205420414798
E07000169,Selby,2020Q3,74.0,69.0,train,0.06899287148695077
E07000169,Selby,2020Q4,40.0,74.0,train,-0.6039160468320022
E07000169,Selby,2021Q1,51.0,40.0,train,0.23767165187711958
E07000169,Selby,2021Q2,54.0,51.0,train,0.05608946665104364
E07000169,Selby,2021Q3,60.0,54.0,train,0.10354067894084018
E07000169,Selby,2021Q4,67.0,60.0,train,0.1086338410027956
E07000169,Selby,2022Q1,74.0,67.0,train,0.09798040836020316
E07000169,Selby,2022Q2,55.0,74.0,train,-0.2921364228011605
E07000170,Ashfield,2019Q4,107.0,84.0,train,0.23947997063390325
E07000170,Ashfield,2020Q1,123.0,107.0,train,0.13815033848081715
E07000170,Ashfield,2020Q2,82.0,123.0,train,-0.4014409578084388
E07000170,Ashfield,2020Q3,117.0,82.0,train,0.35184401666906684
E07000170,Ashfield,2020Q4,70.0,117.0,train,-0.5080047474243496
E07000170,Ashfield,2021Q1,82.0,70.0,train,0.1561607307552828
E07000170,Ashfield,2021Q2,99.0,82.0,train,0.18632957819149354
E07000170,Ashfield,2021Q3,75.0,99.0,train,-0.27443684570176075
E07000170,Ashfield,2021Q4,101.0,75.0,train,0.2942394729979396
E07000170,Ashfield,2022Q1,162.0,101.0,train,0.46877738752249165
E07000170,Ashfield,2022Q2,95.0,162.0,train,-0.5294020093389262
E07000170,Ashfield,2022Q3,101.0,95.0,train,0.060624621816434576
E07000170,Ashfield,2022Q4,112.0,101.0,train,0.10241500542807014
E07000170,Ashfield,2023Q1,182.0,112.0,train,0.48209833412908054
E07000170,Ashfield,2023Q2,133.0,182.0,train,-0.31164635289051024
E07000170,Ashfield,2023Q3,134.0,133.0,train,0.0074349784875185065
E07000170,Ashfield,2023Q4,111.0,134.0,train,-0.18677590714333547
E07000170,Ashfield,2024Q1,149.0,111.0,valid,0.29213642280116137
E07000170,Ashfield,2024Q2,152.0,149.0,valid,0.019802627296179764
E07000170,Ashfield,2024Q3,131.0,152.0,valid,-0.1476359988060647
E07000170,Ashfield,2024Q4,116.0,131.0,valid,-0.12062798778861428
E07000170,Ashfield,2025Q1,129.0,116.0,test,0.10536051565782589
E07000170,Ashfield,2025Q2,121.0,129.0,test,-0.06351340572232544
E07000170,Ashfield,2025Q3,122.0,121.0,test,0.008163310639160315
E07000171,Bassetlaw,2019Q4,78.0,95.0,train,-0.1949003390008146
E07000171,Bassetlaw,2020Q1,85.0,78.0,train,0.08489944378648584
E07000171,Bassetlaw,2020Q2,56.0,85.0,train,-0.41129602841895707
E07000171,Bassetlaw,2020Q3,76.0,56.0,train,0.30075415401913386
E07000171,Bassetlaw,2020Q4,52.0,76.0,train,-0.37351350830156216
E07000171,Bassetlaw,2021Q1,50.0,52.0,train,-0.03846628082779624
E07000171,Bassetlaw,2021Q2,42.0,50.0,train,-0.17062551703076334
E07000171,Bassetlaw,2021Q3,65.0,42.0,train,0.4284546263328628
E07000171,Bassetlaw,2021Q4,110.0,65.0,train,0.5198754592859087
E07000171,Bassetlaw,2022Q1,72.0,110.0,train,-0.41907076016394296
E07000171,Bassetlaw,2022Q2,109.0,72.0,train,0.4100209246440256
E07000171,Bassetlaw,2022Q3,85.0,109.0,train,-0.24613306953890923
E07000171,Bassetlaw,2022Q4,84.0,85.0,train,-0.011696039763190669
E07000171,Bassetlaw,2023Q1,101.0,84.0,train,0.182321556793954
E07000171,Bassetlaw,2023Q2,96.0,101.0,train,-0.05026183478088786
E07000171,Bassetlaw,2023Q3,85.0,96.0,train,-0.12036368224987548
E07000171,Bassetlaw,2023Q4,81.0,85.0,train,-0.04762804898925399
E07000171,Bassetlaw,2024Q1,141.0,81.0,valid,0.5491078103370075
E07000171,Bassetlaw,2024Q2,106.0,141.0,valid,-0.2829982231393551
E07000171,Bassetlaw,2024Q3,94.0,106.0,valid,-0.11895194286136501
E07000171,Bassetlaw,2024Q4,90.0,94.0,valid,-0.04301738508369102
E07000171,Bassetlaw,2025Q1,92.0,90.0,test,0.021739986636406528
E07000171,Bassetlaw,2025Q2,77.0,92.0,test,-0.17589066646366458
E07000171,Bassetlaw,2025Q3,91.0,77.0,test,0.16507975035944877
E07000172,Broxtowe,2019Q4,73.0,93.0,train,-0.23922968906583364
E07000172,Broxtowe,2020Q1,88.0,73.0,train,0.18457127652796945
E07000172,Broxtowe,2020Q2,54.0,88.0,train,-0.48130318449966847
E07000172,Broxtowe,2020Q3,56.0,54.0,train,0.03571808260207909
E07000172,Broxtowe,2020Q4,59.0,56.0,train,0.05129329438755015
E07000172,Broxtowe,2021Q1,66.0,59.0,train,0.11034805716886531
E07000172,Broxtowe,2021Q2,61.0,66.0,train,-0.07755823434587406
E07000172,Broxtowe,2021Q3,69.0,61.0,train,0.12136085700426769
E07000172,Broxtowe,2021Q4,65.0,69.0,train,-0.05884050002293417
E07000172,Broxtowe,2022Q1,106.0,65.0,train,0.4831740924354806
E07000172,Broxtowe,2022Q2,79.0,106.0,train,-0.2908021997880246
E07000172,Broxtowe,2022Q3,102.0,79.0,train,0.25270235355575466
E07000172,Broxtowe,2022Q4,75.0,102.0,train,-0.3039956479433048
E07000172,Broxtowe,2023Q1,115.0,75.0,train,0.42285685082003344
E07000172,Broxtowe,2023Q2,76.0,115.0,train,-0.40978476925268037
E07000172,Broxtowe,2023Q3,56.0,76.0,train,-0.30075415401913386
E07000172,Broxtowe,2023Q4,50.0,56.0,train,-0.11122563511022454
E07000172,Broxtowe,2024Q1,88.0,50.0,valid,0.5568107370078139
E07000172,Broxtowe,2024Q2,46.0,88.0,valid,-0.6384887680220812
E07000172,Broxtowe,2024Q3,81.0,46.0,valid,0.5565716455541949
E07000172,Broxtowe,2024Q4,75.0,81.0,valid,-0.07598590697792229
E07000172,Broxtowe,2025Q1,72.0,75.0,test,-0.040273899137940106
E07000172,Broxtowe,2025Q2,82.0,72.0,test,0.1283811666482073
E07000172,Broxtowe,2025Q3,71.0,82.0,test,-0.14217448878054295
E07000173,Gedling,2019Q4,74.0,113.0,train,-0.41871033485818554
E07000173,Gedling,2020Q1,100.0,74.0,train,0.29763240330494956
E07000173,Gedling,2020Q2,58.0,100.0,train,-0.53758307293554
E07000173,Gedling,2020Q3,102.0,58.0,train,0.5571915443239162
E07000173,Gedling,2020Q4,59.0,102.0,train,-0.5403844260075354
E07000173,Gedling,2021Q1,68.0,59.0,train,0.13976194237515926
E07000173,Gedling,2021Q2,52.0,68.0,train,-0.2638145910451377
E07000173,Gedling,2021Q3,70.0,52.0,train,0.2923879634891935
E07000173,Gedling,2021Q4,55.0,70.0,train,-0.2373281863061658
E07000173,Gedling,2022Q1,76.0,55.0,train,0.3184537311185345
E07000173,Gedling,2022Q2,91.0,76.0,train,0.17798315519535635
E07000173,Gedling,2022Q3,67.0,91.0,train,-0.3022808718729335
E07000173,Gedling,2022Q4,80.0,67.0,train,0.17494144949633217
E07000173,Gedling,2023Q1,100.0,80.0,train,0.22067136216882055
E07000173,Gedling,2023Q2,84.0,100.0,train,-0.172469260350943
E07000173,Gedling,2023Q3,90.0,84.0,train,0.06820825002653308
E07000173,Gedling,2023Q4,89.0,90.0,train,-0.011049836186584727
E07000173,Gedling,2024Q1,94.0,89.0,valid,0.054067221270275745
E07000173,Gedling,2024Q2,100.0,94.0,valid,0.06124362524071891
E07000173,Gedling,2024Q3,99.0,100.0,valid,-0.009950330853167877
E07000173,Gedling,2024Q4,88.0,99.0,valid,-0.11653381625595216
E07000173,Gedling,2025Q1,86.0,88.0,test,-0.02272825107755594
E07000173,Gedling,2025Q2,57.0,86.0,test,-0.4054651081081646
E07000173,Gedling,2025Q3,55.0,57.0,test,-0.03509131981126945
E07000174,Mansfield,2019Q4,96.0,117.0,train,-0.19597364596228228
E07000174,Mansfield,2020Q1,90.0,96.0,train,-0.06385147198653307
E07000174,Mansfield,2020Q2,35.0,90.0,train,-0.9273405680607398
E07000174,Mansfield,2020Q3,56.0,35.0,train,0.45953232937844035
E07000174,Mansfield,2020Q4,46.0,56.0,train,-0.19290366612449183
E07000174,Mansfield,2021Q1,60.0,46.0,train,0.2607262624632529
E07000174,Mansfield,2021Q2,67.0,60.0,train,0.1086338410027956
E07000174,Mansfield,2021Q3,74.0,67.0,train,0.09798040836020316
E07000174,Mansfield,2021Q4,80.0,74.0,train,0.076961041136129
E07000174,Mansfield,2022Q1,155.0,80.0,train,0.655406852577098
E07000174,Mansfield,2022Q2,87.0,155.0,train,-0.5725191927713302
E07000174,Mansfield,2022Q3,83.0,87.0,train,-0.0465200156348935
E07000174,Mansfield,2022Q4,49.0,83.0,train,-0.5187937934151674
E07000174,Mansfield,2023Q1,125.0,49.0,train,0.924258901523332
E07000174,Mansfield,2023Q2,106.0,125.0,train,-0.1634530724895722
E07000174,Mansfield,2023Q3,112.0,106.0,train,0.05455898425043504
E07000174,Mansfield,2023Q4,82.0,112.0,train,-0.30854721091574255
E07000174,Mansfield,2024Q1,118.0,82.0,valid,0.36028288531493136
E07000174,Mansfield,2024Q2,138.0,118.0,valid,0.15535044001916187
E07000174,Mansfield,2024Q3,119.0,138.0,valid,-0.14698219034864568
E07000174,Mansfield,2024Q4,138.0,119.0,valid,0.14698219034864568
E07000174,Mansfield,2025Q1,137.0,138.0,test,-0.0072202479734864156
E07000174,Mansfield,2025Q2,132.0,137.0,test,-0.03690455693545136
E07000174,Mansfield,2025Q3,159.0,132.0,test,0.18482468701207289
E07000175,Newark and Sherwood,2019Q4,74.0,63.0,train,0.15860503017663863
E07000175,Newark and Sherwood,2020Q1,69.0,74.0,train,-0.06899287148695077
E07000175,Newark and Sherwood,2020Q4,58.0,40.0,train,0.36396537720141175
E07000175,Newark and Sherwood,2021Q1,77.0,58.0,train,0.279171382783872
E07000175,Newark and Sherwood,2021Q2,76.0,77.0,train,-0.012903404835907573
E07000175,Newark and Sherwood,2021Q3,62.0,76.0,train,-0.20067069546215155
E07000175,Newark and Sherwood,2021Q4,56.0,62.0,train,-0.10008345855698231
E07000175,Newark and Sherwood,2022Q1,54.0,56.0,train,-0.03571808260207909
E07000175,Newark and Sherwood,2022Q2,60.0,54.0,train,0.10354067894084018
E07000175,Newark and Sherwood,2022Q3,79.0,60.0,train,0.27115277050056985
E07000175,Newark and Sherwood,2022Q4,75.0,79.0,train,-0.05129329438755015
E07000175,Newark and Sherwood,2023Q1,85.0,75.0,train,0.12361395596717628
E07000175,Newark and Sherwood,2023Q2,75.0,85.0,train,-0.12361395596717628
E07000175,Newark and Sherwood,2023Q3,87.0,75.0,train,0.1466034741918758
E07000175,Newark and Sherwood,2024Q2,89.0,91.0,valid,-0.02197890671877545
E07000175,Newark and Sherwood,2024Q3,79.0,89.0,valid,-0.11778303565638382
E07000175,Newark and Sherwood,2024Q4,112.0,79.0,valid,0.3453611840384596
E07000175,Newark and Sherwood,2025Q1,122.0,112.0,test,0.08479653666007625
E07000175,Newark and Sherwood,2025Q2,110.0,122.0,test,-0.10265415406008316
E07000175,Newark and Sherwood,2025Q3,125.0,110.0,test,0.12675170563914406
E07000176,Rushcliffe,2019Q4,79.0,101.0,train,-0.24294617861038947
E07000176,Rushcliffe,2020Q1,60.0,79.0,train,-0.27115277050056985
E07000176,Rushcliffe,2020Q2,51.0,60.0,train,-0.15963014559188382
E07000176,Rushcliffe,2020Q3,58.0,51.0,train,0.12629372532429217
E07000176,Rushcliffe,2020Q4,40.0,58.0,train,-0.36396537720141175
E07000176,Rushcliffe,2021Q1,74.0,40.0,train,0.6039160468320022
E07000176,Rushcliffe,2021Q2,68.0,74.0,train,-0.08338160893905044
E07000176,Rushcliffe,2021Q3,92.0,68.0,train,0.2984929885559966
E07000176,Rushcliffe,2021Q4,63.0,92.0,train,-0.3737164097935848
E07000176,Rushcliffe,2022Q1,85.0,63.0,train,0.29546421289383584
E07000176,Rushcliffe,2022Q2,73.0,85.0,train,-0.15028220304933715
E07000176,Rushcliffe,2022Q3,70.0,73.0,train,-0.04138521616285473
E07000176,Rushcliffe,2022Q4,67.0,70.0,train,-0.0431721718652085
E07000176,Rushcliffe,2023Q1,78.0,67.0,train,0.14994014729091454
E07000176,Rushcliffe,2023Q2,81.0,78.0,train,0.03727139479723185
E07000176,Rushcliffe,2023Q3,82.0,81.0,train,0.012121360532344916
E07000176,Rushcliffe,2023Q4,75.0,82.0,train,-0.0881072675102672
E07000176,Rushcliffe,2024Q1,82.0,75.0,valid,0.0881072675102672
E07000176,Rushcliffe,2024Q2,103.0,82.0,valid,0.22555029134477422
E07000176,Rushcliffe,2024Q3,83.0,103.0,valid,-0.21357410029805912
E07000176,Rushcliffe,2024Q4,79.0,83.0,valid,-0.04879016416943216
E07000176,Rushcliffe,2025Q1,82.0,79.0,test,0.03681397312271706
E07000176,Rushcliffe,2025Q2,70.0,82.0,test,-0.1561607307552828
E07000176,Rushcliffe,2025Q3,60.0,70.0,test,-0.1518060128680041
E07000177,Cherwell,2019Q4,86.0,114.0,train,-0.2790240097086665
E07000177,Cherwell,2020Q1,125.0,86.0,train,0.37037378829689427
E07000177,Cherwell,2020Q2,96.0,125.0,train,-0.26157092844809515
E07000177,Cherwell,2020Q3,66.0,96.0,train,-0.3700183591124171
E07000177,Cherwell,2020Q4,69.0,66.0,train,0.04380262265839363
E07000177,Cherwell,2021Q1,87.0,69.0,train,0.2288415724288475
E07000177,Cherwell,2021Q2,80.0,87.0,train,-0.08288765980576773
E07000177,Cherwell,2021Q3,84.0,80.0,train,0.04820210181787754
E07000177,Cherwell,2021Q4,109.0,84.0,train,0.2578291093020999
E07000177,Cherwell,2022Q1,104.0,109.0,train,-0.0465200156348935
E07000177,Cherwell,2022Q2,97.0,104.0,train,-0.06899287148695077
E07000177,Cherwell,2022Q3,110.0,97.0,train,0.1245627226417616
E07000177,Cherwell,2022Q4,80.0,110.0,train,-0.3150810466398948
E07000177,Cherwell,2023Q1,132.0,80.0,train,0.4958999735493146
E07000177,Cherwell,2023Q2,117.0,132.0,train,-0.11966450375608861
E07000177,Cherwell,2023Q3,110.0,117.0,train,-0.061154423153331194
E07000177,Cherwell,2023Q4,130.0,110.0,train,0.16566712188881727
E07000177,Cherwell,2024Q1,134.0,130.0,valid,0.03007745523727845
E07000177,Cherwell,2024Q2,145.0,134.0,valid,0.07833184326990672
E07000177,Cherwell,2024Q3,146.0,145.0,valid,0.0068259650703996755
E07000177,Cherwell,2024Q4,141.0,146.0,valid,-0.03460552917747517
E07000177,Cherwell,2025Q1,135.0,141.0,test,-0.0431721718652085
E07000177,Cherwell,2025Q2,134.0,135.0,test,-0.007380107297622729
E07000177,Cherwell,2025Q3,149.0,134.0,test,0.10536051565782589
E07000178,Oxford,2019Q4,139.0,222.0,train,-0.465529348850815
E07000178,Oxford,2020Q1,106.0,139.0,train,-0.2688135881473981
E07000178,Oxford,2020Q2,198.0,106.0,train,0.6204759902625865
E07000178,Oxford,2020Q3,138.0,198.0,train,-0.35883089159380077
E07000178,Oxford,2020Q4,128.0,138.0,train,-0.07466152876901955
E07000178,Oxford,2021Q1,117.0,128.0,train,-0.08912777989600684
E07000178,Oxford,2021Q2,103.0,117.0,train,-0.12629372532429262
E07000178,Oxford,2021Q3,141.0,103.0,train,0.31143615845988837
E07000178,Oxford,2021Q4,113.0,141.0,train,-0.2196286092067652
E07000178,Oxford,2022Q1,110.0,113.0,train,-0.026668247082161756
E07000178,Oxford,2022Q2,75.0,110.0,train,-0.37879686102600285
E07000178,Oxford,2022Q3,96.0,75.0,train,0.24397763821705176
E07000178,Oxford,2022Q4,116.0,96.0,train,0.18746295629437348
E07000178,Oxford,2023Q1,168.0,116.0,train,0.3677247801253172
E07000178,Oxford,2023Q2,199.0,168.0,train,0.16841865162496283
E07000178,Oxford,2023Q3,213.0,199.0,train,0.06765864847381486
E07000178,Oxford,2023Q4,243.0,213.0,train,0.13119221027135097
E07000178,Oxford,2024Q1,191.0,243.0,valid,-0.23967285326542065
E07000178,Oxford,2024Q2,257.0,191.0,valid,0.29546421289383584
E07000178,Oxford,2024Q3,254.0,257.0,valid,-0.011696039763191557
E07000178,Oxford,2024Q4,230.0,254.0,valid,-0.09884583463663255
E07000178,Oxford,2025Q1,279.0,230.0,test,0.19237189264745602
E07000178,Oxford,2025Q2,235.0,279.0,test,-0.17095779814363876
E07000178,Oxford,2025Q3,240.0,235.0,test,0.02096512846504428
E07000179,South Oxfordshire,2019Q4,90.0,93.0,train,-0.03243527575315408
E07000179,South Oxfordshire,2020Q1,112.0,90.0,train,0.21652831219549107
E07000179,South Oxfordshire,2020Q2,107.0,112.0,train,-0.0452565915881209
E07000179,South Oxfordshire,2020Q3,80.0,107.0,train,-0.2876820724517808
E07000179,South Oxfordshire,2020Q4,84.0,80.0,train,0.04820210181787754
E07000179,South Oxfordshire,2021Q1,95.0,84.0,train,0.12169693497751943
E07000179,South Oxfordshire,2021Q2,78.0,95.0,train,-0.1949003390008146
E07000179,South Oxfordshire,2021Q3,93.0,78.0,train,0.17384692980298233
E07000179,South Oxfordshire,2021Q4,97.0,93.0,train,0.041672696400568476
E07000179,South Oxfordshire,2022Q1,106.0,97.0,train,0.08786135579133347
E07000179,South Oxfordshire,2022Q2,85.0,106.0,train,-0.21848153820839844
E07000179,South Oxfordshire,2022Q3,118.0,85.0,train,0.3247761968580223
E07000179,South Oxfordshire,2022Q4,129.0,118.0,train,0.08841095734405258
E07000179,South Oxfordshire,2023Q1,144.0,129.0,train,0.109199291964992
E07000179,South Oxfordshire,2023Q2,117.0,144.0,train,-0.2060491179549091
E07000179,South Oxfordshire,2023Q3,140.0,117.0,train,0.17807526591250333
E07000179,South Oxfordshire,2023Q4,126.0,140.0,train,-0.10457280391957724
E07000179,South Oxfordshire,2024Q1,152.0,126.0,valid,0.1862508349338441
E07000179,South Oxfordshire,2024Q2,118.0,152.0,valid,-0.25131442828090567
E07000179,South Oxfordshire,2024Q3,125.0,118.0,valid,0.05715841383994835
E07000179,South Oxfordshire,2024Q4,109.0,125.0,valid,-0.1358015411590614
E07000179,South Oxfordshire,2025Q1,115.0,109.0,test,0.05310982531394792
E07000179,South Oxfordshire,2025Q2,83.0,115.0,test,-0.32277339226305113
E07000179,South Oxfordshire,2025Q3,109.0,83.0,test,0.2696635669491032
E07000180,Vale of White Horse,2019Q4,76.0,79.0,train,-0.03822121282019708
E07000180,Vale of White Horse,2020Q1,102.0,76.0,train,0.29092356637595174
E07000180,Vale of White Horse,2020Q2,94.0,102.0,train,-0.0808520966290951
E07000180,Vale of White Horse,2020Q3,106.0,94.0,train,0.11895194286136501
E07000180,Vale of White Horse,2020Q4,82.0,106.0,train,-0.2539882266653075
E07000180,Vale of White Horse,2021Q1,115.0,82.0,train,0.33474958330976623
E07000180,Vale of White Horse,2021Q2,96.0,115.0,train,-0.17887921260298167
E07000180,Vale of White Horse,2021Q3,97.0,96.0,train,0.010256500167189486
E07000180,Vale of White Horse,2021Q4,106.0,97.0,train,0.08786135579133347
E07000180,Vale of White Horse,2022Q1,101.0,106.0,train,-0.0478560211776351
E07000180,Vale of White Horse,2022Q2,81.0,101.0,train,-0.21825356602001733
E07000180,Vale of White Horse,2022Q3,97.0,81.0,train,0.17824823140631896
E07000180,Vale of White Horse,2022Q4,115.0,97.0,train,0.1686227124357922
E07000180,Vale of White Horse,2023Q1,125.0,115.0,train,0.08269171584511348
E07000180,Vale of White Horse,2023Q2,107.0,125.0,train,-0.15415067982725805
E07000180,Vale of White Horse,2023Q3,152.0,107.0,train,0.34830669426821537
E07000180,Vale of White Horse,2023Q4,135.0,152.0,train,-0.11778303565638293
E07000180,Vale of White Horse,2024Q1,167.0,135.0,valid,0.2113090936672064
E07000180,Vale of White Horse,2024Q2,121.0,167.0,valid,-0.319942934670002
E07000180,Vale of White Horse,2024Q3,142.0,121.0,valid,0.1588235855266502
E07000180,Vale of White Horse,2024Q4,96.0,142.0,valid,-0.38813365175652415
E07000180,Vale of White Horse,2025Q1,148.0,96.0,test,0.4292353274420764
E07000180,Vale of White Horse,2025Q2,114.0,148.0,test,-0.259014177582209
E07000180,Vale of White Horse,2025Q3,93.0,114.0,test,-0.20163734609324635
E07000181,West Oxfordshire,2019Q4,71.0,77.0,train,-0.08004270767353638
E07000181,West Oxfordshire,2020Q1,74.0,71.0,train,0.04082199452025481
E07000181,West Oxfordshire,2020Q2,63.0,74.0,train,-0.15860503017663863
E07000181,West Oxfordshire,2020Q3,68.0,63.0,train,0.07522342123758818
E07000181,West Oxfordshire,2020Q4,65.0,68.0,train,-0.0444517625708345
E07000181,West Oxfordshire,2021Q1,60.0,65.0,train,-0.07878087785311383
E07000181,West Oxfordshire,2021Q2,47.0,60.0,train,-0.2396728532654202
E07000181,West Oxfordshire,2021Q3,77.0,47.0,train,0.48550781578170055
E07000181,West Oxfordshire,2021Q4,66.0,77.0,train,-0.15201620729862597
E07000181,West Oxfordshire,2022Q1,73.0,66.0,train,0.09937247381320446
E07000181,West Oxfordshire,2022Q2,82.0,73.0,train,0.11477551459242807
E07000181,West Oxfordshire,2022Q3,98.0,82.0,train,0.17627924233799153
E07000181,West Oxfordshire,2022Q4,83.0,98.0,train,-0.16430305129127643
E07000181,West Oxfordshire,2023Q1,87.0,83.0,train,0.0465200156348935
E07000181,West Oxfordshire,2023Q2,100.0,87.0,train,0.13778370236305282
E07000181,West Oxfordshire,2023Q3,95.0,100.0,train,-0.05077232537342358
E07000181,West Oxfordshire,2023Q4,81.0,95.0,train,-0.15762894420358275
E07000181,West Oxfordshire,2024Q1,106.0,81.0,valid,0.26610958719765243
E07000181,West Oxfordshire,2024Q2,119.0,106.0,valid,0.11466290832014003
E07000181,West Oxfordshire,2024Q3,96.0,119.0,valid,-0.212780764278663
E07000181,West Oxfordshire,2024Q4,109.0,96.0,valid,0.12576938728903375
E07000181,West Oxfordshire,2025Q1,152.0,109.0,test,0.3299575556000187
E07000181,West Oxfordshire,2025Q2,115.0,152.0,test,-0.2768477302860708
E07000181,West Oxfordshire,2025Q3,151.0,115.0,test,0.27029032973991196
E07000187,Mendip,2019Q4,172.0,186.0,train,-0.07781702235680754
E07000187,Mendip,2020Q1,146.0,172.0,train,-0.16285900771904327
E07000187,Mendip,2020Q2,134.0,146.0,train,-0.0851578083403064
E07000187,Mendip,2020Q3,183.0,134.0,train,0.30966097917055624
E07000187,Mendip,2020Q4,152.0,183.0,train,-0.18449783621655058
E07000187,Mendip,2021Q1,140.0,152.0,train,-0.08167803101426685
E07000187,Mendip,2021Q2,137.0,140.0,train,-0.02150620522096336
E07000187,Mendip,2021Q3,163.0,137.0,train,0.17261274266699367
E07000187,Mendip,2021Q4,141.0,163.0,train,-0.1440393702229379
E07000187,Mendip,2022Q1,162.0,141.0,train,0.13792314320550147
E07000187,Mendip,2022Q2,128.0,162.0,train,-0.23393779644509038
E07000188,Sedgemoor,2019Q4,163.0,182.0,train,-0.10961972501722261
E07000188,Sedgemoor,2020Q1,211.0,163.0,train,0.25671984684781357
E07000188,Sedgemoor,2020Q2,157.0,211.0,train,-0.2939912416450454
E07000188,Sedgemoor,2020Q3,236.0,157.0,train,0.4054651081081646
E07000188,Sedgemoor,2020Q4,150.0,236.0,train,-0.4507803043202072
E07000188,Sedgemoor,2021Q1,220.0,150.0,train,0.38088286470282817
E07000188,Sedgemoor,2021Q2,194.0,220.0,train,-0.12516314295400566
E07000188,Sedgemoor,2021Q3,184.0,194.0,train,-0.052643733485422395
E07000188,Sedgemoor,2021Q4,198.0,184.0,train,0.07294899964616786
E07000188,Sedgemoor,2022Q1,227.0,198.0,train,0.1360408042299488
E07000188,Sedgemoor,2022Q2,121.0,227.0,train,-0.6253245842211843
E07000189,South Somerset,2019Q4,135.0,128.0,train,0.05284248137438041
E07000189,South Somerset,2020Q1,172.0,135.0,train,0.24063670876172694
E07000189,South Somerset,2020Q2,156.0,172.0,train,-0.0970457891494716
E07000189,South Somerset,2020Q3,141.0,156.0,train,-0.10041874774704684
E07000189,South Somerset,2020Q4,132.0,141.0,train,-0.06547792937950714
E07000189,South Somerset,2021Q1,172.0,132.0,train,0.2629424662760256
E07000189,South Somerset,2021Q2,131.0,172.0,train,-0.2704896719114087
E07000189,South Somerset,2021Q3,135.0,131.0,train,0.029852963149681777
E07000189,South Somerset,2021Q4,133.0,135.0,train,-0.014815085785141235
E07000189,South Somerset,2022Q1,151.0,133.0,train,0.12604072089536533
E07000189,South Somerset,2022Q2,125.0,151.0,train,-0.18759861389479848
E07000192,Cannock Chase,2019Q4,58.0,65.0,train,-0.11211729812070548
E07000192,Cannock Chase,2020Q1,76.0,58.0,train,0.2662679779479644
E07000192,Cannock Chase,2020Q2,50.0,76.0,train,-0.4119797891293584
E07000192,Cannock Chase,2020Q3,52.0,50.0,train,0.03846628082779624
E07000192,Cannock Chase,2020Q4,35.0,52.0,train,-0.38677297509601205
E07000192,Cannock Chase,2021Q1,43.0,35.0,train,0.2006706954621511
E07000192,Cannock Chase,2021Q2,49.0,43.0,train,0.12783337150988494
E07000192,Cannock Chase,2021Q3,60.0,49.0,train,0.1988508587451654
E07000192,Cannock Chase,2021Q4,43.0,60.0,train,-0.32668423025505033
E07000192,Cannock Chase,2022Q1,68.0,43.0,train,0.44991687067899866
E07000192,Cannock Chase,2022Q2,47.0,68.0,train,-0.36290549368936853
E07000192,Cannock Chase,2022Q3,60.0,47.0,train,0.2396728532654202
E07000192,Cannock Chase,2022Q4,39.0,60.0,train,-0.4219944100593751
E07000192,Cannock Chase,2023Q1,78.0,39.0,train,0.6805683983530852
E07000192,Cannock Chase,2023Q2,91.0,78.0,train,0.15234072458201897
E07000192,Cannock Chase,2023Q3,80.0,91.0,train,-0.12733942237660134
E07000192,Cannock Chase,2023Q4,58.0,80.0,train,-0.3169117107667194
E07000192,Cannock Chase,2024Q1,53.0,58.0,valid,-0.08855339734144518
E07000192,Cannock Chase,2024Q2,41.0,53.0,valid,-0.2513144282809061
E07000192,Cannock Chase,2024Q3,61.0,41.0,valid,0.38946476676172326
E07000192,Cannock Chase,2024Q4,35.0,61.0,valid,-0.5436154465889818
E07000192,Cannock Chase,2025Q1,71.0,35.0,test,0.6931471805599454
E07000192,Cannock Chase,2025Q2,136.0,71.0,test,0.6433148068120698
E07000192,Cannock Chase,2025Q3,160.0,136.0,test,0.16142343915633806
E07000193,East Staffordshire,2019Q4,132.0,215.0,train,-0.4849292794624116
E07000193,East Staffordshire,2020Q1,187.0,132.0,train,0.3460928346081955
E07000193,East Staffordshire,2020Q2,120.0,187.0,train,-0.4406514172332079
E07000193,East Staffordshire,2020Q3,126.0,120.0,train,0.04839654086184986
E07000193,East Staffordshire,2020Q4,144.0,126.0,train,0.132546655961983
E07000193,East Staffordshire,2021Q1,137.0,144.0,train,-0.049480057263369126
E07000193,East Staffordshire,2021Q2,153.0,137.0,train,0.10969891725642444
E07000193,East Staffordshire,2021Q3,117.0,153.0,train,-0.2662679779479644
E07000193,East Staffordshire,2021Q4,87.0,117.0,train,-0.29334780998745824
E07000193,East Staffordshire,2022Q1,82.0,87.0,train,-0.0584962066816086
E07000193,East Staffordshire,2022Q2,77.0,82.0,train,-0.06213178110700657
E07000193,East Staffordshire,2022Q3,60.0,77.0,train,-0.24583496251628034
E07000193,East Staffordshire,2022Q4,77.0,60.0,train,0.24583496251628034
E07000193,East Staffordshire,2023Q1,71.0,77.0,train,-0.08004270767353638
E07000193,East Staffordshire,2023Q2,79.0,71.0,train,0.10536051565782589
E07000193,East Staffordshire,2023Q3,71.0,79.0,train,-0.10536051565782589
E07000193,East Staffordshire,2023Q4,105.0,71.0,train,0.3867729750960116
E07000193,East Staffordshire,2024Q1,128.0,105.0,valid,0.19637331024960503
E07000193,East Staffordshire,2024Q2,112.0,128.0,valid,-0.13242458564933113
E07000193,East Staffordshire,2025Q1,81.0,187.0,test,-0.8297227155656959
E07000193,East Staffordshire,2025Q2,84.0,81.0,test,0.03593200922606332
E07000193,East Staffordshire,2025Q3,106.0,84.0,test,0.2301775779715891
E07000194,Lichfield,2019Q4,67.0,59.0,train,0.12516314295400655
E07000194,Lichfield,2020Q1,83.0,67.0,train,0.2113090936672064
E07000194,Lichfield,2020Q2,66.0,83.0,train,-0.22612417945234764
E07000194,Lichfield,2020Q3,59.0,66.0,train,-0.11034805716886531
E07000194,Lichfield,2020Q4,81.0,59.0,train,0.31237468504215293
E07000194,Lichfield,2021Q1,56.0,81.0,train,-0.3636679794297031
E07000194,Lichfield,2021Q2,78.0,56.0,train,0.32639658463247123
E07000194,Lichfield,2021Q3,89.0,78.0,train,0.13036181786324352
E07000194,Lichfield,2021Q4,72.0,89.0,train,-0.20935022918187407
E07000194,Lichfield,2022Q1,80.0,72.0,train,0.10398971352404818
E07000194,Lichfield,2022Q2,47.0,80.0,train,-0.523248143764548
E07000194,Lichfield,2022Q3,103.0,47.0,train,0.7731898882334813
E07000194,Lichfield,2022Q4,91.0,103.0,train,-0.12260232209233202
E07000194,Lichfield,2023Q1,95.0,91.0,train,0.04255961441879563
E07000194,Lichfield,2023Q2,84.0,95.0,train,-0.12169693497751943
E07000194,Lichfield,2023Q3,131.0,84.0,train,0.4401506660960539
E07000194,Lichfield,2023Q4,111.0,131.0,train,-0.16430305129127643
E07000194,Lichfield,2024Q1,154.0,111.0,valid,0.3249262456241526
E07000194,Lichfield,2024Q2,106.0,154.0,valid,-0.370596282457341
E07000194,Lichfield,2024Q3,120.0,106.0,valid,0.12296171113483556
E07000194,Lichfield,2024Q4,111.0,120.0,valid,-0.07729167430164718
E07000194,Lichfield,2025Q1,139.0,111.0,test,0.2231435513142097
E07000194,Lichfield,2025Q2,115.0,139.0,test,-0.18805223150293937
E07000194,Lichfield,2025Q3,130.0,115.0,test,0.12160713209478669
E07000195,Newcastle-under-Lyme,2019Q4,93.0,129.0,train,-0.32423966818557837
E07000195,Newcastle-under-Lyme,2020Q1,116.0,93.0,train,0.21887915252775247
E07000195,Newcastle-under-Lyme,2020Q2,81.0,116.0,train,-0.35545468753350296
E07000195,Newcastle-under-Lyme,2020Q3,115.0,81.0,train,0.34687094384211115
E07000195,Newcastle-under-Lyme,2020Q4,102.0,115.0,train,-0.11886120287672863
E07000195,Newcastle-under-Lyme,2021Q1,93.0,102.0,train,-0.09143420595963203
E07000195,Newcastle-under-Lyme,2021Q2,98.0,93.0,train,0.05182506786458596
E07000195,Newcastle-under-Lyme,2021Q3,106.0,98.0,train,0.07770898432731599
E07000195,Newcastle-under-Lyme,2021Q4,109.0,106.0,train,0.027651531330510792
E07000195,Newcastle-under-Lyme,2022Q1,136.0,109.0,train,0.2195005600357085
E07000195,Newcastle-under-Lyme,2022Q2,108.0,136.0,train,-0.22863304359898162
E07000195,Newcastle-under-Lyme,2022Q3,129.0,108.0,train,0.17618656822643874
E07000195,Newcastle-under-Lyme,2022Q4,122.0,129.0,train,-0.05535009508316513
E07000195,Newcastle-under-Lyme,2023Q1,132.0,122.0,train,0.07816477284933665
E07000195,Newcastle-under-Lyme,2023Q2,166.0,132.0,train,0.22764468419500172
E07000195,Newcastle-under-Lyme,2023Q3,157.0,166.0,train,-0.055398779389788544
E07000195,Newcastle-under-Lyme,2023Q4,175.0,157.0,train,0.10788896201118447
E07000195,Newcastle-under-Lyme,2024Q1,164.0,175.0,valid,-0.06453852113757108
E07000195,Newcastle-under-Lyme,2024Q2,146.0,164.0,valid,-0.11551288712184427
E07000195,Newcastle-under-Lyme,2024Q3,156.0,146.0,valid,0.06581321856957167
E07000195,Newcastle-under-Lyme,2024Q4,126.0,156.0,valid,-0.2120587188897165
E07000195,Newcastle-under-Lyme,2025Q1,131.0,126.0,test,0.038614836127779384
E07000195,Newcastle-under-Lyme,2025Q2,139.0,131.0,test,0.058840500022933284
E07000195,Newcastle-under-Lyme,2025Q3,152.0,139.0,test,0.08879549878313142
E07000196,South Staffordshire,2019Q4,35.0,28.0,train,0.21622310846963577
E07000196,South Staffordshire,2020Q1,41.0,35.0,train,0.1541506798272585
E07000196,South Staffordshire,2020Q2,26.0,41.0,train,-0.4418327522790393
E07000196,South Staffordshire,2020Q3,17.0,26.0,train,-0.4054651081081646
E07000196,South Staffordshire,2020Q4,6.0,17.0,train,-0.9444616088408513
E07000196,South Staffordshire,2021Q1,22.0,6.0,train,1.1895840668738364
E07000196,South Staffordshire,2021Q2,11.0,22.0,train,-0.6505875661411493
E07000196,South Staffordshire,2021Q3,12.0,11.0,train,0.08004270767353638
E07000196,South Staffordshire,2021Q4,8.0,12.0,train,-0.3677247801253172
E07000196,South Staffordshire,2022Q1,24.0,8.0,train,1.021651247531981
E07000196,South Staffordshire,2022Q2,26.0,24.0,train,0.07696104113612856
E07000196,South Staffordshire,2022Q3,33.0,26.0,train,0.23052365861183244
E07000196,South Staffordshire,2022Q4,24.0,33.0,train,-0.307484699747961
E07000196,South Staffordshire,2023Q1,40.0,24.0,train,0.4946962418361074
E07000196,South Staffordshire,2023Q2,18.0,40.0,train,-0.7691330875378677
E07000196,South Staffordshire,2023Q3,41.0,18.0,train,0.7932306391169281
E07000196,South Staffordshire,2023Q4,44.0,41.0,train,0.06899287148695121
E07000196,South Staffordshire,2024Q1,36.0,44.0,valid,-0.19574457712609528
E07000196,South Staffordshire,2024Q2,46.0,36.0,valid,0.23922968906583408
E07000196,South Staffordshire,2024Q3,38.0,46.0,valid,-0.18658595558041213
E07000196,South Staffordshire,2024Q4,31.0,38.0,valid,-0.19782574332991976
E07000196,South Staffordshire,2025Q1,64.0,31.0,test,0.7086513670959103
E07000196,South Staffordshire,2025Q2,36.0,64.0,test,-0.5634693572514125
E07000196,South Staffordshire,2025Q3,48.0,36.0,test,0.2809023854664021
E07000197,Stafford,2019Q4,52.0,62.0,train,-0.1728428128394106
E07000197,Stafford,2020Q1,46.0,52.0,train,-0.12014431184206353
E07000197,Stafford,2020Q2,55.0,46.0,train,0.17520408902509121
E07000197,Stafford,2020Q3,43.0,55.0,train,-0.24116205681688863
E07000197,Stafford,2020Q4,50.0,43.0,train,0.1476359988060647
E07000197,Stafford,2021Q1,67.0,50.0,train,0.28768207245178123
E07000197,Stafford,2021Q2,54.0,67.0,train,-0.2121745199436358
E07000197,Stafford,2021Q3,47.0,54.0,train,-0.13613217432458002
E07000197,Stafford,2021Q4,63.0,47.0,train,0.28768207245178035
E07000197,Stafford,2022Q1,57.0,63.0,train,-0.0984400728132524
E07000197,Stafford,2022Q2,49.0,57.0,train,-0.14842000511827314
E07000197,Stafford,2022Q3,44.0,49.0,train,-0.10536051565782634
E07000197,Stafford,2022Q4,81.0,44.0,train,0.6000567574939337
E07000197,Stafford,2023Q1,95.0,81.0,train,0.15762894420358275
E07000197,Stafford,2023Q2,94.0,95.0,train,-0.010471299867295336
E07000197,Stafford,2023Q3,124.0,94.0,train,0.27443684570176075
E07000197,Stafford,2023Q4,105.0,124.0,train,-0.1648746431902346
E07000197,Stafford,2024Q1,99.0,105.0,valid,-0.058268908123975116
E07000197,Stafford,2024Q2,129.0,99.0,valid,0.2623642644674904
E07000197,Stafford,2024Q3,155.0,129.0,valid,0.1823215567939549
E07000197,Stafford,2024Q4,132.0,155.0,valid,-0.15950687902778338
E07000197,Stafford,2025Q1,153.0,132.0,test,0.1466034741918758
E07000197,Stafford,2025Q2,134.0,153.0,test,-0.1316778239751999
E07000197,Stafford,2025Q3,143.0,134.0,test,0.06453852113757108
E07000198,Staffordshire Moorlands,2019Q4,63.0,63.0,train,0.0
E07000198,Staffordshire Moorlands,2020Q1,78.0,63.0,train,0.21056476910735
E07000198,Staffordshire Moorlands,2020Q2,58.0,78.0,train,-0.2919104085613018
E07000198,Staffordshire Moorlands,2020Q3,58.0,58.0,train,0.0
E07000198,Staffordshire Moorlands,2020Q4,55.0,58.0,train,-0.05218575317057006
E07000198,Staffordshire Moorlands,2021Q1,72.0,55.0,train,0.2651077504132413
E07000198,Staffordshire Moorlands,2021Q2,42.0,72.0,train,-0.5292593254548286
E07000198,Staffordshire Moorlands,2021Q3,51.0,42.0,train,0.19004360288786515
E07000198,Staffordshire Moorlands,2021Q4,44.0,51.0,train,-0.1445812288111079
E07000198,Staffordshire Moorlands,2022Q1,39.0,44.0,train,-0.11778303565638337
E07000198,Staffordshire Moorlands,2022Q2,39.0,39.0,train,0.0
E07000198,Staffordshire Moorlands,2022Q3,49.0,39.0,train,0.2231435513142097
E07000198,Staffordshire Moorlands,2022Q4,54.0,49.0,train,0.09531017980432521
E07000198,Staffordshire Moorlands,2023Q1,70.0,54.0,train,0.2553466918088443
E07000198,Staffordshire Moorlands,2023Q2,50.0,70.0,train,-0.33085424431698973
E07000198,Staffordshire Moorlands,2023Q3,49.0,50.0,train,-0.019802627296179764
E07000198,Staffordshire Moorlands,2023Q4,53.0,49.0,train,0.07696104113612856
E07000198,Staffordshire Moorlands,2024Q1,51.0,53.0,valid,-0.03774032798284699
E07000198,Staffordshire Moorlands,2024Q2,47.0,51.0,valid,-0.08004270767353638
E07000198,Staffordshire Moorlands,2024Q3,60.0,47.0,valid,0.2396728532654202
E07000198,Staffordshire Moorlands,2024Q4,45.0,60.0,valid,-0.2822324676842163
E07000198,Staffordshire Moorlands,2025Q1,65.0,45.0,test,0.3610133455373301
E07000198,Staffordshire Moorlands,2025Q2,43.0,65.0,test,-0.40546510810816416
E07000198,Staffordshire Moorlands,2025Q3,45.0,43.0,test,0.04445176257083405
E07000199,Tamworth,2019Q4,72.0,78.0,train,-0.07898841131863055
E07000199,Tamworth,2020Q1,90.0,72.0,train,0.2204000653684588
E07000199,Tamworth,2020Q2,92.0,90.0,train,0.021739986636406528
E07000199,Tamworth,2020Q3,82.0,92.0,train,-0.11375888535665801
E07000199,Tamworth,2020Q4,83.0,82.0,train,0.011976191046715101
E07000199,Tamworth,2021Q1,67.0,83.0,train,-0.2113090936672064
E07000199,Tamworth,2021Q2,56.0,67.0,train,-0.1764564373415567
E07000199,Tamworth,2021Q3,93.0,56.0,train,0.5002435144354536
E07000199,Tamworth,2021Q4,94.0,93.0,train,0.010582109330536937
E07000199,Tamworth,2022Q1,60.0,94.0,train,-0.4430030274272294
E07000199,Tamworth,2022Q2,69.0,60.0,train,0.137621377876048
E07000199,Tamworth,2022Q3,50.0,69.0,train,-0.31666960932503363
E07000199,Tamworth,2022Q4,86.0,50.0,train,0.534082485930258
E07000199,Tamworth,2023Q1,79.0,86.0,train,-0.0838814839807025
E07000199,Tamworth,2023Q2,67.0,79.0,train,-0.16251892949777424
E07000199,Tamworth,2023Q3,81.0,67.0,train,0.1872115420881464
E07000199,Tamworth,2023Q4,87.0,81.0,train,0.07061756721395351
E07000199,Tamworth,2024Q1,85.0,87.0,valid,-0.022989518224699523
E07000199,Tamworth,2024Q2,88.0,85.0,valid,0.034289073478632304
E07000199,Tamworth,2024Q3,95.0,88.0,valid,0.07571182173569646
E07000199,Tamworth,2024Q4,70.0,95.0,valid,-0.30166831442652065
E07000199,Tamworth,2025Q1,68.0,70.0,test,-0.028573372444055778
E07000199,Tamworth,2025Q2,68.0,68.0,test,0.0
E07000199,Tamworth,2025Q3,62.0,68.0,test,-0.0909717782057271
E07000200,Babergh,2019Q4,73.0,79.0,train,-0.07796154146971102
E07000200,Babergh,2020Q1,77.0,73.0,train,0.05264373348542151
E07000200,Babergh,2020Q2,75.0,77.0,train,-0.02597548640326064
E07000200,Babergh,2020Q3,72.0,75.0,train,-0.040273899137940106
E07000200,Babergh,2020Q4,98.0,72.0,train,0.30466040898619884
E07000200,Babergh,2021Q1,83.0,98.0,train,-0.16430305129127643
E07000200,Babergh,2021Q2,73.0,83.0,train,-0.12675170563914318
E07000200,Babergh,2021Q3,64.0,73.0,train,-0.1296778233085334
E07000200,Babergh,2021Q4,76.0,64.0,train,0.16941815195804732
E07000200,Babergh,2022Q1,84.0,76.0,train,0.09884583463663255
E07000200,Babergh,2022Q2,70.0,84.0,train,-0.1799713794490012
E07000200,Babergh,2022Q3,92.0,70.0,train,0.2699196161119408
E07000200,Babergh,2022Q4,83.0,92.0,train,-0.10178269430994291
E07000200,Babergh,2023Q1,101.0,83.0,train,0.19415601444095731
E07000200,Babergh,2023Q2,107.0,101.0,train,0.05715841383994924
E07000200,Babergh,2023Q3,129.0,107.0,train,0.18540322333136228
E07000200,Babergh,2023Q4,109.0,129.0,train,-0.16705408466316563
E07000200,Babergh,2024Q1,143.0,109.0,valid,0.26933293378358414
E07000200,Babergh,2024Q2,151.0,143.0,valid,0.054067221270275745
E07000200,Babergh,2024Q3,131.0,151.0,valid,-0.14107859825990587
E07000200,Babergh,2024Q4,139.0,131.0,valid,0.058840500022933284
E07000200,Babergh,2025Q1,118.0,139.0,test,-0.16251892949777424
E07000200,Babergh,2025Q2,116.0,118.0,test,-0.016949558313773316
E07000200,Babergh,2025Q3,96.0,116.0,test,-0.18746295629437348
E07000202,Ipswich,2019Q4,643.0,456.0,train,0.3430153352101488
E07000202,Ipswich,2020Q1,586.0,643.0,train,-0.09267390627625716
E07000202,Ipswich,2020Q2,446.0,586.0,train,-0.27246622521452757
E07000202,Ipswich,2020Q3,540.0,446.0,train,0.19086068423291191
E07000202,Ipswich,2020Q4,473.0,540.0,train,-0.1322119571514042
E07000202,Ipswich,2021Q1,541.0,473.0,train,0.13405867974456953
E07000202,Ipswich,2021Q2,453.0,541.0,train,-0.1771688033982981
E07000202,Ipswich,2021Q3,451.0,453.0,train,-0.004415018209116717
E07000202,Ipswich,2021Q4,409.0,451.0,train,-0.09752502013387776
E07000202,Ipswich,2022Q1,443.0,409.0,train,0.07966740273387085
E07000202,Ipswich,2022Q2,361.0,443.0,train,-0.20418035060645323
E07000202,Ipswich,2022Q3,336.0,361.0,train,-0.0715612814734099
E07000202,Ipswich,2022Q4,363.0,336.0,train,0.07707093728437897
E07000202,Ipswich,2023Q1,401.0,363.0,train,0.09929822098228058
E07000202,Ipswich,2023Q2,443.0,401.0,train,0.09937247381320358
E07000202,Ipswich,2023Q3,504.0,443.0,train,0.12873386684313548
E07000202,Ipswich,2023Q4,357.0,504.0,train,-0.34402544287465986
E07000202,Ipswich,2024Q1,561.0,357.0,valid,0.4509688634929905
E07000202,Ipswich,2024Q2,527.0,561.0,valid,-0.06240556618742943
E07000202,Ipswich,2024Q3,493.0,527.0,valid,-0.06656076651833853
E07000202,Ipswich,2024Q4,480.0,493.0,valid,-0.026668247082161756
E07000202,Ipswich,2025Q1,571.0,480.0,test,0.17327172127403667
E07000202,Ipswich,2025Q2,567.0,571.0,test,-0.00701757265864611
E07000202,Ipswich,2025Q3,549.0,567.0,test,-0.03220314049463546
E07000203,Mid Suffolk,2019Q4,69.0,84.0,train,-0.19415601444095731
E07000203,Mid Suffolk,2020Q1,57.0,69.0,train,-0.18805223150294026
E07000203,Mid Suffolk,2020Q2,47.0,57.0,train,-0.18924199963852795
E07000203,Mid Suffolk,2020Q3,71.0,47.0,train,0.40546510810816416
E07000203,Mid Suffolk,2020Q4,70.0,71.0,train,-0.013986241974739855
E07000203,Mid Suffolk,2021Q1,80.0,70.0,train,0.13176927763112367
E07000203,Mid Suffolk,2021Q2,77.0,80.0,train,-0.03774032798284743
E07000203,Mid Suffolk,2021Q3,59.0,77.0,train,-0.2623642644674913
E07000203,Mid Suffolk,2021Q4,59.0,59.0,train,0.0
E07000203,Mid Suffolk,2022Q1,68.0,59.0,train,0.13976194237515926
E07000203,Mid Suffolk,2022Q2,80.0,68.0,train,0.16034265007517945
E07000203,Mid Suffolk,2022Q3,87.0,80.0,train,0.08288765980576773
E07000203,Mid Suffolk,2022Q4,80.0,87.0,train,-0.08288765980576773
E07000203,Mid Suffolk,2023Q1,97.0,80.0,train,0.19051832399813318
E07000203,Mid Suffolk,2023Q2,107.0,97.0,train,0.09716374845364761
E07000203,Mid Suffolk,2023Q3,89.0,107.0,train,-0.1823215567939549
E07000203,Mid Suffolk,2023Q4,100.0,89.0,train,0.11531084651099466
E07000203,Mid Suffolk,2024Q1,143.0,100.0,valid,0.35469278273474103
E07000203,Mid Suffolk,2024Q2,163.0,143.0,valid,0.13005312824819804
E07000203,Mid Suffolk,2024Q3,134.0,163.0,valid,-0.19459164938576912
E07000203,Mid Suffolk,2024Q4,128.0,134.0,valid,-0.04546237407675768
E07000203,Mid Suffolk,2025Q1,133.0,128.0,test,0.03802739558923918
E07000203,Mid Suffolk,2025Q2,123.0,133.0,test,-0.07755823434587406
E07000203,Mid Suffolk,2025Q3,117.0,123.0,test,-0.049596941139371964
E07000207,Elmbridge,2019Q4,88.0,74.0,train,0.17114825619582952
E07000207,Elmbridge,2020Q1,89.0,88.0,train,0.01117330059812538
E07000207,Elmbridge,2020Q2,79.0,89.0,train,-0.11778303565638382
E07000207,Elmbridge,2020Q3,86.0,79.0,train,0.0838814839807025
E07000207,Elmbridge,2020Q4,61.0,86.0,train,-0.33877373360949203
E07000207,Elmbridge,2021Q1,86.0,61.0,train,0.33877373360949203
E07000207,Elmbridge,2021Q2,74.0,86.0,train,-0.14842000511827358
E07000207,Elmbridge,2021Q3,79.0,74.0,train,0.06453852113757108
E07000207,Elmbridge,2021Q4,83.0,79.0,train,0.04879016416943216
E07000207,Elmbridge,2022Q1,109.0,83.0,train,0.2696635669491032
E07000207,Elmbridge,2022Q2,101.0,109.0,train,-0.07550755250814589
E07000207,Elmbridge,2022Q3,89.0,101.0,train,-0.12516314295400566
E07000207,Elmbridge,2022Q4,86.0,89.0,train,-0.03390155167568132
E07000207,Elmbridge,2023Q1,91.0,86.0,train,0.05588045839445677
E07000207,Elmbridge,2023Q2,95.0,91.0,train,0.04255961441879563
E07000207,Elmbridge,2023Q3,114.0,95.0,train,0.18058393689541408
E07000207,Elmbridge,2023Q4,80.0,114.0,train,-0.35048297369081105
E07000207,Elmbridge,2024Q1,93.0,80.0,valid,0.1488456275975647
E07000207,Elmbridge,2024Q2,90.0,93.0,valid,-0.03243527575315408
E07000207,Elmbridge,2024Q3,95.0,90.0,valid,0.053488684950986354
E07000207,Elmbridge,2024Q4,87.0,95.0,valid,-0.08701137698962924
E07000207,Elmbridge,2025Q1,91.0,87.0,test,0.04445176257083361
E07000207,Elmbridge,2025Q2,90.0,91.0,test,-0.010929070532190721
E07000207,Elmbridge,2025Q3,87.0,90.0,test,-0.03352269203864289
E07000208,Epsom and Ewell,2019Q4,56.0,84.0,train,-0.3995999886557664
E07000208,Epsom and Ewell,2020Q1,89.0,56.0,train,0.45675840249571475
E07000208,Epsom and Ewell,2020Q2,42.0,89.0,train,-0.7386095546367026
E07000208,Epsom and Ewell,2020Q3,64.0,42.0,train,0.4131871542020744
E07000208,Epsom and Ewell,2020Q4,48.0,64.0,train,-0.28256697178501033
E07000208,Epsom and Ewell,2021Q1,69.0,48.0,train,0.3566749439387329
E07000208,Epsom and Ewell,2021Q2,65.0,69.0,train,-0.05884050002293417
E07000208,Epsom and Ewell,2021Q3,65.0,65.0,train,0.0
E07000208,Epsom and Ewell,2021Q4,58.0,65.0,train,-0.11211729812070548
E07000208,Epsom and Ewell,2022Q1,72.0,58.0,train,0.21292199724267125
E07000208,Epsom and Ewell,2022Q2,40.0,72.0,train,-0.576887374444083
E07000208,Epsom and Ewell,2022Q3,43.0,40.0,train,0.07061756721395307
E07000208,Epsom and Ewell,2022Q4,55.0,43.0,train,0.24116205681688863
E07000208,Epsom and Ewell,2023Q1,65.0,55.0,train,0.16430305129127554
E07000208,Epsom and Ewell,2023Q2,49.0,65.0,train,-0.2776317365982792
E07000208,Epsom and Ewell,2023Q3,69.0,49.0,train,0.3364722366212134
E07000208,Epsom and Ewell,2023Q4,54.0,69.0,train,-0.24116205681688818
E07000208,Epsom and Ewell,2024Q1,76.0,54.0,valid,0.33647223662121295
E07000208,Epsom and Ewell,2024Q2,60.0,76.0,valid,-0.23293155768037277
E07000208,Epsom and Ewell,2024Q3,62.0,60.0,valid,0.03226086221822122
E07000208,Epsom and Ewell,2024Q4,47.0,62.0,valid,-0.2719337154836414
E07000208,Epsom and Ewell,2025Q1,49.0,47.0,test,0.04082199452025481
E07000208,Epsom and Ewell,2025Q2,65.0,49.0,test,0.2776317365982792
E07000208,Epsom and Ewell,2025Q3,70.0,65.0,test,0.07302513501489027
E07000209,Guildford,2019Q4,94.0,126.0,train,-0.29031019485805043
E07000209,Guildford,2020Q1,133.0,94.0,train,0.34396290835037036
E07000209,Guildford,2020Q2,86.0,133.0,train,-0.4319316812963274
E07000209,Guildford,2020Q3,77.0,86.0,train,-0.109199291964992
E07000209,Guildford,2020Q4,113.0,77.0,train,0.37948962170490397
E07000209,Guildford,2021Q1,103.0,113.0,train,-0.09180754925312318
E07000209,Guildford,2021Q2,89.0,103.0,train,-0.14458122881110747
E07000209,Guildford,2021Q3,100.0,89.0,train,0.11531084651099466
E07000209,Guildford,2021Q4,86.0,100.0,train,-0.14921239818667598
E07000209,Guildford,2022Q1,114.0,86.0,train,0.2790240097086665
E07000209,Guildford,2022Q2,97.0,114.0,train,-0.15996464969267787
E07000209,Guildford,2022Q3,108.0,97.0,train,0.10638040355857115
E07000209,Guildford,2022Q4,106.0,108.0,train,-0.018519047767237673
E07000209,Guildford,2023Q1,123.0,106.0,train,0.1474527311431313
E07000209,Guildford,2023Q2,110.0,123.0,train,-0.11075136429270316
E07000209,Guildford,2023Q3,122.0,110.0,train,0.10265415406008316
E07000209,Guildford,2023Q4,115.0,122.0,train,-0.05859416426605257
E07000209,Guildford,2024Q1,125.0,115.0,valid,0.08269171584511348
E07000209,Guildford,2024Q2,113.0,125.0,valid,-0.10008345855698231
E07000209,Guildford,2024Q3,95.0,113.0,valid,-0.17185025692665956
E07000209,Guildford,2024Q4,108.0,95.0,valid,0.12699969076130735
E07000209,Guildford,2025Q1,134.0,108.0,test,0.21392689620928618
E07000209,Guildford,2025Q2,112.0,134.0,test,-0.1778869597260888
E07000209,Guildford,2025Q3,104.0,112.0,test,-0.07342746855481774
E07000210,Mole Valley,2019Q4,96.0,99.0,train,-0.030459207484708983
E07000210,Mole Valley,2020Q1,79.0,96.0,train,-0.19268434382950161
E07000210,Mole Valley,2020Q2,77.0,79.0,train,-0.02531780798428951
E07000210,Mole Valley,2020Q3,68.0,77.0,train,-0.12260232209233202
E07000210,Mole Valley,2020Q4,66.0,68.0,train,-0.029413885206293955
E07000210,Mole Valley,2021Q1,90.0,66.0,train,0.306166887125884
E07000210,Mole Valley,2021Q2,69.0,90.0,train,-0.2623642644674904
E07000210,Mole Valley,2021Q3,75.0,69.0,train,0.0822380982369717
E07000210,Mole Valley,2021Q4,79.0,75.0,train,0.05129329438755015
E07000210,Mole Valley,2022Q1,86.0,79.0,train,0.0838814839807025
E07000210,Mole Valley,2022Q2,78.0,86.0,train,-0.0964602661875622
E07000210,Mole Valley,2022Q3,95.0,78.0,train,0.1949003390008146
E07000210,Mole Valley,2022Q4,62.0,95.0,train,-0.42121346507630353
E07000210,Mole Valley,2023Q1,80.0,62.0,train,0.25131442828090655
E07000210,Mole Valley,2023Q2,65.0,80.0,train,-0.20479441264601395
E07000210,Mole Valley,2023Q3,84.0,65.0,train,0.2529965144638915
E07000210,Mole Valley,2023Q4,90.0,84.0,train,0.06820825002653308
E07000210,Mole Valley,2024Q1,74.0,90.0,valid,-0.19337139298053962
E07000210,Mole Valley,2024Q2,86.0,74.0,valid,0.14842000511827358
E07000210,Mole Valley,2024Q3,77.0,86.0,valid,-0.109199291964992
E07000210,Mole Valley,2024Q4,75.0,77.0,valid,-0.02597548640326064
E07000210,Mole Valley,2025Q1,82.0,75.0,test,0.0881072675102672
E07000210,Mole Valley,2025Q2,66.0,82.0,test,-0.21414798840563254
E07000210,Mole Valley,2025Q3,61.0,66.0,test,-0.07755823434587406
E07000211,Reigate and Banstead,2019Q4,129.0,135.0,train,-0.04512043528047016
E07000211,Reigate and Banstead,2020Q1,133.0,129.0,train,0.030305349495328926
E07000211,Reigate and Banstead,2020Q2,132.0,133.0,train,-0.007490671729157405
E07000211,Reigate and Banstead,2020Q3,116.0,132.0,train,-0.1281751934239974
E07000211,Reigate and Banstead,2020Q4,106.0,116.0,train,-0.08934510033585052
E07000211,Reigate and Banstead,2021Q1,140.0,106.0,train,0.27593105591626266
E07000211,Reigate and Banstead,2021Q2,96.0,140.0,train,-0.3740489118747856
E07000211,Reigate and Banstead,2021Q3,108.0,96.0,train,0.11663690372576063
E07000211,Reigate and Banstead,2021Q4,103.0,108.0,train,-0.046956983087770965
E07000211,Reigate and Banstead,2022Q1,146.0,103.0,train,0.34604168763736354
E07000211,Reigate and Banstead,2022Q2,122.0,146.0,train,-0.17824823140631896
E07000211,Reigate and Banstead,2022Q3,123.0,122.0,train,0.00809721023262
E07000211,Reigate and Banstead,2022Q4,125.0,123.0,train,0.016000341346440905
E07000211,Reigate and Banstead,2023Q1,128.0,125.0,train,0.023530497410193973
E07000211,Reigate and Banstead,2023Q2,131.0,128.0,train,0.022989518224698635
E07000211,Reigate and Banstead,2023Q3,146.0,131.0,train,0.10763066419236544
E07000211,Reigate and Banstead,2023Q4,169.0,146.0,train,0.14536585027152604
E07000211,Reigate and Banstead,2024Q1,195.0,169.0,valid,0.14231622218025475
E07000211,Reigate and Banstead,2024Q2,161.0,195.0,valid,-0.19051832399813318
E07000211,Reigate and Banstead,2024Q3,143.0,161.0,valid,-0.11778303565638293
E07000211,Reigate and Banstead,2024Q4,140.0,143.0,valid,-0.021053409197832273
E07000211,Reigate and Banstead,2025Q1,195.0,140.0,test,0.3293547688523484
E07000211,Reigate and Banstead,2025Q2,169.0,195.0,test,-0.14231622218025475
E07000211,Reigate and Banstead,2025Q3,160.0,169.0,test,-0.05439407206579894
E07000212,Runnymede,2019Q4,50.0,52.0,train,-0.03846628082779624
E07000212,Runnymede,2020Q1,65.0,50.0,train,0.25782910930209946
E07000212,Runnymede,2020Q2,38.0,65.0,train,-0.5260930958967789
E07000212,Runnymede,2020Q3,55.0,38.0,train,0.36179004460550335
E07000212,Runnymede,2020Q4,73.0,55.0,train,0.27871340246902054
E07000212,Runnymede,2021Q1,60.0,73.0,train,-0.19319122903085884
E07000212,Runnymede,2021Q2,51.0,60.0,train,-0.15963014559188382
E07000212,Runnymede,2021Q3,45.0,51.0,train,-0.12260232209233246
E07000212,Runnymede,2021Q4,28.0,45.0,train,-0.46134556650262093
E07000212,Runnymede,2022Q1,66.0,28.0,train,0.8373967894044916
E07000212,Runnymede,2022Q2,64.0,66.0,train,-0.030305349495328926
E07000212,Runnymede,2022Q3,90.0,64.0,train,0.33647223662121295
E07000212,Runnymede,2022Q4,82.0,90.0,train,-0.09201889872025149
E07000212,Runnymede,2023Q1,84.0,82.0,train,0.023810648693718406
E07000212,Runnymede,2023Q2,89.0,84.0,train,0.05715841383994835
E07000212,Runnymede,2023Q3,89.0,89.0,train,0.0
E07000212,Runnymede,2023Q4,93.0,89.0,train,0.04348511193973881
E07000212,Runnymede,2024Q1,76.0,93.0,valid,-0.1994893604163197
E07000212,Runnymede,2024Q2,122.0,76.0,valid,0.46837893351873294
E07000212,Runnymede,2024Q3,71.0,122.0,valid,-0.5355182363563618
E07000212,Runnymede,2024Q4,96.0,71.0,valid,0.2980448594873275
E07000212,Runnymede,2025Q1,100.0,96.0,test,0.04040953833787686
E07000212,Runnymede,2025Q2,97.0,100.0,test,-0.030153038170687374
E07000212,Runnymede,2025Q3,80.0,97.0,test,-0.19051832399813318
E07000213,Spelthorne,2019Q4,123.0,115.0,train,0.06669137449867257
E07000213,Spelthorne,2020Q1,148.0,123.0,train,0.18366474034042213
E07000213,Spelthorne,2020Q2,109.0,148.0,train,-0.3034659401530426
E07000213,Spelthorne,2020Q3,109.0,109.0,train,0.0
E07000213,Spelthorne,2020Q4,81.0,109.0,train,-0.2937611185281632
E07000213,Spelthorne,2021Q1,92.0,81.0,train,0.12588024588900293
E07000213,Spelthorne,2021Q2,82.0,92.0,train,-0.11375888535665801
E07000213,Spelthorne,2021Q3,109.0,82.0,train,0.2816397579958183
E07000213,Spelthorne,2021Q4,103.0,109.0,train,-0.056089466651044084
E07000213,Spelthorne,2022Q1,124.0,103.0,train,0.18392283816092903
E07000213,Spelthorne,2022Q2,89.0,124.0,train,-0.3285040669720365
E07000213,Spelthorne,2022Q3,103.0,89.0,train,0.14458122881110747
E07000213,Spelthorne,2022Q4,90.0,103.0,train,-0.13353139262452274
E07000213,Spelthorne,2023Q1,109.0,90.0,train,0.18962085927556682
E07000213,Spelthorne,2023Q2,134.0,109.0,train,0.20479441264601306
E07000213,Spelthorne,2023Q3,115.0,134.0,train,-0.15168458733206514
E07000213,Spelthorne,2023Q4,127.0,115.0,train,0.0984400728132524
E07000213,Spelthorne,2024Q1,117.0,127.0,valid,-0.08134563945395179
E07000213,Spelthorne,2024Q2,113.0,117.0,valid,-0.03448617607116944
E07000213,Spelthorne,2024Q3,118.0,113.0,valid,0.042925044717033956
E07000213,Spelthorne,2024Q4,109.0,118.0,valid,-0.07864312731911305
E07000213,Spelthorne,2025Q1,153.0,109.0,test,0.33647223662121295
E07000213,Spelthorne,2025Q2,110.0,153.0,test,-0.3274224011012956
E07000213,Spelthorne,2025Q3,94.0,110.0,test,-0.15565330971179314
E07000214,Surrey Heath,2019Q4,53.0,77.0,train,-0.3677247801253172
E07000214,Surrey Heath,2020Q1,73.0,53.0,train,0.31508104663989567
E07000214,Surrey Heath,2020Q2,35.0,73.0,train,-0.7205461547480603
E07000214,Surrey Heath,2020Q3,68.0,35.0,train,0.6505875661411498
E07000214,Surrey Heath,2020Q4,25.0,68.0,train,-0.9760099665757775
E07000214,Surrey Heath,2021Q1,31.0,25.0,train,0.2076393647782444
E07000214,Surrey Heath,2021Q2,26.0,31.0,train,-0.16989903679539742
E07000214,Surrey Heath,2021Q3,36.0,26.0,train,0.3150810466398952
E07000214,Surrey Heath,2021Q4,37.0,36.0,train,0.02666824708216131
E07000214,Surrey Heath,2022Q1,40.0,37.0,train,0.07598590697792229
E07000214,Surrey Heath,2022Q2,43.0,40.0,train,0.07061756721395307
E07000214,Surrey Heath,2022Q3,30.0,43.0,train,-0.35020242943311475
E07000214,Surrey Heath,2022Q4,43.0,30.0,train,0.35020242943311475
E07000214,Surrey Heath,2023Q1,37.0,43.0,train,-0.14660347419187536
E07000214,Surrey Heath,2023Q2,34.0,37.0,train,-0.08223809823697215
E07000214,Surrey Heath,2023Q3,34.0,34.0,train,0.0
E07000214,Surrey Heath,2023Q4,29.0,34.0,train,-0.15415067982725805
E07000214,Surrey Heath,2024Q1,35.0,29.0,valid,0.18232155679395445
E07000214,Surrey Heath,2024Q2,58.0,35.0,valid,0.4940185054496098
E07000214,Surrey Heath,2024Q3,46.0,58.0,valid,-0.22738984219566127
E07000214,Surrey Heath,2024Q4,37.0,46.0,valid,-0.21256144198367277
E07000214,Surrey Heath,2025Q1,44.0,37.0,test,0.16907633004393396
E07000214,Surrey Heath,2025Q2,54.0,44.0,test,0.20067069546215155
E07000214,Surrey Heath,2025Q3,57.0,54.0,test,0.05310982531394792
E07000215,Tandridge,2019Q4,58.0,77.0,train,-0.279171382783872
E07000215,Tandridge,2020Q1,57.0,58.0,train,-0.01709443335930061
E07000215,Tandridge,2020Q2,60.0,57.0,train,0.05043085362689226
E07000215,Tandridge,2020Q3,52.0,60.0,train,-0.1405819506211894
E07000215,Tandridge,2020Q4,62.0,52.0,train,0.1728428128394106
E07000215,Tandridge,2021Q1,71.0,62.0,train,0.13353139262452274
E07000215,Tandridge,2021Q2,62.0,71.0,train,-0.13353139262452274
E07000215,Tandridge,2021Q3,66.0,62.0,train,0.06155789299943315
E07000215,Tandridge,2021Q4,55.0,66.0,train,-0.17934092865581608
E07000215,Tandridge,2022Q1,70.0,55.0,train,0.2373281863061658
E07000215,Tandridge,2022Q2,48.0,70.0,train,-0.370859578930689
E07000215,Tandridge,2022Q3,64.0,48.0,train,0.28256697178501033
E07000215,Tandridge,2022Q4,52.0,64.0,train,-0.20409535634351483
E07000215,Tandridge,2023Q1,71.0,52.0,train,0.30637420546393335
E07000215,Tandridge,2023Q2,72.0,71.0,train,0.01379332213233564
E07000215,Tandridge,2023Q3,77.0,72.0,train,0.06624938554120074
E07000215,Tandridge,2023Q4,65.0,77.0,train,-0.1670540846631665
E07000215,Tandridge,2024Q1,63.0,65.0,valid,-0.030771658666753687
E07000215,Tandridge,2024Q2,78.0,63.0,valid,0.21056476910735
E07000215,Tandridge,2024Q3,77.0,78.0,valid,-0.012739025777429802
E07000215,Tandridge,2024Q4,63.0,77.0,valid,-0.1978257433299202
E07000215,Tandridge,2025Q1,75.0,63.0,test,0.17185025692665956
E07000215,Tandridge,2025Q2,59.0,75.0,test,-0.23638877806423064
E07000215,Tandridge,2025Q3,73.0,59.0,test,0.20972053098206977
E07000216,Waverley,2019Q4,69.0,79.0,train,-0.13353139262452185
E07000216,Waverley,2020Q1,89.0,69.0,train,0.25131442828090567
E07000216,Waverley,2020Q2,72.0,89.0,train,-0.20935022918187407
E07000216,Waverley,2020Q3,63.0,72.0,train,-0.13157635778871946
E07000216,Waverley,2020Q4,72.0,63.0,train,0.13157635778871946
E07000216,Waverley,2021Q1,65.0,72.0,train,-0.10080469912196577
E07000216,Waverley,2021Q2,58.0,65.0,train,-0.11211729812070548
E07000216,Waverley,2021Q3,73.0,58.0,train,0.22652764929845048
E07000216,Waverley,2021Q4,80.0,73.0,train,0.09038406146826894
E07000216,Waverley,2022Q1,70.0,80.0,train,-0.13176927763112367
E07000216,Waverley,2022Q2,56.0,70.0,train,-0.2196286092067652
E07000216,Waverley,2022Q3,61.0,56.0,train,0.0840831172105414
E07000216,Waverley,2022Q4,65.0,61.0,train,0.06252035698133351
E07000216,Waverley,2023Q1,96.0,65.0,train,0.38505623647695764
E07000216,Waverley,2023Q2,77.0,96.0,train,-0.21800215181379112
E07000216,Waverley,2023Q3,65.0,77.0,train,-0.1670540846631665
E07000216,Waverley,2023Q4,86.0,65.0,train,0.2762533766281585
E07000216,Waverley,2024Q1,104.0,86.0,valid,0.18805223150293937
E07000216,Waverley,2024Q2,89.0,104.0,valid,-0.15415067982725805
E07000216,Waverley,2024Q3,93.0,89.0,valid,0.04348511193973881
E07000216,Waverley,2024Q4,69.0,93.0,valid,-0.2947995402206445
E07000216,Waverley,2025Q1,79.0,69.0,test,0.13353139262452185
E07000216,Waverley,2025Q2,84.0,79.0,test,0.060624621816435464
E07000216,Waverley,2025Q3,72.0,84.0,test,-0.15219181534192572
E07000217,Woking,2020Q4,70.0,83.0,train,-0.1681369218019979
E07000217,Woking,2021Q1,94.0,70.0,train,0.2911970145592253
E07000217,Woking,2021Q2,84.0,94.0,train,-0.1112256351102241
E07000217,Woking,2021Q3,91.0,84.0,train,0.0791373205587238
E07000217,Woking,2021Q4,85.0,91.0,train,-0.06744128079553313
E07000217,Woking,2022Q1,92.0,85.0,train,0.07825219689974894
E07000217,Woking,2022Q2,91.0,92.0,train,-0.010810916104215806
E07000217,Woking,2022Q3,81.0,91.0,train,-0.11506932978478712
E07000217,Woking,2022Q4,81.0,81.0,train,0.0
E07000217,Woking,2023Q1,83.0,81.0,train,0.024097551579060017
E07000217,Woking,2023Q2,77.0,83.0,train,-0.07410797215372167
E07000217,Woking,2023Q3,103.0,77.0,train,0.2876820724517808
E07000217,Woking,2023Q4,121.0,103.0,train,0.15963014559188426
E07000217,Woking,2024Q1,128.0,121.0,valid,0.055791359628415194
E07000217,Woking,2024Q2,83.0,128.0,valid,-0.4289956055183586
E07000217,Woking,2024Q3,83.0,83.0,valid,0.0
E07000217,Woking,2024Q4,91.0,83.0,valid,0.0909717782057271
E07000217,Woking,2025Q1,89.0,91.0,test,-0.02197890671877545
E07000217,Woking,2025Q2,74.0,89.0,test,-0.1823215567939549
E07000217,Woking,2025Q3,124.0,74.0,test,0.5108256237659914
E07000218,North Warwickshire,2019Q4,33.0,55.0,train,-0.4989911661189881
E07000218,North Warwickshire,2020Q1,35.0,33.0,train,0.05715841383994835
E07000218,North Warwickshire,2020Q2,38.0,35.0,train,0.08004270767353638
E07000218,North Warwickshire,2020Q3,39.0,38.0,train,0.025317807984289953
E07000218,North Warwickshire,2020Q4,33.0,39.0,train,-0.1625189294977747
E07000218,North Warwickshire,2021Q1,33.0,33.0,train,0.0
E07000218,North Warwickshire,2021Q2,37.0,33.0,train,0.1112256351102241
E07000218,North Warwickshire,2021Q3,32.0,37.0,train,-0.14107859825990543
E07000218,North Warwickshire,2021Q4,51.0,32.0,train,0.4547361571149473
E07000218,North Warwickshire,2022Q1,52.0,51.0,train,0.019048194970694432
E07000218,North Warwickshire,2022Q2,45.0,52.0,train,-0.1416505170630269
E07000218,North Warwickshire,2022Q3,48.0,45.0,train,0.06317890162153139
E07000218,North Warwickshire,2022Q4,55.0,48.0,train,0.13353139262452318
E07000218,North Warwickshire,2023Q1,56.0,55.0,train,0.01769957709940062
E07000218,North Warwickshire,2023Q2,76.0,56.0,train,0.30075415401913386
E07000218,North Warwickshire,2023Q3,74.0,76.0,train,-0.026317308317374
E07000218,North Warwickshire,2023Q4,56.0,74.0,train,-0.27443684570175986
E07000218,North Warwickshire,2024Q1,59.0,56.0,valid,0.05129329438755015
E07000218,North Warwickshire,2024Q2,63.0,59.0,valid,0.06453852113757108
E07000218,North Warwickshire,2024Q3,50.0,63.0,valid,-0.22705745063534577
E07000218,North Warwickshire,2024Q4,60.0,50.0,valid,0.17904823144898563
E07000218,North Warwickshire,2025Q1,60.0,60.0,test,0.0
E07000218,North Warwickshire,2025Q2,59.0,60.0,test,-0.01652930195121094
E07000218,North Warwickshire,2025Q3,57.0,59.0,test,-0.03390155167568132
E07000219,Nuneaton and Bedworth,2019Q4,233.0,246.0,train,-0.054067221270275745
E07000219,Nuneaton and Bedworth,2020Q1,301.0,233.0,train,0.255105902017168
E07000219,Nuneaton and Bedworth,2020Q2,266.0,301.0,train,-0.12317835897462004
E07000219,Nuneaton and Bedworth,2020Q3,258.0,266.0,train,-0.030420596700712288
E07000219,Nuneaton and Bedworth,2020Q4,232.0,258.0,train,-0.1057896081338372
E07000219,Nuneaton and Bedworth,2021Q1,239.0,232.0,train,0.02960046977629105
E07000219,Nuneaton and Bedworth,2021Q2,224.0,239.0,train,-0.06453852113757108
E07000219,Nuneaton and Bedworth,2021Q3,248.0,224.0,train,0.10135249426028725
E07000219,Nuneaton and Bedworth,2021Q4,216.0,248.0,train,-0.13755554292424765
E07000219,Nuneaton and Bedworth,2022Q1,245.0,216.0,train,0.12543418239190274
E07000219,Nuneaton and Bedworth,2022Q2,262.0,245.0,train,0.06682249624540226
E07000219,Nuneaton and Bedworth,2022Q3,224.0,262.0,train,-0.1560536299733446
E07000219,Nuneaton and Bedworth,2022Q4,184.0,224.0,train,-0.19574457712609572
E07000219,Nuneaton and Bedworth,2023Q1,216.0,184.0,train,0.15954152846213532
E07000219,Nuneaton and Bedworth,2023Q2,146.0,216.0,train,-0.3894647667617237
E07000219,Nuneaton and Bedworth,2023Q3,165.0,146.0,train,0.12155520157780764
E07000219,Nuneaton and Bedworth,2023Q4,201.0,165.0,train,0.19627990904466142
E07000219,Nuneaton and Bedworth,2024Q1,190.0,201.0,valid,-0.05599426935457519
E07000219,Nuneaton and Bedworth,2024Q2,220.0,190.0,valid,0.14588927347112257
E07000219,Nuneaton and Bedworth,2024Q3,172.0,220.0,valid,-0.24487110701997317
E07000219,Nuneaton and Bedworth,2024Q4,124.0,172.0,valid,-0.3249778571954778
E07000219,Nuneaton and Bedworth,2025Q1,195.0,124.0,test,0.4498009219282153
E07000219,Nuneaton and Bedworth,2025Q2,157.0,195.0,test,-0.21551962620354992
E07000219,Nuneaton and Bedworth,2025Q3,193.0,157.0,test,0.20526312603636132
E07000220,Rugby,2019Q4,143.0,124.0,train,0.1414995622736992
E07000220,Rugby,2020Q1,137.0,143.0,train,-0.04255961441879563
E07000220,Rugby,2020Q2,63.0,137.0,train,-0.7683706017975336
E07000220,Rugby,2020Q3,82.0,63.0,train,0.25995752443692677
E07000220,Rugby,2020Q4,84.0,82.0,train,0.023810648693718406
E07000220,Rugby,2021Q1,94.0,84.0,train,0.1112256351102241
E07000220,Rugby,2021Q2,72.0,94.0,train,-0.2634174504521498
E07000220,Rugby,2021Q3,96.0,72.0,train,0.28425153735499187
E07000220,Rugby,2021Q4,112.0,96.0,train,0.152676840208958
E07000220,Rugby,2023Q3,80.0,60.0,train,0.2835752904991278
E07000220,Rugby,2023Q4,110.0,80.0,train,0.3150810466398948
E07000220,Rugby,2024Q1,97.0,110.0,valid,-0.1245627226417616
E07000220,Rugby,2024Q2,97.0,97.0,valid,0.0
E07000220,Rugby,2024Q3,94.0,97.0,valid,-0.03109058707003154
E07000220,Rugby,2024Q4,92.0,94.0,valid,-0.02127739844728449
E07000220,Rugby,2025Q1,132.0,92.0,test,0.35774963506849744
E07000220,Rugby,2025Q2,104.0,132.0,test,-0.23638877806423064
E07000220,Rugby,2025Q3,89.0,104.0,test,-0.15415067982725805
E07000221,Stratford-on-Avon,2019Q4,195.0,139.0,train,0.33647223662121295
E07000221,Stratford-on-Avon,2020Q1,162.0,195.0,train,-0.18436445842375448
E07000221,Stratford-on-Avon,2020Q2,156.0,162.0,train,-0.03750439545845463
E07000221,Stratford-on-Avon,2020Q3,156.0,156.0,train,0.0
E07000221,Stratford-on-Avon,2020Q4,128.0,156.0,train,-0.19643340098663575
E07000221,Stratford-on-Avon,2021Q1,141.0,128.0,train,0.09601465323958891
E07000221,Stratford-on-Avon,2021Q2,128.0,141.0,train,-0.09601465323958891
E07000221,Stratford-on-Avon,2021Q3,146.0,128.0,train,0.13062018241706408
E07000221,Stratford-on-Avon,2021Q4,140.0,146.0,train,-0.04167269640056759
E07000221,Stratford-on-Avon,2022Q1,142.0,140.0,train,0.014084739881738528
E07000221,Stratford-on-Avon,2022Q2,140.0,142.0,train,-0.014084739881738528
E07000221,Stratford-on-Avon,2022Q3,138.0,140.0,train,-0.014285957247476944
E07000221,Stratford-on-Avon,2022Q4,128.0,138.0,train,-0.07466152876901955
E07000221,Stratford-on-Avon,2023Q1,137.0,128.0,train,0.06744128079553313
E07000221,Stratford-on-Avon,2023Q2,151.0,137.0,train,0.09662683568907138
E07000221,Stratford-on-Avon,2023Q3,157.0,151.0,train,0.03871451218069044
E07000221,Stratford-on-Avon,2023Q4,139.0,157.0,train,-0.12095261041766303
E07000221,Stratford-on-Avon,2024Q1,166.0,139.0,valid,0.17635138980745158
E07000221,Stratford-on-Avon,2024Q2,165.0,166.0,valid,-0.006006024060211779
E07000221,Stratford-on-Avon,2024Q3,181.0,165.0,valid,0.09201889872025149
E07000221,Stratford-on-Avon,2024Q4,143.0,181.0,valid,-0.23419338750079444
E07000221,Stratford-on-Avon,2025Q1,136.0,143.0,test,-0.049832373747875636
E07000221,Stratford-on-Avon,2025Q2,140.0,136.0,test,0.028778964550043362
E07000221,Stratford-on-Avon,2025Q3,139.0,140.0,test,-0.0071174677688645716
E07000222,Warwick,2019Q4,107.0,124.0,train,-0.1461825101780816
E07000222,Warwick,2020Q1,105.0,107.0,train,-0.018692133012153
E07000222,Warwick,2020Q2,99.0,105.0,train,-0.058268908123975116
E07000222,Warwick,2020Q3,87.0,99.0,train,-0.12783337150988494
E07000222,Warwick,2020Q4,102.0,87.0,train,0.157392173751429
E07000222,Warwick,2021Q1,125.0,102.0,train,0.2015529187218421
E07000222,Warwick,2021Q2,148.0,125.0,train,0.16766439899398122
E07000222,Warwick,2021Q3,131.0,148.0,train,-0.12114438335908861
E07000222,Warwick,2021Q4,133.0,131.0,train,0.015037877364540542
E07000222,Warwick,2022Q1,134.0,133.0,train,0.0074349784875185065
E07000222,Warwick,2022Q2,156.0,134.0,train,0.15097102690987807
E07000222,Warwick,2022Q3,139.0,156.0,train,-0.11460338273900383
E07000222,Warwick,2022Q4,123.0,139.0,train,-0.1213608570042668
E07000222,Warwick,2023Q1,174.0,123.0,train,0.3445044083184774
E07000222,Warwick,2023Q4,199.0,234.0,train,-0.16126814759612262
E07000222,Warwick,2024Q1,212.0,199.0,valid,0.06297479916138915
E07000222,Warwick,2024Q2,188.0,212.0,valid,-0.11954515064978288
E07000222,Warwick,2024Q3,194.0,188.0,valid,0.031252543504104224
E07000222,Warwick,2024Q4,231.0,194.0,valid,0.1737378131025631
E07000222,Warwick,2025Q1,212.0,231.0,test,-0.08544520595688443
E07000222,Warwick,2025Q2,239.0,212.0,test,0.11934675763256575
E07000222,Warwick,2025Q3,180.0,239.0,test,-0.28214189207616513
E07000223,Adur,2019Q4,37.0,48.0,train,-0.2542341383842408
E07000223,Adur,2020Q1,37.0,37.0,train,0.0
E07000223,Adur,2020Q2,35.0,37.0,train,-0.054067221270275745
E07000223,Adur,2020Q3,48.0,35.0,train,0.30830135965451655
E07000223,Adur,2020Q4,39.0,48.0,train,-0.2029408439966902
E07000223,Adur,2021Q1,24.0,39.0,train,-0.4700036292457357
E07000223,Adur,2021Q2,55.0,24.0,train,0.8064758658669491
E07000223,Adur,2021Q3,54.0,55.0,train,-0.018018505502678472
E07000223,Adur,2021Q4,45.0,54.0,train,-0.1786917887433761
E07000223,Adur,2022Q1,45.0,45.0,train,0.0
E07000223,Adur,2022Q2,36.0,45.0,train,-0.21772348384487072
E07000223,Adur,2022Q3,35.0,36.0,train,-0.027398974188114433
E07000223,Adur,2022Q4,37.0,35.0,train,0.054067221270275745
E07000223,Adur,2023Q1,51.0,37.0,train,0.3136575588550419
E07000223,Adur,2023Q2,50.0,51.0,train,-0.019418085857101808
E07000223,Adur,2023Q3,54.0,50.0,train,0.07550755250814545
E07000223,Adur,2023Q4,51.0,54.0,train,-0.05608946665104364
E07000223,Adur,2024Q1,57.0,51.0,valid,0.10919929196499156
E07000223,Adur,2024Q2,38.0,57.0,valid,-0.3968813644167728
E07000223,Adur,2024Q3,57.0,38.0,valid,0.3968813644167728
E07000223,Adur,2024Q4,50.0,57.0,valid,-0.12861737782209337
E07000223,Adur,2025Q1,60.0,50.0,test,0.17904823144898563
E07000223,Adur,2025Q2,64.0,60.0,test,0.06351340572232544
E07000223,Adur,2025Q3,63.0,64.0,test,-0.015504186535965303
E07000224,Arun,2019Q4,134.0,162.0,train,-0.1884754223683327
E07000224,Arun,2020Q1,180.0,134.0,train,0.29322225282739645
E07000224,Arun,2020Q2,73.0,180.0,train,-0.8944319380616559
E07000224,Arun,2020Q3,171.0,73.0,train,0.8434293836092825
E07000224,Arun,2020Q4,177.0,171.0,train,0.034289073478632304
E07000224,Arun,2021Q1,183.0,177.0,train,0.03315220731690083
E07000224,Arun,2021Q2,238.0,183.0,train,0.26152779432252515
E07000224,Arun,2021Q3,206.0,238.0,train,-0.14374475866614222
E07000224,Arun,2021Q4,230.0,206.0,train,0.10969891725642444
E07000224,Arun,2022Q1,242.0,230.0,train,0.050643732818755005
E07000224,Arun,2022Q2,254.0,242.0,train,0.04820210181787754
E07000224,Arun,2022Q3,245.0,254.0,train,-0.03593200922606332
E07000224,Arun,2022Q4,248.0,245.0,train,0.012121360532344916
E07000224,Arun,2023Q1,278.0,248.0,train,0.11375888535665801
E07000224,Arun,2023Q2,238.0,278.0,train,-0.15474822988985437
E07000224,Arun,2023Q3,321.0,238.0,train,0.2980879936128975
E07000224,Arun,2023Q4,245.0,321.0,train,-0.26922000961204606
E07000224,Arun,2024Q1,316.0,245.0,valid,0.25357023794491784
E07000224,Arun,2024Q2,265.0,316.0,valid,-0.1754054650955812
E07000224,Arun,2024Q3,284.0,265.0,valid,0.06899287148695166
E07000224,Arun,2024Q4,266.0,284.0,valid,-0.06524052186840112
E07000224,Arun,2025Q1,342.0,266.0,test,0.25048178876568983
E07000224,Arun,2025Q2,274.0,342.0,test,-0.2209593494993678
E07000224,Arun,2025Q3,298.0,274.0,test,0.08367247572411518
E07000225,Chichester,2019Q4,63.0,148.0,train,-0.8450632225857877
E07000225,Chichester,2020Q1,77.0,63.0,train,0.1978257433299202
E07000225,Chichester,2020Q2,74.0,77.0,train,-0.03922071315328157
E07000225,Chichester,2020Q3,72.0,74.0,train,-0.027028672387919173
E07000225,Chichester,2020Q4,39.0,72.0,train,-0.6015799870344547
E07000225,Chichester,2021Q3,79.0,83.0,train,-0.04879016416943216
E07000225,Chichester,2022Q2,87.0,75.0,train,0.1466034741918758
E07000225,Chichester,2022Q3,102.0,87.0,train,0.157392173751429
E07000225,Chichester,2022Q4,64.0,102.0,train,-0.46034171833399906
E07000225,Chichester,2023Q1,122.0,64.0,train,0.6377970854767803
E07000225,Chichester,2023Q2,109.0,122.0,train,-0.1117039895800005
E07000225,Chichester,2023Q3,98.0,109.0,train,-0.10536051565782678
E07000225,Chichester,2023Q4,113.0,98.0,train,0.14107859825990587
E07000225,Chichester,2024Q1,137.0,113.0,valid,0.1910552367627094
E07000225,Chichester,2024Q2,127.0,137.0,valid,-0.07522342123758818
E07000225,Chichester,2024Q3,139.0,127.0,valid,0.08961215868968697
E07000225,Chichester,2024Q4,109.0,139.0,valid,-0.2411620568168873
E07000225,Chichester,2025Q1,144.0,109.0,test,0.27625337662815763
E07000225,Chichester,2025Q2,164.0,144.0,test,0.1292117314800061
E07000225,Chichester,2025Q3,251.0,164.0,test,0.4234836136108431
E07000226,Crawley,2019Q4,177.0,175.0,train,0.011299555253933669
E07000226,Crawley,2020Q1,242.0,177.0,train,0.3112778930484632
E07000226,Crawley,2020Q2,163.0,242.0,train,-0.3931950155163495
E07000226,Crawley,2020Q3,191.0,163.0,train,0.15762894420358275
E07000226,Crawley,2020Q4,241.0,191.0,train,0.23144235412890524
E07000226,Crawley,2021Q1,251.0,241.0,train,0.04049136135473663
E07000226,Crawley,2021Q2,163.0,251.0,train,-0.4295626596872246
E07000226,Crawley,2021Q3,231.0,163.0,train,0.34687094384211115
E07000226,Crawley,2021Q4,181.0,231.0,train,-0.24273068458951474
E07000226,Crawley,2022Q1,200.0,181.0,train,0.09929822098228058
E07000226,Crawley,2022Q2,151.0,200.0,train,-0.2794243872127993
E07000226,Crawley,2022Q3,197.0,151.0,train,0.26438650984825873
E07000226,Crawley,2022Q4,209.0,197.0,train,0.058840500022933284
E07000226,Crawley,2023Q1,191.0,209.0,train,-0.08961215868968697
E07000226,Crawley,2023Q2,235.0,191.0,train,0.206336432997829
E07000226,Crawley,2023Q3,238.0,235.0,train,0.01263174690590052
E07000226,Crawley,2023Q4,258.0,238.0,train,0.08036450976802634
E07000226,Crawley,2024Q1,260.0,258.0,valid,0.007692345623156349
E07000226,Crawley,2024Q2,332.0,260.0,valid,0.2436220826577502
E07000226,Crawley,2024Q3,353.0,332.0,valid,0.061154423153330306
E07000226,Crawley,2024Q4,271.0,353.0,valid,-0.26349484683777646
E07000226,Crawley,2025Q1,300.0,271.0,test,0.10130819845287764
E07000226,Crawley,2025Q2,255.0,300.0,test,-0.1619328202693131
E07000226,Crawley,2025Q3,188.0,255.0,test,-0.3034304294199197
E07000227,Horsham,2019Q4,122.0,130.0,train,-0.06301296782873411
E07000227,Horsham,2020Q1,104.0,122.0,train,-0.158224005214894
E07000227,Horsham,2020Q2,64.0,104.0,train,-0.4795730802618863
E07000227,Horsham,2020Q3,90.0,64.0,train,0.33647223662121295
E07000227,Horsham,2020Q4,90.0,90.0,train,0.0
E07000227,Horsham,2021Q1,104.0,90.0,train,0.14310084364067333
E07000227,Horsham,2021Q2,116.0,104.0,train,0.10821358464023323
E07000227,Horsham,2021Q3,108.0,116.0,train,-0.07082605256861285
E07000227,Horsham,2021Q4,102.0,108.0,train,-0.05661889399950759
E07000227,Horsham,2022Q1,122.0,102.0,train,0.1774553671427812
E07000227,Horsham,2022Q2,102.0,122.0,train,-0.1774553671427812
E07000227,Horsham,2022Q3,110.0,102.0,train,0.07480121308269805
E07000227,Horsham,2022Q4,88.0,110.0,train,-0.22089383158019427
E07000227,Horsham,2023Q1,112.0,88.0,train,0.23875144898020118
E07000227,Horsham,2023Q2,80.0,112.0,train,-0.3329386640399017
E07000227,Horsham,2023Q3,85.0,80.0,train,0.05989814158106821
E07000227,Horsham,2023Q4,96.0,85.0,train,0.12036368224987548
E07000227,Horsham,2024Q1,92.0,96.0,valid,-0.04211148535012654
E07000227,Horsham,2024Q2,112.0,92.0,valid,0.19478832555908454
E07000227,Horsham,2024Q3,88.0,112.0,valid,-0.23875144898020118
E07000227,Horsham,2024Q4,115.0,88.0,valid,0.26495382137422485
E07000227,Horsham,2025Q1,115.0,115.0,test,0.0
E07000227,Horsham,2025Q2,122.0,115.0,test,0.05859416426605257
E07000227,Horsham,2025Q3,118.0,122.0,test,-0.03306086226088745
E07000228,Mid Sussex,2019Q4,117.0,148.0,train,-0.2332616814797941
E07000228,Mid Sussex,2020Q1,126.0,117.0,train,0.0735024619929261
E07000228,Mid Sussex,2020Q2,102.0,126.0,train,-0.20945809822895534
E07000228,Mid Sussex,2020Q3,109.0,102.0,train,0.06575137756278071
E07000228,Mid Sussex,2020Q4,117.0,109.0,train,0.07020425867324853
E07000228,Mid Sussex,2021Q1,118.0,117.0,train,0.008438868645864517
E07000228,Mid Sussex,2021Q2,106.0,118.0,train,-0.10629465864962384
E07000228,Mid Sussex,2021Q3,122.0,106.0,train,0.1393555209105113
E07000228,Mid Sussex,2021Q4,106.0,122.0,train,-0.1393555209105113
E07000228,Mid Sussex,2022Q1,89.0,106.0,train,-0.17301916413164076
E07000228,Mid Sussex,2022Q2,101.0,89.0,train,0.12516314295400566
E07000228,Mid Sussex,2022Q3,126.0,101.0,train,0.21921427317432052
E07000228,Mid Sussex,2022Q4,73.0,126.0,train,-0.540121993254421
E07000228,Mid Sussex,2023Q1,104.0,73.0,train,0.3498952569533529
E07000228,Mid Sussex,2023Q2,90.0,104.0,train,-0.14310084364067333
E07000228,Mid Sussex,2023Q3,91.0,90.0,train,0.010929070532190721
E07000228,Mid Sussex,2023Q4,141.0,91.0,train,0.4340384805522204
E07000228,Mid Sussex,2024Q1,166.0,141.0,valid,0.16216675481549458
E07000228,Mid Sussex,2024Q2,150.0,166.0,valid,-0.10071397560183115
E07000228,Mid Sussex,2024Q3,120.0,150.0,valid,-0.22148929121818295
E07000228,Mid Sussex,2024Q4,103.0,120.0,valid,-0.15139964645536885
E07000228,Mid Sussex,2025Q1,172.0,103.0,test,0.5089006953564068
E07000228,Mid Sussex,2025Q2,169.0,172.0,test,-0.017493157447517227
E07000228,Mid Sussex,2025Q3,178.0,169.0,test,0.05158736879049286
E07000229,Worthing,2019Q4,110.0,134.0,train,-0.19574457712609572
E07000229,Worthing,2020Q1,143.0,110.0,train,0.2602830982636668
E07000229,Worthing,2020Q2,127.0,143.0,train,-0.11778303565638382
E07000229,Worthing,2020Q3,112.0,127.0,train,-0.12464244520727608
E07000229,Worthing,2020Q4,107.0,112.0,train,-0.0452565915881209
E07000229,Worthing,2021Q1,140.0,107.0,train,0.2666286632539485
E07000229,Worthing,2021Q2,126.0,140.0,train,-0.10457280391957724
E07000229,Worthing,2021Q3,125.0,126.0,train,-0.007905179507113225
E07000229,Worthing,2021Q4,152.0,125.0,train,0.19415601444095731
E07000229,Worthing,2022Q1,124.0,152.0,train,-0.20212418409013377
E07000229,Worthing,2022Q2,163.0,124.0,train,0.27155269052189723
E07000229,Worthing,2022Q3,133.0,163.0,train,-0.20202662787328762
E07000229,Worthing,2022Q4,113.0,133.0,train,-0.16164135155641546
E07000229,Worthing,2023Q1,146.0,113.0,train,0.25423413838424036
E07000229,Worthing,2023Q2,122.0,146.0,train,-0.17824823140631896
E07000229,Worthing,2023Q3,142.0,122.0,train,0.1506602748874899
E07000229,Worthing,2023Q4,109.0,142.0,train,-0.2623642644674904
E07000229,Worthing,2024Q1,147.0,109.0,valid,0.29673190797169813
E07000229,Worthing,2024Q2,149.0,147.0,valid,0.013423020332140823
E07000229,Worthing,2024Q3,177.0,149.0,valid,0.17114825619582952
E07000229,Worthing,2024Q4,142.0,177.0,valid,-0.21893892003217807
E07000229,Worthing,2025Q1,183.0,142.0,test,0.2520911273490789
E07000229,Worthing,2025Q2,170.0,183.0,test,-0.0732722011063256
E07000229,Worthing,2025Q3,179.0,170.0,test,0.05129329438755015
E07000234,Bromsgrove,2019Q4,70.0,78.0,train,-0.10676797542570604
E07000234,Bromsgrove,2020Q1,78.0,70.0,train,0.10676797542570604
E07000234,Bromsgrove,2020Q2,58.0,78.0,train,-0.2919104085613018
E07000234,Bromsgrove,2020Q3,54.0,58.0,train,-0.07020425867324853
E07000234,Bromsgrove,2020Q4,41.0,54.0,train,-0.26966356694910276
E07000234,Bromsgrove,2021Q1,67.0,41.0,train,0.48183808689273855
E07000234,Bromsgrove,2021Q2,48.0,67.0,train,-0.3276874070654805
E07000234,Bromsgrove,2021Q3,58.0,48.0,train,0.18571714579509324
E07000234,Bromsgrove,2021Q4,54.0,58.0,train,-0.07020425867324853
E07000234,Bromsgrove,2022Q1,50.0,54.0,train,-0.07550755250814545
E07000234,Bromsgrove,2022Q2,88.0,50.0,train,0.5568107370078139
E07000234,Bromsgrove,2022Q3,97.0,88.0,train,0.09633110893843266
E07000234,Bromsgrove,2022Q4,97.0,97.0,train,0.0
E07000234,Bromsgrove,2023Q1,109.0,97.0,train,0.11551288712184427
E07000234,Bromsgrove,2023Q2,111.0,109.0,train,0.018018505502677584
E07000234,Bromsgrove,2023Q3,79.0,111.0,train,-0.33647223662121295
E07000234,Bromsgrove,2023Q4,76.0,79.0,train,-0.03822121282019708
E07000234,Bromsgrove,2024Q1,104.0,76.0,valid,0.31015492830383895
E07000234,Bromsgrove,2024Q2,108.0,104.0,valid,0.03738753207162038
E07000234,Bromsgrove,2024Q3,88.0,108.0,valid,-0.2027115124970038
E07000234,Bromsgrove,2024Q4,78.0,88.0,valid,-0.11918851726511814
E07000234,Bromsgrove,2025Q1,95.0,78.0,test,0.1949003390008146
E07000234,Bromsgrove,2025Q2,83.0,95.0,test,-0.13353139262452274
E07000234,Bromsgrove,2025Q3,81.0,83.0,test,-0.024097551579060017
E07000235,Malvern Hills,2019Q4,56.0,62.0,train,-0.10008345855698231
E07000235,Malvern Hills,2020Q1,44.0,56.0,train,-0.23638877806423064
E07000235,Malvern Hills,2020Q2,40.0,44.0,train,-0.09309042306601167
E07000235,Malvern Hills,2020Q3,45.0,40.0,train,0.11506932978478712
E07000235,Malvern Hills,2020Q4,46.0,45.0,train,0.02150620522096336
E07000235,Malvern Hills,2021Q1,36.0,46.0,train,-0.23922968906583408
E07000235,Malvern Hills,2021Q2,51.0,36.0,train,0.3403258059372032
E07000235,Malvern Hills,2021Q3,56.0,51.0,train,0.09180754925312273
E07000235,Malvern Hills,2021Q4,37.0,56.0,train,-0.4054651081081646
E07000235,Malvern Hills,2022Q1,45.0,37.0,train,0.1910552367627094
E07000235,Malvern Hills,2022Q2,46.0,45.0,train,0.02150620522096336
E07000235,Malvern Hills,2022Q3,65.0,46.0,train,0.33950714031636675
E07000235,Malvern Hills,2022Q4,74.0,65.0,train,0.12783337150988494
E07000235,Malvern Hills,2023Q1,56.0,74.0,train,-0.27443684570175986
E07000235,Malvern Hills,2023Q2,54.0,56.0,train,-0.03571808260207909
E07000235,Malvern Hills,2023Q3,60.0,54.0,train,0.10354067894084018
E07000235,Malvern Hills,2023Q4,61.0,60.0,train,0.016260520871780315
E07000235,Malvern Hills,2024Q1,55.0,61.0,valid,-0.10178269430994202
E07000235,Malvern Hills,2024Q2,52.0,55.0,valid,-0.05505977718302768
E07000235,Malvern Hills,2024Q3,74.0,52.0,valid,0.34719619998418816
E07000235,Malvern Hills,2024Q4,57.0,74.0,valid,-0.25704510298989103
E07000235,Malvern Hills,2025Q1,84.0,57.0,test,0.3822082459438976
E07000235,Malvern Hills,2025Q2,68.0,84.0,test,-0.208544751893057
E07000235,Malvern Hills,2025Q3,66.0,68.0,test,-0.029413885206293955
E07000236,Redditch,2019Q4,104.0,119.0,train,-0.13353139262452274
E07000236,Redditch,2020Q1,117.0,104.0,train,0.11672427430814203
E07000236,Redditch,2020Q2,76.0,117.0,train,-0.426879202611981
E07000236,Redditch,2020Q3,105.0,76.0,train,0.3196336722583828
E07000236,Redditch,2020Q4,106.0,105.0,train,0.00938974034983886
E07000236,Redditch,2021Q1,80.0,106.0,train,-0.27837967978946665
E07000236,Redditch,2021Q2,88.0,80.0,train,0.09418721505970051
E07000236,Redditch,2021Q3,124.0,88.0,train,0.33967736757016187
E07000236,Redditch,2022Q2,124.0,85.0,train,0.3739664410487942
E07000236,Redditch,2022Q3,122.0,124.0,train,-0.016129381929884445
E07000236,Redditch,2022Q4,129.0,122.0,train,0.05535009508316513
E07000236,Redditch,2023Q1,147.0,129.0,train,0.1296778233085325
E07000236,Redditch,2023Q2,161.0,147.0,train,0.09038406146826894
E07000236,Redditch,2023Q3,142.0,161.0,train,-0.12475170497247667
E07000236,Redditch,2023Q4,127.0,142.0,train,-0.11081436634029007
E07000236,Redditch,2024Q1,137.0,127.0,valid,0.07522342123758818
E07000236,Redditch,2024Q4,120.0,118.0,valid,0.01666705248521172
E07000236,Redditch,2025Q1,90.0,120.0,test,-0.2849310390798916
E07000236,Redditch,2025Q2,102.0,90.0,test,0.12386948171278611
E07000236,Redditch,2025Q3,95.0,102.0,test,-0.07038079676179976
E07000237,Worcester,2019Q4,161.0,200.0,train,-0.2157085728266921
E07000237,Worcester,2020Q1,221.0,161.0,train,0.31508104663989567
E07000237,Worcester,2020Q2,170.0,221.0,train,-0.26101382536961903
E07000237,Worcester,2020Q3,153.0,170.0,train,-0.10471095408903075
E07000237,Worcester,2020Q4,156.0,153.0,train,0.019293202934678177
E07000237,Worcester,2021Q1,190.0,156.0,train,0.1960276226983222
E07000237,Worcester,2021Q2,203.0,190.0,train,0.06584656579758619
E07000237,Worcester,2021Q3,193.0,203.0,train,-0.05026183478088786
E07000237,Worcester,2021Q4,163.0,193.0,train,-0.16799173123912947
E07000237,Worcester,2022Q1,204.0,163.0,train,0.2231435513142097
E07000237,Worcester,2022Q2,226.0,204.0,train,0.10194003834299448
E07000237,Worcester,2022Q3,178.0,226.0,train,-0.237564211640648
E07000237,Worcester,2022Q4,194.0,178.0,train,0.08561375272299188
E07000237,Worcester,2023Q1,248.0,194.0,train,0.24445333790096058
E07000237,Worcester,2023Q2,222.0,248.0,train,-0.11028112500458853
E07000237,Worcester,2023Q3,163.0,222.0,train,-0.3073053436359201
E07000237,Worcester,2023Q4,187.0,163.0,train,0.13657553500575048
E07000237,Worcester,2024Q1,193.0,187.0,valid,0.03141619623337899
E07000237,Worcester,2024Q2,201.0,193.0,valid,0.04040953833787686
E07000237,Worcester,2024Q3,171.0,201.0,valid,-0.16077322058775234
E07000237,Worcester,2024Q4,174.0,171.0,valid,0.017291497110061727
E07000237,Worcester,2025Q1,228.0,174.0,test,0.2689360296307255
E07000237,Worcester,2025Q2,203.0,228.0,test,-0.11560200971002388
E07000237,Worcester,2025Q3,176.0,203.0,test,-0.14197026127038725
E07000238,Wychavon,2019Q4,129.0,127.0,train,0.015504186535965303
E07000238,Wychavon,2020Q1,115.0,129.0,train,-0.1139442593492177
E07000238,Wychavon,2020Q2,71.0,115.0,train,-0.4769240720903092
E07000238,Wychavon,2020Q3,103.0,71.0,train,0.3677247801253172
E07000238,Wychavon,2020Q4,135.0,103.0,train,0.26826398659467987
E07000238,Wychavon,2021Q1,108.0,135.0,train,-0.2213070035069089
E07000238,Wychavon,2021Q2,95.0,108.0,train,-0.12699969076130735
E07000238,Wychavon,2021Q3,99.0,95.0,train,0.0408219945202557
E07000238,Wychavon,2021Q4,98.0,99.0,train,-0.010050335853502013
E07000238,Wychavon,2022Q1,106.0,98.0,train,0.07770898432731599
E07000238,Wychavon,2022Q2,107.0,106.0,train,0.00930239266231414
E07000238,Wychavon,2022Q3,135.0,107.0,train,0.23052365861183244
E07000238,Wychavon,2022Q4,129.0,135.0,train,-0.04512043528047016
E07000238,Wychavon,2023Q1,137.0,129.0,train,0.05971923470162288
E07000238,Wychavon,2023Q2,120.0,137.0,train,-0.13146313956046374
E07000238,Wychavon,2023Q3,113.0,120.0,train,-0.059592097202245675
E07000238,Wychavon,2023Q4,133.0,113.0,train,0.16164135155641546
E07000238,Wychavon,2024Q1,133.0,133.0,valid,0.0
E07000238,Wychavon,2024Q2,142.0,133.0,valid,0.06500483030899584
E07000238,Wychavon,2024Q3,130.0,142.0,valid,-0.08764730705875579
E07000238,Wychavon,2024Q4,118.0,130.0,valid,-0.09607383008962156
E07000238,Wychavon,2025Q1,147.0,118.0,test,0.21808878065258508
E07000238,Wychavon,2025Q2,120.0,147.0,test,-0.20142172816737336
E07000238,Wychavon,2025Q3,139.0,120.0,test,0.14585187701256253
E07000239,Wyre Forest,2019Q4,102.0,127.0,train,-0.21730127568998103
E07000239,Wyre Forest,2020Q1,139.0,102.0,train,0.306913434379668
E07000239,Wyre Forest,2020Q2,139.0,139.0,train,0.0
E07000239,Wyre Forest,2020Q3,131.0,139.0,train,-0.058840500022933284
E07000239,Wyre Forest,2020Q4,72.0,131.0,train,-0.5923424814379796
E07000239,Wyre Forest,2021Q1,101.0,72.0,train,0.3345133721358797
E07000239,Wyre Forest,2021Q2,111.0,101.0,train,0.09352605801082348
E07000239,Wyre Forest,2021Q3,121.0,111.0,train,0.0855221734381626
E07000239,Wyre Forest,2022Q2,74.0,92.0,train,-0.21511137961694615
E07000239,Wyre Forest,2022Q3,107.0,74.0,train,0.3646431135879098
E07000239,Wyre Forest,2022Q4,62.0,107.0,train,-0.5389965007326873
E07000239,Wyre Forest,2023Q1,192.0,62.0,train,1.119555462513353
E07000239,Wyre Forest,2023Q2,152.0,192.0,train,-0.23225226751245032
E07000239,Wyre Forest,2023Q3,119.0,152.0,train,-0.24294617861038947
E07000239,Wyre Forest,2023Q4,67.0,119.0,train,-0.5679840376059389
E07000239,Wyre Forest,2024Q3,194.0,180.0,valid,0.07450252729792073
E07000239,Wyre Forest,2024Q4,175.0,194.0,valid,-0.10251556352559543
E07000239,Wyre Forest,2025Q1,147.0,175.0,test,-0.17327172127403667
E07000239,Wyre Forest,2025Q2,174.0,147.0,test,0.16757370015939976
E07000239,Wyre Forest,2025Q3,175.0,174.0,test,0.005698021114636909
E07000240,St Albans,2019Q4,111.0,113.0,train,-0.01769957709940151
E07000240,St Albans,2020Q1,109.0,111.0,train,-0.018018505502677584
E07000240,St Albans,2020Q2,51.0,109.0,train,-0.749236647210989
E07000240,St Albans,2020Q3,84.0,51.0,train,0.49140753790888914
E07000240,St Albans,2020Q4,86.0,84.0,train,0.023256862164267034
E07000240,St Albans,2021Q1,52.0,86.0,train,-0.49561620510246174
E07000240,St Albans,2021Q2,70.0,52.0,train,0.2923879634891935
E07000240,St Albans,2021Q3,59.0,70.0,train,-0.16833531481921504
E07000240,St Albans,2021Q4,64.0,59.0,train,0.08004270767353638
E07000240,St Albans,2022Q1,73.0,64.0,train,0.1296778233085334
E07000240,St Albans,2022Q2,60.0,73.0,train,-0.19319122903085884
E07000240,St Albans,2022Q3,84.0,60.0,train,0.3317773923170053
E07000240,St Albans,2022Q4,85.0,84.0,train,0.011696039763190669
E07000240,St Albans,2023Q1,83.0,85.0,train,-0.023530497410193973
E07000240,St Albans,2023Q2,97.0,83.0,train,0.15415067982725894
E07000240,St Albans,2023Q3,97.0,97.0,train,0.0
E07000240,St Albans,2023Q4,127.0,97.0,train,0.2670627852490446
E07000240,St Albans,2024Q1,115.0,127.0,valid,-0.0984400728132524
E07000240,St Albans,2024Q2,108.0,115.0,valid,-0.06224230887722104
E07000240,St Albans,2024Q3,104.0,108.0,valid,-0.03738753207162038
E07000240,St Albans,2024Q4,112.0,104.0,valid,0.07342746855481774
E07000240,St Albans,2025Q1,106.0,112.0,test,-0.05455898425043504
E07000240,St Albans,2025Q2,136.0,106.0,test,0.2471520913662193
E07000240,St Albans,2025Q3,129.0,136.0,test,-0.05244647537254288
E07000241,Welwyn Hatfield,2019Q4,290.0,287.0,train,0.010362787035546717
E07000241,Welwyn Hatfield,2020Q1,352.0,290.0,train,0.19314478976180371
E07000241,Welwyn Hatfield,2020Q2,305.0,352.0,train,-0.14288295498091586
E07000241,Welwyn Hatfield,2020Q3,255.0,305.0,train,-0.1784076574728184
E07000241,Welwyn Hatfield,2020Q4,256.0,255.0,train,0.0038986404156577947
E07000241,Welwyn Hatfield,2021Q1,253.0,256.0,train,-0.011741817876683491
E07000241,Welwyn Hatfield,2021Q2,293.0,253.0,train,0.14624550032014483
E07000241,Welwyn Hatfield,2021Q3,288.0,293.0,train,-0.01715307922624909
E07000241,Welwyn Hatfield,2021Q4,279.0,288.0,train,-0.03163708494318307
E07000241,Welwyn Hatfield,2022Q1,259.0,279.0,train,-0.07410797215372167
E07000241,Welwyn Hatfield,2022Q2,362.0,259.0,train,0.33372120324932286
E07000241,Welwyn Hatfield,2022Q3,412.0,362.0,train,0.1290447586961827
E07000241,Welwyn Hatfield,2022Q4,346.0,412.0,train,-0.17412281301417387
E07000241,Welwyn Hatfield,2023Q1,375.0,346.0,train,0.08026436344303534
E07000241,Welwyn Hatfield,2023Q2,370.0,375.0,train,-0.013387080782459648
E07000241,Welwyn Hatfield,2023Q3,415.0,370.0,train,0.1144831976538283
E07000241,Welwyn Hatfield,2023Q4,354.0,415.0,train,-0.15856747078584732
E07000241,Welwyn Hatfield,2024Q1,414.0,354.0,valid,0.15616073075528192
E07000241,Welwyn Hatfield,2024Q2,355.0,414.0,valid,-0.15334778937866744
E07000241,Welwyn Hatfield,2024Q3,381.0,355.0,valid,0.07048987775454485
E07000241,Welwyn Hatfield,2024Q4,429.0,381.0,valid,0.11836460008103256
E07000241,Welwyn Hatfield,2025Q1,347.0,429.0,test,-0.21158272891313334
E07000241,Welwyn Hatfield,2025Q2,385.0,347.0,test,0.1036348896903565
E07000241,Welwyn Hatfield,2025Q3,496.0,385.0,test,0.2527526566317979
E07000242,East Hertfordshire,2019Q4,129.0,147.0,train,-0.1296778233085325
E07000242,East Hertfordshire,2020Q1,154.0,129.0,train,0.17589066646366458
E07000242,East Hertfordshire,2020Q2,90.0,154.0,train,-0.532565610402397
E07000242,East Hertfordshire,2020Q3,138.0,90.0,train,0.42361442661384174
E07000242,East Hertfordshire,2020Q4,132.0,138.0,train,-0.044124804908937776
E07000242,East Hertfordshire,2021Q1,127.0,132.0,train,-0.038318864302136824
E07000242,East Hertfordshire,2021Q2,135.0,127.0,train,0.060624621816435464
E07000242,East Hertfordshire,2021Q3,133.0,135.0,train,-0.014815085785141235
E07000242,East Hertfordshire,2021Q4,120.0,133.0,train,-0.10204925435416978
E07000242,East Hertfordshire,2022Q1,136.0,120.0,train,0.12419038023138373
E07000242,East Hertfordshire,2022Q2,117.0,136.0,train,-0.14929630136245997
E07000242,East Hertfordshire,2022Q3,104.0,117.0,train,-0.11672427430814203
E07000242,East Hertfordshire,2022Q4,119.0,104.0,train,0.13353139262452274
E07000242,East Hertfordshire,2023Q1,133.0,119.0,train,0.11034805716886531
E07000242,East Hertfordshire,2023Q2,171.0,133.0,train,0.2496546768625416
E07000242,East Hertfordshire,2023Q3,179.0,171.0,train,0.04546237407675768
E07000242,East Hertfordshire,2023Q4,135.0,179.0,train,-0.28030196515415806
E07000242,East Hertfordshire,2024Q1,171.0,135.0,valid,0.23483959107740038
E07000242,East Hertfordshire,2024Q2,142.0,171.0,valid,-0.18464984655354577
E07000242,East Hertfordshire,2024Q3,222.0,142.0,valid,0.4443271412002119
E07000242,East Hertfordshire,2024Q4,260.0,222.0,valid,0.15734863586257486
E07000242,East Hertfordshire,2025Q1,226.0,260.0,test,-0.13957038984129078
E07000242,East Hertfordshire,2025Q2,206.0,226.0,test,-0.09223122421603414
E07000242,East Hertfordshire,2025Q3,214.0,206.0,test,0.03791923486229365
E07000243,Stevenage,2019Q4,152.0,156.0,train,-0.025807883955872413
E07000243,Stevenage,2020Q1,208.0,152.0,train,0.31189633057237565
E07000243,Stevenage,2020Q2,177.0,208.0,train,-0.1605507016727259
E07000243,Stevenage,2020Q3,146.0,177.0,train,-0.19135096351334901
E07000243,Stevenage,2020Q4,170.0,146.0,train,0.15123096972392425
E07000243,Stevenage,2021Q4,166.0,176.0,train,-0.05815592015707338
E07000243,Stevenage,2022Q1,181.0,166.0,train,0.0860128746600397
E07000243,Stevenage,2022Q2,208.0,181.0,train,0.13832756488801579
E07000243,Stevenage,2022Q3,190.0,208.0,train,-0.09006082391818104
E07000243,Stevenage,2022Q4,136.0,190.0,train,-0.3322925022185048
E07000243,Stevenage,2023Q1,163.0,136.0,train,0.17988550199607367
E07000243,Stevenage,2023Q2,189.0,163.0,train,0.14715764433628742
E07000243,Stevenage,2023Q3,243.0,189.0,train,0.250144153132716
E07000243,Stevenage,2023Q4,169.0,243.0,train,-0.3613697882429401
E07000243,Stevenage,2024Q1,167.0,169.0,valid,-0.011834457647003305
E07000243,Stevenage,2024Q2,182.0,167.0,valid,0.0855221734381626
E07000243,Stevenage,2024Q3,196.0,182.0,valid,0.07371757589656713
E07000243,Stevenage,2024Q4,162.0,196.0,valid,-0.18945352793122616
E07000243,Stevenage,2025Q1,190.0,162.0,test,0.15852322723986756
E07000243,Stevenage,2025Q2,219.0,190.0,test,0.14135411830573208
E07000243,Stevenage,2025Q3,198.0,219.0,test,-0.1003227216278697
E07000244,East Suffolk,2019Q4,373.0,397.0,train,-0.06219620786990543
E07000244,East Suffolk,2020Q1,418.0,373.0,train,0.11361512250760519
E07000244,East Suffolk,2020Q2,224.0,418.0,train,-0.6217705177177173
E07000244,East Suffolk,2020Q3,274.0,224.0,train,0.20067069546215155
E07000244,East Suffolk,2020Q4,294.0,274.0,train,0.07020425867324853
E07000244,East Suffolk,2021Q1,338.0,294.0,train,0.13902475104062972
E07000244,East Suffolk,2021Q2,283.0,338.0,train,-0.17702586921924368
E07000244,East Suffolk,2021Q3,297.0,283.0,train,0.04811924834419834
E07000244,East Suffolk,2021Q4,254.0,297.0,train,-0.1558299413469788
E07000244,East Suffolk,2022Q1,301.0,254.0,train,0.1691634722164439
E07000244,East Suffolk,2022Q2,279.0,301.0,train,-0.07563741420562042
E07000244,East Suffolk,2022Q3,284.0,279.0,train,0.01769957709940151
E07000244,East Suffolk,2022Q4,247.0,284.0,train,-0.1390604341036683
E07000244,East Suffolk,2023Q1,307.0,247.0,train,0.21667103680859157
E07000244,East Suffolk,2023Q2,285.0,307.0,train,-0.07410797215372167
E07000244,East Suffolk,2023Q3,280.0,285.0,train,-0.017637141486106955
E07000244,East Suffolk,2023Q4,238.0,280.0,train,-0.16189111740223439
E07000244,East Suffolk,2024Q1,357.0,238.0,valid,0.4040694344691893
E07000244,East Suffolk,2024Q2,353.0,357.0,valid,-0.011236073266926105
E07000244,East Suffolk,2024Q3,347.0,353.0,valid,-0.01709443335929972
E07000244,East Suffolk,2024Q4,263.0,347.0,valid,-0.2762533766281585
E07000244,East Suffolk,2025Q1,281.0,263.0,test,0.06595796779179786
E07000244,East Suffolk,2025Q2,337.0,281.0,test,0.18113882454490504
E07000244,East Suffolk,2025Q3,311.0,337.0,test,-0.08004270767353638
E07000245,West Suffolk,2019Q4,199.0,231.0,train,-0.14842000511827358
E07000245,West Suffolk,2020Q1,231.0,199.0,train,0.14842000511827358
E07000245,West Suffolk,2020Q2,240.0,231.0,train,0.03805956182434489
E07000245,West Suffolk,2020Q3,232.0,240.0,train,-0.03375847992495462
E07000245,West Suffolk,2020Q4,210.0,232.0,train,-0.09918032008963351
E07000245,West Suffolk,2021Q1,259.0,210.0,train,0.20882349753946094
E07000245,West Suffolk,2021Q2,219.0,259.0,train,-0.16705408466316563
E07000245,West Suffolk,2021Q3,208.0,219.0,train,-0.051293294387551036
E07000245,West Suffolk,2021Q4,178.0,208.0,train,-0.154948446124056
E07000245,West Suffolk,2022Q1,189.0,178.0,train,0.05963826631973124
E07000245,West Suffolk,2022Q2,185.0,189.0,train,-0.02127739844728449
E07000245,West Suffolk,2022Q3,235.0,185.0,train,0.23808513131240883
E07000245,West Suffolk,2022Q4,224.0,235.0,train,-0.04773140282119037
E07000245,West Suffolk,2023Q1,226.0,224.0,train,0.008849615276982803
E07000245,West Suffolk,2023Q2,232.0,226.0,train,0.02608843608429723
E07000245,West Suffolk,2023Q3,211.0,232.0,train,-0.09445217889368784
E07000245,West Suffolk,2023Q4,235.0,211.0,train,0.10724553035359818
E07000245,West Suffolk,2024Q1,235.0,235.0,valid,0.0
E07000245,West Suffolk,2024Q2,239.0,235.0,valid,0.01680711831638071
E07000245,West Suffolk,2024Q3,208.0,239.0,valid,-0.13830467137718028
E07000245,West Suffolk,2024Q4,215.0,208.0,valid,0.032944155719354384
E07000245,West Suffolk,2025Q1,210.0,215.0,test,-0.023420274208098668
E07000245,West Suffolk,2025Q2,195.0,210.0,test,-0.07374347424554983
E07000245,West Suffolk,2025Q3,195.0,195.0,test,0.0
E07000246,Somerset West and Taunton,2019Q4,157.0,141.0,train,0.10676797542570604
E07000246,Somerset West and Taunton,2020Q1,174.0,157.0,train,0.10219094089654757
E07000246,Somerset West and Taunton,2020Q4,158.0,145.0,train,0.08529758051189518
E07000246,Somerset West and Taunton,2021Q1,118.0,158.0,train,-0.2897807091087019
E07000246,Somerset West and Taunton,2022Q1,136.0,117.0,train,0.14929630136245997
E07000246,Somerset West and Taunton,2022Q2,159.0,136.0,train,0.15519288940570153
E08000001,Bolton,2019Q4,441.0,450.0,train,-0.020157457424980763
E08000001,Bolton,2020Q1,494.0,441.0,train,0.11324788049099244
E08000001,Bolton,2020Q2,260.0,494.0,train,-0.6400373552459966
E08000001,Bolton,2020Q3,466.0,260.0,train,0.5818088503462038
E08000001,Bolton,2020Q4,432.0,466.0,train,-0.07559152966640781
E08000001,Bolton,2021Q1,412.0,432.0,train,-0.047290135041456516
E08000001,Bolton,2021Q2,412.0,412.0,train,0.0
E08000001,Bolton,2021Q3,521.0,412.0,train,0.23421999492160595
E08000001,Bolton,2021Q4,467.0,521.0,train,-0.109199291964992
E08000001,Bolton,2022Q1,465.0,467.0,train,-0.004282661792001541
E08000001,Bolton,2022Q2,635.0,465.0,train,0.31101292921447676
E08000001,Bolton,2022Q3,632.0,635.0,train,-0.004728141195946556
E08000001,Bolton,2022Q4,602.0,632.0,train,-0.04855322541699003
E08000001,Bolton,2023Q1,652.0,602.0,train,0.0796599325492453
E08000001,Bolton,2023Q2,725.0,652.0,train,0.10597288554836481
E08000001,Bolton,2023Q3,795.0,725.0,train,0.0920491710195872
E08000001,Bolton,2023Q4,717.0,795.0,train,-0.10312961679615906
E08000001,Bolton,2024Q1,741.0,717.0,valid,0.03287967411915638
E08000001,Bolton,2024Q2,782.0,741.0,valid,0.05378345282342245
E08000001,Bolton,2024Q3,758.0,782.0,valid,-0.031130918595172474
E08000001,Bolton,2024Q4,690.0,758.0,valid,-0.09386195362796013
E08000001,Bolton,2025Q1,775.0,690.0,test,0.11601269641554879
E08000001,Bolton,2025Q2,790.0,775.0,test,0.01914544758443526
E08000001,Bolton,2025Q3,870.0,790.0,test,0.09634400908484864
E08000002,Bury,2019Q4,227.0,227.0,train,0.0
E08000002,Bury,2020Q1,242.0,227.0,train,0.06371581438610718
E08000002,Bury,2020Q2,232.0,242.0,train,-0.042022989774848085
E08000002,Bury,2020Q3,183.0,232.0,train,-0.2361026959567143
E08000002,Bury,2020Q4,172.0,183.0,train,-0.061644163111206574
E08000002,Bury,2021Q1,198.0,172.0,train,0.14001323022671297
E08000002,Bury,2021Q2,194.0,198.0,train,-0.02030526616074546
E08000002,Bury,2021Q3,235.0,194.0,train,0.1908322464618637
E08000002,Bury,2021Q4,161.0,235.0,train,-0.37623546979322686
E08000002,Bury,2022Q1,219.0,161.0,train,0.30603121111997833
E08000002,Bury,2022Q2,232.0,219.0,train,0.05741090721333819
E08000002,Bury,2022Q3,200.0,232.0,train,-0.14773354550662443
E08000002,Bury,2022Q4,200.0,200.0,train,0.0
E08000002,Bury,2023Q1,355.0,200.0,train,0.5716258227929547
E08000002,Bury,2023Q2,251.0,355.0,train,-0.34550164334060707
E08000002,Bury,2023Q3,254.0,251.0,train,0.011834457647002417
E08000002,Bury,2023Q4,288.0,254.0,train,0.12516314295400655
E08000002,Bury,2024Q1,327.0,288.0,valid,0.1265869202717118
E08000002,Bury,2024Q2,312.0,327.0,valid,-0.0468104178439912
E08000002,Bury,2024Q3,233.0,312.0,valid,-0.29088207518245124
E08000002,Bury,2025Q2,255.0,274.0,test,-0.07159365318700939
E08000003,Manchester,2019Q4,1291.0,1328.0,train,-0.02823537437069845
E08000003,Manchester,2020Q1,1397.0,1291.0,train,0.07885123845120834
E08000003,Manchester,2020Q2,1297.0,1397.0,train,-0.07421802552972068
E08000003,Manchester,2020Q3,1567.0,1297.0,train,0.18897630364631812
E08000003,Manchester,2020Q4,1349.0,1567.0,train,-0.14969632947787748
E08000003,Manchester,2021Q1,1626.0,1349.0,train,0.18663323578656232
E08000003,Manchester,2021Q2,1661.0,1626.0,train,0.02128386819635608
E08000003,Manchester,2021Q3,1677.0,1661.0,train,0.009580911611757337
E08000003,Manchester,2021Q4,1523.0,1677.0,train,-0.09626415078055928
E08000003,Manchester,2022Q1,1805.0,1523.0,train,0.1697759977303388
E08000003,Manchester,2022Q2,1507.0,1805.0,train,-0.18033018540902912
E08000003,Manchester,2022Q3,1720.0,1507.0,train,0.13212124764363775
E08000003,Manchester,2022Q4,1631.0,1720.0,train,-0.05309926068748716
E08000003,Manchester,2023Q1,1712.0,1631.0,train,0.04843996280006735
E08000003,Manchester,2023Q2,1337.0,1712.0,train,-0.24707025763594626
E08000003,Manchester,2023Q3,1557.0,1337.0,train,0.15222698574252025
E08000003,Manchester,2023Q4,1704.0,1557.0,train,0.09016216328692384
E08000003,Manchester,2024Q1,1413.0,1704.0,valid,-0.1871425432610998
E08000003,Manchester,2024Q2,1410.0,1413.0,valid,-0.0021238946037032136
E08000003,Manchester,2024Q3,1257.0,1410.0,valid,-0.11477551459242896
E08000003,Manchester,2024Q4,1035.0,1257.0,valid,-0.19415601444095731
E08000003,Manchester,2025Q1,1071.0,1035.0,test,0.03415891881131916
E08000003,Manchester,2025Q2,976.0,1071.0,test,-0.092794689587965
E08000003,Manchester,2025Q3,897.0,976.0,test,-0.08431658374058237
E08000004,Oldham,2019Q4,337.0,275.0,train,0.2026450297658693
E08000004,Oldham,2020Q1,370.0,337.0,train,0.0931561671244161
E08000004,Oldham,2020Q2,303.0,370.0,train,-0.19917436120121312
E08000004,Oldham,2020Q3,290.0,303.0,train,-0.04370443423472903
E08000004,Oldham,2020Q4,393.0,290.0,train,0.30302764212644107
E08000004,Oldham,2021Q1,380.0,393.0,train,-0.03355153417123269
E08000004,Oldham,2021Q2,386.0,380.0,train,0.01562531790308075
E08000004,Oldham,2021Q3,468.0,386.0,train,0.19217807541649723
E08000004,Oldham,2021Q4,406.0,468.0,train,-0.1417895830036846
E08000004,Oldham,2022Q1,379.0,406.0,train,-0.06864193272216301
E08000004,Oldham,2022Q2,376.0,379.0,train,-0.00792606527242068
E08000004,Oldham,2022Q3,403.0,376.0,train,0.06916969051313959
E08000004,Oldham,2022Q4,544.0,403.0,train,0.2993709167020935
E08000004,Oldham,2023Q1,650.0,544.0,train,0.1777238475453249
E08000004,Oldham,2023Q2,554.0,650.0,train,-0.15954152846213443
E08000004,Oldham,2023Q3,620.0,554.0,train,0.11236296818704439
E08000004,Oldham,2023Q4,527.0,620.0,train,-0.16223479822721742
E08000004,Oldham,2024Q1,507.0,527.0,valid,-0.038614836127779384
E08000004,Oldham,2024Q2,519.0,507.0,valid,0.023347363996991
E08000004,Oldham,2024Q3,596.0,519.0,valid,0.13808830181712928
E08000004,Oldham,2024Q4,283.0,596.0,valid,-0.742942875231396
E08000004,Oldham,2025Q1,286.0,283.0,test,0.010507977598415152
E08000004,Oldham,2025Q2,286.0,286.0,test,0.0
E08000004,Oldham,2025Q3,307.0,286.0,test,0.07061756721395263
E08000005,Rochdale,2019Q4,275.0,333.0,train,-0.19074012725955125
E08000005,Rochdale,2020Q1,348.0,275.0,train,0.23467105648527742
E08000005,Rochdale,2020Q2,383.0,348.0,train,0.09557063038529989
E08000005,Rochdale,2020Q3,399.0,383.0,train,0.04082199452025481
E08000005,Rochdale,2020Q4,350.0,399.0,train,-0.1306783236421163
E08000005,Rochdale,2021Q1,396.0,350.0,train,0.12315005722132533
E08000005,Rochdale,2021Q2,343.0,396.0,train,-0.1432946233137926
E08000005,Rochdale,2021Q3,362.0,343.0,train,0.05376117689145232
E08000005,Rochdale,2021Q4,396.0,362.0,train,0.08953344642234029
E08000005,Rochdale,2022Q1,418.0,396.0,train,0.05393463923494668
E08000005,Rochdale,2022Q2,411.0,418.0,train,-0.01684757057261077
E08000005,Rochdale,2022Q3,459.0,411.0,train,0.11020314013361432
E08000005,Rochdale,2022Q4,405.0,459.0,train,-0.12487332988140842
E08000005,Rochdale,2023Q1,434.0,405.0,train,0.06899287148695166
E08000005,Rochdale,2023Q2,407.0,434.0,train,-0.06407885668452273
E08000005,Rochdale,2023Q3,574.0,407.0,train,0.3431028663931892
E08000005,Rochdale,2023Q4,611.0,574.0,train,0.0623622417149754
E08000005,Rochdale,2024Q1,669.0,611.0,valid,0.09054542987268555
E08000005,Rochdale,2024Q2,537.0,669.0,valid,-0.21941915222322717
E08000005,Rochdale,2024Q3,531.0,537.0,valid,-0.01121507082013995
E08000005,Rochdale,2024Q4,522.0,531.0,valid,-0.017062025276721293
E08000005,Rochdale,2025Q1,732.0,522.0,test,0.33756423782172806
E08000005,Rochdale,2025Q2,641.0,732.0,test,-0.1325573981966901
E08000005,Rochdale,2025Q3,636.0,641.0,test,-0.007818648117797977
E08000006,Salford,2019Q4,711.0,717.0,train,-0.008391657636248162
E08000006,Salford,2020Q1,818.0,711.0,train,0.14000617244109392
E08000006,Salford,2020Q2,569.0,818.0,train,-0.3624477230244736
E08000006,Salford,2020Q3,682.0,569.0,train,0.18085849874219395
E08000006,Salford,2020Q4,643.0,682.0,train,-0.058796133466436196
E08000006,Salford,2021Q1,698.0,643.0,train,0.08195201612945624
E08000006,Salford,2021Q2,584.0,698.0,train,-0.17803889500195336
E08000006,Salford,2021Q3,471.0,584.0,train,-0.2146328616463018
E08000006,Salford,2021Q4,623.0,471.0,train,0.2791713827838729
E08000006,Salford,2022Q1,816.0,623.0,train,0.2694887264905752
E08000006,Salford,2022Q2,674.0,816.0,train,-0.19092640398747296
E08000006,Salford,2022Q3,476.0,674.0,train,-0.3471961999841886
E08000006,Salford,2022Q4,757.0,476.0,train,0.46316689475403017
E08000006,Salford,2023Q1,887.0,757.0,train,0.1582883573497984
E08000006,Salford,2023Q2,832.0,887.0,train,-0.06393810082532703
E08000006,Salford,2023Q3,828.0,832.0,train,-0.004813487031547936
E08000006,Salford,2024Q3,724.0,764.0,valid,-0.05370417897186108
E08000006,Salford,2024Q4,789.0,724.0,valid,0.08586129060639269
E08000006,Salford,2025Q1,919.0,789.0,test,0.15234072458201897
E08000006,Salford,2025Q2,875.0,919.0,test,-0.04900757910669462
E08000006,Salford,2025Q3,865.0,875.0,test,-0.011481182373956678
E08000007,Stockport,2019Q4,264.0,264.0,train,0.0
E08000007,Stockport,2020Q1,339.0,264.0,train,0.24921579162398544
E08000007,Stockport,2020Q2,217.0,339.0,train,-0.4444505548211186
E08000007,Stockport,2020Q3,282.0,217.0,train,0.26095183485414886
E08000007,Stockport,2020Q4,249.0,282.0,train,-0.12398597978099168
E08000007,Stockport,2021Q1,298.0,249.0,train,0.17898265552844084
E08000007,Stockport,2021Q2,287.0,298.0,train,-0.03748309325474075
E08000007,Stockport,2021Q3,320.0,287.0,train,0.10848064299406968
E08000007,Stockport,2021Q4,329.0,320.0,train,0.027651531330509904
E08000007,Stockport,2022Q1,358.0,329.0,train,0.08422973402775291
E08000007,Stockport,2022Q2,336.0,358.0,train,-0.06323945813591703
E08000007,Stockport,2022Q3,335.0,336.0,train,-0.002971770389157413
E08000007,Stockport,2022Q4,300.0,335.0,train,-0.11000089521432876
E08000007,Stockport,2023Q1,354.0,300.0,train,0.16500752472654057
E08000007,Stockport,2023Q2,272.0,354.0,train,-0.2626459942904562
E08000007,Stockport,2023Q3,328.0,272.0,train,0.18658595558041213
E08000007,Stockport,2023Q4,391.0,328.0,train,0.17520408902509033
E08000007,Stockport,2024Q1,455.0,391.0,valid,0.15123096972392425
E08000007,Stockport,2024Q2,368.0,455.0,valid,-0.2116961654738594
E08000007,Stockport,2024Q3,396.0,368.0,valid,0.07313963664666367
E08000007,Stockport,2024Q4,369.0,396.0,valid,-0.07043327504892094
E08000007,Stockport,2025Q1,375.0,369.0,test,0.01608613775162482
E08000007,Stockport,2025Q2,307.0,375.0,test,-0.1994893604163206
E08000007,Stockport,2025Q3,336.0,307.0,test,0.08998314737878754
E08000008,Tameside,2019Q4,305.0,373.0,train,-0.20067069546215155
E08000008,Tameside,2020Q1,330.0,305.0,train,0.07853327342468219
E08000008,Tameside,2020Q2,284.0,330.0,train,-0.1496291951084121
E08000008,Tameside,2020Q3,309.0,284.0,train,0.0840831172105414
E08000008,Tameside,2020Q4,259.0,309.0,train,-0.17589066646366458
E08000008,Tameside,2021Q1,284.0,259.0,train,0.09180754925312318
E08000008,Tameside,2021Q2,250.0,284.0,train,-0.1270362411368673
E08000008,Tameside,2021Q3,301.0,250.0,train,0.1849740782430862
E08000008,Tameside,2021Q4,289.0,301.0,train,-0.040546094394350085
E08000008,Tameside,2022Q1,288.0,289.0,train,-0.003454234868087269
E08000008,Tameside,2022Q2,308.0,288.0,train,0.06691458878531353
E08000008,Tameside,2022Q3,283.0,308.0,train,-0.08436703873653961
E08000008,Tameside,2022Q4,297.0,283.0,train,0.04811924834419834
E08000008,Tameside,2023Q1,402.0,297.0,train,0.301843075441278
E08000008,Tameside,2023Q2,361.0,402.0,train,-0.1072923501209111
E08000008,Tameside,2023Q3,412.0,361.0,train,0.1318033811352617
E08000008,Tameside,2023Q4,387.0,412.0,train,-0.062442253337759546
E08000008,Tameside,2024Q1,413.0,387.0,valid,0.06486063420204058
E08000008,Tameside,2024Q2,380.0,413.0,valid,-0.08306659869861299
E08000008,Tameside,2024Q3,430.0,380.0,valid,0.12330871497704621
E08000008,Tameside,2025Q2,502.0,505.0,test,-0.005946499187726495
E08000008,Tameside,2025Q3,494.0,502.0,test,-0.016032407531048953
E08000009,Trafford,2019Q4,255.0,362.0,train,-0.34922538978528817
E08000009,Trafford,2020Q1,253.0,255.0,train,-0.007843177461025697
E08000009,Trafford,2020Q2,165.0,253.0,train,-0.42534647866199293
E08000009,Trafford,2020Q3,202.0,165.0,train,0.2012181906852435
E08000009,Trafford,2020Q4,220.0,202.0,train,0.08495672247596531
E08000009,Trafford,2021Q1,244.0,220.0,train,0.10309550902697495
E08000009,Trafford,2021Q2,213.0,244.0,train,-0.13528219552287624
E08000009,Trafford,2021Q3,240.0,213.0,train,0.1188209184688036
E08000009,Trafford,2021Q4,225.0,240.0,train,-0.06426193421836857
E08000009,Trafford,2022Q1,320.0,225.0,train,0.35090612385772957
E08000009,Trafford,2022Q2,201.0,320.0,train,-0.4631734257288107
E08000009,Trafford,2022Q3,229.0,201.0,train,0.1298116115219905
E08000009,Trafford,2022Q4,212.0,229.0,train,-0.07678714321377011
E08000009,Trafford,2023Q1,261.0,212.0,train,0.20705233805167111
E08000009,Trafford,2023Q2,221.0,261.0,train,-0.16566712188881727
E08000009,Trafford,2023Q3,242.0,221.0,train,0.09038406146826894
E08000009,Trafford,2023Q4,207.0,242.0,train,-0.15552336363923036
E08000009,Trafford,2024Q1,233.0,207.0,valid,0.11778303565638382
E08000009,Trafford,2024Q2,223.0,233.0,valid,-0.04367506350266215
E08000009,Trafford,2024Q3,234.0,223.0,valid,0.04793946228911938
E08000009,Trafford,2024Q4,217.0,234.0,valid,-0.07509045135507009
E08000009,Trafford,2025Q1,258.0,217.0,test,0.1723329989104485
E08000009,Trafford,2025Q2,243.0,258.0,test,-0.05965983640633521
E08000009,Trafford,2025Q3,303.0,243.0,test,0.2198594761130197
E08000010,Wigan,2020Q1,489.0,308.0,train,0.46106411420692606
E08000010,Wigan,2020Q2,504.0,489.0,train,0.030153038170688262
E08000010,Wigan,2020Q3,564.0,504.0,train,0.11226730187108114
E08000010,Wigan,2020Q4,509.0,564.0,train,-0.10241500542807014
E08000010,Wigan,2021Q1,563.0,509.0,train,0.10064352577968805
E08000010,Wigan,2021Q2,564.0,563.0,train,0.0017714796483820905
E08000010,Wigan,2021Q3,589.0,564.0,train,0.0432968057533234
E08000010,Wigan,2021Q4,554.0,589.0,train,-0.061154423153330306
E08000010,Wigan,2022Q1,591.0,554.0,train,0.06453852113757108
E08000010,Wigan,2022Q2,592.0,591.0,train,0.0016877641137202914
E08000010,Wigan,2022Q3,594.0,592.0,train,0.0033670065479043387
E08000010,Wigan,2022Q4,637.0,594.0,train,0.06977687779915964
E08000010,Wigan,2023Q1,696.0,637.0,train,0.08844712741573435
E08000010,Wigan,2023Q2,603.0,696.0,train,-0.14321121282570903
E08000010,Wigan,2023Q3,602.0,603.0,train,-0.0016570012076293494
E08000010,Wigan,2023Q4,622.0,602.0,train,0.03262932206026736
E08000010,Wigan,2024Q1,646.0,622.0,valid,0.037799775713447836
E08000010,Wigan,2024Q2,613.0,646.0,valid,-0.0523513663537587
E08000010,Wigan,2024Q3,592.0,613.0,valid,-0.03480052914941645
E08000010,Wigan,2024Q4,641.0,592.0,valid,0.0793939046922354
E08000010,Wigan,2025Q1,647.0,641.0,test,0.009302392662313252
E08000010,Wigan,2025Q2,651.0,647.0,test,0.006153865574378692
E08000010,Wigan,2025Q3,680.0,651.0,test,0.04351774422285892
E08000011,Knowsley,2019Q4,208.0,275.0,train,-0.27806661375233865
E08000011,Knowsley,2020Q1,303.0,208.0,train,0.3746934494414109
E08000011,Knowsley,2020Q2,229.0,303.0,train,-0.2789483924830263
E08000011,Knowsley,2020Q3,277.0,229.0,train,0.1895418047674413
E08000011,Knowsley,2020Q4,257.0,277.0,train,-0.07466152876901955
E08000011,Knowsley,2021Q1,353.0,257.0,train,0.3163373282121569
E08000011,Knowsley,2021Q2,296.0,353.0,train,-0.17556477433107442
E08000011,Knowsley,2021Q3,284.0,296.0,train,-0.04124295853404902
E08000011,Knowsley,2021Q4,263.0,284.0,train,-0.0765400771223348
E08000011,Knowsley,2022Q1,377.0,263.0,train,0.358945092473272
E08000011,Knowsley,2022Q2,320.0,377.0,train,-0.1634530724895722
E08000011,Knowsley,2022Q3,356.0,320.0,train,0.10629465864962295
E08000011,Knowsley,2022Q4,282.0,356.0,train,-0.23228888413640103
E08000011,Knowsley,2023Q1,340.0,282.0,train,0.18643557964027924
E08000011,Knowsley,2023Q2,311.0,340.0,train,-0.08887928947403445
E08000011,Knowsley,2023Q3,354.0,311.0,train,0.12911460166593347
E08000011,Knowsley,2023Q4,328.0,354.0,train,-0.07606003871004408
E08000011,Knowsley,2024Q1,289.0,328.0,valid,-0.12617682778485229
E08000011,Knowsley,2024Q2,298.0,289.0,valid,0.030562650410167258
E08000011,Knowsley,2024Q3,278.0,298.0,valid,-0.06923179156932147
E08000011,Knowsley,2024Q4,240.0,278.0,valid,-0.1464148483307106
E08000011,Knowsley,2025Q1,357.0,240.0,test,0.39573605291004554
E08000011,Knowsley,2025Q2,306.0,357.0,test,-0.1536852388135035
E08000011,Knowsley,2025Q3,257.0,306.0,test,-0.1738881626655795
E08000012,Liverpool,2019Q4,442.0,659.0,train,-0.3986700649753354
E08000012,Liverpool,2020Q1,435.0,442.0,train,-0.015927526696101424
E08000012,Liverpool,2020Q2,230.0,435.0,train,-0.635224532827241
E08000012,Liverpool,2020Q3,334.0,230.0,train,0.371712821303273
E08000012,Liverpool,2020Q4,292.0,334.0,train,-0.13395792280799856
E08000012,Liverpool,2021Q1,412.0,292.0,train,0.3432749839439655
E08000012,Liverpool,2021Q2,402.0,412.0,train,-0.024511031014350593
E08000012,Liverpool,2021Q3,320.0,402.0,train,-0.22749543881666678
E08000012,Liverpool,2021Q4,322.0,320.0,train,0.006211200092640645
E08000012,Liverpool,2022Q1,422.0,322.0,train,0.2697198558236211
E08000012,Liverpool,2022Q2,451.0,422.0,train,0.06631000078595406
E08000012,Liverpool,2022Q3,421.0,451.0,train,-0.06867686579621957
E08000012,Liverpool,2022Q4,408.0,421.0,train,-0.03129015799320989
E08000012,Liverpool,2023Q1,382.0,408.0,train,-0.0656801668621565
E08000012,Liverpool,2023Q2,403.0,382.0,train,0.053379888780504814
E08000012,Liverpool,2023Q3,418.0,403.0,train,0.03645604196098695
E08000012,Liverpool,2023Q4,397.0,418.0,train,-0.051418914637699764
E08000012,Liverpool,2024Q1,451.0,397.0,valid,0.12723017454779395
E08000012,Liverpool,2024Q2,562.0,451.0,valid,0.21959744830745898
E08000012,Liverpool,2024Q3,499.0,562.0,valid,-0.11867152971749917
E08000012,Liverpool,2024Q4,457.0,499.0,valid,-0.08773891430800607
E08000012,Liverpool,2025Q1,578.0,457.0,test,0.23443329345881025
E08000012,Liverpool,2025Q2,746.0,578.0,test,0.2547627075598218
E08000012,Liverpool,2025Q3,806.0,746.0,test,0.07725848313713168
E08000013,St. Helens,2019Q4,224.0,212.0,train,0.05480823649499467
E08000013,St. Helens,2020Q1,230.0,224.0,train,0.02631730831737311
E08000013,St. Helens,2020Q2,186.0,230.0,train,-0.2113090936672064
E08000013,St. Helens,2020Q3,191.0,186.0,train,0.026386755173194665
E08000013,St. Helens,2020Q4,171.0,191.0,train,-0.11000089521432876
E08000013,St. Helens,2021Q1,192.0,171.0,train,0.11519571209143287
E08000013,St. Helens,2021Q2,202.0,192.0,train,0.05051579013690155
E08000013,St. Helens,2021Q3,187.0,202.0,train,-0.07676401621183793
E08000013,St. Helens,2021Q4,179.0,187.0,train,-0.04348511193973881
E08000013,St. Helens,2022Q1,240.0,179.0,train,0.29184008260044436
E08000013,St. Helens,2022Q2,257.0,240.0,train,0.06816265143096256
E08000013,St. Helens,2022Q3,197.0,257.0,train,-0.26469255422708216
E08000013,St. Helens,2022Q4,201.0,197.0,train,0.02000066670666989
E08000013,St. Helens,2023Q1,179.0,201.0,train,-0.11531084651099466
E08000013,St. Helens,2023Q2,188.0,179.0,train,0.04879016416943216
E08000013,St. Helens,2023Q3,199.0,188.0,train,0.05657035148839373
E08000013,St. Helens,2023Q4,212.0,199.0,train,0.06297479916138915
E08000013,St. Helens,2024Q1,266.0,212.0,valid,0.22595649269082418
E08000013,St. Helens,2024Q2,218.0,266.0,valid,-0.1981769285837487
E08000013,St. Helens,2024Q3,162.0,218.0,valid,-0.2953215290097386
E08000013,St. Helens,2024Q4,204.0,162.0,valid,0.22925977833164612
E08000013,St. Helens,2025Q1,218.0,204.0,test,0.0660617506780925
E08000013,St. Helens,2025Q2,240.0,218.0,test,0.09572520367415382
E08000013,St. Helens,2025Q3,207.0,240.0,test,-0.1472588537893369
E08000014,Sefton,2019Q4,156.0,181.0,train,-0.14776088172848745
E08000014,Sefton,2020Q1,164.0,156.0,train,0.04969966855227259
E08000014,Sefton,2020Q2,198.0,164.0,train,0.18735935082391197
E08000014,Sefton,2020Q3,145.0,198.0,train,-0.3096982030161559
E08000014,Sefton,2020Q4,173.0,145.0,train,0.17544867750619275
E08000014,Sefton,2021Q1,203.0,173.0,train,0.15906469462968698
E08000014,Sefton,2021Q2,249.0,203.0,train,0.20334092401802994
E08000014,Sefton,2021Q3,198.0,249.0,train,-0.22815609313775376
E08000014,Sefton,2021Q4,128.0,198.0,train,-0.4334924203628203
E08000014,Sefton,2022Q1,200.0,128.0,train,0.4434925036974038
E08000014,Sefton,2022Q2,245.0,200.0,train,0.20202662787328673
E08000014,Sefton,2022Q3,231.0,245.0,train,-0.05859416426605257
E08000014,Sefton,2022Q4,276.0,231.0,train,0.17728013452102864
E08000014,Sefton,2023Q1,284.0,276.0,train,0.028471674081312237
E08000014,Sefton,2023Q2,296.0,284.0,train,0.04124295853404902
E08000014,Sefton,2023Q3,300.0,296.0,train,0.0133781259461756
E08000014,Sefton,2023Q4,302.0,300.0,train,0.006622540760493401
E08000014,Sefton,2024Q1,311.0,302.0,valid,0.029270382300113695
E08000014,Sefton,2024Q2,276.0,311.0,valid,-0.11898568162214396
E08000014,Sefton,2024Q3,257.0,276.0,valid,-0.07105792126572119
E08000014,Sefton,2024Q4,279.0,257.0,valid,0.08183001824763192
E08000014,Sefton,2025Q1,234.0,279.0,test,-0.17520408902509033
E08000014,Sefton,2025Q2,246.0,234.0,test,0.04980282248381851
E08000014,Sefton,2025Q3,296.0,246.0,test,0.18434380217472235
E08000015,Wirral,2019Q4,258.0,316.0,train,-0.20207371217774295
E08000015,Wirral,2020Q1,319.0,258.0,train,0.21149293409423464
E08000015,Wirral,2020Q2,304.0,319.0,train,-0.04800921918636014
E08000015,Wirral,2020Q3,258.0,304.0,train,-0.1634837149078745
E08000015,Wirral,2020Q4,260.0,258.0,train,0.007692345623156349
E08000015,Wirral,2021Q1,328.0,260.0,train,0.23153734344267818
E08000015,Wirral,2021Q2,255.0,328.0,train,-0.2508803062858096
E08000015,Wirral,2021Q3,259.0,255.0,train,0.015504186535965303
E08000015,Wirral,2021Q4,301.0,259.0,train,0.1497453863593421
E08000015,Wirral,2022Q1,346.0,301.0,train,0.1388977625719896
E08000015,Wirral,2022Q2,354.0,346.0,train,0.022793009528556674
E08000015,Wirral,2022Q3,301.0,354.0,train,-0.16169077210054628
E08000015,Wirral,2022Q4,332.0,301.0,train,0.09771547260557423
E08000015,Wirral,2023Q1,306.0,332.0,train,-0.08129474239324708
E08000015,Wirral,2023Q2,315.0,306.0,train,0.028894465999715457
E08000015,Wirral,2023Q3,322.0,315.0,train,0.021910109635744135
E08000015,Wirral,2023Q4,334.0,322.0,train,0.0364782086024098
E08000015,Wirral,2024Q1,420.0,334.0,valid,0.2285023018573149
E08000015,Wirral,2024Q2,442.0,420.0,valid,0.05093693636275454
E08000015,Wirral,2024Q3,436.0,442.0,valid,-0.013636574949545732
E08000015,Wirral,2024Q4,343.0,436.0,valid,-0.2392915377221918
E08000015,Wirral,2025Q1,376.0,343.0,test,0.09160353007461275
E08000015,Wirral,2025Q2,403.0,376.0,test,0.06916969051313959
E08000015,Wirral,2025Q3,368.0,403.0,test,-0.0906182339206234
E08000016,Barnsley,2019Q4,268.0,222.0,train,0.18753960814172022
E08000016,Barnsley,2020Q1,207.0,268.0,train,-0.2571732999005212
E08000016,Barnsley,2020Q2,194.0,207.0,train,-0.06453852113757108
E08000016,Barnsley,2020Q3,199.0,194.0,train,0.02531780798428951
E08000016,Barnsley,2020Q4,215.0,199.0,train,0.076961041136129
E08000016,Barnsley,2021Q1,186.0,215.0,train,-0.14416979082957848
E08000016,Barnsley,2021Q2,145.0,186.0,train,-0.2475019951462505
E08000016,Barnsley,2021Q3,218.0,145.0,train,0.4054651081081646
E08000016,Barnsley,2021Q4,196.0,218.0,train,-0.10586800107851246
E08000016,Barnsley,2022Q3,218.0,163.0,train,0.2892053019923022
E08000016,Barnsley,2022Q4,209.0,218.0,train,-0.041964199099032484
E08000016,Barnsley,2023Q4,194.0,210.0,train,-0.07885857491231985
E08000016,Barnsley,2024Q1,238.0,194.0,valid,0.20346399336776422
E08000016,Barnsley,2024Q2,238.0,238.0,valid,0.0
E08000016,Barnsley,2024Q3,249.0,238.0,valid,0.044997365930735
E08000016,Barnsley,2024Q4,231.0,249.0,valid,-0.07472354619593613
E08000016,Barnsley,2025Q1,247.0,231.0,test,0.06669137449867257
E08000017,Doncaster,2019Q4,430.0,457.0,train,-0.060761094010437944
E08000017,Doncaster,2020Q1,492.0,430.0,train,0.13440108393894246
E08000017,Doncaster,2020Q2,398.0,492.0,train,-0.21154775715282614
E08000017,Doncaster,2020Q3,417.0,398.0,train,0.04652001563489261
E08000017,Doncaster,2020Q4,389.0,417.0,train,-0.06933469340106413
E08000017,Doncaster,2021Q1,461.0,389.0,train,0.16941815195804644
E08000017,Doncaster,2021Q2,376.0,461.0,train,-0.20331970363372776
E08000017,Doncaster,2021Q3,409.0,376.0,train,0.08391197225034297
E08000017,Doncaster,2021Q4,358.0,409.0,train,-0.13283477121007525
E08000017,Doncaster,2022Q1,435.0,358.0,train,0.19431985486075565
E08000017,Doncaster,2022Q2,442.0,435.0,train,0.015927526696101424
E08000017,Doncaster,2022Q3,512.0,442.0,train,0.14670607512563372
E08000017,Doncaster,2022Q4,486.0,512.0,train,-0.052011722088179724
E08000017,Doncaster,2023Q1,650.0,486.0,train,0.2902455191259792
E08000017,Doncaster,2023Q2,1011.0,650.0,train,0.4411742076388423
E08000017,Doncaster,2023Q3,489.0,1011.0,train,-0.7252784587427392
E08000017,Doncaster,2023Q4,616.0,489.0,train,0.23046363280071613
E08000017,Doncaster,2024Q1,622.0,616.0,valid,0.00967749488206504
E08000017,Doncaster,2024Q2,586.0,622.0,valid,-0.05952169895935633
E08000017,Doncaster,2024Q3,599.0,586.0,valid,0.02190483538804955
E08000017,Doncaster,2024Q4,595.0,599.0,valid,-0.006688988150796327
E08000017,Doncaster,2025Q1,596.0,595.0,test,0.001676446327252279
E08000017,Doncaster,2025Q2,563.0,596.0,test,-0.05686286189454304
E08000017,Doncaster,2025Q3,541.0,563.0,test,-0.0397882500584128
E08000018,Rotherham,2019Q4,402.0,449.0,train,-0.11031102081768296
E08000018,Rotherham,2020Q1,456.0,402.0,train,0.12574682894752254
E08000018,Rotherham,2020Q2,403.0,456.0,train,-0.12326851293305463
E08000018,Rotherham,2020Q3,430.0,403.0,train,0.06469321214259693
E08000018,Rotherham,2020Q4,334.0,430.0,train,-0.2519775582786812
E08000018,Rotherham,2021Q1,401.0,334.0,train,0.1823215567939549
E08000018,Rotherham,2021Q2,343.0,401.0,train,-0.155810431245623
E08000018,Rotherham,2021Q3,353.0,343.0,train,0.028655255760376086
E08000018,Rotherham,2022Q2,268.0,328.0,train,-0.20134637116353282
E08000018,Rotherham,2022Q3,320.0,268.0,train,0.17672974352817672
E08000018,Rotherham,2022Q4,274.0,320.0,train,-0.1546700254634441
E08000018,Rotherham,2023Q1,371.0,274.0,train,0.3021227566065745
E08000018,Rotherham,2023Q2,283.0,371.0,train,-0.26991961611193993
E08000018,Rotherham,2023Q3,409.0,283.0,train,0.3671829215371476
E08000018,Rotherham,2023Q4,427.0,409.0,train,0.04296603588344272
E08000018,Rotherham,2024Q1,352.0,427.0,valid,-0.19265513864850004
E08000018,Rotherham,2024Q2,393.0,352.0,valid,0.10988285236463735
E08000018,Rotherham,2024Q3,423.0,393.0,valid,0.07338254593402382
E08000018,Rotherham,2024Q4,455.0,423.0,valid,0.07275935428242875
E08000018,Rotherham,2025Q1,551.0,455.0,test,0.19105523676270852
E08000018,Rotherham,2025Q2,425.0,551.0,test,-0.2591087000077241
E08000018,Rotherham,2025Q3,501.0,425.0,test,0.16416077342235802
E08000019,Sheffield,2019Q4,867.0,890.0,train,-0.02615271281045839
E08000019,Sheffield,2020Q1,913.0,867.0,train,0.05163885679379909
E08000019,Sheffield,2020Q2,675.0,913.0,train,-0.30163749541118534
E08000019,Sheffield,2020Q3,673.0,675.0,train,-0.0029629651306573024
E08000019,Sheffield,2020Q4,756.0,673.0,train,0.11613314252514151
E08000019,Sheffield,2021Q1,815.0,756.0,train,0.07505110152665839
E08000019,Sheffield,2021Q2,832.0,815.0,train,0.020619287202736203
E08000019,Sheffield,2021Q3,727.0,832.0,train,-0.13473259397015713
E08000019,Sheffield,2021Q4,943.0,727.0,train,0.25982511794881447
E08000019,Sheffield,2022Q1,942.0,943.0,train,-0.0010598835120427808
E08000019,Sheffield,2022Q2,906.0,942.0,train,-0.03892383251832143
E08000019,Sheffield,2022Q3,1105.0,906.0,train,0.19836273196714416
E08000019,Sheffield,2022Q4,915.0,1105.0,train,-0.1884888174081505
E08000019,Sheffield,2023Q4,953.0,1117.0,train,-0.1586329822667576
E08000019,Sheffield,2024Q1,999.0,953.0,valid,0.04709160753384989
E08000019,Sheffield,2024Q2,949.0,999.0,valid,-0.05129329438755015
E08000019,Sheffield,2024Q3,788.0,949.0,valid,-0.18569566374871282
E08000019,Sheffield,2024Q4,934.0,788.0,valid,0.1697802084428135
E08000019,Sheffield,2025Q1,1014.0,934.0,test,0.08209736218720032
E08000021,Newcastle upon Tyne,2019Q4,585.0,599.0,train,-0.023609865639134142
E08000021,Newcastle upon Tyne,2020Q1,543.0,585.0,train,-0.07437054272106991
E08000021,Newcastle upon Tyne,2020Q2,355.0,543.0,train,-0.4240185160039118
E08000021,Newcastle upon Tyne,2020Q3,374.0,355.0,train,0.05199529511838019
E08000021,Newcastle upon Tyne,2020Q4,447.0,374.0,train,0.17786720644457432
E08000021,Newcastle upon Tyne,2021Q1,450.0,447.0,train,0.00667410708769367
E08000021,Newcastle upon Tyne,2021Q2,484.0,450.0,train,0.0726815514348047
E08000021,Newcastle upon Tyne,2021Q3,532.0,484.0,train,0.09437253322836092
E08000021,Newcastle upon Tyne,2021Q4,502.0,532.0,train,-0.057931254066105
E08000021,Newcastle upon Tyne,2022Q1,647.0,502.0,train,0.2533005262525352
E08000021,Newcastle upon Tyne,2022Q2,707.0,647.0,train,0.08855339734144518
E08000021,Newcastle upon Tyne,2022Q3,668.0,707.0,train,-0.056660033565490764
E08000021,Newcastle upon Tyne,2022Q4,599.0,668.0,train,-0.10885440491208254
E08000021,Newcastle upon Tyne,2023Q1,635.0,599.0,train,0.058268908123976004
E08000021,Newcastle upon Tyne,2023Q2,592.0,635.0,train,-0.07000416434239654
E08000021,Newcastle upon Tyne,2023Q3,652.0,592.0,train,0.09638273027870525
E08000021,Newcastle upon Tyne,2023Q4,742.0,652.0,train,0.12911891544132814
E08000021,Newcastle upon Tyne,2024Q3,539.0,627.0,valid,-0.15097102690987807
E08000021,Newcastle upon Tyne,2024Q4,581.0,539.0,valid,0.0749013081731178
E08000021,Newcastle upon Tyne,2025Q1,653.0,581.0,test,0.11663690372576063
E08000021,Newcastle upon Tyne,2025Q2,602.0,653.0,test,-0.08119015473001312
E08000021,Newcastle upon Tyne,2025Q3,612.0,602.0,test,0.01644773920902587
E08000022,North Tyneside,2019Q4,177.0,198.0,train,-0.11152127443240722
E08000022,North Tyneside,2020Q1,192.0,177.0,train,0.08090663861280056
E08000022,North Tyneside,2020Q2,179.0,192.0,train,-0.06973333801467518
E08000022,North Tyneside,2020Q3,197.0,179.0,train,0.09531017980432477
E08000022,North Tyneside,2020Q4,183.0,197.0,train,-0.07333127308554932
E08000022,North Tyneside,2021Q1,196.0,183.0,train,0.06826797112900262
E08000022,North Tyneside,2021Q2,198.0,196.0,train,0.010101095986503772
E08000022,North Tyneside,2021Q3,244.0,198.0,train,0.20795338582023515
E08000022,North Tyneside,2021Q4,269.0,244.0,train,0.09716374845364761
E08000022,North Tyneside,2022Q1,275.0,269.0,train,0.02197890671877456
E08000022,North Tyneside,2022Q2,224.0,275.0,train,-0.20430046351272946
E08000022,North Tyneside,2022Q3,223.0,224.0,train,-0.004454350349380576
E08000022,North Tyneside,2022Q4,224.0,223.0,train,0.004454350349380576
E08000022,North Tyneside,2023Q1,255.0,224.0,train,0.12907704227514216
E08000022,North Tyneside,2023Q2,239.0,255.0,train,-0.06453852113757108
E08000022,North Tyneside,2023Q3,211.0,239.0,train,-0.1240526486699789
E08000022,North Tyneside,2023Q4,234.0,211.0,train,0.10299923947214662
E08000022,North Tyneside,2024Q1,256.0,234.0,valid,0.08949057075106115
E08000022,North Tyneside,2024Q2,270.0,256.0,valid,0.05304273598448095
E08000022,North Tyneside,2024Q3,237.0,270.0,valid,-0.12984814720822602
E08000022,North Tyneside,2024Q4,258.0,237.0,valid,0.08455738802806234
E08000022,North Tyneside,2025Q1,273.0,258.0,test,0.05630004468853311
E08000022,North Tyneside,2025Q2,309.0,273.0,test,0.1234441910911217
E08000022,North Tyneside,2025Q3,309.0,309.0,test,0.0
E08000023,South Tyneside,2019Q4,323.0,433.0,train,-0.2923010183080761
E08000023,South Tyneside,2020Q1,296.0,323.0,train,-0.08701137698962924
E08000023,South Tyneside,2020Q4,275.0,260.0,train,0.05588045839445588
E08000023,South Tyneside,2021Q1,292.0,275.0,train,0.05977174329991808
E08000023,South Tyneside,2021Q2,252.0,292.0,train,-0.14678312028954732
E08000023,South Tyneside,2021Q3,272.0,252.0,train,0.07608230645743941
E08000023,South Tyneside,2023Q1,281.0,306.0,train,-0.084940676649083
E08000023,South Tyneside,2023Q2,278.0,281.0,train,-0.010695289116748441
E08000023,South Tyneside,2023Q3,334.0,278.0,train,0.18291875000370084
E08000023,South Tyneside,2023Q4,367.0,334.0,train,0.09395240634386504
E08000023,South Tyneside,2024Q1,401.0,367.0,valid,0.08836915045008986
E08000023,South Tyneside,2024Q2,383.0,401.0,valid,-0.04580953603129423
E08000023,South Tyneside,2024Q3,388.0,383.0,valid,0.012936791030718986
E08000023,South Tyneside,2024Q4,331.0,388.0,valid,-0.1584443747019577
E08000023,South Tyneside,2025Q1,388.0,331.0,test,0.1584443747019577
E08000023,South Tyneside,2025Q2,472.0,388.0,test,0.19551604487348673
E08000023,South Tyneside,2025Q3,412.0,472.0,test,-0.13564779553089945
E08000024,Sunderland,2019Q4,422.0,457.0,train,-0.0794970050679078
E08000024,Sunderland,2020Q1,423.0,422.0,train,0.002361276185680161
E08000024,Sunderland,2020Q2,428.0,423.0,train,0.011723463696059255
E08000024,Sunderland,2020Q3,465.0,428.0,train,0.08272871519762859
E08000024,Sunderland,2020Q4,382.0,465.0,train,-0.1961506449449999
E08000024,Sunderland,2021Q1,460.0,382.0,train,0.18536305381600293
E08000024,Sunderland,2021Q2,395.0,460.0,train,-0.151983831742168
E08000024,Sunderland,2021Q3,388.0,395.0,train,-0.0178348676360347
E08000024,Sunderland,2021Q4,423.0,388.0,train,0.08615411161351183
E08000024,Sunderland,2022Q1,469.0,423.0,train,0.10299923947214662
E08000024,Sunderland,2022Q2,374.0,469.0,train,-0.2258066687336937
E08000024,Sunderland,2022Q3,518.0,374.0,train,0.3249778571954778
E08000024,Sunderland,2022Q4,470.0,518.0,train,-0.09704578914947071
E08000024,Sunderland,2023Q1,532.0,470.0,train,0.12366333014942654
E08000024,Sunderland,2023Q2,495.0,532.0,train,-0.07194549744091638
E08000024,Sunderland,2023Q3,596.0,495.0,train,0.1853411866676744
E08000024,Sunderland,2023Q4,625.0,596.0,train,0.04743325770749607
E08000024,Sunderland,2024Q1,639.0,625.0,valid,0.02211780525361906
E08000024,Sunderland,2024Q2,555.0,639.0,valid,-0.1406998821031351
E08000024,Sunderland,2024Q3,592.0,555.0,valid,0.0644261047471435
E08000024,Sunderland,2024Q4,527.0,592.0,valid,-0.11609811529146441
E08000024,Sunderland,2025Q1,575.0,527.0,test,0.08701137698963013
E08000024,Sunderland,2025Q2,569.0,575.0,test,-0.010471299867295336
E08000024,Sunderland,2025Q3,658.0,569.0,test,0.145087173673911
E08000025,Birmingham,2019Q4,1677.0,1682.0,train,-0.0029753071636546835
E08000025,Birmingham,2020Q1,1512.0,1677.0,train,-0.10350817323879546
E08000025,Birmingham,2020Q2,1036.0,1512.0,train,-0.3777625055588283
E08000025,Birmingham,2020Q3,1269.0,1036.0,train,0.20268497122310958
E08000025,Birmingham,2020Q4,1353.0,1269.0,train,0.0640462740195833
E08000025,Birmingham,2021Q1,1179.0,1353.0,train,-0.13754873601251028
E08000025,Birmingham,2021Q2,1198.0,1179.0,train,0.015973437567804005
E08000025,Birmingham,2021Q3,1420.0,1198.0,train,0.16987297306958649
E08000025,Birmingham,2021Q4,1245.0,1420.0,train,-0.1314224287497021
E08000025,Birmingham,2022Q1,1624.0,1245.0,train,0.2655693954164393
E08000025,Birmingham,2022Q2,1502.0,1624.0,train,-0.07804470501086325
E08000025,Birmingham,2022Q3,1613.0,1502.0,train,0.0712524590769199
E08000025,Birmingham,2022Q4,1491.0,1613.0,train,-0.07859806806618863
E08000025,Birmingham,2023Q1,1606.0,1491.0,train,0.07425158497380657
E08000025,Birmingham,2023Q2,1670.0,1606.0,train,0.03905316285788096
E08000025,Birmingham,2023Q3,1724.0,1670.0,train,0.03180480087006643
E08000025,Birmingham,2023Q4,1801.0,1724.0,train,0.043670108702823285
E08000025,Birmingham,2024Q1,1929.0,1801.0,valid,0.06862284373064842
E08000025,Birmingham,2024Q2,1828.0,1929.0,valid,-0.053750633508065526
E08000025,Birmingham,2024Q3,1954.0,1828.0,valid,0.06662082402860037
E08000025,Birmingham,2024Q4,1619.0,1954.0,valid,-0.1879640441930368
E08000025,Birmingham,2025Q1,1539.0,1619.0,test,-0.050643732818755005
E08000025,Birmingham,2025Q2,1526.0,1539.0,test,-0.008477390189042033
E08000025,Birmingham,2025Q3,1354.0,1526.0,test,-0.11950357190483096
E08000026,Coventry,2019Q4,464.0,482.0,train,-0.03797924806521635
E08000026,Coventry,2020Q1,696.0,464.0,train,0.4047480051731682
E08000026,Coventry,2020Q2,540.0,696.0,train,-0.253366131914043
E08000026,Coventry,2020Q3,693.0,540.0,train,0.24905268166032357
E08000026,Coventry,2020Q4,651.0,693.0,train,-0.06242739858015156
E08000026,Coventry,2021Q1,1033.0,651.0,train,0.4611454931417214
E08000026,Coventry,2021Q2,710.0,1033.0,train,-0.3745176252651339
E08000026,Coventry,2021Q3,671.0,710.0,train,-0.05641408928009106
E08000026,Coventry,2021Q4,592.0,671.0,train,-0.12506394152542377
E08000026,Coventry,2022Q1,755.0,592.0,train,0.2428469771818076
E08000026,Coventry,2022Q2,640.0,755.0,train,-0.1650119192588635
E08000026,Coventry,2022Q3,758.0,640.0,train,0.16897232047496047
E08000026,Coventry,2022Q4,628.0,758.0,train,-0.1878705206951894
E08000026,Coventry,2023Q1,841.0,628.0,train,0.2916487575418856
E08000026,Coventry,2023Q2,874.0,841.0,train,0.03844387211528755
E08000026,Coventry,2023Q3,995.0,874.0,train,0.1295233712269841
E08000026,Coventry,2023Q4,937.0,995.0,train,-0.0599973085783736
E08000026,Coventry,2024Q1,999.0,937.0,valid,0.06400532997591224
E08000026,Coventry,2024Q2,854.0,999.0,valid,-0.15665381004537693
E08000026,Coventry,2024Q3,710.0,854.0,valid,-0.18442903913351927
E08000026,Coventry,2024Q4,817.0,710.0,valid,0.14018990679950605
E08000026,Coventry,2025Q1,846.0,817.0,test,0.03483835804930813
E08000026,Coventry,2025Q2,814.0,846.0,test,-0.03851258141119196
E08000026,Coventry,2025Q3,736.0,814.0,test,-0.10060022105152644
E08000027,Dudley,2019Q4,521.0,568.0,train,-0.08621284624369174
E08000027,Dudley,2020Q1,579.0,521.0,train,0.10536051565782589
E08000027,Dudley,2020Q2,487.0,579.0,train,-0.17271269768731745
E08000027,Dudley,2020Q3,657.0,487.0,train,0.29888952547216974
E08000027,Dudley,2020Q4,601.0,657.0,train,-0.08894748601649649
E08000027,Dudley,2021Q1,630.0,601.0,train,0.04704841723239195
E08000027,Dudley,2021Q2,612.0,630.0,train,-0.028940926605001138
E08000027,Dudley,2021Q3,611.0,612.0,train,-0.0016326534238855217
E08000027,Dudley,2022Q2,560.0,584.0,train,-0.041890941709160856
E08000027,Dudley,2023Q2,696.0,803.0,train,-0.1428138584184424
E08000027,Dudley,2023Q3,1193.0,696.0,train,0.5382788831920235
E08000027,Dudley,2023Q4,1173.0,1193.0,train,-0.0168922935645055
E08000027,Dudley,2024Q1,1136.0,1173.0,valid,-0.03202350663750586
E08000027,Dudley,2024Q2,1084.0,1136.0,valid,-0.046813227775976074
E08000027,Dudley,2024Q3,1310.0,1084.0,valid,0.1892102177891397
E08000027,Dudley,2024Q4,1231.0,1310.0,valid,-0.06215133967023512
E08000027,Dudley,2025Q1,1081.0,1231.0,test,-0.12982768468703831
E08000027,Dudley,2025Q2,982.0,1081.0,test,-0.09595733925926009
E08000027,Dudley,2025Q3,1036.0,982.0,test,0.0534780880823611
E08000028,Sandwell,2019Q4,266.0,349.0,train,-0.2706844960832093
E08000028,Sandwell,2020Q1,355.0,266.0,train,0.2876820724517808
E08000028,Sandwell,2020Q2,279.0,355.0,train,-0.24014112768278117
E08000028,Sandwell,2020Q3,320.0,279.0,train,0.13665151996076652
E08000028,Sandwell,2020Q4,246.0,320.0,train,-0.26205278650203834
E08000028,Sandwell,2021Q1,360.0,246.0,train,0.3794896217049031
E08000028,Sandwell,2021Q2,392.0,360.0,train,0.08493165353638066
E08000028,Sandwell,2022Q3,232.0,222.0,train,0.04386668210558131
E08000028,Sandwell,2022Q4,349.0,232.0,train,0.4068947009177588
E08000028,Sandwell,2023Q1,447.0,349.0,train,0.24686007793152598
E08000028,Sandwell,2023Q2,498.0,447.0,train,0.10781286333653384
E08000028,Sandwell,2023Q3,451.0,498.0,train,-0.09892391591928718
E08000028,Sandwell,2023Q4,418.0,451.0,train,-0.07581125991009419
E08000028,Sandwell,2024Q1,424.0,418.0,valid,0.014218249002279748
E08000028,Sandwell,2024Q2,425.0,424.0,valid,0.0023501773449536856
E08000028,Sandwell,2024Q3,352.0,425.0,valid,-0.18797128933607432
E08000028,Sandwell,2024Q4,401.0,352.0,valid,0.1299840316857246
E08000028,Sandwell,2025Q1,382.0,401.0,test,-0.048417099438375466
E08000028,Sandwell,2025Q2,438.0,382.0,test,0.13646442389452584
E08000028,Sandwell,2025Q3,403.0,438.0,test,-0.08308453511402103
E08000029,Solihull,2019Q4,271.0,272.0,train,-0.0036697288889619983
E08000029,Solihull,2020Q1,257.0,271.0,train,-0.05284248137438041
E08000029,Solihull,2020Q2,218.0,257.0,train,-0.1638878551051164
E08000029,Solihull,2020Q3,241.0,218.0,train,0.09986599634018578
E08000029,Solihull,2020Q4,226.0,241.0,train,-0.0639877086752838
E08000029,Solihull,2021Q1,236.0,226.0,train,0.04311012365372857
E08000029,Solihull,2021Q2,207.0,236.0,train,-0.13052206143381362
E08000029,Solihull,2021Q3,224.0,207.0,train,0.07856232250310224
E08000029,Solihull,2021Q4,221.0,224.0,train,-0.013423020332140823
E08000029,Solihull,2022Q1,240.0,221.0,train,0.08211955161837547
E08000029,Solihull,2022Q2,268.0,240.0,train,0.10991444611118428
E08000029,Solihull,2022Q3,272.0,268.0,train,0.01476041558312069
E08000029,Solihull,2022Q4,215.0,272.0,train,-0.23419338750079444
E08000029,Solihull,2023Q1,238.0,215.0,train,0.1011851442473457
E08000029,Solihull,2023Q2,228.0,238.0,train,-0.042741548377271066
E08000029,Solihull,2023Q3,275.0,228.0,train,0.18667886216290963
E08000029,Solihull,2023Q4,230.0,275.0,train,-0.17798315519535635
E08000029,Solihull,2024Q1,294.0,230.0,valid,0.24455764581802697
E08000029,Solihull,2024Q2,303.0,294.0,valid,0.030052345066401642
E08000029,Solihull,2024Q3,293.0,303.0,valid,-0.03344793406754043
E08000029,Solihull,2024Q4,295.0,293.0,valid,0.0067796869853786745
E08000029,Solihull,2025Q1,330.0,295.0,test,0.11175892105300278
E08000029,Solihull,2025Q2,302.0,330.0,test,-0.08838556986769408
E08000029,Solihull,2025Q3,270.0,302.0,test,-0.11161398462966776
E08000030,Walsall,2019Q4,216.0,315.0,train,-0.37584486004645257
E08000030,Walsall,2020Q1,287.0,216.0,train,0.2830631265954864
E08000030,Walsall,2020Q2,214.0,287.0,train,-0.29232245200828366
E08000030,Walsall,2020Q3,204.0,214.0,train,-0.04762804898925399
E08000030,Walsall,2020Q4,183.0,204.0,train,-0.10807422152942259
E08000030,Walsall,2021Q1,237.0,183.0,train,0.25733491606248915
E08000030,Walsall,2021Q2,222.0,237.0,train,-0.06509890221135617
E08000030,Walsall,2021Q3,222.0,222.0,train,0.0
E08000030,Walsall,2021Q4,191.0,222.0,train,-0.14967639943233735
E08000030,Walsall,2022Q1,195.0,191.0,train,0.020619287202735315
E08000030,Walsall,2022Q2,159.0,195.0,train,-0.2029408439966902
E08000030,Walsall,2022Q3,185.0,159.0,train,0.15057285847937507
E08000030,Walsall,2022Q4,162.0,185.0,train,-0.13199647290643934
E08000030,Walsall,2023Q1,202.0,162.0,train,0.21945577823502482
E08000030,Walsall,2023Q2,213.0,202.0,train,0.05277003598006402
E08000030,Walsall,2023Q3,190.0,213.0,train,-0.11370258697522129
E08000030,Walsall,2023Q4,195.0,190.0,train,0.025841231183886926
E08000030,Walsall,2024Q1,212.0,195.0,valid,0.08317750647890865
E08000030,Walsall,2024Q2,189.0,212.0,valid,-0.1142680935489393
E08000030,Walsall,2024Q3,192.0,189.0,valid,0.01566611674439944
E08000030,Walsall,2024Q4,155.0,192.0,valid,-0.2128341816553485
E08000030,Walsall,2025Q1,204.0,155.0,test,0.27315397188887136
E08000030,Walsall,2025Q2,187.0,204.0,test,-0.08656801630845923
E08000030,Walsall,2025Q3,166.0,187.0,test,-0.11844815041319379
E08000031,Wolverhampton,2019Q4,616.0,508.0,train,0.19242100735486556
E08000031,Wolverhampton,2020Q1,677.0,616.0,train,0.09427826403500728
E08000031,Wolverhampton,2020Q2,537.0,677.0,train,-0.23128872777861087
E08000031,Wolverhampton,2020Q3,685.0,537.0,train,0.2430190675641004
E08000031,Wolverhampton,2020Q4,494.0,685.0,train,-0.3263198651571946
E08000031,Wolverhampton,2021Q1,693.0,494.0,train,0.3379141979381144
E08000031,Wolverhampton,2021Q2,640.0,693.0,train,-0.0794425035861348
E08000031,Wolverhampton,2021Q3,614.0,640.0,train,-0.04140718911415231
E08000031,Wolverhampton,2021Q4,650.0,614.0,train,0.05688737440205127
E08000031,Wolverhampton,2022Q1,666.0,650.0,train,0.024280403707054532
E08000031,Wolverhampton,2022Q2,526.0,666.0,train,-0.23558949737426094
E08000031,Wolverhampton,2022Q3,552.0,526.0,train,0.048157452980972515
E08000031,Wolverhampton,2023Q2,404.0,479.0,train,-0.16989903679539786
E08000031,Wolverhampton,2023Q3,404.0,404.0,train,0.0
E08000031,Wolverhampton,2023Q4,339.0,404.0,train,-0.17494144949633128
E08000031,Wolverhampton,2024Q1,561.0,339.0,valid,0.5025562322834833
E08000031,Wolverhampton,2024Q2,765.0,561.0,valid,0.30968031984690025
E08000031,Wolverhampton,2024Q3,1099.0,765.0,valid,0.3618832890458705
E08000031,Wolverhampton,2024Q4,814.0,1099.0,valid,-0.29987734554559875
E08000031,Wolverhampton,2025Q1,834.0,814.0,test,0.02424361160999222
E08000031,Wolverhampton,2025Q2,647.0,834.0,test,-0.2535410284985806
E08000031,Wolverhampton,2025Q3,773.0,647.0,test,0.17768117723745291
E08000032,Bradford,2019Q4,926.0,767.0,train,0.18816383241818269
E08000032,Bradford,2020Q1,870.0,926.0,train,-0.06231158871335207
E08000032,Bradford,2020Q2,628.0,870.0,train,-0.32551072015206195
E08000032,Bradford,2020Q3,706.0,628.0,train,0.11689940919613218
E08000032,Bradford,2020Q4,664.0,706.0,train,-0.06124362524071891
E08000032,Bradford,2021Q1,687.0,664.0,train,0.03400179727748931
E08000032,Bradford,2021Q2,715.0,687.0,train,0.03989132902730219
E08000032,Bradford,2021Q3,703.0,715.0,train,-0.016901810802603556
E08000032,Bradford,2021Q4,687.0,703.0,train,-0.022989518224698635
E08000032,Bradford,2022Q1,683.0,687.0,train,-0.005830920310793353
E08000032,Bradford,2022Q2,722.0,683.0,train,0.05545130453621461
E08000032,Bradford,2022Q3,689.0,722.0,train,-0.04671762456746009
E08000032,Bradford,2022Q4,641.0,689.0,train,-0.07210329390134351
E08000032,Bradford,2023Q1,782.0,641.0,train,0.19854439230084164
E08000032,Bradford,2023Q2,678.0,782.0,train,-0.14251156843210655
E08000032,Bradford,2023Q3,749.0,678.0,train,0.09945207897165975
E08000032,Bradford,2023Q4,706.0,749.0,train,-0.05904254063378289
E08000032,Bradford,2024Q1,677.0,706.0,valid,-0.0418833779561778
E08000032,Bradford,2024Q2,700.0,677.0,valid,0.033360599094194754
E08000032,Bradford,2024Q3,716.0,700.0,valid,0.022567953565030052
E08000032,Bradford,2024Q4,648.0,716.0,valid,-0.09964312389552976
E08000032,Bradford,2025Q1,730.0,648.0,test,0.11898074304568773
E08000032,Bradford,2025Q2,754.0,730.0,test,0.032304289499246686
E08000032,Bradford,2025Q3,754.0,754.0,test,0.0
E08000033,Calderdale,2019Q4,238.0,229.0,train,0.038384243008315444
E08000033,Calderdale,2020Q1,247.0,238.0,train,0.03696519423347144
E08000033,Calderdale,2020Q2,202.0,247.0,train,-0.2002227671231953
E08000033,Calderdale,2020Q3,256.0,202.0,train,0.23587010585343293
E08000033,Calderdale,2020Q4,162.0,256.0,train,-0.45532588408845776
E08000033,Calderdale,2021Q1,198.0,162.0,train,0.19955462391772993
E08000033,Calderdale,2021Q2,200.0,198.0,train,0.010000083334583465
E08000033,Calderdale,2021Q3,186.0,200.0,train,-0.0721962912044889
E08000033,Calderdale,2021Q4,197.0,186.0,train,0.05715841383994835
E08000033,Calderdale,2022Q1,177.0,197.0,train,-0.10648348040245015
E08000033,Calderdale,2022Q2,165.0,177.0,train,-0.06979576193554138
E08000033,Calderdale,2022Q3,196.0,165.0,train,0.17121594038144483
E08000033,Calderdale,2022Q4,177.0,196.0,train,-0.10142017844590345
E08000033,Calderdale,2023Q1,274.0,177.0,train,0.43498754737448664
E08000033,Calderdale,2023Q2,269.0,274.0,train,-0.018349138668196652
E08000033,Calderdale,2023Q3,288.0,269.0,train,0.0680047291140573
E08000033,Calderdale,2023Q4,302.0,288.0,train,0.047306117396936465
E08000033,Calderdale,2024Q1,300.0,302.0,valid,-0.006622540760493401
E08000033,Calderdale,2024Q2,289.0,300.0,valid,-0.037229341768355795
E08000033,Calderdale,2024Q3,305.0,289.0,valid,0.05370417897186108
E08000033,Calderdale,2024Q4,306.0,305.0,valid,0.0032626456348161526
E08000033,Calderdale,2025Q1,354.0,306.0,test,0.14527004188821913
E08000033,Calderdale,2025Q2,317.0,354.0,test,-0.11006640669523904
E08000033,Calderdale,2025Q3,335.0,317.0,test,0.055059777183027236
E08000034,Kirklees,2019Q4,482.0,519.0,train,-0.07381215792290075
E08000034,Kirklees,2020Q1,572.0,482.0,train,0.17086906306216765
E08000034,Kirklees,2020Q2,333.0,572.0,train,-0.5397447237380391
E08000034,Kirklees,2020Q3,404.0,333.0,train,0.1927460741298379
E08000034,Kirklees,2020Q4,354.0,404.0,train,-0.13176927763112278
E08000034,Kirklees,2021Q1,412.0,354.0,train,0.1513298034856172
E08000034,Kirklees,2021Q2,420.0,412.0,train,0.019185240721347974
E08000034,Kirklees,2021Q3,386.0,420.0,train,-0.08420814065259918
E08000034,Kirklees,2021Q4,361.0,386.0,train,-0.06678048120401048
E08000034,Kirklees,2022Q1,436.0,361.0,train,0.18828898326981847
E08000034,Kirklees,2022Q2,426.0,436.0,train,-0.02314918186696513
E08000034,Kirklees,2022Q3,424.0,426.0,train,-0.004694844304207635
E08000034,Kirklees,2022Q4,431.0,424.0,train,0.01633641931969354
E08000034,Kirklees,2023Q1,533.0,431.0,train,0.21197025071608433
E08000034,Kirklees,2023Q2,447.0,533.0,train,-0.1756026065452101
E08000034,Kirklees,2023Q3,529.0,447.0,train,0.16808377413118247
E08000034,Kirklees,2023Q4,513.0,529.0,train,-0.03065374109100194
E08000034,Kirklees,2024Q1,561.0,513.0,valid,0.08927858443852532
E08000034,Kirklees,2024Q2,498.0,561.0,valid,-0.11889575414217202
E08000034,Kirklees,2024Q3,517.0,498.0,valid,0.03736914650796397
E08000034,Kirklees,2024Q4,473.0,517.0,valid,-0.08876792056440586
E08000034,Kirklees,2025Q1,491.0,473.0,test,0.03727139479723096
E08000034,Kirklees,2025Q2,483.0,491.0,test,-0.016393809775675727
E08000034,Kirklees,2025Q3,414.0,483.0,test,-0.15380638648593425
E08000035,Leeds,2019Q4,1565.0,1637.0,train,-0.044951387862266934
E08000035,Leeds,2020Q1,1742.0,1565.0,train,0.10708316896927261
E08000035,Leeds,2020Q2,1596.0,1742.0,train,-0.0874808973050083
E08000035,Leeds,2020Q3,1616.0,1596.0,train,0.012445711362094158
E08000035,Leeds,2020Q4,1535.0,1616.0,train,-0.051390945869489
E08000035,Leeds,2021Q1,1552.0,1535.0,train,0.01100690944106919
E08000035,Leeds,2021Q2,1503.0,1552.0,train,-0.032060318638901464
E08000035,Leeds,2021Q3,1084.0,1503.0,train,-0.3265482385352252
E08000035,Leeds,2021Q4,1095.0,1084.0,train,0.010087201533401036
E08000035,Leeds,2022Q1,1616.0,1095.0,train,0.38890539206914543
E08000035,Leeds,2022Q2,1307.0,1616.0,train,-0.21207332755996244
E08000035,Leeds,2022Q3,1324.0,1307.0,train,0.012913206403178279
E08000035,Leeds,2022Q4,1284.0,1324.0,train,-0.03065374109100194
E08000035,Leeds,2023Q1,1225.0,1284.0,train,-0.04700188083316359
E08000035,Leeds,2023Q2,1131.0,1225.0,train,-0.0797708577330285
E08000035,Leeds,2023Q3,1288.0,1131.0,train,0.12988074417605855
E08000035,Leeds,2023Q4,1427.0,1288.0,train,0.10240813996034248
E08000035,Leeds,2024Q1,1503.0,1427.0,valid,0.05185336161025589
E08000035,Leeds,2024Q2,1399.0,1503.0,valid,-0.07165598890643565
E08000035,Leeds,2024Q3,1406.0,1399.0,valid,0.004987541511039417
E08000035,Leeds,2024Q4,1620.0,1406.0,valid,0.14158346462128701
E08000035,Leeds,2025Q1,1470.0,1620.0,test,-0.09710080113423825
E08000035,Leeds,2025Q2,1410.0,1470.0,test,-0.04164376874862352
E08000035,Leeds,2025Q3,1616.0,1410.0,test,0.13627390772429226
E08000036,Wakefield,2019Q4,369.0,364.0,train,0.01360565205577835
E08000036,Wakefield,2020Q1,395.0,369.0,train,0.06791120561621078
E08000036,Wakefield,2020Q2,491.0,395.0,train,0.21706450523782728
E08000036,Wakefield,2020Q3,525.0,491.0,train,0.06682249624540226
E08000036,Wakefield,2020Q4,356.0,525.0,train,-0.3875654309580714
E08000036,Wakefield,2021Q1,402.0,356.0,train,0.12120078016704383
E08000036,Wakefield,2021Q2,378.0,402.0,train,-0.06140035686425627
E08000036,Wakefield,2021Q3,508.0,378.0,train,0.2949118114680962
E08000036,Wakefield,2021Q4,460.0,508.0,train,-0.0990499735538739
E08000036,Wakefield,2022Q1,478.0,460.0,train,0.03830255441426633
E08000036,Wakefield,2022Q2,416.0,478.0,train,-0.13861437561211343
E08000036,Wakefield,2022Q3,437.0,416.0,train,0.049132688577644856
E08000036,Wakefield,2022Q4,441.0,437.0,train,0.009090971701251505
E08000036,Wakefield,2023Q1,434.0,441.0,train,-0.01596385098901365
E08000036,Wakefield,2023Q2,376.0,434.0,train,-0.14310084364067333
E08000036,Wakefield,2023Q3,457.0,376.0,train,0.19462399666617447
E08000036,Wakefield,2023Q4,483.0,457.0,train,0.05521572260244678
E08000036,Wakefield,2024Q1,463.0,483.0,valid,-0.042200354490376846
E08000036,Wakefield,2024Q2,420.0,463.0,valid,-0.09725171854387415
E08000036,Wakefield,2024Q3,332.0,420.0,valid,-0.23449034370193722
E08000036,Wakefield,2024Q4,339.0,332.0,valid,0.02080312762976355
E08000036,Wakefield,2025Q1,394.0,339.0,test,0.14994014729091454
E08000036,Wakefield,2025Q2,377.0,394.0,test,-0.043991569281534026
E08000036,Wakefield,2025Q3,418.0,377.0,test,0.10297672430254945
E08000037,Gateshead,2019Q4,488.0,567.0,train,-0.14975892924627932
E08000037,Gateshead,2020Q1,646.0,488.0,train,0.2799838050260286
E08000037,Gateshead,2020Q2,389.0,646.0,train,-0.5061995553772087
E08000037,Gateshead,2020Q3,513.0,389.0,train,0.2760765263314733
E08000037,Gateshead,2020Q4,400.0,513.0,train,-0.24826183814859615
E08000037,Gateshead,2021Q1,443.0,400.0,train,0.10186313512565537
E08000037,Gateshead,2021Q2,427.0,443.0,train,-0.03670136685042813
E08000037,Gateshead,2021Q3,422.0,427.0,train,-0.011751016535519021
E08000037,Gateshead,2021Q4,368.0,422.0,train,-0.13657553500575048
E08000037,Gateshead,2022Q1,457.0,368.0,train,0.21607254007365828
E08000037,Gateshead,2022Q2,368.0,457.0,train,-0.21607254007365828
E08000037,Gateshead,2022Q3,373.0,368.0,train,0.013459153374005162
E08000037,Gateshead,2022Q4,405.0,373.0,train,0.08209736218720032
E08000037,Gateshead,2023Q1,480.0,405.0,train,0.16951411050402854
E08000037,Gateshead,2023Q2,375.0,480.0,train,-0.24627812671586646
E08000037,Gateshead,2023Q3,370.0,375.0,train,-0.013387080782459648
E08000037,Gateshead,2023Q4,353.0,370.0,train,-0.04690514947366076
E08000037,Gateshead,2024Q1,357.0,353.0,valid,0.011236073266926105
E08000037,Gateshead,2024Q2,385.0,357.0,valid,0.07530438306413068
E08000037,Gateshead,2024Q3,416.0,385.0,valid,0.0772488523339705
E08000037,Gateshead,2024Q4,357.0,416.0,valid,-0.15255323539810117
E08000037,Gateshead,2025Q1,380.0,357.0,test,0.062266388726000876
E08000037,Gateshead,2025Q2,460.0,380.0,test,0.1905986678699474
E08000037,Gateshead,2025Q3,374.0,460.0,test,-0.20647201702623796
E08000038,Barnsley,2025Q3,181.0,256.0,test,-0.34506939781842494
E08000039,Sheffield,2025Q3,1116.0,948.0,test,0.16299300045927279
E09000001,City of London,2019Q4,3.0,6.0,train,-0.5596157879354227
E09000001,City of London,2020Q1,6.0,3.0,train,0.5596157879354227
E09000001,City of London,2020Q2,3.0,6.0,train,-0.5596157879354227
E09000001,City of London,2020Q3,7.0,3.0,train,0.6931471805599452
E09000001,City of London,2020Q4,1.0,7.0,train,-1.3862943611198904
E09000001,City of London,2021Q1,1.0,1.0,train,0.0
E09000001,City of London,2021Q2,9.0,1.0,train,1.6094379124341005
E09000001,City of London,2021Q3,3.0,9.0,train,-0.9162907318741553
E09000001,City of London,2021Q4,6.0,3.0,train,0.5596157879354227
E09000001,City of London,2022Q1,10.0,6.0,train,0.45198512374305744
E09000001,City of London,2022Q2,6.0,10.0,train,-0.45198512374305744
E09000001,City of London,2022Q3,6.0,6.0,train,0.0
E09000001,City of London,2022Q4,9.0,6.0,train,0.35667494393873267
E09000001,City of London,2023Q1,10.0,9.0,train,0.09531017980432477
E09000001,City of London,2023Q2,8.0,10.0,train,-0.2006706954621511
E09000001,City of London,2023Q3,12.0,8.0,train,0.3677247801253172
E09000001,City of London,2023Q4,11.0,12.0,train,-0.08004270767353638
E09000001,City of London,2024Q1,4.0,11.0,valid,-0.8754687373539001
E09000001,City of London,2024Q2,9.0,4.0,valid,0.6931471805599456
E09000001,City of London,2024Q3,7.0,9.0,valid,-0.22314355131421015
E09000001,City of London,2024Q4,10.0,7.0,valid,0.3184537311185349
E09000001,City of London,2025Q1,4.0,10.0,test,-0.7884573603642704
E09000001,City of London,2025Q2,5.0,4.0,test,0.18232155679395468
E09000001,City of London,2025Q3,13.0,5.0,test,0.8472978603872034
E09000002,Barking and Dagenham,2019Q4,379.0,415.0,train,-0.09051400754083172
E09000002,Barking and Dagenham,2020Q1,492.0,379.0,train,0.2603379213222583
E09000002,Barking and Dagenham,2020Q2,322.0,492.0,train,-0.42285685082003344
E09000002,Barking and Dagenham,2020Q3,389.0,322.0,train,0.18849441590103577
E09000002,Barking and Dagenham,2020Q4,404.0,389.0,train,0.037740327982846544
E09000002,Barking and Dagenham,2021Q1,418.0,404.0,train,0.03398385281559868
E09000002,Barking and Dagenham,2021Q2,382.0,418.0,train,-0.08983593074149177
E09000002,Barking and Dagenham,2021Q3,359.0,382.0,train,-0.061930957730489844
E09000002,Barking and Dagenham,2021Q4,302.0,359.0,train,-0.17237122594078702
E09000002,Barking and Dagenham,2022Q1,376.0,302.0,train,0.2185123819386421
E09000002,Barking and Dagenham,2022Q2,369.0,376.0,train,-0.018742181809741076
E09000002,Barking and Dagenham,2022Q3,342.0,369.0,train,-0.07577255847233033
E09000002,Barking and Dagenham,2022Q4,309.0,342.0,train,-0.1011581496867473
E09000002,Barking and Dagenham,2023Q1,343.0,309.0,train,0.10406935989420596
E09000002,Barking and Dagenham,2023Q2,343.0,343.0,train,0.0
E09000002,Barking and Dagenham,2023Q3,399.0,343.0,train,0.15082288973458358
E09000002,Barking and Dagenham,2023Q4,366.0,399.0,train,-0.08610269905341106
E09000002,Barking and Dagenham,2024Q1,364.0,366.0,valid,-0.0054644944720791955
E09000002,Barking and Dagenham,2024Q2,391.0,364.0,valid,0.07136448620797076
E09000002,Barking and Dagenham,2024Q3,431.0,391.0,valid,0.0971637484536485
E09000002,Barking and Dagenham,2024Q4,369.0,431.0,valid,-0.1549225826058409
E09000002,Barking and Dagenham,2025Q1,398.0,369.0,test,0.07545841125159392
E09000002,Barking and Dagenham,2025Q2,382.0,398.0,test,-0.04092642770921806
E09000002,Barking and Dagenham,2025Q3,347.0,382.0,test,-0.09583250940617116
E09000003,Barnet,2019Q4,571.0,679.0,train,-0.17295380679035421
E09000003,Barnet,2020Q1,559.0,571.0,train,-0.0212022076506031
E09000003,Barnet,2020Q2,571.0,559.0,train,0.0212022076506031
E09000003,Barnet,2020Q3,580.0,571.0,train,0.01561176547211307
E09000003,Barnet,2020Q4,448.0,580.0,train,-0.2577278691096563
E09000003,Barnet,2021Q1,512.0,448.0,train,0.13325295742851484
E09000003,Barnet,2021Q2,565.0,512.0,train,0.09831823303241372
E09000003,Barnet,2021Q3,540.0,565.0,train,-0.04517479935670199
E09000003,Barnet,2021Q4,469.0,540.0,train,-0.14068658414237678
E09000003,Barnet,2022Q1,543.0,469.0,train,0.14621655215183793
E09000003,Barnet,2022Q2,500.0,543.0,train,-0.08234314577107771
E09000003,Barnet,2022Q3,554.0,500.0,train,0.10236201266156986
E09000003,Barnet,2022Q4,605.0,554.0,train,0.08791187232287978
E09000003,Barnet,2023Q1,623.0,605.0,train,0.029270382300113695
E09000003,Barnet,2023Q2,737.0,623.0,train,0.16779345623104458
E09000003,Barnet,2023Q3,823.0,737.0,train,0.11022670530899958
E09000003,Barnet,2023Q4,966.0,823.0,train,0.16002796554382215
E09000003,Barnet,2024Q1,901.0,966.0,valid,-0.06958397539067018
E09000003,Barnet,2024Q2,944.0,901.0,valid,0.046570407431119065
E09000003,Barnet,2024Q3,928.0,944.0,valid,-0.017076188679904902
E09000003,Barnet,2024Q4,915.0,928.0,valid,-0.014092374139708319
E09000003,Barnet,2025Q1,893.0,915.0,test,-0.024310589500616153
E09000003,Barnet,2025Q2,890.0,893.0,test,-0.0033613477027047978
E09000003,Barnet,2025Q3,880.0,890.0,test,-0.01128680153462902
E09000004,Bexley,2020Q2,234.0,182.0,train,0.2500993613027376
E09000004,Bexley,2020Q3,164.0,234.0,train,-0.35364004024357865
E09000004,Bexley,2020Q4,206.0,164.0,train,0.2267733193647885
E09000004,Bexley,2021Q1,185.0,206.0,train,-0.10697211955216712
E09000004,Bexley,2021Q2,186.0,185.0,train,0.0053619431413851615
E09000004,Bexley,2021Q3,165.0,186.0,train,-0.11912082849804317
E09000004,Bexley,2021Q4,153.0,165.0,train,-0.07503518594291414
E09000004,Bexley,2022Q1,168.0,153.0,train,0.09294611250944396
E09000004,Bexley,2022Q2,180.0,168.0,train,0.0685983163427526
E09000004,Bexley,2022Q3,231.0,180.0,train,0.24824034040048382
E09000004,Bexley,2022Q4,234.0,231.0,train,0.012848142477849045
E09000004,Bexley,2023Q1,199.0,234.0,train,-0.16126814759612262
E09000004,Bexley,2023Q2,307.0,199.0,train,0.4317824164255377
E09000004,Bexley,2023Q3,232.0,307.0,train,-0.27906132940787387
E09000004,Bexley,2023Q4,229.0,232.0,train,-0.012959144642504583
E09000004,Bexley,2024Q1,281.0,229.0,valid,0.20382776201491826
E09000004,Bexley,2024Q2,268.0,281.0,valid,-0.04719569133627477
E09000004,Bexley,2024Q3,254.0,268.0,valid,-0.05344783444341328
E09000004,Bexley,2024Q4,243.0,254.0,valid,-0.04409531986522364
E09000004,Bexley,2025Q1,271.0,243.0,test,0.1086338410027956
E09000004,Bexley,2025Q2,265.0,271.0,test,-0.02230575751429864
E09000004,Bexley,2025Q3,272.0,265.0,test,0.02597548640326064
E09000005,Brent,2019Q4,677.0,609.0,train,0.10568833077303807
E09000005,Brent,2020Q1,743.0,677.0,train,0.09289374689269625
E09000005,Brent,2020Q2,682.0,743.0,train,-0.08554617526230146
E09000005,Brent,2020Q3,667.0,682.0,train,-0.022206686034144774
E09000005,Brent,2020Q4,703.0,667.0,train,0.05249018262139682
E09000005,Brent,2021Q1,768.0,703.0,train,0.08831261334760221
E09000005,Brent,2021Q2,992.0,768.0,train,0.2556396945395285
E09000005,Brent,2021Q3,503.0,992.0,train,-0.6781543959738041
E09000005,Brent,2021Q4,686.0,503.0,train,0.3097580241509803
E09000005,Brent,2022Q1,650.0,686.0,train,-0.05382465001378023
E09000005,Brent,2022Q2,565.0,650.0,train,-0.13991556400538574
E09000005,Brent,2022Q3,850.0,565.0,train,0.40781805037019137
E09000005,Brent,2023Q2,856.0,792.0,train,0.07761469696293233
E09000005,Brent,2023Q3,721.0,856.0,train,-0.17141277970495405
E09000005,Brent,2023Q4,718.0,721.0,train,-0.0041637811717789575
E09000005,Brent,2025Q2,796.0,894.0,test,-0.11596903948464021
E09000005,Brent,2025Q3,771.0,796.0,test,-0.03187012876543882
E09000006,Bromley,2019Q4,459.0,393.0,train,0.15487558018520708
E09000006,Bromley,2020Q1,316.0,459.0,train,-0.37232471560586067
E09000006,Bromley,2020Q2,291.0,316.0,train,-0.08214797160899856
E09000006,Bromley,2020Q3,305.0,291.0,train,0.04683129968409894
E09000006,Bromley,2020Q4,279.0,305.0,train,-0.08879549878313142
E09000006,Bromley,2021Q1,323.0,279.0,train,0.14595391262307977
E09000006,Bromley,2021Q2,266.0,323.0,train,-0.1934948573920794
E09000006,Bromley,2021Q3,241.0,266.0,train,-0.09831093224356291
E09000006,Bromley,2021Q4,202.0,241.0,train,-0.17573174711489958
E09000006,Bromley,2022Q1,361.0,202.0,train,0.5784382327839843
E09000006,Bromley,2022Q2,227.0,361.0,train,-0.4622985828713304
E09000006,Bromley,2022Q3,273.0,227.0,train,0.1837824774336294
E09000006,Bromley,2022Q4,394.0,273.0,train,0.36575765851305153
E09000006,Bromley,2023Q1,558.0,394.0,train,0.3472637082539771
E09000006,Bromley,2023Q2,487.0,558.0,train,-0.13583406730195158
E09000006,Bromley,2023Q3,522.0,487.0,train,0.06926605821177567
E09000006,Bromley,2023Q4,534.0,522.0,train,0.022685282831083065
E09000006,Bromley,2024Q1,505.0,534.0,valid,-0.05573007760854054
E09000006,Bromley,2024Q2,488.0,505.0,valid,-0.03417417981259341
E09000006,Bromley,2024Q3,478.0,488.0,valid,-0.02066189206395741
E09000006,Bromley,2024Q4,413.0,478.0,valid,-0.14583462358560073
E09000006,Bromley,2025Q1,445.0,413.0,test,0.07445297819475005
E09000006,Bromley,2025Q2,393.0,445.0,test,-0.12396804272213036
E09000006,Bromley,2025Q3,477.0,393.0,test,0.19325982319352253
E09000007,Camden,2019Q4,346.0,308.0,train,0.11598350304911342
E09000007,Camden,2020Q1,330.0,346.0,train,-0.04720640456979641
E09000007,Camden,2020Q2,275.0,330.0,train,-0.1817175096599133
E09000007,Camden,2020Q3,344.0,275.0,train,0.2231435513142106
E09000007,Camden,2020Q4,291.0,344.0,train,-0.16679061476307844
E09000007,Camden,2021Q1,296.0,291.0,train,0.016978336534418048
E09000007,Camden,2021Q2,237.0,296.0,train,-0.22146146513122478
E09000007,Camden,2021Q3,233.0,237.0,train,-0.016949558313773316
E09000007,Camden,2021Q4,227.0,233.0,train,-0.02597548640326064
E09000007,Camden,2022Q1,297.0,227.0,train,0.26774785755096353
E09000007,Camden,2022Q2,203.0,297.0,train,-0.3789734926611885
E09000007,Camden,2022Q3,232.0,203.0,train,0.13291845972148408
E09000007,Camden,2022Q4,192.0,232.0,train,-0.18834826466081456
E09000007,Camden,2023Q1,245.0,192.0,train,0.24264134702747686
E09000007,Camden,2023Q2,256.0,245.0,train,0.04374454896285762
E09000007,Camden,2023Q3,249.0,256.0,train,-0.027615167032974064
E09000007,Camden,2023Q4,353.0,249.0,train,0.3478359952715282
E09000007,Camden,2024Q1,407.0,353.0,valid,0.14197026127038725
E09000007,Camden,2024Q4,358.0,318.0,valid,0.11813128570343423
E09000007,Camden,2025Q1,436.0,358.0,test,0.19661080660731134
E09000007,Camden,2025Q2,500.0,436.0,test,0.13667290598927462
E09000007,Camden,2025Q3,501.0,500.0,test,0.001994018606864323
E09000008,Croydon,2019Q4,602.0,709.0,train,-0.16334777330817563
E09000008,Croydon,2020Q1,742.0,602.0,train,0.20877884799057345
E09000008,Croydon,2020Q2,655.0,742.0,train,-0.12453525577367053
E09000008,Croydon,2020Q3,652.0,655.0,train,-0.004583659667657614
E09000008,Croydon,2020Q4,586.0,652.0,train,-0.10655230944833427
E09000008,Croydon,2021Q1,612.0,586.0,train,0.043340116108114835
E09000008,Croydon,2021Q2,677.0,612.0,train,0.10078235200418373
E09000008,Croydon,2021Q3,607.0,677.0,train,-0.10897240597422808
E09000008,Croydon,2021Q4,596.0,607.0,train,-0.01825776857356498
E09000008,Croydon,2022Q1,656.0,596.0,train,0.0957669050920078
E09000008,Croydon,2022Q2,668.0,656.0,train,0.01810004164361878
E09000008,Croydon,2022Q3,560.0,668.0,train,-0.1760631546055329
E09000008,Croydon,2022Q4,475.0,560.0,train,-0.16430305129127554
E09000008,Croydon,2024Q4,1201.0,820.0,valid,0.38121900564272515
E09000008,Croydon,2025Q1,1218.0,1201.0,test,0.014044014386118242
E09000008,Croydon,2025Q2,925.0,1218.0,test,-0.2749118948350917
E09000008,Croydon,2025Q3,894.0,925.0,test,-0.03405051637132406
E09000009,Ealing,2019Q4,807.0,748.0,train,0.07582307500387575
E09000009,Ealing,2020Q1,815.0,807.0,train,0.009852296443011888
E09000009,Ealing,2020Q2,625.0,815.0,train,-0.26506398386400853
E09000009,Ealing,2020Q3,670.0,625.0,train,0.06941876587158369
E09000009,Ealing,2020Q4,605.0,670.0,train,-0.10188915090236783
E09000009,Ealing,2021Q1,573.0,605.0,train,-0.05425058974974739
E09000009,Ealing,2021Q2,572.0,573.0,train,-0.0017436796048269088
E09000009,Ealing,2021Q3,625.0,572.0,train,0.08846465438535844
E09000009,Ealing,2021Q4,673.0,625.0,train,0.07387973981220863
E09000009,Ealing,2022Q1,775.0,673.0,train,0.14092240927091204
E09000009,Ealing,2022Q2,702.0,775.0,train,-0.09879562837255396
E09000009,Ealing,2022Q3,725.0,702.0,train,0.0321931230141308
E09000009,Ealing,2022Q4,661.0,725.0,train,-0.09228445888778758
E09000009,Ealing,2023Q1,897.0,661.0,train,0.30490451236519167
E09000009,Ealing,2023Q2,724.0,897.0,train,-0.21399841344752524
E09000009,Ealing,2023Q3,869.0,724.0,train,0.1823215567939549
E09000009,Ealing,2023Q4,903.0,869.0,train,0.038336148743546516
E09000009,Ealing,2024Q1,847.0,903.0,valid,-0.06394872460027301
E09000009,Ealing,2024Q2,846.0,847.0,valid,-0.0011799411398483173
E09000009,Ealing,2024Q3,815.0,846.0,valid,-0.03728633968794792
E09000009,Ealing,2024Q4,761.0,815.0,valid,-0.06846779927746027
E09000009,Ealing,2025Q1,734.0,761.0,test,-0.03607605647381007
E09000009,Ealing,2025Q2,720.0,734.0,test,-0.019231361927887214
E09000009,Ealing,2025Q3,779.0,720.0,test,0.07865478239868828
E09000010,Enfield,2019Q4,438.0,445.0,train,-0.01581953894489274
E09000010,Enfield,2020Q1,630.0,438.0,train,0.36280644946604124
E09000010,Enfield,2020Q2,648.0,630.0,train,0.028126854162877635
E09000010,Enfield,2020Q3,548.0,648.0,train,-0.1673342751945599
E09000010,Enfield,2020Q4,386.0,548.0,train,-0.3496737484797485
E09000010,Enfield,2021Q1,449.0,386.0,train,0.15082288973458358
E09000010,Enfield,2021Q2,468.0,449.0,train,0.04135518568191365
E09000010,Enfield,2021Q3,754.0,468.0,train,0.4761149808027456
E09000010,Enfield,2021Q4,768.0,754.0,train,0.018373220256619582
E09000010,Enfield,2022Q1,866.0,768.0,train,0.11994800727489707
E09000010,Enfield,2023Q2,793.0,850.0,train,-0.06932866732623832
E09000010,Enfield,2023Q3,399.0,793.0,train,-0.6856189141391544
E09000010,Enfield,2023Q4,579.0,399.0,train,0.3715635564324833
E09000010,Enfield,2024Q1,691.0,579.0,valid,0.1765578520772042
E09000010,Enfield,2024Q2,539.0,691.0,valid,-0.24801681605934878
E09000010,Enfield,2024Q3,496.0,539.0,valid,-0.08297911346169151
E09000010,Enfield,2024Q4,729.0,496.0,valid,0.38445450804580794
E09000010,Enfield,2025Q1,645.0,729.0,test,-0.12224503035983503
E09000010,Enfield,2025Q2,648.0,645.0,test,0.00463321292148855
E09000010,Enfield,2025Q3,668.0,648.0,test,0.030351343424138477
E09000011,Greenwich,2019Q4,424.0,416.0,train,0.019002947125615677
E09000011,Greenwich,2020Q1,530.0,424.0,train,0.22267285231752165
E09000011,Greenwich,2020Q2,415.0,530.0,train,-0.24407676098067554
E09000011,Greenwich,2020Q3,419.0,415.0,train,0.009569451016150587
E09000011,Greenwich,2020Q4,428.0,419.0,train,0.0212022076506031
E09000011,Greenwich,2021Q1,463.0,428.0,train,0.07842763329823832
E09000011,Greenwich,2021Q2,620.0,463.0,train,0.2914465297072235
E09000011,Greenwich,2021Q3,673.0,620.0,train,0.08189902897882817
E09000011,Greenwich,2021Q4,506.0,673.0,train,-0.2847191073211235
E09000011,Greenwich,2022Q1,542.0,506.0,train,0.06859831634275171
E09000011,Greenwich,2022Q2,488.0,542.0,train,-0.10474683045906286
E09000011,Greenwich,2022Q3,584.0,488.0,train,0.17924935775698447
E09000011,Greenwich,2022Q4,803.0,584.0,train,0.3179874219471097
E09000011,Greenwich,2023Q1,465.0,803.0,train,-0.545413635053321
E09000011,Greenwich,2023Q2,715.0,465.0,train,0.42949453283500016
E09000011,Greenwich,2023Q3,654.0,715.0,train,-0.08904493132539404
E09000011,Greenwich,2023Q4,636.0,654.0,train,-0.02786558006308848
E09000011,Greenwich,2024Q1,777.0,636.0,valid,0.19995686860622808
E09000011,Greenwich,2024Q2,676.0,777.0,valid,-0.1390552512661163
E09000011,Greenwich,2024Q3,668.0,676.0,valid,-0.011887212784046142
E09000011,Greenwich,2024Q4,638.0,668.0,valid,-0.045879605750694274
E09000011,Greenwich,2025Q1,665.0,638.0,test,0.04138521616285473
E09000011,Greenwich,2025Q2,673.0,665.0,test,0.01194044037191766
E09000011,Greenwich,2025Q3,613.0,673.0,test,-0.09323518276516474
E09000012,Hackney,2019Q4,615.0,647.0,train,-0.050643732818755005
E09000012,Hackney,2020Q1,519.0,615.0,train,-0.16941815195804644
E09000012,Hackney,2020Q2,582.0,519.0,train,0.1143583747750192
E09000012,Hackney,2020Q3,539.0,582.0,train,-0.07661804679217177
E09000012,Hackney,2020Q4,529.0,539.0,train,-0.018692133012153
E09000012,Hackney,2021Q1,577.0,529.0,train,0.0866968621262103
E09000012,Hackney,2021Q2,468.0,577.0,train,-0.20897110022609855
E09000012,Hackney,2021Q3,551.0,468.0,train,0.1629452778308158
E09000012,Hackney,2021Q4,498.0,551.0,train,-0.1009419505255762
E09000012,Hackney,2022Q1,546.0,498.0,train,0.09184270667046235
E09000012,Hackney,2022Q2,645.0,546.0,train,0.1663507013606207
E09000012,Hackney,2022Q3,584.0,645.0,train,-0.09918765655074502
E09000012,Hackney,2022Q4,492.0,584.0,train,-0.17110267318916694
E09000012,Hackney,2023Q1,641.0,492.0,train,0.2640791296472713
E09000012,Hackney,2023Q2,599.0,641.0,train,-0.06765864847381486
E09000012,Hackney,2023Q3,667.0,599.0,train,0.10735851832049903
E09000012,Hackney,2023Q4,745.0,667.0,train,0.11043742666711509
E09000012,Hackney,2024Q1,734.0,745.0,valid,-0.014855100990923908
E09000012,Hackney,2024Q2,757.0,734.0,valid,0.03081288642953517
E09000012,Hackney,2024Q3,680.0,757.0,valid,-0.10712107949285965
E09000012,Hackney,2024Q4,711.0,680.0,valid,0.04451560526246379
E09000012,Hackney,2025Q1,722.0,711.0,test,0.015331310746788951
E09000012,Hackney,2025Q2,620.0,722.0,test,-0.15207814022528598
E09000012,Hackney,2025Q3,666.0,620.0,test,0.07145896398214457
E09000013,Hammersmith and Fulham,2019Q4,264.0,317.0,train,-0.1823215567939549
E09000013,Hammersmith and Fulham,2020Q1,279.0,264.0,train,0.055059777183027236
E09000013,Hammersmith and Fulham,2020Q2,262.0,279.0,train,-0.06263557099148453
E09000013,Hammersmith and Fulham,2020Q3,320.0,262.0,train,0.19928709095225106
E09000013,Hammersmith and Fulham,2020Q4,269.0,320.0,train,-0.17301916413164076
E09000013,Hammersmith and Fulham,2021Q1,227.0,269.0,train,-0.16907633004393396
E09000013,Hammersmith and Fulham,2021Q2,279.0,227.0,train,0.2054439742148082
E09000013,Hammersmith and Fulham,2021Q3,273.0,279.0,train,-0.02166149678117879
E09000013,Hammersmith and Fulham,2021Q4,244.0,273.0,train,-0.11186989584334306
E09000013,Hammersmith and Fulham,2022Q1,247.0,244.0,train,0.012170535620255052
E09000013,Hammersmith and Fulham,2022Q2,257.0,247.0,train,0.03953083875663488
E09000013,Hammersmith and Fulham,2022Q3,270.0,257.0,train,0.04915923595808369
E09000013,Hammersmith and Fulham,2022Q4,273.0,270.0,train,0.011009285508369437
E09000013,Hammersmith and Fulham,2023Q1,259.0,273.0,train,-0.05244647537254288
E09000013,Hammersmith and Fulham,2023Q2,352.0,259.0,train,0.30578642591776894
E09000013,Hammersmith and Fulham,2023Q3,308.0,352.0,train,-0.13312678003555067
E09000013,Hammersmith and Fulham,2023Q4,305.0,308.0,train,-0.009756174945365181
E09000013,Hammersmith and Fulham,2024Q1,385.0,305.0,valid,0.23225226751245032
E09000013,Hammersmith and Fulham,2024Q2,278.0,385.0,valid,-0.3246255876434656
E09000013,Hammersmith and Fulham,2024Q3,334.0,278.0,valid,0.18291875000370084
E09000013,Hammersmith and Fulham,2024Q4,236.0,334.0,valid,-0.3460703906899347
E09000013,Hammersmith and Fulham,2025Q1,277.0,236.0,test,0.1595609725555054
E09000013,Hammersmith and Fulham,2025Q2,298.0,277.0,test,0.07282245970004997
E09000013,Hammersmith and Fulham,2025Q3,406.0,298.0,test,0.3083696120519077
E09000014,Haringey,2019Q4,960.0,910.0,train,0.053431511710334334
E09000014,Haringey,2020Q1,1020.0,960.0,train,0.06056340919437275
E09000014,Haringey,2020Q2,905.0,1020.0,train,-0.11949851212168561
E09000014,Haringey,2020Q3,830.0,905.0,train,-0.08640951118753115
E09000014,Haringey,2020Q4,820.0,830.0,train,-0.012106685403020734
E09000014,Haringey,2021Q1,879.0,820.0,train,0.06939879801982407
E09000014,Haringey,2021Q4,532.0,540.0,train,-0.014897854680636868
E09000014,Haringey,2022Q1,586.0,532.0,train,0.09650339566225252
E09000014,Haringey,2022Q2,584.0,586.0,train,-0.0034129725962399604
E09000014,Haringey,2022Q3,502.0,584.0,train,-0.15102167713211756
E09000014,Haringey,2022Q4,632.0,502.0,train,0.22988025204443652
E09000014,Haringey,2023Q1,652.0,632.0,train,0.031106707132255274
E09000014,Haringey,2023Q2,847.0,652.0,train,0.2613035065154721
E09000014,Haringey,2023Q3,894.0,847.0,train,0.05394308248295232
E09000014,Haringey,2023Q4,919.0,894.0,train,0.02754995176823094
E09000014,Haringey,2024Q1,932.0,919.0,valid,0.014031530804257564
E09000014,Haringey,2024Q2,993.0,932.0,valid,0.06333200580923037
E09000014,Haringey,2024Q3,865.0,993.0,valid,-0.13785229809413924
E09000014,Haringey,2024Q4,777.0,865.0,valid,-0.10715838438404379
E09000014,Haringey,2025Q1,736.0,777.0,test,-0.054138631989054886
E09000014,Haringey,2025Q2,852.0,736.0,test,0.14617165530234288
E09000014,Haringey,2025Q3,695.0,852.0,test,-0.20340988715725938
E09000015,Harrow,2019Q4,212.0,196.0,train,0.07808843697143697
E09000015,Harrow,2020Q1,209.0,212.0,train,-0.01418463499195699
E09000015,Harrow,2020Q2,185.0,209.0,train,-0.1213608570042668
E09000015,Harrow,2020Q3,167.0,185.0,train,-0.10178269430994291
E09000015,Harrow,2020Q4,149.0,167.0,train,-0.11332868530700324
E09000015,Harrow,2021Q1,181.0,149.0,train,0.19337139298053962
E09000015,Harrow,2021Q2,249.0,181.0,train,0.3174542307854509
E09000015,Harrow,2021Q3,183.0,249.0,train,-0.30652516025326015
E09000015,Harrow,2021Q4,147.0,183.0,train,-0.21772348384487117
E09000015,Harrow,2022Q1,169.0,147.0,train,0.13858616328614737
E09000015,Harrow,2022Q2,216.0,169.0,train,0.24409891649019766
E09000015,Harrow,2022Q3,265.0,216.0,train,0.2035989552412394
E09000015,Harrow,2022Q4,259.0,265.0,train,-0.02281467776617152
E09000015,Harrow,2023Q1,300.0,259.0,train,0.1464286337333478
E09000015,Harrow,2023Q2,233.0,300.0,train,-0.2517891493911737
E09000015,Harrow,2023Q3,276.0,233.0,train,0.16869639082963683
E09000015,Harrow,2023Q4,340.0,276.0,train,0.2078649710961784
E09000015,Harrow,2024Q1,285.0,340.0,valid,-0.17589066646366458
E09000015,Harrow,2024Q2,327.0,285.0,valid,0.13702179756429178
E09000015,Harrow,2024Q3,399.0,327.0,valid,0.19845093872383757
E09000015,Harrow,2024Q4,376.0,399.0,valid,-0.05921935965997083
E09000015,Harrow,2025Q1,292.0,376.0,test,-0.2520725784309432
E09000015,Harrow,2025Q2,287.0,292.0,test,-0.017212128881121558
E09000015,Harrow,2025Q3,308.0,287.0,test,0.07038079676179976
E09000016,Havering,2019Q4,407.0,443.0,train,-0.08455738802806323
E09000016,Havering,2020Q1,399.0,407.0,train,-0.019802627296179764
E09000016,Havering,2020Q2,338.0,399.0,train,-0.16546443972753178
E09000016,Havering,2020Q3,441.0,338.0,train,0.2653097746972479
E09000016,Havering,2020Q4,549.0,441.0,train,0.21860839614881833
E09000016,Havering,2021Q1,512.0,549.0,train,-0.0696424330557468
E09000016,Havering,2021Q2,546.0,512.0,train,0.06417295725121175
E09000016,Havering,2021Q3,564.0,546.0,train,0.032376928724460186
E09000016,Havering,2021Q4,478.0,564.0,train,-0.1651251337355264
E09000016,Havering,2022Q1,544.0,478.0,train,0.12908519725232903
E09000016,Havering,2022Q2,576.0,544.0,train,0.05705647184485585
E09000016,Havering,2022Q3,603.0,576.0,train,0.04573193142671528
E09000016,Havering,2022Q4,488.0,603.0,train,-0.21121170845994275
E09000016,Havering,2023Q1,460.0,488.0,train,-0.05896444647822374
E09000016,Havering,2023Q2,479.0,460.0,train,0.040388060905288015
E09000016,Havering,2023Q3,531.0,479.0,train,0.1028573854397079
E09000016,Havering,2023Q4,387.0,531.0,train,-0.3156381497183709
E09000016,Havering,2024Q1,501.0,387.0,valid,0.25759478006845526
E09000016,Havering,2024Q2,521.0,501.0,valid,0.039067468190910226
E09000016,Havering,2024Q3,594.0,521.0,valid,0.13089381766299102
E09000016,Havering,2024Q4,542.0,594.0,valid,-0.09145208561169493
E09000016,Havering,2025Q1,628.0,542.0,test,0.14702193676650577
E09000016,Havering,2025Q2,609.0,628.0,test,-0.030672299533083702
E09000016,Havering,2025Q3,681.0,609.0,test,0.11157070067610508
E09000017,Hillingdon,2019Q4,517.0,411.0,train,0.2289518929099561
E09000017,Hillingdon,2020Q1,619.0,517.0,train,0.17974423577965482
E09000017,Hillingdon,2020Q2,469.0,619.0,train,-0.27698678333503324
E09000017,Hillingdon,2020Q3,442.0,469.0,train,-0.05916292465896866
E09000017,Hillingdon,2020Q4,404.0,442.0,train,-0.08968270293859693
E09000017,Hillingdon,2021Q1,439.0,404.0,train,0.08288765980576773
E09000017,Hillingdon,2021Q2,336.0,439.0,train,-0.2666917965599449
E09000017,Hillingdon,2021Q3,423.0,336.0,train,0.22965052487959614
E09000017,Hillingdon,2021Q4,421.0,423.0,train,-0.004728141195945668
E09000017,Hillingdon,2022Q1,491.0,421.0,train,0.15347340245629582
E09000017,Hillingdon,2022Q2,566.0,491.0,train,0.14188058723544383
E09000017,Hillingdon,2022Q3,538.0,566.0,train,-0.05064373281875412
E09000017,Hillingdon,2022Q4,516.0,538.0,train,-0.041672696400568476
E09000017,Hillingdon,2023Q1,569.0,516.0,train,0.09759348632016707
E09000017,Hillingdon,2023Q2,470.0,569.0,train,-0.19077826681217847
E09000017,Hillingdon,2023Q3,681.0,470.0,train,0.37017156382704464
E09000017,Hillingdon,2023Q4,786.0,681.0,train,0.1431985905739408
E09000017,Hillingdon,2024Q1,634.0,786.0,valid,-0.21460324952471144
E09000017,Hillingdon,2024Q2,402.0,634.0,valid,-0.45468843694600913
E09000017,Hillingdon,2024Q3,435.0,402.0,valid,0.07870568140235168
E09000017,Hillingdon,2024Q4,692.0,435.0,valid,0.463387755840869
E09000017,Hillingdon,2025Q1,640.0,692.0,test,-0.07800054226923336
E09000017,Hillingdon,2025Q2,556.0,640.0,test,-0.14046421699338563
E09000017,Hillingdon,2025Q3,527.0,556.0,test,-0.05346895622102288
E09000018,Hounslow,2023Q4,1023.0,183.0,train,1.7165360479904672
E09000018,Hounslow,2024Q1,787.0,1023.0,valid,-0.2619737157415738
E09000018,Hounslow,2024Q2,551.0,787.0,valid,-0.3559500435807843
E09000018,Hounslow,2024Q3,586.0,551.0,valid,0.061476773551001784
E09000018,Hounslow,2024Q4,659.0,586.0,valid,0.11721501519237432
E09000018,Hounslow,2025Q1,646.0,659.0,test,-0.019893540519570152
E09000018,Hounslow,2025Q2,554.0,646.0,test,-0.15337818075446652
E09000018,Hounslow,2025Q3,621.0,554.0,test,0.11397197899274492
E09000019,Islington,2019Q4,344.0,329.0,train,0.0444517625708345
E09000019,Islington,2020Q1,391.0,344.0,train,0.12771742275910203
E09000019,Islington,2020Q2,489.0,391.0,train,0.2231435513142097
E09000019,Islington,2020Q3,457.0,489.0,train,-0.06753620699048657
E09000019,Islington,2020Q4,408.0,457.0,train,-0.1131540280713832
E09000019,Islington,2021Q1,413.0,408.0,train,0.012150817782512036
E09000019,Islington,2021Q2,452.0,413.0,train,0.0900261516577201
E09000019,Islington,2021Q3,541.0,452.0,train,0.17937387595661214
E09000019,Islington,2021Q4,397.0,541.0,train,-0.30881399615520877
E09000019,Islington,2022Q1,496.0,397.0,train,0.22213802081219125
E09000019,Islington,2022Q2,610.0,496.0,train,0.2065069330749667
E09000019,Islington,2022Q3,684.0,610.0,train,0.11432187909062996
E09000019,Islington,2022Q4,613.0,684.0,train,-0.10942391011508334
E09000019,Islington,2023Q1,627.0,613.0,train,0.02254523832105626
E09000019,Islington,2023Q2,525.0,627.0,train,-0.17723895373048837
E09000019,Islington,2023Q3,540.0,525.0,train,0.02811806610877099
E09000019,Islington,2023Q4,871.0,540.0,train,0.47737014506249853
E09000019,Islington,2024Q1,756.0,871.0,valid,-0.14142617047153117
E09000019,Islington,2024Q2,951.0,756.0,valid,0.22920178135391645
E09000019,Islington,2024Q3,807.0,951.0,valid,-0.16400297627026994
E09000019,Islington,2024Q4,649.0,807.0,valid,-0.21758969563141228
E09000019,Islington,2025Q1,673.0,649.0,test,0.03625774802262427
E09000019,Islington,2025Q2,598.0,673.0,test,-0.11796851279685772
E09000019,Islington,2025Q3,742.0,598.0,test,0.21543444660230993
E09000020,Kensington and Chelsea,2019Q4,238.0,284.0,train,-0.17602562833713975
E09000020,Kensington and Chelsea,2020Q1,286.0,238.0,train,0.18301866382811038
E09000020,Kensington and Chelsea,2020Q2,241.0,286.0,train,-0.17054448960293467
E09000020,Kensington and Chelsea,2020Q3,275.0,241.0,train,0.13146313956046285
E09000020,Kensington and Chelsea,2020Q4,242.0,275.0,train,-0.12733942237660134
E09000020,Kensington and Chelsea,2021Q1,326.0,242.0,train,0.2968987275567052
E09000020,Kensington and Chelsea,2021Q2,282.0,326.0,train,-0.14451327325401575
E09000020,Kensington and Chelsea,2021Q3,291.0,282.0,train,0.03130690462504404
E09000020,Kensington and Chelsea,2021Q4,224.0,291.0,train,-0.2606534000638616
E09000020,Kensington and Chelsea,2022Q1,382.0,224.0,train,0.5319345869762255
E09000020,Kensington and Chelsea,2022Q2,266.0,382.0,train,-0.360786330780396
E09000020,Kensington and Chelsea,2022Q3,328.0,266.0,train,0.20880909236512224
E09000020,Kensington and Chelsea,2022Q4,332.0,328.0,train,0.012084739215072027
E09000020,Kensington and Chelsea,2023Q1,381.0,332.0,train,0.13727811862613137
E09000020,Kensington and Chelsea,2023Q2,324.0,381.0,train,-0.16159542627683798
E09000020,Kensington and Chelsea,2023Q3,246.0,324.0,train,-0.27443684570175986
E09000020,Kensington and Chelsea,2023Q4,282.0,246.0,train,0.13605856101526026
E09000020,Kensington and Chelsea,2024Q1,274.0,282.0,valid,-0.028675799976666028
E09000020,Kensington and Chelsea,2024Q2,373.0,274.0,valid,0.30748469974796055
E09000020,Kensington and Chelsea,2024Q3,394.0,373.0,valid,0.05462996748658977
E09000020,Kensington and Chelsea,2024Q4,343.0,394.0,valid,-0.13824410752772387
E09000020,Kensington and Chelsea,2025Q1,376.0,343.0,test,0.09160353007461275
E09000020,Kensington and Chelsea,2025Q2,379.0,376.0,test,0.00792606527242068
E09000020,Kensington and Chelsea,2025Q3,319.0,379.0,test,-0.17185025692665956
E09000021,Kingston upon Thames,2020Q2,134.0,116.0,train,0.14310084364067333
E09000021,Kingston upon Thames,2020Q3,122.0,134.0,train,-0.09309042306601256
E09000021,Kingston upon Thames,2020Q4,101.0,122.0,train,-0.1872115420881464
E09000021,Kingston upon Thames,2021Q1,93.0,101.0,train,-0.08167803101426685
E09000021,Kingston upon Thames,2021Q2,88.0,93.0,train,-0.05465841253786419
E09000021,Kingston upon Thames,2021Q3,84.0,88.0,train,-0.04598511324182297
E09000021,Kingston upon Thames,2021Q4,90.0,84.0,train,0.06820825002653308
E09000021,Kingston upon Thames,2022Q1,87.0,90.0,train,-0.03352269203864289
E09000021,Kingston upon Thames,2022Q2,84.0,87.0,train,-0.03468555798789019
E09000021,Kingston upon Thames,2022Q3,100.0,84.0,train,0.172469260350943
E09000021,Kingston upon Thames,2022Q4,88.0,100.0,train,-0.12648414710912004
E09000021,Kingston upon Thames,2023Q1,102.0,88.0,train,0.14609261849749622
E09000021,Kingston upon Thames,2023Q2,111.0,102.0,train,0.0837698830654583
E09000021,Kingston upon Thames,2023Q3,74.0,111.0,train,-0.40101075775878403
E09000021,Kingston upon Thames,2023Q4,44.0,74.0,train,-0.5108256237659905
E09000021,Kingston upon Thames,2024Q1,43.0,44.0,valid,-0.022472855852058604
E09000021,Kingston upon Thames,2024Q2,84.0,43.0,valid,0.6584616225720556
E09000021,Kingston upon Thames,2024Q3,84.0,84.0,valid,0.0
E09000021,Kingston upon Thames,2024Q4,91.0,84.0,valid,0.0791373205587238
E09000021,Kingston upon Thames,2025Q3,107.0,137.0,test,-0.24512245803298516
E09000022,Lambeth,2019Q4,565.0,664.0,train,-0.16119296245267112
E09000022,Lambeth,2020Q1,687.0,565.0,train,0.19519475973016043
E09000022,Lambeth,2020Q2,879.0,687.0,train,0.24613306953890834
E09000022,Lambeth,2020Q3,800.0,879.0,train,-0.09406096040389222
E09000022,Lambeth,2020Q4,790.0,800.0,train,-0.01256297930070538
E09000022,Lambeth,2021Q1,781.0,790.0,train,-0.011443227222343033
E09000022,Lambeth,2021Q2,798.0,781.0,train,0.02150620522096336
E09000022,Lambeth,2021Q3,756.0,798.0,train,-0.05399769232882612
E09000022,Lambeth,2021Q4,864.0,756.0,train,0.13336625349443043
E09000022,Lambeth,2022Q1,817.0,864.0,train,-0.05586717032913224
E09000022,Lambeth,2022Q2,778.0,817.0,train,-0.048851290731998454
E09000022,Lambeth,2022Q3,798.0,778.0,train,0.025349899895526384
E09000022,Lambeth,2022Q4,788.0,798.0,train,-0.012594624920400754
E09000022,Lambeth,2023Q1,951.0,788.0,train,0.18779871394549108
E09000022,Lambeth,2023Q2,891.0,951.0,train,-0.06509890221135528
E09000022,Lambeth,2023Q3,1021.0,891.0,train,0.13605063818364016
E09000022,Lambeth,2023Q4,920.0,1021.0,train,-0.10405673450834296
E09000022,Lambeth,2024Q1,1063.0,920.0,valid,0.14433063364628307
E09000022,Lambeth,2024Q2,1026.0,1063.0,valid,-0.035393459973032115
E09000022,Lambeth,2024Q3,995.0,1026.0,valid,-0.03064995234395962
E09000022,Lambeth,2024Q4,997.0,995.0,valid,0.00200601872686601
E09000022,Lambeth,2025Q1,877.0,997.0,test,-0.12810668267634728
E09000022,Lambeth,2025Q2,704.0,877.0,test,-0.21944879082284796
E09000022,Lambeth,2025Q3,692.0,704.0,test,-0.017167803622365696
E09000023,Lewisham,2019Q4,645.0,669.0,train,-0.0364782086024098
E09000023,Lewisham,2020Q1,677.0,645.0,train,0.048347784157793505
E09000023,Lewisham,2020Q2,661.0,677.0,train,-0.023881732003387057
E09000023,Lewisham,2020Q3,679.0,661.0,train,0.0268272422331437
E09000023,Lewisham,2020Q4,758.0,679.0,train,0.10990897922547838
E09000023,Lewisham,2021Q1,630.0,758.0,train,-0.1846959148544176
E09000023,Lewisham,2021Q2,646.0,630.0,train,0.025040431959688192
E09000023,Lewisham,2021Q3,538.0,646.0,train,-0.18263072359190335
E09000023,Lewisham,2021Q4,470.0,538.0,train,-0.13485747689257988
E09000023,Lewisham,2022Q1,728.0,470.0,train,0.43681563799224055
E09000023,Lewisham,2022Q2,700.0,728.0,train,-0.039165844974068165
E09000023,Lewisham,2022Q3,719.0,700.0,train,0.02674332497551113
E09000023,Lewisham,2022Q4,655.0,719.0,train,-0.09309042306601256
E09000023,Lewisham,2023Q1,547.0,655.0,train,-0.17988550199607278
E09000023,Lewisham,2023Q2,582.0,547.0,train,0.06191189940247632
E09000023,Lewisham,2023Q3,603.0,582.0,train,0.03538701158432289
E09000023,Lewisham,2023Q4,598.0,603.0,train,-0.008312599819365829
E09000023,Lewisham,2024Q1,629.0,598.0,valid,0.05045822127012922
E09000023,Lewisham,2024Q2,619.0,629.0,valid,-0.016000341346440905
E09000023,Lewisham,2024Q3,707.0,619.0,valid,0.13272461565458205
E09000023,Lewisham,2025Q2,647.0,611.0,test,0.05715841383994835
E09000024,Merton,2019Q4,208.0,226.0,train,-0.082615765516592
E09000024,Merton,2020Q1,199.0,208.0,train,-0.04401688541677462
E09000024,Merton,2020Q2,115.0,199.0,train,-0.5447271754416718
E09000024,Merton,2020Q3,162.0,115.0,train,0.34016000970039784
E09000024,Merton,2020Q4,140.0,162.0,train,-0.1449903104285939
E09000024,Merton,2021Q1,150.0,140.0,train,0.06851994643675585
E09000024,Merton,2021Q2,161.0,150.0,train,0.07031649841745935
E09000024,Merton,2021Q3,171.0,161.0,train,0.0598981415810691
E09000024,Merton,2021Q4,138.0,171.0,train,-0.21302054368276124
E09000024,Merton,2022Q1,152.0,138.0,train,0.0959639882617438
E09000024,Merton,2022Q2,158.0,152.0,train,0.03846628082779624
E09000024,Merton,2022Q3,159.0,158.0,train,0.006269613013595077
E09000024,Merton,2022Q4,186.0,159.0,train,0.15593480162076023
E09000024,Merton,2023Q1,230.0,186.0,train,0.2113090936672064
E09000024,Merton,2023Q2,214.0,230.0,train,-0.0717796823941308
E09000024,Merton,2023Q3,232.0,214.0,train,0.08040042543803771
E09000024,Merton,2023Q4,177.0,232.0,train,-0.2692549032736151
E09000024,Merton,2024Q1,232.0,177.0,valid,0.2692549032736151
E09000024,Merton,2024Q2,189.0,232.0,valid,-0.204014381405214
E09000024,Merton,2024Q3,231.0,189.0,valid,0.19971329950582373
E09000024,Merton,2024Q4,257.0,231.0,valid,0.10622221325530745
E09000024,Merton,2025Q1,385.0,257.0,test,0.40287778454321366
E09000024,Merton,2025Q2,248.0,385.0,test,-0.4383844730001236
E09000024,Merton,2025Q3,236.0,248.0,test,-0.04939275532957588
E09000025,Newham,2019Q4,389.0,457.0,train,-0.16072244499049315
E09000025,Newham,2020Q1,401.0,389.0,train,0.030305349495328926
E09000025,Newham,2020Q2,465.0,401.0,train,0.14773354550662443
E09000025,Newham,2021Q1,443.0,467.0,train,-0.052643733485422395
E09000025,Newham,2021Q2,480.0,443.0,train,0.08004270767353638
E09000025,Newham,2021Q3,408.0,480.0,train,-0.16215211406295893
E09000025,Newham,2021Q4,516.0,408.0,train,0.23432771846562694
E09000025,Newham,2022Q1,482.0,516.0,train,-0.06802622085585686
E09000025,Newham,2022Q2,493.0,482.0,train,0.022518863535350597
E09000025,Newham,2022Q3,476.0,493.0,train,-0.03501902629958131
E09000025,Newham,2023Q2,594.0,617.0,train,-0.03792705191206025
E09000025,Newham,2023Q3,674.0,594.0,train,0.1261512853269
E09000025,Newham,2023Q4,791.0,674.0,train,0.15984870094189585
E09000025,Newham,2024Q1,888.0,791.0,valid,0.11553584369947867
E09000025,Newham,2024Q2,919.0,888.0,valid,0.03427643452918172
E09000025,Newham,2024Q3,901.0,919.0,valid,-0.019759149980462354
E09000025,Newham,2024Q4,1016.0,901.0,valid,0.11999787598593592
E09000025,Newham,2025Q1,1507.0,1016.0,test,0.39392715251934174
E09000025,Newham,2025Q2,1050.0,1507.0,test,-0.36104217769095026
E09000025,Newham,2025Q3,805.0,1050.0,test,-0.26541362837032345
E09000026,Redbridge,2020Q4,212.0,265.0,train,-0.22220414307227365
E09000026,Redbridge,2021Q1,227.0,212.0,train,0.0680534632450156
E09000026,Redbridge,2021Q2,170.0,227.0,train,-0.2876820724517808
E09000026,Redbridge,2021Q3,223.0,170.0,train,0.2699824953523793
E09000026,Redbridge,2021Q4,267.0,223.0,train,0.17934092865581697
E09000026,Redbridge,2022Q1,279.0,267.0,train,0.04380262265839274
E09000026,Redbridge,2022Q2,297.0,279.0,train,0.06230388333615533
E09000026,Redbridge,2022Q3,357.0,297.0,train,0.18343949989529573
E09000026,Redbridge,2022Q4,291.0,357.0,train,-0.20377918413241858
E09000026,Redbridge,2023Q1,274.0,291.0,train,-0.05998270460171007
E09000026,Redbridge,2023Q2,327.0,274.0,train,0.17624251071757246
E09000026,Redbridge,2023Q3,473.0,327.0,train,0.36819371331093276
E09000026,Redbridge,2023Q4,432.0,473.0,train,-0.09046959369258722
E09000026,Redbridge,2024Q1,631.0,432.0,valid,0.378151666144368
E09000026,Redbridge,2024Q2,641.0,631.0,valid,0.01569890954310349
E09000026,Redbridge,2024Q3,607.0,641.0,valid,-0.05441342172379393
E09000026,Redbridge,2024Q4,538.0,607.0,valid,-0.12045931105716967
E09000026,Redbridge,2025Q1,423.0,538.0,test,-0.23998211567703986
E09000026,Redbridge,2025Q2,454.0,423.0,test,0.07056396371899254
E09000026,Redbridge,2025Q3,493.0,454.0,test,0.08223809823697259
E09000027,Richmond upon Thames,2020Q2,60.0,73.0,train,-0.19319122903085884
E09000027,Richmond upon Thames,2020Q3,75.0,60.0,train,0.2198594761130197
E09000027,Richmond upon Thames,2020Q4,67.0,75.0,train,-0.1112256351102241
E09000027,Richmond upon Thames,2021Q1,98.0,67.0,train,0.37561214495848283
E09000027,Richmond upon Thames,2021Q2,113.0,98.0,train,0.14107859825990587
E09000027,Richmond upon Thames,2021Q3,96.0,113.0,train,-0.16148746989111284
E09000027,Richmond upon Thames,2021Q4,79.0,96.0,train,-0.19268434382950161
E09000027,Richmond upon Thames,2022Q1,104.0,79.0,train,0.27193371548364187
E09000027,Richmond upon Thames,2022Q2,124.0,104.0,train,0.17435338714477844
E09000027,Richmond upon Thames,2022Q3,175.0,124.0,train,0.34217025773584986
E09000027,Richmond upon Thames,2022Q4,164.0,175.0,train,-0.06453852113757108
E09000027,Richmond upon Thames,2023Q1,142.0,164.0,train,-0.14310084364067333
E09000027,Richmond upon Thames,2023Q2,310.0,142.0,train,0.776948281919327
E09000027,Richmond upon Thames,2023Q3,282.0,310.0,train,-0.09434601453599623
E09000027,Richmond upon Thames,2023Q4,278.0,282.0,train,-0.014235115821872313
E09000027,Richmond upon Thames,2024Q1,324.0,278.0,valid,0.1526134005083719
E09000027,Richmond upon Thames,2024Q2,307.0,324.0,valid,-0.05372539935616327
E09000027,Richmond upon Thames,2024Q3,326.0,307.0,valid,0.059860387923679426
E09000027,Richmond upon Thames,2024Q4,415.0,326.0,valid,0.24072508936400983
E09000027,Richmond upon Thames,2025Q1,356.0,415.0,test,-0.15294947848162455
E09000027,Richmond upon Thames,2025Q2,398.0,356.0,test,0.11122563511022499
E09000027,Richmond upon Thames,2025Q3,355.0,398.0,test,-0.11403068603783328
E09000028,Southwark,2019Q4,807.0,716.0,train,0.11948621792147485
E09000028,Southwark,2020Q1,705.0,807.0,train,-0.13494682102785305
E09000028,Southwark,2020Q2,808.0,705.0,train,0.13618367956524935
E09000028,Southwark,2020Q3,1039.0,808.0,train,0.2511770750769271
E09000028,Southwark,2020Q4,886.0,1039.0,train,-0.15913100982583916
E09000028,Southwark,2021Q1,948.0,886.0,train,0.06756381630034891
E09000028,Southwark,2021Q2,876.0,948.0,train,-0.07890180623774512
E09000028,Southwark,2021Q3,801.0,876.0,train,-0.08939838450566828
E09000028,Southwark,2021Q4,783.0,801.0,train,-0.022699587516107123
E09000028,Southwark,2022Q1,743.0,783.0,train,-0.05236798551731603
E09000028,Southwark,2022Q2,806.0,743.0,train,0.08128263343685749
E09000028,Southwark,2022Q3,797.0,806.0,train,-0.01121507082013995
E09000028,Southwark,2022Q4,604.0,797.0,train,-0.2768801394189673
E09000028,Southwark,2023Q1,728.0,604.0,train,0.1864452739778164
E09000028,Southwark,2023Q2,950.0,728.0,train,0.26584033053673206
E09000028,Southwark,2023Q3,861.0,950.0,train,-0.0982587918816975
E09000028,Southwark,2023Q4,745.0,861.0,train,-0.14452967045993237
E09000028,Southwark,2024Q1,798.0,745.0,valid,0.06863534556251416
E09000028,Southwark,2024Q2,991.0,798.0,valid,0.21636216151859777
E09000028,Southwark,2025Q1,764.0,808.0,test,-0.055923083231955495
E09000028,Southwark,2025Q2,835.0,764.0,test,0.08875277925816594
E09000028,Southwark,2025Q3,715.0,835.0,test,-0.154948446124056
E09000029,Sutton,2019Q4,263.0,267.0,train,-0.015037877364540542
E09000029,Sutton,2020Q1,252.0,263.0,train,-0.04255961441879563
E09000029,Sutton,2020Q2,257.0,252.0,train,0.019570096194096998
E09000029,Sutton,2020Q3,248.0,257.0,train,-0.03550668845690996
E09000029,Sutton,2020Q4,236.0,248.0,train,-0.04939275532957588
E09000029,Sutton,2021Q1,216.0,236.0,train,-0.08816278759467178
E09000029,Sutton,2021Q2,281.0,216.0,train,0.2620097173976541
E09000029,Sutton,2021Q3,254.0,281.0,train,-0.10064352577968805
E09000029,Sutton,2021Q4,243.0,254.0,train,-0.04409531986522364
E09000029,Sutton,2022Q1,228.0,243.0,train,-0.0634462217389622
E09000029,Sutton,2022Q2,236.0,228.0,train,0.03433813758089155
E09000029,Sutton,2022Q3,252.0,236.0,train,0.06532934759238884
E09000029,Sutton,2022Q4,243.0,252.0,train,-0.036221263434318196
E09000029,Sutton,2023Q1,277.0,243.0,train,0.13045288839743474
E09000029,Sutton,2023Q2,220.0,277.0,train,-0.22945841217288443
E09000029,Sutton,2023Q3,289.0,220.0,train,0.27171822146276714
E09000029,Sutton,2023Q4,307.0,289.0,train,0.06021885999305443
E09000029,Sutton,2024Q1,290.0,307.0,valid,-0.05677651580208121
E09000029,Sutton,2024Q2,288.0,290.0,valid,-0.0068965790590604925
E09000029,Sutton,2024Q3,291.0,288.0,valid,0.010327114155849415
E09000029,Sutton,2024Q4,256.0,291.0,valid,-0.12767771737306166
E09000029,Sutton,2025Q1,274.0,256.0,test,0.06769501277135159
E09000029,Sutton,2025Q2,270.0,274.0,test,-0.014652276786870644
E09000029,Sutton,2025Q3,247.0,270.0,test,-0.08869007471471857
E09000030,Tower Hamlets,2019Q4,481.0,617.0,train,-0.2485443434070902
E09000030,Tower Hamlets,2020Q1,495.0,481.0,train,0.028631812674327684
E09000030,Tower Hamlets,2020Q2,559.0,495.0,train,0.1213608570042668
E09000030,Tower Hamlets,2020Q3,517.0,559.0,train,-0.0779615414697119
E09000030,Tower Hamlets,2020Q4,470.0,517.0,train,-0.09511714824306505
E09000030,Tower Hamlets,2021Q1,495.0,470.0,train,0.05171783270851016
E09000030,Tower Hamlets,2021Q2,571.0,495.0,train,0.1425630646548699
E09000030,Tower Hamlets,2021Q3,573.0,571.0,train,0.003490404939769043
E09000030,Tower Hamlets,2022Q2,513.0,443.0,train,0.14639870302294078
E09000030,Tower Hamlets,2022Q3,611.0,513.0,train,0.1745090170571606
E09000030,Tower Hamlets,2022Q4,617.0,611.0,train,0.009756174945364293
E09000030,Tower Hamlets,2023Q1,720.0,617.0,train,0.15415067982725894
E09000030,Tower Hamlets,2023Q2,723.0,720.0,train,0.004152255100766666
E09000030,Tower Hamlets,2023Q3,772.0,723.0,train,0.06548765620170638
E09000030,Tower Hamlets,2023Q4,824.0,772.0,train,0.06510433774725843
E09000030,Tower Hamlets,2024Q1,876.0,824.0,valid,0.06112360603750222
E09000030,Tower Hamlets,2024Q2,790.0,876.0,valid,-0.10320902460452874
E09000030,Tower Hamlets,2024Q3,747.0,790.0,valid,-0.05589498979317664
E09000030,Tower Hamlets,2024Q4,567.0,747.0,valid,-0.275281559253326
E09000030,Tower Hamlets,2025Q1,537.0,567.0,test,-0.05426285855936719
E09000030,Tower Hamlets,2025Q2,490.0,537.0,test,-0.0914144323672641
E09000030,Tower Hamlets,2025Q3,641.0,490.0,test,0.2681441758954408
E09000031,Waltham Forest,2019Q4,417.0,428.0,train,-0.02597548640326064
E09000031,Waltham Forest,2020Q1,420.0,417.0,train,0.007151401157624804
E09000031,Waltham Forest,2020Q2,488.0,420.0,train,0.1497296557924912
E09000031,Waltham Forest,2020Q3,500.0,488.0,train,0.02424361160999222
E09000031,Waltham Forest,2020Q4,518.0,500.0,train,0.035297782081023854
E09000031,Waltham Forest,2021Q1,443.0,518.0,train,-0.1560793207336637
E09000031,Waltham Forest,2021Q2,451.0,443.0,train,0.01785761740000691
E09000031,Waltham Forest,2021Q3,487.0,451.0,train,0.07663322602091593
E09000031,Waltham Forest,2021Q4,425.0,487.0,train,-0.1358760595837767
E09000031,Waltham Forest,2022Q1,404.0,425.0,train,-0.050552279162832114
E09000031,Waltham Forest,2022Q2,375.0,404.0,train,-0.07429792371664412
E09000031,Waltham Forest,2022Q3,375.0,375.0,train,0.0
E09000031,Waltham Forest,2022Q4,365.0,375.0,train,-0.026955809988528756
E09000031,Waltham Forest,2023Q1,301.0,365.0,train,-0.19220631602649618
E09000031,Waltham Forest,2023Q2,315.0,301.0,train,0.04531519621204261
E09000031,Waltham Forest,2023Q3,433.0,315.0,train,0.31730232051349283
E09000031,Waltham Forest,2023Q4,661.0,433.0,train,0.42222102183660315
E09000031,Waltham Forest,2024Q1,470.0,661.0,valid,-0.34040746192059057
E09000031,Waltham Forest,2024Q2,414.0,470.0,valid,-0.12657957378571982
E09000031,Waltham Forest,2024Q3,475.0,414.0,valid,0.13713933400072253
E09000031,Waltham Forest,2024Q4,461.0,475.0,valid,-0.029852963149681777
E09000031,Waltham Forest,2025Q1,423.0,461.0,test,-0.08583143584978092
E09000031,Waltham Forest,2025Q2,429.0,423.0,test,0.014051753455650129
E09000032,Wandsworth,2020Q4,235.0,254.0,train,-0.07743174013281529
E09000032,Wandsworth,2021Q1,312.0,235.0,train,0.28237138551454244
E09000032,Wandsworth,2021Q2,318.0,312.0,train,0.01898791224469143
E09000032,Wandsworth,2021Q3,367.0,318.0,train,0.1428918353840869
E09000032,Wandsworth,2021Q4,401.0,367.0,train,0.08836915045008986
E09000032,Wandsworth,2022Q1,375.0,401.0,train,-0.0668629452291265
E09000032,Wandsworth,2022Q2,342.0,375.0,train,-0.09185869622395515
E09000032,Wandsworth,2022Q3,376.0,342.0,train,0.09451474028207141
E09000032,Wandsworth,2022Q4,462.0,376.0,train,0.2054818666382232
E09000032,Wandsworth,2023Q1,504.0,462.0,train,0.08683137518912609
E09000032,Wandsworth,2023Q2,669.0,504.0,train,0.28271928310965144
E09000032,Wandsworth,2023Q3,726.0,669.0,train,0.08164876514850761
E09000032,Wandsworth,2023Q4,955.0,726.0,train,0.2738314355178817
E09000032,Wandsworth,2024Q1,914.0,955.0,valid,-0.04383384777587995
E09000032,Wandsworth,2024Q2,991.0,914.0,valid,0.0807990420093514
E09000032,Wandsworth,2024Q3,946.0,991.0,valid,-0.04642401409879415
E09000032,Wandsworth,2024Q4,924.0,946.0,valid,-0.023505355673653305
E09000032,Wandsworth,2025Q1,773.0,924.0,test,-0.17822186392269757
E09000032,Wandsworth,2025Q2,1001.0,773.0,test,0.2581814080550826
E09000032,Wandsworth,2025Q3,1105.0,1001.0,test,0.0987519004374704
E09000033,Westminster,2019Q4,417.0,451.0,train,-0.07820074730747528
E09000033,Westminster,2020Q1,624.0,417.0,train,0.4022702172116448
E09000033,Westminster,2020Q2,414.0,624.0,train,-0.40947312950570325
E09000033,Westminster,2020Q3,490.0,414.0,train,0.16816560756382248
E09000033,Westminster,2020Q4,408.0,490.0,train,-0.1827289717517182
E09000033,Westminster,2021Q1,496.0,408.0,train,0.19487487005382675
E09000033,Westminster,2021Q2,470.0,496.0,train,-0.05373193208021121
E09000033,Westminster,2021Q3,492.0,470.0,train,0.04565108002627216
E09000033,Westminster,2021Q4,372.0,492.0,train,-0.27893075439887394
E09000033,Westminster,2022Q1,436.0,372.0,train,0.158354775451774
E09000033,Westminster,2022Q2,467.0,436.0,train,0.06853510082205716
E09000033,Westminster,2022Q3,549.0,467.0,train,0.1614499823088691
E09000033,Westminster,2022Q4,521.0,549.0,train,-0.05225069034387708
E09000033,Westminster,2023Q1,584.0,521.0,train,0.1139442593492177
E09000033,Westminster,2023Q2,628.0,584.0,train,0.07251940946858415
E09000033,Westminster,2023Q3,606.0,628.0,train,-0.035602465640942604
E09000033,Westminster,2023Q4,777.0,606.0,train,0.24819773311889293
E09000033,Westminster,2024Q1,879.0,777.0,valid,0.1231953832938606
E09000033,Westminster,2024Q2,916.0,879.0,valid,0.04118556478421276
E09000033,Westminster,2024Q3,960.0,916.0,valid,0.04686693671382791
E09000033,Westminster,2024Q4,835.0,960.0,valid,-0.13934579588559082
E09000033,Westminster,2025Q1,943.0,835.0,test,0.12149755306079868
E09000033,Westminster,2025Q2,781.0,943.0,test,-0.18827142560018917
E09000033,Westminster,2025Q3,765.0,781.0,test,-0.02067257080472018
